{"type": "FeatureCollection", "features": [{"type": "Feature", "properties": {"d": 2}, "geometry": {"type": "LineString", "coordinates": [[-88.846558, 48.327344], [-88.846927, 48.327061], [-88.847707, 48.326664], [-88.848059, 48.326225], [-88.848491, 48.326066]]}}, {"type": "Feature", "properties": {"d": 2}, "geometry": {"type": "LineString", "coordinates": [[-88.821422, 48.327451], [-88.821854, 48.327653], [-88.821925, 48.327774], [-88.821883, 48.327917], [-88.821678, 48.327989], [-88.821631, 48.328132], [-88.821378, 48.328347], [-88.820775, 48.328746], [-88.820236, 48.32895], [-88.819422, 48.329421], [-88.818618, 48.329713], [-88.818241, 48.330078], [-88.81754, 48.330441], [-88.81727, 48.330549], [-88.817001, 48.330575], [-88.816623, 48.330468], [-88.8163, 48.330451], [-88.815383, 48.33069], [-88.814143, 48.330904], [-88.813496, 48.330783], [-88.813449, 48.330639], [-88.813604, 48.330449], [-88.814251, 48.330165], [-88.81452, 48.330192], [-88.814574, 48.330066], [-88.81479, 48.330059], [-88.814924, 48.329887], [-88.815761, 48.329616], [-88.816884, 48.329063], [-88.817724, 48.328096], [-88.817971, 48.327921], [-88.818133, 48.327914], [-88.818403, 48.328126], [-88.818565, 48.328111], [-88.81878, 48.328232], [-88.819158, 48.328212], [-88.820128, 48.327875], [-88.820775, 48.327489], [-88.821422, 48.327451]]}}, {"type": "Feature", "properties": {"d": 2}, "geometry": {"type": "LineString", "coordinates": [[-88.78055, 48.327785], [-88.780874, 48.327933], [-88.780982, 48.328124], [-88.781143, 48.328025], [-88.781199, 48.32806], [-88.781174, 48.328526], [-88.78109, 48.328634], [-88.780982, 48.328616], [-88.780886, 48.328419], [-88.780658, 48.328221], [-88.780119, 48.328435], [-88.779795, 48.328403], [-88.779634, 48.328518], [-88.77925, 48.328311], [-88.779418, 48.328087], [-88.779682, 48.328025], [-88.779795, 48.327929], [-88.779957, 48.32794], [-88.780261, 48.32781], [-88.78055, 48.327785]]}}, {"type": "Feature", "properties": {"d": 2}, "geometry": {"type": "LineString", "coordinates": [[-88.844897, 48.328168], [-88.845417, 48.327851], [-88.845594, 48.327836]]}}, {"type": "Feature", "properties": {"d": 2}, "geometry": {"type": "LineString", "coordinates": [[-88.778987, 48.328631], [-88.779134, 48.328669], [-88.779094, 48.32876], [-88.77874, 48.328884], [-88.778394, 48.329134], [-88.7783, 48.329314], [-88.777962, 48.329308], [-88.777784, 48.328956], [-88.778107, 48.328669], [-88.778987, 48.328631]]}}, {"type": "Feature", "properties": {"d": 2}, "geometry": {"type": "LineString", "coordinates": [[-88.842991, 48.329147], [-88.842959, 48.329242], [-88.842829, 48.329265], [-88.842816, 48.329242], [-88.842991, 48.329147]]}}, {"type": "Feature", "properties": {"d": 2}, "geometry": {"type": "LineString", "coordinates": [[-88.841804, 48.329508], [-88.841895, 48.329636], [-88.841804, 48.32977], [-88.840888, 48.330181], [-88.840541, 48.330173], [-88.840834, 48.330076], [-88.84096, 48.329922], [-88.841157, 48.329827], [-88.841481, 48.329762], [-88.841569, 48.3296], [-88.841804, 48.329508]]}}, {"type": "Feature", "properties": {"d": 2}, "geometry": {"type": "LineString", "coordinates": [[-88.774242, 48.330192], [-88.774619, 48.330158], [-88.774781, 48.330199], [-88.775124, 48.330495], [-88.775244, 48.330818], [-88.775101, 48.33114], [-88.774242, 48.331646]]}}, {"type": "Feature", "properties": {"d": 2}, "geometry": {"type": "LineString", "coordinates": [[-88.818403, 48.330813], [-88.81849, 48.330853], [-88.818357, 48.330961], [-88.818383, 48.33114], [-88.818295, 48.331188], [-88.818187, 48.331133], [-88.81815, 48.330961], [-88.818403, 48.330813]]}}, {"type": "Feature", "properties": {"d": 2}, "geometry": {"type": "LineString", "coordinates": [[-88.810584, 48.331637], [-88.810664, 48.331677], [-88.810683, 48.331856], [-88.81053, 48.332063], [-88.810032, 48.33225], [-88.809829, 48.332449], [-88.80956, 48.332455], [-88.809454, 48.332572], [-88.80932, 48.332572], [-88.809545, 48.332107], [-88.810099, 48.331862], [-88.810315, 48.33167], [-88.810584, 48.331637]]}}, {"type": "Feature", "properties": {"d": 2}, "geometry": {"type": "LineString", "coordinates": [[-88.807996, 48.333066], [-88.808053, 48.333145], [-88.807996, 48.333297], [-88.807769, 48.333503], [-88.807403, 48.333682], [-88.806937, 48.333825], [-88.806305, 48.333825], [-88.806378, 48.33368], [-88.807133, 48.333403], [-88.807295, 48.333263], [-88.807996, 48.333066]]}}, {"type": "Feature", "properties": {"d": 2}, "geometry": {"type": "LineString", "coordinates": [[-88.838226, 48.333181], [-88.839378, 48.33265], [-88.841998, 48.330961], [-88.842721, 48.330572], [-88.843025, 48.330281], [-88.844015, 48.329709], [-88.844615, 48.32917], [-88.844748, 48.32892], [-88.844554, 48.328753], [-88.844069, 48.328831], [-88.843951, 48.328777], [-88.844447, 48.328383], [-88.844763, 48.328244]]}}, {"type": "Feature", "properties": {"d": 2}, "geometry": {"type": "LineString", "coordinates": [[-88.836379, 48.333861], [-88.836622, 48.333682], [-88.837159, 48.333467], [-88.83803, 48.333262]]}}, {"type": "Feature", "properties": {"d": 2}, "geometry": {"type": "LineString", "coordinates": [[-88.835552, 48.334219], [-88.835871, 48.334004], [-88.835994, 48.333996]]}}, {"type": "Feature", "properties": {"d": 2}, "geometry": {"type": "LineString", "coordinates": [[-88.834736, 48.334545], [-88.83496, 48.334398], [-88.835451, 48.334248]]}}, {"type": "Feature", "properties": {"d": 2}, "geometry": {"type": "LineString", "coordinates": [[-88.833103, 48.335365], [-88.833447, 48.335035], [-88.833746, 48.334951]]}}, {"type": "Feature", "properties": {"d": 2}, "geometry": {"type": "LineString", "coordinates": [[-88.832451, 48.335723], [-88.833015, 48.335435]]}}, {"type": "Feature", "properties": {"d": 2}, "geometry": {"type": "LineString", "coordinates": [[-88.774242, 48.338319], [-88.774997, 48.338152], [-88.775728, 48.337907], [-88.775739, 48.3378], [-88.775463, 48.337406], [-88.775457, 48.337048], [-88.775739, 48.33669], [-88.775676, 48.336546], [-88.775908, 48.336475], [-88.776543, 48.336009], [-88.776501, 48.335687], [-88.77656, 48.335598], [-88.776884, 48.335711], [-88.777046, 48.335697], [-88.777315, 48.335488], [-88.777908, 48.335375], [-88.778232, 48.335185], [-88.778771, 48.335094], [-88.779094, 48.33512], [-88.779256, 48.334931], [-88.779518, 48.335222], [-88.779213, 48.335616], [-88.778987, 48.336123], [-88.778647, 48.336511], [-88.778491, 48.336904], [-88.778555, 48.337028], [-88.778717, 48.33709], [-88.779148, 48.337063], [-88.779957, 48.336814], [-88.780585, 48.336439], [-88.781629, 48.336031], [-88.781875, 48.335795], [-88.781994, 48.335293], [-88.782168, 48.335028], [-88.782707, 48.334447], [-88.783074, 48.334291], [-88.783192, 48.334132], [-88.784001, 48.333773], [-88.785623, 48.333252], [-88.786482, 48.332822], [-88.786805, 48.332753], [-88.787237, 48.332833], [-88.787506, 48.333014], [-88.788291, 48.332966], [-88.788585, 48.33284], [-88.789232, 48.332739], [-88.789555, 48.332772], [-88.789717, 48.332846], [-88.790478, 48.332894], [-88.790795, 48.332997], [-88.79105, 48.333288], [-88.791435, 48.333503], [-88.792314, 48.333718], [-88.792702, 48.333969], [-88.79279, 48.334242], [-88.793006, 48.334256], [-88.793437, 48.334114], [-88.793869, 48.334129], [-88.794192, 48.334291], [-88.794462, 48.334526], [-88.795109, 48.334486], [-88.795947, 48.334112], [-88.796511, 48.334024], [-88.796888, 48.333839], [-88.796942, 48.333946], [-88.797104, 48.333967], [-88.797266, 48.334195], [-88.798344, 48.334521], [-88.798653, 48.334685], [-88.798776, 48.334876], [-88.798964, 48.334971], [-88.798972, 48.335078], [-88.799172, 48.335293], [-88.799164, 48.335437], [-88.798776, 48.336014], [-88.79845, 48.336332], [-88.797977, 48.336511], [-88.797123, 48.337012], [-88.796944, 48.337441], [-88.797212, 48.337716], [-88.797481, 48.337719], [-88.798722, 48.337307], [-88.799099, 48.337096], [-88.799908, 48.336838], [-88.800528, 48.336511], [-88.801094, 48.336337], [-88.801698, 48.336403], [-88.80159, 48.336582], [-88.8016, 48.337155], [-88.801479, 48.337406], [-88.801526, 48.337508], [-88.801741, 48.337576], [-88.802173, 48.337621], [-88.80282, 48.33745], [-88.803467, 48.337461], [-88.803952, 48.337263], [-88.804545, 48.337389], [-88.805462, 48.33731], [-88.807457, 48.336632], [-88.808709, 48.336045], [-88.809236, 48.335723], [-88.811263, 48.334935], [-88.813226, 48.333702], [-88.817886, 48.33182], [-88.81844, 48.331534], [-88.818457, 48.331259], [-88.818726, 48.331307], [-88.818956, 48.331247], [-88.818883, 48.330925], [-88.819142, 48.330889], [-88.819005, 48.33071], [-88.819265, 48.330485], [-88.819589, 48.330428], [-88.82029, 48.330554], [-88.821045, 48.330338], [-88.823185, 48.329278], [-88.824172, 48.328982], [-88.825035, 48.328563], [-88.825305, 48.328566], [-88.82531, 48.328705], [-88.824981, 48.328952], [-88.824687, 48.329027], [-88.824825, 48.329385], [-88.824366, 48.329887], [-88.824153, 48.330352], [-88.824265, 48.330674], [-88.823772, 48.331355], [-88.824005, 48.331677], [-88.824388, 48.33199], [-88.825035, 48.332055], [-88.825952, 48.332044], [-88.826113, 48.332166], [-88.826814, 48.332356], [-88.826968, 48.332178], [-88.827138, 48.332168], [-88.827461, 48.332437], [-88.827839, 48.332616], [-88.828162, 48.332664], [-88.82854, 48.332596], [-88.828934, 48.333073], [-88.828889, 48.333324], [-88.828963, 48.33361], [-88.829169, 48.33379], [-88.829503, 48.334291], [-88.830264, 48.334935], [-88.830322, 48.335866], [-88.830858, 48.336274], [-88.831236, 48.336382], [-88.831542, 48.336296], [-88.831931, 48.335974], [-88.832399, 48.335738]]}}, {"type": "Feature", "properties": {"d": 4}, "geometry": {"type": "LineString", "coordinates": [[-88.824334, 48.326083], [-88.824349, 48.326163], [-88.824094, 48.326449], [-88.823363, 48.326825], [-88.823148, 48.326789], [-88.823202, 48.326622], [-88.823829, 48.32627], [-88.824334, 48.326083]]}}, {"type": "Feature", "properties": {"d": 4}, "geometry": {"type": "LineString", "coordinates": [[-88.846465, 48.327344], [-88.846873, 48.326995], [-88.847517, 48.326664], [-88.848032, 48.326163], [-88.848329, 48.326101], [-88.848672, 48.325899]]}}, {"type": "Feature", "properties": {"d": 4}, "geometry": {"type": "LineString", "coordinates": [[-88.821584, 48.327342], [-88.821938, 48.327487], [-88.822057, 48.327702], [-88.821975, 48.327953], [-88.821698, 48.328204], [-88.820991, 48.32873], [-88.819481, 48.329511], [-88.818672, 48.329834], [-88.818241, 48.330222], [-88.817702, 48.33049], [-88.81754, 48.330646], [-88.816947, 48.330682], [-88.816569, 48.330641], [-88.815403, 48.330853], [-88.814682, 48.330875], [-88.813981, 48.331118], [-88.813442, 48.331225], [-88.813226, 48.331192], [-88.812978, 48.330997], [-88.813388, 48.330427], [-88.814405, 48.330066], [-88.816762, 48.328956], [-88.817378, 48.328254], [-88.817971, 48.327843], [-88.81817, 48.327846], [-88.818457, 48.327987], [-88.819104, 48.328005], [-88.820217, 48.327702], [-88.820775, 48.327427], [-88.821368, 48.327316], [-88.821584, 48.327342]]}}, {"type": "Feature", "properties": {"d": 4}, "geometry": {"type": "LineString", "coordinates": [[-88.780604, 48.327702], [-88.781143, 48.327785], [-88.781408, 48.327989], [-88.781413, 48.328189], [-88.781279, 48.328347], [-88.781305, 48.32849], [-88.781143, 48.328772], [-88.780786, 48.328848], [-88.780692, 48.328669], [-88.780604, 48.328654], [-88.780335, 48.328875], [-88.779418, 48.328877], [-88.778178, 48.329663], [-88.777746, 48.329643], [-88.777488, 48.329564], [-88.777423, 48.328932], [-88.777046, 48.328967], [-88.777019, 48.32892], [-88.777477, 48.328528], [-88.77834, 48.32809], [-88.778445, 48.328096], [-88.778456, 48.328168], [-88.77832, 48.328383], [-88.778447, 48.328446], [-88.778886, 48.328275], [-88.77935, 48.327881], [-88.779957, 48.32775], [-88.780604, 48.327702]]}}, {"type": "Feature", "properties": {"d": 4}, "geometry": {"type": "LineString", "coordinates": [[-88.841858, 48.329456], [-88.842016, 48.329493], [-88.842062, 48.329564], [-88.841897, 48.329815], [-88.841259, 48.33003], [-88.840888, 48.330227], [-88.840321, 48.330316], [-88.84051, 48.330115], [-88.840832, 48.33003], [-88.840942, 48.329862], [-88.841427, 48.329752], [-88.841535, 48.329576], [-88.841697, 48.329473], [-88.841858, 48.329456]]}}, {"type": "Feature", "properties": {"d": 4}, "geometry": {"type": "LineString", "coordinates": [[-88.774242, 48.330027], [-88.774781, 48.330086], [-88.775428, 48.330371], [-88.775859, 48.330336], [-88.776615, 48.330495], [-88.777046, 48.330627], [-88.777079, 48.330746], [-88.777046, 48.330881], [-88.776668, 48.331205], [-88.776143, 48.330818], [-88.77559, 48.330676], [-88.77532, 48.331135], [-88.774242, 48.331876]]}}, {"type": "Feature", "properties": {"d": 4}, "geometry": {"type": "LineString", "coordinates": [[-88.812795, 48.33101], [-88.812856, 48.331104], [-88.812679, 48.331176], [-88.812619, 48.331068], [-88.812795, 48.33101]]}}, {"type": "Feature", "properties": {"d": 4}, "geometry": {"type": "LineString", "coordinates": [[-88.812256, 48.331218], [-88.812223, 48.331355], [-88.811873, 48.331534], [-88.811845, 48.331426], [-88.812256, 48.331218]]}}, {"type": "Feature", "properties": {"d": 4}, "geometry": {"type": "LineString", "coordinates": [[-88.810854, 48.331485], [-88.810858, 48.33182], [-88.810584, 48.332115], [-88.810117, 48.332286], [-88.809883, 48.332501], [-88.809236, 48.332628], [-88.809204, 48.332536], [-88.809464, 48.332107], [-88.810045, 48.331847], [-88.810267, 48.331641], [-88.810854, 48.331485]]}}, {"type": "Feature", "properties": {"d": 4}, "geometry": {"type": "LineString", "coordinates": [[-88.793006, 48.332618], [-88.793018, 48.33268], [-88.792607, 48.33293], [-88.792413, 48.332999], [-88.792306, 48.332966], [-88.792309, 48.332894], [-88.792555, 48.332751], [-88.793006, 48.332618]]}}, {"type": "Feature", "properties": {"d": 4}, "geometry": {"type": "LineString", "coordinates": [[-88.808104, 48.332878], [-88.808266, 48.333006], [-88.808273, 48.333181], [-88.807888, 48.333539], [-88.807079, 48.333859], [-88.806153, 48.333861], [-88.806148, 48.33379], [-88.806378, 48.333621], [-88.807942, 48.332889], [-88.808104, 48.332878]]}}, {"type": "Feature", "properties": {"d": 4}, "geometry": {"type": "LineString", "coordinates": [[-88.79437, 48.333217], [-88.794408, 48.33264], [-88.794598, 48.332715], [-88.794738, 48.332894], [-88.794755, 48.333038], [-88.79464, 48.333217]]}}, {"type": "Feature", "properties": {"d": 4}, "geometry": {"type": "LineString", "coordinates": [[-88.77788, 48.334667], [-88.778232, 48.335028], [-88.778447, 48.335019], [-88.779202, 48.334789], [-88.779526, 48.33479], [-88.779753, 48.334864], [-88.77966, 48.335329], [-88.77937, 48.335651], [-88.779107, 48.336188], [-88.778727, 48.336546], [-88.778596, 48.336869], [-88.778717, 48.337015], [-88.778987, 48.337025], [-88.779957, 48.336704], [-88.781665, 48.335759], [-88.781797, 48.335257], [-88.782114, 48.334839], [-88.782815, 48.334135], [-88.783158, 48.333933], [-88.784702, 48.333397], [-88.785295, 48.333252], [-88.786643, 48.332695], [-88.78729, 48.332687], [-88.787614, 48.332786], [-88.788099, 48.33284], [-88.788854, 48.332641], [-88.789286, 48.332608], [-88.789717, 48.332721], [-88.790849, 48.332846], [-88.791122, 48.333181], [-88.792126, 48.33361], [-88.792464, 48.333682], [-88.792898, 48.334073], [-88.793869, 48.334084], [-88.794408, 48.334373], [-88.794839, 48.334427], [-88.795055, 48.334397], [-88.795918, 48.334022], [-88.797104, 48.333662], [-88.797552, 48.333825], [-88.797481, 48.334032], [-88.797697, 48.334065], [-88.79829, 48.334339], [-88.79883, 48.334418], [-88.799022, 48.334756], [-88.79928, 48.334935], [-88.799333, 48.335401], [-88.799207, 48.335661], [-88.798542, 48.336332], [-88.798095, 48.336546], [-88.7977, 48.336833], [-88.797697, 48.336954], [-88.798129, 48.337317], [-88.79829, 48.337335], [-88.798767, 48.337191], [-88.799099, 48.337016], [-88.799854, 48.336766], [-88.800339, 48.336491], [-88.800998, 48.336224], [-88.801741, 48.336143], [-88.802039, 48.336296], [-88.80204, 48.336582], [-88.802173, 48.336676], [-88.80379, 48.336975], [-88.804923, 48.336914], [-88.805893, 48.336769], [-88.806466, 48.336618], [-88.807834, 48.336151], [-88.808227, 48.335938], [-88.809074, 48.335618], [-88.809991, 48.335348], [-88.811193, 48.334899], [-88.812094, 48.334313], [-88.81231, 48.334099], [-88.813172, 48.333644], [-88.818282, 48.331498], [-88.818338, 48.331391], [-88.817926, 48.330961], [-88.818241, 48.330732], [-88.818468, 48.33071], [-88.818627, 48.330603], [-88.818888, 48.330572], [-88.819373, 48.330359], [-88.820236, 48.330434], [-88.820991, 48.33026], [-88.821661, 48.329994], [-88.823078, 48.329242], [-88.823363, 48.329189], [-88.824254, 48.328848], [-88.824711, 48.328535], [-88.825412, 48.328219], [-88.825574, 48.328336], [-88.825898, 48.328258], [-88.825952, 48.32833], [-88.825628, 48.328716], [-88.825252, 48.328991], [-88.824906, 48.329493], [-88.824496, 48.329898], [-88.824517, 48.330567], [-88.82409, 48.331212], [-88.82413, 48.331534], [-88.824631, 48.33182], [-88.825089, 48.331916], [-88.825952, 48.331839], [-88.826653, 48.331859], [-88.828324, 48.332205], [-88.828822, 48.332071], [-88.828889, 48.332644], [-88.829447, 48.333431], [-88.829675, 48.333933], [-88.830439, 48.334864], [-88.830565, 48.335866], [-88.830882, 48.336153], [-88.83129, 48.336277], [-88.831613, 48.336148], [-88.832206, 48.335738], [-88.833004, 48.335365], [-88.833438, 48.334971], [-88.833986, 48.334802], [-88.834148, 48.334673], [-88.834417, 48.334618], [-88.836871, 48.333467], [-88.838363, 48.333073], [-88.839304, 48.332608], [-88.840618, 48.331708], [-88.840939, 48.33157], [-88.842348, 48.330674], [-88.843384, 48.329922], [-88.843853, 48.329709], [-88.844285, 48.329287], [-88.844416, 48.329027], [-88.844335, 48.32892], [-88.843961, 48.328937], [-88.843799, 48.328888], [-88.843422, 48.329117], [-88.84326, 48.329138], [-88.843046, 48.329314], [-88.842775, 48.329346], [-88.842689, 48.329278], [-88.842721, 48.329206], [-88.842937, 48.32908], [-88.843206, 48.329025], [-88.84353, 48.328813], [-88.843799, 48.328772], [-88.845363, 48.327809], [-88.845781, 48.327747]]}}, {"type": "Feature", "properties": {"d": 4}, "geometry": {"type": "LineString", "coordinates": [[-88.777456, 48.334864], [-88.777708, 48.335186], [-88.7778, 48.335228], [-88.777962, 48.335201], [-88.777962, 48.335099], [-88.777539, 48.334823]]}}, {"type": "Feature", "properties": {"d": 4}, "geometry": {"type": "LineString", "coordinates": [[-88.775212, 48.336324], [-88.775851, 48.336332], [-88.775514, 48.336009], [-88.775805, 48.335999], [-88.776021, 48.336123], [-88.776183, 48.336119], [-88.776048, 48.335902], [-88.776345, 48.335722], [-88.77656, 48.335474], [-88.776884, 48.335571], [-88.777046, 48.335556], [-88.777069, 48.335401], [-88.776859, 48.335131]]}}, {"type": "Feature", "properties": {"d": 4}, "geometry": {"type": "LineString", "coordinates": [[-88.774242, 48.338191], [-88.774727, 48.33806], [-88.775212, 48.337853], [-88.775351, 48.337728], [-88.775328, 48.337048], [-88.775547, 48.336761], [-88.775115, 48.336432]]}}, {"type": "Feature", "properties": {"d": 6}, "geometry": {"type": "LineString", "coordinates": [[-88.788746, 48.322344], [-88.788816, 48.322402], [-88.788692, 48.322664], [-88.788477, 48.322759], [-88.788272, 48.322689], [-88.788222, 48.322617], [-88.788315, 48.322465], [-88.788746, 48.322344]]}}, {"type": "Feature", "properties": {"d": 6}, "geometry": {"type": "LineString", "coordinates": [[-88.849047, 48.325625], [-88.84927, 48.325482], [-88.849568, 48.325411]]}}, {"type": "Feature", "properties": {"d": 6}, "geometry": {"type": "LineString", "coordinates": [[-88.824442, 48.325979], [-88.824532, 48.326019], [-88.824484, 48.326163], [-88.824064, 48.326557], [-88.823441, 48.326915], [-88.823053, 48.326879], [-88.823001, 48.3267], [-88.823076, 48.326628], [-88.823687, 48.326269], [-88.824442, 48.325979]]}}, {"type": "Feature", "properties": {"d": 6}, "geometry": {"type": "LineString", "coordinates": [[-88.77808, 48.327237], [-88.778021, 48.327667], [-88.777574, 48.327387]]}}, {"type": "Feature", "properties": {"d": 6}, "geometry": {"type": "LineString", "coordinates": [[-88.780766, 48.327629], [-88.781143, 48.327699], [-88.781359, 48.3278], [-88.781516, 48.32806], [-88.781413, 48.328575], [-88.781202, 48.328812], [-88.780982, 48.328906], [-88.779256, 48.329167], [-88.777854, 48.329959], [-88.777207, 48.329702], [-88.777036, 48.329457], [-88.776776, 48.329288], [-88.776075, 48.329501], [-88.775816, 48.329457], [-88.775801, 48.329385], [-88.775991, 48.329206], [-88.776884, 48.328749], [-88.777639, 48.328276], [-88.777908, 48.328038], [-88.77834, 48.327812], [-88.778609, 48.3278], [-88.778771, 48.328063], [-88.779282, 48.327774], [-88.780766, 48.327629]]}}, {"type": "Feature", "properties": {"d": 6}, "geometry": {"type": "LineString", "coordinates": [[-88.842236, 48.329415], [-88.842302, 48.329457], [-88.84227, 48.329564], [-88.841804, 48.329975], [-88.841319, 48.330041], [-88.840888, 48.330265], [-88.840348, 48.330381], [-88.840262, 48.330352], [-88.840346, 48.330173], [-88.84051, 48.330075], [-88.840788, 48.33003], [-88.84088, 48.329851], [-88.841072, 48.329743], [-88.841427, 48.329725], [-88.841505, 48.329564], [-88.841697, 48.329444], [-88.842236, 48.329415]]}}, {"type": "Feature", "properties": {"d": 6}, "geometry": {"type": "LineString", "coordinates": [[-88.774242, 48.329913], [-88.774835, 48.330023], [-88.775374, 48.330214], [-88.777046, 48.330481], [-88.777244, 48.330746], [-88.776884, 48.331357], [-88.776636, 48.33157], [-88.776446, 48.331641], [-88.776338, 48.331928], [-88.77641, 48.332107], [-88.776275, 48.332214], [-88.776125, 48.332214], [-88.776129, 48.332028], [-88.775837, 48.331999], [-88.775725, 48.331892], [-88.775697, 48.331749], [-88.775889, 48.331534], [-88.775945, 48.331319], [-88.775861, 48.331068], [-88.775697, 48.330951], [-88.774403, 48.331928], [-88.774242, 48.331986]]}}, {"type": "Feature", "properties": {"d": 6}, "geometry": {"type": "LineString", "coordinates": [[-88.811177, 48.331276], [-88.811205, 48.331426], [-88.810993, 48.331892], [-88.81085, 48.332035], [-88.810179, 48.332321], [-88.81002, 48.332501], [-88.809742, 48.332608], [-88.80929, 48.332706], [-88.808967, 48.332681], [-88.808972, 48.332608], [-88.809303, 48.332357], [-88.809452, 48.332073], [-88.810039, 48.33182], [-88.810207, 48.331637], [-88.811177, 48.331276]]}}, {"type": "Feature", "properties": {"d": 6}, "geometry": {"type": "LineString", "coordinates": [[-88.775212, 48.332451], [-88.775222, 48.332608], [-88.77505, 48.332642], [-88.774986, 48.332536], [-88.775212, 48.332451]]}}, {"type": "Feature", "properties": {"d": 6}, "geometry": {"type": "LineString", "coordinates": [[-88.808212, 48.332747], [-88.808427, 48.332802], [-88.808485, 48.332966], [-88.808341, 48.333252], [-88.808037, 48.333539], [-88.807133, 48.333894], [-88.806594, 48.33395], [-88.806001, 48.333898], [-88.806136, 48.333718], [-88.806645, 48.333431], [-88.807704, 48.332894], [-88.808212, 48.332747]]}}, {"type": "Feature", "properties": {"d": 6}, "geometry": {"type": "LineString", "coordinates": [[-88.794334, 48.333203], [-88.794335, 48.332644], [-88.794408, 48.332594], [-88.794624, 48.332683], [-88.794789, 48.332894], [-88.794792, 48.333073], [-88.794685, 48.333217]]}}, {"type": "Feature", "properties": {"d": 6}, "geometry": {"type": "LineString", "coordinates": [[-88.774242, 48.333968], [-88.775092, 48.333817]]}}, {"type": "Feature", "properties": {"d": 6}, "geometry": {"type": "LineString", "coordinates": [[-88.778094, 48.334577], [-88.778501, 48.334892], [-88.779202, 48.334678], [-88.779795, 48.334641], [-88.779921, 48.33472], [-88.779881, 48.335257], [-88.779634, 48.335524], [-88.779539, 48.335759], [-88.779415, 48.33583], [-88.779204, 48.336224], [-88.778726, 48.33669], [-88.778713, 48.33694], [-88.779041, 48.336962], [-88.77997, 48.336618], [-88.780829, 48.336081], [-88.781167, 48.335616], [-88.780923, 48.335078], [-88.781359, 48.335091], [-88.781575, 48.335037], [-88.782869, 48.33394], [-88.784109, 48.333536], [-88.784271, 48.333406], [-88.785219, 48.333181], [-88.785835, 48.332935], [-88.785889, 48.332805], [-88.786158, 48.332808], [-88.786643, 48.332636], [-88.787129, 48.3326], [-88.788099, 48.332758], [-88.788854, 48.332524], [-88.789286, 48.332503], [-88.790094, 48.332665], [-88.790903, 48.33274], [-88.791123, 48.332894], [-88.791286, 48.333145], [-88.791604, 48.333284], [-88.79182, 48.333301], [-88.791923, 48.332859], [-88.792305, 48.332519], [-88.792629, 48.332326], [-88.793437, 48.332034], [-88.793406, 48.332501], [-88.793085, 48.332787], [-88.79313, 48.332966], [-88.792844, 48.33295], [-88.792251, 48.333297], [-88.791928, 48.333359], [-88.792521, 48.333616], [-88.793006, 48.333975], [-88.793761, 48.334005], [-88.794192, 48.334125], [-88.794427, 48.334291], [-88.794947, 48.334362], [-88.796241, 48.333843], [-88.79732, 48.333529], [-88.797481, 48.333646], [-88.797783, 48.333718], [-88.79839, 48.334183], [-88.798937, 48.334256], [-88.799207, 48.334432], [-88.799416, 48.334899], [-88.799404, 48.335437], [-88.799261, 48.33571], [-88.798965, 48.335938], [-88.798852, 48.336117], [-88.798062, 48.33669], [-88.798075, 48.336821], [-88.79829, 48.336953], [-88.798668, 48.33704], [-88.799207, 48.336922], [-88.799854, 48.33669], [-88.80004, 48.336511], [-88.800825, 48.336172], [-88.801761, 48.335938], [-88.802266, 48.335974], [-88.802388, 48.33626], [-88.802496, 48.336314], [-88.803628, 48.336494], [-88.804222, 48.336457], [-88.80681, 48.336087], [-88.808535, 48.335525], [-88.810584, 48.335038], [-88.811123, 48.334841], [-88.81231, 48.333875], [-88.814467, 48.333048], [-88.816708, 48.332107], [-88.81729, 48.331784], [-88.817459, 48.33157], [-88.816947, 48.331358], [-88.816787, 48.331212], [-88.816707, 48.330997], [-88.816569, 48.330958], [-88.815653, 48.331034], [-88.815462, 48.331104], [-88.815329, 48.331238], [-88.81506, 48.331324], [-88.812903, 48.331488], [-88.812364, 48.331634], [-88.811824, 48.331613], [-88.811645, 48.331462], [-88.81231, 48.330959], [-88.812903, 48.330725], [-88.813334, 48.330342], [-88.815383, 48.329517], [-88.816579, 48.328956], [-88.816759, 48.328812], [-88.816987, 48.328419], [-88.817917, 48.3278], [-88.818079, 48.32776], [-88.818672, 48.327868], [-88.819104, 48.327854], [-88.820074, 48.327648], [-88.820721, 48.327398], [-88.821476, 48.32724], [-88.821993, 48.32738], [-88.822138, 48.327487], [-88.822179, 48.327738], [-88.822069, 48.32797], [-88.821892, 48.328168], [-88.821045, 48.328774], [-88.820546, 48.329027], [-88.819516, 48.329708], [-88.819331, 48.329922], [-88.819344, 48.330209], [-88.820236, 48.33032], [-88.821476, 48.330003], [-88.822932, 48.329324], [-88.82304, 48.329219], [-88.82331, 48.329172], [-88.824126, 48.328848], [-88.825251, 48.328205], [-88.82579, 48.328017], [-88.826011, 48.328025], [-88.826115, 48.328132], [-88.826054, 48.328347], [-88.825682, 48.328764], [-88.825359, 48.329008], [-88.825143, 48.329357], [-88.824599, 48.329922], [-88.824677, 48.330531], [-88.824358, 48.331032], [-88.82428, 48.331446], [-88.825089, 48.3318], [-88.826329, 48.331657], [-88.827138, 48.331704], [-88.827731, 48.33166], [-88.828162, 48.331695], [-88.828486, 48.331831], [-88.828863, 48.331846], [-88.829051, 48.332536], [-88.82951, 48.33311], [-88.829881, 48.333933], [-88.830481, 48.334607], [-88.830697, 48.335553], [-88.83105, 48.336081], [-88.831344, 48.336155], [-88.831613, 48.33607], [-88.832206, 48.335695], [-88.832734, 48.335472], [-88.833432, 48.334935], [-88.834417, 48.334569], [-88.836828, 48.333431], [-88.8383, 48.333053], [-88.839216, 48.332606], [-88.84051, 48.331719], [-88.840888, 48.331542], [-88.841607, 48.331032], [-88.84229, 48.330651], [-88.843229, 48.329851], [-88.843762, 48.3296], [-88.843949, 48.329278], [-88.843897, 48.329099], [-88.843584, 48.329124], [-88.843206, 48.329342], [-88.842775, 48.329425], [-88.842538, 48.32935], [-88.842721, 48.329142], [-88.843692, 48.328736], [-88.844554, 48.328287], [-88.845328, 48.327774], [-88.845848, 48.32763], [-88.84601, 48.327493], [-88.84628, 48.327408], [-88.846819, 48.326961], [-88.847425, 48.326628], [-88.84751, 48.326413], [-88.848005, 48.326122], [-88.848275, 48.326078], [-88.848854, 48.325778]]}}, {"type": "Feature", "properties": {"d": 6}, "geometry": {"type": "LineString", "coordinates": [[-88.780496, 48.335073], [-88.780487, 48.335222], [-88.780281, 48.335291], [-88.780207, 48.335222], [-88.780266, 48.335114], [-88.780496, 48.335073]]}}, {"type": "Feature", "properties": {"d": 6}, "geometry": {"type": "LineString", "coordinates": [[-88.775495, 48.335965], [-88.775859, 48.335921], [-88.776291, 48.335717], [-88.776473, 48.335508], [-88.776506, 48.335293]]}}, {"type": "Feature", "properties": {"d": 6}, "geometry": {"type": "LineString", "coordinates": [[-88.774242, 48.338107], [-88.774727, 48.337937], [-88.775091, 48.337656], [-88.775266, 48.336954], [-88.775443, 48.336761], [-88.775034, 48.336486]]}}, {"type": "Feature", "properties": {"d": 8}, "geometry": {"type": "LineString", "coordinates": [[-88.834741, 48.311043], [-88.834801, 48.31112], [-88.834741, 48.311214], [-88.834105, 48.311299], [-88.834148, 48.311157], [-88.834525, 48.311035], [-88.834741, 48.311043]]}}, {"type": "Feature", "properties": {"d": 8}, "geometry": {"type": "LineString", "coordinates": [[-88.833339, 48.311427], [-88.833331, 48.311514], [-88.832746, 48.311698], [-88.832638, 48.311805], [-88.832422, 48.311882], [-88.832269, 48.311872], [-88.832282, 48.311765], [-88.832682, 48.31155], [-88.833123, 48.311419], [-88.833339, 48.311427]]}}, {"type": "Feature", "properties": {"d": 8}, "geometry": {"type": "LineString", "coordinates": [[-88.790957, 48.320914], [-88.790863, 48.321041], [-88.79062, 48.321041], [-88.7907, 48.320934], [-88.790957, 48.320914]]}}, {"type": "Feature", "properties": {"d": 8}, "geometry": {"type": "LineString", "coordinates": [[-88.790094, 48.321168], [-88.790048, 48.321256], [-88.789928, 48.321292], [-88.789933, 48.321188], [-88.790094, 48.321168]]}}, {"type": "Feature", "properties": {"d": 8}, "geometry": {"type": "LineString", "coordinates": [[-88.789016, 48.321475], [-88.789052, 48.321579], [-88.788908, 48.321713], [-88.788485, 48.321829], [-88.788271, 48.321793], [-88.788481, 48.321614], [-88.789016, 48.321475]]}}, {"type": "Feature", "properties": {"d": 8}, "geometry": {"type": "LineString", "coordinates": [[-88.789232, 48.322169], [-88.789232, 48.322359], [-88.788827, 48.322725], [-88.788237, 48.323047], [-88.787991, 48.32307], [-88.787754, 48.322868], [-88.787824, 48.322581], [-88.788423, 48.32226], [-88.789232, 48.322169]]}}, {"type": "Feature", "properties": {"d": 8}, "geometry": {"type": "LineString", "coordinates": [[-88.81127, 48.322356], [-88.81125, 48.322617], [-88.811016, 48.322656], [-88.810817, 48.322617], [-88.810812, 48.32208]]}}, {"type": "Feature", "properties": {"d": 8}, "geometry": {"type": "LineString", "coordinates": [[-88.825682, 48.325609], [-88.825734, 48.325697], [-88.825628, 48.325869], [-88.825251, 48.326075], [-88.825035, 48.326058], [-88.825004, 48.325912], [-88.825306, 48.325697], [-88.825682, 48.325609]]}}, {"type": "Feature", "properties": {"d": 8}, "geometry": {"type": "LineString", "coordinates": [[-88.824604, 48.325933], [-88.824681, 48.325983], [-88.824645, 48.326127], [-88.82425, 48.326521], [-88.823423, 48.326986], [-88.823029, 48.32695], [-88.822894, 48.3267], [-88.822969, 48.326628], [-88.823686, 48.326234], [-88.824388, 48.325945], [-88.824604, 48.325933]]}}, {"type": "Feature", "properties": {"d": 8}, "geometry": {"type": "LineString", "coordinates": [[-88.846442, 48.326824], [-88.846417, 48.326915], [-88.84628, 48.326911], [-88.846269, 48.326843], [-88.846442, 48.326824]]}}, {"type": "Feature", "properties": {"d": 8}, "geometry": {"type": "LineString", "coordinates": [[-88.778162, 48.327237], [-88.778178, 48.327706], [-88.778609, 48.327641], [-88.778933, 48.327824], [-88.779202, 48.327724], [-88.780496, 48.327579], [-88.78082, 48.327483], [-88.781413, 48.327685], [-88.781636, 48.327953], [-88.781702, 48.328168], [-88.781683, 48.328358], [-88.781426, 48.328741], [-88.780982, 48.328942], [-88.779364, 48.329224], [-88.778642, 48.329564], [-88.77807, 48.32999], [-88.777746, 48.330116], [-88.777315, 48.330068], [-88.776938, 48.329675], [-88.776776, 48.329621], [-88.776345, 48.329628], [-88.775697, 48.329947], [-88.775536, 48.329882], [-88.775018, 48.329851], [-88.775003, 48.329672], [-88.775616, 48.329206], [-88.777369, 48.328264], [-88.778071, 48.32781], [-88.778104, 48.327774], [-88.777518, 48.327424]]}}, {"type": "Feature", "properties": {"d": 8}, "geometry": {"type": "LineString", "coordinates": [[-88.776544, 48.32762], [-88.776304, 48.328168], [-88.776075, 48.328246], [-88.775656, 48.328248]]}}, {"type": "Feature", "properties": {"d": 8}, "geometry": {"type": "LineString", "coordinates": [[-88.774242, 48.329831], [-88.774727, 48.329886], [-88.777099, 48.330437], [-88.777477, 48.330789], [-88.77814, 48.330818], [-88.77824, 48.330925], [-88.778224, 48.331212], [-88.778447, 48.331235], [-88.778506, 48.331319], [-88.778477, 48.331426], [-88.7778, 48.331835], [-88.777531, 48.331914], [-88.77725, 48.331892], [-88.777122, 48.331856], [-88.777106, 48.331784], [-88.777136, 48.331677], [-88.777349, 48.331534], [-88.777261, 48.331044], [-88.77692, 48.331534], [-88.776997, 48.331892], [-88.776376, 48.332286], [-88.776183, 48.332479], [-88.775805, 48.332303], [-88.775374, 48.332683], [-88.774997, 48.332843], [-88.774565, 48.332618], [-88.774517, 48.332465], [-88.774619, 48.332363], [-88.775158, 48.332253], [-88.775298, 48.332142], [-88.775228, 48.331749], [-88.775482, 48.331305], [-88.774997, 48.331644], [-88.77487, 48.33182], [-88.774565, 48.331991], [-88.774242, 48.332321]]}}, {"type": "Feature", "properties": {"d": 8}, "geometry": {"type": "LineString", "coordinates": [[-88.794064, 48.331963], [-88.793869, 48.331995], [-88.793815, 48.332174], [-88.793923, 48.332151], [-88.794064, 48.331963]]}}, {"type": "Feature", "properties": {"d": 8}, "geometry": {"type": "LineString", "coordinates": [[-88.784371, 48.332899], [-88.784864, 48.333173], [-88.785188, 48.333088], [-88.785295, 48.333002], [-88.785188, 48.332593], [-88.785619, 48.332749], [-88.786104, 48.332764], [-88.787021, 48.332531], [-88.787506, 48.332533], [-88.788099, 48.332687], [-88.7888, 48.33244], [-88.789609, 48.332428], [-88.790202, 48.332542], [-88.790852, 48.332536], [-88.791119, 48.332701], [-88.791392, 48.332751], [-88.791394, 48.333038], [-88.791658, 48.333173], [-88.791793, 48.332823], [-88.792451, 48.332286], [-88.793923, 48.331795], [-88.794354, 48.331485], [-88.794947, 48.331297], [-88.795011, 48.331355], [-88.794946, 48.331462], [-88.794451, 48.331749], [-88.794435, 48.331999], [-88.794243, 48.332214], [-88.793761, 48.33244], [-88.793305, 48.332787], [-88.793276, 48.333061], [-88.793168, 48.333096], [-88.792898, 48.33304], [-88.792819, 48.333181], [-88.792414, 48.333252], [-88.792347, 48.333396], [-88.793114, 48.333937], [-88.79333, 48.333954], [-88.793488, 48.333825], [-88.793707, 48.333772], [-88.793923, 48.333973], [-88.794947, 48.334316], [-88.795624, 48.334076], [-88.796187, 48.333739], [-88.796619, 48.333701], [-88.797266, 48.333415], [-88.797913, 48.333324], [-88.798075, 48.333616], [-88.798398, 48.333784], [-88.798546, 48.333969], [-88.799045, 48.334121], [-88.799392, 48.334398], [-88.799509, 48.334864], [-88.799423, 48.335544], [-88.799295, 48.335759], [-88.799099, 48.33588], [-88.798355, 48.336654], [-88.79856, 48.336804], [-88.799207, 48.336763], [-88.7998, 48.336587], [-88.800124, 48.33628], [-88.801094, 48.335759], [-88.801526, 48.335732], [-88.802334, 48.335786], [-88.80292, 48.336009], [-88.803143, 48.336027], [-88.804653, 48.33594], [-88.807834, 48.335506], [-88.810207, 48.334958], [-88.810702, 48.334792], [-88.811986, 48.33373], [-88.814305, 48.333011], [-88.815871, 48.332321], [-88.81606, 48.332142], [-88.816149, 48.331892], [-88.816156, 48.331426], [-88.815976, 48.331309], [-88.815383, 48.331493], [-88.813119, 48.331939], [-88.811717, 48.33209], [-88.811501, 48.332176], [-88.811356, 48.332357], [-88.811016, 48.332488], [-88.810829, 48.332501], [-88.810638, 48.33234], [-88.810476, 48.332332], [-88.809937, 48.332665], [-88.808967, 48.332888], [-88.808846, 48.332859], [-88.808793, 48.333038], [-88.80832, 48.333375], [-88.808202, 48.333539], [-88.807403, 48.333889], [-88.806594, 48.33403], [-88.805837, 48.333933], [-88.806045, 48.333718], [-88.80654, 48.333438], [-88.808104, 48.332649], [-88.808427, 48.332575], [-88.808805, 48.332822], [-88.808895, 48.332572], [-88.809197, 48.332393], [-88.809405, 48.332071], [-88.809991, 48.331816], [-88.810153, 48.331631], [-88.810584, 48.331472], [-88.811123, 48.331153], [-88.811339, 48.331083], [-88.811555, 48.331188], [-88.811717, 48.331189], [-88.813334, 48.330251], [-88.81565, 48.329314], [-88.816084, 48.328919], [-88.816548, 48.328705], [-88.816821, 48.328347], [-88.817971, 48.327702], [-88.818403, 48.327654], [-88.818834, 48.327754], [-88.819427, 48.327726], [-88.82153, 48.327156], [-88.822246, 48.327416], [-88.822335, 48.327702], [-88.822023, 48.328132], [-88.820696, 48.329099], [-88.820613, 48.329367], [-88.820148, 48.33003], [-88.820452, 48.330075], [-88.821153, 48.329996], [-88.821908, 48.329738], [-88.82288, 48.329314], [-88.822989, 48.329206], [-88.823256, 48.329162], [-88.824081, 48.328812], [-88.824711, 48.328398], [-88.825412, 48.328064], [-88.826167, 48.327842], [-88.826599, 48.327491], [-88.826868, 48.327434], [-88.826958, 48.327523], [-88.826868, 48.327723], [-88.826327, 48.327989], [-88.826125, 48.328347], [-88.825457, 48.329027], [-88.825363, 48.329278], [-88.824856, 48.329815], [-88.825059, 48.330101], [-88.824928, 48.330531], [-88.82507, 48.330818], [-88.825152, 48.331319], [-88.825395, 48.33157], [-88.825655, 48.331641], [-88.828216, 48.331468], [-88.829025, 48.331665], [-88.829225, 48.332465], [-88.829553, 48.332894], [-88.829834, 48.333561], [-88.830696, 48.334685], [-88.83083, 48.335437], [-88.831182, 48.335799], [-88.831559, 48.335949], [-88.832692, 48.335462], [-88.833339, 48.334939], [-88.834387, 48.334541], [-88.834956, 48.334218], [-88.835442, 48.334058], [-88.836035, 48.33371], [-88.836898, 48.33337], [-88.838192, 48.333056], [-88.839216, 48.332561], [-88.842182, 48.330634], [-88.842323, 48.330388], [-88.84229, 48.330293], [-88.841912, 48.33011], [-88.841589, 48.330049], [-88.841373, 48.330058], [-88.840942, 48.330282], [-88.840348, 48.330412], [-88.840177, 48.330352], [-88.840285, 48.330173], [-88.84051, 48.330044], [-88.84078, 48.330001], [-88.84084, 48.329851], [-88.841049, 48.32971], [-88.841373, 48.329727], [-88.841481, 48.329547], [-88.841697, 48.329421], [-88.842451, 48.329227], [-88.844529, 48.328275], [-88.845309, 48.327741], [-88.845797, 48.327595], [-88.846528, 48.327201], [-88.846883, 48.326807], [-88.847124, 48.326735], [-88.84725, 48.326628], [-88.847358, 48.32639], [-88.848005, 48.326074], [-88.848437, 48.325964], [-88.849245, 48.325458], [-88.849677, 48.325359]]}}, {"type": "Feature", "properties": {"d": 8}, "geometry": {"type": "LineString", "coordinates": [[-88.79431, 48.333188], [-88.794293, 48.332608], [-88.794354, 48.332545], [-88.794624, 48.332655], [-88.794817, 48.332894], [-88.794818, 48.333073], [-88.794708, 48.333217]]}}, {"type": "Feature", "properties": {"d": 8}, "geometry": {"type": "LineString", "coordinates": [[-88.774242, 48.33387], [-88.775004, 48.333759]]}}, {"type": "Feature", "properties": {"d": 8}, "geometry": {"type": "LineString", "coordinates": [[-88.778358, 48.334386], [-88.778825, 48.334668], [-88.779148, 48.334584], [-88.779957, 48.334514], [-88.780092, 48.334613], [-88.780094, 48.334864], [-88.780173, 48.334942], [-88.780496, 48.334862], [-88.781359, 48.334863], [-88.782709, 48.333897], [-88.783139, 48.333708], [-88.783956, 48.333503], [-88.783972, 48.333038]]}}, {"type": "Feature", "properties": {"d": 8}, "geometry": {"type": "LineString", "coordinates": [[-88.775527, 48.335944], [-88.775859, 48.335889], [-88.776291, 48.33569], [-88.776427, 48.335544], [-88.776474, 48.335315]]}}, {"type": "Feature", "properties": {"d": 8}, "geometry": {"type": "LineString", "coordinates": [[-88.779159, 48.336439], [-88.778911, 48.336546], [-88.778802, 48.336725], [-88.778825, 48.336909], [-88.779094, 48.336896], [-88.779827, 48.336546], [-88.779742, 48.336504], [-88.77931, 48.336516], [-88.779159, 48.336439]]}}, {"type": "Feature", "properties": {"d": 8}, "geometry": {"type": "LineString", "coordinates": [[-88.774242, 48.338029], [-88.774673, 48.337811], [-88.775158, 48.337075], [-88.775147, 48.33694], [-88.774749, 48.336675]]}}, {"type": "Feature", "properties": {"d": 10}, "geometry": {"type": "LineString", "coordinates": [[-88.846442, 48.300782], [-88.846402, 48.300946], [-88.846226, 48.301044], [-88.846241, 48.300838], [-88.846442, 48.300782]]}}, {"type": "Feature", "properties": {"d": 10}, "geometry": {"type": "LineString", "coordinates": [[-88.849407, 48.304914], [-88.849353, 48.304999], [-88.849231, 48.304994], [-88.849245, 48.304914], [-88.849407, 48.304914]]}}, {"type": "Feature", "properties": {"d": 10}, "geometry": {"type": "LineString", "coordinates": [[-88.836682, 48.31082], [-88.836668, 48.310941], [-88.836252, 48.310977], [-88.836304, 48.310909], [-88.836682, 48.31082]]}}, {"type": "Feature", "properties": {"d": 10}, "geometry": {"type": "LineString", "coordinates": [[-88.834902, 48.310966], [-88.834954, 48.311084], [-88.834852, 48.311227], [-88.833932, 48.311381], [-88.833501, 48.311567], [-88.8328, 48.311722], [-88.832314, 48.311957], [-88.832099, 48.311928], [-88.83225, 48.311693], [-88.833094, 48.311335], [-88.834471, 48.310984], [-88.834902, 48.310966]]}}, {"type": "Feature", "properties": {"d": 10}, "geometry": {"type": "LineString", "coordinates": [[-88.819212, 48.311586], [-88.819003, 48.311442], [-88.81905, 48.311333], [-88.819334, 48.311182]]}}, {"type": "Feature", "properties": {"d": 10}, "geometry": {"type": "LineString", "coordinates": [[-88.794678, 48.319746], [-88.794732, 48.319789], [-88.794636, 48.319895], [-88.794391, 48.319931], [-88.794448, 48.319788], [-88.794678, 48.319746]]}}, {"type": "Feature", "properties": {"d": 10}, "geometry": {"type": "LineString", "coordinates": [[-88.791011, 48.320822], [-88.791056, 48.320934], [-88.790977, 48.321041], [-88.79058, 48.321112], [-88.790419, 48.321077], [-88.79066, 48.320898], [-88.791011, 48.320822]]}}, {"type": "Feature", "properties": {"d": 10}, "geometry": {"type": "LineString", "coordinates": [[-88.812633, 48.320951], [-88.812645, 48.321041], [-88.812202, 48.321292], [-88.812417, 48.321006], [-88.812633, 48.320951]]}}, {"type": "Feature", "properties": {"d": 10}, "geometry": {"type": "LineString", "coordinates": [[-88.790202, 48.321095], [-88.790251, 48.321149], [-88.790094, 48.321307], [-88.789933, 48.321375], [-88.789789, 48.321328], [-88.789752, 48.321256], [-88.789879, 48.321143], [-88.790202, 48.321095]]}}, {"type": "Feature", "properties": {"d": 10}, "geometry": {"type": "LineString", "coordinates": [[-88.789124, 48.321359], [-88.789226, 48.321507], [-88.788962, 48.321769], [-88.788261, 48.321939], [-88.788082, 48.321901], [-88.788081, 48.321793], [-88.788322, 48.321614], [-88.7888, 48.321411], [-88.789124, 48.321359]]}}, {"type": "Feature", "properties": {"d": 10}, "geometry": {"type": "LineString", "coordinates": [[-88.810845, 48.321471], [-88.81073, 48.321292], [-88.810408, 48.321041], [-88.810638, 48.320996], [-88.81107, 48.320783], [-88.811342, 48.320791], [-88.811878, 48.320952], [-88.811903, 48.321364]]}}, {"type": "Feature", "properties": {"d": 10}, "geometry": {"type": "LineString", "coordinates": [[-88.812064, 48.321885], [-88.812616, 48.322152], [-88.812655, 48.322331], [-88.812186, 48.322689], [-88.81177, 48.322805], [-88.811393, 48.322704], [-88.809991, 48.322687], [-88.809907, 48.322653], [-88.809678, 48.322187]]}}, {"type": "Feature", "properties": {"d": 10}, "geometry": {"type": "LineString", "coordinates": [[-88.789339, 48.322005], [-88.789449, 48.322044], [-88.78948, 48.322187], [-88.789386, 48.322402], [-88.789068, 48.32276], [-88.788073, 48.32319], [-88.78783, 48.323208], [-88.78758, 48.323119], [-88.787548, 48.322653], [-88.787722, 48.322471], [-88.788531, 48.322038], [-88.789339, 48.322005]]}}, {"type": "Feature", "properties": {"d": 10}, "geometry": {"type": "LineString", "coordinates": [[-88.804599, 48.323998], [-88.804557, 48.324121], [-88.804275, 48.324227], [-88.803801, 48.324587], [-88.803604, 48.324587], [-88.803651, 48.324444], [-88.803868, 48.3243], [-88.804437, 48.324013], [-88.804599, 48.323998]]}}, {"type": "Feature", "properties": {"d": 10}, "geometry": {"type": "LineString", "coordinates": [[-88.8273, 48.324983], [-88.8273, 48.325102], [-88.827138, 48.325151], [-88.827138, 48.32505], [-88.8273, 48.324983]]}}, {"type": "Feature", "properties": {"d": 10}, "geometry": {"type": "LineString", "coordinates": [[-88.801148, 48.325293], [-88.80104, 48.325473], [-88.800549, 48.325625], [-88.80066, 48.325482], [-88.80104, 48.325287], [-88.801148, 48.325293]]}}, {"type": "Feature", "properties": {"d": 10}, "geometry": {"type": "LineString", "coordinates": [[-88.826006, 48.325435], [-88.826083, 48.325482], [-88.826037, 48.32559], [-88.825682, 48.325909], [-88.825251, 48.326126], [-88.824873, 48.32618], [-88.823525, 48.327005], [-88.823094, 48.327051], [-88.822824, 48.326847], [-88.822703, 48.326843], [-88.822764, 48.3267], [-88.823633, 48.326229], [-88.824388, 48.325918], [-88.824927, 48.325818], [-88.82543, 48.325554], [-88.826006, 48.325435]]}}, {"type": "Feature", "properties": {"d": 10}, "geometry": {"type": "LineString", "coordinates": [[-88.778248, 48.327237], [-88.778564, 48.327523], [-88.779041, 48.327674], [-88.779364, 48.327601], [-88.779742, 48.327627], [-88.780011, 48.327496], [-88.78109, 48.327427], [-88.781575, 48.327544], [-88.78177, 48.327702], [-88.781891, 48.327953], [-88.781881, 48.328454], [-88.781393, 48.328848], [-88.780658, 48.329075], [-88.780227, 48.329081], [-88.780011, 48.329253], [-88.779742, 48.329195], [-88.779418, 48.329289], [-88.779052, 48.329457], [-88.778933, 48.329585], [-88.778717, 48.329587], [-88.778178, 48.33002], [-88.777746, 48.330201], [-88.777315, 48.330235], [-88.776668, 48.330111], [-88.776666, 48.330173], [-88.777099, 48.330356], [-88.777531, 48.330647], [-88.777746, 48.330689], [-88.77834, 48.330672], [-88.778514, 48.330853], [-88.77869, 48.331319], [-88.779044, 48.331674]]}}, {"type": "Feature", "properties": {"d": 10}, "geometry": {"type": "LineString", "coordinates": [[-88.776585, 48.327647], [-88.776345, 48.328194], [-88.776075, 48.328283], [-88.775691, 48.32828]]}}, {"type": "Feature", "properties": {"d": 10}, "geometry": {"type": "LineString", "coordinates": [[-88.774242, 48.329743], [-88.774832, 48.329636], [-88.77559, 48.329068], [-88.776776, 48.328503], [-88.777862, 48.327774], [-88.777474, 48.327452]]}}, {"type": "Feature", "properties": {"d": 10}, "geometry": {"type": "LineString", "coordinates": [[-88.814833, 48.331963], [-88.8129, 48.332393], [-88.812256, 48.332453], [-88.811878, 48.332405], [-88.811334, 48.332536], [-88.810854, 48.332815], [-88.810476, 48.332894], [-88.810207, 48.333081], [-88.808805, 48.333739], [-88.807619, 48.334005], [-88.807493, 48.334148], [-88.807447, 48.334613], [-88.807241, 48.334866], [-88.80654, 48.335179], [-88.805749, 48.335293], [-88.8055, 48.335544], [-88.805731, 48.335553], [-88.80654, 48.335337], [-88.807349, 48.335387], [-88.807888, 48.335345], [-88.80929, 48.335088], [-88.809878, 48.334899], [-88.811824, 48.333592], [-88.81271, 48.33336], [-88.814465, 48.332608], [-88.814757, 48.332357], [-88.814913, 48.332035], [-88.814833, 48.331963]]}}, {"type": "Feature", "properties": {"d": 10}, "geometry": {"type": "LineString", "coordinates": [[-88.778737, 48.33195], [-88.778124, 48.331787], [-88.777207, 48.332222], [-88.77656, 48.332323], [-88.776345, 48.332461], [-88.776129, 48.332767], [-88.775644, 48.332759], [-88.774997, 48.333032], [-88.774673, 48.333056], [-88.774535, 48.333252], [-88.774595, 48.333396], [-88.775059, 48.333712]]}}, {"type": "Feature", "properties": {"d": 10}, "geometry": {"type": "LineString", "coordinates": [[-88.785212, 48.332556], [-88.785673, 48.332714], [-88.786104, 48.332727], [-88.787237, 48.332424], [-88.787668, 48.332448], [-88.787884, 48.332397], [-88.787991, 48.33255], [-88.788099, 48.332578], [-88.788531, 48.332373], [-88.789232, 48.332335], [-88.789879, 48.332175], [-88.79023, 48.332357], [-88.791011, 48.332412], [-88.791281, 48.332567], [-88.791658, 48.332672], [-88.792143, 48.332439], [-88.792359, 48.332203], [-88.792737, 48.332142], [-88.793124, 48.331999], [-88.795172, 48.331032], [-88.795702, 48.330991], [-88.795818, 48.331068], [-88.79577, 48.331212], [-88.79457, 48.332183], [-88.794392, 48.332465], [-88.794678, 48.332669], [-88.794844, 48.332894], [-88.794842, 48.333073], [-88.794731, 48.333217]]}}, {"type": "Feature", "properties": {"d": 10}, "geometry": {"type": "LineString", "coordinates": [[-88.79429, 48.333181], [-88.794277, 48.332644], [-88.794084, 48.332527], [-88.793729, 48.33268], [-88.79361, 48.332894], [-88.793604, 48.333181]]}}, {"type": "Feature", "properties": {"d": 10}, "geometry": {"type": "LineString", "coordinates": [[-88.7772, 48.333176], [-88.777413, 48.332751], [-88.7778, 48.332532], [-88.778083, 48.332509]]}}, {"type": "Feature", "properties": {"d": 10}, "geometry": {"type": "LineString", "coordinates": [[-88.783085, 48.333181], [-88.78334, 48.333431], [-88.78357, 48.333487], [-88.783651, 48.333396], [-88.783653, 48.333038]]}}, {"type": "Feature", "properties": {"d": 10}, "geometry": {"type": "LineString", "coordinates": [[-88.793458, 48.333266], [-88.793222, 48.333317], [-88.792683, 48.333266], [-88.792501, 48.333324], [-88.792575, 48.333399], [-88.792898, 48.333453], [-88.792926, 48.33361], [-88.793222, 48.333865], [-88.793923, 48.333617], [-88.794071, 48.333897], [-88.795001, 48.334252], [-88.795604, 48.33404], [-88.795756, 48.333875], [-88.795936, 48.333825], [-88.796064, 48.333646], [-88.796619, 48.333657], [-88.79724, 48.33336], [-88.79829, 48.333051], [-88.798688, 48.333038], [-88.798986, 48.333825], [-88.799441, 48.334112], [-88.799629, 48.334613], [-88.799427, 48.335687], [-88.799099, 48.335959], [-88.798714, 48.336475], [-88.798883, 48.33654], [-88.799369, 48.336483], [-88.799854, 48.33633], [-88.800178, 48.335944], [-88.800825, 48.335609], [-88.802227, 48.335389], [-88.803467, 48.335477], [-88.804078, 48.335365], [-88.804501, 48.335186], [-88.805075, 48.334613], [-88.805922, 48.334076], [-88.805732, 48.333969], [-88.805794, 48.33379], [-88.807403, 48.33296], [-88.807673, 48.332751], [-88.808373, 48.332446], [-88.808481, 48.332436], [-88.808751, 48.332563], [-88.809021, 48.332457], [-88.809398, 48.332038], [-88.809991, 48.331785], [-88.810138, 48.331605], [-88.810584, 48.331428], [-88.811285, 48.330938], [-88.811501, 48.330848], [-88.811932, 48.330871], [-88.812471, 48.330651], [-88.813334, 48.330158], [-88.815477, 48.329314], [-88.815888, 48.328884], [-88.816251, 48.328705], [-88.816677, 48.328321], [-88.817971, 48.327627], [-88.818565, 48.327522], [-88.818888, 48.327642], [-88.819427, 48.327666], [-88.82153, 48.327119], [-88.821952, 48.327129], [-88.821987, 48.327201], [-88.822393, 48.327383], [-88.822492, 48.327559], [-88.82239, 48.32781], [-88.822083, 48.328168], [-88.821476, 48.328583], [-88.820973, 48.32917], [-88.82087, 48.329708], [-88.821261, 48.329805], [-88.821854, 48.329699], [-88.822863, 48.329278], [-88.822986, 48.329174], [-88.823242, 48.329135], [-88.824087, 48.328741], [-88.824711, 48.328321], [-88.826167, 48.327755], [-88.826599, 48.327443], [-88.827138, 48.327269], [-88.827218, 48.327308], [-88.827138, 48.327541], [-88.826842, 48.32781], [-88.826384, 48.32806], [-88.825574, 48.329094], [-88.825547, 48.329314], [-88.825186, 48.3296], [-88.825466, 48.329744], [-88.825607, 48.329922], [-88.825637, 48.330281], [-88.825952, 48.331203], [-88.826148, 48.331462], [-88.826275, 48.331502], [-88.828324, 48.331338], [-88.829025, 48.331346], [-88.829133, 48.331391], [-88.829253, 48.331534], [-88.829419, 48.332393], [-88.829702, 48.332859], [-88.829888, 48.333439], [-88.830481, 48.333871], [-88.830858, 48.334482], [-88.830852, 48.335078], [-88.830962, 48.335365], [-88.831236, 48.335616], [-88.831829, 48.335793], [-88.832671, 48.335437], [-88.833285, 48.334928], [-88.833791, 48.334685], [-88.83436, 48.334506], [-88.834956, 48.334118], [-88.835388, 48.334033], [-88.836035, 48.33365], [-88.836844, 48.333345], [-88.838337, 48.332966], [-88.838669, 48.332751], [-88.839216, 48.33252], [-88.839755, 48.33211], [-88.840898, 48.331426], [-88.841849, 48.330639], [-88.841923, 48.330281], [-88.841589, 48.330102], [-88.841373, 48.330098], [-88.840942, 48.330318], [-88.840295, 48.330443], [-88.840104, 48.330388], [-88.840229, 48.330173], [-88.84051, 48.330018], [-88.840726, 48.330005], [-88.840834, 48.329819], [-88.841049, 48.329688], [-88.841373, 48.329707], [-88.841455, 48.329529], [-88.841697, 48.3294], [-88.842451, 48.329185], [-88.844285, 48.328371], [-88.84538, 48.327667], [-88.845687, 48.32759], [-88.846442, 48.327215], [-88.846563, 48.327094], [-88.846549, 48.32699], [-88.846129, 48.326986], [-88.846117, 48.326843], [-88.847035, 48.326625], [-88.847277, 48.326377], [-88.84752, 48.326246], [-88.848598, 48.325844], [-88.84921, 48.325446], [-88.849677, 48.325315]]}}, {"type": "Feature", "properties": {"d": 10}, "geometry": {"type": "LineString", "coordinates": [[-88.777907, 48.33336], [-88.777252, 48.333211]]}}, {"type": "Feature", "properties": {"d": 10}, "geometry": {"type": "LineString", "coordinates": [[-88.780235, 48.334076], [-88.780314, 48.334756], [-88.780814, 48.334756], [-88.781467, 48.33458], [-88.782767, 48.333718], [-88.782738, 48.333288]]}}, {"type": "Feature", "properties": {"d": 10}, "geometry": {"type": "LineString", "coordinates": [[-88.775522, 48.335928], [-88.775805, 48.335884], [-88.776291, 48.335667], [-88.776402, 48.335544], [-88.776445, 48.335324]]}}, {"type": "Feature", "properties": {"d": 10}, "geometry": {"type": "LineString", "coordinates": [[-88.774242, 48.337502], [-88.774776, 48.337227], [-88.774741, 48.337083], [-88.7745, 48.336833]]}}, {"type": "Feature", "properties": {"d": 12}, "geometry": {"type": "LineString", "coordinates": [[-88.846549, 48.300691], [-88.846632, 48.300767], [-88.846495, 48.300946], [-88.84619, 48.301125], [-88.846054, 48.301125], [-88.84599, 48.300982], [-88.846095, 48.300838], [-88.846549, 48.300691]]}}, {"type": "Feature", "properties": {"d": 12}, "geometry": {"type": "LineString", "coordinates": [[-88.842425, 48.304654], [-88.842489, 48.304708], [-88.842391, 48.304815], [-88.842128, 48.304902], [-88.841943, 48.304867]]}}, {"type": "Feature", "properties": {"d": 12}, "geometry": {"type": "LineString", "coordinates": [[-88.849677, 48.305078], [-88.849245, 48.305088], [-88.849103, 48.304994], [-88.849192, 48.304881], [-88.849677, 48.304689]]}}, {"type": "Feature", "properties": {"d": 12}, "geometry": {"type": "LineString", "coordinates": [[-88.844824, 48.307102], [-88.844791, 48.307215], [-88.8445, 48.307423], [-88.844093, 48.307466], [-88.844393, 48.307255], [-88.844824, 48.307102]]}}, {"type": "Feature", "properties": {"d": 12}, "geometry": {"type": "LineString", "coordinates": [[-88.844069, 48.307488], [-88.843908, 48.307717], [-88.843759, 48.307789], [-88.843588, 48.307789], [-88.843882, 48.307538], [-88.844069, 48.307488]]}}, {"type": "Feature", "properties": {"d": 12}, "geometry": {"type": "LineString", "coordinates": [[-88.837667, 48.310583], [-88.83776, 48.310733], [-88.837491, 48.310743], [-88.837383, 48.310849], [-88.836251, 48.311054], [-88.83609, 48.311013], [-88.836197, 48.310866], [-88.837449, 48.310555]]}}, {"type": "Feature", "properties": {"d": 12}, "geometry": {"type": "LineString", "coordinates": [[-88.835226, 48.310868], [-88.835234, 48.310977], [-88.834964, 48.311227], [-88.834471, 48.311294], [-88.83377, 48.311489], [-88.833501, 48.31162], [-88.833123, 48.311656], [-88.832314, 48.311994], [-88.831991, 48.312026], [-88.831889, 48.31198], [-88.832208, 48.311657], [-88.833345, 48.311192], [-88.834471, 48.310922], [-88.834902, 48.310853], [-88.835226, 48.310868]]}}, {"type": "Feature", "properties": {"d": 12}, "geometry": {"type": "LineString", "coordinates": [[-88.819158, 48.311665], [-88.818888, 48.311615], [-88.818837, 48.311442], [-88.819054, 48.311192], [-88.819265, 48.311076], [-88.819482, 48.311048]]}}, {"type": "Feature", "properties": {"d": 12}, "geometry": {"type": "LineString", "coordinates": [[-88.816354, 48.31299], [-88.81644, 48.313126], [-88.816408, 48.313245], [-88.816053, 48.313269], [-88.816061, 48.313126], [-88.816354, 48.31299]]}}, {"type": "Feature", "properties": {"d": 12}, "geometry": {"type": "LineString", "coordinates": [[-88.794785, 48.319592], [-88.794883, 48.319716], [-88.794826, 48.319895], [-88.79457, 48.320018], [-88.794209, 48.320003], [-88.794193, 48.319895], [-88.794337, 48.319752], [-88.794516, 48.319638], [-88.794785, 48.319592]]}}, {"type": "Feature", "properties": {"d": 12}, "geometry": {"type": "LineString", "coordinates": [[-88.791065, 48.320748], [-88.791143, 48.320898], [-88.791011, 48.321062], [-88.790312, 48.32122], [-88.789933, 48.321431], [-88.789501, 48.321423], [-88.789163, 48.321722], [-88.789141, 48.321829], [-88.789609, 48.321918], [-88.789702, 48.32208], [-88.78907, 48.32282], [-88.788585, 48.323083], [-88.787938, 48.323281], [-88.787388, 48.323154], [-88.787341, 48.322617], [-88.788129, 48.32208], [-88.787903, 48.321901], [-88.788085, 48.321686], [-88.7888, 48.321351], [-88.789555, 48.32124], [-88.790903, 48.320756], [-88.791065, 48.320748]]}}, {"type": "Feature", "properties": {"d": 12}, "geometry": {"type": "LineString", "coordinates": [[-88.810332, 48.321639], [-88.809913, 48.321328], [-88.809937, 48.321127], [-88.810364, 48.320791], [-88.810854, 48.320669], [-88.812741, 48.320865], [-88.812807, 48.320934], [-88.812749, 48.321077], [-88.812191, 48.321392]]}}, {"type": "Feature", "properties": {"d": 12}, "geometry": {"type": "LineString", "coordinates": [[-88.812199, 48.321688], [-88.812741, 48.321917], [-88.812816, 48.322295], [-88.812681, 48.32251], [-88.812094, 48.322863], [-88.811663, 48.322904], [-88.81121, 48.32276], [-88.810476, 48.322769], [-88.809236, 48.323016], [-88.808052, 48.323477], [-88.807079, 48.323636], [-88.806802, 48.323154], [-88.806867, 48.323083], [-88.807204, 48.322986]]}}, {"type": "Feature", "properties": {"d": 12}, "geometry": {"type": "LineString", "coordinates": [[-88.806972, 48.322534], [-88.807129, 48.322617], [-88.807133, 48.322673], [-88.806938, 48.322581], [-88.806972, 48.322534]]}}, {"type": "Feature", "properties": {"d": 12}, "geometry": {"type": "LineString", "coordinates": [[-88.804815, 48.323796], [-88.804938, 48.323906], [-88.804921, 48.323978], [-88.804383, 48.324265], [-88.804096, 48.324551], [-88.80379, 48.324676], [-88.803524, 48.324658], [-88.803458, 48.324587], [-88.803575, 48.324387], [-88.804653, 48.323778], [-88.804815, 48.323796]]}}, {"type": "Feature", "properties": {"d": 12}, "geometry": {"type": "LineString", "coordinates": [[-88.827354, 48.324903], [-88.827416, 48.325017], [-88.827321, 48.32516], [-88.826976, 48.325216], [-88.82705, 48.325017], [-88.827354, 48.324903]]}}, {"type": "Feature", "properties": {"d": 12}, "geometry": {"type": "LineString", "coordinates": [[-88.801418, 48.325122], [-88.801482, 48.32516], [-88.801444, 48.325231], [-88.801108, 48.325518], [-88.800555, 48.325754], [-88.80033, 48.325733], [-88.800512, 48.325482], [-88.80104, 48.325173], [-88.801418, 48.325122]]}}, {"type": "Feature", "properties": {"d": 12}, "geometry": {"type": "LineString", "coordinates": [[-88.826221, 48.325299], [-88.826383, 48.325346], [-88.826424, 48.325446], [-88.825824, 48.325876], [-88.824658, 48.326404], [-88.823795, 48.326942], [-88.823148, 48.327182], [-88.822609, 48.327011], [-88.822662, 48.326733], [-88.823633, 48.326203], [-88.824339, 48.325912], [-88.824873, 48.325778], [-88.825445, 48.325482], [-88.826221, 48.325299]]}}, {"type": "Feature", "properties": {"d": 12}, "geometry": {"type": "LineString", "coordinates": [[-88.798668, 48.326517], [-88.798021, 48.327102], [-88.797697, 48.327174], [-88.797687, 48.327094], [-88.798111, 48.326735], [-88.798668, 48.326517]]}}, {"type": "Feature", "properties": {"d": 12}, "geometry": {"type": "LineString", "coordinates": [[-88.779038, 48.327094], [-88.779094, 48.327564], [-88.779418, 48.327416], [-88.779744, 48.327559], [-88.779903, 48.327365], [-88.780119, 48.327381], [-88.7802, 48.327308], [-88.780443, 48.327366], [-88.781467, 48.327397], [-88.781751, 48.327487], [-88.782176, 48.327953], [-88.782113, 48.328347], [-88.781873, 48.328598], [-88.781433, 48.328884], [-88.780874, 48.329021], [-88.780658, 48.329144], [-88.780496, 48.329098], [-88.780227, 48.329122], [-88.780119, 48.329377], [-88.779795, 48.329275], [-88.779688, 48.329355], [-88.779364, 48.329366], [-88.779274, 48.3296], [-88.779466, 48.329855]]}}, {"type": "Feature", "properties": {"d": 12}, "geometry": {"type": "LineString", "coordinates": [[-88.776622, 48.327661], [-88.776414, 48.328204], [-88.776021, 48.328322], [-88.775657, 48.328302]]}}, {"type": "Feature", "properties": {"d": 12}, "geometry": {"type": "LineString", "coordinates": [[-88.774242, 48.329626], [-88.774727, 48.329509], [-88.77559, 48.32895], [-88.776722, 48.328454], [-88.777328, 48.327953], [-88.777332, 48.32781], [-88.777145, 48.327529]]}}, {"type": "Feature", "properties": {"d": 12}, "geometry": {"type": "LineString", "coordinates": [[-88.798776, 48.329704], [-88.798671, 48.329958], [-88.798506, 48.330103], [-88.798129, 48.330213], [-88.797967, 48.330183], [-88.79796, 48.330101], [-88.798152, 48.329922], [-88.798632, 48.329708], [-88.798776, 48.329704]]}}, {"type": "Feature", "properties": {"d": 12}, "geometry": {"type": "LineString", "coordinates": [[-88.779094, 48.330005], [-88.778663, 48.329877], [-88.778394, 48.329909], [-88.77835, 48.329994], [-88.778674, 48.330316], [-88.778607, 48.33071], [-88.778709, 48.330818], [-88.778764, 48.331247], [-88.779099, 48.331638]]}}, {"type": "Feature", "properties": {"d": 12}, "geometry": {"type": "LineString", "coordinates": [[-88.778018, 48.330245], [-88.777395, 48.330352], [-88.777443, 48.330531], [-88.777746, 48.330617], [-88.778178, 48.330559], [-88.7783, 48.330424], [-88.778018, 48.330245]]}}, {"type": "Feature", "properties": {"d": 12}, "geometry": {"type": "LineString", "coordinates": [[-88.797481, 48.330343], [-88.797419, 48.330495], [-88.797248, 48.330531], [-88.797266, 48.330399], [-88.797481, 48.330343]]}}, {"type": "Feature", "properties": {"d": 12}, "geometry": {"type": "LineString", "coordinates": [[-88.796942, 48.330624], [-88.796511, 48.330956], [-88.796216, 48.330961], [-88.796403, 48.330747], [-88.796942, 48.330624]]}}, {"type": "Feature", "properties": {"d": 12}, "geometry": {"type": "LineString", "coordinates": [[-88.778187, 48.332423], [-88.77779, 48.332142], [-88.777761, 48.33225], [-88.777853, 48.332393], [-88.778177, 48.33243]]}}, {"type": "Feature", "properties": {"d": 12}, "geometry": {"type": "LineString", "coordinates": [[-88.785239, 48.332538], [-88.785673, 48.332688], [-88.786158, 48.332686], [-88.787237, 48.33237], [-88.787991, 48.332342], [-88.788261, 48.332254], [-88.789933, 48.332059], [-88.790256, 48.332093], [-88.790687, 48.332242], [-88.791227, 48.332181], [-88.791584, 48.332286], [-88.7918, 48.332465], [-88.791982, 48.332478], [-88.792156, 48.332393], [-88.792232, 48.332214], [-88.792359, 48.332136], [-88.792898, 48.332037], [-88.795163, 48.330942], [-88.795864, 48.330864], [-88.796012, 48.330961], [-88.796018, 48.331104], [-88.795682, 48.33157], [-88.795019, 48.332107], [-88.794624, 48.332279], [-88.794473, 48.332465], [-88.794869, 48.332894], [-88.794862, 48.333073], [-88.794745, 48.333226]]}}, {"type": "Feature", "properties": {"d": 12}, "geometry": {"type": "LineString", "coordinates": [[-88.777138, 48.333145], [-88.777315, 48.332738], [-88.777666, 48.332501], [-88.777531, 48.332432], [-88.777207, 48.332418], [-88.776649, 48.332536], [-88.776336, 48.332787], [-88.776183, 48.333093], [-88.775796, 48.333038], [-88.775697, 48.33314], [-88.775428, 48.333164], [-88.77532, 48.333344], [-88.774997, 48.333275], [-88.774995, 48.333503], [-88.775189, 48.333662]]}}, {"type": "Feature", "properties": {"d": 12}, "geometry": {"type": "LineString", "coordinates": [[-88.794273, 48.333181], [-88.794267, 48.33268], [-88.794084, 48.332585], [-88.793869, 48.332626], [-88.79376, 48.332715], [-88.793645, 48.33293], [-88.793641, 48.333181]]}}, {"type": "Feature", "properties": {"d": 12}, "geometry": {"type": "LineString", "coordinates": [[-88.793544, 48.333323], [-88.793322, 48.333575], [-88.793352, 48.333718], [-88.793517, 48.333682], [-88.793845, 48.333451]]}}, {"type": "Feature", "properties": {"d": 12}, "geometry": {"type": "LineString", "coordinates": [[-88.777837, 48.333371], [-88.777305, 48.333259]]}}, {"type": "Feature", "properties": {"d": 12}, "geometry": {"type": "LineString", "coordinates": [[-88.794762, 48.333595], [-88.794753, 48.334004], [-88.795055, 48.334132], [-88.795601, 48.333969], [-88.795665, 48.33379], [-88.795584, 48.333646], [-88.795648, 48.333615], [-88.796619, 48.33361], [-88.797104, 48.333357], [-88.798506, 48.332881], [-88.798722, 48.332839], [-88.799045, 48.332887], [-88.799288, 48.333145], [-88.799477, 48.33358], [-88.799715, 48.333825], [-88.799879, 48.334148], [-88.799843, 48.33447], [-88.799641, 48.334899], [-88.799567, 48.33558], [-88.798991, 48.33626], [-88.799099, 48.336319], [-88.799369, 48.336291], [-88.7998, 48.336189], [-88.80007, 48.335819], [-88.800501, 48.335602], [-88.800825, 48.335504], [-88.801202, 48.335498], [-88.801633, 48.335397], [-88.802584, 48.335007], [-88.803143, 48.334641], [-88.80406, 48.334314], [-88.804329, 48.334158], [-88.805408, 48.33387], [-88.806217, 48.333547], [-88.807344, 48.33293], [-88.808266, 48.33232], [-88.808589, 48.332246], [-88.808805, 48.332444], [-88.808967, 48.332411], [-88.809398, 48.331991], [-88.809937, 48.331762], [-88.810099, 48.33159], [-88.810677, 48.331319], [-88.811306, 48.330818], [-88.812741, 48.330353], [-88.813604, 48.3299], [-88.815302, 48.329278], [-88.815599, 48.328934], [-88.816937, 48.32806], [-88.818025, 48.327526], [-88.818726, 48.327461], [-88.819481, 48.327605], [-88.82153, 48.327097], [-88.822177, 48.32707], [-88.822393, 48.327256], [-88.82304, 48.327272], [-88.822956, 48.327452], [-88.822662, 48.32757], [-88.822216, 48.328168], [-88.821656, 48.328598], [-88.821276, 48.329099], [-88.821214, 48.329278], [-88.821261, 48.329584], [-88.82153, 48.329658], [-88.821891, 48.3296], [-88.822932, 48.329146], [-88.823202, 48.329104], [-88.823934, 48.328741], [-88.824711, 48.328256], [-88.826167, 48.32771], [-88.826562, 48.327416], [-88.827354, 48.327111], [-88.827422, 48.327129], [-88.827405, 48.327237], [-88.82714, 48.327595], [-88.82648, 48.32806], [-88.826221, 48.328346], [-88.825849, 48.329135], [-88.826113, 48.330209], [-88.826285, 48.330567], [-88.826545, 48.33089], [-88.826921, 48.33114], [-88.827192, 48.33123], [-88.829025, 48.331168], [-88.829455, 48.331283], [-88.829696, 48.331856], [-88.829996, 48.333226], [-88.830643, 48.333636], [-88.830912, 48.334008], [-88.83104, 48.334613], [-88.831041, 48.335222], [-88.831236, 48.335455], [-88.831937, 48.335655], [-88.832638, 48.335411], [-88.833123, 48.334981], [-88.833716, 48.334658], [-88.834363, 48.334419], [-88.834695, 48.334112], [-88.834956, 48.333984], [-88.83555, 48.333829], [-88.836035, 48.333584], [-88.836844, 48.333305], [-88.838034, 48.333038], [-88.83918, 48.332501], [-88.839755, 48.332049], [-88.84078, 48.331445], [-88.841589, 48.330783], [-88.84176, 48.330531], [-88.841778, 48.330281], [-88.841481, 48.330141], [-88.840942, 48.330349], [-88.840187, 48.330497], [-88.840019, 48.330424], [-88.840101, 48.330209], [-88.840456, 48.330007], [-88.840721, 48.329958], [-88.840807, 48.329815], [-88.841041, 48.329672], [-88.841211, 48.329613], [-88.841373, 48.329675], [-88.841448, 48.329493], [-88.842451, 48.329145], [-88.8445, 48.328245], [-88.845309, 48.327668], [-88.84564, 48.327559], [-88.846434, 48.327129], [-88.846388, 48.327078], [-88.845687, 48.327053], [-88.845673, 48.326986], [-88.845902, 48.326932], [-88.84628, 48.326726], [-88.846918, 48.326556], [-88.847347, 48.32627], [-88.848167, 48.325924], [-88.848544, 48.32583], [-88.849192, 48.32543], [-88.849677, 48.325278]]}}, {"type": "Feature", "properties": {"d": 12}, "geometry": {"type": "LineString", "coordinates": [[-88.834255, 48.333844], [-88.834255, 48.333997], [-88.83404, 48.334096], [-88.833891, 48.334076], [-88.833932, 48.333917], [-88.834255, 48.333844]]}}, {"type": "Feature", "properties": {"d": 12}, "geometry": {"type": "LineString", "coordinates": [[-88.809043, 48.33404], [-88.808589, 48.33409], [-88.808535, 48.334255], [-88.809021, 48.334623], [-88.809506, 48.334772], [-88.80974, 48.334577], [-88.809727, 48.334327], [-88.809043, 48.33404]]}}, {"type": "Feature", "properties": {"d": 12}, "geometry": {"type": "LineString", "coordinates": [[-88.781331, 48.334023], [-88.781791, 48.333924], [-88.782136, 48.333754], [-88.782301, 48.333379]]}}, {"type": "Feature", "properties": {"d": 12}, "geometry": {"type": "LineString", "coordinates": [[-88.775502, 48.335915], [-88.775799, 48.335866], [-88.776279, 48.335651], [-88.776424, 48.33531]]}}, {"type": "Feature", "properties": {"d": 15}, "geometry": {"type": "LineString", "coordinates": [[-88.846873, 48.300552], [-88.84695, 48.300588], [-88.846909, 48.300695], [-88.846576, 48.300982], [-88.846226, 48.301159], [-88.845614, 48.30134], [-88.845542, 48.300982], [-88.845633, 48.300841], [-88.846873, 48.300552]]}}, {"type": "Feature", "properties": {"d": 15}, "geometry": {"type": "LineString", "coordinates": [[-88.843947, 48.3016], [-88.843961, 48.301386], [-88.844285, 48.301266], [-88.844463, 48.30134]]}}, {"type": "Feature", "properties": {"d": 15}, "geometry": {"type": "LineString", "coordinates": [[-88.845687, 48.301713], [-88.846334, 48.301717], [-88.846442, 48.301789], [-88.846442, 48.302092], [-88.846206, 48.3022], [-88.846187, 48.302522], [-88.845525, 48.303072], [-88.844824, 48.3035], [-88.844554, 48.303576], [-88.844409, 48.303479]]}}, {"type": "Feature", "properties": {"d": 15}, "geometry": {"type": "LineString", "coordinates": [[-88.842378, 48.302141], [-88.842217, 48.302021], [-88.842286, 48.301913], [-88.842559, 48.301881], [-88.842743, 48.302006]]}}, {"type": "Feature", "properties": {"d": 15}, "geometry": {"type": "LineString", "coordinates": [[-88.844143, 48.303597], [-88.844286, 48.30374], [-88.844123, 48.303941], [-88.843638, 48.304196], [-88.843236, 48.304258]]}}, {"type": "Feature", "properties": {"d": 15}, "geometry": {"type": "LineString", "coordinates": [[-88.842721, 48.304484], [-88.842802, 48.304564], [-88.842678, 48.304744], [-88.842236, 48.304945], [-88.841788, 48.30503], [-88.841244, 48.305008]]}}, {"type": "Feature", "properties": {"d": 15}, "geometry": {"type": "LineString", "coordinates": [[-88.849677, 48.305181], [-88.849084, 48.305218], [-88.848723, 48.305496], [-88.848479, 48.30546], [-88.848544, 48.305332], [-88.848943, 48.305066], [-88.849084, 48.30489], [-88.849677, 48.304588]]}}, {"type": "Feature", "properties": {"d": 15}, "geometry": {"type": "LineString", "coordinates": [[-88.831584, 48.306483], [-88.831613, 48.306348], [-88.831819, 48.306212], [-88.833123, 48.305603], [-88.833662, 48.305551], [-88.833961, 48.305926]]}}, {"type": "Feature", "properties": {"d": 15}, "geometry": {"type": "LineString", "coordinates": [[-88.845094, 48.306864], [-88.845129, 48.306965], [-88.845023, 48.307108], [-88.844554, 48.307454], [-88.843638, 48.307886], [-88.843368, 48.307945], [-88.843206, 48.307898], [-88.843584, 48.307596], [-88.844787, 48.306965], [-88.845094, 48.306864]]}}, {"type": "Feature", "properties": {"d": 15}, "geometry": {"type": "LineString", "coordinates": [[-88.829872, 48.307036], [-88.830319, 48.306784], [-88.830966, 48.306537], [-88.831182, 48.306522], [-88.831268, 48.306585]]}}, {"type": "Feature", "properties": {"d": 15}, "geometry": {"type": "LineString", "coordinates": [[-88.840726, 48.309034], [-88.840744, 48.309114], [-88.840564, 48.309216], [-88.840133, 48.309326], [-88.840025, 48.309301], [-88.840499, 48.309042], [-88.840726, 48.309034]]}}, {"type": "Feature", "properties": {"d": 15}, "geometry": {"type": "LineString", "coordinates": [[-88.837767, 48.310184], [-88.837931, 48.309974], [-88.838337, 48.30983], [-88.838623, 48.309752], [-88.839054, 48.309756]]}}, {"type": "Feature", "properties": {"d": 15}, "geometry": {"type": "LineString", "coordinates": [[-88.838469, 48.310475], [-88.838515, 48.310518], [-88.838278, 48.310654], [-88.837437, 48.310882], [-88.836304, 48.311086], [-88.835388, 48.311129], [-88.835118, 48.311256], [-88.834525, 48.311312], [-88.833824, 48.31152], [-88.833554, 48.31166], [-88.833123, 48.311702], [-88.832314, 48.312032], [-88.831937, 48.312096], [-88.831698, 48.312051], [-88.831763, 48.311908], [-88.83216, 48.311621], [-88.833818, 48.310977], [-88.835226, 48.310684], [-88.835711, 48.310732], [-88.836251, 48.310546], [-88.836736, 48.310673], [-88.837343, 48.31052]]}}, {"type": "Feature", "properties": {"d": 15}, "geometry": {"type": "LineString", "coordinates": [[-88.819061, 48.311865], [-88.818726, 48.311648], [-88.818716, 48.311442], [-88.81905, 48.31111], [-88.819427, 48.310955], [-88.819683, 48.31095]]}}, {"type": "Feature", "properties": {"d": 15}, "geometry": {"type": "LineString", "coordinates": [[-88.818457, 48.312289], [-88.818577, 48.312338], [-88.818457, 48.312525], [-88.818241, 48.312588], [-88.818278, 48.312374], [-88.818457, 48.312289]]}}, {"type": "Feature", "properties": {"d": 15}, "geometry": {"type": "LineString", "coordinates": [[-88.81754, 48.312623], [-88.817756, 48.312682], [-88.817755, 48.312804], [-88.817237, 48.313054], [-88.816677, 48.313132], [-88.816508, 48.313269], [-88.816246, 48.313352], [-88.815976, 48.313348], [-88.815781, 48.313269], [-88.815797, 48.313126], [-88.816084, 48.312922], [-88.81754, 48.312623]]}}, {"type": "Feature", "properties": {"d": 15}, "geometry": {"type": "LineString", "coordinates": [[-88.795001, 48.319459], [-88.795098, 48.319537], [-88.795129, 48.319716], [-88.794947, 48.31996], [-88.794615, 48.320074], [-88.794192, 48.320127], [-88.793992, 48.320039], [-88.794015, 48.319895], [-88.794376, 48.319609], [-88.795001, 48.319459]]}}, {"type": "Feature", "properties": {"d": 15}, "geometry": {"type": "LineString", "coordinates": [[-88.793168, 48.320172], [-88.79319, 48.320325], [-88.793006, 48.320376], [-88.792979, 48.320218], [-88.793168, 48.320172]]}}, {"type": "Feature", "properties": {"d": 15}, "geometry": {"type": "LineString", "coordinates": [[-88.791173, 48.320669], [-88.791289, 48.320827], [-88.791151, 48.321041], [-88.79031, 48.321314], [-88.78979, 48.32165], [-88.790046, 48.321901], [-88.790002, 48.32208], [-88.789555, 48.322402], [-88.78907, 48.322885], [-88.788033, 48.323369], [-88.787697, 48.323369], [-88.787129, 48.323211], [-88.78703, 48.323011], [-88.787059, 48.322617], [-88.787586, 48.322187], [-88.787452, 48.322145], [-88.787183, 48.322225], [-88.787142, 48.322152], [-88.78756, 48.321973], [-88.787776, 48.321758], [-88.788291, 48.321471], [-88.788638, 48.321336], [-88.79031, 48.320917], [-88.790957, 48.32068], [-88.791173, 48.320669]]}}, {"type": "Feature", "properties": {"d": 15}, "geometry": {"type": "LineString", "coordinates": [[-88.812256, 48.321613], [-88.812903, 48.32174], [-88.812967, 48.322259], [-88.812905, 48.32251], [-88.812648, 48.322832], [-88.812253, 48.323011], [-88.811501, 48.323075], [-88.8108, 48.322869], [-88.810476, 48.322889], [-88.809452, 48.323102], [-88.808266, 48.323527], [-88.80742, 48.323727], [-88.806891, 48.323942], [-88.806217, 48.324124], [-88.805839, 48.324162], [-88.80557, 48.324111], [-88.805191, 48.324336], [-88.804976, 48.324593], [-88.804599, 48.324653], [-88.804168, 48.324832], [-88.803628, 48.324912], [-88.803073, 48.32473], [-88.803072, 48.324587], [-88.803271, 48.324408], [-88.804222, 48.323933], [-88.805228, 48.323154], [-88.806535, 48.322474], [-88.808893, 48.321507], [-88.80929, 48.321256], [-88.80955, 48.320898], [-88.810151, 48.320576], [-88.8108, 48.320449], [-88.812849, 48.320747], [-88.812923, 48.320898], [-88.81284, 48.321113], [-88.812551, 48.321328], [-88.812256, 48.321447]]}}, {"type": "Feature", "properties": {"d": 15}, "geometry": {"type": "LineString", "coordinates": [[-88.801957, 48.324794], [-88.802043, 48.324873], [-88.801957, 48.325082], [-88.801148, 48.325579], [-88.800434, 48.325876], [-88.800231, 48.325932], [-88.800024, 48.325912], [-88.800085, 48.325661], [-88.800951, 48.325124], [-88.801579, 48.324837], [-88.801957, 48.324794]]}}, {"type": "Feature", "properties": {"d": 15}, "geometry": {"type": "LineString", "coordinates": [[-88.799207, 48.326122], [-88.79927, 48.326163], [-88.799231, 48.326306], [-88.798677, 48.3267], [-88.79853, 48.326986], [-88.797698, 48.327416], [-88.797428, 48.327459], [-88.797537, 48.327094], [-88.797815, 48.326843], [-88.79883, 48.326244], [-88.799207, 48.326122]]}}, {"type": "Feature", "properties": {"d": 15}, "geometry": {"type": "LineString", "coordinates": [[-88.779775, 48.327036], [-88.780065, 48.327184], [-88.780604, 48.327299], [-88.781521, 48.327257], [-88.782006, 48.327373], [-88.782276, 48.327497], [-88.782627, 48.327774], [-88.782707, 48.327917], [-88.782704, 48.328168], [-88.782438, 48.328416], [-88.781552, 48.32892], [-88.78082, 48.329109], [-88.78042, 48.329564]]}}, {"type": "Feature", "properties": {"d": 15}, "geometry": {"type": "LineString", "coordinates": [[-88.774242, 48.329155], [-88.774457, 48.329302], [-88.774673, 48.329291], [-88.775232, 48.328956], [-88.775284, 48.328777], [-88.775065, 48.328481]]}}, {"type": "Feature", "properties": {"d": 15}, "geometry": {"type": "LineString", "coordinates": [[-88.792119, 48.332142], [-88.791874, 48.332127], [-88.791725, 48.332214], [-88.791717, 48.332321], [-88.791874, 48.332443], [-88.792035, 48.332437], [-88.792146, 48.332357], [-88.792119, 48.332142]]}}, {"type": "Feature", "properties": {"d": 15}, "geometry": {"type": "LineString", "coordinates": [[-88.785261, 48.332523], [-88.785727, 48.332657], [-88.786266, 48.332613], [-88.787183, 48.33233], [-88.787991, 48.332291], [-88.789179, 48.332035], [-88.789609, 48.331871], [-88.790849, 48.331924], [-88.791226, 48.331749], [-88.791712, 48.331672], [-88.792143, 48.331492], [-88.792265, 48.331534], [-88.792071, 48.331784], [-88.792116, 48.331928], [-88.792305, 48.33204], [-88.792736, 48.331979], [-88.795266, 48.330818], [-88.796511, 48.330578], [-88.797674, 48.330101], [-88.799369, 48.329195], [-88.79953, 48.32917], [-88.799523, 48.329278], [-88.799099, 48.329591], [-88.798506, 48.33019], [-88.797805, 48.330381], [-88.797535, 48.330595], [-88.797127, 48.330746], [-88.796714, 48.331068], [-88.79608, 48.331824], [-88.795158, 48.332393], [-88.794713, 48.332536], [-88.794917, 48.33293], [-88.794766, 48.333239]]}}, {"type": "Feature", "properties": {"d": 15}, "geometry": {"type": "LineString", "coordinates": [[-88.794247, 48.333181], [-88.794233, 48.33268], [-88.794084, 48.332622], [-88.79381, 48.332715], [-88.793689, 48.33293], [-88.793685, 48.333181]]}}, {"type": "Feature", "properties": {"d": 15}, "geometry": {"type": "LineString", "coordinates": [[-88.832206, 48.333403], [-88.832235, 48.333467], [-88.831916, 48.333718], [-88.831613, 48.333842], [-88.831412, 48.333825], [-88.831613, 48.333593], [-88.832206, 48.333403]]}}, {"type": "Feature", "properties": {"d": 15}, "geometry": {"type": "LineString", "coordinates": [[-88.777826, 48.333413], [-88.77725, 48.333288]]}}, {"type": "Feature", "properties": {"d": 15}, "geometry": {"type": "LineString", "coordinates": [[-88.795214, 48.333576], [-88.796536, 48.333539], [-88.796952, 48.333324], [-88.79883, 48.332595], [-88.799423, 48.332461], [-88.799758, 48.332465], [-88.799908, 48.332594], [-88.800159, 48.333575], [-88.800316, 48.333897], [-88.800281, 48.33404], [-88.800008, 48.334362], [-88.799807, 48.334899], [-88.799871, 48.335365], [-88.800016, 48.335426], [-88.800501, 48.335369], [-88.801148, 48.335403], [-88.802173, 48.335011], [-88.802874, 48.33457], [-88.804653, 48.33372], [-88.8053, 48.333554], [-88.806055, 48.333442], [-88.80681, 48.33313], [-88.808427, 48.332089], [-88.809429, 48.331856], [-88.809937, 48.331609], [-88.810962, 48.330868], [-88.811708, 48.33046], [-88.812148, 48.330277], [-88.812903, 48.330094], [-88.813334, 48.329854], [-88.814744, 48.329314], [-88.816785, 48.32804], [-88.817864, 48.327493], [-88.818565, 48.327379], [-88.819104, 48.327375], [-88.819481, 48.327438], [-88.820074, 48.327416], [-88.821314, 48.3271], [-88.822447, 48.326994], [-88.822662, 48.326691], [-88.823633, 48.326161], [-88.824765, 48.325751], [-88.825412, 48.32543], [-88.826113, 48.325215], [-88.826653, 48.325141], [-88.827246, 48.324846], [-88.827623, 48.324763], [-88.827665, 48.324838], [-88.827354, 48.3252], [-88.826599, 48.325493], [-88.825801, 48.325983], [-88.824658, 48.326518], [-88.823476, 48.327201], [-88.822963, 48.327667], [-88.822889, 48.327989], [-88.822716, 48.32825], [-88.821962, 48.328807], [-88.821746, 48.329083], [-88.821718, 48.329278], [-88.821854, 48.329334], [-88.822138, 48.329314], [-88.822644, 48.329099], [-88.823202, 48.328958], [-88.824912, 48.32806], [-88.826113, 48.327665], [-88.826513, 48.32738], [-88.827608, 48.326915], [-88.828486, 48.326167], [-88.828863, 48.326034], [-88.828594, 48.326459], [-88.827377, 48.32738], [-88.827014, 48.327774], [-88.826317, 48.328347], [-88.826142, 48.328956], [-88.826177, 48.32917], [-88.826922, 48.330047], [-88.827942, 48.330567], [-88.828917, 48.330834], [-88.829456, 48.330869], [-88.829842, 48.330997], [-88.830115, 48.331426], [-88.830533, 48.331749], [-88.830665, 48.333038], [-88.831175, 48.333825], [-88.831263, 48.33515], [-88.831544, 48.335329], [-88.83226, 48.335424], [-88.83259, 48.335329], [-88.833015, 48.334922], [-88.833295, 48.334756], [-88.833737, 48.334004], [-88.833986, 48.333827], [-88.835118, 48.333591], [-88.835496, 48.333459], [-88.836447, 48.33336], [-88.837437, 48.33307], [-88.837976, 48.332984], [-88.83912, 48.332465], [-88.839585, 48.332071], [-88.840066, 48.33182], [-88.84078, 48.331326], [-88.84144, 48.33071], [-88.841443, 48.33046], [-88.841265, 48.330325], [-88.840518, 48.33046], [-88.840187, 48.330582], [-88.839809, 48.330543], [-88.840042, 48.330173], [-88.841373, 48.329485], [-88.843136, 48.328812], [-88.843422, 48.328613], [-88.8445, 48.328202], [-88.845465, 48.327523], [-88.845384, 48.327129], [-88.84545, 48.326986], [-88.846764, 48.326521], [-88.84727, 48.326234], [-88.848536, 48.325769], [-88.849192, 48.325394], [-88.849677, 48.325231]]}}, {"type": "Feature", "properties": {"d": 15}, "geometry": {"type": "LineString", "coordinates": [[-88.781306, 48.333969], [-88.781758, 48.333861], [-88.782025, 48.333718], [-88.782222, 48.33336]]}}, {"type": "Feature", "properties": {"d": 15}, "geometry": {"type": "LineString", "coordinates": [[-88.775464, 48.33589], [-88.775801, 48.33583], [-88.776237, 48.335635], [-88.776345, 48.335517], [-88.776385, 48.335284]]}}, {"type": "Feature", "properties": {"d": 20}, "geometry": {"type": "LineString", "coordinates": [[-88.836305, 48.304779], [-88.836202, 48.304672], [-88.836251, 48.304569], [-88.836844, 48.304231], [-88.838192, 48.303729], [-88.839, 48.303309], [-88.839932, 48.303024], [-88.840409, 48.302737], [-88.840888, 48.302659], [-88.841049, 48.302495], [-88.84141, 48.302307], [-88.841909, 48.302236], [-88.842029, 48.301877], [-88.842315, 48.301698], [-88.842937, 48.301594], [-88.84353, 48.301333], [-88.844899, 48.300874], [-88.846819, 48.300443], [-88.847143, 48.30046], [-88.847128, 48.300623], [-88.84655, 48.301197], [-88.846655, 48.301519], [-88.846832, 48.301698], [-88.846783, 48.301949], [-88.846495, 48.302246], [-88.846388, 48.302478], [-88.845287, 48.303346], [-88.844446, 48.303739], [-88.844114, 48.304027], [-88.843275, 48.304421], [-88.842667, 48.304843], [-88.84229, 48.304982], [-88.841533, 48.305173], [-88.84051, 48.305341], [-88.839863, 48.305583], [-88.839432, 48.305658], [-88.839315, 48.305747], [-88.838073, 48.305962], [-88.83774, 48.305939]]}}, {"type": "Feature", "properties": {"d": 20}, "geometry": {"type": "LineString", "coordinates": [[-88.849677, 48.305236], [-88.849138, 48.305322], [-88.848706, 48.305546], [-88.848437, 48.305581], [-88.848298, 48.305496], [-88.848338, 48.305388], [-88.84876, 48.305041], [-88.849677, 48.304482]]}}, {"type": "Feature", "properties": {"d": 20}, "geometry": {"type": "LineString", "coordinates": [[-88.845201, 48.306745], [-88.8453, 48.306821], [-88.845201, 48.307031], [-88.8445, 48.307567], [-88.843368, 48.308069], [-88.843098, 48.308143], [-88.842976, 48.308111], [-88.842936, 48.308003], [-88.843012, 48.307896], [-88.84353, 48.307541], [-88.844662, 48.306958], [-88.845201, 48.306745]]}}, {"type": "Feature", "properties": {"d": 20}, "geometry": {"type": "LineString", "coordinates": [[-88.830857, 48.30804], [-88.830986, 48.308147], [-88.830916, 48.308254], [-88.830317, 48.308471]]}}, {"type": "Feature", "properties": {"d": 20}, "geometry": {"type": "LineString", "coordinates": [[-88.825335, 48.308879], [-88.825532, 48.30872], [-88.826113, 48.308526], [-88.826894, 48.308111], [-88.829456, 48.307127], [-88.829726, 48.306958], [-88.831311, 48.306356], [-88.832948, 48.305603], [-88.835334, 48.304763], [-88.835719, 48.304708], [-88.836024, 48.304887]]}}, {"type": "Feature", "properties": {"d": 20}, "geometry": {"type": "LineString", "coordinates": [[-88.822457, 48.309895], [-88.822399, 48.30983], [-88.822492, 48.309723], [-88.823361, 48.309365], [-88.82455, 48.309063], [-88.824643, 48.309078], [-88.824695, 48.309232]]}}, {"type": "Feature", "properties": {"d": 20}, "geometry": {"type": "LineString", "coordinates": [[-88.824808, 48.310053], [-88.824984, 48.310296], [-88.824582, 48.310654], [-88.823903, 48.310966], [-88.823369, 48.310941]]}}, {"type": "Feature", "properties": {"d": 20}, "geometry": {"type": "LineString", "coordinates": [[-88.838537, 48.310461], [-88.838651, 48.310547], [-88.83815, 48.310762], [-88.837059, 48.311005], [-88.834579, 48.311397], [-88.833608, 48.311711], [-88.833177, 48.311774], [-88.832099, 48.312135], [-88.831613, 48.312171], [-88.831398, 48.312061], [-88.831242, 48.31223], [-88.830589, 48.312437], [-88.830373, 48.312355], [-88.830351, 48.312159], [-88.830589, 48.312001], [-88.831074, 48.31185], [-88.83129, 48.311874], [-88.831452, 48.311973], [-88.831968, 48.311621], [-88.833921, 48.310869], [-88.834956, 48.310571], [-88.836951, 48.3102], [-88.83846, 48.309687], [-88.839162, 48.30956], [-88.839486, 48.309343], [-88.840342, 48.309042], [-88.840672, 48.308959], [-88.840898, 48.308971], [-88.840963, 48.309042], [-88.840898, 48.309186], [-88.840588, 48.309329], [-88.839896, 48.309974], [-88.839374, 48.310296], [-88.839078, 48.310316]]}}, {"type": "Feature", "properties": {"d": 20}, "geometry": {"type": "LineString", "coordinates": [[-88.819179, 48.312029], [-88.819057, 48.312195], [-88.818569, 48.312445], [-88.818508, 48.312589], [-88.818633, 48.312696], [-88.818565, 48.312776], [-88.818025, 48.312777], [-88.817432, 48.313061], [-88.816731, 48.313229], [-88.816192, 48.31344], [-88.815491, 48.313445], [-88.815108, 48.313627], [-88.814574, 48.313693], [-88.814143, 48.31382], [-88.81355, 48.313883], [-88.813016, 48.313842], [-88.813116, 48.313735], [-88.813451, 48.313663], [-88.814035, 48.313418], [-88.815383, 48.313088], [-88.816138, 48.312713], [-88.816947, 48.312503], [-88.817911, 48.31241], [-88.818634, 48.31198], [-88.818646, 48.311801], [-88.818497, 48.31155], [-88.818785, 48.311192], [-88.818996, 48.311047], [-88.819736, 48.310762], [-88.819966, 48.310752], [-88.820055, 48.31081]]}}, {"type": "Feature", "properties": {"d": 20}, "geometry": {"type": "LineString", "coordinates": [[-88.829888, 48.312426], [-88.829943, 48.312481], [-88.829888, 48.31257], [-88.829674, 48.312589], [-88.829726, 48.312436], [-88.829888, 48.312426]]}}, {"type": "Feature", "properties": {"d": 20}, "geometry": {"type": "LineString", "coordinates": [[-88.812202, 48.313463], [-88.812298, 48.313592], [-88.812202, 48.313761], [-88.811501, 48.313933], [-88.811472, 48.313806], [-88.811718, 48.313592], [-88.811911, 48.313484], [-88.812202, 48.313463]]}}, {"type": "Feature", "properties": {"d": 20}, "geometry": {"type": "LineString", "coordinates": [[-88.797967, 48.318627], [-88.798014, 48.318785], [-88.797882, 48.318964], [-88.797633, 48.319036], [-88.796942, 48.319405], [-88.796133, 48.319523], [-88.794732, 48.32012], [-88.793491, 48.320347], [-88.793006, 48.320517], [-88.79279, 48.320527], [-88.792686, 48.320468], [-88.792765, 48.320218], [-88.792899, 48.320074], [-88.793168, 48.319996], [-88.793599, 48.319995], [-88.794516, 48.319455], [-88.795217, 48.319264], [-88.795756, 48.319309], [-88.795972, 48.319277], [-88.796942, 48.318829], [-88.797751, 48.31862], [-88.797967, 48.318627]]}}, {"type": "Feature", "properties": {"d": 20}, "geometry": {"type": "LineString", "coordinates": [[-88.842397, 48.318845], [-88.842431, 48.318964], [-88.84229, 48.319018], [-88.842274, 48.318964], [-88.842397, 48.318845]]}}, {"type": "Feature", "properties": {"d": 20}, "geometry": {"type": "LineString", "coordinates": [[-88.815491, 48.319316], [-88.815452, 48.319466], [-88.81506, 48.31965], [-88.815, 48.319537], [-88.815114, 48.319385], [-88.815329, 48.319287], [-88.815491, 48.319316]]}}, {"type": "Feature", "properties": {"d": 20}, "geometry": {"type": "LineString", "coordinates": [[-88.814359, 48.319955], [-88.8144, 48.320003], [-88.814306, 48.32011], [-88.813997, 48.320253], [-88.813776, 48.320253], [-88.81402, 48.320003], [-88.814359, 48.319955]]}}, {"type": "Feature", "properties": {"d": 20}, "geometry": {"type": "LineString", "coordinates": [[-88.810962, 48.320287], [-88.811501, 48.320423], [-88.812903, 48.320585], [-88.813083, 48.320647], [-88.812988, 48.321292], [-88.813231, 48.32208], [-88.813156, 48.322653], [-88.813366, 48.323047], [-88.813615, 48.32319], [-88.813703, 48.323405], [-88.813674, 48.323548], [-88.81339, 48.323906], [-88.813698, 48.324157], [-88.814618, 48.324444], [-88.814708, 48.324587], [-88.81468, 48.324694], [-88.814305, 48.325084], [-88.813496, 48.325478], [-88.812341, 48.325804], [-88.811717, 48.326057], [-88.81138, 48.326055], [-88.811016, 48.325879], [-88.810423, 48.32584], [-88.810153, 48.325579], [-88.809991, 48.325514], [-88.809923, 48.32559], [-88.80994, 48.325804], [-88.809614, 48.325861], [-88.809424, 48.326055], [-88.809236, 48.32608], [-88.809197, 48.325948], [-88.809442, 48.325733], [-88.809452, 48.325544], [-88.808859, 48.325757], [-88.808427, 48.32578], [-88.808354, 48.325733], [-88.808383, 48.32559], [-88.80866, 48.325375], [-88.808819, 48.324909], [-88.809074, 48.32469], [-88.809829, 48.324355], [-88.810369, 48.324268], [-88.810746, 48.324075], [-88.811177, 48.323989], [-88.811247, 48.323871], [-88.811022, 48.323727], [-88.810943, 48.323512], [-88.810692, 48.323387], [-88.810476, 48.323386], [-88.810045, 48.323503], [-88.809452, 48.32344], [-88.808859, 48.323508], [-88.807555, 48.323835], [-88.806918, 48.324099], [-88.805677, 48.324473], [-88.804923, 48.324927], [-88.804006, 48.325251], [-88.803413, 48.325304], [-88.802388, 48.325507], [-88.801849, 48.325647], [-88.801148, 48.325984], [-88.799854, 48.326193], [-88.79978, 48.32627], [-88.799962, 48.326294], [-88.800025, 48.326377], [-88.7998, 48.326625], [-88.798139, 48.327273], [-88.797535, 48.327567], [-88.797428, 48.327587], [-88.797275, 48.327523], [-88.797226, 48.32738], [-88.797372, 48.327094], [-88.797751, 48.326758], [-88.79897, 48.326019], [-88.799616, 48.325769], [-88.800124, 48.325398], [-88.801644, 48.324551], [-88.801903, 48.324334], [-88.802927, 48.323854], [-88.803736, 48.323713], [-88.80406, 48.323601], [-88.804599, 48.323151], [-88.805629, 48.322689], [-88.806378, 48.322244], [-88.80681, 48.322113], [-88.807349, 48.321728], [-88.807888, 48.321454], [-88.808419, 48.321292], [-88.808825, 48.320934], [-88.809452, 48.3206], [-88.810315, 48.320326], [-88.810962, 48.320287]]}}, {"type": "Feature", "properties": {"d": 20}, "geometry": {"type": "LineString", "coordinates": [[-88.791335, 48.320537], [-88.791637, 48.320647], [-88.79148, 48.320934], [-88.790408, 48.321435], [-88.790399, 48.321829], [-88.790184, 48.322116], [-88.789555, 48.322524], [-88.789124, 48.322933], [-88.788326, 48.323369], [-88.788045, 48.323458], [-88.787452, 48.323525], [-88.787129, 48.323767], [-88.786967, 48.323809], [-88.786266, 48.323559], [-88.786177, 48.323441], [-88.786206, 48.323298], [-88.786776, 48.32276], [-88.78686, 48.32251], [-88.786805, 48.322431], [-88.786428, 48.322615], [-88.785996, 48.322971], [-88.785565, 48.323084], [-88.785553, 48.322868], [-88.785366, 48.322796], [-88.78539, 48.322617], [-88.786589, 48.322038], [-88.787452, 48.321746], [-88.788153, 48.321395], [-88.789232, 48.321039], [-88.790153, 48.320862], [-88.791065, 48.320556], [-88.791335, 48.320537]]}}, {"type": "Feature", "properties": {"d": 20}, "geometry": {"type": "LineString", "coordinates": [[-88.811213, 48.324873], [-88.810854, 48.324847], [-88.8103, 48.325017], [-88.809988, 48.325196], [-88.809883, 48.3254], [-88.81053, 48.325337], [-88.811016, 48.325195], [-88.811227, 48.325052], [-88.811213, 48.324873]]}}, {"type": "Feature", "properties": {"d": 20}, "geometry": {"type": "LineString", "coordinates": [[-88.816947, 48.326652], [-88.817373, 48.326986], [-88.81727, 48.327181], [-88.816947, 48.327369], [-88.816462, 48.327406], [-88.816138, 48.32751], [-88.815868, 48.3277], [-88.815707, 48.32768], [-88.815624, 48.327559], [-88.815668, 48.32738], [-88.816042, 48.327129], [-88.8163, 48.326831], [-88.816677, 48.326665], [-88.816947, 48.326652]]}}, {"type": "Feature", "properties": {"d": 20}, "geometry": {"type": "LineString", "coordinates": [[-88.779819, 48.327006], [-88.780119, 48.327152], [-88.780658, 48.327225], [-88.781844, 48.326976], [-88.782222, 48.326991], [-88.782956, 48.327308], [-88.783338, 48.327774], [-88.783085, 48.328246], [-88.782419, 48.328705], [-88.781502, 48.329063], [-88.780982, 48.329178], [-88.780525, 48.329584]]}}, {"type": "Feature", "properties": {"d": 20}, "geometry": {"type": "LineString", "coordinates": [[-88.796511, 48.32777], [-88.796473, 48.327881], [-88.796327, 48.327881], [-88.796387, 48.327774], [-88.796511, 48.32777]]}}, {"type": "Feature", "properties": {"d": 20}, "geometry": {"type": "LineString", "coordinates": [[-88.793869, 48.32831], [-88.793937, 48.328347], [-88.793869, 48.328485], [-88.793707, 48.328557], [-88.793551, 48.328526], [-88.793707, 48.328358], [-88.793869, 48.32831]]}}, {"type": "Feature", "properties": {"d": 20}, "geometry": {"type": "LineString", "coordinates": [[-88.79199, 48.332178], [-88.79182, 48.332207], [-88.79176, 48.332286], [-88.791928, 48.332417], [-88.792119, 48.332321], [-88.792092, 48.332214], [-88.79199, 48.332178]]}}, {"type": "Feature", "properties": {"d": 20}, "geometry": {"type": "LineString", "coordinates": [[-88.785295, 48.332501], [-88.785996, 48.332496], [-88.787345, 48.332107], [-88.78783, 48.332062], [-88.788099, 48.332115], [-88.788854, 48.331914], [-88.789393, 48.331869], [-88.789771, 48.331723], [-88.791181, 48.33157], [-88.792683, 48.331115], [-88.79306, 48.331098], [-88.793491, 48.331291], [-88.794036, 48.331212], [-88.795232, 48.33071], [-88.79751, 48.329994], [-88.798075, 48.329669], [-88.798722, 48.329442], [-88.798991, 48.329184], [-88.799477, 48.32891], [-88.800016, 48.32866], [-88.800138, 48.328669], [-88.799776, 48.329314], [-88.799153, 48.329753], [-88.79856, 48.3303], [-88.79812, 48.330495], [-88.797954, 48.330639], [-88.797624, 48.331032], [-88.797339, 48.331534], [-88.796834, 48.332066], [-88.795648, 48.332745], [-88.795217, 48.332885], [-88.795001, 48.333025], [-88.794822, 48.333277]]}}, {"type": "Feature", "properties": {"d": 20}, "geometry": {"type": "LineString", "coordinates": [[-88.794171, 48.333217], [-88.794157, 48.332751], [-88.794084, 48.332691], [-88.793923, 48.332722], [-88.793815, 48.332879], [-88.79378, 48.333181]]}}, {"type": "Feature", "properties": {"d": 20}, "geometry": {"type": "LineString", "coordinates": [[-88.795225, 48.333508], [-88.795794, 48.333467], [-88.796106, 48.333217], [-88.797048, 48.332966], [-88.798236, 48.33243], [-88.799746, 48.33195], [-88.800131, 48.331749], [-88.800594, 48.331605], [-88.801579, 48.331403], [-88.802442, 48.331452], [-88.802747, 48.331605], [-88.802764, 48.331892], [-88.802388, 48.332213], [-88.801579, 48.333158], [-88.800849, 48.334291], [-88.800878, 48.334452], [-88.80104, 48.334614], [-88.801418, 48.334779], [-88.801795, 48.334765], [-88.803005, 48.334291], [-88.804761, 48.33339], [-88.806427, 48.33293], [-88.807442, 48.332393], [-88.808535, 48.331686], [-88.809991, 48.330938], [-88.811285, 48.330339], [-88.814359, 48.329108], [-88.814682, 48.328939], [-88.81506, 48.328625], [-88.815545, 48.328478], [-88.8163, 48.328033], [-88.817537, 48.327487], [-88.817971, 48.32734], [-88.818511, 48.327253], [-88.819319, 48.327196], [-88.820128, 48.327232], [-88.821314, 48.327001], [-88.821746, 48.327022], [-88.822393, 48.326947], [-88.822609, 48.326664], [-88.82331, 48.326232], [-88.826383, 48.324982], [-88.826814, 48.324896], [-88.827893, 48.324541], [-88.827966, 48.324587], [-88.827893, 48.324742], [-88.827569, 48.325148], [-88.826815, 48.32559], [-88.826652, 48.325876], [-88.826059, 48.326151], [-88.82579, 48.326379], [-88.825359, 48.326559], [-88.825117, 48.326915], [-88.824478, 48.327094], [-88.824396, 48.327344], [-88.824438, 48.327559], [-88.82455, 48.327691], [-88.824711, 48.327729], [-88.825628, 48.3276], [-88.827138, 48.32699], [-88.827569, 48.326763], [-88.828901, 48.325769], [-88.829181, 48.325267], [-88.829709, 48.325017], [-88.829888, 48.325029], [-88.829889, 48.32516], [-88.829403, 48.325837], [-88.828612, 48.326556], [-88.827368, 48.327487], [-88.826833, 48.32806], [-88.826404, 48.329027], [-88.826599, 48.329171], [-88.827569, 48.329166], [-88.827893, 48.329222], [-88.828324, 48.329734], [-88.828917, 48.33003], [-88.829897, 48.329887], [-88.830391, 48.329922], [-88.830543, 48.330066], [-88.830516, 48.330281], [-88.830881, 48.330746], [-88.830909, 48.331104], [-88.83102, 48.331242], [-88.831505, 48.331308], [-88.832422, 48.331278], [-88.832563, 48.331319], [-88.83253, 48.331502], [-88.831883, 48.332132], [-88.831676, 48.332536], [-88.831709, 48.332787], [-88.831871, 48.332966], [-88.832314, 48.333015], [-88.8328, 48.332949], [-88.832891, 48.333038], [-88.832835, 48.333181], [-88.832368, 48.333545], [-88.831525, 48.33404], [-88.831511, 48.334291], [-88.831629, 48.334541], [-88.831829, 48.334645], [-88.832153, 48.334651], [-88.832498, 48.334541], [-88.833092, 48.334148], [-88.836022, 48.332894], [-88.837113, 48.332675], [-88.83803, 48.332719], [-88.838893, 48.332397], [-88.839279, 48.332071], [-88.840334, 48.331391], [-88.84069, 48.330889], [-88.840596, 48.330746], [-88.840456, 48.330698], [-88.839971, 48.330752], [-88.839432, 48.330704], [-88.839449, 48.330495], [-88.83971, 48.330281], [-88.840241, 48.330015], [-88.840348, 48.329898], [-88.841755, 48.329314], [-88.842559, 48.328897], [-88.843069, 48.328705], [-88.843422, 48.328477], [-88.844662, 48.327977], [-88.844999, 48.327667], [-88.844959, 48.327308], [-88.845147, 48.327052], [-88.846603, 48.326463], [-88.846981, 48.326216], [-88.847466, 48.326078], [-88.849677, 48.325161]]}}, {"type": "Feature", "properties": {"d": 25}, "geometry": {"type": "LineString", "coordinates": [[-88.849677, 48.305284], [-88.849192, 48.305371], [-88.848814, 48.305554], [-88.848437, 48.305648], [-88.848221, 48.305623], [-88.848131, 48.305532], [-88.848171, 48.305388], [-88.849677, 48.304419]]}}, {"type": "Feature", "properties": {"d": 25}, "geometry": {"type": "LineString", "coordinates": [[-88.847574, 48.30571], [-88.847466, 48.305851], [-88.846981, 48.306119], [-88.846723, 48.306356], [-88.846172, 48.306566], [-88.845848, 48.306762], [-88.845471, 48.306851], [-88.844554, 48.307606], [-88.844123, 48.307749], [-88.843401, 48.308147], [-88.842991, 48.308245], [-88.842775, 48.308229], [-88.842751, 48.308111], [-88.84299, 48.30786], [-88.844015, 48.307238], [-88.845128, 48.306714], [-88.845579, 48.306634], [-88.846326, 48.306176], [-88.847312, 48.305711], [-88.847574, 48.30571]]}}, {"type": "Feature", "properties": {"d": 25}, "geometry": {"type": "LineString", "coordinates": [[-88.831471, 48.307489], [-88.831711, 48.30786], [-88.831452, 48.308164], [-88.82961, 48.308935], [-88.828986, 48.309114], [-88.82851, 48.309169]]}}, {"type": "Feature", "properties": {"d": 25}, "geometry": {"type": "LineString", "coordinates": [[-88.828411, 48.309199], [-88.828216, 48.30928], [-88.827843, 48.309257]]}}, {"type": "Feature", "properties": {"d": 25}, "geometry": {"type": "LineString", "coordinates": [[-88.824873, 48.309882], [-88.825169, 48.310081], [-88.825143, 48.310238], [-88.824765, 48.310633], [-88.824053, 48.310977], [-88.823518, 48.311048], [-88.822878, 48.31145], [-88.822339, 48.311581], [-88.8218, 48.311623], [-88.821422, 48.31158], [-88.821189, 48.311407]]}}, {"type": "Feature", "properties": {"d": 25}, "geometry": {"type": "LineString", "coordinates": [[-88.838569, 48.310439], [-88.83871, 48.310475], [-88.838721, 48.310547], [-88.83859, 48.310654], [-88.838192, 48.310792], [-88.834567, 48.311514], [-88.833581, 48.311801], [-88.832692, 48.311974], [-88.832153, 48.312159], [-88.831505, 48.312265], [-88.83129, 48.312392], [-88.830589, 48.312522], [-88.830211, 48.312528], [-88.829825, 48.312696], [-88.829295, 48.312779], [-88.828702, 48.313089], [-88.82827, 48.313216], [-88.827893, 48.313488], [-88.827694, 48.313484], [-88.827839, 48.313268], [-88.828162, 48.313028], [-88.829079, 48.312556], [-88.829349, 48.312339], [-88.829628, 48.31223], [-88.83005, 48.312172], [-88.830966, 48.311764], [-88.831505, 48.31168], [-88.832483, 48.311371], [-88.832946, 48.311156], [-88.834687, 48.31055], [-88.836951, 48.310095], [-88.838569, 48.309606], [-88.839054, 48.309527], [-88.839486, 48.309294], [-88.840618, 48.308927], [-88.840942, 48.308892], [-88.841101, 48.308935], [-88.841004, 48.309186], [-88.840405, 48.30958], [-88.839917, 48.310019], [-88.839378, 48.310331], [-88.839162, 48.310379], [-88.839031, 48.310347]]}}, {"type": "Feature", "properties": {"d": 25}, "geometry": {"type": "LineString", "coordinates": [[-88.819268, 48.312051], [-88.819319, 48.31214], [-88.81958, 48.31223], [-88.819523, 48.312374], [-88.819373, 48.312384], [-88.819104, 48.312271], [-88.818942, 48.312288], [-88.818585, 48.312481], [-88.818553, 48.312589], [-88.818716, 48.312696], [-88.818607, 48.312804], [-88.817971, 48.312892], [-88.817612, 48.313054], [-88.816246, 48.313473], [-88.815538, 48.313556], [-88.814305, 48.313868], [-88.813226, 48.314057], [-88.812687, 48.314037], [-88.81231, 48.313951], [-88.811555, 48.314099], [-88.811045, 48.314093], [-88.811072, 48.31395], [-88.811447, 48.313563], [-88.81204, 48.313343], [-88.812579, 48.313301], [-88.812795, 48.313519], [-88.812957, 48.313526], [-88.813388, 48.313383], [-88.814844, 48.313083], [-88.815419, 48.312875], [-88.816526, 48.312302], [-88.817001, 48.312212], [-88.817702, 48.312215], [-88.818152, 48.312123], [-88.818383, 48.311908], [-88.818295, 48.311755], [-88.818053, 48.311657], [-88.818067, 48.31155], [-88.818648, 48.311156], [-88.819859, 48.310614], [-88.821368, 48.310134], [-88.823167, 48.309329], [-88.824819, 48.308889], [-88.826167, 48.308407], [-88.834095, 48.305102], [-88.835711, 48.304492], [-88.836951, 48.304124], [-88.83803, 48.303696], [-88.838785, 48.303307], [-88.839378, 48.303112], [-88.840207, 48.302701], [-88.84078, 48.302532], [-88.841606, 48.302128], [-88.841912, 48.301816], [-88.842248, 48.301627], [-88.843692, 48.301192], [-88.844446, 48.300896], [-88.845579, 48.300619], [-88.846118, 48.30041], [-88.846981, 48.300299], [-88.847315, 48.300337], [-88.847682, 48.300948], [-88.847933, 48.301125], [-88.847896, 48.301662], [-88.847089, 48.302119], [-88.846657, 48.302266], [-88.846442, 48.302565], [-88.845363, 48.303374], [-88.844393, 48.303828], [-88.844123, 48.30406], [-88.843368, 48.304433], [-88.842818, 48.304815], [-88.841866, 48.305173], [-88.840456, 48.305437], [-88.838893, 48.305884], [-88.837275, 48.306195], [-88.836898, 48.30621], [-88.83677, 48.306141]]}}, {"type": "Feature", "properties": {"d": 25}, "geometry": {"type": "LineString", "coordinates": [[-88.826437, 48.314627], [-88.826475, 48.314702], [-88.82628, 48.314917], [-88.82579, 48.315198], [-88.825555, 48.315203], [-88.825564, 48.31506], [-88.826109, 48.314738], [-88.826437, 48.314627]]}}, {"type": "Feature", "properties": {"d": 25}, "geometry": {"type": "LineString", "coordinates": [[-88.845255, 48.317552], [-88.845313, 48.317603], [-88.845147, 48.317848], [-88.844993, 48.317854], [-88.844979, 48.317675], [-88.845122, 48.317567], [-88.845255, 48.317552]]}}, {"type": "Feature", "properties": {"d": 25}, "geometry": {"type": "LineString", "coordinates": [[-88.797967, 48.318247], [-88.798307, 48.318355], [-88.798456, 48.31857], [-88.797867, 48.319107], [-88.797014, 48.319466], [-88.796295, 48.319609], [-88.794785, 48.320158], [-88.793491, 48.320429], [-88.792898, 48.320608], [-88.792197, 48.320691], [-88.790734, 48.321435], [-88.790578, 48.321829], [-88.790318, 48.322116], [-88.789124, 48.323032], [-88.788369, 48.323433], [-88.787452, 48.323629], [-88.787021, 48.323973], [-88.786697, 48.324023], [-88.785673, 48.323991], [-88.785543, 48.323656], [-88.785845, 48.323333], [-88.785835, 48.323258], [-88.785188, 48.323565], [-88.785026, 48.323586], [-88.784894, 48.323548], [-88.784918, 48.323192], [-88.784573, 48.323154], [-88.784433, 48.323059], [-88.784109, 48.323203], [-88.783868, 48.32319], [-88.784284, 48.322581], [-88.784487, 48.322548], [-88.784972, 48.322601], [-88.788207, 48.321278], [-88.791202, 48.320433], [-88.792197, 48.320285], [-88.792952, 48.319931], [-88.793599, 48.319838], [-88.794462, 48.319401], [-88.795594, 48.318987], [-88.796511, 48.318761], [-88.797266, 48.318378], [-88.797697, 48.318248], [-88.797967, 48.318247]]}}, {"type": "Feature", "properties": {"d": 25}, "geometry": {"type": "LineString", "coordinates": [[-88.843584, 48.318318], [-88.843732, 48.318391], [-88.843638, 48.318612], [-88.84326, 48.318702], [-88.843045, 48.318856], [-88.842775, 48.318905], [-88.842236, 48.319309], [-88.841912, 48.319365], [-88.841752, 48.319322], [-88.841996, 48.318964], [-88.842344, 48.318689], [-88.842613, 48.318557], [-88.843584, 48.318318]]}}, {"type": "Feature", "properties": {"d": 25}, "geometry": {"type": "LineString", "coordinates": [[-88.785781, 48.319046], [-88.785457, 48.319318], [-88.785229, 48.319322], [-88.785239, 48.319215], [-88.785451, 48.319072], [-88.785781, 48.319046]]}}, {"type": "Feature", "properties": {"d": 25}, "geometry": {"type": "LineString", "coordinates": [[-88.840564, 48.31962], [-88.840594, 48.319788], [-88.840402, 48.319979], [-88.840271, 48.320003], [-88.840173, 48.319931], [-88.840192, 48.319824], [-88.840402, 48.319648], [-88.840564, 48.31962]]}}, {"type": "Feature", "properties": {"d": 25}, "geometry": {"type": "LineString", "coordinates": [[-88.832422, 48.324], [-88.832439, 48.324121], [-88.832314, 48.324281], [-88.831937, 48.324396], [-88.831847, 48.324372], [-88.831859, 48.324229], [-88.832045, 48.324098], [-88.832422, 48.324]]}}, {"type": "Feature", "properties": {"d": 25}, "geometry": {"type": "LineString", "coordinates": [[-88.831452, 48.324479], [-88.831545, 48.324587], [-88.831452, 48.324725], [-88.830805, 48.324998], [-88.830697, 48.324972], [-88.830674, 48.324802], [-88.830815, 48.324658], [-88.831236, 48.32447], [-88.831452, 48.324479]]}}, {"type": "Feature", "properties": {"d": 25}, "geometry": {"type": "LineString", "coordinates": [[-88.779849, 48.326983], [-88.780119, 48.32711], [-88.780496, 48.327159], [-88.78082, 48.327037], [-88.78148, 48.326915], [-88.78185, 48.326735], [-88.7833, 48.326563], [-88.783706, 48.326628], [-88.783829, 48.326879], [-88.784218, 48.327094], [-88.783935, 48.327559], [-88.783302, 48.328311], [-88.782977, 48.328444], [-88.782395, 48.328848], [-88.781251, 48.329353], [-88.780933, 48.329783]]}}, {"type": "Feature", "properties": {"d": 25}, "geometry": {"type": "LineString", "coordinates": [[-88.805303, 48.327416], [-88.804815, 48.327404], [-88.804437, 48.327482], [-88.80406, 48.327651], [-88.803628, 48.327713], [-88.803035, 48.327953], [-88.802334, 48.328107], [-88.802065, 48.328228], [-88.801432, 48.328741], [-88.800124, 48.329272], [-88.799315, 48.329922], [-88.799006, 48.330388], [-88.799153, 48.330441], [-88.799584, 48.33043], [-88.801526, 48.330047], [-88.802334, 48.32996], [-88.803055, 48.329708], [-88.803628, 48.329192], [-88.804869, 48.328922], [-88.805022, 48.328741], [-88.80511, 48.328454], [-88.806001, 48.328207], [-88.806314, 48.327774], [-88.806271, 48.327636], [-88.806055, 48.3275], [-88.805303, 48.327416]]}}, {"type": "Feature", "properties": {"d": 25}, "geometry": {"type": "LineString", "coordinates": [[-88.794354, 48.328058], [-88.794413, 48.328096], [-88.794367, 48.328239], [-88.793869, 48.328578], [-88.793545, 48.328707], [-88.793184, 48.328705], [-88.793437, 48.328401], [-88.794354, 48.328058]]}}, {"type": "Feature", "properties": {"d": 25}, "geometry": {"type": "LineString", "coordinates": [[-88.792007, 48.332214], [-88.79182, 48.332258], [-88.791928, 48.332388], [-88.792081, 48.332321], [-88.792007, 48.332214]]}}, {"type": "Feature", "properties": {"d": 25}, "geometry": {"type": "LineString", "coordinates": [[-88.785242, 48.332465], [-88.785511, 48.332437], [-88.785889, 48.332265], [-88.787506, 48.33189], [-88.788692, 48.33179], [-88.789339, 48.331816], [-88.790094, 48.33153], [-88.791712, 48.331242], [-88.793006, 48.330842], [-88.794893, 48.330694], [-88.797158, 48.329816], [-88.798474, 48.329421], [-88.799043, 48.328884], [-88.801148, 48.327669], [-88.801621, 48.327273], [-88.802281, 48.326879], [-88.802906, 48.326163], [-88.802604, 48.326078], [-88.802521, 48.325876], [-88.801835, 48.325948], [-88.800986, 48.326241], [-88.800663, 48.326421], [-88.800124, 48.326566], [-88.799508, 48.326915], [-88.798236, 48.327308], [-88.797535, 48.327623], [-88.796996, 48.327674], [-88.796457, 48.328011], [-88.796026, 48.32809], [-88.79593, 48.327989], [-88.795945, 48.327881], [-88.796392, 48.327523], [-88.796942, 48.327423], [-88.797447, 48.326735], [-88.799304, 48.32559], [-88.7998, 48.325165], [-88.800124, 48.324664], [-88.800628, 48.324479], [-88.80104, 48.324059], [-88.802402, 48.323548], [-88.802493, 48.323262], [-88.802981, 48.323068], [-88.803305, 48.322749], [-88.804923, 48.322448], [-88.805462, 48.322157], [-88.80681, 48.32173], [-88.807943, 48.321041], [-88.810208, 48.320182], [-88.810908, 48.320068], [-88.811231, 48.320122], [-88.811717, 48.320301], [-88.813065, 48.32045], [-88.813873, 48.319964], [-88.814628, 48.319685], [-88.815275, 48.319179], [-88.816408, 48.318801], [-88.816569, 48.318806], [-88.816629, 48.318893], [-88.816354, 48.319211], [-88.815707, 48.319481], [-88.815383, 48.319733], [-88.814233, 48.320182], [-88.813388, 48.320596], [-88.813175, 48.321006], [-88.813602, 48.32251], [-88.814125, 48.322975], [-88.814412, 48.323548], [-88.815006, 48.324106], [-88.815118, 48.3243], [-88.815116, 48.324515], [-88.815, 48.32473], [-88.814206, 48.325375], [-88.814158, 48.325769], [-88.814341, 48.325876], [-88.814305, 48.326014], [-88.813973, 48.326306], [-88.813662, 48.326449], [-88.813442, 48.326713], [-88.812753, 48.327022], [-88.811717, 48.327273], [-88.811642, 48.327308], [-88.811698, 48.327416], [-88.811599, 48.327559], [-88.810837, 48.327881], [-88.810315, 48.328219], [-88.809479, 48.328419], [-88.808697, 48.328888], [-88.808069, 48.329027], [-88.807318, 48.329922], [-88.807349, 48.329966], [-88.80778, 48.330025], [-88.808805, 48.329996], [-88.809125, 48.330101], [-88.809325, 48.330281], [-88.809614, 48.330338], [-88.810045, 48.330321], [-88.81053, 48.330152], [-88.811016, 48.329745], [-88.811878, 48.329496], [-88.812418, 48.329199], [-88.812589, 48.32892], [-88.812579, 48.328562], [-88.813928, 48.327523], [-88.814952, 48.326894], [-88.815177, 48.326592], [-88.815911, 48.326019], [-88.816623, 48.325722], [-88.816785, 48.325761], [-88.817756, 48.326428], [-88.817874, 48.326664], [-88.817806, 48.327094], [-88.817864, 48.327128], [-88.819319, 48.326998], [-88.820344, 48.327001], [-88.822339, 48.326607], [-88.826275, 48.324908], [-88.827569, 48.324524], [-88.828001, 48.324313], [-88.82827, 48.324298], [-88.828253, 48.324479], [-88.827637, 48.325196], [-88.827219, 48.325482], [-88.827269, 48.325733], [-88.827207, 48.325876], [-88.826298, 48.326521], [-88.826239, 48.326628], [-88.826311, 48.326735], [-88.826707, 48.326725], [-88.827569, 48.32647], [-88.82854, 48.325885], [-88.828868, 48.32559], [-88.828972, 48.325339], [-88.829555, 48.324981], [-88.830023, 48.324873], [-88.830131, 48.324909], [-88.830167, 48.325052], [-88.829454, 48.325876], [-88.827354, 48.327688], [-88.827079, 48.328096], [-88.826879, 48.32892], [-88.827138, 48.328988], [-88.828324, 48.328832], [-88.828756, 48.328841], [-88.82895, 48.328956], [-88.829046, 48.32935], [-88.829349, 48.329457], [-88.831613, 48.329071], [-88.832099, 48.329052], [-88.832379, 48.329135], [-88.832464, 48.329278], [-88.832441, 48.3296], [-88.831888, 48.330639], [-88.831883, 48.330779], [-88.832314, 48.330807], [-88.833393, 48.330678], [-88.833603, 48.33071], [-88.833661, 48.330782], [-88.833393, 48.331414], [-88.833069, 48.331724], [-88.832883, 48.332071], [-88.832966, 48.33225], [-88.833442, 48.332501], [-88.833464, 48.332644], [-88.833262, 48.332966], [-88.832306, 48.333754], [-88.832292, 48.333861], [-88.83253, 48.333914], [-88.833878, 48.333627], [-88.835657, 48.332774], [-88.836466, 48.332485], [-88.837414, 48.331928], [-88.837507, 48.331677], [-88.837436, 48.331319], [-88.837709, 48.331068], [-88.838893, 48.330613], [-88.840187, 48.329975], [-88.840295, 48.329868], [-88.842195, 48.329027], [-88.843394, 48.328239], [-88.843377, 48.327881], [-88.843546, 48.327702], [-88.844662, 48.327238], [-88.845094, 48.326961], [-88.846442, 48.326404], [-88.846945, 48.326127], [-88.849677, 48.325071]]}}]}