{"type": "FeatureCollection", "features": [{"type": "Feature", "properties": {"lead": 0, "temp": "sp:lake_trout:s1"}, "geometry": {"type": "Polygon", "coordinates": [[[-89.165581, 48.455417], [-89.165581, 48.455381], [-89.165602, 48.455354], [-89.165642, 48.455336], [-89.165703, 48.455327], [-89.165784, 48.455327], [-89.165824, 48.455336], [-89.165824, 48.455354], [-89.165784, 48.455381], [-89.165703, 48.455417], [-89.165642, 48.455434], [-89.165602, 48.455434], [-89.165581, 48.455417]]]}}, {"type": "Feature", "properties": {"lead": 0, "temp": "sp:lake_trout:s1"}, "geometry": {"type": "Polygon", "coordinates": [[[-89.165002, 48.455658], [-89.164944, 48.455602], [-89.164911, 48.455544], [-89.164901, 48.455484], [-89.164914, 48.455421], [-89.164941, 48.455383], [-89.164982, 48.45537], [-89.165035, 48.455381], [-89.165103, 48.455417], [-89.165153, 48.455464], [-89.165187, 48.455522], [-89.165204, 48.455591], [-89.165204, 48.455671], [-89.165184, 48.455718], [-89.165143, 48.455731], [-89.165083, 48.455711], [-89.165002, 48.455658]]]}}, {"type": "Feature", "properties": {"lead": 0, "temp": "sp:lake_trout:s1"}, "geometry": {"type": "Polygon", "coordinates": [[[-89.165743, 48.455725], [-89.165753, 48.455705], [-89.165774, 48.455691], [-89.165804, 48.455685], [-89.165844, 48.455685], [-89.165865, 48.455691], [-89.165865, 48.455705], [-89.165844, 48.455725], [-89.165804, 48.455751], [-89.165774, 48.455765], [-89.165753, 48.455765], [-89.165743, 48.455751], [-89.165743, 48.455725]]]}}, {"type": "Feature", "properties": {"lead": 0, "temp": "sp:lake_trout:s1"}, "geometry": {"type": "Polygon", "coordinates": [[[-89.16488, 48.455859], [-89.16488, 48.455832], [-89.164891, 48.455812], [-89.164911, 48.455798], [-89.164941, 48.455792], [-89.164982, 48.455792], [-89.165002, 48.455798], [-89.165002, 48.455812], [-89.164982, 48.455832], [-89.164941, 48.455859], [-89.164911, 48.455872], [-89.164891, 48.455872], [-89.16488, 48.455859]]]}}, {"type": "Feature", "properties": {"lead": 0, "temp": "sp:lake_trout:s1"}, "geometry": {"type": "Polygon", "coordinates": [[[-89.16488, 48.456296], [-89.164891, 48.456276], [-89.164911, 48.456263], [-89.164941, 48.456256], [-89.164982, 48.456256], [-89.165002, 48.456263], [-89.165002, 48.456276], [-89.164982, 48.456296], [-89.164941, 48.456323], [-89.164911, 48.456336], [-89.164891, 48.456336], [-89.16488, 48.456323], [-89.16488, 48.456296]]]}}, {"type": "Feature", "properties": {"lead": 0, "temp": "sp:lake_trout:s1"}, "geometry": {"type": "Polygon", "coordinates": [[[-89.165366, 48.456511], [-89.165379, 48.45649], [-89.165406, 48.456477], [-89.165447, 48.45647], [-89.165501, 48.45647], [-89.165528, 48.456477], [-89.165528, 48.45649], [-89.165501, 48.456511], [-89.165447, 48.456537], [-89.165406, 48.456551], [-89.165379, 48.456551], [-89.165366, 48.456537], [-89.165366, 48.456511]]]}}, {"type": "Feature", "properties": {"lead": 0, "temp": "sp:lake_trout:s1"}, "geometry": {"type": "Polygon", "coordinates": [[[-89.165885, 48.457024], [-89.165763, 48.456988], [-89.165672, 48.456939], [-89.165612, 48.456877], [-89.165581, 48.456801], [-89.165581, 48.456711], [-89.165612, 48.456653], [-89.165672, 48.456627], [-89.165763, 48.456631], [-89.165885, 48.456667], [-89.165976, 48.456716], [-89.166036, 48.456778], [-89.166067, 48.456854], [-89.166067, 48.456944], [-89.166036, 48.457002], [-89.165976, 48.457028], [-89.165885, 48.457024]]]}}, {"type": "Feature", "properties": {"lead": 0, "temp": "sp:lake_trout:s1"}, "geometry": {"type": "Polygon", "coordinates": [[[-89.156792, 48.4708], [-89.156813, 48.470762], [-89.156853, 48.47074], [-89.156914, 48.470733], [-89.156995, 48.470742], [-89.157035, 48.47076], [-89.157035, 48.470787], [-89.156995, 48.470823], [-89.156914, 48.470867], [-89.156853, 48.470887], [-89.156813, 48.470883], [-89.156792, 48.470854], [-89.156792, 48.4708]]]}}, {"type": "Feature", "properties": {"lead": 0, "temp": "sp:lake_trout:s1"}, "geometry": {"type": "Polygon", "coordinates": [[[-89.155444, 48.471073], [-89.155434, 48.471048], [-89.155414, 48.471044], [-89.155384, 48.471059], [-89.155343, 48.471095], [-89.155313, 48.471108], [-89.155293, 48.471099], [-89.155283, 48.471068], [-89.155283, 48.471015], [-89.155377, 48.470974], [-89.155566, 48.470948], [-89.155849, 48.470934], [-89.156226, 48.470934], [-89.156509, 48.470943], [-89.156698, 48.470961], [-89.156792, 48.470988], [-89.156792, 48.471024], [-89.156708, 48.471057], [-89.15654, 48.471088], [-89.156287, 48.471117], [-89.15595, 48.471144], [-89.155697, 48.471153], [-89.155529, 48.471144], [-89.155444, 48.471117], [-89.155444, 48.471073]]]}}, {"type": "Feature", "properties": {"lead": 0, "temp": "sp:lake_trout:s1"}, "geometry": {"type": "Polygon", "coordinates": [[[-89.155283, 48.471224], [-89.155293, 48.471204], [-89.155313, 48.471191], [-89.155343, 48.471184], [-89.155384, 48.471184], [-89.155404, 48.471191], [-89.155404, 48.471204], [-89.155384, 48.471224], [-89.155343, 48.471251], [-89.155313, 48.471265], [-89.155293, 48.471265], [-89.155283, 48.471251], [-89.155283, 48.471224]]]}}, {"type": "Feature", "properties": {"lead": 0, "temp": "sp:lake_trout:s1"}, "geometry": {"type": "Polygon", "coordinates": [[[-89.155586, 48.472184], [-89.155515, 48.472175], [-89.155468, 48.472157], [-89.155444, 48.472131], [-89.155444, 48.472095], [-89.155465, 48.472066], [-89.155505, 48.472043], [-89.155566, 48.472028], [-89.155647, 48.472019], [-89.155711, 48.472023], [-89.155758, 48.472041], [-89.155788, 48.472073], [-89.155802, 48.472117], [-89.155788, 48.472151], [-89.155748, 48.472173], [-89.15568, 48.472184], [-89.155586, 48.472184]]]}}, {"type": "Feature", "properties": {"lead": 0, "temp": "sp:lake_trout:s1"}, "geometry": {"type": "Polygon", "coordinates": [[[-89.155748, 48.472434], [-89.155677, 48.472425], [-89.15563, 48.472407], [-89.155606, 48.47238], [-89.155606, 48.472345], [-89.155623, 48.472311], [-89.155657, 48.47228], [-89.155707, 48.472251], [-89.155775, 48.472224], [-89.155832, 48.47222], [-89.155879, 48.472238], [-89.155916, 48.472278], [-89.155943, 48.47234], [-89.15594, 48.472387], [-89.155906, 48.472418], [-89.155842, 48.472434], [-89.155748, 48.472434]]]}}, {"type": "Feature", "properties": {"lead": 0, "temp": "sp:lake_trout:s1"}, "geometry": {"type": "Polygon", "coordinates": [[[-89.153557, 48.472675], [-89.153587, 48.472586], [-89.153648, 48.472497], [-89.153739, 48.472407], [-89.15386, 48.472318], [-89.154005, 48.472244], [-89.154174, 48.472186], [-89.154366, 48.472144], [-89.154582, 48.472117], [-89.154713, 48.472119], [-89.15476, 48.472151], [-89.154723, 48.472211], [-89.154602, 48.4723], [-89.154487, 48.472367], [-89.154379, 48.472412], [-89.154278, 48.472434], [-89.154184, 48.472434], [-89.154083, 48.472463], [-89.153975, 48.472521], [-89.15386, 48.472608], [-89.153739, 48.472724], [-89.153648, 48.472789], [-89.153587, 48.472802], [-89.153557, 48.472764], [-89.153557, 48.472675]]]}}, {"type": "Feature", "properties": {"lead": 0, "temp": "sp:lake_trout:s2"}, "geometry": {"type": "Polygon", "coordinates": [[[-89.16545, 48.456872], [-89.165319, 48.456854], [-89.165143, 48.456801], [-89.164982, 48.456732], [-89.164833, 48.456647], [-89.164698, 48.456546], [-89.164577, 48.45643], [-89.16449, 48.456307], [-89.164436, 48.456178], [-89.164415, 48.456042], [-89.164429, 48.455899], [-89.164463, 48.455774], [-89.164516, 48.455667], [-89.164591, 48.455577], [-89.164685, 48.455506], [-89.164769, 48.455477], [-89.164843, 48.45549], [-89.164907, 48.455546], [-89.164961, 48.455644], [-89.164988, 48.455747], [-89.164988, 48.455854], [-89.164961, 48.455966], [-89.164907, 48.456082], [-89.164914, 48.456189], [-89.164982, 48.456287], [-89.16511, 48.456377], [-89.165298, 48.456457], [-89.16544, 48.45654], [-89.165534, 48.456624], [-89.165581, 48.456711], [-89.165581, 48.456801], [-89.165538, 48.456854], [-89.16545, 48.456872]]]}}, {"type": "Feature", "properties": {"lead": 0, "temp": "sp:lake_trout:s2"}, "geometry": {"type": "Polygon", "coordinates": [[[-89.1538, 48.472398], [-89.15384, 48.4723], [-89.153921, 48.472139], [-89.154019, 48.472003], [-89.154133, 48.471892], [-89.154265, 48.471805], [-89.154413, 48.471742], [-89.154518, 48.47166], [-89.154578, 48.471557], [-89.154595, 48.471434], [-89.154568, 48.471291], [-89.154558, 48.471175], [-89.154565, 48.471086], [-89.154588, 48.471024], [-89.154629, 48.470988], [-89.154666, 48.470983], [-89.1547, 48.47101], [-89.15473, 48.471068], [-89.154757, 48.471157], [-89.154787, 48.471187], [-89.154821, 48.471155], [-89.154858, 48.471064], [-89.154898, 48.470912], [-89.154986, 48.47078], [-89.155121, 48.470669], [-89.155303, 48.470577], [-89.155532, 48.470506], [-89.155775, 48.470468], [-89.156031, 48.470463], [-89.1563, 48.470492], [-89.156583, 48.470555], [-89.156782, 48.47062], [-89.156897, 48.470687], [-89.156927, 48.470756], [-89.156873, 48.470827], [-89.156738, 48.470881], [-89.156523, 48.470916], [-89.156226, 48.470934], [-89.155849, 48.470934], [-89.155576, 48.47095], [-89.155407, 48.470981], [-89.155343, 48.471028], [-89.155384, 48.471091], [-89.155387, 48.471142], [-89.155353, 48.471182], [-89.155283, 48.471211], [-89.155175, 48.471229], [-89.155084, 48.471291], [-89.15501, 48.471399], [-89.154952, 48.47155], [-89.154912, 48.471747], [-89.154831, 48.471903], [-89.15471, 48.472019], [-89.154548, 48.472095], [-89.154346, 48.472131], [-89.154174, 48.47218], [-89.154032, 48.472242], [-89.153921, 48.472318], [-89.15384, 48.472407], [-89.1538, 48.472434], [-89.1538, 48.472398]], [[-89.154784, 48.471829], [-89.154777, 48.471827], [-89.154764, 48.471827], [-89.154753, 48.471829], [-89.154747, 48.471834], [-89.154743, 48.47184], [-89.154743, 48.471849], [-89.154747, 48.471854], [-89.154753, 48.471854], [-89.154764, 48.471849], [-89.154777, 48.47184], [-89.154784, 48.471834], [-89.154784, 48.471829]], [[-89.154774, 48.471724], [-89.154757, 48.47172], [-89.15473, 48.47172], [-89.154713, 48.471724], [-89.154706, 48.471733], [-89.15471, 48.471747], [-89.154723, 48.471765], [-89.154737, 48.471773], [-89.15475, 48.471773], [-89.154764, 48.471765], [-89.154777, 48.471747], [-89.15478, 48.471733], [-89.154774, 48.471724]], [[-89.15473, 48.471582], [-89.154723, 48.471577], [-89.15471, 48.471577], [-89.1547, 48.471582], [-89.154693, 48.47159], [-89.154689, 48.471604], [-89.154689, 48.471622], [-89.154693, 48.471631], [-89.1547, 48.471631], [-89.15471, 48.471622], [-89.154723, 48.471604], [-89.15473, 48.47159], [-89.15473, 48.471582]], [[-89.154946, 48.471365], [-89.154939, 48.471363], [-89.154925, 48.471363], [-89.154915, 48.471365], [-89.154908, 48.47137], [-89.154905, 48.471376], [-89.154905, 48.471385], [-89.154908, 48.47139], [-89.154915, 48.47139], [-89.154925, 48.471385], [-89.154939, 48.471376], [-89.154946, 48.47137], [-89.154946, 48.471365]], [[-89.154932, 48.47116], [-89.154919, 48.471149], [-89.154892, 48.471149], [-89.154871, 48.47116], [-89.154858, 48.471182], [-89.154851, 48.471216], [-89.154851, 48.47126], [-89.154858, 48.471282], [-89.154871, 48.471282], [-89.154892, 48.47126], [-89.154919, 48.471216], [-89.154932, 48.471182], [-89.154932, 48.47116]]]}}, {"type": "Feature", "properties": {"lead": 0, "temp": "sp:lake_trout:s2"}, "geometry": {"type": "Polygon", "coordinates": [[[-89.155077, 48.471702], [-89.155067, 48.471693], [-89.155067, 48.471675], [-89.155077, 48.471662], [-89.155097, 48.471653], [-89.155128, 48.471648], [-89.155168, 48.471648], [-89.155188, 48.471653], [-89.155188, 48.471662], [-89.155168, 48.471675], [-89.155128, 48.471693], [-89.155097, 48.471702], [-89.155077, 48.471702]]]}}, {"type": "Feature", "properties": {"lead": 0, "temp": "sp:lake_trout:s2"}, "geometry": {"type": "Polygon", "coordinates": [[[-89.154959, 48.472278], [-89.154959, 48.472197], [-89.154962, 48.472137], [-89.154969, 48.472097], [-89.154979, 48.472077], [-89.154993, 48.472077], [-89.154999, 48.472097], [-89.154999, 48.472137], [-89.154993, 48.472197], [-89.154979, 48.472278], [-89.154969, 48.472318], [-89.154962, 48.472318], [-89.154959, 48.472278]]]}}, {"type": "Feature", "properties": {"lead": 0, "temp": "sp:lake_trout:s2"}, "geometry": {"type": "Polygon", "coordinates": [[[-89.155815, 48.473095], [-89.155775, 48.473059], [-89.155748, 48.473017], [-89.155734, 48.472967], [-89.155734, 48.472912], [-89.155748, 48.472849], [-89.155778, 48.472811], [-89.155825, 48.472798], [-89.155889, 48.472809], [-89.15597, 48.472845], [-89.156017, 48.472887], [-89.156031, 48.472936], [-89.15601, 48.472992], [-89.155957, 48.473054], [-89.155906, 48.473092], [-89.155859, 48.473106], [-89.155815, 48.473095]]]}}, {"type": "Feature", "properties": {"lead": 0, "temp": "sp:lake_trout:s3"}, "geometry": {"type": "Polygon", "coordinates": [[[-89.164827, 48.456122], [-89.164827, 48.456033], [-89.16483, 48.455966], [-89.164837, 48.455921], [-89.164847, 48.455899], [-89.16486, 48.455899], [-89.164867, 48.455921], [-89.164867, 48.455966], [-89.16486, 48.456033], [-89.164847, 48.456122], [-89.164837, 48.456167], [-89.16483, 48.456167], [-89.164827, 48.456122]]]}}, {"type": "Feature", "properties": {"lead": 0, "temp": "sp:lake_trout:s3"}, "geometry": {"type": "Polygon", "coordinates": [[[-89.15471, 48.471117], [-89.154723, 48.471001], [-89.154737, 48.470914], [-89.15475, 48.470856], [-89.154764, 48.470827], [-89.154777, 48.470827], [-89.15478, 48.470856], [-89.154774, 48.470914], [-89.154757, 48.471001], [-89.15473, 48.471117], [-89.154713, 48.471175], [-89.154706, 48.471175], [-89.15471, 48.471117]]]}}, {"type": "Feature", "properties": {"lead": 0, "temp": "sp:lake_trout:s3"}, "geometry": {"type": "Polygon", "coordinates": [[[-89.154851, 48.47126], [-89.154851, 48.471216], [-89.154858, 48.471182], [-89.154871, 48.47116], [-89.154892, 48.471149], [-89.154919, 48.471149], [-89.154932, 48.47116], [-89.154932, 48.471182], [-89.154919, 48.471216], [-89.154892, 48.47126], [-89.154871, 48.471282], [-89.154858, 48.471282], [-89.154851, 48.47126]]]}}, {"type": "Feature", "properties": {"lead": 0, "temp": "sp:lake_trout:s3"}, "geometry": {"type": "Polygon", "coordinates": [[[-89.155181, 48.471702], [-89.155114, 48.471666], [-89.155064, 48.471617], [-89.15503, 48.471555], [-89.155013, 48.471479], [-89.155013, 48.47139], [-89.15503, 48.471323], [-89.155064, 48.471278], [-89.155114, 48.471256], [-89.155181, 48.471256], [-89.155219, 48.471271], [-89.155225, 48.471303], [-89.155202, 48.471349], [-89.155148, 48.471412], [-89.155121, 48.471459], [-89.155121, 48.47149], [-89.155148, 48.471506], [-89.155202, 48.471506], [-89.155242, 48.471521], [-89.155269, 48.471553], [-89.155283, 48.471599], [-89.155283, 48.471662], [-89.155266, 48.4717], [-89.155232, 48.471713], [-89.155181, 48.471702]], [[-89.155188, 48.471541], [-89.155161, 48.471541], [-89.155141, 48.471544], [-89.155128, 48.471548], [-89.155121, 48.471555], [-89.155121, 48.471564], [-89.155128, 48.471568], [-89.155141, 48.471568], [-89.155161, 48.471564], [-89.155188, 48.471555], [-89.155202, 48.471548], [-89.155202, 48.471544], [-89.155188, 48.471541]]]}}, {"type": "Feature", "properties": {"lead": 0, "temp": "sp:lake_trout:s3"}, "geometry": {"type": "Polygon", "coordinates": [[[-89.155343, 48.471863], [-89.155384, 48.471863], [-89.155414, 48.471872], [-89.155434, 48.47189], [-89.155444, 48.471916], [-89.155444, 48.471952], [-89.155434, 48.47197], [-89.155414, 48.47197], [-89.155384, 48.471952], [-89.155343, 48.471916], [-89.155323, 48.47189], [-89.155323, 48.471872], [-89.155343, 48.471863]]]}}, {"type": "Feature", "properties": {"lead": 0, "temp": "sp:lake_trout:s3"}, "geometry": {"type": "Polygon", "coordinates": [[[-89.154784, 48.471983], [-89.154811, 48.471921], [-89.154834, 48.471874], [-89.154855, 48.471843], [-89.154871, 48.471827], [-89.154885, 48.471827], [-89.154885, 48.471843], [-89.154871, 48.471874], [-89.154844, 48.471921], [-89.154804, 48.471983], [-89.15478, 48.472014], [-89.154774, 48.472014], [-89.154784, 48.471983]]]}}, {"type": "Feature", "properties": {"lead": 0, "temp": "sp:lake_trout:s3"}, "geometry": {"type": "Polygon", "coordinates": [[[-89.155444, 48.472273], [-89.155444, 48.472238], [-89.155461, 48.472211], [-89.155495, 48.472193], [-89.155545, 48.472184], [-89.155613, 48.472184], [-89.155647, 48.472193], [-89.155647, 48.472211], [-89.155613, 48.472238], [-89.155545, 48.472273], [-89.155495, 48.472291], [-89.155461, 48.472291], [-89.155444, 48.472273]]]}}, {"type": "Feature", "properties": {"lead": 0, "temp": "sp:lake_trout:s3"}, "geometry": {"type": "Polygon", "coordinates": [[[-89.155006, 48.472434], [-89.154966, 48.472434], [-89.154935, 48.472412], [-89.154915, 48.472367], [-89.154905, 48.4723], [-89.154905, 48.472211], [-89.154912, 48.472164], [-89.154925, 48.47216], [-89.154946, 48.472197], [-89.154973, 48.472278], [-89.154996, 48.472318], [-89.155016, 48.472318], [-89.155033, 48.472278], [-89.155047, 48.472197], [-89.155057, 48.47216], [-89.155064, 48.472164], [-89.155067, 48.472211], [-89.155067, 48.4723], [-89.155057, 48.472367], [-89.155037, 48.472412], [-89.155006, 48.472434]]]}}, {"type": "Feature", "properties": {"lead": 0, "temp": "sp:brook_trout:s1"}, "geometry": {"type": "Polygon", "coordinates": [[[-89.166754, 48.456042], [-89.166491, 48.456006], [-89.166316, 48.455935], [-89.166228, 48.455827], [-89.166228, 48.455685], [-89.166286, 48.455571], [-89.1664, 48.455486], [-89.166572, 48.45543], [-89.166801, 48.455403], [-89.166977, 48.455361], [-89.167098, 48.455303], [-89.167165, 48.455229], [-89.167179, 48.45514], [-89.167219, 48.455053], [-89.167287, 48.454968], [-89.167381, 48.454885], [-89.167502, 48.454805], [-89.167644, 48.454742], [-89.167806, 48.454698], [-89.167988, 48.454671], [-89.16819, 48.454662], [-89.168352, 48.454662], [-89.168473, 48.454671], [-89.168554, 48.454689], [-89.168594, 48.454716], [-89.168601, 48.454745], [-89.168574, 48.454776], [-89.168513, 48.454809], [-89.168419, 48.454845], [-89.168298, 48.454879], [-89.168149, 48.45491], [-89.167974, 48.454939], [-89.167772, 48.454966], [-89.16762, 48.455021], [-89.167519, 48.455106], [-89.167469, 48.45522], [-89.167469, 48.455363], [-89.167489, 48.455477], [-89.167529, 48.455562], [-89.16759, 48.455618], [-89.167671, 48.455644], [-89.167721, 48.455687], [-89.167742, 48.455745], [-89.167732, 48.455818], [-89.167691, 48.455908], [-89.167573, 48.455975], [-89.167378, 48.456019], [-89.167105, 48.456042], [-89.166754, 48.456042]]]}}, {"type": "Feature", "properties": {"lead": 0, "temp": "sp:brook_trout:s1"}, "geometry": {"type": "Polygon", "coordinates": [[[-89.168655, 48.455631], [-89.168571, 48.455582], [-89.16851, 48.455519], [-89.168473, 48.455443], [-89.168459, 48.455354], [-89.1685, 48.455292], [-89.168594, 48.455256], [-89.168743, 48.455247], [-89.168945, 48.455265], [-89.169096, 48.455296], [-89.169197, 48.455341], [-89.169248, 48.455399], [-89.169248, 48.45547], [-89.169228, 48.455533], [-89.169187, 48.455586], [-89.169127, 48.455631], [-89.169046, 48.455667], [-89.168958, 48.455685], [-89.168864, 48.455685], [-89.168763, 48.455667], [-89.168655, 48.455631]]]}}, {"type": "Feature", "properties": {"lead": 0, "temp": "sp:brook_trout:s1"}, "geometry": {"type": "Polygon", "coordinates": [[[-89.167792, 48.455618], [-89.167802, 48.455597], [-89.167823, 48.455584], [-89.167853, 48.455577], [-89.167893, 48.455577], [-89.167914, 48.455584], [-89.167914, 48.455597], [-89.167893, 48.455618], [-89.167853, 48.455644], [-89.167823, 48.455658], [-89.167802, 48.455658], [-89.167792, 48.455644], [-89.167792, 48.455618]]]}}, {"type": "Feature", "properties": {"lead": 0, "temp": "sp:brook_trout:s1"}, "geometry": {"type": "Polygon", "coordinates": [[[-89.165575, 48.455792], [-89.165531, 48.455778], [-89.165511, 48.455751], [-89.165514, 48.455711], [-89.165541, 48.455658], [-89.165571, 48.455618], [-89.165605, 48.455591], [-89.165642, 48.455577], [-89.165683, 48.455577], [-89.165713, 48.455591], [-89.165733, 48.455618], [-89.165743, 48.455658], [-89.165743, 48.455711], [-89.165726, 48.455751], [-89.165693, 48.455778], [-89.165642, 48.455792], [-89.165575, 48.455792]]]}}, {"type": "Feature", "properties": {"lead": 0, "temp": "sp:brook_trout:s1"}, "geometry": {"type": "Polygon", "coordinates": [[[-89.165346, 48.45647], [-89.165265, 48.456457], [-89.165197, 48.45643], [-89.165143, 48.45639], [-89.165103, 48.456336], [-89.165106, 48.456292], [-89.165153, 48.456256], [-89.165244, 48.456229], [-89.165379, 48.456211], [-89.16548, 48.456216], [-89.165548, 48.456243], [-89.165581, 48.456292], [-89.165581, 48.456363], [-89.165558, 48.456417], [-89.165511, 48.456452], [-89.16544, 48.45647], [-89.165346, 48.45647]]]}}, {"type": "Feature", "properties": {"lead": 0, "temp": "sp:brook_trout:s1"}, "geometry": {"type": "Polygon", "coordinates": [[[-89.165811, 48.456444], [-89.165834, 48.456403], [-89.165854, 48.456377], [-89.165871, 48.456363], [-89.165885, 48.456363], [-89.165885, 48.456377], [-89.165871, 48.456403], [-89.165844, 48.456444], [-89.165804, 48.456497], [-89.16578, 48.456524], [-89.165774, 48.456524], [-89.165784, 48.456497], [-89.165811, 48.456444]]]}}, {"type": "Feature", "properties": {"lead": 0, "temp": "sp:brook_trout:s1"}, "geometry": {"type": "Polygon", "coordinates": [[[-89.166026, 48.45672], [-89.165966, 48.456711], [-89.165925, 48.456694], [-89.165905, 48.456667], [-89.165905, 48.456631], [-89.165925, 48.456598], [-89.165966, 48.456566], [-89.166026, 48.456537], [-89.166107, 48.456511], [-89.166168, 48.456506], [-89.166208, 48.456524], [-89.166228, 48.456564], [-89.166228, 48.456627], [-89.166208, 48.456673], [-89.166168, 48.456705], [-89.166107, 48.45672], [-89.166026, 48.45672]]]}}, {"type": "Feature", "properties": {"lead": 0, "temp": "sp:brook_trout:s1"}, "geometry": {"type": "Polygon", "coordinates": [[[-89.166515, 48.457042], [-89.166468, 48.456881], [-89.166552, 48.456841], [-89.166768, 48.456921], [-89.16694, 48.457017], [-89.167068, 48.457129], [-89.167152, 48.457256], [-89.167192, 48.457399], [-89.167236, 48.457506], [-89.167283, 48.457578], [-89.167334, 48.457613], [-89.167388, 48.457613], [-89.167428, 48.457658], [-89.167455, 48.457747], [-89.167469, 48.457881], [-89.167469, 48.45806], [-89.167391, 48.458093], [-89.167236, 48.457982], [-89.167004, 48.457725], [-89.166694, 48.457323], [-89.166515, 48.457042]]]}}, {"type": "Feature", "properties": {"lead": 0, "temp": "sp:brook_trout:s1"}, "geometry": {"type": "Polygon", "coordinates": [[[-89.156206, 48.471091], [-89.156273, 48.471099], [-89.156307, 48.471117], [-89.156307, 48.471144], [-89.156273, 48.47116], [-89.156206, 48.471164], [-89.156105, 48.471157], [-89.15597, 48.47114], [-89.155903, 48.471124], [-89.155903, 48.471111], [-89.15597, 48.471099], [-89.156105, 48.471091], [-89.156206, 48.471091]]]}}, {"type": "Feature", "properties": {"lead": 0, "temp": "sp:brook_trout:s1"}, "geometry": {"type": "Polygon", "coordinates": [[[-89.156489, 48.471265], [-89.156455, 48.471209], [-89.156509, 48.471151], [-89.156651, 48.471091], [-89.15688, 48.471028], [-89.157062, 48.470997], [-89.157197, 48.470997], [-89.157284, 48.471028], [-89.157325, 48.471091], [-89.157318, 48.471151], [-89.157264, 48.471209], [-89.157163, 48.471265], [-89.157015, 48.471318], [-89.156873, 48.471345], [-89.156738, 48.471345], [-89.15661, 48.471318], [-89.156489, 48.471265]]]}}, {"type": "Feature", "properties": {"lead": 0, "temp": "sp:brook_trout:s1"}, "geometry": {"type": "Polygon", "coordinates": [[[-89.155444, 48.471224], [-89.155454, 48.471204], [-89.155475, 48.471191], [-89.155505, 48.471184], [-89.155545, 48.471184], [-89.155566, 48.471191], [-89.155566, 48.471204], [-89.155545, 48.471224], [-89.155505, 48.471251], [-89.155475, 48.471265], [-89.155454, 48.471265], [-89.155444, 48.471251], [-89.155444, 48.471224]]]}}, {"type": "Feature", "properties": {"lead": 0, "temp": "sp:brook_trout:s1"}, "geometry": {"type": "Polygon", "coordinates": [[[-89.154905, 48.472474], [-89.154915, 48.472454], [-89.154935, 48.472441], [-89.154966, 48.472434], [-89.155006, 48.472434], [-89.155026, 48.472441], [-89.155026, 48.472454], [-89.155006, 48.472474], [-89.154966, 48.472501], [-89.154935, 48.472514], [-89.154915, 48.472514], [-89.154905, 48.472501], [-89.154905, 48.472474]]]}}, {"type": "Feature", "properties": {"lead": 0, "temp": "sp:brook_trout:s1"}, "geometry": {"type": "Polygon", "coordinates": [[[-89.154268, 48.472561], [-89.154288, 48.472548], [-89.154319, 48.472541], [-89.154359, 48.472541], [-89.154379, 48.472548], [-89.154379, 48.472561], [-89.154359, 48.472581], [-89.154319, 48.472608], [-89.154288, 48.472622], [-89.154268, 48.472622], [-89.154258, 48.472608], [-89.154258, 48.472581], [-89.154268, 48.472561]]]}}, {"type": "Feature", "properties": {"lead": 0, "temp": "sp:brook_trout:s1"}, "geometry": {"type": "Polygon", "coordinates": [[[-89.153769, 48.473541], [-89.153709, 48.47347], [-89.153658, 48.473362], [-89.153618, 48.47322], [-89.153631, 48.47309], [-89.153699, 48.472974], [-89.15382, 48.472871], [-89.153995, 48.472782], [-89.154143, 48.472735], [-89.154265, 48.472731], [-89.154359, 48.472769], [-89.154427, 48.472849], [-89.154447, 48.472947], [-89.15442, 48.473063], [-89.154346, 48.473197], [-89.154224, 48.473349], [-89.154113, 48.473463], [-89.154012, 48.473539], [-89.153921, 48.473577], [-89.15384, 48.473577], [-89.153769, 48.473541]]]}}, {"type": "Feature", "properties": {"lead": 0, "temp": "sp:brook_trout:s1"}, "geometry": {"type": "Polygon", "coordinates": [[[-89.150538, 48.475393], [-89.150548, 48.475297], [-89.150676, 48.47515], [-89.150922, 48.474951], [-89.151286, 48.474701], [-89.151633, 48.474496], [-89.151963, 48.474335], [-89.152276, 48.474219], [-89.152573, 48.474148], [-89.152667, 48.474157], [-89.15256, 48.474246], [-89.15225, 48.474416], [-89.151737, 48.474666], [-89.151343, 48.474882], [-89.151067, 48.475065], [-89.150908, 48.475215], [-89.150868, 48.475331], [-89.150811, 48.475407], [-89.150736, 48.475442], [-89.150645, 48.475438], [-89.150538, 48.475393]]]}}, {"type": "Feature", "properties": {"lead": 0, "temp": "sp:brook_trout:s1"}, "geometry": {"type": "Polygon", "coordinates": [[[-89.150106, 48.475674], [-89.15013, 48.475659], [-89.150177, 48.475645], [-89.150248, 48.475634], [-89.150342, 48.475625], [-89.150389, 48.475625], [-89.150389, 48.475634], [-89.150342, 48.475652], [-89.150248, 48.475679], [-89.150177, 48.475694], [-89.15013, 48.475699], [-89.150106, 48.475692], [-89.150106, 48.475674]]]}}, {"type": "Feature", "properties": {"lead": 0, "temp": "sp:brook_trout:s1"}, "geometry": {"type": "Polygon", "coordinates": [[[-89.147356, 48.477411], [-89.14738, 48.477399], [-89.147427, 48.477386], [-89.147498, 48.47737], [-89.147592, 48.477353], [-89.147639, 48.477346], [-89.147639, 48.47735], [-89.147592, 48.477366], [-89.147498, 48.477393], [-89.147427, 48.477411], [-89.14738, 48.477419], [-89.147356, 48.477419], [-89.147356, 48.477411]]]}}, {"type": "Feature", "properties": {"lead": 0, "temp": "sp:brook_trout:s1"}, "geometry": {"type": "Polygon", "coordinates": [[[-89.141331, 48.479298], [-89.141411, 48.479209], [-89.141519, 48.47912], [-89.141654, 48.479031], [-89.141903, 48.478932], [-89.142267, 48.478825], [-89.142746, 48.478709], [-89.143339, 48.478584], [-89.143969, 48.47843], [-89.144637, 48.478247], [-89.145341, 48.478035], [-89.146082, 48.477794], [-89.146618, 48.477636], [-89.146948, 48.47756], [-89.147073, 48.477567], [-89.146992, 48.477656], [-89.146888, 48.47773], [-89.14676, 48.477788], [-89.146608, 48.47783], [-89.146433, 48.477857], [-89.146281, 48.477897], [-89.146153, 48.477951], [-89.146049, 48.478017], [-89.145968, 48.478098], [-89.145873, 48.478158], [-89.145766, 48.478198], [-89.145644, 48.478218], [-89.145509, 48.478218], [-89.145398, 48.478234], [-89.145311, 48.478265], [-89.145247, 48.478312], [-89.145206, 48.478375], [-89.145132, 48.478435], [-89.145024, 48.478493], [-89.144883, 48.478549], [-89.144707, 48.478602], [-89.144546, 48.478636], [-89.144397, 48.478649], [-89.144263, 48.478642], [-89.144141, 48.478616], [-89.143996, 48.478618], [-89.143828, 48.478649], [-89.143636, 48.478709], [-89.14342, 48.478798], [-89.143225, 48.478865], [-89.143049, 48.47891], [-89.142894, 48.478932], [-89.142759, 48.478932], [-89.142648, 48.478946], [-89.142561, 48.478973], [-89.142497, 48.479013], [-89.142456, 48.479066], [-89.142372, 48.479113], [-89.142244, 48.479153], [-89.142072, 48.479187], [-89.141856, 48.479214], [-89.141674, 48.479256], [-89.141526, 48.479314], [-89.141411, 48.479388], [-89.141331, 48.479477], [-89.141277, 48.479521], [-89.14125, 48.479521], [-89.14125, 48.479477], [-89.141277, 48.479388], [-89.141331, 48.479298]]]}}, {"type": "Feature", "properties": {"lead": 0, "temp": "sp:brook_trout:s1"}, "geometry": {"type": "Polygon", "coordinates": [[[-89.129832, 48.482447], [-89.129886, 48.482353], [-89.12998, 48.482262], [-89.130115, 48.482172], [-89.130277, 48.482103], [-89.130466, 48.482054], [-89.130681, 48.482025], [-89.130924, 48.482016], [-89.131214, 48.48198], [-89.131551, 48.481918], [-89.131935, 48.481829], [-89.132366, 48.481713], [-89.132838, 48.481621], [-89.13335, 48.481554], [-89.133903, 48.481512], [-89.134496, 48.481494], [-89.134863, 48.481514], [-89.135005, 48.481572], [-89.134921, 48.481668], [-89.134611, 48.481802], [-89.134314, 48.481893], [-89.134031, 48.481942], [-89.133761, 48.481949], [-89.133505, 48.481913], [-89.133303, 48.481896], [-89.133155, 48.481896], [-89.13306, 48.481913], [-89.13302, 48.481949], [-89.13298, 48.48196], [-89.132939, 48.481947], [-89.132899, 48.481909], [-89.132858, 48.481847], [-89.13272, 48.481829], [-89.132484, 48.481855], [-89.132151, 48.481927], [-89.131719, 48.482043], [-89.131352, 48.48213], [-89.131049, 48.482188], [-89.130809, 48.482217], [-89.130634, 48.482217], [-89.130472, 48.482253], [-89.130324, 48.482324], [-89.130189, 48.482431], [-89.130068, 48.482574], [-89.12997, 48.482656], [-89.129896, 48.482679], [-89.129845, 48.482641], [-89.129818, 48.482543], [-89.129832, 48.482447]]]}}, {"type": "Feature", "properties": {"lead": 0, "temp": "sp:brook_trout:s2"}, "geometry": {"type": "Polygon", "coordinates": [[[-89.166148, 48.455899], [-89.165986, 48.455899], [-89.165858, 48.455856], [-89.165763, 48.455772], [-89.165703, 48.455644], [-89.165676, 48.455475], [-89.165703, 48.455352], [-89.165784, 48.455276], [-89.165918, 48.455247], [-89.166107, 48.455265], [-89.166249, 48.455316], [-89.166343, 48.455401], [-89.16639, 48.455519], [-89.16639, 48.455671], [-89.16635, 48.455785], [-89.166269, 48.455861], [-89.166148, 48.455899]]]}}, {"type": "Feature", "properties": {"lead": 0, "temp": "sp:brook_trout:s2"}, "geometry": {"type": "Polygon", "coordinates": [[[-89.165898, 48.457078], [-89.165319, 48.456792], [-89.164884, 48.456535], [-89.164594, 48.456307], [-89.164449, 48.456109], [-89.164449, 48.455939], [-89.16449, 48.455785], [-89.16457, 48.455647], [-89.164692, 48.455524], [-89.164854, 48.455417], [-89.164982, 48.455374], [-89.165076, 48.455397], [-89.165137, 48.455484], [-89.165164, 48.455635], [-89.16516, 48.455751], [-89.165126, 48.455832], [-89.165062, 48.455877], [-89.164968, 48.455885], [-89.164897, 48.455914], [-89.16485, 48.455964], [-89.164827, 48.456033], [-89.164827, 48.456122], [-89.164938, 48.456231], [-89.16516, 48.456361], [-89.165494, 48.456511], [-89.165939, 48.45668], [-89.166282, 48.456843], [-89.166525, 48.456999], [-89.166667, 48.457149], [-89.166707, 48.457292], [-89.166592, 48.457328], [-89.166323, 48.457256], [-89.165898, 48.457078]], [[-89.164914, 48.456327], [-89.164901, 48.456327], [-89.164891, 48.45633], [-89.164884, 48.456334], [-89.16488, 48.456341], [-89.16488, 48.45635], [-89.164884, 48.456354], [-89.164891, 48.456354], [-89.164901, 48.45635], [-89.164914, 48.456341], [-89.164921, 48.456334], [-89.164921, 48.45633], [-89.164914, 48.456327]]]}}, {"type": "Feature", "properties": {"lead": 0, "temp": "sp:brook_trout:s2"}, "geometry": {"type": "Polygon", "coordinates": [[[-89.155067, 48.471693], [-89.155067, 48.471675], [-89.155077, 48.471662], [-89.155097, 48.471653], [-89.155128, 48.471648], [-89.155168, 48.471648], [-89.155188, 48.471653], [-89.155188, 48.471662], [-89.155168, 48.471675], [-89.155128, 48.471693], [-89.155097, 48.471702], [-89.155077, 48.471702], [-89.155067, 48.471693]]]}}, {"type": "Feature", "properties": {"lead": 0, "temp": "sp:brook_trout:s2"}, "geometry": {"type": "Polygon", "coordinates": [[[-89.153557, 48.472863], [-89.153557, 48.47272], [-89.153587, 48.472575], [-89.153648, 48.472427], [-89.153739, 48.472278], [-89.15386, 48.472126], [-89.153988, 48.471997], [-89.154123, 48.47189], [-89.154265, 48.471805], [-89.154413, 48.471742], [-89.154518, 48.47166], [-89.154578, 48.471557], [-89.154595, 48.471434], [-89.154568, 48.471291], [-89.154558, 48.471175], [-89.154565, 48.471086], [-89.154588, 48.471024], [-89.154629, 48.470988], [-89.154666, 48.470983], [-89.1547, 48.47101], [-89.15473, 48.471068], [-89.154757, 48.471157], [-89.154777, 48.471193], [-89.154791, 48.471175], [-89.154797, 48.471104], [-89.154797, 48.470979], [-89.154865, 48.470861], [-89.154999, 48.470749], [-89.155202, 48.470644], [-89.155471, 48.470546], [-89.155731, 48.470479], [-89.15598, 48.470443], [-89.156219, 48.470439], [-89.156449, 48.470466], [-89.156644, 48.470521], [-89.156806, 48.470606], [-89.156934, 48.47072], [-89.157028, 48.470863], [-89.157045, 48.470977], [-89.156984, 48.471062], [-89.156846, 48.471117], [-89.156631, 48.471144], [-89.156445, 48.471155], [-89.15629, 48.471151], [-89.156166, 48.471131], [-89.156071, 48.471095], [-89.155943, 48.471082], [-89.155781, 48.471091], [-89.155586, 48.471122], [-89.155357, 48.471175], [-89.155175, 48.471271], [-89.15504, 48.47141], [-89.154952, 48.47159], [-89.154912, 48.471814], [-89.154861, 48.471983], [-89.154801, 48.472099], [-89.15473, 48.472162], [-89.154649, 48.472171], [-89.154592, 48.472193], [-89.154558, 48.472229], [-89.154548, 48.472278], [-89.154561, 48.47234], [-89.154507, 48.472427], [-89.154386, 48.472539], [-89.154197, 48.472675], [-89.153941, 48.472836], [-89.153749, 48.472921], [-89.153621, 48.472929], [-89.153557, 48.472863]], [[-89.154777, 48.471827], [-89.154764, 48.471827], [-89.154753, 48.471829], [-89.154747, 48.471834], [-89.154743, 48.47184], [-89.154743, 48.471849], [-89.154747, 48.471854], [-89.154753, 48.471854], [-89.154764, 48.471849], [-89.154777, 48.47184], [-89.154784, 48.471834], [-89.154784, 48.471829], [-89.154777, 48.471827]], [[-89.154757, 48.47172], [-89.15473, 48.47172], [-89.154713, 48.471724], [-89.154706, 48.471733], [-89.15471, 48.471747], [-89.154723, 48.471765], [-89.154737, 48.471773], [-89.15475, 48.471773], [-89.154764, 48.471765], [-89.154777, 48.471747], [-89.15478, 48.471733], [-89.154774, 48.471724], [-89.154757, 48.47172]], [[-89.154723, 48.471577], [-89.15471, 48.471577], [-89.1547, 48.471582], [-89.154693, 48.47159], [-89.154689, 48.471604], [-89.154689, 48.471622], [-89.154693, 48.471631], [-89.1547, 48.471631], [-89.15471, 48.471622], [-89.154723, 48.471604], [-89.15473, 48.47159], [-89.15473, 48.471582], [-89.154723, 48.471577]], [[-89.154939, 48.471363], [-89.154925, 48.471363], [-89.154915, 48.471365], [-89.154908, 48.47137], [-89.154905, 48.471376], [-89.154905, 48.471385], [-89.154908, 48.47139], [-89.154915, 48.47139], [-89.154925, 48.471385], [-89.154939, 48.471376], [-89.154946, 48.47137], [-89.154946, 48.471365], [-89.154939, 48.471363]], [[-89.154919, 48.471149], [-89.154892, 48.471149], [-89.154871, 48.47116], [-89.154858, 48.471182], [-89.154851, 48.471216], [-89.154851, 48.47126], [-89.154858, 48.471282], [-89.154871, 48.471282], [-89.154892, 48.47126], [-89.154919, 48.471216], [-89.154932, 48.471182], [-89.154932, 48.47116], [-89.154919, 48.471149]]]}}, {"type": "Feature", "properties": {"lead": 0, "temp": "sp:brook_trout:s2"}, "geometry": {"type": "Polygon", "coordinates": [[[-89.155397, 48.471756], [-89.155438, 48.471756], [-89.155461, 48.47176], [-89.155468, 48.471769], [-89.155458, 48.471782], [-89.155431, 48.4718], [-89.155407, 48.471809], [-89.155387, 48.471809], [-89.15537, 48.4718], [-89.155357, 48.471782], [-89.155357, 48.471769], [-89.15537, 48.47176], [-89.155397, 48.471756]]]}}, {"type": "Feature", "properties": {"lead": 0, "temp": "sp:brook_trout:s2"}, "geometry": {"type": "Polygon", "coordinates": [[[-89.1557, 48.472171], [-89.15562, 48.472162], [-89.155559, 48.472148], [-89.155518, 48.472131], [-89.155498, 48.472108], [-89.155498, 48.472081], [-89.155515, 48.472059], [-89.155549, 48.472041], [-89.155599, 48.472028], [-89.155667, 48.472019], [-89.155721, 48.472023], [-89.155761, 48.472041], [-89.155788, 48.472073], [-89.155802, 48.472117], [-89.155791, 48.472148], [-89.155758, 48.472166], [-89.1557, 48.472171]]]}}, {"type": "Feature", "properties": {"lead": 0, "temp": "sp:brook_trout:s2"}, "geometry": {"type": "Polygon", "coordinates": [[[-89.154959, 48.472278], [-89.154959, 48.472197], [-89.154962, 48.472137], [-89.154969, 48.472097], [-89.154979, 48.472077], [-89.154993, 48.472077], [-89.154999, 48.472097], [-89.154999, 48.472137], [-89.154993, 48.472197], [-89.154979, 48.472278], [-89.154969, 48.472318], [-89.154962, 48.472318], [-89.154959, 48.472278]]]}}, {"type": "Feature", "properties": {"lead": 0, "temp": "sp:brook_trout:s2"}, "geometry": {"type": "Polygon", "coordinates": [[[-89.155761, 48.472264], [-89.155802, 48.472233], [-89.155842, 48.472224], [-89.155882, 48.472238], [-89.155923, 48.472273], [-89.155933, 48.472305], [-89.155913, 48.472331], [-89.155862, 48.472354], [-89.155781, 48.472372], [-89.155731, 48.472372], [-89.155711, 48.472354], [-89.155721, 48.472318], [-89.155761, 48.472264]]]}}, {"type": "Feature", "properties": {"lead": 0, "temp": "sp:brook_trout:s2"}, "geometry": {"type": "Polygon", "coordinates": [[[-89.155775, 48.473059], [-89.155748, 48.473017], [-89.155734, 48.472967], [-89.155734, 48.472912], [-89.155748, 48.472849], [-89.155778, 48.472811], [-89.155825, 48.472798], [-89.155889, 48.472809], [-89.15597, 48.472845], [-89.156017, 48.472887], [-89.156031, 48.472936], [-89.15601, 48.472992], [-89.155957, 48.473054], [-89.155906, 48.473092], [-89.155859, 48.473106], [-89.155815, 48.473095], [-89.155775, 48.473059]]]}}, {"type": "Feature", "properties": {"lead": 0, "temp": "sp:brook_trout:s3"}, "geometry": {"type": "Polygon", "coordinates": [[[-89.165581, 48.455443], [-89.165581, 48.455354], [-89.165585, 48.455287], [-89.165592, 48.455242], [-89.165602, 48.45522], [-89.165615, 48.45522], [-89.165622, 48.455242], [-89.165622, 48.455287], [-89.165615, 48.455354], [-89.165602, 48.455443], [-89.165592, 48.455488], [-89.165585, 48.455488], [-89.165581, 48.455443]]]}}, {"type": "Feature", "properties": {"lead": 0, "temp": "sp:brook_trout:s3"}, "geometry": {"type": "Polygon", "coordinates": [[[-89.16515, 48.455613], [-89.16515, 48.45547], [-89.165153, 48.455363], [-89.16516, 48.455292], [-89.16517, 48.455256], [-89.165184, 48.455256], [-89.165191, 48.455292], [-89.165191, 48.455363], [-89.165184, 48.45547], [-89.16517, 48.455613], [-89.16516, 48.455685], [-89.165153, 48.455685], [-89.16515, 48.455613]]]}}, {"type": "Feature", "properties": {"lead": 0, "temp": "sp:brook_trout:s3"}, "geometry": {"type": "Polygon", "coordinates": [[[-89.164961, 48.456323], [-89.164907, 48.456296], [-89.164867, 48.456254], [-89.16484, 48.456196], [-89.164827, 48.456122], [-89.164827, 48.456033], [-89.16484, 48.455981], [-89.164867, 48.455968], [-89.164907, 48.455993], [-89.164961, 48.456055], [-89.165002, 48.456115], [-89.165029, 48.456173], [-89.165042, 48.456229], [-89.165042, 48.456283], [-89.165029, 48.456316], [-89.165002, 48.45633], [-89.164961, 48.456323]]]}}, {"type": "Feature", "properties": {"lead": 0, "temp": "sp:brook_trout:s3"}, "geometry": {"type": "Polygon", "coordinates": [[[-89.165204, 48.456484], [-89.165238, 48.456477], [-89.165305, 48.456473], [-89.165406, 48.45647], [-89.165541, 48.45647], [-89.165608, 48.456473], [-89.165608, 48.456477], [-89.165541, 48.456484], [-89.165406, 48.456493], [-89.165305, 48.456497], [-89.165238, 48.456497], [-89.165204, 48.456493], [-89.165204, 48.456484]]]}}, {"type": "Feature", "properties": {"lead": 0, "temp": "sp:brook_trout:s3"}, "geometry": {"type": "Polygon", "coordinates": [[[-89.154723, 48.471001], [-89.154737, 48.470914], [-89.15475, 48.470856], [-89.154764, 48.470827], [-89.154777, 48.470827], [-89.15478, 48.470856], [-89.154774, 48.470914], [-89.154757, 48.471001], [-89.15473, 48.471117], [-89.154713, 48.471175], [-89.154706, 48.471175], [-89.15471, 48.471117], [-89.154723, 48.471001]]]}}, {"type": "Feature", "properties": {"lead": 0, "temp": "sp:brook_trout:s3"}, "geometry": {"type": "Polygon", "coordinates": [[[-89.154851, 48.47126], [-89.154851, 48.471216], [-89.154858, 48.471182], [-89.154871, 48.47116], [-89.154892, 48.471149], [-89.154919, 48.471149], [-89.154932, 48.47116], [-89.154932, 48.471182], [-89.154919, 48.471216], [-89.154892, 48.47126], [-89.154871, 48.471282], [-89.154858, 48.471282], [-89.154851, 48.47126]]]}}, {"type": "Feature", "properties": {"lead": 0, "temp": "sp:brook_trout:s3"}, "geometry": {"type": "Polygon", "coordinates": [[[-89.155181, 48.471702], [-89.155114, 48.471666], [-89.155064, 48.471617], [-89.15503, 48.471555], [-89.155013, 48.471479], [-89.155013, 48.47139], [-89.15504, 48.471323], [-89.155094, 48.471278], [-89.155175, 48.471256], [-89.155283, 48.471256], [-89.155353, 48.471265], [-89.155387, 48.471282], [-89.155384, 48.471309], [-89.155343, 48.471345], [-89.155299, 48.471372], [-89.155252, 48.47139], [-89.155202, 48.471399], [-89.155148, 48.471399], [-89.155121, 48.471405], [-89.155121, 48.471419], [-89.155148, 48.471439], [-89.155202, 48.471465], [-89.155242, 48.471501], [-89.155269, 48.471546], [-89.155283, 48.471599], [-89.155283, 48.471662], [-89.155266, 48.4717], [-89.155232, 48.471713], [-89.155181, 48.471702]], [[-89.155188, 48.471541], [-89.155161, 48.471541], [-89.155141, 48.471544], [-89.155128, 48.471548], [-89.155121, 48.471555], [-89.155121, 48.471564], [-89.155128, 48.471568], [-89.155141, 48.471568], [-89.155161, 48.471564], [-89.155188, 48.471555], [-89.155202, 48.471548], [-89.155202, 48.471544], [-89.155188, 48.471541]], [[-89.155188, 48.471327], [-89.155161, 48.471327], [-89.155141, 48.471329], [-89.155128, 48.471334], [-89.155121, 48.47134], [-89.155121, 48.471349], [-89.155128, 48.471354], [-89.155141, 48.471354], [-89.155161, 48.471349], [-89.155188, 48.47134], [-89.155202, 48.471334], [-89.155202, 48.471329], [-89.155188, 48.471327]]]}}, {"type": "Feature", "properties": {"lead": 0, "temp": "sp:brook_trout:s3"}, "geometry": {"type": "Polygon", "coordinates": [[[-89.155316, 48.471956], [-89.155303, 48.471876], [-89.155296, 48.471827], [-89.155296, 48.471809], [-89.155303, 48.471823], [-89.155316, 48.471867], [-89.155333, 48.471894], [-89.155353, 48.471903], [-89.155377, 48.471894], [-89.155404, 48.471867], [-89.155417, 48.471863], [-89.155417, 48.471881], [-89.155404, 48.471921], [-89.155377, 48.471983], [-89.155353, 48.47201], [-89.155333, 48.472001], [-89.155316, 48.471956]]]}}, {"type": "Feature", "properties": {"lead": 0, "temp": "sp:brook_trout:s3"}, "geometry": {"type": "Polygon", "coordinates": [[[-89.154966, 48.472434], [-89.154935, 48.472418], [-89.154915, 48.472387], [-89.154905, 48.47234], [-89.154905, 48.472278], [-89.154885, 48.472231], [-89.154844, 48.4722], [-89.154784, 48.472184], [-89.154703, 48.472184], [-89.154659, 48.472182], [-89.154652, 48.472177], [-89.154683, 48.472171], [-89.15475, 48.472162], [-89.154801, 48.472135], [-89.154834, 48.47209], [-89.154851, 48.472028], [-89.154851, 48.471948], [-89.154858, 48.471923], [-89.154871, 48.471954], [-89.154892, 48.472041], [-89.154919, 48.472184], [-89.154946, 48.472271], [-89.154973, 48.472302], [-89.154999, 48.472278], [-89.155026, 48.472197], [-89.155047, 48.47216], [-89.15506, 48.472164], [-89.155067, 48.472211], [-89.155067, 48.4723], [-89.155057, 48.472367], [-89.155037, 48.472412], [-89.155006, 48.472434], [-89.154966, 48.472434]]]}}, {"type": "Feature", "properties": {"lead": 0, "temp": "sp:brook_trout:s3"}, "geometry": {"type": "Polygon", "coordinates": [[[-89.155727, 48.472434], [-89.155657, 48.472427], [-89.155596, 48.472414], [-89.155545, 48.472394], [-89.155505, 48.472367], [-89.155475, 48.472327], [-89.155454, 48.472273], [-89.155444, 48.472206], [-89.155444, 48.472126], [-89.155461, 48.472066], [-89.155495, 48.472026], [-89.155545, 48.472006], [-89.155613, 48.472006], [-89.15565, 48.472014], [-89.155657, 48.472032], [-89.155633, 48.472059], [-89.155579, 48.472095], [-89.155559, 48.472124], [-89.155572, 48.472146], [-89.15562, 48.472162], [-89.1557, 48.472171], [-89.155734, 48.472184], [-89.155734, 48.472184], [-89.155724, 48.472186], [-89.155717, 48.472191], [-89.155714, 48.472197], [-89.155714, 48.472206], [-89.155717, 48.472211], [-89.155724, 48.472211], [-89.155734, 48.472206], [-89.155748, 48.472197], [-89.155752, 48.472193], [-89.155771, 48.472222], [-89.155761, 48.472264], [-89.155721, 48.472318], [-89.155707, 48.47236], [-89.155721, 48.472392], [-89.155761, 48.472412], [-89.155829, 48.472421], [-89.155859, 48.472427], [-89.155852, 48.472432], [-89.155808, 48.472434], [-89.155727, 48.472434]], [[-89.155559, 48.47222], [-89.155529, 48.472224], [-89.155508, 48.472233], [-89.155498, 48.472247], [-89.155498, 48.472264], [-89.155508, 48.472273], [-89.155529, 48.472273], [-89.155559, 48.472264], [-89.155599, 48.472247], [-89.15562, 48.472233], [-89.15562, 48.472224], [-89.155599, 48.47222], [-89.155559, 48.47222]]]}}, {"type": "Feature", "properties": {"lead": 0, "temp": "sp:salmon:s1"}, "geometry": {"type": "Polygon", "coordinates": [[[-89.164941, 48.455738], [-89.164874, 48.455631], [-89.164833, 48.455542], [-89.16482, 48.45547], [-89.164833, 48.455417], [-89.164874, 48.455381], [-89.164921, 48.455363], [-89.164975, 48.455363], [-89.165035, 48.455381], [-89.165103, 48.455417], [-89.165143, 48.45547], [-89.165157, 48.455542], [-89.165143, 48.455631], [-89.165103, 48.455738], [-89.165056, 48.455792], [-89.165002, 48.455792], [-89.164941, 48.455738]]]}}, {"type": "Feature", "properties": {"lead": 0, "temp": "sp:salmon:s1"}, "geometry": {"type": "Polygon", "coordinates": [[[-89.16488, 48.456323], [-89.16488, 48.456296], [-89.164891, 48.456276], [-89.164911, 48.456263], [-89.164941, 48.456256], [-89.164982, 48.456256], [-89.165002, 48.456263], [-89.165002, 48.456276], [-89.164982, 48.456296], [-89.164941, 48.456323], [-89.164911, 48.456336], [-89.164891, 48.456336], [-89.16488, 48.456323]]]}}, {"type": "Feature", "properties": {"lead": 0, "temp": "sp:salmon:s1"}, "geometry": {"type": "Polygon", "coordinates": [[[-89.165703, 48.456961], [-89.165568, 48.456908], [-89.165467, 48.456845], [-89.165399, 48.456774], [-89.165366, 48.456694], [-89.165366, 48.456604], [-89.165399, 48.456553], [-89.165467, 48.45654], [-89.165568, 48.456564], [-89.165703, 48.456627], [-89.165804, 48.456694], [-89.165871, 48.456765], [-89.165905, 48.456841], [-89.165905, 48.456921], [-89.165871, 48.456968], [-89.165804, 48.456982], [-89.165703, 48.456961]]]}}, {"type": "Feature", "properties": {"lead": 0, "temp": "sp:salmon:s1"}, "geometry": {"type": "Polygon", "coordinates": [[[-89.155208, 48.471068], [-89.155266, 48.47099], [-89.155475, 48.470923], [-89.155835, 48.470867], [-89.156347, 48.470823], [-89.156701, 48.470809], [-89.156897, 48.470827], [-89.156934, 48.470876], [-89.156813, 48.470957], [-89.156658, 48.471017], [-89.156469, 48.471057], [-89.156246, 48.471077], [-89.15599, 48.471077], [-89.155788, 48.471091], [-89.15564, 48.471117], [-89.155545, 48.471157], [-89.155505, 48.471211], [-89.155451, 48.471229], [-89.155384, 48.471211], [-89.155303, 48.471157], [-89.155208, 48.471068]]]}}, {"type": "Feature", "properties": {"lead": 0, "temp": "sp:salmon:s1"}, "geometry": {"type": "Polygon", "coordinates": [[[-89.155283, 48.471903], [-89.155293, 48.471883], [-89.155313, 48.471869], [-89.155343, 48.471863], [-89.155384, 48.471863], [-89.155404, 48.471869], [-89.155404, 48.471883], [-89.155384, 48.471903], [-89.155343, 48.47193], [-89.155313, 48.471943], [-89.155293, 48.471943], [-89.155283, 48.47193], [-89.155283, 48.471903]]]}}, {"type": "Feature", "properties": {"lead": 0, "temp": "sp:salmon:s1"}, "geometry": {"type": "Polygon", "coordinates": [[[-89.155842, 48.472434], [-89.155748, 48.472434], [-89.155677, 48.472425], [-89.15563, 48.472407], [-89.155606, 48.47238], [-89.155606, 48.472345], [-89.155623, 48.472311], [-89.155657, 48.47228], [-89.155707, 48.472251], [-89.155775, 48.472224], [-89.155832, 48.47222], [-89.155879, 48.472238], [-89.155916, 48.472278], [-89.155943, 48.47234], [-89.15594, 48.472387], [-89.155906, 48.472418], [-89.155842, 48.472434]]]}}, {"type": "Feature", "properties": {"lead": 0, "temp": "sp:salmon:s1"}, "geometry": {"type": "Polygon", "coordinates": [[[-89.154184, 48.472238], [-89.154157, 48.472197], [-89.154197, 48.472153], [-89.154305, 48.472104], [-89.15448, 48.47205], [-89.154612, 48.472023], [-89.1547, 48.472023], [-89.154743, 48.47205], [-89.154743, 48.472104], [-89.154723, 48.472153], [-89.154683, 48.472197], [-89.154622, 48.472238], [-89.154541, 48.472273], [-89.154457, 48.472291], [-89.154369, 48.472291], [-89.154278, 48.472273], [-89.154184, 48.472238]]]}}, {"type": "Feature", "properties": {"lead": 0, "temp": "sp:salmon:s1"}, "geometry": {"type": "Polygon", "coordinates": [[[-89.154905, 48.472367], [-89.154915, 48.472347], [-89.154935, 48.472334], [-89.154966, 48.472327], [-89.155006, 48.472327], [-89.155026, 48.472334], [-89.155026, 48.472347], [-89.155006, 48.472367], [-89.154966, 48.472394], [-89.154935, 48.472407], [-89.154915, 48.472407], [-89.154905, 48.472394], [-89.154905, 48.472367]]]}}, {"type": "Feature", "properties": {"lead": 0, "temp": "sp:salmon:s1"}, "geometry": {"type": "Polygon", "coordinates": [[[-89.153881, 48.472394], [-89.153881, 48.472367], [-89.153891, 48.472347], [-89.153911, 48.472334], [-89.153941, 48.472327], [-89.153982, 48.472327], [-89.154002, 48.472334], [-89.154002, 48.472347], [-89.153982, 48.472367], [-89.153941, 48.472394], [-89.153911, 48.472407], [-89.153891, 48.472407], [-89.153881, 48.472394]]]}}, {"type": "Feature", "properties": {"lead": 0, "temp": "sp:salmon:s1"}, "geometry": {"type": "Polygon", "coordinates": [[[-89.153719, 48.472474], [-89.153729, 48.472454], [-89.153749, 48.472441], [-89.15378, 48.472434], [-89.15382, 48.472434], [-89.15384, 48.472441], [-89.15384, 48.472454], [-89.15382, 48.472474], [-89.15378, 48.472501], [-89.153749, 48.472514], [-89.153729, 48.472514], [-89.153719, 48.472501], [-89.153719, 48.472474]]]}}, {"type": "Feature", "properties": {"lead": 0, "temp": "sp:salmon:s1"}, "geometry": {"type": "Polygon", "coordinates": [[[-89.153557, 48.472581], [-89.153567, 48.472561], [-89.153587, 48.472548], [-89.153618, 48.472541], [-89.153658, 48.472541], [-89.153678, 48.472548], [-89.153678, 48.472561], [-89.153658, 48.472581], [-89.153618, 48.472608], [-89.153587, 48.472622], [-89.153567, 48.472622], [-89.153557, 48.472608], [-89.153557, 48.472581]]]}}, {"type": "Feature", "properties": {"lead": 0, "temp": "sp:salmon:s2"}, "geometry": {"type": "Polygon", "coordinates": [[[-89.165366, 48.45526], [-89.165376, 48.45524], [-89.165396, 48.455227], [-89.165426, 48.45522], [-89.165467, 48.45522], [-89.165487, 48.455227], [-89.165487, 48.45524], [-89.165467, 48.45526], [-89.165426, 48.455287], [-89.165396, 48.455301], [-89.165376, 48.455301], [-89.165366, 48.455287], [-89.165366, 48.45526]]]}}, {"type": "Feature", "properties": {"lead": 0, "temp": "sp:salmon:s2"}, "geometry": {"type": "Polygon", "coordinates": [[[-89.165076, 48.455336], [-89.165089, 48.455296], [-89.165103, 48.455269], [-89.165116, 48.455256], [-89.16513, 48.455256], [-89.165133, 48.455269], [-89.165126, 48.455296], [-89.16511, 48.455336], [-89.165083, 48.45539], [-89.165066, 48.455417], [-89.165059, 48.455417], [-89.165062, 48.45539], [-89.165076, 48.455336]]]}}, {"type": "Feature", "properties": {"lead": 0, "temp": "sp:salmon:s2"}, "geometry": {"type": "Polygon", "coordinates": [[[-89.165871, 48.455926], [-89.165494, 48.455852], [-89.165292, 48.455794], [-89.165265, 48.455751], [-89.165413, 48.455725], [-89.165524, 48.455676], [-89.165598, 48.455604], [-89.165635, 48.45551], [-89.165635, 48.455394], [-89.16573, 48.455316], [-89.165918, 48.455276], [-89.166202, 48.455274], [-89.166579, 48.455309], [-89.166886, 48.455298], [-89.167122, 48.45524], [-89.167287, 48.455135], [-89.167381, 48.454984], [-89.167519, 48.454865], [-89.167701, 48.45478], [-89.167927, 48.454729], [-89.168197, 48.454711], [-89.168402, 48.454718], [-89.168544, 48.454749], [-89.168621, 48.454805], [-89.168635, 48.454885], [-89.168581, 48.454946], [-89.168459, 48.454986], [-89.168271, 48.455006], [-89.168015, 48.455006], [-89.167849, 48.455055], [-89.167775, 48.455153], [-89.167792, 48.455301], [-89.1679, 48.455497], [-89.167964, 48.455644], [-89.167984, 48.455743], [-89.167961, 48.455792], [-89.167893, 48.455792], [-89.167849, 48.455807], [-89.167829, 48.455839], [-89.167833, 48.455885], [-89.16786, 48.455948], [-89.167839, 48.456002], [-89.167772, 48.456046], [-89.167657, 48.456082], [-89.167496, 48.456109], [-89.167236, 48.456106], [-89.166879, 48.456075], [-89.166424, 48.456015], [-89.165871, 48.455926]]]}}, {"type": "Feature", "properties": {"lead": 0, "temp": "sp:salmon:s2"}, "geometry": {"type": "Polygon", "coordinates": [[[-89.168689, 48.455631], [-89.168611, 48.455584], [-89.16855, 48.455526], [-89.168507, 48.455457], [-89.16848, 48.455376], [-89.16851, 48.455321], [-89.168598, 48.455289], [-89.168743, 48.455283], [-89.168945, 48.455301], [-89.169076, 48.455338], [-89.169137, 48.455397], [-89.169127, 48.455475], [-89.169046, 48.455573], [-89.168962, 48.455638], [-89.168874, 48.455669], [-89.168783, 48.455667], [-89.168689, 48.455631]]]}}, {"type": "Feature", "properties": {"lead": 0, "temp": "sp:salmon:s2"}, "geometry": {"type": "Polygon", "coordinates": [[[-89.165379, 48.456435], [-89.165308, 48.456423], [-89.165248, 48.456401], [-89.165197, 48.456368], [-89.165157, 48.456323], [-89.165157, 48.456285], [-89.165197, 48.456254], [-89.165278, 48.456229], [-89.165399, 48.456211], [-89.16549, 48.456214], [-89.165551, 48.456236], [-89.165581, 48.456278], [-89.165581, 48.456341], [-89.165561, 48.456388], [-89.165521, 48.456419], [-89.16546, 48.456435], [-89.165379, 48.456435]]]}}, {"type": "Feature", "properties": {"lead": 0, "temp": "sp:salmon:s2"}, "geometry": {"type": "Polygon", "coordinates": [[[-89.165784, 48.456417], [-89.165844, 48.456401], [-89.165885, 48.456406], [-89.165905, 48.45643], [-89.165905, 48.456475], [-89.165885, 48.456506], [-89.165844, 48.456524], [-89.165784, 48.456528], [-89.165703, 48.456519], [-89.165662, 48.456504], [-89.165662, 48.456481], [-89.165703, 48.456452], [-89.165784, 48.456417]]]}}, {"type": "Feature", "properties": {"lead": 0, "temp": "sp:salmon:s2"}, "geometry": {"type": "Polygon", "coordinates": [[[-89.167084, 48.457828], [-89.166825, 48.457591], [-89.166589, 48.457403], [-89.166377, 48.457265], [-89.166188, 48.457176], [-89.166036, 48.457082], [-89.165922, 48.456984], [-89.165844, 48.456881], [-89.165804, 48.456774], [-89.165804, 48.456687], [-89.165844, 48.45662], [-89.165925, 48.456573], [-89.166046, 48.456546], [-89.166137, 48.45654], [-89.166198, 48.456553], [-89.166228, 48.456586], [-89.166228, 48.45664], [-89.166303, 48.456707], [-89.166451, 48.456787], [-89.166673, 48.456881], [-89.16697, 48.456988], [-89.167182, 48.457084], [-89.16731, 48.457169], [-89.167354, 48.457243], [-89.167314, 48.457305], [-89.167317, 48.457381], [-89.167364, 48.45747], [-89.167455, 48.457573], [-89.16759, 48.457689], [-89.167691, 48.457819], [-89.167758, 48.457962], [-89.167792, 48.458118], [-89.167792, 48.458287], [-89.167721, 48.458343], [-89.16758, 48.458285], [-89.167368, 48.458113], [-89.167084, 48.457828]]]}}, {"type": "Feature", "properties": {"lead": 0, "temp": "sp:salmon:s2"}, "geometry": {"type": "Polygon", "coordinates": [[[-89.158774, 48.470858], [-89.158942, 48.470796], [-89.158983, 48.470787], [-89.158895, 48.470832], [-89.15868, 48.47093], [-89.158498, 48.471008], [-89.158349, 48.471066], [-89.158235, 48.471104], [-89.158154, 48.471122], [-89.158167, 48.471106], [-89.158275, 48.471057], [-89.158477, 48.470974], [-89.158774, 48.470858]]]}}, {"type": "Feature", "properties": {"lead": 0, "temp": "sp:salmon:s2"}, "geometry": {"type": "Polygon", "coordinates": [[[-89.157332, 48.472581], [-89.157348, 48.472561], [-89.157382, 48.472548], [-89.157433, 48.472541], [-89.1575, 48.472541], [-89.157534, 48.472548], [-89.157534, 48.472561], [-89.1575, 48.472581], [-89.157433, 48.472608], [-89.157382, 48.472622], [-89.157348, 48.472622], [-89.157332, 48.472608], [-89.157332, 48.472581]]]}}, {"type": "Feature", "properties": {"lead": 0, "temp": "sp:salmon:s2"}, "geometry": {"type": "Polygon", "coordinates": [[[-89.156428, 48.471282], [-89.156344, 48.471222], [-89.156257, 48.471191], [-89.156166, 48.471189], [-89.156071, 48.471216], [-89.15598, 48.471224], [-89.155893, 48.471216], [-89.155808, 48.471189], [-89.155727, 48.471144], [-89.155731, 48.471111], [-89.155818, 48.471088], [-89.15599, 48.471077], [-89.156246, 48.471077], [-89.156472, 48.471062], [-89.156668, 48.47103], [-89.156833, 48.470983], [-89.156968, 48.470921], [-89.157089, 48.470903], [-89.157197, 48.47093], [-89.157291, 48.471001], [-89.157372, 48.471117], [-89.157379, 48.471218], [-89.157311, 48.471303], [-89.15717, 48.471372], [-89.156954, 48.471425], [-89.156772, 48.471443], [-89.156624, 48.471425], [-89.156509, 48.471372], [-89.156428, 48.471282]]]}}, {"type": "Feature", "properties": {"lead": 0, "temp": "sp:salmon:s2"}, "geometry": {"type": "Polygon", "coordinates": [[[-89.155323, 48.471367], [-89.155384, 48.471352], [-89.155424, 48.471347], [-89.155444, 48.471354], [-89.155444, 48.471372], [-89.155424, 48.471387], [-89.155384, 48.471401], [-89.155323, 48.471412], [-89.155242, 48.471421], [-89.155202, 48.471421], [-89.155202, 48.471412], [-89.155242, 48.471394], [-89.155323, 48.471367]]]}}, {"type": "Feature", "properties": {"lead": 0, "temp": "sp:salmon:s2"}, "geometry": {"type": "Polygon", "coordinates": [[[-89.15562, 48.472162], [-89.155559, 48.472148], [-89.155518, 48.472131], [-89.155498, 48.472108], [-89.155498, 48.472081], [-89.155515, 48.472059], [-89.155549, 48.472041], [-89.155599, 48.472028], [-89.155667, 48.472019], [-89.155721, 48.472023], [-89.155761, 48.472041], [-89.155788, 48.472073], [-89.155802, 48.472117], [-89.155791, 48.472148], [-89.155758, 48.472166], [-89.1557, 48.472171], [-89.15562, 48.472162]]]}}, {"type": "Feature", "properties": {"lead": 0, "temp": "sp:salmon:s2"}, "geometry": {"type": "Polygon", "coordinates": [[[-89.153618, 48.473117], [-89.153648, 48.472854], [-89.153749, 48.472639], [-89.153921, 48.472474], [-89.154164, 48.472358], [-89.154352, 48.472282], [-89.154487, 48.472247], [-89.154568, 48.472251], [-89.154595, 48.472296], [-89.154588, 48.472347], [-89.154548, 48.472405], [-89.154474, 48.47247], [-89.154366, 48.472541], [-89.154305, 48.47261], [-89.154292, 48.472677], [-89.154325, 48.472742], [-89.154406, 48.472805], [-89.154447, 48.472863], [-89.154447, 48.472916], [-89.154406, 48.472965], [-89.154325, 48.47301], [-89.154268, 48.473081], [-89.154234, 48.473179], [-89.154224, 48.473304], [-89.154238, 48.473456], [-89.154224, 48.47357], [-89.154184, 48.473646], [-89.154117, 48.473684], [-89.154022, 48.473684], [-89.153941, 48.473697], [-89.153874, 48.473724], [-89.15382, 48.473764], [-89.15378, 48.473818], [-89.153739, 48.47378], [-89.153699, 48.47365], [-89.153658, 48.473429], [-89.153618, 48.473117]]]}}, {"type": "Feature", "properties": {"lead": 0, "temp": "sp:salmon:s2"}, "geometry": {"type": "Polygon", "coordinates": [[[-89.156199, 48.473032], [-89.156213, 48.473019], [-89.15624, 48.47301], [-89.15628, 48.473005], [-89.156334, 48.473005], [-89.156361, 48.47301], [-89.156361, 48.473019], [-89.156334, 48.473032], [-89.15628, 48.47305], [-89.15624, 48.473059], [-89.156213, 48.473059], [-89.156199, 48.47305], [-89.156199, 48.473032]]]}}, {"type": "Feature", "properties": {"lead": 0, "temp": "sp:salmon:s2"}, "geometry": {"type": "Polygon", "coordinates": [[[-89.150207, 48.475674], [-89.150335, 48.475485], [-89.150551, 48.475266], [-89.150854, 48.475018], [-89.151245, 48.474742], [-89.151636, 48.474514], [-89.152027, 48.474335], [-89.152418, 48.474206], [-89.152809, 48.474126], [-89.153102, 48.474074], [-89.153298, 48.474052], [-89.153395, 48.474059], [-89.153395, 48.474094], [-89.153287, 48.474148], [-89.153072, 48.474219], [-89.152748, 48.474309], [-89.152317, 48.474416], [-89.15196, 48.474547], [-89.151677, 48.474704], [-89.151468, 48.474884], [-89.151333, 48.47509], [-89.151168, 48.475286], [-89.150972, 48.475474], [-89.150746, 48.475652], [-89.15049, 48.475822], [-89.150308, 48.475909], [-89.150201, 48.475913], [-89.150167, 48.475835], [-89.150207, 48.475674]]]}}, {"type": "Feature", "properties": {"lead": 0, "temp": "sp:salmon:s2"}, "geometry": {"type": "Polygon", "coordinates": [[[-89.141179, 48.479479], [-89.14128, 48.479359], [-89.141418, 48.479231], [-89.141593, 48.479098], [-89.141873, 48.478966], [-89.142257, 48.478836], [-89.142746, 48.478709], [-89.143339, 48.478584], [-89.144087, 48.47839], [-89.14499, 48.478127], [-89.146049, 48.477794], [-89.147262, 48.477393], [-89.148162, 48.477103], [-89.148748, 48.476924], [-89.149021, 48.476857], [-89.148981, 48.476902], [-89.14893, 48.476935], [-89.148869, 48.476958], [-89.148799, 48.476969], [-89.148718, 48.476969], [-89.148644, 48.476984], [-89.148576, 48.477016], [-89.148516, 48.477062], [-89.148462, 48.477125], [-89.148401, 48.477172], [-89.148334, 48.477203], [-89.148259, 48.477219], [-89.148179, 48.477219], [-89.148108, 48.477232], [-89.148047, 48.477259], [-89.147997, 48.477299], [-89.147956, 48.477353], [-89.14768, 48.477486], [-89.147167, 48.477701], [-89.146419, 48.477995], [-89.145435, 48.47837], [-89.144566, 48.478671], [-89.143811, 48.478899], [-89.143171, 48.479053], [-89.142645, 48.479133], [-89.14224, 48.479209], [-89.141957, 48.47928], [-89.141796, 48.479347], [-89.141755, 48.47941], [-89.141695, 48.479457], [-89.141614, 48.479488], [-89.141513, 48.479504], [-89.141391, 48.479504], [-89.14129, 48.479526], [-89.141209, 48.479571], [-89.141149, 48.479638], [-89.141108, 48.479727], [-89.141085, 48.479767], [-89.141078, 48.479758], [-89.141088, 48.4797], [-89.141115, 48.479593], [-89.141179, 48.479479]]]}}, {"type": "Feature", "properties": {"lead": 0, "temp": "sp:salmon:s2"}, "geometry": {"type": "Polygon", "coordinates": [[[-89.129714, 48.483105], [-89.129694, 48.483025], [-89.12969, 48.482904], [-89.129704, 48.482744], [-89.129751, 48.482594], [-89.129832, 48.482456], [-89.129947, 48.482328], [-89.130095, 48.482212], [-89.130267, 48.482123], [-89.130462, 48.482061], [-89.130681, 48.482025], [-89.130924, 48.482016], [-89.131214, 48.48198], [-89.131551, 48.481918], [-89.131935, 48.481829], [-89.132366, 48.481713], [-89.132804, 48.481628], [-89.133249, 48.481574], [-89.133701, 48.481552], [-89.134159, 48.481561], [-89.134631, 48.48155], [-89.135116, 48.481519], [-89.135615, 48.481467], [-89.136127, 48.481396], [-89.136363, 48.481371], [-89.136323, 48.481394], [-89.136006, 48.481463], [-89.135413, 48.481579], [-89.134944, 48.481681], [-89.134601, 48.481771], [-89.134382, 48.481847], [-89.134287, 48.481909], [-89.134068, 48.481956], [-89.133724, 48.481987], [-89.133256, 48.482003], [-89.132663, 48.482003], [-89.132154, 48.482016], [-89.131729, 48.482043], [-89.131389, 48.482083], [-89.131133, 48.482137], [-89.130897, 48.482199], [-89.130681, 48.48227], [-89.130486, 48.482351], [-89.130311, 48.48244], [-89.130169, 48.482543], [-89.130061, 48.482659], [-89.129987, 48.482788], [-89.129947, 48.482931], [-89.129903, 48.483038], [-89.129856, 48.483109], [-89.129805, 48.483145], [-89.129751, 48.483145], [-89.129714, 48.483105]]]}}, {"type": "Feature", "properties": {"lead": 0, "temp": "sp:salmon:s3"}, "geometry": {"type": "Polygon", "coordinates": [[[-89.168483, 48.455247], [-89.168439, 48.455242], [-89.168439, 48.455234], [-89.168483, 48.455227], [-89.168571, 48.455222], [-89.168702, 48.45522], [-89.168877, 48.45522], [-89.168965, 48.455222], [-89.168965, 48.455227], [-89.168877, 48.455234], [-89.168702, 48.455242], [-89.168571, 48.455247], [-89.168483, 48.455247]]]}}, {"type": "Feature", "properties": {"lead": 0, "temp": "sp:salmon:s3"}, "geometry": {"type": "Polygon", "coordinates": [[[-89.165561, 48.45551], [-89.165548, 48.455394], [-89.165544, 48.455307], [-89.165551, 48.455249], [-89.165568, 48.45522], [-89.165595, 48.45522], [-89.165612, 48.455249], [-89.165619, 48.455307], [-89.165615, 48.455394], [-89.165602, 48.45551], [-89.165588, 48.455568], [-89.165575, 48.455568], [-89.165561, 48.45551]]]}}, {"type": "Feature", "properties": {"lead": 0, "temp": "sp:salmon:s3"}, "geometry": {"type": "Polygon", "coordinates": [[[-89.16544, 48.45647], [-89.165346, 48.45647], [-89.165275, 48.456464], [-89.165228, 48.45645], [-89.165204, 48.45643], [-89.165204, 48.456403], [-89.165207, 48.456388], [-89.165214, 48.456383], [-89.165224, 48.45639], [-89.165238, 48.456408], [-89.165268, 48.456423], [-89.165315, 48.456437], [-89.165379, 48.456448], [-89.16546, 48.456457], [-89.165497, 48.456464], [-89.16549, 48.456468], [-89.16544, 48.45647]]]}}, {"type": "Feature", "properties": {"lead": 0, "temp": "sp:salmon:s3"}, "geometry": {"type": "Polygon", "coordinates": [[[-89.165945, 48.456613], [-89.165865, 48.456613], [-89.1658, 48.456609], [-89.165753, 48.4566], [-89.165723, 48.456586], [-89.165709, 48.456569], [-89.165713, 48.456555], [-89.165733, 48.456546], [-89.16577, 48.456542], [-89.165824, 48.456542], [-89.165875, 48.456546], [-89.165922, 48.456555], [-89.165966, 48.456569], [-89.166006, 48.456586], [-89.166016, 48.4566], [-89.165996, 48.456609], [-89.165945, 48.456613]]]}}, {"type": "Feature", "properties": {"lead": 0, "temp": "sp:salmon:s3"}, "geometry": {"type": "Polygon", "coordinates": [[[-89.155202, 48.471506], [-89.155148, 48.471506], [-89.155107, 48.471492], [-89.15508, 48.471465], [-89.155067, 48.471425], [-89.155067, 48.471372], [-89.15509, 48.471332], [-89.155138, 48.471305], [-89.155208, 48.471291], [-89.155303, 48.471291], [-89.155353, 48.4713], [-89.15536, 48.471318], [-89.155323, 48.471345], [-89.155242, 48.471381], [-89.155192, 48.471412], [-89.155171, 48.471439], [-89.155181, 48.471461], [-89.155222, 48.471479], [-89.155239, 48.471492], [-89.155232, 48.471501], [-89.155202, 48.471506]], [[-89.155188, 48.471327], [-89.155161, 48.471327], [-89.155141, 48.471329], [-89.155128, 48.471334], [-89.155121, 48.47134], [-89.155121, 48.471349], [-89.155128, 48.471354], [-89.155141, 48.471354], [-89.155161, 48.471349], [-89.155188, 48.47134], [-89.155202, 48.471334], [-89.155202, 48.471329], [-89.155188, 48.471327]]]}}, {"type": "Feature", "properties": {"lead": 0, "temp": "sp:salmon:s3"}, "geometry": {"type": "Polygon", "coordinates": [[[-89.155647, 48.472184], [-89.155566, 48.472184], [-89.155505, 48.472175], [-89.155465, 48.472157], [-89.155444, 48.472131], [-89.155444, 48.472095], [-89.155448, 48.472075], [-89.155454, 48.47207], [-89.155465, 48.472081], [-89.155478, 48.472108], [-89.155505, 48.472131], [-89.155545, 48.472148], [-89.155599, 48.472162], [-89.155667, 48.472171], [-89.155697, 48.472177], [-89.15569, 48.472182], [-89.155647, 48.472184]]]}}, {"type": "Feature", "properties": {"lead": 0, "temp": "sp:salmon:s3"}, "geometry": {"type": "Polygon", "coordinates": [[[-89.154609, 48.472184], [-89.154662, 48.472184], [-89.154696, 48.472186], [-89.15471, 48.472191], [-89.154703, 48.472197], [-89.154676, 48.472206], [-89.154649, 48.472211], [-89.154622, 48.472211], [-89.154595, 48.472206], [-89.154568, 48.472197], [-89.154561, 48.472191], [-89.154575, 48.472186], [-89.154609, 48.472184]]]}}, {"type": "Feature", "properties": {"lead": 0, "temp": "sp:steelhead:s1"}, "geometry": {"type": "Polygon", "coordinates": [[[-89.167253, 48.45526], [-89.167266, 48.45524], [-89.167293, 48.455227], [-89.167334, 48.45522], [-89.167388, 48.45522], [-89.167415, 48.455227], [-89.167415, 48.45524], [-89.167388, 48.45526], [-89.167334, 48.455287], [-89.167293, 48.455301], [-89.167266, 48.455301], [-89.167253, 48.455287], [-89.167253, 48.45526]]]}}, {"type": "Feature", "properties": {"lead": 0, "temp": "sp:steelhead:s1"}, "geometry": {"type": "Polygon", "coordinates": [[[-89.168571, 48.455582], [-89.16851, 48.455519], [-89.168473, 48.455443], [-89.168459, 48.455354], [-89.1685, 48.455292], [-89.168594, 48.455256], [-89.168743, 48.455247], [-89.168945, 48.455265], [-89.169096, 48.455296], [-89.169197, 48.455341], [-89.169248, 48.455399], [-89.169248, 48.45547], [-89.169228, 48.455533], [-89.169187, 48.455586], [-89.169127, 48.455631], [-89.169046, 48.455667], [-89.168958, 48.455685], [-89.168864, 48.455685], [-89.168763, 48.455667], [-89.168655, 48.455631], [-89.168571, 48.455582]]]}}, {"type": "Feature", "properties": {"lead": 0, "temp": "sp:steelhead:s1"}, "geometry": {"type": "Polygon", "coordinates": [[[-89.165531, 48.455778], [-89.165511, 48.455751], [-89.165514, 48.455711], [-89.165541, 48.455658], [-89.165571, 48.455618], [-89.165605, 48.455591], [-89.165642, 48.455577], [-89.165683, 48.455577], [-89.165713, 48.455591], [-89.165733, 48.455618], [-89.165743, 48.455658], [-89.165743, 48.455711], [-89.165726, 48.455751], [-89.165693, 48.455778], [-89.165642, 48.455792], [-89.165575, 48.455792], [-89.165531, 48.455778]]]}}, {"type": "Feature", "properties": {"lead": 0, "temp": "sp:steelhead:s1"}, "geometry": {"type": "Polygon", "coordinates": [[[-89.166512, 48.456026], [-89.166323, 48.455995], [-89.166148, 48.455948], [-89.165986, 48.455885], [-89.165895, 48.455839], [-89.165875, 48.455807], [-89.165925, 48.455792], [-89.166046, 48.455792], [-89.166137, 48.455763], [-89.166198, 48.455705], [-89.166228, 48.455618], [-89.166228, 48.455501], [-89.166272, 48.455417], [-89.16636, 48.455363], [-89.166491, 48.455341], [-89.166667, 48.45535], [-89.166798, 48.455383], [-89.166886, 48.455441], [-89.166929, 48.455524], [-89.166929, 48.455631], [-89.166973, 48.455705], [-89.167061, 48.455745], [-89.167192, 48.455751], [-89.167368, 48.455725], [-89.167475, 48.455727], [-89.167516, 48.455758], [-89.167489, 48.455818], [-89.167395, 48.455908], [-89.16727, 48.455975], [-89.167115, 48.456019], [-89.166929, 48.456042], [-89.166714, 48.456042], [-89.166512, 48.456026]]]}}, {"type": "Feature", "properties": {"lead": 0, "temp": "sp:steelhead:s1"}, "geometry": {"type": "Polygon", "coordinates": [[[-89.164891, 48.456169], [-89.164911, 48.456156], [-89.164941, 48.456149], [-89.164982, 48.456149], [-89.165002, 48.456156], [-89.165002, 48.456169], [-89.164982, 48.456189], [-89.164941, 48.456216], [-89.164911, 48.456229], [-89.164891, 48.456229], [-89.16488, 48.456216], [-89.16488, 48.456189], [-89.164891, 48.456169]]]}}, {"type": "Feature", "properties": {"lead": 0, "temp": "sp:steelhead:s1"}, "geometry": {"type": "Polygon", "coordinates": [[[-89.165258, 48.456345], [-89.165285, 48.45631], [-89.165346, 48.456274], [-89.16544, 48.456238], [-89.165497, 48.456218], [-89.165517, 48.456214], [-89.165501, 48.456225], [-89.165447, 48.456252], [-89.165406, 48.456283], [-89.165379, 48.456319], [-89.165366, 48.456359], [-89.165366, 48.456403], [-89.165356, 48.456428], [-89.165335, 48.456432], [-89.165305, 48.456417], [-89.165265, 48.456381], [-89.165258, 48.456345]]]}}, {"type": "Feature", "properties": {"lead": 0, "temp": "sp:steelhead:s1"}, "geometry": {"type": "Polygon", "coordinates": [[[-89.165966, 48.456711], [-89.165925, 48.456694], [-89.165905, 48.456667], [-89.165905, 48.456631], [-89.165925, 48.456598], [-89.165966, 48.456566], [-89.166026, 48.456537], [-89.166107, 48.456511], [-89.166168, 48.456506], [-89.166208, 48.456524], [-89.166228, 48.456564], [-89.166228, 48.456627], [-89.166208, 48.456673], [-89.166168, 48.456705], [-89.166107, 48.45672], [-89.166026, 48.45672], [-89.165966, 48.456711]]]}}, {"type": "Feature", "properties": {"lead": 0, "temp": "sp:steelhead:s1"}, "geometry": {"type": "Polygon", "coordinates": [[[-89.166552, 48.457162], [-89.166414, 48.456941], [-89.166353, 48.456794], [-89.16637, 48.45672], [-89.166464, 48.45672], [-89.166555, 48.45674], [-89.166643, 48.456781], [-89.166727, 48.456841], [-89.166808, 48.456921], [-89.166879, 48.457035], [-89.16694, 48.457182], [-89.16699, 48.457363], [-89.167031, 48.457578], [-89.167007, 48.457665], [-89.166919, 48.457624], [-89.166768, 48.457457], [-89.166552, 48.457162]]]}}, {"type": "Feature", "properties": {"lead": 0, "temp": "sp:steelhead:s1"}, "geometry": {"type": "Polygon", "coordinates": [[[-89.157059, 48.470997], [-89.157187, 48.470997], [-89.157264, 48.471028], [-89.157291, 48.471091], [-89.157247, 48.471137], [-89.157133, 48.471169], [-89.156947, 48.471184], [-89.156691, 48.471184], [-89.156556, 48.471169], [-89.156543, 48.471137], [-89.156651, 48.471091], [-89.15688, 48.471028], [-89.157059, 48.470997]]]}}, {"type": "Feature", "properties": {"lead": 0, "temp": "sp:steelhead:s1"}, "geometry": {"type": "Polygon", "coordinates": [[[-89.156155, 48.471097], [-89.156176, 48.471084], [-89.156206, 48.471077], [-89.156246, 48.471077], [-89.156267, 48.471084], [-89.156267, 48.471097], [-89.156246, 48.471117], [-89.156206, 48.471144], [-89.156176, 48.471157], [-89.156155, 48.471157], [-89.156145, 48.471144], [-89.156145, 48.471117], [-89.156155, 48.471097]]]}}, {"type": "Feature", "properties": {"lead": 0, "temp": "sp:steelhead:s1"}, "geometry": {"type": "Polygon", "coordinates": [[[-89.155778, 48.471104], [-89.155798, 48.471086], [-89.155829, 48.471077], [-89.155869, 48.471077], [-89.155889, 48.471086], [-89.155889, 48.471104], [-89.155869, 48.471131], [-89.155829, 48.471166], [-89.155798, 48.471184], [-89.155778, 48.471184], [-89.155768, 48.471166], [-89.155768, 48.471131], [-89.155778, 48.471104]]]}}, {"type": "Feature", "properties": {"lead": 0, "temp": "sp:steelhead:s1"}, "geometry": {"type": "Polygon", "coordinates": [[[-89.155454, 48.471204], [-89.155475, 48.471191], [-89.155505, 48.471184], [-89.155545, 48.471184], [-89.155566, 48.471191], [-89.155566, 48.471204], [-89.155545, 48.471224], [-89.155505, 48.471251], [-89.155475, 48.471265], [-89.155454, 48.471265], [-89.155444, 48.471251], [-89.155444, 48.471224], [-89.155454, 48.471204]]]}}, {"type": "Feature", "properties": {"lead": 0, "temp": "sp:steelhead:s1"}, "geometry": {"type": "Polygon", "coordinates": [[[-89.15443, 48.472347], [-89.15445, 48.472334], [-89.15448, 48.472327], [-89.154521, 48.472327], [-89.154541, 48.472334], [-89.154541, 48.472347], [-89.154521, 48.472367], [-89.15448, 48.472394], [-89.15445, 48.472407], [-89.15443, 48.472407], [-89.15442, 48.472394], [-89.15442, 48.472367], [-89.15443, 48.472347]]]}}, {"type": "Feature", "properties": {"lead": 0, "temp": "sp:steelhead:s1"}, "geometry": {"type": "Polygon", "coordinates": [[[-89.154915, 48.472454], [-89.154935, 48.472441], [-89.154966, 48.472434], [-89.155006, 48.472434], [-89.155026, 48.472441], [-89.155026, 48.472454], [-89.155006, 48.472474], [-89.154966, 48.472501], [-89.154935, 48.472514], [-89.154915, 48.472514], [-89.154905, 48.472501], [-89.154905, 48.472474], [-89.154915, 48.472454]]]}}, {"type": "Feature", "properties": {"lead": 0, "temp": "sp:steelhead:s1"}, "geometry": {"type": "Polygon", "coordinates": [[[-89.153618, 48.473126], [-89.153631, 48.472996], [-89.153699, 48.472889], [-89.15382, 48.472805], [-89.153995, 48.472742], [-89.154143, 48.472715], [-89.154265, 48.472724], [-89.154359, 48.472769], [-89.154427, 48.472849], [-89.154427, 48.472943], [-89.154359, 48.47305], [-89.154224, 48.473171], [-89.154022, 48.473304], [-89.15386, 48.473367], [-89.153739, 48.473358], [-89.153658, 48.473278], [-89.153618, 48.473126]]]}}, {"type": "Feature", "properties": {"lead": 0, "temp": "sp:steelhead:s1"}, "geometry": {"type": "Polygon", "coordinates": [[[-89.152391, 48.474117], [-89.152432, 48.474108], [-89.152492, 48.474099], [-89.152573, 48.47409], [-89.152613, 48.474088], [-89.152613, 48.474092], [-89.152573, 48.474103], [-89.152492, 48.474121], [-89.152432, 48.474132], [-89.152391, 48.474137], [-89.152371, 48.474135], [-89.152371, 48.474126], [-89.152391, 48.474117]]]}}, {"type": "Feature", "properties": {"lead": 0, "temp": "sp:steelhead:s1"}, "geometry": {"type": "Polygon", "coordinates": [[[-89.152256, 48.474188], [-89.152297, 48.474179], [-89.15229, 48.474188], [-89.152236, 48.474215], [-89.152175, 48.474239], [-89.152108, 48.474262], [-89.152034, 48.474282], [-89.151953, 48.4743], [-89.151926, 48.474302], [-89.151953, 48.474289], [-89.152034, 48.47426], [-89.152169, 48.474215], [-89.152256, 48.474188]]]}}, {"type": "Feature", "properties": {"lead": 0, "temp": "sp:steelhead:s1"}, "geometry": {"type": "Polygon", "coordinates": [[[-89.150504, 48.475311], [-89.150544, 48.475244], [-89.150659, 48.475152], [-89.150848, 48.475036], [-89.150989, 48.47496], [-89.151083, 48.474925], [-89.151131, 48.474929], [-89.151131, 48.474974], [-89.15111, 48.475029], [-89.15107, 48.475096], [-89.151009, 48.475175], [-89.150928, 48.475264], [-89.150841, 48.475326], [-89.150746, 48.475362], [-89.150645, 48.475371], [-89.150538, 48.475353], [-89.150504, 48.475311]]]}}, {"type": "Feature", "properties": {"lead": 0, "temp": "sp:steelhead:s1"}, "geometry": {"type": "Polygon", "coordinates": [[[-89.144842, 48.47808], [-89.144883, 48.478071], [-89.144943, 48.478062], [-89.145024, 48.478053], [-89.145065, 48.478051], [-89.145065, 48.478055], [-89.145024, 48.478067], [-89.144943, 48.478084], [-89.144883, 48.478096], [-89.144842, 48.4781], [-89.144822, 48.478098], [-89.144822, 48.478089], [-89.144842, 48.47808]]]}}, {"type": "Feature", "properties": {"lead": 0, "temp": "sp:steelhead:s1"}, "geometry": {"type": "Polygon", "coordinates": [[[-89.144569, 48.478185], [-89.144603, 48.478171], [-89.144653, 48.478156], [-89.144721, 48.478138], [-89.144755, 48.478131], [-89.144755, 48.478136], [-89.144721, 48.478151], [-89.144653, 48.478178], [-89.144603, 48.478196], [-89.144569, 48.478205], [-89.144552, 48.478205], [-89.144552, 48.478196], [-89.144569, 48.478185]]]}}, {"type": "Feature", "properties": {"lead": 0, "temp": "sp:steelhead:s1"}, "geometry": {"type": "Polygon", "coordinates": [[[-89.143339, 48.478542], [-89.143393, 48.478528], [-89.143474, 48.478513], [-89.143582, 48.478495], [-89.143636, 48.478488], [-89.143636, 48.478493], [-89.143582, 48.478508], [-89.143474, 48.478535], [-89.143393, 48.478553], [-89.143339, 48.478562], [-89.143312, 48.478562], [-89.143312, 48.478553], [-89.143339, 48.478542]]]}}, {"type": "Feature", "properties": {"lead": 0, "temp": "sp:steelhead:s1"}, "geometry": {"type": "Polygon", "coordinates": [[[-89.142449, 48.478767], [-89.1425, 48.478749], [-89.142601, 48.478723], [-89.142753, 48.478687], [-89.142955, 48.478642], [-89.143056, 48.478622], [-89.143056, 48.478627], [-89.142955, 48.478656], [-89.142753, 48.478709], [-89.142601, 48.478747], [-89.1425, 48.478769], [-89.142449, 48.478776], [-89.142449, 48.478767]]]}}, {"type": "Feature", "properties": {"lead": 0, "temp": "sp:steelhead:s1"}, "geometry": {"type": "Polygon", "coordinates": [[[-89.14188, 48.478899], [-89.141927, 48.478886], [-89.141998, 48.47887], [-89.142092, 48.478852], [-89.142139, 48.478845], [-89.142139, 48.47885], [-89.142092, 48.478865], [-89.141998, 48.478892], [-89.141927, 48.47891], [-89.14188, 48.478919], [-89.141856, 48.478919], [-89.141856, 48.47891], [-89.14188, 48.478899]]]}}, {"type": "Feature", "properties": {"lead": 0, "temp": "sp:steelhead:s1"}, "geometry": {"type": "Polygon", "coordinates": [[[-89.141691, 48.479053], [-89.141684, 48.479026], [-89.141701, 48.478999], [-89.141742, 48.478973], [-89.141775, 48.478952], [-89.141802, 48.478939], [-89.141823, 48.478932], [-89.141836, 48.478932], [-89.141846, 48.478946], [-89.141853, 48.478973], [-89.141856, 48.479013], [-89.141856, 48.479066], [-89.141843, 48.4791], [-89.141816, 48.479113], [-89.141775, 48.479106], [-89.141721, 48.47908], [-89.141691, 48.479053]]]}}, {"type": "Feature", "properties": {"lead": 0, "temp": "sp:steelhead:s1"}, "geometry": {"type": "Polygon", "coordinates": [[[-89.141462, 48.479138], [-89.141482, 48.47912], [-89.141499, 48.479111], [-89.141513, 48.479111], [-89.141513, 48.47912], [-89.141499, 48.479138], [-89.141472, 48.479164], [-89.141432, 48.4792], [-89.141408, 48.479218], [-89.141401, 48.479218], [-89.141411, 48.4792], [-89.141438, 48.479164], [-89.141462, 48.479138]]]}}, {"type": "Feature", "properties": {"lead": 0, "temp": "sp:steelhead:s1"}, "geometry": {"type": "Polygon", "coordinates": [[[-89.132852, 48.481592], [-89.133175, 48.481556], [-89.133499, 48.481539], [-89.133822, 48.481539], [-89.134034, 48.481552], [-89.134136, 48.481579], [-89.134125, 48.481619], [-89.134004, 48.481672], [-89.133782, 48.481717], [-89.133458, 48.481753], [-89.133034, 48.48178], [-89.132508, 48.481797], [-89.132194, 48.481793], [-89.132093, 48.481766], [-89.132204, 48.481717], [-89.132528, 48.481646], [-89.132852, 48.481592]]]}}, {"type": "Feature", "properties": {"lead": 0, "temp": "sp:steelhead:s1"}, "geometry": {"type": "Polygon", "coordinates": [[[-89.131308, 48.481969], [-89.131348, 48.481956], [-89.131409, 48.48194], [-89.13149, 48.481922], [-89.13153, 48.481916], [-89.13153, 48.48192], [-89.13149, 48.481936], [-89.131409, 48.481963], [-89.131348, 48.48198], [-89.131308, 48.481989], [-89.131288, 48.481989], [-89.131288, 48.48198], [-89.131308, 48.481969]]]}}, {"type": "Feature", "properties": {"lead": 0, "temp": "sp:steelhead:s1"}, "geometry": {"type": "Polygon", "coordinates": [[[-89.129781, 48.482511], [-89.129815, 48.48244], [-89.129886, 48.482355], [-89.129994, 48.482257], [-89.130122, 48.482177], [-89.13027, 48.482114], [-89.130439, 48.48207], [-89.130627, 48.482043], [-89.130715, 48.482043], [-89.130701, 48.48207], [-89.130587, 48.482123], [-89.130371, 48.482204], [-89.130199, 48.482286], [-89.130071, 48.482371], [-89.129987, 48.482458], [-89.129947, 48.482547], [-89.129906, 48.482603], [-89.129866, 48.482625], [-89.129825, 48.482614], [-89.129785, 48.482569], [-89.129781, 48.482511]]]}}, {"type": "Feature", "properties": {"lead": 0, "temp": "sp:steelhead:s2"}, "geometry": {"type": "Polygon", "coordinates": [[[-89.167084, 48.456216], [-89.166613, 48.456189], [-89.166259, 48.456156], [-89.166023, 48.456115], [-89.165905, 48.456068], [-89.165905, 48.456015], [-89.165989, 48.455981], [-89.166158, 48.455968], [-89.16641, 48.455975], [-89.166747, 48.456002], [-89.167024, 48.455999], [-89.167239, 48.455968], [-89.167395, 48.455908], [-89.167489, 48.455818], [-89.167516, 48.455758], [-89.167475, 48.455727], [-89.167368, 48.455725], [-89.167192, 48.455751], [-89.167078, 48.455722], [-89.167024, 48.455638], [-89.167031, 48.455497], [-89.167098, 48.455301], [-89.167179, 48.455133], [-89.167273, 48.454995], [-89.167381, 48.454885], [-89.167502, 48.454805], [-89.167644, 48.454742], [-89.167806, 48.454698], [-89.167988, 48.454671], [-89.16819, 48.454662], [-89.168426, 48.454716], [-89.168695, 48.454832], [-89.168999, 48.45501], [-89.169336, 48.455251], [-89.169551, 48.455437], [-89.169646, 48.455566], [-89.169619, 48.45564], [-89.16947, 48.455658], [-89.169353, 48.45564], [-89.169265, 48.455586], [-89.169208, 48.455497], [-89.169181, 48.455372], [-89.169117, 48.455278], [-89.169016, 48.455216], [-89.168877, 48.455184], [-89.168702, 48.455184], [-89.168561, 48.455196], [-89.168453, 48.455218], [-89.168379, 48.455251], [-89.168338, 48.455296], [-89.168335, 48.455354], [-89.168368, 48.455426], [-89.168439, 48.45551], [-89.168547, 48.455609], [-89.168621, 48.455685], [-89.168662, 48.455738], [-89.168668, 48.455769], [-89.168641, 48.455778], [-89.168604, 48.455774], [-89.168557, 48.455756], [-89.1685, 48.455725], [-89.168432, 48.45568], [-89.168368, 48.455626], [-89.168308, 48.455564], [-89.168251, 48.455493], [-89.168197, 48.455412], [-89.16816, 48.455383], [-89.168139, 48.455405], [-89.168136, 48.455479], [-89.168149, 48.455604], [-89.168136, 48.455727], [-89.168095, 48.455847], [-89.168028, 48.455966], [-89.167934, 48.456082], [-89.167745, 48.456162], [-89.167462, 48.456207], [-89.167084, 48.456216]], [[-89.167988, 48.455542], [-89.167974, 48.455542], [-89.167964, 48.455544], [-89.167957, 48.455548], [-89.167954, 48.455555], [-89.167954, 48.455564], [-89.167957, 48.455568], [-89.167964, 48.455568], [-89.167974, 48.455564], [-89.167988, 48.455555], [-89.167994, 48.455548], [-89.167994, 48.455544], [-89.167988, 48.455542]], [[-89.167934, 48.45547], [-89.16792, 48.45547], [-89.16791, 48.455472], [-89.167903, 48.455477], [-89.1679, 48.455484], [-89.1679, 48.455493], [-89.167903, 48.455497], [-89.16791, 48.455497], [-89.16792, 48.455493], [-89.167934, 48.455484], [-89.16794, 48.455477], [-89.16794, 48.455472], [-89.167934, 48.45547]], [[-89.167388, 48.45522], [-89.167334, 48.45522], [-89.167293, 48.455227], [-89.167266, 48.45524], [-89.167253, 48.45526], [-89.167253, 48.455287], [-89.167266, 48.455301], [-89.167293, 48.455301], [-89.167334, 48.455287], [-89.167388, 48.45526], [-89.167415, 48.45524], [-89.167415, 48.455227], [-89.167388, 48.45522]]]}}, {"type": "Feature", "properties": {"lead": 0, "temp": "sp:steelhead:s2"}, "geometry": {"type": "Polygon", "coordinates": [[[-89.165056, 48.456082], [-89.165015, 48.456006], [-89.165015, 48.455952], [-89.165056, 48.455921], [-89.165137, 48.455912], [-89.165197, 48.455863], [-89.165238, 48.455774], [-89.165258, 48.455644], [-89.165258, 48.455475], [-89.165275, 48.455347], [-89.165308, 48.455263], [-89.165359, 48.45522], [-89.165426, 48.45522], [-89.16547, 48.455256], [-89.16549, 48.455327], [-89.165487, 48.455434], [-89.16546, 48.455577], [-89.16546, 48.455685], [-89.165487, 48.455756], [-89.165541, 48.455792], [-89.165622, 48.455792], [-89.165683, 48.455807], [-89.165723, 48.455839], [-89.165743, 48.455885], [-89.165743, 48.455948], [-89.165726, 48.455986], [-89.165693, 48.455999], [-89.165642, 48.455988], [-89.165575, 48.455952], [-89.165511, 48.455952], [-89.16545, 48.455988], [-89.165393, 48.45606], [-89.165339, 48.456167], [-89.165278, 48.456223], [-89.165211, 48.456227], [-89.165137, 48.45618], [-89.165056, 48.456082]], [[-89.165386, 48.455899], [-89.165376, 48.455901], [-89.165369, 48.455906], [-89.165366, 48.455912], [-89.165366, 48.455921], [-89.165369, 48.455926], [-89.165376, 48.455926], [-89.165386, 48.455921], [-89.165399, 48.455912], [-89.165406, 48.455906], [-89.165406, 48.455901], [-89.165399, 48.455899], [-89.165386, 48.455899]], [[-89.165352, 48.455685], [-89.165335, 48.455689], [-89.165329, 48.455698], [-89.165332, 48.455711], [-89.165346, 48.455729], [-89.165359, 48.455738], [-89.165372, 48.455738], [-89.165386, 48.455729], [-89.165399, 48.455711], [-89.165403, 48.455698], [-89.165396, 48.455689], [-89.165379, 48.455685], [-89.165352, 48.455685]]]}}, {"type": "Feature", "properties": {"lead": 0, "temp": "sp:steelhead:s2"}, "geometry": {"type": "Polygon", "coordinates": [[[-89.16939, 48.455823], [-89.169359, 48.455781], [-89.169393, 48.45574], [-89.169491, 48.455702], [-89.169652, 48.455667], [-89.169781, 48.455651], [-89.169875, 48.455655], [-89.169936, 48.45568], [-89.169962, 48.455725], [-89.169959, 48.455767], [-89.169925, 48.455807], [-89.169861, 48.455845], [-89.169767, 48.455881], [-89.169673, 48.455897], [-89.169578, 48.455892], [-89.169484, 48.455868], [-89.16939, 48.455823]]]}}, {"type": "Feature", "properties": {"lead": 0, "temp": "sp:steelhead:s2"}, "geometry": {"type": "Polygon", "coordinates": [[[-89.157871, 48.473072], [-89.157655, 48.473046], [-89.15747, 48.472974], [-89.157315, 48.472858], [-89.15719, 48.472697], [-89.157096, 48.472492], [-89.157059, 48.472325], [-89.157079, 48.472195], [-89.157156, 48.472104], [-89.157291, 48.47205], [-89.157348, 48.472017], [-89.157328, 48.472003], [-89.15723, 48.47201], [-89.157055, 48.472037], [-89.15687, 48.471997], [-89.156674, 48.47189], [-89.156469, 48.471715], [-89.156253, 48.471474], [-89.156155, 48.471305], [-89.156176, 48.471207], [-89.156314, 48.47118], [-89.15657, 48.471224], [-89.156789, 48.471247], [-89.156971, 48.471247], [-89.157116, 48.471224], [-89.157224, 48.47118], [-89.157321, 48.471157], [-89.157409, 48.471157], [-89.157487, 48.47118], [-89.157554, 48.471224], [-89.157773, 48.471191], [-89.158144, 48.471079], [-89.158666, 48.47089], [-89.15934, 48.470622], [-89.160078, 48.470229], [-89.16088, 48.469711], [-89.161746, 48.469069], [-89.162676, 48.468301], [-89.163408, 48.467707], [-89.16394, 48.467287], [-89.164274, 48.467042], [-89.164409, 48.466971], [-89.164557, 48.466915], [-89.164719, 48.466875], [-89.164894, 48.46685], [-89.165083, 48.466841], [-89.165339, 48.466694], [-89.165662, 48.466408], [-89.166053, 48.465984], [-89.166512, 48.465422], [-89.166929, 48.464801], [-89.167307, 48.464122], [-89.167644, 48.463386], [-89.16794, 48.462591], [-89.168146, 48.461971], [-89.168261, 48.461524], [-89.168284, 48.461252], [-89.168217, 48.461154], [-89.16816, 48.460957], [-89.168112, 48.460663], [-89.168075, 48.46027], [-89.168048, 48.459779], [-89.167971, 48.459343], [-89.167843, 48.458964], [-89.167664, 48.45864], [-89.167435, 48.458372], [-89.167243, 48.4581], [-89.167088, 48.457823], [-89.16697, 48.457542], [-89.166889, 48.457256], [-89.166795, 48.457033], [-89.166687, 48.456872], [-89.166565, 48.456774], [-89.166431, 48.456738], [-89.16633, 48.456696], [-89.166262, 48.456647], [-89.166228, 48.456591], [-89.166228, 48.456528], [-89.166175, 48.456481], [-89.166067, 48.45645], [-89.165905, 48.456435], [-89.165689, 48.456435], [-89.165548, 48.456421], [-89.16548, 48.456394], [-89.165487, 48.456354], [-89.165568, 48.456301], [-89.165703, 48.456283], [-89.165891, 48.456301], [-89.166134, 48.456354], [-89.166431, 48.456444], [-89.16669, 48.456537], [-89.166913, 48.456636], [-89.167098, 48.456738], [-89.167246, 48.456845], [-89.167452, 48.457042], [-89.167715, 48.457328], [-89.168035, 48.457703], [-89.168412, 48.458167], [-89.168719, 48.458685], [-89.168955, 48.459256], [-89.16912, 48.459881], [-89.169214, 48.46056], [-89.169211, 48.461268], [-89.16911, 48.462004], [-89.168911, 48.46277], [-89.168614, 48.463564], [-89.168251, 48.464337], [-89.167819, 48.465087], [-89.16732, 48.465814], [-89.166754, 48.46652], [-89.166262, 48.467051], [-89.165844, 48.467408], [-89.165501, 48.467591], [-89.165231, 48.4676], [-89.164904, 48.467707], [-89.16452, 48.467912], [-89.164078, 48.468216], [-89.16358, 48.468618], [-89.163206, 48.468935], [-89.162956, 48.469167], [-89.162831, 48.469314], [-89.162831, 48.469377], [-89.162808, 48.469428], [-89.162761, 48.469468], [-89.16269, 48.469497], [-89.162596, 48.469515], [-89.162387, 48.469631], [-89.162063, 48.469845], [-89.161625, 48.470158], [-89.161072, 48.470568], [-89.160594, 48.470885], [-89.160189, 48.471108], [-89.159859, 48.471238], [-89.159603, 48.471274], [-89.159357, 48.471334], [-89.159121, 48.471419], [-89.158895, 48.471528], [-89.15868, 48.471662], [-89.158471, 48.471771], [-89.158268, 48.471856], [-89.158073, 48.471916], [-89.157884, 48.471952], [-89.157736, 48.47199], [-89.157628, 48.47203], [-89.157561, 48.472073], [-89.157534, 48.472117], [-89.157547, 48.472189], [-89.157601, 48.472287], [-89.157696, 48.472412], [-89.15783, 48.472563], [-89.157965, 48.47268], [-89.1581, 48.47276], [-89.158235, 48.472805], [-89.15837, 48.472813], [-89.158447, 48.472838], [-89.158467, 48.472878], [-89.15843, 48.472934], [-89.158336, 48.473005], [-89.158211, 48.473052], [-89.158056, 48.473075], [-89.157871, 48.473072]], [[-89.157635, 48.472755], [-89.157621, 48.472755], [-89.157611, 48.472758], [-89.157605, 48.472762], [-89.157601, 48.472769], [-89.157601, 48.472778], [-89.157605, 48.472782], [-89.157611, 48.472782], [-89.157621, 48.472778], [-89.157635, 48.472769], [-89.157642, 48.472762], [-89.157642, 48.472758], [-89.157635, 48.472755]], [[-89.157561, 48.472577], [-89.157534, 48.472577], [-89.157514, 48.472581], [-89.1575, 48.47259], [-89.157493, 48.472604], [-89.157493, 48.472622], [-89.1575, 48.47263], [-89.157514, 48.47263], [-89.157534, 48.472622], [-89.157561, 48.472604], [-89.157574, 48.47259], [-89.157574, 48.472581], [-89.157561, 48.472577]], [[-89.157183, 48.472434], [-89.157156, 48.472434], [-89.157136, 48.472439], [-89.157123, 48.472447], [-89.157116, 48.472461], [-89.157116, 48.472479], [-89.157123, 48.472488], [-89.157136, 48.472488], [-89.157156, 48.472479], [-89.157183, 48.472461], [-89.157197, 48.472447], [-89.157197, 48.472439], [-89.157183, 48.472434]], [[-89.156449, 48.471399], [-89.156435, 48.471399], [-89.156425, 48.471401], [-89.156418, 48.471405], [-89.156415, 48.471412], [-89.156415, 48.471421], [-89.156418, 48.471425], [-89.156425, 48.471425], [-89.156435, 48.471421], [-89.156449, 48.471412], [-89.156455, 48.471405], [-89.156455, 48.471401], [-89.156449, 48.471399]], [[-89.156341, 48.471363], [-89.156327, 48.471363], [-89.156317, 48.471365], [-89.15631, 48.47137], [-89.156307, 48.471376], [-89.156307, 48.471385], [-89.15631, 48.47139], [-89.156317, 48.47139], [-89.156327, 48.471385], [-89.156341, 48.471376], [-89.156347, 48.47137], [-89.156347, 48.471365], [-89.156341, 48.471363]]]}}, {"type": "Feature", "properties": {"lead": 0, "temp": "sp:steelhead:s2"}, "geometry": {"type": "Polygon", "coordinates": [[[-89.165042, 48.467689], [-89.165052, 48.467669], [-89.165073, 48.467656], [-89.165103, 48.467649], [-89.165143, 48.467649], [-89.165164, 48.467656], [-89.165164, 48.467669], [-89.165143, 48.467689], [-89.165103, 48.467716], [-89.165073, 48.467729], [-89.165052, 48.467729], [-89.165042, 48.467716], [-89.165042, 48.467689]]]}}, {"type": "Feature", "properties": {"lead": 0, "temp": "sp:steelhead:s2"}, "geometry": {"type": "Polygon", "coordinates": [[[-89.162124, 48.470274], [-89.162083, 48.470234], [-89.16207, 48.470189], [-89.162083, 48.47014], [-89.162124, 48.470086], [-89.162275, 48.469968], [-89.162538, 48.469785], [-89.162912, 48.469537], [-89.163398, 48.469225], [-89.163714, 48.469046], [-89.163863, 48.469002], [-89.163842, 48.469091], [-89.163654, 48.469314], [-89.163458, 48.469506], [-89.163256, 48.469667], [-89.163047, 48.469796], [-89.162831, 48.469894], [-89.162656, 48.469988], [-89.162521, 48.470077], [-89.162427, 48.470162], [-89.162373, 48.470242], [-89.162316, 48.470294], [-89.162255, 48.470316], [-89.162191, 48.470309], [-89.162124, 48.470274]]]}}, {"type": "Feature", "properties": {"lead": 0, "temp": "sp:steelhead:s2"}, "geometry": {"type": "Polygon", "coordinates": [[[-89.155458, 48.471671], [-89.155323, 48.47159], [-89.155235, 48.471521], [-89.155195, 48.471463], [-89.155202, 48.471416], [-89.155256, 48.471381], [-89.155313, 48.471352], [-89.155374, 48.471329], [-89.155438, 48.471314], [-89.155505, 48.471305], [-89.155559, 48.471329], [-89.155599, 48.471387], [-89.155626, 48.471479], [-89.15564, 48.471604], [-89.155616, 48.471677], [-89.155556, 48.4717], [-89.155458, 48.471671]]]}}, {"type": "Feature", "properties": {"lead": 0, "temp": "sp:steelhead:s2"}, "geometry": {"type": "Polygon", "coordinates": [[[-89.155532, 48.471858], [-89.155552, 48.471834], [-89.155579, 48.471829], [-89.155613, 48.471845], [-89.155653, 48.471881], [-89.15567, 48.47191], [-89.155663, 48.471932], [-89.155633, 48.471948], [-89.155579, 48.471956], [-89.155542, 48.471952], [-89.155522, 48.471934], [-89.155518, 48.471903], [-89.155532, 48.471858]]]}}, {"type": "Feature", "properties": {"lead": 0, "temp": "sp:steelhead:s2"}, "geometry": {"type": "Polygon", "coordinates": [[[-89.154339, 48.472662], [-89.154336, 48.472581], [-89.154383, 48.472501], [-89.15448, 48.472421], [-89.154629, 48.47234], [-89.154743, 48.4723], [-89.154824, 48.4723], [-89.154871, 48.47234], [-89.154885, 48.472421], [-89.154882, 48.472479], [-89.154861, 48.472514], [-89.154824, 48.472528], [-89.15477, 48.472519], [-89.154716, 48.472534], [-89.154662, 48.472575], [-89.154609, 48.472639], [-89.154555, 48.472729], [-89.154501, 48.472775], [-89.154447, 48.47278], [-89.154393, 48.472742], [-89.154339, 48.472662]], [[-89.154386, 48.472613], [-89.154376, 48.472615], [-89.154369, 48.472619], [-89.154366, 48.472626], [-89.154366, 48.472635], [-89.154369, 48.472639], [-89.154376, 48.472639], [-89.154386, 48.472635], [-89.1544, 48.472626], [-89.154406, 48.472619], [-89.154406, 48.472615], [-89.1544, 48.472613], [-89.154386, 48.472613]]]}}, {"type": "Feature", "properties": {"lead": 0, "temp": "sp:steelhead:s2"}, "geometry": {"type": "Polygon", "coordinates": [[[-89.156219, 48.472983], [-89.156233, 48.472921], [-89.156257, 48.472887], [-89.15629, 48.472883], [-89.156334, 48.472907], [-89.156388, 48.472961], [-89.156412, 48.473003], [-89.156405, 48.473034], [-89.156368, 48.473054], [-89.1563, 48.473063], [-89.156253, 48.473054], [-89.156226, 48.473028], [-89.156219, 48.472983]]]}}, {"type": "Feature", "properties": {"lead": 0, "temp": "sp:steelhead:s2"}, "geometry": {"type": "Polygon", "coordinates": [[[-89.155606, 48.47326], [-89.155616, 48.47324], [-89.155636, 48.473226], [-89.155667, 48.47322], [-89.155707, 48.47322], [-89.155727, 48.473226], [-89.155727, 48.47324], [-89.155707, 48.47326], [-89.155667, 48.473287], [-89.155636, 48.4733], [-89.155616, 48.4733], [-89.155606, 48.473287], [-89.155606, 48.47326]]]}}, {"type": "Feature", "properties": {"lead": 0, "temp": "sp:steelhead:s2"}, "geometry": {"type": "Polygon", "coordinates": [[[-89.127925, 48.485265], [-89.127827, 48.485222], [-89.127726, 48.485147], [-89.127621, 48.485037], [-89.127513, 48.484894], [-89.127588, 48.484738], [-89.127844, 48.484569], [-89.128282, 48.484386], [-89.128902, 48.484189], [-89.12936, 48.483966], [-89.129657, 48.483716], [-89.129792, 48.48344], [-89.129765, 48.483136], [-89.129775, 48.48288], [-89.129822, 48.48267], [-89.129906, 48.482507], [-89.130027, 48.482391], [-89.130246, 48.482275], [-89.130563, 48.482159], [-89.130978, 48.482043], [-89.13149, 48.481927], [-89.131972, 48.48184], [-89.132424, 48.481782], [-89.132845, 48.481753], [-89.133236, 48.481753], [-89.133687, 48.481724], [-89.1342, 48.481666], [-89.134772, 48.481579], [-89.135406, 48.481463], [-89.136029, 48.481371], [-89.136643, 48.481304], [-89.137246, 48.481262], [-89.137839, 48.481244], [-89.138422, 48.481195], [-89.138995, 48.481115], [-89.139558, 48.481003], [-89.140111, 48.48086], [-89.140542, 48.480744], [-89.140852, 48.480655], [-89.141041, 48.480593], [-89.141108, 48.480557], [-89.141145, 48.480479], [-89.141152, 48.480358], [-89.141128, 48.480195], [-89.141074, 48.47999], [-89.141071, 48.479796], [-89.141118, 48.479613], [-89.141216, 48.479441], [-89.141364, 48.47928], [-89.141492, 48.479167], [-89.1416, 48.4791], [-89.141688, 48.47908], [-89.141755, 48.479106], [-89.141806, 48.479113], [-89.141839, 48.4791], [-89.141856, 48.479066], [-89.141856, 48.479013], [-89.141883, 48.478964], [-89.141937, 48.478919], [-89.142018, 48.478879], [-89.142126, 48.478843], [-89.142321, 48.478796], [-89.142604, 48.478738], [-89.142975, 48.478669], [-89.143433, 48.478589], [-89.144124, 48.478415], [-89.145048, 48.478147], [-89.146204, 48.477785], [-89.147592, 48.47733], [-89.148671, 48.476913], [-89.149439, 48.476534], [-89.149897, 48.476192], [-89.150046, 48.475889], [-89.150201, 48.475652], [-89.150362, 48.475482], [-89.150531, 48.47538], [-89.150706, 48.475344], [-89.150848, 48.475288], [-89.150955, 48.475212], [-89.15103, 48.475116], [-89.15107, 48.475], [-89.151144, 48.474884], [-89.151252, 48.474768], [-89.151394, 48.474652], [-89.151569, 48.474536], [-89.151801, 48.474427], [-89.152091, 48.474324], [-89.152438, 48.474228], [-89.152843, 48.474139], [-89.153163, 48.474036], [-89.153399, 48.47392], [-89.15355, 48.473791], [-89.153618, 48.473648], [-89.153719, 48.473512], [-89.153854, 48.473383], [-89.154022, 48.47326], [-89.154224, 48.473144], [-89.154393, 48.473097], [-89.154528, 48.473119], [-89.154629, 48.473211], [-89.154696, 48.473371], [-89.154716, 48.473539], [-89.154689, 48.473713], [-89.154615, 48.473894], [-89.154494, 48.474081], [-89.154369, 48.474242], [-89.154241, 48.474376], [-89.15411, 48.474483], [-89.153975, 48.474563], [-89.1538, 48.47463], [-89.153584, 48.474684], [-89.153328, 48.474724], [-89.153031, 48.474751], [-89.152721, 48.474829], [-89.152398, 48.474958], [-89.152061, 48.475139], [-89.15171, 48.475371], [-89.151431, 48.475599], [-89.151222, 48.475822], [-89.151083, 48.47604], [-89.151016, 48.476255], [-89.150922, 48.476455], [-89.1508, 48.476643], [-89.150652, 48.476817], [-89.150477, 48.476978], [-89.149995, 48.477212], [-89.149206, 48.47752], [-89.148111, 48.477901], [-89.146709, 48.478357], [-89.145513, 48.478727], [-89.144522, 48.479013], [-89.143737, 48.479214], [-89.143157, 48.47933], [-89.142702, 48.479439], [-89.142372, 48.479542], [-89.142166, 48.479638], [-89.142085, 48.479727], [-89.142035, 48.479852], [-89.142015, 48.480012], [-89.142025, 48.480209], [-89.142065, 48.480441], [-89.141994, 48.480662], [-89.141812, 48.480871], [-89.141519, 48.48107], [-89.141115, 48.481257], [-89.140717, 48.481418], [-89.140326, 48.481552], [-89.139942, 48.481659], [-89.139565, 48.481739], [-89.139133, 48.481804], [-89.138648, 48.481853], [-89.138109, 48.481887], [-89.137516, 48.481905], [-89.13698, 48.481936], [-89.136501, 48.48198], [-89.13608, 48.482038], [-89.135716, 48.48211], [-89.135312, 48.482163], [-89.134867, 48.482199], [-89.134382, 48.482217], [-89.133856, 48.482217], [-89.133323, 48.482253], [-89.132784, 48.482324], [-89.132238, 48.482431], [-89.131685, 48.482574], [-89.131257, 48.482715], [-89.130954, 48.482853], [-89.130776, 48.482989], [-89.130722, 48.483123], [-89.130701, 48.483272], [-89.130715, 48.483437], [-89.130762, 48.483618], [-89.130843, 48.483815], [-89.130728, 48.484035], [-89.130418, 48.484281], [-89.129913, 48.484551], [-89.129212, 48.484845], [-89.128663, 48.485064], [-89.128265, 48.485207], [-89.128019, 48.485274], [-89.127925, 48.485265]], [[-89.142038, 48.479004], [-89.142028, 48.479006], [-89.142021, 48.47901], [-89.142018, 48.479017], [-89.142018, 48.479026], [-89.142021, 48.479031], [-89.142028, 48.479031], [-89.142038, 48.479026], [-89.142052, 48.479017], [-89.142058, 48.47901], [-89.142058, 48.479006], [-89.142052, 48.479004], [-89.142038, 48.479004]]]}}, {"type": "Feature", "properties": {"lead": 0, "temp": "sp:steelhead:s3"}, "geometry": {"type": "Polygon", "coordinates": [[[-89.168439, 48.455207], [-89.168439, 48.455198], [-89.168483, 48.455191], [-89.168571, 48.455187], [-89.168702, 48.455184], [-89.168877, 48.455184], [-89.168965, 48.455187], [-89.168965, 48.455191], [-89.168877, 48.455198], [-89.168702, 48.455207], [-89.168571, 48.455211], [-89.168483, 48.455211], [-89.168439, 48.455207]]]}}, {"type": "Feature", "properties": {"lead": 0, "temp": "sp:steelhead:s3"}, "geometry": {"type": "Polygon", "coordinates": [[[-89.165528, 48.45551], [-89.165528, 48.455394], [-89.165531, 48.455307], [-89.165538, 48.455249], [-89.165548, 48.45522], [-89.165561, 48.45522], [-89.165568, 48.455249], [-89.165568, 48.455307], [-89.165561, 48.455394], [-89.165548, 48.45551], [-89.165538, 48.455568], [-89.165531, 48.455568], [-89.165528, 48.45551]]]}}, {"type": "Feature", "properties": {"lead": 0, "temp": "sp:steelhead:s3"}, "geometry": {"type": "Polygon", "coordinates": [[[-89.165204, 48.455591], [-89.165204, 48.455457], [-89.165207, 48.455356], [-89.165214, 48.455289], [-89.165224, 48.455256], [-89.165238, 48.455256], [-89.165244, 48.455289], [-89.165244, 48.455356], [-89.165238, 48.455457], [-89.165224, 48.455591], [-89.165214, 48.455658], [-89.165207, 48.455658], [-89.165204, 48.455591]]]}}, {"type": "Feature", "properties": {"lead": 0, "temp": "sp:steelhead:s3"}, "geometry": {"type": "Polygon", "coordinates": [[[-89.164941, 48.455993], [-89.164931, 48.455946], [-89.164951, 48.455914], [-89.165002, 48.455899], [-89.165083, 48.455899], [-89.165126, 48.455901], [-89.165133, 48.455906], [-89.165103, 48.455912], [-89.165035, 48.455921], [-89.164992, 48.455941], [-89.164971, 48.455972], [-89.164975, 48.456015], [-89.165002, 48.456068], [-89.165012, 48.456093], [-89.165005, 48.456089], [-89.164982, 48.456055], [-89.164941, 48.455993]]]}}, {"type": "Feature", "properties": {"lead": 0, "temp": "sp:steelhead:s3"}, "geometry": {"type": "Polygon", "coordinates": [[[-89.166228, 48.456033], [-89.166252, 48.456022], [-89.166299, 48.456017], [-89.16637, 48.456019], [-89.166464, 48.456028], [-89.166512, 48.456037], [-89.166512, 48.456046], [-89.166464, 48.456055], [-89.16637, 48.456064], [-89.166299, 48.456066], [-89.166252, 48.456062], [-89.166228, 48.456051], [-89.166228, 48.456033]]]}}, {"type": "Feature", "properties": {"lead": 0, "temp": "sp:steelhead:s3"}, "geometry": {"type": "Polygon", "coordinates": [[[-89.165042, 48.456283], [-89.165042, 48.456229], [-89.165046, 48.4562], [-89.165052, 48.456196], [-89.165062, 48.456216], [-89.165076, 48.45626], [-89.165083, 48.456296], [-89.165083, 48.456323], [-89.165076, 48.456341], [-89.165062, 48.45635], [-89.165052, 48.456343], [-89.165046, 48.456321], [-89.165042, 48.456283]]]}}, {"type": "Feature", "properties": {"lead": 0, "temp": "sp:steelhead:s3"}, "geometry": {"type": "Polygon", "coordinates": [[[-89.155067, 48.471465], [-89.155067, 48.471439], [-89.15508, 48.471419], [-89.155107, 48.471405], [-89.155148, 48.471399], [-89.155202, 48.471399], [-89.155229, 48.471405], [-89.155229, 48.471419], [-89.155202, 48.471439], [-89.155148, 48.471465], [-89.155107, 48.471479], [-89.15508, 48.471479], [-89.155067, 48.471465]]]}}, {"type": "Feature", "properties": {"lead": 0, "temp": "sp:steelhead:s3"}, "geometry": {"type": "Polygon", "coordinates": [[[-89.155444, 48.471939], [-89.155444, 48.471894], [-89.155448, 48.471869], [-89.155454, 48.471865], [-89.155465, 48.471881], [-89.155478, 48.471916], [-89.155485, 48.471945], [-89.155485, 48.471968], [-89.155478, 48.471983], [-89.155465, 48.471992], [-89.155454, 48.471988], [-89.155448, 48.47197], [-89.155444, 48.471939]]]}}, {"type": "Feature", "properties": {"lead": 0, "temp": "sp:steelhead:s3"}, "geometry": {"type": "Polygon", "coordinates": [[[-89.154871, 48.472327], [-89.154844, 48.47228], [-89.154804, 48.472258], [-89.15475, 48.47226], [-89.154683, 48.472287], [-89.154632, 48.472298], [-89.154598, 48.472293], [-89.154582, 48.472273], [-89.154582, 48.472238], [-89.154602, 48.472211], [-89.154642, 48.472193], [-89.154703, 48.472184], [-89.154784, 48.472184], [-89.154844, 48.472204], [-89.154885, 48.472244], [-89.154905, 48.472305], [-89.154905, 48.472385], [-89.154902, 48.472427], [-89.154895, 48.472432], [-89.154885, 48.472398], [-89.154871, 48.472327]]]}}, {"type": "Feature", "properties": {"lead": 0, "temp": "sp:steelhead:s3"}, "geometry": {"type": "Polygon", "coordinates": [[[-89.156246, 48.473112], [-89.156196, 48.473097], [-89.156162, 48.473066], [-89.156145, 48.473019], [-89.156145, 48.472956], [-89.156149, 48.472923], [-89.156155, 48.472918], [-89.156166, 48.472943], [-89.156179, 48.472996], [-89.156203, 48.473039], [-89.156236, 48.47307], [-89.15628, 48.47309], [-89.156334, 48.473099], [-89.156358, 48.473106], [-89.156351, 48.47311], [-89.156314, 48.473112], [-89.156246, 48.473112]]]}}, {"type": "Feature", "properties": {"lead": 24, "temp": "sp:lake_trout:s1"}, "geometry": {"type": "Polygon", "coordinates": [[[-89.156594, 48.470709], [-89.156573, 48.470687], [-89.15661, 48.470653], [-89.156705, 48.470608], [-89.156786, 48.470586], [-89.156853, 48.470586], [-89.156907, 48.470608], [-89.156947, 48.470653], [-89.156944, 48.470687], [-89.156897, 48.470709], [-89.156806, 48.47072], [-89.156671, 48.47072], [-89.156594, 48.470709]]]}}, {"type": "Feature", "properties": {"lead": 24, "temp": "sp:lake_trout:s1"}, "geometry": {"type": "Polygon", "coordinates": [[[-89.154844, 48.472043], [-89.154784, 48.472037], [-89.154703, 48.47201], [-89.154649, 48.471983], [-89.154622, 48.471956], [-89.154622, 48.47193], [-89.154649, 48.471903], [-89.154683, 48.471883], [-89.154723, 48.471869], [-89.15477, 48.471863], [-89.154824, 48.471863], [-89.154865, 48.471876], [-89.154892, 48.471903], [-89.154905, 48.471943], [-89.154905, 48.471997], [-89.154885, 48.47203], [-89.154844, 48.472043]]]}}, {"type": "Feature", "properties": {"lead": 24, "temp": "sp:lake_trout:s1"}, "geometry": {"type": "Polygon", "coordinates": [[[-89.155525, 48.472191], [-89.155586, 48.472184], [-89.15568, 48.472184], [-89.155738, 48.472191], [-89.155758, 48.472204], [-89.155741, 48.472224], [-89.155687, 48.472251], [-89.155636, 48.472264], [-89.155589, 48.472264], [-89.155545, 48.472251], [-89.155505, 48.472224], [-89.155498, 48.472204], [-89.155525, 48.472191]]]}}, {"type": "Feature", "properties": {"lead": 24, "temp": "sp:lake_trout:s2"}, "geometry": {"type": "Polygon", "coordinates": [[[-89.155795, 48.472912], [-89.155849, 48.472849], [-89.155879, 48.472802], [-89.155886, 48.472771], [-89.155869, 48.472755], [-89.155829, 48.472755], [-89.155795, 48.472771], [-89.155768, 48.472802], [-89.155748, 48.472849], [-89.155734, 48.472912], [-89.155738, 48.472943], [-89.155758, 48.472943], [-89.155795, 48.472912]]]}}, {"type": "Feature", "properties": {"lead": 24, "temp": "sp:brook_trout:s1"}, "geometry": {"type": "Polygon", "coordinates": [[[-89.167253, 48.45526], [-89.167266, 48.45524], [-89.167293, 48.455227], [-89.167334, 48.45522], [-89.167388, 48.45522], [-89.167415, 48.455227], [-89.167415, 48.45524], [-89.167388, 48.45526], [-89.167334, 48.455287], [-89.167293, 48.455301], [-89.167266, 48.455301], [-89.167253, 48.455287], [-89.167253, 48.45526]]]}}, {"type": "Feature", "properties": {"lead": 24, "temp": "sp:brook_trout:s1"}, "geometry": {"type": "Polygon", "coordinates": [[[-89.165093, 48.455296], [-89.165113, 48.455269], [-89.165137, 48.455256], [-89.165164, 48.455256], [-89.165174, 48.455269], [-89.165167, 48.455296], [-89.165143, 48.455336], [-89.165103, 48.45539], [-89.165076, 48.455417], [-89.165062, 48.455417], [-89.165062, 48.45539], [-89.165076, 48.455336], [-89.165093, 48.455296]]]}}, {"type": "Feature", "properties": {"lead": 24, "temp": "sp:brook_trout:s1"}, "geometry": {"type": "Polygon", "coordinates": [[[-89.168571, 48.455582], [-89.16851, 48.455519], [-89.168473, 48.455443], [-89.168459, 48.455354], [-89.1685, 48.455292], [-89.168594, 48.455256], [-89.168743, 48.455247], [-89.168945, 48.455265], [-89.169096, 48.455296], [-89.169197, 48.455341], [-89.169248, 48.455399], [-89.169248, 48.45547], [-89.169228, 48.455533], [-89.169187, 48.455586], [-89.169127, 48.455631], [-89.169046, 48.455667], [-89.168958, 48.455685], [-89.168864, 48.455685], [-89.168763, 48.455667], [-89.168655, 48.455631], [-89.168571, 48.455582]]]}}, {"type": "Feature", "properties": {"lead": 24, "temp": "sp:brook_trout:s1"}, "geometry": {"type": "Polygon", "coordinates": [[[-89.166141, 48.455885], [-89.165824, 48.455818], [-89.165635, 48.455747], [-89.165575, 48.455671], [-89.165642, 48.455591], [-89.165683, 48.455515], [-89.165696, 48.455443], [-89.165683, 48.455376], [-89.165642, 48.455314], [-89.165706, 48.455276], [-89.165875, 48.455263], [-89.166148, 48.455274], [-89.166525, 48.455309], [-89.166798, 48.455356], [-89.166967, 48.455414], [-89.167031, 48.455484], [-89.16699, 48.455564], [-89.167014, 48.455631], [-89.167101, 48.455685], [-89.167253, 48.455725], [-89.167469, 48.455751], [-89.167597, 48.455787], [-89.167637, 48.455832], [-89.16759, 48.455885], [-89.167455, 48.455948], [-89.167243, 48.455979], [-89.166953, 48.455979], [-89.166586, 48.455948], [-89.166141, 48.455885]], [[-89.165838, 48.455327], [-89.165821, 48.455332], [-89.165814, 48.455341], [-89.165817, 48.455354], [-89.165831, 48.455372], [-89.165844, 48.455381], [-89.165858, 48.455381], [-89.165871, 48.455372], [-89.165885, 48.455354], [-89.165888, 48.455341], [-89.165881, 48.455332], [-89.165865, 48.455327], [-89.165838, 48.455327]]]}}, {"type": "Feature", "properties": {"lead": 24, "temp": "sp:brook_trout:s1"}, "geometry": {"type": "Polygon", "coordinates": [[[-89.165052, 48.455812], [-89.165073, 48.455798], [-89.165103, 48.455792], [-89.165143, 48.455792], [-89.165164, 48.455798], [-89.165164, 48.455812], [-89.165143, 48.455832], [-89.165103, 48.455859], [-89.165073, 48.455872], [-89.165052, 48.455872], [-89.165042, 48.455859], [-89.165042, 48.455832], [-89.165052, 48.455812]]]}}, {"type": "Feature", "properties": {"lead": 24, "temp": "sp:brook_trout:s1"}, "geometry": {"type": "Polygon", "coordinates": [[[-89.164891, 48.456169], [-89.164911, 48.456156], [-89.164941, 48.456149], [-89.164982, 48.456149], [-89.165002, 48.456156], [-89.165002, 48.456169], [-89.164982, 48.456189], [-89.164941, 48.456216], [-89.164911, 48.456229], [-89.164891, 48.456229], [-89.16488, 48.456216], [-89.16488, 48.456189], [-89.164891, 48.456169]]]}}, {"type": "Feature", "properties": {"lead": 24, "temp": "sp:brook_trout:s1"}, "geometry": {"type": "Polygon", "coordinates": [[[-89.165265, 48.456381], [-89.165258, 48.456345], [-89.165285, 48.45631], [-89.165346, 48.456274], [-89.16544, 48.456238], [-89.165497, 48.456218], [-89.165517, 48.456214], [-89.165501, 48.456225], [-89.165447, 48.456252], [-89.165406, 48.456283], [-89.165379, 48.456319], [-89.165366, 48.456359], [-89.165366, 48.456403], [-89.165356, 48.456428], [-89.165335, 48.456432], [-89.165305, 48.456417], [-89.165265, 48.456381]]]}}, {"type": "Feature", "properties": {"lead": 24, "temp": "sp:brook_trout:s1"}, "geometry": {"type": "Polygon", "coordinates": [[[-89.165592, 48.45649], [-89.165612, 48.456477], [-89.165642, 48.45647], [-89.165683, 48.45647], [-89.165703, 48.456477], [-89.165703, 48.45649], [-89.165683, 48.456511], [-89.165642, 48.456537], [-89.165612, 48.456551], [-89.165592, 48.456551], [-89.165581, 48.456537], [-89.165581, 48.456511], [-89.165592, 48.45649]]]}}, {"type": "Feature", "properties": {"lead": 24, "temp": "sp:brook_trout:s1"}, "geometry": {"type": "Polygon", "coordinates": [[[-89.166734, 48.457515], [-89.166586, 48.45739], [-89.166437, 48.457292], [-89.166289, 48.45722], [-89.166168, 48.457133], [-89.166073, 48.457031], [-89.166006, 48.456912], [-89.165966, 48.456778], [-89.165952, 48.456671], [-89.165966, 48.456591], [-89.166006, 48.456537], [-89.166073, 48.456511], [-89.166127, 48.456506], [-89.166168, 48.456524], [-89.166195, 48.456564], [-89.166208, 48.456627], [-89.166242, 48.456673], [-89.166296, 48.456705], [-89.16637, 48.45672], [-89.166464, 48.45672], [-89.166565, 48.456747], [-89.166673, 48.456801], [-89.166788, 48.456881], [-89.166909, 48.456988], [-89.16701, 48.457129], [-89.167091, 48.457303], [-89.167152, 48.457511], [-89.167192, 48.457752], [-89.167186, 48.457888], [-89.167132, 48.457919], [-89.167031, 48.457845], [-89.166882, 48.457667], [-89.166734, 48.457515]]]}}, {"type": "Feature", "properties": {"lead": 24, "temp": "sp:brook_trout:s1"}, "geometry": {"type": "Polygon", "coordinates": [[[-89.156327, 48.471157], [-89.1563, 48.471102], [-89.156368, 48.471044], [-89.156529, 48.470983], [-89.156786, 48.470921], [-89.156988, 48.47089], [-89.157136, 48.47089], [-89.15723, 48.470921], [-89.157271, 48.470983], [-89.157257, 48.471044], [-89.15719, 48.471102], [-89.157069, 48.471157], [-89.156893, 48.471211], [-89.156732, 48.471238], [-89.156583, 48.471238], [-89.156449, 48.471211], [-89.156327, 48.471157]]]}}, {"type": "Feature", "properties": {"lead": 24, "temp": "sp:brook_trout:s1"}, "geometry": {"type": "Polygon", "coordinates": [[[-89.155475, 48.471117], [-89.155535, 48.471091], [-89.155626, 48.471077], [-89.155748, 48.471077], [-89.155839, 48.471086], [-89.155899, 48.471104], [-89.15593, 48.471131], [-89.15593, 48.471166], [-89.155899, 48.471198], [-89.155839, 48.471224], [-89.155748, 48.471247], [-89.155626, 48.471265], [-89.155535, 48.471265], [-89.155475, 48.471247], [-89.155444, 48.471211], [-89.155444, 48.471157], [-89.155475, 48.471117]], [[-89.155518, 48.471144], [-89.155505, 48.471153], [-89.155498, 48.471162], [-89.155498, 48.471171], [-89.155505, 48.471173], [-89.155518, 48.471169], [-89.155539, 48.471157], [-89.155566, 48.47114], [-89.155579, 48.471128], [-89.155579, 48.471124], [-89.155566, 48.471126], [-89.155539, 48.471135], [-89.155518, 48.471144]]]}}, {"type": "Feature", "properties": {"lead": 24, "temp": "sp:brook_trout:s1"}, "geometry": {"type": "Polygon", "coordinates": [[[-89.155515, 48.472175], [-89.155468, 48.472157], [-89.155444, 48.472131], [-89.155444, 48.472095], [-89.155465, 48.472066], [-89.155505, 48.472043], [-89.155566, 48.472028], [-89.155647, 48.472019], [-89.155711, 48.472023], [-89.155758, 48.472041], [-89.155788, 48.472073], [-89.155802, 48.472117], [-89.155788, 48.472151], [-89.155748, 48.472173], [-89.15568, 48.472184], [-89.155586, 48.472184], [-89.155515, 48.472175]]]}}, {"type": "Feature", "properties": {"lead": 24, "temp": "sp:brook_trout:s1"}, "geometry": {"type": "Polygon", "coordinates": [[[-89.155067, 48.471332], [-89.15508, 48.471311], [-89.155107, 48.471298], [-89.155148, 48.471291], [-89.155202, 48.471291], [-89.155229, 48.471298], [-89.155229, 48.471311], [-89.155202, 48.471332], [-89.155148, 48.471358], [-89.155107, 48.471372], [-89.15508, 48.471372], [-89.155067, 48.471358], [-89.155067, 48.471332]]]}}, {"type": "Feature", "properties": {"lead": 24, "temp": "sp:brook_trout:s1"}, "geometry": {"type": "Polygon", "coordinates": [[[-89.155299, 48.471776], [-89.155333, 48.471762], [-89.155384, 48.471756], [-89.155451, 48.471756], [-89.155485, 48.471762], [-89.155485, 48.471776], [-89.155451, 48.471796], [-89.155384, 48.471823], [-89.155333, 48.471836], [-89.155299, 48.471836], [-89.155283, 48.471823], [-89.155283, 48.471796], [-89.155299, 48.471776]]]}}, {"type": "Feature", "properties": {"lead": 24, "temp": "sp:brook_trout:s1"}, "geometry": {"type": "Polygon", "coordinates": [[[-89.154753, 48.472097], [-89.154774, 48.472084], [-89.154804, 48.472077], [-89.154844, 48.472077], [-89.154865, 48.472084], [-89.154865, 48.472097], [-89.154844, 48.472117], [-89.154804, 48.472144], [-89.154774, 48.472157], [-89.154753, 48.472157], [-89.154743, 48.472144], [-89.154743, 48.472117], [-89.154753, 48.472097]]]}}, {"type": "Feature", "properties": {"lead": 24, "temp": "sp:brook_trout:s1"}, "geometry": {"type": "Polygon", "coordinates": [[[-89.155067, 48.472581], [-89.15508, 48.472561], [-89.155107, 48.472548], [-89.155148, 48.472541], [-89.155202, 48.472541], [-89.155229, 48.472548], [-89.155229, 48.472561], [-89.155202, 48.472581], [-89.155148, 48.472608], [-89.155107, 48.472622], [-89.15508, 48.472622], [-89.155067, 48.472608], [-89.155067, 48.472581]]]}}, {"type": "Feature", "properties": {"lead": 24, "temp": "sp:brook_trout:s1"}, "geometry": {"type": "Polygon", "coordinates": [[[-89.153651, 48.472767], [-89.153759, 48.47261], [-89.153941, 48.472474], [-89.154197, 48.472358], [-89.154393, 48.472287], [-89.154528, 48.47226], [-89.154602, 48.472278], [-89.154615, 48.47234], [-89.154602, 48.472394], [-89.154561, 48.472439], [-89.154494, 48.472474], [-89.1544, 48.472501], [-89.154342, 48.472543], [-89.154322, 48.472601], [-89.154339, 48.472675], [-89.154393, 48.472764], [-89.154406, 48.472831], [-89.154379, 48.472876], [-89.154312, 48.472898], [-89.154204, 48.472898], [-89.154147, 48.472905], [-89.15414, 48.472918], [-89.154184, 48.472938], [-89.154278, 48.472965], [-89.154325, 48.472985], [-89.154325, 48.472999], [-89.154278, 48.473005], [-89.154184, 48.473005], [-89.154093, 48.473032], [-89.154005, 48.473086], [-89.153921, 48.473166], [-89.15384, 48.473273], [-89.153769, 48.473304], [-89.153709, 48.47326], [-89.153658, 48.473139], [-89.153618, 48.472943], [-89.153651, 48.472767]]]}}, {"type": "Feature", "properties": {"lead": 24, "temp": "sp:brook_trout:s1"}, "geometry": {"type": "Polygon", "coordinates": [[[-89.152391, 48.474117], [-89.152432, 48.474108], [-89.152492, 48.474099], [-89.152573, 48.47409], [-89.152613, 48.474088], [-89.152613, 48.474092], [-89.152573, 48.474103], [-89.152492, 48.474121], [-89.152432, 48.474132], [-89.152391, 48.474137], [-89.152371, 48.474135], [-89.152371, 48.474126], [-89.152391, 48.474117]]]}}, {"type": "Feature", "properties": {"lead": 24, "temp": "sp:brook_trout:s1"}, "geometry": {"type": "Polygon", "coordinates": [[[-89.152169, 48.474215], [-89.152256, 48.474188], [-89.152297, 48.474179], [-89.15229, 48.474188], [-89.152236, 48.474215], [-89.152175, 48.474239], [-89.152108, 48.474262], [-89.152034, 48.474282], [-89.151953, 48.4743], [-89.151926, 48.474302], [-89.151953, 48.474289], [-89.152034, 48.47426], [-89.152169, 48.474215]]]}}, {"type": "Feature", "properties": {"lead": 24, "temp": "sp:brook_trout:s1"}, "geometry": {"type": "Polygon", "coordinates": [[[-89.150504, 48.475311], [-89.150544, 48.475244], [-89.150659, 48.475152], [-89.150848, 48.475036], [-89.150989, 48.47496], [-89.151083, 48.474925], [-89.151131, 48.474929], [-89.151131, 48.474974], [-89.15111, 48.475014], [-89.15107, 48.47505], [-89.151009, 48.475081], [-89.150928, 48.475108], [-89.150868, 48.475143], [-89.150827, 48.475188], [-89.150807, 48.475241], [-89.150807, 48.475304], [-89.15078, 48.475346], [-89.150726, 48.475369], [-89.150645, 48.475371], [-89.150538, 48.475353], [-89.150504, 48.475311]]]}}, {"type": "Feature", "properties": {"lead": 24, "temp": "sp:brook_trout:s1"}, "geometry": {"type": "Polygon", "coordinates": [[[-89.144569, 48.478185], [-89.144603, 48.478171], [-89.144653, 48.478156], [-89.144721, 48.478138], [-89.144755, 48.478131], [-89.144755, 48.478136], [-89.144721, 48.478151], [-89.144653, 48.478178], [-89.144603, 48.478196], [-89.144569, 48.478205], [-89.144552, 48.478205], [-89.144552, 48.478196], [-89.144569, 48.478185]]]}}, {"type": "Feature", "properties": {"lead": 24, "temp": "sp:brook_trout:s1"}, "geometry": {"type": "Polygon", "coordinates": [[[-89.142881, 48.47866], [-89.142904, 48.478649], [-89.142952, 48.478636], [-89.143022, 48.47862], [-89.143117, 48.478602], [-89.143164, 48.478595], [-89.143164, 48.4786], [-89.143117, 48.478616], [-89.143022, 48.478642], [-89.142952, 48.47866], [-89.142904, 48.478669], [-89.142881, 48.478669], [-89.142881, 48.47866]]]}}, {"type": "Feature", "properties": {"lead": 24, "temp": "sp:brook_trout:s1"}, "geometry": {"type": "Polygon", "coordinates": [[[-89.132326, 48.481713], [-89.132353, 48.481686], [-89.132474, 48.48165], [-89.13269, 48.481606], [-89.132902, 48.481572], [-89.133111, 48.48155], [-89.133317, 48.481539], [-89.133519, 48.481539], [-89.133596, 48.481545], [-89.133549, 48.481559], [-89.133377, 48.481579], [-89.133081, 48.481606], [-89.132868, 48.481632], [-89.13274, 48.481659], [-89.132697, 48.481686], [-89.132737, 48.481713], [-89.132727, 48.481731], [-89.132666, 48.481739], [-89.132555, 48.481739], [-89.132393, 48.481731], [-89.132326, 48.481713]]]}}, {"type": "Feature", "properties": {"lead": 24, "temp": "sp:brook_trout:s1"}, "geometry": {"type": "Polygon", "coordinates": [[[-89.129845, 48.482424], [-89.129926, 48.48234], [-89.130061, 48.482248], [-89.13025, 48.48215], [-89.130361, 48.482103], [-89.130395, 48.482108], [-89.130351, 48.482163], [-89.13023, 48.48227], [-89.130129, 48.482351], [-89.130048, 48.482404], [-89.129987, 48.482431], [-89.129947, 48.482431], [-89.129916, 48.482447], [-89.129896, 48.482478], [-89.129886, 48.482525], [-89.129886, 48.482587], [-89.129879, 48.482616], [-89.129866, 48.482612], [-89.129845, 48.482574], [-89.129818, 48.482503], [-89.129845, 48.482424]]]}}, {"type": "Feature", "properties": {"lead": 24, "temp": "sp:brook_trout:s2"}, "geometry": {"type": "Polygon", "coordinates": [[[-89.165642, 48.455434], [-89.165635, 48.455417], [-89.165635, 48.455381], [-89.165642, 48.455354], [-89.165656, 48.455336], [-89.165676, 48.455327], [-89.165703, 48.455327], [-89.165716, 48.455336], [-89.165716, 48.455354], [-89.165703, 48.455381], [-89.165676, 48.455417], [-89.165656, 48.455434], [-89.165642, 48.455434]]]}}, {"type": "Feature", "properties": {"lead": 24, "temp": "sp:brook_trout:s2"}, "geometry": {"type": "Polygon", "coordinates": [[[-89.165622, 48.456944], [-89.165325, 48.456854], [-89.165076, 48.456765], [-89.164874, 48.456676], [-89.164719, 48.456586], [-89.164611, 48.456497], [-89.164527, 48.456394], [-89.164466, 48.456278], [-89.164429, 48.456149], [-89.164415, 48.456006], [-89.164439, 48.45587], [-89.1645, 48.45574], [-89.164597, 48.455618], [-89.164732, 48.455501], [-89.164847, 48.455443], [-89.164941, 48.455443], [-89.165015, 48.455501], [-89.165069, 48.455618], [-89.165089, 48.455711], [-89.165076, 48.455783], [-89.165029, 48.455832], [-89.164948, 48.455859], [-89.164887, 48.455901], [-89.164847, 48.455959], [-89.164827, 48.456033], [-89.164827, 48.456122], [-89.164894, 48.456211], [-89.165029, 48.456301], [-89.165231, 48.45639], [-89.165501, 48.456479], [-89.165713, 48.456575], [-89.165868, 48.456678], [-89.165966, 48.456787], [-89.166006, 48.456903], [-89.165962, 48.456968], [-89.165834, 48.456982], [-89.165622, 48.456944]], [[-89.164914, 48.456327], [-89.164901, 48.456327], [-89.164891, 48.45633], [-89.164884, 48.456334], [-89.16488, 48.456341], [-89.16488, 48.45635], [-89.164884, 48.456354], [-89.164891, 48.456354], [-89.164901, 48.45635], [-89.164914, 48.456341], [-89.164921, 48.456334], [-89.164921, 48.45633], [-89.164914, 48.456327]]]}}, {"type": "Feature", "properties": {"lead": 24, "temp": "sp:brook_trout:s2"}, "geometry": {"type": "Polygon", "coordinates": [[[-89.153537, 48.472791], [-89.153523, 48.47272], [-89.15354, 48.472628], [-89.153587, 48.472517], [-89.153665, 48.472385], [-89.153773, 48.472233], [-89.153897, 48.472097], [-89.154039, 48.471977], [-89.154197, 48.471872], [-89.154373, 48.471782], [-89.154497, 48.47168], [-89.154571, 48.471564], [-89.154595, 48.471434], [-89.154568, 48.471291], [-89.154558, 48.471175], [-89.154565, 48.471086], [-89.154588, 48.471024], [-89.154629, 48.470988], [-89.154666, 48.470983], [-89.1547, 48.47101], [-89.15473, 48.471068], [-89.154757, 48.471157], [-89.154777, 48.471193], [-89.154791, 48.471175], [-89.154797, 48.471104], [-89.154797, 48.470979], [-89.154865, 48.470861], [-89.154999, 48.470749], [-89.155202, 48.470644], [-89.155471, 48.470546], [-89.155731, 48.470479], [-89.15598, 48.470443], [-89.156219, 48.470439], [-89.156449, 48.470466], [-89.156641, 48.470506], [-89.156796, 48.470559], [-89.156914, 48.470626], [-89.156995, 48.470707], [-89.157025, 48.470783], [-89.157005, 48.470854], [-89.156934, 48.470921], [-89.156813, 48.470983], [-89.156647, 48.47103], [-89.156438, 48.471062], [-89.156186, 48.471077], [-89.155889, 48.471077], [-89.155667, 48.471088], [-89.155518, 48.471111], [-89.155444, 48.471144], [-89.155444, 48.471189], [-89.155417, 48.471222], [-89.155363, 48.471245], [-89.155283, 48.471256], [-89.155175, 48.471256], [-89.155084, 48.471305], [-89.15501, 48.471403], [-89.154952, 48.47155], [-89.154912, 48.471747], [-89.154801, 48.471932], [-89.154619, 48.472106], [-89.154366, 48.472269], [-89.154042, 48.472421], [-89.1538, 48.47255], [-89.153638, 48.472657], [-89.153557, 48.472742], [-89.153557, 48.472805], [-89.153554, 48.472834], [-89.153547, 48.472829], [-89.153537, 48.472791]], [[-89.154777, 48.471827], [-89.154764, 48.471827], [-89.154753, 48.471829], [-89.154747, 48.471834], [-89.154743, 48.47184], [-89.154743, 48.471849], [-89.154747, 48.471854], [-89.154753, 48.471854], [-89.154764, 48.471849], [-89.154777, 48.47184], [-89.154784, 48.471834], [-89.154784, 48.471829], [-89.154777, 48.471827]], [[-89.154757, 48.47172], [-89.15473, 48.47172], [-89.154713, 48.471724], [-89.154706, 48.471733], [-89.15471, 48.471747], [-89.154723, 48.471765], [-89.154737, 48.471773], [-89.15475, 48.471773], [-89.154764, 48.471765], [-89.154777, 48.471747], [-89.15478, 48.471733], [-89.154774, 48.471724], [-89.154757, 48.47172]], [[-89.154723, 48.471577], [-89.15471, 48.471577], [-89.1547, 48.471582], [-89.154693, 48.47159], [-89.154689, 48.471604], [-89.154689, 48.471622], [-89.154693, 48.471631], [-89.1547, 48.471631], [-89.15471, 48.471622], [-89.154723, 48.471604], [-89.15473, 48.47159], [-89.15473, 48.471582], [-89.154723, 48.471577]], [[-89.154939, 48.471363], [-89.154925, 48.471363], [-89.154915, 48.471365], [-89.154908, 48.47137], [-89.154905, 48.471376], [-89.154905, 48.471385], [-89.154908, 48.47139], [-89.154915, 48.47139], [-89.154925, 48.471385], [-89.154939, 48.471376], [-89.154946, 48.47137], [-89.154946, 48.471365], [-89.154939, 48.471363]], [[-89.154919, 48.471149], [-89.154892, 48.471149], [-89.154871, 48.47116], [-89.154858, 48.471182], [-89.154851, 48.471216], [-89.154851, 48.47126], [-89.154858, 48.471282], [-89.154871, 48.471282], [-89.154892, 48.47126], [-89.154919, 48.471216], [-89.154932, 48.471182], [-89.154932, 48.47116], [-89.154919, 48.471149]]]}}, {"type": "Feature", "properties": {"lead": 24, "temp": "sp:brook_trout:s2"}, "geometry": {"type": "Polygon", "coordinates": [[[-89.154962, 48.472318], [-89.154959, 48.472278], [-89.154959, 48.472197], [-89.154962, 48.472137], [-89.154969, 48.472097], [-89.154979, 48.472077], [-89.154993, 48.472077], [-89.154999, 48.472097], [-89.154999, 48.472137], [-89.154993, 48.472197], [-89.154979, 48.472278], [-89.154969, 48.472318], [-89.154962, 48.472318]]]}}, {"type": "Feature", "properties": {"lead": 24, "temp": "sp:brook_trout:s2"}, "geometry": {"type": "Polygon", "coordinates": [[[-89.155721, 48.472318], [-89.155761, 48.472264], [-89.155802, 48.472233], [-89.155842, 48.472224], [-89.155882, 48.472238], [-89.155923, 48.472273], [-89.155933, 48.472305], [-89.155913, 48.472331], [-89.155862, 48.472354], [-89.155781, 48.472372], [-89.155731, 48.472372], [-89.155711, 48.472354], [-89.155721, 48.472318]]]}}, {"type": "Feature", "properties": {"lead": 24, "temp": "sp:brook_trout:s2"}, "geometry": {"type": "Polygon", "coordinates": [[[-89.155734, 48.472912], [-89.155748, 48.472849], [-89.155768, 48.472802], [-89.155795, 48.472771], [-89.155829, 48.472755], [-89.155869, 48.472755], [-89.155886, 48.472771], [-89.155879, 48.472802], [-89.155849, 48.472849], [-89.155795, 48.472912], [-89.155758, 48.472943], [-89.155738, 48.472943], [-89.155734, 48.472912]]]}}, {"type": "Feature", "properties": {"lead": 24, "temp": "sp:brook_trout:s3"}, "geometry": {"type": "Polygon", "coordinates": [[[-89.16515, 48.455671], [-89.16515, 48.455591], [-89.165153, 48.45553], [-89.16516, 48.45549], [-89.16517, 48.45547], [-89.165184, 48.45547], [-89.165191, 48.45549], [-89.165191, 48.45553], [-89.165184, 48.455591], [-89.16517, 48.455671], [-89.16516, 48.455711], [-89.165153, 48.455711], [-89.16515, 48.455671]]]}}, {"type": "Feature", "properties": {"lead": 24, "temp": "sp:brook_trout:s3"}, "geometry": {"type": "Polygon", "coordinates": [[[-89.164827, 48.456122], [-89.164827, 48.456033], [-89.16483, 48.455966], [-89.164837, 48.455921], [-89.164847, 48.455899], [-89.16486, 48.455899], [-89.164867, 48.455921], [-89.164867, 48.455966], [-89.16486, 48.456033], [-89.164847, 48.456122], [-89.164837, 48.456167], [-89.16483, 48.456167], [-89.164827, 48.456122]]]}}, {"type": "Feature", "properties": {"lead": 24, "temp": "sp:brook_trout:s3"}, "geometry": {"type": "Polygon", "coordinates": [[[-89.15471, 48.471117], [-89.154723, 48.471001], [-89.154737, 48.470914], [-89.15475, 48.470856], [-89.154764, 48.470827], [-89.154777, 48.470827], [-89.15478, 48.470856], [-89.154774, 48.470914], [-89.154757, 48.471001], [-89.15473, 48.471117], [-89.154713, 48.471175], [-89.154706, 48.471175], [-89.15471, 48.471117]]]}}, {"type": "Feature", "properties": {"lead": 24, "temp": "sp:brook_trout:s3"}, "geometry": {"type": "Polygon", "coordinates": [[[-89.154851, 48.47126], [-89.154851, 48.471216], [-89.154858, 48.471182], [-89.154871, 48.47116], [-89.154892, 48.471149], [-89.154919, 48.471149], [-89.154932, 48.47116], [-89.154932, 48.471182], [-89.154919, 48.471216], [-89.154892, 48.47126], [-89.154871, 48.471282], [-89.154858, 48.471282], [-89.154851, 48.47126]]]}}, {"type": "Feature", "properties": {"lead": 24, "temp": "sp:brook_trout:s3"}, "geometry": {"type": "Polygon", "coordinates": [[[-89.155181, 48.471613], [-89.155114, 48.471613], [-89.155064, 48.47159], [-89.15503, 48.471546], [-89.155013, 48.471479], [-89.155013, 48.47139], [-89.15504, 48.471323], [-89.155094, 48.471278], [-89.155175, 48.471256], [-89.155283, 48.471256], [-89.15534, 48.471258], [-89.155347, 48.471262], [-89.155303, 48.471269], [-89.155208, 48.471278], [-89.155151, 48.471305], [-89.155131, 48.471349], [-89.155148, 48.471412], [-89.155202, 48.471492], [-89.155225, 48.471553], [-89.155219, 48.471593], [-89.155181, 48.471613]], [[-89.155188, 48.471541], [-89.155161, 48.471541], [-89.155141, 48.471544], [-89.155128, 48.471548], [-89.155121, 48.471555], [-89.155121, 48.471564], [-89.155128, 48.471568], [-89.155141, 48.471568], [-89.155161, 48.471564], [-89.155188, 48.471555], [-89.155202, 48.471548], [-89.155202, 48.471544], [-89.155188, 48.471541]]]}}, {"type": "Feature", "properties": {"lead": 24, "temp": "sp:brook_trout:s3"}, "geometry": {"type": "Polygon", "coordinates": [[[-89.155343, 48.471863], [-89.155384, 48.471863], [-89.155414, 48.471872], [-89.155434, 48.47189], [-89.155444, 48.471916], [-89.155444, 48.471952], [-89.155434, 48.47197], [-89.155414, 48.47197], [-89.155384, 48.471952], [-89.155343, 48.471916], [-89.155323, 48.47189], [-89.155323, 48.471872], [-89.155343, 48.471863]]]}}, {"type": "Feature", "properties": {"lead": 24, "temp": "sp:brook_trout:s3"}, "geometry": {"type": "Polygon", "coordinates": [[[-89.154784, 48.471983], [-89.154811, 48.471921], [-89.154834, 48.471874], [-89.154855, 48.471843], [-89.154871, 48.471827], [-89.154885, 48.471827], [-89.154885, 48.471843], [-89.154871, 48.471874], [-89.154844, 48.471921], [-89.154804, 48.471983], [-89.15478, 48.472014], [-89.154774, 48.472014], [-89.154784, 48.471983]]]}}, {"type": "Feature", "properties": {"lead": 24, "temp": "sp:brook_trout:s3"}, "geometry": {"type": "Polygon", "coordinates": [[[-89.154966, 48.472434], [-89.154935, 48.472412], [-89.154915, 48.472367], [-89.154905, 48.4723], [-89.154905, 48.472211], [-89.154912, 48.472164], [-89.154925, 48.47216], [-89.154946, 48.472197], [-89.154973, 48.472278], [-89.154996, 48.472318], [-89.155016, 48.472318], [-89.155033, 48.472278], [-89.155047, 48.472197], [-89.155057, 48.47216], [-89.155064, 48.472164], [-89.155067, 48.472211], [-89.155067, 48.4723], [-89.155057, 48.472367], [-89.155037, 48.472412], [-89.155006, 48.472434], [-89.154966, 48.472434]]]}}, {"type": "Feature", "properties": {"lead": 24, "temp": "sp:brook_trout:s3"}, "geometry": {"type": "Polygon", "coordinates": [[[-89.155727, 48.472434], [-89.155657, 48.472427], [-89.155596, 48.472414], [-89.155545, 48.472394], [-89.155505, 48.472367], [-89.155475, 48.472338], [-89.155454, 48.472307], [-89.155444, 48.472273], [-89.155444, 48.472238], [-89.155468, 48.472211], [-89.155515, 48.472193], [-89.155586, 48.472184], [-89.15568, 48.472184], [-89.155741, 48.472197], [-89.155768, 48.472224], [-89.155761, 48.472264], [-89.155721, 48.472318], [-89.155707, 48.47236], [-89.155721, 48.472392], [-89.155761, 48.472412], [-89.155829, 48.472421], [-89.155859, 48.472427], [-89.155852, 48.472432], [-89.155808, 48.472434], [-89.155727, 48.472434]], [[-89.155559, 48.47222], [-89.155529, 48.472224], [-89.155508, 48.472233], [-89.155498, 48.472247], [-89.155498, 48.472264], [-89.155508, 48.472273], [-89.155529, 48.472273], [-89.155559, 48.472264], [-89.155599, 48.472247], [-89.15562, 48.472233], [-89.15562, 48.472224], [-89.155599, 48.47222], [-89.155559, 48.47222]]]}}, {"type": "Feature", "properties": {"lead": 24, "temp": "sp:salmon:s1"}, "geometry": {"type": "Polygon", "coordinates": [[[-89.154753, 48.471943], [-89.154743, 48.47193], [-89.154743, 48.471903], [-89.154753, 48.471883], [-89.154774, 48.471869], [-89.154804, 48.471863], [-89.154844, 48.471863], [-89.154865, 48.471869], [-89.154865, 48.471883], [-89.154844, 48.471903], [-89.154804, 48.47193], [-89.154774, 48.471943], [-89.154753, 48.471943]]]}}, {"type": "Feature", "properties": {"lead": 24, "temp": "sp:salmon:s1"}, "geometry": {"type": "Polygon", "coordinates": [[[-89.155525, 48.472191], [-89.155586, 48.472184], [-89.15568, 48.472184], [-89.155738, 48.472191], [-89.155758, 48.472204], [-89.155741, 48.472224], [-89.155687, 48.472251], [-89.155636, 48.472264], [-89.155589, 48.472264], [-89.155545, 48.472251], [-89.155505, 48.472224], [-89.155498, 48.472204], [-89.155525, 48.472191]]]}}, {"type": "Feature", "properties": {"lead": 24, "temp": "sp:salmon:s1"}, "geometry": {"type": "Polygon", "coordinates": [[[-89.154915, 48.472291], [-89.154905, 48.472273], [-89.154905, 48.472238], [-89.154915, 48.472211], [-89.154935, 48.472193], [-89.154966, 48.472184], [-89.155006, 48.472184], [-89.155026, 48.472193], [-89.155026, 48.472211], [-89.155006, 48.472238], [-89.154966, 48.472273], [-89.154935, 48.472291], [-89.154915, 48.472291]]]}}, {"type": "Feature", "properties": {"lead": 24, "temp": "sp:salmon:s1"}, "geometry": {"type": "Polygon", "coordinates": [[[-89.156162, 48.473166], [-89.156145, 48.473157], [-89.156145, 48.473139], [-89.156162, 48.473126], [-89.156196, 48.473117], [-89.156246, 48.473112], [-89.156314, 48.473112], [-89.156347, 48.473117], [-89.156347, 48.473126], [-89.156314, 48.473139], [-89.156246, 48.473157], [-89.156196, 48.473166], [-89.156162, 48.473166]]]}}, {"type": "Feature", "properties": {"lead": 24, "temp": "sp:salmon:s2"}, "geometry": {"type": "Polygon", "coordinates": [[[-89.165366, 48.455287], [-89.165366, 48.45526], [-89.165376, 48.45524], [-89.165396, 48.455227], [-89.165426, 48.45522], [-89.165467, 48.45522], [-89.165487, 48.455227], [-89.165487, 48.45524], [-89.165467, 48.45526], [-89.165426, 48.455287], [-89.165396, 48.455301], [-89.165376, 48.455301], [-89.165366, 48.455287]]]}}, {"type": "Feature", "properties": {"lead": 24, "temp": "sp:salmon:s2"}, "geometry": {"type": "Polygon", "coordinates": [[[-89.166552, 48.455952], [-89.166131, 48.455919], [-89.165827, 48.455888], [-89.165642, 48.455859], [-89.165575, 48.455832], [-89.165534, 48.455776], [-89.165521, 48.455691], [-89.165534, 48.455577], [-89.165575, 48.455434], [-89.165699, 48.455336], [-89.165908, 48.455283], [-89.166202, 48.455274], [-89.166579, 48.455309], [-89.166886, 48.455298], [-89.167122, 48.45524], [-89.167287, 48.455135], [-89.167381, 48.454984], [-89.167519, 48.454865], [-89.167701, 48.45478], [-89.167927, 48.454729], [-89.168197, 48.454711], [-89.168402, 48.454718], [-89.168544, 48.454749], [-89.168621, 48.454805], [-89.168635, 48.454885], [-89.168581, 48.454939], [-89.168459, 48.454966], [-89.168271, 48.454966], [-89.168015, 48.454939], [-89.167839, 48.45499], [-89.167745, 48.45512], [-89.167732, 48.455327], [-89.167799, 48.455613], [-89.167715, 48.455818], [-89.167479, 48.455943], [-89.167091, 48.455988], [-89.166552, 48.455952]]]}}, {"type": "Feature", "properties": {"lead": 24, "temp": "sp:salmon:s2"}, "geometry": {"type": "Polygon", "coordinates": [[[-89.168689, 48.455631], [-89.168611, 48.455584], [-89.16855, 48.455526], [-89.168507, 48.455457], [-89.16848, 48.455376], [-89.16851, 48.455321], [-89.168598, 48.455289], [-89.168743, 48.455283], [-89.168945, 48.455301], [-89.169076, 48.455338], [-89.169137, 48.455397], [-89.169127, 48.455475], [-89.169046, 48.455573], [-89.168962, 48.455638], [-89.168874, 48.455669], [-89.168783, 48.455667], [-89.168689, 48.455631]]]}}, {"type": "Feature", "properties": {"lead": 24, "temp": "sp:salmon:s2"}, "geometry": {"type": "Polygon", "coordinates": [[[-89.165379, 48.456435], [-89.165308, 48.456423], [-89.165248, 48.456401], [-89.165197, 48.456368], [-89.165157, 48.456323], [-89.165157, 48.456285], [-89.165197, 48.456254], [-89.165278, 48.456229], [-89.165399, 48.456211], [-89.16549, 48.456214], [-89.165551, 48.456236], [-89.165581, 48.456278], [-89.165581, 48.456341], [-89.165561, 48.456388], [-89.165521, 48.456419], [-89.16546, 48.456435], [-89.165379, 48.456435]]]}}, {"type": "Feature", "properties": {"lead": 24, "temp": "sp:salmon:s2"}, "geometry": {"type": "Polygon", "coordinates": [[[-89.166754, 48.457636], [-89.166384, 48.457332], [-89.165993, 48.457073], [-89.165581, 48.456859], [-89.16515, 48.456689], [-89.164823, 48.456515], [-89.164601, 48.456336], [-89.164483, 48.456153], [-89.164469, 48.455966], [-89.1645, 48.455798], [-89.164574, 48.455651], [-89.164692, 48.455524], [-89.164854, 48.455417], [-89.164978, 48.455372], [-89.165066, 48.45539], [-89.165116, 48.45547], [-89.16513, 48.455613], [-89.16515, 48.455711], [-89.165177, 48.455765], [-89.165211, 48.455774], [-89.165251, 48.455738], [-89.165292, 48.455727], [-89.165332, 48.45574], [-89.165372, 48.455778], [-89.165413, 48.455841], [-89.165406, 48.455883], [-89.165352, 48.455906], [-89.165251, 48.455908], [-89.165103, 48.45589], [-89.164988, 48.455901], [-89.164907, 48.455941], [-89.16486, 48.45601], [-89.164847, 48.456109], [-89.164847, 48.456178], [-89.16486, 48.456218], [-89.164887, 48.456229], [-89.164928, 48.456211], [-89.164971, 48.456218], [-89.165019, 48.456249], [-89.165069, 48.456305], [-89.165123, 48.456385], [-89.165207, 48.456437], [-89.165322, 48.456459], [-89.165467, 48.456452], [-89.165642, 48.456417], [-89.165763, 48.456406], [-89.165831, 48.456419], [-89.165844, 48.456457], [-89.165804, 48.456519], [-89.165804, 48.45656], [-89.165844, 48.456577], [-89.165925, 48.456573], [-89.166046, 48.456546], [-89.166137, 48.45654], [-89.166198, 48.456553], [-89.166228, 48.456586], [-89.166228, 48.45664], [-89.166303, 48.456707], [-89.166451, 48.456787], [-89.166673, 48.456881], [-89.16697, 48.456988], [-89.167182, 48.457084], [-89.16731, 48.457169], [-89.167354, 48.457243], [-89.167314, 48.457305], [-89.167307, 48.457366], [-89.167334, 48.457424], [-89.167395, 48.457479], [-89.167489, 48.457533], [-89.16756, 48.457629], [-89.167607, 48.457767], [-89.16763, 48.457948], [-89.16763, 48.458171], [-89.167543, 48.458252], [-89.167368, 48.458189], [-89.167105, 48.457984], [-89.166754, 48.457636]], [[-89.164901, 48.456327], [-89.164891, 48.45633], [-89.164884, 48.456334], [-89.16488, 48.456341], [-89.16488, 48.45635], [-89.164884, 48.456354], [-89.164891, 48.456354], [-89.164901, 48.45635], [-89.164914, 48.456341], [-89.164921, 48.456334], [-89.164921, 48.45633], [-89.164914, 48.456327], [-89.164901, 48.456327]]]}}, {"type": "Feature", "properties": {"lead": 24, "temp": "sp:salmon:s2"}, "geometry": {"type": "Polygon", "coordinates": [[[-89.155438, 48.471756], [-89.155461, 48.47176], [-89.155468, 48.471769], [-89.155458, 48.471782], [-89.155431, 48.4718], [-89.155407, 48.471809], [-89.155387, 48.471809], [-89.15537, 48.4718], [-89.155357, 48.471782], [-89.155357, 48.471769], [-89.15537, 48.47176], [-89.155397, 48.471756], [-89.155438, 48.471756]]]}}, {"type": "Feature", "properties": {"lead": 24, "temp": "sp:salmon:s2"}, "geometry": {"type": "Polygon", "coordinates": [[[-89.15562, 48.472162], [-89.155559, 48.472148], [-89.155518, 48.472131], [-89.155498, 48.472108], [-89.155498, 48.472081], [-89.155515, 48.472059], [-89.155549, 48.472041], [-89.155599, 48.472028], [-89.155667, 48.472019], [-89.155721, 48.472023], [-89.155761, 48.472041], [-89.155788, 48.472073], [-89.155802, 48.472117], [-89.155791, 48.472148], [-89.155758, 48.472166], [-89.1557, 48.472171], [-89.15562, 48.472162]]]}}, {"type": "Feature", "properties": {"lead": 24, "temp": "sp:salmon:s2"}, "geometry": {"type": "Polygon", "coordinates": [[[-89.155761, 48.472264], [-89.155802, 48.472233], [-89.155842, 48.472224], [-89.155882, 48.472238], [-89.155923, 48.472273], [-89.155933, 48.472305], [-89.155913, 48.472331], [-89.155862, 48.472354], [-89.155781, 48.472372], [-89.155731, 48.472372], [-89.155711, 48.472354], [-89.155721, 48.472318], [-89.155761, 48.472264]]]}}, {"type": "Feature", "properties": {"lead": 24, "temp": "sp:salmon:s2"}, "geometry": {"type": "Polygon", "coordinates": [[[-89.153584, 48.473054], [-89.153577, 48.472789], [-89.153618, 48.472552], [-89.153705, 48.472345], [-89.15384, 48.472166], [-89.153978, 48.472017], [-89.15412, 48.471896], [-89.154265, 48.471805], [-89.154413, 48.471742], [-89.154521, 48.471653], [-89.154588, 48.471537], [-89.154615, 48.471394], [-89.154602, 48.471224], [-89.154605, 48.471117], [-89.154625, 48.471073], [-89.154662, 48.471091], [-89.154716, 48.471171], [-89.154767, 48.471193], [-89.154814, 48.471157], [-89.154858, 48.471064], [-89.154898, 48.470912], [-89.154986, 48.47078], [-89.155121, 48.470669], [-89.155303, 48.470577], [-89.155532, 48.470506], [-89.155751, 48.470454], [-89.15596, 48.470423], [-89.156159, 48.470412], [-89.156347, 48.470421], [-89.156533, 48.470475], [-89.156715, 48.470573], [-89.156893, 48.470716], [-89.157069, 48.470903], [-89.157139, 48.47105], [-89.157106, 48.471157], [-89.156968, 48.471224], [-89.156725, 48.471251], [-89.156516, 48.471256], [-89.156341, 48.471238], [-89.156199, 48.471198], [-89.156091, 48.471135], [-89.15601, 48.471099], [-89.155957, 48.471091], [-89.15593, 48.471108], [-89.15593, 48.471153], [-89.155872, 48.471189], [-89.155758, 48.471216], [-89.155586, 48.471233], [-89.155357, 48.471242], [-89.155175, 48.471305], [-89.15504, 48.471421], [-89.154952, 48.47159], [-89.154912, 48.471814], [-89.154861, 48.471983], [-89.154801, 48.472099], [-89.15473, 48.472162], [-89.154649, 48.472171], [-89.154592, 48.472193], [-89.154558, 48.472229], [-89.154548, 48.472278], [-89.154561, 48.47234], [-89.154548, 48.472401], [-89.154507, 48.472459], [-89.15444, 48.472514], [-89.154346, 48.472568], [-89.154295, 48.472624], [-89.154288, 48.472682], [-89.154325, 48.472742], [-89.154406, 48.472805], [-89.154447, 48.472863], [-89.154447, 48.472916], [-89.154406, 48.472965], [-89.154325, 48.47301], [-89.154268, 48.473075], [-89.154234, 48.473159], [-89.154224, 48.473264], [-89.154238, 48.473389], [-89.154224, 48.473483], [-89.154184, 48.473545], [-89.154117, 48.473577], [-89.154022, 48.473577], [-89.153941, 48.47359], [-89.153874, 48.473617], [-89.15382, 48.473657], [-89.15378, 48.473711], [-89.153736, 48.473677], [-89.153689, 48.473557], [-89.153638, 48.473349], [-89.153584, 48.473054]], [[-89.15473, 48.47172], [-89.154713, 48.471724], [-89.154706, 48.471733], [-89.15471, 48.471747], [-89.154723, 48.471765], [-89.154737, 48.471773], [-89.15475, 48.471773], [-89.154764, 48.471765], [-89.154777, 48.471747], [-89.15478, 48.471733], [-89.154774, 48.471724], [-89.154757, 48.47172], [-89.15473, 48.47172]], [[-89.15471, 48.471577], [-89.1547, 48.471582], [-89.154693, 48.47159], [-89.154689, 48.471604], [-89.154689, 48.471622], [-89.154693, 48.471631], [-89.1547, 48.471631], [-89.15471, 48.471622], [-89.154723, 48.471604], [-89.15473, 48.47159], [-89.15473, 48.471582], [-89.154723, 48.471577], [-89.15471, 48.471577]], [[-89.154925, 48.471363], [-89.154915, 48.471365], [-89.154908, 48.47137], [-89.154905, 48.471376], [-89.154905, 48.471385], [-89.154908, 48.47139], [-89.154915, 48.47139], [-89.154925, 48.471385], [-89.154939, 48.471376], [-89.154946, 48.47137], [-89.154946, 48.471365], [-89.154939, 48.471363], [-89.154925, 48.471363]], [[-89.154892, 48.471149], [-89.154871, 48.47116], [-89.154858, 48.471182], [-89.154851, 48.471216], [-89.154851, 48.47126], [-89.154858, 48.471282], [-89.154871, 48.471282], [-89.154892, 48.47126], [-89.154919, 48.471216], [-89.154932, 48.471182], [-89.154932, 48.47116], [-89.154919, 48.471149], [-89.154892, 48.471149]], [[-89.155465, 48.471184], [-89.155454, 48.471187], [-89.155448, 48.471191], [-89.155444, 48.471198], [-89.155444, 48.471207], [-89.155448, 48.471211], [-89.155454, 48.471211], [-89.155465, 48.471207], [-89.155478, 48.471198], [-89.155485, 48.471191], [-89.155485, 48.471187], [-89.155478, 48.471184], [-89.155465, 48.471184]]]}}, {"type": "Feature", "properties": {"lead": 24, "temp": "sp:salmon:s2"}, "geometry": {"type": "Polygon", "coordinates": [[[-89.150275, 48.475567], [-89.150416, 48.475384], [-89.150632, 48.475179], [-89.150922, 48.474951], [-89.151286, 48.474701], [-89.151633, 48.474496], [-89.151963, 48.474335], [-89.152276, 48.474219], [-89.152573, 48.474148], [-89.152678, 48.47415], [-89.15259, 48.474226], [-89.15231, 48.474376], [-89.151838, 48.474599], [-89.151474, 48.474795], [-89.151218, 48.474965], [-89.15107, 48.475108], [-89.15103, 48.475224], [-89.150945, 48.475346], [-89.150817, 48.475476], [-89.150645, 48.475612], [-89.15043, 48.475755], [-89.150285, 48.475822], [-89.150211, 48.475813], [-89.150207, 48.475728], [-89.150275, 48.475567]]]}}, {"type": "Feature", "properties": {"lead": 24, "temp": "sp:salmon:s2"}, "geometry": {"type": "Polygon", "coordinates": [[[-89.148475, 48.476982], [-89.148606, 48.476937], [-89.148681, 48.476929], [-89.148697, 48.476955], [-89.148657, 48.477018], [-89.14859, 48.477069], [-89.148495, 48.477109], [-89.148374, 48.477138], [-89.148226, 48.477156], [-89.148162, 48.477149], [-89.148182, 48.477118], [-89.148286, 48.477062], [-89.148475, 48.476982]]]}}, {"type": "Feature", "properties": {"lead": 24, "temp": "sp:salmon:s2"}, "geometry": {"type": "Polygon", "coordinates": [[[-89.147356, 48.477411], [-89.14738, 48.477399], [-89.147427, 48.477386], [-89.147498, 48.47737], [-89.147592, 48.477353], [-89.147639, 48.477346], [-89.147639, 48.47735], [-89.147592, 48.477366], [-89.147498, 48.477393], [-89.147427, 48.477411], [-89.14738, 48.477419], [-89.147356, 48.477419], [-89.147356, 48.477411]]]}}, {"type": "Feature", "properties": {"lead": 24, "temp": "sp:salmon:s2"}, "geometry": {"type": "Polygon", "coordinates": [[[-89.141277, 48.479388], [-89.141331, 48.479298], [-89.141411, 48.479209], [-89.141519, 48.47912], [-89.141654, 48.479031], [-89.142099, 48.478872], [-89.142854, 48.478645], [-89.143919, 48.478348], [-89.145294, 48.477982], [-89.146305, 48.47773], [-89.146952, 48.477591], [-89.147235, 48.477567], [-89.147154, 48.477656], [-89.147029, 48.477736], [-89.146861, 48.477808], [-89.146649, 48.47787], [-89.146392, 48.477924], [-89.146167, 48.477986], [-89.145971, 48.478058], [-89.145806, 48.478138], [-89.145671, 48.478227], [-89.145422, 48.478337], [-89.145058, 48.478466], [-89.144579, 48.478616], [-89.143986, 48.478785], [-89.143498, 48.478912], [-89.143113, 48.478997], [-89.142834, 48.479039], [-89.142658, 48.479039], [-89.142517, 48.479053], [-89.142409, 48.47908], [-89.142335, 48.47912], [-89.142294, 48.479173], [-89.14221, 48.47922], [-89.142082, 48.47926], [-89.14191, 48.479294], [-89.141695, 48.479321], [-89.141523, 48.479356], [-89.141395, 48.479401], [-89.14131, 48.479455], [-89.14127, 48.479517], [-89.141246, 48.479542], [-89.14124, 48.479528], [-89.14125, 48.479477], [-89.141277, 48.479388]]]}}, {"type": "Feature", "properties": {"lead": 24, "temp": "sp:salmon:s2"}, "geometry": {"type": "Polygon", "coordinates": [[[-89.133445, 48.481847], [-89.133168, 48.481813], [-89.132831, 48.481809], [-89.132434, 48.481833], [-89.131975, 48.481887], [-89.131739, 48.4819], [-89.131726, 48.481873], [-89.131935, 48.481806], [-89.132366, 48.481699], [-89.132814, 48.481619], [-89.13328, 48.481565], [-89.133761, 48.481539], [-89.13426, 48.481539], [-89.13457, 48.481568], [-89.134692, 48.481626], [-89.134624, 48.481713], [-89.134368, 48.481829], [-89.134122, 48.4819], [-89.133886, 48.481927], [-89.13366, 48.481909], [-89.133445, 48.481847]]]}}, {"type": "Feature", "properties": {"lead": 24, "temp": "sp:salmon:s2"}, "geometry": {"type": "Polygon", "coordinates": [[[-89.129785, 48.48261], [-89.129781, 48.482532], [-89.129815, 48.482447], [-89.129886, 48.482355], [-89.129994, 48.482257], [-89.130142, 48.482177], [-89.130331, 48.482114], [-89.13056, 48.48207], [-89.130829, 48.482043], [-89.130978, 48.482036], [-89.131005, 48.48205], [-89.13091, 48.482083], [-89.130695, 48.482137], [-89.130503, 48.482212], [-89.130334, 48.482311], [-89.130189, 48.482431], [-89.130068, 48.482574], [-89.129967, 48.482663], [-89.129886, 48.482699], [-89.129825, 48.482681], [-89.129785, 48.48261]]]}}, {"type": "Feature", "properties": {"lead": 24, "temp": "sp:salmon:s3"}, "geometry": {"type": "Polygon", "coordinates": [[[-89.168439, 48.455242], [-89.168439, 48.455234], [-89.168483, 48.455227], [-89.168571, 48.455222], [-89.168702, 48.45522], [-89.168877, 48.45522], [-89.168965, 48.455222], [-89.168965, 48.455227], [-89.168877, 48.455234], [-89.168702, 48.455242], [-89.168571, 48.455247], [-89.168483, 48.455247], [-89.168439, 48.455242]]]}}, {"type": "Feature", "properties": {"lead": 24, "temp": "sp:salmon:s3"}, "geometry": {"type": "Polygon", "coordinates": [[[-89.165548, 48.455394], [-89.165544, 48.455307], [-89.165551, 48.455249], [-89.165568, 48.45522], [-89.165595, 48.45522], [-89.165612, 48.455249], [-89.165619, 48.455307], [-89.165615, 48.455394], [-89.165602, 48.45551], [-89.165588, 48.455568], [-89.165575, 48.455568], [-89.165561, 48.45551], [-89.165548, 48.455394]]]}}, {"type": "Feature", "properties": {"lead": 24, "temp": "sp:salmon:s3"}, "geometry": {"type": "Polygon", "coordinates": [[[-89.16515, 48.45547], [-89.165157, 48.45539], [-89.16517, 48.455372], [-89.165191, 48.455417], [-89.165217, 48.455524], [-89.165231, 48.455613], [-89.165231, 48.455685], [-89.165217, 48.455738], [-89.165191, 48.455774], [-89.16517, 48.455765], [-89.165157, 48.455711], [-89.16515, 48.455613], [-89.16515, 48.45547]]]}}, {"type": "Feature", "properties": {"lead": 24, "temp": "sp:salmon:s3"}, "geometry": {"type": "Polygon", "coordinates": [[[-89.165541, 48.456506], [-89.165406, 48.456506], [-89.165292, 48.456486], [-89.165197, 48.456446], [-89.165123, 48.456385], [-89.165069, 48.456305], [-89.165019, 48.456249], [-89.164971, 48.456218], [-89.164928, 48.456211], [-89.164887, 48.456229], [-89.164857, 48.45622], [-89.164837, 48.456185], [-89.164827, 48.456122], [-89.164827, 48.456033], [-89.164854, 48.455999], [-89.164907, 48.456022], [-89.164988, 48.4561], [-89.165096, 48.456234], [-89.165207, 48.456339], [-89.165322, 48.456415], [-89.16544, 48.456461], [-89.165561, 48.456479], [-89.165619, 48.456493], [-89.165612, 48.456502], [-89.165541, 48.456506]]]}}, {"type": "Feature", "properties": {"lead": 24, "temp": "sp:salmon:s3"}, "geometry": {"type": "Polygon", "coordinates": [[[-89.165865, 48.456613], [-89.1658, 48.456609], [-89.165753, 48.4566], [-89.165723, 48.456586], [-89.165709, 48.456569], [-89.165713, 48.456555], [-89.165733, 48.456546], [-89.16577, 48.456542], [-89.165824, 48.456542], [-89.165875, 48.456546], [-89.165922, 48.456555], [-89.165966, 48.456569], [-89.166006, 48.456586], [-89.166016, 48.4566], [-89.165996, 48.456609], [-89.165945, 48.456613], [-89.165865, 48.456613]]]}}, {"type": "Feature", "properties": {"lead": 24, "temp": "sp:salmon:s3"}, "geometry": {"type": "Polygon", "coordinates": [[[-89.155566, 48.472184], [-89.155505, 48.472175], [-89.155465, 48.472157], [-89.155444, 48.472131], [-89.155444, 48.472095], [-89.155448, 48.472075], [-89.155454, 48.47207], [-89.155465, 48.472081], [-89.155478, 48.472108], [-89.155505, 48.472131], [-89.155545, 48.472148], [-89.155599, 48.472162], [-89.155667, 48.472171], [-89.155697, 48.472177], [-89.15569, 48.472182], [-89.155647, 48.472184], [-89.155566, 48.472184]]]}}, {"type": "Feature", "properties": {"lead": 24, "temp": "sp:salmon:s3"}, "geometry": {"type": "Polygon", "coordinates": [[[-89.155808, 48.472434], [-89.155727, 48.472434], [-89.155667, 48.472425], [-89.155626, 48.472407], [-89.155606, 48.47238], [-89.155606, 48.472345], [-89.155609, 48.472325], [-89.155616, 48.47232], [-89.155626, 48.472331], [-89.15564, 48.472358], [-89.155667, 48.47238], [-89.155707, 48.472398], [-89.155761, 48.472412], [-89.155829, 48.472421], [-89.155859, 48.472427], [-89.155852, 48.472432], [-89.155808, 48.472434]]]}}, {"type": "Feature", "properties": {"lead": 24, "temp": "sp:salmon:s3"}, "geometry": {"type": "Polygon", "coordinates": [[[-89.154723, 48.471001], [-89.154737, 48.470914], [-89.15475, 48.470856], [-89.154764, 48.470827], [-89.154777, 48.470827], [-89.15478, 48.470856], [-89.154774, 48.470914], [-89.154757, 48.471001], [-89.15473, 48.471117], [-89.154713, 48.471175], [-89.154706, 48.471175], [-89.15471, 48.471117], [-89.154723, 48.471001]]]}}, {"type": "Feature", "properties": {"lead": 24, "temp": "sp:salmon:s3"}, "geometry": {"type": "Polygon", "coordinates": [[[-89.154851, 48.471216], [-89.154858, 48.471182], [-89.154871, 48.47116], [-89.154892, 48.471149], [-89.154919, 48.471149], [-89.154932, 48.47116], [-89.154932, 48.471182], [-89.154919, 48.471216], [-89.154892, 48.47126], [-89.154871, 48.471282], [-89.154858, 48.471282], [-89.154851, 48.47126], [-89.154851, 48.471216]]]}}, {"type": "Feature", "properties": {"lead": 24, "temp": "sp:salmon:s3"}, "geometry": {"type": "Polygon", "coordinates": [[[-89.155114, 48.471613], [-89.155064, 48.47159], [-89.15503, 48.471546], [-89.155013, 48.471479], [-89.155013, 48.47139], [-89.15505, 48.471323], [-89.155124, 48.471278], [-89.155235, 48.471256], [-89.155384, 48.471256], [-89.155475, 48.471265], [-89.155508, 48.471282], [-89.155485, 48.471309], [-89.155404, 48.471345], [-89.15533, 48.471372], [-89.155262, 48.47139], [-89.155202, 48.471399], [-89.155148, 48.471399], [-89.155121, 48.471405], [-89.155121, 48.471419], [-89.155148, 48.471439], [-89.155202, 48.471465], [-89.155242, 48.471492], [-89.155269, 48.471519], [-89.155283, 48.471546], [-89.155283, 48.471573], [-89.155266, 48.471593], [-89.155232, 48.471606], [-89.155181, 48.471613], [-89.155114, 48.471613]], [[-89.155161, 48.471541], [-89.155141, 48.471544], [-89.155128, 48.471548], [-89.155121, 48.471555], [-89.155121, 48.471564], [-89.155128, 48.471568], [-89.155141, 48.471568], [-89.155161, 48.471564], [-89.155188, 48.471555], [-89.155202, 48.471548], [-89.155202, 48.471544], [-89.155188, 48.471541], [-89.155161, 48.471541]], [[-89.155161, 48.471327], [-89.155141, 48.471329], [-89.155128, 48.471334], [-89.155121, 48.47134], [-89.155121, 48.471349], [-89.155128, 48.471354], [-89.155141, 48.471354], [-89.155161, 48.471349], [-89.155188, 48.47134], [-89.155202, 48.471334], [-89.155202, 48.471329], [-89.155188, 48.471327], [-89.155161, 48.471327]]]}}, {"type": "Feature", "properties": {"lead": 24, "temp": "sp:salmon:s3"}, "geometry": {"type": "Polygon", "coordinates": [[[-89.155343, 48.47197], [-89.155313, 48.471956], [-89.155293, 48.47193], [-89.155283, 48.47189], [-89.155283, 48.471836], [-89.155286, 48.471807], [-89.155293, 48.471802], [-89.155303, 48.471823], [-89.155316, 48.471867], [-89.155333, 48.471894], [-89.155353, 48.471903], [-89.155377, 48.471894], [-89.155404, 48.471867], [-89.155424, 48.471856], [-89.155438, 48.47186], [-89.155444, 48.471881], [-89.155444, 48.471916], [-89.155434, 48.471943], [-89.155414, 48.471961], [-89.155384, 48.47197], [-89.155343, 48.47197]]]}}, {"type": "Feature", "properties": {"lead": 24, "temp": "sp:salmon:s3"}, "geometry": {"type": "Polygon", "coordinates": [[[-89.154703, 48.472184], [-89.154659, 48.472171], [-89.154652, 48.472144], [-89.154683, 48.472104], [-89.15475, 48.47205], [-89.154804, 48.47201], [-89.154844, 48.471983], [-89.154871, 48.47197], [-89.154885, 48.47197], [-89.154895, 48.471983], [-89.154902, 48.47201], [-89.154905, 48.47205], [-89.154905, 48.472104], [-89.154885, 48.472144], [-89.154844, 48.472171], [-89.154784, 48.472184], [-89.154703, 48.472184]]]}}, {"type": "Feature", "properties": {"lead": 24, "temp": "sp:salmon:s3"}, "geometry": {"type": "Polygon", "coordinates": [[[-89.154905, 48.472394], [-89.154915, 48.47236], [-89.154935, 48.472338], [-89.154966, 48.472327], [-89.155006, 48.472327], [-89.155026, 48.472338], [-89.155026, 48.47236], [-89.155006, 48.472394], [-89.154966, 48.472439], [-89.154935, 48.472461], [-89.154915, 48.472461], [-89.154905, 48.472439], [-89.154905, 48.472394]]]}}, {"type": "Feature", "properties": {"lead": 24, "temp": "sp:steelhead:s1"}, "geometry": {"type": "Polygon", "coordinates": [[[-89.165076, 48.455376], [-89.165093, 48.455316], [-89.165113, 48.455276], [-89.165137, 48.455256], [-89.165164, 48.455256], [-89.165174, 48.455276], [-89.165167, 48.455316], [-89.165143, 48.455376], [-89.165103, 48.455457], [-89.165076, 48.455497], [-89.165062, 48.455497], [-89.165062, 48.455457], [-89.165076, 48.455376]]]}}, {"type": "Feature", "properties": {"lead": 24, "temp": "sp:steelhead:s1"}, "geometry": {"type": "Polygon", "coordinates": [[[-89.168655, 48.455631], [-89.168571, 48.455582], [-89.16851, 48.455519], [-89.168473, 48.455443], [-89.168459, 48.455354], [-89.1685, 48.455292], [-89.168594, 48.455256], [-89.168743, 48.455247], [-89.168945, 48.455265], [-89.169096, 48.455296], [-89.169197, 48.455341], [-89.169248, 48.455399], [-89.169248, 48.45547], [-89.169228, 48.455533], [-89.169187, 48.455586], [-89.169127, 48.455631], [-89.169046, 48.455667], [-89.168958, 48.455685], [-89.168864, 48.455685], [-89.168763, 48.455667], [-89.168655, 48.455631]]]}}, {"type": "Feature", "properties": {"lead": 24, "temp": "sp:steelhead:s1"}, "geometry": {"type": "Polygon", "coordinates": [[[-89.166067, 48.455899], [-89.165895, 48.455856], [-89.165767, 48.455772], [-89.165683, 48.455644], [-89.165642, 48.455475], [-89.165686, 48.455356], [-89.165814, 48.455289], [-89.166026, 48.455274], [-89.166323, 48.455309], [-89.166535, 48.45537], [-89.166663, 48.455455], [-89.166707, 48.455564], [-89.166667, 48.455698], [-89.166582, 48.455798], [-89.166454, 48.455865], [-89.166282, 48.455899], [-89.166067, 48.455899]]]}}, {"type": "Feature", "properties": {"lead": 24, "temp": "sp:steelhead:s1"}, "geometry": {"type": "Polygon", "coordinates": [[[-89.165042, 48.455832], [-89.165052, 48.455812], [-89.165073, 48.455798], [-89.165103, 48.455792], [-89.165143, 48.455792], [-89.165164, 48.455798], [-89.165164, 48.455812], [-89.165143, 48.455832], [-89.165103, 48.455859], [-89.165073, 48.455872], [-89.165052, 48.455872], [-89.165042, 48.455859], [-89.165042, 48.455832]]]}}, {"type": "Feature", "properties": {"lead": 24, "temp": "sp:steelhead:s1"}, "geometry": {"type": "Polygon", "coordinates": [[[-89.16488, 48.456189], [-89.164891, 48.456169], [-89.164911, 48.456156], [-89.164941, 48.456149], [-89.164982, 48.456149], [-89.165002, 48.456156], [-89.165002, 48.456169], [-89.164982, 48.456189], [-89.164941, 48.456216], [-89.164911, 48.456229], [-89.164891, 48.456229], [-89.16488, 48.456216], [-89.16488, 48.456189]]]}}, {"type": "Feature", "properties": {"lead": 24, "temp": "sp:steelhead:s1"}, "geometry": {"type": "Polygon", "coordinates": [[[-89.165265, 48.456381], [-89.165258, 48.456345], [-89.165285, 48.45631], [-89.165346, 48.456274], [-89.16544, 48.456238], [-89.165497, 48.456218], [-89.165517, 48.456214], [-89.165501, 48.456225], [-89.165447, 48.456252], [-89.165406, 48.456283], [-89.165379, 48.456319], [-89.165366, 48.456359], [-89.165366, 48.456403], [-89.165356, 48.456428], [-89.165335, 48.456432], [-89.165305, 48.456417], [-89.165265, 48.456381]]]}}, {"type": "Feature", "properties": {"lead": 24, "temp": "sp:steelhead:s1"}, "geometry": {"type": "Polygon", "coordinates": [[[-89.165581, 48.456511], [-89.165592, 48.45649], [-89.165612, 48.456477], [-89.165642, 48.45647], [-89.165683, 48.45647], [-89.165703, 48.456477], [-89.165703, 48.45649], [-89.165683, 48.456511], [-89.165642, 48.456537], [-89.165612, 48.456551], [-89.165592, 48.456551], [-89.165581, 48.456537], [-89.165581, 48.456511]]]}}, {"type": "Feature", "properties": {"lead": 24, "temp": "sp:steelhead:s1"}, "geometry": {"type": "Polygon", "coordinates": [[[-89.165966, 48.457053], [-89.165817, 48.456915], [-89.165743, 48.456801], [-89.165743, 48.456711], [-89.165807, 48.456667], [-89.165935, 48.456667], [-89.166127, 48.456711], [-89.166384, 48.456801], [-89.166586, 48.456915], [-89.166734, 48.457053], [-89.166828, 48.457216], [-89.166869, 48.457403], [-89.166825, 48.457497], [-89.166697, 48.457497], [-89.166485, 48.457403], [-89.166188, 48.457216], [-89.165966, 48.457053]]]}}, {"type": "Feature", "properties": {"lead": 24, "temp": "sp:steelhead:s1"}, "geometry": {"type": "Polygon", "coordinates": [[[-89.156968, 48.470847], [-89.156995, 48.470834], [-89.157035, 48.470827], [-89.157089, 48.470827], [-89.157116, 48.470834], [-89.157116, 48.470847], [-89.157089, 48.470867], [-89.157035, 48.470894], [-89.156995, 48.470908], [-89.156968, 48.470908], [-89.156954, 48.470894], [-89.156954, 48.470867], [-89.156968, 48.470847]]]}}, {"type": "Feature", "properties": {"lead": 24, "temp": "sp:steelhead:s1"}, "geometry": {"type": "Polygon", "coordinates": [[[-89.156792, 48.47076], [-89.156802, 48.47074], [-89.156823, 48.470727], [-89.156853, 48.47072], [-89.156893, 48.47072], [-89.156914, 48.470727], [-89.156914, 48.47074], [-89.156893, 48.47076], [-89.156853, 48.470787], [-89.156823, 48.4708], [-89.156802, 48.4708], [-89.156792, 48.470787], [-89.156792, 48.47076]]]}}, {"type": "Feature", "properties": {"lead": 24, "temp": "sp:steelhead:s1"}, "geometry": {"type": "Polygon", "coordinates": [[[-89.155404, 48.471291], [-89.15533, 48.471269], [-89.155262, 48.471224], [-89.155202, 48.471157], [-89.155148, 48.471068], [-89.155225, 48.471001], [-89.155434, 48.470957], [-89.155775, 48.470934], [-89.156246, 48.470934], [-89.15659, 48.47095], [-89.156806, 48.470981], [-89.156893, 48.471028], [-89.156853, 48.471091], [-89.156765, 48.471131], [-89.156631, 48.471149], [-89.156449, 48.471144], [-89.156219, 48.471117], [-89.156031, 48.471111], [-89.155882, 48.471124], [-89.155775, 48.471157], [-89.155707, 48.471211], [-89.155636, 48.471251], [-89.155562, 48.471278], [-89.155485, 48.471291], [-89.155404, 48.471291]], [[-89.155465, 48.471184], [-89.155454, 48.471187], [-89.155448, 48.471191], [-89.155444, 48.471198], [-89.155444, 48.471207], [-89.155448, 48.471211], [-89.155454, 48.471211], [-89.155465, 48.471207], [-89.155478, 48.471198], [-89.155485, 48.471191], [-89.155485, 48.471187], [-89.155478, 48.471184], [-89.155465, 48.471184]]]}}, {"type": "Feature", "properties": {"lead": 24, "temp": "sp:steelhead:s1"}, "geometry": {"type": "Polygon", "coordinates": [[[-89.155067, 48.471332], [-89.15508, 48.471311], [-89.155107, 48.471298], [-89.155148, 48.471291], [-89.155202, 48.471291], [-89.155229, 48.471298], [-89.155229, 48.471311], [-89.155202, 48.471332], [-89.155148, 48.471358], [-89.155107, 48.471372], [-89.15508, 48.471372], [-89.155067, 48.471358], [-89.155067, 48.471332]]]}}, {"type": "Feature", "properties": {"lead": 24, "temp": "sp:steelhead:s1"}, "geometry": {"type": "Polygon", "coordinates": [[[-89.155283, 48.471796], [-89.155299, 48.471776], [-89.155333, 48.471762], [-89.155384, 48.471756], [-89.155451, 48.471756], [-89.155485, 48.471762], [-89.155485, 48.471776], [-89.155451, 48.471796], [-89.155384, 48.471823], [-89.155333, 48.471836], [-89.155299, 48.471836], [-89.155283, 48.471823], [-89.155283, 48.471796]]]}}, {"type": "Feature", "properties": {"lead": 24, "temp": "sp:steelhead:s1"}, "geometry": {"type": "Polygon", "coordinates": [[[-89.155586, 48.472184], [-89.155515, 48.472175], [-89.155468, 48.472157], [-89.155444, 48.472131], [-89.155444, 48.472095], [-89.155465, 48.472066], [-89.155505, 48.472043], [-89.155566, 48.472028], [-89.155647, 48.472019], [-89.155711, 48.472023], [-89.155758, 48.472041], [-89.155788, 48.472073], [-89.155802, 48.472117], [-89.155788, 48.472151], [-89.155748, 48.472173], [-89.15568, 48.472184], [-89.155586, 48.472184]]]}}, {"type": "Feature", "properties": {"lead": 24, "temp": "sp:steelhead:s1"}, "geometry": {"type": "Polygon", "coordinates": [[[-89.154582, 48.472117], [-89.154602, 48.472097], [-89.154642, 48.472084], [-89.154703, 48.472077], [-89.154784, 48.472077], [-89.154824, 48.472084], [-89.154824, 48.472097], [-89.154784, 48.472117], [-89.154703, 48.472144], [-89.154642, 48.472157], [-89.154602, 48.472157], [-89.154582, 48.472144], [-89.154582, 48.472117]]]}}, {"type": "Feature", "properties": {"lead": 24, "temp": "sp:steelhead:s1"}, "geometry": {"type": "Polygon", "coordinates": [[[-89.155748, 48.472434], [-89.155677, 48.472425], [-89.15563, 48.472407], [-89.155606, 48.47238], [-89.155606, 48.472345], [-89.155623, 48.472311], [-89.155657, 48.47228], [-89.155707, 48.472251], [-89.155775, 48.472224], [-89.155832, 48.47222], [-89.155879, 48.472238], [-89.155916, 48.472278], [-89.155943, 48.47234], [-89.15594, 48.472387], [-89.155906, 48.472418], [-89.155842, 48.472434], [-89.155748, 48.472434]]]}}, {"type": "Feature", "properties": {"lead": 24, "temp": "sp:steelhead:s1"}, "geometry": {"type": "Polygon", "coordinates": [[[-89.15508, 48.472561], [-89.155107, 48.472548], [-89.155148, 48.472541], [-89.155202, 48.472541], [-89.155229, 48.472548], [-89.155229, 48.472561], [-89.155202, 48.472581], [-89.155148, 48.472608], [-89.155107, 48.472622], [-89.15508, 48.472622], [-89.155067, 48.472608], [-89.155067, 48.472581], [-89.15508, 48.472561]]]}}, {"type": "Feature", "properties": {"lead": 24, "temp": "sp:steelhead:s1"}, "geometry": {"type": "Polygon", "coordinates": [[[-89.153618, 48.472646], [-89.153658, 48.472517], [-89.153739, 48.472407], [-89.15386, 48.472318], [-89.153985, 48.472251], [-89.154113, 48.472206], [-89.154245, 48.472184], [-89.154379, 48.472184], [-89.154484, 48.4722], [-89.154558, 48.472231], [-89.154602, 48.472278], [-89.154615, 48.47234], [-89.154578, 48.472407], [-89.154491, 48.472479], [-89.154352, 48.472555], [-89.154164, 48.472635], [-89.154012, 48.472724], [-89.153897, 48.472822], [-89.15382, 48.472929], [-89.15378, 48.473046], [-89.153739, 48.47309], [-89.153699, 48.473063], [-89.153658, 48.472965], [-89.153618, 48.472796], [-89.153618, 48.472646]]]}}, {"type": "Feature", "properties": {"lead": 24, "temp": "sp:steelhead:s2"}, "geometry": {"type": "Polygon", "coordinates": [[[-89.167084, 48.456216], [-89.166613, 48.456189], [-89.166259, 48.456156], [-89.166023, 48.456115], [-89.165905, 48.456068], [-89.165905, 48.456015], [-89.165949, 48.455972], [-89.166036, 48.455941], [-89.166168, 48.455921], [-89.166343, 48.455912], [-89.166485, 48.455872], [-89.166592, 48.455801], [-89.166667, 48.455698], [-89.166707, 48.455564], [-89.166761, 48.455464], [-89.166828, 48.455397], [-89.166909, 48.455363], [-89.167004, 48.455363], [-89.167098, 48.455325], [-89.167192, 48.455249], [-89.167287, 48.455135], [-89.167381, 48.454984], [-89.167512, 48.454863], [-89.167681, 48.454774], [-89.167887, 48.454716], [-89.168129, 48.454689], [-89.168395, 48.454729], [-89.168685, 48.454836], [-89.168999, 48.45501], [-89.169336, 48.455251], [-89.169551, 48.455437], [-89.169646, 48.455566], [-89.169619, 48.45564], [-89.16947, 48.455658], [-89.169353, 48.45564], [-89.169265, 48.455586], [-89.169208, 48.455497], [-89.169181, 48.455372], [-89.169117, 48.455278], [-89.169016, 48.455216], [-89.168877, 48.455184], [-89.168702, 48.455184], [-89.168561, 48.455196], [-89.168453, 48.455218], [-89.168379, 48.455251], [-89.168338, 48.455296], [-89.168335, 48.455354], [-89.168368, 48.455426], [-89.168439, 48.45551], [-89.168547, 48.455609], [-89.168621, 48.455685], [-89.168662, 48.455738], [-89.168668, 48.455769], [-89.168641, 48.455778], [-89.168604, 48.455774], [-89.168557, 48.455756], [-89.1685, 48.455725], [-89.168432, 48.45568], [-89.168368, 48.455626], [-89.168308, 48.455564], [-89.168251, 48.455493], [-89.168197, 48.455412], [-89.16816, 48.455383], [-89.168139, 48.455405], [-89.168136, 48.455479], [-89.168149, 48.455604], [-89.168136, 48.455727], [-89.168095, 48.455847], [-89.168028, 48.455966], [-89.167934, 48.456082], [-89.167745, 48.456162], [-89.167462, 48.456207], [-89.167084, 48.456216]], [[-89.166869, 48.456006], [-89.166828, 48.456006], [-89.166798, 48.45601], [-89.166778, 48.456019], [-89.166768, 48.456033], [-89.166768, 48.456051], [-89.166778, 48.45606], [-89.166798, 48.45606], [-89.166828, 48.456051], [-89.166869, 48.456033], [-89.166889, 48.456019], [-89.166889, 48.45601], [-89.166869, 48.456006]], [[-89.166464, 48.456006], [-89.16637, 48.456006], [-89.166299, 48.45601], [-89.166252, 48.456019], [-89.166228, 48.456033], [-89.166228, 48.456051], [-89.166252, 48.45606], [-89.166299, 48.45606], [-89.16637, 48.456051], [-89.166464, 48.456033], [-89.166512, 48.456019], [-89.166512, 48.45601], [-89.166464, 48.456006]], [[-89.167988, 48.455542], [-89.167974, 48.455542], [-89.167964, 48.455544], [-89.167957, 48.455548], [-89.167954, 48.455555], [-89.167954, 48.455564], [-89.167957, 48.455568], [-89.167964, 48.455568], [-89.167974, 48.455564], [-89.167988, 48.455555], [-89.167994, 48.455548], [-89.167994, 48.455544], [-89.167988, 48.455542]], [[-89.167934, 48.45547], [-89.16792, 48.45547], [-89.16791, 48.455472], [-89.167903, 48.455477], [-89.1679, 48.455484], [-89.1679, 48.455493], [-89.167903, 48.455497], [-89.16791, 48.455497], [-89.16792, 48.455493], [-89.167934, 48.455484], [-89.16794, 48.455477], [-89.16794, 48.455472], [-89.167934, 48.45547]]]}}, {"type": "Feature", "properties": {"lead": 24, "temp": "sp:steelhead:s2"}, "geometry": {"type": "Polygon", "coordinates": [[[-89.165137, 48.45618], [-89.165056, 48.456082], [-89.165015, 48.456006], [-89.165015, 48.455952], [-89.165056, 48.455921], [-89.165137, 48.455912], [-89.165197, 48.455863], [-89.165238, 48.455774], [-89.165258, 48.455644], [-89.165258, 48.455475], [-89.165275, 48.455347], [-89.165308, 48.455263], [-89.165359, 48.45522], [-89.165426, 48.45522], [-89.165474, 48.455254], [-89.165501, 48.455321], [-89.165507, 48.455421], [-89.165494, 48.455555], [-89.165501, 48.455651], [-89.165528, 48.455709], [-89.165575, 48.455729], [-89.165642, 48.455711], [-89.165693, 48.45572], [-89.165726, 48.455756], [-89.165743, 48.455818], [-89.165743, 48.455908], [-89.165726, 48.455966], [-89.165693, 48.455993], [-89.165642, 48.455988], [-89.165575, 48.455952], [-89.165511, 48.455952], [-89.16545, 48.455988], [-89.165393, 48.45606], [-89.165339, 48.456167], [-89.165278, 48.456223], [-89.165211, 48.456227], [-89.165137, 48.45618]], [[-89.165399, 48.455899], [-89.165386, 48.455899], [-89.165376, 48.455901], [-89.165369, 48.455906], [-89.165366, 48.455912], [-89.165366, 48.455921], [-89.165369, 48.455926], [-89.165376, 48.455926], [-89.165386, 48.455921], [-89.165399, 48.455912], [-89.165406, 48.455906], [-89.165406, 48.455901], [-89.165399, 48.455899]], [[-89.165453, 48.455756], [-89.16544, 48.455756], [-89.16543, 48.455758], [-89.165423, 48.455763], [-89.16542, 48.455769], [-89.16542, 48.455778], [-89.165423, 48.455783], [-89.16543, 48.455783], [-89.16544, 48.455778], [-89.165453, 48.455769], [-89.16546, 48.455763], [-89.16546, 48.455758], [-89.165453, 48.455756]], [[-89.165379, 48.455685], [-89.165352, 48.455685], [-89.165335, 48.455689], [-89.165329, 48.455698], [-89.165332, 48.455711], [-89.165346, 48.455729], [-89.165359, 48.455738], [-89.165372, 48.455738], [-89.165386, 48.455729], [-89.165399, 48.455711], [-89.165403, 48.455698], [-89.165396, 48.455689], [-89.165379, 48.455685]]]}}, {"type": "Feature", "properties": {"lead": 24, "temp": "sp:steelhead:s2"}, "geometry": {"type": "Polygon", "coordinates": [[[-89.169484, 48.455868], [-89.16939, 48.455823], [-89.169359, 48.455781], [-89.169393, 48.45574], [-89.169491, 48.455702], [-89.169652, 48.455667], [-89.169781, 48.455651], [-89.169875, 48.455655], [-89.169936, 48.45568], [-89.169962, 48.455725], [-89.169959, 48.455767], [-89.169925, 48.455807], [-89.169861, 48.455845], [-89.169767, 48.455881], [-89.169673, 48.455897], [-89.169578, 48.455892], [-89.169484, 48.455868]]]}}, {"type": "Feature", "properties": {"lead": 24, "temp": "sp:steelhead:s2"}, "geometry": {"type": "Polygon", "coordinates": [[[-89.157655, 48.473046], [-89.15747, 48.472974], [-89.157315, 48.472858], [-89.15719, 48.472697], [-89.157096, 48.472492], [-89.157059, 48.472325], [-89.157079, 48.472195], [-89.157156, 48.472104], [-89.157291, 48.47205], [-89.157348, 48.472017], [-89.157328, 48.472003], [-89.15723, 48.47201], [-89.157055, 48.472037], [-89.156904, 48.472021], [-89.156775, 48.471963], [-89.156671, 48.471863], [-89.15659, 48.47172], [-89.156486, 48.47159], [-89.156358, 48.471474], [-89.156206, 48.471372], [-89.156031, 48.471282], [-89.155963, 48.471218], [-89.156004, 48.471178], [-89.156152, 48.471162], [-89.156408, 48.471171], [-89.156627, 48.471162], [-89.156809, 48.471135], [-89.156954, 48.471091], [-89.157062, 48.471028], [-89.15717, 48.471003], [-89.157278, 48.471017], [-89.157385, 48.471068], [-89.157493, 48.471157], [-89.157645, 48.471189], [-89.15784, 48.471162], [-89.15808, 48.471077], [-89.158363, 48.470934], [-89.158646, 48.470812], [-89.158929, 48.470709], [-89.159212, 48.470626], [-89.159495, 48.470564], [-89.159967, 48.470309], [-89.160627, 48.469863], [-89.161477, 48.469225], [-89.162515, 48.468394], [-89.163327, 48.467754], [-89.163913, 48.467303], [-89.164274, 48.467042], [-89.164409, 48.466971], [-89.164557, 48.466915], [-89.164719, 48.466875], [-89.164894, 48.46685], [-89.165083, 48.466841], [-89.165339, 48.466694], [-89.165662, 48.466408], [-89.166053, 48.465984], [-89.166512, 48.465422], [-89.166929, 48.464801], [-89.167307, 48.464122], [-89.167644, 48.463386], [-89.16794, 48.462591], [-89.168146, 48.461971], [-89.168261, 48.461524], [-89.168284, 48.461252], [-89.168217, 48.461154], [-89.16816, 48.460957], [-89.168112, 48.460663], [-89.168075, 48.46027], [-89.168048, 48.459779], [-89.167961, 48.45933], [-89.167812, 48.458924], [-89.167603, 48.45856], [-89.167334, 48.458238], [-89.167122, 48.457946], [-89.166967, 48.457683], [-89.166869, 48.457448], [-89.166828, 48.457243], [-89.166774, 48.457082], [-89.166707, 48.456966], [-89.166626, 48.456894], [-89.166532, 48.456868], [-89.166474, 48.456839], [-89.166454, 48.456807], [-89.166471, 48.456774], [-89.166525, 48.456738], [-89.166532, 48.456714], [-89.166491, 48.4567], [-89.166404, 48.456698], [-89.166269, 48.456707], [-89.166178, 48.456696], [-89.166131, 48.456665], [-89.166127, 48.456613], [-89.166168, 48.456542], [-89.166144, 48.456488], [-89.166057, 48.456452], [-89.165905, 48.456435], [-89.165689, 48.456435], [-89.165548, 48.456421], [-89.16548, 48.456394], [-89.165487, 48.456354], [-89.165568, 48.456301], [-89.165703, 48.456283], [-89.165891, 48.456301], [-89.166134, 48.456354], [-89.166431, 48.456444], [-89.16669, 48.456537], [-89.166913, 48.456636], [-89.167098, 48.456738], [-89.167246, 48.456845], [-89.167452, 48.457042], [-89.167715, 48.457328], [-89.168035, 48.457703], [-89.168412, 48.458167], [-89.168719, 48.458685], [-89.168955, 48.459256], [-89.16912, 48.459881], [-89.169214, 48.46056], [-89.169211, 48.461268], [-89.16911, 48.462004], [-89.168911, 48.46277], [-89.168614, 48.463564], [-89.168251, 48.464337], [-89.167819, 48.465087], [-89.16732, 48.465814], [-89.166754, 48.46652], [-89.166262, 48.467051], [-89.165844, 48.467408], [-89.165501, 48.467591], [-89.165231, 48.4676], [-89.164904, 48.467707], [-89.16452, 48.467912], [-89.164078, 48.468216], [-89.16358, 48.468618], [-89.163206, 48.468935], [-89.162956, 48.469167], [-89.162831, 48.469314], [-89.162831, 48.469377], [-89.162808, 48.469428], [-89.162761, 48.469468], [-89.16269, 48.469497], [-89.162596, 48.469515], [-89.162387, 48.469631], [-89.162063, 48.469845], [-89.161625, 48.470158], [-89.161072, 48.470568], [-89.160594, 48.470885], [-89.160189, 48.471108], [-89.159859, 48.471238], [-89.159603, 48.471274], [-89.159357, 48.471334], [-89.159121, 48.471419], [-89.158895, 48.471528], [-89.15868, 48.471662], [-89.158471, 48.471771], [-89.158268, 48.471856], [-89.158073, 48.471916], [-89.157884, 48.471952], [-89.157736, 48.47199], [-89.157628, 48.47203], [-89.157561, 48.472073], [-89.157534, 48.472117], [-89.157547, 48.472189], [-89.157601, 48.472287], [-89.157696, 48.472412], [-89.15783, 48.472563], [-89.157965, 48.47268], [-89.1581, 48.47276], [-89.158235, 48.472805], [-89.15837, 48.472813], [-89.158447, 48.472838], [-89.158467, 48.472878], [-89.15843, 48.472934], [-89.158336, 48.473005], [-89.158211, 48.473052], [-89.158056, 48.473075], [-89.157871, 48.473072], [-89.157655, 48.473046]], [[-89.157621, 48.472755], [-89.157611, 48.472758], [-89.157605, 48.472762], [-89.157601, 48.472769], [-89.157601, 48.472778], [-89.157605, 48.472782], [-89.157611, 48.472782], [-89.157621, 48.472778], [-89.157635, 48.472769], [-89.157642, 48.472762], [-89.157642, 48.472758], [-89.157635, 48.472755], [-89.157621, 48.472755]], [[-89.157534, 48.472577], [-89.157514, 48.472581], [-89.1575, 48.47259], [-89.157493, 48.472604], [-89.157493, 48.472622], [-89.1575, 48.47263], [-89.157514, 48.47263], [-89.157534, 48.472622], [-89.157561, 48.472604], [-89.157574, 48.47259], [-89.157574, 48.472581], [-89.157561, 48.472577], [-89.157534, 48.472577]], [[-89.157156, 48.472434], [-89.157136, 48.472439], [-89.157123, 48.472447], [-89.157116, 48.472461], [-89.157116, 48.472479], [-89.157123, 48.472488], [-89.157136, 48.472488], [-89.157156, 48.472479], [-89.157183, 48.472461], [-89.157197, 48.472447], [-89.157197, 48.472439], [-89.157183, 48.472434], [-89.157156, 48.472434]], [[-89.156435, 48.471399], [-89.156425, 48.471401], [-89.156418, 48.471405], [-89.156415, 48.471412], [-89.156415, 48.471421], [-89.156418, 48.471425], [-89.156425, 48.471425], [-89.156435, 48.471421], [-89.156449, 48.471412], [-89.156455, 48.471405], [-89.156455, 48.471401], [-89.156449, 48.471399], [-89.156435, 48.471399]], [[-89.156327, 48.471363], [-89.156317, 48.471365], [-89.15631, 48.47137], [-89.156307, 48.471376], [-89.156307, 48.471385], [-89.15631, 48.47139], [-89.156317, 48.47139], [-89.156327, 48.471385], [-89.156341, 48.471376], [-89.156347, 48.47137], [-89.156347, 48.471365], [-89.156341, 48.471363], [-89.156327, 48.471363]], [[-89.156294, 48.471256], [-89.156273, 48.471258], [-89.15626, 48.471262], [-89.156253, 48.471269], [-89.156253, 48.471278], [-89.15626, 48.471282], [-89.156273, 48.471282], [-89.156294, 48.471278], [-89.156321, 48.471269], [-89.156334, 48.471262], [-89.156334, 48.471258], [-89.156321, 48.471256], [-89.156294, 48.471256]]]}}, {"type": "Feature", "properties": {"lead": 24, "temp": "sp:steelhead:s2"}, "geometry": {"type": "Polygon", "coordinates": [[[-89.165042, 48.467689], [-89.165052, 48.467669], [-89.165073, 48.467656], [-89.165103, 48.467649], [-89.165143, 48.467649], [-89.165164, 48.467656], [-89.165164, 48.467669], [-89.165143, 48.467689], [-89.165103, 48.467716], [-89.165073, 48.467729], [-89.165052, 48.467729], [-89.165042, 48.467716], [-89.165042, 48.467689]]]}}, {"type": "Feature", "properties": {"lead": 24, "temp": "sp:steelhead:s2"}, "geometry": {"type": "Polygon", "coordinates": [[[-89.162191, 48.470309], [-89.162124, 48.470274], [-89.162083, 48.470234], [-89.16207, 48.470189], [-89.162083, 48.47014], [-89.162124, 48.470086], [-89.162275, 48.469968], [-89.162538, 48.469785], [-89.162912, 48.469537], [-89.163398, 48.469225], [-89.163714, 48.469046], [-89.163863, 48.469002], [-89.163842, 48.469091], [-89.163654, 48.469314], [-89.163458, 48.469506], [-89.163256, 48.469667], [-89.163047, 48.469796], [-89.162831, 48.469894], [-89.162656, 48.469988], [-89.162521, 48.470077], [-89.162427, 48.470162], [-89.162373, 48.470242], [-89.162316, 48.470294], [-89.162255, 48.470316], [-89.162191, 48.470309]]]}}, {"type": "Feature", "properties": {"lead": 24, "temp": "sp:steelhead:s2"}, "geometry": {"type": "Polygon", "coordinates": [[[-89.155323, 48.47159], [-89.155235, 48.471521], [-89.155195, 48.471463], [-89.155202, 48.471416], [-89.155256, 48.471381], [-89.155313, 48.471352], [-89.155374, 48.471329], [-89.155438, 48.471314], [-89.155505, 48.471305], [-89.155559, 48.471329], [-89.155599, 48.471387], [-89.155626, 48.471479], [-89.15564, 48.471604], [-89.155616, 48.471677], [-89.155556, 48.4717], [-89.155458, 48.471671], [-89.155323, 48.47159]]]}}, {"type": "Feature", "properties": {"lead": 24, "temp": "sp:steelhead:s2"}, "geometry": {"type": "Polygon", "coordinates": [[[-89.155532, 48.471858], [-89.155552, 48.471834], [-89.155579, 48.471829], [-89.155613, 48.471845], [-89.155653, 48.471881], [-89.15567, 48.47191], [-89.155663, 48.471932], [-89.155633, 48.471948], [-89.155579, 48.471956], [-89.155542, 48.471952], [-89.155522, 48.471934], [-89.155518, 48.471903], [-89.155532, 48.471858]]]}}, {"type": "Feature", "properties": {"lead": 24, "temp": "sp:steelhead:s2"}, "geometry": {"type": "Polygon", "coordinates": [[[-89.156219, 48.472983], [-89.156233, 48.472921], [-89.156257, 48.472887], [-89.15629, 48.472883], [-89.156334, 48.472907], [-89.156388, 48.472961], [-89.156412, 48.473003], [-89.156405, 48.473034], [-89.156368, 48.473054], [-89.1563, 48.473063], [-89.156253, 48.473054], [-89.156226, 48.473028], [-89.156219, 48.472983]]]}}, {"type": "Feature", "properties": {"lead": 24, "temp": "sp:steelhead:s2"}, "geometry": {"type": "Polygon", "coordinates": [[[-89.155606, 48.47326], [-89.155616, 48.47324], [-89.155636, 48.473226], [-89.155667, 48.47322], [-89.155707, 48.47322], [-89.155727, 48.473226], [-89.155727, 48.47324], [-89.155707, 48.47326], [-89.155667, 48.473287], [-89.155636, 48.4733], [-89.155616, 48.4733], [-89.155606, 48.473287], [-89.155606, 48.47326]]]}}, {"type": "Feature", "properties": {"lead": 24, "temp": "sp:steelhead:s2"}, "geometry": {"type": "Polygon", "coordinates": [[[-89.127925, 48.485265], [-89.127827, 48.485222], [-89.127726, 48.485147], [-89.127621, 48.485037], [-89.127513, 48.484894], [-89.127588, 48.484738], [-89.127844, 48.484569], [-89.128282, 48.484386], [-89.128902, 48.484189], [-89.12936, 48.483955], [-89.129657, 48.483683], [-89.129792, 48.483373], [-89.129765, 48.483025], [-89.129771, 48.482739], [-89.129812, 48.482516], [-89.129886, 48.482355], [-89.129994, 48.482257], [-89.130253, 48.482148], [-89.130664, 48.482027], [-89.131227, 48.481896], [-89.131942, 48.481753], [-89.132592, 48.481648], [-89.133178, 48.481581], [-89.133701, 48.481552], [-89.134159, 48.481561], [-89.134597, 48.48155], [-89.135015, 48.481519], [-89.135413, 48.481467], [-89.13579, 48.481396], [-89.136222, 48.481338], [-89.136707, 48.481293], [-89.137246, 48.481262], [-89.137839, 48.481244], [-89.138422, 48.481195], [-89.138995, 48.481115], [-89.139558, 48.481003], [-89.140111, 48.48086], [-89.140542, 48.480744], [-89.140852, 48.480655], [-89.141041, 48.480593], [-89.141108, 48.480557], [-89.141145, 48.480479], [-89.141152, 48.480358], [-89.141128, 48.480195], [-89.141074, 48.47999], [-89.141078, 48.479791], [-89.141138, 48.4796], [-89.141256, 48.479414], [-89.141432, 48.479236], [-89.141721, 48.479066], [-89.142126, 48.478906], [-89.142645, 48.478754], [-89.143278, 48.478611], [-89.144094, 48.478395], [-89.145092, 48.478105], [-89.146271, 48.477741], [-89.147633, 48.477303], [-89.148697, 48.476893], [-89.149466, 48.476509], [-89.149938, 48.476152], [-89.150113, 48.475822], [-89.150356, 48.475503], [-89.150666, 48.475195], [-89.151043, 48.474898], [-89.151488, 48.474612], [-89.151902, 48.474387], [-89.152287, 48.474222], [-89.15264, 48.474117], [-89.152964, 48.474072], [-89.153234, 48.473961], [-89.153449, 48.473782], [-89.153611, 48.473536], [-89.153719, 48.473224], [-89.153827, 48.47299], [-89.153935, 48.472834], [-89.154042, 48.472755], [-89.15415, 48.472755], [-89.154228, 48.472742], [-89.154275, 48.472715], [-89.154292, 48.472675], [-89.154278, 48.472622], [-89.154305, 48.472561], [-89.154373, 48.472494], [-89.15448, 48.472421], [-89.154629, 48.47234], [-89.154753, 48.4723], [-89.154855, 48.4723], [-89.154932, 48.47234], [-89.154986, 48.472421], [-89.155003, 48.472479], [-89.154983, 48.472514], [-89.154925, 48.472528], [-89.154831, 48.472519], [-89.154747, 48.47253], [-89.154673, 48.472561], [-89.154609, 48.472613], [-89.154555, 48.472684], [-89.154534, 48.472789], [-89.154548, 48.472927], [-89.154595, 48.473099], [-89.154676, 48.473304], [-89.154706, 48.473505], [-89.154686, 48.473702], [-89.154615, 48.473894], [-89.154494, 48.474081], [-89.154369, 48.474242], [-89.154241, 48.474376], [-89.15411, 48.474483], [-89.153975, 48.474563], [-89.1538, 48.47463], [-89.153584, 48.474684], [-89.153328, 48.474724], [-89.153031, 48.474751], [-89.152721, 48.474829], [-89.152398, 48.474958], [-89.152061, 48.475139], [-89.15171, 48.475371], [-89.151431, 48.475599], [-89.151222, 48.475822], [-89.151083, 48.47604], [-89.151016, 48.476255], [-89.150922, 48.476455], [-89.1508, 48.476643], [-89.150652, 48.476817], [-89.150477, 48.476978], [-89.149995, 48.477212], [-89.149206, 48.47752], [-89.148111, 48.477901], [-89.146709, 48.478357], [-89.145513, 48.478727], [-89.144522, 48.479013], [-89.143737, 48.479214], [-89.143157, 48.47933], [-89.142702, 48.479439], [-89.142372, 48.479542], [-89.142166, 48.479638], [-89.142085, 48.479727], [-89.142035, 48.479852], [-89.142015, 48.480012], [-89.142025, 48.480209], [-89.142065, 48.480441], [-89.141994, 48.480662], [-89.141812, 48.480871], [-89.141519, 48.48107], [-89.141115, 48.481257], [-89.140717, 48.481418], [-89.140326, 48.481552], [-89.139942, 48.481659], [-89.139565, 48.481739], [-89.139133, 48.481804], [-89.138648, 48.481853], [-89.138109, 48.481887], [-89.137516, 48.481905], [-89.13698, 48.481936], [-89.136501, 48.48198], [-89.13608, 48.482038], [-89.135716, 48.48211], [-89.135312, 48.482163], [-89.134867, 48.482199], [-89.134382, 48.482217], [-89.133856, 48.482217], [-89.133323, 48.482253], [-89.132784, 48.482324], [-89.132238, 48.482431], [-89.131685, 48.482574], [-89.131257, 48.482715], [-89.130954, 48.482853], [-89.130776, 48.482989], [-89.130722, 48.483123], [-89.130701, 48.483272], [-89.130715, 48.483437], [-89.130762, 48.483618], [-89.130843, 48.483815], [-89.130728, 48.484035], [-89.130418, 48.484281], [-89.129913, 48.484551], [-89.129212, 48.484845], [-89.128663, 48.485064], [-89.128265, 48.485207], [-89.128019, 48.485274], [-89.127925, 48.485265]], [[-89.154312, 48.47313], [-89.154322, 48.473097], [-89.154342, 48.473066], [-89.154373, 48.473037], [-89.154413, 48.47301], [-89.154427, 48.472996], [-89.154413, 48.472996], [-89.154373, 48.47301], [-89.154305, 48.473037], [-89.154261, 48.473066], [-89.154241, 48.473097], [-89.154245, 48.47313], [-89.154272, 48.473166], [-89.154292, 48.473184], [-89.154305, 48.473184], [-89.154312, 48.473166], [-89.154312, 48.47313]], [[-89.154352, 48.472827], [-89.154332, 48.472829], [-89.154319, 48.472834], [-89.154312, 48.47284], [-89.154312, 48.472849], [-89.154319, 48.472854], [-89.154332, 48.472854], [-89.154352, 48.472849], [-89.154379, 48.47284], [-89.154393, 48.472834], [-89.154393, 48.472829], [-89.154379, 48.472827], [-89.154352, 48.472827]], [[-89.154278, 48.472791], [-89.154268, 48.472793], [-89.154261, 48.472798], [-89.154258, 48.472805], [-89.154258, 48.472813], [-89.154261, 48.472818], [-89.154268, 48.472818], [-89.154278, 48.472813], [-89.154292, 48.472805], [-89.154299, 48.472798], [-89.154299, 48.472793], [-89.154292, 48.472791], [-89.154278, 48.472791]], [[-89.154386, 48.472613], [-89.154376, 48.472615], [-89.154369, 48.472619], [-89.154366, 48.472626], [-89.154366, 48.472635], [-89.154369, 48.472639], [-89.154376, 48.472639], [-89.154386, 48.472635], [-89.1544, 48.472626], [-89.154406, 48.472619], [-89.154406, 48.472615], [-89.1544, 48.472613], [-89.154386, 48.472613]]]}}, {"type": "Feature", "properties": {"lead": 24, "temp": "sp:steelhead:s3"}, "geometry": {"type": "Polygon", "coordinates": [[[-89.168439, 48.455207], [-89.168439, 48.455198], [-89.168483, 48.455191], [-89.168571, 48.455187], [-89.168702, 48.455184], [-89.168877, 48.455184], [-89.168965, 48.455187], [-89.168965, 48.455191], [-89.168877, 48.455198], [-89.168702, 48.455207], [-89.168571, 48.455211], [-89.168483, 48.455211], [-89.168439, 48.455207]]]}}, {"type": "Feature", "properties": {"lead": 24, "temp": "sp:steelhead:s3"}, "geometry": {"type": "Polygon", "coordinates": [[[-89.165204, 48.455457], [-89.165207, 48.455356], [-89.165214, 48.455289], [-89.165224, 48.455256], [-89.165238, 48.455256], [-89.165244, 48.455289], [-89.165244, 48.455356], [-89.165238, 48.455457], [-89.165224, 48.455591], [-89.165214, 48.455658], [-89.165207, 48.455658], [-89.165204, 48.455591], [-89.165204, 48.455457]]]}}, {"type": "Feature", "properties": {"lead": 24, "temp": "sp:steelhead:s3"}, "geometry": {"type": "Polygon", "coordinates": [[[-89.165541, 48.455394], [-89.165561, 48.455338], [-89.165575, 48.455343], [-89.165581, 48.455408], [-89.165581, 48.455533], [-89.165575, 48.455624], [-89.165561, 48.455682], [-89.165541, 48.455707], [-89.165514, 48.455698], [-89.165501, 48.455662], [-89.165501, 48.4556], [-89.165514, 48.45551], [-89.165541, 48.455394]]]}}, {"type": "Feature", "properties": {"lead": 24, "temp": "sp:steelhead:s3"}, "geometry": {"type": "Polygon", "coordinates": [[[-89.166228, 48.456051], [-89.166228, 48.456033], [-89.166252, 48.456019], [-89.166299, 48.45601], [-89.16637, 48.456006], [-89.166464, 48.456006], [-89.166512, 48.45601], [-89.166512, 48.456019], [-89.166464, 48.456033], [-89.16637, 48.456051], [-89.166299, 48.45606], [-89.166252, 48.45606], [-89.166228, 48.456051]]]}}, {"type": "Feature", "properties": {"lead": 24, "temp": "sp:steelhead:s3"}, "geometry": {"type": "Polygon", "coordinates": [[[-89.165042, 48.456229], [-89.165046, 48.4562], [-89.165052, 48.456196], [-89.165062, 48.456216], [-89.165076, 48.45626], [-89.165083, 48.456296], [-89.165083, 48.456323], [-89.165076, 48.456341], [-89.165062, 48.45635], [-89.165052, 48.456343], [-89.165046, 48.456321], [-89.165042, 48.456283], [-89.165042, 48.456229]]]}}, {"type": "Feature", "properties": {"lead": 24, "temp": "sp:steelhead:s3"}, "geometry": {"type": "Polygon", "coordinates": [[[-89.165743, 48.456555], [-89.165774, 48.456542], [-89.165834, 48.456524], [-89.165925, 48.456502], [-89.166046, 48.456475], [-89.166107, 48.456464], [-89.166107, 48.456468], [-89.166046, 48.456488], [-89.165925, 48.456524], [-89.165834, 48.456548], [-89.165774, 48.456562], [-89.165743, 48.456564], [-89.165743, 48.456555]]]}}, {"type": "Feature", "properties": {"lead": 24, "temp": "sp:steelhead:s3"}, "geometry": {"type": "Polygon", "coordinates": [[[-89.16637, 48.456729], [-89.166357, 48.456711], [-89.166363, 48.456698], [-89.16639, 48.456689], [-89.166437, 48.456685], [-89.166505, 48.456685], [-89.166542, 48.456689], [-89.166549, 48.456698], [-89.166525, 48.456711], [-89.166471, 48.456729], [-89.166427, 48.456738], [-89.166394, 48.456738], [-89.16637, 48.456729]]]}}, {"type": "Feature", "properties": {"lead": 24, "temp": "sp:steelhead:s3"}, "geometry": {"type": "Polygon", "coordinates": [[[-89.164941, 48.455993], [-89.164931, 48.455946], [-89.164951, 48.455914], [-89.165002, 48.455899], [-89.165083, 48.455899], [-89.165126, 48.455901], [-89.165133, 48.455906], [-89.165103, 48.455912], [-89.165035, 48.455921], [-89.164992, 48.455941], [-89.164971, 48.455972], [-89.164975, 48.456015], [-89.165002, 48.456068], [-89.165012, 48.456093], [-89.165005, 48.456089], [-89.164982, 48.456055], [-89.164941, 48.455993]]]}}, {"type": "Feature", "properties": {"lead": 24, "temp": "sp:steelhead:s3"}, "geometry": {"type": "Polygon", "coordinates": [[[-89.155067, 48.471439], [-89.15508, 48.471419], [-89.155107, 48.471405], [-89.155148, 48.471399], [-89.155202, 48.471399], [-89.155229, 48.471405], [-89.155229, 48.471419], [-89.155202, 48.471439], [-89.155148, 48.471465], [-89.155107, 48.471479], [-89.15508, 48.471479], [-89.155067, 48.471465], [-89.155067, 48.471439]]]}}, {"type": "Feature", "properties": {"lead": 24, "temp": "sp:steelhead:s3"}, "geometry": {"type": "Polygon", "coordinates": [[[-89.155444, 48.471894], [-89.155448, 48.471869], [-89.155454, 48.471865], [-89.155465, 48.471881], [-89.155478, 48.471916], [-89.155485, 48.471945], [-89.155485, 48.471968], [-89.155478, 48.471983], [-89.155465, 48.471992], [-89.155454, 48.471988], [-89.155448, 48.47197], [-89.155444, 48.471939], [-89.155444, 48.471894]]]}}, {"type": "Feature", "properties": {"lead": 24, "temp": "sp:steelhead:s3"}, "geometry": {"type": "Polygon", "coordinates": [[[-89.154932, 48.472505], [-89.154892, 48.472488], [-89.154865, 48.472452], [-89.154851, 48.472398], [-89.154851, 48.472327], [-89.154834, 48.47228], [-89.154801, 48.472258], [-89.15475, 48.47226], [-89.154683, 48.472287], [-89.154632, 48.472298], [-89.154598, 48.472293], [-89.154582, 48.472273], [-89.154582, 48.472238], [-89.154602, 48.472211], [-89.154642, 48.472193], [-89.154703, 48.472184], [-89.154784, 48.472184], [-89.154855, 48.472204], [-89.154915, 48.472244], [-89.154966, 48.472305], [-89.155006, 48.472385], [-89.155023, 48.472445], [-89.155016, 48.472485], [-89.154986, 48.472505], [-89.154932, 48.472505]]]}}, {"type": "Feature", "properties": {"lead": 24, "temp": "sp:steelhead:s3"}, "geometry": {"type": "Polygon", "coordinates": [[[-89.156246, 48.473112], [-89.156196, 48.473097], [-89.156162, 48.473066], [-89.156145, 48.473019], [-89.156145, 48.472956], [-89.156149, 48.472923], [-89.156155, 48.472918], [-89.156166, 48.472943], [-89.156179, 48.472996], [-89.156203, 48.473039], [-89.156236, 48.47307], [-89.15628, 48.47309], [-89.156334, 48.473099], [-89.156358, 48.473106], [-89.156351, 48.47311], [-89.156314, 48.473112], [-89.156246, 48.473112]]]}}, {"type": "Feature", "properties": {"lead": 24, "temp": "sp:steelhead:s3"}, "geometry": {"type": "Polygon", "coordinates": [[[-89.154245, 48.47313], [-89.154241, 48.473097], [-89.154261, 48.473066], [-89.154305, 48.473037], [-89.154373, 48.47301], [-89.154413, 48.472996], [-89.154427, 48.472996], [-89.154413, 48.47301], [-89.154373, 48.473037], [-89.154342, 48.473066], [-89.154322, 48.473097], [-89.154312, 48.47313], [-89.154312, 48.473166], [-89.154305, 48.473184], [-89.154292, 48.473184], [-89.154272, 48.473166], [-89.154245, 48.47313]]]}}, {"type": "Feature", "properties": {"lead": 48, "temp": "sp:lake_trout:s1"}, "geometry": {"type": "Polygon", "coordinates": [[[-89.15657, 48.470881], [-89.156503, 48.470881], [-89.156469, 48.470854], [-89.156469, 48.4708], [-89.156492, 48.470749], [-89.15654, 48.4707], [-89.15661, 48.470653], [-89.156705, 48.470608], [-89.156786, 48.470586], [-89.156853, 48.470586], [-89.156907, 48.470608], [-89.156947, 48.470653], [-89.156944, 48.4707], [-89.156897, 48.470749], [-89.156806, 48.4708], [-89.156671, 48.470854], [-89.15657, 48.470881]]]}}, {"type": "Feature", "properties": {"lead": 48, "temp": "sp:lake_trout:s1"}, "geometry": {"type": "Polygon", "coordinates": [[[-89.154844, 48.472064], [-89.154784, 48.472077], [-89.154703, 48.472077], [-89.154649, 48.472064], [-89.154622, 48.472037], [-89.154622, 48.471997], [-89.154649, 48.471943], [-89.154683, 48.471903], [-89.154723, 48.471876], [-89.15477, 48.471863], [-89.154824, 48.471863], [-89.154865, 48.471876], [-89.154892, 48.471903], [-89.154905, 48.471943], [-89.154905, 48.471997], [-89.154885, 48.472037], [-89.154844, 48.472064]]]}}, {"type": "Feature", "properties": {"lead": 48, "temp": "sp:lake_trout:s1"}, "geometry": {"type": "Polygon", "coordinates": [[[-89.154915, 48.472407], [-89.154905, 48.472394], [-89.154905, 48.472367], [-89.154915, 48.472347], [-89.154935, 48.472334], [-89.154966, 48.472327], [-89.155006, 48.472327], [-89.155026, 48.472334], [-89.155026, 48.472347], [-89.155006, 48.472367], [-89.154966, 48.472394], [-89.154935, 48.472407], [-89.154915, 48.472407]]]}}, {"type": "Feature", "properties": {"lead": 48, "temp": "sp:lake_trout:s3"}, "geometry": {"type": "Polygon", "coordinates": [[[-89.155545, 48.472273], [-89.155613, 48.472238], [-89.155647, 48.472211], [-89.155647, 48.472193], [-89.155613, 48.472184], [-89.155545, 48.472184], [-89.155495, 48.472193], [-89.155461, 48.472211], [-89.155444, 48.472238], [-89.155444, 48.472273], [-89.155461, 48.472291], [-89.155495, 48.472291], [-89.155545, 48.472273]]]}}, {"type": "Feature", "properties": {"lead": 48, "temp": "sp:brook_trout:s1"}, "geometry": {"type": "Polygon", "coordinates": [[[-89.168655, 48.455631], [-89.168571, 48.455582], [-89.16851, 48.455519], [-89.168473, 48.455443], [-89.168459, 48.455354], [-89.1685, 48.455292], [-89.168594, 48.455256], [-89.168743, 48.455247], [-89.168945, 48.455265], [-89.169096, 48.455296], [-89.169197, 48.455341], [-89.169248, 48.455399], [-89.169248, 48.45547], [-89.169228, 48.455533], [-89.169187, 48.455586], [-89.169127, 48.455631], [-89.169046, 48.455667], [-89.168958, 48.455685], [-89.168864, 48.455685], [-89.168763, 48.455667], [-89.168655, 48.455631]]]}}, {"type": "Feature", "properties": {"lead": 48, "temp": "sp:brook_trout:s1"}, "geometry": {"type": "Polygon", "coordinates": [[[-89.165581, 48.455551], [-89.165592, 48.45551], [-89.165612, 48.455484], [-89.165642, 48.45547], [-89.165683, 48.45547], [-89.165703, 48.455484], [-89.165703, 48.45551], [-89.165683, 48.455551], [-89.165642, 48.455604], [-89.165612, 48.455631], [-89.165592, 48.455631], [-89.165581, 48.455604], [-89.165581, 48.455551]]]}}, {"type": "Feature", "properties": {"lead": 48, "temp": "sp:brook_trout:s1"}, "geometry": {"type": "Polygon", "coordinates": [[[-89.166127, 48.455899], [-89.165935, 48.455856], [-89.165807, 48.455772], [-89.165743, 48.455644], [-89.165743, 48.455475], [-89.165817, 48.455363], [-89.165966, 48.455309], [-89.166188, 48.455314], [-89.166485, 48.455376], [-89.166707, 48.455437], [-89.166855, 48.455495], [-89.166929, 48.455551], [-89.166929, 48.455604], [-89.166909, 48.455644], [-89.166869, 48.455671], [-89.166808, 48.455685], [-89.166727, 48.455685], [-89.166677, 48.455698], [-89.166656, 48.455725], [-89.166667, 48.455765], [-89.166707, 48.455818], [-89.166673, 48.455859], [-89.166565, 48.455885], [-89.166384, 48.455899], [-89.166127, 48.455899]]]}}, {"type": "Feature", "properties": {"lead": 48, "temp": "sp:brook_trout:s1"}, "geometry": {"type": "Polygon", "coordinates": [[[-89.165052, 48.455812], [-89.165073, 48.455798], [-89.165103, 48.455792], [-89.165143, 48.455792], [-89.165164, 48.455798], [-89.165164, 48.455812], [-89.165143, 48.455832], [-89.165103, 48.455859], [-89.165073, 48.455872], [-89.165052, 48.455872], [-89.165042, 48.455859], [-89.165042, 48.455832], [-89.165052, 48.455812]]]}}, {"type": "Feature", "properties": {"lead": 48, "temp": "sp:brook_trout:s1"}, "geometry": {"type": "Polygon", "coordinates": [[[-89.16694, 48.455839], [-89.16696, 48.455807], [-89.16699, 48.455792], [-89.167031, 48.455792], [-89.167051, 48.455807], [-89.167051, 48.455839], [-89.167031, 48.455885], [-89.16699, 48.455948], [-89.16696, 48.455979], [-89.16694, 48.455979], [-89.166929, 48.455948], [-89.166929, 48.455885], [-89.16694, 48.455839]]]}}, {"type": "Feature", "properties": {"lead": 48, "temp": "sp:brook_trout:s1"}, "geometry": {"type": "Polygon", "coordinates": [[[-89.16488, 48.456189], [-89.164891, 48.456169], [-89.164911, 48.456156], [-89.164941, 48.456149], [-89.164982, 48.456149], [-89.165002, 48.456156], [-89.165002, 48.456169], [-89.164982, 48.456189], [-89.164941, 48.456216], [-89.164911, 48.456229], [-89.164891, 48.456229], [-89.16488, 48.456216], [-89.16488, 48.456189]]]}}, {"type": "Feature", "properties": {"lead": 48, "temp": "sp:brook_trout:s1"}, "geometry": {"type": "Polygon", "coordinates": [[[-89.165265, 48.456381], [-89.165258, 48.456345], [-89.165285, 48.45631], [-89.165346, 48.456274], [-89.16544, 48.456238], [-89.165497, 48.456218], [-89.165517, 48.456214], [-89.165501, 48.456225], [-89.165447, 48.456252], [-89.165406, 48.456283], [-89.165379, 48.456319], [-89.165366, 48.456359], [-89.165366, 48.456403], [-89.165356, 48.456428], [-89.165335, 48.456432], [-89.165305, 48.456417], [-89.165265, 48.456381]]]}}, {"type": "Feature", "properties": {"lead": 48, "temp": "sp:brook_trout:s1"}, "geometry": {"type": "Polygon", "coordinates": [[[-89.165581, 48.456511], [-89.165592, 48.45649], [-89.165612, 48.456477], [-89.165642, 48.45647], [-89.165683, 48.45647], [-89.165703, 48.456477], [-89.165703, 48.45649], [-89.165683, 48.456511], [-89.165642, 48.456537], [-89.165612, 48.456551], [-89.165592, 48.456551], [-89.165581, 48.456537], [-89.165581, 48.456511]]]}}, {"type": "Feature", "properties": {"lead": 48, "temp": "sp:brook_trout:s1"}, "geometry": {"type": "Polygon", "coordinates": [[[-89.165915, 48.456604], [-89.165935, 48.456586], [-89.165966, 48.456577], [-89.166006, 48.456577], [-89.166026, 48.456586], [-89.166026, 48.456604], [-89.166006, 48.456631], [-89.165966, 48.456667], [-89.165935, 48.456685], [-89.165915, 48.456685], [-89.165905, 48.456667], [-89.165905, 48.456631], [-89.165915, 48.456604]]]}}, {"type": "Feature", "properties": {"lead": 48, "temp": "sp:brook_trout:s1"}, "geometry": {"type": "Polygon", "coordinates": [[[-89.166228, 48.457142], [-89.166121, 48.457022], [-89.166067, 48.456921], [-89.166067, 48.456841], [-89.166111, 48.456794], [-89.166198, 48.456781], [-89.16633, 48.456801], [-89.166505, 48.456854], [-89.166646, 48.456941], [-89.166754, 48.457062], [-89.166828, 48.457216], [-89.166869, 48.457403], [-89.166845, 48.457504], [-89.166758, 48.457517], [-89.166606, 48.457444], [-89.16639, 48.457283], [-89.166228, 48.457142]]]}}, {"type": "Feature", "properties": {"lead": 48, "temp": "sp:brook_trout:s1"}, "geometry": {"type": "Polygon", "coordinates": [[[-89.156206, 48.471157], [-89.156216, 48.471117], [-89.156277, 48.471091], [-89.156388, 48.471077], [-89.15655, 48.471077], [-89.156695, 48.471062], [-89.156823, 48.47103], [-89.156934, 48.470983], [-89.157028, 48.470921], [-89.157109, 48.47089], [-89.157177, 48.47089], [-89.15723, 48.470921], [-89.157271, 48.470983], [-89.157237, 48.471044], [-89.157129, 48.471102], [-89.156947, 48.471157], [-89.156691, 48.471211], [-89.156489, 48.471238], [-89.156341, 48.471238], [-89.156246, 48.471211], [-89.156206, 48.471157]]]}}, {"type": "Feature", "properties": {"lead": 48, "temp": "sp:brook_trout:s1"}, "geometry": {"type": "Polygon", "coordinates": [[[-89.155505, 48.471157], [-89.155505, 48.471117], [-89.155545, 48.471091], [-89.155626, 48.471077], [-89.155748, 48.471077], [-89.155839, 48.471086], [-89.155899, 48.471104], [-89.15593, 48.471131], [-89.15593, 48.471166], [-89.155909, 48.471198], [-89.155869, 48.471224], [-89.155808, 48.471247], [-89.155727, 48.471265], [-89.155657, 48.471265], [-89.155596, 48.471247], [-89.155545, 48.471211], [-89.155505, 48.471157]]]}}, {"type": "Feature", "properties": {"lead": 48, "temp": "sp:brook_trout:s1"}, "geometry": {"type": "Polygon", "coordinates": [[[-89.155067, 48.471332], [-89.15508, 48.471311], [-89.155107, 48.471298], [-89.155148, 48.471291], [-89.155202, 48.471291], [-89.155229, 48.471298], [-89.155229, 48.471311], [-89.155202, 48.471332], [-89.155148, 48.471358], [-89.155107, 48.471372], [-89.15508, 48.471372], [-89.155067, 48.471358], [-89.155067, 48.471332]]]}}, {"type": "Feature", "properties": {"lead": 48, "temp": "sp:brook_trout:s1"}, "geometry": {"type": "Polygon", "coordinates": [[[-89.155299, 48.471776], [-89.155333, 48.471762], [-89.155384, 48.471756], [-89.155451, 48.471756], [-89.155485, 48.471762], [-89.155485, 48.471776], [-89.155451, 48.471796], [-89.155384, 48.471823], [-89.155333, 48.471836], [-89.155299, 48.471836], [-89.155283, 48.471823], [-89.155283, 48.471796], [-89.155299, 48.471776]]]}}, {"type": "Feature", "properties": {"lead": 48, "temp": "sp:brook_trout:s1"}, "geometry": {"type": "Polygon", "coordinates": [[[-89.154753, 48.472097], [-89.154774, 48.472084], [-89.154804, 48.472077], [-89.154844, 48.472077], [-89.154865, 48.472084], [-89.154865, 48.472097], [-89.154844, 48.472117], [-89.154804, 48.472144], [-89.154774, 48.472157], [-89.154753, 48.472157], [-89.154743, 48.472144], [-89.154743, 48.472117], [-89.154753, 48.472097]]]}}, {"type": "Feature", "properties": {"lead": 48, "temp": "sp:brook_trout:s1"}, "geometry": {"type": "Polygon", "coordinates": [[[-89.155067, 48.472581], [-89.15508, 48.472561], [-89.155107, 48.472548], [-89.155148, 48.472541], [-89.155202, 48.472541], [-89.155229, 48.472548], [-89.155229, 48.472561], [-89.155202, 48.472581], [-89.155148, 48.472608], [-89.155107, 48.472622], [-89.15508, 48.472622], [-89.155067, 48.472608], [-89.155067, 48.472581]]]}}, {"type": "Feature", "properties": {"lead": 48, "temp": "sp:brook_trout:s1"}, "geometry": {"type": "Polygon", "coordinates": [[[-89.153618, 48.47297], [-89.153651, 48.472827], [-89.153759, 48.472684], [-89.153941, 48.472541], [-89.154197, 48.472398], [-89.154393, 48.472307], [-89.154528, 48.472267], [-89.154602, 48.472278], [-89.154615, 48.47234], [-89.154602, 48.472394], [-89.154561, 48.472439], [-89.154494, 48.472474], [-89.1544, 48.472501], [-89.154342, 48.472543], [-89.154322, 48.472601], [-89.154339, 48.472675], [-89.154393, 48.472764], [-89.154406, 48.472831], [-89.154379, 48.472876], [-89.154312, 48.472898], [-89.154204, 48.472898], [-89.154103, 48.472925], [-89.154009, 48.472979], [-89.153921, 48.473059], [-89.15384, 48.473166], [-89.153769, 48.473211], [-89.153709, 48.473193], [-89.153658, 48.473112], [-89.153618, 48.47297]]]}}, {"type": "Feature", "properties": {"lead": 48, "temp": "sp:brook_trout:s1"}, "geometry": {"type": "Polygon", "coordinates": [[[-89.150551, 48.475264], [-89.150575, 48.475224], [-89.150595, 48.475197], [-89.150612, 48.475183], [-89.150625, 48.475183], [-89.150625, 48.475197], [-89.150612, 48.475224], [-89.150585, 48.475264], [-89.150544, 48.475317], [-89.150521, 48.475344], [-89.150514, 48.475344], [-89.150524, 48.475317], [-89.150551, 48.475264]]]}}, {"type": "Feature", "properties": {"lead": 48, "temp": "sp:brook_trout:s1"}, "geometry": {"type": "Polygon", "coordinates": [[[-89.132892, 48.481572], [-89.133081, 48.48155], [-89.133256, 48.481539], [-89.133418, 48.481539], [-89.133475, 48.481545], [-89.133428, 48.481559], [-89.133276, 48.481579], [-89.13302, 48.481606], [-89.132798, 48.48163], [-89.132609, 48.481652], [-89.132454, 48.481672], [-89.132333, 48.48169], [-89.132295, 48.481693], [-89.132343, 48.481679], [-89.132474, 48.48165], [-89.13269, 48.481606], [-89.132892, 48.481572]]]}}, {"type": "Feature", "properties": {"lead": 48, "temp": "sp:brook_trout:s1"}, "geometry": {"type": "Polygon", "coordinates": [[[-89.129815, 48.4824], [-89.129835, 48.482373], [-89.129852, 48.48236], [-89.129866, 48.48236], [-89.129866, 48.482373], [-89.129852, 48.4824], [-89.129825, 48.48244], [-89.129785, 48.482494], [-89.129761, 48.48252], [-89.129754, 48.48252], [-89.129765, 48.482494], [-89.129792, 48.48244], [-89.129815, 48.4824]]]}}, {"type": "Feature", "properties": {"lead": 48, "temp": "sp:brook_trout:s2"}, "geometry": {"type": "Polygon", "coordinates": [[[-89.165733, 48.455655], [-89.165703, 48.455577], [-89.165676, 48.455434], [-89.165672, 48.455334], [-89.165693, 48.455276], [-89.165736, 48.45526], [-89.165804, 48.455287], [-89.165844, 48.455336], [-89.165858, 48.455408], [-89.165844, 48.455501], [-89.165804, 48.455618], [-89.165767, 48.455669], [-89.165733, 48.455655]]]}}, {"type": "Feature", "properties": {"lead": 48, "temp": "sp:brook_trout:s2"}, "geometry": {"type": "Polygon", "coordinates": [[[-89.165986, 48.457022], [-89.165784, 48.456993], [-89.165487, 48.456912], [-89.165228, 48.456825], [-89.165005, 48.456732], [-89.16482, 48.456631], [-89.164672, 48.456524], [-89.164557, 48.456408], [-89.164476, 48.456283], [-89.164429, 48.456149], [-89.164415, 48.456006], [-89.164439, 48.45587], [-89.1645, 48.45574], [-89.164597, 48.455618], [-89.164732, 48.455501], [-89.164847, 48.455414], [-89.164941, 48.455356], [-89.165015, 48.455327], [-89.165069, 48.455327], [-89.16511, 48.455356], [-89.165137, 48.455414], [-89.16515, 48.455501], [-89.16515, 48.455618], [-89.16513, 48.455711], [-89.165089, 48.455783], [-89.165029, 48.455832], [-89.164948, 48.455859], [-89.164887, 48.455901], [-89.164847, 48.455959], [-89.164827, 48.456033], [-89.164827, 48.456122], [-89.164894, 48.456211], [-89.165029, 48.456301], [-89.165231, 48.45639], [-89.165501, 48.456479], [-89.165723, 48.456577], [-89.165898, 48.456685], [-89.166026, 48.456801], [-89.166107, 48.456926], [-89.166094, 48.456999], [-89.165986, 48.457022]], [[-89.164921, 48.45633], [-89.164914, 48.456327], [-89.164901, 48.456327], [-89.164891, 48.45633], [-89.164884, 48.456334], [-89.16488, 48.456341], [-89.16488, 48.45635], [-89.164884, 48.456354], [-89.164891, 48.456354], [-89.164901, 48.45635], [-89.164914, 48.456341], [-89.164921, 48.456334], [-89.164921, 48.45633]]]}}, {"type": "Feature", "properties": {"lead": 48, "temp": "sp:brook_trout:s2"}, "geometry": {"type": "Polygon", "coordinates": [[[-89.153648, 48.472702], [-89.153699, 48.472563], [-89.153793, 48.47234], [-89.153908, 48.472151], [-89.154042, 48.471994], [-89.154197, 48.471872], [-89.154373, 48.471782], [-89.154497, 48.47168], [-89.154571, 48.471564], [-89.154595, 48.471434], [-89.154568, 48.471291], [-89.154558, 48.471175], [-89.154565, 48.471086], [-89.154588, 48.471024], [-89.154629, 48.470988], [-89.154666, 48.470983], [-89.1547, 48.47101], [-89.15473, 48.471068], [-89.154757, 48.471157], [-89.154777, 48.471193], [-89.154791, 48.471175], [-89.154797, 48.471104], [-89.154797, 48.470979], [-89.154865, 48.470861], [-89.154999, 48.470749], [-89.155202, 48.470644], [-89.155471, 48.470546], [-89.155731, 48.470479], [-89.15598, 48.470443], [-89.156219, 48.470439], [-89.156449, 48.470466], [-89.156641, 48.470506], [-89.156796, 48.470559], [-89.156914, 48.470626], [-89.156995, 48.470707], [-89.157035, 48.470783], [-89.157035, 48.470854], [-89.156995, 48.470921], [-89.156914, 48.470983], [-89.156769, 48.47103], [-89.15656, 48.471062], [-89.156287, 48.471077], [-89.15595, 48.471077], [-89.155697, 48.471088], [-89.155529, 48.471111], [-89.155444, 48.471144], [-89.155444, 48.471189], [-89.155417, 48.471222], [-89.155363, 48.471245], [-89.155283, 48.471256], [-89.155175, 48.471256], [-89.155084, 48.471305], [-89.15501, 48.471403], [-89.154952, 48.47155], [-89.154912, 48.471747], [-89.154844, 48.471919], [-89.15475, 48.472066], [-89.154629, 48.472189], [-89.15448, 48.472287], [-89.154346, 48.47236], [-89.154224, 48.472409], [-89.154117, 48.472434], [-89.154022, 48.472434], [-89.153931, 48.472463], [-89.153844, 48.472521], [-89.153759, 48.472608], [-89.153678, 48.472724], [-89.153641, 48.472755], [-89.153648, 48.472702]], [[-89.154774, 48.471724], [-89.154757, 48.47172], [-89.15473, 48.47172], [-89.154713, 48.471724], [-89.154706, 48.471733], [-89.15471, 48.471747], [-89.154723, 48.471765], [-89.154737, 48.471773], [-89.15475, 48.471773], [-89.154764, 48.471765], [-89.154777, 48.471747], [-89.15478, 48.471733], [-89.154774, 48.471724]], [[-89.15473, 48.471582], [-89.154723, 48.471577], [-89.15471, 48.471577], [-89.1547, 48.471582], [-89.154693, 48.47159], [-89.154689, 48.471604], [-89.154689, 48.471622], [-89.154693, 48.471631], [-89.1547, 48.471631], [-89.15471, 48.471622], [-89.154723, 48.471604], [-89.15473, 48.47159], [-89.15473, 48.471582]], [[-89.154946, 48.471365], [-89.154939, 48.471363], [-89.154925, 48.471363], [-89.154915, 48.471365], [-89.154908, 48.47137], [-89.154905, 48.471376], [-89.154905, 48.471385], [-89.154908, 48.47139], [-89.154915, 48.47139], [-89.154925, 48.471385], [-89.154939, 48.471376], [-89.154946, 48.47137], [-89.154946, 48.471365]], [[-89.154932, 48.47116], [-89.154919, 48.471149], [-89.154892, 48.471149], [-89.154871, 48.47116], [-89.154858, 48.471182], [-89.154851, 48.471216], [-89.154851, 48.47126], [-89.154858, 48.471282], [-89.154871, 48.471282], [-89.154892, 48.47126], [-89.154919, 48.471216], [-89.154932, 48.471182], [-89.154932, 48.47116]]]}}, {"type": "Feature", "properties": {"lead": 48, "temp": "sp:brook_trout:s2"}, "geometry": {"type": "Polygon", "coordinates": [[[-89.1557, 48.472171], [-89.15562, 48.472162], [-89.155559, 48.472148], [-89.155518, 48.472131], [-89.155498, 48.472108], [-89.155498, 48.472081], [-89.155515, 48.472059], [-89.155549, 48.472041], [-89.155599, 48.472028], [-89.155667, 48.472019], [-89.155721, 48.472023], [-89.155761, 48.472041], [-89.155788, 48.472073], [-89.155802, 48.472117], [-89.155791, 48.472148], [-89.155758, 48.472166], [-89.1557, 48.472171]]]}}, {"type": "Feature", "properties": {"lead": 48, "temp": "sp:brook_trout:s2"}, "geometry": {"type": "Polygon", "coordinates": [[[-89.155721, 48.472318], [-89.155761, 48.472264], [-89.155802, 48.472233], [-89.155842, 48.472224], [-89.155882, 48.472238], [-89.155923, 48.472273], [-89.155933, 48.472305], [-89.155913, 48.472331], [-89.155862, 48.472354], [-89.155781, 48.472372], [-89.155731, 48.472372], [-89.155711, 48.472354], [-89.155721, 48.472318]]]}}, {"type": "Feature", "properties": {"lead": 48, "temp": "sp:brook_trout:s3"}, "geometry": {"type": "Polygon", "coordinates": [[[-89.16515, 48.455618], [-89.16515, 48.455501], [-89.165153, 48.455414], [-89.16516, 48.455356], [-89.16517, 48.455327], [-89.165184, 48.455327], [-89.165191, 48.455356], [-89.165191, 48.455414], [-89.165184, 48.455501], [-89.16517, 48.455618], [-89.16516, 48.455676], [-89.165153, 48.455676], [-89.16515, 48.455618]]]}}, {"type": "Feature", "properties": {"lead": 48, "temp": "sp:brook_trout:s3"}, "geometry": {"type": "Polygon", "coordinates": [[[-89.164827, 48.456122], [-89.164827, 48.456033], [-89.16483, 48.455966], [-89.164837, 48.455921], [-89.164847, 48.455899], [-89.16486, 48.455899], [-89.164867, 48.455921], [-89.164867, 48.455966], [-89.16486, 48.456033], [-89.164847, 48.456122], [-89.164837, 48.456167], [-89.16483, 48.456167], [-89.164827, 48.456122]]]}}, {"type": "Feature", "properties": {"lead": 48, "temp": "sp:brook_trout:s3"}, "geometry": {"type": "Polygon", "coordinates": [[[-89.15471, 48.471117], [-89.154723, 48.471001], [-89.154737, 48.470914], [-89.15475, 48.470856], [-89.154764, 48.470827], [-89.154777, 48.470827], [-89.15478, 48.470856], [-89.154774, 48.470914], [-89.154757, 48.471001], [-89.15473, 48.471117], [-89.154713, 48.471175], [-89.154706, 48.471175], [-89.15471, 48.471117]]]}}, {"type": "Feature", "properties": {"lead": 48, "temp": "sp:brook_trout:s3"}, "geometry": {"type": "Polygon", "coordinates": [[[-89.154851, 48.47126], [-89.154851, 48.471216], [-89.154858, 48.471182], [-89.154871, 48.47116], [-89.154892, 48.471149], [-89.154919, 48.471149], [-89.154932, 48.47116], [-89.154932, 48.471182], [-89.154919, 48.471216], [-89.154892, 48.47126], [-89.154871, 48.471282], [-89.154858, 48.471282], [-89.154851, 48.47126]]]}}, {"type": "Feature", "properties": {"lead": 48, "temp": "sp:brook_trout:s3"}, "geometry": {"type": "Polygon", "coordinates": [[[-89.155181, 48.471613], [-89.155114, 48.471613], [-89.155064, 48.47159], [-89.15503, 48.471546], [-89.155013, 48.471479], [-89.155013, 48.47139], [-89.15504, 48.471323], [-89.155094, 48.471278], [-89.155175, 48.471256], [-89.155283, 48.471256], [-89.15534, 48.471258], [-89.155347, 48.471262], [-89.155303, 48.471269], [-89.155208, 48.471278], [-89.155151, 48.471305], [-89.155131, 48.471349], [-89.155148, 48.471412], [-89.155202, 48.471492], [-89.155225, 48.471553], [-89.155219, 48.471593], [-89.155181, 48.471613]], [[-89.155188, 48.471541], [-89.155161, 48.471541], [-89.155141, 48.471544], [-89.155128, 48.471548], [-89.155121, 48.471555], [-89.155121, 48.471564], [-89.155128, 48.471568], [-89.155141, 48.471568], [-89.155161, 48.471564], [-89.155188, 48.471555], [-89.155202, 48.471548], [-89.155202, 48.471544], [-89.155188, 48.471541]]]}}, {"type": "Feature", "properties": {"lead": 48, "temp": "sp:brook_trout:s3"}, "geometry": {"type": "Polygon", "coordinates": [[[-89.154784, 48.471997], [-89.154811, 48.471943], [-89.154834, 48.471903], [-89.154855, 48.471876], [-89.154871, 48.471863], [-89.154885, 48.471863], [-89.154885, 48.471876], [-89.154871, 48.471903], [-89.154844, 48.471943], [-89.154804, 48.471997], [-89.15478, 48.472023], [-89.154774, 48.472023], [-89.154784, 48.471997]]]}}, {"type": "Feature", "properties": {"lead": 48, "temp": "sp:brook_trout:s3"}, "geometry": {"type": "Polygon", "coordinates": [[[-89.155808, 48.472434], [-89.155727, 48.472434], [-89.155657, 48.472427], [-89.155596, 48.472414], [-89.155545, 48.472394], [-89.155505, 48.472367], [-89.155475, 48.472329], [-89.155454, 48.47228], [-89.155444, 48.47222], [-89.155444, 48.472148], [-89.155468, 48.472104], [-89.155515, 48.472086], [-89.155586, 48.472095], [-89.15568, 48.472131], [-89.155741, 48.472171], [-89.155749, 48.472185], [-89.155748, 48.472184], [-89.155734, 48.472184], [-89.155724, 48.472186], [-89.155717, 48.472191], [-89.155714, 48.472197], [-89.155714, 48.472206], [-89.155717, 48.472211], [-89.155724, 48.472211], [-89.155734, 48.472206], [-89.155748, 48.472197], [-89.155754, 48.472192], [-89.155768, 48.472215], [-89.155761, 48.472264], [-89.155721, 48.472318], [-89.155707, 48.47236], [-89.155721, 48.472392], [-89.155761, 48.472412], [-89.155829, 48.472421], [-89.155859, 48.472427], [-89.155852, 48.472432], [-89.155808, 48.472434]], [[-89.155599, 48.47222], [-89.155559, 48.47222], [-89.155529, 48.472224], [-89.155508, 48.472233], [-89.155498, 48.472247], [-89.155498, 48.472264], [-89.155508, 48.472273], [-89.155529, 48.472273], [-89.155559, 48.472264], [-89.155599, 48.472247], [-89.15562, 48.472233], [-89.15562, 48.472224], [-89.155599, 48.47222]]]}}, {"type": "Feature", "properties": {"lead": 48, "temp": "sp:brook_trout:s3"}, "geometry": {"type": "Polygon", "coordinates": [[[-89.155006, 48.472434], [-89.154966, 48.472434], [-89.154935, 48.472418], [-89.154915, 48.472387], [-89.154905, 48.47234], [-89.154905, 48.472278], [-89.154912, 48.472244], [-89.154925, 48.47224], [-89.154946, 48.472264], [-89.154973, 48.472318], [-89.154996, 48.472345], [-89.155016, 48.472345], [-89.155033, 48.472318], [-89.155047, 48.472264], [-89.155057, 48.47224], [-89.155064, 48.472244], [-89.155067, 48.472278], [-89.155067, 48.47234], [-89.155057, 48.472387], [-89.155037, 48.472418], [-89.155006, 48.472434]]]}}, {"type": "Feature", "properties": {"lead": 48, "temp": "sp:salmon:s1"}, "geometry": {"type": "Polygon", "coordinates": [[[-89.156927, 48.470709], [-89.156866, 48.47072], [-89.156772, 48.47072], [-89.156701, 48.470713], [-89.156654, 48.4707], [-89.156631, 48.47068], [-89.156631, 48.470653], [-89.156644, 48.470629], [-89.156671, 48.470606], [-89.156711, 48.470586], [-89.156765, 48.470568], [-89.156816, 48.470566], [-89.156863, 48.470579], [-89.156907, 48.470608], [-89.156947, 48.470653], [-89.156954, 48.470687], [-89.156927, 48.470709]]]}}, {"type": "Feature", "properties": {"lead": 48, "temp": "sp:salmon:s1"}, "geometry": {"type": "Polygon", "coordinates": [[[-89.154753, 48.472023], [-89.154743, 48.471997], [-89.154743, 48.471943], [-89.154753, 48.471903], [-89.154774, 48.471876], [-89.154804, 48.471863], [-89.154844, 48.471863], [-89.154865, 48.471876], [-89.154865, 48.471903], [-89.154844, 48.471943], [-89.154804, 48.471997], [-89.154774, 48.472023], [-89.154753, 48.472023]]]}}, {"type": "Feature", "properties": {"lead": 48, "temp": "sp:salmon:s1"}, "geometry": {"type": "Polygon", "coordinates": [[[-89.155525, 48.472191], [-89.155586, 48.472184], [-89.15568, 48.472184], [-89.155738, 48.472191], [-89.155758, 48.472204], [-89.155741, 48.472224], [-89.155687, 48.472251], [-89.155636, 48.472264], [-89.155589, 48.472264], [-89.155545, 48.472251], [-89.155505, 48.472224], [-89.155498, 48.472204], [-89.155525, 48.472191]]]}}, {"type": "Feature", "properties": {"lead": 48, "temp": "sp:salmon:s1"}, "geometry": {"type": "Polygon", "coordinates": [[[-89.154905, 48.472273], [-89.154905, 48.472238], [-89.154915, 48.472211], [-89.154935, 48.472193], [-89.154966, 48.472184], [-89.155006, 48.472184], [-89.155026, 48.472193], [-89.155026, 48.472211], [-89.155006, 48.472238], [-89.154966, 48.472273], [-89.154935, 48.472291], [-89.154915, 48.472291], [-89.154905, 48.472273]]]}}, {"type": "Feature", "properties": {"lead": 48, "temp": "sp:salmon:s1"}, "geometry": {"type": "Polygon", "coordinates": [[[-89.156145, 48.473157], [-89.156145, 48.473139], [-89.156162, 48.473126], [-89.156196, 48.473117], [-89.156246, 48.473112], [-89.156314, 48.473112], [-89.156347, 48.473117], [-89.156347, 48.473126], [-89.156314, 48.473139], [-89.156246, 48.473157], [-89.156196, 48.473166], [-89.156162, 48.473166], [-89.156145, 48.473157]]]}}, {"type": "Feature", "properties": {"lead": 48, "temp": "sp:salmon:s2"}, "geometry": {"type": "Polygon", "coordinates": [[[-89.167253, 48.45526], [-89.167266, 48.45524], [-89.167293, 48.455227], [-89.167334, 48.45522], [-89.167388, 48.45522], [-89.167415, 48.455227], [-89.167415, 48.45524], [-89.167388, 48.45526], [-89.167334, 48.455287], [-89.167293, 48.455301], [-89.167266, 48.455301], [-89.167253, 48.455287], [-89.167253, 48.45526]]]}}, {"type": "Feature", "properties": {"lead": 48, "temp": "sp:salmon:s2"}, "geometry": {"type": "Polygon", "coordinates": [[[-89.168689, 48.455631], [-89.168611, 48.455584], [-89.16855, 48.455526], [-89.168507, 48.455457], [-89.16848, 48.455376], [-89.16851, 48.455321], [-89.168598, 48.455289], [-89.168743, 48.455283], [-89.168945, 48.455301], [-89.169076, 48.455338], [-89.169137, 48.455397], [-89.169127, 48.455475], [-89.169046, 48.455573], [-89.168962, 48.455638], [-89.168874, 48.455669], [-89.168783, 48.455667], [-89.168689, 48.455631]]]}}, {"type": "Feature", "properties": {"lead": 48, "temp": "sp:salmon:s2"}, "geometry": {"type": "Polygon", "coordinates": [[[-89.166141, 48.455885], [-89.165817, 48.455803], [-89.165615, 48.4557], [-89.165534, 48.455577], [-89.165575, 48.455434], [-89.165696, 48.455336], [-89.165898, 48.455283], [-89.166181, 48.455274], [-89.166545, 48.455309], [-89.166818, 48.455356], [-89.167, 48.455414], [-89.167091, 48.455484], [-89.167091, 48.455564], [-89.167135, 48.455631], [-89.167223, 48.455685], [-89.167354, 48.455725], [-89.167529, 48.455751], [-89.167627, 48.455787], [-89.167647, 48.455832], [-89.16759, 48.455885], [-89.167455, 48.455948], [-89.167243, 48.455979], [-89.166953, 48.455979], [-89.166586, 48.455948], [-89.166141, 48.455885]]]}}, {"type": "Feature", "properties": {"lead": 48, "temp": "sp:salmon:s2"}, "geometry": {"type": "Polygon", "coordinates": [[[-89.165265, 48.456368], [-89.165258, 48.456339], [-89.165285, 48.456307], [-89.165346, 48.456274], [-89.16544, 48.456238], [-89.165497, 48.456218], [-89.165517, 48.456214], [-89.165501, 48.456225], [-89.165447, 48.456252], [-89.165406, 48.456281], [-89.165379, 48.456312], [-89.165366, 48.456345], [-89.165366, 48.456381], [-89.165356, 48.456401], [-89.165335, 48.456406], [-89.165305, 48.456394], [-89.165265, 48.456368]]]}}, {"type": "Feature", "properties": {"lead": 48, "temp": "sp:salmon:s2"}, "geometry": {"type": "Polygon", "coordinates": [[[-89.166552, 48.457408], [-89.166316, 48.457241], [-89.16606, 48.457102], [-89.165784, 48.456993], [-89.165487, 48.456912], [-89.165228, 48.456825], [-89.165005, 48.456732], [-89.16482, 48.456631], [-89.164672, 48.456524], [-89.16456, 48.456401], [-89.164486, 48.456263], [-89.164449, 48.456109], [-89.164449, 48.455939], [-89.16449, 48.455785], [-89.16457, 48.455647], [-89.164692, 48.455524], [-89.164854, 48.455417], [-89.164982, 48.455374], [-89.165076, 48.455397], [-89.165137, 48.455484], [-89.165164, 48.455635], [-89.16516, 48.455751], [-89.165126, 48.455832], [-89.165062, 48.455877], [-89.164968, 48.455885], [-89.164897, 48.455914], [-89.16485, 48.455964], [-89.164827, 48.456033], [-89.164827, 48.456122], [-89.164884, 48.456211], [-89.164998, 48.456301], [-89.16517, 48.45639], [-89.165399, 48.456479], [-89.165602, 48.45654], [-89.165777, 48.456571], [-89.165925, 48.456573], [-89.166046, 48.456546], [-89.166137, 48.45654], [-89.166198, 48.456553], [-89.166228, 48.456586], [-89.166228, 48.45664], [-89.166262, 48.456687], [-89.16633, 48.456727], [-89.166431, 48.456761], [-89.166565, 48.456787], [-89.166687, 48.456828], [-89.166795, 48.456881], [-89.166889, 48.456948], [-89.16697, 48.457028], [-89.167031, 48.457136], [-89.167071, 48.45727], [-89.167091, 48.45743], [-89.167091, 48.457618], [-89.167037, 48.457709], [-89.166929, 48.457705], [-89.166768, 48.457604], [-89.166552, 48.457408]], [[-89.164901, 48.456327], [-89.164891, 48.45633], [-89.164884, 48.456334], [-89.16488, 48.456341], [-89.16488, 48.45635], [-89.164884, 48.456354], [-89.164891, 48.456354], [-89.164901, 48.45635], [-89.164914, 48.456341], [-89.164921, 48.456334], [-89.164921, 48.45633], [-89.164914, 48.456327], [-89.164901, 48.456327]]]}}, {"type": "Feature", "properties": {"lead": 48, "temp": "sp:salmon:s2"}, "geometry": {"type": "Polygon", "coordinates": [[[-89.155438, 48.471756], [-89.155461, 48.47176], [-89.155468, 48.471769], [-89.155458, 48.471782], [-89.155431, 48.4718], [-89.155407, 48.471809], [-89.155387, 48.471809], [-89.15537, 48.4718], [-89.155357, 48.471782], [-89.155357, 48.471769], [-89.15537, 48.47176], [-89.155397, 48.471756], [-89.155438, 48.471756]]]}}, {"type": "Feature", "properties": {"lead": 48, "temp": "sp:salmon:s2"}, "geometry": {"type": "Polygon", "coordinates": [[[-89.153584, 48.472947], [-89.153577, 48.472735], [-89.153618, 48.472534], [-89.153705, 48.472345], [-89.15384, 48.472166], [-89.153978, 48.472017], [-89.15412, 48.471896], [-89.154265, 48.471805], [-89.154413, 48.471742], [-89.154521, 48.471653], [-89.154588, 48.471537], [-89.154615, 48.471394], [-89.154602, 48.471224], [-89.154605, 48.471117], [-89.154625, 48.471073], [-89.154662, 48.471091], [-89.154716, 48.471171], [-89.154767, 48.471193], [-89.154814, 48.471157], [-89.154858, 48.471064], [-89.154898, 48.470912], [-89.154986, 48.47078], [-89.155121, 48.470669], [-89.155303, 48.470577], [-89.155532, 48.470506], [-89.155751, 48.470454], [-89.15596, 48.470423], [-89.156159, 48.470412], [-89.156347, 48.470421], [-89.156489, 48.470446], [-89.156583, 48.470486], [-89.156631, 48.470542], [-89.156631, 48.470613], [-89.156661, 48.470669], [-89.156722, 48.470709], [-89.156813, 48.470733], [-89.156934, 48.470742], [-89.157038, 48.470776], [-89.157126, 48.470834], [-89.157197, 48.470916], [-89.157251, 48.471024], [-89.157247, 48.471117], [-89.157187, 48.471198], [-89.157069, 48.471265], [-89.156893, 48.471318], [-89.156732, 48.471336], [-89.156583, 48.471318], [-89.156449, 48.471265], [-89.156327, 48.471175], [-89.156223, 48.47112], [-89.156135, 48.471097], [-89.156064, 48.471108], [-89.15601, 48.471153], [-89.155913, 48.471189], [-89.155771, 48.471216], [-89.155586, 48.471233], [-89.155357, 48.471242], [-89.155175, 48.471305], [-89.15504, 48.471421], [-89.154952, 48.47159], [-89.154912, 48.471814], [-89.154861, 48.471983], [-89.154801, 48.472099], [-89.15473, 48.472162], [-89.154649, 48.472171], [-89.154592, 48.472193], [-89.154558, 48.472229], [-89.154548, 48.472278], [-89.154561, 48.47234], [-89.154548, 48.472401], [-89.154507, 48.472459], [-89.15444, 48.472514], [-89.154346, 48.472568], [-89.154295, 48.472628], [-89.154288, 48.472695], [-89.154325, 48.472769], [-89.154406, 48.472849], [-89.154416, 48.472943], [-89.154356, 48.47305], [-89.154224, 48.473171], [-89.154022, 48.473304], [-89.153857, 48.473349], [-89.153729, 48.473304], [-89.153638, 48.473171], [-89.153584, 48.472947]], [[-89.15473, 48.47172], [-89.154713, 48.471724], [-89.154706, 48.471733], [-89.15471, 48.471747], [-89.154723, 48.471765], [-89.154737, 48.471773], [-89.15475, 48.471773], [-89.154764, 48.471765], [-89.154777, 48.471747], [-89.15478, 48.471733], [-89.154774, 48.471724], [-89.154757, 48.47172], [-89.15473, 48.47172]], [[-89.15471, 48.471577], [-89.1547, 48.471582], [-89.154693, 48.47159], [-89.154689, 48.471604], [-89.154689, 48.471622], [-89.154693, 48.471631], [-89.1547, 48.471631], [-89.15471, 48.471622], [-89.154723, 48.471604], [-89.15473, 48.47159], [-89.15473, 48.471582], [-89.154723, 48.471577], [-89.15471, 48.471577]], [[-89.154925, 48.471363], [-89.154915, 48.471365], [-89.154908, 48.47137], [-89.154905, 48.471376], [-89.154905, 48.471385], [-89.154908, 48.47139], [-89.154915, 48.47139], [-89.154925, 48.471385], [-89.154939, 48.471376], [-89.154946, 48.47137], [-89.154946, 48.471365], [-89.154939, 48.471363], [-89.154925, 48.471363]], [[-89.154892, 48.471149], [-89.154871, 48.47116], [-89.154858, 48.471182], [-89.154851, 48.471216], [-89.154851, 48.47126], [-89.154858, 48.471282], [-89.154871, 48.471282], [-89.154892, 48.47126], [-89.154919, 48.471216], [-89.154932, 48.471182], [-89.154932, 48.47116], [-89.154919, 48.471149], [-89.154892, 48.471149]], [[-89.155465, 48.471184], [-89.155454, 48.471187], [-89.155448, 48.471191], [-89.155444, 48.471198], [-89.155444, 48.471207], [-89.155448, 48.471211], [-89.155454, 48.471211], [-89.155465, 48.471207], [-89.155478, 48.471198], [-89.155485, 48.471191], [-89.155485, 48.471187], [-89.155478, 48.471184], [-89.155465, 48.471184]]]}}, {"type": "Feature", "properties": {"lead": 48, "temp": "sp:salmon:s2"}, "geometry": {"type": "Polygon", "coordinates": [[[-89.15562, 48.472162], [-89.155559, 48.472148], [-89.155518, 48.472131], [-89.155498, 48.472108], [-89.155498, 48.472081], [-89.155515, 48.472059], [-89.155549, 48.472041], [-89.155599, 48.472028], [-89.155667, 48.472019], [-89.155721, 48.472023], [-89.155761, 48.472041], [-89.155788, 48.472073], [-89.155802, 48.472117], [-89.155791, 48.472148], [-89.155758, 48.472166], [-89.1557, 48.472171], [-89.15562, 48.472162]]]}}, {"type": "Feature", "properties": {"lead": 48, "temp": "sp:salmon:s2"}, "geometry": {"type": "Polygon", "coordinates": [[[-89.155761, 48.472264], [-89.155802, 48.472233], [-89.155842, 48.472224], [-89.155882, 48.472238], [-89.155923, 48.472273], [-89.155933, 48.472305], [-89.155913, 48.472331], [-89.155862, 48.472354], [-89.155781, 48.472372], [-89.155731, 48.472372], [-89.155711, 48.472354], [-89.155721, 48.472318], [-89.155761, 48.472264]]]}}, {"type": "Feature", "properties": {"lead": 48, "temp": "sp:salmon:s2"}, "geometry": {"type": "Polygon", "coordinates": [[[-89.151791, 48.474447], [-89.151774, 48.47442], [-89.151822, 48.474376], [-89.151933, 48.474313], [-89.152108, 48.474233], [-89.15227, 48.474168], [-89.152418, 48.474119], [-89.152553, 48.474085], [-89.152674, 48.474068], [-89.152765, 48.474061], [-89.152826, 48.474065], [-89.152856, 48.474081], [-89.152856, 48.474108], [-89.152836, 48.474128], [-89.152795, 48.474141], [-89.152735, 48.474148], [-89.152654, 48.474148], [-89.152593, 48.474155], [-89.152553, 48.474168], [-89.152533, 48.474188], [-89.152533, 48.474215], [-89.152509, 48.474235], [-89.152462, 48.474248], [-89.152391, 48.474255], [-89.152297, 48.474255], [-89.152216, 48.474268], [-89.152148, 48.474295], [-89.152094, 48.474335], [-89.152054, 48.474389], [-89.152004, 48.474427], [-89.151943, 48.474449], [-89.151872, 48.474456], [-89.151791, 48.474447]]]}}, {"type": "Feature", "properties": {"lead": 48, "temp": "sp:salmon:s2"}, "geometry": {"type": "Polygon", "coordinates": [[[-89.150477, 48.475393], [-89.150484, 48.475324], [-89.150564, 48.47523], [-89.15072, 48.475112], [-89.150949, 48.474969], [-89.151121, 48.474873], [-89.151235, 48.474824], [-89.151292, 48.474822], [-89.151292, 48.474867], [-89.151252, 48.474936], [-89.151171, 48.475029], [-89.15105, 48.475148], [-89.150888, 48.475291], [-89.15075, 48.475387], [-89.150635, 48.475436], [-89.150544, 48.475438], [-89.150477, 48.475393]]]}}, {"type": "Feature", "properties": {"lead": 48, "temp": "sp:salmon:s2"}, "geometry": {"type": "Polygon", "coordinates": [[[-89.144822, 48.478089], [-89.144842, 48.47808], [-89.144883, 48.478071], [-89.144943, 48.478062], [-89.145024, 48.478053], [-89.145065, 48.478051], [-89.145065, 48.478055], [-89.145024, 48.478067], [-89.144943, 48.478084], [-89.144883, 48.478096], [-89.144842, 48.4781], [-89.144822, 48.478098], [-89.144822, 48.478089]]]}}, {"type": "Feature", "properties": {"lead": 48, "temp": "sp:salmon:s2"}, "geometry": {"type": "Polygon", "coordinates": [[[-89.144404, 48.478339], [-89.144377, 48.478319], [-89.144404, 48.478287], [-89.144485, 48.478245], [-89.14462, 48.478192], [-89.144707, 48.478158], [-89.144748, 48.478145], [-89.144741, 48.478151], [-89.144687, 48.478178], [-89.144647, 48.478207], [-89.14462, 48.478238], [-89.144606, 48.478272], [-89.144606, 48.478308], [-89.144586, 48.478332], [-89.144546, 48.478346], [-89.144485, 48.478348], [-89.144404, 48.478339]]]}}, {"type": "Feature", "properties": {"lead": 48, "temp": "sp:salmon:s2"}, "geometry": {"type": "Polygon", "coordinates": [[[-89.143258, 48.478575], [-89.143501, 48.478528], [-89.143663, 48.478506], [-89.143744, 48.478508], [-89.143744, 48.478535], [-89.143723, 48.478555], [-89.143683, 48.478569], [-89.143622, 48.478575], [-89.143541, 48.478575], [-89.143481, 48.478582], [-89.14344, 48.478595], [-89.14342, 48.478616], [-89.14342, 48.478642], [-89.14339, 48.478662], [-89.143329, 48.478676], [-89.143238, 48.478682], [-89.143117, 48.478682], [-89.142995, 48.478687], [-89.142874, 48.478696], [-89.142753, 48.478709], [-89.142631, 48.478727], [-89.142621, 48.478723], [-89.142722, 48.478696], [-89.142935, 48.478647], [-89.143258, 48.478575]]]}}, {"type": "Feature", "properties": {"lead": 48, "temp": "sp:salmon:s2"}, "geometry": {"type": "Polygon", "coordinates": [[[-89.141634, 48.479075], [-89.141708, 48.47901], [-89.141816, 48.478952], [-89.141957, 48.478901], [-89.142133, 48.478857], [-89.142244, 48.478845], [-89.142291, 48.478868], [-89.142274, 48.478923], [-89.142193, 48.479013], [-89.142099, 48.479086], [-89.141991, 48.479144], [-89.14187, 48.479187], [-89.141735, 48.479214], [-89.141644, 48.479216], [-89.141597, 48.479193], [-89.141593, 48.479147], [-89.141634, 48.479075]]]}}, {"type": "Feature", "properties": {"lead": 48, "temp": "sp:salmon:s2"}, "geometry": {"type": "Polygon", "coordinates": [[[-89.132784, 48.481621], [-89.133189, 48.481572], [-89.133579, 48.481552], [-89.133957, 48.481561], [-89.134206, 48.481579], [-89.134328, 48.481606], [-89.134321, 48.481641], [-89.134186, 48.481686], [-89.133987, 48.481719], [-89.133724, 48.481742], [-89.133397, 48.481753], [-89.133007, 48.481753], [-89.132643, 48.481766], [-89.132306, 48.481793], [-89.131996, 48.481833], [-89.131712, 48.481887], [-89.131608, 48.4819], [-89.131682, 48.481873], [-89.131935, 48.481806], [-89.132366, 48.481699], [-89.132784, 48.481621]]]}}, {"type": "Feature", "properties": {"lead": 48, "temp": "sp:salmon:s2"}, "geometry": {"type": "Polygon", "coordinates": [[[-89.129781, 48.482511], [-89.129815, 48.48244], [-89.129886, 48.482355], [-89.129994, 48.482257], [-89.130122, 48.482177], [-89.13027, 48.482114], [-89.130439, 48.48207], [-89.130627, 48.482043], [-89.130715, 48.482043], [-89.130701, 48.48207], [-89.130587, 48.482123], [-89.130371, 48.482204], [-89.130199, 48.482286], [-89.130071, 48.482371], [-89.129987, 48.482458], [-89.129947, 48.482547], [-89.129906, 48.482603], [-89.129866, 48.482625], [-89.129825, 48.482614], [-89.129785, 48.482569], [-89.129781, 48.482511]]]}}, {"type": "Feature", "properties": {"lead": 48, "temp": "sp:salmon:s3"}, "geometry": {"type": "Polygon", "coordinates": [[[-89.168439, 48.455242], [-89.168439, 48.455234], [-89.168483, 48.455227], [-89.168571, 48.455222], [-89.168702, 48.45522], [-89.168877, 48.45522], [-89.168965, 48.455222], [-89.168965, 48.455227], [-89.168877, 48.455234], [-89.168702, 48.455242], [-89.168571, 48.455247], [-89.168483, 48.455247], [-89.168439, 48.455242]]]}}, {"type": "Feature", "properties": {"lead": 48, "temp": "sp:salmon:s3"}, "geometry": {"type": "Polygon", "coordinates": [[[-89.165581, 48.455394], [-89.165585, 48.455307], [-89.165592, 48.455249], [-89.165602, 48.45522], [-89.165615, 48.45522], [-89.165622, 48.455249], [-89.165622, 48.455307], [-89.165615, 48.455394], [-89.165602, 48.45551], [-89.165592, 48.455568], [-89.165585, 48.455568], [-89.165581, 48.45551], [-89.165581, 48.455394]]]}}, {"type": "Feature", "properties": {"lead": 48, "temp": "sp:salmon:s3"}, "geometry": {"type": "Polygon", "coordinates": [[[-89.16515, 48.45547], [-89.165153, 48.455363], [-89.16516, 48.455292], [-89.16517, 48.455256], [-89.165184, 48.455256], [-89.165191, 48.455292], [-89.165191, 48.455363], [-89.165184, 48.45547], [-89.16517, 48.455613], [-89.16516, 48.455685], [-89.165153, 48.455685], [-89.16515, 48.455613], [-89.16515, 48.45547]]]}}, {"type": "Feature", "properties": {"lead": 48, "temp": "sp:salmon:s3"}, "geometry": {"type": "Polygon", "coordinates": [[[-89.164961, 48.456323], [-89.164907, 48.456296], [-89.164867, 48.456254], [-89.16484, 48.456196], [-89.164827, 48.456122], [-89.164827, 48.456033], [-89.16484, 48.455981], [-89.164867, 48.455968], [-89.164907, 48.455993], [-89.164961, 48.456055], [-89.165002, 48.456115], [-89.165029, 48.456173], [-89.165042, 48.456229], [-89.165042, 48.456283], [-89.165029, 48.456316], [-89.165002, 48.45633], [-89.164961, 48.456323]]]}}, {"type": "Feature", "properties": {"lead": 48, "temp": "sp:salmon:s3"}, "geometry": {"type": "Polygon", "coordinates": [[[-89.165406, 48.456506], [-89.165295, 48.456497], [-89.165207, 48.456479], [-89.165143, 48.456452], [-89.165103, 48.456417], [-89.165086, 48.45639], [-89.165093, 48.456372], [-89.165123, 48.456363], [-89.165177, 48.456363], [-89.165248, 48.456372], [-89.165335, 48.45639], [-89.16544, 48.456417], [-89.165561, 48.456452], [-89.165619, 48.456479], [-89.165612, 48.456497], [-89.165541, 48.456506], [-89.165406, 48.456506]]]}}, {"type": "Feature", "properties": {"lead": 48, "temp": "sp:salmon:s3"}, "geometry": {"type": "Polygon", "coordinates": [[[-89.155566, 48.472184], [-89.155505, 48.472175], [-89.155465, 48.472157], [-89.155444, 48.472131], [-89.155444, 48.472095], [-89.155448, 48.472075], [-89.155454, 48.47207], [-89.155465, 48.472081], [-89.155478, 48.472108], [-89.155505, 48.472131], [-89.155545, 48.472148], [-89.155599, 48.472162], [-89.155667, 48.472171], [-89.155697, 48.472177], [-89.15569, 48.472182], [-89.155647, 48.472184], [-89.155566, 48.472184]]]}}, {"type": "Feature", "properties": {"lead": 48, "temp": "sp:salmon:s3"}, "geometry": {"type": "Polygon", "coordinates": [[[-89.155808, 48.472434], [-89.155727, 48.472434], [-89.155667, 48.472425], [-89.155626, 48.472407], [-89.155606, 48.47238], [-89.155606, 48.472345], [-89.155609, 48.472325], [-89.155616, 48.47232], [-89.155626, 48.472331], [-89.15564, 48.472358], [-89.155667, 48.47238], [-89.155707, 48.472398], [-89.155761, 48.472412], [-89.155829, 48.472421], [-89.155859, 48.472427], [-89.155852, 48.472432], [-89.155808, 48.472434]]]}}, {"type": "Feature", "properties": {"lead": 48, "temp": "sp:salmon:s3"}, "geometry": {"type": "Polygon", "coordinates": [[[-89.154723, 48.471001], [-89.154737, 48.470914], [-89.15475, 48.470856], [-89.154764, 48.470827], [-89.154777, 48.470827], [-89.15478, 48.470856], [-89.154774, 48.470914], [-89.154757, 48.471001], [-89.15473, 48.471117], [-89.154713, 48.471175], [-89.154706, 48.471175], [-89.15471, 48.471117], [-89.154723, 48.471001]]]}}, {"type": "Feature", "properties": {"lead": 48, "temp": "sp:salmon:s3"}, "geometry": {"type": "Polygon", "coordinates": [[[-89.154851, 48.471216], [-89.154858, 48.471182], [-89.154871, 48.47116], [-89.154892, 48.471149], [-89.154919, 48.471149], [-89.154932, 48.47116], [-89.154932, 48.471182], [-89.154919, 48.471216], [-89.154892, 48.47126], [-89.154871, 48.471282], [-89.154858, 48.471282], [-89.154851, 48.47126], [-89.154851, 48.471216]]]}}, {"type": "Feature", "properties": {"lead": 48, "temp": "sp:salmon:s3"}, "geometry": {"type": "Polygon", "coordinates": [[[-89.155114, 48.471613], [-89.155064, 48.47159], [-89.15503, 48.471546], [-89.155013, 48.471479], [-89.155013, 48.47139], [-89.15505, 48.471323], [-89.155124, 48.471278], [-89.155235, 48.471256], [-89.155384, 48.471256], [-89.155475, 48.471265], [-89.155508, 48.471282], [-89.155485, 48.471309], [-89.155404, 48.471345], [-89.15533, 48.471372], [-89.155262, 48.47139], [-89.155202, 48.471399], [-89.155148, 48.471399], [-89.155121, 48.471405], [-89.155121, 48.471419], [-89.155148, 48.471439], [-89.155202, 48.471465], [-89.155242, 48.471492], [-89.155269, 48.471519], [-89.155283, 48.471546], [-89.155283, 48.471573], [-89.155266, 48.471593], [-89.155232, 48.471606], [-89.155181, 48.471613], [-89.155114, 48.471613]], [[-89.155161, 48.471541], [-89.155141, 48.471544], [-89.155128, 48.471548], [-89.155121, 48.471555], [-89.155121, 48.471564], [-89.155128, 48.471568], [-89.155141, 48.471568], [-89.155161, 48.471564], [-89.155188, 48.471555], [-89.155202, 48.471548], [-89.155202, 48.471544], [-89.155188, 48.471541], [-89.155161, 48.471541]], [[-89.155161, 48.471327], [-89.155141, 48.471329], [-89.155128, 48.471334], [-89.155121, 48.47134], [-89.155121, 48.471349], [-89.155128, 48.471354], [-89.155141, 48.471354], [-89.155161, 48.471349], [-89.155188, 48.47134], [-89.155202, 48.471334], [-89.155202, 48.471329], [-89.155188, 48.471327], [-89.155161, 48.471327]]]}}, {"type": "Feature", "properties": {"lead": 48, "temp": "sp:salmon:s3"}, "geometry": {"type": "Polygon", "coordinates": [[[-89.155343, 48.47197], [-89.155313, 48.471956], [-89.155293, 48.47193], [-89.155283, 48.47189], [-89.155283, 48.471836], [-89.155286, 48.471807], [-89.155293, 48.471802], [-89.155303, 48.471823], [-89.155316, 48.471867], [-89.155333, 48.471894], [-89.155353, 48.471903], [-89.155377, 48.471894], [-89.155404, 48.471867], [-89.155424, 48.471856], [-89.155438, 48.47186], [-89.155444, 48.471881], [-89.155444, 48.471916], [-89.155434, 48.471943], [-89.155414, 48.471961], [-89.155384, 48.47197], [-89.155343, 48.47197]]]}}, {"type": "Feature", "properties": {"lead": 48, "temp": "sp:salmon:s3"}, "geometry": {"type": "Polygon", "coordinates": [[[-89.154582, 48.472162], [-89.154602, 48.472151], [-89.154642, 48.472137], [-89.154703, 48.472122], [-89.154784, 48.472104], [-89.154824, 48.472097], [-89.154824, 48.472102], [-89.154784, 48.472117], [-89.154703, 48.472144], [-89.154642, 48.472162], [-89.154602, 48.472171], [-89.154582, 48.472171], [-89.154582, 48.472162]]]}}, {"type": "Feature", "properties": {"lead": 48, "temp": "sp:salmon:s3"}, "geometry": {"type": "Polygon", "coordinates": [[[-89.154905, 48.472394], [-89.154915, 48.47236], [-89.154935, 48.472338], [-89.154966, 48.472327], [-89.155006, 48.472327], [-89.155026, 48.472338], [-89.155026, 48.47236], [-89.155006, 48.472394], [-89.154966, 48.472439], [-89.154935, 48.472461], [-89.154915, 48.472461], [-89.154905, 48.472439], [-89.154905, 48.472394]]]}}, {"type": "Feature", "properties": {"lead": 48, "temp": "sp:steelhead:s1"}, "geometry": {"type": "Polygon", "coordinates": [[[-89.165076, 48.455336], [-89.165093, 48.455296], [-89.165113, 48.455269], [-89.165137, 48.455256], [-89.165164, 48.455256], [-89.165174, 48.455269], [-89.165167, 48.455296], [-89.165143, 48.455336], [-89.165103, 48.45539], [-89.165076, 48.455417], [-89.165062, 48.455417], [-89.165062, 48.45539], [-89.165076, 48.455336]]]}}, {"type": "Feature", "properties": {"lead": 48, "temp": "sp:steelhead:s1"}, "geometry": {"type": "Polygon", "coordinates": [[[-89.168655, 48.455631], [-89.168571, 48.455582], [-89.16851, 48.455519], [-89.168473, 48.455443], [-89.168459, 48.455354], [-89.1685, 48.455292], [-89.168594, 48.455256], [-89.168743, 48.455247], [-89.168945, 48.455265], [-89.169096, 48.455296], [-89.169197, 48.455341], [-89.169248, 48.455399], [-89.169248, 48.45547], [-89.169228, 48.455533], [-89.169187, 48.455586], [-89.169127, 48.455631], [-89.169046, 48.455667], [-89.168958, 48.455685], [-89.168864, 48.455685], [-89.168763, 48.455667], [-89.168655, 48.455631]]]}}, {"type": "Feature", "properties": {"lead": 48, "temp": "sp:steelhead:s1"}, "geometry": {"type": "Polygon", "coordinates": [[[-89.166067, 48.455899], [-89.165895, 48.455856], [-89.165767, 48.455772], [-89.165683, 48.455644], [-89.165642, 48.455475], [-89.165662, 48.455352], [-89.165743, 48.455276], [-89.165885, 48.455247], [-89.166087, 48.455265], [-89.166228, 48.455303], [-89.166309, 48.455361], [-89.16633, 48.455439], [-89.166289, 48.455537], [-89.166282, 48.455624], [-89.166309, 48.4557], [-89.16637, 48.455765], [-89.166464, 48.455818], [-89.166481, 48.455859], [-89.166421, 48.455885], [-89.166282, 48.455899], [-89.166067, 48.455899]]]}}, {"type": "Feature", "properties": {"lead": 48, "temp": "sp:steelhead:s1"}, "geometry": {"type": "Polygon", "coordinates": [[[-89.165042, 48.455832], [-89.165052, 48.455812], [-89.165073, 48.455798], [-89.165103, 48.455792], [-89.165143, 48.455792], [-89.165164, 48.455798], [-89.165164, 48.455812], [-89.165143, 48.455832], [-89.165103, 48.455859], [-89.165073, 48.455872], [-89.165052, 48.455872], [-89.165042, 48.455859], [-89.165042, 48.455832]]]}}, {"type": "Feature", "properties": {"lead": 48, "temp": "sp:steelhead:s1"}, "geometry": {"type": "Polygon", "coordinates": [[[-89.16488, 48.456189], [-89.164891, 48.456169], [-89.164911, 48.456156], [-89.164941, 48.456149], [-89.164982, 48.456149], [-89.165002, 48.456156], [-89.165002, 48.456169], [-89.164982, 48.456189], [-89.164941, 48.456216], [-89.164911, 48.456229], [-89.164891, 48.456229], [-89.16488, 48.456216], [-89.16488, 48.456189]]]}}, {"type": "Feature", "properties": {"lead": 48, "temp": "sp:steelhead:s1"}, "geometry": {"type": "Polygon", "coordinates": [[[-89.165265, 48.456381], [-89.165258, 48.456345], [-89.165285, 48.45631], [-89.165346, 48.456274], [-89.16544, 48.456238], [-89.165497, 48.456218], [-89.165517, 48.456214], [-89.165501, 48.456225], [-89.165447, 48.456252], [-89.165406, 48.456283], [-89.165379, 48.456319], [-89.165366, 48.456359], [-89.165366, 48.456403], [-89.165356, 48.456428], [-89.165335, 48.456432], [-89.165305, 48.456417], [-89.165265, 48.456381]]]}}, {"type": "Feature", "properties": {"lead": 48, "temp": "sp:steelhead:s1"}, "geometry": {"type": "Polygon", "coordinates": [[[-89.165581, 48.456511], [-89.165592, 48.45649], [-89.165612, 48.456477], [-89.165642, 48.45647], [-89.165683, 48.45647], [-89.165703, 48.456477], [-89.165703, 48.45649], [-89.165683, 48.456511], [-89.165642, 48.456537], [-89.165612, 48.456551], [-89.165592, 48.456551], [-89.165581, 48.456537], [-89.165581, 48.456511]]]}}, {"type": "Feature", "properties": {"lead": 48, "temp": "sp:steelhead:s1"}, "geometry": {"type": "Polygon", "coordinates": [[[-89.166057, 48.4571], [-89.165929, 48.456984], [-89.165844, 48.456868], [-89.165804, 48.456752], [-89.165827, 48.45668], [-89.165915, 48.456653], [-89.166067, 48.456671], [-89.166282, 48.456734], [-89.166454, 48.456823], [-89.166582, 48.456939], [-89.166667, 48.457082], [-89.166707, 48.457252], [-89.166683, 48.45735], [-89.166596, 48.457377], [-89.166444, 48.457332], [-89.166228, 48.457216], [-89.166057, 48.4571]]]}}, {"type": "Feature", "properties": {"lead": 48, "temp": "sp:steelhead:s1"}, "geometry": {"type": "Polygon", "coordinates": [[[-89.166798, 48.45754], [-89.166805, 48.457517], [-89.166828, 48.457506], [-89.166869, 48.457506], [-89.166896, 48.457517], [-89.166909, 48.45754], [-89.166909, 48.457573], [-89.166896, 48.457618], [-89.166879, 48.45764], [-89.166859, 48.45764], [-89.166835, 48.457618], [-89.166808, 48.457573], [-89.166798, 48.45754]]]}}, {"type": "Feature", "properties": {"lead": 48, "temp": "sp:steelhead:s1"}, "geometry": {"type": "Polygon", "coordinates": [[[-89.156786, 48.470921], [-89.156978, 48.47089], [-89.157106, 48.47089], [-89.15717, 48.470921], [-89.15717, 48.470983], [-89.157106, 48.47103], [-89.156978, 48.471062], [-89.156786, 48.471077], [-89.156529, 48.471077], [-89.156401, 48.471062], [-89.156401, 48.47103], [-89.156529, 48.470983], [-89.156786, 48.470921]]]}}, {"type": "Feature", "properties": {"lead": 48, "temp": "sp:steelhead:s1"}, "geometry": {"type": "Polygon", "coordinates": [[[-89.155788, 48.470934], [-89.155899, 48.47095], [-89.15592, 48.470981], [-89.155849, 48.471028], [-89.155687, 48.471091], [-89.155556, 48.471122], [-89.155454, 48.471122], [-89.155384, 48.471091], [-89.155343, 48.471028], [-89.155363, 48.470981], [-89.155444, 48.47095], [-89.155586, 48.470934], [-89.155788, 48.470934]]]}}, {"type": "Feature", "properties": {"lead": 48, "temp": "sp:steelhead:s1"}, "geometry": {"type": "Polygon", "coordinates": [[[-89.155067, 48.471332], [-89.15508, 48.471311], [-89.155107, 48.471298], [-89.155148, 48.471291], [-89.155202, 48.471291], [-89.155229, 48.471298], [-89.155229, 48.471311], [-89.155202, 48.471332], [-89.155148, 48.471358], [-89.155107, 48.471372], [-89.15508, 48.471372], [-89.155067, 48.471358], [-89.155067, 48.471332]]]}}, {"type": "Feature", "properties": {"lead": 48, "temp": "sp:steelhead:s1"}, "geometry": {"type": "Polygon", "coordinates": [[[-89.155283, 48.471796], [-89.155299, 48.471776], [-89.155333, 48.471762], [-89.155384, 48.471756], [-89.155451, 48.471756], [-89.155485, 48.471762], [-89.155485, 48.471776], [-89.155451, 48.471796], [-89.155384, 48.471823], [-89.155333, 48.471836], [-89.155299, 48.471836], [-89.155283, 48.471823], [-89.155283, 48.471796]]]}}, {"type": "Feature", "properties": {"lead": 48, "temp": "sp:steelhead:s1"}, "geometry": {"type": "Polygon", "coordinates": [[[-89.155586, 48.472184], [-89.155515, 48.472175], [-89.155468, 48.472157], [-89.155444, 48.472131], [-89.155444, 48.472095], [-89.155465, 48.472066], [-89.155505, 48.472043], [-89.155566, 48.472028], [-89.155647, 48.472019], [-89.155711, 48.472023], [-89.155758, 48.472041], [-89.155788, 48.472073], [-89.155802, 48.472117], [-89.155788, 48.472151], [-89.155748, 48.472173], [-89.15568, 48.472184], [-89.155586, 48.472184]]]}}, {"type": "Feature", "properties": {"lead": 48, "temp": "sp:steelhead:s1"}, "geometry": {"type": "Polygon", "coordinates": [[[-89.154582, 48.472117], [-89.154602, 48.472097], [-89.154642, 48.472084], [-89.154703, 48.472077], [-89.154784, 48.472077], [-89.154824, 48.472084], [-89.154824, 48.472097], [-89.154784, 48.472117], [-89.154703, 48.472144], [-89.154642, 48.472157], [-89.154602, 48.472157], [-89.154582, 48.472144], [-89.154582, 48.472117]]]}}, {"type": "Feature", "properties": {"lead": 48, "temp": "sp:steelhead:s1"}, "geometry": {"type": "Polygon", "coordinates": [[[-89.155748, 48.472434], [-89.155677, 48.472425], [-89.15563, 48.472407], [-89.155606, 48.47238], [-89.155606, 48.472345], [-89.155623, 48.472311], [-89.155657, 48.47228], [-89.155707, 48.472251], [-89.155775, 48.472224], [-89.155832, 48.47222], [-89.155879, 48.472238], [-89.155916, 48.472278], [-89.155943, 48.47234], [-89.15594, 48.472387], [-89.155906, 48.472418], [-89.155842, 48.472434], [-89.155748, 48.472434]]]}}, {"type": "Feature", "properties": {"lead": 48, "temp": "sp:steelhead:s1"}, "geometry": {"type": "Polygon", "coordinates": [[[-89.15508, 48.472561], [-89.155107, 48.472548], [-89.155148, 48.472541], [-89.155202, 48.472541], [-89.155229, 48.472548], [-89.155229, 48.472561], [-89.155202, 48.472581], [-89.155148, 48.472608], [-89.155107, 48.472622], [-89.15508, 48.472622], [-89.155067, 48.472608], [-89.155067, 48.472581], [-89.15508, 48.472561]]]}}, {"type": "Feature", "properties": {"lead": 48, "temp": "sp:steelhead:s1"}, "geometry": {"type": "Polygon", "coordinates": [[[-89.153611, 48.4727], [-89.153746, 48.472588], [-89.153941, 48.472474], [-89.154197, 48.472358], [-89.154393, 48.472287], [-89.154528, 48.47226], [-89.154602, 48.472278], [-89.154615, 48.47234], [-89.154555, 48.472427], [-89.15442, 48.472539], [-89.154211, 48.472675], [-89.153928, 48.472836], [-89.153719, 48.472929], [-89.153584, 48.472956], [-89.153523, 48.472916], [-89.153537, 48.472809], [-89.153611, 48.4727]]]}}, {"type": "Feature", "properties": {"lead": 48, "temp": "sp:steelhead:s2"}, "geometry": {"type": "Polygon", "coordinates": [[[-89.167084, 48.456216], [-89.166613, 48.456189], [-89.166259, 48.456156], [-89.166023, 48.456115], [-89.165905, 48.456068], [-89.165905, 48.456015], [-89.165949, 48.455972], [-89.166036, 48.455941], [-89.166168, 48.455921], [-89.166343, 48.455912], [-89.166451, 48.455879], [-89.166491, 48.455821], [-89.166464, 48.455738], [-89.16637, 48.455631], [-89.166357, 48.455544], [-89.166424, 48.455477], [-89.166572, 48.45543], [-89.166801, 48.455403], [-89.166997, 48.455345], [-89.167159, 48.455256], [-89.167287, 48.455135], [-89.167381, 48.454984], [-89.167512, 48.454863], [-89.167681, 48.454774], [-89.167887, 48.454716], [-89.168129, 48.454689], [-89.168395, 48.454729], [-89.168685, 48.454836], [-89.168999, 48.45501], [-89.169336, 48.455251], [-89.169551, 48.455437], [-89.169646, 48.455566], [-89.169619, 48.45564], [-89.16947, 48.455658], [-89.169353, 48.45564], [-89.169265, 48.455586], [-89.169208, 48.455497], [-89.169181, 48.455372], [-89.169117, 48.455278], [-89.169016, 48.455216], [-89.168877, 48.455184], [-89.168702, 48.455184], [-89.168561, 48.455196], [-89.168453, 48.455218], [-89.168379, 48.455251], [-89.168338, 48.455296], [-89.168335, 48.455354], [-89.168368, 48.455426], [-89.168439, 48.45551], [-89.168547, 48.455609], [-89.168621, 48.455685], [-89.168662, 48.455738], [-89.168668, 48.455769], [-89.168641, 48.455778], [-89.168604, 48.455774], [-89.168557, 48.455756], [-89.1685, 48.455725], [-89.168432, 48.45568], [-89.168368, 48.455626], [-89.168308, 48.455564], [-89.168251, 48.455493], [-89.168197, 48.455412], [-89.16816, 48.455383], [-89.168139, 48.455405], [-89.168136, 48.455479], [-89.168149, 48.455604], [-89.168136, 48.455727], [-89.168095, 48.455847], [-89.168028, 48.455966], [-89.167934, 48.456082], [-89.167745, 48.456162], [-89.167462, 48.456207], [-89.167084, 48.456216]], [[-89.166869, 48.456006], [-89.166828, 48.456006], [-89.166798, 48.45601], [-89.166778, 48.456019], [-89.166768, 48.456033], [-89.166768, 48.456051], [-89.166778, 48.45606], [-89.166798, 48.45606], [-89.166828, 48.456051], [-89.166869, 48.456033], [-89.166889, 48.456019], [-89.166889, 48.45601], [-89.166869, 48.456006]], [[-89.166464, 48.456006], [-89.16637, 48.456006], [-89.166299, 48.45601], [-89.166252, 48.456019], [-89.166228, 48.456033], [-89.166228, 48.456051], [-89.166252, 48.45606], [-89.166299, 48.45606], [-89.16637, 48.456051], [-89.166464, 48.456033], [-89.166512, 48.456019], [-89.166512, 48.45601], [-89.166464, 48.456006]], [[-89.167988, 48.455542], [-89.167974, 48.455542], [-89.167964, 48.455544], [-89.167957, 48.455548], [-89.167954, 48.455555], [-89.167954, 48.455564], [-89.167957, 48.455568], [-89.167964, 48.455568], [-89.167974, 48.455564], [-89.167988, 48.455555], [-89.167994, 48.455548], [-89.167994, 48.455544], [-89.167988, 48.455542]], [[-89.167934, 48.45547], [-89.16792, 48.45547], [-89.16791, 48.455472], [-89.167903, 48.455477], [-89.1679, 48.455484], [-89.1679, 48.455493], [-89.167903, 48.455497], [-89.16791, 48.455497], [-89.16792, 48.455493], [-89.167934, 48.455484], [-89.16794, 48.455477], [-89.16794, 48.455472], [-89.167934, 48.45547]]]}}, {"type": "Feature", "properties": {"lead": 48, "temp": "sp:steelhead:s2"}, "geometry": {"type": "Polygon", "coordinates": [[[-89.165056, 48.456082], [-89.165015, 48.456006], [-89.165015, 48.455952], [-89.165056, 48.455921], [-89.165137, 48.455912], [-89.165197, 48.455863], [-89.165238, 48.455774], [-89.165258, 48.455644], [-89.165258, 48.455475], [-89.165275, 48.455347], [-89.165308, 48.455263], [-89.165359, 48.45522], [-89.165426, 48.45522], [-89.165474, 48.455254], [-89.165501, 48.455321], [-89.165507, 48.455421], [-89.165494, 48.455555], [-89.165501, 48.455651], [-89.165528, 48.455709], [-89.165575, 48.455729], [-89.165642, 48.455711], [-89.165693, 48.45572], [-89.165726, 48.455756], [-89.165743, 48.455818], [-89.165743, 48.455908], [-89.165726, 48.455966], [-89.165693, 48.455993], [-89.165642, 48.455988], [-89.165575, 48.455952], [-89.165511, 48.455952], [-89.16545, 48.455988], [-89.165393, 48.45606], [-89.165339, 48.456167], [-89.165278, 48.456223], [-89.165211, 48.456227], [-89.165137, 48.45618], [-89.165056, 48.456082]], [[-89.165386, 48.455899], [-89.165376, 48.455901], [-89.165369, 48.455906], [-89.165366, 48.455912], [-89.165366, 48.455921], [-89.165369, 48.455926], [-89.165376, 48.455926], [-89.165386, 48.455921], [-89.165399, 48.455912], [-89.165406, 48.455906], [-89.165406, 48.455901], [-89.165399, 48.455899], [-89.165386, 48.455899]], [[-89.16544, 48.455756], [-89.16543, 48.455758], [-89.165423, 48.455763], [-89.16542, 48.455769], [-89.16542, 48.455778], [-89.165423, 48.455783], [-89.16543, 48.455783], [-89.16544, 48.455778], [-89.165453, 48.455769], [-89.16546, 48.455763], [-89.16546, 48.455758], [-89.165453, 48.455756], [-89.16544, 48.455756]], [[-89.165352, 48.455685], [-89.165335, 48.455689], [-89.165329, 48.455698], [-89.165332, 48.455711], [-89.165346, 48.455729], [-89.165359, 48.455738], [-89.165372, 48.455738], [-89.165386, 48.455729], [-89.165399, 48.455711], [-89.165403, 48.455698], [-89.165396, 48.455689], [-89.165379, 48.455685], [-89.165352, 48.455685]]]}}, {"type": "Feature", "properties": {"lead": 48, "temp": "sp:steelhead:s2"}, "geometry": {"type": "Polygon", "coordinates": [[[-89.16939, 48.455823], [-89.169359, 48.455781], [-89.169393, 48.45574], [-89.169491, 48.455702], [-89.169652, 48.455667], [-89.169781, 48.455651], [-89.169875, 48.455655], [-89.169936, 48.45568], [-89.169962, 48.455725], [-89.169959, 48.455767], [-89.169925, 48.455807], [-89.169861, 48.455845], [-89.169767, 48.455881], [-89.169673, 48.455897], [-89.169578, 48.455892], [-89.169484, 48.455868], [-89.16939, 48.455823]]]}}, {"type": "Feature", "properties": {"lead": 48, "temp": "sp:steelhead:s2"}, "geometry": {"type": "Polygon", "coordinates": [[[-89.157871, 48.473072], [-89.157655, 48.473046], [-89.15747, 48.472974], [-89.157315, 48.472858], [-89.15719, 48.472697], [-89.157096, 48.472492], [-89.157059, 48.472325], [-89.157079, 48.472195], [-89.157156, 48.472104], [-89.157291, 48.47205], [-89.157348, 48.472017], [-89.157328, 48.472003], [-89.15723, 48.47201], [-89.157055, 48.472037], [-89.156904, 48.472021], [-89.156775, 48.471963], [-89.156671, 48.471863], [-89.15659, 48.47172], [-89.156486, 48.471586], [-89.156358, 48.471461], [-89.156206, 48.471345], [-89.156031, 48.471238], [-89.155963, 48.471164], [-89.156004, 48.471124], [-89.156152, 48.471117], [-89.156408, 48.471144], [-89.156627, 48.471149], [-89.156809, 48.471131], [-89.156954, 48.471091], [-89.157062, 48.471028], [-89.15717, 48.471003], [-89.157278, 48.471017], [-89.157385, 48.471068], [-89.157493, 48.471157], [-89.157645, 48.471189], [-89.15784, 48.471162], [-89.15808, 48.471077], [-89.158363, 48.470934], [-89.158646, 48.470812], [-89.158929, 48.470709], [-89.159212, 48.470626], [-89.159495, 48.470564], [-89.159967, 48.470309], [-89.160627, 48.469863], [-89.161477, 48.469225], [-89.162515, 48.468394], [-89.163327, 48.467754], [-89.163913, 48.467303], [-89.164274, 48.467042], [-89.164409, 48.466971], [-89.164557, 48.466915], [-89.164719, 48.466875], [-89.164894, 48.46685], [-89.165083, 48.466841], [-89.165339, 48.466694], [-89.165662, 48.466408], [-89.166053, 48.465984], [-89.166512, 48.465422], [-89.166929, 48.464801], [-89.167307, 48.464122], [-89.167644, 48.463386], [-89.16794, 48.462591], [-89.168146, 48.461971], [-89.168261, 48.461524], [-89.168284, 48.461252], [-89.168217, 48.461154], [-89.16816, 48.460957], [-89.168112, 48.460663], [-89.168075, 48.46027], [-89.168048, 48.459779], [-89.167951, 48.459314], [-89.167782, 48.458877], [-89.167543, 48.458466], [-89.167233, 48.458082], [-89.16699, 48.457752], [-89.166815, 48.457475], [-89.166707, 48.457252], [-89.166667, 48.457082], [-89.166623, 48.456955], [-89.166576, 48.45687], [-89.166525, 48.456828], [-89.166471, 48.456828], [-89.166444, 48.456819], [-89.166444, 48.456801], [-89.166471, 48.456774], [-89.166525, 48.456738], [-89.166532, 48.456714], [-89.166491, 48.4567], [-89.166404, 48.456698], [-89.166269, 48.456707], [-89.166178, 48.456696], [-89.166131, 48.456665], [-89.166127, 48.456613], [-89.166168, 48.456542], [-89.166144, 48.456488], [-89.166057, 48.456452], [-89.165905, 48.456435], [-89.165689, 48.456435], [-89.165548, 48.456421], [-89.16548, 48.456394], [-89.165487, 48.456354], [-89.165568, 48.456301], [-89.165703, 48.456283], [-89.165891, 48.456301], [-89.166134, 48.456354], [-89.166431, 48.456444], [-89.16669, 48.456537], [-89.166913, 48.456636], [-89.167098, 48.456738], [-89.167246, 48.456845], [-89.167452, 48.457042], [-89.167715, 48.457328], [-89.168035, 48.457703], [-89.168412, 48.458167], [-89.168719, 48.458685], [-89.168955, 48.459256], [-89.16912, 48.459881], [-89.169214, 48.46056], [-89.169211, 48.461268], [-89.16911, 48.462004], [-89.168911, 48.46277], [-89.168614, 48.463564], [-89.168251, 48.464337], [-89.167819, 48.465087], [-89.16732, 48.465814], [-89.166754, 48.46652], [-89.166262, 48.467051], [-89.165844, 48.467408], [-89.165501, 48.467591], [-89.165231, 48.4676], [-89.164904, 48.467707], [-89.16452, 48.467912], [-89.164078, 48.468216], [-89.16358, 48.468618], [-89.163206, 48.468935], [-89.162956, 48.469167], [-89.162831, 48.469314], [-89.162831, 48.469377], [-89.162808, 48.469428], [-89.162761, 48.469468], [-89.16269, 48.469497], [-89.162596, 48.469515], [-89.162387, 48.469631], [-89.162063, 48.469845], [-89.161625, 48.470158], [-89.161072, 48.470568], [-89.160594, 48.470885], [-89.160189, 48.471108], [-89.159859, 48.471238], [-89.159603, 48.471274], [-89.159357, 48.471334], [-89.159121, 48.471419], [-89.158895, 48.471528], [-89.15868, 48.471662], [-89.158471, 48.471771], [-89.158268, 48.471856], [-89.158073, 48.471916], [-89.157884, 48.471952], [-89.157736, 48.47199], [-89.157628, 48.47203], [-89.157561, 48.472073], [-89.157534, 48.472117], [-89.157547, 48.472189], [-89.157601, 48.472287], [-89.157696, 48.472412], [-89.15783, 48.472563], [-89.157965, 48.47268], [-89.1581, 48.47276], [-89.158235, 48.472805], [-89.15837, 48.472813], [-89.158447, 48.472838], [-89.158467, 48.472878], [-89.15843, 48.472934], [-89.158336, 48.473005], [-89.158211, 48.473052], [-89.158056, 48.473075], [-89.157871, 48.473072]], [[-89.157635, 48.472755], [-89.157621, 48.472755], [-89.157611, 48.472758], [-89.157605, 48.472762], [-89.157601, 48.472769], [-89.157601, 48.472778], [-89.157605, 48.472782], [-89.157611, 48.472782], [-89.157621, 48.472778], [-89.157635, 48.472769], [-89.157642, 48.472762], [-89.157642, 48.472758], [-89.157635, 48.472755]], [[-89.157561, 48.472577], [-89.157534, 48.472577], [-89.157514, 48.472581], [-89.1575, 48.47259], [-89.157493, 48.472604], [-89.157493, 48.472622], [-89.1575, 48.47263], [-89.157514, 48.47263], [-89.157534, 48.472622], [-89.157561, 48.472604], [-89.157574, 48.47259], [-89.157574, 48.472581], [-89.157561, 48.472577]], [[-89.157183, 48.472434], [-89.157156, 48.472434], [-89.157136, 48.472439], [-89.157123, 48.472447], [-89.157116, 48.472461], [-89.157116, 48.472479], [-89.157123, 48.472488], [-89.157136, 48.472488], [-89.157156, 48.472479], [-89.157183, 48.472461], [-89.157197, 48.472447], [-89.157197, 48.472439], [-89.157183, 48.472434]], [[-89.156449, 48.471399], [-89.156435, 48.471399], [-89.156425, 48.471401], [-89.156418, 48.471405], [-89.156415, 48.471412], [-89.156415, 48.471421], [-89.156418, 48.471425], [-89.156425, 48.471425], [-89.156435, 48.471421], [-89.156449, 48.471412], [-89.156455, 48.471405], [-89.156455, 48.471401], [-89.156449, 48.471399]], [[-89.156341, 48.471363], [-89.156327, 48.471363], [-89.156317, 48.471365], [-89.15631, 48.47137], [-89.156307, 48.471376], [-89.156307, 48.471385], [-89.15631, 48.47139], [-89.156317, 48.47139], [-89.156327, 48.471385], [-89.156341, 48.471376], [-89.156347, 48.47137], [-89.156347, 48.471365], [-89.156341, 48.471363]], [[-89.156321, 48.471256], [-89.156294, 48.471256], [-89.156273, 48.471258], [-89.15626, 48.471262], [-89.156253, 48.471269], [-89.156253, 48.471278], [-89.15626, 48.471282], [-89.156273, 48.471282], [-89.156294, 48.471278], [-89.156321, 48.471269], [-89.156334, 48.471262], [-89.156334, 48.471258], [-89.156321, 48.471256]]]}}, {"type": "Feature", "properties": {"lead": 48, "temp": "sp:steelhead:s2"}, "geometry": {"type": "Polygon", "coordinates": [[[-89.165042, 48.467689], [-89.165052, 48.467669], [-89.165073, 48.467656], [-89.165103, 48.467649], [-89.165143, 48.467649], [-89.165164, 48.467656], [-89.165164, 48.467669], [-89.165143, 48.467689], [-89.165103, 48.467716], [-89.165073, 48.467729], [-89.165052, 48.467729], [-89.165042, 48.467716], [-89.165042, 48.467689]]]}}, {"type": "Feature", "properties": {"lead": 48, "temp": "sp:steelhead:s2"}, "geometry": {"type": "Polygon", "coordinates": [[[-89.162124, 48.470274], [-89.162083, 48.470234], [-89.16207, 48.470189], [-89.162083, 48.47014], [-89.162124, 48.470086], [-89.162275, 48.469968], [-89.162538, 48.469785], [-89.162912, 48.469537], [-89.163398, 48.469225], [-89.163714, 48.469046], [-89.163863, 48.469002], [-89.163842, 48.469091], [-89.163654, 48.469314], [-89.163458, 48.469506], [-89.163256, 48.469667], [-89.163047, 48.469796], [-89.162831, 48.469894], [-89.162656, 48.469988], [-89.162521, 48.470077], [-89.162427, 48.470162], [-89.162373, 48.470242], [-89.162316, 48.470294], [-89.162255, 48.470316], [-89.162191, 48.470309], [-89.162124, 48.470274]]]}}, {"type": "Feature", "properties": {"lead": 48, "temp": "sp:steelhead:s2"}, "geometry": {"type": "Polygon", "coordinates": [[[-89.155444, 48.471242], [-89.155444, 48.471233], [-89.155465, 48.471227], [-89.155505, 48.471222], [-89.155566, 48.47122], [-89.155647, 48.47122], [-89.155687, 48.471222], [-89.155687, 48.471227], [-89.155647, 48.471233], [-89.155566, 48.471242], [-89.155505, 48.471247], [-89.155465, 48.471247], [-89.155444, 48.471242]]]}}, {"type": "Feature", "properties": {"lead": 48, "temp": "sp:steelhead:s2"}, "geometry": {"type": "Polygon", "coordinates": [[[-89.155323, 48.47159], [-89.155235, 48.471521], [-89.155195, 48.471463], [-89.155202, 48.471416], [-89.155256, 48.471381], [-89.155313, 48.471352], [-89.155374, 48.471329], [-89.155438, 48.471314], [-89.155505, 48.471305], [-89.155559, 48.471329], [-89.155599, 48.471387], [-89.155626, 48.471479], [-89.15564, 48.471604], [-89.155616, 48.471677], [-89.155556, 48.4717], [-89.155458, 48.471671], [-89.155323, 48.47159]]]}}, {"type": "Feature", "properties": {"lead": 48, "temp": "sp:steelhead:s2"}, "geometry": {"type": "Polygon", "coordinates": [[[-89.155532, 48.471858], [-89.155552, 48.471834], [-89.155579, 48.471829], [-89.155613, 48.471845], [-89.155653, 48.471881], [-89.15567, 48.47191], [-89.155663, 48.471932], [-89.155633, 48.471948], [-89.155579, 48.471956], [-89.155542, 48.471952], [-89.155522, 48.471934], [-89.155518, 48.471903], [-89.155532, 48.471858]]]}}, {"type": "Feature", "properties": {"lead": 48, "temp": "sp:steelhead:s2"}, "geometry": {"type": "Polygon", "coordinates": [[[-89.156219, 48.472983], [-89.156233, 48.472921], [-89.156257, 48.472887], [-89.15629, 48.472883], [-89.156334, 48.472907], [-89.156388, 48.472961], [-89.156412, 48.473003], [-89.156405, 48.473034], [-89.156368, 48.473054], [-89.1563, 48.473063], [-89.156253, 48.473054], [-89.156226, 48.473028], [-89.156219, 48.472983]]]}}, {"type": "Feature", "properties": {"lead": 48, "temp": "sp:steelhead:s2"}, "geometry": {"type": "Polygon", "coordinates": [[[-89.155606, 48.47326], [-89.155616, 48.47324], [-89.155636, 48.473226], [-89.155667, 48.47322], [-89.155707, 48.47322], [-89.155727, 48.473226], [-89.155727, 48.47324], [-89.155707, 48.47326], [-89.155667, 48.473287], [-89.155636, 48.4733], [-89.155616, 48.4733], [-89.155606, 48.473287], [-89.155606, 48.47326]]]}}, {"type": "Feature", "properties": {"lead": 48, "temp": "sp:steelhead:s2"}, "geometry": {"type": "Polygon", "coordinates": [[[-89.127925, 48.485265], [-89.127827, 48.485222], [-89.127726, 48.485147], [-89.127621, 48.485037], [-89.127513, 48.484894], [-89.127588, 48.484738], [-89.127844, 48.484569], [-89.128282, 48.484386], [-89.128902, 48.484189], [-89.12936, 48.483955], [-89.129657, 48.483683], [-89.129792, 48.483373], [-89.129765, 48.483025], [-89.129771, 48.482739], [-89.129812, 48.482516], [-89.129886, 48.482355], [-89.129994, 48.482257], [-89.130253, 48.482148], [-89.130664, 48.482027], [-89.131227, 48.481896], [-89.131942, 48.481753], [-89.132592, 48.481648], [-89.133178, 48.481581], [-89.133701, 48.481552], [-89.134159, 48.481561], [-89.134597, 48.48155], [-89.135015, 48.481519], [-89.135413, 48.481467], [-89.13579, 48.481396], [-89.136222, 48.481338], [-89.136707, 48.481293], [-89.137246, 48.481262], [-89.137839, 48.481244], [-89.138422, 48.481195], [-89.138995, 48.481115], [-89.139558, 48.481003], [-89.140111, 48.48086], [-89.140542, 48.480744], [-89.140852, 48.480655], [-89.141041, 48.480593], [-89.141108, 48.480557], [-89.141145, 48.480479], [-89.141152, 48.480358], [-89.141128, 48.480195], [-89.141074, 48.47999], [-89.141078, 48.479791], [-89.141138, 48.4796], [-89.141256, 48.479414], [-89.141432, 48.479236], [-89.141721, 48.479066], [-89.142126, 48.478906], [-89.142645, 48.478754], [-89.143278, 48.478611], [-89.144094, 48.478395], [-89.145092, 48.478105], [-89.146271, 48.477741], [-89.147633, 48.477303], [-89.148697, 48.476893], [-89.149466, 48.476509], [-89.149938, 48.476152], [-89.150113, 48.475822], [-89.150356, 48.475503], [-89.150666, 48.475195], [-89.151043, 48.474898], [-89.151488, 48.474612], [-89.151902, 48.474387], [-89.152287, 48.474222], [-89.15264, 48.474117], [-89.152964, 48.474072], [-89.153223, 48.474016], [-89.153419, 48.473949], [-89.15355, 48.473871], [-89.153618, 48.473782], [-89.153658, 48.473682], [-89.153672, 48.47357], [-89.153658, 48.473447], [-89.153618, 48.473313], [-89.153668, 48.473157], [-89.15381, 48.472979], [-89.154042, 48.472778], [-89.154366, 48.472555], [-89.154622, 48.472407], [-89.154811, 48.472336], [-89.154932, 48.47234], [-89.154986, 48.472421], [-89.155003, 48.472479], [-89.154983, 48.472514], [-89.154925, 48.472528], [-89.154831, 48.472519], [-89.154747, 48.47253], [-89.154673, 48.472561], [-89.154609, 48.472613], [-89.154555, 48.472684], [-89.154534, 48.472789], [-89.154548, 48.472927], [-89.154595, 48.473099], [-89.154676, 48.473304], [-89.154706, 48.473505], [-89.154686, 48.473702], [-89.154615, 48.473894], [-89.154494, 48.474081], [-89.154369, 48.474242], [-89.154241, 48.474376], [-89.15411, 48.474483], [-89.153975, 48.474563], [-89.1538, 48.47463], [-89.153584, 48.474684], [-89.153328, 48.474724], [-89.153031, 48.474751], [-89.152721, 48.474829], [-89.152398, 48.474958], [-89.152061, 48.475139], [-89.15171, 48.475371], [-89.151431, 48.475599], [-89.151222, 48.475822], [-89.151083, 48.47604], [-89.151016, 48.476255], [-89.150922, 48.476455], [-89.1508, 48.476643], [-89.150652, 48.476817], [-89.150477, 48.476978], [-89.149995, 48.477212], [-89.149206, 48.47752], [-89.148111, 48.477901], [-89.146709, 48.478357], [-89.145513, 48.478727], [-89.144522, 48.479013], [-89.143737, 48.479214], [-89.143157, 48.47933], [-89.142702, 48.479439], [-89.142372, 48.479542], [-89.142166, 48.479638], [-89.142085, 48.479727], [-89.142035, 48.479852], [-89.142015, 48.480012], [-89.142025, 48.480209], [-89.142065, 48.480441], [-89.141994, 48.480662], [-89.141812, 48.480871], [-89.141519, 48.48107], [-89.141115, 48.481257], [-89.140717, 48.481418], [-89.140326, 48.481552], [-89.139942, 48.481659], [-89.139565, 48.481739], [-89.139133, 48.481804], [-89.138648, 48.481853], [-89.138109, 48.481887], [-89.137516, 48.481905], [-89.13698, 48.481936], [-89.136501, 48.48198], [-89.13608, 48.482038], [-89.135716, 48.48211], [-89.135312, 48.482163], [-89.134867, 48.482199], [-89.134382, 48.482217], [-89.133856, 48.482217], [-89.133323, 48.482253], [-89.132784, 48.482324], [-89.132238, 48.482431], [-89.131685, 48.482574], [-89.131257, 48.482715], [-89.130954, 48.482853], [-89.130776, 48.482989], [-89.130722, 48.483123], [-89.130701, 48.483272], [-89.130715, 48.483437], [-89.130762, 48.483618], [-89.130843, 48.483815], [-89.130728, 48.484035], [-89.130418, 48.484281], [-89.129913, 48.484551], [-89.129212, 48.484845], [-89.128663, 48.485064], [-89.128265, 48.485207], [-89.128019, 48.485274], [-89.127925, 48.485265]], [[-89.154312, 48.47313], [-89.154322, 48.473097], [-89.154342, 48.473066], [-89.154373, 48.473037], [-89.154413, 48.47301], [-89.154427, 48.472996], [-89.154413, 48.472996], [-89.154373, 48.47301], [-89.154305, 48.473037], [-89.154261, 48.473066], [-89.154241, 48.473097], [-89.154245, 48.47313], [-89.154272, 48.473166], [-89.154292, 48.473184], [-89.154305, 48.473184], [-89.154312, 48.473166], [-89.154312, 48.47313]], [[-89.154352, 48.472827], [-89.154332, 48.472829], [-89.154319, 48.472834], [-89.154312, 48.47284], [-89.154312, 48.472849], [-89.154319, 48.472854], [-89.154332, 48.472854], [-89.154352, 48.472849], [-89.154379, 48.47284], [-89.154393, 48.472834], [-89.154393, 48.472829], [-89.154379, 48.472827], [-89.154352, 48.472827]], [[-89.154278, 48.472791], [-89.154268, 48.472793], [-89.154261, 48.472798], [-89.154258, 48.472805], [-89.154258, 48.472813], [-89.154261, 48.472818], [-89.154268, 48.472818], [-89.154278, 48.472813], [-89.154292, 48.472805], [-89.154299, 48.472798], [-89.154299, 48.472793], [-89.154292, 48.472791], [-89.154278, 48.472791]], [[-89.154386, 48.472613], [-89.154376, 48.472615], [-89.154369, 48.472619], [-89.154366, 48.472626], [-89.154366, 48.472635], [-89.154369, 48.472639], [-89.154376, 48.472639], [-89.154386, 48.472635], [-89.1544, 48.472626], [-89.154406, 48.472619], [-89.154406, 48.472615], [-89.1544, 48.472613], [-89.154386, 48.472613]]]}}, {"type": "Feature", "properties": {"lead": 48, "temp": "sp:steelhead:s3"}, "geometry": {"type": "Polygon", "coordinates": [[[-89.168439, 48.455207], [-89.168439, 48.455198], [-89.168483, 48.455191], [-89.168571, 48.455187], [-89.168702, 48.455184], [-89.168877, 48.455184], [-89.168965, 48.455187], [-89.168965, 48.455191], [-89.168877, 48.455198], [-89.168702, 48.455207], [-89.168571, 48.455211], [-89.168483, 48.455211], [-89.168439, 48.455207]]]}}, {"type": "Feature", "properties": {"lead": 48, "temp": "sp:steelhead:s3"}, "geometry": {"type": "Polygon", "coordinates": [[[-89.165204, 48.455457], [-89.165207, 48.455356], [-89.165214, 48.455289], [-89.165224, 48.455256], [-89.165238, 48.455256], [-89.165244, 48.455289], [-89.165244, 48.455356], [-89.165238, 48.455457], [-89.165224, 48.455591], [-89.165214, 48.455658], [-89.165207, 48.455658], [-89.165204, 48.455591], [-89.165204, 48.455457]]]}}, {"type": "Feature", "properties": {"lead": 48, "temp": "sp:steelhead:s3"}, "geometry": {"type": "Polygon", "coordinates": [[[-89.165541, 48.455394], [-89.165561, 48.455338], [-89.165575, 48.455343], [-89.165581, 48.455408], [-89.165581, 48.455533], [-89.165575, 48.455624], [-89.165561, 48.455682], [-89.165541, 48.455707], [-89.165514, 48.455698], [-89.165501, 48.455662], [-89.165501, 48.4556], [-89.165514, 48.45551], [-89.165541, 48.455394]]]}}, {"type": "Feature", "properties": {"lead": 48, "temp": "sp:steelhead:s3"}, "geometry": {"type": "Polygon", "coordinates": [[[-89.166228, 48.456033], [-89.166252, 48.456019], [-89.166299, 48.45601], [-89.16637, 48.456006], [-89.166464, 48.456006], [-89.166512, 48.45601], [-89.166512, 48.456019], [-89.166464, 48.456033], [-89.16637, 48.456051], [-89.166299, 48.45606], [-89.166252, 48.45606], [-89.166228, 48.456051], [-89.166228, 48.456033]]]}}, {"type": "Feature", "properties": {"lead": 48, "temp": "sp:steelhead:s3"}, "geometry": {"type": "Polygon", "coordinates": [[[-89.165042, 48.456229], [-89.165046, 48.4562], [-89.165052, 48.456196], [-89.165062, 48.456216], [-89.165076, 48.45626], [-89.165083, 48.456296], [-89.165083, 48.456323], [-89.165076, 48.456341], [-89.165062, 48.45635], [-89.165052, 48.456343], [-89.165046, 48.456321], [-89.165042, 48.456283], [-89.165042, 48.456229]]]}}, {"type": "Feature", "properties": {"lead": 48, "temp": "sp:steelhead:s3"}, "geometry": {"type": "Polygon", "coordinates": [[[-89.165743, 48.456555], [-89.165774, 48.456542], [-89.165834, 48.456524], [-89.165925, 48.456502], [-89.166046, 48.456475], [-89.166107, 48.456464], [-89.166107, 48.456468], [-89.166046, 48.456488], [-89.165925, 48.456524], [-89.165834, 48.456548], [-89.165774, 48.456562], [-89.165743, 48.456564], [-89.165743, 48.456555]]]}}, {"type": "Feature", "properties": {"lead": 48, "temp": "sp:steelhead:s3"}, "geometry": {"type": "Polygon", "coordinates": [[[-89.166357, 48.456711], [-89.166363, 48.456698], [-89.16639, 48.456689], [-89.166437, 48.456685], [-89.166505, 48.456685], [-89.166542, 48.456689], [-89.166549, 48.456698], [-89.166525, 48.456711], [-89.166471, 48.456729], [-89.166427, 48.456738], [-89.166394, 48.456738], [-89.16637, 48.456729], [-89.166357, 48.456711]]]}}, {"type": "Feature", "properties": {"lead": 48, "temp": "sp:steelhead:s3"}, "geometry": {"type": "Polygon", "coordinates": [[[-89.164982, 48.456055], [-89.164941, 48.455993], [-89.164931, 48.455946], [-89.164951, 48.455914], [-89.165002, 48.455899], [-89.165083, 48.455899], [-89.165126, 48.455901], [-89.165133, 48.455906], [-89.165103, 48.455912], [-89.165035, 48.455921], [-89.164992, 48.455941], [-89.164971, 48.455972], [-89.164975, 48.456015], [-89.165002, 48.456068], [-89.165012, 48.456093], [-89.165005, 48.456089], [-89.164982, 48.456055]]]}}, {"type": "Feature", "properties": {"lead": 48, "temp": "sp:steelhead:s3"}, "geometry": {"type": "Polygon", "coordinates": [[[-89.155485, 48.471269], [-89.155529, 48.471267], [-89.155535, 48.471271], [-89.155505, 48.471282], [-89.155438, 48.4713], [-89.155384, 48.471311], [-89.155343, 48.471316], [-89.155316, 48.471314], [-89.155303, 48.471305], [-89.155313, 48.471296], [-89.155347, 48.471287], [-89.155404, 48.471278], [-89.155485, 48.471269]]]}}, {"type": "Feature", "properties": {"lead": 48, "temp": "sp:steelhead:s3"}, "geometry": {"type": "Polygon", "coordinates": [[[-89.155067, 48.471439], [-89.15508, 48.471419], [-89.155107, 48.471405], [-89.155148, 48.471399], [-89.155202, 48.471399], [-89.155229, 48.471405], [-89.155229, 48.471419], [-89.155202, 48.471439], [-89.155148, 48.471465], [-89.155107, 48.471479], [-89.15508, 48.471479], [-89.155067, 48.471465], [-89.155067, 48.471439]]]}}, {"type": "Feature", "properties": {"lead": 48, "temp": "sp:steelhead:s3"}, "geometry": {"type": "Polygon", "coordinates": [[[-89.155444, 48.471894], [-89.155448, 48.471869], [-89.155454, 48.471865], [-89.155465, 48.471881], [-89.155478, 48.471916], [-89.155485, 48.471945], [-89.155485, 48.471968], [-89.155478, 48.471983], [-89.155465, 48.471992], [-89.155454, 48.471988], [-89.155448, 48.47197], [-89.155444, 48.471939], [-89.155444, 48.471894]]]}}, {"type": "Feature", "properties": {"lead": 48, "temp": "sp:steelhead:s3"}, "geometry": {"type": "Polygon", "coordinates": [[[-89.154932, 48.472505], [-89.154892, 48.472488], [-89.154865, 48.472452], [-89.154851, 48.472398], [-89.154851, 48.472327], [-89.154834, 48.47228], [-89.154801, 48.472258], [-89.15475, 48.47226], [-89.154683, 48.472287], [-89.154632, 48.472298], [-89.154598, 48.472293], [-89.154582, 48.472273], [-89.154582, 48.472238], [-89.154602, 48.472211], [-89.154642, 48.472193], [-89.154703, 48.472184], [-89.154784, 48.472184], [-89.154855, 48.472204], [-89.154915, 48.472244], [-89.154966, 48.472305], [-89.155006, 48.472385], [-89.155023, 48.472445], [-89.155016, 48.472485], [-89.154986, 48.472505], [-89.154932, 48.472505]]]}}, {"type": "Feature", "properties": {"lead": 48, "temp": "sp:steelhead:s3"}, "geometry": {"type": "Polygon", "coordinates": [[[-89.156246, 48.473112], [-89.156196, 48.473097], [-89.156162, 48.473066], [-89.156145, 48.473019], [-89.156145, 48.472956], [-89.156149, 48.472923], [-89.156155, 48.472918], [-89.156166, 48.472943], [-89.156179, 48.472996], [-89.156203, 48.473039], [-89.156236, 48.47307], [-89.15628, 48.47309], [-89.156334, 48.473099], [-89.156358, 48.473106], [-89.156351, 48.47311], [-89.156314, 48.473112], [-89.156246, 48.473112]]]}}, {"type": "Feature", "properties": {"lead": 48, "temp": "sp:steelhead:s3"}, "geometry": {"type": "Polygon", "coordinates": [[[-89.154245, 48.47313], [-89.154241, 48.473097], [-89.154261, 48.473066], [-89.154305, 48.473037], [-89.154373, 48.47301], [-89.154413, 48.472996], [-89.154427, 48.472996], [-89.154413, 48.47301], [-89.154373, 48.473037], [-89.154342, 48.473066], [-89.154322, 48.473097], [-89.154312, 48.47313], [-89.154312, 48.473166], [-89.154305, 48.473184], [-89.154292, 48.473184], [-89.154272, 48.473166], [-89.154245, 48.47313]]]}}, {"type": "Feature", "properties": {"lead": 72, "temp": "sp:lake_trout:s1"}, "geometry": {"type": "Polygon", "coordinates": [[[-89.156674, 48.47091], [-89.15655, 48.470934], [-89.156388, 48.470934], [-89.156267, 48.470932], [-89.156186, 48.470928], [-89.156145, 48.470921], [-89.156145, 48.470912], [-89.156189, 48.470883], [-89.156277, 48.470834], [-89.156408, 48.470765], [-89.156583, 48.470675], [-89.156711, 48.470633], [-89.156792, 48.470637], [-89.156826, 48.470689], [-89.156813, 48.470787], [-89.156762, 48.470861], [-89.156674, 48.47091]]]}}, {"type": "Feature", "properties": {"lead": 72, "temp": "sp:lake_trout:s1"}, "geometry": {"type": "Polygon", "coordinates": [[[-89.155293, 48.471943], [-89.155283, 48.47193], [-89.155283, 48.471903], [-89.155293, 48.471883], [-89.155313, 48.471869], [-89.155343, 48.471863], [-89.155384, 48.471863], [-89.155404, 48.471869], [-89.155404, 48.471883], [-89.155384, 48.471903], [-89.155343, 48.47193], [-89.155313, 48.471943], [-89.155293, 48.471943]]]}}, {"type": "Feature", "properties": {"lead": 72, "temp": "sp:lake_trout:s1"}, "geometry": {"type": "Polygon", "coordinates": [[[-89.154814, 48.472064], [-89.154723, 48.472077], [-89.154602, 48.472077], [-89.154511, 48.472075], [-89.15445, 48.47207], [-89.15442, 48.472064], [-89.15442, 48.472055], [-89.15445, 48.472037], [-89.154511, 48.47201], [-89.154602, 48.471974], [-89.154723, 48.47193], [-89.154814, 48.47191], [-89.154875, 48.471914], [-89.154905, 48.471943], [-89.154905, 48.471997], [-89.154875, 48.472037], [-89.154814, 48.472064]]]}}, {"type": "Feature", "properties": {"lead": 72, "temp": "sp:lake_trout:s1"}, "geometry": {"type": "Polygon", "coordinates": [[[-89.154915, 48.472407], [-89.154905, 48.472394], [-89.154905, 48.472367], [-89.154915, 48.472347], [-89.154935, 48.472334], [-89.154966, 48.472327], [-89.155006, 48.472327], [-89.155026, 48.472334], [-89.155026, 48.472347], [-89.155006, 48.472367], [-89.154966, 48.472394], [-89.154935, 48.472407], [-89.154915, 48.472407]]]}}, {"type": "Feature", "properties": {"lead": 72, "temp": "sp:lake_trout:s3"}, "geometry": {"type": "Polygon", "coordinates": [[[-89.155545, 48.472273], [-89.155613, 48.472238], [-89.155647, 48.472211], [-89.155647, 48.472193], [-89.155613, 48.472184], [-89.155545, 48.472184], [-89.155495, 48.472193], [-89.155461, 48.472211], [-89.155444, 48.472238], [-89.155444, 48.472273], [-89.155461, 48.472291], [-89.155495, 48.472291], [-89.155545, 48.472273]]]}}, {"type": "Feature", "properties": {"lead": 72, "temp": "sp:brook_trout:s1"}, "geometry": {"type": "Polygon", "coordinates": [[[-89.167752, 48.454787], [-89.167732, 48.454749], [-89.167772, 48.454718], [-89.167873, 48.454693], [-89.168035, 48.454675], [-89.168136, 48.454669], [-89.168176, 48.454673], [-89.168156, 48.454689], [-89.168075, 48.454716], [-89.168015, 48.454745], [-89.167974, 48.454776], [-89.167954, 48.454809], [-89.167954, 48.454845], [-89.167934, 48.454861], [-89.167893, 48.454856], [-89.167833, 48.454832], [-89.167752, 48.454787]]]}}, {"type": "Feature", "properties": {"lead": 72, "temp": "sp:brook_trout:s1"}, "geometry": {"type": "Polygon", "coordinates": [[[-89.167361, 48.454876], [-89.167378, 48.454863], [-89.167411, 48.454845], [-89.167462, 48.454823], [-89.167529, 48.454796], [-89.167563, 48.454785], [-89.167563, 48.454789], [-89.167529, 48.454809], [-89.167462, 48.454845], [-89.167411, 48.45487], [-89.167378, 48.454883], [-89.167361, 48.454885], [-89.167361, 48.454876]]]}}, {"type": "Feature", "properties": {"lead": 72, "temp": "sp:brook_trout:s1"}, "geometry": {"type": "Polygon", "coordinates": [[[-89.168473, 48.455452], [-89.168453, 48.455368], [-89.168507, 48.455305], [-89.168635, 48.455265], [-89.168837, 48.455247], [-89.168992, 48.455238], [-89.1691, 48.455238], [-89.16916, 48.455247], [-89.169174, 48.455265], [-89.169154, 48.455305], [-89.1691, 48.455368], [-89.169012, 48.455452], [-89.168891, 48.455559], [-89.168776, 48.455613], [-89.168668, 48.455613], [-89.168567, 48.455559], [-89.168473, 48.455452]]]}}, {"type": "Feature", "properties": {"lead": 72, "temp": "sp:brook_trout:s1"}, "geometry": {"type": "Polygon", "coordinates": [[[-89.165895, 48.455839], [-89.165875, 48.455807], [-89.165925, 48.455792], [-89.166046, 48.455792], [-89.166137, 48.455763], [-89.166198, 48.455705], [-89.166228, 48.455618], [-89.166228, 48.455501], [-89.166286, 48.455417], [-89.1664, 48.455363], [-89.166572, 48.455341], [-89.166801, 48.45535], [-89.166993, 48.455341], [-89.167149, 48.455314], [-89.167266, 48.455269], [-89.167347, 48.455207], [-89.167408, 48.455196], [-89.167448, 48.455236], [-89.167469, 48.455327], [-89.167469, 48.45547], [-89.167489, 48.455591], [-89.167529, 48.455689], [-89.16759, 48.455765], [-89.167671, 48.455818], [-89.167644, 48.455868], [-89.167509, 48.455912], [-89.167266, 48.455952], [-89.166916, 48.455988], [-89.166613, 48.455999], [-89.166357, 48.455986], [-89.166148, 48.455948], [-89.165986, 48.455885], [-89.165895, 48.455839]]]}}, {"type": "Feature", "properties": {"lead": 72, "temp": "sp:brook_trout:s1"}, "geometry": {"type": "Polygon", "coordinates": [[[-89.165531, 48.455778], [-89.165511, 48.455751], [-89.165514, 48.455711], [-89.165541, 48.455658], [-89.165571, 48.455618], [-89.165605, 48.455591], [-89.165642, 48.455577], [-89.165683, 48.455577], [-89.165713, 48.455591], [-89.165733, 48.455618], [-89.165743, 48.455658], [-89.165743, 48.455711], [-89.165726, 48.455751], [-89.165693, 48.455778], [-89.165642, 48.455792], [-89.165575, 48.455792], [-89.165531, 48.455778]]]}}, {"type": "Feature", "properties": {"lead": 72, "temp": "sp:brook_trout:s1"}, "geometry": {"type": "Polygon", "coordinates": [[[-89.16488, 48.456189], [-89.164891, 48.456169], [-89.164911, 48.456156], [-89.164941, 48.456149], [-89.164982, 48.456149], [-89.165002, 48.456156], [-89.165002, 48.456169], [-89.164982, 48.456189], [-89.164941, 48.456216], [-89.164911, 48.456229], [-89.164891, 48.456229], [-89.16488, 48.456216], [-89.16488, 48.456189]]]}}, {"type": "Feature", "properties": {"lead": 72, "temp": "sp:brook_trout:s1"}, "geometry": {"type": "Polygon", "coordinates": [[[-89.165346, 48.45647], [-89.165265, 48.456457], [-89.165197, 48.45643], [-89.165143, 48.45639], [-89.165103, 48.456336], [-89.165106, 48.456292], [-89.165153, 48.456256], [-89.165244, 48.456229], [-89.165379, 48.456211], [-89.16548, 48.456216], [-89.165548, 48.456243], [-89.165581, 48.456292], [-89.165581, 48.456363], [-89.165558, 48.456417], [-89.165511, 48.456452], [-89.16544, 48.45647], [-89.165346, 48.45647]]]}}, {"type": "Feature", "properties": {"lead": 72, "temp": "sp:brook_trout:s1"}, "geometry": {"type": "Polygon", "coordinates": [[[-89.166026, 48.45672], [-89.165966, 48.456711], [-89.165925, 48.456694], [-89.165905, 48.456667], [-89.165905, 48.456631], [-89.165925, 48.456598], [-89.165966, 48.456566], [-89.166026, 48.456537], [-89.166107, 48.456511], [-89.166168, 48.456506], [-89.166208, 48.456524], [-89.166228, 48.456564], [-89.166228, 48.456627], [-89.166208, 48.456673], [-89.166168, 48.456705], [-89.166107, 48.45672], [-89.166026, 48.45672]]]}}, {"type": "Feature", "properties": {"lead": 72, "temp": "sp:brook_trout:s1"}, "geometry": {"type": "Polygon", "coordinates": [[[-89.166515, 48.457042], [-89.166468, 48.456881], [-89.166552, 48.456841], [-89.166768, 48.456921], [-89.16694, 48.457017], [-89.167068, 48.457129], [-89.167152, 48.457256], [-89.167192, 48.457399], [-89.167236, 48.457506], [-89.167283, 48.457578], [-89.167334, 48.457613], [-89.167388, 48.457613], [-89.167428, 48.457658], [-89.167455, 48.457747], [-89.167469, 48.457881], [-89.167469, 48.45806], [-89.167391, 48.458093], [-89.167236, 48.457982], [-89.167004, 48.457725], [-89.166694, 48.457323], [-89.166515, 48.457042]]]}}, {"type": "Feature", "properties": {"lead": 72, "temp": "sp:brook_trout:s1"}, "geometry": {"type": "Polygon", "coordinates": [[[-89.156206, 48.471084], [-89.156273, 48.471097], [-89.156307, 48.471117], [-89.156307, 48.471144], [-89.156273, 48.471157], [-89.156206, 48.471157], [-89.156105, 48.471144], [-89.15597, 48.471117], [-89.155903, 48.471097], [-89.155903, 48.471084], [-89.15597, 48.471077], [-89.156105, 48.471077], [-89.156206, 48.471084]]]}}, {"type": "Feature", "properties": {"lead": 72, "temp": "sp:brook_trout:s1"}, "geometry": {"type": "Polygon", "coordinates": [[[-89.156489, 48.471265], [-89.156455, 48.471207], [-89.156509, 48.471144], [-89.156651, 48.471077], [-89.15688, 48.471006], [-89.157062, 48.47097], [-89.157197, 48.47097], [-89.157284, 48.471006], [-89.157325, 48.471077], [-89.157318, 48.471144], [-89.157264, 48.471207], [-89.157163, 48.471265], [-89.157015, 48.471318], [-89.156873, 48.471345], [-89.156738, 48.471345], [-89.15661, 48.471318], [-89.156489, 48.471265]]]}}, {"type": "Feature", "properties": {"lead": 72, "temp": "sp:brook_trout:s1"}, "geometry": {"type": "Polygon", "coordinates": [[[-89.155444, 48.471224], [-89.155454, 48.471204], [-89.155475, 48.471191], [-89.155505, 48.471184], [-89.155545, 48.471184], [-89.155566, 48.471191], [-89.155566, 48.471204], [-89.155545, 48.471224], [-89.155505, 48.471251], [-89.155475, 48.471265], [-89.155454, 48.471265], [-89.155444, 48.471251], [-89.155444, 48.471224]]]}}, {"type": "Feature", "properties": {"lead": 72, "temp": "sp:brook_trout:s1"}, "geometry": {"type": "Polygon", "coordinates": [[[-89.155283, 48.471796], [-89.155299, 48.471776], [-89.155333, 48.471762], [-89.155384, 48.471756], [-89.155451, 48.471756], [-89.155485, 48.471762], [-89.155485, 48.471776], [-89.155451, 48.471796], [-89.155384, 48.471823], [-89.155333, 48.471836], [-89.155299, 48.471836], [-89.155283, 48.471823], [-89.155283, 48.471796]]]}}, {"type": "Feature", "properties": {"lead": 72, "temp": "sp:brook_trout:s1"}, "geometry": {"type": "Polygon", "coordinates": [[[-89.15443, 48.472347], [-89.15445, 48.472334], [-89.15448, 48.472327], [-89.154521, 48.472327], [-89.154541, 48.472334], [-89.154541, 48.472347], [-89.154521, 48.472367], [-89.15448, 48.472394], [-89.15445, 48.472407], [-89.15443, 48.472407], [-89.15442, 48.472394], [-89.15442, 48.472367], [-89.15443, 48.472347]]]}}, {"type": "Feature", "properties": {"lead": 72, "temp": "sp:brook_trout:s1"}, "geometry": {"type": "Polygon", "coordinates": [[[-89.154915, 48.472454], [-89.154935, 48.472441], [-89.154966, 48.472434], [-89.155006, 48.472434], [-89.155026, 48.472441], [-89.155026, 48.472454], [-89.155006, 48.472474], [-89.154966, 48.472501], [-89.154935, 48.472514], [-89.154915, 48.472514], [-89.154905, 48.472501], [-89.154905, 48.472474], [-89.154915, 48.472454]]]}}, {"type": "Feature", "properties": {"lead": 72, "temp": "sp:brook_trout:s1"}, "geometry": {"type": "Polygon", "coordinates": [[[-89.155067, 48.472581], [-89.15508, 48.472561], [-89.155107, 48.472548], [-89.155148, 48.472541], [-89.155202, 48.472541], [-89.155229, 48.472548], [-89.155229, 48.472561], [-89.155202, 48.472581], [-89.155148, 48.472608], [-89.155107, 48.472622], [-89.15508, 48.472622], [-89.155067, 48.472608], [-89.155067, 48.472581]]]}}, {"type": "Feature", "properties": {"lead": 72, "temp": "sp:brook_trout:s1"}, "geometry": {"type": "Polygon", "coordinates": [[[-89.153658, 48.473742], [-89.153618, 48.473644], [-89.153591, 48.473496], [-89.153577, 48.4733], [-89.153621, 48.473117], [-89.153722, 48.472947], [-89.153881, 48.472791], [-89.154096, 48.472648], [-89.154248, 48.472566], [-89.154336, 48.472543], [-89.154359, 48.472581], [-89.154319, 48.47268], [-89.154305, 48.472762], [-89.154319, 48.472829], [-89.154359, 48.47288], [-89.154427, 48.472916], [-89.154437, 48.472994], [-89.15439, 48.473115], [-89.154285, 48.473278], [-89.154123, 48.473483], [-89.153985, 48.473637], [-89.153871, 48.47374], [-89.15378, 48.473791], [-89.153712, 48.473791], [-89.153658, 48.473742]]]}}, {"type": "Feature", "properties": {"lead": 72, "temp": "sp:brook_trout:s1"}, "geometry": {"type": "Polygon", "coordinates": [[[-89.150416, 48.475384], [-89.150632, 48.475179], [-89.150922, 48.474951], [-89.151286, 48.474701], [-89.151643, 48.474496], [-89.151993, 48.474335], [-89.152337, 48.474219], [-89.152674, 48.474148], [-89.152833, 48.474128], [-89.152812, 48.474159], [-89.152613, 48.474242], [-89.152236, 48.474376], [-89.151929, 48.474512], [-89.151693, 48.47465], [-89.151528, 48.474791], [-89.151434, 48.474934], [-89.151343, 48.475041], [-89.151255, 48.475112], [-89.151171, 48.475148], [-89.15109, 48.475148], [-89.151009, 48.475183], [-89.150928, 48.475255], [-89.150848, 48.475362], [-89.150767, 48.475505], [-89.150672, 48.475628], [-89.150564, 48.47573], [-89.150443, 48.475813], [-89.150308, 48.475875], [-89.150224, 48.475882], [-89.15019, 48.475833], [-89.150207, 48.475728], [-89.150275, 48.475567], [-89.150416, 48.475384]]]}}, {"type": "Feature", "properties": {"lead": 72, "temp": "sp:brook_trout:s1"}, "geometry": {"type": "Polygon", "coordinates": [[[-89.148394, 48.477022], [-89.148566, 48.476958], [-89.148667, 48.476935], [-89.148697, 48.476955], [-89.148657, 48.477018], [-89.148603, 48.477065], [-89.148536, 48.477096], [-89.148455, 48.477111], [-89.14836, 48.477111], [-89.148263, 48.477123], [-89.148162, 48.477145], [-89.148057, 48.477178], [-89.147949, 48.477223], [-89.147929, 48.47723], [-89.147997, 48.477199], [-89.148152, 48.477129], [-89.148394, 48.477022]]]}}, {"type": "Feature", "properties": {"lead": 72, "temp": "sp:brook_trout:s1"}, "geometry": {"type": "Polygon", "coordinates": [[[-89.141179, 48.479472], [-89.14128, 48.479356], [-89.141418, 48.479231], [-89.141593, 48.479098], [-89.142092, 48.478899], [-89.142914, 48.478636], [-89.14406, 48.478308], [-89.14553, 48.477915], [-89.146618, 48.477634], [-89.147326, 48.477464], [-89.147653, 48.477406], [-89.147599, 48.47746], [-89.147528, 48.477506], [-89.14744, 48.477547], [-89.147336, 48.47758], [-89.147215, 48.477607], [-89.147124, 48.477636], [-89.147063, 48.477667], [-89.147033, 48.477701], [-89.147033, 48.477736], [-89.146989, 48.47777], [-89.146901, 48.477801], [-89.14677, 48.47783], [-89.146595, 48.477857], [-89.146379, 48.477919], [-89.146123, 48.478017], [-89.145826, 48.478151], [-89.145489, 48.478321], [-89.145031, 48.478491], [-89.144451, 48.47866], [-89.14375, 48.47883], [-89.142928, 48.478999], [-89.142271, 48.479162], [-89.141779, 48.479318], [-89.141452, 48.479468], [-89.14129, 48.479611], [-89.141176, 48.479693], [-89.141108, 48.479716], [-89.141088, 48.479678], [-89.141115, 48.479579], [-89.141179, 48.479472]]]}}, {"type": "Feature", "properties": {"lead": 72, "temp": "sp:brook_trout:s1"}, "geometry": {"type": "Polygon", "coordinates": [[[-89.129714, 48.482971], [-89.129694, 48.482909], [-89.12969, 48.482815], [-89.129704, 48.48269], [-89.129751, 48.482567], [-89.129832, 48.482447], [-89.129947, 48.482328], [-89.130095, 48.482212], [-89.130267, 48.482123], [-89.130462, 48.482061], [-89.130681, 48.482025], [-89.130924, 48.482016], [-89.131214, 48.48198], [-89.131551, 48.481918], [-89.131935, 48.481829], [-89.132366, 48.481713], [-89.132804, 48.481628], [-89.133249, 48.481574], [-89.133701, 48.481552], [-89.134159, 48.481561], [-89.134587, 48.481552], [-89.134985, 48.481525], [-89.135352, 48.481481], [-89.135689, 48.481418], [-89.135942, 48.481378], [-89.13611, 48.48136], [-89.136195, 48.481365], [-89.136195, 48.481391], [-89.136174, 48.481411], [-89.136134, 48.481425], [-89.136073, 48.481432], [-89.135992, 48.481432], [-89.135932, 48.481438], [-89.135891, 48.481452], [-89.135871, 48.481472], [-89.135871, 48.481498], [-89.135851, 48.481519], [-89.13581, 48.481532], [-89.13575, 48.481539], [-89.135669, 48.481539], [-89.135608, 48.481545], [-89.135568, 48.481559], [-89.135548, 48.481579], [-89.135548, 48.481606], [-89.13546, 48.481639], [-89.135285, 48.481679], [-89.135022, 48.481726], [-89.134671, 48.48178], [-89.134408, 48.481829], [-89.134233, 48.481873], [-89.134146, 48.481913], [-89.134146, 48.481949], [-89.134038, 48.481967], [-89.133822, 48.481967], [-89.133499, 48.481949], [-89.133067, 48.481913], [-89.132744, 48.481896], [-89.132528, 48.481896], [-89.13242, 48.481913], [-89.13242, 48.481949], [-89.132302, 48.481989], [-89.132066, 48.482034], [-89.131712, 48.482083], [-89.131241, 48.482137], [-89.130856, 48.48219], [-89.13056, 48.482244], [-89.130351, 48.482297], [-89.13023, 48.482351], [-89.130129, 48.482427], [-89.130048, 48.482525], [-89.129987, 48.482645], [-89.129947, 48.482788], [-89.129903, 48.482895], [-89.129856, 48.482967], [-89.129805, 48.483002], [-89.129751, 48.483002], [-89.129714, 48.482971]]]}}, {"type": "Feature", "properties": {"lead": 72, "temp": "sp:brook_trout:s2"}, "geometry": {"type": "Polygon", "coordinates": [[[-89.168834, 48.455604], [-89.168891, 48.455537], [-89.169012, 48.455439], [-89.169107, 48.455383], [-89.169174, 48.45537], [-89.169214, 48.455399], [-89.169228, 48.45547], [-89.169204, 48.45553], [-89.169144, 48.45558], [-89.169046, 48.455618], [-89.168911, 48.455644], [-89.16884, 48.45564], [-89.168834, 48.455604]]]}}, {"type": "Feature", "properties": {"lead": 72, "temp": "sp:brook_trout:s2"}, "geometry": {"type": "Polygon", "coordinates": [[[-89.166046, 48.455792], [-89.165925, 48.455792], [-89.165827, 48.455756], [-89.165753, 48.455685], [-89.165703, 48.455577], [-89.165676, 48.455434], [-89.165703, 48.455332], [-89.165784, 48.455269], [-89.165918, 48.455247], [-89.166107, 48.455265], [-89.166239, 48.455309], [-89.166313, 48.455381], [-89.16633, 48.455479], [-89.166289, 48.455604], [-89.166228, 48.455698], [-89.166148, 48.45576], [-89.166046, 48.455792]]]}}, {"type": "Feature", "properties": {"lead": 72, "temp": "sp:brook_trout:s2"}, "geometry": {"type": "Polygon", "coordinates": [[[-89.165918, 48.457104], [-89.165352, 48.456836], [-89.164921, 48.456595], [-89.164624, 48.456381], [-89.164463, 48.456194], [-89.164436, 48.456033], [-89.164449, 48.455883], [-89.164503, 48.455745], [-89.164597, 48.455618], [-89.164732, 48.455501], [-89.164847, 48.455414], [-89.164941, 48.455356], [-89.165015, 48.455327], [-89.165069, 48.455327], [-89.165113, 48.455361], [-89.165147, 48.455428], [-89.16517, 48.455528], [-89.165184, 48.455662], [-89.16517, 48.455765], [-89.16513, 48.455836], [-89.165062, 48.455877], [-89.164968, 48.455885], [-89.164897, 48.455914], [-89.16485, 48.455964], [-89.164827, 48.456033], [-89.164827, 48.456122], [-89.164938, 48.456231], [-89.16516, 48.456361], [-89.165494, 48.456511], [-89.165939, 48.45668], [-89.166282, 48.456843], [-89.166525, 48.456999], [-89.166667, 48.457149], [-89.166707, 48.457292], [-89.166596, 48.457332], [-89.166333, 48.45727], [-89.165918, 48.457104]], [[-89.164914, 48.456327], [-89.164901, 48.456327], [-89.164891, 48.45633], [-89.164884, 48.456334], [-89.16488, 48.456341], [-89.16488, 48.45635], [-89.164884, 48.456354], [-89.164891, 48.456354], [-89.164901, 48.45635], [-89.164914, 48.456341], [-89.164921, 48.456334], [-89.164921, 48.45633], [-89.164914, 48.456327]]]}}, {"type": "Feature", "properties": {"lead": 72, "temp": "sp:brook_trout:s2"}, "geometry": {"type": "Polygon", "coordinates": [[[-89.153567, 48.47295], [-89.153557, 48.472863], [-89.153557, 48.47272], [-89.153587, 48.472575], [-89.153648, 48.472427], [-89.153739, 48.472278], [-89.15386, 48.472126], [-89.153988, 48.471997], [-89.154123, 48.47189], [-89.154265, 48.471805], [-89.154413, 48.471742], [-89.154518, 48.47166], [-89.154578, 48.471557], [-89.154595, 48.471434], [-89.154568, 48.471291], [-89.154558, 48.471175], [-89.154565, 48.471086], [-89.154588, 48.471024], [-89.154629, 48.470988], [-89.154666, 48.470983], [-89.1547, 48.47101], [-89.15473, 48.471068], [-89.154757, 48.471157], [-89.154777, 48.471193], [-89.154791, 48.471175], [-89.154797, 48.471104], [-89.154797, 48.470979], [-89.154865, 48.470861], [-89.154999, 48.470749], [-89.155202, 48.470644], [-89.155471, 48.470546], [-89.155731, 48.470479], [-89.15598, 48.470443], [-89.156219, 48.470439], [-89.156449, 48.470466], [-89.156644, 48.470513], [-89.156806, 48.470579], [-89.156934, 48.470666], [-89.157028, 48.470774], [-89.157055, 48.47087], [-89.157015, 48.470954], [-89.156907, 48.471028], [-89.156732, 48.471091], [-89.156567, 48.471128], [-89.156412, 48.471142], [-89.156267, 48.471131], [-89.156132, 48.471095], [-89.155973, 48.471082], [-89.155791, 48.471091], [-89.155586, 48.471122], [-89.155357, 48.471175], [-89.155175, 48.471271], [-89.15504, 48.47141], [-89.154952, 48.47159], [-89.154912, 48.471814], [-89.154811, 48.472019], [-89.154649, 48.472206], [-89.154427, 48.472376], [-89.154143, 48.472528], [-89.153921, 48.472662], [-89.153759, 48.472778], [-89.153658, 48.472876], [-89.153618, 48.472956], [-89.153587, 48.472981], [-89.153567, 48.47295]], [[-89.154774, 48.471724], [-89.154757, 48.47172], [-89.15473, 48.47172], [-89.154713, 48.471724], [-89.154706, 48.471733], [-89.15471, 48.471747], [-89.154723, 48.471765], [-89.154737, 48.471773], [-89.15475, 48.471773], [-89.154764, 48.471765], [-89.154777, 48.471747], [-89.15478, 48.471733], [-89.154774, 48.471724]], [[-89.15473, 48.471582], [-89.154723, 48.471577], [-89.15471, 48.471577], [-89.1547, 48.471582], [-89.154693, 48.47159], [-89.154689, 48.471604], [-89.154689, 48.471622], [-89.154693, 48.471631], [-89.1547, 48.471631], [-89.15471, 48.471622], [-89.154723, 48.471604], [-89.15473, 48.47159], [-89.15473, 48.471582]], [[-89.154946, 48.471365], [-89.154939, 48.471363], [-89.154925, 48.471363], [-89.154915, 48.471365], [-89.154908, 48.47137], [-89.154905, 48.471376], [-89.154905, 48.471385], [-89.154908, 48.47139], [-89.154915, 48.47139], [-89.154925, 48.471385], [-89.154939, 48.471376], [-89.154946, 48.47137], [-89.154946, 48.471365]], [[-89.154932, 48.47116], [-89.154919, 48.471149], [-89.154892, 48.471149], [-89.154871, 48.47116], [-89.154858, 48.471182], [-89.154851, 48.471216], [-89.154851, 48.47126], [-89.154858, 48.471282], [-89.154871, 48.471282], [-89.154892, 48.47126], [-89.154919, 48.471216], [-89.154932, 48.471182], [-89.154932, 48.47116]]]}}, {"type": "Feature", "properties": {"lead": 72, "temp": "sp:brook_trout:s2"}, "geometry": {"type": "Polygon", "coordinates": [[[-89.1557, 48.472171], [-89.15562, 48.472162], [-89.155559, 48.472148], [-89.155518, 48.472131], [-89.155498, 48.472108], [-89.155498, 48.472081], [-89.155515, 48.472059], [-89.155549, 48.472041], [-89.155599, 48.472028], [-89.155667, 48.472019], [-89.155721, 48.472023], [-89.155761, 48.472041], [-89.155788, 48.472073], [-89.155802, 48.472117], [-89.155791, 48.472148], [-89.155758, 48.472166], [-89.1557, 48.472171]]]}}, {"type": "Feature", "properties": {"lead": 72, "temp": "sp:brook_trout:s2"}, "geometry": {"type": "Polygon", "coordinates": [[[-89.155721, 48.472318], [-89.155761, 48.472264], [-89.155802, 48.472233], [-89.155842, 48.472224], [-89.155882, 48.472238], [-89.155923, 48.472273], [-89.155933, 48.472305], [-89.155913, 48.472331], [-89.155862, 48.472354], [-89.155781, 48.472372], [-89.155731, 48.472372], [-89.155711, 48.472354], [-89.155721, 48.472318]]]}}, {"type": "Feature", "properties": {"lead": 72, "temp": "sp:brook_trout:s3"}, "geometry": {"type": "Polygon", "coordinates": [[[-89.165581, 48.455443], [-89.165581, 48.455354], [-89.165585, 48.455287], [-89.165592, 48.455242], [-89.165602, 48.45522], [-89.165615, 48.45522], [-89.165622, 48.455242], [-89.165622, 48.455287], [-89.165615, 48.455354], [-89.165602, 48.455443], [-89.165592, 48.455488], [-89.165585, 48.455488], [-89.165581, 48.455443]]]}}, {"type": "Feature", "properties": {"lead": 72, "temp": "sp:brook_trout:s3"}, "geometry": {"type": "Polygon", "coordinates": [[[-89.16515, 48.45564], [-89.16515, 48.455515], [-89.165153, 48.455421], [-89.16516, 48.455359], [-89.16517, 48.455327], [-89.165184, 48.455327], [-89.165191, 48.455359], [-89.165191, 48.455421], [-89.165184, 48.455515], [-89.16517, 48.45564], [-89.16516, 48.455702], [-89.165153, 48.455702], [-89.16515, 48.45564]]]}}, {"type": "Feature", "properties": {"lead": 72, "temp": "sp:brook_trout:s3"}, "geometry": {"type": "Polygon", "coordinates": [[[-89.164827, 48.456122], [-89.164827, 48.456033], [-89.16483, 48.455966], [-89.164837, 48.455921], [-89.164847, 48.455899], [-89.16486, 48.455899], [-89.164867, 48.455921], [-89.164867, 48.455966], [-89.16486, 48.456033], [-89.164847, 48.456122], [-89.164837, 48.456167], [-89.16483, 48.456167], [-89.164827, 48.456122]]]}}, {"type": "Feature", "properties": {"lead": 72, "temp": "sp:brook_trout:s3"}, "geometry": {"type": "Polygon", "coordinates": [[[-89.165204, 48.456484], [-89.165238, 48.456477], [-89.165305, 48.456473], [-89.165406, 48.45647], [-89.165541, 48.45647], [-89.165608, 48.456473], [-89.165608, 48.456477], [-89.165541, 48.456484], [-89.165406, 48.456493], [-89.165305, 48.456497], [-89.165238, 48.456497], [-89.165204, 48.456493], [-89.165204, 48.456484]]]}}, {"type": "Feature", "properties": {"lead": 72, "temp": "sp:brook_trout:s3"}, "geometry": {"type": "Polygon", "coordinates": [[[-89.154723, 48.471001], [-89.154737, 48.470914], [-89.15475, 48.470856], [-89.154764, 48.470827], [-89.154777, 48.470827], [-89.15478, 48.470856], [-89.154774, 48.470914], [-89.154757, 48.471001], [-89.15473, 48.471117], [-89.154713, 48.471175], [-89.154706, 48.471175], [-89.15471, 48.471117], [-89.154723, 48.471001]]]}}, {"type": "Feature", "properties": {"lead": 72, "temp": "sp:brook_trout:s3"}, "geometry": {"type": "Polygon", "coordinates": [[[-89.154851, 48.47126], [-89.154851, 48.471216], [-89.154858, 48.471182], [-89.154871, 48.47116], [-89.154892, 48.471149], [-89.154919, 48.471149], [-89.154932, 48.47116], [-89.154932, 48.471182], [-89.154919, 48.471216], [-89.154892, 48.47126], [-89.154871, 48.471282], [-89.154858, 48.471282], [-89.154851, 48.47126]]]}}, {"type": "Feature", "properties": {"lead": 72, "temp": "sp:brook_trout:s3"}, "geometry": {"type": "Polygon", "coordinates": [[[-89.155181, 48.471613], [-89.155114, 48.471613], [-89.155064, 48.47159], [-89.15503, 48.471546], [-89.155013, 48.471479], [-89.155013, 48.47139], [-89.15504, 48.471323], [-89.155094, 48.471278], [-89.155175, 48.471256], [-89.155283, 48.471256], [-89.155353, 48.471265], [-89.155387, 48.471282], [-89.155384, 48.471309], [-89.155343, 48.471345], [-89.155299, 48.471372], [-89.155252, 48.47139], [-89.155202, 48.471399], [-89.155148, 48.471399], [-89.155121, 48.471405], [-89.155121, 48.471419], [-89.155148, 48.471439], [-89.155202, 48.471465], [-89.155242, 48.471492], [-89.155269, 48.471519], [-89.155283, 48.471546], [-89.155283, 48.471573], [-89.155266, 48.471593], [-89.155232, 48.471606], [-89.155181, 48.471613]], [[-89.155188, 48.471541], [-89.155161, 48.471541], [-89.155141, 48.471544], [-89.155128, 48.471548], [-89.155121, 48.471555], [-89.155121, 48.471564], [-89.155128, 48.471568], [-89.155141, 48.471568], [-89.155161, 48.471564], [-89.155188, 48.471555], [-89.155202, 48.471548], [-89.155202, 48.471544], [-89.155188, 48.471541]], [[-89.155188, 48.471327], [-89.155161, 48.471327], [-89.155141, 48.471329], [-89.155128, 48.471334], [-89.155121, 48.47134], [-89.155121, 48.471349], [-89.155128, 48.471354], [-89.155141, 48.471354], [-89.155161, 48.471349], [-89.155188, 48.47134], [-89.155202, 48.471334], [-89.155202, 48.471329], [-89.155188, 48.471327]]]}}, {"type": "Feature", "properties": {"lead": 72, "temp": "sp:brook_trout:s3"}, "geometry": {"type": "Polygon", "coordinates": [[[-89.154784, 48.472184], [-89.154703, 48.472184], [-89.154659, 48.472182], [-89.154652, 48.472177], [-89.154683, 48.472171], [-89.15475, 48.472162], [-89.154801, 48.472137], [-89.154834, 48.472097], [-89.154851, 48.472041], [-89.154851, 48.47197], [-89.154855, 48.471916], [-89.154861, 48.471881], [-89.154871, 48.471863], [-89.154885, 48.471863], [-89.154895, 48.471883], [-89.154902, 48.471923], [-89.154905, 48.471983], [-89.154905, 48.472064], [-89.154885, 48.472124], [-89.154844, 48.472164], [-89.154784, 48.472184]]]}}, {"type": "Feature", "properties": {"lead": 72, "temp": "sp:brook_trout:s3"}, "geometry": {"type": "Polygon", "coordinates": [[[-89.155727, 48.472434], [-89.155657, 48.472427], [-89.155596, 48.472414], [-89.155545, 48.472394], [-89.155505, 48.472367], [-89.155475, 48.472329], [-89.155454, 48.47228], [-89.155444, 48.47222], [-89.155444, 48.472148], [-89.155468, 48.472104], [-89.155515, 48.472086], [-89.155586, 48.472095], [-89.15568, 48.472131], [-89.155741, 48.472171], [-89.155749, 48.472185], [-89.155748, 48.472184], [-89.155734, 48.472184], [-89.155724, 48.472186], [-89.155717, 48.472191], [-89.155714, 48.472197], [-89.155714, 48.472206], [-89.155717, 48.472211], [-89.155724, 48.472211], [-89.155734, 48.472206], [-89.155748, 48.472197], [-89.155754, 48.472192], [-89.155768, 48.472215], [-89.155761, 48.472264], [-89.155721, 48.472318], [-89.155707, 48.47236], [-89.155721, 48.472392], [-89.155761, 48.472412], [-89.155829, 48.472421], [-89.155859, 48.472427], [-89.155852, 48.472432], [-89.155808, 48.472434], [-89.155727, 48.472434]], [[-89.155559, 48.47222], [-89.155529, 48.472224], [-89.155508, 48.472233], [-89.155498, 48.472247], [-89.155498, 48.472264], [-89.155508, 48.472273], [-89.155529, 48.472273], [-89.155559, 48.472264], [-89.155599, 48.472247], [-89.15562, 48.472233], [-89.15562, 48.472224], [-89.155599, 48.47222], [-89.155559, 48.47222]]]}}, {"type": "Feature", "properties": {"lead": 72, "temp": "sp:brook_trout:s3"}, "geometry": {"type": "Polygon", "coordinates": [[[-89.154966, 48.472434], [-89.154935, 48.472418], [-89.154915, 48.472387], [-89.154905, 48.47234], [-89.154905, 48.472278], [-89.154912, 48.472244], [-89.154925, 48.47224], [-89.154946, 48.472264], [-89.154973, 48.472318], [-89.154996, 48.472345], [-89.155016, 48.472345], [-89.155033, 48.472318], [-89.155047, 48.472264], [-89.155057, 48.47224], [-89.155064, 48.472244], [-89.155067, 48.472278], [-89.155067, 48.47234], [-89.155057, 48.472387], [-89.155037, 48.472418], [-89.155006, 48.472434], [-89.154966, 48.472434]]]}}, {"type": "Feature", "properties": {"lead": 72, "temp": "sp:salmon:s1"}, "geometry": {"type": "Polygon", "coordinates": [[[-89.156594, 48.470709], [-89.156573, 48.470687], [-89.15661, 48.470653], [-89.156705, 48.470608], [-89.156786, 48.470586], [-89.156853, 48.470586], [-89.156907, 48.470608], [-89.156947, 48.470653], [-89.156944, 48.470687], [-89.156897, 48.470709], [-89.156806, 48.47072], [-89.156671, 48.47072], [-89.156594, 48.470709]]]}}, {"type": "Feature", "properties": {"lead": 72, "temp": "sp:salmon:s1"}, "geometry": {"type": "Polygon", "coordinates": [[[-89.154844, 48.472043], [-89.154784, 48.472037], [-89.154703, 48.47201], [-89.154649, 48.471983], [-89.154622, 48.471956], [-89.154622, 48.47193], [-89.154649, 48.471903], [-89.154683, 48.471883], [-89.154723, 48.471869], [-89.15477, 48.471863], [-89.154824, 48.471863], [-89.154865, 48.471876], [-89.154892, 48.471903], [-89.154905, 48.471943], [-89.154905, 48.471997], [-89.154885, 48.47203], [-89.154844, 48.472043]]]}}, {"type": "Feature", "properties": {"lead": 72, "temp": "sp:salmon:s1"}, "geometry": {"type": "Polygon", "coordinates": [[[-89.155525, 48.472191], [-89.155586, 48.472184], [-89.15568, 48.472184], [-89.155738, 48.472191], [-89.155758, 48.472204], [-89.155741, 48.472224], [-89.155687, 48.472251], [-89.155636, 48.472264], [-89.155589, 48.472264], [-89.155545, 48.472251], [-89.155505, 48.472224], [-89.155498, 48.472204], [-89.155525, 48.472191]]]}}, {"type": "Feature", "properties": {"lead": 72, "temp": "sp:salmon:s2"}, "geometry": {"type": "Polygon", "coordinates": [[[-89.165366, 48.45526], [-89.165376, 48.45524], [-89.165396, 48.455227], [-89.165426, 48.45522], [-89.165467, 48.45522], [-89.165487, 48.455227], [-89.165487, 48.45524], [-89.165467, 48.45526], [-89.165426, 48.455287], [-89.165396, 48.455301], [-89.165376, 48.455301], [-89.165366, 48.455287], [-89.165366, 48.45526]]]}}, {"type": "Feature", "properties": {"lead": 72, "temp": "sp:salmon:s2"}, "geometry": {"type": "Polygon", "coordinates": [[[-89.166552, 48.455952], [-89.166131, 48.455919], [-89.165827, 48.455888], [-89.165642, 48.455859], [-89.165575, 48.455832], [-89.165534, 48.455776], [-89.165521, 48.455691], [-89.165534, 48.455577], [-89.165575, 48.455434], [-89.165699, 48.455336], [-89.165908, 48.455283], [-89.166202, 48.455274], [-89.166579, 48.455309], [-89.166886, 48.455298], [-89.167122, 48.45524], [-89.167287, 48.455135], [-89.167381, 48.454984], [-89.167519, 48.454865], [-89.167701, 48.45478], [-89.167927, 48.454729], [-89.168197, 48.454711], [-89.168412, 48.454711], [-89.168574, 48.454729], [-89.168682, 48.454765], [-89.168736, 48.454818], [-89.168702, 48.454859], [-89.168581, 48.454885], [-89.168372, 48.454899], [-89.168075, 48.454899], [-89.16787, 48.45497], [-89.167755, 48.455113], [-89.167732, 48.455327], [-89.167799, 48.455613], [-89.167715, 48.455818], [-89.167479, 48.455943], [-89.167091, 48.455988], [-89.166552, 48.455952]]]}}, {"type": "Feature", "properties": {"lead": 72, "temp": "sp:salmon:s2"}, "geometry": {"type": "Polygon", "coordinates": [[[-89.168689, 48.455631], [-89.168611, 48.455584], [-89.16855, 48.455526], [-89.168507, 48.455457], [-89.16848, 48.455376], [-89.16851, 48.455321], [-89.168598, 48.455289], [-89.168743, 48.455283], [-89.168945, 48.455301], [-89.169076, 48.455338], [-89.169137, 48.455397], [-89.169127, 48.455475], [-89.169046, 48.455573], [-89.168962, 48.455638], [-89.168874, 48.455669], [-89.168783, 48.455667], [-89.168689, 48.455631]]]}}, {"type": "Feature", "properties": {"lead": 72, "temp": "sp:salmon:s2"}, "geometry": {"type": "Polygon", "coordinates": [[[-89.165379, 48.456435], [-89.165308, 48.456423], [-89.165248, 48.456401], [-89.165197, 48.456368], [-89.165157, 48.456323], [-89.165157, 48.456285], [-89.165197, 48.456254], [-89.165278, 48.456229], [-89.165399, 48.456211], [-89.16549, 48.456214], [-89.165551, 48.456236], [-89.165581, 48.456278], [-89.165581, 48.456341], [-89.165561, 48.456388], [-89.165521, 48.456419], [-89.16546, 48.456435], [-89.165379, 48.456435]]]}}, {"type": "Feature", "properties": {"lead": 72, "temp": "sp:salmon:s2"}, "geometry": {"type": "Polygon", "coordinates": [[[-89.167084, 48.457868], [-89.166737, 48.457573], [-89.166326, 48.457296], [-89.165851, 48.457037], [-89.165312, 48.456796], [-89.164904, 48.456569], [-89.164628, 48.456354], [-89.164483, 48.456153], [-89.164469, 48.455966], [-89.1645, 48.455798], [-89.164574, 48.455651], [-89.164692, 48.455524], [-89.164854, 48.455417], [-89.164978, 48.455372], [-89.165066, 48.45539], [-89.165116, 48.45547], [-89.16513, 48.455613], [-89.16515, 48.455711], [-89.165177, 48.455765], [-89.165211, 48.455774], [-89.165251, 48.455738], [-89.165292, 48.455727], [-89.165332, 48.45574], [-89.165372, 48.455778], [-89.165413, 48.455841], [-89.165406, 48.455883], [-89.165352, 48.455906], [-89.165251, 48.455908], [-89.165103, 48.45589], [-89.164988, 48.455901], [-89.164907, 48.455941], [-89.16486, 48.45601], [-89.164847, 48.456109], [-89.164847, 48.456178], [-89.16486, 48.456218], [-89.164887, 48.456229], [-89.164928, 48.456211], [-89.164971, 48.456218], [-89.165019, 48.456249], [-89.165069, 48.456305], [-89.165123, 48.456385], [-89.165207, 48.456437], [-89.165322, 48.456459], [-89.165467, 48.456452], [-89.165642, 48.456417], [-89.165763, 48.456406], [-89.165831, 48.456419], [-89.165844, 48.456457], [-89.165804, 48.456519], [-89.165804, 48.45656], [-89.165844, 48.456577], [-89.165925, 48.456573], [-89.166046, 48.456546], [-89.166137, 48.45654], [-89.166198, 48.456553], [-89.166228, 48.456586], [-89.166228, 48.45664], [-89.166303, 48.456707], [-89.166451, 48.456787], [-89.166673, 48.456881], [-89.16697, 48.456988], [-89.167182, 48.457084], [-89.16731, 48.457169], [-89.167354, 48.457243], [-89.167314, 48.457305], [-89.167317, 48.457381], [-89.167364, 48.45747], [-89.167455, 48.457573], [-89.16759, 48.457689], [-89.167691, 48.457825], [-89.167758, 48.457982], [-89.167792, 48.458158], [-89.167792, 48.458354], [-89.167721, 48.458424], [-89.16758, 48.458366], [-89.167368, 48.45818], [-89.167084, 48.457868]], [[-89.164901, 48.456327], [-89.164891, 48.45633], [-89.164884, 48.456334], [-89.16488, 48.456341], [-89.16488, 48.45635], [-89.164884, 48.456354], [-89.164891, 48.456354], [-89.164901, 48.45635], [-89.164914, 48.456341], [-89.164921, 48.456334], [-89.164921, 48.45633], [-89.164914, 48.456327], [-89.164901, 48.456327]]]}}, {"type": "Feature", "properties": {"lead": 72, "temp": "sp:salmon:s2"}, "geometry": {"type": "Polygon", "coordinates": [[[-89.158632, 48.470899], [-89.158882, 48.470823], [-89.15899, 48.470814], [-89.158956, 48.470872], [-89.158781, 48.470997], [-89.158629, 48.471091], [-89.158501, 48.471153], [-89.158396, 48.471184], [-89.158316, 48.471184], [-89.158221, 48.471189], [-89.158113, 48.471198], [-89.157992, 48.471211], [-89.157857, 48.471229], [-89.157854, 48.471207], [-89.157982, 48.471144], [-89.158241, 48.471041], [-89.158632, 48.470899]]]}}, {"type": "Feature", "properties": {"lead": 72, "temp": "sp:salmon:s2"}, "geometry": {"type": "Polygon", "coordinates": [[[-89.156954, 48.472367], [-89.156968, 48.472347], [-89.156995, 48.472334], [-89.157035, 48.472327], [-89.157089, 48.472327], [-89.157116, 48.472334], [-89.157116, 48.472347], [-89.157089, 48.472367], [-89.157035, 48.472394], [-89.156995, 48.472407], [-89.156968, 48.472407], [-89.156954, 48.472394], [-89.156954, 48.472367]]]}}, {"type": "Feature", "properties": {"lead": 72, "temp": "sp:salmon:s2"}, "geometry": {"type": "Polygon", "coordinates": [[[-89.157348, 48.472561], [-89.157382, 48.472548], [-89.157433, 48.472541], [-89.1575, 48.472541], [-89.157534, 48.472548], [-89.157534, 48.472561], [-89.1575, 48.472581], [-89.157433, 48.472608], [-89.157382, 48.472622], [-89.157348, 48.472622], [-89.157332, 48.472608], [-89.157332, 48.472581], [-89.157348, 48.472561]]]}}, {"type": "Feature", "properties": {"lead": 72, "temp": "sp:salmon:s2"}, "geometry": {"type": "Polygon", "coordinates": [[[-89.157503, 48.472784], [-89.157524, 48.472771], [-89.157554, 48.472769], [-89.157594, 48.472778], [-89.157615, 48.472791], [-89.157615, 48.472809], [-89.157594, 48.472831], [-89.157554, 48.472858], [-89.157524, 48.472869], [-89.157503, 48.472865], [-89.157493, 48.472845], [-89.157493, 48.472809], [-89.157503, 48.472784]]]}}, {"type": "Feature", "properties": {"lead": 72, "temp": "sp:salmon:s2"}, "geometry": {"type": "Polygon", "coordinates": [[[-89.155323, 48.471367], [-89.155384, 48.471352], [-89.155424, 48.471347], [-89.155444, 48.471354], [-89.155444, 48.471372], [-89.155424, 48.471387], [-89.155384, 48.471401], [-89.155323, 48.471412], [-89.155242, 48.471421], [-89.155202, 48.471421], [-89.155202, 48.471412], [-89.155242, 48.471394], [-89.155323, 48.471367]]]}}, {"type": "Feature", "properties": {"lead": 72, "temp": "sp:salmon:s2"}, "geometry": {"type": "Polygon", "coordinates": [[[-89.155438, 48.471756], [-89.155461, 48.47176], [-89.155468, 48.471769], [-89.155458, 48.471782], [-89.155431, 48.4718], [-89.155407, 48.471809], [-89.155387, 48.471809], [-89.15537, 48.4718], [-89.155357, 48.471782], [-89.155357, 48.471769], [-89.15537, 48.47176], [-89.155397, 48.471756], [-89.155438, 48.471756]]]}}, {"type": "Feature", "properties": {"lead": 72, "temp": "sp:salmon:s2"}, "geometry": {"type": "Polygon", "coordinates": [[[-89.15562, 48.472162], [-89.155559, 48.472148], [-89.155518, 48.472131], [-89.155498, 48.472108], [-89.155498, 48.472081], [-89.155515, 48.472059], [-89.155549, 48.472041], [-89.155599, 48.472028], [-89.155667, 48.472019], [-89.155721, 48.472023], [-89.155761, 48.472041], [-89.155788, 48.472073], [-89.155802, 48.472117], [-89.155791, 48.472148], [-89.155758, 48.472166], [-89.1557, 48.472171], [-89.15562, 48.472162]]]}}, {"type": "Feature", "properties": {"lead": 72, "temp": "sp:salmon:s2"}, "geometry": {"type": "Polygon", "coordinates": [[[-89.155761, 48.472264], [-89.155802, 48.472233], [-89.155842, 48.472224], [-89.155882, 48.472238], [-89.155923, 48.472273], [-89.155933, 48.472305], [-89.155913, 48.472331], [-89.155862, 48.472354], [-89.155781, 48.472372], [-89.155731, 48.472372], [-89.155711, 48.472354], [-89.155721, 48.472318], [-89.155761, 48.472264]]]}}, {"type": "Feature", "properties": {"lead": 72, "temp": "sp:salmon:s2"}, "geometry": {"type": "Polygon", "coordinates": [[[-89.156199, 48.473032], [-89.156213, 48.473019], [-89.15624, 48.47301], [-89.15628, 48.473005], [-89.156334, 48.473005], [-89.156361, 48.47301], [-89.156361, 48.473019], [-89.156334, 48.473032], [-89.15628, 48.47305], [-89.15624, 48.473059], [-89.156213, 48.473059], [-89.156199, 48.47305], [-89.156199, 48.473032]]]}}, {"type": "Feature", "properties": {"lead": 72, "temp": "sp:salmon:s2"}, "geometry": {"type": "Polygon", "coordinates": [[[-89.150147, 48.475755], [-89.150305, 48.475525], [-89.150541, 48.475279], [-89.150854, 48.475018], [-89.151245, 48.474742], [-89.151646, 48.474507], [-89.152057, 48.474315], [-89.152479, 48.474166], [-89.15291, 48.474059], [-89.15323, 48.473898], [-89.153439, 48.473684], [-89.153537, 48.473416], [-89.153523, 48.473095], [-89.153547, 48.472809], [-89.153608, 48.472559], [-89.153705, 48.472345], [-89.15384, 48.472166], [-89.153978, 48.472017], [-89.15412, 48.471896], [-89.154265, 48.471805], [-89.154413, 48.471742], [-89.154521, 48.471653], [-89.154588, 48.471537], [-89.154615, 48.471394], [-89.154602, 48.471224], [-89.154605, 48.471117], [-89.154625, 48.471073], [-89.154662, 48.471091], [-89.154716, 48.471171], [-89.154757, 48.4712], [-89.154784, 48.471178], [-89.154797, 48.471104], [-89.154797, 48.470979], [-89.154817, 48.470874], [-89.154858, 48.470789], [-89.154919, 48.470725], [-89.154999, 48.47068], [-89.155107, 48.470633], [-89.155242, 48.470584], [-89.155404, 48.470533], [-89.155593, 48.470479], [-89.155791, 48.470446], [-89.156, 48.470432], [-89.156219, 48.470439], [-89.156449, 48.470466], [-89.1566, 48.470506], [-89.156674, 48.470559], [-89.156671, 48.470626], [-89.15659, 48.470707], [-89.156567, 48.47076], [-89.1566, 48.470787], [-89.156691, 48.470787], [-89.15684, 48.47076], [-89.156978, 48.470776], [-89.157106, 48.470834], [-89.157224, 48.470934], [-89.157332, 48.471077], [-89.157348, 48.471198], [-89.157274, 48.471296], [-89.157109, 48.471372], [-89.156853, 48.471425], [-89.156651, 48.471443], [-89.156503, 48.471425], [-89.156408, 48.471372], [-89.156368, 48.471282], [-89.156321, 48.471222], [-89.156267, 48.471191], [-89.156206, 48.471189], [-89.156139, 48.471216], [-89.156024, 48.471236], [-89.155862, 48.471249], [-89.155653, 48.471256], [-89.155397, 48.471256], [-89.155208, 48.47128], [-89.155087, 48.471329], [-89.155033, 48.471403], [-89.155047, 48.471501], [-89.155026, 48.471593], [-89.154973, 48.471677], [-89.154885, 48.471756], [-89.154764, 48.471827], [-89.154689, 48.471894], [-89.154662, 48.471956], [-89.154683, 48.472014], [-89.15475, 48.472068], [-89.15478, 48.47211], [-89.154774, 48.472142], [-89.15473, 48.472162], [-89.154649, 48.472171], [-89.154595, 48.472189], [-89.154568, 48.472215], [-89.154568, 48.472251], [-89.154595, 48.472296], [-89.154588, 48.472347], [-89.154548, 48.472405], [-89.154474, 48.47247], [-89.154366, 48.472541], [-89.154305, 48.47261], [-89.154292, 48.472677], [-89.154325, 48.472742], [-89.154406, 48.472805], [-89.154447, 48.472863], [-89.154447, 48.472916], [-89.154406, 48.472965], [-89.154325, 48.47301], [-89.154268, 48.473059], [-89.154234, 48.473112], [-89.154224, 48.473171], [-89.154238, 48.473233], [-89.154275, 48.473287], [-89.154336, 48.473331], [-89.15442, 48.473367], [-89.154528, 48.473394], [-89.154504, 48.473478], [-89.154349, 48.473621], [-89.154063, 48.473822], [-89.153645, 48.474081], [-89.153311, 48.474268], [-89.153062, 48.474385], [-89.152897, 48.474429], [-89.152816, 48.474402], [-89.152691, 48.474405], [-89.152522, 48.474436], [-89.15231, 48.474496], [-89.152054, 48.474585], [-89.151838, 48.474672], [-89.151663, 48.474757], [-89.151528, 48.47484], [-89.151434, 48.47492], [-89.151377, 48.474996], [-89.151356, 48.475067], [-89.151373, 48.475134], [-89.151427, 48.475197], [-89.151424, 48.47527], [-89.151363, 48.475355], [-89.151245, 48.475451], [-89.15107, 48.475558], [-89.150939, 48.475654], [-89.150851, 48.475739], [-89.150807, 48.475813], [-89.150807, 48.475875], [-89.150787, 48.475913], [-89.150746, 48.475927], [-89.150686, 48.475915], [-89.150605, 48.47588], [-89.150511, 48.475882], [-89.150403, 48.475922], [-89.150281, 48.476], [-89.150147, 48.476116], [-89.150066, 48.47615], [-89.150039, 48.476101], [-89.150066, 48.475969], [-89.150147, 48.475755]], [[-89.15473, 48.47172], [-89.154713, 48.471724], [-89.154706, 48.471733], [-89.15471, 48.471747], [-89.154723, 48.471765], [-89.154737, 48.471773], [-89.15475, 48.471773], [-89.154764, 48.471765], [-89.154777, 48.471747], [-89.15478, 48.471733], [-89.154774, 48.471724], [-89.154757, 48.47172], [-89.15473, 48.47172]], [[-89.15471, 48.471577], [-89.1547, 48.471582], [-89.154693, 48.47159], [-89.154689, 48.471604], [-89.154689, 48.471622], [-89.154693, 48.471631], [-89.1547, 48.471631], [-89.15471, 48.471622], [-89.154723, 48.471604], [-89.15473, 48.47159], [-89.15473, 48.471582], [-89.154723, 48.471577], [-89.15471, 48.471577]], [[-89.154925, 48.471363], [-89.154915, 48.471365], [-89.154908, 48.47137], [-89.154905, 48.471376], [-89.154905, 48.471385], [-89.154908, 48.47139], [-89.154915, 48.47139], [-89.154925, 48.471385], [-89.154939, 48.471376], [-89.154946, 48.47137], [-89.154946, 48.471365], [-89.154939, 48.471363], [-89.154925, 48.471363]], [[-89.154892, 48.471149], [-89.154871, 48.47116], [-89.154858, 48.471182], [-89.154851, 48.471216], [-89.154851, 48.47126], [-89.154858, 48.471282], [-89.154871, 48.471282], [-89.154892, 48.47126], [-89.154919, 48.471216], [-89.154932, 48.471182], [-89.154932, 48.47116], [-89.154919, 48.471149], [-89.154892, 48.471149]], [[-89.155465, 48.471184], [-89.155454, 48.471187], [-89.155448, 48.471191], [-89.155444, 48.471198], [-89.155444, 48.471207], [-89.155448, 48.471211], [-89.155454, 48.471211], [-89.155465, 48.471207], [-89.155478, 48.471198], [-89.155485, 48.471191], [-89.155485, 48.471187], [-89.155478, 48.471184], [-89.155465, 48.471184]], [[-89.15601, 48.471041], [-89.15597, 48.471046], [-89.155943, 48.471055], [-89.15593, 48.471068], [-89.15593, 48.471086], [-89.155943, 48.471095], [-89.15597, 48.471095], [-89.15601, 48.471086], [-89.156064, 48.471068], [-89.156091, 48.471055], [-89.156091, 48.471046], [-89.156064, 48.471041], [-89.15601, 48.471041]]]}}, {"type": "Feature", "properties": {"lead": 72, "temp": "sp:salmon:s2"}, "geometry": {"type": "Polygon", "coordinates": [[[-89.150484, 48.476116], [-89.150494, 48.476096], [-89.150514, 48.476083], [-89.150544, 48.476076], [-89.150585, 48.476076], [-89.150605, 48.476083], [-89.150605, 48.476096], [-89.150585, 48.476116], [-89.150544, 48.476143], [-89.150514, 48.476156], [-89.150494, 48.476156], [-89.150484, 48.476143], [-89.150484, 48.476116]]]}}, {"type": "Feature", "properties": {"lead": 72, "temp": "sp:salmon:s2"}, "geometry": {"type": "Polygon", "coordinates": [[[-89.141098, 48.47962], [-89.141199, 48.479477], [-89.141351, 48.479321], [-89.141553, 48.479151], [-89.141853, 48.478993], [-89.142251, 48.478845], [-89.142746, 48.478709], [-89.143339, 48.478584], [-89.144087, 48.47839], [-89.14499, 48.478127], [-89.146049, 48.477794], [-89.147262, 48.477393], [-89.148141, 48.477118], [-89.148687, 48.476971], [-89.1489, 48.476951], [-89.148778, 48.477058], [-89.148526, 48.477194], [-89.148141, 48.477359], [-89.147626, 48.477553], [-89.146979, 48.477776], [-89.146483, 48.477959], [-89.14614, 48.478102], [-89.145948, 48.478205], [-89.145907, 48.478267], [-89.145769, 48.478341], [-89.145533, 48.478426], [-89.145199, 48.478522], [-89.144768, 48.478629], [-89.144444, 48.478718], [-89.144229, 48.47879], [-89.144121, 48.478843], [-89.144121, 48.478879], [-89.143979, 48.478932], [-89.143696, 48.479004], [-89.143272, 48.479093], [-89.142706, 48.4792], [-89.14223, 48.479323], [-89.141846, 48.479461], [-89.141553, 48.479615], [-89.141351, 48.479785], [-89.141199, 48.479883], [-89.141098, 48.47991], [-89.141047, 48.479865], [-89.141047, 48.479749], [-89.141098, 48.47962]]]}}, {"type": "Feature", "properties": {"lead": 72, "temp": "sp:salmon:s2"}, "geometry": {"type": "Polygon", "coordinates": [[[-89.129761, 48.482634], [-89.129835, 48.482469], [-89.129947, 48.482328], [-89.130095, 48.482212], [-89.130267, 48.482123], [-89.130462, 48.482061], [-89.130681, 48.482025], [-89.130924, 48.482016], [-89.131214, 48.48198], [-89.131551, 48.481918], [-89.131935, 48.481829], [-89.132366, 48.481713], [-89.132804, 48.481628], [-89.133249, 48.481574], [-89.133701, 48.481552], [-89.134159, 48.481561], [-89.134597, 48.48155], [-89.135015, 48.481519], [-89.135413, 48.481467], [-89.13579, 48.481396], [-89.136131, 48.48134], [-89.136434, 48.4813], [-89.1367, 48.481275], [-89.136929, 48.481266], [-89.137101, 48.481264], [-89.137216, 48.481269], [-89.137273, 48.48128], [-89.137273, 48.481298], [-89.137239, 48.481311], [-89.137172, 48.48132], [-89.137071, 48.481324], [-89.136936, 48.481324], [-89.136835, 48.481331], [-89.136768, 48.481344], [-89.136734, 48.481365], [-89.136734, 48.481391], [-89.1367, 48.481411], [-89.136633, 48.481425], [-89.136532, 48.481432], [-89.136397, 48.481432], [-89.136275, 48.481445], [-89.136168, 48.481472], [-89.136073, 48.481512], [-89.135992, 48.481565], [-89.135901, 48.481606], [-89.1358, 48.481632], [-89.135689, 48.481646], [-89.135568, 48.481646], [-89.135477, 48.481652], [-89.135416, 48.481666], [-89.135386, 48.481686], [-89.135386, 48.481713], [-89.135352, 48.481733], [-89.135285, 48.481746], [-89.135184, 48.481753], [-89.135049, 48.481753], [-89.134921, 48.481768], [-89.134799, 48.4818], [-89.134685, 48.481847], [-89.134577, 48.481909], [-89.134341, 48.481956], [-89.133977, 48.481987], [-89.133485, 48.482003], [-89.132865, 48.482003], [-89.132292, 48.48203], [-89.131766, 48.482083], [-89.131288, 48.482163], [-89.130856, 48.48227], [-89.130546, 48.482382], [-89.130358, 48.482498], [-89.13029, 48.482619], [-89.130344, 48.482744], [-89.130341, 48.482864], [-89.13028, 48.48298], [-89.130162, 48.483092], [-89.129987, 48.483199], [-89.129856, 48.483225], [-89.129768, 48.483172], [-89.129724, 48.483038], [-89.129724, 48.482824], [-89.129761, 48.482634]]]}}, {"type": "Feature", "properties": {"lead": 72, "temp": "sp:salmon:s3"}, "geometry": {"type": "Polygon", "coordinates": [[[-89.168439, 48.455242], [-89.168439, 48.455234], [-89.168483, 48.455227], [-89.168571, 48.455222], [-89.168702, 48.45522], [-89.168877, 48.45522], [-89.168965, 48.455222], [-89.168965, 48.455227], [-89.168877, 48.455234], [-89.168702, 48.455242], [-89.168571, 48.455247], [-89.168483, 48.455247], [-89.168439, 48.455242]]]}}, {"type": "Feature", "properties": {"lead": 72, "temp": "sp:salmon:s3"}, "geometry": {"type": "Polygon", "coordinates": [[[-89.165548, 48.455394], [-89.165544, 48.455307], [-89.165551, 48.455249], [-89.165568, 48.45522], [-89.165595, 48.45522], [-89.165612, 48.455249], [-89.165619, 48.455307], [-89.165615, 48.455394], [-89.165602, 48.45551], [-89.165588, 48.455568], [-89.165575, 48.455568], [-89.165561, 48.45551], [-89.165548, 48.455394]]]}}, {"type": "Feature", "properties": {"lead": 72, "temp": "sp:salmon:s3"}, "geometry": {"type": "Polygon", "coordinates": [[[-89.16515, 48.45547], [-89.165157, 48.455392], [-89.16517, 48.455379], [-89.165191, 48.45543], [-89.165217, 48.455546], [-89.165231, 48.45564], [-89.165231, 48.455711], [-89.165217, 48.45576], [-89.165191, 48.455787], [-89.16517, 48.455772], [-89.165157, 48.455714], [-89.16515, 48.455613], [-89.16515, 48.45547]]]}}, {"type": "Feature", "properties": {"lead": 72, "temp": "sp:salmon:s3"}, "geometry": {"type": "Polygon", "coordinates": [[[-89.165406, 48.456506], [-89.165292, 48.456486], [-89.165197, 48.456446], [-89.165123, 48.456385], [-89.165069, 48.456305], [-89.165019, 48.456249], [-89.164971, 48.456218], [-89.164928, 48.456211], [-89.164887, 48.456229], [-89.164857, 48.45622], [-89.164837, 48.456185], [-89.164827, 48.456122], [-89.164827, 48.456033], [-89.164854, 48.455999], [-89.164907, 48.456022], [-89.164988, 48.4561], [-89.165096, 48.456234], [-89.165207, 48.456339], [-89.165322, 48.456415], [-89.16544, 48.456461], [-89.165561, 48.456479], [-89.165619, 48.456493], [-89.165612, 48.456502], [-89.165541, 48.456506], [-89.165406, 48.456506]]]}}, {"type": "Feature", "properties": {"lead": 72, "temp": "sp:salmon:s3"}, "geometry": {"type": "Polygon", "coordinates": [[[-89.165865, 48.456613], [-89.1658, 48.456609], [-89.165753, 48.4566], [-89.165723, 48.456586], [-89.165709, 48.456569], [-89.165713, 48.456555], [-89.165733, 48.456546], [-89.16577, 48.456542], [-89.165824, 48.456542], [-89.165875, 48.456546], [-89.165922, 48.456555], [-89.165966, 48.456569], [-89.166006, 48.456586], [-89.166016, 48.4566], [-89.165996, 48.456609], [-89.165945, 48.456613], [-89.165865, 48.456613]]]}}, {"type": "Feature", "properties": {"lead": 72, "temp": "sp:salmon:s3"}, "geometry": {"type": "Polygon", "coordinates": [[[-89.15593, 48.471068], [-89.155943, 48.471055], [-89.15597, 48.471046], [-89.15601, 48.471041], [-89.156064, 48.471041], [-89.156091, 48.471046], [-89.156091, 48.471055], [-89.156064, 48.471068], [-89.15601, 48.471086], [-89.15597, 48.471095], [-89.155943, 48.471095], [-89.15593, 48.471086], [-89.15593, 48.471068]]]}}, {"type": "Feature", "properties": {"lead": 72, "temp": "sp:salmon:s3"}, "geometry": {"type": "Polygon", "coordinates": [[[-89.155727, 48.472434], [-89.155667, 48.472425], [-89.155626, 48.472407], [-89.155606, 48.47238], [-89.155606, 48.472345], [-89.155609, 48.472325], [-89.155616, 48.47232], [-89.155626, 48.472331], [-89.15564, 48.472358], [-89.155667, 48.47238], [-89.155707, 48.472398], [-89.155761, 48.472412], [-89.155829, 48.472421], [-89.155859, 48.472427], [-89.155852, 48.472432], [-89.155808, 48.472434], [-89.155727, 48.472434]]]}}, {"type": "Feature", "properties": {"lead": 72, "temp": "sp:salmon:s3"}, "geometry": {"type": "Polygon", "coordinates": [[[-89.15471, 48.471117], [-89.154723, 48.471001], [-89.154737, 48.470914], [-89.15475, 48.470856], [-89.154764, 48.470827], [-89.154777, 48.470827], [-89.15478, 48.470856], [-89.154774, 48.470914], [-89.154757, 48.471001], [-89.15473, 48.471117], [-89.154713, 48.471175], [-89.154706, 48.471175], [-89.15471, 48.471117]]]}}, {"type": "Feature", "properties": {"lead": 72, "temp": "sp:salmon:s3"}, "geometry": {"type": "Polygon", "coordinates": [[[-89.154851, 48.471216], [-89.154858, 48.471182], [-89.154871, 48.47116], [-89.154892, 48.471149], [-89.154919, 48.471149], [-89.154932, 48.47116], [-89.154932, 48.471182], [-89.154919, 48.471216], [-89.154892, 48.47126], [-89.154871, 48.471282], [-89.154858, 48.471282], [-89.154851, 48.47126], [-89.154851, 48.471216]]]}}, {"type": "Feature", "properties": {"lead": 72, "temp": "sp:salmon:s3"}, "geometry": {"type": "Polygon", "coordinates": [[[-89.155053, 48.47139], [-89.15507, 48.471323], [-89.155131, 48.471278], [-89.155235, 48.471256], [-89.155384, 48.471256], [-89.155465, 48.471267], [-89.155478, 48.471289], [-89.155424, 48.471323], [-89.155303, 48.471367], [-89.155212, 48.471412], [-89.155151, 48.471457], [-89.155121, 48.471501], [-89.155121, 48.471546], [-89.155114, 48.471557], [-89.155101, 48.471535], [-89.15508, 48.471479], [-89.155053, 48.47139]], [[-89.155161, 48.471327], [-89.155141, 48.471329], [-89.155128, 48.471334], [-89.155121, 48.47134], [-89.155121, 48.471349], [-89.155128, 48.471354], [-89.155141, 48.471354], [-89.155161, 48.471349], [-89.155188, 48.47134], [-89.155202, 48.471334], [-89.155202, 48.471329], [-89.155188, 48.471327], [-89.155161, 48.471327]]]}}, {"type": "Feature", "properties": {"lead": 72, "temp": "sp:salmon:s3"}, "geometry": {"type": "Polygon", "coordinates": [[[-89.155343, 48.47197], [-89.155313, 48.471956], [-89.155293, 48.47193], [-89.155283, 48.47189], [-89.155283, 48.471836], [-89.155286, 48.471807], [-89.155293, 48.471802], [-89.155303, 48.471823], [-89.155316, 48.471867], [-89.155333, 48.471894], [-89.155353, 48.471903], [-89.155377, 48.471894], [-89.155404, 48.471867], [-89.155424, 48.471856], [-89.155438, 48.47186], [-89.155444, 48.471881], [-89.155444, 48.471916], [-89.155434, 48.471943], [-89.155414, 48.471961], [-89.155384, 48.47197], [-89.155343, 48.47197]]]}}, {"type": "Feature", "properties": {"lead": 72, "temp": "sp:salmon:s3"}, "geometry": {"type": "Polygon", "coordinates": [[[-89.155566, 48.472184], [-89.155505, 48.472175], [-89.155465, 48.472157], [-89.155444, 48.472131], [-89.155444, 48.472095], [-89.155448, 48.472075], [-89.155454, 48.47207], [-89.155465, 48.472081], [-89.155478, 48.472108], [-89.155505, 48.472131], [-89.155545, 48.472148], [-89.155599, 48.472162], [-89.155667, 48.472171], [-89.155697, 48.472177], [-89.15569, 48.472182], [-89.155647, 48.472184], [-89.155566, 48.472184]]]}}, {"type": "Feature", "properties": {"lead": 72, "temp": "sp:salmon:s3"}, "geometry": {"type": "Polygon", "coordinates": [[[-89.154764, 48.472117], [-89.154834, 48.472104], [-89.154882, 48.472104], [-89.154905, 48.472117], [-89.154905, 48.472144], [-89.154888, 48.472166], [-89.154855, 48.472184], [-89.154804, 48.472197], [-89.154737, 48.472206], [-89.154679, 48.472211], [-89.154632, 48.472211], [-89.154595, 48.472206], [-89.154568, 48.472197], [-89.154571, 48.472184], [-89.154605, 48.472166], [-89.154669, 48.472144], [-89.154764, 48.472117]]]}}, {"type": "Feature", "properties": {"lead": 72, "temp": "sp:salmon:s3"}, "geometry": {"type": "Polygon", "coordinates": [[[-89.154905, 48.472394], [-89.154915, 48.47236], [-89.154935, 48.472338], [-89.154966, 48.472327], [-89.155006, 48.472327], [-89.155026, 48.472338], [-89.155026, 48.47236], [-89.155006, 48.472394], [-89.154966, 48.472439], [-89.154935, 48.472461], [-89.154915, 48.472461], [-89.154905, 48.472439], [-89.154905, 48.472394]]]}}, {"type": "Feature", "properties": {"lead": 72, "temp": "sp:steelhead:s1"}, "geometry": {"type": "Polygon", "coordinates": [[[-89.168655, 48.455631], [-89.168571, 48.455582], [-89.16851, 48.455519], [-89.168473, 48.455443], [-89.168459, 48.455354], [-89.1685, 48.455292], [-89.168594, 48.455256], [-89.168743, 48.455247], [-89.168945, 48.455265], [-89.169096, 48.455296], [-89.169197, 48.455341], [-89.169248, 48.455399], [-89.169248, 48.45547], [-89.169228, 48.455533], [-89.169187, 48.455586], [-89.169127, 48.455631], [-89.169046, 48.455667], [-89.168958, 48.455685], [-89.168864, 48.455685], [-89.168763, 48.455667], [-89.168655, 48.455631]]]}}, {"type": "Feature", "properties": {"lead": 72, "temp": "sp:steelhead:s1"}, "geometry": {"type": "Polygon", "coordinates": [[[-89.165531, 48.455772], [-89.165511, 48.455731], [-89.165514, 48.455671], [-89.165541, 48.455591], [-89.165571, 48.45553], [-89.165605, 48.45549], [-89.165642, 48.45547], [-89.165683, 48.45547], [-89.165713, 48.45549], [-89.165733, 48.45553], [-89.165743, 48.455591], [-89.165743, 48.455671], [-89.165726, 48.455731], [-89.165693, 48.455772], [-89.165642, 48.455792], [-89.165575, 48.455792], [-89.165531, 48.455772]]]}}, {"type": "Feature", "properties": {"lead": 72, "temp": "sp:steelhead:s1"}, "geometry": {"type": "Polygon", "coordinates": [[[-89.166016, 48.455919], [-89.165888, 48.455888], [-89.165865, 48.455859], [-89.165945, 48.455832], [-89.166006, 48.455778], [-89.166046, 48.455698], [-89.166067, 48.455591], [-89.166067, 48.455457], [-89.166121, 48.455365], [-89.166228, 48.455316], [-89.16639, 48.455309], [-89.166606, 48.455345], [-89.166768, 48.455397], [-89.166876, 48.455464], [-89.166929, 48.455546], [-89.166929, 48.455644], [-89.166963, 48.455718], [-89.167031, 48.455767], [-89.167132, 48.455792], [-89.167266, 48.455792], [-89.167344, 48.455807], [-89.167364, 48.455839], [-89.167327, 48.455885], [-89.167233, 48.455948], [-89.167078, 48.455986], [-89.166862, 48.455999], [-89.166586, 48.455988], [-89.166249, 48.455952], [-89.166016, 48.455919]]]}}, {"type": "Feature", "properties": {"lead": 72, "temp": "sp:steelhead:s1"}, "geometry": {"type": "Polygon", "coordinates": [[[-89.16488, 48.456189], [-89.164891, 48.456169], [-89.164911, 48.456156], [-89.164941, 48.456149], [-89.164982, 48.456149], [-89.165002, 48.456156], [-89.165002, 48.456169], [-89.164982, 48.456189], [-89.164941, 48.456216], [-89.164911, 48.456229], [-89.164891, 48.456229], [-89.16488, 48.456216], [-89.16488, 48.456189]]]}}, {"type": "Feature", "properties": {"lead": 72, "temp": "sp:steelhead:s1"}, "geometry": {"type": "Polygon", "coordinates": [[[-89.165258, 48.456345], [-89.165285, 48.45631], [-89.165346, 48.456274], [-89.16544, 48.456238], [-89.165497, 48.456218], [-89.165517, 48.456214], [-89.165501, 48.456225], [-89.165447, 48.456252], [-89.165406, 48.456283], [-89.165379, 48.456319], [-89.165366, 48.456359], [-89.165366, 48.456403], [-89.165356, 48.456428], [-89.165335, 48.456432], [-89.165305, 48.456417], [-89.165265, 48.456381], [-89.165258, 48.456345]]]}}, {"type": "Feature", "properties": {"lead": 72, "temp": "sp:steelhead:s1"}, "geometry": {"type": "Polygon", "coordinates": [[[-89.165966, 48.456711], [-89.165925, 48.456694], [-89.165905, 48.456667], [-89.165905, 48.456631], [-89.165925, 48.456598], [-89.165966, 48.456566], [-89.166026, 48.456537], [-89.166107, 48.456511], [-89.166168, 48.456506], [-89.166208, 48.456524], [-89.166228, 48.456564], [-89.166228, 48.456627], [-89.166208, 48.456673], [-89.166168, 48.456705], [-89.166107, 48.45672], [-89.166026, 48.45672], [-89.165966, 48.456711]]]}}, {"type": "Feature", "properties": {"lead": 72, "temp": "sp:steelhead:s1"}, "geometry": {"type": "Polygon", "coordinates": [[[-89.166653, 48.457497], [-89.166512, 48.457343], [-89.166404, 48.457196], [-89.16633, 48.457055], [-89.166289, 48.456921], [-89.166303, 48.456841], [-89.16637, 48.456814], [-89.166491, 48.456841], [-89.166667, 48.456921], [-89.166808, 48.457035], [-89.166916, 48.457182], [-89.16699, 48.457363], [-89.167031, 48.457578], [-89.167017, 48.457698], [-89.16695, 48.457725], [-89.166828, 48.457658], [-89.166653, 48.457497]]]}}, {"type": "Feature", "properties": {"lead": 72, "temp": "sp:steelhead:s1"}, "geometry": {"type": "Polygon", "coordinates": [[[-89.156216, 48.471117], [-89.156277, 48.471091], [-89.156388, 48.471077], [-89.15655, 48.471077], [-89.156695, 48.471062], [-89.156823, 48.47103], [-89.156934, 48.470983], [-89.157028, 48.470921], [-89.157109, 48.47089], [-89.157177, 48.47089], [-89.15723, 48.470921], [-89.157271, 48.470983], [-89.157237, 48.471044], [-89.157129, 48.471102], [-89.156947, 48.471157], [-89.156691, 48.471211], [-89.156489, 48.471238], [-89.156341, 48.471238], [-89.156246, 48.471211], [-89.156206, 48.471157], [-89.156216, 48.471117]]]}}, {"type": "Feature", "properties": {"lead": 72, "temp": "sp:steelhead:s1"}, "geometry": {"type": "Polygon", "coordinates": [[[-89.155778, 48.471104], [-89.155798, 48.471086], [-89.155829, 48.471077], [-89.155869, 48.471077], [-89.155889, 48.471086], [-89.155889, 48.471104], [-89.155869, 48.471131], [-89.155829, 48.471166], [-89.155798, 48.471184], [-89.155778, 48.471184], [-89.155768, 48.471166], [-89.155768, 48.471131], [-89.155778, 48.471104]]]}}, {"type": "Feature", "properties": {"lead": 72, "temp": "sp:steelhead:s1"}, "geometry": {"type": "Polygon", "coordinates": [[[-89.155444, 48.471224], [-89.155454, 48.471204], [-89.155475, 48.471191], [-89.155505, 48.471184], [-89.155545, 48.471184], [-89.155566, 48.471191], [-89.155566, 48.471204], [-89.155545, 48.471224], [-89.155505, 48.471251], [-89.155475, 48.471265], [-89.155454, 48.471265], [-89.155444, 48.471251], [-89.155444, 48.471224]]]}}, {"type": "Feature", "properties": {"lead": 72, "temp": "sp:steelhead:s1"}, "geometry": {"type": "Polygon", "coordinates": [[[-89.15508, 48.471311], [-89.155107, 48.471298], [-89.155148, 48.471291], [-89.155202, 48.471291], [-89.155229, 48.471298], [-89.155229, 48.471311], [-89.155202, 48.471332], [-89.155148, 48.471358], [-89.155107, 48.471372], [-89.15508, 48.471372], [-89.155067, 48.471358], [-89.155067, 48.471332], [-89.15508, 48.471311]]]}}, {"type": "Feature", "properties": {"lead": 72, "temp": "sp:steelhead:s1"}, "geometry": {"type": "Polygon", "coordinates": [[[-89.155299, 48.471776], [-89.155333, 48.471762], [-89.155384, 48.471756], [-89.155451, 48.471756], [-89.155485, 48.471762], [-89.155485, 48.471776], [-89.155451, 48.471796], [-89.155384, 48.471823], [-89.155333, 48.471836], [-89.155299, 48.471836], [-89.155283, 48.471823], [-89.155283, 48.471796], [-89.155299, 48.471776]]]}}, {"type": "Feature", "properties": {"lead": 72, "temp": "sp:steelhead:s1"}, "geometry": {"type": "Polygon", "coordinates": [[[-89.155067, 48.472581], [-89.15508, 48.472561], [-89.155107, 48.472548], [-89.155148, 48.472541], [-89.155202, 48.472541], [-89.155229, 48.472548], [-89.155229, 48.472561], [-89.155202, 48.472581], [-89.155148, 48.472608], [-89.155107, 48.472622], [-89.15508, 48.472622], [-89.155067, 48.472608], [-89.155067, 48.472581]]]}}, {"type": "Feature", "properties": {"lead": 72, "temp": "sp:steelhead:s1"}, "geometry": {"type": "Polygon", "coordinates": [[[-89.154753, 48.472097], [-89.154774, 48.472084], [-89.154804, 48.472077], [-89.154844, 48.472077], [-89.154865, 48.472084], [-89.154865, 48.472097], [-89.154844, 48.472117], [-89.154804, 48.472144], [-89.154774, 48.472157], [-89.154753, 48.472157], [-89.154743, 48.472144], [-89.154743, 48.472117], [-89.154753, 48.472097]]]}}, {"type": "Feature", "properties": {"lead": 72, "temp": "sp:steelhead:s1"}, "geometry": {"type": "Polygon", "coordinates": [[[-89.153651, 48.47286], [-89.153759, 48.472695], [-89.153941, 48.472541], [-89.154197, 48.472398], [-89.154393, 48.472307], [-89.154528, 48.472267], [-89.154602, 48.472278], [-89.154615, 48.47234], [-89.154602, 48.472394], [-89.154561, 48.472439], [-89.154494, 48.472474], [-89.1544, 48.472501], [-89.154342, 48.472543], [-89.154322, 48.472601], [-89.154339, 48.472675], [-89.154393, 48.472764], [-89.154406, 48.472831], [-89.154379, 48.472876], [-89.154312, 48.472898], [-89.154204, 48.472898], [-89.154147, 48.472903], [-89.15414, 48.472912], [-89.154184, 48.472925], [-89.154278, 48.472943], [-89.154339, 48.472979], [-89.154366, 48.473032], [-89.154359, 48.473104], [-89.154319, 48.473193], [-89.154255, 48.473271], [-89.154167, 48.473338], [-89.154056, 48.473394], [-89.153921, 48.473438], [-89.15381, 48.473425], [-89.153722, 48.473354], [-89.153658, 48.473224], [-89.153618, 48.473037], [-89.153651, 48.47286]]]}}, {"type": "Feature", "properties": {"lead": 72, "temp": "sp:steelhead:s1"}, "geometry": {"type": "Polygon", "coordinates": [[[-89.151629, 48.474554], [-89.151653, 48.474516], [-89.151781, 48.474449], [-89.152014, 48.474353], [-89.152351, 48.474228], [-89.152603, 48.474141], [-89.152772, 48.474092], [-89.152856, 48.474081], [-89.152856, 48.474108], [-89.152826, 48.474135], [-89.152765, 48.474161], [-89.152674, 48.474188], [-89.152553, 48.474215], [-89.152462, 48.474242], [-89.152401, 48.474268], [-89.152371, 48.474295], [-89.152371, 48.474322], [-89.152347, 48.474342], [-89.1523, 48.474356], [-89.152229, 48.474362], [-89.152135, 48.474362], [-89.152054, 48.474376], [-89.151987, 48.474402], [-89.151933, 48.474443], [-89.151892, 48.474496], [-89.151842, 48.474534], [-89.151781, 48.474556], [-89.15171, 48.474563], [-89.151629, 48.474554]]]}}, {"type": "Feature", "properties": {"lead": 72, "temp": "sp:steelhead:s1"}, "geometry": {"type": "Polygon", "coordinates": [[[-89.150484, 48.475324], [-89.150564, 48.47523], [-89.15072, 48.475112], [-89.150949, 48.474969], [-89.151121, 48.474873], [-89.151235, 48.474824], [-89.151292, 48.474822], [-89.151292, 48.474867], [-89.151252, 48.474936], [-89.151171, 48.475029], [-89.15105, 48.475148], [-89.150888, 48.475291], [-89.15075, 48.475387], [-89.150635, 48.475436], [-89.150544, 48.475438], [-89.150477, 48.475393], [-89.150484, 48.475324]]]}}, {"type": "Feature", "properties": {"lead": 72, "temp": "sp:steelhead:s1"}, "geometry": {"type": "Polygon", "coordinates": [[[-89.145327, 48.477973], [-89.145368, 48.477964], [-89.145429, 48.477955], [-89.145509, 48.477946], [-89.14555, 48.477944], [-89.14555, 48.477948], [-89.145509, 48.477959], [-89.145429, 48.477977], [-89.145368, 48.477988], [-89.145327, 48.477993], [-89.145307, 48.477991], [-89.145307, 48.477982], [-89.145327, 48.477973]]]}}, {"type": "Feature", "properties": {"lead": 72, "temp": "sp:steelhead:s1"}, "geometry": {"type": "Polygon", "coordinates": [[[-89.144485, 48.478339], [-89.144448, 48.478312], [-89.144509, 48.478267], [-89.144667, 48.478205], [-89.144923, 48.478125], [-89.145085, 48.478078], [-89.145152, 48.478064], [-89.145125, 48.478084], [-89.145004, 48.478138], [-89.144913, 48.478187], [-89.144852, 48.478232], [-89.144822, 48.478272], [-89.144822, 48.478308], [-89.144788, 48.478332], [-89.144721, 48.478346], [-89.14462, 48.478348], [-89.144485, 48.478339]]]}}, {"type": "Feature", "properties": {"lead": 72, "temp": "sp:steelhead:s1"}, "geometry": {"type": "Polygon", "coordinates": [[[-89.142685, 48.478736], [-89.142834, 48.478682], [-89.143137, 48.478607], [-89.143595, 48.478508], [-89.143929, 48.478448], [-89.144138, 48.478426], [-89.144222, 48.478441], [-89.144182, 48.478495], [-89.144107, 48.478535], [-89.144, 48.478562], [-89.143858, 48.478575], [-89.143683, 48.478575], [-89.143531, 48.478589], [-89.143403, 48.478616], [-89.143299, 48.478656], [-89.143218, 48.478709], [-89.143117, 48.478747], [-89.142995, 48.478769], [-89.142854, 48.478776], [-89.142692, 48.478767], [-89.142685, 48.478736]]]}}, {"type": "Feature", "properties": {"lead": 72, "temp": "sp:steelhead:s1"}, "geometry": {"type": "Polygon", "coordinates": [[[-89.144131, 48.478595], [-89.144151, 48.478582], [-89.144182, 48.478575], [-89.144222, 48.478575], [-89.144242, 48.478582], [-89.144242, 48.478595], [-89.144222, 48.478616], [-89.144182, 48.478642], [-89.144151, 48.478656], [-89.144131, 48.478656], [-89.144121, 48.478642], [-89.144121, 48.478616], [-89.144131, 48.478595]]]}}, {"type": "Feature", "properties": {"lead": 72, "temp": "sp:steelhead:s1"}, "geometry": {"type": "Polygon", "coordinates": [[[-89.141688, 48.479006], [-89.141836, 48.478957], [-89.142018, 48.478915], [-89.142234, 48.478879], [-89.142375, 48.478872], [-89.142443, 48.478894], [-89.142436, 48.478946], [-89.142355, 48.479026], [-89.14224, 48.479091], [-89.142092, 48.47914], [-89.14191, 48.479173], [-89.141695, 48.479191], [-89.141553, 48.479189], [-89.141486, 48.479167], [-89.141492, 48.479124], [-89.141573, 48.479062], [-89.141688, 48.479006]], [[-89.141553, 48.479149], [-89.14154, 48.479153], [-89.141533, 48.47916], [-89.141533, 48.479169], [-89.14154, 48.479173], [-89.141553, 48.479173], [-89.141573, 48.479169], [-89.1416, 48.47916], [-89.141614, 48.479153], [-89.141614, 48.479149], [-89.1416, 48.479147], [-89.141573, 48.479147], [-89.141553, 48.479149]], [[-89.142092, 48.478935], [-89.142079, 48.478939], [-89.142072, 48.478946], [-89.142072, 48.478955], [-89.142079, 48.478959], [-89.142092, 48.478959], [-89.142112, 48.478955], [-89.142139, 48.478946], [-89.142153, 48.478939], [-89.142153, 48.478935], [-89.142139, 48.478932], [-89.142112, 48.478932], [-89.142092, 48.478935]]]}}, {"type": "Feature", "properties": {"lead": 72, "temp": "sp:steelhead:s1"}, "geometry": {"type": "Polygon", "coordinates": [[[-89.132852, 48.481592], [-89.133175, 48.481556], [-89.133499, 48.481539], [-89.133822, 48.481539], [-89.134045, 48.481552], [-89.134166, 48.481579], [-89.134186, 48.481619], [-89.134105, 48.481672], [-89.133903, 48.481717], [-89.133579, 48.481753], [-89.133135, 48.48178], [-89.132568, 48.481797], [-89.132225, 48.481793], [-89.132103, 48.481766], [-89.132204, 48.481717], [-89.132528, 48.481646], [-89.132852, 48.481592]]]}}, {"type": "Feature", "properties": {"lead": 72, "temp": "sp:steelhead:s1"}, "geometry": {"type": "Polygon", "coordinates": [[[-89.131308, 48.481969], [-89.131348, 48.481956], [-89.131409, 48.48194], [-89.13149, 48.481922], [-89.13153, 48.481916], [-89.13153, 48.48192], [-89.13149, 48.481936], [-89.131409, 48.481963], [-89.131348, 48.48198], [-89.131308, 48.481989], [-89.131288, 48.481989], [-89.131288, 48.48198], [-89.131308, 48.481969]]]}}, {"type": "Feature", "properties": {"lead": 72, "temp": "sp:steelhead:s1"}, "geometry": {"type": "Polygon", "coordinates": [[[-89.129781, 48.482511], [-89.129815, 48.48244], [-89.129886, 48.482355], [-89.129994, 48.482257], [-89.130122, 48.482177], [-89.13027, 48.482114], [-89.130439, 48.48207], [-89.130627, 48.482043], [-89.130715, 48.482043], [-89.130701, 48.48207], [-89.130587, 48.482123], [-89.130371, 48.482204], [-89.130199, 48.482286], [-89.130071, 48.482371], [-89.129987, 48.482458], [-89.129947, 48.482547], [-89.129906, 48.482603], [-89.129866, 48.482625], [-89.129825, 48.482614], [-89.129785, 48.482569], [-89.129781, 48.482511]]]}}, {"type": "Feature", "properties": {"lead": 72, "temp": "sp:steelhead:s2"}, "geometry": {"type": "Polygon", "coordinates": [[[-89.167084, 48.456216], [-89.166613, 48.456189], [-89.166259, 48.456156], [-89.166023, 48.456115], [-89.165905, 48.456068], [-89.165905, 48.456015], [-89.165969, 48.455984], [-89.166097, 48.455975], [-89.166289, 48.455988], [-89.166545, 48.456024], [-89.166771, 48.456039], [-89.166967, 48.456035], [-89.167132, 48.45601], [-89.167266, 48.455966], [-89.167334, 48.455926], [-89.167334, 48.45589], [-89.167266, 48.455859], [-89.167132, 48.455832], [-89.16702, 48.455785], [-89.166933, 48.455718], [-89.166869, 48.455631], [-89.166828, 48.455524], [-89.166822, 48.455443], [-89.166849, 48.45539], [-89.166909, 48.455363], [-89.167004, 48.455363], [-89.167078, 48.455341], [-89.167132, 48.455296], [-89.167165, 48.455229], [-89.167179, 48.45514], [-89.167219, 48.455053], [-89.167287, 48.454968], [-89.167381, 48.454885], [-89.167502, 48.454805], [-89.167644, 48.454742], [-89.167806, 48.454698], [-89.167988, 48.454671], [-89.16819, 48.454662], [-89.168426, 48.454716], [-89.168695, 48.454832], [-89.168999, 48.45501], [-89.169336, 48.455251], [-89.169551, 48.455437], [-89.169646, 48.455566], [-89.169619, 48.45564], [-89.16947, 48.455658], [-89.169353, 48.45564], [-89.169265, 48.455586], [-89.169208, 48.455497], [-89.169181, 48.455372], [-89.169117, 48.455278], [-89.169016, 48.455216], [-89.168877, 48.455184], [-89.168702, 48.455184], [-89.168561, 48.455196], [-89.168453, 48.455218], [-89.168379, 48.455251], [-89.168338, 48.455296], [-89.168335, 48.455354], [-89.168368, 48.455426], [-89.168439, 48.45551], [-89.168547, 48.455609], [-89.168621, 48.455685], [-89.168662, 48.455738], [-89.168668, 48.455769], [-89.168641, 48.455778], [-89.168604, 48.455774], [-89.168557, 48.455756], [-89.1685, 48.455725], [-89.168432, 48.45568], [-89.168368, 48.455626], [-89.168308, 48.455564], [-89.168251, 48.455493], [-89.168197, 48.455412], [-89.16816, 48.455383], [-89.168139, 48.455405], [-89.168136, 48.455479], [-89.168149, 48.455604], [-89.168136, 48.455727], [-89.168095, 48.455847], [-89.168028, 48.455966], [-89.167934, 48.456082], [-89.167745, 48.456162], [-89.167462, 48.456207], [-89.167084, 48.456216]], [[-89.167988, 48.455542], [-89.167974, 48.455542], [-89.167964, 48.455544], [-89.167957, 48.455548], [-89.167954, 48.455555], [-89.167954, 48.455564], [-89.167957, 48.455568], [-89.167964, 48.455568], [-89.167974, 48.455564], [-89.167988, 48.455555], [-89.167994, 48.455548], [-89.167994, 48.455544], [-89.167988, 48.455542]], [[-89.167934, 48.45547], [-89.16792, 48.45547], [-89.16791, 48.455472], [-89.167903, 48.455477], [-89.1679, 48.455484], [-89.1679, 48.455493], [-89.167903, 48.455497], [-89.16791, 48.455497], [-89.16792, 48.455493], [-89.167934, 48.455484], [-89.16794, 48.455477], [-89.16794, 48.455472], [-89.167934, 48.45547]]]}}, {"type": "Feature", "properties": {"lead": 72, "temp": "sp:steelhead:s2"}, "geometry": {"type": "Polygon", "coordinates": [[[-89.165056, 48.456082], [-89.165015, 48.456006], [-89.165015, 48.455952], [-89.165056, 48.455921], [-89.165137, 48.455912], [-89.165197, 48.455863], [-89.165238, 48.455774], [-89.165258, 48.455644], [-89.165258, 48.455475], [-89.165275, 48.455347], [-89.165308, 48.455263], [-89.165359, 48.45522], [-89.165426, 48.45522], [-89.16547, 48.455256], [-89.16549, 48.455327], [-89.165487, 48.455434], [-89.16546, 48.455577], [-89.16546, 48.455685], [-89.165487, 48.455756], [-89.165541, 48.455792], [-89.165622, 48.455792], [-89.165683, 48.455807], [-89.165723, 48.455839], [-89.165743, 48.455885], [-89.165743, 48.455948], [-89.165726, 48.455986], [-89.165693, 48.455999], [-89.165642, 48.455988], [-89.165575, 48.455952], [-89.165511, 48.455952], [-89.16545, 48.455988], [-89.165393, 48.45606], [-89.165339, 48.456167], [-89.165278, 48.456223], [-89.165211, 48.456227], [-89.165137, 48.45618], [-89.165056, 48.456082]], [[-89.165386, 48.455899], [-89.165376, 48.455901], [-89.165369, 48.455906], [-89.165366, 48.455912], [-89.165366, 48.455921], [-89.165369, 48.455926], [-89.165376, 48.455926], [-89.165386, 48.455921], [-89.165399, 48.455912], [-89.165406, 48.455906], [-89.165406, 48.455901], [-89.165399, 48.455899], [-89.165386, 48.455899]], [[-89.165352, 48.455685], [-89.165335, 48.455689], [-89.165329, 48.455698], [-89.165332, 48.455711], [-89.165346, 48.455729], [-89.165359, 48.455738], [-89.165372, 48.455738], [-89.165386, 48.455729], [-89.165399, 48.455711], [-89.165403, 48.455698], [-89.165396, 48.455689], [-89.165379, 48.455685], [-89.165352, 48.455685]]]}}, {"type": "Feature", "properties": {"lead": 72, "temp": "sp:steelhead:s2"}, "geometry": {"type": "Polygon", "coordinates": [[[-89.16939, 48.455823], [-89.169359, 48.455781], [-89.169393, 48.45574], [-89.169491, 48.455702], [-89.169652, 48.455667], [-89.169781, 48.455651], [-89.169875, 48.455655], [-89.169936, 48.45568], [-89.169962, 48.455725], [-89.169959, 48.455767], [-89.169925, 48.455807], [-89.169861, 48.455845], [-89.169767, 48.455881], [-89.169673, 48.455897], [-89.169578, 48.455892], [-89.169484, 48.455868], [-89.16939, 48.455823]]]}}, {"type": "Feature", "properties": {"lead": 72, "temp": "sp:steelhead:s2"}, "geometry": {"type": "Polygon", "coordinates": [[[-89.157871, 48.473072], [-89.157655, 48.473046], [-89.15747, 48.472974], [-89.157315, 48.472858], [-89.15719, 48.472697], [-89.157096, 48.472492], [-89.157059, 48.472325], [-89.157079, 48.472195], [-89.157156, 48.472104], [-89.157291, 48.47205], [-89.157348, 48.472017], [-89.157328, 48.472003], [-89.15723, 48.47201], [-89.157055, 48.472037], [-89.15687, 48.471997], [-89.156674, 48.47189], [-89.156469, 48.471715], [-89.156253, 48.471474], [-89.156145, 48.471305], [-89.156145, 48.471207], [-89.156253, 48.47118], [-89.156469, 48.471224], [-89.156664, 48.471245], [-89.15684, 48.47124], [-89.156995, 48.471211], [-89.157129, 48.471157], [-89.157251, 48.471131], [-89.157359, 48.471131], [-89.157453, 48.471157], [-89.157534, 48.471211], [-89.157763, 48.471184], [-89.15814, 48.471077], [-89.158666, 48.47089], [-89.15934, 48.470622], [-89.160078, 48.470229], [-89.16088, 48.469711], [-89.161746, 48.469069], [-89.162676, 48.468301], [-89.163408, 48.467707], [-89.16394, 48.467287], [-89.164274, 48.467042], [-89.164409, 48.466971], [-89.164557, 48.466915], [-89.164719, 48.466875], [-89.164894, 48.46685], [-89.165083, 48.466841], [-89.165339, 48.466694], [-89.165662, 48.466408], [-89.166053, 48.465984], [-89.166512, 48.465422], [-89.166929, 48.464801], [-89.167307, 48.464122], [-89.167644, 48.463386], [-89.16794, 48.462591], [-89.168146, 48.461971], [-89.168261, 48.461524], [-89.168284, 48.461252], [-89.168217, 48.461154], [-89.16816, 48.460957], [-89.168112, 48.460663], [-89.168075, 48.46027], [-89.168048, 48.459779], [-89.167971, 48.459343], [-89.167843, 48.458964], [-89.167664, 48.45864], [-89.167435, 48.458372], [-89.167243, 48.4581], [-89.167088, 48.457823], [-89.16697, 48.457542], [-89.166889, 48.457256], [-89.166805, 48.457042], [-89.166717, 48.456899], [-89.166626, 48.456828], [-89.166532, 48.456828], [-89.166474, 48.456819], [-89.166454, 48.456801], [-89.166471, 48.456774], [-89.166525, 48.456738], [-89.166542, 48.456711], [-89.166522, 48.456694], [-89.166464, 48.456685], [-89.16637, 48.456685], [-89.166299, 48.456669], [-89.166252, 48.456638], [-89.166228, 48.456591], [-89.166228, 48.456528], [-89.166175, 48.456481], [-89.166067, 48.45645], [-89.165905, 48.456435], [-89.165689, 48.456435], [-89.165548, 48.456421], [-89.16548, 48.456394], [-89.165487, 48.456354], [-89.165568, 48.456301], [-89.165703, 48.456283], [-89.165891, 48.456301], [-89.166134, 48.456354], [-89.166431, 48.456444], [-89.16669, 48.456537], [-89.166913, 48.456636], [-89.167098, 48.456738], [-89.167246, 48.456845], [-89.167452, 48.457042], [-89.167715, 48.457328], [-89.168035, 48.457703], [-89.168412, 48.458167], [-89.168719, 48.458685], [-89.168955, 48.459256], [-89.16912, 48.459881], [-89.169214, 48.46056], [-89.169211, 48.461268], [-89.16911, 48.462004], [-89.168911, 48.46277], [-89.168614, 48.463564], [-89.168251, 48.464337], [-89.167819, 48.465087], [-89.16732, 48.465814], [-89.166754, 48.46652], [-89.166262, 48.467051], [-89.165844, 48.467408], [-89.165501, 48.467591], [-89.165231, 48.4676], [-89.164904, 48.467707], [-89.16452, 48.467912], [-89.164078, 48.468216], [-89.16358, 48.468618], [-89.163206, 48.468935], [-89.162956, 48.469167], [-89.162831, 48.469314], [-89.162831, 48.469377], [-89.162808, 48.469428], [-89.162761, 48.469468], [-89.16269, 48.469497], [-89.162596, 48.469515], [-89.162387, 48.469631], [-89.162063, 48.469845], [-89.161625, 48.470158], [-89.161072, 48.470568], [-89.160594, 48.470885], [-89.160189, 48.471108], [-89.159859, 48.471238], [-89.159603, 48.471274], [-89.159357, 48.471334], [-89.159121, 48.471419], [-89.158895, 48.471528], [-89.15868, 48.471662], [-89.158471, 48.471771], [-89.158268, 48.471856], [-89.158073, 48.471916], [-89.157884, 48.471952], [-89.157736, 48.47199], [-89.157628, 48.47203], [-89.157561, 48.472073], [-89.157534, 48.472117], [-89.157547, 48.472189], [-89.157601, 48.472287], [-89.157696, 48.472412], [-89.15783, 48.472563], [-89.157965, 48.47268], [-89.1581, 48.47276], [-89.158235, 48.472805], [-89.15837, 48.472813], [-89.158447, 48.472838], [-89.158467, 48.472878], [-89.15843, 48.472934], [-89.158336, 48.473005], [-89.158211, 48.473052], [-89.158056, 48.473075], [-89.157871, 48.473072]], [[-89.157635, 48.472755], [-89.157621, 48.472755], [-89.157611, 48.472758], [-89.157605, 48.472762], [-89.157601, 48.472769], [-89.157601, 48.472778], [-89.157605, 48.472782], [-89.157611, 48.472782], [-89.157621, 48.472778], [-89.157635, 48.472769], [-89.157642, 48.472762], [-89.157642, 48.472758], [-89.157635, 48.472755]], [[-89.157561, 48.472577], [-89.157534, 48.472577], [-89.157514, 48.472581], [-89.1575, 48.47259], [-89.157493, 48.472604], [-89.157493, 48.472622], [-89.1575, 48.47263], [-89.157514, 48.47263], [-89.157534, 48.472622], [-89.157561, 48.472604], [-89.157574, 48.47259], [-89.157574, 48.472581], [-89.157561, 48.472577]], [[-89.157183, 48.472434], [-89.157156, 48.472434], [-89.157136, 48.472439], [-89.157123, 48.472447], [-89.157116, 48.472461], [-89.157116, 48.472479], [-89.157123, 48.472488], [-89.157136, 48.472488], [-89.157156, 48.472479], [-89.157183, 48.472461], [-89.157197, 48.472447], [-89.157197, 48.472439], [-89.157183, 48.472434]], [[-89.156449, 48.471399], [-89.156435, 48.471399], [-89.156425, 48.471401], [-89.156418, 48.471405], [-89.156415, 48.471412], [-89.156415, 48.471421], [-89.156418, 48.471425], [-89.156425, 48.471425], [-89.156435, 48.471421], [-89.156449, 48.471412], [-89.156455, 48.471405], [-89.156455, 48.471401], [-89.156449, 48.471399]], [[-89.156341, 48.471363], [-89.156327, 48.471363], [-89.156317, 48.471365], [-89.15631, 48.47137], [-89.156307, 48.471376], [-89.156307, 48.471385], [-89.15631, 48.47139], [-89.156317, 48.47139], [-89.156327, 48.471385], [-89.156341, 48.471376], [-89.156347, 48.47137], [-89.156347, 48.471365], [-89.156341, 48.471363]]]}}, {"type": "Feature", "properties": {"lead": 72, "temp": "sp:steelhead:s2"}, "geometry": {"type": "Polygon", "coordinates": [[[-89.165042, 48.467689], [-89.165052, 48.467669], [-89.165073, 48.467656], [-89.165103, 48.467649], [-89.165143, 48.467649], [-89.165164, 48.467656], [-89.165164, 48.467669], [-89.165143, 48.467689], [-89.165103, 48.467716], [-89.165073, 48.467729], [-89.165052, 48.467729], [-89.165042, 48.467716], [-89.165042, 48.467689]]]}}, {"type": "Feature", "properties": {"lead": 72, "temp": "sp:steelhead:s2"}, "geometry": {"type": "Polygon", "coordinates": [[[-89.162124, 48.470274], [-89.162083, 48.470234], [-89.16207, 48.470189], [-89.162083, 48.47014], [-89.162124, 48.470086], [-89.162275, 48.469968], [-89.162538, 48.469785], [-89.162912, 48.469537], [-89.163398, 48.469225], [-89.163714, 48.469046], [-89.163863, 48.469002], [-89.163842, 48.469091], [-89.163654, 48.469314], [-89.163458, 48.469506], [-89.163256, 48.469667], [-89.163047, 48.469796], [-89.162831, 48.469894], [-89.162656, 48.469988], [-89.162521, 48.470077], [-89.162427, 48.470162], [-89.162373, 48.470242], [-89.162316, 48.470294], [-89.162255, 48.470316], [-89.162191, 48.470309], [-89.162124, 48.470274]]]}}, {"type": "Feature", "properties": {"lead": 72, "temp": "sp:steelhead:s2"}, "geometry": {"type": "Polygon", "coordinates": [[[-89.155458, 48.471671], [-89.155323, 48.47159], [-89.155235, 48.471521], [-89.155195, 48.471463], [-89.155202, 48.471416], [-89.155256, 48.471381], [-89.155313, 48.471352], [-89.155374, 48.471329], [-89.155438, 48.471314], [-89.155505, 48.471305], [-89.155559, 48.471329], [-89.155599, 48.471387], [-89.155626, 48.471479], [-89.15564, 48.471604], [-89.155616, 48.471677], [-89.155556, 48.4717], [-89.155458, 48.471671]]]}}, {"type": "Feature", "properties": {"lead": 72, "temp": "sp:steelhead:s2"}, "geometry": {"type": "Polygon", "coordinates": [[[-89.155532, 48.471858], [-89.155552, 48.471834], [-89.155579, 48.471829], [-89.155613, 48.471845], [-89.155653, 48.471881], [-89.15567, 48.47191], [-89.155663, 48.471932], [-89.155633, 48.471948], [-89.155579, 48.471956], [-89.155542, 48.471952], [-89.155522, 48.471934], [-89.155518, 48.471903], [-89.155532, 48.471858]]]}}, {"type": "Feature", "properties": {"lead": 72, "temp": "sp:steelhead:s2"}, "geometry": {"type": "Polygon", "coordinates": [[[-89.154339, 48.472662], [-89.154336, 48.472581], [-89.154383, 48.472501], [-89.15448, 48.472421], [-89.154629, 48.47234], [-89.154753, 48.4723], [-89.154855, 48.4723], [-89.154932, 48.47234], [-89.154986, 48.472421], [-89.155003, 48.472479], [-89.154983, 48.472514], [-89.154925, 48.472528], [-89.154831, 48.472519], [-89.154747, 48.472534], [-89.154673, 48.472575], [-89.154609, 48.472639], [-89.154555, 48.472729], [-89.154501, 48.472775], [-89.154447, 48.47278], [-89.154393, 48.472742], [-89.154339, 48.472662]], [[-89.154386, 48.472613], [-89.154376, 48.472615], [-89.154369, 48.472619], [-89.154366, 48.472626], [-89.154366, 48.472635], [-89.154369, 48.472639], [-89.154376, 48.472639], [-89.154386, 48.472635], [-89.1544, 48.472626], [-89.154406, 48.472619], [-89.154406, 48.472615], [-89.1544, 48.472613], [-89.154386, 48.472613]]]}}, {"type": "Feature", "properties": {"lead": 72, "temp": "sp:steelhead:s2"}, "geometry": {"type": "Polygon", "coordinates": [[[-89.156219, 48.472983], [-89.156233, 48.472921], [-89.156257, 48.472887], [-89.15629, 48.472883], [-89.156334, 48.472907], [-89.156388, 48.472961], [-89.156412, 48.473003], [-89.156405, 48.473034], [-89.156368, 48.473054], [-89.1563, 48.473063], [-89.156253, 48.473054], [-89.156226, 48.473028], [-89.156219, 48.472983]]]}}, {"type": "Feature", "properties": {"lead": 72, "temp": "sp:steelhead:s2"}, "geometry": {"type": "Polygon", "coordinates": [[[-89.155606, 48.47326], [-89.155616, 48.47324], [-89.155636, 48.473226], [-89.155667, 48.47322], [-89.155707, 48.47322], [-89.155727, 48.473226], [-89.155727, 48.47324], [-89.155707, 48.47326], [-89.155667, 48.473287], [-89.155636, 48.4733], [-89.155616, 48.4733], [-89.155606, 48.473287], [-89.155606, 48.47326]]]}}, {"type": "Feature", "properties": {"lead": 72, "temp": "sp:steelhead:s2"}, "geometry": {"type": "Polygon", "coordinates": [[[-89.127925, 48.485265], [-89.127827, 48.485222], [-89.127726, 48.485147], [-89.127621, 48.485037], [-89.127513, 48.484894], [-89.127588, 48.484738], [-89.127844, 48.484569], [-89.128282, 48.484386], [-89.128902, 48.484189], [-89.12936, 48.483966], [-89.129657, 48.483716], [-89.129792, 48.48344], [-89.129765, 48.483136], [-89.129775, 48.48288], [-89.129822, 48.48267], [-89.129906, 48.482507], [-89.130027, 48.482391], [-89.130246, 48.482275], [-89.130563, 48.482159], [-89.130978, 48.482043], [-89.13149, 48.481927], [-89.131982, 48.48184], [-89.132454, 48.481782], [-89.132905, 48.481753], [-89.133337, 48.481753], [-89.133681, 48.481739], [-89.133937, 48.481713], [-89.134105, 48.481672], [-89.134186, 48.481619], [-89.134375, 48.481563], [-89.134671, 48.481505], [-89.135076, 48.481445], [-89.135588, 48.481382], [-89.13612, 48.481331], [-89.136673, 48.481291], [-89.137246, 48.481262], [-89.137839, 48.481244], [-89.138422, 48.481195], [-89.138995, 48.481115], [-89.139558, 48.481003], [-89.140111, 48.48086], [-89.140542, 48.480744], [-89.140852, 48.480655], [-89.141041, 48.480593], [-89.141108, 48.480557], [-89.141145, 48.480481], [-89.141152, 48.480365], [-89.141128, 48.480209], [-89.141074, 48.480012], [-89.141058, 48.479836], [-89.141078, 48.47968], [-89.141135, 48.479544], [-89.141229, 48.479428], [-89.141354, 48.479334], [-89.141509, 48.479263], [-89.141695, 48.479214], [-89.14191, 48.479187], [-89.142072, 48.479153], [-89.14218, 48.479113], [-89.142234, 48.479066], [-89.142234, 48.479013], [-89.142254, 48.478973], [-89.142294, 48.478946], [-89.142355, 48.478932], [-89.142436, 48.478932], [-89.142486, 48.478923], [-89.142507, 48.478906], [-89.142497, 48.478879], [-89.142456, 48.478843], [-89.142577, 48.47879], [-89.142861, 48.478718], [-89.143305, 48.478629], [-89.143912, 48.478522], [-89.144377, 48.478426], [-89.144701, 48.478341], [-89.144883, 48.478267], [-89.144923, 48.478205], [-89.145017, 48.478145], [-89.145166, 48.478087], [-89.145368, 48.478031], [-89.145624, 48.477977], [-89.14585, 48.477915], [-89.146045, 48.477843], [-89.14621, 48.477763], [-89.146345, 48.477674], [-89.14651, 48.477598], [-89.146706, 48.477535], [-89.146932, 48.477486], [-89.147188, 48.477451], [-89.147511, 48.477377], [-89.147902, 48.477265], [-89.14836, 48.477116], [-89.148886, 48.476929], [-89.149318, 48.476712], [-89.149655, 48.476467], [-89.149897, 48.476192], [-89.150046, 48.475889], [-89.15018, 48.475665], [-89.150302, 48.475523], [-89.150409, 48.47546], [-89.150504, 48.475478], [-89.150595, 48.475478], [-89.150682, 48.47546], [-89.150767, 48.475424], [-89.150848, 48.475371], [-89.150942, 48.475286], [-89.15105, 48.47517], [-89.151171, 48.475023], [-89.151306, 48.474844], [-89.151491, 48.474677], [-89.151727, 48.474521], [-89.152014, 48.474376], [-89.152351, 48.474242], [-89.15264, 48.474139], [-89.152883, 48.474068], [-89.153079, 48.474027], [-89.153227, 48.474019], [-89.153355, 48.473976], [-89.153463, 48.4739], [-89.15355, 48.473791], [-89.153618, 48.473648], [-89.153702, 48.473534], [-89.153803, 48.473449], [-89.153921, 48.473394], [-89.154056, 48.473367], [-89.15417, 48.473329], [-89.154265, 48.47328], [-89.154339, 48.47322], [-89.154393, 48.473148], [-89.154406, 48.473086], [-89.154379, 48.473032], [-89.154312, 48.472988], [-89.154204, 48.472952], [-89.154154, 48.472925], [-89.15416, 48.472907], [-89.154224, 48.472898], [-89.154346, 48.472898], [-89.154454, 48.472943], [-89.154548, 48.473032], [-89.154629, 48.473166], [-89.154696, 48.473345], [-89.154716, 48.473525], [-89.154689, 48.473708], [-89.154615, 48.473894], [-89.154494, 48.474081], [-89.154369, 48.474242], [-89.154241, 48.474376], [-89.15411, 48.474483], [-89.153975, 48.474563], [-89.1538, 48.47463], [-89.153584, 48.474684], [-89.153328, 48.474724], [-89.153031, 48.474751], [-89.152721, 48.474829], [-89.152398, 48.474958], [-89.152061, 48.475139], [-89.15171, 48.475371], [-89.151431, 48.475599], [-89.151222, 48.475822], [-89.151083, 48.47604], [-89.151016, 48.476255], [-89.150922, 48.476455], [-89.1508, 48.476643], [-89.150652, 48.476817], [-89.150477, 48.476978], [-89.149995, 48.477212], [-89.149206, 48.47752], [-89.148111, 48.477901], [-89.146709, 48.478357], [-89.145513, 48.478727], [-89.144522, 48.479013], [-89.143737, 48.479214], [-89.143157, 48.47933], [-89.142702, 48.479439], [-89.142372, 48.479542], [-89.142166, 48.479638], [-89.142085, 48.479727], [-89.142035, 48.479852], [-89.142015, 48.480012], [-89.142025, 48.480209], [-89.142065, 48.480441], [-89.141994, 48.480662], [-89.141812, 48.480871], [-89.141519, 48.48107], [-89.141115, 48.481257], [-89.140717, 48.481418], [-89.140326, 48.481552], [-89.139942, 48.481659], [-89.139565, 48.481739], [-89.139133, 48.481804], [-89.138648, 48.481853], [-89.138109, 48.481887], [-89.137516, 48.481905], [-89.13698, 48.481936], [-89.136501, 48.48198], [-89.13608, 48.482038], [-89.135716, 48.48211], [-89.135312, 48.482163], [-89.134867, 48.482199], [-89.134382, 48.482217], [-89.133856, 48.482217], [-89.133323, 48.482253], [-89.132784, 48.482324], [-89.132238, 48.482431], [-89.131685, 48.482574], [-89.131257, 48.482715], [-89.130954, 48.482853], [-89.130776, 48.482989], [-89.130722, 48.483123], [-89.130701, 48.483272], [-89.130715, 48.483437], [-89.130762, 48.483618], [-89.130843, 48.483815], [-89.130728, 48.484035], [-89.130418, 48.484281], [-89.129913, 48.484551], [-89.129212, 48.484845], [-89.128663, 48.485064], [-89.128265, 48.485207], [-89.128019, 48.485274], [-89.127925, 48.485265]], [[-89.144182, 48.478575], [-89.144151, 48.478582], [-89.144131, 48.478595], [-89.144121, 48.478616], [-89.144121, 48.478642], [-89.144131, 48.478656], [-89.144151, 48.478656], [-89.144182, 48.478642], [-89.144222, 48.478616], [-89.144242, 48.478595], [-89.144242, 48.478582], [-89.144222, 48.478575], [-89.144182, 48.478575]]]}}, {"type": "Feature", "properties": {"lead": 72, "temp": "sp:steelhead:s3"}, "geometry": {"type": "Polygon", "coordinates": [[[-89.168439, 48.455207], [-89.168439, 48.455198], [-89.168483, 48.455191], [-89.168571, 48.455187], [-89.168702, 48.455184], [-89.168877, 48.455184], [-89.168965, 48.455187], [-89.168965, 48.455191], [-89.168877, 48.455198], [-89.168702, 48.455207], [-89.168571, 48.455211], [-89.168483, 48.455211], [-89.168439, 48.455207]]]}}, {"type": "Feature", "properties": {"lead": 72, "temp": "sp:steelhead:s3"}, "geometry": {"type": "Polygon", "coordinates": [[[-89.165528, 48.45551], [-89.165528, 48.455394], [-89.165531, 48.455307], [-89.165538, 48.455249], [-89.165548, 48.45522], [-89.165561, 48.45522], [-89.165568, 48.455249], [-89.165568, 48.455307], [-89.165561, 48.455394], [-89.165548, 48.45551], [-89.165538, 48.455568], [-89.165531, 48.455568], [-89.165528, 48.45551]]]}}, {"type": "Feature", "properties": {"lead": 72, "temp": "sp:steelhead:s3"}, "geometry": {"type": "Polygon", "coordinates": [[[-89.165204, 48.455591], [-89.165204, 48.455457], [-89.165207, 48.455356], [-89.165214, 48.455289], [-89.165224, 48.455256], [-89.165238, 48.455256], [-89.165244, 48.455289], [-89.165244, 48.455356], [-89.165238, 48.455457], [-89.165224, 48.455591], [-89.165214, 48.455658], [-89.165207, 48.455658], [-89.165204, 48.455591]]]}}, {"type": "Feature", "properties": {"lead": 72, "temp": "sp:steelhead:s3"}, "geometry": {"type": "Polygon", "coordinates": [[[-89.166228, 48.456033], [-89.166252, 48.456022], [-89.166299, 48.456017], [-89.16637, 48.456019], [-89.166464, 48.456028], [-89.166512, 48.456037], [-89.166512, 48.456046], [-89.166464, 48.456055], [-89.16637, 48.456064], [-89.166299, 48.456066], [-89.166252, 48.456062], [-89.166228, 48.456051], [-89.166228, 48.456033]]]}}, {"type": "Feature", "properties": {"lead": 72, "temp": "sp:steelhead:s3"}, "geometry": {"type": "Polygon", "coordinates": [[[-89.165042, 48.456229], [-89.165046, 48.4562], [-89.165052, 48.456196], [-89.165062, 48.456216], [-89.165076, 48.45626], [-89.165083, 48.456296], [-89.165083, 48.456323], [-89.165076, 48.456341], [-89.165062, 48.45635], [-89.165052, 48.456343], [-89.165046, 48.456321], [-89.165042, 48.456283], [-89.165042, 48.456229]]]}}, {"type": "Feature", "properties": {"lead": 72, "temp": "sp:steelhead:s3"}, "geometry": {"type": "Polygon", "coordinates": [[[-89.16637, 48.456729], [-89.166357, 48.456711], [-89.166363, 48.456698], [-89.16639, 48.456689], [-89.166437, 48.456685], [-89.166505, 48.456685], [-89.166542, 48.456689], [-89.166549, 48.456698], [-89.166525, 48.456711], [-89.166471, 48.456729], [-89.166427, 48.456738], [-89.166394, 48.456738], [-89.16637, 48.456729]]]}}, {"type": "Feature", "properties": {"lead": 72, "temp": "sp:steelhead:s3"}, "geometry": {"type": "Polygon", "coordinates": [[[-89.164941, 48.455993], [-89.164931, 48.455946], [-89.164951, 48.455914], [-89.165002, 48.455899], [-89.165083, 48.455899], [-89.165126, 48.455901], [-89.165133, 48.455906], [-89.165103, 48.455912], [-89.165035, 48.455921], [-89.164992, 48.455941], [-89.164971, 48.455972], [-89.164975, 48.456015], [-89.165002, 48.456068], [-89.165012, 48.456093], [-89.165005, 48.456089], [-89.164982, 48.456055], [-89.164941, 48.455993]]]}}, {"type": "Feature", "properties": {"lead": 72, "temp": "sp:steelhead:s3"}, "geometry": {"type": "Polygon", "coordinates": [[[-89.155067, 48.471439], [-89.15508, 48.471419], [-89.155107, 48.471405], [-89.155148, 48.471399], [-89.155202, 48.471399], [-89.155229, 48.471405], [-89.155229, 48.471419], [-89.155202, 48.471439], [-89.155148, 48.471465], [-89.155107, 48.471479], [-89.15508, 48.471479], [-89.155067, 48.471465], [-89.155067, 48.471439]]]}}, {"type": "Feature", "properties": {"lead": 72, "temp": "sp:steelhead:s3"}, "geometry": {"type": "Polygon", "coordinates": [[[-89.155444, 48.471939], [-89.155444, 48.471894], [-89.155448, 48.471869], [-89.155454, 48.471865], [-89.155465, 48.471881], [-89.155478, 48.471916], [-89.155485, 48.471945], [-89.155485, 48.471968], [-89.155478, 48.471983], [-89.155465, 48.471992], [-89.155454, 48.471988], [-89.155448, 48.47197], [-89.155444, 48.471939]]]}}, {"type": "Feature", "properties": {"lead": 72, "temp": "sp:steelhead:s3"}, "geometry": {"type": "Polygon", "coordinates": [[[-89.154932, 48.472505], [-89.154892, 48.472488], [-89.154865, 48.472452], [-89.154851, 48.472398], [-89.154851, 48.472327], [-89.154834, 48.47228], [-89.154801, 48.472258], [-89.15475, 48.47226], [-89.154683, 48.472287], [-89.154632, 48.472298], [-89.154598, 48.472293], [-89.154582, 48.472273], [-89.154582, 48.472238], [-89.154602, 48.472211], [-89.154642, 48.472193], [-89.154703, 48.472184], [-89.154784, 48.472184], [-89.154855, 48.472204], [-89.154915, 48.472244], [-89.154966, 48.472305], [-89.155006, 48.472385], [-89.155023, 48.472445], [-89.155016, 48.472485], [-89.154986, 48.472505], [-89.154932, 48.472505]]]}}, {"type": "Feature", "properties": {"lead": 72, "temp": "sp:steelhead:s3"}, "geometry": {"type": "Polygon", "coordinates": [[[-89.156246, 48.473112], [-89.156196, 48.473097], [-89.156162, 48.473066], [-89.156145, 48.473019], [-89.156145, 48.472956], [-89.156149, 48.472923], [-89.156155, 48.472918], [-89.156166, 48.472943], [-89.156179, 48.472996], [-89.156203, 48.473039], [-89.156236, 48.47307], [-89.15628, 48.47309], [-89.156334, 48.473099], [-89.156358, 48.473106], [-89.156351, 48.47311], [-89.156314, 48.473112], [-89.156246, 48.473112]]]}}, {"type": "Feature", "properties": {"lead": 96, "temp": "sp:lake_trout:s1"}, "geometry": {"type": "Polygon", "coordinates": [[[-89.156573, 48.470687], [-89.15661, 48.470653], [-89.156705, 48.470608], [-89.156786, 48.470586], [-89.156853, 48.470586], [-89.156907, 48.470608], [-89.156947, 48.470653], [-89.156944, 48.470687], [-89.156897, 48.470709], [-89.156806, 48.47072], [-89.156671, 48.47072], [-89.156594, 48.470709], [-89.156573, 48.470687]]]}}, {"type": "Feature", "properties": {"lead": 96, "temp": "sp:lake_trout:s1"}, "geometry": {"type": "Polygon", "coordinates": [[[-89.154844, 48.472043], [-89.154784, 48.472037], [-89.154703, 48.47201], [-89.154649, 48.471983], [-89.154622, 48.471956], [-89.154622, 48.47193], [-89.154649, 48.471903], [-89.154683, 48.471883], [-89.154723, 48.471869], [-89.15477, 48.471863], [-89.154824, 48.471863], [-89.154865, 48.471876], [-89.154892, 48.471903], [-89.154905, 48.471943], [-89.154905, 48.471997], [-89.154885, 48.47203], [-89.154844, 48.472043]]]}}, {"type": "Feature", "properties": {"lead": 96, "temp": "sp:lake_trout:s1"}, "geometry": {"type": "Polygon", "coordinates": [[[-89.155525, 48.472191], [-89.155586, 48.472184], [-89.15568, 48.472184], [-89.155738, 48.472191], [-89.155758, 48.472204], [-89.155741, 48.472224], [-89.155687, 48.472251], [-89.155636, 48.472264], [-89.155589, 48.472264], [-89.155545, 48.472251], [-89.155505, 48.472224], [-89.155498, 48.472204], [-89.155525, 48.472191]]]}}, {"type": "Feature", "properties": {"lead": 96, "temp": "sp:lake_trout:s1"}, "geometry": {"type": "Polygon", "coordinates": [[[-89.154905, 48.472273], [-89.154905, 48.472238], [-89.154915, 48.472211], [-89.154935, 48.472193], [-89.154966, 48.472184], [-89.155006, 48.472184], [-89.155026, 48.472193], [-89.155026, 48.472211], [-89.155006, 48.472238], [-89.154966, 48.472273], [-89.154935, 48.472291], [-89.154915, 48.472291], [-89.154905, 48.472273]]]}}, {"type": "Feature", "properties": {"lead": 96, "temp": "sp:lake_trout:s1"}, "geometry": {"type": "Polygon", "coordinates": [[[-89.156145, 48.473157], [-89.156145, 48.473139], [-89.156162, 48.473126], [-89.156196, 48.473117], [-89.156246, 48.473112], [-89.156314, 48.473112], [-89.156347, 48.473117], [-89.156347, 48.473126], [-89.156314, 48.473139], [-89.156246, 48.473157], [-89.156196, 48.473166], [-89.156162, 48.473166], [-89.156145, 48.473157]]]}}, {"type": "Feature", "properties": {"lead": 96, "temp": "sp:lake_trout:s2"}, "geometry": {"type": "Polygon", "coordinates": [[[-89.155097, 48.471702], [-89.155077, 48.471702], [-89.155067, 48.471693], [-89.155067, 48.471675], [-89.155077, 48.471662], [-89.155097, 48.471653], [-89.155128, 48.471648], [-89.155168, 48.471648], [-89.155188, 48.471653], [-89.155188, 48.471662], [-89.155168, 48.471675], [-89.155128, 48.471693], [-89.155097, 48.471702]]]}}, {"type": "Feature", "properties": {"lead": 96, "temp": "sp:lake_trout:s2"}, "geometry": {"type": "Polygon", "coordinates": [[[-89.155906, 48.473092], [-89.155859, 48.473106], [-89.155815, 48.473095], [-89.155775, 48.473059], [-89.155748, 48.473017], [-89.155734, 48.472967], [-89.155734, 48.472912], [-89.155748, 48.472849], [-89.155778, 48.472811], [-89.155825, 48.472798], [-89.155889, 48.472809], [-89.15597, 48.472845], [-89.156017, 48.472887], [-89.156031, 48.472936], [-89.15601, 48.472992], [-89.155957, 48.473054], [-89.155906, 48.473092]]]}}, {"type": "Feature", "properties": {"lead": 96, "temp": "sp:brook_trout:s1"}, "geometry": {"type": "Polygon", "coordinates": [[[-89.168655, 48.455631], [-89.168571, 48.455582], [-89.16851, 48.455519], [-89.168473, 48.455443], [-89.168459, 48.455354], [-89.1685, 48.455292], [-89.168594, 48.455256], [-89.168743, 48.455247], [-89.168945, 48.455265], [-89.169096, 48.455296], [-89.169197, 48.455341], [-89.169248, 48.455399], [-89.169248, 48.45547], [-89.169228, 48.455533], [-89.169187, 48.455586], [-89.169127, 48.455631], [-89.169046, 48.455667], [-89.168958, 48.455685], [-89.168864, 48.455685], [-89.168763, 48.455667], [-89.168655, 48.455631]]]}}, {"type": "Feature", "properties": {"lead": 96, "temp": "sp:brook_trout:s1"}, "geometry": {"type": "Polygon", "coordinates": [[[-89.165575, 48.455792], [-89.165531, 48.455772], [-89.165511, 48.455731], [-89.165514, 48.455671], [-89.165541, 48.455591], [-89.165571, 48.45553], [-89.165605, 48.45549], [-89.165642, 48.45547], [-89.165683, 48.45547], [-89.165713, 48.45549], [-89.165733, 48.45553], [-89.165743, 48.455591], [-89.165743, 48.455671], [-89.165726, 48.455731], [-89.165693, 48.455772], [-89.165642, 48.455792], [-89.165575, 48.455792]]]}}, {"type": "Feature", "properties": {"lead": 96, "temp": "sp:brook_trout:s1"}, "geometry": {"type": "Polygon", "coordinates": [[[-89.166309, 48.455952], [-89.166036, 48.45589], [-89.165868, 48.455801], [-89.165804, 48.455685], [-89.165844, 48.455542], [-89.165939, 48.455437], [-89.166087, 48.45537], [-89.166289, 48.455341], [-89.166545, 48.45535], [-89.166737, 48.455383], [-89.166865, 48.455441], [-89.166929, 48.455524], [-89.166929, 48.455631], [-89.166983, 48.455711], [-89.167091, 48.455765], [-89.167253, 48.455792], [-89.167469, 48.455792], [-89.167597, 48.455807], [-89.167637, 48.455839], [-89.16759, 48.455885], [-89.167455, 48.455948], [-89.16726, 48.455986], [-89.167004, 48.455999], [-89.166687, 48.455988], [-89.166309, 48.455952]]]}}, {"type": "Feature", "properties": {"lead": 96, "temp": "sp:brook_trout:s1"}, "geometry": {"type": "Polygon", "coordinates": [[[-89.164891, 48.456169], [-89.164911, 48.456156], [-89.164941, 48.456149], [-89.164982, 48.456149], [-89.165002, 48.456156], [-89.165002, 48.456169], [-89.164982, 48.456189], [-89.164941, 48.456216], [-89.164911, 48.456229], [-89.164891, 48.456229], [-89.16488, 48.456216], [-89.16488, 48.456189], [-89.164891, 48.456169]]]}}, {"type": "Feature", "properties": {"lead": 96, "temp": "sp:brook_trout:s1"}, "geometry": {"type": "Polygon", "coordinates": [[[-89.165258, 48.456345], [-89.165285, 48.45631], [-89.165346, 48.456274], [-89.16544, 48.456238], [-89.165497, 48.456218], [-89.165517, 48.456214], [-89.165501, 48.456225], [-89.165447, 48.456252], [-89.165406, 48.456283], [-89.165379, 48.456319], [-89.165366, 48.456359], [-89.165366, 48.456403], [-89.165356, 48.456428], [-89.165335, 48.456432], [-89.165305, 48.456417], [-89.165265, 48.456381], [-89.165258, 48.456345]]]}}, {"type": "Feature", "properties": {"lead": 96, "temp": "sp:brook_trout:s1"}, "geometry": {"type": "Polygon", "coordinates": [[[-89.16641, 48.457243], [-89.166175, 48.456966], [-89.16604, 48.456761], [-89.166006, 48.456627], [-89.166073, 48.456564], [-89.166127, 48.456533], [-89.166168, 48.456533], [-89.166195, 48.456564], [-89.166208, 48.456627], [-89.166242, 48.456673], [-89.166296, 48.456705], [-89.16637, 48.45672], [-89.166464, 48.45672], [-89.166565, 48.456747], [-89.166673, 48.456801], [-89.166788, 48.456881], [-89.166909, 48.456988], [-89.16701, 48.457129], [-89.167091, 48.457303], [-89.167152, 48.457511], [-89.167192, 48.457752], [-89.167138, 48.457845], [-89.16699, 48.457792], [-89.166747, 48.457591], [-89.16641, 48.457243]]]}}, {"type": "Feature", "properties": {"lead": 96, "temp": "sp:brook_trout:s1"}, "geometry": {"type": "Polygon", "coordinates": [[[-89.156489, 48.471291], [-89.156388, 48.471278], [-89.156307, 48.471251], [-89.156246, 48.471211], [-89.156206, 48.471157], [-89.156216, 48.471117], [-89.156277, 48.471091], [-89.156388, 48.471077], [-89.15655, 48.471077], [-89.156695, 48.471062], [-89.156823, 48.47103], [-89.156934, 48.470983], [-89.157028, 48.470921], [-89.157109, 48.47089], [-89.157177, 48.47089], [-89.15723, 48.470921], [-89.157271, 48.470983], [-89.157278, 48.47103], [-89.157251, 48.471062], [-89.15719, 48.471077], [-89.157096, 48.471077], [-89.157015, 48.471091], [-89.156947, 48.471117], [-89.156893, 48.471157], [-89.156853, 48.471211], [-89.156792, 48.471251], [-89.156711, 48.471278], [-89.15661, 48.471291], [-89.156489, 48.471291]]]}}, {"type": "Feature", "properties": {"lead": 96, "temp": "sp:brook_trout:s1"}, "geometry": {"type": "Polygon", "coordinates": [[[-89.155727, 48.471198], [-89.155667, 48.471184], [-89.155626, 48.471166], [-89.155606, 48.471144], [-89.155606, 48.471117], [-89.155626, 48.471097], [-89.155667, 48.471084], [-89.155727, 48.471077], [-89.155808, 48.471077], [-89.155869, 48.471086], [-89.155909, 48.471104], [-89.15593, 48.471131], [-89.15593, 48.471166], [-89.155909, 48.471191], [-89.155869, 48.471204], [-89.155808, 48.471207], [-89.155727, 48.471198]]]}}, {"type": "Feature", "properties": {"lead": 96, "temp": "sp:brook_trout:s1"}, "geometry": {"type": "Polygon", "coordinates": [[[-89.155454, 48.471204], [-89.155475, 48.471191], [-89.155505, 48.471184], [-89.155545, 48.471184], [-89.155566, 48.471191], [-89.155566, 48.471204], [-89.155545, 48.471224], [-89.155505, 48.471251], [-89.155475, 48.471265], [-89.155454, 48.471265], [-89.155444, 48.471251], [-89.155444, 48.471224], [-89.155454, 48.471204]]]}}, {"type": "Feature", "properties": {"lead": 96, "temp": "sp:brook_trout:s1"}, "geometry": {"type": "Polygon", "coordinates": [[[-89.15508, 48.471311], [-89.155107, 48.471298], [-89.155148, 48.471291], [-89.155202, 48.471291], [-89.155229, 48.471298], [-89.155229, 48.471311], [-89.155202, 48.471332], [-89.155148, 48.471358], [-89.155107, 48.471372], [-89.15508, 48.471372], [-89.155067, 48.471358], [-89.155067, 48.471332], [-89.15508, 48.471311]]]}}, {"type": "Feature", "properties": {"lead": 96, "temp": "sp:brook_trout:s1"}, "geometry": {"type": "Polygon", "coordinates": [[[-89.155283, 48.471796], [-89.155299, 48.471776], [-89.155333, 48.471762], [-89.155384, 48.471756], [-89.155451, 48.471756], [-89.155485, 48.471762], [-89.155485, 48.471776], [-89.155451, 48.471796], [-89.155384, 48.471823], [-89.155333, 48.471836], [-89.155299, 48.471836], [-89.155283, 48.471823], [-89.155283, 48.471796]]]}}, {"type": "Feature", "properties": {"lead": 96, "temp": "sp:brook_trout:s1"}, "geometry": {"type": "Polygon", "coordinates": [[[-89.154743, 48.472117], [-89.154753, 48.472097], [-89.154774, 48.472084], [-89.154804, 48.472077], [-89.154844, 48.472077], [-89.154865, 48.472084], [-89.154865, 48.472097], [-89.154844, 48.472117], [-89.154804, 48.472144], [-89.154774, 48.472157], [-89.154753, 48.472157], [-89.154743, 48.472144], [-89.154743, 48.472117]]]}}, {"type": "Feature", "properties": {"lead": 96, "temp": "sp:brook_trout:s1"}, "geometry": {"type": "Polygon", "coordinates": [[[-89.155067, 48.472581], [-89.15508, 48.472561], [-89.155107, 48.472548], [-89.155148, 48.472541], [-89.155202, 48.472541], [-89.155229, 48.472548], [-89.155229, 48.472561], [-89.155202, 48.472581], [-89.155148, 48.472608], [-89.155107, 48.472622], [-89.15508, 48.472622], [-89.155067, 48.472608], [-89.155067, 48.472581]]]}}, {"type": "Feature", "properties": {"lead": 96, "temp": "sp:brook_trout:s1"}, "geometry": {"type": "Polygon", "coordinates": [[[-89.153651, 48.472767], [-89.153759, 48.47261], [-89.153941, 48.472474], [-89.154197, 48.472358], [-89.154393, 48.472287], [-89.154528, 48.47226], [-89.154602, 48.472278], [-89.154615, 48.47234], [-89.154602, 48.472394], [-89.154561, 48.472439], [-89.154494, 48.472474], [-89.1544, 48.472501], [-89.154342, 48.472543], [-89.154322, 48.472601], [-89.154339, 48.472675], [-89.154393, 48.472764], [-89.154406, 48.472831], [-89.154379, 48.472876], [-89.154312, 48.472898], [-89.154204, 48.472898], [-89.154147, 48.472905], [-89.15414, 48.472918], [-89.154184, 48.472938], [-89.154278, 48.472965], [-89.154325, 48.472985], [-89.154325, 48.472999], [-89.154278, 48.473005], [-89.154184, 48.473005], [-89.154093, 48.473032], [-89.154005, 48.473086], [-89.153921, 48.473166], [-89.15384, 48.473273], [-89.153769, 48.473304], [-89.153709, 48.47326], [-89.153658, 48.473139], [-89.153618, 48.472943], [-89.153651, 48.472767]]]}}, {"type": "Feature", "properties": {"lead": 96, "temp": "sp:brook_trout:s1"}, "geometry": {"type": "Polygon", "coordinates": [[[-89.152391, 48.474117], [-89.152432, 48.474108], [-89.152492, 48.474099], [-89.152573, 48.47409], [-89.152613, 48.474088], [-89.152613, 48.474092], [-89.152573, 48.474103], [-89.152492, 48.474121], [-89.152432, 48.474132], [-89.152391, 48.474137], [-89.152371, 48.474135], [-89.152371, 48.474126], [-89.152391, 48.474117]]]}}, {"type": "Feature", "properties": {"lead": 96, "temp": "sp:brook_trout:s1"}, "geometry": {"type": "Polygon", "coordinates": [[[-89.152101, 48.474233], [-89.152118, 48.474222], [-89.152152, 48.474208], [-89.152202, 48.474193], [-89.15227, 48.474175], [-89.152303, 48.474168], [-89.152303, 48.474173], [-89.15227, 48.474188], [-89.152202, 48.474215], [-89.152152, 48.474233], [-89.152118, 48.474242], [-89.152101, 48.474242], [-89.152101, 48.474233]]]}}, {"type": "Feature", "properties": {"lead": 96, "temp": "sp:brook_trout:s1"}, "geometry": {"type": "Polygon", "coordinates": [[[-89.150544, 48.475266], [-89.150585, 48.475217], [-89.150666, 48.475161], [-89.150787, 48.475099], [-89.150878, 48.475061], [-89.150939, 48.475047], [-89.150969, 48.475058], [-89.150969, 48.475094], [-89.150949, 48.475137], [-89.150908, 48.475186], [-89.150848, 48.475241], [-89.150767, 48.475304], [-89.150696, 48.475342], [-89.150635, 48.475355], [-89.150585, 48.475344], [-89.150544, 48.475308], [-89.150544, 48.475266]]]}}, {"type": "Feature", "properties": {"lead": 96, "temp": "sp:brook_trout:s1"}, "geometry": {"type": "Polygon", "coordinates": [[[-89.141816, 48.478955], [-89.141843, 48.478964], [-89.141856, 48.478986], [-89.141856, 48.479022], [-89.141843, 48.479044], [-89.141816, 48.479053], [-89.141775, 48.479048], [-89.141721, 48.479031], [-89.141695, 48.479013], [-89.141695, 48.478995], [-89.141721, 48.478977], [-89.141775, 48.478959], [-89.141816, 48.478955]]]}}, {"type": "Feature", "properties": {"lead": 96, "temp": "sp:brook_trout:s1"}, "geometry": {"type": "Polygon", "coordinates": [[[-89.132528, 48.481646], [-89.132852, 48.481592], [-89.133175, 48.481556], [-89.133499, 48.481539], [-89.133822, 48.481539], [-89.134034, 48.481552], [-89.134136, 48.481579], [-89.134125, 48.481619], [-89.134004, 48.481672], [-89.133782, 48.481717], [-89.133458, 48.481753], [-89.133034, 48.48178], [-89.132508, 48.481797], [-89.132194, 48.481793], [-89.132093, 48.481766], [-89.132204, 48.481717], [-89.132528, 48.481646]]]}}, {"type": "Feature", "properties": {"lead": 96, "temp": "sp:brook_trout:s1"}, "geometry": {"type": "Polygon", "coordinates": [[[-89.131308, 48.481969], [-89.131348, 48.481956], [-89.131409, 48.48194], [-89.13149, 48.481922], [-89.13153, 48.481916], [-89.13153, 48.48192], [-89.13149, 48.481936], [-89.131409, 48.481963], [-89.131348, 48.48198], [-89.131308, 48.481989], [-89.131288, 48.481989], [-89.131288, 48.48198], [-89.131308, 48.481969]]]}}, {"type": "Feature", "properties": {"lead": 96, "temp": "sp:brook_trout:s1"}, "geometry": {"type": "Polygon", "coordinates": [[[-89.129781, 48.482511], [-89.129815, 48.48244], [-89.129886, 48.482355], [-89.129994, 48.482257], [-89.130122, 48.482177], [-89.13027, 48.482114], [-89.130439, 48.48207], [-89.130627, 48.482043], [-89.130715, 48.482043], [-89.130701, 48.48207], [-89.130587, 48.482123], [-89.130371, 48.482204], [-89.130199, 48.482286], [-89.130071, 48.482371], [-89.129987, 48.482458], [-89.129947, 48.482547], [-89.129906, 48.482603], [-89.129866, 48.482625], [-89.129825, 48.482614], [-89.129785, 48.482569], [-89.129781, 48.482511]]]}}, {"type": "Feature", "properties": {"lead": 96, "temp": "sp:brook_trout:s2"}, "geometry": {"type": "Polygon", "coordinates": [[[-89.165703, 48.455577], [-89.165676, 48.455434], [-89.165683, 48.45533], [-89.165723, 48.455263], [-89.165797, 48.455234], [-89.165905, 48.455242], [-89.165966, 48.455283], [-89.165979, 48.455354], [-89.165945, 48.455457], [-89.165865, 48.455591], [-89.165797, 48.455655], [-89.165743, 48.455651], [-89.165703, 48.455577]]]}}, {"type": "Feature", "properties": {"lead": 96, "temp": "sp:brook_trout:s2"}, "geometry": {"type": "Polygon", "coordinates": [[[-89.165784, 48.456993], [-89.165487, 48.456912], [-89.165228, 48.456825], [-89.165005, 48.456732], [-89.16482, 48.456631], [-89.164672, 48.456524], [-89.164557, 48.456408], [-89.164476, 48.456283], [-89.164429, 48.456149], [-89.164415, 48.456006], [-89.164439, 48.45587], [-89.1645, 48.45574], [-89.164597, 48.455618], [-89.164732, 48.455501], [-89.164847, 48.455414], [-89.164941, 48.455356], [-89.165015, 48.455327], [-89.165069, 48.455327], [-89.165113, 48.455361], [-89.165147, 48.455428], [-89.16517, 48.455528], [-89.165184, 48.455662], [-89.16517, 48.455765], [-89.16513, 48.455836], [-89.165062, 48.455877], [-89.164968, 48.455885], [-89.164897, 48.455914], [-89.16485, 48.455964], [-89.164827, 48.456033], [-89.164827, 48.456122], [-89.164837, 48.456189], [-89.164857, 48.456234], [-89.164887, 48.456256], [-89.164928, 48.456256], [-89.164971, 48.456272], [-89.165019, 48.456303], [-89.165069, 48.45635], [-89.165123, 48.456412], [-89.165197, 48.456459], [-89.165292, 48.45649], [-89.165406, 48.456506], [-89.165541, 48.456506], [-89.165672, 48.456526], [-89.1658, 48.456566], [-89.165925, 48.456627], [-89.166046, 48.456707], [-89.166137, 48.456785], [-89.166198, 48.456861], [-89.166228, 48.456935], [-89.166228, 48.457006], [-89.166154, 48.45704], [-89.166006, 48.457035], [-89.165784, 48.456993]], [[-89.164914, 48.456327], [-89.164901, 48.456327], [-89.164891, 48.45633], [-89.164884, 48.456334], [-89.16488, 48.456341], [-89.16488, 48.45635], [-89.164884, 48.456354], [-89.164891, 48.456354], [-89.164901, 48.45635], [-89.164914, 48.456341], [-89.164921, 48.456334], [-89.164921, 48.45633], [-89.164914, 48.456327]], [[-89.165076, 48.455792], [-89.165062, 48.455792], [-89.165052, 48.455794], [-89.165046, 48.455798], [-89.165042, 48.455805], [-89.165042, 48.455814], [-89.165046, 48.455818], [-89.165052, 48.455818], [-89.165062, 48.455814], [-89.165076, 48.455805], [-89.165083, 48.455798], [-89.165083, 48.455794], [-89.165076, 48.455792]]]}}, {"type": "Feature", "properties": {"lead": 96, "temp": "sp:brook_trout:s2"}, "geometry": {"type": "Polygon", "coordinates": [[[-89.153537, 48.472791], [-89.153523, 48.47272], [-89.15354, 48.472628], [-89.153587, 48.472517], [-89.153665, 48.472385], [-89.153773, 48.472233], [-89.153897, 48.472097], [-89.154039, 48.471977], [-89.154197, 48.471872], [-89.154373, 48.471782], [-89.154497, 48.47168], [-89.154571, 48.471564], [-89.154595, 48.471434], [-89.154568, 48.471291], [-89.154558, 48.471175], [-89.154565, 48.471086], [-89.154588, 48.471024], [-89.154629, 48.470988], [-89.154666, 48.470983], [-89.1547, 48.47101], [-89.15473, 48.471068], [-89.154757, 48.471157], [-89.154777, 48.471193], [-89.154791, 48.471175], [-89.154797, 48.471104], [-89.154797, 48.470979], [-89.154865, 48.470861], [-89.154999, 48.470749], [-89.155202, 48.470644], [-89.155471, 48.470546], [-89.155731, 48.470479], [-89.15598, 48.470443], [-89.156219, 48.470439], [-89.156449, 48.470466], [-89.156641, 48.470506], [-89.156796, 48.470559], [-89.156914, 48.470626], [-89.156995, 48.470707], [-89.157035, 48.470783], [-89.157035, 48.470854], [-89.156995, 48.470921], [-89.156914, 48.470983], [-89.156742, 48.471041], [-89.156479, 48.471095], [-89.156125, 48.471144], [-89.15568, 48.471189], [-89.155336, 48.471271], [-89.155094, 48.471392], [-89.154952, 48.47155], [-89.154912, 48.471747], [-89.154801, 48.471932], [-89.154619, 48.472106], [-89.154366, 48.472269], [-89.154042, 48.472421], [-89.1538, 48.47255], [-89.153638, 48.472657], [-89.153557, 48.472742], [-89.153557, 48.472805], [-89.153554, 48.472834], [-89.153547, 48.472829], [-89.153537, 48.472791]], [[-89.154777, 48.471827], [-89.154764, 48.471827], [-89.154753, 48.471829], [-89.154747, 48.471834], [-89.154743, 48.47184], [-89.154743, 48.471849], [-89.154747, 48.471854], [-89.154753, 48.471854], [-89.154764, 48.471849], [-89.154777, 48.47184], [-89.154784, 48.471834], [-89.154784, 48.471829], [-89.154777, 48.471827]], [[-89.154757, 48.47172], [-89.15473, 48.47172], [-89.154713, 48.471724], [-89.154706, 48.471733], [-89.15471, 48.471747], [-89.154723, 48.471765], [-89.154737, 48.471773], [-89.15475, 48.471773], [-89.154764, 48.471765], [-89.154777, 48.471747], [-89.15478, 48.471733], [-89.154774, 48.471724], [-89.154757, 48.47172]], [[-89.154723, 48.471577], [-89.15471, 48.471577], [-89.1547, 48.471582], [-89.154693, 48.47159], [-89.154689, 48.471604], [-89.154689, 48.471622], [-89.154693, 48.471631], [-89.1547, 48.471631], [-89.15471, 48.471622], [-89.154723, 48.471604], [-89.15473, 48.47159], [-89.15473, 48.471582], [-89.154723, 48.471577]], [[-89.154939, 48.471363], [-89.154925, 48.471363], [-89.154915, 48.471365], [-89.154908, 48.47137], [-89.154905, 48.471376], [-89.154905, 48.471385], [-89.154908, 48.47139], [-89.154915, 48.47139], [-89.154925, 48.471385], [-89.154939, 48.471376], [-89.154946, 48.47137], [-89.154946, 48.471365], [-89.154939, 48.471363]], [[-89.154919, 48.471149], [-89.154892, 48.471149], [-89.154871, 48.47116], [-89.154858, 48.471182], [-89.154851, 48.471216], [-89.154851, 48.47126], [-89.154858, 48.471282], [-89.154871, 48.471282], [-89.154892, 48.47126], [-89.154919, 48.471216], [-89.154932, 48.471182], [-89.154932, 48.47116], [-89.154919, 48.471149]]]}}, {"type": "Feature", "properties": {"lead": 96, "temp": "sp:brook_trout:s2"}, "geometry": {"type": "Polygon", "coordinates": [[[-89.155067, 48.471693], [-89.155067, 48.471675], [-89.155077, 48.471662], [-89.155097, 48.471653], [-89.155128, 48.471648], [-89.155168, 48.471648], [-89.155188, 48.471653], [-89.155188, 48.471662], [-89.155168, 48.471675], [-89.155128, 48.471693], [-89.155097, 48.471702], [-89.155077, 48.471702], [-89.155067, 48.471693]]]}}, {"type": "Feature", "properties": {"lead": 96, "temp": "sp:brook_trout:s2"}, "geometry": {"type": "Polygon", "coordinates": [[[-89.1557, 48.472171], [-89.15562, 48.472162], [-89.155559, 48.472148], [-89.155518, 48.472131], [-89.155498, 48.472108], [-89.155498, 48.472081], [-89.155515, 48.472059], [-89.155549, 48.472041], [-89.155599, 48.472028], [-89.155667, 48.472019], [-89.155721, 48.472023], [-89.155761, 48.472041], [-89.155788, 48.472073], [-89.155802, 48.472117], [-89.155791, 48.472148], [-89.155758, 48.472166], [-89.1557, 48.472171]]]}}, {"type": "Feature", "properties": {"lead": 96, "temp": "sp:brook_trout:s2"}, "geometry": {"type": "Polygon", "coordinates": [[[-89.154959, 48.472278], [-89.154959, 48.472197], [-89.154962, 48.472137], [-89.154969, 48.472097], [-89.154979, 48.472077], [-89.154993, 48.472077], [-89.154999, 48.472097], [-89.154999, 48.472137], [-89.154993, 48.472197], [-89.154979, 48.472278], [-89.154969, 48.472318], [-89.154962, 48.472318], [-89.154959, 48.472278]]]}}, {"type": "Feature", "properties": {"lead": 96, "temp": "sp:brook_trout:s2"}, "geometry": {"type": "Polygon", "coordinates": [[[-89.155721, 48.472318], [-89.155761, 48.472264], [-89.155802, 48.472233], [-89.155842, 48.472224], [-89.155882, 48.472238], [-89.155923, 48.472273], [-89.155933, 48.472305], [-89.155913, 48.472331], [-89.155862, 48.472354], [-89.155781, 48.472372], [-89.155731, 48.472372], [-89.155711, 48.472354], [-89.155721, 48.472318]]]}}, {"type": "Feature", "properties": {"lead": 96, "temp": "sp:brook_trout:s2"}, "geometry": {"type": "Polygon", "coordinates": [[[-89.155815, 48.473095], [-89.155775, 48.473059], [-89.155748, 48.473017], [-89.155734, 48.472967], [-89.155734, 48.472912], [-89.155748, 48.472849], [-89.155778, 48.472811], [-89.155825, 48.472798], [-89.155889, 48.472809], [-89.15597, 48.472845], [-89.156017, 48.472887], [-89.156031, 48.472936], [-89.15601, 48.472992], [-89.155957, 48.473054], [-89.155906, 48.473092], [-89.155859, 48.473106], [-89.155815, 48.473095]]]}}, {"type": "Feature", "properties": {"lead": 96, "temp": "sp:brook_trout:s3"}, "geometry": {"type": "Polygon", "coordinates": [[[-89.16515, 48.45564], [-89.16515, 48.455515], [-89.165153, 48.455421], [-89.16516, 48.455359], [-89.16517, 48.455327], [-89.165184, 48.455327], [-89.165191, 48.455359], [-89.165191, 48.455421], [-89.165184, 48.455515], [-89.16517, 48.45564], [-89.16516, 48.455702], [-89.165153, 48.455702], [-89.16515, 48.45564]]]}}, {"type": "Feature", "properties": {"lead": 96, "temp": "sp:brook_trout:s3"}, "geometry": {"type": "Polygon", "coordinates": [[[-89.164827, 48.456122], [-89.164827, 48.456033], [-89.16483, 48.455966], [-89.164837, 48.455921], [-89.164847, 48.455899], [-89.16486, 48.455899], [-89.164867, 48.455921], [-89.164867, 48.455966], [-89.16486, 48.456033], [-89.164847, 48.456122], [-89.164837, 48.456167], [-89.16483, 48.456167], [-89.164827, 48.456122]]]}}, {"type": "Feature", "properties": {"lead": 96, "temp": "sp:brook_trout:s3"}, "geometry": {"type": "Polygon", "coordinates": [[[-89.165204, 48.456493], [-89.165204, 48.456484], [-89.165238, 48.456477], [-89.165305, 48.456473], [-89.165406, 48.45647], [-89.165541, 48.45647], [-89.165608, 48.456473], [-89.165608, 48.456477], [-89.165541, 48.456484], [-89.165406, 48.456493], [-89.165305, 48.456497], [-89.165238, 48.456497], [-89.165204, 48.456493]]]}}, {"type": "Feature", "properties": {"lead": 96, "temp": "sp:brook_trout:s3"}, "geometry": {"type": "Polygon", "coordinates": [[[-89.154723, 48.471001], [-89.154737, 48.470914], [-89.15475, 48.470856], [-89.154764, 48.470827], [-89.154777, 48.470827], [-89.15478, 48.470856], [-89.154774, 48.470914], [-89.154757, 48.471001], [-89.15473, 48.471117], [-89.154713, 48.471175], [-89.154706, 48.471175], [-89.15471, 48.471117], [-89.154723, 48.471001]]]}}, {"type": "Feature", "properties": {"lead": 96, "temp": "sp:brook_trout:s3"}, "geometry": {"type": "Polygon", "coordinates": [[[-89.154851, 48.471216], [-89.154858, 48.471182], [-89.154871, 48.47116], [-89.154892, 48.471149], [-89.154919, 48.471149], [-89.154932, 48.47116], [-89.154932, 48.471182], [-89.154919, 48.471216], [-89.154892, 48.47126], [-89.154871, 48.471282], [-89.154858, 48.471282], [-89.154851, 48.47126], [-89.154851, 48.471216]]]}}, {"type": "Feature", "properties": {"lead": 96, "temp": "sp:brook_trout:s3"}, "geometry": {"type": "Polygon", "coordinates": [[[-89.155181, 48.471702], [-89.155114, 48.471666], [-89.155064, 48.471617], [-89.15503, 48.471555], [-89.155013, 48.471479], [-89.155013, 48.47139], [-89.15504, 48.471323], [-89.155094, 48.471278], [-89.155175, 48.471256], [-89.155283, 48.471256], [-89.15534, 48.471258], [-89.155347, 48.471262], [-89.155303, 48.471269], [-89.155208, 48.471278], [-89.155151, 48.471298], [-89.155131, 48.471329], [-89.155148, 48.471372], [-89.155202, 48.471425], [-89.155242, 48.471481], [-89.155269, 48.471539], [-89.155283, 48.471599], [-89.155283, 48.471662], [-89.155266, 48.4717], [-89.155232, 48.471713], [-89.155181, 48.471702]], [[-89.155188, 48.471541], [-89.155161, 48.471541], [-89.155141, 48.471544], [-89.155128, 48.471548], [-89.155121, 48.471555], [-89.155121, 48.471564], [-89.155128, 48.471568], [-89.155141, 48.471568], [-89.155161, 48.471564], [-89.155188, 48.471555], [-89.155202, 48.471548], [-89.155202, 48.471544], [-89.155188, 48.471541]]]}}, {"type": "Feature", "properties": {"lead": 96, "temp": "sp:brook_trout:s3"}, "geometry": {"type": "Polygon", "coordinates": [[[-89.155343, 48.471863], [-89.155384, 48.471863], [-89.155414, 48.471872], [-89.155434, 48.47189], [-89.155444, 48.471916], [-89.155444, 48.471952], [-89.155434, 48.47197], [-89.155414, 48.47197], [-89.155384, 48.471952], [-89.155343, 48.471916], [-89.155323, 48.47189], [-89.155323, 48.471872], [-89.155343, 48.471863]]]}}, {"type": "Feature", "properties": {"lead": 96, "temp": "sp:brook_trout:s3"}, "geometry": {"type": "Polygon", "coordinates": [[[-89.154784, 48.471983], [-89.154811, 48.471921], [-89.154834, 48.471874], [-89.154855, 48.471843], [-89.154871, 48.471827], [-89.154885, 48.471827], [-89.154885, 48.471843], [-89.154871, 48.471874], [-89.154844, 48.471921], [-89.154804, 48.471983], [-89.15478, 48.472014], [-89.154774, 48.472014], [-89.154784, 48.471983]]]}}, {"type": "Feature", "properties": {"lead": 96, "temp": "sp:brook_trout:s3"}, "geometry": {"type": "Polygon", "coordinates": [[[-89.155727, 48.472434], [-89.155657, 48.472427], [-89.155596, 48.472414], [-89.155545, 48.472394], [-89.155505, 48.472367], [-89.155475, 48.472327], [-89.155454, 48.472273], [-89.155444, 48.472206], [-89.155444, 48.472126], [-89.155461, 48.472066], [-89.155495, 48.472026], [-89.155545, 48.472006], [-89.155613, 48.472006], [-89.15565, 48.472014], [-89.155657, 48.472032], [-89.155633, 48.472059], [-89.155579, 48.472095], [-89.155559, 48.472124], [-89.155572, 48.472146], [-89.15562, 48.472162], [-89.1557, 48.472171], [-89.155734, 48.472184], [-89.155734, 48.472184], [-89.155724, 48.472186], [-89.155717, 48.472191], [-89.155714, 48.472197], [-89.155714, 48.472206], [-89.155717, 48.472211], [-89.155724, 48.472211], [-89.155734, 48.472206], [-89.155748, 48.472197], [-89.155752, 48.472193], [-89.155771, 48.472222], [-89.155761, 48.472264], [-89.155721, 48.472318], [-89.155707, 48.47236], [-89.155721, 48.472392], [-89.155761, 48.472412], [-89.155829, 48.472421], [-89.155859, 48.472427], [-89.155852, 48.472432], [-89.155808, 48.472434], [-89.155727, 48.472434]], [[-89.155559, 48.47222], [-89.155529, 48.472224], [-89.155508, 48.472233], [-89.155498, 48.472247], [-89.155498, 48.472264], [-89.155508, 48.472273], [-89.155529, 48.472273], [-89.155559, 48.472264], [-89.155599, 48.472247], [-89.15562, 48.472233], [-89.15562, 48.472224], [-89.155599, 48.47222], [-89.155559, 48.47222]]]}}, {"type": "Feature", "properties": {"lead": 96, "temp": "sp:brook_trout:s3"}, "geometry": {"type": "Polygon", "coordinates": [[[-89.154966, 48.472434], [-89.154935, 48.472412], [-89.154915, 48.472367], [-89.154905, 48.4723], [-89.154905, 48.472211], [-89.154912, 48.472164], [-89.154925, 48.47216], [-89.154946, 48.472197], [-89.154973, 48.472278], [-89.154996, 48.472318], [-89.155016, 48.472318], [-89.155033, 48.472278], [-89.155047, 48.472197], [-89.155057, 48.47216], [-89.155064, 48.472164], [-89.155067, 48.472211], [-89.155067, 48.4723], [-89.155057, 48.472367], [-89.155037, 48.472412], [-89.155006, 48.472434], [-89.154966, 48.472434]]]}}, {"type": "Feature", "properties": {"lead": 96, "temp": "sp:salmon:s1"}, "geometry": {"type": "Polygon", "coordinates": [[[-89.154753, 48.471943], [-89.154743, 48.47193], [-89.154743, 48.471903], [-89.154753, 48.471883], [-89.154774, 48.471869], [-89.154804, 48.471863], [-89.154844, 48.471863], [-89.154865, 48.471869], [-89.154865, 48.471883], [-89.154844, 48.471903], [-89.154804, 48.47193], [-89.154774, 48.471943], [-89.154753, 48.471943]]]}}, {"type": "Feature", "properties": {"lead": 96, "temp": "sp:salmon:s1"}, "geometry": {"type": "Polygon", "coordinates": [[[-89.155525, 48.472191], [-89.155586, 48.472184], [-89.15568, 48.472184], [-89.155738, 48.472191], [-89.155758, 48.472204], [-89.155741, 48.472224], [-89.155687, 48.472251], [-89.155636, 48.472264], [-89.155589, 48.472264], [-89.155545, 48.472251], [-89.155505, 48.472224], [-89.155498, 48.472204], [-89.155525, 48.472191]]]}}, {"type": "Feature", "properties": {"lead": 96, "temp": "sp:salmon:s1"}, "geometry": {"type": "Polygon", "coordinates": [[[-89.154915, 48.472291], [-89.154905, 48.472273], [-89.154905, 48.472238], [-89.154915, 48.472211], [-89.154935, 48.472193], [-89.154966, 48.472184], [-89.155006, 48.472184], [-89.155026, 48.472193], [-89.155026, 48.472211], [-89.155006, 48.472238], [-89.154966, 48.472273], [-89.154935, 48.472291], [-89.154915, 48.472291]]]}}, {"type": "Feature", "properties": {"lead": 96, "temp": "sp:salmon:s1"}, "geometry": {"type": "Polygon", "coordinates": [[[-89.156162, 48.473166], [-89.156145, 48.473157], [-89.156145, 48.473139], [-89.156162, 48.473126], [-89.156196, 48.473117], [-89.156246, 48.473112], [-89.156314, 48.473112], [-89.156347, 48.473117], [-89.156347, 48.473126], [-89.156314, 48.473139], [-89.156246, 48.473157], [-89.156196, 48.473166], [-89.156162, 48.473166]]]}}, {"type": "Feature", "properties": {"lead": 96, "temp": "sp:salmon:s2"}, "geometry": {"type": "Polygon", "coordinates": [[[-89.167091, 48.455988], [-89.166552, 48.455952], [-89.166131, 48.455919], [-89.165827, 48.455888], [-89.165642, 48.455859], [-89.165575, 48.455832], [-89.165534, 48.455776], [-89.165521, 48.455691], [-89.165534, 48.455577], [-89.165575, 48.455434], [-89.165699, 48.455336], [-89.165908, 48.455283], [-89.166202, 48.455274], [-89.166579, 48.455309], [-89.166886, 48.455298], [-89.167122, 48.45524], [-89.167287, 48.455135], [-89.167381, 48.454984], [-89.167519, 48.454865], [-89.167701, 48.45478], [-89.167927, 48.454729], [-89.168197, 48.454711], [-89.168402, 48.454711], [-89.168544, 48.454729], [-89.168621, 48.454765], [-89.168635, 48.454818], [-89.168621, 48.45485], [-89.168581, 48.454859], [-89.168513, 48.454845], [-89.168419, 48.454809], [-89.168348, 48.454792], [-89.168301, 48.454792], [-89.168277, 48.454809], [-89.168277, 48.454845], [-89.168237, 48.454872], [-89.168156, 48.45489], [-89.168035, 48.454899], [-89.167873, 48.454899], [-89.167769, 48.45497], [-89.167721, 48.455113], [-89.167732, 48.455327], [-89.167772, 48.455499], [-89.167782, 48.455493], [-89.167816, 48.455484], [-89.167853, 48.455484], [-89.167893, 48.455493], [-89.167924, 48.45551], [-89.167944, 48.455537], [-89.167954, 48.455573], [-89.167954, 48.455618], [-89.167937, 48.455644], [-89.167903, 48.455653], [-89.167853, 48.455644], [-89.167795, 48.455622], [-89.167715, 48.455818], [-89.167479, 48.455943], [-89.167091, 48.455988]]]}}, {"type": "Feature", "properties": {"lead": 96, "temp": "sp:salmon:s2"}, "geometry": {"type": "Polygon", "coordinates": [[[-89.168689, 48.455631], [-89.168611, 48.455584], [-89.16855, 48.455526], [-89.168507, 48.455457], [-89.16848, 48.455376], [-89.16851, 48.455321], [-89.168598, 48.455289], [-89.168743, 48.455283], [-89.168945, 48.455301], [-89.169076, 48.455338], [-89.169137, 48.455397], [-89.169127, 48.455475], [-89.169046, 48.455573], [-89.168962, 48.455638], [-89.168874, 48.455669], [-89.168783, 48.455667], [-89.168689, 48.455631]]]}}, {"type": "Feature", "properties": {"lead": 96, "temp": "sp:salmon:s2"}, "geometry": {"type": "Polygon", "coordinates": [[[-89.165379, 48.456435], [-89.165308, 48.456423], [-89.165248, 48.456401], [-89.165197, 48.456368], [-89.165157, 48.456323], [-89.165157, 48.456285], [-89.165197, 48.456254], [-89.165278, 48.456229], [-89.165399, 48.456211], [-89.16549, 48.456214], [-89.165551, 48.456236], [-89.165581, 48.456278], [-89.165581, 48.456341], [-89.165561, 48.456388], [-89.165521, 48.456419], [-89.16546, 48.456435], [-89.165379, 48.456435]]]}}, {"type": "Feature", "properties": {"lead": 96, "temp": "sp:salmon:s2"}, "geometry": {"type": "Polygon", "coordinates": [[[-89.166754, 48.457636], [-89.166384, 48.457332], [-89.165993, 48.457073], [-89.165581, 48.456859], [-89.16515, 48.456689], [-89.164823, 48.456515], [-89.164601, 48.456336], [-89.164483, 48.456153], [-89.164469, 48.455966], [-89.1645, 48.455798], [-89.164574, 48.455651], [-89.164692, 48.455524], [-89.164854, 48.455417], [-89.164982, 48.455374], [-89.165076, 48.455397], [-89.165137, 48.455484], [-89.165164, 48.455635], [-89.16516, 48.455751], [-89.165126, 48.455832], [-89.165062, 48.455877], [-89.164968, 48.455885], [-89.164897, 48.455914], [-89.16485, 48.455964], [-89.164827, 48.456033], [-89.164827, 48.456122], [-89.164837, 48.456185], [-89.164857, 48.45622], [-89.164887, 48.456229], [-89.164928, 48.456211], [-89.164971, 48.456218], [-89.165019, 48.456249], [-89.165069, 48.456305], [-89.165123, 48.456385], [-89.165207, 48.456437], [-89.165322, 48.456459], [-89.165467, 48.456452], [-89.165642, 48.456417], [-89.165763, 48.456406], [-89.165831, 48.456419], [-89.165844, 48.456457], [-89.165804, 48.456519], [-89.165804, 48.45656], [-89.165844, 48.456577], [-89.165925, 48.456573], [-89.166046, 48.456546], [-89.166137, 48.45654], [-89.166198, 48.456553], [-89.166228, 48.456586], [-89.166228, 48.45664], [-89.166303, 48.456707], [-89.166451, 48.456787], [-89.166673, 48.456881], [-89.16697, 48.456988], [-89.167182, 48.457084], [-89.16731, 48.457169], [-89.167354, 48.457243], [-89.167314, 48.457305], [-89.167307, 48.45737], [-89.167334, 48.457437], [-89.167395, 48.457506], [-89.167489, 48.457578], [-89.16756, 48.457683], [-89.167607, 48.457821], [-89.16763, 48.457993], [-89.16763, 48.458198], [-89.167543, 48.458265], [-89.167368, 48.458194], [-89.167105, 48.457984], [-89.166754, 48.457636]], [[-89.164901, 48.456327], [-89.164891, 48.45633], [-89.164884, 48.456334], [-89.16488, 48.456341], [-89.16488, 48.45635], [-89.164884, 48.456354], [-89.164891, 48.456354], [-89.164901, 48.45635], [-89.164914, 48.456341], [-89.164921, 48.456334], [-89.164921, 48.45633], [-89.164914, 48.456327], [-89.164901, 48.456327]]]}}, {"type": "Feature", "properties": {"lead": 96, "temp": "sp:salmon:s2"}, "geometry": {"type": "Polygon", "coordinates": [[[-89.15562, 48.472162], [-89.155559, 48.472148], [-89.155518, 48.472131], [-89.155498, 48.472108], [-89.155498, 48.472081], [-89.155515, 48.472059], [-89.155549, 48.472041], [-89.155599, 48.472028], [-89.155667, 48.472019], [-89.155721, 48.472023], [-89.155761, 48.472041], [-89.155788, 48.472073], [-89.155802, 48.472117], [-89.155791, 48.472148], [-89.155758, 48.472166], [-89.1557, 48.472171], [-89.15562, 48.472162]]]}}, {"type": "Feature", "properties": {"lead": 96, "temp": "sp:salmon:s2"}, "geometry": {"type": "Polygon", "coordinates": [[[-89.155761, 48.472264], [-89.155802, 48.472233], [-89.155842, 48.472224], [-89.155882, 48.472238], [-89.155923, 48.472273], [-89.155933, 48.472305], [-89.155913, 48.472331], [-89.155862, 48.472354], [-89.155781, 48.472372], [-89.155731, 48.472372], [-89.155711, 48.472354], [-89.155721, 48.472318], [-89.155761, 48.472264]]]}}, {"type": "Feature", "properties": {"lead": 96, "temp": "sp:salmon:s2"}, "geometry": {"type": "Polygon", "coordinates": [[[-89.155397, 48.471756], [-89.155438, 48.471756], [-89.155461, 48.47176], [-89.155468, 48.471769], [-89.155458, 48.471782], [-89.155431, 48.4718], [-89.155407, 48.471809], [-89.155387, 48.471809], [-89.15537, 48.4718], [-89.155357, 48.471782], [-89.155357, 48.471769], [-89.15537, 48.47176], [-89.155397, 48.471756]]]}}, {"type": "Feature", "properties": {"lead": 96, "temp": "sp:salmon:s2"}, "geometry": {"type": "Polygon", "coordinates": [[[-89.153806, 48.473532], [-89.153726, 48.473463], [-89.153658, 48.473342], [-89.153604, 48.473171], [-89.153564, 48.472947], [-89.153567, 48.472735], [-89.153614, 48.472534], [-89.153705, 48.472345], [-89.15384, 48.472166], [-89.153978, 48.472017], [-89.15412, 48.471896], [-89.154265, 48.471805], [-89.154413, 48.471742], [-89.154521, 48.471653], [-89.154588, 48.471537], [-89.154615, 48.471394], [-89.154602, 48.471224], [-89.154605, 48.471117], [-89.154625, 48.471073], [-89.154662, 48.471091], [-89.154716, 48.471171], [-89.154767, 48.471193], [-89.154814, 48.471157], [-89.154858, 48.471064], [-89.154898, 48.470912], [-89.154986, 48.47078], [-89.155121, 48.470669], [-89.155303, 48.470577], [-89.155532, 48.470506], [-89.155751, 48.470454], [-89.15596, 48.470423], [-89.156159, 48.470412], [-89.156347, 48.470421], [-89.156533, 48.470475], [-89.156715, 48.470573], [-89.156893, 48.470716], [-89.157069, 48.470903], [-89.157156, 48.471057], [-89.157156, 48.471178], [-89.157069, 48.471265], [-89.156893, 48.471318], [-89.156732, 48.471336], [-89.156583, 48.471318], [-89.156449, 48.471265], [-89.156327, 48.471175], [-89.156223, 48.47112], [-89.156135, 48.471097], [-89.156064, 48.471108], [-89.15601, 48.471153], [-89.155913, 48.471189], [-89.155771, 48.471216], [-89.155586, 48.471233], [-89.155357, 48.471242], [-89.155175, 48.471305], [-89.15504, 48.471421], [-89.154952, 48.47159], [-89.154912, 48.471814], [-89.154861, 48.471983], [-89.154801, 48.472099], [-89.15473, 48.472162], [-89.154649, 48.472171], [-89.154592, 48.472193], [-89.154558, 48.472229], [-89.154548, 48.472278], [-89.154561, 48.47234], [-89.154548, 48.472401], [-89.154507, 48.472459], [-89.15444, 48.472514], [-89.154346, 48.472568], [-89.154295, 48.472628], [-89.154288, 48.472695], [-89.154325, 48.472769], [-89.154406, 48.472849], [-89.154447, 48.472916], [-89.154447, 48.47297], [-89.154406, 48.47301], [-89.154325, 48.473037], [-89.154255, 48.473088], [-89.154194, 48.473164], [-89.154143, 48.473264], [-89.154103, 48.473389], [-89.154049, 48.473478], [-89.153982, 48.473532], [-89.153901, 48.47355], [-89.153806, 48.473532]], [[-89.15473, 48.47172], [-89.154713, 48.471724], [-89.154706, 48.471733], [-89.15471, 48.471747], [-89.154723, 48.471765], [-89.154737, 48.471773], [-89.15475, 48.471773], [-89.154764, 48.471765], [-89.154777, 48.471747], [-89.15478, 48.471733], [-89.154774, 48.471724], [-89.154757, 48.47172], [-89.15473, 48.47172]], [[-89.15471, 48.471577], [-89.1547, 48.471582], [-89.154693, 48.47159], [-89.154689, 48.471604], [-89.154689, 48.471622], [-89.154693, 48.471631], [-89.1547, 48.471631], [-89.15471, 48.471622], [-89.154723, 48.471604], [-89.15473, 48.47159], [-89.15473, 48.471582], [-89.154723, 48.471577], [-89.15471, 48.471577]], [[-89.154925, 48.471363], [-89.154915, 48.471365], [-89.154908, 48.47137], [-89.154905, 48.471376], [-89.154905, 48.471385], [-89.154908, 48.47139], [-89.154915, 48.47139], [-89.154925, 48.471385], [-89.154939, 48.471376], [-89.154946, 48.47137], [-89.154946, 48.471365], [-89.154939, 48.471363], [-89.154925, 48.471363]], [[-89.154892, 48.471149], [-89.154871, 48.47116], [-89.154858, 48.471182], [-89.154851, 48.471216], [-89.154851, 48.47126], [-89.154858, 48.471282], [-89.154871, 48.471282], [-89.154892, 48.47126], [-89.154919, 48.471216], [-89.154932, 48.471182], [-89.154932, 48.47116], [-89.154919, 48.471149], [-89.154892, 48.471149]], [[-89.155465, 48.471184], [-89.155454, 48.471187], [-89.155448, 48.471191], [-89.155444, 48.471198], [-89.155444, 48.471207], [-89.155448, 48.471211], [-89.155454, 48.471211], [-89.155465, 48.471207], [-89.155478, 48.471198], [-89.155485, 48.471191], [-89.155485, 48.471187], [-89.155478, 48.471184], [-89.155465, 48.471184]]]}}, {"type": "Feature", "properties": {"lead": 96, "temp": "sp:salmon:s2"}, "geometry": {"type": "Polygon", "coordinates": [[[-89.152351, 48.474228], [-89.152593, 48.474148], [-89.152742, 48.474112], [-89.152795, 48.474121], [-89.152755, 48.474175], [-89.152651, 48.474233], [-89.152482, 48.474295], [-89.15225, 48.474362], [-89.151953, 48.474434], [-89.151815, 48.474456], [-89.151835, 48.474429], [-89.152014, 48.474353], [-89.152351, 48.474228]]]}}, {"type": "Feature", "properties": {"lead": 96, "temp": "sp:salmon:s2"}, "geometry": {"type": "Polygon", "coordinates": [[[-89.150538, 48.475393], [-89.150514, 48.475324], [-89.150575, 48.47523], [-89.15072, 48.475112], [-89.150949, 48.474969], [-89.1511, 48.47488], [-89.151174, 48.474844], [-89.151171, 48.474862], [-89.15109, 48.474934], [-89.151019, 48.475016], [-89.150959, 48.47511], [-89.150908, 48.475215], [-89.150868, 48.475331], [-89.150811, 48.475407], [-89.150736, 48.475442], [-89.150645, 48.475438], [-89.150538, 48.475393]]]}}, {"type": "Feature", "properties": {"lead": 96, "temp": "sp:salmon:s2"}, "geometry": {"type": "Polygon", "coordinates": [[[-89.150106, 48.475674], [-89.15013, 48.475659], [-89.150177, 48.475645], [-89.150248, 48.475634], [-89.150342, 48.475625], [-89.150389, 48.475625], [-89.150389, 48.475634], [-89.150342, 48.475652], [-89.150248, 48.475679], [-89.150177, 48.475694], [-89.15013, 48.475699], [-89.150106, 48.475692], [-89.150106, 48.475674]]]}}, {"type": "Feature", "properties": {"lead": 96, "temp": "sp:salmon:s2"}, "geometry": {"type": "Polygon", "coordinates": [[[-89.141277, 48.479388], [-89.141331, 48.479298], [-89.141411, 48.479209], [-89.141519, 48.47912], [-89.141654, 48.479031], [-89.141903, 48.478932], [-89.142267, 48.478825], [-89.142746, 48.478709], [-89.143339, 48.478584], [-89.143969, 48.47843], [-89.144637, 48.478247], [-89.145341, 48.478035], [-89.146082, 48.477794], [-89.146618, 48.477636], [-89.146948, 48.47756], [-89.147073, 48.477567], [-89.146992, 48.477656], [-89.146888, 48.47773], [-89.14676, 48.477788], [-89.146608, 48.47783], [-89.146433, 48.477857], [-89.146281, 48.477897], [-89.146153, 48.477951], [-89.146049, 48.478017], [-89.145968, 48.478098], [-89.145873, 48.478158], [-89.145766, 48.478198], [-89.145644, 48.478218], [-89.145509, 48.478218], [-89.145398, 48.478234], [-89.145311, 48.478265], [-89.145247, 48.478312], [-89.145206, 48.478375], [-89.145132, 48.478435], [-89.145024, 48.478493], [-89.144883, 48.478549], [-89.144707, 48.478602], [-89.144546, 48.478636], [-89.144397, 48.478649], [-89.144263, 48.478642], [-89.144141, 48.478616], [-89.143996, 48.478618], [-89.143828, 48.478649], [-89.143636, 48.478709], [-89.14342, 48.478798], [-89.143225, 48.478865], [-89.143049, 48.47891], [-89.142894, 48.478932], [-89.142759, 48.478932], [-89.142648, 48.478946], [-89.142561, 48.478973], [-89.142497, 48.479013], [-89.142456, 48.479066], [-89.142372, 48.479113], [-89.142244, 48.479153], [-89.142072, 48.479187], [-89.141856, 48.479214], [-89.141674, 48.479256], [-89.141526, 48.479314], [-89.141411, 48.479388], [-89.141331, 48.479477], [-89.141277, 48.479521], [-89.14125, 48.479521], [-89.14125, 48.479477], [-89.141277, 48.479388]]]}}, {"type": "Feature", "properties": {"lead": 96, "temp": "sp:salmon:s2"}, "geometry": {"type": "Polygon", "coordinates": [[[-89.129812, 48.483002], [-89.129744, 48.482971], [-89.129704, 48.482909], [-89.12969, 48.482815], [-89.129704, 48.48269], [-89.129751, 48.482567], [-89.129832, 48.482447], [-89.129947, 48.482328], [-89.130095, 48.482212], [-89.130267, 48.482123], [-89.130462, 48.482061], [-89.130681, 48.482025], [-89.130924, 48.482016], [-89.131214, 48.48198], [-89.131551, 48.481918], [-89.131935, 48.481829], [-89.132366, 48.481713], [-89.132804, 48.481628], [-89.133249, 48.481574], [-89.133701, 48.481552], [-89.134159, 48.481561], [-89.134587, 48.481552], [-89.134985, 48.481525], [-89.135352, 48.481481], [-89.135689, 48.481418], [-89.135942, 48.481378], [-89.13611, 48.48136], [-89.136195, 48.481365], [-89.136195, 48.481391], [-89.136174, 48.481411], [-89.136134, 48.481425], [-89.136073, 48.481432], [-89.135992, 48.481432], [-89.135932, 48.481438], [-89.135891, 48.481452], [-89.135871, 48.481472], [-89.135871, 48.481498], [-89.135787, 48.481532], [-89.135618, 48.481572], [-89.135366, 48.481619], [-89.135029, 48.481672], [-89.134769, 48.481724], [-89.134587, 48.481773], [-89.134483, 48.48182], [-89.134456, 48.481864], [-89.134419, 48.481893], [-89.134371, 48.481907], [-89.134314, 48.481905], [-89.134247, 48.481887], [-89.134196, 48.481882], [-89.134162, 48.481891], [-89.134146, 48.481913], [-89.134146, 48.481949], [-89.134038, 48.481967], [-89.133822, 48.481967], [-89.133499, 48.481949], [-89.133067, 48.481913], [-89.132744, 48.481896], [-89.132528, 48.481896], [-89.13242, 48.481913], [-89.13242, 48.481949], [-89.132302, 48.481989], [-89.132066, 48.482034], [-89.131712, 48.482083], [-89.131241, 48.482137], [-89.130846, 48.482206], [-89.13053, 48.482291], [-89.13029, 48.482391], [-89.130129, 48.482507], [-89.130017, 48.482614], [-89.129957, 48.482712], [-89.129947, 48.482802], [-89.129987, 48.482882], [-89.129994, 48.482942], [-89.129967, 48.482982], [-89.129906, 48.483002], [-89.129812, 48.483002]]]}}, {"type": "Feature", "properties": {"lead": 96, "temp": "sp:salmon:s3"}, "geometry": {"type": "Polygon", "coordinates": [[[-89.168439, 48.455242], [-89.168439, 48.455234], [-89.168483, 48.455227], [-89.168571, 48.455222], [-89.168702, 48.45522], [-89.168877, 48.45522], [-89.168965, 48.455222], [-89.168965, 48.455227], [-89.168877, 48.455234], [-89.168702, 48.455242], [-89.168571, 48.455247], [-89.168483, 48.455247], [-89.168439, 48.455242]]]}}, {"type": "Feature", "properties": {"lead": 96, "temp": "sp:salmon:s3"}, "geometry": {"type": "Polygon", "coordinates": [[[-89.165581, 48.455394], [-89.165585, 48.455307], [-89.165592, 48.455249], [-89.165602, 48.45522], [-89.165615, 48.45522], [-89.165622, 48.455249], [-89.165622, 48.455307], [-89.165615, 48.455394], [-89.165602, 48.45551], [-89.165592, 48.455568], [-89.165585, 48.455568], [-89.165581, 48.45551], [-89.165581, 48.455394]]]}}, {"type": "Feature", "properties": {"lead": 96, "temp": "sp:salmon:s3"}, "geometry": {"type": "Polygon", "coordinates": [[[-89.16515, 48.45547], [-89.165153, 48.455363], [-89.16516, 48.455292], [-89.16517, 48.455256], [-89.165184, 48.455256], [-89.165191, 48.455292], [-89.165191, 48.455363], [-89.165184, 48.45547], [-89.16517, 48.455613], [-89.16516, 48.455685], [-89.165153, 48.455685], [-89.16515, 48.455613], [-89.16515, 48.45547]]]}}, {"type": "Feature", "properties": {"lead": 96, "temp": "sp:salmon:s3"}, "geometry": {"type": "Polygon", "coordinates": [[[-89.165541, 48.456506], [-89.165406, 48.456506], [-89.165292, 48.456486], [-89.165197, 48.456446], [-89.165123, 48.456385], [-89.165069, 48.456305], [-89.165019, 48.456249], [-89.164971, 48.456218], [-89.164928, 48.456211], [-89.164887, 48.456229], [-89.164857, 48.45622], [-89.164837, 48.456185], [-89.164827, 48.456122], [-89.164827, 48.456033], [-89.164854, 48.455999], [-89.164907, 48.456022], [-89.164988, 48.4561], [-89.165096, 48.456234], [-89.165207, 48.456339], [-89.165322, 48.456415], [-89.16544, 48.456461], [-89.165561, 48.456479], [-89.165619, 48.456493], [-89.165612, 48.456502], [-89.165541, 48.456506]]]}}, {"type": "Feature", "properties": {"lead": 96, "temp": "sp:salmon:s3"}, "geometry": {"type": "Polygon", "coordinates": [[[-89.165865, 48.456613], [-89.1658, 48.456609], [-89.165753, 48.4566], [-89.165723, 48.456586], [-89.165709, 48.456569], [-89.165713, 48.456555], [-89.165733, 48.456546], [-89.16577, 48.456542], [-89.165824, 48.456542], [-89.165875, 48.456546], [-89.165922, 48.456555], [-89.165966, 48.456569], [-89.166006, 48.456586], [-89.166016, 48.4566], [-89.165996, 48.456609], [-89.165945, 48.456613], [-89.165865, 48.456613]]]}}, {"type": "Feature", "properties": {"lead": 96, "temp": "sp:salmon:s3"}, "geometry": {"type": "Polygon", "coordinates": [[[-89.155566, 48.472184], [-89.155505, 48.472175], [-89.155465, 48.472157], [-89.155444, 48.472131], [-89.155444, 48.472095], [-89.155448, 48.472075], [-89.155454, 48.47207], [-89.155465, 48.472081], [-89.155478, 48.472108], [-89.155505, 48.472131], [-89.155545, 48.472148], [-89.155599, 48.472162], [-89.155667, 48.472171], [-89.155697, 48.472177], [-89.15569, 48.472182], [-89.155647, 48.472184], [-89.155566, 48.472184]]]}}, {"type": "Feature", "properties": {"lead": 96, "temp": "sp:salmon:s3"}, "geometry": {"type": "Polygon", "coordinates": [[[-89.155808, 48.472434], [-89.155727, 48.472434], [-89.155667, 48.472425], [-89.155626, 48.472407], [-89.155606, 48.47238], [-89.155606, 48.472345], [-89.155609, 48.472325], [-89.155616, 48.47232], [-89.155626, 48.472331], [-89.15564, 48.472358], [-89.155667, 48.47238], [-89.155707, 48.472398], [-89.155761, 48.472412], [-89.155829, 48.472421], [-89.155859, 48.472427], [-89.155852, 48.472432], [-89.155808, 48.472434]]]}}, {"type": "Feature", "properties": {"lead": 96, "temp": "sp:salmon:s3"}, "geometry": {"type": "Polygon", "coordinates": [[[-89.154723, 48.471001], [-89.154737, 48.470914], [-89.15475, 48.470856], [-89.154764, 48.470827], [-89.154777, 48.470827], [-89.15478, 48.470856], [-89.154774, 48.470914], [-89.154757, 48.471001], [-89.15473, 48.471117], [-89.154713, 48.471175], [-89.154706, 48.471175], [-89.15471, 48.471117], [-89.154723, 48.471001]]]}}, {"type": "Feature", "properties": {"lead": 96, "temp": "sp:salmon:s3"}, "geometry": {"type": "Polygon", "coordinates": [[[-89.154851, 48.471216], [-89.154858, 48.471182], [-89.154871, 48.47116], [-89.154892, 48.471149], [-89.154919, 48.471149], [-89.154932, 48.47116], [-89.154932, 48.471182], [-89.154919, 48.471216], [-89.154892, 48.47126], [-89.154871, 48.471282], [-89.154858, 48.471282], [-89.154851, 48.47126], [-89.154851, 48.471216]]]}}, {"type": "Feature", "properties": {"lead": 96, "temp": "sp:salmon:s3"}, "geometry": {"type": "Polygon", "coordinates": [[[-89.155114, 48.471613], [-89.155064, 48.47159], [-89.15503, 48.471546], [-89.155013, 48.471479], [-89.155013, 48.47139], [-89.15505, 48.471323], [-89.155124, 48.471278], [-89.155235, 48.471256], [-89.155384, 48.471256], [-89.155475, 48.471265], [-89.155508, 48.471282], [-89.155485, 48.471309], [-89.155404, 48.471345], [-89.15533, 48.471372], [-89.155262, 48.47139], [-89.155202, 48.471399], [-89.155148, 48.471399], [-89.155121, 48.471405], [-89.155121, 48.471419], [-89.155148, 48.471439], [-89.155202, 48.471465], [-89.155242, 48.471492], [-89.155269, 48.471519], [-89.155283, 48.471546], [-89.155283, 48.471573], [-89.155266, 48.471593], [-89.155232, 48.471606], [-89.155181, 48.471613], [-89.155114, 48.471613]], [[-89.155161, 48.471541], [-89.155141, 48.471544], [-89.155128, 48.471548], [-89.155121, 48.471555], [-89.155121, 48.471564], [-89.155128, 48.471568], [-89.155141, 48.471568], [-89.155161, 48.471564], [-89.155188, 48.471555], [-89.155202, 48.471548], [-89.155202, 48.471544], [-89.155188, 48.471541], [-89.155161, 48.471541]], [[-89.155161, 48.471327], [-89.155141, 48.471329], [-89.155128, 48.471334], [-89.155121, 48.47134], [-89.155121, 48.471349], [-89.155128, 48.471354], [-89.155141, 48.471354], [-89.155161, 48.471349], [-89.155188, 48.47134], [-89.155202, 48.471334], [-89.155202, 48.471329], [-89.155188, 48.471327], [-89.155161, 48.471327]]]}}, {"type": "Feature", "properties": {"lead": 96, "temp": "sp:salmon:s3"}, "geometry": {"type": "Polygon", "coordinates": [[[-89.155343, 48.47197], [-89.155313, 48.471956], [-89.155293, 48.47193], [-89.155283, 48.47189], [-89.155283, 48.471836], [-89.155286, 48.471807], [-89.155293, 48.471802], [-89.155303, 48.471823], [-89.155316, 48.471867], [-89.155333, 48.471894], [-89.155353, 48.471903], [-89.155377, 48.471894], [-89.155404, 48.471867], [-89.155424, 48.471856], [-89.155438, 48.47186], [-89.155444, 48.471881], [-89.155444, 48.471916], [-89.155434, 48.471943], [-89.155414, 48.471961], [-89.155384, 48.47197], [-89.155343, 48.47197]]]}}, {"type": "Feature", "properties": {"lead": 96, "temp": "sp:salmon:s3"}, "geometry": {"type": "Polygon", "coordinates": [[[-89.154703, 48.472184], [-89.154659, 48.472171], [-89.154652, 48.472144], [-89.154683, 48.472104], [-89.15475, 48.47205], [-89.154804, 48.47201], [-89.154844, 48.471983], [-89.154871, 48.47197], [-89.154885, 48.47197], [-89.154895, 48.471983], [-89.154902, 48.47201], [-89.154905, 48.47205], [-89.154905, 48.472104], [-89.154885, 48.472144], [-89.154844, 48.472171], [-89.154784, 48.472184], [-89.154703, 48.472184]]]}}, {"type": "Feature", "properties": {"lead": 96, "temp": "sp:salmon:s3"}, "geometry": {"type": "Polygon", "coordinates": [[[-89.154905, 48.472394], [-89.154915, 48.47236], [-89.154935, 48.472338], [-89.154966, 48.472327], [-89.155006, 48.472327], [-89.155026, 48.472338], [-89.155026, 48.47236], [-89.155006, 48.472394], [-89.154966, 48.472439], [-89.154935, 48.472461], [-89.154915, 48.472461], [-89.154905, 48.472439], [-89.154905, 48.472394]]]}}, {"type": "Feature", "properties": {"lead": 96, "temp": "sp:steelhead:s1"}, "geometry": {"type": "Polygon", "coordinates": [[[-89.165076, 48.455336], [-89.165093, 48.455296], [-89.165113, 48.455269], [-89.165137, 48.455256], [-89.165164, 48.455256], [-89.165174, 48.455269], [-89.165167, 48.455296], [-89.165143, 48.455336], [-89.165103, 48.45539], [-89.165076, 48.455417], [-89.165062, 48.455417], [-89.165062, 48.45539], [-89.165076, 48.455336]]]}}, {"type": "Feature", "properties": {"lead": 96, "temp": "sp:steelhead:s1"}, "geometry": {"type": "Polygon", "coordinates": [[[-89.168655, 48.455631], [-89.168571, 48.455582], [-89.16851, 48.455519], [-89.168473, 48.455443], [-89.168459, 48.455354], [-89.1685, 48.455292], [-89.168594, 48.455256], [-89.168743, 48.455247], [-89.168945, 48.455265], [-89.169096, 48.455296], [-89.169197, 48.455341], [-89.169248, 48.455399], [-89.169248, 48.45547], [-89.169228, 48.455533], [-89.169187, 48.455586], [-89.169127, 48.455631], [-89.169046, 48.455667], [-89.168958, 48.455685], [-89.168864, 48.455685], [-89.168763, 48.455667], [-89.168655, 48.455631]]]}}, {"type": "Feature", "properties": {"lead": 96, "temp": "sp:steelhead:s1"}, "geometry": {"type": "Polygon", "coordinates": [[[-89.166067, 48.455899], [-89.165895, 48.455856], [-89.165767, 48.455772], [-89.165683, 48.455644], [-89.165642, 48.455475], [-89.165686, 48.455356], [-89.165814, 48.455289], [-89.166026, 48.455274], [-89.166323, 48.455309], [-89.166535, 48.45537], [-89.166663, 48.455455], [-89.166707, 48.455564], [-89.166667, 48.455698], [-89.166582, 48.455798], [-89.166454, 48.455865], [-89.166282, 48.455899], [-89.166067, 48.455899]], [[-89.166431, 48.455577], [-89.16641, 48.455584], [-89.166397, 48.455597], [-89.16639, 48.455618], [-89.16639, 48.455644], [-89.166397, 48.455658], [-89.16641, 48.455658], [-89.166431, 48.455644], [-89.166458, 48.455618], [-89.166471, 48.455597], [-89.166471, 48.455584], [-89.166458, 48.455577], [-89.166431, 48.455577]]]}}, {"type": "Feature", "properties": {"lead": 96, "temp": "sp:steelhead:s1"}, "geometry": {"type": "Polygon", "coordinates": [[[-89.165042, 48.455832], [-89.165052, 48.455812], [-89.165073, 48.455798], [-89.165103, 48.455792], [-89.165143, 48.455792], [-89.165164, 48.455798], [-89.165164, 48.455812], [-89.165143, 48.455832], [-89.165103, 48.455859], [-89.165073, 48.455872], [-89.165052, 48.455872], [-89.165042, 48.455859], [-89.165042, 48.455832]]]}}, {"type": "Feature", "properties": {"lead": 96, "temp": "sp:steelhead:s1"}, "geometry": {"type": "Polygon", "coordinates": [[[-89.16488, 48.456189], [-89.164891, 48.456169], [-89.164911, 48.456156], [-89.164941, 48.456149], [-89.164982, 48.456149], [-89.165002, 48.456156], [-89.165002, 48.456169], [-89.164982, 48.456189], [-89.164941, 48.456216], [-89.164911, 48.456229], [-89.164891, 48.456229], [-89.16488, 48.456216], [-89.16488, 48.456189]]]}}, {"type": "Feature", "properties": {"lead": 96, "temp": "sp:steelhead:s1"}, "geometry": {"type": "Polygon", "coordinates": [[[-89.165265, 48.456381], [-89.165258, 48.456345], [-89.165285, 48.45631], [-89.165346, 48.456274], [-89.16544, 48.456238], [-89.165497, 48.456218], [-89.165517, 48.456214], [-89.165501, 48.456225], [-89.165447, 48.456252], [-89.165406, 48.456283], [-89.165379, 48.456319], [-89.165366, 48.456359], [-89.165366, 48.456403], [-89.165356, 48.456428], [-89.165335, 48.456432], [-89.165305, 48.456417], [-89.165265, 48.456381]]]}}, {"type": "Feature", "properties": {"lead": 96, "temp": "sp:steelhead:s1"}, "geometry": {"type": "Polygon", "coordinates": [[[-89.165581, 48.456511], [-89.165592, 48.45649], [-89.165612, 48.456477], [-89.165642, 48.45647], [-89.165683, 48.45647], [-89.165703, 48.456477], [-89.165703, 48.45649], [-89.165683, 48.456511], [-89.165642, 48.456537], [-89.165612, 48.456551], [-89.165592, 48.456551], [-89.165581, 48.456537], [-89.165581, 48.456511]]]}}, {"type": "Feature", "properties": {"lead": 96, "temp": "sp:steelhead:s1"}, "geometry": {"type": "Polygon", "coordinates": [[[-89.166208, 48.457187], [-89.16606, 48.457049], [-89.165945, 48.456912], [-89.165865, 48.456778], [-89.165868, 48.4567], [-89.165956, 48.456678], [-89.166127, 48.456711], [-89.166384, 48.456801], [-89.166586, 48.456915], [-89.166734, 48.457053], [-89.166828, 48.457216], [-89.166869, 48.457403], [-89.166845, 48.457508], [-89.166758, 48.457531], [-89.166606, 48.45747], [-89.16639, 48.457328], [-89.166208, 48.457187]]]}}, {"type": "Feature", "properties": {"lead": 96, "temp": "sp:steelhead:s1"}, "geometry": {"type": "Polygon", "coordinates": [[[-89.156361, 48.470974], [-89.156469, 48.47093], [-89.156631, 48.470894], [-89.156846, 48.470867], [-89.157008, 48.470863], [-89.157116, 48.470881], [-89.15717, 48.470921], [-89.15717, 48.470983], [-89.157116, 48.471037], [-89.157008, 48.471082], [-89.156846, 48.471117], [-89.156631, 48.471144], [-89.156469, 48.471149], [-89.156361, 48.471131], [-89.156307, 48.471091], [-89.156307, 48.471028], [-89.156361, 48.470974]]]}}, {"type": "Feature", "properties": {"lead": 96, "temp": "sp:steelhead:s1"}, "geometry": {"type": "Polygon", "coordinates": [[[-89.155748, 48.472434], [-89.155677, 48.472425], [-89.15563, 48.472407], [-89.155606, 48.47238], [-89.155606, 48.472345], [-89.155623, 48.472311], [-89.155657, 48.47228], [-89.155707, 48.472251], [-89.155775, 48.472224], [-89.155832, 48.47222], [-89.155879, 48.472238], [-89.155916, 48.472278], [-89.155943, 48.47234], [-89.15594, 48.472387], [-89.155906, 48.472418], [-89.155842, 48.472434], [-89.155748, 48.472434]]]}}, {"type": "Feature", "properties": {"lead": 96, "temp": "sp:steelhead:s1"}, "geometry": {"type": "Polygon", "coordinates": [[[-89.155384, 48.471068], [-89.155444, 48.471001], [-89.155525, 48.470957], [-89.155626, 48.470934], [-89.155748, 48.470934], [-89.155839, 48.470943], [-89.155899, 48.470961], [-89.15593, 48.470988], [-89.15593, 48.471024], [-89.155889, 48.471064], [-89.155808, 48.471108], [-89.155687, 48.471157], [-89.155525, 48.471211], [-89.155414, 48.471229], [-89.155353, 48.471211], [-89.155343, 48.471157], [-89.155384, 48.471068]]]}}, {"type": "Feature", "properties": {"lead": 96, "temp": "sp:steelhead:s1"}, "geometry": {"type": "Polygon", "coordinates": [[[-89.155067, 48.471332], [-89.15508, 48.471311], [-89.155107, 48.471298], [-89.155148, 48.471291], [-89.155202, 48.471291], [-89.155229, 48.471298], [-89.155229, 48.471311], [-89.155202, 48.471332], [-89.155148, 48.471358], [-89.155107, 48.471372], [-89.15508, 48.471372], [-89.155067, 48.471358], [-89.155067, 48.471332]]]}}, {"type": "Feature", "properties": {"lead": 96, "temp": "sp:steelhead:s1"}, "geometry": {"type": "Polygon", "coordinates": [[[-89.155299, 48.471776], [-89.155333, 48.471762], [-89.155384, 48.471756], [-89.155451, 48.471756], [-89.155485, 48.471762], [-89.155485, 48.471776], [-89.155451, 48.471796], [-89.155384, 48.471823], [-89.155333, 48.471836], [-89.155299, 48.471836], [-89.155283, 48.471823], [-89.155283, 48.471796], [-89.155299, 48.471776]]]}}, {"type": "Feature", "properties": {"lead": 96, "temp": "sp:steelhead:s1"}, "geometry": {"type": "Polygon", "coordinates": [[[-89.155515, 48.472175], [-89.155468, 48.472157], [-89.155444, 48.472131], [-89.155444, 48.472095], [-89.155465, 48.472066], [-89.155505, 48.472043], [-89.155566, 48.472028], [-89.155647, 48.472019], [-89.155711, 48.472023], [-89.155758, 48.472041], [-89.155788, 48.472073], [-89.155802, 48.472117], [-89.155788, 48.472151], [-89.155748, 48.472173], [-89.15568, 48.472184], [-89.155586, 48.472184], [-89.155515, 48.472175]]]}}, {"type": "Feature", "properties": {"lead": 96, "temp": "sp:steelhead:s1"}, "geometry": {"type": "Polygon", "coordinates": [[[-89.154582, 48.472117], [-89.154602, 48.472097], [-89.154642, 48.472084], [-89.154703, 48.472077], [-89.154784, 48.472077], [-89.154824, 48.472084], [-89.154824, 48.472097], [-89.154784, 48.472117], [-89.154703, 48.472144], [-89.154642, 48.472157], [-89.154602, 48.472157], [-89.154582, 48.472144], [-89.154582, 48.472117]]]}}, {"type": "Feature", "properties": {"lead": 96, "temp": "sp:steelhead:s1"}, "geometry": {"type": "Polygon", "coordinates": [[[-89.155067, 48.472581], [-89.15508, 48.472561], [-89.155107, 48.472548], [-89.155148, 48.472541], [-89.155202, 48.472541], [-89.155229, 48.472548], [-89.155229, 48.472561], [-89.155202, 48.472581], [-89.155148, 48.472608], [-89.155107, 48.472622], [-89.15508, 48.472622], [-89.155067, 48.472608], [-89.155067, 48.472581]]]}}, {"type": "Feature", "properties": {"lead": 96, "temp": "sp:steelhead:s1"}, "geometry": {"type": "Polygon", "coordinates": [[[-89.153584, 48.472929], [-89.153557, 48.472822], [-89.153557, 48.472724], [-89.153584, 48.472635], [-89.153638, 48.472555], [-89.153732, 48.472479], [-89.153867, 48.472407], [-89.154042, 48.47234], [-89.154258, 48.472278], [-89.154423, 48.472247], [-89.154538, 48.472247], [-89.154602, 48.472278], [-89.154615, 48.47234], [-89.154588, 48.472401], [-89.154521, 48.472459], [-89.154413, 48.472514], [-89.154265, 48.472568], [-89.154133, 48.472644], [-89.154019, 48.472742], [-89.153921, 48.472863], [-89.15384, 48.473005], [-89.153766, 48.473083], [-89.153699, 48.473097], [-89.153638, 48.473046], [-89.153584, 48.472929]]]}}, {"type": "Feature", "properties": {"lead": 96, "temp": "sp:steelhead:s1"}, "geometry": {"type": "Polygon", "coordinates": [[[-89.132626, 48.481612], [-89.132713, 48.481599], [-89.132845, 48.481583], [-89.13302, 48.481565], [-89.133108, 48.481559], [-89.133108, 48.481563], [-89.13302, 48.481579], [-89.132845, 48.481606], [-89.132713, 48.481623], [-89.132626, 48.481632], [-89.132582, 48.481632], [-89.132582, 48.481623], [-89.132626, 48.481612]]]}}, {"type": "Feature", "properties": {"lead": 96, "temp": "sp:steelhead:s1"}, "geometry": {"type": "Polygon", "coordinates": [[[-89.129815, 48.4824], [-89.129835, 48.482373], [-89.129852, 48.48236], [-89.129866, 48.48236], [-89.129866, 48.482373], [-89.129852, 48.4824], [-89.129825, 48.48244], [-89.129785, 48.482494], [-89.129761, 48.48252], [-89.129754, 48.48252], [-89.129765, 48.482494], [-89.129792, 48.48244], [-89.129815, 48.4824]]]}}, {"type": "Feature", "properties": {"lead": 96, "temp": "sp:steelhead:s2"}, "geometry": {"type": "Polygon", "coordinates": [[[-89.167084, 48.456216], [-89.166613, 48.456189], [-89.166259, 48.456156], [-89.166023, 48.456115], [-89.165905, 48.456068], [-89.165905, 48.456015], [-89.165949, 48.455972], [-89.166036, 48.455941], [-89.166168, 48.455921], [-89.166343, 48.455912], [-89.166485, 48.455872], [-89.166592, 48.455801], [-89.166667, 48.455698], [-89.166707, 48.455564], [-89.166761, 48.455464], [-89.166828, 48.455397], [-89.166909, 48.455363], [-89.167004, 48.455363], [-89.167098, 48.455325], [-89.167192, 48.455249], [-89.167287, 48.455135], [-89.167381, 48.454984], [-89.167512, 48.454863], [-89.167681, 48.454774], [-89.167887, 48.454716], [-89.168129, 48.454689], [-89.168395, 48.454729], [-89.168685, 48.454836], [-89.168999, 48.45501], [-89.169336, 48.455251], [-89.169551, 48.455437], [-89.169646, 48.455566], [-89.169619, 48.45564], [-89.16947, 48.455658], [-89.169353, 48.45564], [-89.169265, 48.455586], [-89.169208, 48.455497], [-89.169181, 48.455372], [-89.169117, 48.455278], [-89.169016, 48.455216], [-89.168877, 48.455184], [-89.168702, 48.455184], [-89.168561, 48.455196], [-89.168453, 48.455218], [-89.168379, 48.455251], [-89.168338, 48.455296], [-89.168335, 48.455354], [-89.168368, 48.455426], [-89.168439, 48.45551], [-89.168547, 48.455609], [-89.168621, 48.455685], [-89.168662, 48.455738], [-89.168668, 48.455769], [-89.168641, 48.455778], [-89.168604, 48.455774], [-89.168557, 48.455756], [-89.1685, 48.455725], [-89.168432, 48.45568], [-89.168368, 48.455626], [-89.168308, 48.455564], [-89.168251, 48.455493], [-89.168197, 48.455412], [-89.16816, 48.455383], [-89.168139, 48.455405], [-89.168136, 48.455479], [-89.168149, 48.455604], [-89.168136, 48.455727], [-89.168095, 48.455847], [-89.168028, 48.455966], [-89.167934, 48.456082], [-89.167745, 48.456162], [-89.167462, 48.456207], [-89.167084, 48.456216]], [[-89.166869, 48.456006], [-89.166828, 48.456006], [-89.166798, 48.45601], [-89.166778, 48.456019], [-89.166768, 48.456033], [-89.166768, 48.456051], [-89.166778, 48.45606], [-89.166798, 48.45606], [-89.166828, 48.456051], [-89.166869, 48.456033], [-89.166889, 48.456019], [-89.166889, 48.45601], [-89.166869, 48.456006]], [[-89.166464, 48.456006], [-89.16637, 48.456006], [-89.166299, 48.45601], [-89.166252, 48.456019], [-89.166228, 48.456033], [-89.166228, 48.456051], [-89.166252, 48.45606], [-89.166299, 48.45606], [-89.16637, 48.456051], [-89.166464, 48.456033], [-89.166512, 48.456019], [-89.166512, 48.45601], [-89.166464, 48.456006]], [[-89.167988, 48.455542], [-89.167974, 48.455542], [-89.167964, 48.455544], [-89.167957, 48.455548], [-89.167954, 48.455555], [-89.167954, 48.455564], [-89.167957, 48.455568], [-89.167964, 48.455568], [-89.167974, 48.455564], [-89.167988, 48.455555], [-89.167994, 48.455548], [-89.167994, 48.455544], [-89.167988, 48.455542]], [[-89.167934, 48.45547], [-89.16792, 48.45547], [-89.16791, 48.455472], [-89.167903, 48.455477], [-89.1679, 48.455484], [-89.1679, 48.455493], [-89.167903, 48.455497], [-89.16791, 48.455497], [-89.16792, 48.455493], [-89.167934, 48.455484], [-89.16794, 48.455477], [-89.16794, 48.455472], [-89.167934, 48.45547]]]}}, {"type": "Feature", "properties": {"lead": 96, "temp": "sp:steelhead:s2"}, "geometry": {"type": "Polygon", "coordinates": [[[-89.165137, 48.45618], [-89.165056, 48.456082], [-89.165015, 48.456006], [-89.165015, 48.455952], [-89.165056, 48.455921], [-89.165137, 48.455912], [-89.165197, 48.455863], [-89.165238, 48.455774], [-89.165258, 48.455644], [-89.165258, 48.455475], [-89.165275, 48.455347], [-89.165308, 48.455263], [-89.165359, 48.45522], [-89.165426, 48.45522], [-89.165474, 48.455254], [-89.165501, 48.455321], [-89.165507, 48.455421], [-89.165494, 48.455555], [-89.165501, 48.455651], [-89.165528, 48.455709], [-89.165575, 48.455729], [-89.165642, 48.455711], [-89.165693, 48.45572], [-89.165726, 48.455756], [-89.165743, 48.455818], [-89.165743, 48.455908], [-89.165726, 48.455966], [-89.165693, 48.455993], [-89.165642, 48.455988], [-89.165575, 48.455952], [-89.165511, 48.455952], [-89.16545, 48.455988], [-89.165393, 48.45606], [-89.165339, 48.456167], [-89.165278, 48.456223], [-89.165211, 48.456227], [-89.165137, 48.45618]], [[-89.165399, 48.455899], [-89.165386, 48.455899], [-89.165376, 48.455901], [-89.165369, 48.455906], [-89.165366, 48.455912], [-89.165366, 48.455921], [-89.165369, 48.455926], [-89.165376, 48.455926], [-89.165386, 48.455921], [-89.165399, 48.455912], [-89.165406, 48.455906], [-89.165406, 48.455901], [-89.165399, 48.455899]], [[-89.165453, 48.455756], [-89.16544, 48.455756], [-89.16543, 48.455758], [-89.165423, 48.455763], [-89.16542, 48.455769], [-89.16542, 48.455778], [-89.165423, 48.455783], [-89.16543, 48.455783], [-89.16544, 48.455778], [-89.165453, 48.455769], [-89.16546, 48.455763], [-89.16546, 48.455758], [-89.165453, 48.455756]], [[-89.165379, 48.455685], [-89.165352, 48.455685], [-89.165335, 48.455689], [-89.165329, 48.455698], [-89.165332, 48.455711], [-89.165346, 48.455729], [-89.165359, 48.455738], [-89.165372, 48.455738], [-89.165386, 48.455729], [-89.165399, 48.455711], [-89.165403, 48.455698], [-89.165396, 48.455689], [-89.165379, 48.455685]]]}}, {"type": "Feature", "properties": {"lead": 96, "temp": "sp:steelhead:s2"}, "geometry": {"type": "Polygon", "coordinates": [[[-89.169484, 48.455868], [-89.16939, 48.455823], [-89.169359, 48.455781], [-89.169393, 48.45574], [-89.169491, 48.455702], [-89.169652, 48.455667], [-89.169781, 48.455651], [-89.169875, 48.455655], [-89.169936, 48.45568], [-89.169962, 48.455725], [-89.169959, 48.455767], [-89.169925, 48.455807], [-89.169861, 48.455845], [-89.169767, 48.455881], [-89.169673, 48.455897], [-89.169578, 48.455892], [-89.169484, 48.455868]]]}}, {"type": "Feature", "properties": {"lead": 96, "temp": "sp:steelhead:s2"}, "geometry": {"type": "Polygon", "coordinates": [[[-89.157655, 48.473046], [-89.15747, 48.472974], [-89.157315, 48.472858], [-89.15719, 48.472697], [-89.157096, 48.472492], [-89.157059, 48.472325], [-89.157079, 48.472195], [-89.157156, 48.472104], [-89.157291, 48.47205], [-89.157348, 48.472017], [-89.157328, 48.472003], [-89.15723, 48.47201], [-89.157055, 48.472037], [-89.156904, 48.472021], [-89.156775, 48.471963], [-89.156671, 48.471863], [-89.15659, 48.47172], [-89.156486, 48.47159], [-89.156358, 48.471474], [-89.156206, 48.471372], [-89.156031, 48.471282], [-89.155963, 48.471218], [-89.156004, 48.471178], [-89.156152, 48.471162], [-89.156408, 48.471171], [-89.156627, 48.471162], [-89.156809, 48.471135], [-89.156954, 48.471091], [-89.157062, 48.471028], [-89.15717, 48.471003], [-89.157278, 48.471017], [-89.157385, 48.471068], [-89.157493, 48.471157], [-89.157645, 48.471189], [-89.15784, 48.471162], [-89.15808, 48.471077], [-89.158363, 48.470934], [-89.158646, 48.470812], [-89.158929, 48.470709], [-89.159212, 48.470626], [-89.159495, 48.470564], [-89.159967, 48.470309], [-89.160627, 48.469863], [-89.161477, 48.469225], [-89.162515, 48.468394], [-89.163327, 48.467754], [-89.163913, 48.467303], [-89.164274, 48.467042], [-89.164409, 48.466971], [-89.164557, 48.466915], [-89.164719, 48.466875], [-89.164894, 48.46685], [-89.165083, 48.466841], [-89.165339, 48.466694], [-89.165662, 48.466408], [-89.166053, 48.465984], [-89.166512, 48.465422], [-89.166929, 48.464801], [-89.167307, 48.464122], [-89.167644, 48.463386], [-89.16794, 48.462591], [-89.168146, 48.461971], [-89.168261, 48.461524], [-89.168284, 48.461252], [-89.168217, 48.461154], [-89.16816, 48.460957], [-89.168112, 48.460663], [-89.168075, 48.46027], [-89.168048, 48.459779], [-89.167961, 48.45933], [-89.167812, 48.458924], [-89.167603, 48.45856], [-89.167334, 48.458238], [-89.167132, 48.457959], [-89.166997, 48.457723], [-89.166929, 48.457528], [-89.166929, 48.457377], [-89.166896, 48.457243], [-89.166828, 48.457127], [-89.166727, 48.457028], [-89.166592, 48.456948], [-89.166505, 48.456879], [-89.166464, 48.456821], [-89.166471, 48.456774], [-89.166525, 48.456738], [-89.166532, 48.456714], [-89.166491, 48.4567], [-89.166404, 48.456698], [-89.166269, 48.456707], [-89.166178, 48.456696], [-89.166131, 48.456665], [-89.166127, 48.456613], [-89.166168, 48.456542], [-89.166144, 48.456488], [-89.166057, 48.456452], [-89.165905, 48.456435], [-89.165689, 48.456435], [-89.165548, 48.456421], [-89.16548, 48.456394], [-89.165487, 48.456354], [-89.165568, 48.456301], [-89.165703, 48.456283], [-89.165891, 48.456301], [-89.166134, 48.456354], [-89.166431, 48.456444], [-89.16669, 48.456537], [-89.166913, 48.456636], [-89.167098, 48.456738], [-89.167246, 48.456845], [-89.167452, 48.457042], [-89.167715, 48.457328], [-89.168035, 48.457703], [-89.168412, 48.458167], [-89.168719, 48.458685], [-89.168955, 48.459256], [-89.16912, 48.459881], [-89.169214, 48.46056], [-89.169211, 48.461268], [-89.16911, 48.462004], [-89.168911, 48.46277], [-89.168614, 48.463564], [-89.168251, 48.464337], [-89.167819, 48.465087], [-89.16732, 48.465814], [-89.166754, 48.46652], [-89.166262, 48.467051], [-89.165844, 48.467408], [-89.165501, 48.467591], [-89.165231, 48.4676], [-89.164904, 48.467707], [-89.16452, 48.467912], [-89.164078, 48.468216], [-89.16358, 48.468618], [-89.163206, 48.468935], [-89.162956, 48.469167], [-89.162831, 48.469314], [-89.162831, 48.469377], [-89.162808, 48.469428], [-89.162761, 48.469468], [-89.16269, 48.469497], [-89.162596, 48.469515], [-89.162387, 48.469631], [-89.162063, 48.469845], [-89.161625, 48.470158], [-89.161072, 48.470568], [-89.160594, 48.470885], [-89.160189, 48.471108], [-89.159859, 48.471238], [-89.159603, 48.471274], [-89.159357, 48.471334], [-89.159121, 48.471419], [-89.158895, 48.471528], [-89.15868, 48.471662], [-89.158471, 48.471771], [-89.158268, 48.471856], [-89.158073, 48.471916], [-89.157884, 48.471952], [-89.157736, 48.47199], [-89.157628, 48.47203], [-89.157561, 48.472073], [-89.157534, 48.472117], [-89.157547, 48.472189], [-89.157601, 48.472287], [-89.157696, 48.472412], [-89.15783, 48.472563], [-89.157965, 48.47268], [-89.1581, 48.47276], [-89.158235, 48.472805], [-89.15837, 48.472813], [-89.158447, 48.472838], [-89.158467, 48.472878], [-89.15843, 48.472934], [-89.158336, 48.473005], [-89.158211, 48.473052], [-89.158056, 48.473075], [-89.157871, 48.473072], [-89.157655, 48.473046]], [[-89.157621, 48.472755], [-89.157611, 48.472758], [-89.157605, 48.472762], [-89.157601, 48.472769], [-89.157601, 48.472778], [-89.157605, 48.472782], [-89.157611, 48.472782], [-89.157621, 48.472778], [-89.157635, 48.472769], [-89.157642, 48.472762], [-89.157642, 48.472758], [-89.157635, 48.472755], [-89.157621, 48.472755]], [[-89.157534, 48.472577], [-89.157514, 48.472581], [-89.1575, 48.47259], [-89.157493, 48.472604], [-89.157493, 48.472622], [-89.1575, 48.47263], [-89.157514, 48.47263], [-89.157534, 48.472622], [-89.157561, 48.472604], [-89.157574, 48.47259], [-89.157574, 48.472581], [-89.157561, 48.472577], [-89.157534, 48.472577]], [[-89.157156, 48.472434], [-89.157136, 48.472439], [-89.157123, 48.472447], [-89.157116, 48.472461], [-89.157116, 48.472479], [-89.157123, 48.472488], [-89.157136, 48.472488], [-89.157156, 48.472479], [-89.157183, 48.472461], [-89.157197, 48.472447], [-89.157197, 48.472439], [-89.157183, 48.472434], [-89.157156, 48.472434]], [[-89.156435, 48.471399], [-89.156425, 48.471401], [-89.156418, 48.471405], [-89.156415, 48.471412], [-89.156415, 48.471421], [-89.156418, 48.471425], [-89.156425, 48.471425], [-89.156435, 48.471421], [-89.156449, 48.471412], [-89.156455, 48.471405], [-89.156455, 48.471401], [-89.156449, 48.471399], [-89.156435, 48.471399]], [[-89.156327, 48.471363], [-89.156317, 48.471365], [-89.15631, 48.47137], [-89.156307, 48.471376], [-89.156307, 48.471385], [-89.15631, 48.47139], [-89.156317, 48.47139], [-89.156327, 48.471385], [-89.156341, 48.471376], [-89.156347, 48.47137], [-89.156347, 48.471365], [-89.156341, 48.471363], [-89.156327, 48.471363]], [[-89.156294, 48.471256], [-89.156273, 48.471258], [-89.15626, 48.471262], [-89.156253, 48.471269], [-89.156253, 48.471278], [-89.15626, 48.471282], [-89.156273, 48.471282], [-89.156294, 48.471278], [-89.156321, 48.471269], [-89.156334, 48.471262], [-89.156334, 48.471258], [-89.156321, 48.471256], [-89.156294, 48.471256]]]}}, {"type": "Feature", "properties": {"lead": 96, "temp": "sp:steelhead:s2"}, "geometry": {"type": "Polygon", "coordinates": [[[-89.165042, 48.467689], [-89.165052, 48.467669], [-89.165073, 48.467656], [-89.165103, 48.467649], [-89.165143, 48.467649], [-89.165164, 48.467656], [-89.165164, 48.467669], [-89.165143, 48.467689], [-89.165103, 48.467716], [-89.165073, 48.467729], [-89.165052, 48.467729], [-89.165042, 48.467716], [-89.165042, 48.467689]]]}}, {"type": "Feature", "properties": {"lead": 96, "temp": "sp:steelhead:s2"}, "geometry": {"type": "Polygon", "coordinates": [[[-89.162191, 48.470309], [-89.162124, 48.470274], [-89.162083, 48.470234], [-89.16207, 48.470189], [-89.162083, 48.47014], [-89.162124, 48.470086], [-89.162275, 48.469968], [-89.162538, 48.469785], [-89.162912, 48.469537], [-89.163398, 48.469225], [-89.163714, 48.469046], [-89.163863, 48.469002], [-89.163842, 48.469091], [-89.163654, 48.469314], [-89.163458, 48.469506], [-89.163256, 48.469667], [-89.163047, 48.469796], [-89.162831, 48.469894], [-89.162656, 48.469988], [-89.162521, 48.470077], [-89.162427, 48.470162], [-89.162373, 48.470242], [-89.162316, 48.470294], [-89.162255, 48.470316], [-89.162191, 48.470309]]]}}, {"type": "Feature", "properties": {"lead": 96, "temp": "sp:steelhead:s2"}, "geometry": {"type": "Polygon", "coordinates": [[[-89.155323, 48.47159], [-89.155235, 48.471521], [-89.155195, 48.471463], [-89.155202, 48.471416], [-89.155256, 48.471381], [-89.155313, 48.471352], [-89.155374, 48.471329], [-89.155438, 48.471314], [-89.155505, 48.471305], [-89.155559, 48.471329], [-89.155599, 48.471387], [-89.155626, 48.471479], [-89.15564, 48.471604], [-89.155616, 48.471677], [-89.155556, 48.4717], [-89.155458, 48.471671], [-89.155323, 48.47159]]]}}, {"type": "Feature", "properties": {"lead": 96, "temp": "sp:steelhead:s2"}, "geometry": {"type": "Polygon", "coordinates": [[[-89.155532, 48.471858], [-89.155552, 48.471834], [-89.155579, 48.471829], [-89.155613, 48.471845], [-89.155653, 48.471881], [-89.15567, 48.47191], [-89.155663, 48.471932], [-89.155633, 48.471948], [-89.155579, 48.471956], [-89.155542, 48.471952], [-89.155522, 48.471934], [-89.155518, 48.471903], [-89.155532, 48.471858]]]}}, {"type": "Feature", "properties": {"lead": 96, "temp": "sp:steelhead:s2"}, "geometry": {"type": "Polygon", "coordinates": [[[-89.156219, 48.472983], [-89.156233, 48.472921], [-89.156257, 48.472887], [-89.15629, 48.472883], [-89.156334, 48.472907], [-89.156388, 48.472961], [-89.156412, 48.473003], [-89.156405, 48.473034], [-89.156368, 48.473054], [-89.1563, 48.473063], [-89.156253, 48.473054], [-89.156226, 48.473028], [-89.156219, 48.472983]]]}}, {"type": "Feature", "properties": {"lead": 96, "temp": "sp:steelhead:s2"}, "geometry": {"type": "Polygon", "coordinates": [[[-89.155606, 48.47326], [-89.155616, 48.47324], [-89.155636, 48.473226], [-89.155667, 48.47322], [-89.155707, 48.47322], [-89.155727, 48.473226], [-89.155727, 48.47324], [-89.155707, 48.47326], [-89.155667, 48.473287], [-89.155636, 48.4733], [-89.155616, 48.4733], [-89.155606, 48.473287], [-89.155606, 48.47326]]]}}, {"type": "Feature", "properties": {"lead": 96, "temp": "sp:steelhead:s2"}, "geometry": {"type": "Polygon", "coordinates": [[[-89.127925, 48.485265], [-89.127827, 48.485222], [-89.127726, 48.485147], [-89.127621, 48.485037], [-89.127513, 48.484894], [-89.127588, 48.484738], [-89.127844, 48.484569], [-89.128282, 48.484386], [-89.128902, 48.484189], [-89.12936, 48.48396], [-89.129657, 48.483696], [-89.129792, 48.483399], [-89.129765, 48.483069], [-89.129771, 48.482793], [-89.129812, 48.482569], [-89.129886, 48.4824], [-89.129994, 48.482284], [-89.13027, 48.482161], [-89.130715, 48.482032], [-89.131328, 48.481896], [-89.13211, 48.481753], [-89.132794, 48.481648], [-89.133381, 48.481581], [-89.133869, 48.481552], [-89.13426, 48.481561], [-89.134648, 48.48155], [-89.135032, 48.481519], [-89.135413, 48.481467], [-89.13579, 48.481396], [-89.136222, 48.481338], [-89.136707, 48.481293], [-89.137246, 48.481262], [-89.137839, 48.481244], [-89.138422, 48.481195], [-89.138995, 48.481115], [-89.139558, 48.481003], [-89.140111, 48.48086], [-89.140542, 48.480744], [-89.140852, 48.480655], [-89.141041, 48.480593], [-89.141108, 48.480557], [-89.141145, 48.480479], [-89.141152, 48.480358], [-89.141128, 48.480195], [-89.141074, 48.47999], [-89.141078, 48.479791], [-89.141138, 48.4796], [-89.141256, 48.479414], [-89.141432, 48.479236], [-89.141721, 48.479066], [-89.142126, 48.478906], [-89.142645, 48.478754], [-89.143278, 48.478611], [-89.144094, 48.478395], [-89.145092, 48.478105], [-89.146271, 48.477741], [-89.147633, 48.477303], [-89.148697, 48.476893], [-89.149466, 48.476509], [-89.149938, 48.476152], [-89.150113, 48.475822], [-89.150356, 48.475503], [-89.150666, 48.475195], [-89.151043, 48.474898], [-89.151488, 48.474612], [-89.151902, 48.474387], [-89.152287, 48.474222], [-89.15264, 48.474117], [-89.152964, 48.474072], [-89.153223, 48.473976], [-89.153419, 48.473829], [-89.15355, 48.47363], [-89.153618, 48.47338], [-89.153739, 48.473144], [-89.153914, 48.472921], [-89.154143, 48.472711], [-89.154427, 48.472514], [-89.154652, 48.472387], [-89.154821, 48.472329], [-89.154932, 48.47234], [-89.154986, 48.472421], [-89.155003, 48.472479], [-89.154983, 48.472514], [-89.154925, 48.472528], [-89.154831, 48.472519], [-89.154747, 48.47253], [-89.154673, 48.472561], [-89.154609, 48.472613], [-89.154555, 48.472684], [-89.154534, 48.472789], [-89.154548, 48.472927], [-89.154595, 48.473099], [-89.154676, 48.473304], [-89.154706, 48.473505], [-89.154686, 48.473702], [-89.154615, 48.473894], [-89.154494, 48.474081], [-89.154369, 48.474242], [-89.154241, 48.474376], [-89.15411, 48.474483], [-89.153975, 48.474563], [-89.1538, 48.47463], [-89.153584, 48.474684], [-89.153328, 48.474724], [-89.153031, 48.474751], [-89.152721, 48.474829], [-89.152398, 48.474958], [-89.152061, 48.475139], [-89.15171, 48.475371], [-89.151431, 48.475599], [-89.151222, 48.475822], [-89.151083, 48.47604], [-89.151016, 48.476255], [-89.150922, 48.476455], [-89.1508, 48.476643], [-89.150652, 48.476817], [-89.150477, 48.476978], [-89.149995, 48.477212], [-89.149206, 48.47752], [-89.148111, 48.477901], [-89.146709, 48.478357], [-89.145513, 48.478727], [-89.144522, 48.479013], [-89.143737, 48.479214], [-89.143157, 48.47933], [-89.142702, 48.479439], [-89.142372, 48.479542], [-89.142166, 48.479638], [-89.142085, 48.479727], [-89.142035, 48.479852], [-89.142015, 48.480012], [-89.142025, 48.480209], [-89.142065, 48.480441], [-89.141994, 48.480662], [-89.141812, 48.480871], [-89.141519, 48.48107], [-89.141115, 48.481257], [-89.140717, 48.481418], [-89.140326, 48.481552], [-89.139942, 48.481659], [-89.139565, 48.481739], [-89.139133, 48.481804], [-89.138648, 48.481853], [-89.138109, 48.481887], [-89.137516, 48.481905], [-89.13698, 48.481936], [-89.136501, 48.48198], [-89.13608, 48.482038], [-89.135716, 48.48211], [-89.135312, 48.482163], [-89.134867, 48.482199], [-89.134382, 48.482217], [-89.133856, 48.482217], [-89.133323, 48.482253], [-89.132784, 48.482324], [-89.132238, 48.482431], [-89.131685, 48.482574], [-89.131257, 48.482715], [-89.130954, 48.482853], [-89.130776, 48.482989], [-89.130722, 48.483123], [-89.130701, 48.483272], [-89.130715, 48.483437], [-89.130762, 48.483618], [-89.130843, 48.483815], [-89.130728, 48.484035], [-89.130418, 48.484281], [-89.129913, 48.484551], [-89.129212, 48.484845], [-89.128663, 48.485064], [-89.128265, 48.485207], [-89.128019, 48.485274], [-89.127925, 48.485265]], [[-89.154312, 48.47313], [-89.154322, 48.473097], [-89.154342, 48.473066], [-89.154373, 48.473037], [-89.154413, 48.47301], [-89.154427, 48.472996], [-89.154413, 48.472996], [-89.154373, 48.47301], [-89.154305, 48.473037], [-89.154261, 48.473066], [-89.154241, 48.473097], [-89.154245, 48.47313], [-89.154272, 48.473166], [-89.154292, 48.473184], [-89.154305, 48.473184], [-89.154312, 48.473166], [-89.154312, 48.47313]], [[-89.154352, 48.472827], [-89.154332, 48.472829], [-89.154319, 48.472834], [-89.154312, 48.47284], [-89.154312, 48.472849], [-89.154319, 48.472854], [-89.154332, 48.472854], [-89.154352, 48.472849], [-89.154379, 48.47284], [-89.154393, 48.472834], [-89.154393, 48.472829], [-89.154379, 48.472827], [-89.154352, 48.472827]], [[-89.154278, 48.472791], [-89.154268, 48.472793], [-89.154261, 48.472798], [-89.154258, 48.472805], [-89.154258, 48.472813], [-89.154261, 48.472818], [-89.154268, 48.472818], [-89.154278, 48.472813], [-89.154292, 48.472805], [-89.154299, 48.472798], [-89.154299, 48.472793], [-89.154292, 48.472791], [-89.154278, 48.472791]], [[-89.154386, 48.472613], [-89.154376, 48.472615], [-89.154369, 48.472619], [-89.154366, 48.472626], [-89.154366, 48.472635], [-89.154369, 48.472639], [-89.154376, 48.472639], [-89.154386, 48.472635], [-89.1544, 48.472626], [-89.154406, 48.472619], [-89.154406, 48.472615], [-89.1544, 48.472613], [-89.154386, 48.472613]]]}}, {"type": "Feature", "properties": {"lead": 96, "temp": "sp:steelhead:s3"}, "geometry": {"type": "Polygon", "coordinates": [[[-89.168439, 48.455207], [-89.168439, 48.455198], [-89.168483, 48.455191], [-89.168571, 48.455187], [-89.168702, 48.455184], [-89.168877, 48.455184], [-89.168965, 48.455187], [-89.168965, 48.455191], [-89.168877, 48.455198], [-89.168702, 48.455207], [-89.168571, 48.455211], [-89.168483, 48.455211], [-89.168439, 48.455207]]]}}, {"type": "Feature", "properties": {"lead": 96, "temp": "sp:steelhead:s3"}, "geometry": {"type": "Polygon", "coordinates": [[[-89.165204, 48.455457], [-89.165207, 48.455356], [-89.165214, 48.455289], [-89.165224, 48.455256], [-89.165238, 48.455256], [-89.165244, 48.455289], [-89.165244, 48.455356], [-89.165238, 48.455457], [-89.165224, 48.455591], [-89.165214, 48.455658], [-89.165207, 48.455658], [-89.165204, 48.455591], [-89.165204, 48.455457]]]}}, {"type": "Feature", "properties": {"lead": 96, "temp": "sp:steelhead:s3"}, "geometry": {"type": "Polygon", "coordinates": [[[-89.165541, 48.455394], [-89.165561, 48.455338], [-89.165575, 48.455343], [-89.165581, 48.455408], [-89.165581, 48.455533], [-89.165575, 48.455624], [-89.165561, 48.455682], [-89.165541, 48.455707], [-89.165514, 48.455698], [-89.165501, 48.455662], [-89.165501, 48.4556], [-89.165514, 48.45551], [-89.165541, 48.455394]]]}}, {"type": "Feature", "properties": {"lead": 96, "temp": "sp:steelhead:s3"}, "geometry": {"type": "Polygon", "coordinates": [[[-89.166228, 48.456051], [-89.166228, 48.456033], [-89.166252, 48.456019], [-89.166299, 48.45601], [-89.16637, 48.456006], [-89.166464, 48.456006], [-89.166512, 48.45601], [-89.166512, 48.456019], [-89.166464, 48.456033], [-89.16637, 48.456051], [-89.166299, 48.45606], [-89.166252, 48.45606], [-89.166228, 48.456051]]]}}, {"type": "Feature", "properties": {"lead": 96, "temp": "sp:steelhead:s3"}, "geometry": {"type": "Polygon", "coordinates": [[[-89.165042, 48.456229], [-89.165046, 48.4562], [-89.165052, 48.456196], [-89.165062, 48.456216], [-89.165076, 48.45626], [-89.165083, 48.456296], [-89.165083, 48.456323], [-89.165076, 48.456341], [-89.165062, 48.45635], [-89.165052, 48.456343], [-89.165046, 48.456321], [-89.165042, 48.456283], [-89.165042, 48.456229]]]}}, {"type": "Feature", "properties": {"lead": 96, "temp": "sp:steelhead:s3"}, "geometry": {"type": "Polygon", "coordinates": [[[-89.165743, 48.456555], [-89.165774, 48.456542], [-89.165834, 48.456524], [-89.165925, 48.456502], [-89.166046, 48.456475], [-89.166107, 48.456464], [-89.166107, 48.456468], [-89.166046, 48.456488], [-89.165925, 48.456524], [-89.165834, 48.456548], [-89.165774, 48.456562], [-89.165743, 48.456564], [-89.165743, 48.456555]]]}}, {"type": "Feature", "properties": {"lead": 96, "temp": "sp:steelhead:s3"}, "geometry": {"type": "Polygon", "coordinates": [[[-89.16637, 48.456729], [-89.166357, 48.456711], [-89.166363, 48.456698], [-89.16639, 48.456689], [-89.166437, 48.456685], [-89.166505, 48.456685], [-89.166542, 48.456689], [-89.166549, 48.456698], [-89.166525, 48.456711], [-89.166471, 48.456729], [-89.166427, 48.456738], [-89.166394, 48.456738], [-89.16637, 48.456729]]]}}, {"type": "Feature", "properties": {"lead": 96, "temp": "sp:steelhead:s3"}, "geometry": {"type": "Polygon", "coordinates": [[[-89.164941, 48.455993], [-89.164931, 48.455946], [-89.164951, 48.455914], [-89.165002, 48.455899], [-89.165083, 48.455899], [-89.165126, 48.455901], [-89.165133, 48.455906], [-89.165103, 48.455912], [-89.165035, 48.455921], [-89.164992, 48.455941], [-89.164971, 48.455972], [-89.164975, 48.456015], [-89.165002, 48.456068], [-89.165012, 48.456093], [-89.165005, 48.456089], [-89.164982, 48.456055], [-89.164941, 48.455993]]]}}, {"type": "Feature", "properties": {"lead": 96, "temp": "sp:steelhead:s3"}, "geometry": {"type": "Polygon", "coordinates": [[[-89.155067, 48.471439], [-89.15508, 48.471419], [-89.155107, 48.471405], [-89.155148, 48.471399], [-89.155202, 48.471399], [-89.155229, 48.471405], [-89.155229, 48.471419], [-89.155202, 48.471439], [-89.155148, 48.471465], [-89.155107, 48.471479], [-89.15508, 48.471479], [-89.155067, 48.471465], [-89.155067, 48.471439]]]}}, {"type": "Feature", "properties": {"lead": 96, "temp": "sp:steelhead:s3"}, "geometry": {"type": "Polygon", "coordinates": [[[-89.155444, 48.471894], [-89.155448, 48.471869], [-89.155454, 48.471865], [-89.155465, 48.471881], [-89.155478, 48.471916], [-89.155485, 48.471945], [-89.155485, 48.471968], [-89.155478, 48.471983], [-89.155465, 48.471992], [-89.155454, 48.471988], [-89.155448, 48.47197], [-89.155444, 48.471939], [-89.155444, 48.471894]]]}}, {"type": "Feature", "properties": {"lead": 96, "temp": "sp:steelhead:s3"}, "geometry": {"type": "Polygon", "coordinates": [[[-89.154932, 48.472505], [-89.154892, 48.472488], [-89.154865, 48.472452], [-89.154851, 48.472398], [-89.154851, 48.472327], [-89.154834, 48.47228], [-89.154801, 48.472258], [-89.15475, 48.47226], [-89.154683, 48.472287], [-89.154632, 48.472298], [-89.154598, 48.472293], [-89.154582, 48.472273], [-89.154582, 48.472238], [-89.154602, 48.472211], [-89.154642, 48.472193], [-89.154703, 48.472184], [-89.154784, 48.472184], [-89.154855, 48.472204], [-89.154915, 48.472244], [-89.154966, 48.472305], [-89.155006, 48.472385], [-89.155023, 48.472445], [-89.155016, 48.472485], [-89.154986, 48.472505], [-89.154932, 48.472505]]]}}, {"type": "Feature", "properties": {"lead": 96, "temp": "sp:steelhead:s3"}, "geometry": {"type": "Polygon", "coordinates": [[[-89.156246, 48.473112], [-89.156196, 48.473097], [-89.156162, 48.473066], [-89.156145, 48.473019], [-89.156145, 48.472956], [-89.156149, 48.472923], [-89.156155, 48.472918], [-89.156166, 48.472943], [-89.156179, 48.472996], [-89.156203, 48.473039], [-89.156236, 48.47307], [-89.15628, 48.47309], [-89.156334, 48.473099], [-89.156358, 48.473106], [-89.156351, 48.47311], [-89.156314, 48.473112], [-89.156246, 48.473112]]]}}, {"type": "Feature", "properties": {"lead": 96, "temp": "sp:steelhead:s3"}, "geometry": {"type": "Polygon", "coordinates": [[[-89.154245, 48.47313], [-89.154241, 48.473097], [-89.154261, 48.473066], [-89.154305, 48.473037], [-89.154373, 48.47301], [-89.154413, 48.472996], [-89.154427, 48.472996], [-89.154413, 48.47301], [-89.154373, 48.473037], [-89.154342, 48.473066], [-89.154322, 48.473097], [-89.154312, 48.47313], [-89.154312, 48.473166], [-89.154305, 48.473184], [-89.154292, 48.473184], [-89.154272, 48.473166], [-89.154245, 48.47313]]]}}, {"type": "Feature", "properties": {"lead": 120, "temp": "sp:lake_trout:s1"}, "geometry": {"type": "Polygon", "coordinates": [[[-89.156503, 48.470881], [-89.156469, 48.470854], [-89.156469, 48.4708], [-89.156492, 48.470749], [-89.15654, 48.4707], [-89.15661, 48.470653], [-89.156705, 48.470608], [-89.156786, 48.470586], [-89.156853, 48.470586], [-89.156907, 48.470608], [-89.156947, 48.470653], [-89.156944, 48.4707], [-89.156897, 48.470749], [-89.156806, 48.4708], [-89.156671, 48.470854], [-89.15657, 48.470881], [-89.156503, 48.470881]]]}}, {"type": "Feature", "properties": {"lead": 120, "temp": "sp:lake_trout:s1"}, "geometry": {"type": "Polygon", "coordinates": [[[-89.154844, 48.472043], [-89.154784, 48.472037], [-89.154703, 48.47201], [-89.154649, 48.471983], [-89.154622, 48.471956], [-89.154622, 48.47193], [-89.154649, 48.471903], [-89.154683, 48.471883], [-89.154723, 48.471869], [-89.15477, 48.471863], [-89.154824, 48.471863], [-89.154865, 48.471876], [-89.154892, 48.471903], [-89.154905, 48.471943], [-89.154905, 48.471997], [-89.154885, 48.47203], [-89.154844, 48.472043]]]}}, {"type": "Feature", "properties": {"lead": 120, "temp": "sp:lake_trout:s1"}, "geometry": {"type": "Polygon", "coordinates": [[[-89.155525, 48.472191], [-89.155586, 48.472184], [-89.15568, 48.472184], [-89.155738, 48.472191], [-89.155758, 48.472204], [-89.155741, 48.472224], [-89.155687, 48.472251], [-89.155636, 48.472264], [-89.155589, 48.472264], [-89.155545, 48.472251], [-89.155505, 48.472224], [-89.155498, 48.472204], [-89.155525, 48.472191]]]}}, {"type": "Feature", "properties": {"lead": 120, "temp": "sp:lake_trout:s1"}, "geometry": {"type": "Polygon", "coordinates": [[[-89.154915, 48.472407], [-89.154905, 48.472394], [-89.154905, 48.472367], [-89.154915, 48.472347], [-89.154935, 48.472334], [-89.154966, 48.472327], [-89.155006, 48.472327], [-89.155026, 48.472334], [-89.155026, 48.472347], [-89.155006, 48.472367], [-89.154966, 48.472394], [-89.154935, 48.472407], [-89.154915, 48.472407]]]}}, {"type": "Feature", "properties": {"lead": 120, "temp": "sp:lake_trout:s2"}, "geometry": {"type": "Polygon", "coordinates": [[[-89.155795, 48.472912], [-89.155849, 48.472849], [-89.155879, 48.472802], [-89.155886, 48.472771], [-89.155869, 48.472755], [-89.155829, 48.472755], [-89.155795, 48.472771], [-89.155768, 48.472802], [-89.155748, 48.472849], [-89.155734, 48.472912], [-89.155738, 48.472943], [-89.155758, 48.472943], [-89.155795, 48.472912]]]}}, {"type": "Feature", "properties": {"lead": 120, "temp": "sp:brook_trout:s1"}, "geometry": {"type": "Polygon", "coordinates": [[[-89.168655, 48.455631], [-89.168571, 48.455582], [-89.16851, 48.455519], [-89.168473, 48.455443], [-89.168459, 48.455354], [-89.1685, 48.455292], [-89.168594, 48.455256], [-89.168743, 48.455247], [-89.168945, 48.455265], [-89.169096, 48.455296], [-89.169197, 48.455341], [-89.169248, 48.455399], [-89.169248, 48.45547], [-89.169228, 48.455533], [-89.169187, 48.455586], [-89.169127, 48.455631], [-89.169046, 48.455667], [-89.168958, 48.455685], [-89.168864, 48.455685], [-89.168763, 48.455667], [-89.168655, 48.455631]]]}}, {"type": "Feature", "properties": {"lead": 120, "temp": "sp:brook_trout:s1"}, "geometry": {"type": "Polygon", "coordinates": [[[-89.165531, 48.455772], [-89.165511, 48.455731], [-89.165514, 48.455671], [-89.165541, 48.455591], [-89.165571, 48.45553], [-89.165605, 48.45549], [-89.165642, 48.45547], [-89.165683, 48.45547], [-89.165713, 48.45549], [-89.165733, 48.45553], [-89.165743, 48.455591], [-89.165743, 48.455671], [-89.165726, 48.455731], [-89.165693, 48.455772], [-89.165642, 48.455792], [-89.165575, 48.455792], [-89.165531, 48.455772]]]}}, {"type": "Feature", "properties": {"lead": 120, "temp": "sp:brook_trout:s1"}, "geometry": {"type": "Polygon", "coordinates": [[[-89.166006, 48.45589], [-89.165858, 48.455801], [-89.165804, 48.455685], [-89.165844, 48.455542], [-89.165939, 48.455437], [-89.166087, 48.45537], [-89.166289, 48.455341], [-89.166545, 48.45535], [-89.166737, 48.455383], [-89.166865, 48.455441], [-89.166929, 48.455524], [-89.166929, 48.455631], [-89.166963, 48.455705], [-89.167031, 48.455745], [-89.167132, 48.455751], [-89.167266, 48.455725], [-89.167344, 48.455727], [-89.167364, 48.455758], [-89.167327, 48.455818], [-89.167233, 48.455908], [-89.167078, 48.455966], [-89.166862, 48.455993], [-89.166586, 48.455988], [-89.166249, 48.455952], [-89.166006, 48.45589]]]}}, {"type": "Feature", "properties": {"lead": 120, "temp": "sp:brook_trout:s1"}, "geometry": {"type": "Polygon", "coordinates": [[[-89.16488, 48.456189], [-89.164891, 48.456169], [-89.164911, 48.456156], [-89.164941, 48.456149], [-89.164982, 48.456149], [-89.165002, 48.456156], [-89.165002, 48.456169], [-89.164982, 48.456189], [-89.164941, 48.456216], [-89.164911, 48.456229], [-89.164891, 48.456229], [-89.16488, 48.456216], [-89.16488, 48.456189]]]}}, {"type": "Feature", "properties": {"lead": 120, "temp": "sp:brook_trout:s1"}, "geometry": {"type": "Polygon", "coordinates": [[[-89.165258, 48.456345], [-89.165285, 48.45631], [-89.165346, 48.456274], [-89.16544, 48.456238], [-89.165497, 48.456218], [-89.165517, 48.456214], [-89.165501, 48.456225], [-89.165447, 48.456252], [-89.165406, 48.456283], [-89.165379, 48.456319], [-89.165366, 48.456359], [-89.165366, 48.456403], [-89.165356, 48.456428], [-89.165335, 48.456432], [-89.165305, 48.456417], [-89.165265, 48.456381], [-89.165258, 48.456345]]]}}, {"type": "Feature", "properties": {"lead": 120, "temp": "sp:brook_trout:s1"}, "geometry": {"type": "Polygon", "coordinates": [[[-89.166144, 48.456926], [-89.16603, 48.456747], [-89.166006, 48.456627], [-89.166073, 48.456564], [-89.166181, 48.456569], [-89.16633, 48.45664], [-89.166518, 48.456778], [-89.166747, 48.456984], [-89.166919, 48.457176], [-89.167034, 48.457354], [-89.167091, 48.45752], [-89.167091, 48.457671], [-89.167017, 48.457712], [-89.166869, 48.45764], [-89.166646, 48.457457], [-89.16635, 48.457162], [-89.166144, 48.456926]]]}}, {"type": "Feature", "properties": {"lead": 120, "temp": "sp:brook_trout:s1"}, "geometry": {"type": "Polygon", "coordinates": [[[-89.156206, 48.471157], [-89.156216, 48.471117], [-89.156277, 48.471091], [-89.156388, 48.471077], [-89.15655, 48.471077], [-89.156695, 48.471062], [-89.156823, 48.47103], [-89.156934, 48.470983], [-89.157028, 48.470921], [-89.157109, 48.47089], [-89.157177, 48.47089], [-89.15723, 48.470921], [-89.157271, 48.470983], [-89.157237, 48.471044], [-89.157129, 48.471102], [-89.156947, 48.471157], [-89.156691, 48.471211], [-89.156489, 48.471238], [-89.156341, 48.471238], [-89.156246, 48.471211], [-89.156206, 48.471157]]]}}, {"type": "Feature", "properties": {"lead": 120, "temp": "sp:brook_trout:s1"}, "geometry": {"type": "Polygon", "coordinates": [[[-89.155778, 48.471104], [-89.155798, 48.471086], [-89.155829, 48.471077], [-89.155869, 48.471077], [-89.155889, 48.471086], [-89.155889, 48.471104], [-89.155869, 48.471131], [-89.155829, 48.471166], [-89.155798, 48.471184], [-89.155778, 48.471184], [-89.155768, 48.471166], [-89.155768, 48.471131], [-89.155778, 48.471104]]]}}, {"type": "Feature", "properties": {"lead": 120, "temp": "sp:brook_trout:s1"}, "geometry": {"type": "Polygon", "coordinates": [[[-89.155454, 48.471204], [-89.155475, 48.471191], [-89.155505, 48.471184], [-89.155545, 48.471184], [-89.155566, 48.471191], [-89.155566, 48.471204], [-89.155545, 48.471224], [-89.155505, 48.471251], [-89.155475, 48.471265], [-89.155454, 48.471265], [-89.155444, 48.471251], [-89.155444, 48.471224], [-89.155454, 48.471204]]]}}, {"type": "Feature", "properties": {"lead": 120, "temp": "sp:brook_trout:s1"}, "geometry": {"type": "Polygon", "coordinates": [[[-89.155067, 48.471332], [-89.15508, 48.471311], [-89.155107, 48.471298], [-89.155148, 48.471291], [-89.155202, 48.471291], [-89.155229, 48.471298], [-89.155229, 48.471311], [-89.155202, 48.471332], [-89.155148, 48.471358], [-89.155107, 48.471372], [-89.15508, 48.471372], [-89.155067, 48.471358], [-89.155067, 48.471332]]]}}, {"type": "Feature", "properties": {"lead": 120, "temp": "sp:brook_trout:s1"}, "geometry": {"type": "Polygon", "coordinates": [[[-89.155299, 48.471776], [-89.155333, 48.471762], [-89.155384, 48.471756], [-89.155451, 48.471756], [-89.155485, 48.471762], [-89.155485, 48.471776], [-89.155451, 48.471796], [-89.155384, 48.471823], [-89.155333, 48.471836], [-89.155299, 48.471836], [-89.155283, 48.471823], [-89.155283, 48.471796], [-89.155299, 48.471776]]]}}, {"type": "Feature", "properties": {"lead": 120, "temp": "sp:brook_trout:s1"}, "geometry": {"type": "Polygon", "coordinates": [[[-89.15508, 48.472561], [-89.155107, 48.472548], [-89.155148, 48.472541], [-89.155202, 48.472541], [-89.155229, 48.472548], [-89.155229, 48.472561], [-89.155202, 48.472581], [-89.155148, 48.472608], [-89.155107, 48.472622], [-89.15508, 48.472622], [-89.155067, 48.472608], [-89.155067, 48.472581], [-89.15508, 48.472561]]]}}, {"type": "Feature", "properties": {"lead": 120, "temp": "sp:brook_trout:s1"}, "geometry": {"type": "Polygon", "coordinates": [[[-89.154743, 48.472117], [-89.154753, 48.472097], [-89.154774, 48.472084], [-89.154804, 48.472077], [-89.154844, 48.472077], [-89.154865, 48.472084], [-89.154865, 48.472097], [-89.154844, 48.472117], [-89.154804, 48.472144], [-89.154774, 48.472157], [-89.154753, 48.472157], [-89.154743, 48.472144], [-89.154743, 48.472117]]]}}, {"type": "Feature", "properties": {"lead": 120, "temp": "sp:brook_trout:s1"}, "geometry": {"type": "Polygon", "coordinates": [[[-89.153658, 48.473338], [-89.153618, 48.473253], [-89.153591, 48.473135], [-89.153577, 48.472983], [-89.153631, 48.472834], [-89.153753, 48.472686], [-89.153941, 48.472541], [-89.154197, 48.472398], [-89.154393, 48.472307], [-89.154528, 48.472267], [-89.154602, 48.472278], [-89.154615, 48.47234], [-89.154602, 48.472394], [-89.154561, 48.472439], [-89.154494, 48.472474], [-89.1544, 48.472501], [-89.154342, 48.472543], [-89.154322, 48.472601], [-89.154339, 48.472675], [-89.154393, 48.472764], [-89.154406, 48.472831], [-89.154379, 48.472876], [-89.154312, 48.472898], [-89.154204, 48.472898], [-89.154147, 48.472905], [-89.15414, 48.472918], [-89.154184, 48.472938], [-89.154278, 48.472965], [-89.154315, 48.473012], [-89.154295, 48.473079], [-89.154218, 48.473166], [-89.154083, 48.473273], [-89.153965, 48.473349], [-89.153864, 48.473394], [-89.15378, 48.473407], [-89.153712, 48.473389], [-89.153658, 48.473338]]]}}, {"type": "Feature", "properties": {"lead": 120, "temp": "sp:brook_trout:s1"}, "geometry": {"type": "Polygon", "coordinates": [[[-89.152391, 48.474117], [-89.152432, 48.474108], [-89.152492, 48.474099], [-89.152573, 48.47409], [-89.152613, 48.474088], [-89.152613, 48.474092], [-89.152573, 48.474103], [-89.152492, 48.474121], [-89.152432, 48.474132], [-89.152391, 48.474137], [-89.152371, 48.474135], [-89.152371, 48.474126], [-89.152391, 48.474117]]]}}, {"type": "Feature", "properties": {"lead": 120, "temp": "sp:brook_trout:s1"}, "geometry": {"type": "Polygon", "coordinates": [[[-89.152169, 48.474215], [-89.152256, 48.474188], [-89.152297, 48.474179], [-89.15229, 48.474188], [-89.152236, 48.474215], [-89.152175, 48.474239], [-89.152108, 48.474262], [-89.152034, 48.474282], [-89.151953, 48.4743], [-89.151926, 48.474302], [-89.151953, 48.474289], [-89.152034, 48.47426], [-89.152169, 48.474215]]]}}, {"type": "Feature", "properties": {"lead": 120, "temp": "sp:brook_trout:s1"}, "geometry": {"type": "Polygon", "coordinates": [[[-89.150504, 48.475311], [-89.150544, 48.475244], [-89.150659, 48.475152], [-89.150848, 48.475036], [-89.150989, 48.47496], [-89.151083, 48.474925], [-89.151131, 48.474929], [-89.151131, 48.474974], [-89.15111, 48.475029], [-89.15107, 48.475096], [-89.151009, 48.475175], [-89.150928, 48.475264], [-89.150841, 48.475326], [-89.150746, 48.475362], [-89.150645, 48.475371], [-89.150538, 48.475353], [-89.150504, 48.475311]]]}}, {"type": "Feature", "properties": {"lead": 120, "temp": "sp:brook_trout:s1"}, "geometry": {"type": "Polygon", "coordinates": [[[-89.144842, 48.47808], [-89.144883, 48.478071], [-89.144943, 48.478062], [-89.145024, 48.478053], [-89.145065, 48.478051], [-89.145065, 48.478055], [-89.145024, 48.478067], [-89.144943, 48.478084], [-89.144883, 48.478096], [-89.144842, 48.4781], [-89.144822, 48.478098], [-89.144822, 48.478089], [-89.144842, 48.47808]]]}}, {"type": "Feature", "properties": {"lead": 120, "temp": "sp:brook_trout:s1"}, "geometry": {"type": "Polygon", "coordinates": [[[-89.144552, 48.478196], [-89.144569, 48.478185], [-89.144603, 48.478171], [-89.144653, 48.478156], [-89.144721, 48.478138], [-89.144755, 48.478131], [-89.144755, 48.478136], [-89.144721, 48.478151], [-89.144653, 48.478178], [-89.144603, 48.478196], [-89.144569, 48.478205], [-89.144552, 48.478205], [-89.144552, 48.478196]]]}}, {"type": "Feature", "properties": {"lead": 120, "temp": "sp:brook_trout:s1"}, "geometry": {"type": "Polygon", "coordinates": [[[-89.143339, 48.478542], [-89.143393, 48.478528], [-89.143474, 48.478513], [-89.143582, 48.478495], [-89.143636, 48.478488], [-89.143636, 48.478493], [-89.143582, 48.478508], [-89.143474, 48.478535], [-89.143393, 48.478553], [-89.143339, 48.478562], [-89.143312, 48.478562], [-89.143312, 48.478553], [-89.143339, 48.478542]]]}}, {"type": "Feature", "properties": {"lead": 120, "temp": "sp:brook_trout:s1"}, "geometry": {"type": "Polygon", "coordinates": [[[-89.1425, 48.478749], [-89.142601, 48.478723], [-89.142753, 48.478687], [-89.142955, 48.478642], [-89.143056, 48.478622], [-89.143056, 48.478627], [-89.142955, 48.478656], [-89.142753, 48.478709], [-89.142601, 48.478747], [-89.1425, 48.478769], [-89.142449, 48.478776], [-89.142449, 48.478767], [-89.1425, 48.478749]]]}}, {"type": "Feature", "properties": {"lead": 120, "temp": "sp:brook_trout:s1"}, "geometry": {"type": "Polygon", "coordinates": [[[-89.141573, 48.479062], [-89.141678, 48.479004], [-89.141806, 48.47895], [-89.141957, 48.478901], [-89.142133, 48.478857], [-89.14221, 48.478845], [-89.14219, 48.478868], [-89.142072, 48.478923], [-89.141856, 48.479013], [-89.141684, 48.479084], [-89.141556, 48.479138], [-89.141472, 48.479173], [-89.141432, 48.479191], [-89.141422, 48.479189], [-89.141442, 48.479167], [-89.141492, 48.479124], [-89.141573, 48.479062]]]}}, {"type": "Feature", "properties": {"lead": 120, "temp": "sp:brook_trout:s1"}, "geometry": {"type": "Polygon", "coordinates": [[[-89.131487, 48.481947], [-89.131642, 48.481889], [-89.131935, 48.481806], [-89.132366, 48.481699], [-89.132784, 48.481621], [-89.133189, 48.481572], [-89.133579, 48.481552], [-89.133957, 48.481561], [-89.134206, 48.481579], [-89.134328, 48.481606], [-89.134321, 48.481641], [-89.134186, 48.481686], [-89.133977, 48.481719], [-89.133694, 48.481742], [-89.133337, 48.481753], [-89.132905, 48.481753], [-89.132552, 48.481768], [-89.132275, 48.4818], [-89.132076, 48.481847], [-89.131955, 48.481909], [-89.131834, 48.481954], [-89.131712, 48.48198], [-89.131591, 48.481989], [-89.13147, 48.48198], [-89.131487, 48.481947]]]}}, {"type": "Feature", "properties": {"lead": 120, "temp": "sp:brook_trout:s1"}, "geometry": {"type": "Polygon", "coordinates": [[[-89.129781, 48.482511], [-89.129815, 48.48244], [-89.129886, 48.482355], [-89.129994, 48.482257], [-89.130122, 48.482177], [-89.13027, 48.482114], [-89.130439, 48.48207], [-89.130627, 48.482043], [-89.130715, 48.482043], [-89.130701, 48.48207], [-89.130587, 48.482123], [-89.130371, 48.482204], [-89.130199, 48.482286], [-89.130071, 48.482371], [-89.129987, 48.482458], [-89.129947, 48.482547], [-89.129906, 48.482603], [-89.129866, 48.482625], [-89.129825, 48.482614], [-89.129785, 48.482569], [-89.129781, 48.482511]]]}}, {"type": "Feature", "properties": {"lead": 120, "temp": "sp:brook_trout:s2"}, "geometry": {"type": "Polygon", "coordinates": [[[-89.165743, 48.455651], [-89.165703, 48.455577], [-89.165676, 48.455434], [-89.165683, 48.45533], [-89.165723, 48.455263], [-89.165797, 48.455234], [-89.165905, 48.455242], [-89.165966, 48.455283], [-89.165979, 48.455354], [-89.165945, 48.455457], [-89.165865, 48.455591], [-89.165797, 48.455655], [-89.165743, 48.455651]]]}}, {"type": "Feature", "properties": {"lead": 120, "temp": "sp:brook_trout:s2"}, "geometry": {"type": "Polygon", "coordinates": [[[-89.165784, 48.456993], [-89.165487, 48.456912], [-89.165228, 48.456825], [-89.165005, 48.456732], [-89.16482, 48.456631], [-89.164672, 48.456524], [-89.164557, 48.456408], [-89.164476, 48.456283], [-89.164429, 48.456149], [-89.164415, 48.456006], [-89.164439, 48.45587], [-89.1645, 48.45574], [-89.164597, 48.455618], [-89.164732, 48.455501], [-89.164847, 48.455414], [-89.164941, 48.455356], [-89.165015, 48.455327], [-89.165069, 48.455327], [-89.165113, 48.455361], [-89.165147, 48.455428], [-89.16517, 48.455528], [-89.165184, 48.455662], [-89.16517, 48.455765], [-89.16513, 48.455836], [-89.165062, 48.455877], [-89.164968, 48.455885], [-89.164897, 48.455914], [-89.16485, 48.455964], [-89.164827, 48.456033], [-89.164827, 48.456122], [-89.164837, 48.456189], [-89.164857, 48.456234], [-89.164887, 48.456256], [-89.164928, 48.456256], [-89.164971, 48.456272], [-89.165019, 48.456303], [-89.165069, 48.45635], [-89.165123, 48.456412], [-89.165197, 48.456459], [-89.165292, 48.45649], [-89.165406, 48.456506], [-89.165541, 48.456506], [-89.165672, 48.456526], [-89.1658, 48.456566], [-89.165925, 48.456627], [-89.166046, 48.456707], [-89.166137, 48.456785], [-89.166198, 48.456861], [-89.166228, 48.456935], [-89.166228, 48.457006], [-89.166154, 48.45704], [-89.166006, 48.457035], [-89.165784, 48.456993]], [[-89.164914, 48.456327], [-89.164901, 48.456327], [-89.164891, 48.45633], [-89.164884, 48.456334], [-89.16488, 48.456341], [-89.16488, 48.45635], [-89.164884, 48.456354], [-89.164891, 48.456354], [-89.164901, 48.45635], [-89.164914, 48.456341], [-89.164921, 48.456334], [-89.164921, 48.45633], [-89.164914, 48.456327]]]}}, {"type": "Feature", "properties": {"lead": 120, "temp": "sp:brook_trout:s2"}, "geometry": {"type": "Polygon", "coordinates": [[[-89.153537, 48.472858], [-89.153523, 48.47276], [-89.15354, 48.472648], [-89.153587, 48.472523], [-89.153665, 48.472385], [-89.153773, 48.472233], [-89.153897, 48.472097], [-89.154039, 48.471977], [-89.154197, 48.471872], [-89.154373, 48.471782], [-89.154497, 48.47168], [-89.154571, 48.471564], [-89.154595, 48.471434], [-89.154568, 48.471291], [-89.154558, 48.471175], [-89.154565, 48.471086], [-89.154588, 48.471024], [-89.154629, 48.470988], [-89.154666, 48.470983], [-89.1547, 48.47101], [-89.15473, 48.471068], [-89.154757, 48.471157], [-89.154777, 48.471193], [-89.154791, 48.471175], [-89.154797, 48.471104], [-89.154797, 48.470979], [-89.154865, 48.470861], [-89.154999, 48.470749], [-89.155202, 48.470644], [-89.155471, 48.470546], [-89.155731, 48.470479], [-89.15598, 48.470443], [-89.156219, 48.470439], [-89.156449, 48.470466], [-89.156641, 48.470506], [-89.156796, 48.470559], [-89.156914, 48.470626], [-89.156995, 48.470707], [-89.157035, 48.470783], [-89.157035, 48.470854], [-89.156995, 48.470921], [-89.156914, 48.470983], [-89.156742, 48.471041], [-89.156479, 48.471095], [-89.156125, 48.471144], [-89.15568, 48.471189], [-89.155336, 48.471271], [-89.155094, 48.471392], [-89.154952, 48.47155], [-89.154912, 48.471747], [-89.154844, 48.471919], [-89.15475, 48.472066], [-89.154629, 48.472189], [-89.15448, 48.472287], [-89.154346, 48.47236], [-89.154224, 48.472409], [-89.154117, 48.472434], [-89.154022, 48.472434], [-89.153931, 48.47247], [-89.153844, 48.472541], [-89.153759, 48.472648], [-89.153678, 48.472791], [-89.153614, 48.472874], [-89.153567, 48.472896], [-89.153537, 48.472858]], [[-89.154777, 48.471827], [-89.154764, 48.471827], [-89.154753, 48.471829], [-89.154747, 48.471834], [-89.154743, 48.47184], [-89.154743, 48.471849], [-89.154747, 48.471854], [-89.154753, 48.471854], [-89.154764, 48.471849], [-89.154777, 48.47184], [-89.154784, 48.471834], [-89.154784, 48.471829], [-89.154777, 48.471827]], [[-89.154757, 48.47172], [-89.15473, 48.47172], [-89.154713, 48.471724], [-89.154706, 48.471733], [-89.15471, 48.471747], [-89.154723, 48.471765], [-89.154737, 48.471773], [-89.15475, 48.471773], [-89.154764, 48.471765], [-89.154777, 48.471747], [-89.15478, 48.471733], [-89.154774, 48.471724], [-89.154757, 48.47172]], [[-89.154723, 48.471577], [-89.15471, 48.471577], [-89.1547, 48.471582], [-89.154693, 48.47159], [-89.154689, 48.471604], [-89.154689, 48.471622], [-89.154693, 48.471631], [-89.1547, 48.471631], [-89.15471, 48.471622], [-89.154723, 48.471604], [-89.15473, 48.47159], [-89.15473, 48.471582], [-89.154723, 48.471577]], [[-89.154939, 48.471363], [-89.154925, 48.471363], [-89.154915, 48.471365], [-89.154908, 48.47137], [-89.154905, 48.471376], [-89.154905, 48.471385], [-89.154908, 48.47139], [-89.154915, 48.47139], [-89.154925, 48.471385], [-89.154939, 48.471376], [-89.154946, 48.47137], [-89.154946, 48.471365], [-89.154939, 48.471363]], [[-89.154919, 48.471149], [-89.154892, 48.471149], [-89.154871, 48.47116], [-89.154858, 48.471182], [-89.154851, 48.471216], [-89.154851, 48.47126], [-89.154858, 48.471282], [-89.154871, 48.471282], [-89.154892, 48.47126], [-89.154919, 48.471216], [-89.154932, 48.471182], [-89.154932, 48.47116], [-89.154919, 48.471149]]]}}, {"type": "Feature", "properties": {"lead": 120, "temp": "sp:brook_trout:s2"}, "geometry": {"type": "Polygon", "coordinates": [[[-89.1557, 48.472171], [-89.15562, 48.472162], [-89.155559, 48.472148], [-89.155518, 48.472131], [-89.155498, 48.472108], [-89.155498, 48.472081], [-89.155515, 48.472059], [-89.155549, 48.472041], [-89.155599, 48.472028], [-89.155667, 48.472019], [-89.155721, 48.472023], [-89.155761, 48.472041], [-89.155788, 48.472073], [-89.155802, 48.472117], [-89.155791, 48.472148], [-89.155758, 48.472166], [-89.1557, 48.472171]]]}}, {"type": "Feature", "properties": {"lead": 120, "temp": "sp:brook_trout:s2"}, "geometry": {"type": "Polygon", "coordinates": [[[-89.154959, 48.472278], [-89.154959, 48.472197], [-89.154962, 48.472137], [-89.154969, 48.472097], [-89.154979, 48.472077], [-89.154993, 48.472077], [-89.154999, 48.472097], [-89.154999, 48.472137], [-89.154993, 48.472197], [-89.154979, 48.472278], [-89.154969, 48.472318], [-89.154962, 48.472318], [-89.154959, 48.472278]]]}}, {"type": "Feature", "properties": {"lead": 120, "temp": "sp:brook_trout:s2"}, "geometry": {"type": "Polygon", "coordinates": [[[-89.155721, 48.472318], [-89.155761, 48.472264], [-89.155802, 48.472233], [-89.155842, 48.472224], [-89.155882, 48.472238], [-89.155923, 48.472273], [-89.155933, 48.472305], [-89.155913, 48.472331], [-89.155862, 48.472354], [-89.155781, 48.472372], [-89.155731, 48.472372], [-89.155711, 48.472354], [-89.155721, 48.472318]]]}}, {"type": "Feature", "properties": {"lead": 120, "temp": "sp:brook_trout:s2"}, "geometry": {"type": "Polygon", "coordinates": [[[-89.155734, 48.472912], [-89.155748, 48.472849], [-89.155768, 48.472802], [-89.155795, 48.472771], [-89.155829, 48.472755], [-89.155869, 48.472755], [-89.155886, 48.472771], [-89.155879, 48.472802], [-89.155849, 48.472849], [-89.155795, 48.472912], [-89.155758, 48.472943], [-89.155738, 48.472943], [-89.155734, 48.472912]]]}}, {"type": "Feature", "properties": {"lead": 120, "temp": "sp:brook_trout:s3"}, "geometry": {"type": "Polygon", "coordinates": [[[-89.16515, 48.45564], [-89.16515, 48.455515], [-89.165153, 48.455421], [-89.16516, 48.455359], [-89.16517, 48.455327], [-89.165184, 48.455327], [-89.165191, 48.455359], [-89.165191, 48.455421], [-89.165184, 48.455515], [-89.16517, 48.45564], [-89.16516, 48.455702], [-89.165153, 48.455702], [-89.16515, 48.45564]]]}}, {"type": "Feature", "properties": {"lead": 120, "temp": "sp:brook_trout:s3"}, "geometry": {"type": "Polygon", "coordinates": [[[-89.164827, 48.456122], [-89.164827, 48.456033], [-89.16483, 48.455966], [-89.164837, 48.455921], [-89.164847, 48.455899], [-89.16486, 48.455899], [-89.164867, 48.455921], [-89.164867, 48.455966], [-89.16486, 48.456033], [-89.164847, 48.456122], [-89.164837, 48.456167], [-89.16483, 48.456167], [-89.164827, 48.456122]]]}}, {"type": "Feature", "properties": {"lead": 120, "temp": "sp:brook_trout:s3"}, "geometry": {"type": "Polygon", "coordinates": [[[-89.165204, 48.456493], [-89.165204, 48.456484], [-89.165238, 48.456477], [-89.165305, 48.456473], [-89.165406, 48.45647], [-89.165541, 48.45647], [-89.165608, 48.456473], [-89.165608, 48.456477], [-89.165541, 48.456484], [-89.165406, 48.456493], [-89.165305, 48.456497], [-89.165238, 48.456497], [-89.165204, 48.456493]]]}}, {"type": "Feature", "properties": {"lead": 120, "temp": "sp:brook_trout:s3"}, "geometry": {"type": "Polygon", "coordinates": [[[-89.154723, 48.471001], [-89.154737, 48.470914], [-89.15475, 48.470856], [-89.154764, 48.470827], [-89.154777, 48.470827], [-89.15478, 48.470856], [-89.154774, 48.470914], [-89.154757, 48.471001], [-89.15473, 48.471117], [-89.154713, 48.471175], [-89.154706, 48.471175], [-89.15471, 48.471117], [-89.154723, 48.471001]]]}}, {"type": "Feature", "properties": {"lead": 120, "temp": "sp:brook_trout:s3"}, "geometry": {"type": "Polygon", "coordinates": [[[-89.154851, 48.471216], [-89.154858, 48.471182], [-89.154871, 48.47116], [-89.154892, 48.471149], [-89.154919, 48.471149], [-89.154932, 48.47116], [-89.154932, 48.471182], [-89.154919, 48.471216], [-89.154892, 48.47126], [-89.154871, 48.471282], [-89.154858, 48.471282], [-89.154851, 48.47126], [-89.154851, 48.471216]]]}}, {"type": "Feature", "properties": {"lead": 120, "temp": "sp:brook_trout:s3"}, "geometry": {"type": "Polygon", "coordinates": [[[-89.155181, 48.471613], [-89.155114, 48.471613], [-89.155064, 48.47159], [-89.15503, 48.471546], [-89.155013, 48.471479], [-89.155013, 48.47139], [-89.15504, 48.471323], [-89.155094, 48.471278], [-89.155175, 48.471256], [-89.155283, 48.471256], [-89.15534, 48.471258], [-89.155347, 48.471262], [-89.155303, 48.471269], [-89.155208, 48.471278], [-89.155151, 48.471305], [-89.155131, 48.471349], [-89.155148, 48.471412], [-89.155202, 48.471492], [-89.155225, 48.471553], [-89.155219, 48.471593], [-89.155181, 48.471613]], [[-89.155188, 48.471541], [-89.155161, 48.471541], [-89.155141, 48.471544], [-89.155128, 48.471548], [-89.155121, 48.471555], [-89.155121, 48.471564], [-89.155128, 48.471568], [-89.155141, 48.471568], [-89.155161, 48.471564], [-89.155188, 48.471555], [-89.155202, 48.471548], [-89.155202, 48.471544], [-89.155188, 48.471541]]]}}, {"type": "Feature", "properties": {"lead": 120, "temp": "sp:brook_trout:s3"}, "geometry": {"type": "Polygon", "coordinates": [[[-89.155343, 48.471863], [-89.155384, 48.471863], [-89.155414, 48.471872], [-89.155434, 48.47189], [-89.155444, 48.471916], [-89.155444, 48.471952], [-89.155434, 48.47197], [-89.155414, 48.47197], [-89.155384, 48.471952], [-89.155343, 48.471916], [-89.155323, 48.47189], [-89.155323, 48.471872], [-89.155343, 48.471863]]]}}, {"type": "Feature", "properties": {"lead": 120, "temp": "sp:brook_trout:s3"}, "geometry": {"type": "Polygon", "coordinates": [[[-89.154784, 48.471983], [-89.154811, 48.471921], [-89.154834, 48.471874], [-89.154855, 48.471843], [-89.154871, 48.471827], [-89.154885, 48.471827], [-89.154885, 48.471843], [-89.154871, 48.471874], [-89.154844, 48.471921], [-89.154804, 48.471983], [-89.15478, 48.472014], [-89.154774, 48.472014], [-89.154784, 48.471983]]]}}, {"type": "Feature", "properties": {"lead": 120, "temp": "sp:brook_trout:s3"}, "geometry": {"type": "Polygon", "coordinates": [[[-89.155727, 48.472434], [-89.155657, 48.472427], [-89.155596, 48.472414], [-89.155545, 48.472394], [-89.155505, 48.472367], [-89.155475, 48.472327], [-89.155454, 48.472273], [-89.155444, 48.472206], [-89.155444, 48.472126], [-89.155461, 48.472066], [-89.155495, 48.472026], [-89.155545, 48.472006], [-89.155613, 48.472006], [-89.15565, 48.472014], [-89.155657, 48.472032], [-89.155633, 48.472059], [-89.155579, 48.472095], [-89.155559, 48.472124], [-89.155572, 48.472146], [-89.15562, 48.472162], [-89.1557, 48.472171], [-89.155734, 48.472184], [-89.155734, 48.472184], [-89.155724, 48.472186], [-89.155717, 48.472191], [-89.155714, 48.472197], [-89.155714, 48.472206], [-89.155717, 48.472211], [-89.155724, 48.472211], [-89.155734, 48.472206], [-89.155748, 48.472197], [-89.155752, 48.472193], [-89.155771, 48.472222], [-89.155761, 48.472264], [-89.155721, 48.472318], [-89.155707, 48.47236], [-89.155721, 48.472392], [-89.155761, 48.472412], [-89.155829, 48.472421], [-89.155859, 48.472427], [-89.155852, 48.472432], [-89.155808, 48.472434], [-89.155727, 48.472434]], [[-89.155559, 48.47222], [-89.155529, 48.472224], [-89.155508, 48.472233], [-89.155498, 48.472247], [-89.155498, 48.472264], [-89.155508, 48.472273], [-89.155529, 48.472273], [-89.155559, 48.472264], [-89.155599, 48.472247], [-89.15562, 48.472233], [-89.15562, 48.472224], [-89.155599, 48.47222], [-89.155559, 48.47222]]]}}, {"type": "Feature", "properties": {"lead": 120, "temp": "sp:brook_trout:s3"}, "geometry": {"type": "Polygon", "coordinates": [[[-89.154966, 48.472434], [-89.154935, 48.472412], [-89.154915, 48.472367], [-89.154905, 48.4723], [-89.154905, 48.472211], [-89.154912, 48.472164], [-89.154925, 48.47216], [-89.154946, 48.472197], [-89.154973, 48.472278], [-89.154996, 48.472318], [-89.155016, 48.472318], [-89.155033, 48.472278], [-89.155047, 48.472197], [-89.155057, 48.47216], [-89.155064, 48.472164], [-89.155067, 48.472211], [-89.155067, 48.4723], [-89.155057, 48.472367], [-89.155037, 48.472412], [-89.155006, 48.472434], [-89.154966, 48.472434]]]}}, {"type": "Feature", "properties": {"lead": 120, "temp": "sp:salmon:s1"}, "geometry": {"type": "Polygon", "coordinates": [[[-89.156927, 48.470709], [-89.156866, 48.47072], [-89.156772, 48.47072], [-89.156701, 48.470713], [-89.156654, 48.4707], [-89.156631, 48.47068], [-89.156631, 48.470653], [-89.156644, 48.470629], [-89.156671, 48.470606], [-89.156711, 48.470586], [-89.156765, 48.470568], [-89.156816, 48.470566], [-89.156863, 48.470579], [-89.156907, 48.470608], [-89.156947, 48.470653], [-89.156954, 48.470687], [-89.156927, 48.470709]]]}}, {"type": "Feature", "properties": {"lead": 120, "temp": "sp:salmon:s1"}, "geometry": {"type": "Polygon", "coordinates": [[[-89.154753, 48.472023], [-89.154743, 48.471997], [-89.154743, 48.471943], [-89.154753, 48.471903], [-89.154774, 48.471876], [-89.154804, 48.471863], [-89.154844, 48.471863], [-89.154865, 48.471876], [-89.154865, 48.471903], [-89.154844, 48.471943], [-89.154804, 48.471997], [-89.154774, 48.472023], [-89.154753, 48.472023]]]}}, {"type": "Feature", "properties": {"lead": 120, "temp": "sp:salmon:s1"}, "geometry": {"type": "Polygon", "coordinates": [[[-89.155525, 48.472191], [-89.155586, 48.472184], [-89.15568, 48.472184], [-89.155738, 48.472191], [-89.155758, 48.472204], [-89.155741, 48.472224], [-89.155687, 48.472251], [-89.155636, 48.472264], [-89.155589, 48.472264], [-89.155545, 48.472251], [-89.155505, 48.472224], [-89.155498, 48.472204], [-89.155525, 48.472191]]]}}, {"type": "Feature", "properties": {"lead": 120, "temp": "sp:salmon:s1"}, "geometry": {"type": "Polygon", "coordinates": [[[-89.154905, 48.472273], [-89.154905, 48.472238], [-89.154915, 48.472211], [-89.154935, 48.472193], [-89.154966, 48.472184], [-89.155006, 48.472184], [-89.155026, 48.472193], [-89.155026, 48.472211], [-89.155006, 48.472238], [-89.154966, 48.472273], [-89.154935, 48.472291], [-89.154915, 48.472291], [-89.154905, 48.472273]]]}}, {"type": "Feature", "properties": {"lead": 120, "temp": "sp:salmon:s1"}, "geometry": {"type": "Polygon", "coordinates": [[[-89.156145, 48.473157], [-89.156145, 48.473139], [-89.156162, 48.473126], [-89.156196, 48.473117], [-89.156246, 48.473112], [-89.156314, 48.473112], [-89.156347, 48.473117], [-89.156347, 48.473126], [-89.156314, 48.473139], [-89.156246, 48.473157], [-89.156196, 48.473166], [-89.156162, 48.473166], [-89.156145, 48.473157]]]}}, {"type": "Feature", "properties": {"lead": 120, "temp": "sp:salmon:s2"}, "geometry": {"type": "Polygon", "coordinates": [[[-89.166282, 48.455885], [-89.165888, 48.455803], [-89.165639, 48.4557], [-89.165534, 48.455577], [-89.165575, 48.455434], [-89.165699, 48.455336], [-89.165908, 48.455283], [-89.166202, 48.455274], [-89.166579, 48.455309], [-89.166886, 48.455298], [-89.167122, 48.45524], [-89.167287, 48.455135], [-89.167381, 48.454984], [-89.167519, 48.454865], [-89.167701, 48.45478], [-89.167927, 48.454729], [-89.168197, 48.454711], [-89.168328, 48.454718], [-89.168321, 48.454749], [-89.168176, 48.454805], [-89.167893, 48.454885], [-89.167681, 48.454981], [-89.167539, 48.455093], [-89.167469, 48.45522], [-89.167469, 48.455363], [-89.167489, 48.455477], [-89.167529, 48.455562], [-89.16759, 48.455618], [-89.167671, 48.455644], [-89.167721, 48.455687], [-89.167742, 48.455745], [-89.167732, 48.455818], [-89.167691, 48.455908], [-89.167526, 48.455959], [-89.167236, 48.455972], [-89.166822, 48.455948], [-89.166282, 48.455885]]]}}, {"type": "Feature", "properties": {"lead": 120, "temp": "sp:salmon:s2"}, "geometry": {"type": "Polygon", "coordinates": [[[-89.168689, 48.455631], [-89.168611, 48.455584], [-89.16855, 48.455526], [-89.168507, 48.455457], [-89.16848, 48.455376], [-89.16851, 48.455321], [-89.168598, 48.455289], [-89.168743, 48.455283], [-89.168945, 48.455301], [-89.169076, 48.455338], [-89.169137, 48.455397], [-89.169127, 48.455475], [-89.169046, 48.455573], [-89.168962, 48.455638], [-89.168874, 48.455669], [-89.168783, 48.455667], [-89.168689, 48.455631]]]}}, {"type": "Feature", "properties": {"lead": 120, "temp": "sp:salmon:s2"}, "geometry": {"type": "Polygon", "coordinates": [[[-89.167792, 48.455551], [-89.167802, 48.455513], [-89.167823, 48.45549], [-89.167853, 48.455484], [-89.167893, 48.455493], [-89.167914, 48.45551], [-89.167914, 48.455537], [-89.167893, 48.455573], [-89.167853, 48.455618], [-89.167823, 48.455638], [-89.167802, 48.455633], [-89.167792, 48.455604], [-89.167792, 48.455551]]]}}, {"type": "Feature", "properties": {"lead": 120, "temp": "sp:salmon:s2"}, "geometry": {"type": "Polygon", "coordinates": [[[-89.165379, 48.456435], [-89.165308, 48.456423], [-89.165248, 48.456401], [-89.165197, 48.456368], [-89.165157, 48.456323], [-89.165157, 48.456285], [-89.165197, 48.456254], [-89.165278, 48.456229], [-89.165399, 48.456211], [-89.16549, 48.456214], [-89.165551, 48.456236], [-89.165581, 48.456278], [-89.165581, 48.456341], [-89.165561, 48.456388], [-89.165521, 48.456419], [-89.16546, 48.456435], [-89.165379, 48.456435]]]}}, {"type": "Feature", "properties": {"lead": 120, "temp": "sp:salmon:s2"}, "geometry": {"type": "Polygon", "coordinates": [[[-89.167529, 48.458412], [-89.167486, 48.458392], [-89.167438, 48.458361], [-89.167388, 48.458319], [-89.167334, 48.458265], [-89.167266, 48.458185], [-89.167186, 48.458078], [-89.167091, 48.457944], [-89.166983, 48.457783], [-89.166865, 48.457636], [-89.166737, 48.457502], [-89.166599, 48.457381], [-89.166451, 48.457274], [-89.166232, 48.457151], [-89.165942, 48.457013], [-89.165581, 48.456859], [-89.16515, 48.456689], [-89.164823, 48.456515], [-89.164601, 48.456336], [-89.164483, 48.456153], [-89.164469, 48.455966], [-89.1645, 48.455798], [-89.164574, 48.455651], [-89.164692, 48.455524], [-89.164854, 48.455417], [-89.164982, 48.455374], [-89.165076, 48.455397], [-89.165137, 48.455484], [-89.165164, 48.455635], [-89.16516, 48.455751], [-89.165126, 48.455832], [-89.165062, 48.455877], [-89.164968, 48.455885], [-89.164897, 48.455914], [-89.16485, 48.455964], [-89.164827, 48.456033], [-89.164827, 48.456122], [-89.164884, 48.456211], [-89.164998, 48.456301], [-89.16517, 48.45639], [-89.165399, 48.456479], [-89.165602, 48.45654], [-89.165777, 48.456571], [-89.165925, 48.456573], [-89.166046, 48.456546], [-89.166137, 48.45654], [-89.166198, 48.456553], [-89.166228, 48.456586], [-89.166228, 48.45664], [-89.166282, 48.4567], [-89.16639, 48.456767], [-89.166552, 48.456841], [-89.166768, 48.456921], [-89.16694, 48.457011], [-89.167068, 48.457109], [-89.167152, 48.457216], [-89.167192, 48.457332], [-89.167236, 48.457419], [-89.167283, 48.457477], [-89.167334, 48.457506], [-89.167388, 48.457506], [-89.167438, 48.457564], [-89.167486, 48.45768], [-89.167529, 48.457854], [-89.16757, 48.458087], [-89.16759, 48.458258], [-89.16759, 48.45837], [-89.16757, 48.458421], [-89.167529, 48.458412]], [[-89.167489, 48.458292], [-89.167479, 48.458294], [-89.167472, 48.458299], [-89.167469, 48.458305], [-89.167469, 48.458314], [-89.167472, 48.458319], [-89.167479, 48.458319], [-89.167489, 48.458314], [-89.167502, 48.458305], [-89.167509, 48.458299], [-89.167509, 48.458294], [-89.167502, 48.458292], [-89.167489, 48.458292]], [[-89.164901, 48.456327], [-89.164891, 48.45633], [-89.164884, 48.456334], [-89.16488, 48.456341], [-89.16488, 48.45635], [-89.164884, 48.456354], [-89.164891, 48.456354], [-89.164901, 48.45635], [-89.164914, 48.456341], [-89.164921, 48.456334], [-89.164921, 48.45633], [-89.164914, 48.456327], [-89.164901, 48.456327]]]}}, {"type": "Feature", "properties": {"lead": 120, "temp": "sp:salmon:s2"}, "geometry": {"type": "Polygon", "coordinates": [[[-89.155438, 48.471756], [-89.155461, 48.47176], [-89.155468, 48.471769], [-89.155458, 48.471782], [-89.155431, 48.4718], [-89.155407, 48.471809], [-89.155387, 48.471809], [-89.15537, 48.4718], [-89.155357, 48.471782], [-89.155357, 48.471769], [-89.15537, 48.47176], [-89.155397, 48.471756], [-89.155438, 48.471756]]]}}, {"type": "Feature", "properties": {"lead": 120, "temp": "sp:salmon:s2"}, "geometry": {"type": "Polygon", "coordinates": [[[-89.15562, 48.472162], [-89.155559, 48.472148], [-89.155518, 48.472131], [-89.155498, 48.472108], [-89.155498, 48.472081], [-89.155515, 48.472059], [-89.155549, 48.472041], [-89.155599, 48.472028], [-89.155667, 48.472019], [-89.155721, 48.472023], [-89.155761, 48.472041], [-89.155788, 48.472073], [-89.155802, 48.472117], [-89.155791, 48.472148], [-89.155758, 48.472166], [-89.1557, 48.472171], [-89.15562, 48.472162]]]}}, {"type": "Feature", "properties": {"lead": 120, "temp": "sp:salmon:s2"}, "geometry": {"type": "Polygon", "coordinates": [[[-89.155761, 48.472264], [-89.155802, 48.472233], [-89.155842, 48.472224], [-89.155882, 48.472238], [-89.155923, 48.472273], [-89.155933, 48.472305], [-89.155913, 48.472331], [-89.155862, 48.472354], [-89.155781, 48.472372], [-89.155731, 48.472372], [-89.155711, 48.472354], [-89.155721, 48.472318], [-89.155761, 48.472264]]]}}, {"type": "Feature", "properties": {"lead": 120, "temp": "sp:salmon:s2"}, "geometry": {"type": "Polygon", "coordinates": [[[-89.153564, 48.473014], [-89.153567, 48.472769], [-89.153614, 48.472546], [-89.153705, 48.472345], [-89.15384, 48.472166], [-89.153978, 48.472017], [-89.15412, 48.471896], [-89.154265, 48.471805], [-89.154413, 48.471742], [-89.154521, 48.471653], [-89.154588, 48.471537], [-89.154615, 48.471394], [-89.154602, 48.471224], [-89.154605, 48.471117], [-89.154625, 48.471073], [-89.154662, 48.471091], [-89.154716, 48.471171], [-89.154767, 48.471193], [-89.154814, 48.471157], [-89.154858, 48.471064], [-89.154898, 48.470912], [-89.154986, 48.47078], [-89.155121, 48.470669], [-89.155303, 48.470577], [-89.155532, 48.470506], [-89.155751, 48.470454], [-89.15596, 48.470423], [-89.156159, 48.470412], [-89.156347, 48.470421], [-89.156489, 48.470446], [-89.156583, 48.470486], [-89.156631, 48.470542], [-89.156631, 48.470613], [-89.156661, 48.470669], [-89.156722, 48.470709], [-89.156813, 48.470733], [-89.156934, 48.470742], [-89.157038, 48.470776], [-89.157126, 48.470834], [-89.157197, 48.470916], [-89.157251, 48.471024], [-89.157247, 48.471117], [-89.157187, 48.471198], [-89.157069, 48.471265], [-89.156893, 48.471318], [-89.156732, 48.471336], [-89.156583, 48.471318], [-89.156449, 48.471265], [-89.156327, 48.471175], [-89.156223, 48.47112], [-89.156135, 48.471097], [-89.156064, 48.471108], [-89.15601, 48.471153], [-89.155913, 48.471189], [-89.155771, 48.471216], [-89.155586, 48.471233], [-89.155357, 48.471242], [-89.155175, 48.471305], [-89.15504, 48.471421], [-89.154952, 48.47159], [-89.154912, 48.471814], [-89.154861, 48.471983], [-89.154801, 48.472099], [-89.15473, 48.472162], [-89.154649, 48.472171], [-89.154592, 48.472193], [-89.154558, 48.472229], [-89.154548, 48.472278], [-89.154561, 48.47234], [-89.154548, 48.472401], [-89.154507, 48.472459], [-89.15444, 48.472514], [-89.154346, 48.472568], [-89.154295, 48.472628], [-89.154288, 48.472695], [-89.154325, 48.472769], [-89.154406, 48.472849], [-89.154447, 48.472916], [-89.154447, 48.47297], [-89.154406, 48.47301], [-89.154325, 48.473037], [-89.154268, 48.473079], [-89.154234, 48.473137], [-89.154224, 48.473211], [-89.154238, 48.4733], [-89.154211, 48.473383], [-89.154143, 48.473458], [-89.154036, 48.473528], [-89.153887, 48.47359], [-89.153766, 48.47357], [-89.153672, 48.473467], [-89.153604, 48.473282], [-89.153564, 48.473014]], [[-89.15473, 48.47172], [-89.154713, 48.471724], [-89.154706, 48.471733], [-89.15471, 48.471747], [-89.154723, 48.471765], [-89.154737, 48.471773], [-89.15475, 48.471773], [-89.154764, 48.471765], [-89.154777, 48.471747], [-89.15478, 48.471733], [-89.154774, 48.471724], [-89.154757, 48.47172], [-89.15473, 48.47172]], [[-89.15471, 48.471577], [-89.1547, 48.471582], [-89.154693, 48.47159], [-89.154689, 48.471604], [-89.154689, 48.471622], [-89.154693, 48.471631], [-89.1547, 48.471631], [-89.15471, 48.471622], [-89.154723, 48.471604], [-89.15473, 48.47159], [-89.15473, 48.471582], [-89.154723, 48.471577], [-89.15471, 48.471577]], [[-89.154925, 48.471363], [-89.154915, 48.471365], [-89.154908, 48.47137], [-89.154905, 48.471376], [-89.154905, 48.471385], [-89.154908, 48.47139], [-89.154915, 48.47139], [-89.154925, 48.471385], [-89.154939, 48.471376], [-89.154946, 48.47137], [-89.154946, 48.471365], [-89.154939, 48.471363], [-89.154925, 48.471363]], [[-89.154892, 48.471149], [-89.154871, 48.47116], [-89.154858, 48.471182], [-89.154851, 48.471216], [-89.154851, 48.47126], [-89.154858, 48.471282], [-89.154871, 48.471282], [-89.154892, 48.47126], [-89.154919, 48.471216], [-89.154932, 48.471182], [-89.154932, 48.47116], [-89.154919, 48.471149], [-89.154892, 48.471149]], [[-89.155465, 48.471184], [-89.155454, 48.471187], [-89.155448, 48.471191], [-89.155444, 48.471198], [-89.155444, 48.471207], [-89.155448, 48.471211], [-89.155454, 48.471211], [-89.155465, 48.471207], [-89.155478, 48.471198], [-89.155485, 48.471191], [-89.155485, 48.471187], [-89.155478, 48.471184], [-89.155465, 48.471184]]]}}, {"type": "Feature", "properties": {"lead": 120, "temp": "sp:salmon:s2"}, "geometry": {"type": "Polygon", "coordinates": [[[-89.15047, 48.47546], [-89.150467, 48.475378], [-89.150595, 48.47523], [-89.150854, 48.475018], [-89.151245, 48.474742], [-89.151613, 48.474516], [-89.151956, 48.474342], [-89.152276, 48.474219], [-89.152573, 48.474148], [-89.152667, 48.474157], [-89.15256, 48.474246], [-89.15225, 48.474416], [-89.151737, 48.474666], [-89.151343, 48.474882], [-89.151067, 48.475065], [-89.150908, 48.475215], [-89.150868, 48.475331], [-89.150804, 48.475413], [-89.150716, 48.475462], [-89.150605, 48.475478], [-89.15047, 48.47546]]]}}, {"type": "Feature", "properties": {"lead": 120, "temp": "sp:salmon:s2"}, "geometry": {"type": "Polygon", "coordinates": [[[-89.150342, 48.475625], [-89.150399, 48.475625], [-89.15042, 48.475634], [-89.150403, 48.475652], [-89.150349, 48.475679], [-89.150298, 48.475694], [-89.150251, 48.475699], [-89.150207, 48.475692], [-89.150167, 48.475674], [-89.15016, 48.475659], [-89.150187, 48.475645], [-89.150248, 48.475634], [-89.150342, 48.475625]]]}}, {"type": "Feature", "properties": {"lead": 120, "temp": "sp:salmon:s2"}, "geometry": {"type": "Polygon", "coordinates": [[[-89.148489, 48.476946], [-89.148505, 48.476935], [-89.148539, 48.476922], [-89.14859, 48.476906], [-89.148657, 48.476888], [-89.148691, 48.476882], [-89.148691, 48.476886], [-89.148657, 48.476902], [-89.14859, 48.476929], [-89.148539, 48.476946], [-89.148505, 48.476955], [-89.148489, 48.476955], [-89.148489, 48.476946]]]}}, {"type": "Feature", "properties": {"lead": 120, "temp": "sp:salmon:s2"}, "geometry": {"type": "Polygon", "coordinates": [[[-89.148165, 48.477089], [-89.148179, 48.477078], [-89.148205, 48.477065], [-89.148246, 48.477049], [-89.1483, 48.477031], [-89.148327, 48.477024], [-89.148327, 48.477029], [-89.1483, 48.477045], [-89.148246, 48.477071], [-89.148205, 48.477089], [-89.148179, 48.477098], [-89.148165, 48.477098], [-89.148165, 48.477089]]]}}, {"type": "Feature", "properties": {"lead": 120, "temp": "sp:salmon:s2"}, "geometry": {"type": "Polygon", "coordinates": [[[-89.147356, 48.477411], [-89.14738, 48.477399], [-89.147427, 48.477386], [-89.147498, 48.47737], [-89.147592, 48.477353], [-89.147639, 48.477346], [-89.147639, 48.47735], [-89.147592, 48.477366], [-89.147498, 48.477393], [-89.147427, 48.477411], [-89.14738, 48.477419], [-89.147356, 48.477419], [-89.147356, 48.477411]]]}}, {"type": "Feature", "properties": {"lead": 120, "temp": "sp:salmon:s2"}, "geometry": {"type": "Polygon", "coordinates": [[[-89.141614, 48.479164], [-89.142079, 48.478939], [-89.142847, 48.478667], [-89.143919, 48.478348], [-89.145294, 48.477982], [-89.146231, 48.477756], [-89.146729, 48.477672], [-89.14679, 48.477727], [-89.146413, 48.477924], [-89.146096, 48.478071], [-89.14584, 48.478169], [-89.145644, 48.478218], [-89.145509, 48.478218], [-89.145398, 48.478234], [-89.145311, 48.478265], [-89.145247, 48.478312], [-89.145206, 48.478375], [-89.145132, 48.478435], [-89.145024, 48.478493], [-89.144883, 48.478549], [-89.144707, 48.478602], [-89.144546, 48.478636], [-89.144397, 48.478649], [-89.144263, 48.478642], [-89.144141, 48.478616], [-89.14405, 48.478609], [-89.14399, 48.478622], [-89.143959, 48.478656], [-89.143959, 48.478709], [-89.143828, 48.478772], [-89.143565, 48.478843], [-89.143171, 48.478923], [-89.142645, 48.479013], [-89.14221, 48.479109], [-89.141866, 48.479211], [-89.141614, 48.479321], [-89.141452, 48.479437], [-89.141371, 48.479479], [-89.141371, 48.479448], [-89.141452, 48.479343], [-89.141614, 48.479164]]]}}, {"type": "Feature", "properties": {"lead": 120, "temp": "sp:salmon:s2"}, "geometry": {"type": "Polygon", "coordinates": [[[-89.129751, 48.483002], [-89.129714, 48.482971], [-89.129694, 48.482909], [-89.12969, 48.482815], [-89.129704, 48.48269], [-89.129751, 48.482567], [-89.129832, 48.482447], [-89.129947, 48.482328], [-89.130095, 48.482212], [-89.130267, 48.482123], [-89.130462, 48.482061], [-89.130681, 48.482025], [-89.130924, 48.482016], [-89.131214, 48.48198], [-89.131551, 48.481918], [-89.131935, 48.481829], [-89.132366, 48.481713], [-89.132804, 48.481628], [-89.133249, 48.481574], [-89.133701, 48.481552], [-89.134159, 48.481561], [-89.134587, 48.481552], [-89.134985, 48.481525], [-89.135352, 48.481481], [-89.135689, 48.481418], [-89.135942, 48.481378], [-89.13611, 48.48136], [-89.136195, 48.481365], [-89.136195, 48.481391], [-89.136174, 48.481411], [-89.136134, 48.481425], [-89.136073, 48.481432], [-89.135992, 48.481432], [-89.135932, 48.481438], [-89.135891, 48.481452], [-89.135871, 48.481472], [-89.135871, 48.481498], [-89.135851, 48.481519], [-89.13581, 48.481532], [-89.13575, 48.481539], [-89.135669, 48.481539], [-89.135608, 48.481545], [-89.135568, 48.481559], [-89.135548, 48.481579], [-89.135548, 48.481606], [-89.135524, 48.481626], [-89.135477, 48.481639], [-89.135406, 48.481646], [-89.135312, 48.481646], [-89.135241, 48.481652], [-89.135194, 48.481666], [-89.13517, 48.481686], [-89.13517, 48.481713], [-89.135106, 48.481739], [-89.134978, 48.481766], [-89.134786, 48.481793], [-89.13453, 48.48182], [-89.134338, 48.481849], [-89.13421, 48.48188], [-89.134146, 48.481913], [-89.134146, 48.481949], [-89.134038, 48.481967], [-89.133822, 48.481967], [-89.133499, 48.481949], [-89.133067, 48.481913], [-89.132744, 48.481896], [-89.132528, 48.481896], [-89.13242, 48.481913], [-89.13242, 48.481949], [-89.132302, 48.481989], [-89.132066, 48.482034], [-89.131712, 48.482083], [-89.131241, 48.482137], [-89.130856, 48.48219], [-89.13056, 48.482244], [-89.130351, 48.482297], [-89.13023, 48.482351], [-89.130129, 48.482427], [-89.130048, 48.482525], [-89.129987, 48.482645], [-89.129947, 48.482788], [-89.129903, 48.482895], [-89.129856, 48.482967], [-89.129805, 48.483002], [-89.129751, 48.483002]]]}}, {"type": "Feature", "properties": {"lead": 120, "temp": "sp:salmon:s3"}, "geometry": {"type": "Polygon", "coordinates": [[[-89.168439, 48.455242], [-89.168439, 48.455234], [-89.168483, 48.455227], [-89.168571, 48.455222], [-89.168702, 48.45522], [-89.168877, 48.45522], [-89.168965, 48.455222], [-89.168965, 48.455227], [-89.168877, 48.455234], [-89.168702, 48.455242], [-89.168571, 48.455247], [-89.168483, 48.455247], [-89.168439, 48.455242]]]}}, {"type": "Feature", "properties": {"lead": 120, "temp": "sp:salmon:s3"}, "geometry": {"type": "Polygon", "coordinates": [[[-89.165581, 48.455394], [-89.165585, 48.455307], [-89.165592, 48.455249], [-89.165602, 48.45522], [-89.165615, 48.45522], [-89.165622, 48.455249], [-89.165622, 48.455307], [-89.165615, 48.455394], [-89.165602, 48.45551], [-89.165592, 48.455568], [-89.165585, 48.455568], [-89.165581, 48.45551], [-89.165581, 48.455394]]]}}, {"type": "Feature", "properties": {"lead": 120, "temp": "sp:salmon:s3"}, "geometry": {"type": "Polygon", "coordinates": [[[-89.16515, 48.45547], [-89.165153, 48.455363], [-89.16516, 48.455292], [-89.16517, 48.455256], [-89.165184, 48.455256], [-89.165191, 48.455292], [-89.165191, 48.455363], [-89.165184, 48.45547], [-89.16517, 48.455613], [-89.16516, 48.455685], [-89.165153, 48.455685], [-89.16515, 48.455613], [-89.16515, 48.45547]]]}}, {"type": "Feature", "properties": {"lead": 120, "temp": "sp:salmon:s3"}, "geometry": {"type": "Polygon", "coordinates": [[[-89.165541, 48.456506], [-89.165406, 48.456506], [-89.165292, 48.456486], [-89.165197, 48.456446], [-89.165123, 48.456385], [-89.165069, 48.456305], [-89.165019, 48.456249], [-89.164971, 48.456218], [-89.164928, 48.456211], [-89.164887, 48.456229], [-89.164857, 48.45622], [-89.164837, 48.456185], [-89.164827, 48.456122], [-89.164827, 48.456033], [-89.164854, 48.455999], [-89.164907, 48.456022], [-89.164988, 48.4561], [-89.165096, 48.456234], [-89.165207, 48.456339], [-89.165322, 48.456415], [-89.16544, 48.456461], [-89.165561, 48.456479], [-89.165619, 48.456493], [-89.165612, 48.456502], [-89.165541, 48.456506]]]}}, {"type": "Feature", "properties": {"lead": 120, "temp": "sp:salmon:s3"}, "geometry": {"type": "Polygon", "coordinates": [[[-89.155566, 48.472184], [-89.155505, 48.472175], [-89.155465, 48.472157], [-89.155444, 48.472131], [-89.155444, 48.472095], [-89.155448, 48.472075], [-89.155454, 48.47207], [-89.155465, 48.472081], [-89.155478, 48.472108], [-89.155505, 48.472131], [-89.155545, 48.472148], [-89.155599, 48.472162], [-89.155667, 48.472171], [-89.155697, 48.472177], [-89.15569, 48.472182], [-89.155647, 48.472184], [-89.155566, 48.472184]]]}}, {"type": "Feature", "properties": {"lead": 120, "temp": "sp:salmon:s3"}, "geometry": {"type": "Polygon", "coordinates": [[[-89.155727, 48.472434], [-89.155667, 48.472425], [-89.155626, 48.472407], [-89.155606, 48.47238], [-89.155606, 48.472345], [-89.155609, 48.472325], [-89.155616, 48.47232], [-89.155626, 48.472331], [-89.15564, 48.472358], [-89.155667, 48.47238], [-89.155707, 48.472398], [-89.155761, 48.472412], [-89.155829, 48.472421], [-89.155859, 48.472427], [-89.155852, 48.472432], [-89.155808, 48.472434], [-89.155727, 48.472434]]]}}, {"type": "Feature", "properties": {"lead": 120, "temp": "sp:salmon:s3"}, "geometry": {"type": "Polygon", "coordinates": [[[-89.15471, 48.471117], [-89.154723, 48.471001], [-89.154737, 48.470914], [-89.15475, 48.470856], [-89.154764, 48.470827], [-89.154777, 48.470827], [-89.15478, 48.470856], [-89.154774, 48.470914], [-89.154757, 48.471001], [-89.15473, 48.471117], [-89.154713, 48.471175], [-89.154706, 48.471175], [-89.15471, 48.471117]]]}}, {"type": "Feature", "properties": {"lead": 120, "temp": "sp:salmon:s3"}, "geometry": {"type": "Polygon", "coordinates": [[[-89.154851, 48.471216], [-89.154858, 48.471182], [-89.154871, 48.47116], [-89.154892, 48.471149], [-89.154919, 48.471149], [-89.154932, 48.47116], [-89.154932, 48.471182], [-89.154919, 48.471216], [-89.154892, 48.47126], [-89.154871, 48.471282], [-89.154858, 48.471282], [-89.154851, 48.47126], [-89.154851, 48.471216]]]}}, {"type": "Feature", "properties": {"lead": 120, "temp": "sp:salmon:s3"}, "geometry": {"type": "Polygon", "coordinates": [[[-89.155114, 48.471613], [-89.155064, 48.47159], [-89.15503, 48.471546], [-89.155013, 48.471479], [-89.155013, 48.47139], [-89.15505, 48.471323], [-89.155124, 48.471278], [-89.155235, 48.471256], [-89.155384, 48.471256], [-89.155475, 48.471265], [-89.155508, 48.471282], [-89.155485, 48.471309], [-89.155404, 48.471345], [-89.15533, 48.471372], [-89.155262, 48.47139], [-89.155202, 48.471399], [-89.155148, 48.471399], [-89.155121, 48.471405], [-89.155121, 48.471419], [-89.155148, 48.471439], [-89.155202, 48.471465], [-89.155242, 48.471492], [-89.155269, 48.471519], [-89.155283, 48.471546], [-89.155283, 48.471573], [-89.155266, 48.471593], [-89.155232, 48.471606], [-89.155181, 48.471613], [-89.155114, 48.471613]], [[-89.155161, 48.471541], [-89.155141, 48.471544], [-89.155128, 48.471548], [-89.155121, 48.471555], [-89.155121, 48.471564], [-89.155128, 48.471568], [-89.155141, 48.471568], [-89.155161, 48.471564], [-89.155188, 48.471555], [-89.155202, 48.471548], [-89.155202, 48.471544], [-89.155188, 48.471541], [-89.155161, 48.471541]], [[-89.155161, 48.471327], [-89.155141, 48.471329], [-89.155128, 48.471334], [-89.155121, 48.47134], [-89.155121, 48.471349], [-89.155128, 48.471354], [-89.155141, 48.471354], [-89.155161, 48.471349], [-89.155188, 48.47134], [-89.155202, 48.471334], [-89.155202, 48.471329], [-89.155188, 48.471327], [-89.155161, 48.471327]]]}}, {"type": "Feature", "properties": {"lead": 120, "temp": "sp:salmon:s3"}, "geometry": {"type": "Polygon", "coordinates": [[[-89.155384, 48.47197], [-89.155343, 48.47197], [-89.155313, 48.471956], [-89.155293, 48.47193], [-89.155283, 48.47189], [-89.155283, 48.471836], [-89.155286, 48.471807], [-89.155293, 48.471802], [-89.155303, 48.471823], [-89.155316, 48.471867], [-89.155333, 48.471894], [-89.155353, 48.471903], [-89.155377, 48.471894], [-89.155404, 48.471867], [-89.155424, 48.471856], [-89.155438, 48.47186], [-89.155444, 48.471881], [-89.155444, 48.471916], [-89.155434, 48.471943], [-89.155414, 48.471961], [-89.155384, 48.47197]]]}}, {"type": "Feature", "properties": {"lead": 120, "temp": "sp:salmon:s3"}, "geometry": {"type": "Polygon", "coordinates": [[[-89.154582, 48.472162], [-89.154602, 48.472151], [-89.154642, 48.472137], [-89.154703, 48.472122], [-89.154784, 48.472104], [-89.154824, 48.472097], [-89.154824, 48.472102], [-89.154784, 48.472117], [-89.154703, 48.472144], [-89.154642, 48.472162], [-89.154602, 48.472171], [-89.154582, 48.472171], [-89.154582, 48.472162]]]}}, {"type": "Feature", "properties": {"lead": 120, "temp": "sp:salmon:s3"}, "geometry": {"type": "Polygon", "coordinates": [[[-89.154905, 48.472394], [-89.154915, 48.47236], [-89.154935, 48.472338], [-89.154966, 48.472327], [-89.155006, 48.472327], [-89.155026, 48.472338], [-89.155026, 48.47236], [-89.155006, 48.472394], [-89.154966, 48.472439], [-89.154935, 48.472461], [-89.154915, 48.472461], [-89.154905, 48.472439], [-89.154905, 48.472394]]]}}, {"type": "Feature", "properties": {"lead": 120, "temp": "sp:steelhead:s1"}, "geometry": {"type": "Polygon", "coordinates": [[[-89.165076, 48.455336], [-89.165093, 48.455296], [-89.165113, 48.455269], [-89.165137, 48.455256], [-89.165164, 48.455256], [-89.165174, 48.455269], [-89.165167, 48.455296], [-89.165143, 48.455336], [-89.165103, 48.45539], [-89.165076, 48.455417], [-89.165062, 48.455417], [-89.165062, 48.45539], [-89.165076, 48.455336]]]}}, {"type": "Feature", "properties": {"lead": 120, "temp": "sp:steelhead:s1"}, "geometry": {"type": "Polygon", "coordinates": [[[-89.168655, 48.455631], [-89.168571, 48.455582], [-89.16851, 48.455519], [-89.168473, 48.455443], [-89.168459, 48.455354], [-89.1685, 48.455292], [-89.168594, 48.455256], [-89.168743, 48.455247], [-89.168945, 48.455265], [-89.169096, 48.455296], [-89.169197, 48.455341], [-89.169248, 48.455399], [-89.169248, 48.45547], [-89.169228, 48.455533], [-89.169187, 48.455586], [-89.169127, 48.455631], [-89.169046, 48.455667], [-89.168958, 48.455685], [-89.168864, 48.455685], [-89.168763, 48.455667], [-89.168655, 48.455631]]]}}, {"type": "Feature", "properties": {"lead": 120, "temp": "sp:steelhead:s1"}, "geometry": {"type": "Polygon", "coordinates": [[[-89.166067, 48.455899], [-89.165895, 48.455856], [-89.165767, 48.455772], [-89.165683, 48.455644], [-89.165642, 48.455475], [-89.165686, 48.455356], [-89.165814, 48.455289], [-89.166026, 48.455274], [-89.166323, 48.455309], [-89.166545, 48.45535], [-89.166694, 48.455394], [-89.166768, 48.455443], [-89.166768, 48.455497], [-89.166744, 48.455537], [-89.166697, 48.455564], [-89.166626, 48.455577], [-89.166532, 48.455577], [-89.166474, 48.455597], [-89.166454, 48.455638], [-89.166471, 48.455698], [-89.166525, 48.455778], [-89.166512, 48.455839], [-89.166431, 48.455879], [-89.166282, 48.455899], [-89.166067, 48.455899]]]}}, {"type": "Feature", "properties": {"lead": 120, "temp": "sp:steelhead:s1"}, "geometry": {"type": "Polygon", "coordinates": [[[-89.165042, 48.455832], [-89.165052, 48.455812], [-89.165073, 48.455798], [-89.165103, 48.455792], [-89.165143, 48.455792], [-89.165164, 48.455798], [-89.165164, 48.455812], [-89.165143, 48.455832], [-89.165103, 48.455859], [-89.165073, 48.455872], [-89.165052, 48.455872], [-89.165042, 48.455859], [-89.165042, 48.455832]]]}}, {"type": "Feature", "properties": {"lead": 120, "temp": "sp:steelhead:s1"}, "geometry": {"type": "Polygon", "coordinates": [[[-89.16488, 48.456189], [-89.164891, 48.456169], [-89.164911, 48.456156], [-89.164941, 48.456149], [-89.164982, 48.456149], [-89.165002, 48.456156], [-89.165002, 48.456169], [-89.164982, 48.456189], [-89.164941, 48.456216], [-89.164911, 48.456229], [-89.164891, 48.456229], [-89.16488, 48.456216], [-89.16488, 48.456189]]]}}, {"type": "Feature", "properties": {"lead": 120, "temp": "sp:steelhead:s1"}, "geometry": {"type": "Polygon", "coordinates": [[[-89.165265, 48.456381], [-89.165258, 48.456345], [-89.165285, 48.45631], [-89.165346, 48.456274], [-89.16544, 48.456238], [-89.165497, 48.456218], [-89.165517, 48.456214], [-89.165501, 48.456225], [-89.165447, 48.456252], [-89.165406, 48.456283], [-89.165379, 48.456319], [-89.165366, 48.456359], [-89.165366, 48.456403], [-89.165356, 48.456428], [-89.165335, 48.456432], [-89.165305, 48.456417], [-89.165265, 48.456381]]]}}, {"type": "Feature", "properties": {"lead": 120, "temp": "sp:steelhead:s1"}, "geometry": {"type": "Polygon", "coordinates": [[[-89.165581, 48.456511], [-89.165592, 48.45649], [-89.165612, 48.456477], [-89.165642, 48.45647], [-89.165683, 48.45647], [-89.165703, 48.456477], [-89.165703, 48.45649], [-89.165683, 48.456511], [-89.165642, 48.456537], [-89.165612, 48.456551], [-89.165592, 48.456551], [-89.165581, 48.456537], [-89.165581, 48.456511]]]}}, {"type": "Feature", "properties": {"lead": 120, "temp": "sp:steelhead:s1"}, "geometry": {"type": "Polygon", "coordinates": [[[-89.166208, 48.457187], [-89.16606, 48.457049], [-89.165945, 48.456912], [-89.165865, 48.456778], [-89.165868, 48.4567], [-89.165956, 48.456678], [-89.166127, 48.456711], [-89.166384, 48.456801], [-89.166586, 48.456915], [-89.166734, 48.457053], [-89.166828, 48.457216], [-89.166869, 48.457403], [-89.166845, 48.457508], [-89.166758, 48.457531], [-89.166606, 48.45747], [-89.16639, 48.457328], [-89.166208, 48.457187]]]}}, {"type": "Feature", "properties": {"lead": 120, "temp": "sp:steelhead:s1"}, "geometry": {"type": "Polygon", "coordinates": [[[-89.156978, 48.47089], [-89.157106, 48.47089], [-89.15717, 48.470921], [-89.15717, 48.470983], [-89.157106, 48.47103], [-89.156978, 48.471062], [-89.156786, 48.471077], [-89.156529, 48.471077], [-89.156401, 48.471062], [-89.156401, 48.47103], [-89.156529, 48.470983], [-89.156786, 48.470921], [-89.156978, 48.47089]]]}}, {"type": "Feature", "properties": {"lead": 120, "temp": "sp:steelhead:s1"}, "geometry": {"type": "Polygon", "coordinates": [[[-89.155748, 48.472434], [-89.155677, 48.472425], [-89.15563, 48.472407], [-89.155606, 48.47238], [-89.155606, 48.472345], [-89.155623, 48.472311], [-89.155657, 48.47228], [-89.155707, 48.472251], [-89.155775, 48.472224], [-89.155832, 48.47222], [-89.155879, 48.472238], [-89.155916, 48.472278], [-89.155943, 48.47234], [-89.15594, 48.472387], [-89.155906, 48.472418], [-89.155842, 48.472434], [-89.155748, 48.472434]]]}}, {"type": "Feature", "properties": {"lead": 120, "temp": "sp:steelhead:s1"}, "geometry": {"type": "Polygon", "coordinates": [[[-89.155714, 48.471077], [-89.155778, 48.471084], [-89.155798, 48.471097], [-89.155775, 48.471117], [-89.155707, 48.471144], [-89.155647, 48.471157], [-89.155593, 48.471157], [-89.155545, 48.471144], [-89.155505, 48.471117], [-89.155502, 48.471097], [-89.155535, 48.471084], [-89.155606, 48.471077], [-89.155714, 48.471077]]]}}, {"type": "Feature", "properties": {"lead": 120, "temp": "sp:steelhead:s1"}, "geometry": {"type": "Polygon", "coordinates": [[[-89.155067, 48.471332], [-89.15508, 48.471311], [-89.155107, 48.471298], [-89.155148, 48.471291], [-89.155202, 48.471291], [-89.155229, 48.471298], [-89.155229, 48.471311], [-89.155202, 48.471332], [-89.155148, 48.471358], [-89.155107, 48.471372], [-89.15508, 48.471372], [-89.155067, 48.471358], [-89.155067, 48.471332]]]}}, {"type": "Feature", "properties": {"lead": 120, "temp": "sp:steelhead:s1"}, "geometry": {"type": "Polygon", "coordinates": [[[-89.155299, 48.471776], [-89.155333, 48.471762], [-89.155384, 48.471756], [-89.155451, 48.471756], [-89.155485, 48.471762], [-89.155485, 48.471776], [-89.155451, 48.471796], [-89.155384, 48.471823], [-89.155333, 48.471836], [-89.155299, 48.471836], [-89.155283, 48.471823], [-89.155283, 48.471796], [-89.155299, 48.471776]]]}}, {"type": "Feature", "properties": {"lead": 120, "temp": "sp:steelhead:s1"}, "geometry": {"type": "Polygon", "coordinates": [[[-89.155515, 48.472175], [-89.155468, 48.472157], [-89.155444, 48.472131], [-89.155444, 48.472095], [-89.155465, 48.472066], [-89.155505, 48.472043], [-89.155566, 48.472028], [-89.155647, 48.472019], [-89.155711, 48.472023], [-89.155758, 48.472041], [-89.155788, 48.472073], [-89.155802, 48.472117], [-89.155788, 48.472151], [-89.155748, 48.472173], [-89.15568, 48.472184], [-89.155586, 48.472184], [-89.155515, 48.472175]]]}}, {"type": "Feature", "properties": {"lead": 120, "temp": "sp:steelhead:s1"}, "geometry": {"type": "Polygon", "coordinates": [[[-89.154582, 48.472117], [-89.154602, 48.472097], [-89.154642, 48.472084], [-89.154703, 48.472077], [-89.154784, 48.472077], [-89.154824, 48.472084], [-89.154824, 48.472097], [-89.154784, 48.472117], [-89.154703, 48.472144], [-89.154642, 48.472157], [-89.154602, 48.472157], [-89.154582, 48.472144], [-89.154582, 48.472117]]]}}, {"type": "Feature", "properties": {"lead": 120, "temp": "sp:steelhead:s1"}, "geometry": {"type": "Polygon", "coordinates": [[[-89.155067, 48.472581], [-89.15508, 48.472561], [-89.155107, 48.472548], [-89.155148, 48.472541], [-89.155202, 48.472541], [-89.155229, 48.472548], [-89.155229, 48.472561], [-89.155202, 48.472581], [-89.155148, 48.472608], [-89.155107, 48.472622], [-89.15508, 48.472622], [-89.155067, 48.472608], [-89.155067, 48.472581]]]}}, {"type": "Feature", "properties": {"lead": 120, "temp": "sp:steelhead:s1"}, "geometry": {"type": "Polygon", "coordinates": [[[-89.153618, 48.472903], [-89.153651, 48.472746], [-89.153759, 48.472604], [-89.153941, 48.472474], [-89.154197, 48.472358], [-89.154393, 48.472287], [-89.154528, 48.47226], [-89.154602, 48.472278], [-89.154615, 48.47234], [-89.154588, 48.472401], [-89.154521, 48.472459], [-89.154413, 48.472514], [-89.154265, 48.472568], [-89.154133, 48.472651], [-89.154019, 48.472762], [-89.153921, 48.472903], [-89.15384, 48.473072], [-89.153769, 48.473157], [-89.153709, 48.473157], [-89.153658, 48.473072], [-89.153618, 48.472903]]]}}, {"type": "Feature", "properties": {"lead": 120, "temp": "sp:steelhead:s1"}, "geometry": {"type": "Polygon", "coordinates": [[[-89.132649, 48.481612], [-89.132784, 48.481599], [-89.132986, 48.481583], [-89.133256, 48.481565], [-89.133391, 48.481559], [-89.133391, 48.481563], [-89.133256, 48.481579], [-89.132986, 48.481606], [-89.132784, 48.481623], [-89.132649, 48.481632], [-89.132582, 48.481632], [-89.132582, 48.481623], [-89.132649, 48.481612]]]}}, {"type": "Feature", "properties": {"lead": 120, "temp": "sp:steelhead:s1"}, "geometry": {"type": "Polygon", "coordinates": [[[-89.129815, 48.4824], [-89.129835, 48.482373], [-89.129852, 48.48236], [-89.129866, 48.48236], [-89.129866, 48.482373], [-89.129852, 48.4824], [-89.129825, 48.48244], [-89.129785, 48.482494], [-89.129761, 48.48252], [-89.129754, 48.48252], [-89.129765, 48.482494], [-89.129792, 48.48244], [-89.129815, 48.4824]]]}}, {"type": "Feature", "properties": {"lead": 120, "temp": "sp:steelhead:s2"}, "geometry": {"type": "Polygon", "coordinates": [[[-89.167084, 48.456216], [-89.166613, 48.456189], [-89.166259, 48.456156], [-89.166023, 48.456115], [-89.165905, 48.456068], [-89.165905, 48.456015], [-89.165949, 48.455972], [-89.166036, 48.455941], [-89.166168, 48.455921], [-89.166343, 48.455912], [-89.166461, 48.455885], [-89.166522, 48.455841], [-89.166525, 48.455778], [-89.166471, 48.455698], [-89.166478, 48.455624], [-89.166545, 48.455557], [-89.166673, 48.455497], [-89.166862, 48.455443], [-89.167027, 48.455365], [-89.167169, 48.455263], [-89.167287, 48.455135], [-89.167381, 48.454984], [-89.167512, 48.454863], [-89.167681, 48.454774], [-89.167887, 48.454716], [-89.168129, 48.454689], [-89.168395, 48.454729], [-89.168685, 48.454836], [-89.168999, 48.45501], [-89.169336, 48.455251], [-89.169551, 48.455437], [-89.169646, 48.455566], [-89.169619, 48.45564], [-89.16947, 48.455658], [-89.169353, 48.45564], [-89.169265, 48.455586], [-89.169208, 48.455497], [-89.169181, 48.455372], [-89.169117, 48.455278], [-89.169016, 48.455216], [-89.168877, 48.455184], [-89.168702, 48.455184], [-89.168561, 48.455196], [-89.168453, 48.455218], [-89.168379, 48.455251], [-89.168338, 48.455296], [-89.168335, 48.455354], [-89.168368, 48.455426], [-89.168439, 48.45551], [-89.168547, 48.455609], [-89.168621, 48.455685], [-89.168662, 48.455738], [-89.168668, 48.455769], [-89.168641, 48.455778], [-89.168604, 48.455774], [-89.168557, 48.455756], [-89.1685, 48.455725], [-89.168432, 48.45568], [-89.168368, 48.455626], [-89.168308, 48.455564], [-89.168251, 48.455493], [-89.168197, 48.455412], [-89.16816, 48.455383], [-89.168139, 48.455405], [-89.168136, 48.455479], [-89.168149, 48.455604], [-89.168136, 48.455727], [-89.168095, 48.455847], [-89.168028, 48.455966], [-89.167934, 48.456082], [-89.167745, 48.456162], [-89.167462, 48.456207], [-89.167084, 48.456216]], [[-89.166869, 48.456006], [-89.166828, 48.456006], [-89.166798, 48.45601], [-89.166778, 48.456019], [-89.166768, 48.456033], [-89.166768, 48.456051], [-89.166778, 48.45606], [-89.166798, 48.45606], [-89.166828, 48.456051], [-89.166869, 48.456033], [-89.166889, 48.456019], [-89.166889, 48.45601], [-89.166869, 48.456006]], [[-89.166464, 48.456006], [-89.16637, 48.456006], [-89.166299, 48.45601], [-89.166252, 48.456019], [-89.166228, 48.456033], [-89.166228, 48.456051], [-89.166252, 48.45606], [-89.166299, 48.45606], [-89.16637, 48.456051], [-89.166464, 48.456033], [-89.166512, 48.456019], [-89.166512, 48.45601], [-89.166464, 48.456006]], [[-89.167988, 48.455542], [-89.167974, 48.455542], [-89.167964, 48.455544], [-89.167957, 48.455548], [-89.167954, 48.455555], [-89.167954, 48.455564], [-89.167957, 48.455568], [-89.167964, 48.455568], [-89.167974, 48.455564], [-89.167988, 48.455555], [-89.167994, 48.455548], [-89.167994, 48.455544], [-89.167988, 48.455542]], [[-89.167934, 48.45547], [-89.16792, 48.45547], [-89.16791, 48.455472], [-89.167903, 48.455477], [-89.1679, 48.455484], [-89.1679, 48.455493], [-89.167903, 48.455497], [-89.16791, 48.455497], [-89.16792, 48.455493], [-89.167934, 48.455484], [-89.16794, 48.455477], [-89.16794, 48.455472], [-89.167934, 48.45547]]]}}, {"type": "Feature", "properties": {"lead": 120, "temp": "sp:steelhead:s2"}, "geometry": {"type": "Polygon", "coordinates": [[[-89.165137, 48.45618], [-89.165056, 48.456082], [-89.165015, 48.456006], [-89.165015, 48.455952], [-89.165056, 48.455921], [-89.165137, 48.455912], [-89.165197, 48.455863], [-89.165238, 48.455774], [-89.165258, 48.455644], [-89.165258, 48.455475], [-89.165275, 48.455347], [-89.165308, 48.455263], [-89.165359, 48.45522], [-89.165426, 48.45522], [-89.165474, 48.455254], [-89.165501, 48.455321], [-89.165507, 48.455421], [-89.165494, 48.455555], [-89.165501, 48.455651], [-89.165528, 48.455709], [-89.165575, 48.455729], [-89.165642, 48.455711], [-89.165693, 48.45572], [-89.165726, 48.455756], [-89.165743, 48.455818], [-89.165743, 48.455908], [-89.165726, 48.455966], [-89.165693, 48.455993], [-89.165642, 48.455988], [-89.165575, 48.455952], [-89.165511, 48.455952], [-89.16545, 48.455988], [-89.165393, 48.45606], [-89.165339, 48.456167], [-89.165278, 48.456223], [-89.165211, 48.456227], [-89.165137, 48.45618]], [[-89.165399, 48.455899], [-89.165386, 48.455899], [-89.165376, 48.455901], [-89.165369, 48.455906], [-89.165366, 48.455912], [-89.165366, 48.455921], [-89.165369, 48.455926], [-89.165376, 48.455926], [-89.165386, 48.455921], [-89.165399, 48.455912], [-89.165406, 48.455906], [-89.165406, 48.455901], [-89.165399, 48.455899]], [[-89.165453, 48.455756], [-89.16544, 48.455756], [-89.16543, 48.455758], [-89.165423, 48.455763], [-89.16542, 48.455769], [-89.16542, 48.455778], [-89.165423, 48.455783], [-89.16543, 48.455783], [-89.16544, 48.455778], [-89.165453, 48.455769], [-89.16546, 48.455763], [-89.16546, 48.455758], [-89.165453, 48.455756]], [[-89.165379, 48.455685], [-89.165352, 48.455685], [-89.165335, 48.455689], [-89.165329, 48.455698], [-89.165332, 48.455711], [-89.165346, 48.455729], [-89.165359, 48.455738], [-89.165372, 48.455738], [-89.165386, 48.455729], [-89.165399, 48.455711], [-89.165403, 48.455698], [-89.165396, 48.455689], [-89.165379, 48.455685]]]}}, {"type": "Feature", "properties": {"lead": 120, "temp": "sp:steelhead:s2"}, "geometry": {"type": "Polygon", "coordinates": [[[-89.169484, 48.455868], [-89.16939, 48.455823], [-89.169359, 48.455781], [-89.169393, 48.45574], [-89.169491, 48.455702], [-89.169652, 48.455667], [-89.169781, 48.455651], [-89.169875, 48.455655], [-89.169936, 48.45568], [-89.169962, 48.455725], [-89.169959, 48.455767], [-89.169925, 48.455807], [-89.169861, 48.455845], [-89.169767, 48.455881], [-89.169673, 48.455897], [-89.169578, 48.455892], [-89.169484, 48.455868]]]}}, {"type": "Feature", "properties": {"lead": 120, "temp": "sp:steelhead:s2"}, "geometry": {"type": "Polygon", "coordinates": [[[-89.157655, 48.473046], [-89.15747, 48.472974], [-89.157315, 48.472858], [-89.15719, 48.472697], [-89.157096, 48.472492], [-89.157059, 48.472325], [-89.157079, 48.472195], [-89.157156, 48.472104], [-89.157291, 48.47205], [-89.157348, 48.472017], [-89.157328, 48.472003], [-89.15723, 48.47201], [-89.157055, 48.472037], [-89.156904, 48.472021], [-89.156775, 48.471963], [-89.156671, 48.471863], [-89.15659, 48.47172], [-89.156486, 48.47159], [-89.156358, 48.471474], [-89.156206, 48.471372], [-89.156031, 48.471282], [-89.155963, 48.471218], [-89.156004, 48.471178], [-89.156152, 48.471162], [-89.156408, 48.471171], [-89.156627, 48.471162], [-89.156809, 48.471135], [-89.156954, 48.471091], [-89.157062, 48.471028], [-89.15717, 48.471003], [-89.157278, 48.471017], [-89.157385, 48.471068], [-89.157493, 48.471157], [-89.157645, 48.471189], [-89.15784, 48.471162], [-89.15808, 48.471077], [-89.158363, 48.470934], [-89.158646, 48.470812], [-89.158929, 48.470709], [-89.159212, 48.470626], [-89.159495, 48.470564], [-89.159967, 48.470309], [-89.160627, 48.469863], [-89.161477, 48.469225], [-89.162515, 48.468394], [-89.163327, 48.467754], [-89.163913, 48.467303], [-89.164274, 48.467042], [-89.164409, 48.466971], [-89.164557, 48.466915], [-89.164719, 48.466875], [-89.164894, 48.46685], [-89.165083, 48.466841], [-89.165339, 48.466694], [-89.165662, 48.466408], [-89.166053, 48.465984], [-89.166512, 48.465422], [-89.166929, 48.464801], [-89.167307, 48.464122], [-89.167644, 48.463386], [-89.16794, 48.462591], [-89.168146, 48.461971], [-89.168261, 48.461524], [-89.168284, 48.461252], [-89.168217, 48.461154], [-89.16816, 48.460957], [-89.168112, 48.460663], [-89.168075, 48.46027], [-89.168048, 48.459779], [-89.167961, 48.45933], [-89.167812, 48.458924], [-89.167603, 48.45856], [-89.167334, 48.458238], [-89.167132, 48.457959], [-89.166997, 48.457723], [-89.166929, 48.457528], [-89.166929, 48.457377], [-89.166896, 48.457243], [-89.166828, 48.457127], [-89.166727, 48.457028], [-89.166592, 48.456948], [-89.166505, 48.456879], [-89.166464, 48.456821], [-89.166471, 48.456774], [-89.166525, 48.456738], [-89.166532, 48.456714], [-89.166491, 48.4567], [-89.166404, 48.456698], [-89.166269, 48.456707], [-89.166178, 48.456696], [-89.166131, 48.456665], [-89.166127, 48.456613], [-89.166168, 48.456542], [-89.166144, 48.456488], [-89.166057, 48.456452], [-89.165905, 48.456435], [-89.165689, 48.456435], [-89.165548, 48.456421], [-89.16548, 48.456394], [-89.165487, 48.456354], [-89.165568, 48.456301], [-89.165703, 48.456283], [-89.165891, 48.456301], [-89.166134, 48.456354], [-89.166431, 48.456444], [-89.16669, 48.456537], [-89.166913, 48.456636], [-89.167098, 48.456738], [-89.167246, 48.456845], [-89.167452, 48.457042], [-89.167715, 48.457328], [-89.168035, 48.457703], [-89.168412, 48.458167], [-89.168719, 48.458685], [-89.168955, 48.459256], [-89.16912, 48.459881], [-89.169214, 48.46056], [-89.169211, 48.461268], [-89.16911, 48.462004], [-89.168911, 48.46277], [-89.168614, 48.463564], [-89.168251, 48.464337], [-89.167819, 48.465087], [-89.16732, 48.465814], [-89.166754, 48.46652], [-89.166262, 48.467051], [-89.165844, 48.467408], [-89.165501, 48.467591], [-89.165231, 48.4676], [-89.164904, 48.467707], [-89.16452, 48.467912], [-89.164078, 48.468216], [-89.16358, 48.468618], [-89.163206, 48.468935], [-89.162956, 48.469167], [-89.162831, 48.469314], [-89.162831, 48.469377], [-89.162808, 48.469428], [-89.162761, 48.469468], [-89.16269, 48.469497], [-89.162596, 48.469515], [-89.162387, 48.469631], [-89.162063, 48.469845], [-89.161625, 48.470158], [-89.161072, 48.470568], [-89.160594, 48.470885], [-89.160189, 48.471108], [-89.159859, 48.471238], [-89.159603, 48.471274], [-89.159357, 48.471334], [-89.159121, 48.471419], [-89.158895, 48.471528], [-89.15868, 48.471662], [-89.158471, 48.471771], [-89.158268, 48.471856], [-89.158073, 48.471916], [-89.157884, 48.471952], [-89.157736, 48.47199], [-89.157628, 48.47203], [-89.157561, 48.472073], [-89.157534, 48.472117], [-89.157547, 48.472189], [-89.157601, 48.472287], [-89.157696, 48.472412], [-89.15783, 48.472563], [-89.157965, 48.47268], [-89.1581, 48.47276], [-89.158235, 48.472805], [-89.15837, 48.472813], [-89.158447, 48.472838], [-89.158467, 48.472878], [-89.15843, 48.472934], [-89.158336, 48.473005], [-89.158211, 48.473052], [-89.158056, 48.473075], [-89.157871, 48.473072], [-89.157655, 48.473046]], [[-89.157621, 48.472755], [-89.157611, 48.472758], [-89.157605, 48.472762], [-89.157601, 48.472769], [-89.157601, 48.472778], [-89.157605, 48.472782], [-89.157611, 48.472782], [-89.157621, 48.472778], [-89.157635, 48.472769], [-89.157642, 48.472762], [-89.157642, 48.472758], [-89.157635, 48.472755], [-89.157621, 48.472755]], [[-89.157534, 48.472577], [-89.157514, 48.472581], [-89.1575, 48.47259], [-89.157493, 48.472604], [-89.157493, 48.472622], [-89.1575, 48.47263], [-89.157514, 48.47263], [-89.157534, 48.472622], [-89.157561, 48.472604], [-89.157574, 48.47259], [-89.157574, 48.472581], [-89.157561, 48.472577], [-89.157534, 48.472577]], [[-89.157156, 48.472434], [-89.157136, 48.472439], [-89.157123, 48.472447], [-89.157116, 48.472461], [-89.157116, 48.472479], [-89.157123, 48.472488], [-89.157136, 48.472488], [-89.157156, 48.472479], [-89.157183, 48.472461], [-89.157197, 48.472447], [-89.157197, 48.472439], [-89.157183, 48.472434], [-89.157156, 48.472434]], [[-89.156435, 48.471399], [-89.156425, 48.471401], [-89.156418, 48.471405], [-89.156415, 48.471412], [-89.156415, 48.471421], [-89.156418, 48.471425], [-89.156425, 48.471425], [-89.156435, 48.471421], [-89.156449, 48.471412], [-89.156455, 48.471405], [-89.156455, 48.471401], [-89.156449, 48.471399], [-89.156435, 48.471399]], [[-89.156327, 48.471363], [-89.156317, 48.471365], [-89.15631, 48.47137], [-89.156307, 48.471376], [-89.156307, 48.471385], [-89.15631, 48.47139], [-89.156317, 48.47139], [-89.156327, 48.471385], [-89.156341, 48.471376], [-89.156347, 48.47137], [-89.156347, 48.471365], [-89.156341, 48.471363], [-89.156327, 48.471363]], [[-89.156294, 48.471256], [-89.156273, 48.471258], [-89.15626, 48.471262], [-89.156253, 48.471269], [-89.156253, 48.471278], [-89.15626, 48.471282], [-89.156273, 48.471282], [-89.156294, 48.471278], [-89.156321, 48.471269], [-89.156334, 48.471262], [-89.156334, 48.471258], [-89.156321, 48.471256], [-89.156294, 48.471256]]]}}, {"type": "Feature", "properties": {"lead": 120, "temp": "sp:steelhead:s2"}, "geometry": {"type": "Polygon", "coordinates": [[[-89.165042, 48.467689], [-89.165052, 48.467669], [-89.165073, 48.467656], [-89.165103, 48.467649], [-89.165143, 48.467649], [-89.165164, 48.467656], [-89.165164, 48.467669], [-89.165143, 48.467689], [-89.165103, 48.467716], [-89.165073, 48.467729], [-89.165052, 48.467729], [-89.165042, 48.467716], [-89.165042, 48.467689]]]}}, {"type": "Feature", "properties": {"lead": 120, "temp": "sp:steelhead:s2"}, "geometry": {"type": "Polygon", "coordinates": [[[-89.162191, 48.470309], [-89.162124, 48.470274], [-89.162083, 48.470234], [-89.16207, 48.470189], [-89.162083, 48.47014], [-89.162124, 48.470086], [-89.162275, 48.469968], [-89.162538, 48.469785], [-89.162912, 48.469537], [-89.163398, 48.469225], [-89.163714, 48.469046], [-89.163863, 48.469002], [-89.163842, 48.469091], [-89.163654, 48.469314], [-89.163458, 48.469506], [-89.163256, 48.469667], [-89.163047, 48.469796], [-89.162831, 48.469894], [-89.162656, 48.469988], [-89.162521, 48.470077], [-89.162427, 48.470162], [-89.162373, 48.470242], [-89.162316, 48.470294], [-89.162255, 48.470316], [-89.162191, 48.470309]]]}}, {"type": "Feature", "properties": {"lead": 120, "temp": "sp:steelhead:s2"}, "geometry": {"type": "Polygon", "coordinates": [[[-89.155323, 48.47159], [-89.155235, 48.471521], [-89.155195, 48.471463], [-89.155202, 48.471416], [-89.155256, 48.471381], [-89.155313, 48.471352], [-89.155374, 48.471329], [-89.155438, 48.471314], [-89.155505, 48.471305], [-89.155559, 48.471329], [-89.155599, 48.471387], [-89.155626, 48.471479], [-89.15564, 48.471604], [-89.155616, 48.471677], [-89.155556, 48.4717], [-89.155458, 48.471671], [-89.155323, 48.47159]]]}}, {"type": "Feature", "properties": {"lead": 120, "temp": "sp:steelhead:s2"}, "geometry": {"type": "Polygon", "coordinates": [[[-89.155532, 48.471858], [-89.155552, 48.471834], [-89.155579, 48.471829], [-89.155613, 48.471845], [-89.155653, 48.471881], [-89.15567, 48.47191], [-89.155663, 48.471932], [-89.155633, 48.471948], [-89.155579, 48.471956], [-89.155542, 48.471952], [-89.155522, 48.471934], [-89.155518, 48.471903], [-89.155532, 48.471858]]]}}, {"type": "Feature", "properties": {"lead": 120, "temp": "sp:steelhead:s2"}, "geometry": {"type": "Polygon", "coordinates": [[[-89.156219, 48.472983], [-89.156233, 48.472921], [-89.156257, 48.472887], [-89.15629, 48.472883], [-89.156334, 48.472907], [-89.156388, 48.472961], [-89.156412, 48.473003], [-89.156405, 48.473034], [-89.156368, 48.473054], [-89.1563, 48.473063], [-89.156253, 48.473054], [-89.156226, 48.473028], [-89.156219, 48.472983]]]}}, {"type": "Feature", "properties": {"lead": 120, "temp": "sp:steelhead:s2"}, "geometry": {"type": "Polygon", "coordinates": [[[-89.155606, 48.47326], [-89.155616, 48.47324], [-89.155636, 48.473226], [-89.155667, 48.47322], [-89.155707, 48.47322], [-89.155727, 48.473226], [-89.155727, 48.47324], [-89.155707, 48.47326], [-89.155667, 48.473287], [-89.155636, 48.4733], [-89.155616, 48.4733], [-89.155606, 48.473287], [-89.155606, 48.47326]]]}}, {"type": "Feature", "properties": {"lead": 120, "temp": "sp:steelhead:s2"}, "geometry": {"type": "Polygon", "coordinates": [[[-89.127925, 48.485265], [-89.127827, 48.485222], [-89.127726, 48.485147], [-89.127621, 48.485037], [-89.127513, 48.484894], [-89.127588, 48.484738], [-89.127844, 48.484569], [-89.128282, 48.484386], [-89.128902, 48.484189], [-89.12936, 48.48396], [-89.129657, 48.483696], [-89.129792, 48.483399], [-89.129765, 48.483069], [-89.129771, 48.482793], [-89.129812, 48.482569], [-89.129886, 48.4824], [-89.129994, 48.482284], [-89.130216, 48.482168], [-89.130553, 48.482052], [-89.131005, 48.481936], [-89.131571, 48.48182], [-89.13239, 48.481706], [-89.133462, 48.481594], [-89.134786, 48.481485], [-89.136363, 48.481378], [-89.137684, 48.481262], [-89.138749, 48.481137], [-89.139558, 48.481003], [-89.140111, 48.48086], [-89.140542, 48.480744], [-89.140852, 48.480655], [-89.141041, 48.480593], [-89.141108, 48.480557], [-89.141145, 48.480479], [-89.141152, 48.480358], [-89.141128, 48.480195], [-89.141074, 48.47999], [-89.141078, 48.479791], [-89.141138, 48.4796], [-89.141256, 48.479414], [-89.141432, 48.479236], [-89.141721, 48.479066], [-89.142126, 48.478906], [-89.142645, 48.478754], [-89.143278, 48.478611], [-89.144094, 48.478395], [-89.145092, 48.478105], [-89.146271, 48.477741], [-89.147633, 48.477303], [-89.148697, 48.476893], [-89.149466, 48.476509], [-89.149938, 48.476152], [-89.150113, 48.475822], [-89.150356, 48.475503], [-89.150666, 48.475195], [-89.151043, 48.474898], [-89.151488, 48.474612], [-89.151902, 48.474387], [-89.152287, 48.474222], [-89.15264, 48.474117], [-89.152964, 48.474072], [-89.153244, 48.473954], [-89.15348, 48.473762], [-89.153672, 48.473496], [-89.15382, 48.473157], [-89.153948, 48.472909], [-89.154056, 48.472753], [-89.154143, 48.472688], [-89.154211, 48.472715], [-89.154258, 48.472722], [-89.154285, 48.472709], [-89.154292, 48.472675], [-89.154278, 48.472622], [-89.154305, 48.472561], [-89.154373, 48.472494], [-89.15448, 48.472421], [-89.154629, 48.47234], [-89.154753, 48.4723], [-89.154855, 48.4723], [-89.154932, 48.47234], [-89.154986, 48.472421], [-89.155003, 48.472479], [-89.154983, 48.472514], [-89.154925, 48.472528], [-89.154831, 48.472519], [-89.154747, 48.47253], [-89.154673, 48.472561], [-89.154609, 48.472613], [-89.154555, 48.472684], [-89.154534, 48.472789], [-89.154548, 48.472927], [-89.154595, 48.473099], [-89.154676, 48.473304], [-89.154706, 48.473505], [-89.154686, 48.473702], [-89.154615, 48.473894], [-89.154494, 48.474081], [-89.154369, 48.474242], [-89.154241, 48.474376], [-89.15411, 48.474483], [-89.153975, 48.474563], [-89.1538, 48.47463], [-89.153584, 48.474684], [-89.153328, 48.474724], [-89.153031, 48.474751], [-89.152721, 48.474829], [-89.152398, 48.474958], [-89.152061, 48.475139], [-89.15171, 48.475371], [-89.151431, 48.475599], [-89.151222, 48.475822], [-89.151083, 48.47604], [-89.151016, 48.476255], [-89.150922, 48.476455], [-89.1508, 48.476643], [-89.150652, 48.476817], [-89.150477, 48.476978], [-89.149995, 48.477212], [-89.149206, 48.47752], [-89.148111, 48.477901], [-89.146709, 48.478357], [-89.145513, 48.478727], [-89.144522, 48.479013], [-89.143737, 48.479214], [-89.143157, 48.47933], [-89.142702, 48.479439], [-89.142372, 48.479542], [-89.142166, 48.479638], [-89.142085, 48.479727], [-89.142035, 48.479852], [-89.142015, 48.480012], [-89.142025, 48.480209], [-89.142065, 48.480441], [-89.141994, 48.480662], [-89.141812, 48.480871], [-89.141519, 48.48107], [-89.141115, 48.481257], [-89.140717, 48.481418], [-89.140326, 48.481552], [-89.139942, 48.481659], [-89.139565, 48.481739], [-89.139133, 48.481804], [-89.138648, 48.481853], [-89.138109, 48.481887], [-89.137516, 48.481905], [-89.13698, 48.481936], [-89.136501, 48.48198], [-89.13608, 48.482038], [-89.135716, 48.48211], [-89.135312, 48.482163], [-89.134867, 48.482199], [-89.134382, 48.482217], [-89.133856, 48.482217], [-89.133323, 48.482253], [-89.132784, 48.482324], [-89.132238, 48.482431], [-89.131685, 48.482574], [-89.131257, 48.482715], [-89.130954, 48.482853], [-89.130776, 48.482989], [-89.130722, 48.483123], [-89.130701, 48.483272], [-89.130715, 48.483437], [-89.130762, 48.483618], [-89.130843, 48.483815], [-89.130728, 48.484035], [-89.130418, 48.484281], [-89.129913, 48.484551], [-89.129212, 48.484845], [-89.128663, 48.485064], [-89.128265, 48.485207], [-89.128019, 48.485274], [-89.127925, 48.485265]], [[-89.154312, 48.47313], [-89.154322, 48.473097], [-89.154342, 48.473066], [-89.154373, 48.473037], [-89.154413, 48.47301], [-89.154427, 48.472996], [-89.154413, 48.472996], [-89.154373, 48.47301], [-89.154305, 48.473037], [-89.154261, 48.473066], [-89.154241, 48.473097], [-89.154245, 48.47313], [-89.154272, 48.473166], [-89.154292, 48.473184], [-89.154305, 48.473184], [-89.154312, 48.473166], [-89.154312, 48.47313]], [[-89.154352, 48.472827], [-89.154332, 48.472829], [-89.154319, 48.472834], [-89.154312, 48.47284], [-89.154312, 48.472849], [-89.154319, 48.472854], [-89.154332, 48.472854], [-89.154352, 48.472849], [-89.154379, 48.47284], [-89.154393, 48.472834], [-89.154393, 48.472829], [-89.154379, 48.472827], [-89.154352, 48.472827]], [[-89.154278, 48.472791], [-89.154268, 48.472793], [-89.154261, 48.472798], [-89.154258, 48.472805], [-89.154258, 48.472813], [-89.154261, 48.472818], [-89.154268, 48.472818], [-89.154278, 48.472813], [-89.154292, 48.472805], [-89.154299, 48.472798], [-89.154299, 48.472793], [-89.154292, 48.472791], [-89.154278, 48.472791]], [[-89.154386, 48.472613], [-89.154376, 48.472615], [-89.154369, 48.472619], [-89.154366, 48.472626], [-89.154366, 48.472635], [-89.154369, 48.472639], [-89.154376, 48.472639], [-89.154386, 48.472635], [-89.1544, 48.472626], [-89.154406, 48.472619], [-89.154406, 48.472615], [-89.1544, 48.472613], [-89.154386, 48.472613]]]}}, {"type": "Feature", "properties": {"lead": 120, "temp": "sp:steelhead:s3"}, "geometry": {"type": "Polygon", "coordinates": [[[-89.168439, 48.455207], [-89.168439, 48.455198], [-89.168483, 48.455191], [-89.168571, 48.455187], [-89.168702, 48.455184], [-89.168877, 48.455184], [-89.168965, 48.455187], [-89.168965, 48.455191], [-89.168877, 48.455198], [-89.168702, 48.455207], [-89.168571, 48.455211], [-89.168483, 48.455211], [-89.168439, 48.455207]]]}}, {"type": "Feature", "properties": {"lead": 120, "temp": "sp:steelhead:s3"}, "geometry": {"type": "Polygon", "coordinates": [[[-89.165204, 48.455457], [-89.165207, 48.455356], [-89.165214, 48.455289], [-89.165224, 48.455256], [-89.165238, 48.455256], [-89.165244, 48.455289], [-89.165244, 48.455356], [-89.165238, 48.455457], [-89.165224, 48.455591], [-89.165214, 48.455658], [-89.165207, 48.455658], [-89.165204, 48.455591], [-89.165204, 48.455457]]]}}, {"type": "Feature", "properties": {"lead": 120, "temp": "sp:steelhead:s3"}, "geometry": {"type": "Polygon", "coordinates": [[[-89.165541, 48.455394], [-89.165561, 48.455338], [-89.165575, 48.455343], [-89.165581, 48.455408], [-89.165581, 48.455533], [-89.165575, 48.455624], [-89.165561, 48.455682], [-89.165541, 48.455707], [-89.165514, 48.455698], [-89.165501, 48.455662], [-89.165501, 48.4556], [-89.165514, 48.45551], [-89.165541, 48.455394]]]}}, {"type": "Feature", "properties": {"lead": 120, "temp": "sp:steelhead:s3"}, "geometry": {"type": "Polygon", "coordinates": [[[-89.166228, 48.456051], [-89.166228, 48.456033], [-89.166252, 48.456019], [-89.166299, 48.45601], [-89.16637, 48.456006], [-89.166464, 48.456006], [-89.166512, 48.45601], [-89.166512, 48.456019], [-89.166464, 48.456033], [-89.16637, 48.456051], [-89.166299, 48.45606], [-89.166252, 48.45606], [-89.166228, 48.456051]]]}}, {"type": "Feature", "properties": {"lead": 120, "temp": "sp:steelhead:s3"}, "geometry": {"type": "Polygon", "coordinates": [[[-89.165042, 48.456229], [-89.165046, 48.4562], [-89.165052, 48.456196], [-89.165062, 48.456216], [-89.165076, 48.45626], [-89.165083, 48.456296], [-89.165083, 48.456323], [-89.165076, 48.456341], [-89.165062, 48.45635], [-89.165052, 48.456343], [-89.165046, 48.456321], [-89.165042, 48.456283], [-89.165042, 48.456229]]]}}, {"type": "Feature", "properties": {"lead": 120, "temp": "sp:steelhead:s3"}, "geometry": {"type": "Polygon", "coordinates": [[[-89.165743, 48.456555], [-89.165774, 48.456542], [-89.165834, 48.456524], [-89.165925, 48.456502], [-89.166046, 48.456475], [-89.166107, 48.456464], [-89.166107, 48.456468], [-89.166046, 48.456488], [-89.165925, 48.456524], [-89.165834, 48.456548], [-89.165774, 48.456562], [-89.165743, 48.456564], [-89.165743, 48.456555]]]}}, {"type": "Feature", "properties": {"lead": 120, "temp": "sp:steelhead:s3"}, "geometry": {"type": "Polygon", "coordinates": [[[-89.16637, 48.456729], [-89.166357, 48.456711], [-89.166363, 48.456698], [-89.16639, 48.456689], [-89.166437, 48.456685], [-89.166505, 48.456685], [-89.166542, 48.456689], [-89.166549, 48.456698], [-89.166525, 48.456711], [-89.166471, 48.456729], [-89.166427, 48.456738], [-89.166394, 48.456738], [-89.16637, 48.456729]]]}}, {"type": "Feature", "properties": {"lead": 120, "temp": "sp:steelhead:s3"}, "geometry": {"type": "Polygon", "coordinates": [[[-89.164941, 48.455993], [-89.164931, 48.455946], [-89.164951, 48.455914], [-89.165002, 48.455899], [-89.165083, 48.455899], [-89.165126, 48.455901], [-89.165133, 48.455906], [-89.165103, 48.455912], [-89.165035, 48.455921], [-89.164992, 48.455941], [-89.164971, 48.455972], [-89.164975, 48.456015], [-89.165002, 48.456068], [-89.165012, 48.456093], [-89.165005, 48.456089], [-89.164982, 48.456055], [-89.164941, 48.455993]]]}}, {"type": "Feature", "properties": {"lead": 120, "temp": "sp:steelhead:s3"}, "geometry": {"type": "Polygon", "coordinates": [[[-89.155067, 48.471439], [-89.15508, 48.471419], [-89.155107, 48.471405], [-89.155148, 48.471399], [-89.155202, 48.471399], [-89.155229, 48.471405], [-89.155229, 48.471419], [-89.155202, 48.471439], [-89.155148, 48.471465], [-89.155107, 48.471479], [-89.15508, 48.471479], [-89.155067, 48.471465], [-89.155067, 48.471439]]]}}, {"type": "Feature", "properties": {"lead": 120, "temp": "sp:steelhead:s3"}, "geometry": {"type": "Polygon", "coordinates": [[[-89.155444, 48.471894], [-89.155448, 48.471869], [-89.155454, 48.471865], [-89.155465, 48.471881], [-89.155478, 48.471916], [-89.155485, 48.471945], [-89.155485, 48.471968], [-89.155478, 48.471983], [-89.155465, 48.471992], [-89.155454, 48.471988], [-89.155448, 48.47197], [-89.155444, 48.471939], [-89.155444, 48.471894]]]}}, {"type": "Feature", "properties": {"lead": 120, "temp": "sp:steelhead:s3"}, "geometry": {"type": "Polygon", "coordinates": [[[-89.154932, 48.472505], [-89.154892, 48.472488], [-89.154865, 48.472452], [-89.154851, 48.472398], [-89.154851, 48.472327], [-89.154834, 48.47228], [-89.154801, 48.472258], [-89.15475, 48.47226], [-89.154683, 48.472287], [-89.154632, 48.472298], [-89.154598, 48.472293], [-89.154582, 48.472273], [-89.154582, 48.472238], [-89.154602, 48.472211], [-89.154642, 48.472193], [-89.154703, 48.472184], [-89.154784, 48.472184], [-89.154855, 48.472204], [-89.154915, 48.472244], [-89.154966, 48.472305], [-89.155006, 48.472385], [-89.155023, 48.472445], [-89.155016, 48.472485], [-89.154986, 48.472505], [-89.154932, 48.472505]]]}}, {"type": "Feature", "properties": {"lead": 120, "temp": "sp:steelhead:s3"}, "geometry": {"type": "Polygon", "coordinates": [[[-89.156246, 48.473112], [-89.156196, 48.473097], [-89.156162, 48.473066], [-89.156145, 48.473019], [-89.156145, 48.472956], [-89.156149, 48.472923], [-89.156155, 48.472918], [-89.156166, 48.472943], [-89.156179, 48.472996], [-89.156203, 48.473039], [-89.156236, 48.47307], [-89.15628, 48.47309], [-89.156334, 48.473099], [-89.156358, 48.473106], [-89.156351, 48.47311], [-89.156314, 48.473112], [-89.156246, 48.473112]]]}}, {"type": "Feature", "properties": {"lead": 120, "temp": "sp:steelhead:s3"}, "geometry": {"type": "Polygon", "coordinates": [[[-89.154245, 48.47313], [-89.154241, 48.473097], [-89.154261, 48.473066], [-89.154305, 48.473037], [-89.154373, 48.47301], [-89.154413, 48.472996], [-89.154427, 48.472996], [-89.154413, 48.47301], [-89.154373, 48.473037], [-89.154342, 48.473066], [-89.154322, 48.473097], [-89.154312, 48.47313], [-89.154312, 48.473166], [-89.154305, 48.473184], [-89.154292, 48.473184], [-89.154272, 48.473166], [-89.154245, 48.47313]]]}}]}