{"type": "FeatureCollection", "features": [{"type": "Feature", "properties": {"lead": 0, "temp": "sp:lake_trout:s1"}, "geometry": {"type": "Polygon", "coordinates": [[[-89.222418, 48.352019], [-89.222391, 48.351921], [-89.222387, 48.35184], [-89.222407, 48.351777], [-89.222451, 48.351733], [-89.222519, 48.351706], [-89.222573, 48.351697], [-89.222613, 48.351706], [-89.22264, 48.351733], [-89.222654, 48.351777], [-89.22265, 48.351831], [-89.22263, 48.351894], [-89.222593, 48.351965], [-89.222539, 48.352046], [-89.222492, 48.352082], [-89.222451, 48.352073], [-89.222418, 48.352019]]]}}, {"type": "Feature", "properties": {"lead": 0, "temp": "sp:lake_trout:s1"}, "geometry": {"type": "Polygon", "coordinates": [[[-89.223914, 48.352041], [-89.223927, 48.352017], [-89.223954, 48.352003], [-89.223995, 48.352001], [-89.224049, 48.35201], [-89.224076, 48.352024], [-89.224076, 48.352041], [-89.224049, 48.352064], [-89.223995, 48.352091], [-89.223954, 48.352102], [-89.223927, 48.352097], [-89.223914, 48.352077], [-89.223914, 48.352041]]]}}, {"type": "Feature", "properties": {"lead": 0, "temp": "sp:lake_trout:s1"}, "geometry": {"type": "Polygon", "coordinates": [[[-89.231584, 48.354596], [-89.231406, 48.354489], [-89.231129, 48.35439], [-89.230755, 48.354301], [-89.230283, 48.35422], [-89.229906, 48.354144], [-89.229623, 48.354073], [-89.229434, 48.354005], [-89.22934, 48.353943], [-89.229292, 48.353889], [-89.229292, 48.353844], [-89.22934, 48.353809], [-89.229434, 48.353782], [-89.229491, 48.353748], [-89.229512, 48.353708], [-89.229495, 48.353661], [-89.229441, 48.353607], [-89.229164, 48.353525], [-89.228666, 48.353413], [-89.227944, 48.353272], [-89.227001, 48.353102], [-89.226253, 48.352952], [-89.2257, 48.352822], [-89.225343, 48.352713], [-89.225181, 48.352623], [-89.224925, 48.352554], [-89.224574, 48.352504], [-89.22413, 48.352475], [-89.22359, 48.352466], [-89.223189, 48.352433], [-89.222926, 48.352375], [-89.222802, 48.352292], [-89.222815, 48.352185], [-89.222879, 48.3521], [-89.222994, 48.352037], [-89.223159, 48.351997], [-89.223375, 48.351979], [-89.223536, 48.351985], [-89.223644, 48.352017], [-89.223698, 48.352073], [-89.223698, 48.352153], [-89.223752, 48.352205], [-89.22386, 48.352227], [-89.224022, 48.35222], [-89.224237, 48.352185], [-89.224399, 48.352173], [-89.224507, 48.352187], [-89.224561, 48.352225], [-89.224561, 48.352287], [-89.224588, 48.352326], [-89.224642, 48.352339], [-89.224723, 48.352328], [-89.224831, 48.352292], [-89.224918, 48.352281], [-89.224986, 48.352294], [-89.225033, 48.352332], [-89.22506, 48.352395], [-89.22509, 48.352431], [-89.225124, 48.35244], [-89.225161, 48.352422], [-89.225201, 48.352377], [-89.225262, 48.35235], [-89.225343, 48.352341], [-89.225444, 48.35235], [-89.225565, 48.352377], [-89.22566, 48.352415], [-89.225727, 48.352464], [-89.225767, 48.352525], [-89.225781, 48.352596], [-89.225821, 48.35265], [-89.225889, 48.352686], [-89.225983, 48.352704], [-89.226104, 48.352704], [-89.226195, 48.352713], [-89.226256, 48.35273], [-89.226286, 48.352757], [-89.226286, 48.352793], [-89.22631, 48.352806], [-89.226357, 48.352798], [-89.226428, 48.352766], [-89.226522, 48.352713], [-89.227051, 48.352791], [-89.228015, 48.353001], [-89.229414, 48.353343], [-89.231247, 48.353818], [-89.232649, 48.354171], [-89.23362, 48.354404], [-89.234159, 48.354515], [-89.234267, 48.354507], [-89.234375, 48.354518], [-89.234482, 48.354549], [-89.23459, 48.3546], [-89.234698, 48.354672], [-89.234587, 48.354732], [-89.234257, 48.354782], [-89.233707, 48.35482], [-89.232939, 48.354847], [-89.232342, 48.354838], [-89.231918, 48.354793], [-89.231665, 48.354712], [-89.231584, 48.354596]]]}}, {"type": "Feature", "properties": {"lead": 0, "temp": "sp:lake_trout:s1"}, "geometry": {"type": "Polygon", "coordinates": [[[-89.228497, 48.35414], [-89.228511, 48.35412], [-89.228538, 48.354106], [-89.228578, 48.354099], [-89.228632, 48.354099], [-89.228659, 48.354106], [-89.228659, 48.35412], [-89.228632, 48.35414], [-89.228578, 48.354167], [-89.228538, 48.35418], [-89.228511, 48.35418], [-89.228497, 48.354167], [-89.228497, 48.35414]]]}}, {"type": "Feature", "properties": {"lead": 0, "temp": "sp:lake_trout:s1"}, "geometry": {"type": "Polygon", "coordinates": [[[-89.22665, 48.355034], [-89.226549, 48.354985], [-89.226482, 48.354914], [-89.226448, 48.35482], [-89.226448, 48.354703], [-89.226492, 48.354596], [-89.22658, 48.354498], [-89.226711, 48.354408], [-89.226886, 48.354328], [-89.227018, 48.354252], [-89.227105, 48.35418], [-89.227149, 48.354113], [-89.227149, 48.35405], [-89.227213, 48.354003], [-89.227341, 48.353972], [-89.227533, 48.353956], [-89.227789, 48.353956], [-89.227907, 48.353992], [-89.227887, 48.354064], [-89.227729, 48.354171], [-89.227432, 48.354314], [-89.22721, 48.354457], [-89.227062, 48.3546], [-89.226987, 48.354744], [-89.226987, 48.354887], [-89.226954, 48.354987], [-89.226886, 48.355046], [-89.226785, 48.355061], [-89.22665, 48.355034]]]}}, {"type": "Feature", "properties": {"lead": 0, "temp": "sp:lake_trout:s1"}, "geometry": {"type": "Polygon", "coordinates": [[[-89.22971, 48.356113], [-89.228942, 48.355956], [-89.22843, 48.35584], [-89.228174, 48.355764], [-89.228174, 48.355728], [-89.228066, 48.355694], [-89.22785, 48.355663], [-89.227527, 48.355634], [-89.227095, 48.355607], [-89.226748, 48.355562], [-89.226485, 48.3555], [-89.226307, 48.355419], [-89.226212, 48.355321], [-89.226273, 48.355254], [-89.226489, 48.355218], [-89.226859, 48.355213], [-89.227385, 48.35524], [-89.227823, 48.355272], [-89.228174, 48.355307], [-89.228437, 48.355348], [-89.228612, 48.355392], [-89.228743, 48.355448], [-89.228831, 48.355515], [-89.228875, 48.355594], [-89.228875, 48.355683], [-89.228895, 48.35575], [-89.228935, 48.355795], [-89.228996, 48.355817], [-89.229077, 48.355817], [-89.229127, 48.355799], [-89.229148, 48.355764], [-89.229137, 48.35571], [-89.229097, 48.355638], [-89.229121, 48.355594], [-89.229208, 48.355576], [-89.22936, 48.355585], [-89.229576, 48.355621], [-89.229872, 48.355681], [-89.23025, 48.355766], [-89.230708, 48.355876], [-89.231247, 48.35601], [-89.231665, 48.356135], [-89.231962, 48.356251], [-89.232137, 48.356359], [-89.232191, 48.356457], [-89.231975, 48.356482], [-89.23149, 48.356432], [-89.230735, 48.356309], [-89.22971, 48.356113]], [[-89.229562, 48.355817], [-89.229461, 48.355824], [-89.229394, 48.355837], [-89.22936, 48.355858], [-89.22936, 48.355884], [-89.229394, 48.355898], [-89.229461, 48.355898], [-89.229562, 48.355884], [-89.229697, 48.355858], [-89.229764, 48.355837], [-89.229764, 48.355824], [-89.229697, 48.355817], [-89.229562, 48.355817]], [[-89.228578, 48.355567], [-89.228538, 48.355574], [-89.228511, 48.355587], [-89.228497, 48.355607], [-89.228497, 48.355634], [-89.228511, 48.355647], [-89.228538, 48.355647], [-89.228578, 48.355634], [-89.228632, 48.355607], [-89.228659, 48.355587], [-89.228659, 48.355574], [-89.228632, 48.355567], [-89.228578, 48.355567]]]}}, {"type": "Feature", "properties": {"lead": 0, "temp": "sp:lake_trout:s1"}, "geometry": {"type": "Polygon", "coordinates": [[[-89.220139, 48.356645], [-89.22015, 48.356625], [-89.22017, 48.356611], [-89.2202, 48.356605], [-89.220241, 48.356605], [-89.220261, 48.356611], [-89.220261, 48.356625], [-89.220241, 48.356645], [-89.2202, 48.356672], [-89.22017, 48.356685], [-89.22015, 48.356685], [-89.220139, 48.356672], [-89.220139, 48.356645]]]}}, {"type": "Feature", "properties": {"lead": 0, "temp": "sp:lake_trout:s1"}, "geometry": {"type": "Polygon", "coordinates": [[[-89.225046, 48.35826], [-89.224504, 48.357945], [-89.223958, 48.357654], [-89.223408, 48.357388], [-89.222856, 48.357146], [-89.222482, 48.356972], [-89.222286, 48.356864], [-89.222269, 48.356824], [-89.222431, 48.356851], [-89.222674, 48.356918], [-89.222997, 48.357025], [-89.223402, 48.357173], [-89.223887, 48.357361], [-89.224352, 48.357567], [-89.224797, 48.35779], [-89.225221, 48.358032], [-89.225626, 48.358291], [-89.225939, 48.358513], [-89.226162, 48.358696], [-89.226293, 48.358841], [-89.226334, 48.358949], [-89.226229, 48.358944], [-89.22598, 48.358828], [-89.225585, 48.3586], [-89.225046, 48.35826]]]}}, {"type": "Feature", "properties": {"lead": 0, "temp": "sp:lake_trout:s1"}, "geometry": {"type": "Polygon", "coordinates": [[[-89.197014, 48.310027], [-89.197004, 48.309863], [-89.197024, 48.309706], [-89.197075, 48.309556], [-89.197156, 48.309413], [-89.197216, 48.30935], [-89.197257, 48.309368], [-89.197277, 48.309467], [-89.197277, 48.309646], [-89.197267, 48.309814], [-89.197247, 48.309971], [-89.197216, 48.310116], [-89.197176, 48.310251], [-89.197135, 48.310309], [-89.197095, 48.310291], [-89.197055, 48.310197], [-89.197014, 48.310027]]]}}, {"type": "Feature", "properties": {"lead": 0, "temp": "sp:lake_trout:s1"}, "geometry": {"type": "Polygon", "coordinates": [[[-89.196792, 48.310506], [-89.196802, 48.310479], [-89.196822, 48.310461], [-89.196852, 48.310452], [-89.196893, 48.310452], [-89.196913, 48.310461], [-89.196913, 48.310479], [-89.196893, 48.310506], [-89.196852, 48.310542], [-89.196822, 48.310559], [-89.196802, 48.310559], [-89.196792, 48.310542], [-89.196792, 48.310506]]]}}, {"type": "Feature", "properties": {"lead": 0, "temp": "sp:lake_trout:s1"}, "geometry": {"type": "Polygon", "coordinates": [[[-89.196974, 48.312279], [-89.196883, 48.312133], [-89.196822, 48.311914], [-89.196792, 48.311621], [-89.196792, 48.311254], [-89.196802, 48.310978], [-89.196822, 48.310795], [-89.196852, 48.310703], [-89.196893, 48.310703], [-89.196943, 48.310812], [-89.197004, 48.311032], [-89.197075, 48.311361], [-89.197156, 48.3118], [-89.197186, 48.312111], [-89.197166, 48.312295], [-89.197095, 48.312351], [-89.196974, 48.312279]]]}}, {"type": "Feature", "properties": {"lead": 0, "temp": "sp:lake_trout:s1"}, "geometry": {"type": "Polygon", "coordinates": [[[-89.213797, 48.353294], [-89.213716, 48.353238], [-89.213676, 48.353162], [-89.213676, 48.353066], [-89.213716, 48.35295], [-89.21378, 48.352869], [-89.213868, 48.352824], [-89.213979, 48.352815], [-89.214114, 48.352842], [-89.214201, 48.352894], [-89.214242, 48.35297], [-89.214235, 48.35307], [-89.214181, 48.353196], [-89.21411, 48.353281], [-89.214023, 48.353325], [-89.213918, 48.35333], [-89.213797, 48.353294]]]}}, {"type": "Feature", "properties": {"lead": 0, "temp": "sp:lake_trout:s1"}, "geometry": {"type": "Polygon", "coordinates": [[[-89.215833, 48.353903], [-89.215543, 48.353829], [-89.215435, 48.353788], [-89.215509, 48.353782], [-89.215765, 48.353809], [-89.215971, 48.35382], [-89.216126, 48.353815], [-89.21623, 48.353795], [-89.216284, 48.353759], [-89.216325, 48.353748], [-89.216352, 48.353762], [-89.216365, 48.3538], [-89.216365, 48.353862], [-89.216385, 48.3539], [-89.216426, 48.353914], [-89.216486, 48.353903], [-89.216567, 48.353867], [-89.216648, 48.353862], [-89.216729, 48.353889], [-89.21681, 48.353947], [-89.216891, 48.354037], [-89.216833, 48.354077], [-89.216638, 48.354068], [-89.216304, 48.35401], [-89.215833, 48.353903]]]}}, {"type": "Feature", "properties": {"lead": 0, "temp": "sp:lake_trout:s1"}, "geometry": {"type": "Polygon", "coordinates": [[[-89.217389, 48.35422], [-89.21742, 48.354214], [-89.21748, 48.354209], [-89.217571, 48.354207], [-89.217693, 48.354207], [-89.217753, 48.354209], [-89.217753, 48.354214], [-89.217693, 48.35422], [-89.217571, 48.354229], [-89.21748, 48.354234], [-89.21742, 48.354234], [-89.217389, 48.354229], [-89.217389, 48.35422]]]}}, {"type": "Feature", "properties": {"lead": 0, "temp": "sp:lake_trout:s1"}, "geometry": {"type": "Polygon", "coordinates": [[[-89.218906, 48.356717], [-89.218899, 48.356676], [-89.218926, 48.356623], [-89.218987, 48.356555], [-89.219081, 48.356475], [-89.219209, 48.356424], [-89.219371, 48.356401], [-89.219567, 48.356408], [-89.219796, 48.356444], [-89.219934, 48.356477], [-89.219981, 48.356509], [-89.219937, 48.356538], [-89.219802, 48.356564], [-89.219688, 48.356578], [-89.219594, 48.356578], [-89.219519, 48.356564], [-89.219465, 48.356538], [-89.219401, 48.356535], [-89.219327, 48.356558], [-89.219243, 48.356605], [-89.219149, 48.356676], [-89.219068, 48.356723], [-89.219, 48.356746], [-89.218946, 48.356743], [-89.218906, 48.356717]]]}}, {"type": "Feature", "properties": {"lead": 0, "temp": "sp:lake_trout:s2"}, "geometry": {"type": "Polygon", "coordinates": [[[-89.196711, 48.311896], [-89.19663, 48.311867], [-89.196522, 48.311688], [-89.196441, 48.311502], [-89.196387, 48.311309], [-89.19636, 48.31111], [-89.19636, 48.310904], [-89.196408, 48.310676], [-89.196502, 48.310425], [-89.196643, 48.310152], [-89.196832, 48.309856], [-89.196954, 48.3097], [-89.197007, 48.309682], [-89.196994, 48.309803], [-89.196913, 48.310062], [-89.196852, 48.310362], [-89.196812, 48.310703], [-89.196792, 48.311083], [-89.196792, 48.311504], [-89.196765, 48.311775], [-89.196711, 48.311896]]]}}, {"type": "Feature", "properties": {"lead": 0, "temp": "sp:lake_trout:s2"}, "geometry": {"type": "Polygon", "coordinates": [[[-89.226458, 48.355133], [-89.226374, 48.355173], [-89.226253, 48.355173], [-89.226162, 48.355151], [-89.226101, 48.355106], [-89.226071, 48.355039], [-89.226071, 48.354949], [-89.226101, 48.354829], [-89.226162, 48.354677], [-89.226253, 48.354493], [-89.226374, 48.354278], [-89.226509, 48.354088], [-89.226657, 48.353923], [-89.226819, 48.353782], [-89.226994, 48.353665], [-89.226873, 48.353516], [-89.226455, 48.353332], [-89.22574, 48.353115], [-89.224729, 48.352865], [-89.224079, 48.352677], [-89.223789, 48.352551], [-89.22386, 48.352489], [-89.224291, 48.352489], [-89.224689, 48.35252], [-89.225053, 48.352583], [-89.225383, 48.352677], [-89.22568, 48.352802], [-89.226101, 48.35293], [-89.226647, 48.353059], [-89.227318, 48.353191], [-89.228113, 48.353325], [-89.228726, 48.35344], [-89.229158, 48.353533], [-89.229407, 48.353607], [-89.229474, 48.353661], [-89.229501, 48.353708], [-89.229488, 48.353748], [-89.229434, 48.353782], [-89.22934, 48.353809], [-89.229292, 48.353844], [-89.229292, 48.353889], [-89.22934, 48.353943], [-89.229434, 48.354005], [-89.229623, 48.354073], [-89.229906, 48.354144], [-89.230283, 48.35422], [-89.230755, 48.354301], [-89.231129, 48.354377], [-89.231406, 48.354448], [-89.231584, 48.354515], [-89.231665, 48.354578], [-89.231726, 48.354639], [-89.231766, 48.354697], [-89.231786, 48.354753], [-89.231786, 48.354806], [-89.231712, 48.35484], [-89.231564, 48.354853], [-89.231341, 48.354847], [-89.231045, 48.35482], [-89.230779, 48.354777], [-89.230543, 48.354719], [-89.230337, 48.354645], [-89.230162, 48.354556], [-89.229956, 48.354475], [-89.22972, 48.354404], [-89.229454, 48.354341], [-89.229158, 48.354287], [-89.228945, 48.354238], [-89.228817, 48.354193], [-89.228774, 48.354153], [-89.228814, 48.354117], [-89.228736, 48.354084], [-89.228541, 48.354052], [-89.228228, 48.354023], [-89.227796, 48.353997], [-89.227473, 48.353992], [-89.227257, 48.35401], [-89.227149, 48.35405], [-89.227149, 48.354113], [-89.227105, 48.35418], [-89.227018, 48.354252], [-89.226886, 48.354328], [-89.226711, 48.354408], [-89.226586, 48.354509], [-89.226512, 48.35463], [-89.226489, 48.35477], [-89.226516, 48.354932], [-89.226505, 48.355052], [-89.226458, 48.355133]], [[-89.228457, 48.353925], [-89.228437, 48.35392], [-89.228396, 48.35392], [-89.228366, 48.353925], [-89.228346, 48.353934], [-89.228335, 48.353947], [-89.228335, 48.353965], [-89.228346, 48.353974], [-89.228366, 48.353974], [-89.228396, 48.353965], [-89.228437, 48.353947], [-89.228457, 48.353934], [-89.228457, 48.353925]], [[-89.227931, 48.353818], [-89.227891, 48.353813], [-89.22781, 48.353813], [-89.227749, 48.353818], [-89.227709, 48.353827], [-89.227688, 48.35384], [-89.227688, 48.353858], [-89.227709, 48.353867], [-89.227749, 48.353867], [-89.22781, 48.353858], [-89.227891, 48.35384], [-89.227931, 48.353827], [-89.227931, 48.353818]]]}}, {"type": "Feature", "properties": {"lead": 0, "temp": "sp:lake_trout:s2"}, "geometry": {"type": "Polygon", "coordinates": [[[-89.215957, 48.354149], [-89.215725, 48.354086], [-89.215549, 48.354005], [-89.215563, 48.353967], [-89.215765, 48.353972], [-89.216156, 48.354019], [-89.216736, 48.354108], [-89.217069, 48.354173], [-89.217157, 48.354214], [-89.216999, 48.354229], [-89.216594, 48.35422], [-89.216247, 48.354193], [-89.215957, 48.354149]]]}}, {"type": "Feature", "properties": {"lead": 0, "temp": "sp:lake_trout:s2"}, "geometry": {"type": "Polygon", "coordinates": [[[-89.227291, 48.355137], [-89.227169, 48.355137], [-89.227078, 48.355135], [-89.227018, 48.355131], [-89.226987, 48.355124], [-89.226987, 48.355115], [-89.227001, 48.355102], [-89.227028, 48.355084], [-89.227068, 48.355061], [-89.227122, 48.355034], [-89.227179, 48.355023], [-89.22724, 48.355028], [-89.227304, 48.355048], [-89.227372, 48.355084], [-89.227392, 48.35511], [-89.227365, 48.355128], [-89.227291, 48.355137]]]}}, {"type": "Feature", "properties": {"lead": 0, "temp": "sp:lake_trout:s2"}, "geometry": {"type": "Polygon", "coordinates": [[[-89.219095, 48.356417], [-89.219081, 48.356363], [-89.219091, 48.356323], [-89.219125, 48.356296], [-89.219182, 48.356283], [-89.219263, 48.356283], [-89.219324, 48.356287], [-89.219364, 48.356296], [-89.219385, 48.356309], [-89.219385, 48.356327], [-89.219368, 48.35635], [-89.219334, 48.356377], [-89.219283, 48.356408], [-89.219216, 48.356444], [-89.219162, 48.356457], [-89.219122, 48.356448], [-89.219095, 48.356417]]]}}, {"type": "Feature", "properties": {"lead": 0, "temp": "sp:lake_trout:s3"}, "geometry": {"type": "Polygon", "coordinates": [[[-89.226155, 48.352981], [-89.226125, 48.352976], [-89.226125, 48.352968], [-89.226155, 48.352961], [-89.226216, 48.352956], [-89.226307, 48.352954], [-89.226428, 48.352954], [-89.226489, 48.352956], [-89.226489, 48.352961], [-89.226428, 48.352968], [-89.226307, 48.352976], [-89.226216, 48.352981], [-89.226155, 48.352981]]]}}, {"type": "Feature", "properties": {"lead": 0, "temp": "sp:lake_trout:s3"}, "geometry": {"type": "Polygon", "coordinates": [[[-89.22664, 48.353088], [-89.22661, 48.353084], [-89.22661, 48.353075], [-89.22664, 48.353068], [-89.226701, 48.353064], [-89.226792, 48.353061], [-89.226913, 48.353061], [-89.226974, 48.353064], [-89.226974, 48.353068], [-89.226913, 48.353075], [-89.226792, 48.353084], [-89.226701, 48.353088], [-89.22664, 48.353088]]]}}, {"type": "Feature", "properties": {"lead": 0, "temp": "sp:lake_trout:s3"}, "geometry": {"type": "Polygon", "coordinates": [[[-89.227284, 48.353196], [-89.227257, 48.353191], [-89.227257, 48.353182], [-89.227284, 48.353176], [-89.227338, 48.353171], [-89.227419, 48.353169], [-89.227527, 48.353169], [-89.227581, 48.353171], [-89.227581, 48.353176], [-89.227527, 48.353182], [-89.227419, 48.353191], [-89.227338, 48.353196], [-89.227284, 48.353196]]]}}, {"type": "Feature", "properties": {"lead": 0, "temp": "sp:lake_trout:s3"}, "geometry": {"type": "Polygon", "coordinates": [[[-89.227709, 48.353867], [-89.227688, 48.353858], [-89.227688, 48.35384], [-89.227709, 48.353827], [-89.227749, 48.353818], [-89.22781, 48.353813], [-89.227891, 48.353813], [-89.227931, 48.353818], [-89.227931, 48.353827], [-89.227891, 48.35384], [-89.22781, 48.353858], [-89.227749, 48.353867], [-89.227709, 48.353867]]]}}, {"type": "Feature", "properties": {"lead": 0, "temp": "sp:brook_trout:s1"}, "geometry": {"type": "Polygon", "coordinates": [[[-89.221541, 48.351934], [-89.221481, 48.351892], [-89.221467, 48.351842], [-89.221501, 48.351786], [-89.221582, 48.351724], [-89.221656, 48.351684], [-89.221723, 48.351666], [-89.221784, 48.35167], [-89.221838, 48.351697], [-89.221872, 48.351735], [-89.221885, 48.351784], [-89.221878, 48.351845], [-89.221851, 48.351916], [-89.221804, 48.351961], [-89.221737, 48.351979], [-89.221649, 48.35197], [-89.221541, 48.351934]]]}}, {"type": "Feature", "properties": {"lead": 0, "temp": "sp:brook_trout:s1"}, "geometry": {"type": "Polygon", "coordinates": [[[-89.222077, 48.351836], [-89.222097, 48.351818], [-89.222148, 48.351809], [-89.222229, 48.351809], [-89.222279, 48.351818], [-89.2223, 48.351836], [-89.22229, 48.351862], [-89.222249, 48.351898], [-89.222209, 48.351916], [-89.222168, 48.351916], [-89.222128, 48.351898], [-89.222087, 48.351862], [-89.222077, 48.351836]]]}}, {"type": "Feature", "properties": {"lead": 0, "temp": "sp:brook_trout:s1"}, "geometry": {"type": "Polygon", "coordinates": [[[-89.222654, 48.352019], [-89.222586, 48.35201], [-89.222546, 48.351997], [-89.222532, 48.351979], [-89.222536, 48.351959], [-89.222556, 48.351936], [-89.222593, 48.351912], [-89.222647, 48.351885], [-89.222707, 48.351876], [-89.222775, 48.351885], [-89.222849, 48.351912], [-89.22293, 48.351956], [-89.22296, 48.35199], [-89.22294, 48.352012], [-89.222869, 48.352024], [-89.222748, 48.352024], [-89.222654, 48.352019]]]}}, {"type": "Feature", "properties": {"lead": 0, "temp": "sp:brook_trout:s1"}, "geometry": {"type": "Polygon", "coordinates": [[[-89.223799, 48.352265], [-89.223732, 48.352247], [-89.223698, 48.35222], [-89.223698, 48.352185], [-89.223732, 48.352153], [-89.223799, 48.352126], [-89.2239, 48.352104], [-89.224035, 48.352086], [-89.224136, 48.352086], [-89.224204, 48.352104], [-89.224237, 48.35214], [-89.224237, 48.352194], [-89.224204, 48.352234], [-89.224136, 48.352261], [-89.224035, 48.352274], [-89.2239, 48.352274], [-89.223799, 48.352265]]]}}, {"type": "Feature", "properties": {"lead": 0, "temp": "sp:brook_trout:s1"}, "geometry": {"type": "Polygon", "coordinates": [[[-89.225922, 48.352715], [-89.225842, 48.352666], [-89.225801, 48.35261], [-89.225801, 48.352547], [-89.225845, 48.352509], [-89.225933, 48.352496], [-89.226064, 48.352507], [-89.226239, 48.352543], [-89.226367, 48.352585], [-89.226448, 48.352634], [-89.226482, 48.35269], [-89.226468, 48.352753], [-89.226418, 48.352791], [-89.22633, 48.352804], [-89.226206, 48.352793], [-89.226044, 48.352757], [-89.225922, 48.352715]]]}}, {"type": "Feature", "properties": {"lead": 0, "temp": "sp:brook_trout:s1"}, "geometry": {"type": "Polygon", "coordinates": [[[-89.227159, 48.354442], [-89.227179, 48.354428], [-89.22721, 48.354422], [-89.22725, 48.354422], [-89.22727, 48.354428], [-89.22727, 48.354442], [-89.22725, 48.354462], [-89.22721, 48.354489], [-89.227179, 48.354502], [-89.227159, 48.354502], [-89.227149, 48.354489], [-89.227149, 48.354462], [-89.227159, 48.354442]]]}}, {"type": "Feature", "properties": {"lead": 0, "temp": "sp:brook_trout:s1"}, "geometry": {"type": "Polygon", "coordinates": [[[-89.226997, 48.354556], [-89.227018, 48.354538], [-89.227048, 48.354529], [-89.227088, 48.354529], [-89.227109, 48.354538], [-89.227109, 48.354556], [-89.227088, 48.354583], [-89.227048, 48.354618], [-89.227018, 48.354636], [-89.226997, 48.354636], [-89.226987, 48.354618], [-89.226987, 48.354583], [-89.226997, 48.354556]]]}}, {"type": "Feature", "properties": {"lead": 0, "temp": "sp:brook_trout:s1"}, "geometry": {"type": "Polygon", "coordinates": [[[-89.226836, 48.354907], [-89.226856, 48.354894], [-89.226886, 48.354887], [-89.226927, 48.354887], [-89.226947, 48.354894], [-89.226947, 48.354907], [-89.226927, 48.354927], [-89.226886, 48.354954], [-89.226856, 48.354967], [-89.226836, 48.354967], [-89.226826, 48.354954], [-89.226826, 48.354927], [-89.226836, 48.354907]]]}}, {"type": "Feature", "properties": {"lead": 0, "temp": "sp:brook_trout:s1"}, "geometry": {"type": "Polygon", "coordinates": [[[-89.23338, 48.355014], [-89.233441, 48.355001], [-89.233532, 48.354994], [-89.233653, 48.354994], [-89.233714, 48.355001], [-89.233714, 48.355014], [-89.233653, 48.355034], [-89.233532, 48.355061], [-89.233441, 48.355075], [-89.23338, 48.355075], [-89.23335, 48.355061], [-89.23335, 48.355034], [-89.23338, 48.355014]]]}}, {"type": "Feature", "properties": {"lead": 0, "temp": "sp:brook_trout:s1"}, "geometry": {"type": "Polygon", "coordinates": [[[-89.232666, 48.355227], [-89.232538, 48.355191], [-89.232386, 48.355137], [-89.232211, 48.355066], [-89.232154, 48.35501], [-89.232214, 48.35497], [-89.232393, 48.354945], [-89.23269, 48.354936], [-89.232902, 48.354949], [-89.23303, 48.354985], [-89.233074, 48.355043], [-89.233033, 48.355124], [-89.232983, 48.355184], [-89.232922, 48.355225], [-89.232851, 48.355245], [-89.23277, 48.355245], [-89.232666, 48.355227]]]}}, {"type": "Feature", "properties": {"lead": 0, "temp": "sp:brook_trout:s1"}, "geometry": {"type": "Polygon", "coordinates": [[[-89.233856, 48.355128], [-89.233896, 48.35511], [-89.233957, 48.355102], [-89.234038, 48.355102], [-89.234078, 48.35511], [-89.234078, 48.355128], [-89.234038, 48.355155], [-89.233957, 48.355191], [-89.233896, 48.355209], [-89.233856, 48.355209], [-89.233835, 48.355191], [-89.233835, 48.355155], [-89.233856, 48.355128]]]}}, {"type": "Feature", "properties": {"lead": 0, "temp": "sp:brook_trout:s1"}, "geometry": {"type": "Polygon", "coordinates": [[[-89.235028, 48.355359], [-89.235042, 48.355372], [-89.235035, 48.355392], [-89.235008, 48.355419], [-89.234981, 48.355433], [-89.234954, 48.355433], [-89.234927, 48.355419], [-89.2349, 48.355392], [-89.234894, 48.355372], [-89.234907, 48.355359], [-89.234941, 48.355352], [-89.234995, 48.355352], [-89.235028, 48.355359]]]}}, {"type": "Feature", "properties": {"lead": 0, "temp": "sp:brook_trout:s1"}, "geometry": {"type": "Polygon", "coordinates": [[[-89.231294, 48.356741], [-89.230472, 48.356585], [-89.229468, 48.35635], [-89.228281, 48.356037], [-89.227496, 48.355808], [-89.227112, 48.355665], [-89.227129, 48.355607], [-89.227547, 48.355634], [-89.22786, 48.355663], [-89.228069, 48.355694], [-89.228174, 48.355728], [-89.228174, 48.355764], [-89.228335, 48.355817], [-89.228659, 48.355889], [-89.229144, 48.355978], [-89.229791, 48.356086], [-89.230341, 48.356189], [-89.230792, 48.356287], [-89.231146, 48.356381], [-89.231402, 48.35647], [-89.231625, 48.356538], [-89.231813, 48.356582], [-89.231968, 48.356605], [-89.23209, 48.356605], [-89.232194, 48.356589], [-89.232282, 48.356558], [-89.232353, 48.356511], [-89.232406, 48.356448], [-89.232484, 48.35643], [-89.232585, 48.356457], [-89.23271, 48.356529], [-89.232858, 48.356645], [-89.232855, 48.356732], [-89.2327, 48.35679], [-89.232393, 48.356819], [-89.231935, 48.356819], [-89.231294, 48.356741]]]}}, {"type": "Feature", "properties": {"lead": 0, "temp": "sp:brook_trout:s1"}, "geometry": {"type": "Polygon", "coordinates": [[[-89.218283, 48.356412], [-89.218262, 48.356368], [-89.218252, 48.356323], [-89.218252, 48.356278], [-89.218272, 48.356251], [-89.218313, 48.356242], [-89.218374, 48.356251], [-89.218454, 48.356278], [-89.218505, 48.356314], [-89.218525, 48.356359], [-89.218515, 48.356412], [-89.218475, 48.356475], [-89.218434, 48.356511], [-89.218394, 48.35652], [-89.218353, 48.356502], [-89.218313, 48.356457], [-89.218283, 48.356412]]]}}, {"type": "Feature", "properties": {"lead": 0, "temp": "sp:brook_trout:s1"}, "geometry": {"type": "Polygon", "coordinates": [[[-89.219536, 48.356276], [-89.219624, 48.356262], [-89.219863, 48.356296], [-89.220254, 48.356377], [-89.220503, 48.356444], [-89.220611, 48.356497], [-89.220578, 48.356538], [-89.220402, 48.356564], [-89.220217, 48.356558], [-89.220021, 48.356517], [-89.219816, 48.356444], [-89.2196, 48.356336], [-89.219536, 48.356276]]]}}, {"type": "Feature", "properties": {"lead": 0, "temp": "sp:brook_trout:s1"}, "geometry": {"type": "Polygon", "coordinates": [[[-89.225403, 48.358913], [-89.225255, 48.358841], [-89.225141, 48.358761], [-89.22506, 48.358671], [-89.224955, 48.358611], [-89.224827, 48.35858], [-89.224676, 48.358578], [-89.2245, 48.358604], [-89.224349, 48.358595], [-89.224221, 48.358551], [-89.224116, 48.35847], [-89.224035, 48.358354], [-89.223897, 48.35824], [-89.223702, 48.358128], [-89.223449, 48.358018], [-89.223139, 48.357911], [-89.222906, 48.357808], [-89.222751, 48.35771], [-89.222674, 48.357616], [-89.222674, 48.357526], [-89.222633, 48.357446], [-89.222552, 48.357374], [-89.222431, 48.357312], [-89.222269, 48.357258], [-89.222124, 48.357189], [-89.221996, 48.357104], [-89.221885, 48.357003], [-89.221791, 48.356887], [-89.221882, 48.356864], [-89.222158, 48.356936], [-89.22262, 48.357101], [-89.223267, 48.357361], [-89.22387, 48.35764], [-89.22443, 48.35794], [-89.224945, 48.35826], [-89.225417, 48.3586], [-89.225717, 48.358841], [-89.225845, 48.358985], [-89.225801, 48.359029], [-89.225585, 48.358976], [-89.225403, 48.358913]]]}}, {"type": "Feature", "properties": {"lead": 0, "temp": "sp:brook_trout:s1"}, "geometry": {"type": "Polygon", "coordinates": [[[-89.197533, 48.30948], [-89.197533, 48.309382], [-89.197553, 48.309274], [-89.197594, 48.309158], [-89.197644, 48.309071], [-89.197705, 48.309012], [-89.197776, 48.308983], [-89.197857, 48.308983], [-89.197897, 48.309019], [-89.197897, 48.309091], [-89.197857, 48.309198], [-89.197776, 48.309342], [-89.197715, 48.309462], [-89.197675, 48.309561], [-89.197654, 48.309637], [-89.197654, 48.309691], [-89.197644, 48.309711], [-89.197624, 48.309698], [-89.197594, 48.309651], [-89.197553, 48.30957], [-89.197533, 48.30948]]]}}, {"type": "Feature", "properties": {"lead": 0, "temp": "sp:brook_trout:s1"}, "geometry": {"type": "Polygon", "coordinates": [[[-89.197291, 48.309955], [-89.197317, 48.309928], [-89.197358, 48.309915], [-89.197412, 48.309915], [-89.197439, 48.309928], [-89.197439, 48.309955], [-89.197412, 48.309995], [-89.197358, 48.310049], [-89.197317, 48.310076], [-89.197291, 48.310076], [-89.197277, 48.310049], [-89.197277, 48.309995], [-89.197291, 48.309955]]]}}, {"type": "Feature", "properties": {"lead": 0, "temp": "sp:brook_trout:s1"}, "geometry": {"type": "Polygon", "coordinates": [[[-89.197125, 48.310257], [-89.197146, 48.310244], [-89.197176, 48.310237], [-89.197216, 48.310237], [-89.197237, 48.310244], [-89.197237, 48.310257], [-89.197216, 48.310277], [-89.197176, 48.310304], [-89.197146, 48.310318], [-89.197125, 48.310318], [-89.197115, 48.310304], [-89.197115, 48.310277], [-89.197125, 48.310257]]]}}, {"type": "Feature", "properties": {"lead": 0, "temp": "sp:brook_trout:s1"}, "geometry": {"type": "Polygon", "coordinates": [[[-89.196964, 48.310851], [-89.196984, 48.310824], [-89.197014, 48.31081], [-89.197055, 48.31081], [-89.197075, 48.310824], [-89.197075, 48.310851], [-89.197055, 48.310891], [-89.197014, 48.310945], [-89.196984, 48.310971], [-89.196964, 48.310971], [-89.196954, 48.310945], [-89.196954, 48.310891], [-89.196964, 48.310851]]]}}, {"type": "Feature", "properties": {"lead": 0, "temp": "sp:brook_trout:s1"}, "geometry": {"type": "Polygon", "coordinates": [[[-89.197125, 48.311762], [-89.197146, 48.311748], [-89.197176, 48.311742], [-89.197216, 48.311742], [-89.197237, 48.311748], [-89.197237, 48.311762], [-89.197216, 48.311782], [-89.197176, 48.311809], [-89.197146, 48.311822], [-89.197125, 48.311822], [-89.197115, 48.311809], [-89.197115, 48.311782], [-89.197125, 48.311762]]]}}, {"type": "Feature", "properties": {"lead": 0, "temp": "sp:brook_trout:s1"}, "geometry": {"type": "Polygon", "coordinates": [[[-89.197291, 48.311977], [-89.197317, 48.311963], [-89.197358, 48.311956], [-89.197412, 48.311956], [-89.197439, 48.311963], [-89.197439, 48.311977], [-89.197412, 48.311997], [-89.197358, 48.312024], [-89.197317, 48.312037], [-89.197291, 48.312037], [-89.197277, 48.312024], [-89.197277, 48.311997], [-89.197291, 48.311977]]]}}, {"type": "Feature", "properties": {"lead": 0, "temp": "sp:brook_trout:s1"}, "geometry": {"type": "Polygon", "coordinates": [[[-89.197503, 48.312192], [-89.197523, 48.312178], [-89.197553, 48.312171], [-89.197594, 48.312171], [-89.197614, 48.312178], [-89.197614, 48.312192], [-89.197594, 48.312212], [-89.197553, 48.312239], [-89.197523, 48.312252], [-89.197503, 48.312252], [-89.197493, 48.312239], [-89.197493, 48.312212], [-89.197503, 48.312192]]]}}, {"type": "Feature", "properties": {"lead": 0, "temp": "sp:brook_trout:s1"}, "geometry": {"type": "Polygon", "coordinates": [[[-89.198089, 48.312736], [-89.197961, 48.312664], [-89.197857, 48.31257], [-89.197776, 48.312453], [-89.197735, 48.312366], [-89.197735, 48.312308], [-89.197776, 48.312279], [-89.197857, 48.312279], [-89.197961, 48.312315], [-89.198089, 48.312386], [-89.198241, 48.312494], [-89.198416, 48.312637], [-89.198504, 48.312738], [-89.198504, 48.312796], [-89.198416, 48.312812], [-89.198241, 48.312785], [-89.198089, 48.312736]]]}}, {"type": "Feature", "properties": {"lead": 0, "temp": "sp:brook_trout:s1"}, "geometry": {"type": "Polygon", "coordinates": [[[-89.19815, 48.313015], [-89.19817, 48.313002], [-89.1982, 48.312995], [-89.198241, 48.312995], [-89.198261, 48.313002], [-89.198261, 48.313015], [-89.198241, 48.313036], [-89.1982, 48.313062], [-89.19817, 48.313076], [-89.19815, 48.313076], [-89.19814, 48.313062], [-89.19814, 48.313036], [-89.19815, 48.313015]]]}}, {"type": "Feature", "properties": {"lead": 0, "temp": "sp:brook_trout:s1"}, "geometry": {"type": "Polygon", "coordinates": [[[-89.199326, 48.313815], [-89.199191, 48.31368], [-89.199077, 48.313582], [-89.198982, 48.313519], [-89.198945, 48.313465], [-89.198965, 48.313421], [-89.199043, 48.313385], [-89.199178, 48.313358], [-89.199313, 48.313412], [-89.199447, 48.313546], [-89.199582, 48.313761], [-89.199717, 48.314056], [-89.199774, 48.314227], [-89.199754, 48.314271], [-89.199656, 48.314191], [-89.199481, 48.313985], [-89.199326, 48.313815]]]}}, {"type": "Feature", "properties": {"lead": 0, "temp": "sp:brook_trout:s1"}, "geometry": {"type": "Polygon", "coordinates": [[[-89.2147, 48.353455], [-89.21466, 48.353402], [-89.21464, 48.353334], [-89.21464, 48.353254], [-89.214606, 48.353211], [-89.214538, 48.353207], [-89.214437, 48.35324], [-89.214303, 48.353312], [-89.214215, 48.353332], [-89.214174, 48.353301], [-89.214181, 48.353218], [-89.214235, 48.353084], [-89.214329, 48.352999], [-89.214464, 48.352963], [-89.21464, 48.352976], [-89.214855, 48.353039], [-89.215003, 48.353113], [-89.215084, 48.353198], [-89.215098, 48.353294], [-89.215044, 48.353402], [-89.214983, 48.353475], [-89.214916, 48.353516], [-89.214842, 48.353522], [-89.214761, 48.353495], [-89.2147, 48.353455]]]}}, {"type": "Feature", "properties": {"lead": 0, "temp": "sp:brook_trout:s1"}, "geometry": {"type": "Polygon", "coordinates": [[[-89.215465, 48.353341], [-89.215526, 48.353346], [-89.215556, 48.353402], [-89.215556, 48.353509], [-89.215526, 48.353587], [-89.215465, 48.353636], [-89.215374, 48.353657], [-89.215253, 48.353648], [-89.215192, 48.353616], [-89.215192, 48.353563], [-89.215253, 48.353487], [-89.215374, 48.353388], [-89.215465, 48.353341]]]}}, {"type": "Feature", "properties": {"lead": 0, "temp": "sp:brook_trout:s1"}, "geometry": {"type": "Polygon", "coordinates": [[[-89.21686, 48.353983], [-89.216881, 48.353965], [-89.216911, 48.353956], [-89.216951, 48.353956], [-89.216972, 48.353965], [-89.216972, 48.353983], [-89.216951, 48.35401], [-89.216911, 48.354046], [-89.216881, 48.354064], [-89.21686, 48.354064], [-89.21685, 48.354046], [-89.21685, 48.35401], [-89.21686, 48.353983]]]}}, {"type": "Feature", "properties": {"lead": 0, "temp": "sp:brook_trout:s1"}, "geometry": {"type": "Polygon", "coordinates": [[[-89.217632, 48.354111], [-89.217578, 48.354079], [-89.217551, 48.354046], [-89.217551, 48.35401], [-89.217582, 48.353983], [-89.217642, 48.353965], [-89.217733, 48.353956], [-89.217855, 48.353956], [-89.217942, 48.353972], [-89.217996, 48.354003], [-89.218016, 48.35405], [-89.218003, 48.354113], [-89.217966, 48.354153], [-89.217905, 48.354171], [-89.217821, 48.354167], [-89.217713, 48.35414], [-89.217632, 48.354111]]]}}, {"type": "Feature", "properties": {"lead": 0, "temp": "sp:brook_trout:s1"}, "geometry": {"type": "Polygon", "coordinates": [[[-89.216988, 48.356189], [-89.216914, 48.356162], [-89.216864, 48.356135], [-89.216837, 48.356108], [-89.216877, 48.35609], [-89.216985, 48.356081], [-89.21716, 48.356081], [-89.217403, 48.35609], [-89.217561, 48.356108], [-89.217636, 48.356135], [-89.217625, 48.356171], [-89.217531, 48.356216], [-89.21743, 48.356242], [-89.217322, 48.356251], [-89.217208, 48.356242], [-89.217086, 48.356216], [-89.216988, 48.356189]]]}}, {"type": "Feature", "properties": {"lead": 0, "temp": "sp:brook_trout:s2"}, "geometry": {"type": "Polygon", "coordinates": [[[-89.222485, 48.351898], [-89.222431, 48.351862], [-89.222407, 48.351827], [-89.222414, 48.351791], [-89.222451, 48.351755], [-89.222519, 48.351719], [-89.222573, 48.351697], [-89.222613, 48.351688], [-89.22264, 48.351692], [-89.222654, 48.35171], [-89.222657, 48.351737], [-89.22265, 48.351773], [-89.222633, 48.351818], [-89.222606, 48.351871], [-89.222573, 48.351903], [-89.222532, 48.351912], [-89.222485, 48.351898]]]}}, {"type": "Feature", "properties": {"lead": 0, "temp": "sp:brook_trout:s2"}, "geometry": {"type": "Polygon", "coordinates": [[[-89.223914, 48.352077], [-89.223914, 48.352041], [-89.223927, 48.352017], [-89.223954, 48.352003], [-89.223995, 48.352001], [-89.224049, 48.35201], [-89.224076, 48.352024], [-89.224076, 48.352041], [-89.224049, 48.352064], [-89.223995, 48.352091], [-89.223954, 48.352102], [-89.223927, 48.352097], [-89.223914, 48.352077]]]}}, {"type": "Feature", "properties": {"lead": 0, "temp": "sp:brook_trout:s2"}, "geometry": {"type": "Polygon", "coordinates": [[[-89.226307, 48.352963], [-89.226428, 48.352945], [-89.226445, 48.352934], [-89.226357, 48.35293], [-89.226165, 48.352932], [-89.225869, 48.352941], [-89.225602, 48.352925], [-89.225366, 48.352885], [-89.225161, 48.35282], [-89.224986, 48.35273], [-89.224797, 48.35267], [-89.224595, 48.352639], [-89.224379, 48.352636], [-89.22415, 48.352663], [-89.223914, 48.352668], [-89.223671, 48.35265], [-89.223422, 48.35261], [-89.223166, 48.352547], [-89.222967, 48.352489], [-89.222825, 48.352435], [-89.222741, 48.352386], [-89.222714, 48.352341], [-89.222718, 48.352287], [-89.222751, 48.352225], [-89.222815, 48.352153], [-89.22291, 48.352073], [-89.223021, 48.352012], [-89.223149, 48.351972], [-89.223294, 48.351952], [-89.223456, 48.351952], [-89.223574, 48.351974], [-89.223648, 48.352019], [-89.223678, 48.352086], [-89.223665, 48.352176], [-89.223702, 48.352229], [-89.223789, 48.352247], [-89.223927, 48.352229], [-89.224116, 48.352176], [-89.224268, 48.352147], [-89.224382, 48.352142], [-89.22446, 48.352162], [-89.2245, 48.352207], [-89.224517, 48.352249], [-89.22451, 48.35229], [-89.22448, 48.352328], [-89.224426, 48.352364], [-89.224426, 48.352379], [-89.22448, 48.352375], [-89.224588, 48.35235], [-89.22475, 48.352305], [-89.224874, 48.35229], [-89.224962, 48.352303], [-89.225013, 48.352346], [-89.225026, 48.352417], [-89.22505, 48.352458], [-89.225083, 48.352466], [-89.225127, 48.352444], [-89.225181, 48.35239], [-89.225252, 48.352357], [-89.225339, 48.352343], [-89.225444, 48.35235], [-89.225565, 48.352377], [-89.225612, 48.352408], [-89.225585, 48.352444], [-89.225484, 48.352484], [-89.225309, 48.352529], [-89.225245, 48.352569], [-89.225292, 48.352605], [-89.225451, 48.352636], [-89.22572, 48.352663], [-89.225902, 48.352695], [-89.225997, 48.35273], [-89.226003, 48.352771], [-89.225922, 48.352815], [-89.225912, 48.352847], [-89.225973, 48.352865], [-89.226104, 48.352869], [-89.226307, 48.35286], [-89.226452, 48.35284], [-89.226539, 48.352809], [-89.22657, 48.352766], [-89.226543, 48.352713], [-89.22658, 48.352686], [-89.226681, 48.352686], [-89.226846, 48.352713], [-89.227075, 48.352766], [-89.22723, 48.352818], [-89.227311, 48.352867], [-89.227318, 48.352914], [-89.22725, 48.352959], [-89.227136, 48.35299], [-89.226974, 48.353008], [-89.226765, 48.353012], [-89.226509, 48.353003], [-89.226347, 48.352992], [-89.22628, 48.352979], [-89.226307, 48.352963]], [[-89.227088, 48.352883], [-89.227048, 48.352883], [-89.227018, 48.352887], [-89.226997, 48.352896], [-89.226987, 48.352909], [-89.226987, 48.352927], [-89.226997, 48.352936], [-89.227018, 48.352936], [-89.227048, 48.352927], [-89.227088, 48.352909], [-89.227109, 48.352896], [-89.227109, 48.352887], [-89.227088, 48.352883]], [[-89.226893, 48.352918], [-89.226866, 48.352918], [-89.226846, 48.352921], [-89.226832, 48.352925], [-89.226826, 48.352932], [-89.226826, 48.352941], [-89.226832, 48.352945], [-89.226846, 48.352945], [-89.226866, 48.352941], [-89.226893, 48.352932], [-89.226907, 48.352925], [-89.226907, 48.352921], [-89.226893, 48.352918]], [[-89.224972, 48.352453], [-89.224959, 48.352453], [-89.224949, 48.352458], [-89.224942, 48.352466], [-89.224938, 48.35248], [-89.224938, 48.352498], [-89.224942, 48.352507], [-89.224949, 48.352507], [-89.224959, 48.352498], [-89.224972, 48.35248], [-89.224979, 48.352466], [-89.224979, 48.352458], [-89.224972, 48.352453]], [[-89.2245, 48.352453], [-89.22446, 48.352453], [-89.22443, 48.352458], [-89.224409, 48.352466], [-89.224399, 48.35248], [-89.224399, 48.352498], [-89.224409, 48.352507], [-89.22443, 48.352507], [-89.22446, 48.352498], [-89.2245, 48.35248], [-89.224521, 48.352466], [-89.224521, 48.352458], [-89.2245, 48.352453]], [[-89.224702, 48.352453], [-89.224689, 48.352453], [-89.224679, 48.352455], [-89.224672, 48.35246], [-89.224669, 48.352466], [-89.224669, 48.352475], [-89.224672, 48.35248], [-89.224679, 48.35248], [-89.224689, 48.352475], [-89.224702, 48.352466], [-89.224709, 48.35246], [-89.224709, 48.352455], [-89.224702, 48.352453]], [[-89.224116, 48.352346], [-89.224035, 48.352346], [-89.223975, 48.35235], [-89.223934, 48.352359], [-89.223914, 48.352373], [-89.223914, 48.35239], [-89.223934, 48.352399], [-89.223975, 48.352399], [-89.224035, 48.35239], [-89.224116, 48.352373], [-89.224157, 48.352359], [-89.224157, 48.35235], [-89.224116, 48.352346]], [[-89.222815, 48.352346], [-89.222802, 48.352346], [-89.222792, 48.352348], [-89.222785, 48.352352], [-89.222782, 48.352359], [-89.222782, 48.352368], [-89.222785, 48.352373], [-89.222792, 48.352373], [-89.222802, 48.352368], [-89.222815, 48.352359], [-89.222822, 48.352352], [-89.222822, 48.352348], [-89.222815, 48.352346]], [[-89.22357, 48.352238], [-89.223557, 48.352238], [-89.223547, 48.352241], [-89.22354, 48.352245], [-89.223536, 48.352252], [-89.223536, 48.352261], [-89.22354, 48.352265], [-89.223547, 48.352265], [-89.223557, 48.352261], [-89.22357, 48.352252], [-89.223577, 48.352245], [-89.223577, 48.352241], [-89.22357, 48.352238]]]}}, {"type": "Feature", "properties": {"lead": 0, "temp": "sp:brook_trout:s2"}, "geometry": {"type": "Polygon", "coordinates": [[[-89.227365, 48.353075], [-89.227527, 48.353073], [-89.227634, 48.353077], [-89.227688, 48.353088], [-89.227688, 48.353106], [-89.227634, 48.353117], [-89.227527, 48.353122], [-89.227365, 48.35312], [-89.227149, 48.353111], [-89.227041, 48.353102], [-89.227041, 48.353093], [-89.227149, 48.353084], [-89.227365, 48.353075]]]}}, {"type": "Feature", "properties": {"lead": 0, "temp": "sp:brook_trout:s2"}, "geometry": {"type": "Polygon", "coordinates": [[[-89.228497, 48.355867], [-89.227355, 48.355607], [-89.22658, 48.355383], [-89.226172, 48.355196], [-89.226131, 48.355043], [-89.226148, 48.354869], [-89.226222, 48.354672], [-89.226354, 48.354453], [-89.226543, 48.354211], [-89.226768, 48.35403], [-89.227031, 48.353909], [-89.227331, 48.353849], [-89.227668, 48.353849], [-89.227955, 48.353856], [-89.22819, 48.353869], [-89.228376, 48.353889], [-89.228511, 48.353916], [-89.228612, 48.353947], [-89.228679, 48.353983], [-89.228713, 48.354023], [-89.228713, 48.354068], [-89.228743, 48.354099], [-89.228804, 48.354117], [-89.228895, 48.354122], [-89.229016, 48.354113], [-89.229087, 48.354084], [-89.229107, 48.354035], [-89.229077, 48.353965], [-89.228996, 48.353876], [-89.228848, 48.353795], [-89.228632, 48.353724], [-89.228349, 48.353661], [-89.227998, 48.353607], [-89.227749, 48.353551], [-89.227601, 48.353493], [-89.227554, 48.353433], [-89.227607, 48.35337], [-89.227624, 48.353319], [-89.227604, 48.353278], [-89.227547, 48.353249], [-89.227452, 48.353231], [-89.227425, 48.353216], [-89.227466, 48.353202], [-89.227574, 48.353191], [-89.227749, 48.353182], [-89.22788, 48.353167], [-89.227968, 48.353144], [-89.228012, 48.353115], [-89.228012, 48.353079], [-89.227992, 48.353055], [-89.227951, 48.353041], [-89.227891, 48.353039], [-89.22781, 48.353048], [-89.227736, 48.353041], [-89.227668, 48.353019], [-89.227607, 48.352981], [-89.227554, 48.352927], [-89.227901, 48.352979], [-89.228649, 48.353135], [-89.229798, 48.353397], [-89.231348, 48.353764], [-89.232531, 48.354055], [-89.233347, 48.354269], [-89.233795, 48.354408], [-89.233876, 48.354471], [-89.233973, 48.354518], [-89.234088, 48.354549], [-89.23422, 48.354565], [-89.234368, 48.354565], [-89.234496, 48.354583], [-89.234604, 48.354618], [-89.234691, 48.354672], [-89.234759, 48.354744], [-89.234627, 48.354804], [-89.234297, 48.354853], [-89.233768, 48.354891], [-89.23304, 48.354918], [-89.23241, 48.354927], [-89.231877, 48.354918], [-89.231443, 48.354891], [-89.231106, 48.354847], [-89.230755, 48.354777], [-89.230391, 48.354683], [-89.230014, 48.354565], [-89.229623, 48.354422], [-89.229245, 48.354307], [-89.228881, 48.354222], [-89.228531, 48.354167], [-89.228194, 48.35414], [-89.227941, 48.354133], [-89.227773, 48.354146], [-89.227688, 48.35418], [-89.227688, 48.354234], [-89.227634, 48.354296], [-89.227527, 48.354368], [-89.227365, 48.354448], [-89.227149, 48.354538], [-89.226987, 48.35463], [-89.22688, 48.354724], [-89.226826, 48.35482], [-89.226826, 48.354918], [-89.226812, 48.354996], [-89.226785, 48.355055], [-89.226745, 48.355093], [-89.226691, 48.35511], [-89.226687, 48.355115], [-89.226735, 48.355106], [-89.226832, 48.355084], [-89.226981, 48.355048], [-89.227196, 48.35505], [-89.227479, 48.35509], [-89.22783, 48.355169], [-89.228248, 48.355285], [-89.228561, 48.355395], [-89.22877, 48.355497], [-89.228875, 48.355594], [-89.228875, 48.355683], [-89.228895, 48.35575], [-89.228935, 48.355795], [-89.228996, 48.355817], [-89.229077, 48.355817], [-89.229137, 48.355799], [-89.229178, 48.355764], [-89.229198, 48.35571], [-89.229198, 48.355638], [-89.22937, 48.355625], [-89.229714, 48.35567], [-89.230229, 48.355773], [-89.230917, 48.355934], [-89.231453, 48.356081], [-89.231837, 48.356216], [-89.232069, 48.356336], [-89.23215, 48.356444], [-89.231834, 48.35645], [-89.231119, 48.356356], [-89.230007, 48.356162], [-89.228497, 48.355867]], [[-89.229326, 48.355925], [-89.229316, 48.355927], [-89.229309, 48.355931], [-89.229306, 48.355938], [-89.229306, 48.355947], [-89.229309, 48.355952], [-89.229316, 48.355952], [-89.229326, 48.355947], [-89.22934, 48.355938], [-89.229346, 48.355931], [-89.229346, 48.355927], [-89.22934, 48.355925], [-89.229326, 48.355925]], [[-89.229562, 48.355817], [-89.229461, 48.355824], [-89.229394, 48.355837], [-89.22936, 48.355858], [-89.22936, 48.355884], [-89.229394, 48.355898], [-89.229461, 48.355898], [-89.229562, 48.355884], [-89.229697, 48.355858], [-89.229764, 48.355837], [-89.229764, 48.355824], [-89.229697, 48.355817], [-89.229562, 48.355817]], [[-89.228841, 48.355817], [-89.228831, 48.35582], [-89.228824, 48.355824], [-89.228821, 48.355831], [-89.228821, 48.35584], [-89.228824, 48.355844], [-89.228831, 48.355844], [-89.228841, 48.35584], [-89.228854, 48.355831], [-89.228861, 48.355824], [-89.228861, 48.35582], [-89.228854, 48.355817], [-89.228841, 48.355817]], [[-89.228302, 48.355674], [-89.228292, 48.355676], [-89.228285, 48.355681], [-89.228281, 48.355688], [-89.228281, 48.355697], [-89.228285, 48.355701], [-89.228292, 48.355701], [-89.228302, 48.355697], [-89.228315, 48.355688], [-89.228322, 48.355681], [-89.228322, 48.355676], [-89.228315, 48.355674], [-89.228302, 48.355674]], [[-89.228578, 48.355567], [-89.228538, 48.355574], [-89.228511, 48.355587], [-89.228497, 48.355607], [-89.228497, 48.355634], [-89.228511, 48.355647], [-89.228538, 48.355647], [-89.228578, 48.355634], [-89.228632, 48.355607], [-89.228659, 48.355587], [-89.228659, 48.355574], [-89.228632, 48.355567], [-89.228578, 48.355567]], [[-89.228194, 48.355638], [-89.228184, 48.355641], [-89.228177, 48.355645], [-89.228174, 48.355652], [-89.228174, 48.355661], [-89.228177, 48.355665], [-89.228184, 48.355665], [-89.228194, 48.355661], [-89.228207, 48.355652], [-89.228214, 48.355645], [-89.228214, 48.355641], [-89.228207, 48.355638], [-89.228194, 48.355638]], [[-89.226596, 48.354958], [-89.22658, 48.354963], [-89.226573, 48.354972], [-89.226576, 48.354985], [-89.22659, 48.355003], [-89.226603, 48.355012], [-89.226617, 48.355012], [-89.22663, 48.355003], [-89.226644, 48.354985], [-89.226647, 48.354972], [-89.22664, 48.354963], [-89.226623, 48.354958], [-89.226596, 48.354958]], [[-89.22663, 48.354779], [-89.22662, 48.354782], [-89.226613, 48.354786], [-89.22661, 48.354793], [-89.22661, 48.354802], [-89.226613, 48.354806], [-89.22662, 48.354806], [-89.22663, 48.354802], [-89.226644, 48.354793], [-89.22665, 48.354786], [-89.22665, 48.354782], [-89.226644, 48.354779], [-89.22663, 48.354779]], [[-89.227008, 48.354278], [-89.226994, 48.354287], [-89.226981, 48.354305], [-89.226967, 48.354332], [-89.226954, 48.354368], [-89.22695, 48.354386], [-89.226957, 48.354386], [-89.226974, 48.354368], [-89.227001, 48.354332], [-89.227018, 48.354305], [-89.227024, 48.354287], [-89.227021, 48.354278], [-89.227008, 48.354278]], [[-89.22719, 48.354314], [-89.227169, 48.354316], [-89.227156, 48.354321], [-89.227149, 48.354328], [-89.227149, 48.354337], [-89.227156, 48.354341], [-89.227169, 48.354341], [-89.22719, 48.354337], [-89.227217, 48.354328], [-89.22723, 48.354321], [-89.22723, 48.354316], [-89.227217, 48.354314], [-89.22719, 48.354314]], [[-89.227351, 48.354207], [-89.227331, 48.354209], [-89.227318, 48.354214], [-89.227311, 48.35422], [-89.227311, 48.354229], [-89.227318, 48.354234], [-89.227331, 48.354234], [-89.227351, 48.354229], [-89.227378, 48.35422], [-89.227392, 48.354214], [-89.227392, 48.354209], [-89.227378, 48.354207], [-89.227351, 48.354207]], [[-89.229259, 48.354099], [-89.229228, 48.354106], [-89.229208, 48.35412], [-89.229198, 48.35414], [-89.229198, 48.354167], [-89.229208, 48.35418], [-89.229228, 48.35418], [-89.229259, 48.354167], [-89.229299, 48.35414], [-89.229319, 48.35412], [-89.229319, 48.354106], [-89.229299, 48.354099], [-89.229259, 48.354099]], [[-89.22814, 48.353956], [-89.22813, 48.353959], [-89.228123, 48.353963], [-89.22812, 48.35397], [-89.22812, 48.353979], [-89.228123, 48.353983], [-89.22813, 48.353983], [-89.22814, 48.353979], [-89.228153, 48.35397], [-89.22816, 48.353963], [-89.22816, 48.353959], [-89.228153, 48.353956], [-89.22814, 48.353956]], [[-89.227998, 48.35392], [-89.227978, 48.353925], [-89.227965, 48.353934], [-89.227958, 48.353947], [-89.227958, 48.353965], [-89.227965, 48.353974], [-89.227978, 48.353974], [-89.227998, 48.353965], [-89.228025, 48.353947], [-89.228039, 48.353934], [-89.228039, 48.353925], [-89.228025, 48.35392], [-89.227998, 48.35392]], [[-89.229326, 48.353527], [-89.229316, 48.353529], [-89.229309, 48.353533], [-89.229306, 48.35354], [-89.229306, 48.353549], [-89.229309, 48.353554], [-89.229316, 48.353554], [-89.229326, 48.353549], [-89.22934, 48.35354], [-89.229346, 48.353533], [-89.229346, 48.353529], [-89.22934, 48.353527], [-89.229326, 48.353527]], [[-89.229097, 48.353491], [-89.229067, 48.353495], [-89.229046, 48.353504], [-89.229036, 48.353518], [-89.229036, 48.353536], [-89.229046, 48.353545], [-89.229067, 48.353545], [-89.229097, 48.353536], [-89.229137, 48.353518], [-89.229158, 48.353504], [-89.229158, 48.353495], [-89.229137, 48.353491], [-89.229097, 48.353491]], [[-89.228679, 48.353419], [-89.228669, 48.353422], [-89.228662, 48.353426], [-89.228659, 48.353433], [-89.228659, 48.353442], [-89.228662, 48.353446], [-89.228669, 48.353446], [-89.228679, 48.353442], [-89.228693, 48.353433], [-89.228699, 48.353426], [-89.228699, 48.353422], [-89.228693, 48.353419], [-89.228679, 48.353419]], [[-89.228517, 48.353384], [-89.228507, 48.353386], [-89.228501, 48.35339], [-89.228497, 48.353397], [-89.228497, 48.353406], [-89.228501, 48.35341], [-89.228507, 48.35341], [-89.228517, 48.353406], [-89.228531, 48.353397], [-89.228538, 48.35339], [-89.228538, 48.353386], [-89.228531, 48.353384], [-89.228517, 48.353384]], [[-89.227971, 48.35324], [-89.227911, 48.353245], [-89.22787, 48.353254], [-89.22785, 48.353267], [-89.22785, 48.353285], [-89.22787, 48.353294], [-89.227911, 48.353294], [-89.227971, 48.353285], [-89.228052, 48.353267], [-89.228093, 48.353254], [-89.228093, 48.353245], [-89.228052, 48.35324], [-89.227971, 48.35324]]]}}, {"type": "Feature", "properties": {"lead": 0, "temp": "sp:brook_trout:s2"}, "geometry": {"type": "Polygon", "coordinates": [[[-89.225585, 48.3586], [-89.225046, 48.35826], [-89.224504, 48.357945], [-89.223958, 48.357654], [-89.223408, 48.357388], [-89.222856, 48.357146], [-89.222482, 48.356972], [-89.222286, 48.356864], [-89.222269, 48.356824], [-89.222431, 48.356851], [-89.222674, 48.356918], [-89.222997, 48.357025], [-89.223402, 48.357173], [-89.223887, 48.357361], [-89.224352, 48.357567], [-89.224797, 48.35779], [-89.225221, 48.358032], [-89.225626, 48.358291], [-89.225939, 48.358513], [-89.226162, 48.358696], [-89.226293, 48.358841], [-89.226334, 48.358949], [-89.226229, 48.358944], [-89.22598, 48.358828], [-89.225585, 48.3586]]]}}, {"type": "Feature", "properties": {"lead": 0, "temp": "sp:brook_trout:s2"}, "geometry": {"type": "Polygon", "coordinates": [[[-89.197331, 48.312552], [-89.197058, 48.312346], [-89.196836, 48.31214], [-89.196664, 48.311934], [-89.196542, 48.311728], [-89.196458, 48.3115], [-89.196411, 48.311249], [-89.196401, 48.310976], [-89.196428, 48.31068], [-89.196505, 48.31038], [-89.196633, 48.310076], [-89.196812, 48.309767], [-89.197041, 48.309453], [-89.19723, 48.309218], [-89.197378, 48.309062], [-89.197486, 48.308983], [-89.197553, 48.308983], [-89.197604, 48.309012], [-89.197638, 48.309071], [-89.197654, 48.309158], [-89.197654, 48.309274], [-89.197607, 48.309424], [-89.197513, 48.309608], [-89.197371, 48.309825], [-89.197183, 48.310076], [-89.197051, 48.310345], [-89.196977, 48.310631], [-89.19696, 48.310936], [-89.197001, 48.311258], [-89.197078, 48.311556], [-89.197193, 48.311829], [-89.197344, 48.312077], [-89.197533, 48.312301], [-89.197719, 48.312483], [-89.197901, 48.312621], [-89.198079, 48.312718], [-89.198254, 48.312771], [-89.198362, 48.312825], [-89.198403, 48.312879], [-89.198376, 48.312933], [-89.198281, 48.312986], [-89.19813, 48.312975], [-89.197921, 48.312899], [-89.197654, 48.312758], [-89.197331, 48.312552]]]}}, {"type": "Feature", "properties": {"lead": 0, "temp": "sp:brook_trout:s2"}, "geometry": {"type": "Polygon", "coordinates": [[[-89.19874, 48.313385], [-89.198736, 48.313344], [-89.19877, 48.313309], [-89.198841, 48.313277], [-89.198949, 48.31325], [-89.199033, 48.313244], [-89.199093, 48.313257], [-89.199131, 48.313291], [-89.199144, 48.313344], [-89.199134, 48.313389], [-89.1991, 48.313425], [-89.199043, 48.313452], [-89.198962, 48.31347], [-89.198891, 48.313472], [-89.198831, 48.313459], [-89.19878, 48.31343], [-89.19874, 48.313385]]]}}, {"type": "Feature", "properties": {"lead": 0, "temp": "sp:brook_trout:s2"}, "geometry": {"type": "Polygon", "coordinates": [[[-89.213939, 48.353343], [-89.213831, 48.353317], [-89.21377, 48.353265], [-89.213757, 48.353189], [-89.21379, 48.353088], [-89.213871, 48.352963], [-89.213952, 48.352876], [-89.214033, 48.352827], [-89.214114, 48.352815], [-89.214195, 48.352842], [-89.214242, 48.352894], [-89.214255, 48.35297], [-89.214235, 48.35307], [-89.214181, 48.353196], [-89.214114, 48.353283], [-89.214033, 48.353332], [-89.213939, 48.353343]]]}}, {"type": "Feature", "properties": {"lead": 0, "temp": "sp:brook_trout:s2"}, "geometry": {"type": "Polygon", "coordinates": [[[-89.216331, 48.35418], [-89.215893, 48.354117], [-89.21557, 48.354046], [-89.215361, 48.353965], [-89.215266, 48.353876], [-89.21527, 48.353811], [-89.215371, 48.353771], [-89.21557, 48.353755], [-89.215866, 48.353764], [-89.216092, 48.353784], [-89.216247, 48.353815], [-89.216331, 48.353858], [-89.216345, 48.353912], [-89.216375, 48.353943], [-89.216422, 48.353952], [-89.216486, 48.353938], [-89.216567, 48.353903], [-89.216648, 48.3539], [-89.216729, 48.353932], [-89.21681, 48.353997], [-89.216891, 48.354095], [-89.217005, 48.354167], [-89.217154, 48.354211], [-89.217336, 48.354229], [-89.217551, 48.35422], [-89.217703, 48.35422], [-89.217791, 48.354229], [-89.217814, 48.354247], [-89.217774, 48.354274], [-89.217605, 48.354281], [-89.217309, 48.354267], [-89.216884, 48.354234], [-89.216331, 48.35418]], [[-89.215307, 48.353813], [-89.215297, 48.353815], [-89.21529, 48.35382], [-89.215287, 48.353827], [-89.215287, 48.353835], [-89.21529, 48.35384], [-89.215297, 48.35384], [-89.215307, 48.353835], [-89.21532, 48.353827], [-89.215327, 48.35382], [-89.215327, 48.353815], [-89.21532, 48.353813], [-89.215307, 48.353813]]]}}, {"type": "Feature", "properties": {"lead": 0, "temp": "sp:brook_trout:s2"}, "geometry": {"type": "Polygon", "coordinates": [[[-89.218994, 48.356806], [-89.218731, 48.356741], [-89.218556, 48.356674], [-89.218468, 48.356605], [-89.218468, 48.356533], [-89.218502, 48.356464], [-89.218569, 48.356397], [-89.21867, 48.356332], [-89.218805, 48.356269], [-89.219004, 48.356249], [-89.219267, 48.356271], [-89.219594, 48.356336], [-89.219984, 48.356444], [-89.220234, 48.356547], [-89.220342, 48.356645], [-89.220308, 48.356739], [-89.220133, 48.356828], [-89.219914, 48.35688], [-89.219651, 48.356893], [-89.219344, 48.356869], [-89.218994, 48.356806]], [[-89.219027, 48.356462], [-89.219017, 48.356464], [-89.21901, 48.356468], [-89.219007, 48.356475], [-89.219007, 48.356484], [-89.21901, 48.356488], [-89.219017, 48.356488], [-89.219027, 48.356484], [-89.219041, 48.356475], [-89.219048, 48.356468], [-89.219048, 48.356464], [-89.219041, 48.356462], [-89.219027, 48.356462]]]}}, {"type": "Feature", "properties": {"lead": 0, "temp": "sp:brook_trout:s3"}, "geometry": {"type": "Polygon", "coordinates": [[[-89.226448, 48.35278], [-89.226448, 48.352735], [-89.226458, 48.352704], [-89.226479, 48.352686], [-89.226509, 48.352681], [-89.226549, 48.35269], [-89.22657, 48.352706], [-89.22657, 48.352728], [-89.226549, 48.352757], [-89.226509, 48.352793], [-89.226479, 48.352809], [-89.226458, 48.352804], [-89.226448, 48.35278]]]}}, {"type": "Feature", "properties": {"lead": 0, "temp": "sp:brook_trout:s3"}, "geometry": {"type": "Polygon", "coordinates": [[[-89.226745, 48.35307], [-89.226691, 48.353053], [-89.226718, 48.353035], [-89.226826, 48.353017], [-89.227014, 48.352999], [-89.227284, 48.352981], [-89.227432, 48.352976], [-89.227459, 48.352985], [-89.227365, 48.353008], [-89.227149, 48.353044], [-89.226974, 48.353066], [-89.226839, 48.353075], [-89.226745, 48.35307]]]}}, {"type": "Feature", "properties": {"lead": 0, "temp": "sp:brook_trout:s3"}, "geometry": {"type": "Polygon", "coordinates": [[[-89.227648, 48.353205], [-89.227513, 48.353205], [-89.227409, 48.3532], [-89.227335, 48.353191], [-89.227291, 48.353178], [-89.227277, 48.35316], [-89.227314, 48.35314], [-89.227402, 48.353117], [-89.22754, 48.353093], [-89.227729, 48.353066], [-89.22786, 48.353057], [-89.227934, 48.353066], [-89.227951, 48.353093], [-89.227911, 48.353138], [-89.227847, 48.353171], [-89.227759, 48.353193], [-89.227648, 48.353205]]]}}, {"type": "Feature", "properties": {"lead": 0, "temp": "sp:brook_trout:s3"}, "geometry": {"type": "Polygon", "coordinates": [[[-89.22785, 48.353267], [-89.22787, 48.353254], [-89.227911, 48.353245], [-89.227971, 48.35324], [-89.228052, 48.35324], [-89.228093, 48.353245], [-89.228093, 48.353254], [-89.228052, 48.353267], [-89.227971, 48.353285], [-89.227911, 48.353294], [-89.22787, 48.353294], [-89.22785, 48.353285], [-89.22785, 48.353267]]]}}, {"type": "Feature", "properties": {"lead": 0, "temp": "sp:brook_trout:s3"}, "geometry": {"type": "Polygon", "coordinates": [[[-89.227688, 48.35414], [-89.227698, 48.35412], [-89.227719, 48.354106], [-89.227749, 48.354099], [-89.227789, 48.354099], [-89.22781, 48.354106], [-89.22781, 48.35412], [-89.227789, 48.35414], [-89.227749, 48.354167], [-89.227719, 48.35418], [-89.227698, 48.35418], [-89.227688, 48.354167], [-89.227688, 48.35414]]]}}, {"type": "Feature", "properties": {"lead": 0, "temp": "sp:brook_trout:s3"}, "geometry": {"type": "Polygon", "coordinates": [[[-89.226826, 48.354806], [-89.226826, 48.354753], [-89.226836, 48.354717], [-89.226856, 48.354699], [-89.226886, 48.354699], [-89.226927, 48.354717], [-89.226947, 48.354739], [-89.226947, 48.354766], [-89.226927, 48.354797], [-89.226886, 48.354833], [-89.226856, 48.354847], [-89.226836, 48.354838], [-89.226826, 48.354806]]]}}, {"type": "Feature", "properties": {"lead": 0, "temp": "sp:brook_trout:s3"}, "geometry": {"type": "Polygon", "coordinates": [[[-89.2245, 48.352274], [-89.224531, 48.352281], [-89.224551, 48.352294], [-89.224561, 48.352314], [-89.224561, 48.352341], [-89.224551, 48.352355], [-89.224531, 48.352355], [-89.2245, 48.352341], [-89.22446, 48.352314], [-89.22444, 48.352294], [-89.22444, 48.352281], [-89.22446, 48.352274], [-89.2245, 48.352274]]]}}, {"type": "Feature", "properties": {"lead": 0, "temp": "sp:brook_trout:s3"}, "geometry": {"type": "Polygon", "coordinates": [[[-89.223914, 48.352373], [-89.223934, 48.352359], [-89.223975, 48.35235], [-89.224035, 48.352346], [-89.224116, 48.352346], [-89.224157, 48.35235], [-89.224157, 48.352359], [-89.224116, 48.352373], [-89.224035, 48.35239], [-89.223975, 48.352399], [-89.223934, 48.352399], [-89.223914, 48.35239], [-89.223914, 48.352373]]]}}, {"type": "Feature", "properties": {"lead": 0, "temp": "sp:brook_trout:s3"}, "geometry": {"type": "Polygon", "coordinates": [[[-89.225505, 48.352699], [-89.225343, 48.352672], [-89.225218, 48.352648], [-89.22513, 48.352625], [-89.22508, 48.352605], [-89.225066, 48.352587], [-89.225093, 48.352567], [-89.225161, 48.352545], [-89.225269, 48.35252], [-89.225417, 48.352493], [-89.225535, 48.352491], [-89.225623, 48.352513], [-89.22568, 48.35256], [-89.225707, 48.352632], [-89.225687, 48.352679], [-89.225619, 48.352701], [-89.225505, 48.352699]], [[-89.225619, 48.352668], [-89.225606, 48.352668], [-89.225596, 48.35267], [-89.225589, 48.352674], [-89.225585, 48.352681], [-89.225585, 48.35269], [-89.225589, 48.352695], [-89.225596, 48.352695], [-89.225606, 48.35269], [-89.225619, 48.352681], [-89.225626, 48.352674], [-89.225626, 48.35267], [-89.225619, 48.352668]], [[-89.225565, 48.352596], [-89.225552, 48.352596], [-89.225542, 48.352598], [-89.225535, 48.352603], [-89.225532, 48.35261], [-89.225532, 48.352619], [-89.225535, 48.352623], [-89.225542, 48.352623], [-89.225552, 48.352619], [-89.225565, 48.35261], [-89.225572, 48.352603], [-89.225572, 48.352598], [-89.225565, 48.352596]]]}}, {"type": "Feature", "properties": {"lead": 0, "temp": "sp:brook_trout:s3"}, "geometry": {"type": "Polygon", "coordinates": [[[-89.225983, 48.352883], [-89.225892, 48.35288], [-89.225831, 48.352876], [-89.225801, 48.352869], [-89.225801, 48.35286], [-89.225831, 48.352845], [-89.225892, 48.352822], [-89.225983, 48.352793], [-89.226104, 48.352757], [-89.226195, 48.352742], [-89.226256, 48.352746], [-89.226286, 48.352771], [-89.226286, 48.352815], [-89.226256, 48.352849], [-89.226195, 48.352871], [-89.226104, 48.352883], [-89.225983, 48.352883]]]}}, {"type": "Feature", "properties": {"lead": 0, "temp": "sp:brook_trout:s3"}, "geometry": {"type": "Polygon", "coordinates": [[[-89.226125, 48.352945], [-89.226155, 48.352932], [-89.226216, 48.352923], [-89.226307, 48.352918], [-89.226428, 48.352918], [-89.226489, 48.352923], [-89.226489, 48.352932], [-89.226428, 48.352945], [-89.226307, 48.352963], [-89.226216, 48.352972], [-89.226155, 48.352972], [-89.226125, 48.352963], [-89.226125, 48.352945]]]}}, {"type": "Feature", "properties": {"lead": 0, "temp": "sp:brook_trout:s4"}, "geometry": {"type": "Polygon", "coordinates": [[[-89.197071, 48.311518], [-89.197065, 48.311518], [-89.197061, 48.311477], [-89.197061, 48.311397], [-89.197065, 48.311336], [-89.197071, 48.311296], [-89.197082, 48.311276], [-89.197095, 48.311276], [-89.197102, 48.311296], [-89.197102, 48.311336], [-89.197095, 48.311397], [-89.197082, 48.311477], [-89.197071, 48.311518]]]}}, {"type": "Feature", "properties": {"lead": 0, "temp": "sp:brook_trout:s4"}, "geometry": {"type": "Polygon", "coordinates": [[[-89.226826, 48.355115], [-89.226805, 48.35511], [-89.226792, 48.355093], [-89.226795, 48.355075], [-89.226816, 48.355057], [-89.226853, 48.355039], [-89.226907, 48.355021], [-89.226937, 48.355017], [-89.226944, 48.355025], [-89.226927, 48.355048], [-89.226886, 48.355084], [-89.226853, 48.355106], [-89.226826, 48.355115]]]}}, {"type": "Feature", "properties": {"lead": 0, "temp": "sp:brook_trout:s4"}, "geometry": {"type": "Polygon", "coordinates": [[[-89.219371, 48.356327], [-89.219344, 48.356314], [-89.219317, 48.356287], [-89.21931, 48.356267], [-89.219324, 48.356254], [-89.219358, 48.356247], [-89.219412, 48.356247], [-89.219445, 48.356254], [-89.219459, 48.356267], [-89.219452, 48.356287], [-89.219425, 48.356314], [-89.219398, 48.356327], [-89.219371, 48.356327]]]}}, {"type": "Feature", "properties": {"lead": 0, "temp": "sp:salmon:s1"}, "geometry": {"type": "Polygon", "coordinates": [[[-89.222418, 48.352019], [-89.222391, 48.351921], [-89.222387, 48.35184], [-89.222407, 48.351777], [-89.222451, 48.351733], [-89.222519, 48.351706], [-89.222573, 48.351697], [-89.222613, 48.351706], [-89.22264, 48.351733], [-89.222654, 48.351777], [-89.22265, 48.351831], [-89.22263, 48.351894], [-89.222593, 48.351965], [-89.222539, 48.352046], [-89.222492, 48.352082], [-89.222451, 48.352073], [-89.222418, 48.352019]]]}}, {"type": "Feature", "properties": {"lead": 0, "temp": "sp:salmon:s1"}, "geometry": {"type": "Polygon", "coordinates": [[[-89.223914, 48.352041], [-89.223927, 48.352017], [-89.223954, 48.352003], [-89.223995, 48.352001], [-89.224049, 48.35201], [-89.224076, 48.352024], [-89.224076, 48.352041], [-89.224049, 48.352064], [-89.223995, 48.352091], [-89.223954, 48.352102], [-89.223927, 48.352097], [-89.223914, 48.352077], [-89.223914, 48.352041]]]}}, {"type": "Feature", "properties": {"lead": 0, "temp": "sp:salmon:s1"}, "geometry": {"type": "Polygon", "coordinates": [[[-89.231584, 48.354596], [-89.231406, 48.354489], [-89.231129, 48.35439], [-89.230755, 48.354301], [-89.230283, 48.35422], [-89.229906, 48.354144], [-89.229623, 48.354073], [-89.229434, 48.354005], [-89.22934, 48.353943], [-89.229292, 48.353889], [-89.229292, 48.353844], [-89.22934, 48.353809], [-89.229434, 48.353782], [-89.229491, 48.353748], [-89.229512, 48.353708], [-89.229495, 48.353661], [-89.229441, 48.353607], [-89.229164, 48.353525], [-89.228666, 48.353413], [-89.227944, 48.353272], [-89.227001, 48.353102], [-89.226253, 48.352952], [-89.2257, 48.352822], [-89.225343, 48.352713], [-89.225181, 48.352623], [-89.224925, 48.352554], [-89.224574, 48.352504], [-89.22413, 48.352475], [-89.22359, 48.352466], [-89.223189, 48.352433], [-89.222926, 48.352375], [-89.222802, 48.352292], [-89.222815, 48.352185], [-89.222879, 48.3521], [-89.222994, 48.352037], [-89.223159, 48.351997], [-89.223375, 48.351979], [-89.223536, 48.351985], [-89.223644, 48.352017], [-89.223698, 48.352073], [-89.223698, 48.352153], [-89.223752, 48.352205], [-89.22386, 48.352227], [-89.224022, 48.35222], [-89.224237, 48.352185], [-89.224399, 48.352173], [-89.224507, 48.352187], [-89.224561, 48.352225], [-89.224561, 48.352287], [-89.224588, 48.352326], [-89.224642, 48.352339], [-89.224723, 48.352328], [-89.224831, 48.352292], [-89.224918, 48.352281], [-89.224986, 48.352294], [-89.225033, 48.352332], [-89.22506, 48.352395], [-89.22509, 48.352431], [-89.225124, 48.35244], [-89.225161, 48.352422], [-89.225201, 48.352377], [-89.225262, 48.35235], [-89.225343, 48.352341], [-89.225444, 48.35235], [-89.225565, 48.352377], [-89.22566, 48.352415], [-89.225727, 48.352464], [-89.225767, 48.352525], [-89.225781, 48.352596], [-89.225821, 48.35265], [-89.225889, 48.352686], [-89.225983, 48.352704], [-89.226104, 48.352704], [-89.226195, 48.352713], [-89.226256, 48.35273], [-89.226286, 48.352757], [-89.226286, 48.352793], [-89.22631, 48.352806], [-89.226357, 48.352798], [-89.226428, 48.352766], [-89.226522, 48.352713], [-89.227051, 48.352791], [-89.228015, 48.353001], [-89.229414, 48.353343], [-89.231247, 48.353818], [-89.232649, 48.354171], [-89.23362, 48.354404], [-89.234159, 48.354515], [-89.234267, 48.354507], [-89.234375, 48.354518], [-89.234482, 48.354549], [-89.23459, 48.3546], [-89.234698, 48.354672], [-89.234587, 48.354732], [-89.234257, 48.354782], [-89.233707, 48.35482], [-89.232939, 48.354847], [-89.232342, 48.354838], [-89.231918, 48.354793], [-89.231665, 48.354712], [-89.231584, 48.354596]]]}}, {"type": "Feature", "properties": {"lead": 0, "temp": "sp:salmon:s1"}, "geometry": {"type": "Polygon", "coordinates": [[[-89.228497, 48.35414], [-89.228511, 48.35412], [-89.228538, 48.354106], [-89.228578, 48.354099], [-89.228632, 48.354099], [-89.228659, 48.354106], [-89.228659, 48.35412], [-89.228632, 48.35414], [-89.228578, 48.354167], [-89.228538, 48.35418], [-89.228511, 48.35418], [-89.228497, 48.354167], [-89.228497, 48.35414]]]}}, {"type": "Feature", "properties": {"lead": 0, "temp": "sp:salmon:s1"}, "geometry": {"type": "Polygon", "coordinates": [[[-89.22665, 48.355034], [-89.226549, 48.354985], [-89.226482, 48.354914], [-89.226448, 48.35482], [-89.226448, 48.354703], [-89.226492, 48.354596], [-89.22658, 48.354498], [-89.226711, 48.354408], [-89.226886, 48.354328], [-89.227018, 48.354252], [-89.227105, 48.35418], [-89.227149, 48.354113], [-89.227149, 48.35405], [-89.227213, 48.354003], [-89.227341, 48.353972], [-89.227533, 48.353956], [-89.227789, 48.353956], [-89.227907, 48.353992], [-89.227887, 48.354064], [-89.227729, 48.354171], [-89.227432, 48.354314], [-89.22721, 48.354457], [-89.227062, 48.3546], [-89.226987, 48.354744], [-89.226987, 48.354887], [-89.226954, 48.354987], [-89.226886, 48.355046], [-89.226785, 48.355061], [-89.22665, 48.355034]]]}}, {"type": "Feature", "properties": {"lead": 0, "temp": "sp:salmon:s1"}, "geometry": {"type": "Polygon", "coordinates": [[[-89.22971, 48.356113], [-89.228942, 48.355956], [-89.22843, 48.35584], [-89.228174, 48.355764], [-89.228174, 48.355728], [-89.228066, 48.355694], [-89.22785, 48.355663], [-89.227527, 48.355634], [-89.227095, 48.355607], [-89.226748, 48.355562], [-89.226485, 48.3555], [-89.226307, 48.355419], [-89.226212, 48.355321], [-89.226273, 48.355254], [-89.226489, 48.355218], [-89.226859, 48.355213], [-89.227385, 48.35524], [-89.227823, 48.355272], [-89.228174, 48.355307], [-89.228437, 48.355348], [-89.228612, 48.355392], [-89.228743, 48.355448], [-89.228831, 48.355515], [-89.228875, 48.355594], [-89.228875, 48.355683], [-89.228895, 48.35575], [-89.228935, 48.355795], [-89.228996, 48.355817], [-89.229077, 48.355817], [-89.229127, 48.355799], [-89.229148, 48.355764], [-89.229137, 48.35571], [-89.229097, 48.355638], [-89.229121, 48.355594], [-89.229208, 48.355576], [-89.22936, 48.355585], [-89.229576, 48.355621], [-89.229872, 48.355681], [-89.23025, 48.355766], [-89.230708, 48.355876], [-89.231247, 48.35601], [-89.231665, 48.356135], [-89.231962, 48.356251], [-89.232137, 48.356359], [-89.232191, 48.356457], [-89.231975, 48.356482], [-89.23149, 48.356432], [-89.230735, 48.356309], [-89.22971, 48.356113]], [[-89.229562, 48.355817], [-89.229461, 48.355824], [-89.229394, 48.355837], [-89.22936, 48.355858], [-89.22936, 48.355884], [-89.229394, 48.355898], [-89.229461, 48.355898], [-89.229562, 48.355884], [-89.229697, 48.355858], [-89.229764, 48.355837], [-89.229764, 48.355824], [-89.229697, 48.355817], [-89.229562, 48.355817]], [[-89.228578, 48.355567], [-89.228538, 48.355574], [-89.228511, 48.355587], [-89.228497, 48.355607], [-89.228497, 48.355634], [-89.228511, 48.355647], [-89.228538, 48.355647], [-89.228578, 48.355634], [-89.228632, 48.355607], [-89.228659, 48.355587], [-89.228659, 48.355574], [-89.228632, 48.355567], [-89.228578, 48.355567]]]}}, {"type": "Feature", "properties": {"lead": 0, "temp": "sp:salmon:s1"}, "geometry": {"type": "Polygon", "coordinates": [[[-89.225046, 48.35826], [-89.224504, 48.357945], [-89.223958, 48.357654], [-89.223408, 48.357388], [-89.222856, 48.357146], [-89.222482, 48.356972], [-89.222286, 48.356864], [-89.222269, 48.356824], [-89.222431, 48.356851], [-89.222674, 48.356918], [-89.222997, 48.357025], [-89.223402, 48.357173], [-89.223887, 48.357361], [-89.224352, 48.357567], [-89.224797, 48.35779], [-89.225221, 48.358032], [-89.225626, 48.358291], [-89.225939, 48.358513], [-89.226162, 48.358696], [-89.226293, 48.358841], [-89.226334, 48.358949], [-89.226229, 48.358944], [-89.22598, 48.358828], [-89.225585, 48.3586], [-89.225046, 48.35826]]]}}, {"type": "Feature", "properties": {"lead": 0, "temp": "sp:salmon:s1"}, "geometry": {"type": "Polygon", "coordinates": [[[-89.197055, 48.310197], [-89.197014, 48.310027], [-89.197011, 48.30985], [-89.197045, 48.309666], [-89.197115, 48.309476], [-89.197223, 48.309279], [-89.197321, 48.309131], [-89.197408, 48.309033], [-89.197486, 48.308983], [-89.197553, 48.308983], [-89.197594, 48.309042], [-89.197607, 48.309158], [-89.197594, 48.309333], [-89.197553, 48.309565], [-89.19751, 48.30974], [-89.197462, 48.309856], [-89.197412, 48.309915], [-89.197358, 48.309915], [-89.197307, 48.309948], [-89.19726, 48.310015], [-89.197216, 48.310116], [-89.197176, 48.310251], [-89.197135, 48.310309], [-89.197095, 48.310291], [-89.197055, 48.310197]]]}}, {"type": "Feature", "properties": {"lead": 0, "temp": "sp:salmon:s1"}, "geometry": {"type": "Polygon", "coordinates": [[[-89.197297, 48.312507], [-89.197045, 48.312232], [-89.196876, 48.311905], [-89.196792, 48.311527], [-89.196792, 48.311097], [-89.196812, 48.310862], [-89.196852, 48.310821], [-89.196913, 48.310976], [-89.196994, 48.311325], [-89.197098, 48.311636], [-89.197226, 48.311909], [-89.197378, 48.312145], [-89.197553, 48.312342], [-89.197729, 48.312503], [-89.197904, 48.312628], [-89.198079, 48.312718], [-89.198254, 48.312771], [-89.198362, 48.312825], [-89.198403, 48.312879], [-89.198376, 48.312933], [-89.198281, 48.312986], [-89.198126, 48.312971], [-89.197911, 48.312886], [-89.197634, 48.312731], [-89.197297, 48.312507]]]}}, {"type": "Feature", "properties": {"lead": 0, "temp": "sp:salmon:s1"}, "geometry": {"type": "Polygon", "coordinates": [[[-89.19874, 48.313385], [-89.19874, 48.313344], [-89.19878, 48.313309], [-89.198861, 48.313277], [-89.198982, 48.31325], [-89.199073, 48.313244], [-89.199134, 48.313257], [-89.199164, 48.313291], [-89.199164, 48.313344], [-89.199144, 48.313389], [-89.199104, 48.313425], [-89.199043, 48.313452], [-89.198962, 48.31347], [-89.198891, 48.313472], [-89.198831, 48.313459], [-89.19878, 48.31343], [-89.19874, 48.313385]]]}}, {"type": "Feature", "properties": {"lead": 0, "temp": "sp:salmon:s1"}, "geometry": {"type": "Polygon", "coordinates": [[[-89.213797, 48.353294], [-89.213716, 48.353238], [-89.213676, 48.353162], [-89.213676, 48.353066], [-89.213716, 48.35295], [-89.21378, 48.352869], [-89.213868, 48.352824], [-89.213979, 48.352815], [-89.214114, 48.352842], [-89.214201, 48.352894], [-89.214242, 48.35297], [-89.214235, 48.35307], [-89.214181, 48.353196], [-89.21411, 48.353281], [-89.214023, 48.353325], [-89.213918, 48.35333], [-89.213797, 48.353294]]]}}, {"type": "Feature", "properties": {"lead": 0, "temp": "sp:salmon:s1"}, "geometry": {"type": "Polygon", "coordinates": [[[-89.215833, 48.353903], [-89.215543, 48.353829], [-89.215435, 48.353788], [-89.215509, 48.353782], [-89.215765, 48.353809], [-89.215971, 48.35382], [-89.216126, 48.353815], [-89.21623, 48.353795], [-89.216284, 48.353759], [-89.216325, 48.353748], [-89.216352, 48.353762], [-89.216365, 48.3538], [-89.216365, 48.353862], [-89.216385, 48.3539], [-89.216426, 48.353914], [-89.216486, 48.353903], [-89.216567, 48.353867], [-89.216648, 48.353862], [-89.216729, 48.353889], [-89.21681, 48.353947], [-89.216891, 48.354037], [-89.216833, 48.354077], [-89.216638, 48.354068], [-89.216304, 48.35401], [-89.215833, 48.353903]]]}}, {"type": "Feature", "properties": {"lead": 0, "temp": "sp:salmon:s1"}, "geometry": {"type": "Polygon", "coordinates": [[[-89.217389, 48.35422], [-89.21742, 48.354214], [-89.21748, 48.354209], [-89.217571, 48.354207], [-89.217693, 48.354207], [-89.217753, 48.354209], [-89.217753, 48.354214], [-89.217693, 48.35422], [-89.217571, 48.354229], [-89.21748, 48.354234], [-89.21742, 48.354234], [-89.217389, 48.354229], [-89.217389, 48.35422]]]}}, {"type": "Feature", "properties": {"lead": 0, "temp": "sp:salmon:s1"}, "geometry": {"type": "Polygon", "coordinates": [[[-89.219364, 48.356918], [-89.219169, 48.356884], [-89.21898, 48.356835], [-89.218798, 48.35677], [-89.218623, 48.35669], [-89.218525, 48.356607], [-89.218505, 48.356522], [-89.218562, 48.356435], [-89.218697, 48.356345], [-89.218808, 48.356296], [-89.218896, 48.356287], [-89.21896, 48.356318], [-89.219, 48.35639], [-89.219064, 48.356428], [-89.219152, 48.356432], [-89.219263, 48.356403], [-89.219398, 48.356341], [-89.219533, 48.356316], [-89.219668, 48.35633], [-89.219802, 48.356381], [-89.219937, 48.35647], [-89.220069, 48.356538], [-89.220197, 48.356582], [-89.220321, 48.356605], [-89.220443, 48.356605], [-89.220487, 48.356627], [-89.220453, 48.356672], [-89.220342, 48.356739], [-89.220153, 48.356828], [-89.219961, 48.356891], [-89.219765, 48.356927], [-89.219567, 48.356936], [-89.219364, 48.356918]], [[-89.219027, 48.356497], [-89.219017, 48.3565], [-89.21901, 48.356504], [-89.219007, 48.356511], [-89.219007, 48.35652], [-89.21901, 48.356524], [-89.219017, 48.356524], [-89.219027, 48.35652], [-89.219041, 48.356511], [-89.219048, 48.356504], [-89.219048, 48.3565], [-89.219041, 48.356497], [-89.219027, 48.356497]]]}}, {"type": "Feature", "properties": {"lead": 0, "temp": "sp:salmon:s2"}, "geometry": {"type": "Polygon", "coordinates": [[[-89.221541, 48.351912], [-89.221481, 48.351865], [-89.221467, 48.351815], [-89.221501, 48.351764], [-89.221582, 48.35171], [-89.221656, 48.351677], [-89.221723, 48.351663], [-89.221784, 48.35167], [-89.221838, 48.351697], [-89.221872, 48.351735], [-89.221885, 48.351784], [-89.221878, 48.351845], [-89.221851, 48.351916], [-89.221804, 48.351959], [-89.221737, 48.351972], [-89.221649, 48.351956], [-89.221541, 48.351912]]]}}, {"type": "Feature", "properties": {"lead": 0, "temp": "sp:salmon:s2"}, "geometry": {"type": "Polygon", "coordinates": [[[-89.222077, 48.351836], [-89.222097, 48.351818], [-89.222148, 48.351809], [-89.222229, 48.351809], [-89.222279, 48.351818], [-89.2223, 48.351836], [-89.22229, 48.351862], [-89.222249, 48.351898], [-89.222209, 48.351916], [-89.222168, 48.351916], [-89.222128, 48.351898], [-89.222087, 48.351862], [-89.222077, 48.351836]]]}}, {"type": "Feature", "properties": {"lead": 0, "temp": "sp:salmon:s2"}, "geometry": {"type": "Polygon", "coordinates": [[[-89.222657, 48.352017], [-89.222596, 48.352003], [-89.222566, 48.351983], [-89.222566, 48.351956], [-89.222573, 48.351932], [-89.222586, 48.351909], [-89.222606, 48.351889], [-89.222633, 48.351871], [-89.222677, 48.351869], [-89.222738, 48.351883], [-89.222815, 48.351912], [-89.22291, 48.351956], [-89.22295, 48.35199], [-89.222937, 48.352012], [-89.222869, 48.352024], [-89.222748, 48.352024], [-89.222657, 48.352017]]]}}, {"type": "Feature", "properties": {"lead": 0, "temp": "sp:salmon:s2"}, "geometry": {"type": "Polygon", "coordinates": [[[-89.224207, 48.352075], [-89.224227, 48.352088], [-89.224237, 48.352113], [-89.224237, 48.352149], [-89.224227, 48.352169], [-89.224207, 48.352173], [-89.224177, 48.352162], [-89.224136, 48.352135], [-89.224116, 48.352113], [-89.224116, 48.352095], [-89.224136, 48.352082], [-89.224177, 48.352073], [-89.224207, 48.352075]]]}}, {"type": "Feature", "properties": {"lead": 0, "temp": "sp:salmon:s2"}, "geometry": {"type": "Polygon", "coordinates": [[[-89.223718, 48.352151], [-89.223759, 48.352138], [-89.22382, 48.352131], [-89.2239, 48.352131], [-89.223941, 48.352138], [-89.223941, 48.352151], [-89.2239, 48.352171], [-89.22382, 48.352198], [-89.223759, 48.352211], [-89.223718, 48.352211], [-89.223698, 48.352198], [-89.223698, 48.352171], [-89.223718, 48.352151]]]}}, {"type": "Feature", "properties": {"lead": 0, "temp": "sp:salmon:s2"}, "geometry": {"type": "Polygon", "coordinates": [[[-89.225818, 48.352469], [-89.225852, 48.352464], [-89.225902, 48.352466], [-89.22597, 48.352475], [-89.226003, 48.352484], [-89.226003, 48.352493], [-89.22597, 48.352502], [-89.225902, 48.352511], [-89.225852, 48.352513], [-89.225818, 48.352509], [-89.225801, 48.352498], [-89.225801, 48.35248], [-89.225818, 48.352469]]]}}, {"type": "Feature", "properties": {"lead": 0, "temp": "sp:salmon:s2"}, "geometry": {"type": "Polygon", "coordinates": [[[-89.23338, 48.355008], [-89.233441, 48.354999], [-89.233532, 48.354994], [-89.233653, 48.354994], [-89.233714, 48.354999], [-89.233714, 48.355008], [-89.233653, 48.355021], [-89.233532, 48.355039], [-89.233441, 48.355048], [-89.23338, 48.355048], [-89.23335, 48.355039], [-89.23335, 48.355021], [-89.23338, 48.355008]]]}}, {"type": "Feature", "properties": {"lead": 0, "temp": "sp:salmon:s2"}, "geometry": {"type": "Polygon", "coordinates": [[[-89.23277, 48.355245], [-89.232666, 48.355227], [-89.232538, 48.355191], [-89.232386, 48.355137], [-89.232211, 48.355066], [-89.232154, 48.35501], [-89.232214, 48.35497], [-89.232393, 48.354945], [-89.23269, 48.354936], [-89.232902, 48.354949], [-89.23303, 48.354985], [-89.233074, 48.355043], [-89.233033, 48.355124], [-89.232983, 48.355184], [-89.232922, 48.355225], [-89.232851, 48.355245], [-89.23277, 48.355245]]]}}, {"type": "Feature", "properties": {"lead": 0, "temp": "sp:salmon:s2"}, "geometry": {"type": "Polygon", "coordinates": [[[-89.233856, 48.355122], [-89.233896, 48.355108], [-89.233957, 48.355102], [-89.234038, 48.355102], [-89.234078, 48.355108], [-89.234078, 48.355122], [-89.234038, 48.355142], [-89.233957, 48.355169], [-89.233896, 48.355182], [-89.233856, 48.355182], [-89.233835, 48.355169], [-89.233835, 48.355142], [-89.233856, 48.355122]]]}}, {"type": "Feature", "properties": {"lead": 0, "temp": "sp:salmon:s2"}, "geometry": {"type": "Polygon", "coordinates": [[[-89.235028, 48.355359], [-89.235042, 48.355372], [-89.235035, 48.355392], [-89.235008, 48.355419], [-89.234981, 48.355433], [-89.234954, 48.355433], [-89.234927, 48.355419], [-89.2349, 48.355392], [-89.234894, 48.355372], [-89.234907, 48.355359], [-89.234941, 48.355352], [-89.234995, 48.355352], [-89.235028, 48.355359]]]}}, {"type": "Feature", "properties": {"lead": 0, "temp": "sp:salmon:s2"}, "geometry": {"type": "Polygon", "coordinates": [[[-89.231284, 48.356741], [-89.230469, 48.356585], [-89.229468, 48.35635], [-89.228281, 48.356037], [-89.227496, 48.355808], [-89.227112, 48.355665], [-89.227129, 48.355607], [-89.227547, 48.355634], [-89.22786, 48.355663], [-89.228069, 48.355694], [-89.228174, 48.355728], [-89.228174, 48.355764], [-89.228335, 48.355817], [-89.228659, 48.355889], [-89.229144, 48.355978], [-89.229791, 48.356086], [-89.230341, 48.356189], [-89.230792, 48.356287], [-89.231146, 48.356381], [-89.231402, 48.35647], [-89.231625, 48.356538], [-89.231813, 48.356582], [-89.231968, 48.356605], [-89.23209, 48.356605], [-89.232191, 48.356589], [-89.232272, 48.356558], [-89.232332, 48.356511], [-89.232373, 48.356448], [-89.23244, 48.35643], [-89.232534, 48.356457], [-89.232656, 48.356529], [-89.232804, 48.356645], [-89.232804, 48.356732], [-89.232656, 48.35679], [-89.232359, 48.356819], [-89.231914, 48.356819], [-89.231284, 48.356741]]]}}, {"type": "Feature", "properties": {"lead": 0, "temp": "sp:salmon:s2"}, "geometry": {"type": "Polygon", "coordinates": [[[-89.219617, 48.356267], [-89.219651, 48.356254], [-89.219701, 48.356247], [-89.219769, 48.356247], [-89.219802, 48.356254], [-89.219802, 48.356267], [-89.219769, 48.356287], [-89.219701, 48.356314], [-89.219651, 48.356327], [-89.219617, 48.356327], [-89.2196, 48.356314], [-89.2196, 48.356287], [-89.219617, 48.356267]]]}}, {"type": "Feature", "properties": {"lead": 0, "temp": "sp:salmon:s2"}, "geometry": {"type": "Polygon", "coordinates": [[[-89.220227, 48.356589], [-89.22016, 48.356558], [-89.220092, 48.356511], [-89.220025, 48.356448], [-89.219998, 48.356403], [-89.220011, 48.356377], [-89.220065, 48.356368], [-89.22016, 48.356377], [-89.220241, 48.356397], [-89.220308, 48.356428], [-89.220362, 48.35647], [-89.220402, 48.356524], [-89.220416, 48.356564], [-89.220402, 48.356591], [-89.220362, 48.356605], [-89.220294, 48.356605], [-89.220227, 48.356589]]]}}, {"type": "Feature", "properties": {"lead": 0, "temp": "sp:salmon:s2"}, "geometry": {"type": "Polygon", "coordinates": [[[-89.225403, 48.358886], [-89.225255, 48.358815], [-89.225141, 48.358739], [-89.22506, 48.358658], [-89.224955, 48.358604], [-89.224827, 48.358578], [-89.224676, 48.358578], [-89.2245, 48.358604], [-89.224349, 48.358595], [-89.224221, 48.358551], [-89.224116, 48.35847], [-89.224035, 48.358354], [-89.223897, 48.35824], [-89.223702, 48.358128], [-89.223449, 48.358018], [-89.223139, 48.357911], [-89.222906, 48.357808], [-89.222751, 48.35771], [-89.222674, 48.357616], [-89.222674, 48.357526], [-89.222633, 48.357446], [-89.222552, 48.357374], [-89.222431, 48.357312], [-89.222269, 48.357258], [-89.222124, 48.357189], [-89.221996, 48.357104], [-89.221885, 48.357003], [-89.221791, 48.356887], [-89.221882, 48.356864], [-89.222158, 48.356936], [-89.22262, 48.357101], [-89.223267, 48.357361], [-89.22387, 48.35764], [-89.22443, 48.35794], [-89.224945, 48.35826], [-89.225417, 48.3586], [-89.225717, 48.358839], [-89.225845, 48.358978], [-89.225801, 48.359016], [-89.225585, 48.358953], [-89.225403, 48.358886]]]}}, {"type": "Feature", "properties": {"lead": 0, "temp": "sp:salmon:s2"}, "geometry": {"type": "Polygon", "coordinates": [[[-89.197553, 48.30957], [-89.197533, 48.30948], [-89.197533, 48.309382], [-89.197553, 48.309274], [-89.197594, 48.309158], [-89.197644, 48.309071], [-89.197705, 48.309012], [-89.197776, 48.308983], [-89.197857, 48.308983], [-89.197907, 48.309019], [-89.197927, 48.309091], [-89.197917, 48.309198], [-89.197877, 48.309342], [-89.197833, 48.309449], [-89.197786, 48.309521], [-89.197735, 48.309556], [-89.197681, 48.309556], [-89.197644, 48.30957], [-89.197624, 48.309597], [-89.197621, 48.309637], [-89.197634, 48.309691], [-89.197634, 48.309711], [-89.197621, 48.309698], [-89.197594, 48.309651], [-89.197553, 48.30957]]]}}, {"type": "Feature", "properties": {"lead": 0, "temp": "sp:salmon:s2"}, "geometry": {"type": "Polygon", "coordinates": [[[-89.197287, 48.309955], [-89.197307, 48.309928], [-89.197338, 48.309915], [-89.197378, 48.309915], [-89.197398, 48.309928], [-89.197398, 48.309955], [-89.197378, 48.309995], [-89.197338, 48.310049], [-89.197307, 48.310076], [-89.197287, 48.310076], [-89.197277, 48.310049], [-89.197277, 48.309995], [-89.197287, 48.309955]]]}}, {"type": "Feature", "properties": {"lead": 0, "temp": "sp:salmon:s2"}, "geometry": {"type": "Polygon", "coordinates": [[[-89.196964, 48.310851], [-89.196984, 48.310824], [-89.197014, 48.31081], [-89.197055, 48.31081], [-89.197075, 48.310824], [-89.197075, 48.310851], [-89.197055, 48.310891], [-89.197014, 48.310945], [-89.196984, 48.310971], [-89.196964, 48.310971], [-89.196954, 48.310945], [-89.196954, 48.310891], [-89.196964, 48.310851]]]}}, {"type": "Feature", "properties": {"lead": 0, "temp": "sp:salmon:s2"}, "geometry": {"type": "Polygon", "coordinates": [[[-89.197287, 48.311977], [-89.197307, 48.311963], [-89.197338, 48.311956], [-89.197378, 48.311956], [-89.197398, 48.311963], [-89.197398, 48.311977], [-89.197378, 48.311997], [-89.197338, 48.312024], [-89.197307, 48.312037], [-89.197287, 48.312037], [-89.197277, 48.312024], [-89.197277, 48.311997], [-89.197287, 48.311977]]]}}, {"type": "Feature", "properties": {"lead": 0, "temp": "sp:salmon:s2"}, "geometry": {"type": "Polygon", "coordinates": [[[-89.197503, 48.312194], [-89.197523, 48.312185], [-89.197553, 48.312185], [-89.197594, 48.312194], [-89.197614, 48.312205], [-89.197614, 48.312218], [-89.197594, 48.312234], [-89.197553, 48.312252], [-89.197523, 48.312259], [-89.197503, 48.312254], [-89.197493, 48.312239], [-89.197493, 48.312212], [-89.197503, 48.312194]]]}}, {"type": "Feature", "properties": {"lead": 0, "temp": "sp:salmon:s2"}, "geometry": {"type": "Polygon", "coordinates": [[[-89.198079, 48.312736], [-89.197958, 48.312664], [-89.197857, 48.31257], [-89.197776, 48.312453], [-89.197735, 48.312366], [-89.197735, 48.312308], [-89.197776, 48.312279], [-89.197857, 48.312279], [-89.197958, 48.312315], [-89.198079, 48.312386], [-89.198221, 48.312494], [-89.198382, 48.312637], [-89.198463, 48.312738], [-89.198463, 48.312796], [-89.198382, 48.312812], [-89.198221, 48.312785], [-89.198079, 48.312736]]]}}, {"type": "Feature", "properties": {"lead": 0, "temp": "sp:salmon:s2"}, "geometry": {"type": "Polygon", "coordinates": [[[-89.19815, 48.313015], [-89.19817, 48.313002], [-89.1982, 48.312995], [-89.198241, 48.312995], [-89.198261, 48.313002], [-89.198261, 48.313015], [-89.198241, 48.313036], [-89.1982, 48.313062], [-89.19817, 48.313076], [-89.19815, 48.313076], [-89.19814, 48.313062], [-89.19814, 48.313036], [-89.19815, 48.313015]]]}}, {"type": "Feature", "properties": {"lead": 0, "temp": "sp:salmon:s2"}, "geometry": {"type": "Polygon", "coordinates": [[[-89.199481, 48.313985], [-89.199326, 48.313815], [-89.199191, 48.31368], [-89.199077, 48.313582], [-89.198982, 48.313519], [-89.198945, 48.313468], [-89.198965, 48.313427], [-89.199043, 48.313398], [-89.199178, 48.31338], [-89.199313, 48.313439], [-89.199447, 48.313573], [-89.199582, 48.313783], [-89.199717, 48.31407], [-89.199774, 48.314233], [-89.199754, 48.314274], [-89.199656, 48.314191], [-89.199481, 48.313985]]]}}, {"type": "Feature", "properties": {"lead": 0, "temp": "sp:salmon:s2"}, "geometry": {"type": "Polygon", "coordinates": [[[-89.2147, 48.353455], [-89.21466, 48.353402], [-89.21464, 48.353334], [-89.21464, 48.353254], [-89.214606, 48.353211], [-89.214538, 48.353207], [-89.214437, 48.35324], [-89.214303, 48.353312], [-89.214215, 48.353332], [-89.214174, 48.353301], [-89.214181, 48.353218], [-89.214235, 48.353084], [-89.214329, 48.352999], [-89.214464, 48.352963], [-89.21464, 48.352976], [-89.214855, 48.353039], [-89.215003, 48.353113], [-89.215084, 48.353198], [-89.215098, 48.353294], [-89.215044, 48.353402], [-89.214983, 48.353475], [-89.214916, 48.353516], [-89.214842, 48.353522], [-89.214761, 48.353495], [-89.2147, 48.353455]]]}}, {"type": "Feature", "properties": {"lead": 0, "temp": "sp:salmon:s2"}, "geometry": {"type": "Polygon", "coordinates": [[[-89.215175, 48.353688], [-89.215169, 48.353634], [-89.215212, 48.353558], [-89.215307, 48.35346], [-89.215381, 48.353386], [-89.215435, 48.353337], [-89.215469, 48.353312], [-89.215482, 48.353312], [-89.215492, 48.353339], [-89.215499, 48.353393], [-89.215502, 48.353473], [-89.215502, 48.35358], [-89.215475, 48.353659], [-89.215421, 48.353708], [-89.215341, 48.353728], [-89.215233, 48.353719], [-89.215175, 48.353688]]]}}, {"type": "Feature", "properties": {"lead": 0, "temp": "sp:salmon:s2"}, "geometry": {"type": "Polygon", "coordinates": [[[-89.21686, 48.353983], [-89.216881, 48.353965], [-89.216911, 48.353956], [-89.216951, 48.353956], [-89.216972, 48.353965], [-89.216972, 48.353983], [-89.216951, 48.35401], [-89.216911, 48.354046], [-89.216881, 48.354064], [-89.21686, 48.354064], [-89.21685, 48.354046], [-89.21685, 48.35401], [-89.21686, 48.353983]]]}}, {"type": "Feature", "properties": {"lead": 0, "temp": "sp:salmon:s2"}, "geometry": {"type": "Polygon", "coordinates": [[[-89.217632, 48.354111], [-89.217578, 48.354079], [-89.217551, 48.354046], [-89.217551, 48.35401], [-89.217582, 48.353983], [-89.217642, 48.353965], [-89.217733, 48.353956], [-89.217855, 48.353956], [-89.217942, 48.353972], [-89.217996, 48.354003], [-89.218016, 48.35405], [-89.218003, 48.354113], [-89.217966, 48.354153], [-89.217905, 48.354171], [-89.217821, 48.354167], [-89.217713, 48.35414], [-89.217632, 48.354111]]]}}, {"type": "Feature", "properties": {"lead": 0, "temp": "sp:salmon:s2"}, "geometry": {"type": "Polygon", "coordinates": [[[-89.216857, 48.356088], [-89.216924, 48.356075], [-89.217039, 48.356068], [-89.217201, 48.356068], [-89.217288, 48.356075], [-89.217302, 48.356088], [-89.217241, 48.356108], [-89.217106, 48.356135], [-89.216999, 48.356148], [-89.216918, 48.356148], [-89.216864, 48.356135], [-89.216837, 48.356108], [-89.216857, 48.356088]]]}}, {"type": "Feature", "properties": {"lead": 0, "temp": "sp:salmon:s2"}, "geometry": {"type": "Polygon", "coordinates": [[[-89.218293, 48.356372], [-89.218266, 48.356336], [-89.218252, 48.3563], [-89.218252, 48.356265], [-89.218272, 48.356245], [-89.218313, 48.35624], [-89.218374, 48.356251], [-89.218454, 48.356278], [-89.218508, 48.356309], [-89.218535, 48.356345], [-89.218535, 48.356385], [-89.218508, 48.35643], [-89.218475, 48.356455], [-89.218434, 48.356459], [-89.218387, 48.356444], [-89.218333, 48.356408], [-89.218293, 48.356372]]]}}, {"type": "Feature", "properties": {"lead": 0, "temp": "sp:steelhead:s1"}, "geometry": {"type": "Polygon", "coordinates": [[[-89.221541, 48.351934], [-89.221481, 48.351892], [-89.221467, 48.351842], [-89.221501, 48.351786], [-89.221582, 48.351724], [-89.221656, 48.351684], [-89.221723, 48.351666], [-89.221784, 48.35167], [-89.221838, 48.351697], [-89.221872, 48.351735], [-89.221885, 48.351784], [-89.221878, 48.351845], [-89.221851, 48.351916], [-89.221804, 48.351961], [-89.221737, 48.351979], [-89.221649, 48.35197], [-89.221541, 48.351934]]]}}, {"type": "Feature", "properties": {"lead": 0, "temp": "sp:steelhead:s1"}, "geometry": {"type": "Polygon", "coordinates": [[[-89.222077, 48.351836], [-89.222097, 48.351818], [-89.222148, 48.351809], [-89.222229, 48.351809], [-89.222279, 48.351818], [-89.2223, 48.351836], [-89.22229, 48.351862], [-89.222249, 48.351898], [-89.222209, 48.351916], [-89.222168, 48.351916], [-89.222128, 48.351898], [-89.222087, 48.351862], [-89.222077, 48.351836]]]}}, {"type": "Feature", "properties": {"lead": 0, "temp": "sp:steelhead:s1"}, "geometry": {"type": "Polygon", "coordinates": [[[-89.222654, 48.352019], [-89.222586, 48.35201], [-89.222546, 48.351997], [-89.222532, 48.351979], [-89.222536, 48.351959], [-89.222556, 48.351936], [-89.222593, 48.351912], [-89.222647, 48.351885], [-89.222707, 48.351876], [-89.222775, 48.351885], [-89.222849, 48.351912], [-89.22293, 48.351956], [-89.22296, 48.35199], [-89.22294, 48.352012], [-89.222869, 48.352024], [-89.222748, 48.352024], [-89.222654, 48.352019]]]}}, {"type": "Feature", "properties": {"lead": 0, "temp": "sp:steelhead:s1"}, "geometry": {"type": "Polygon", "coordinates": [[[-89.223799, 48.352265], [-89.223732, 48.352247], [-89.223698, 48.35222], [-89.223698, 48.352185], [-89.223732, 48.352153], [-89.223799, 48.352126], [-89.2239, 48.352104], [-89.224035, 48.352086], [-89.224136, 48.352086], [-89.224204, 48.352104], [-89.224237, 48.35214], [-89.224237, 48.352194], [-89.224204, 48.352234], [-89.224136, 48.352261], [-89.224035, 48.352274], [-89.2239, 48.352274], [-89.223799, 48.352265]]]}}, {"type": "Feature", "properties": {"lead": 0, "temp": "sp:steelhead:s1"}, "geometry": {"type": "Polygon", "coordinates": [[[-89.225922, 48.352715], [-89.225842, 48.352666], [-89.225801, 48.35261], [-89.225801, 48.352547], [-89.225845, 48.352509], [-89.225933, 48.352496], [-89.226064, 48.352507], [-89.226239, 48.352543], [-89.226367, 48.352585], [-89.226448, 48.352634], [-89.226482, 48.35269], [-89.226468, 48.352753], [-89.226418, 48.352791], [-89.22633, 48.352804], [-89.226206, 48.352793], [-89.226044, 48.352757], [-89.225922, 48.352715]]]}}, {"type": "Feature", "properties": {"lead": 0, "temp": "sp:steelhead:s1"}, "geometry": {"type": "Polygon", "coordinates": [[[-89.227159, 48.354442], [-89.227179, 48.354428], [-89.22721, 48.354422], [-89.22725, 48.354422], [-89.22727, 48.354428], [-89.22727, 48.354442], [-89.22725, 48.354462], [-89.22721, 48.354489], [-89.227179, 48.354502], [-89.227159, 48.354502], [-89.227149, 48.354489], [-89.227149, 48.354462], [-89.227159, 48.354442]]]}}, {"type": "Feature", "properties": {"lead": 0, "temp": "sp:steelhead:s1"}, "geometry": {"type": "Polygon", "coordinates": [[[-89.226997, 48.354556], [-89.227018, 48.354538], [-89.227048, 48.354529], [-89.227088, 48.354529], [-89.227109, 48.354538], [-89.227109, 48.354556], [-89.227088, 48.354583], [-89.227048, 48.354618], [-89.227018, 48.354636], [-89.226997, 48.354636], [-89.226987, 48.354618], [-89.226987, 48.354583], [-89.226997, 48.354556]]]}}, {"type": "Feature", "properties": {"lead": 0, "temp": "sp:steelhead:s1"}, "geometry": {"type": "Polygon", "coordinates": [[[-89.226836, 48.354907], [-89.226856, 48.354894], [-89.226886, 48.354887], [-89.226927, 48.354887], [-89.226947, 48.354894], [-89.226947, 48.354907], [-89.226927, 48.354927], [-89.226886, 48.354954], [-89.226856, 48.354967], [-89.226836, 48.354967], [-89.226826, 48.354954], [-89.226826, 48.354927], [-89.226836, 48.354907]]]}}, {"type": "Feature", "properties": {"lead": 0, "temp": "sp:steelhead:s1"}, "geometry": {"type": "Polygon", "coordinates": [[[-89.23338, 48.355014], [-89.233441, 48.355001], [-89.233532, 48.354994], [-89.233653, 48.354994], [-89.233714, 48.355001], [-89.233714, 48.355014], [-89.233653, 48.355034], [-89.233532, 48.355061], [-89.233441, 48.355075], [-89.23338, 48.355075], [-89.23335, 48.355061], [-89.23335, 48.355034], [-89.23338, 48.355014]]]}}, {"type": "Feature", "properties": {"lead": 0, "temp": "sp:steelhead:s1"}, "geometry": {"type": "Polygon", "coordinates": [[[-89.232666, 48.355227], [-89.232538, 48.355191], [-89.232386, 48.355137], [-89.232211, 48.355066], [-89.232154, 48.35501], [-89.232214, 48.35497], [-89.232393, 48.354945], [-89.23269, 48.354936], [-89.232902, 48.354949], [-89.23303, 48.354985], [-89.233074, 48.355043], [-89.233033, 48.355124], [-89.232983, 48.355184], [-89.232922, 48.355225], [-89.232851, 48.355245], [-89.23277, 48.355245], [-89.232666, 48.355227]]]}}, {"type": "Feature", "properties": {"lead": 0, "temp": "sp:steelhead:s1"}, "geometry": {"type": "Polygon", "coordinates": [[[-89.233856, 48.355128], [-89.233896, 48.35511], [-89.233957, 48.355102], [-89.234038, 48.355102], [-89.234078, 48.35511], [-89.234078, 48.355128], [-89.234038, 48.355155], [-89.233957, 48.355191], [-89.233896, 48.355209], [-89.233856, 48.355209], [-89.233835, 48.355191], [-89.233835, 48.355155], [-89.233856, 48.355128]]]}}, {"type": "Feature", "properties": {"lead": 0, "temp": "sp:steelhead:s1"}, "geometry": {"type": "Polygon", "coordinates": [[[-89.235028, 48.355359], [-89.235042, 48.355372], [-89.235035, 48.355392], [-89.235008, 48.355419], [-89.234981, 48.355433], [-89.234954, 48.355433], [-89.234927, 48.355419], [-89.2349, 48.355392], [-89.234894, 48.355372], [-89.234907, 48.355359], [-89.234941, 48.355352], [-89.234995, 48.355352], [-89.235028, 48.355359]]]}}, {"type": "Feature", "properties": {"lead": 0, "temp": "sp:steelhead:s1"}, "geometry": {"type": "Polygon", "coordinates": [[[-89.231294, 48.356741], [-89.230472, 48.356585], [-89.229468, 48.35635], [-89.228281, 48.356037], [-89.227496, 48.355808], [-89.227112, 48.355665], [-89.227129, 48.355607], [-89.227547, 48.355634], [-89.22786, 48.355663], [-89.228069, 48.355694], [-89.228174, 48.355728], [-89.228174, 48.355764], [-89.228335, 48.355817], [-89.228659, 48.355889], [-89.229144, 48.355978], [-89.229791, 48.356086], [-89.230341, 48.356189], [-89.230792, 48.356287], [-89.231146, 48.356381], [-89.231402, 48.35647], [-89.231625, 48.356538], [-89.231813, 48.356582], [-89.231968, 48.356605], [-89.23209, 48.356605], [-89.232194, 48.356589], [-89.232282, 48.356558], [-89.232353, 48.356511], [-89.232406, 48.356448], [-89.232484, 48.35643], [-89.232585, 48.356457], [-89.23271, 48.356529], [-89.232858, 48.356645], [-89.232855, 48.356732], [-89.2327, 48.35679], [-89.232393, 48.356819], [-89.231935, 48.356819], [-89.231294, 48.356741]]]}}, {"type": "Feature", "properties": {"lead": 0, "temp": "sp:steelhead:s1"}, "geometry": {"type": "Polygon", "coordinates": [[[-89.218283, 48.356412], [-89.218262, 48.356368], [-89.218252, 48.356323], [-89.218252, 48.356278], [-89.218272, 48.356251], [-89.218313, 48.356242], [-89.218374, 48.356251], [-89.218454, 48.356278], [-89.218505, 48.356314], [-89.218525, 48.356359], [-89.218515, 48.356412], [-89.218475, 48.356475], [-89.218434, 48.356511], [-89.218394, 48.35652], [-89.218353, 48.356502], [-89.218313, 48.356457], [-89.218283, 48.356412]]]}}, {"type": "Feature", "properties": {"lead": 0, "temp": "sp:steelhead:s1"}, "geometry": {"type": "Polygon", "coordinates": [[[-89.219536, 48.356276], [-89.219624, 48.356262], [-89.219863, 48.356296], [-89.220254, 48.356377], [-89.220503, 48.356444], [-89.220611, 48.356497], [-89.220578, 48.356538], [-89.220402, 48.356564], [-89.220217, 48.356558], [-89.220021, 48.356517], [-89.219816, 48.356444], [-89.2196, 48.356336], [-89.219536, 48.356276]]]}}, {"type": "Feature", "properties": {"lead": 0, "temp": "sp:steelhead:s1"}, "geometry": {"type": "Polygon", "coordinates": [[[-89.225403, 48.358913], [-89.225255, 48.358841], [-89.225141, 48.358761], [-89.22506, 48.358671], [-89.224955, 48.358611], [-89.224827, 48.35858], [-89.224676, 48.358578], [-89.2245, 48.358604], [-89.224349, 48.358595], [-89.224221, 48.358551], [-89.224116, 48.35847], [-89.224035, 48.358354], [-89.223897, 48.35824], [-89.223702, 48.358128], [-89.223449, 48.358018], [-89.223139, 48.357911], [-89.222906, 48.357808], [-89.222751, 48.35771], [-89.222674, 48.357616], [-89.222674, 48.357526], [-89.222633, 48.357446], [-89.222552, 48.357374], [-89.222431, 48.357312], [-89.222269, 48.357258], [-89.222124, 48.357189], [-89.221996, 48.357104], [-89.221885, 48.357003], [-89.221791, 48.356887], [-89.221882, 48.356864], [-89.222158, 48.356936], [-89.22262, 48.357101], [-89.223267, 48.357361], [-89.22387, 48.35764], [-89.22443, 48.35794], [-89.224945, 48.35826], [-89.225417, 48.3586], [-89.225717, 48.358841], [-89.225845, 48.358985], [-89.225801, 48.359029], [-89.225585, 48.358976], [-89.225403, 48.358913]]]}}, {"type": "Feature", "properties": {"lead": 0, "temp": "sp:steelhead:s1"}, "geometry": {"type": "Polygon", "coordinates": [[[-89.197533, 48.30948], [-89.197533, 48.309382], [-89.197553, 48.309274], [-89.197594, 48.309158], [-89.197644, 48.309071], [-89.197705, 48.309012], [-89.197776, 48.308983], [-89.197857, 48.308983], [-89.197897, 48.309019], [-89.197897, 48.309091], [-89.197857, 48.309198], [-89.197776, 48.309342], [-89.197715, 48.309462], [-89.197675, 48.309561], [-89.197654, 48.309637], [-89.197654, 48.309691], [-89.197644, 48.309711], [-89.197624, 48.309698], [-89.197594, 48.309651], [-89.197553, 48.30957], [-89.197533, 48.30948]]]}}, {"type": "Feature", "properties": {"lead": 0, "temp": "sp:steelhead:s1"}, "geometry": {"type": "Polygon", "coordinates": [[[-89.197291, 48.309955], [-89.197317, 48.309928], [-89.197358, 48.309915], [-89.197412, 48.309915], [-89.197439, 48.309928], [-89.197439, 48.309955], [-89.197412, 48.309995], [-89.197358, 48.310049], [-89.197317, 48.310076], [-89.197291, 48.310076], [-89.197277, 48.310049], [-89.197277, 48.309995], [-89.197291, 48.309955]]]}}, {"type": "Feature", "properties": {"lead": 0, "temp": "sp:steelhead:s1"}, "geometry": {"type": "Polygon", "coordinates": [[[-89.197125, 48.310257], [-89.197146, 48.310244], [-89.197176, 48.310237], [-89.197216, 48.310237], [-89.197237, 48.310244], [-89.197237, 48.310257], [-89.197216, 48.310277], [-89.197176, 48.310304], [-89.197146, 48.310318], [-89.197125, 48.310318], [-89.197115, 48.310304], [-89.197115, 48.310277], [-89.197125, 48.310257]]]}}, {"type": "Feature", "properties": {"lead": 0, "temp": "sp:steelhead:s1"}, "geometry": {"type": "Polygon", "coordinates": [[[-89.196964, 48.310851], [-89.196984, 48.310824], [-89.197014, 48.31081], [-89.197055, 48.31081], [-89.197075, 48.310824], [-89.197075, 48.310851], [-89.197055, 48.310891], [-89.197014, 48.310945], [-89.196984, 48.310971], [-89.196964, 48.310971], [-89.196954, 48.310945], [-89.196954, 48.310891], [-89.196964, 48.310851]]]}}, {"type": "Feature", "properties": {"lead": 0, "temp": "sp:steelhead:s1"}, "geometry": {"type": "Polygon", "coordinates": [[[-89.197125, 48.311762], [-89.197146, 48.311748], [-89.197176, 48.311742], [-89.197216, 48.311742], [-89.197237, 48.311748], [-89.197237, 48.311762], [-89.197216, 48.311782], [-89.197176, 48.311809], [-89.197146, 48.311822], [-89.197125, 48.311822], [-89.197115, 48.311809], [-89.197115, 48.311782], [-89.197125, 48.311762]]]}}, {"type": "Feature", "properties": {"lead": 0, "temp": "sp:steelhead:s1"}, "geometry": {"type": "Polygon", "coordinates": [[[-89.197291, 48.311977], [-89.197317, 48.311963], [-89.197358, 48.311956], [-89.197412, 48.311956], [-89.197439, 48.311963], [-89.197439, 48.311977], [-89.197412, 48.311997], [-89.197358, 48.312024], [-89.197317, 48.312037], [-89.197291, 48.312037], [-89.197277, 48.312024], [-89.197277, 48.311997], [-89.197291, 48.311977]]]}}, {"type": "Feature", "properties": {"lead": 0, "temp": "sp:steelhead:s1"}, "geometry": {"type": "Polygon", "coordinates": [[[-89.197503, 48.312192], [-89.197523, 48.312178], [-89.197553, 48.312171], [-89.197594, 48.312171], [-89.197614, 48.312178], [-89.197614, 48.312192], [-89.197594, 48.312212], [-89.197553, 48.312239], [-89.197523, 48.312252], [-89.197503, 48.312252], [-89.197493, 48.312239], [-89.197493, 48.312212], [-89.197503, 48.312192]]]}}, {"type": "Feature", "properties": {"lead": 0, "temp": "sp:steelhead:s1"}, "geometry": {"type": "Polygon", "coordinates": [[[-89.198089, 48.312736], [-89.197961, 48.312664], [-89.197857, 48.31257], [-89.197776, 48.312453], [-89.197735, 48.312366], [-89.197735, 48.312308], [-89.197776, 48.312279], [-89.197857, 48.312279], [-89.197961, 48.312315], [-89.198089, 48.312386], [-89.198241, 48.312494], [-89.198416, 48.312637], [-89.198504, 48.312738], [-89.198504, 48.312796], [-89.198416, 48.312812], [-89.198241, 48.312785], [-89.198089, 48.312736]]]}}, {"type": "Feature", "properties": {"lead": 0, "temp": "sp:steelhead:s1"}, "geometry": {"type": "Polygon", "coordinates": [[[-89.19815, 48.313015], [-89.19817, 48.313002], [-89.1982, 48.312995], [-89.198241, 48.312995], [-89.198261, 48.313002], [-89.198261, 48.313015], [-89.198241, 48.313036], [-89.1982, 48.313062], [-89.19817, 48.313076], [-89.19815, 48.313076], [-89.19814, 48.313062], [-89.19814, 48.313036], [-89.19815, 48.313015]]]}}, {"type": "Feature", "properties": {"lead": 0, "temp": "sp:steelhead:s1"}, "geometry": {"type": "Polygon", "coordinates": [[[-89.199326, 48.313815], [-89.199191, 48.31368], [-89.199077, 48.313582], [-89.198982, 48.313519], [-89.198945, 48.313465], [-89.198965, 48.313421], [-89.199043, 48.313385], [-89.199178, 48.313358], [-89.199313, 48.313412], [-89.199447, 48.313546], [-89.199582, 48.313761], [-89.199717, 48.314056], [-89.199774, 48.314227], [-89.199754, 48.314271], [-89.199656, 48.314191], [-89.199481, 48.313985], [-89.199326, 48.313815]]]}}, {"type": "Feature", "properties": {"lead": 0, "temp": "sp:steelhead:s1"}, "geometry": {"type": "Polygon", "coordinates": [[[-89.2147, 48.353455], [-89.21466, 48.353402], [-89.21464, 48.353334], [-89.21464, 48.353254], [-89.214606, 48.353211], [-89.214538, 48.353207], [-89.214437, 48.35324], [-89.214303, 48.353312], [-89.214215, 48.353332], [-89.214174, 48.353301], [-89.214181, 48.353218], [-89.214235, 48.353084], [-89.214329, 48.352999], [-89.214464, 48.352963], [-89.21464, 48.352976], [-89.214855, 48.353039], [-89.215003, 48.353113], [-89.215084, 48.353198], [-89.215098, 48.353294], [-89.215044, 48.353402], [-89.214983, 48.353475], [-89.214916, 48.353516], [-89.214842, 48.353522], [-89.214761, 48.353495], [-89.2147, 48.353455]]]}}, {"type": "Feature", "properties": {"lead": 0, "temp": "sp:steelhead:s1"}, "geometry": {"type": "Polygon", "coordinates": [[[-89.215465, 48.353341], [-89.215526, 48.353346], [-89.215556, 48.353402], [-89.215556, 48.353509], [-89.215526, 48.353587], [-89.215465, 48.353636], [-89.215374, 48.353657], [-89.215253, 48.353648], [-89.215192, 48.353616], [-89.215192, 48.353563], [-89.215253, 48.353487], [-89.215374, 48.353388], [-89.215465, 48.353341]]]}}, {"type": "Feature", "properties": {"lead": 0, "temp": "sp:steelhead:s1"}, "geometry": {"type": "Polygon", "coordinates": [[[-89.21686, 48.353983], [-89.216881, 48.353965], [-89.216911, 48.353956], [-89.216951, 48.353956], [-89.216972, 48.353965], [-89.216972, 48.353983], [-89.216951, 48.35401], [-89.216911, 48.354046], [-89.216881, 48.354064], [-89.21686, 48.354064], [-89.21685, 48.354046], [-89.21685, 48.35401], [-89.21686, 48.353983]]]}}, {"type": "Feature", "properties": {"lead": 0, "temp": "sp:steelhead:s1"}, "geometry": {"type": "Polygon", "coordinates": [[[-89.217632, 48.354111], [-89.217578, 48.354079], [-89.217551, 48.354046], [-89.217551, 48.35401], [-89.217582, 48.353983], [-89.217642, 48.353965], [-89.217733, 48.353956], [-89.217855, 48.353956], [-89.217942, 48.353972], [-89.217996, 48.354003], [-89.218016, 48.35405], [-89.218003, 48.354113], [-89.217966, 48.354153], [-89.217905, 48.354171], [-89.217821, 48.354167], [-89.217713, 48.35414], [-89.217632, 48.354111]]]}}, {"type": "Feature", "properties": {"lead": 0, "temp": "sp:steelhead:s1"}, "geometry": {"type": "Polygon", "coordinates": [[[-89.216988, 48.356189], [-89.216914, 48.356162], [-89.216864, 48.356135], [-89.216837, 48.356108], [-89.216877, 48.35609], [-89.216985, 48.356081], [-89.21716, 48.356081], [-89.217403, 48.35609], [-89.217561, 48.356108], [-89.217636, 48.356135], [-89.217625, 48.356171], [-89.217531, 48.356216], [-89.21743, 48.356242], [-89.217322, 48.356251], [-89.217208, 48.356242], [-89.217086, 48.356216], [-89.216988, 48.356189]]]}}, {"type": "Feature", "properties": {"lead": 0, "temp": "sp:steelhead:s2"}, "geometry": {"type": "Polygon", "coordinates": [[[-89.2346, 48.355553], [-89.234567, 48.355527], [-89.234557, 48.355486], [-89.23457, 48.355433], [-89.234553, 48.355377], [-89.234506, 48.355319], [-89.234428, 48.355258], [-89.234321, 48.355196], [-89.234176, 48.355146], [-89.233994, 48.35511], [-89.233775, 48.355088], [-89.233519, 48.355079], [-89.233326, 48.355064], [-89.233198, 48.355041], [-89.233134, 48.355012], [-89.233134, 48.354976], [-89.233252, 48.354947], [-89.233488, 48.354925], [-89.233842, 48.354909], [-89.234314, 48.3549], [-89.234658, 48.354907], [-89.234873, 48.354929], [-89.234961, 48.354967], [-89.23492, 48.355021], [-89.234907, 48.355072], [-89.23492, 48.355122], [-89.234961, 48.355169], [-89.235028, 48.355213], [-89.235062, 48.355265], [-89.235062, 48.355323], [-89.235028, 48.355388], [-89.234961, 48.355459], [-89.23489, 48.355513], [-89.234816, 48.355549], [-89.234738, 48.355567], [-89.234658, 48.355567], [-89.2346, 48.355553]]]}}, {"type": "Feature", "properties": {"lead": 0, "temp": "sp:steelhead:s2"}, "geometry": {"type": "Polygon", "coordinates": [[[-89.226886, 48.355676], [-89.226947, 48.355674], [-89.227028, 48.355674], [-89.227068, 48.355676], [-89.227068, 48.355681], [-89.227028, 48.355688], [-89.226947, 48.355697], [-89.226886, 48.355701], [-89.226846, 48.355701], [-89.226826, 48.355697], [-89.226826, 48.355688], [-89.226846, 48.355681], [-89.226886, 48.355676]]]}}, {"type": "Feature", "properties": {"lead": 0, "temp": "sp:steelhead:s2"}, "geometry": {"type": "Polygon", "coordinates": [[[-89.229067, 48.356251], [-89.229097, 48.356247], [-89.229137, 48.356247], [-89.229158, 48.356251], [-89.229158, 48.35626], [-89.229137, 48.356274], [-89.229097, 48.356292], [-89.229067, 48.3563], [-89.229046, 48.3563], [-89.229036, 48.356292], [-89.229036, 48.356274], [-89.229046, 48.35626], [-89.229067, 48.356251]]]}}, {"type": "Feature", "properties": {"lead": 0, "temp": "sp:steelhead:s2"}, "geometry": {"type": "Polygon", "coordinates": [[[-89.229383, 48.356381], [-89.229431, 48.356363], [-89.229501, 48.356354], [-89.229596, 48.356354], [-89.229643, 48.356363], [-89.229643, 48.356381], [-89.229596, 48.356408], [-89.229501, 48.356444], [-89.229431, 48.356462], [-89.229383, 48.356462], [-89.22936, 48.356444], [-89.22936, 48.356408], [-89.229383, 48.356381]]]}}, {"type": "Feature", "properties": {"lead": 0, "temp": "sp:steelhead:s2"}, "geometry": {"type": "Polygon", "coordinates": [[[-89.22999, 48.356504], [-89.230081, 48.356497], [-89.230202, 48.356497], [-89.230263, 48.356504], [-89.230263, 48.356517], [-89.230202, 48.356538], [-89.230081, 48.356564], [-89.22999, 48.356578], [-89.229929, 48.356578], [-89.229899, 48.356564], [-89.229899, 48.356538], [-89.229929, 48.356517], [-89.22999, 48.356504]]]}}, {"type": "Feature", "properties": {"lead": 0, "temp": "sp:steelhead:s2"}, "geometry": {"type": "Polygon", "coordinates": [[[-89.23063, 48.356611], [-89.230661, 48.356605], [-89.230701, 48.356605], [-89.230721, 48.356611], [-89.230721, 48.356625], [-89.230701, 48.356645], [-89.230661, 48.356672], [-89.23063, 48.356685], [-89.23061, 48.356685], [-89.2306, 48.356672], [-89.2306, 48.356645], [-89.23061, 48.356625], [-89.23063, 48.356611]]]}}, {"type": "Feature", "properties": {"lead": 0, "temp": "sp:steelhead:s2"}, "geometry": {"type": "Polygon", "coordinates": [[[-89.230944, 48.356732], [-89.230984, 48.356719], [-89.231045, 48.356712], [-89.231126, 48.356712], [-89.231166, 48.356719], [-89.231166, 48.356732], [-89.231126, 48.356752], [-89.231045, 48.356779], [-89.230984, 48.356793], [-89.230944, 48.356793], [-89.230924, 48.356779], [-89.230924, 48.356752], [-89.230944, 48.356732]]]}}, {"type": "Feature", "properties": {"lead": 0, "temp": "sp:steelhead:s2"}, "geometry": {"type": "Polygon", "coordinates": [[[-89.230752, 48.35684], [-89.230762, 48.35686], [-89.230762, 48.356887], [-89.230752, 48.3569], [-89.230732, 48.3569], [-89.230701, 48.356887], [-89.230661, 48.35686], [-89.230641, 48.35684], [-89.230641, 48.356826], [-89.230661, 48.356819], [-89.230701, 48.356819], [-89.230732, 48.356826], [-89.230752, 48.35684]]]}}, {"type": "Feature", "properties": {"lead": 0, "temp": "sp:steelhead:s2"}, "geometry": {"type": "Polygon", "coordinates": [[[-89.231497, 48.357023], [-89.231382, 48.356976], [-89.231328, 48.356913], [-89.231365, 48.35686], [-89.231493, 48.356815], [-89.231712, 48.356779], [-89.232022, 48.356752], [-89.232275, 48.356739], [-89.23247, 48.356739], [-89.232609, 48.356752], [-89.23269, 48.356779], [-89.23274, 48.356815], [-89.23276, 48.35686], [-89.23275, 48.356913], [-89.23271, 48.356976], [-89.232605, 48.357023], [-89.232437, 48.357054], [-89.232204, 48.35707], [-89.231908, 48.35707], [-89.231672, 48.357054], [-89.231497, 48.357023]]]}}, {"type": "Feature", "properties": {"lead": 0, "temp": "sp:steelhead:s2"}, "geometry": {"type": "Polygon", "coordinates": [[[-89.231095, 48.356947], [-89.231116, 48.356934], [-89.231146, 48.356927], [-89.231186, 48.356927], [-89.231207, 48.356934], [-89.231207, 48.356947], [-89.231186, 48.356967], [-89.231146, 48.356994], [-89.231116, 48.357007], [-89.231095, 48.357007], [-89.231085, 48.356994], [-89.231085, 48.356967], [-89.231095, 48.356947]]]}}, {"type": "Feature", "properties": {"lead": 0, "temp": "sp:steelhead:s2"}, "geometry": {"type": "Polygon", "coordinates": [[[-89.228713, 48.357745], [-89.228807, 48.357701], [-89.228942, 48.357692], [-89.22907, 48.357698], [-89.229191, 48.357721], [-89.229306, 48.357759], [-89.229414, 48.357813], [-89.229495, 48.357882], [-89.229549, 48.357967], [-89.229576, 48.358068], [-89.229576, 48.358184], [-89.229522, 48.358269], [-89.229414, 48.358323], [-89.229252, 48.358345], [-89.229036, 48.358336], [-89.228868, 48.358291], [-89.228747, 48.358211], [-89.228672, 48.358094], [-89.228645, 48.357942], [-89.228659, 48.357826], [-89.228713, 48.357745]]]}}, {"type": "Feature", "properties": {"lead": 0, "temp": "sp:steelhead:s2"}, "geometry": {"type": "Polygon", "coordinates": [[[-89.223944, 48.358336], [-89.223975, 48.358323], [-89.224015, 48.358323], [-89.224035, 48.358336], [-89.224035, 48.358363], [-89.224015, 48.358403], [-89.223975, 48.358457], [-89.223944, 48.358484], [-89.223924, 48.358484], [-89.223914, 48.358457], [-89.223914, 48.358403], [-89.223924, 48.358363], [-89.223944, 48.358336]]]}}, {"type": "Feature", "properties": {"lead": 0, "temp": "sp:steelhead:s2"}, "geometry": {"type": "Polygon", "coordinates": [[[-89.224585, 48.358557], [-89.224632, 48.358544], [-89.224702, 48.358537], [-89.224797, 48.358537], [-89.224844, 48.358544], [-89.224844, 48.358557], [-89.224797, 48.358578], [-89.224702, 48.358604], [-89.224632, 48.358618], [-89.224585, 48.358618], [-89.224561, 48.358604], [-89.224561, 48.358578], [-89.224585, 48.358557]]]}}, {"type": "Feature", "properties": {"lead": 0, "temp": "sp:steelhead:s2"}, "geometry": {"type": "Polygon", "coordinates": [[[-89.224106, 48.358544], [-89.224136, 48.358537], [-89.224177, 48.358537], [-89.224197, 48.358544], [-89.224197, 48.358557], [-89.224177, 48.358578], [-89.224136, 48.358604], [-89.224106, 48.358618], [-89.224086, 48.358618], [-89.224076, 48.358604], [-89.224076, 48.358578], [-89.224086, 48.358557], [-89.224106, 48.358544]]]}}, {"type": "Feature", "properties": {"lead": 0, "temp": "sp:steelhead:s2"}, "geometry": {"type": "Polygon", "coordinates": [[[-89.224268, 48.358651], [-89.224298, 48.358645], [-89.224339, 48.358645], [-89.224359, 48.358651], [-89.224359, 48.358665], [-89.224339, 48.358685], [-89.224298, 48.358712], [-89.224268, 48.358725], [-89.224248, 48.358725], [-89.224237, 48.358712], [-89.224237, 48.358685], [-89.224248, 48.358665], [-89.224268, 48.358651]]]}}, {"type": "Feature", "properties": {"lead": 0, "temp": "sp:steelhead:s2"}, "geometry": {"type": "Polygon", "coordinates": [[[-89.224949, 48.358667], [-89.224969, 48.358658], [-89.224999, 48.358658], [-89.225039, 48.358667], [-89.22506, 48.358678], [-89.22506, 48.358692], [-89.225039, 48.358707], [-89.224999, 48.358725], [-89.224969, 48.358732], [-89.224949, 48.358727], [-89.224938, 48.358712], [-89.224938, 48.358685], [-89.224949, 48.358667]]]}}, {"type": "Feature", "properties": {"lead": 0, "temp": "sp:steelhead:s2"}, "geometry": {"type": "Polygon", "coordinates": [[[-89.225616, 48.359036], [-89.225646, 48.359025], [-89.225687, 48.359016], [-89.225707, 48.359016], [-89.225707, 48.359025], [-89.225687, 48.359043], [-89.225646, 48.35907], [-89.225616, 48.359085], [-89.225596, 48.35909], [-89.225585, 48.359083], [-89.225585, 48.359065], [-89.225596, 48.359049], [-89.225616, 48.359036]]]}}, {"type": "Feature", "properties": {"lead": 0, "temp": "sp:steelhead:s2"}, "geometry": {"type": "Polygon", "coordinates": [[[-89.20183, 48.316286], [-89.201591, 48.316174], [-89.201375, 48.316049], [-89.201142, 48.315861], [-89.200893, 48.31561], [-89.200627, 48.315297], [-89.200344, 48.314921], [-89.200148, 48.314638], [-89.20004, 48.31445], [-89.20002, 48.314356], [-89.200088, 48.314356], [-89.200172, 48.314412], [-89.200273, 48.314524], [-89.200391, 48.314692], [-89.200526, 48.314916], [-89.200691, 48.315129], [-89.200886, 48.31533], [-89.201112, 48.31552], [-89.201368, 48.3157], [-89.201604, 48.315834], [-89.20182, 48.315923], [-89.202015, 48.315968], [-89.202191, 48.315968], [-89.202376, 48.315988], [-89.202571, 48.316029], [-89.202777, 48.316089], [-89.202993, 48.31617], [-89.203144, 48.316252], [-89.203232, 48.316338], [-89.203256, 48.316425], [-89.203215, 48.316514], [-89.203107, 48.316564], [-89.202932, 48.316573], [-89.202689, 48.316541], [-89.202379, 48.31647], [-89.202093, 48.316385], [-89.20183, 48.316286]]]}}, {"type": "Feature", "properties": {"lead": 0, "temp": "sp:steelhead:s2"}, "geometry": {"type": "Polygon", "coordinates": [[[-89.201277, 48.331846], [-89.201298, 48.331837], [-89.201328, 48.331833], [-89.201368, 48.331833], [-89.201389, 48.331837], [-89.201389, 48.331846], [-89.201368, 48.33186], [-89.201328, 48.331878], [-89.201298, 48.331887], [-89.201277, 48.331887], [-89.201267, 48.331878], [-89.201267, 48.33186], [-89.201277, 48.331846]]]}}, {"type": "Feature", "properties": {"lead": 0, "temp": "sp:steelhead:s2"}, "geometry": {"type": "Polygon", "coordinates": [[[-89.201766, 48.332142], [-89.201692, 48.332115], [-89.201651, 48.332088], [-89.201665, 48.332068], [-89.201732, 48.332054], [-89.201854, 48.332048], [-89.202029, 48.332048], [-89.20217, 48.332061], [-89.202278, 48.332088], [-89.202352, 48.332128], [-89.202393, 48.332182], [-89.202379, 48.332215], [-89.202312, 48.332229], [-89.202191, 48.332222], [-89.202015, 48.332195], [-89.201874, 48.332168], [-89.201766, 48.332142]]]}}, {"type": "Feature", "properties": {"lead": 0, "temp": "sp:steelhead:s2"}, "geometry": {"type": "Polygon", "coordinates": [[[-89.207131, 48.339387], [-89.207111, 48.339298], [-89.207124, 48.339262], [-89.207178, 48.339251], [-89.207273, 48.339264], [-89.207407, 48.339302], [-89.207583, 48.339365], [-89.207697, 48.339468], [-89.207751, 48.339611], [-89.207744, 48.339795], [-89.207677, 48.340018], [-89.207596, 48.340124], [-89.207502, 48.34011], [-89.207394, 48.339978], [-89.207273, 48.339727], [-89.207185, 48.339531], [-89.207131, 48.339387]]]}}, {"type": "Feature", "properties": {"lead": 0, "temp": "sp:steelhead:s2"}, "geometry": {"type": "Polygon", "coordinates": [[[-89.22325, 48.351909], [-89.223274, 48.351889], [-89.223314, 48.351871], [-89.223341, 48.35186], [-89.223354, 48.351856], [-89.223354, 48.351858], [-89.223341, 48.351867], [-89.223331, 48.351883], [-89.223324, 48.351905], [-89.223321, 48.351934], [-89.223321, 48.35197], [-89.223314, 48.35199], [-89.223301, 48.351994], [-89.22328, 48.351983], [-89.223253, 48.351956], [-89.223243, 48.351932], [-89.22325, 48.351909]]]}}, {"type": "Feature", "properties": {"lead": 0, "temp": "sp:steelhead:s2"}, "geometry": {"type": "Polygon", "coordinates": [[[-89.217187, 48.354146], [-89.217066, 48.354086], [-89.216958, 48.354005], [-89.216924, 48.353938], [-89.216965, 48.353885], [-89.217079, 48.353844], [-89.217268, 48.353818], [-89.217413, 48.353782], [-89.217514, 48.353737], [-89.217571, 48.353683], [-89.217585, 48.353621], [-89.217639, 48.353554], [-89.217733, 48.353482], [-89.217868, 48.353406], [-89.218043, 48.353325], [-89.218202, 48.353272], [-89.218343, 48.353245], [-89.218468, 48.353245], [-89.218576, 48.353272], [-89.21867, 48.353276], [-89.218751, 48.353258], [-89.218818, 48.353218], [-89.218872, 48.353155], [-89.218936, 48.353111], [-89.21901, 48.353084], [-89.219095, 48.353075], [-89.219189, 48.353084], [-89.21926, 48.353068], [-89.219307, 48.353028], [-89.219331, 48.352963], [-89.219331, 48.352874], [-89.219412, 48.352768], [-89.219573, 48.352648], [-89.219816, 48.352511], [-89.220139, 48.352359], [-89.220429, 48.352252], [-89.220685, 48.352189], [-89.220908, 48.352171], [-89.221097, 48.352198], [-89.221241, 48.352198], [-89.221343, 48.352171], [-89.2214, 48.352117], [-89.221413, 48.352037], [-89.221454, 48.351979], [-89.221521, 48.351943], [-89.221616, 48.35193], [-89.221737, 48.351939], [-89.221824, 48.351921], [-89.221878, 48.351876], [-89.221899, 48.351804], [-89.221885, 48.351706], [-89.221915, 48.351639], [-89.22199, 48.351603], [-89.222108, 48.351598], [-89.222269, 48.351625], [-89.22236, 48.351657], [-89.222381, 48.351692], [-89.22233, 48.351733], [-89.222209, 48.351777], [-89.222138, 48.351833], [-89.222118, 48.3519], [-89.222148, 48.351979], [-89.222229, 48.352068], [-89.22232, 48.352124], [-89.222421, 48.352147], [-89.222532, 48.352135], [-89.222654, 48.352091], [-89.222734, 48.352082], [-89.222775, 48.352109], [-89.222775, 48.352171], [-89.222734, 48.35227], [-89.222664, 48.352334], [-89.222563, 48.352366], [-89.222431, 48.352364], [-89.222269, 48.352328], [-89.221905, 48.352417], [-89.221339, 48.352632], [-89.220571, 48.352972], [-89.2196, 48.353437], [-89.218866, 48.353775], [-89.218367, 48.353985], [-89.218104, 48.354068], [-89.218077, 48.354023], [-89.218026, 48.35399], [-89.217952, 48.353967], [-89.217855, 48.353956], [-89.217733, 48.353956], [-89.217662, 48.353972], [-89.217642, 48.354003], [-89.217673, 48.35405], [-89.217753, 48.354113], [-89.217774, 48.35416], [-89.217733, 48.354191], [-89.217632, 48.354207], [-89.21747, 48.354207], [-89.217322, 48.354187], [-89.217187, 48.354146]], [[-89.220311, 48.352594], [-89.220274, 48.352556], [-89.22022, 48.352529], [-89.220177, 48.352531], [-89.220143, 48.352563], [-89.220119, 48.352623], [-89.220106, 48.352713], [-89.220109, 48.352782], [-89.220129, 48.352831], [-89.220166, 48.35286], [-89.22022, 48.352869], [-89.220264, 48.352858], [-89.220298, 48.352827], [-89.220321, 48.352775], [-89.220335, 48.352704], [-89.220332, 48.352643], [-89.220311, 48.352594]]]}}, {"type": "Feature", "properties": {"lead": 0, "temp": "sp:steelhead:s2"}, "geometry": {"type": "Polygon", "coordinates": [[[-89.214346, 48.353368], [-89.214383, 48.353312], [-89.214464, 48.35324], [-89.214528, 48.353187], [-89.214575, 48.353151], [-89.214606, 48.353133], [-89.214619, 48.353133], [-89.214629, 48.353153], [-89.214636, 48.353193], [-89.21464, 48.353254], [-89.21464, 48.353334], [-89.214616, 48.353393], [-89.214569, 48.353428], [-89.214498, 48.353442], [-89.214404, 48.353433], [-89.214353, 48.353408], [-89.214346, 48.353368]]]}}, {"type": "Feature", "properties": {"lead": 0, "temp": "sp:steelhead:s2"}, "geometry": {"type": "Polygon", "coordinates": [[[-89.215024, 48.353352], [-89.215064, 48.35329], [-89.215132, 48.353227], [-89.215199, 48.353191], [-89.215266, 48.353182], [-89.215334, 48.3532], [-89.215401, 48.353245], [-89.215428, 48.353299], [-89.215415, 48.353361], [-89.215361, 48.353433], [-89.215266, 48.353513], [-89.215185, 48.353558], [-89.215118, 48.353567], [-89.215064, 48.35354], [-89.215024, 48.353478], [-89.21501, 48.353415], [-89.215024, 48.353352]]]}}, {"type": "Feature", "properties": {"lead": 0, "temp": "sp:steelhead:s2"}, "geometry": {"type": "Polygon", "coordinates": [[[-89.216166, 48.356148], [-89.216227, 48.356148], [-89.21623, 48.356171], [-89.216176, 48.356216], [-89.216106, 48.356249], [-89.216018, 48.356271], [-89.215913, 48.356283], [-89.215792, 48.356283], [-89.215745, 48.356271], [-89.215772, 48.356249], [-89.215873, 48.356216], [-89.216048, 48.356171], [-89.216166, 48.356148]]]}}, {"type": "Feature", "properties": {"lead": 0, "temp": "sp:steelhead:s2"}, "geometry": {"type": "Polygon", "coordinates": [[[-89.21743, 48.356381], [-89.217349, 48.35635], [-89.217322, 48.356323], [-89.217352, 48.356296], [-89.21744, 48.356269], [-89.217585, 48.356242], [-89.217787, 48.356216], [-89.217956, 48.35622], [-89.21809, 48.356256], [-89.218192, 48.356323], [-89.218259, 48.356421], [-89.218249, 48.356484], [-89.218161, 48.356511], [-89.217996, 48.356502], [-89.217753, 48.356457], [-89.217565, 48.356417], [-89.21743, 48.356381]]]}}, {"type": "Feature", "properties": {"lead": 0, "temp": "sp:steelhead:s2"}, "geometry": {"type": "Polygon", "coordinates": [[[-89.221268, 48.356618], [-89.221319, 48.356618], [-89.221386, 48.356627], [-89.22142, 48.356638], [-89.22142, 48.356652], [-89.221386, 48.356667], [-89.221319, 48.356685], [-89.221268, 48.356692], [-89.221235, 48.356687], [-89.221218, 48.356672], [-89.221218, 48.356645], [-89.221235, 48.356627], [-89.221268, 48.356618]]]}}, {"type": "Feature", "properties": {"lead": 0, "temp": "sp:steelhead:s2"}, "geometry": {"type": "Polygon", "coordinates": [[[-89.220473, 48.356734], [-89.220493, 48.356725], [-89.220524, 48.356725], [-89.220564, 48.356734], [-89.220584, 48.356746], [-89.220584, 48.356759], [-89.220564, 48.356775], [-89.220524, 48.356793], [-89.220493, 48.356799], [-89.220473, 48.356795], [-89.220463, 48.356779], [-89.220463, 48.356752], [-89.220473, 48.356734]]]}}, {"type": "Feature", "properties": {"lead": 0, "temp": "sp:steelhead:s2"}, "geometry": {"type": "Polygon", "coordinates": [[[-89.215489, 48.357052], [-89.215428, 48.356972], [-89.215415, 48.356882], [-89.215425, 48.356797], [-89.215458, 48.356717], [-89.215516, 48.35664], [-89.215597, 48.356569], [-89.215691, 48.356513], [-89.215799, 48.356473], [-89.21592, 48.356448], [-89.216055, 48.356439], [-89.216183, 48.356446], [-89.216304, 48.356468], [-89.216419, 48.356506], [-89.216527, 48.35656], [-89.216581, 48.356609], [-89.216581, 48.356654], [-89.216527, 48.356694], [-89.216419, 48.35673], [-89.216368, 48.35677], [-89.216375, 48.356815], [-89.216439, 48.356864], [-89.21656, 48.356918], [-89.216621, 48.356978], [-89.216621, 48.357045], [-89.21656, 48.357119], [-89.216439, 48.3572], [-89.216298, 48.357247], [-89.216136, 48.35726], [-89.215954, 48.35724], [-89.215752, 48.357186], [-89.215597, 48.357124], [-89.215489, 48.357052]]]}}, {"type": "Feature", "properties": {"lead": 0, "temp": "sp:steelhead:s2"}, "geometry": {"type": "Polygon", "coordinates": [[[-89.221804, 48.357287], [-89.22169, 48.357137], [-89.221609, 48.356967], [-89.221582, 48.356853], [-89.221609, 48.356795], [-89.22169, 48.356793], [-89.221824, 48.356846], [-89.221926, 48.356902], [-89.221993, 48.35696], [-89.222027, 48.357021], [-89.222027, 48.357083], [-89.222047, 48.35713], [-89.222087, 48.357162], [-89.222148, 48.357177], [-89.222229, 48.357177], [-89.22229, 48.357191], [-89.22233, 48.357218], [-89.22235, 48.357258], [-89.22235, 48.357312], [-89.22237, 48.357352], [-89.222411, 48.357379], [-89.222472, 48.357392], [-89.222552, 48.357392], [-89.222613, 48.357414], [-89.222654, 48.357459], [-89.222674, 48.357526], [-89.222674, 48.357616], [-89.22262, 48.35766], [-89.222512, 48.35766], [-89.22235, 48.357616], [-89.222135, 48.357526], [-89.221953, 48.357417], [-89.221804, 48.357287]]]}}, {"type": "Feature", "properties": {"lead": 0, "temp": "sp:steelhead:s2"}, "geometry": {"type": "Polygon", "coordinates": [[[-89.222684, 48.35777], [-89.222704, 48.357757], [-89.222734, 48.35775], [-89.222775, 48.35775], [-89.222795, 48.357757], [-89.222795, 48.35777], [-89.222775, 48.35779], [-89.222734, 48.357817], [-89.222704, 48.35783], [-89.222684, 48.35783], [-89.222674, 48.357817], [-89.222674, 48.35779], [-89.222684, 48.35777]]]}}, {"type": "Feature", "properties": {"lead": 0, "temp": "sp:steelhead:s2"}, "geometry": {"type": "Polygon", "coordinates": [[[-89.223274, 48.357971], [-89.223334, 48.357965], [-89.223415, 48.357965], [-89.223456, 48.357971], [-89.223456, 48.357985], [-89.223415, 48.358005], [-89.223334, 48.358032], [-89.223274, 48.358045], [-89.223233, 48.358045], [-89.223213, 48.358032], [-89.223213, 48.358005], [-89.223233, 48.357985], [-89.223274, 48.357971]]]}}, {"type": "Feature", "properties": {"lead": 0, "temp": "sp:steelhead:s2"}, "geometry": {"type": "Polygon", "coordinates": [[[-89.223567, 48.358079], [-89.223597, 48.358072], [-89.223638, 48.358072], [-89.223658, 48.358079], [-89.223658, 48.358092], [-89.223638, 48.358112], [-89.223597, 48.358139], [-89.223567, 48.358153], [-89.223547, 48.358153], [-89.223536, 48.358139], [-89.223536, 48.358112], [-89.223547, 48.358092], [-89.223567, 48.358079]]]}}, {"type": "Feature", "properties": {"lead": 0, "temp": "sp:steelhead:s2"}, "geometry": {"type": "Polygon", "coordinates": [[[-89.198008, 48.308997], [-89.198039, 48.308983], [-89.198079, 48.308983], [-89.198099, 48.308997], [-89.198099, 48.309024], [-89.198079, 48.309064], [-89.198039, 48.309118], [-89.198008, 48.309145], [-89.197988, 48.309145], [-89.197978, 48.309118], [-89.197978, 48.309064], [-89.197988, 48.309024], [-89.198008, 48.308997]]]}}, {"type": "Feature", "properties": {"lead": 0, "temp": "sp:steelhead:s2"}, "geometry": {"type": "Polygon", "coordinates": [[[-89.197847, 48.309221], [-89.197877, 48.309198], [-89.197917, 48.309198], [-89.197938, 48.309221], [-89.197938, 48.309265], [-89.197917, 48.309333], [-89.197877, 48.309422], [-89.197847, 48.309467], [-89.197826, 48.309467], [-89.197816, 48.309422], [-89.197816, 48.309333], [-89.197826, 48.309265], [-89.197847, 48.309221]]]}}, {"type": "Feature", "properties": {"lead": 0, "temp": "sp:steelhead:s2"}, "geometry": {"type": "Polygon", "coordinates": [[[-89.197681, 48.309731], [-89.197675, 48.309691], [-89.197688, 48.309637], [-89.197705, 48.309597], [-89.197725, 48.30957], [-89.197749, 48.309556], [-89.197776, 48.309556], [-89.197803, 48.30957], [-89.19783, 48.309597], [-89.197857, 48.309637], [-89.197884, 48.309691], [-89.197887, 48.309731], [-89.197867, 48.309758], [-89.197823, 48.309771], [-89.197756, 48.309771], [-89.197708, 48.309758], [-89.197681, 48.309731]]]}}, {"type": "Feature", "properties": {"lead": 0, "temp": "sp:steelhead:s2"}, "geometry": {"type": "Polygon", "coordinates": [[[-89.197547, 48.309832], [-89.197594, 48.309852], [-89.197661, 48.309906], [-89.197698, 48.309953], [-89.197705, 48.309993], [-89.197681, 48.310027], [-89.197628, 48.310053], [-89.197584, 48.310053], [-89.19755, 48.310027], [-89.197526, 48.309973], [-89.197513, 48.309892], [-89.19752, 48.309845], [-89.197547, 48.309832]]]}}, {"type": "Feature", "properties": {"lead": 0, "temp": "sp:steelhead:s2"}, "geometry": {"type": "Polygon", "coordinates": [[[-89.197321, 48.310351], [-89.197301, 48.310311], [-89.197297, 48.310264], [-89.197311, 48.31021], [-89.197331, 48.31017], [-89.197358, 48.310143], [-89.197392, 48.31013], [-89.197432, 48.31013], [-89.197462, 48.31015], [-89.197483, 48.31019], [-89.197493, 48.310251], [-89.197493, 48.310331], [-89.197479, 48.310385], [-89.197452, 48.310412], [-89.197412, 48.310412], [-89.197358, 48.310385], [-89.197321, 48.310351]]]}}, {"type": "Feature", "properties": {"lead": 0, "temp": "sp:steelhead:s2"}, "geometry": {"type": "Polygon", "coordinates": [[[-89.197193, 48.31036], [-89.19721, 48.310345], [-89.197237, 48.310345], [-89.197253, 48.31036], [-89.19726, 48.310392], [-89.197257, 48.310439], [-89.197243, 48.310501], [-89.19723, 48.310533], [-89.197216, 48.310533], [-89.197203, 48.310501], [-89.197189, 48.310439], [-89.197186, 48.310392], [-89.197193, 48.31036]]]}}, {"type": "Feature", "properties": {"lead": 0, "temp": "sp:steelhead:s2"}, "geometry": {"type": "Polygon", "coordinates": [[[-89.196974, 48.310669], [-89.196974, 48.310622], [-89.196987, 48.310568], [-89.197004, 48.310528], [-89.197024, 48.310501], [-89.197048, 48.310488], [-89.197075, 48.310488], [-89.197095, 48.310508], [-89.197109, 48.310548], [-89.197115, 48.310609], [-89.197115, 48.310689], [-89.197105, 48.310743], [-89.197085, 48.31077], [-89.197055, 48.31077], [-89.197014, 48.310743], [-89.196987, 48.310709], [-89.196974, 48.310669]]]}}, {"type": "Feature", "properties": {"lead": 0, "temp": "sp:steelhead:s2"}, "geometry": {"type": "Polygon", "coordinates": [[[-89.197341, 48.311869], [-89.197361, 48.311856], [-89.197392, 48.311849], [-89.197432, 48.311849], [-89.197452, 48.311856], [-89.197452, 48.311869], [-89.197432, 48.311889], [-89.197392, 48.311916], [-89.197361, 48.31193], [-89.197341, 48.31193], [-89.197331, 48.311916], [-89.197331, 48.311889], [-89.197341, 48.311869]]]}}, {"type": "Feature", "properties": {"lead": 0, "temp": "sp:steelhead:s2"}, "geometry": {"type": "Polygon", "coordinates": [[[-89.198008, 48.312288], [-89.198039, 48.312279], [-89.198079, 48.312279], [-89.198099, 48.312288], [-89.198099, 48.312306], [-89.198079, 48.312333], [-89.198039, 48.312368], [-89.198008, 48.312386], [-89.197988, 48.312386], [-89.197978, 48.312368], [-89.197978, 48.312333], [-89.197988, 48.312306], [-89.198008, 48.312288]]]}}, {"type": "Feature", "properties": {"lead": 0, "temp": "sp:steelhead:s2"}, "geometry": {"type": "Polygon", "coordinates": [[[-89.19817, 48.312429], [-89.1982, 48.312422], [-89.198241, 48.312422], [-89.198261, 48.312429], [-89.198261, 48.312442], [-89.198241, 48.312462], [-89.1982, 48.312489], [-89.19817, 48.312503], [-89.19815, 48.312503], [-89.19814, 48.312489], [-89.19814, 48.312462], [-89.19815, 48.312442], [-89.19817, 48.312429]]]}}, {"type": "Feature", "properties": {"lead": 0, "temp": "sp:steelhead:s2"}, "geometry": {"type": "Polygon", "coordinates": [[[-89.198315, 48.31255], [-89.198342, 48.312536], [-89.198382, 48.31253], [-89.198436, 48.31253], [-89.198463, 48.312536], [-89.198463, 48.31255], [-89.198436, 48.31257], [-89.198382, 48.312597], [-89.198342, 48.31261], [-89.198315, 48.31261], [-89.198302, 48.312597], [-89.198302, 48.31257], [-89.198315, 48.31255]]]}}, {"type": "Feature", "properties": {"lead": 0, "temp": "sp:steelhead:s2"}, "geometry": {"type": "Polygon", "coordinates": [[[-89.198548, 48.312644], [-89.198578, 48.312637], [-89.198618, 48.312637], [-89.198639, 48.312644], [-89.198639, 48.312657], [-89.198618, 48.312677], [-89.198578, 48.312704], [-89.198548, 48.312718], [-89.198527, 48.312718], [-89.198517, 48.312704], [-89.198517, 48.312677], [-89.198527, 48.312657], [-89.198548, 48.312644]]]}}, {"type": "Feature", "properties": {"lead": 0, "temp": "sp:steelhead:s2"}, "geometry": {"type": "Polygon", "coordinates": [[[-89.19874, 48.312751], [-89.1988, 48.312745], [-89.198881, 48.312745], [-89.198922, 48.312751], [-89.198922, 48.312765], [-89.198881, 48.312785], [-89.1988, 48.312812], [-89.19874, 48.312825], [-89.198699, 48.312825], [-89.198679, 48.312812], [-89.198679, 48.312785], [-89.198699, 48.312765], [-89.19874, 48.312751]]]}}, {"type": "Feature", "properties": {"lead": 0, "temp": "sp:steelhead:s2"}, "geometry": {"type": "Polygon", "coordinates": [[[-89.198285, 48.313069], [-89.198342, 48.313009], [-89.198477, 48.312946], [-89.198578, 48.312915], [-89.198645, 48.312915], [-89.198679, 48.312946], [-89.198679, 48.313009], [-89.198709, 48.313058], [-89.19877, 48.313094], [-89.198861, 48.313116], [-89.198982, 48.313125], [-89.199053, 48.313143], [-89.199073, 48.31317], [-89.199043, 48.313206], [-89.198962, 48.31325], [-89.198858, 48.313271], [-89.19873, 48.313266], [-89.198578, 48.313237], [-89.198403, 48.313183], [-89.198305, 48.313127], [-89.198285, 48.313069]], [[-89.198686, 48.313152], [-89.198679, 48.313165], [-89.198679, 48.313183], [-89.198686, 48.313192], [-89.198699, 48.313192], [-89.198719, 48.313183], [-89.198746, 48.313165], [-89.19876, 48.313152], [-89.19876, 48.313143], [-89.198746, 48.313139], [-89.198719, 48.313139], [-89.198699, 48.313143], [-89.198686, 48.313152]]]}}, {"type": "Feature", "properties": {"lead": 0, "temp": "sp:steelhead:s2"}, "geometry": {"type": "Polygon", "coordinates": [[[-89.199195, 48.313244], [-89.199225, 48.313233], [-89.199265, 48.313224], [-89.199286, 48.313224], [-89.199286, 48.313233], [-89.199265, 48.31325], [-89.199225, 48.313277], [-89.199195, 48.313293], [-89.199174, 48.313297], [-89.199164, 48.313291], [-89.199164, 48.313273], [-89.199174, 48.313257], [-89.199195, 48.313244]]]}}, {"type": "Feature", "properties": {"lead": 0, "temp": "sp:steelhead:s2"}, "geometry": {"type": "Polygon", "coordinates": [[[-89.1994, 48.313535], [-89.19938, 48.313474], [-89.19938, 48.313412], [-89.1994, 48.313371], [-89.199441, 48.313353], [-89.199501, 48.313358], [-89.199582, 48.313385], [-89.199643, 48.313427], [-89.199683, 48.313486], [-89.199703, 48.313559], [-89.199703, 48.313649], [-89.199683, 48.313703], [-89.199643, 48.313721], [-89.199582, 48.313703], [-89.199501, 48.313649], [-89.199441, 48.313593], [-89.1994, 48.313535]]]}}, {"type": "Feature", "properties": {"lead": 0, "temp": "sp:steelhead:s2"}, "geometry": {"type": "Polygon", "coordinates": [[[-89.200057, 48.31383], [-89.200034, 48.313877], [-89.199966, 48.31394], [-89.199906, 48.313971], [-89.199852, 48.313971], [-89.199805, 48.31394], [-89.199764, 48.313877], [-89.199761, 48.31383], [-89.199794, 48.313799], [-89.199865, 48.313783], [-89.199973, 48.313783], [-89.200037, 48.313799], [-89.200057, 48.31383]]]}}, {"type": "Feature", "properties": {"lead": 24, "temp": "sp:lake_trout:s1"}, "geometry": {"type": "Polygon", "coordinates": [[[-89.22661, 48.352887], [-89.226623, 48.352867], [-89.22665, 48.352853], [-89.226691, 48.352847], [-89.226745, 48.352847], [-89.226772, 48.352853], [-89.226772, 48.352867], [-89.226745, 48.352887], [-89.226691, 48.352914], [-89.22665, 48.352927], [-89.226623, 48.352927], [-89.22661, 48.352914], [-89.22661, 48.352887]]]}}, {"type": "Feature", "properties": {"lead": 24, "temp": "sp:lake_trout:s1"}, "geometry": {"type": "Polygon", "coordinates": [[[-89.226836, 48.352974], [-89.226856, 48.352961], [-89.226886, 48.352954], [-89.226927, 48.352954], [-89.226947, 48.352961], [-89.226947, 48.352974], [-89.226927, 48.352994], [-89.226886, 48.353021], [-89.226856, 48.353035], [-89.226836, 48.353035], [-89.226826, 48.353021], [-89.226826, 48.352994], [-89.226836, 48.352974]]]}}, {"type": "Feature", "properties": {"lead": 24, "temp": "sp:lake_trout:s1"}, "geometry": {"type": "Polygon", "coordinates": [[[-89.227321, 48.353082], [-89.227341, 48.353068], [-89.227372, 48.353061], [-89.227412, 48.353061], [-89.227432, 48.353068], [-89.227432, 48.353082], [-89.227412, 48.353102], [-89.227372, 48.353129], [-89.227341, 48.353142], [-89.227321, 48.353142], [-89.227311, 48.353129], [-89.227311, 48.353102], [-89.227321, 48.353082]]]}}, {"type": "Feature", "properties": {"lead": 24, "temp": "sp:lake_trout:s1"}, "geometry": {"type": "Polygon", "coordinates": [[[-89.228538, 48.353424], [-89.228322, 48.353379], [-89.228153, 48.353325], [-89.228032, 48.353263], [-89.227958, 48.353205], [-89.227931, 48.353151], [-89.227951, 48.353102], [-89.228019, 48.353057], [-89.228137, 48.353039], [-89.228305, 48.353048], [-89.228524, 48.353084], [-89.228794, 48.353146], [-89.228996, 48.353205], [-89.229131, 48.353258], [-89.229198, 48.353308], [-89.229198, 48.353352], [-89.229222, 48.353381], [-89.229269, 48.353395], [-89.22934, 48.353393], [-89.229434, 48.353375], [-89.229505, 48.353372], [-89.229552, 48.353386], [-89.229576, 48.353415], [-89.229576, 48.35346], [-89.229498, 48.353487], [-89.229343, 48.353495], [-89.229111, 48.353487], [-89.2288, 48.35346], [-89.228538, 48.353424]]]}}, {"type": "Feature", "properties": {"lead": 24, "temp": "sp:lake_trout:s1"}, "geometry": {"type": "Polygon", "coordinates": [[[-89.231267, 48.353813], [-89.231308, 48.353795], [-89.231368, 48.353791], [-89.231449, 48.3538], [-89.23149, 48.353815], [-89.23149, 48.353838], [-89.231449, 48.353867], [-89.231368, 48.353903], [-89.231308, 48.353918], [-89.231267, 48.353914], [-89.231247, 48.353889], [-89.231247, 48.353844], [-89.231267, 48.353813]]]}}, {"type": "Feature", "properties": {"lead": 24, "temp": "sp:lake_trout:s1"}, "geometry": {"type": "Polygon", "coordinates": [[[-89.231968, 48.353956], [-89.232009, 48.353938], [-89.232069, 48.353934], [-89.23215, 48.353943], [-89.232191, 48.353959], [-89.232191, 48.353981], [-89.23215, 48.35401], [-89.232069, 48.354046], [-89.232009, 48.354061], [-89.231968, 48.354057], [-89.231948, 48.354032], [-89.231948, 48.353988], [-89.231968, 48.353956]]]}}, {"type": "Feature", "properties": {"lead": 24, "temp": "sp:lake_trout:s1"}, "geometry": {"type": "Polygon", "coordinates": [[[-89.227068, 48.354211], [-89.227068, 48.354167], [-89.227109, 48.354113], [-89.22719, 48.35405], [-89.227294, 48.354003], [-89.227422, 48.353972], [-89.227574, 48.353956], [-89.227749, 48.353956], [-89.22788, 48.353965], [-89.227968, 48.353983], [-89.228012, 48.35401], [-89.228012, 48.354046], [-89.227978, 48.354073], [-89.227911, 48.35409], [-89.22781, 48.354099], [-89.227675, 48.354099], [-89.227564, 48.354113], [-89.227476, 48.35414], [-89.227412, 48.35418], [-89.227372, 48.354234], [-89.227321, 48.354267], [-89.22726, 48.354281], [-89.22719, 48.354274], [-89.227109, 48.354247], [-89.227068, 48.354211]]]}}, {"type": "Feature", "properties": {"lead": 24, "temp": "sp:lake_trout:s1"}, "geometry": {"type": "Polygon", "coordinates": [[[-89.23123, 48.354399], [-89.230927, 48.354283], [-89.230539, 48.35418], [-89.230068, 48.35409], [-89.229737, 48.353988], [-89.229549, 48.353871], [-89.229501, 48.353742], [-89.229596, 48.353598], [-89.229704, 48.3535], [-89.229825, 48.353446], [-89.22996, 48.353437], [-89.230108, 48.353473], [-89.230192, 48.353513], [-89.230213, 48.353558], [-89.230169, 48.353607], [-89.230061, 48.353661], [-89.23001, 48.353715], [-89.230017, 48.353768], [-89.230081, 48.353822], [-89.230202, 48.353876], [-89.230317, 48.353916], [-89.230425, 48.353943], [-89.230526, 48.353956], [-89.23062, 48.353956], [-89.230691, 48.353943], [-89.230738, 48.353916], [-89.230762, 48.353876], [-89.230762, 48.353822], [-89.230738, 48.353782], [-89.230691, 48.353755], [-89.23062, 48.353742], [-89.230526, 48.353742], [-89.230455, 48.35373], [-89.230408, 48.353708], [-89.230384, 48.353674], [-89.230384, 48.35363], [-89.230432, 48.353605], [-89.230526, 48.353601], [-89.230667, 48.353616], [-89.230856, 48.353652], [-89.230984, 48.353695], [-89.231052, 48.353744], [-89.231058, 48.3538], [-89.231004, 48.353862], [-89.231028, 48.353932], [-89.231129, 48.354008], [-89.231308, 48.35409], [-89.231564, 48.35418], [-89.231766, 48.354276], [-89.231914, 48.354379], [-89.232009, 48.354489], [-89.232049, 48.354605], [-89.232123, 48.354699], [-89.232231, 48.35477], [-89.232373, 48.35482], [-89.232548, 48.354847], [-89.232615, 48.354867], [-89.232575, 48.35488], [-89.232427, 48.354887], [-89.232171, 48.354887], [-89.231945, 48.354851], [-89.231749, 48.354779], [-89.231584, 48.354672], [-89.231449, 48.354529], [-89.23123, 48.354399]]]}}, {"type": "Feature", "properties": {"lead": 24, "temp": "sp:lake_trout:s1"}, "geometry": {"type": "Polygon", "coordinates": [[[-89.227486, 48.354227], [-89.227513, 48.354214], [-89.227554, 48.354207], [-89.227607, 48.354207], [-89.227634, 48.354214], [-89.227634, 48.354227], [-89.227607, 48.354247], [-89.227554, 48.354274], [-89.227513, 48.354287], [-89.227486, 48.354287], [-89.227473, 48.354274], [-89.227473, 48.354247], [-89.227486, 48.354227]]]}}, {"type": "Feature", "properties": {"lead": 24, "temp": "sp:lake_trout:s1"}, "geometry": {"type": "Polygon", "coordinates": [[[-89.233525, 48.354337], [-89.233552, 48.354328], [-89.233593, 48.354328], [-89.233647, 48.354337], [-89.233674, 48.354348], [-89.233674, 48.354361], [-89.233647, 48.354377], [-89.233593, 48.354395], [-89.233552, 48.354401], [-89.233525, 48.354397], [-89.233512, 48.354381], [-89.233512, 48.354354], [-89.233525, 48.354337]]]}}, {"type": "Feature", "properties": {"lead": 24, "temp": "sp:lake_trout:s1"}, "geometry": {"type": "Polygon", "coordinates": [[[-89.226836, 48.354354], [-89.226856, 48.354328], [-89.226886, 48.354314], [-89.226927, 48.354314], [-89.226947, 48.354328], [-89.226947, 48.354354], [-89.226927, 48.354395], [-89.226886, 48.354448], [-89.226856, 48.354475], [-89.226836, 48.354475], [-89.226826, 48.354448], [-89.226826, 48.354395], [-89.226836, 48.354354]]]}}, {"type": "Feature", "properties": {"lead": 24, "temp": "sp:lake_trout:s1"}, "geometry": {"type": "Polygon", "coordinates": [[[-89.226623, 48.354556], [-89.22665, 48.354538], [-89.226691, 48.354529], [-89.226745, 48.354529], [-89.226772, 48.354538], [-89.226772, 48.354556], [-89.226745, 48.354583], [-89.226691, 48.354618], [-89.22665, 48.354636], [-89.226623, 48.354636], [-89.22661, 48.354618], [-89.22661, 48.354583], [-89.226623, 48.354556]]]}}, {"type": "Feature", "properties": {"lead": 24, "temp": "sp:lake_trout:s1"}, "geometry": {"type": "Polygon", "coordinates": [[[-89.226623, 48.355014], [-89.22665, 48.355001], [-89.226691, 48.354994], [-89.226745, 48.354994], [-89.226772, 48.355001], [-89.226772, 48.355014], [-89.226745, 48.355034], [-89.226691, 48.355061], [-89.22665, 48.355075], [-89.226623, 48.355075], [-89.22661, 48.355061], [-89.22661, 48.355034], [-89.226623, 48.355014]]]}}, {"type": "Feature", "properties": {"lead": 24, "temp": "sp:lake_trout:s1"}, "geometry": {"type": "Polygon", "coordinates": [[[-89.228861, 48.355882], [-89.228457, 48.355797], [-89.228214, 48.355723], [-89.228133, 48.355661], [-89.227965, 48.355607], [-89.227709, 48.355562], [-89.227365, 48.355527], [-89.226933, 48.3555], [-89.226596, 48.355462], [-89.226354, 48.355412], [-89.226206, 48.355352], [-89.226152, 48.355281], [-89.226202, 48.355225], [-89.226357, 48.355184], [-89.226617, 48.35516], [-89.226981, 48.355151], [-89.227483, 48.355198], [-89.228123, 48.355301], [-89.228902, 48.355459], [-89.229818, 48.355674], [-89.230509, 48.355851], [-89.230974, 48.35599], [-89.231213, 48.35609], [-89.231227, 48.356153], [-89.231055, 48.356173], [-89.230698, 48.356151], [-89.230155, 48.356086], [-89.229427, 48.355978], [-89.228861, 48.355882]]]}}, {"type": "Feature", "properties": {"lead": 24, "temp": "sp:lake_trout:s1"}, "geometry": {"type": "Polygon", "coordinates": [[[-89.231261, 48.356267], [-89.231288, 48.356254], [-89.231328, 48.356247], [-89.231382, 48.356247], [-89.231409, 48.356254], [-89.231409, 48.356267], [-89.231382, 48.356287], [-89.231328, 48.356314], [-89.231288, 48.356327], [-89.231261, 48.356327], [-89.231247, 48.356314], [-89.231247, 48.356287], [-89.231261, 48.356267]]]}}, {"type": "Feature", "properties": {"lead": 24, "temp": "sp:lake_trout:s1"}, "geometry": {"type": "Polygon", "coordinates": [[[-89.196461, 48.311092], [-89.196448, 48.310783], [-89.196488, 48.310497], [-89.196583, 48.310233], [-89.196731, 48.309991], [-89.196842, 48.309861], [-89.196916, 48.309843], [-89.196954, 48.309937], [-89.196954, 48.310143], [-89.196933, 48.310313], [-89.196893, 48.310448], [-89.196832, 48.310546], [-89.196751, 48.310609], [-89.196691, 48.310732], [-89.19665, 48.310915], [-89.19663, 48.311159], [-89.19663, 48.311464], [-89.196613, 48.311609], [-89.196579, 48.311596], [-89.196529, 48.311424], [-89.196461, 48.311092]]]}}, {"type": "Feature", "properties": {"lead": 24, "temp": "sp:lake_trout:s1"}, "geometry": {"type": "Polygon", "coordinates": [[[-89.223071, 48.352158], [-89.223112, 48.35214], [-89.223172, 48.352131], [-89.223253, 48.352131], [-89.223294, 48.35214], [-89.223294, 48.352158], [-89.223253, 48.352185], [-89.223172, 48.35222], [-89.223112, 48.352238], [-89.223071, 48.352238], [-89.223051, 48.35222], [-89.223051, 48.352185], [-89.223071, 48.352158]]]}}, {"type": "Feature", "properties": {"lead": 24, "temp": "sp:lake_trout:s1"}, "geometry": {"type": "Polygon", "coordinates": [[[-89.223408, 48.352294], [-89.223476, 48.352281], [-89.223577, 48.352274], [-89.223712, 48.352274], [-89.223779, 48.352281], [-89.223779, 48.352294], [-89.223712, 48.352314], [-89.223577, 48.352341], [-89.223476, 48.352355], [-89.223408, 48.352355], [-89.223375, 48.352341], [-89.223375, 48.352314], [-89.223408, 48.352294]]]}}, {"type": "Feature", "properties": {"lead": 24, "temp": "sp:lake_trout:s1"}, "geometry": {"type": "Polygon", "coordinates": [[[-89.222876, 48.352449], [-89.222849, 48.352422], [-89.222835, 48.352386], [-89.222835, 48.352341], [-89.222849, 48.352308], [-89.222876, 48.352285], [-89.222916, 48.352274], [-89.22297, 48.352274], [-89.223011, 48.352287], [-89.223038, 48.352314], [-89.223051, 48.352355], [-89.223051, 48.352408], [-89.223038, 48.352446], [-89.223011, 48.352469], [-89.22297, 48.352475], [-89.222916, 48.352466], [-89.222876, 48.352449]]]}}, {"type": "Feature", "properties": {"lead": 24, "temp": "sp:lake_trout:s1"}, "geometry": {"type": "Polygon", "coordinates": [[[-89.224419, 48.352402], [-89.22446, 48.352388], [-89.224521, 48.352381], [-89.224601, 48.352381], [-89.224642, 48.352388], [-89.224642, 48.352402], [-89.224601, 48.352422], [-89.224521, 48.352449], [-89.22446, 48.352462], [-89.224419, 48.352462], [-89.224399, 48.352449], [-89.224399, 48.352422], [-89.224419, 48.352402]]]}}, {"type": "Feature", "properties": {"lead": 24, "temp": "sp:lake_trout:s1"}, "geometry": {"type": "Polygon", "coordinates": [[[-89.22511, 48.352509], [-89.22513, 48.352496], [-89.225161, 48.352489], [-89.225201, 48.352489], [-89.225221, 48.352496], [-89.225221, 48.352509], [-89.225201, 48.352529], [-89.225161, 48.352556], [-89.22513, 48.352569], [-89.22511, 48.352569], [-89.2251, 48.352556], [-89.2251, 48.352529], [-89.22511, 48.352509]]]}}, {"type": "Feature", "properties": {"lead": 24, "temp": "sp:lake_trout:s1"}, "geometry": {"type": "Polygon", "coordinates": [[[-89.225811, 48.35273], [-89.225831, 48.352713], [-89.225862, 48.352704], [-89.225902, 48.352704], [-89.225922, 48.352713], [-89.225922, 48.35273], [-89.225902, 48.352757], [-89.225862, 48.352793], [-89.225831, 48.352811], [-89.225811, 48.352811], [-89.225801, 48.352793], [-89.225801, 48.352757], [-89.225811, 48.35273]]]}}, {"type": "Feature", "properties": {"lead": 24, "temp": "sp:lake_trout:s1"}, "geometry": {"type": "Polygon", "coordinates": [[[-89.226135, 48.352867], [-89.226155, 48.352853], [-89.226185, 48.352847], [-89.226226, 48.352847], [-89.226246, 48.352853], [-89.226246, 48.352867], [-89.226226, 48.352887], [-89.226185, 48.352914], [-89.226155, 48.352927], [-89.226135, 48.352927], [-89.226125, 48.352914], [-89.226125, 48.352887], [-89.226135, 48.352867]]]}}, {"type": "Feature", "properties": {"lead": 24, "temp": "sp:lake_trout:s1"}, "geometry": {"type": "Polygon", "coordinates": [[[-89.21532, 48.353856], [-89.215388, 48.353851], [-89.215489, 48.353849], [-89.215624, 48.353849], [-89.215691, 48.353851], [-89.215691, 48.353856], [-89.215624, 48.353862], [-89.215489, 48.353871], [-89.215388, 48.353876], [-89.21532, 48.353876], [-89.215287, 48.353871], [-89.215287, 48.353862], [-89.21532, 48.353856]]]}}, {"type": "Feature", "properties": {"lead": 24, "temp": "sp:lake_trout:s1"}, "geometry": {"type": "Polygon", "coordinates": [[[-89.216399, 48.35409], [-89.216304, 48.354073], [-89.216203, 48.354046], [-89.216095, 48.35401], [-89.216062, 48.353974], [-89.216102, 48.353938], [-89.216217, 48.353903], [-89.216405, 48.353867], [-89.216547, 48.353858], [-89.216641, 48.353876], [-89.216689, 48.35392], [-89.216689, 48.353992], [-89.216668, 48.354046], [-89.216628, 48.354082], [-89.216567, 48.354099], [-89.216486, 48.354099], [-89.216399, 48.35409]]]}}, {"type": "Feature", "properties": {"lead": 24, "temp": "sp:lake_trout:s1"}, "geometry": {"type": "Polygon", "coordinates": [[[-89.216719, 48.354124], [-89.21678, 48.35412], [-89.216871, 48.354126], [-89.216992, 48.354144], [-89.217052, 48.35416], [-89.217052, 48.354173], [-89.216992, 48.354184], [-89.216871, 48.354193], [-89.21678, 48.354193], [-89.216719, 48.354184], [-89.216689, 48.354167], [-89.216689, 48.35414], [-89.216719, 48.354124]]]}}, {"type": "Feature", "properties": {"lead": 24, "temp": "sp:lake_trout:s1"}, "geometry": {"type": "Polygon", "coordinates": [[[-89.217275, 48.354307], [-89.217208, 48.354294], [-89.217174, 48.354274], [-89.217174, 48.354247], [-89.217197, 48.354227], [-89.217245, 48.354214], [-89.217315, 48.354207], [-89.21741, 48.354207], [-89.217491, 48.354214], [-89.217558, 48.354227], [-89.217612, 48.354247], [-89.217652, 48.354274], [-89.217649, 48.354294], [-89.217602, 48.354307], [-89.217511, 48.354314], [-89.217376, 48.354314], [-89.217275, 48.354307]]]}}, {"type": "Feature", "properties": {"lead": 24, "temp": "sp:lake_trout:s1"}, "geometry": {"type": "Polygon", "coordinates": [[[-89.219118, 48.356363], [-89.21926, 48.356327], [-89.219465, 48.356341], [-89.219735, 48.356403], [-89.219904, 48.356457], [-89.219971, 48.356502], [-89.219937, 48.356538], [-89.219802, 48.356564], [-89.219688, 48.356578], [-89.219594, 48.356578], [-89.219519, 48.356564], [-89.219465, 48.356538], [-89.219401, 48.356535], [-89.219327, 48.356558], [-89.219243, 48.356605], [-89.219149, 48.356676], [-89.219081, 48.356696], [-89.219041, 48.356665], [-89.219027, 48.356582], [-89.219041, 48.356448], [-89.219118, 48.356363]]]}}, {"type": "Feature", "properties": {"lead": 24, "temp": "sp:lake_trout:s1"}, "geometry": {"type": "Polygon", "coordinates": [[[-89.22015, 48.356625], [-89.22017, 48.356611], [-89.2202, 48.356605], [-89.220241, 48.356605], [-89.220261, 48.356611], [-89.220261, 48.356625], [-89.220241, 48.356645], [-89.2202, 48.356672], [-89.22017, 48.356685], [-89.22015, 48.356685], [-89.220139, 48.356672], [-89.220139, 48.356645], [-89.22015, 48.356625]]]}}, {"type": "Feature", "properties": {"lead": 24, "temp": "sp:lake_trout:s1"}, "geometry": {"type": "Polygon", "coordinates": [[[-89.225441, 48.358327], [-89.225232, 48.358211], [-89.22506, 48.358139], [-89.224925, 48.358112], [-89.224719, 48.35803], [-89.224443, 48.357891], [-89.224096, 48.357696], [-89.223678, 48.357446], [-89.223462, 48.357294], [-89.223449, 48.35724], [-89.223638, 48.357285], [-89.224028, 48.357428], [-89.224423, 48.3576], [-89.22482, 48.357801], [-89.225221, 48.358032], [-89.225626, 48.358291], [-89.225939, 48.358506], [-89.226162, 48.358676], [-89.226293, 48.358801], [-89.226334, 48.358882], [-89.226293, 48.358891], [-89.226172, 48.358828], [-89.22597, 48.358694], [-89.225687, 48.358488], [-89.225441, 48.358327]]]}}, {"type": "Feature", "properties": {"lead": 24, "temp": "sp:lake_trout:s2"}, "geometry": {"type": "Polygon", "coordinates": [[[-89.228885, 48.353249], [-89.228875, 48.353236], [-89.228875, 48.353209], [-89.228885, 48.353189], [-89.228905, 48.353176], [-89.228935, 48.353169], [-89.228976, 48.353169], [-89.228996, 48.353176], [-89.228996, 48.353189], [-89.228976, 48.353209], [-89.228935, 48.353236], [-89.228905, 48.353249], [-89.228885, 48.353249]]]}}, {"type": "Feature", "properties": {"lead": 24, "temp": "sp:lake_trout:s2"}, "geometry": {"type": "Polygon", "coordinates": [[[-89.229198, 48.353366], [-89.229198, 48.35333], [-89.229215, 48.353305], [-89.229249, 48.353292], [-89.229299, 48.35329], [-89.229367, 48.353299], [-89.2294, 48.353312], [-89.2294, 48.35333], [-89.229367, 48.353352], [-89.229299, 48.353379], [-89.229249, 48.35339], [-89.229215, 48.353386], [-89.229198, 48.353366]]]}}, {"type": "Feature", "properties": {"lead": 24, "temp": "sp:lake_trout:s2"}, "geometry": {"type": "Polygon", "coordinates": [[[-89.229576, 48.35346], [-89.229576, 48.353415], [-89.229586, 48.353384], [-89.229606, 48.353366], [-89.229636, 48.353361], [-89.229677, 48.35337], [-89.229697, 48.353386], [-89.229697, 48.353408], [-89.229677, 48.353437], [-89.229636, 48.353473], [-89.229606, 48.353489], [-89.229586, 48.353484], [-89.229576, 48.35346]]]}}, {"type": "Feature", "properties": {"lead": 24, "temp": "sp:lake_trout:s2"}, "geometry": {"type": "Polygon", "coordinates": [[[-89.226468, 48.355133], [-89.226374, 48.355173], [-89.226253, 48.355173], [-89.226162, 48.355151], [-89.226101, 48.355106], [-89.226071, 48.355039], [-89.226071, 48.354949], [-89.226101, 48.354829], [-89.226162, 48.354677], [-89.226253, 48.354493], [-89.226374, 48.354278], [-89.226509, 48.354088], [-89.226657, 48.353923], [-89.226819, 48.353782], [-89.226994, 48.353665], [-89.226873, 48.35352], [-89.226455, 48.353346], [-89.22574, 48.353142], [-89.224729, 48.352909], [-89.223961, 48.352717], [-89.223435, 48.352565], [-89.223152, 48.352453], [-89.223112, 48.352381], [-89.223176, 48.352343], [-89.223344, 48.352339], [-89.223617, 48.352368], [-89.223995, 48.352431], [-89.224301, 48.35246], [-89.224537, 48.352455], [-89.224702, 48.352417], [-89.224797, 48.352346], [-89.224878, 48.352317], [-89.224945, 48.35233], [-89.224999, 48.352386], [-89.225039, 48.352484], [-89.225097, 48.352558], [-89.225171, 48.352607], [-89.225262, 48.352632], [-89.22537, 48.352632], [-89.225488, 48.352654], [-89.225616, 48.352699], [-89.225754, 48.352766], [-89.225902, 48.352856], [-89.226057, 48.352921], [-89.226219, 48.352961], [-89.226388, 48.352976], [-89.226563, 48.352968], [-89.226681, 48.35297], [-89.226741, 48.352983], [-89.226745, 48.353008], [-89.226691, 48.353044], [-89.226694, 48.35307], [-89.226755, 48.353088], [-89.226873, 48.353097], [-89.227048, 48.353097], [-89.227213, 48.353111], [-89.227368, 48.353138], [-89.227513, 48.353178], [-89.227648, 48.353231], [-89.227779, 48.35327], [-89.227907, 48.353292], [-89.228032, 48.353299], [-89.228153, 48.35329], [-89.228288, 48.353301], [-89.228437, 48.353332], [-89.228598, 48.353384], [-89.228774, 48.353455], [-89.228939, 48.353507], [-89.229094, 48.353538], [-89.229239, 48.353549], [-89.229373, 48.35354], [-89.229461, 48.35356], [-89.229501, 48.35361], [-89.229495, 48.353688], [-89.229441, 48.353795], [-89.229518, 48.353898], [-89.229727, 48.353997], [-89.230068, 48.35409], [-89.230539, 48.35418], [-89.230927, 48.354269], [-89.23123, 48.354359], [-89.231449, 48.354448], [-89.231584, 48.354538], [-89.231685, 48.354618], [-89.231753, 48.35469], [-89.231786, 48.354753], [-89.231786, 48.354806], [-89.231712, 48.35484], [-89.231564, 48.354853], [-89.231341, 48.354847], [-89.231045, 48.35482], [-89.230779, 48.354777], [-89.230543, 48.354719], [-89.230337, 48.354645], [-89.230162, 48.354556], [-89.229913, 48.354469], [-89.229589, 48.354384], [-89.229191, 48.354301], [-89.22872, 48.35422], [-89.228369, 48.354149], [-89.22814, 48.354086], [-89.228032, 48.354032], [-89.228046, 48.353988], [-89.228009, 48.353956], [-89.227921, 48.353938], [-89.227783, 48.353934], [-89.227594, 48.353943], [-89.227409, 48.353985], [-89.227227, 48.354061], [-89.227048, 48.354171], [-89.226873, 48.354314], [-89.226738, 48.354462], [-89.226644, 48.354614], [-89.22659, 48.35477], [-89.226576, 48.354932], [-89.226536, 48.355052], [-89.226468, 48.355133]], [[-89.228824, 48.354068], [-89.228794, 48.354064], [-89.22874, 48.354064], [-89.228703, 48.354068], [-89.228683, 48.354077], [-89.228679, 48.35409], [-89.228693, 48.354108], [-89.228713, 48.354117], [-89.22874, 48.354117], [-89.228774, 48.354108], [-89.228814, 48.35409], [-89.228831, 48.354077], [-89.228824, 48.354068]], [[-89.228457, 48.353925], [-89.228437, 48.35392], [-89.228396, 48.35392], [-89.228366, 48.353925], [-89.228346, 48.353934], [-89.228335, 48.353947], [-89.228335, 48.353965], [-89.228346, 48.353974], [-89.228366, 48.353974], [-89.228396, 48.353965], [-89.228437, 48.353947], [-89.228457, 48.353934], [-89.228457, 48.353925]], [[-89.22816, 48.353959], [-89.228153, 48.353956], [-89.22814, 48.353956], [-89.22813, 48.353959], [-89.228123, 48.353963], [-89.22812, 48.35397], [-89.22812, 48.353979], [-89.228123, 48.353983], [-89.22813, 48.353983], [-89.22814, 48.353979], [-89.228153, 48.35397], [-89.22816, 48.353963], [-89.22816, 48.353959]], [[-89.227931, 48.353818], [-89.227891, 48.353813], [-89.22781, 48.353813], [-89.227749, 48.353818], [-89.227709, 48.353827], [-89.227688, 48.35384], [-89.227688, 48.353858], [-89.227709, 48.353867], [-89.227749, 48.353867], [-89.22781, 48.353858], [-89.227891, 48.35384], [-89.227931, 48.353827], [-89.227931, 48.353818]], [[-89.22719, 48.353138], [-89.227183, 48.353133], [-89.227169, 48.353133], [-89.227159, 48.353138], [-89.227153, 48.353146], [-89.227149, 48.35316], [-89.227149, 48.353178], [-89.227153, 48.353187], [-89.227159, 48.353187], [-89.227169, 48.353178], [-89.227183, 48.35316], [-89.22719, 48.353146], [-89.22719, 48.353138]]]}}, {"type": "Feature", "properties": {"lead": 24, "temp": "sp:lake_trout:s2"}, "geometry": {"type": "Polygon", "coordinates": [[[-89.216628, 48.354296], [-89.216264, 48.35426], [-89.215964, 48.354214], [-89.215728, 48.354155], [-89.215556, 48.354086], [-89.215448, 48.354005], [-89.215448, 48.353956], [-89.215556, 48.353938], [-89.215772, 48.353952], [-89.216095, 48.353997], [-89.216375, 48.354048], [-89.216611, 48.354106], [-89.216803, 48.354171], [-89.216951, 48.354243], [-89.216972, 48.354287], [-89.216864, 48.354305], [-89.216628, 48.354296]]]}}, {"type": "Feature", "properties": {"lead": 24, "temp": "sp:lake_trout:s2"}, "geometry": {"type": "Polygon", "coordinates": [[[-89.227291, 48.355137], [-89.227169, 48.355137], [-89.227078, 48.355135], [-89.227018, 48.355131], [-89.226987, 48.355124], [-89.226987, 48.355115], [-89.227001, 48.355102], [-89.227028, 48.355084], [-89.227068, 48.355061], [-89.227122, 48.355034], [-89.227179, 48.355023], [-89.22724, 48.355028], [-89.227304, 48.355048], [-89.227372, 48.355084], [-89.227392, 48.35511], [-89.227365, 48.355128], [-89.227291, 48.355137]]]}}, {"type": "Feature", "properties": {"lead": 24, "temp": "sp:lake_trout:s3"}, "geometry": {"type": "Polygon", "coordinates": [[[-89.225127, 48.352623], [-89.2251, 48.352619], [-89.2251, 48.35261], [-89.225127, 48.352603], [-89.225181, 48.352598], [-89.225262, 48.352596], [-89.22537, 48.352596], [-89.225424, 48.352598], [-89.225424, 48.352603], [-89.22537, 48.35261], [-89.225262, 48.352619], [-89.225181, 48.352623], [-89.225127, 48.352623]]]}}, {"type": "Feature", "properties": {"lead": 24, "temp": "sp:lake_trout:s3"}, "geometry": {"type": "Polygon", "coordinates": [[[-89.226155, 48.352981], [-89.226125, 48.352976], [-89.226125, 48.352968], [-89.226155, 48.352961], [-89.226216, 48.352956], [-89.226307, 48.352954], [-89.226428, 48.352954], [-89.226489, 48.352956], [-89.226489, 48.352961], [-89.226428, 48.352968], [-89.226307, 48.352976], [-89.226216, 48.352981], [-89.226155, 48.352981]]]}}, {"type": "Feature", "properties": {"lead": 24, "temp": "sp:lake_trout:s3"}, "geometry": {"type": "Polygon", "coordinates": [[[-89.22664, 48.353082], [-89.22661, 48.35307], [-89.22661, 48.353053], [-89.22664, 48.353041], [-89.226701, 48.353037], [-89.226792, 48.353039], [-89.226913, 48.353048], [-89.226974, 48.353057], [-89.226974, 48.353066], [-89.226913, 48.353075], [-89.226792, 48.353084], [-89.226701, 48.353086], [-89.22664, 48.353082]]]}}, {"type": "Feature", "properties": {"lead": 24, "temp": "sp:lake_trout:s3"}, "geometry": {"type": "Polygon", "coordinates": [[[-89.227257, 48.353178], [-89.227257, 48.35316], [-89.227294, 48.353149], [-89.227368, 48.353144], [-89.227479, 48.353146], [-89.227628, 48.353155], [-89.227702, 48.353164], [-89.227702, 48.353173], [-89.227628, 48.353182], [-89.227479, 48.353191], [-89.227368, 48.353193], [-89.227294, 48.353189], [-89.227257, 48.353178]]]}}, {"type": "Feature", "properties": {"lead": 24, "temp": "sp:lake_trout:s3"}, "geometry": {"type": "Polygon", "coordinates": [[[-89.227688, 48.353858], [-89.227688, 48.35384], [-89.227709, 48.353827], [-89.227749, 48.353818], [-89.22781, 48.353813], [-89.227891, 48.353813], [-89.227931, 48.353818], [-89.227931, 48.353827], [-89.227891, 48.35384], [-89.22781, 48.353858], [-89.227749, 48.353867], [-89.227709, 48.353867], [-89.227688, 48.353858]]]}}, {"type": "Feature", "properties": {"lead": 24, "temp": "sp:brook_trout:s1"}, "geometry": {"type": "Polygon", "coordinates": [[[-89.227166, 48.352813], [-89.2272, 48.3528], [-89.22725, 48.352802], [-89.227318, 48.35282], [-89.227351, 48.35284], [-89.227351, 48.352862], [-89.227318, 48.352887], [-89.22725, 48.352914], [-89.2272, 48.352923], [-89.227166, 48.352914], [-89.227149, 48.352887], [-89.227149, 48.352842], [-89.227166, 48.352813]]]}}, {"type": "Feature", "properties": {"lead": 24, "temp": "sp:brook_trout:s1"}, "geometry": {"type": "Polygon", "coordinates": [[[-89.227557, 48.353153], [-89.227537, 48.353122], [-89.227554, 48.353075], [-89.227607, 48.353012], [-89.227665, 48.352968], [-89.227725, 48.352941], [-89.227789, 48.352932], [-89.227857, 48.352941], [-89.227901, 48.352961], [-89.227921, 48.352992], [-89.227918, 48.353035], [-89.227891, 48.353088], [-89.227847, 48.353129], [-89.227786, 48.353155], [-89.227709, 48.353169], [-89.227614, 48.353169], [-89.227557, 48.353153]]]}}, {"type": "Feature", "properties": {"lead": 24, "temp": "sp:brook_trout:s1"}, "geometry": {"type": "Polygon", "coordinates": [[[-89.229909, 48.353654], [-89.229929, 48.353641], [-89.22996, 48.353634], [-89.23, 48.353634], [-89.23002, 48.353641], [-89.23002, 48.353654], [-89.23, 48.353674], [-89.22996, 48.353701], [-89.229929, 48.353715], [-89.229909, 48.353715], [-89.229899, 48.353701], [-89.229899, 48.353674], [-89.229909, 48.353654]]]}}, {"type": "Feature", "properties": {"lead": 24, "temp": "sp:brook_trout:s1"}, "geometry": {"type": "Polygon", "coordinates": [[[-89.230155, 48.353795], [-89.230162, 48.353728], [-89.230229, 48.353648], [-89.230283, 48.353601], [-89.230324, 48.353587], [-89.230351, 48.353607], [-89.230364, 48.353661], [-89.230398, 48.353701], [-89.230452, 48.353728], [-89.230526, 48.353742], [-89.23062, 48.353742], [-89.230691, 48.353755], [-89.230738, 48.353782], [-89.230762, 48.353822], [-89.230762, 48.353876], [-89.230718, 48.353909], [-89.23063, 48.353923], [-89.230499, 48.353916], [-89.230324, 48.353889], [-89.230209, 48.353849], [-89.230155, 48.353795]]]}}, {"type": "Feature", "properties": {"lead": 24, "temp": "sp:brook_trout:s1"}, "geometry": {"type": "Polygon", "coordinates": [[[-89.230944, 48.353936], [-89.230924, 48.353916], [-89.230924, 48.353889], [-89.230944, 48.353862], [-89.230984, 48.353835], [-89.231045, 48.353809], [-89.231126, 48.353782], [-89.231186, 48.353775], [-89.231227, 48.353788], [-89.231247, 48.353822], [-89.231247, 48.353876], [-89.231227, 48.353916], [-89.231186, 48.353943], [-89.231126, 48.353956], [-89.231045, 48.353956], [-89.230984, 48.35395], [-89.230944, 48.353936]]]}}, {"type": "Feature", "properties": {"lead": 24, "temp": "sp:brook_trout:s1"}, "geometry": {"type": "Polygon", "coordinates": [[[-89.227496, 48.35412], [-89.227543, 48.354106], [-89.227614, 48.354099], [-89.227709, 48.354099], [-89.227756, 48.354106], [-89.227756, 48.35412], [-89.227709, 48.35414], [-89.227614, 48.354167], [-89.227543, 48.35418], [-89.227496, 48.35418], [-89.227473, 48.354167], [-89.227473, 48.35414], [-89.227496, 48.35412]]]}}, {"type": "Feature", "properties": {"lead": 24, "temp": "sp:brook_trout:s1"}, "geometry": {"type": "Polygon", "coordinates": [[[-89.227321, 48.354234], [-89.227341, 48.354216], [-89.227372, 48.354207], [-89.227412, 48.354207], [-89.227432, 48.354216], [-89.227432, 48.354234], [-89.227412, 48.35426], [-89.227372, 48.354296], [-89.227341, 48.354314], [-89.227321, 48.354314], [-89.227311, 48.354296], [-89.227311, 48.35426], [-89.227321, 48.354234]]]}}, {"type": "Feature", "properties": {"lead": 24, "temp": "sp:brook_trout:s1"}, "geometry": {"type": "Polygon", "coordinates": [[[-89.232312, 48.354777], [-89.23215, 48.354701], [-89.232049, 48.354605], [-89.232009, 48.354489], [-89.231935, 48.354379], [-89.231827, 48.354276], [-89.231685, 48.35418], [-89.23151, 48.35409], [-89.231409, 48.354017], [-89.231382, 48.353959], [-89.231429, 48.353916], [-89.23155, 48.353889], [-89.231655, 48.353885], [-89.231743, 48.353903], [-89.231813, 48.353943], [-89.231867, 48.354005], [-89.231958, 48.354052], [-89.232086, 48.354084], [-89.232251, 48.354099], [-89.232454, 48.354099], [-89.232609, 48.354126], [-89.232716, 48.35418], [-89.232777, 48.35426], [-89.232791, 48.354368], [-89.23278, 48.354448], [-89.232747, 48.354502], [-89.23269, 48.354529], [-89.232609, 48.354529], [-89.232558, 48.354545], [-89.232538, 48.354576], [-89.232548, 48.354623], [-89.232588, 48.354685], [-89.232639, 48.354726], [-89.2327, 48.354744], [-89.23277, 48.354739], [-89.232851, 48.354712], [-89.232919, 48.354661], [-89.232973, 48.354585], [-89.233013, 48.354484], [-89.23304, 48.354359], [-89.233087, 48.354281], [-89.233155, 48.354249], [-89.233242, 48.354265], [-89.23335, 48.354328], [-89.233495, 48.354381], [-89.233677, 48.354426], [-89.233896, 48.354462], [-89.234152, 48.354489], [-89.234354, 48.354524], [-89.234503, 48.354569], [-89.234597, 48.354623], [-89.234637, 48.354685], [-89.234577, 48.354741], [-89.234415, 48.354791], [-89.234152, 48.354833], [-89.233788, 48.354869], [-89.233444, 48.354887], [-89.233121, 48.354887], [-89.232818, 48.354869], [-89.232534, 48.354833], [-89.232312, 48.354777]]]}}, {"type": "Feature", "properties": {"lead": 24, "temp": "sp:brook_trout:s1"}, "geometry": {"type": "Polygon", "coordinates": [[[-89.23211, 48.354954], [-89.232272, 48.354945], [-89.232487, 48.354936], [-89.232595, 48.354934], [-89.232595, 48.354938], [-89.232487, 48.354949], [-89.232272, 48.354967], [-89.23211, 48.354979], [-89.232002, 48.354983], [-89.231948, 48.354981], [-89.231948, 48.354972], [-89.232002, 48.354963], [-89.23211, 48.354954]]]}}, {"type": "Feature", "properties": {"lead": 24, "temp": "sp:brook_trout:s1"}, "geometry": {"type": "Polygon", "coordinates": [[[-89.23338, 48.355001], [-89.233411, 48.354994], [-89.233451, 48.354994], [-89.233471, 48.355001], [-89.233471, 48.355014], [-89.233451, 48.355034], [-89.233411, 48.355061], [-89.23338, 48.355075], [-89.23336, 48.355075], [-89.23335, 48.355061], [-89.23335, 48.355034], [-89.23336, 48.355014], [-89.23338, 48.355001]]]}}, {"type": "Feature", "properties": {"lead": 24, "temp": "sp:brook_trout:s1"}, "geometry": {"type": "Polygon", "coordinates": [[[-89.232831, 48.355014], [-89.232871, 48.355001], [-89.232932, 48.354994], [-89.233013, 48.354994], [-89.233053, 48.355001], [-89.233053, 48.355014], [-89.233013, 48.355034], [-89.232932, 48.355061], [-89.232871, 48.355075], [-89.232831, 48.355075], [-89.232811, 48.355061], [-89.232811, 48.355034], [-89.232831, 48.355014]]]}}, {"type": "Feature", "properties": {"lead": 24, "temp": "sp:brook_trout:s1"}, "geometry": {"type": "Polygon", "coordinates": [[[-89.233845, 48.355128], [-89.233866, 48.35511], [-89.233896, 48.355102], [-89.233936, 48.355102], [-89.233957, 48.35511], [-89.233957, 48.355128], [-89.233936, 48.355155], [-89.233896, 48.355191], [-89.233866, 48.355209], [-89.233845, 48.355209], [-89.233835, 48.355191], [-89.233835, 48.355155], [-89.233845, 48.355128]]]}}, {"type": "Feature", "properties": {"lead": 24, "temp": "sp:brook_trout:s1"}, "geometry": {"type": "Polygon", "coordinates": [[[-89.229859, 48.356488], [-89.229778, 48.35647], [-89.229737, 48.356444], [-89.229737, 48.356408], [-89.229704, 48.356381], [-89.229636, 48.356363], [-89.229535, 48.356354], [-89.2294, 48.356354], [-89.229121, 48.356298], [-89.228696, 48.356186], [-89.228126, 48.356019], [-89.227412, 48.355795], [-89.226981, 48.355634], [-89.226832, 48.355536], [-89.226967, 48.3555], [-89.227385, 48.355527], [-89.227719, 48.355562], [-89.227968, 48.355607], [-89.228133, 48.355661], [-89.228214, 48.355723], [-89.228403, 48.355791], [-89.228699, 48.355862], [-89.229104, 48.355938], [-89.229616, 48.356019], [-89.23, 48.356101], [-89.230256, 48.356186], [-89.230384, 48.356274], [-89.230384, 48.356363], [-89.230344, 48.35643], [-89.230263, 48.356475], [-89.230142, 48.356497], [-89.22998, 48.356497], [-89.229859, 48.356488]]]}}, {"type": "Feature", "properties": {"lead": 24, "temp": "sp:brook_trout:s1"}, "geometry": {"type": "Polygon", "coordinates": [[[-89.23181, 48.356658], [-89.231726, 48.356685], [-89.231685, 48.356739], [-89.231611, 48.356772], [-89.231503, 48.356786], [-89.231362, 48.356779], [-89.231186, 48.356752], [-89.231035, 48.356719], [-89.230907, 48.356679], [-89.230802, 48.356632], [-89.230721, 48.356578], [-89.230681, 48.356529], [-89.230681, 48.356484], [-89.230721, 48.356444], [-89.230802, 48.356408], [-89.230829, 48.356374], [-89.230802, 48.356343], [-89.230721, 48.356314], [-89.230587, 48.356287], [-89.230539, 48.356267], [-89.23058, 48.356254], [-89.230708, 48.356247], [-89.230924, 48.356247], [-89.231089, 48.356236], [-89.231203, 48.356213], [-89.231267, 48.35618], [-89.231281, 48.356135], [-89.231331, 48.356108], [-89.231419, 48.356099], [-89.231544, 48.356108], [-89.231705, 48.356135], [-89.231847, 48.356175], [-89.231968, 48.356229], [-89.232069, 48.356296], [-89.23215, 48.356377], [-89.232255, 48.356444], [-89.232383, 48.356497], [-89.232534, 48.356538], [-89.23271, 48.356564], [-89.232821, 48.356598], [-89.232868, 48.356638], [-89.232851, 48.356685], [-89.23277, 48.356739], [-89.232656, 48.356766], [-89.232508, 48.356766], [-89.232326, 48.356739], [-89.23211, 48.356685], [-89.231938, 48.356658], [-89.23181, 48.356658]], [[-89.231261, 48.356267], [-89.231247, 48.356287], [-89.231247, 48.356314], [-89.231261, 48.356327], [-89.231288, 48.356327], [-89.231328, 48.356314], [-89.231382, 48.356287], [-89.231409, 48.356267], [-89.231409, 48.356254], [-89.231382, 48.356247], [-89.231328, 48.356247], [-89.231288, 48.356254], [-89.231261, 48.356267]]]}}, {"type": "Feature", "properties": {"lead": 24, "temp": "sp:brook_trout:s1"}, "geometry": {"type": "Polygon", "coordinates": [[[-89.223435, 48.352214], [-89.223456, 48.352153], [-89.223509, 48.352073], [-89.223557, 48.352012], [-89.223597, 48.351972], [-89.223631, 48.351952], [-89.223658, 48.351952], [-89.223678, 48.351972], [-89.223691, 48.352012], [-89.223698, 48.352073], [-89.223698, 48.352153], [-89.223678, 48.352214], [-89.223638, 48.352254], [-89.223577, 48.352274], [-89.223496, 48.352274], [-89.223449, 48.352254], [-89.223435, 48.352214]]]}}, {"type": "Feature", "properties": {"lead": 24, "temp": "sp:brook_trout:s1"}, "geometry": {"type": "Polygon", "coordinates": [[[-89.222849, 48.352158], [-89.222876, 48.35214], [-89.222916, 48.352131], [-89.22297, 48.352131], [-89.222997, 48.35214], [-89.222997, 48.352158], [-89.22297, 48.352185], [-89.222916, 48.35222], [-89.222876, 48.352238], [-89.222849, 48.352238], [-89.222835, 48.35222], [-89.222835, 48.352185], [-89.222849, 48.352158]]]}}, {"type": "Feature", "properties": {"lead": 24, "temp": "sp:brook_trout:s1"}, "geometry": {"type": "Polygon", "coordinates": [[[-89.223944, 48.352361], [-89.223914, 48.352341], [-89.223914, 48.352314], [-89.223954, 48.352285], [-89.224035, 48.352254], [-89.224157, 48.35222], [-89.224318, 48.352185], [-89.22443, 48.352173], [-89.22449, 48.352187], [-89.2245, 48.352225], [-89.22446, 48.352287], [-89.224399, 48.352334], [-89.224318, 48.352366], [-89.224217, 48.352381], [-89.224096, 48.352381], [-89.224005, 48.352375], [-89.223944, 48.352361]]]}}, {"type": "Feature", "properties": {"lead": 24, "temp": "sp:brook_trout:s1"}, "geometry": {"type": "Polygon", "coordinates": [[[-89.224969, 48.352261], [-89.224999, 48.352252], [-89.225039, 48.352261], [-89.22506, 48.352281], [-89.22506, 48.352312], [-89.225039, 48.352355], [-89.224999, 48.352408], [-89.224969, 48.352433], [-89.224949, 48.352428], [-89.224938, 48.352395], [-89.224938, 48.352332], [-89.224949, 48.352287], [-89.224969, 48.352261]]]}}, {"type": "Feature", "properties": {"lead": 24, "temp": "sp:brook_trout:s1"}, "geometry": {"type": "Polygon", "coordinates": [[[-89.225286, 48.35237], [-89.225333, 48.352348], [-89.225403, 48.35235], [-89.225498, 48.352377], [-89.225545, 48.352408], [-89.225545, 48.352444], [-89.225498, 48.352484], [-89.225403, 48.352529], [-89.225333, 48.352545], [-89.225286, 48.352531], [-89.225262, 48.352489], [-89.225262, 48.352417], [-89.225286, 48.35237]]]}}, {"type": "Feature", "properties": {"lead": 24, "temp": "sp:brook_trout:s1"}, "geometry": {"type": "Polygon", "coordinates": [[[-89.225993, 48.352713], [-89.226024, 48.352704], [-89.226064, 48.352704], [-89.226084, 48.352713], [-89.226084, 48.35273], [-89.226064, 48.352757], [-89.226024, 48.352793], [-89.225993, 48.352811], [-89.225973, 48.352811], [-89.225963, 48.352793], [-89.225963, 48.352757], [-89.225973, 48.35273], [-89.225993, 48.352713]]]}}, {"type": "Feature", "properties": {"lead": 24, "temp": "sp:brook_trout:s1"}, "geometry": {"type": "Polygon", "coordinates": [[[-89.226634, 48.352813], [-89.22661, 48.352766], [-89.22661, 48.352713], [-89.226634, 48.352679], [-89.226681, 48.352666], [-89.226751, 48.352672], [-89.226846, 48.352699], [-89.226917, 48.352733], [-89.226964, 48.352773], [-89.226987, 48.35282], [-89.226987, 48.352874], [-89.226964, 48.352907], [-89.226917, 48.352921], [-89.226846, 48.352914], [-89.226751, 48.352887], [-89.226681, 48.352853], [-89.226634, 48.352813]]]}}, {"type": "Feature", "properties": {"lead": 24, "temp": "sp:brook_trout:s1"}, "geometry": {"type": "Polygon", "coordinates": [[[-89.226307, 48.352867], [-89.226347, 48.352853], [-89.226408, 48.352847], [-89.226489, 48.352847], [-89.226529, 48.352853], [-89.226529, 48.352867], [-89.226489, 48.352887], [-89.226408, 48.352914], [-89.226347, 48.352927], [-89.226307, 48.352927], [-89.226286, 48.352914], [-89.226286, 48.352887], [-89.226307, 48.352867]]]}}, {"type": "Feature", "properties": {"lead": 24, "temp": "sp:brook_trout:s1"}, "geometry": {"type": "Polygon", "coordinates": [[[-89.226997, 48.352974], [-89.227018, 48.352961], [-89.227048, 48.352954], [-89.227088, 48.352954], [-89.227109, 48.352961], [-89.227109, 48.352974], [-89.227088, 48.352994], [-89.227048, 48.353021], [-89.227018, 48.353035], [-89.226997, 48.353035], [-89.226987, 48.353021], [-89.226987, 48.352994], [-89.226997, 48.352974]]]}}, {"type": "Feature", "properties": {"lead": 24, "temp": "sp:brook_trout:s1"}, "geometry": {"type": "Polygon", "coordinates": [[[-89.226997, 48.354334], [-89.227018, 48.354321], [-89.227048, 48.354314], [-89.227088, 48.354314], [-89.227109, 48.354321], [-89.227109, 48.354334], [-89.227088, 48.354354], [-89.227048, 48.354381], [-89.227018, 48.354395], [-89.226997, 48.354395], [-89.226987, 48.354381], [-89.226987, 48.354354], [-89.226997, 48.354334]]]}}, {"type": "Feature", "properties": {"lead": 24, "temp": "sp:brook_trout:s1"}, "geometry": {"type": "Polygon", "coordinates": [[[-89.226856, 48.354538], [-89.226886, 48.354529], [-89.226927, 48.354529], [-89.226947, 48.354538], [-89.226947, 48.354556], [-89.226927, 48.354583], [-89.226886, 48.354618], [-89.226856, 48.354636], [-89.226836, 48.354636], [-89.226826, 48.354618], [-89.226826, 48.354583], [-89.226836, 48.354556], [-89.226856, 48.354538]]]}}, {"type": "Feature", "properties": {"lead": 24, "temp": "sp:brook_trout:s1"}, "geometry": {"type": "Polygon", "coordinates": [[[-89.226623, 48.354934], [-89.22661, 48.354873], [-89.22661, 48.354793], [-89.226623, 48.354732], [-89.22665, 48.354692], [-89.226691, 48.354672], [-89.226745, 48.354672], [-89.226785, 48.354692], [-89.226812, 48.354732], [-89.226826, 48.354793], [-89.226826, 48.354873], [-89.226812, 48.354934], [-89.226785, 48.354974], [-89.226745, 48.354994], [-89.226691, 48.354994], [-89.22665, 48.354974], [-89.226623, 48.354934]]]}}, {"type": "Feature", "properties": {"lead": 24, "temp": "sp:brook_trout:s1"}, "geometry": {"type": "Polygon", "coordinates": [[[-89.226846, 48.355157], [-89.226886, 48.355144], [-89.226947, 48.355137], [-89.227028, 48.355137], [-89.227068, 48.355144], [-89.227068, 48.355157], [-89.227028, 48.355178], [-89.226947, 48.355204], [-89.226886, 48.355218], [-89.226846, 48.355218], [-89.226826, 48.355204], [-89.226826, 48.355178], [-89.226846, 48.355157]]]}}, {"type": "Feature", "properties": {"lead": 24, "temp": "sp:brook_trout:s1"}, "geometry": {"type": "Polygon", "coordinates": [[[-89.225858, 48.359074], [-89.225676, 48.359003], [-89.225478, 48.358895], [-89.225262, 48.358752], [-89.225046, 48.358638], [-89.224831, 48.358553], [-89.224615, 48.358497], [-89.224399, 48.35847], [-89.224227, 48.358428], [-89.224099, 48.35837], [-89.224015, 48.358296], [-89.223975, 48.358206], [-89.223877, 48.358119], [-89.223722, 48.358034], [-89.223509, 48.357951], [-89.22324, 48.357871], [-89.223038, 48.357781], [-89.222903, 48.357683], [-89.222835, 48.357575], [-89.222835, 48.357459], [-89.222785, 48.357359], [-89.222684, 48.357274], [-89.222532, 48.357204], [-89.22233, 48.35715], [-89.222155, 48.357088], [-89.222006, 48.357016], [-89.221885, 48.356936], [-89.221791, 48.356846], [-89.221838, 48.356815], [-89.222027, 48.356842], [-89.222357, 48.356927], [-89.222829, 48.35707], [-89.223257, 48.357227], [-89.223641, 48.357397], [-89.223981, 48.35758], [-89.224278, 48.357777], [-89.224534, 48.357931], [-89.22475, 48.358043], [-89.224925, 48.358112], [-89.22506, 48.358139], [-89.225232, 48.358217], [-89.225441, 48.358347], [-89.225687, 48.358528], [-89.22597, 48.358761], [-89.226145, 48.358935], [-89.226212, 48.359052], [-89.226172, 48.35911], [-89.226024, 48.35911], [-89.225858, 48.359074]]]}}, {"type": "Feature", "properties": {"lead": 24, "temp": "sp:brook_trout:s1"}, "geometry": {"type": "Polygon", "coordinates": [[[-89.197011, 48.309689], [-89.197045, 48.309505], [-89.197115, 48.309342], [-89.197223, 48.309198], [-89.197321, 48.309091], [-89.197408, 48.309019], [-89.197486, 48.308983], [-89.197553, 48.308983], [-89.197594, 48.309042], [-89.197607, 48.309158], [-89.197594, 48.309333], [-89.197553, 48.309565], [-89.19751, 48.30974], [-89.197462, 48.309856], [-89.197412, 48.309915], [-89.197358, 48.309915], [-89.197307, 48.309948], [-89.19726, 48.310015], [-89.197216, 48.310116], [-89.197176, 48.310251], [-89.197135, 48.310295], [-89.197095, 48.310251], [-89.197055, 48.310116], [-89.197014, 48.309892], [-89.197011, 48.309689]]]}}, {"type": "Feature", "properties": {"lead": 24, "temp": "sp:brook_trout:s1"}, "geometry": {"type": "Polygon", "coordinates": [[[-89.196734, 48.311751], [-89.196691, 48.311415], [-89.196731, 48.31103], [-89.196782, 48.310828], [-89.196842, 48.31081], [-89.196913, 48.310976], [-89.196994, 48.311325], [-89.197098, 48.311643], [-89.197226, 48.31193], [-89.197378, 48.312185], [-89.197553, 48.312409], [-89.197611, 48.31253], [-89.19755, 48.312548], [-89.197371, 48.312462], [-89.197075, 48.312274], [-89.196863, 48.312037], [-89.196734, 48.311751]], [[-89.197119, 48.311927], [-89.197115, 48.311934], [-89.197115, 48.311943], [-89.197119, 48.311948], [-89.197125, 48.311948], [-89.197135, 48.311943], [-89.197149, 48.311934], [-89.197156, 48.311927], [-89.197156, 48.311923], [-89.197149, 48.311921], [-89.197135, 48.311921], [-89.197125, 48.311923], [-89.197119, 48.311927]]]}}, {"type": "Feature", "properties": {"lead": 24, "temp": "sp:brook_trout:s1"}, "geometry": {"type": "Polygon", "coordinates": [[[-89.197887, 48.312778], [-89.197938, 48.312785], [-89.198018, 48.312812], [-89.198069, 48.312839], [-89.198089, 48.312865], [-89.198079, 48.312892], [-89.198039, 48.312919], [-89.197998, 48.312926], [-89.197958, 48.312912], [-89.197917, 48.312879], [-89.197877, 48.312825], [-89.197867, 48.312792], [-89.197887, 48.312778]]]}}, {"type": "Feature", "properties": {"lead": 24, "temp": "sp:brook_trout:s1"}, "geometry": {"type": "Polygon", "coordinates": [[[-89.215357, 48.353842], [-89.21531, 48.353829], [-89.215287, 48.353809], [-89.215287, 48.353782], [-89.215307, 48.353757], [-89.215347, 48.353735], [-89.215408, 48.353715], [-89.215489, 48.353697], [-89.215553, 48.353695], [-89.2156, 48.353708], [-89.21563, 48.353737], [-89.215644, 48.353782], [-89.21563, 48.353815], [-89.21559, 48.353838], [-89.215522, 48.353849], [-89.215428, 48.353849], [-89.215357, 48.353842]]]}}, {"type": "Feature", "properties": {"lead": 24, "temp": "sp:brook_trout:s1"}, "geometry": {"type": "Polygon", "coordinates": [[[-89.215846, 48.353869], [-89.215886, 48.353856], [-89.215947, 48.353849], [-89.216028, 48.353849], [-89.216068, 48.353856], [-89.216068, 48.353869], [-89.216028, 48.353889], [-89.215947, 48.353916], [-89.215886, 48.353929], [-89.215846, 48.353929], [-89.215826, 48.353916], [-89.215826, 48.353889], [-89.215846, 48.353869]]]}}, {"type": "Feature", "properties": {"lead": 24, "temp": "sp:brook_trout:s1"}, "geometry": {"type": "Polygon", "coordinates": [[[-89.216699, 48.353903], [-89.216719, 48.353885], [-89.216749, 48.353889], [-89.21679, 48.353916], [-89.21681, 48.353945], [-89.21681, 48.353976], [-89.21679, 48.35401], [-89.216749, 48.354046], [-89.216719, 48.354057], [-89.216699, 48.354044], [-89.216689, 48.354005], [-89.216689, 48.353943], [-89.216699, 48.353903]]]}}, {"type": "Feature", "properties": {"lead": 24, "temp": "sp:brook_trout:s1"}, "geometry": {"type": "Polygon", "coordinates": [[[-89.217615, 48.354211], [-89.217673, 48.354207], [-89.217753, 48.354207], [-89.217797, 48.354211], [-89.217804, 48.35422], [-89.217774, 48.354234], [-89.217706, 48.354252], [-89.217652, 48.35426], [-89.217612, 48.35426], [-89.217585, 48.354252], [-89.217571, 48.354234], [-89.217582, 48.35422], [-89.217615, 48.354211]]]}}, {"type": "Feature", "properties": {"lead": 24, "temp": "sp:brook_trout:s1"}, "geometry": {"type": "Polygon", "coordinates": [[[-89.216924, 48.356075], [-89.217039, 48.356068], [-89.217201, 48.356068], [-89.217288, 48.356075], [-89.217302, 48.356088], [-89.217241, 48.356108], [-89.217106, 48.356135], [-89.216999, 48.356148], [-89.216918, 48.356148], [-89.216864, 48.356135], [-89.216837, 48.356108], [-89.216857, 48.356088], [-89.216924, 48.356075]]]}}, {"type": "Feature", "properties": {"lead": 24, "temp": "sp:brook_trout:s1"}, "geometry": {"type": "Polygon", "coordinates": [[[-89.219465, 48.356267], [-89.219519, 48.356254], [-89.2196, 48.356247], [-89.219708, 48.356247], [-89.219762, 48.356254], [-89.219762, 48.356267], [-89.219708, 48.356287], [-89.2196, 48.356314], [-89.219519, 48.356327], [-89.219465, 48.356327], [-89.219438, 48.356314], [-89.219438, 48.356287], [-89.219465, 48.356267]]]}}, {"type": "Feature", "properties": {"lead": 24, "temp": "sp:brook_trout:s1"}, "geometry": {"type": "Polygon", "coordinates": [[[-89.220524, 48.35641], [-89.220584, 48.356417], [-89.220665, 48.356435], [-89.220706, 48.35645], [-89.220706, 48.356464], [-89.220665, 48.356475], [-89.220584, 48.356484], [-89.220524, 48.356484], [-89.220483, 48.356475], [-89.220463, 48.356457], [-89.220463, 48.35643], [-89.220483, 48.356415], [-89.220524, 48.35641]]]}}, {"type": "Feature", "properties": {"lead": 24, "temp": "sp:brook_trout:s1"}, "geometry": {"type": "Polygon", "coordinates": [[[-89.218401, 48.356594], [-89.218333, 48.356502], [-89.218279, 48.356385], [-89.218283, 48.356298], [-89.218343, 48.35624], [-89.218461, 48.356211], [-89.218636, 48.356211], [-89.218764, 48.356245], [-89.218845, 48.356312], [-89.218879, 48.356412], [-89.218866, 48.356547], [-89.218829, 48.356643], [-89.218768, 48.356701], [-89.218684, 48.356721], [-89.218576, 48.356703], [-89.218481, 48.356661], [-89.218401, 48.356594]]]}}, {"type": "Feature", "properties": {"lead": 24, "temp": "sp:brook_trout:s1"}, "geometry": {"type": "Polygon", "coordinates": [[[-89.220187, 48.356589], [-89.220119, 48.356558], [-89.220059, 48.356511], [-89.220005, 48.356448], [-89.219988, 48.356401], [-89.220008, 48.35637], [-89.220065, 48.356354], [-89.22016, 48.356354], [-89.220241, 48.35637], [-89.220308, 48.356401], [-89.220362, 48.356448], [-89.220402, 48.356511], [-89.220412, 48.356558], [-89.220392, 48.356589], [-89.220342, 48.356605], [-89.220261, 48.356605], [-89.220187, 48.356589]]]}}, {"type": "Feature", "properties": {"lead": 24, "temp": "sp:brook_trout:s1"}, "geometry": {"type": "Polygon", "coordinates": [[[-89.219088, 48.356737], [-89.219196, 48.356676], [-89.219358, 48.356605], [-89.219479, 48.356558], [-89.21956, 48.356535], [-89.2196, 48.356538], [-89.2196, 48.356564], [-89.219573, 48.356602], [-89.219519, 48.356652], [-89.219438, 48.356712], [-89.219331, 48.356784], [-89.219236, 48.356831], [-89.219155, 48.356853], [-89.219088, 48.356851], [-89.219034, 48.356824], [-89.219034, 48.356786], [-89.219088, 48.356737]]]}}, {"type": "Feature", "properties": {"lead": 24, "temp": "sp:brook_trout:s1"}, "geometry": {"type": "Polygon", "coordinates": [[[-89.219856, 48.356645], [-89.219964, 48.356645], [-89.220099, 48.356672], [-89.2202, 48.356696], [-89.220268, 48.356719], [-89.220301, 48.356739], [-89.220301, 48.356757], [-89.220261, 48.356779], [-89.22018, 48.356806], [-89.220059, 48.356837], [-89.219897, 48.356873], [-89.219782, 48.35688], [-89.219715, 48.356857], [-89.219695, 48.356806], [-89.219722, 48.356725], [-89.219775, 48.356672], [-89.219856, 48.356645]]]}}, {"type": "Feature", "properties": {"lead": 24, "temp": "sp:brook_trout:s2"}, "geometry": {"type": "Polygon", "coordinates": [[[-89.231247, 48.353889], [-89.231247, 48.353844], [-89.231267, 48.353813], [-89.231308, 48.353795], [-89.231368, 48.353791], [-89.231449, 48.3538], [-89.23149, 48.353815], [-89.23149, 48.353838], [-89.231449, 48.353867], [-89.231368, 48.353903], [-89.231308, 48.353918], [-89.231267, 48.353914], [-89.231247, 48.353889]]]}}, {"type": "Feature", "properties": {"lead": 24, "temp": "sp:brook_trout:s2"}, "geometry": {"type": "Polygon", "coordinates": [[[-89.230162, 48.354556], [-89.229977, 48.354482], [-89.229781, 48.354424], [-89.229576, 48.354381], [-89.22936, 48.354354], [-89.229232, 48.354321], [-89.229191, 48.354281], [-89.229239, 48.354234], [-89.229373, 48.35418], [-89.229431, 48.354117], [-89.22941, 48.354046], [-89.229313, 48.353965], [-89.229137, 48.353876], [-89.228932, 48.353795], [-89.228696, 48.353724], [-89.22843, 48.353661], [-89.228133, 48.353607], [-89.227911, 48.353551], [-89.227762, 48.353493], [-89.227688, 48.353433], [-89.227688, 48.35337], [-89.227665, 48.353319], [-89.227618, 48.353278], [-89.227547, 48.353249], [-89.227452, 48.353231], [-89.227425, 48.353216], [-89.227466, 48.353202], [-89.227574, 48.353191], [-89.227749, 48.353182], [-89.22788, 48.353164], [-89.227968, 48.353138], [-89.228012, 48.353102], [-89.228012, 48.353057], [-89.228076, 48.353035], [-89.228204, 48.353035], [-89.228396, 48.353057], [-89.228652, 48.353102], [-89.228925, 48.353158], [-89.229215, 48.353225], [-89.229522, 48.353303], [-89.229845, 48.353393], [-89.230061, 48.353473], [-89.230169, 48.353545], [-89.230169, 48.353607], [-89.230061, 48.353661], [-89.23001, 48.353715], [-89.230017, 48.353768], [-89.230081, 48.353822], [-89.230202, 48.353876], [-89.230317, 48.353916], [-89.230425, 48.353943], [-89.230526, 48.353956], [-89.23062, 48.353956], [-89.230691, 48.353943], [-89.230738, 48.353916], [-89.230762, 48.353876], [-89.230762, 48.353822], [-89.230738, 48.353782], [-89.230691, 48.353755], [-89.23062, 48.353742], [-89.230526, 48.353742], [-89.230455, 48.35373], [-89.230408, 48.353708], [-89.230384, 48.353674], [-89.230384, 48.35363], [-89.230432, 48.353605], [-89.230526, 48.353601], [-89.230667, 48.353616], [-89.230856, 48.353652], [-89.230984, 48.353695], [-89.231052, 48.353744], [-89.231058, 48.3538], [-89.231004, 48.353862], [-89.231028, 48.353932], [-89.231129, 48.354008], [-89.231308, 48.35409], [-89.231564, 48.35418], [-89.231766, 48.354276], [-89.231914, 48.354379], [-89.232009, 48.354489], [-89.232049, 48.354605], [-89.232123, 48.354699], [-89.232231, 48.35477], [-89.232373, 48.35482], [-89.232548, 48.354847], [-89.232541, 48.35486], [-89.232353, 48.35486], [-89.231982, 48.354847], [-89.231429, 48.35482], [-89.230971, 48.354777], [-89.230607, 48.354719], [-89.230337, 48.354645], [-89.230162, 48.354556]], [[-89.229798, 48.354207], [-89.229768, 48.354214], [-89.229747, 48.354227], [-89.229737, 48.354247], [-89.229737, 48.354274], [-89.229747, 48.354287], [-89.229768, 48.354287], [-89.229798, 48.354274], [-89.229838, 48.354247], [-89.229859, 48.354227], [-89.229859, 48.354214], [-89.229838, 48.354207], [-89.229798, 48.354207]], [[-89.229097, 48.353491], [-89.229067, 48.3535], [-89.229046, 48.353518], [-89.229036, 48.353545], [-89.229036, 48.35358], [-89.229046, 48.353598], [-89.229067, 48.353598], [-89.229097, 48.35358], [-89.229137, 48.353545], [-89.229158, 48.353518], [-89.229158, 48.3535], [-89.229137, 48.353491], [-89.229097, 48.353491]], [[-89.229326, 48.353527], [-89.229316, 48.353529], [-89.229309, 48.353533], [-89.229306, 48.35354], [-89.229306, 48.353549], [-89.229309, 48.353554], [-89.229316, 48.353554], [-89.229326, 48.353549], [-89.22934, 48.35354], [-89.229346, 48.353533], [-89.229346, 48.353529], [-89.22934, 48.353527], [-89.229326, 48.353527]], [[-89.228679, 48.353419], [-89.228669, 48.353422], [-89.228662, 48.353426], [-89.228659, 48.353433], [-89.228659, 48.353442], [-89.228662, 48.353446], [-89.228669, 48.353446], [-89.228679, 48.353442], [-89.228693, 48.353433], [-89.228699, 48.353426], [-89.228699, 48.353422], [-89.228693, 48.353419], [-89.228679, 48.353419]], [[-89.228517, 48.353384], [-89.228507, 48.353386], [-89.228501, 48.35339], [-89.228497, 48.353397], [-89.228497, 48.353406], [-89.228501, 48.35341], [-89.228507, 48.35341], [-89.228517, 48.353406], [-89.228531, 48.353397], [-89.228538, 48.35339], [-89.228538, 48.353386], [-89.228531, 48.353384], [-89.228517, 48.353384]], [[-89.227971, 48.35324], [-89.227911, 48.353245], [-89.22787, 48.353254], [-89.22785, 48.353267], [-89.22785, 48.353285], [-89.22787, 48.353294], [-89.227911, 48.353294], [-89.227971, 48.353285], [-89.228052, 48.353267], [-89.228093, 48.353254], [-89.228093, 48.353245], [-89.228052, 48.35324], [-89.227971, 48.35324]]]}}, {"type": "Feature", "properties": {"lead": 24, "temp": "sp:brook_trout:s2"}, "geometry": {"type": "Polygon", "coordinates": [[[-89.231948, 48.353988], [-89.231968, 48.353956], [-89.232009, 48.353938], [-89.232069, 48.353934], [-89.23215, 48.353943], [-89.232191, 48.353959], [-89.232191, 48.353981], [-89.23215, 48.35401], [-89.232069, 48.354046], [-89.232009, 48.354061], [-89.231968, 48.354057], [-89.231948, 48.354032], [-89.231948, 48.353988]]]}}, {"type": "Feature", "properties": {"lead": 24, "temp": "sp:brook_trout:s2"}, "geometry": {"type": "Polygon", "coordinates": [[[-89.227473, 48.354247], [-89.227486, 48.354227], [-89.227513, 48.354214], [-89.227554, 48.354207], [-89.227607, 48.354207], [-89.227634, 48.354214], [-89.227634, 48.354227], [-89.227607, 48.354247], [-89.227554, 48.354274], [-89.227513, 48.354287], [-89.227486, 48.354287], [-89.227473, 48.354274], [-89.227473, 48.354247]]]}}, {"type": "Feature", "properties": {"lead": 24, "temp": "sp:brook_trout:s2"}, "geometry": {"type": "Polygon", "coordinates": [[[-89.233512, 48.354354], [-89.233525, 48.354337], [-89.233552, 48.354328], [-89.233593, 48.354328], [-89.233647, 48.354337], [-89.233674, 48.354348], [-89.233674, 48.354361], [-89.233647, 48.354377], [-89.233593, 48.354395], [-89.233552, 48.354401], [-89.233525, 48.354397], [-89.233512, 48.354381], [-89.233512, 48.354354]]]}}, {"type": "Feature", "properties": {"lead": 24, "temp": "sp:brook_trout:s2"}, "geometry": {"type": "Polygon", "coordinates": [[[-89.229427, 48.355978], [-89.228861, 48.355882], [-89.228457, 48.355797], [-89.228214, 48.355723], [-89.228133, 48.355661], [-89.227965, 48.355607], [-89.227709, 48.355562], [-89.227365, 48.355527], [-89.226933, 48.3555], [-89.226596, 48.355439], [-89.226354, 48.355345], [-89.226206, 48.355218], [-89.226152, 48.355057], [-89.226145, 48.354882], [-89.226185, 48.354694], [-89.226273, 48.354493], [-89.226408, 48.354278], [-89.226576, 48.354111], [-89.226778, 48.35399], [-89.227014, 48.353916], [-89.227284, 48.353889], [-89.22757, 48.353885], [-89.227874, 48.353903], [-89.228194, 48.353943], [-89.228531, 48.354005], [-89.228784, 48.354059], [-89.228952, 48.354104], [-89.229036, 48.35414], [-89.229036, 48.354167], [-89.229003, 48.354187], [-89.228935, 48.3542], [-89.228834, 48.354207], [-89.228699, 48.354207], [-89.228534, 48.3542], [-89.228339, 48.354187], [-89.228113, 48.354167], [-89.227857, 48.35414], [-89.227655, 48.354133], [-89.227506, 48.354146], [-89.227412, 48.35418], [-89.227372, 48.354234], [-89.227321, 48.354272], [-89.22726, 48.354294], [-89.22719, 48.354301], [-89.227109, 48.354292], [-89.227021, 48.354328], [-89.226927, 48.354408], [-89.226826, 48.354533], [-89.226718, 48.354703], [-89.226654, 48.354833], [-89.226634, 48.354923], [-89.226657, 48.354972], [-89.226725, 48.354981], [-89.226758, 48.354994], [-89.226758, 48.355012], [-89.226725, 48.355034], [-89.226657, 48.355061], [-89.226623, 48.35509], [-89.226623, 48.355122], [-89.226657, 48.355155], [-89.226725, 48.355191], [-89.226795, 48.355218], [-89.226869, 48.355236], [-89.226947, 48.355245], [-89.227028, 48.355245], [-89.227078, 48.355236], [-89.227099, 48.355218], [-89.227088, 48.355191], [-89.227048, 48.355155], [-89.227031, 48.355122], [-89.227038, 48.35509], [-89.227068, 48.355061], [-89.227122, 48.355034], [-89.227412, 48.355077], [-89.227938, 48.355189], [-89.228699, 48.35537], [-89.229697, 48.355621], [-89.230448, 48.355824], [-89.230954, 48.355981], [-89.231213, 48.35609], [-89.231227, 48.356153], [-89.231055, 48.356173], [-89.230698, 48.356151], [-89.230155, 48.356086], [-89.229427, 48.355978]]]}}, {"type": "Feature", "properties": {"lead": 24, "temp": "sp:brook_trout:s2"}, "geometry": {"type": "Polygon", "coordinates": [[[-89.231247, 48.356287], [-89.231261, 48.356267], [-89.231288, 48.356254], [-89.231328, 48.356247], [-89.231382, 48.356247], [-89.231409, 48.356254], [-89.231409, 48.356267], [-89.231382, 48.356287], [-89.231328, 48.356314], [-89.231288, 48.356327], [-89.231261, 48.356327], [-89.231247, 48.356314], [-89.231247, 48.356287]]]}}, {"type": "Feature", "properties": {"lead": 24, "temp": "sp:brook_trout:s2"}, "geometry": {"type": "Polygon", "coordinates": [[[-89.196529, 48.311424], [-89.196461, 48.311092], [-89.196448, 48.310783], [-89.196488, 48.310497], [-89.196583, 48.310233], [-89.196731, 48.309991], [-89.196842, 48.309861], [-89.196916, 48.309843], [-89.196954, 48.309937], [-89.196954, 48.310143], [-89.196933, 48.310313], [-89.196893, 48.310448], [-89.196832, 48.310546], [-89.196751, 48.310609], [-89.196691, 48.310732], [-89.19665, 48.310915], [-89.19663, 48.311159], [-89.19663, 48.311464], [-89.196613, 48.311609], [-89.196579, 48.311596], [-89.196529, 48.311424]]]}}, {"type": "Feature", "properties": {"lead": 24, "temp": "sp:brook_trout:s2"}, "geometry": {"type": "Polygon", "coordinates": [[[-89.22512, 48.35273], [-89.224986, 48.352663], [-89.224837, 48.352619], [-89.224676, 48.352596], [-89.2245, 48.352596], [-89.224369, 48.352589], [-89.224281, 48.352576], [-89.224237, 48.352556], [-89.224237, 48.352529], [-89.224194, 48.352518], [-89.224106, 48.352522], [-89.223975, 48.352543], [-89.223799, 48.352578], [-89.223624, 48.352594], [-89.223449, 48.352589], [-89.223274, 48.352565], [-89.223098, 48.35252], [-89.222967, 48.352475], [-89.222879, 48.352431], [-89.222835, 48.352386], [-89.222835, 48.352341], [-89.222869, 48.352299], [-89.222937, 48.352258], [-89.223038, 48.35222], [-89.223172, 48.352185], [-89.223307, 48.352176], [-89.223442, 48.352194], [-89.223577, 48.352238], [-89.223712, 48.35231], [-89.223863, 48.352364], [-89.224032, 48.352399], [-89.224217, 48.352417], [-89.224419, 48.352417], [-89.224585, 48.352406], [-89.224713, 48.352384], [-89.224804, 48.35235], [-89.224858, 48.352305], [-89.224898, 48.35229], [-89.224925, 48.352303], [-89.224938, 48.352346], [-89.224938, 48.352417], [-89.224959, 48.352471], [-89.224999, 48.352507], [-89.22506, 48.352525], [-89.225141, 48.352525], [-89.225191, 48.352531], [-89.225211, 48.352545], [-89.225201, 48.352565], [-89.225161, 48.352592], [-89.225184, 48.352616], [-89.225272, 48.352639], [-89.225424, 48.352659], [-89.225639, 48.352677], [-89.225788, 48.352699], [-89.225869, 48.352726], [-89.225882, 48.352757], [-89.225828, 48.352793], [-89.225821, 48.352822], [-89.225862, 48.352845], [-89.225949, 48.35286], [-89.226084, 48.352869], [-89.226131, 48.35288], [-89.226091, 48.352894], [-89.225963, 48.352909], [-89.225747, 48.352927], [-89.225555, 48.352918], [-89.225387, 48.352883], [-89.225242, 48.35282], [-89.22512, 48.35273]], [[-89.22446, 48.352453], [-89.22443, 48.352458], [-89.224409, 48.352466], [-89.224399, 48.35248], [-89.224399, 48.352498], [-89.224409, 48.352507], [-89.22443, 48.352507], [-89.22446, 48.352498], [-89.2245, 48.35248], [-89.224521, 48.352466], [-89.224521, 48.352458], [-89.2245, 48.352453], [-89.22446, 48.352453]], [[-89.224689, 48.352453], [-89.224679, 48.352455], [-89.224672, 48.35246], [-89.224669, 48.352466], [-89.224669, 48.352475], [-89.224672, 48.35248], [-89.224679, 48.35248], [-89.224689, 48.352475], [-89.224702, 48.352466], [-89.224709, 48.35246], [-89.224709, 48.352455], [-89.224702, 48.352453], [-89.224689, 48.352453]]]}}, {"type": "Feature", "properties": {"lead": 24, "temp": "sp:brook_trout:s2"}, "geometry": {"type": "Polygon", "coordinates": [[[-89.226489, 48.3529], [-89.226573, 48.35288], [-89.22666, 48.352876], [-89.226751, 48.352887], [-89.226846, 48.352914], [-89.226917, 48.352938], [-89.226964, 48.352961], [-89.226987, 48.352981], [-89.226987, 48.352999], [-89.226944, 48.35301], [-89.226856, 48.353015], [-89.226725, 48.353012], [-89.226549, 48.353003], [-89.226438, 48.352988], [-89.226391, 48.352965], [-89.226408, 48.352936], [-89.226489, 48.3529]]]}}, {"type": "Feature", "properties": {"lead": 24, "temp": "sp:brook_trout:s2"}, "geometry": {"type": "Polygon", "coordinates": [[[-89.226826, 48.353124], [-89.226866, 48.353108], [-89.226947, 48.353095], [-89.227068, 48.353084], [-89.22723, 48.353075], [-89.227311, 48.353075], [-89.227311, 48.353084], [-89.22723, 48.353102], [-89.227068, 48.353129], [-89.226947, 48.353144], [-89.226866, 48.353149], [-89.226826, 48.353142], [-89.226826, 48.353124]]]}}, {"type": "Feature", "properties": {"lead": 24, "temp": "sp:brook_trout:s2"}, "geometry": {"type": "Polygon", "coordinates": [[[-89.215347, 48.353916], [-89.21528, 48.353842], [-89.215293, 48.353811], [-89.215388, 48.353822], [-89.215563, 48.353876], [-89.215748, 48.353909], [-89.215944, 48.353923], [-89.216149, 48.353916], [-89.216365, 48.353889], [-89.216527, 48.353885], [-89.216635, 48.353903], [-89.216689, 48.353943], [-89.216689, 48.354005], [-89.216753, 48.354064], [-89.216881, 48.354117], [-89.217073, 48.354167], [-89.217329, 48.354211], [-89.217396, 48.35424], [-89.217275, 48.354254], [-89.216965, 48.354252], [-89.216466, 48.354234], [-89.216055, 48.354191], [-89.215731, 48.354124], [-89.215496, 48.354032], [-89.215347, 48.353916]]]}}, {"type": "Feature", "properties": {"lead": 24, "temp": "sp:brook_trout:s2"}, "geometry": {"type": "Polygon", "coordinates": [[[-89.219418, 48.356882], [-89.219368, 48.356846], [-89.219361, 48.356793], [-89.219398, 48.356721], [-89.219479, 48.356632], [-89.219492, 48.35658], [-89.219438, 48.356567], [-89.219317, 48.356591], [-89.219128, 48.356654], [-89.218994, 48.356665], [-89.218913, 48.356625], [-89.218886, 48.356533], [-89.218913, 48.35639], [-89.219027, 48.356309], [-89.21923, 48.356292], [-89.219519, 48.356336], [-89.219897, 48.356444], [-89.22017, 48.356533], [-89.220338, 48.356605], [-89.220402, 48.356658], [-89.220362, 48.356694], [-89.220298, 48.356712], [-89.22021, 48.356712], [-89.220099, 48.356694], [-89.219964, 48.356658], [-89.219856, 48.356652], [-89.219775, 48.356674], [-89.219722, 48.356725], [-89.219695, 48.356806], [-89.219651, 48.356862], [-89.21959, 48.356893], [-89.219513, 48.3569], [-89.219418, 48.356882]], [[-89.219027, 48.356462], [-89.219017, 48.356464], [-89.21901, 48.356468], [-89.219007, 48.356475], [-89.219007, 48.356484], [-89.21901, 48.356488], [-89.219017, 48.356488], [-89.219027, 48.356484], [-89.219041, 48.356475], [-89.219048, 48.356468], [-89.219048, 48.356464], [-89.219041, 48.356462], [-89.219027, 48.356462]]]}}, {"type": "Feature", "properties": {"lead": 24, "temp": "sp:brook_trout:s2"}, "geometry": {"type": "Polygon", "coordinates": [[[-89.225687, 48.358488], [-89.225441, 48.358327], [-89.225232, 48.358211], [-89.22506, 48.358139], [-89.224925, 48.358112], [-89.224719, 48.35803], [-89.224443, 48.357891], [-89.224096, 48.357696], [-89.223678, 48.357446], [-89.223462, 48.357294], [-89.223449, 48.35724], [-89.223638, 48.357285], [-89.224028, 48.357428], [-89.224423, 48.3576], [-89.22482, 48.357801], [-89.225221, 48.358032], [-89.225626, 48.358291], [-89.225939, 48.358506], [-89.226162, 48.358676], [-89.226293, 48.358801], [-89.226334, 48.358882], [-89.226293, 48.358891], [-89.226172, 48.358828], [-89.22597, 48.358694], [-89.225687, 48.358488]]]}}, {"type": "Feature", "properties": {"lead": 24, "temp": "sp:brook_trout:s3"}, "geometry": {"type": "Polygon", "coordinates": [[[-89.225117, 48.352616], [-89.22508, 48.352605], [-89.225066, 48.352587], [-89.225087, 48.352576], [-89.225141, 48.352572], [-89.225228, 48.352574], [-89.22535, 48.352583], [-89.225414, 48.352592], [-89.22542, 48.352601], [-89.22537, 48.35261], [-89.225262, 48.352619], [-89.225178, 48.352621], [-89.225117, 48.352616]]]}}, {"type": "Feature", "properties": {"lead": 24, "temp": "sp:brook_trout:s3"}, "geometry": {"type": "Polygon", "coordinates": [[[-89.226104, 48.352883], [-89.225983, 48.352883], [-89.225892, 48.35288], [-89.225831, 48.352876], [-89.225801, 48.352869], [-89.225801, 48.35286], [-89.225811, 48.352851], [-89.225831, 48.352842], [-89.225862, 48.352833], [-89.225902, 48.352824], [-89.225953, 48.352822], [-89.226013, 48.352827], [-89.226084, 48.352838], [-89.226165, 48.352856], [-89.226195, 48.352869], [-89.226175, 48.352878], [-89.226104, 48.352883]]]}}, {"type": "Feature", "properties": {"lead": 24, "temp": "sp:brook_trout:s3"}, "geometry": {"type": "Polygon", "coordinates": [[[-89.226745, 48.35307], [-89.226691, 48.353053], [-89.226674, 48.353039], [-89.226694, 48.35303], [-89.226751, 48.353026], [-89.226846, 48.353026], [-89.226907, 48.35303], [-89.226933, 48.353039], [-89.226927, 48.353053], [-89.226886, 48.35307], [-89.226842, 48.353079], [-89.226795, 48.353079], [-89.226745, 48.35307]]]}}, {"type": "Feature", "properties": {"lead": 24, "temp": "sp:brook_trout:s3"}, "geometry": {"type": "Polygon", "coordinates": [[[-89.227335, 48.353189], [-89.227291, 48.353178], [-89.227277, 48.35316], [-89.227304, 48.353149], [-89.227372, 48.353144], [-89.227479, 48.353146], [-89.227628, 48.353155], [-89.227705, 48.353164], [-89.227712, 48.353173], [-89.227648, 48.353182], [-89.227513, 48.353191], [-89.227409, 48.353193], [-89.227335, 48.353189]]]}}, {"type": "Feature", "properties": {"lead": 24, "temp": "sp:brook_trout:s3"}, "geometry": {"type": "Polygon", "coordinates": [[[-89.22785, 48.353285], [-89.22785, 48.353267], [-89.22787, 48.353254], [-89.227911, 48.353245], [-89.227971, 48.35324], [-89.228052, 48.35324], [-89.228093, 48.353245], [-89.228093, 48.353254], [-89.228052, 48.353267], [-89.227971, 48.353285], [-89.227911, 48.353294], [-89.22787, 48.353294], [-89.22785, 48.353285]]]}}, {"type": "Feature", "properties": {"lead": 24, "temp": "sp:brook_trout:s3"}, "geometry": {"type": "Polygon", "coordinates": [[[-89.217174, 48.354323], [-89.217174, 48.354305], [-89.217187, 48.354292], [-89.217214, 48.354283], [-89.217255, 48.354278], [-89.217309, 48.354278], [-89.217336, 48.354283], [-89.217336, 48.354292], [-89.217309, 48.354305], [-89.217255, 48.354323], [-89.217214, 48.354332], [-89.217187, 48.354332], [-89.217174, 48.354323]]]}}, {"type": "Feature", "properties": {"lead": 24, "temp": "sp:salmon:s1"}, "geometry": {"type": "Polygon", "coordinates": [[[-89.22661, 48.352887], [-89.226623, 48.352867], [-89.22665, 48.352853], [-89.226691, 48.352847], [-89.226745, 48.352847], [-89.226772, 48.352853], [-89.226772, 48.352867], [-89.226745, 48.352887], [-89.226691, 48.352914], [-89.22665, 48.352927], [-89.226623, 48.352927], [-89.22661, 48.352914], [-89.22661, 48.352887]]]}}, {"type": "Feature", "properties": {"lead": 24, "temp": "sp:salmon:s1"}, "geometry": {"type": "Polygon", "coordinates": [[[-89.226836, 48.352974], [-89.226856, 48.352961], [-89.226886, 48.352954], [-89.226927, 48.352954], [-89.226947, 48.352961], [-89.226947, 48.352974], [-89.226927, 48.352994], [-89.226886, 48.353021], [-89.226856, 48.353035], [-89.226836, 48.353035], [-89.226826, 48.353021], [-89.226826, 48.352994], [-89.226836, 48.352974]]]}}, {"type": "Feature", "properties": {"lead": 24, "temp": "sp:salmon:s1"}, "geometry": {"type": "Polygon", "coordinates": [[[-89.227321, 48.353082], [-89.227341, 48.353068], [-89.227372, 48.353061], [-89.227412, 48.353061], [-89.227432, 48.353068], [-89.227432, 48.353082], [-89.227412, 48.353102], [-89.227372, 48.353129], [-89.227341, 48.353142], [-89.227321, 48.353142], [-89.227311, 48.353129], [-89.227311, 48.353102], [-89.227321, 48.353082]]]}}, {"type": "Feature", "properties": {"lead": 24, "temp": "sp:salmon:s1"}, "geometry": {"type": "Polygon", "coordinates": [[[-89.228538, 48.353424], [-89.228322, 48.353379], [-89.228153, 48.353325], [-89.228032, 48.353263], [-89.227958, 48.353205], [-89.227931, 48.353151], [-89.227951, 48.353102], [-89.228019, 48.353057], [-89.228137, 48.353039], [-89.228305, 48.353048], [-89.228524, 48.353084], [-89.228794, 48.353146], [-89.228996, 48.353205], [-89.229131, 48.353258], [-89.229198, 48.353308], [-89.229198, 48.353352], [-89.229222, 48.353381], [-89.229269, 48.353395], [-89.22934, 48.353393], [-89.229434, 48.353375], [-89.229505, 48.353372], [-89.229552, 48.353386], [-89.229576, 48.353415], [-89.229576, 48.35346], [-89.229498, 48.353487], [-89.229343, 48.353495], [-89.229111, 48.353487], [-89.2288, 48.35346], [-89.228538, 48.353424]]]}}, {"type": "Feature", "properties": {"lead": 24, "temp": "sp:salmon:s1"}, "geometry": {"type": "Polygon", "coordinates": [[[-89.231267, 48.353813], [-89.231308, 48.353795], [-89.231368, 48.353791], [-89.231449, 48.3538], [-89.23149, 48.353815], [-89.23149, 48.353838], [-89.231449, 48.353867], [-89.231368, 48.353903], [-89.231308, 48.353918], [-89.231267, 48.353914], [-89.231247, 48.353889], [-89.231247, 48.353844], [-89.231267, 48.353813]]]}}, {"type": "Feature", "properties": {"lead": 24, "temp": "sp:salmon:s1"}, "geometry": {"type": "Polygon", "coordinates": [[[-89.231968, 48.353956], [-89.232009, 48.353938], [-89.232069, 48.353934], [-89.23215, 48.353943], [-89.232191, 48.353959], [-89.232191, 48.353981], [-89.23215, 48.35401], [-89.232069, 48.354046], [-89.232009, 48.354061], [-89.231968, 48.354057], [-89.231948, 48.354032], [-89.231948, 48.353988], [-89.231968, 48.353956]]]}}, {"type": "Feature", "properties": {"lead": 24, "temp": "sp:salmon:s1"}, "geometry": {"type": "Polygon", "coordinates": [[[-89.227068, 48.354211], [-89.227068, 48.354167], [-89.227109, 48.354113], [-89.22719, 48.35405], [-89.227294, 48.354003], [-89.227422, 48.353972], [-89.227574, 48.353956], [-89.227749, 48.353956], [-89.22788, 48.353965], [-89.227968, 48.353983], [-89.228012, 48.35401], [-89.228012, 48.354046], [-89.227978, 48.354073], [-89.227911, 48.35409], [-89.22781, 48.354099], [-89.227675, 48.354099], [-89.227564, 48.354113], [-89.227476, 48.35414], [-89.227412, 48.35418], [-89.227372, 48.354234], [-89.227321, 48.354267], [-89.22726, 48.354281], [-89.22719, 48.354274], [-89.227109, 48.354247], [-89.227068, 48.354211]]]}}, {"type": "Feature", "properties": {"lead": 24, "temp": "sp:salmon:s1"}, "geometry": {"type": "Polygon", "coordinates": [[[-89.231449, 48.354529], [-89.23123, 48.354399], [-89.230927, 48.354283], [-89.230539, 48.35418], [-89.230068, 48.35409], [-89.229737, 48.353988], [-89.229549, 48.353871], [-89.229501, 48.353742], [-89.229596, 48.353598], [-89.229704, 48.3535], [-89.229825, 48.353446], [-89.22996, 48.353437], [-89.230108, 48.353473], [-89.230192, 48.353513], [-89.230213, 48.353558], [-89.230169, 48.353607], [-89.230061, 48.353661], [-89.23001, 48.353715], [-89.230017, 48.353768], [-89.230081, 48.353822], [-89.230202, 48.353876], [-89.230317, 48.353916], [-89.230425, 48.353943], [-89.230526, 48.353956], [-89.23062, 48.353956], [-89.230691, 48.353943], [-89.230738, 48.353916], [-89.230762, 48.353876], [-89.230762, 48.353822], [-89.230738, 48.353782], [-89.230691, 48.353755], [-89.23062, 48.353742], [-89.230526, 48.353742], [-89.230455, 48.35373], [-89.230408, 48.353708], [-89.230384, 48.353674], [-89.230384, 48.35363], [-89.230432, 48.353605], [-89.230526, 48.353601], [-89.230667, 48.353616], [-89.230856, 48.353652], [-89.230984, 48.353695], [-89.231052, 48.353744], [-89.231058, 48.3538], [-89.231004, 48.353862], [-89.231028, 48.353932], [-89.231129, 48.354008], [-89.231308, 48.35409], [-89.231564, 48.35418], [-89.231766, 48.354276], [-89.231914, 48.354379], [-89.232009, 48.354489], [-89.232049, 48.354605], [-89.232123, 48.354699], [-89.232231, 48.35477], [-89.232373, 48.35482], [-89.232548, 48.354847], [-89.232615, 48.354867], [-89.232575, 48.35488], [-89.232427, 48.354887], [-89.232171, 48.354887], [-89.231945, 48.354851], [-89.231749, 48.354779], [-89.231584, 48.354672], [-89.231449, 48.354529]]]}}, {"type": "Feature", "properties": {"lead": 24, "temp": "sp:salmon:s1"}, "geometry": {"type": "Polygon", "coordinates": [[[-89.227486, 48.354227], [-89.227513, 48.354214], [-89.227554, 48.354207], [-89.227607, 48.354207], [-89.227634, 48.354214], [-89.227634, 48.354227], [-89.227607, 48.354247], [-89.227554, 48.354274], [-89.227513, 48.354287], [-89.227486, 48.354287], [-89.227473, 48.354274], [-89.227473, 48.354247], [-89.227486, 48.354227]]]}}, {"type": "Feature", "properties": {"lead": 24, "temp": "sp:salmon:s1"}, "geometry": {"type": "Polygon", "coordinates": [[[-89.233525, 48.354337], [-89.233552, 48.354328], [-89.233593, 48.354328], [-89.233647, 48.354337], [-89.233674, 48.354348], [-89.233674, 48.354361], [-89.233647, 48.354377], [-89.233593, 48.354395], [-89.233552, 48.354401], [-89.233525, 48.354397], [-89.233512, 48.354381], [-89.233512, 48.354354], [-89.233525, 48.354337]]]}}, {"type": "Feature", "properties": {"lead": 24, "temp": "sp:salmon:s1"}, "geometry": {"type": "Polygon", "coordinates": [[[-89.226836, 48.354354], [-89.226856, 48.354328], [-89.226886, 48.354314], [-89.226927, 48.354314], [-89.226947, 48.354328], [-89.226947, 48.354354], [-89.226927, 48.354395], [-89.226886, 48.354448], [-89.226856, 48.354475], [-89.226836, 48.354475], [-89.226826, 48.354448], [-89.226826, 48.354395], [-89.226836, 48.354354]]]}}, {"type": "Feature", "properties": {"lead": 24, "temp": "sp:salmon:s1"}, "geometry": {"type": "Polygon", "coordinates": [[[-89.226623, 48.354556], [-89.22665, 48.354538], [-89.226691, 48.354529], [-89.226745, 48.354529], [-89.226772, 48.354538], [-89.226772, 48.354556], [-89.226745, 48.354583], [-89.226691, 48.354618], [-89.22665, 48.354636], [-89.226623, 48.354636], [-89.22661, 48.354618], [-89.22661, 48.354583], [-89.226623, 48.354556]]]}}, {"type": "Feature", "properties": {"lead": 24, "temp": "sp:salmon:s1"}, "geometry": {"type": "Polygon", "coordinates": [[[-89.226623, 48.355014], [-89.22665, 48.355001], [-89.226691, 48.354994], [-89.226745, 48.354994], [-89.226772, 48.355001], [-89.226772, 48.355014], [-89.226745, 48.355034], [-89.226691, 48.355061], [-89.22665, 48.355075], [-89.226623, 48.355075], [-89.22661, 48.355061], [-89.22661, 48.355034], [-89.226623, 48.355014]]]}}, {"type": "Feature", "properties": {"lead": 24, "temp": "sp:salmon:s1"}, "geometry": {"type": "Polygon", "coordinates": [[[-89.228861, 48.355882], [-89.228457, 48.355797], [-89.228214, 48.355723], [-89.228133, 48.355661], [-89.227965, 48.355607], [-89.227709, 48.355562], [-89.227365, 48.355527], [-89.226933, 48.3555], [-89.226596, 48.355462], [-89.226354, 48.355412], [-89.226206, 48.355352], [-89.226152, 48.355281], [-89.226202, 48.355225], [-89.226357, 48.355184], [-89.226617, 48.35516], [-89.226981, 48.355151], [-89.227483, 48.355198], [-89.228123, 48.355301], [-89.228902, 48.355459], [-89.229818, 48.355674], [-89.230509, 48.355851], [-89.230974, 48.35599], [-89.231213, 48.35609], [-89.231227, 48.356153], [-89.231055, 48.356173], [-89.230698, 48.356151], [-89.230155, 48.356086], [-89.229427, 48.355978], [-89.228861, 48.355882]]]}}, {"type": "Feature", "properties": {"lead": 24, "temp": "sp:salmon:s1"}, "geometry": {"type": "Polygon", "coordinates": [[[-89.231247, 48.356287], [-89.231261, 48.356267], [-89.231288, 48.356254], [-89.231328, 48.356247], [-89.231382, 48.356247], [-89.231409, 48.356254], [-89.231409, 48.356267], [-89.231382, 48.356287], [-89.231328, 48.356314], [-89.231288, 48.356327], [-89.231261, 48.356327], [-89.231247, 48.356314], [-89.231247, 48.356287]]]}}, {"type": "Feature", "properties": {"lead": 24, "temp": "sp:salmon:s1"}, "geometry": {"type": "Polygon", "coordinates": [[[-89.196448, 48.310783], [-89.196488, 48.310497], [-89.196583, 48.310233], [-89.196731, 48.309991], [-89.196842, 48.309861], [-89.196916, 48.309843], [-89.196954, 48.309937], [-89.196954, 48.310143], [-89.196933, 48.310313], [-89.196893, 48.310448], [-89.196832, 48.310546], [-89.196751, 48.310609], [-89.196691, 48.310732], [-89.19665, 48.310915], [-89.19663, 48.311159], [-89.19663, 48.311464], [-89.196613, 48.311609], [-89.196579, 48.311596], [-89.196529, 48.311424], [-89.196461, 48.311092], [-89.196448, 48.310783]]]}}, {"type": "Feature", "properties": {"lead": 24, "temp": "sp:salmon:s1"}, "geometry": {"type": "Polygon", "coordinates": [[[-89.223071, 48.352158], [-89.223112, 48.35214], [-89.223172, 48.352131], [-89.223253, 48.352131], [-89.223294, 48.35214], [-89.223294, 48.352158], [-89.223253, 48.352185], [-89.223172, 48.35222], [-89.223112, 48.352238], [-89.223071, 48.352238], [-89.223051, 48.35222], [-89.223051, 48.352185], [-89.223071, 48.352158]]]}}, {"type": "Feature", "properties": {"lead": 24, "temp": "sp:salmon:s1"}, "geometry": {"type": "Polygon", "coordinates": [[[-89.223408, 48.352294], [-89.223476, 48.352281], [-89.223577, 48.352274], [-89.223712, 48.352274], [-89.223779, 48.352281], [-89.223779, 48.352294], [-89.223712, 48.352314], [-89.223577, 48.352341], [-89.223476, 48.352355], [-89.223408, 48.352355], [-89.223375, 48.352341], [-89.223375, 48.352314], [-89.223408, 48.352294]]]}}, {"type": "Feature", "properties": {"lead": 24, "temp": "sp:salmon:s1"}, "geometry": {"type": "Polygon", "coordinates": [[[-89.222876, 48.352449], [-89.222849, 48.352422], [-89.222835, 48.352386], [-89.222835, 48.352341], [-89.222849, 48.352308], [-89.222876, 48.352285], [-89.222916, 48.352274], [-89.22297, 48.352274], [-89.223011, 48.352287], [-89.223038, 48.352314], [-89.223051, 48.352355], [-89.223051, 48.352408], [-89.223038, 48.352446], [-89.223011, 48.352469], [-89.22297, 48.352475], [-89.222916, 48.352466], [-89.222876, 48.352449]]]}}, {"type": "Feature", "properties": {"lead": 24, "temp": "sp:salmon:s1"}, "geometry": {"type": "Polygon", "coordinates": [[[-89.224419, 48.352402], [-89.22446, 48.352388], [-89.224521, 48.352381], [-89.224601, 48.352381], [-89.224642, 48.352388], [-89.224642, 48.352402], [-89.224601, 48.352422], [-89.224521, 48.352449], [-89.22446, 48.352462], [-89.224419, 48.352462], [-89.224399, 48.352449], [-89.224399, 48.352422], [-89.224419, 48.352402]]]}}, {"type": "Feature", "properties": {"lead": 24, "temp": "sp:salmon:s1"}, "geometry": {"type": "Polygon", "coordinates": [[[-89.22511, 48.352509], [-89.22513, 48.352496], [-89.225161, 48.352489], [-89.225201, 48.352489], [-89.225221, 48.352496], [-89.225221, 48.352509], [-89.225201, 48.352529], [-89.225161, 48.352556], [-89.22513, 48.352569], [-89.22511, 48.352569], [-89.2251, 48.352556], [-89.2251, 48.352529], [-89.22511, 48.352509]]]}}, {"type": "Feature", "properties": {"lead": 24, "temp": "sp:salmon:s1"}, "geometry": {"type": "Polygon", "coordinates": [[[-89.225811, 48.35273], [-89.225831, 48.352713], [-89.225862, 48.352704], [-89.225902, 48.352704], [-89.225922, 48.352713], [-89.225922, 48.35273], [-89.225902, 48.352757], [-89.225862, 48.352793], [-89.225831, 48.352811], [-89.225811, 48.352811], [-89.225801, 48.352793], [-89.225801, 48.352757], [-89.225811, 48.35273]]]}}, {"type": "Feature", "properties": {"lead": 24, "temp": "sp:salmon:s1"}, "geometry": {"type": "Polygon", "coordinates": [[[-89.226135, 48.352867], [-89.226155, 48.352853], [-89.226185, 48.352847], [-89.226226, 48.352847], [-89.226246, 48.352853], [-89.226246, 48.352867], [-89.226226, 48.352887], [-89.226185, 48.352914], [-89.226155, 48.352927], [-89.226135, 48.352927], [-89.226125, 48.352914], [-89.226125, 48.352887], [-89.226135, 48.352867]]]}}, {"type": "Feature", "properties": {"lead": 24, "temp": "sp:salmon:s1"}, "geometry": {"type": "Polygon", "coordinates": [[[-89.21532, 48.353856], [-89.215388, 48.353851], [-89.215489, 48.353849], [-89.215624, 48.353849], [-89.215691, 48.353851], [-89.215691, 48.353856], [-89.215624, 48.353862], [-89.215489, 48.353871], [-89.215388, 48.353876], [-89.21532, 48.353876], [-89.215287, 48.353871], [-89.215287, 48.353862], [-89.21532, 48.353856]]]}}, {"type": "Feature", "properties": {"lead": 24, "temp": "sp:salmon:s1"}, "geometry": {"type": "Polygon", "coordinates": [[[-89.216399, 48.35409], [-89.216304, 48.354073], [-89.216203, 48.354046], [-89.216095, 48.35401], [-89.216062, 48.353974], [-89.216102, 48.353938], [-89.216217, 48.353903], [-89.216405, 48.353867], [-89.216547, 48.353858], [-89.216641, 48.353876], [-89.216689, 48.35392], [-89.216689, 48.353992], [-89.216668, 48.354046], [-89.216628, 48.354082], [-89.216567, 48.354099], [-89.216486, 48.354099], [-89.216399, 48.35409]]]}}, {"type": "Feature", "properties": {"lead": 24, "temp": "sp:salmon:s1"}, "geometry": {"type": "Polygon", "coordinates": [[[-89.216719, 48.354124], [-89.21678, 48.35412], [-89.216871, 48.354126], [-89.216992, 48.354144], [-89.217052, 48.35416], [-89.217052, 48.354173], [-89.216992, 48.354184], [-89.216871, 48.354193], [-89.21678, 48.354193], [-89.216719, 48.354184], [-89.216689, 48.354167], [-89.216689, 48.35414], [-89.216719, 48.354124]]]}}, {"type": "Feature", "properties": {"lead": 24, "temp": "sp:salmon:s1"}, "geometry": {"type": "Polygon", "coordinates": [[[-89.217275, 48.354307], [-89.217208, 48.354294], [-89.217174, 48.354274], [-89.217174, 48.354247], [-89.217197, 48.354227], [-89.217245, 48.354214], [-89.217315, 48.354207], [-89.21741, 48.354207], [-89.217491, 48.354214], [-89.217558, 48.354227], [-89.217612, 48.354247], [-89.217652, 48.354274], [-89.217649, 48.354294], [-89.217602, 48.354307], [-89.217511, 48.354314], [-89.217376, 48.354314], [-89.217275, 48.354307]]]}}, {"type": "Feature", "properties": {"lead": 24, "temp": "sp:salmon:s1"}, "geometry": {"type": "Polygon", "coordinates": [[[-89.219368, 48.356846], [-89.219361, 48.356793], [-89.219398, 48.356721], [-89.219479, 48.356632], [-89.219492, 48.35658], [-89.219438, 48.356567], [-89.219317, 48.356591], [-89.219128, 48.356654], [-89.218994, 48.356665], [-89.218913, 48.356625], [-89.218886, 48.356533], [-89.218913, 48.35639], [-89.219027, 48.356309], [-89.21923, 48.356292], [-89.219519, 48.356336], [-89.219897, 48.356444], [-89.22017, 48.356533], [-89.220338, 48.356605], [-89.220402, 48.356658], [-89.220362, 48.356694], [-89.220298, 48.356712], [-89.22021, 48.356712], [-89.220099, 48.356694], [-89.219964, 48.356658], [-89.219856, 48.356652], [-89.219775, 48.356674], [-89.219722, 48.356725], [-89.219695, 48.356806], [-89.219651, 48.356862], [-89.21959, 48.356893], [-89.219513, 48.3569], [-89.219418, 48.356882], [-89.219368, 48.356846]]]}}, {"type": "Feature", "properties": {"lead": 24, "temp": "sp:salmon:s1"}, "geometry": {"type": "Polygon", "coordinates": [[[-89.225441, 48.358327], [-89.225232, 48.358211], [-89.22506, 48.358139], [-89.224925, 48.358112], [-89.224719, 48.35803], [-89.224443, 48.357891], [-89.224096, 48.357696], [-89.223678, 48.357446], [-89.223462, 48.357294], [-89.223449, 48.35724], [-89.223638, 48.357285], [-89.224028, 48.357428], [-89.224423, 48.3576], [-89.22482, 48.357801], [-89.225221, 48.358032], [-89.225626, 48.358291], [-89.225939, 48.358506], [-89.226162, 48.358676], [-89.226293, 48.358801], [-89.226334, 48.358882], [-89.226293, 48.358891], [-89.226172, 48.358828], [-89.22597, 48.358694], [-89.225687, 48.358488], [-89.225441, 48.358327]]]}}, {"type": "Feature", "properties": {"lead": 24, "temp": "sp:salmon:s2"}, "geometry": {"type": "Polygon", "coordinates": [[[-89.225973, 48.352724], [-89.225993, 48.35271], [-89.226024, 48.352704], [-89.226064, 48.352704], [-89.226084, 48.35271], [-89.226084, 48.352724], [-89.226064, 48.352744], [-89.226024, 48.352771], [-89.225993, 48.352784], [-89.225973, 48.352784], [-89.225963, 48.352771], [-89.225963, 48.352744], [-89.225973, 48.352724]]]}}, {"type": "Feature", "properties": {"lead": 24, "temp": "sp:salmon:s2"}, "geometry": {"type": "Polygon", "coordinates": [[[-89.226681, 48.352853], [-89.226634, 48.352813], [-89.22661, 48.352766], [-89.22661, 48.352713], [-89.226634, 48.352679], [-89.226681, 48.352666], [-89.226751, 48.352672], [-89.226846, 48.352699], [-89.226917, 48.352733], [-89.226964, 48.352773], [-89.226987, 48.35282], [-89.226987, 48.352874], [-89.226964, 48.352907], [-89.226917, 48.352921], [-89.226846, 48.352914], [-89.226751, 48.352887], [-89.226681, 48.352853]]]}}, {"type": "Feature", "properties": {"lead": 24, "temp": "sp:salmon:s2"}, "geometry": {"type": "Polygon", "coordinates": [[[-89.227166, 48.352813], [-89.2272, 48.3528], [-89.22725, 48.352802], [-89.227318, 48.35282], [-89.227351, 48.35284], [-89.227351, 48.352862], [-89.227318, 48.352887], [-89.22725, 48.352914], [-89.2272, 48.352923], [-89.227166, 48.352914], [-89.227149, 48.352887], [-89.227149, 48.352842], [-89.227166, 48.352813]]]}}, {"type": "Feature", "properties": {"lead": 24, "temp": "sp:salmon:s2"}, "geometry": {"type": "Polygon", "coordinates": [[[-89.226347, 48.352851], [-89.226408, 48.352847], [-89.226489, 48.352847], [-89.226529, 48.352851], [-89.226529, 48.35286], [-89.226489, 48.352874], [-89.226408, 48.352891], [-89.226347, 48.3529], [-89.226307, 48.3529], [-89.226286, 48.352891], [-89.226286, 48.352874], [-89.226307, 48.35286], [-89.226347, 48.352851]]]}}, {"type": "Feature", "properties": {"lead": 24, "temp": "sp:salmon:s2"}, "geometry": {"type": "Polygon", "coordinates": [[[-89.227739, 48.352934], [-89.227789, 48.352932], [-89.227857, 48.352941], [-89.227891, 48.352954], [-89.227891, 48.352972], [-89.227857, 48.352994], [-89.227789, 48.353021], [-89.227739, 48.353032], [-89.227705, 48.353028], [-89.227688, 48.353008], [-89.227688, 48.352972], [-89.227705, 48.352947], [-89.227739, 48.352934]]]}}, {"type": "Feature", "properties": {"lead": 24, "temp": "sp:salmon:s2"}, "geometry": {"type": "Polygon", "coordinates": [[[-89.227486, 48.353075], [-89.227513, 48.353066], [-89.227554, 48.353061], [-89.227607, 48.353061], [-89.227634, 48.353066], [-89.227634, 48.353075], [-89.227607, 48.353088], [-89.227554, 48.353106], [-89.227513, 48.353115], [-89.227486, 48.353115], [-89.227473, 48.353106], [-89.227473, 48.353088], [-89.227486, 48.353075]]]}}, {"type": "Feature", "properties": {"lead": 24, "temp": "sp:salmon:s2"}, "geometry": {"type": "Polygon", "coordinates": [[[-89.229909, 48.353654], [-89.229929, 48.353641], [-89.22996, 48.353634], [-89.23, 48.353634], [-89.23002, 48.353641], [-89.23002, 48.353654], [-89.23, 48.353674], [-89.22996, 48.353701], [-89.229929, 48.353715], [-89.229909, 48.353715], [-89.229899, 48.353701], [-89.229899, 48.353674], [-89.229909, 48.353654]]]}}, {"type": "Feature", "properties": {"lead": 24, "temp": "sp:salmon:s2"}, "geometry": {"type": "Polygon", "coordinates": [[[-89.230209, 48.353849], [-89.230155, 48.353795], [-89.230162, 48.353728], [-89.230229, 48.353648], [-89.230283, 48.353601], [-89.230324, 48.353587], [-89.230351, 48.353607], [-89.230364, 48.353661], [-89.230398, 48.353701], [-89.230452, 48.353728], [-89.230526, 48.353742], [-89.23062, 48.353742], [-89.230691, 48.353755], [-89.230738, 48.353782], [-89.230762, 48.353822], [-89.230762, 48.353876], [-89.230718, 48.353909], [-89.23063, 48.353923], [-89.230499, 48.353916], [-89.230324, 48.353889], [-89.230209, 48.353849]]]}}, {"type": "Feature", "properties": {"lead": 24, "temp": "sp:salmon:s2"}, "geometry": {"type": "Polygon", "coordinates": [[[-89.230944, 48.353936], [-89.230924, 48.353916], [-89.230924, 48.353889], [-89.230944, 48.353862], [-89.230984, 48.353835], [-89.231045, 48.353809], [-89.231126, 48.353782], [-89.231186, 48.353775], [-89.231227, 48.353788], [-89.231247, 48.353822], [-89.231247, 48.353876], [-89.231227, 48.353916], [-89.231186, 48.353943], [-89.231126, 48.353956], [-89.231045, 48.353956], [-89.230984, 48.35395], [-89.230944, 48.353936]]]}}, {"type": "Feature", "properties": {"lead": 24, "temp": "sp:salmon:s2"}, "geometry": {"type": "Polygon", "coordinates": [[[-89.227513, 48.354106], [-89.227554, 48.354099], [-89.227607, 48.354099], [-89.227634, 48.354106], [-89.227634, 48.35412], [-89.227607, 48.35414], [-89.227554, 48.354167], [-89.227513, 48.35418], [-89.227486, 48.35418], [-89.227473, 48.354167], [-89.227473, 48.35414], [-89.227486, 48.35412], [-89.227513, 48.354106]]]}}, {"type": "Feature", "properties": {"lead": 24, "temp": "sp:salmon:s2"}, "geometry": {"type": "Polygon", "coordinates": [[[-89.227442, 48.354222], [-89.227463, 48.354236], [-89.227473, 48.35426], [-89.227473, 48.354296], [-89.227463, 48.354316], [-89.227442, 48.354321], [-89.227412, 48.35431], [-89.227372, 48.354283], [-89.227351, 48.35426], [-89.227351, 48.354243], [-89.227372, 48.354229], [-89.227412, 48.35422], [-89.227442, 48.354222]]]}}, {"type": "Feature", "properties": {"lead": 24, "temp": "sp:salmon:s2"}, "geometry": {"type": "Polygon", "coordinates": [[[-89.232312, 48.354777], [-89.23215, 48.354701], [-89.232049, 48.354605], [-89.232009, 48.354489], [-89.231935, 48.354379], [-89.231827, 48.354276], [-89.231685, 48.35418], [-89.23151, 48.35409], [-89.231409, 48.354017], [-89.231382, 48.353959], [-89.231429, 48.353916], [-89.23155, 48.353889], [-89.231655, 48.353885], [-89.231743, 48.353903], [-89.231813, 48.353943], [-89.231867, 48.354005], [-89.231958, 48.354052], [-89.232086, 48.354084], [-89.232251, 48.354099], [-89.232454, 48.354099], [-89.232609, 48.354126], [-89.232716, 48.35418], [-89.232777, 48.35426], [-89.232791, 48.354368], [-89.23278, 48.354448], [-89.232747, 48.354502], [-89.23269, 48.354529], [-89.232609, 48.354529], [-89.232558, 48.354545], [-89.232538, 48.354576], [-89.232548, 48.354623], [-89.232588, 48.354685], [-89.232639, 48.354726], [-89.2327, 48.354744], [-89.23277, 48.354739], [-89.232851, 48.354712], [-89.232919, 48.354661], [-89.232973, 48.354585], [-89.233013, 48.354484], [-89.23304, 48.354359], [-89.233087, 48.354281], [-89.233155, 48.354249], [-89.233242, 48.354265], [-89.23335, 48.354328], [-89.233458, 48.354372], [-89.233566, 48.354399], [-89.233674, 48.354408], [-89.233781, 48.354399], [-89.233866, 48.354404], [-89.233926, 48.354422], [-89.233963, 48.354453], [-89.233977, 48.354498], [-89.234021, 48.354529], [-89.234095, 48.354547], [-89.234199, 48.354551], [-89.234334, 48.354542], [-89.234445, 48.354551], [-89.234533, 48.354578], [-89.234597, 48.354623], [-89.234637, 48.354685], [-89.234577, 48.354741], [-89.234415, 48.354791], [-89.234152, 48.354833], [-89.233788, 48.354869], [-89.233444, 48.354887], [-89.233121, 48.354887], [-89.232818, 48.354869], [-89.232534, 48.354833], [-89.232312, 48.354777]]]}}, {"type": "Feature", "properties": {"lead": 24, "temp": "sp:salmon:s2"}, "geometry": {"type": "Polygon", "coordinates": [[[-89.226836, 48.354556], [-89.226856, 48.354538], [-89.226886, 48.354529], [-89.226927, 48.354529], [-89.226947, 48.354538], [-89.226947, 48.354556], [-89.226927, 48.354583], [-89.226886, 48.354618], [-89.226856, 48.354636], [-89.226836, 48.354636], [-89.226826, 48.354618], [-89.226826, 48.354583], [-89.226836, 48.354556]]]}}, {"type": "Feature", "properties": {"lead": 24, "temp": "sp:salmon:s2"}, "geometry": {"type": "Polygon", "coordinates": [[[-89.226623, 48.354907], [-89.22661, 48.354851], [-89.22661, 48.354779], [-89.226623, 48.354726], [-89.22665, 48.35469], [-89.226691, 48.354672], [-89.226745, 48.354672], [-89.226785, 48.354692], [-89.226812, 48.354732], [-89.226826, 48.354793], [-89.226826, 48.354873], [-89.226812, 48.354932], [-89.226785, 48.354967], [-89.226745, 48.354981], [-89.226691, 48.354972], [-89.22665, 48.354947], [-89.226623, 48.354907]]]}}, {"type": "Feature", "properties": {"lead": 24, "temp": "sp:salmon:s2"}, "geometry": {"type": "Polygon", "coordinates": [[[-89.23211, 48.354954], [-89.232272, 48.354945], [-89.232487, 48.354936], [-89.232595, 48.354934], [-89.232595, 48.354938], [-89.232487, 48.354949], [-89.232272, 48.354967], [-89.23211, 48.354979], [-89.232002, 48.354983], [-89.231948, 48.354981], [-89.231948, 48.354972], [-89.232002, 48.354963], [-89.23211, 48.354954]]]}}, {"type": "Feature", "properties": {"lead": 24, "temp": "sp:salmon:s2"}, "geometry": {"type": "Polygon", "coordinates": [[[-89.233074, 48.354999], [-89.233114, 48.355008], [-89.233134, 48.355021], [-89.233134, 48.355039], [-89.233114, 48.355048], [-89.233074, 48.355048], [-89.233013, 48.355039], [-89.232932, 48.355021], [-89.232892, 48.355008], [-89.232892, 48.354999], [-89.232932, 48.354994], [-89.233013, 48.354994], [-89.233074, 48.354999]]]}}, {"type": "Feature", "properties": {"lead": 24, "temp": "sp:salmon:s2"}, "geometry": {"type": "Polygon", "coordinates": [[[-89.233845, 48.355122], [-89.233866, 48.355108], [-89.233896, 48.355102], [-89.233936, 48.355102], [-89.233957, 48.355108], [-89.233957, 48.355122], [-89.233936, 48.355142], [-89.233896, 48.355169], [-89.233866, 48.355182], [-89.233845, 48.355182], [-89.233835, 48.355169], [-89.233835, 48.355142], [-89.233845, 48.355122]]]}}, {"type": "Feature", "properties": {"lead": 24, "temp": "sp:salmon:s2"}, "geometry": {"type": "Polygon", "coordinates": [[[-89.226846, 48.355157], [-89.226886, 48.355144], [-89.226947, 48.355137], [-89.227028, 48.355137], [-89.227068, 48.355144], [-89.227068, 48.355157], [-89.227028, 48.355178], [-89.226947, 48.355204], [-89.226886, 48.355218], [-89.226846, 48.355218], [-89.226826, 48.355204], [-89.226826, 48.355178], [-89.226846, 48.355157]]]}}, {"type": "Feature", "properties": {"lead": 24, "temp": "sp:salmon:s2"}, "geometry": {"type": "Polygon", "coordinates": [[[-89.229778, 48.35647], [-89.229737, 48.356444], [-89.229737, 48.356408], [-89.229525, 48.356325], [-89.2291, 48.356195], [-89.228463, 48.356019], [-89.227614, 48.355795], [-89.227082, 48.355634], [-89.226866, 48.355536], [-89.226967, 48.3555], [-89.227385, 48.355527], [-89.227752, 48.355571], [-89.228069, 48.355634], [-89.228335, 48.355714], [-89.228551, 48.355813], [-89.228807, 48.355898], [-89.229104, 48.355969], [-89.229441, 48.356028], [-89.229818, 48.356072], [-89.230101, 48.356128], [-89.23029, 48.356195], [-89.230384, 48.356274], [-89.230384, 48.356363], [-89.230344, 48.35643], [-89.230263, 48.356475], [-89.230142, 48.356497], [-89.22998, 48.356497], [-89.229859, 48.356488], [-89.229778, 48.35647]]]}}, {"type": "Feature", "properties": {"lead": 24, "temp": "sp:salmon:s2"}, "geometry": {"type": "Polygon", "coordinates": [[[-89.23181, 48.356658], [-89.231726, 48.356685], [-89.231685, 48.356739], [-89.231611, 48.356772], [-89.231503, 48.356786], [-89.231362, 48.356779], [-89.231186, 48.356752], [-89.231035, 48.356719], [-89.230907, 48.356679], [-89.230802, 48.356632], [-89.230721, 48.356578], [-89.230681, 48.356529], [-89.230681, 48.356484], [-89.230721, 48.356444], [-89.230802, 48.356408], [-89.230829, 48.356374], [-89.230802, 48.356343], [-89.230721, 48.356314], [-89.230587, 48.356287], [-89.230539, 48.356267], [-89.23058, 48.356254], [-89.230708, 48.356247], [-89.230924, 48.356247], [-89.231089, 48.356236], [-89.231203, 48.356213], [-89.231267, 48.35618], [-89.231281, 48.356135], [-89.231331, 48.356108], [-89.231419, 48.356099], [-89.231544, 48.356108], [-89.231705, 48.356135], [-89.231844, 48.356175], [-89.231958, 48.356229], [-89.232049, 48.356296], [-89.232117, 48.356377], [-89.232211, 48.356444], [-89.232332, 48.356497], [-89.232481, 48.356538], [-89.232656, 48.356564], [-89.23277, 48.356598], [-89.232824, 48.356638], [-89.232818, 48.356685], [-89.23275, 48.356739], [-89.232646, 48.356766], [-89.232504, 48.356766], [-89.232326, 48.356739], [-89.23211, 48.356685], [-89.231938, 48.356658], [-89.23181, 48.356658]], [[-89.231261, 48.356267], [-89.231247, 48.356287], [-89.231247, 48.356314], [-89.231261, 48.356327], [-89.231288, 48.356327], [-89.231328, 48.356314], [-89.231382, 48.356287], [-89.231409, 48.356267], [-89.231409, 48.356254], [-89.231382, 48.356247], [-89.231328, 48.356247], [-89.231288, 48.356254], [-89.231261, 48.356267]]]}}, {"type": "Feature", "properties": {"lead": 24, "temp": "sp:salmon:s2"}, "geometry": {"type": "Polygon", "coordinates": [[[-89.197001, 48.309682], [-89.197041, 48.309503], [-89.197115, 48.309342], [-89.197223, 48.309198], [-89.197321, 48.309091], [-89.197408, 48.309019], [-89.197486, 48.308983], [-89.197553, 48.308983], [-89.197594, 48.309042], [-89.197607, 48.309158], [-89.197594, 48.309333], [-89.197553, 48.309565], [-89.197496, 48.309771], [-89.197422, 48.309951], [-89.197331, 48.310103], [-89.197223, 48.310228], [-89.197135, 48.310268], [-89.197068, 48.310224], [-89.197021, 48.310094], [-89.196994, 48.309879], [-89.197001, 48.309682]]]}}, {"type": "Feature", "properties": {"lead": 24, "temp": "sp:salmon:s2"}, "geometry": {"type": "Polygon", "coordinates": [[[-89.196863, 48.312037], [-89.196734, 48.311751], [-89.196691, 48.311415], [-89.196731, 48.31103], [-89.196778, 48.310821], [-89.196832, 48.31079], [-89.196893, 48.310936], [-89.19696, 48.311258], [-89.197058, 48.311562], [-89.197186, 48.311849], [-89.197344, 48.312118], [-89.197533, 48.312368], [-89.197601, 48.312509], [-89.197547, 48.312541], [-89.197371, 48.312462], [-89.197075, 48.312274], [-89.196863, 48.312037]], [[-89.197125, 48.311923], [-89.197119, 48.311927], [-89.197115, 48.311934], [-89.197115, 48.311943], [-89.197119, 48.311948], [-89.197125, 48.311948], [-89.197135, 48.311943], [-89.197149, 48.311934], [-89.197156, 48.311927], [-89.197156, 48.311923], [-89.197149, 48.311921], [-89.197135, 48.311921], [-89.197125, 48.311923]]]}}, {"type": "Feature", "properties": {"lead": 24, "temp": "sp:salmon:s2"}, "geometry": {"type": "Polygon", "coordinates": [[[-89.197867, 48.312792], [-89.197887, 48.312778], [-89.197938, 48.312785], [-89.198018, 48.312812], [-89.198069, 48.312839], [-89.198089, 48.312865], [-89.198079, 48.312892], [-89.198039, 48.312919], [-89.197998, 48.312926], [-89.197958, 48.312912], [-89.197917, 48.312879], [-89.197877, 48.312825], [-89.197867, 48.312792]]]}}, {"type": "Feature", "properties": {"lead": 24, "temp": "sp:salmon:s2"}, "geometry": {"type": "Polygon", "coordinates": [[[-89.223678, 48.352017], [-89.223698, 48.352059], [-89.223698, 48.352131], [-89.223678, 48.352178], [-89.223638, 48.3522], [-89.223577, 48.352198], [-89.223496, 48.352171], [-89.223456, 48.35214], [-89.223456, 48.352104], [-89.223496, 48.352064], [-89.223577, 48.352019], [-89.223638, 48.352003], [-89.223678, 48.352017]]]}}, {"type": "Feature", "properties": {"lead": 24, "temp": "sp:salmon:s2"}, "geometry": {"type": "Polygon", "coordinates": [[[-89.222916, 48.352138], [-89.22295, 48.352131], [-89.222991, 48.352131], [-89.223007, 48.352138], [-89.223001, 48.352151], [-89.22297, 48.352171], [-89.222916, 48.352198], [-89.222879, 48.352211], [-89.222859, 48.352211], [-89.222856, 48.352198], [-89.222869, 48.352171], [-89.222889, 48.352151], [-89.222916, 48.352138]]]}}, {"type": "Feature", "properties": {"lead": 24, "temp": "sp:salmon:s2"}, "geometry": {"type": "Polygon", "coordinates": [[[-89.223995, 48.352348], [-89.223941, 48.352334], [-89.223914, 48.352319], [-89.223914, 48.352301], [-89.223954, 48.352279], [-89.224035, 48.352252], [-89.224157, 48.35222], [-89.224318, 48.352185], [-89.224426, 48.352173], [-89.22448, 48.352187], [-89.22448, 48.352225], [-89.224426, 48.352287], [-89.224359, 48.352332], [-89.224278, 48.352359], [-89.224184, 48.352368], [-89.224076, 48.352359], [-89.223995, 48.352348]]]}}, {"type": "Feature", "properties": {"lead": 24, "temp": "sp:salmon:s2"}, "geometry": {"type": "Polygon", "coordinates": [[[-89.224949, 48.352281], [-89.224969, 48.352258], [-89.224999, 48.352252], [-89.225039, 48.352261], [-89.22506, 48.352279], [-89.22506, 48.352305], [-89.225039, 48.352341], [-89.224999, 48.352386], [-89.224969, 48.352406], [-89.224949, 48.352402], [-89.224938, 48.352373], [-89.224938, 48.352319], [-89.224949, 48.352281]]]}}, {"type": "Feature", "properties": {"lead": 24, "temp": "sp:salmon:s2"}, "geometry": {"type": "Polygon", "coordinates": [[[-89.225286, 48.352364], [-89.225333, 48.352346], [-89.225403, 48.35235], [-89.225498, 48.352377], [-89.225545, 48.352406], [-89.225545, 48.352437], [-89.225498, 48.352471], [-89.225403, 48.352507], [-89.225333, 48.352518], [-89.225286, 48.352504], [-89.225262, 48.352466], [-89.225262, 48.352404], [-89.225286, 48.352364]]]}}, {"type": "Feature", "properties": {"lead": 24, "temp": "sp:salmon:s2"}, "geometry": {"type": "Polygon", "coordinates": [[[-89.215351, 48.353829], [-89.21532, 48.353809], [-89.215307, 48.353782], [-89.215314, 48.353757], [-89.215341, 48.353735], [-89.215388, 48.353715], [-89.215455, 48.353697], [-89.215512, 48.353695], [-89.21556, 48.353708], [-89.215597, 48.353737], [-89.215624, 48.353782], [-89.215624, 48.353815], [-89.215597, 48.353838], [-89.215543, 48.353849], [-89.215462, 48.353849], [-89.215398, 48.353842], [-89.215351, 48.353829]]]}}, {"type": "Feature", "properties": {"lead": 24, "temp": "sp:salmon:s2"}, "geometry": {"type": "Polygon", "coordinates": [[[-89.215886, 48.353862], [-89.215947, 48.353862], [-89.216028, 48.353871], [-89.216068, 48.353882], [-89.216068, 48.353896], [-89.216028, 48.353912], [-89.215947, 48.353929], [-89.215886, 48.353936], [-89.215846, 48.353932], [-89.215826, 48.353916], [-89.215826, 48.353889], [-89.215846, 48.353871], [-89.215886, 48.353862]]]}}, {"type": "Feature", "properties": {"lead": 24, "temp": "sp:salmon:s2"}, "geometry": {"type": "Polygon", "coordinates": [[[-89.216699, 48.353929], [-89.216719, 48.353912], [-89.216749, 48.353912], [-89.21679, 48.353929], [-89.21681, 48.353952], [-89.21681, 48.353979], [-89.21679, 48.35401], [-89.216749, 48.354046], [-89.216719, 48.354059], [-89.216699, 48.35405], [-89.216689, 48.354019], [-89.216689, 48.353965], [-89.216699, 48.353929]]]}}, {"type": "Feature", "properties": {"lead": 24, "temp": "sp:salmon:s2"}, "geometry": {"type": "Polygon", "coordinates": [[[-89.217582, 48.35422], [-89.217615, 48.354211], [-89.217673, 48.354207], [-89.217753, 48.354207], [-89.217797, 48.354211], [-89.217804, 48.35422], [-89.217774, 48.354234], [-89.217706, 48.354252], [-89.217652, 48.35426], [-89.217612, 48.35426], [-89.217585, 48.354252], [-89.217571, 48.354234], [-89.217582, 48.35422]]]}}, {"type": "Feature", "properties": {"lead": 24, "temp": "sp:salmon:s2"}, "geometry": {"type": "Polygon", "coordinates": [[[-89.216857, 48.356088], [-89.216924, 48.356075], [-89.217039, 48.356068], [-89.217201, 48.356068], [-89.217288, 48.356075], [-89.217302, 48.356088], [-89.217241, 48.356108], [-89.217106, 48.356135], [-89.216999, 48.356148], [-89.216918, 48.356148], [-89.216864, 48.356135], [-89.216837, 48.356108], [-89.216857, 48.356088]]]}}, {"type": "Feature", "properties": {"lead": 24, "temp": "sp:salmon:s2"}, "geometry": {"type": "Polygon", "coordinates": [[[-89.219563, 48.356254], [-89.219634, 48.356247], [-89.219728, 48.356247], [-89.219775, 48.356254], [-89.219775, 48.356267], [-89.219728, 48.356287], [-89.219634, 48.356314], [-89.219563, 48.356327], [-89.219516, 48.356327], [-89.219492, 48.356314], [-89.219492, 48.356287], [-89.219516, 48.356267], [-89.219563, 48.356254]]]}}, {"type": "Feature", "properties": {"lead": 24, "temp": "sp:salmon:s2"}, "geometry": {"type": "Polygon", "coordinates": [[[-89.220503, 48.356403], [-89.220544, 48.356403], [-89.220598, 48.356412], [-89.220625, 48.356424], [-89.220625, 48.356437], [-89.220598, 48.356453], [-89.220544, 48.35647], [-89.220503, 48.356477], [-89.220476, 48.356473], [-89.220463, 48.356457], [-89.220463, 48.35643], [-89.220476, 48.356412], [-89.220503, 48.356403]]]}}, {"type": "Feature", "properties": {"lead": 24, "temp": "sp:salmon:s2"}, "geometry": {"type": "Polygon", "coordinates": [[[-89.218525, 48.356687], [-89.218451, 48.35662], [-89.218387, 48.356524], [-89.218333, 48.356399], [-89.218333, 48.356307], [-89.218387, 48.356249], [-89.218495, 48.356224], [-89.218657, 48.356233], [-89.218775, 48.356271], [-89.218849, 48.356339], [-89.218879, 48.356435], [-89.218866, 48.35656], [-89.218832, 48.356652], [-89.218778, 48.35671], [-89.218704, 48.356734], [-89.218609, 48.356725], [-89.218525, 48.356687]]]}}, {"type": "Feature", "properties": {"lead": 24, "temp": "sp:salmon:s2"}, "geometry": {"type": "Polygon", "coordinates": [[[-89.220227, 48.356589], [-89.22016, 48.356558], [-89.220092, 48.356511], [-89.220025, 48.356448], [-89.219998, 48.356403], [-89.220011, 48.356377], [-89.220065, 48.356368], [-89.22016, 48.356377], [-89.220241, 48.356397], [-89.220308, 48.356428], [-89.220362, 48.35647], [-89.220402, 48.356524], [-89.220416, 48.356564], [-89.220402, 48.356591], [-89.220362, 48.356605], [-89.220294, 48.356605], [-89.220227, 48.356589]]]}}, {"type": "Feature", "properties": {"lead": 24, "temp": "sp:salmon:s2"}, "geometry": {"type": "Polygon", "coordinates": [[[-89.219034, 48.356786], [-89.219088, 48.356737], [-89.219196, 48.356676], [-89.219358, 48.356605], [-89.219479, 48.356558], [-89.21956, 48.356535], [-89.2196, 48.356538], [-89.2196, 48.356564], [-89.219573, 48.356602], [-89.219519, 48.356652], [-89.219438, 48.356712], [-89.219331, 48.356784], [-89.219236, 48.356831], [-89.219155, 48.356853], [-89.219088, 48.356851], [-89.219034, 48.356824], [-89.219034, 48.356786]]]}}, {"type": "Feature", "properties": {"lead": 24, "temp": "sp:salmon:s2"}, "geometry": {"type": "Polygon", "coordinates": [[[-89.219856, 48.356645], [-89.219964, 48.356645], [-89.220099, 48.356672], [-89.2202, 48.356696], [-89.220268, 48.356719], [-89.220301, 48.356739], [-89.220301, 48.356757], [-89.220261, 48.356779], [-89.22018, 48.356806], [-89.220059, 48.356837], [-89.219897, 48.356873], [-89.219782, 48.35688], [-89.219715, 48.356857], [-89.219695, 48.356806], [-89.219722, 48.356725], [-89.219775, 48.356672], [-89.219856, 48.356645]]]}}, {"type": "Feature", "properties": {"lead": 24, "temp": "sp:salmon:s2"}, "geometry": {"type": "Polygon", "coordinates": [[[-89.225676, 48.359003], [-89.225478, 48.358895], [-89.225262, 48.358752], [-89.225046, 48.358638], [-89.224831, 48.358553], [-89.224615, 48.358497], [-89.224399, 48.35847], [-89.224227, 48.358428], [-89.224099, 48.35837], [-89.224015, 48.358296], [-89.223975, 48.358206], [-89.223877, 48.358119], [-89.223722, 48.358034], [-89.223509, 48.357951], [-89.22324, 48.357871], [-89.223038, 48.357781], [-89.222903, 48.357683], [-89.222835, 48.357575], [-89.222835, 48.357459], [-89.222785, 48.357359], [-89.222684, 48.357274], [-89.222532, 48.357204], [-89.22233, 48.35715], [-89.222155, 48.357088], [-89.222006, 48.357016], [-89.221885, 48.356936], [-89.221791, 48.356846], [-89.221838, 48.356815], [-89.222027, 48.356842], [-89.222357, 48.356927], [-89.222829, 48.35707], [-89.223257, 48.357227], [-89.223641, 48.357397], [-89.223981, 48.35758], [-89.224278, 48.357777], [-89.224534, 48.357931], [-89.22475, 48.358043], [-89.224925, 48.358112], [-89.22506, 48.358139], [-89.225232, 48.358217], [-89.225441, 48.358347], [-89.225687, 48.358528], [-89.22597, 48.358761], [-89.226145, 48.358935], [-89.226212, 48.359052], [-89.226172, 48.35911], [-89.226024, 48.35911], [-89.225858, 48.359074], [-89.225676, 48.359003]]]}}, {"type": "Feature", "properties": {"lead": 24, "temp": "sp:steelhead:s1"}, "geometry": {"type": "Polygon", "coordinates": [[[-89.227166, 48.352813], [-89.2272, 48.3528], [-89.22725, 48.352802], [-89.227318, 48.35282], [-89.227351, 48.35284], [-89.227351, 48.352862], [-89.227318, 48.352887], [-89.22725, 48.352914], [-89.2272, 48.352923], [-89.227166, 48.352914], [-89.227149, 48.352887], [-89.227149, 48.352842], [-89.227166, 48.352813]]]}}, {"type": "Feature", "properties": {"lead": 24, "temp": "sp:steelhead:s1"}, "geometry": {"type": "Polygon", "coordinates": [[[-89.227557, 48.353153], [-89.227537, 48.353122], [-89.227554, 48.353075], [-89.227607, 48.353012], [-89.227665, 48.352968], [-89.227725, 48.352941], [-89.227789, 48.352932], [-89.227857, 48.352941], [-89.227901, 48.352961], [-89.227921, 48.352992], [-89.227918, 48.353035], [-89.227891, 48.353088], [-89.227847, 48.353129], [-89.227786, 48.353155], [-89.227709, 48.353169], [-89.227614, 48.353169], [-89.227557, 48.353153]]]}}, {"type": "Feature", "properties": {"lead": 24, "temp": "sp:steelhead:s1"}, "geometry": {"type": "Polygon", "coordinates": [[[-89.229909, 48.353654], [-89.229929, 48.353641], [-89.22996, 48.353634], [-89.23, 48.353634], [-89.23002, 48.353641], [-89.23002, 48.353654], [-89.23, 48.353674], [-89.22996, 48.353701], [-89.229929, 48.353715], [-89.229909, 48.353715], [-89.229899, 48.353701], [-89.229899, 48.353674], [-89.229909, 48.353654]]]}}, {"type": "Feature", "properties": {"lead": 24, "temp": "sp:steelhead:s1"}, "geometry": {"type": "Polygon", "coordinates": [[[-89.230155, 48.353795], [-89.230162, 48.353728], [-89.230229, 48.353648], [-89.230283, 48.353601], [-89.230324, 48.353587], [-89.230351, 48.353607], [-89.230364, 48.353661], [-89.230398, 48.353701], [-89.230452, 48.353728], [-89.230526, 48.353742], [-89.23062, 48.353742], [-89.230691, 48.353755], [-89.230738, 48.353782], [-89.230762, 48.353822], [-89.230762, 48.353876], [-89.230718, 48.353909], [-89.23063, 48.353923], [-89.230499, 48.353916], [-89.230324, 48.353889], [-89.230209, 48.353849], [-89.230155, 48.353795]]]}}, {"type": "Feature", "properties": {"lead": 24, "temp": "sp:steelhead:s1"}, "geometry": {"type": "Polygon", "coordinates": [[[-89.230944, 48.353936], [-89.230924, 48.353916], [-89.230924, 48.353889], [-89.230944, 48.353862], [-89.230984, 48.353835], [-89.231045, 48.353809], [-89.231126, 48.353782], [-89.231186, 48.353775], [-89.231227, 48.353788], [-89.231247, 48.353822], [-89.231247, 48.353876], [-89.231227, 48.353916], [-89.231186, 48.353943], [-89.231126, 48.353956], [-89.231045, 48.353956], [-89.230984, 48.35395], [-89.230944, 48.353936]]]}}, {"type": "Feature", "properties": {"lead": 24, "temp": "sp:steelhead:s1"}, "geometry": {"type": "Polygon", "coordinates": [[[-89.227496, 48.35412], [-89.227543, 48.354106], [-89.227614, 48.354099], [-89.227709, 48.354099], [-89.227756, 48.354106], [-89.227756, 48.35412], [-89.227709, 48.35414], [-89.227614, 48.354167], [-89.227543, 48.35418], [-89.227496, 48.35418], [-89.227473, 48.354167], [-89.227473, 48.35414], [-89.227496, 48.35412]]]}}, {"type": "Feature", "properties": {"lead": 24, "temp": "sp:steelhead:s1"}, "geometry": {"type": "Polygon", "coordinates": [[[-89.227321, 48.354234], [-89.227341, 48.354216], [-89.227372, 48.354207], [-89.227412, 48.354207], [-89.227432, 48.354216], [-89.227432, 48.354234], [-89.227412, 48.35426], [-89.227372, 48.354296], [-89.227341, 48.354314], [-89.227321, 48.354314], [-89.227311, 48.354296], [-89.227311, 48.35426], [-89.227321, 48.354234]]]}}, {"type": "Feature", "properties": {"lead": 24, "temp": "sp:steelhead:s1"}, "geometry": {"type": "Polygon", "coordinates": [[[-89.232312, 48.354777], [-89.23215, 48.354701], [-89.232049, 48.354605], [-89.232009, 48.354489], [-89.231935, 48.354379], [-89.231827, 48.354276], [-89.231685, 48.35418], [-89.23151, 48.35409], [-89.231409, 48.354017], [-89.231382, 48.353959], [-89.231429, 48.353916], [-89.23155, 48.353889], [-89.231655, 48.353885], [-89.231743, 48.353903], [-89.231813, 48.353943], [-89.231867, 48.354005], [-89.231958, 48.354052], [-89.232086, 48.354084], [-89.232251, 48.354099], [-89.232454, 48.354099], [-89.232609, 48.354126], [-89.232716, 48.35418], [-89.232777, 48.35426], [-89.232791, 48.354368], [-89.23278, 48.354448], [-89.232747, 48.354502], [-89.23269, 48.354529], [-89.232609, 48.354529], [-89.232558, 48.354545], [-89.232538, 48.354576], [-89.232548, 48.354623], [-89.232588, 48.354685], [-89.232639, 48.354726], [-89.2327, 48.354744], [-89.23277, 48.354739], [-89.232851, 48.354712], [-89.232919, 48.354661], [-89.232973, 48.354585], [-89.233013, 48.354484], [-89.23304, 48.354359], [-89.233087, 48.354281], [-89.233155, 48.354249], [-89.233242, 48.354265], [-89.23335, 48.354328], [-89.233495, 48.354381], [-89.233677, 48.354426], [-89.233896, 48.354462], [-89.234152, 48.354489], [-89.234354, 48.354524], [-89.234503, 48.354569], [-89.234597, 48.354623], [-89.234637, 48.354685], [-89.234577, 48.354741], [-89.234415, 48.354791], [-89.234152, 48.354833], [-89.233788, 48.354869], [-89.233444, 48.354887], [-89.233121, 48.354887], [-89.232818, 48.354869], [-89.232534, 48.354833], [-89.232312, 48.354777]]]}}, {"type": "Feature", "properties": {"lead": 24, "temp": "sp:steelhead:s1"}, "geometry": {"type": "Polygon", "coordinates": [[[-89.23211, 48.354954], [-89.232272, 48.354945], [-89.232487, 48.354936], [-89.232595, 48.354934], [-89.232595, 48.354938], [-89.232487, 48.354949], [-89.232272, 48.354967], [-89.23211, 48.354979], [-89.232002, 48.354983], [-89.231948, 48.354981], [-89.231948, 48.354972], [-89.232002, 48.354963], [-89.23211, 48.354954]]]}}, {"type": "Feature", "properties": {"lead": 24, "temp": "sp:steelhead:s1"}, "geometry": {"type": "Polygon", "coordinates": [[[-89.23338, 48.355001], [-89.233411, 48.354994], [-89.233451, 48.354994], [-89.233471, 48.355001], [-89.233471, 48.355014], [-89.233451, 48.355034], [-89.233411, 48.355061], [-89.23338, 48.355075], [-89.23336, 48.355075], [-89.23335, 48.355061], [-89.23335, 48.355034], [-89.23336, 48.355014], [-89.23338, 48.355001]]]}}, {"type": "Feature", "properties": {"lead": 24, "temp": "sp:steelhead:s1"}, "geometry": {"type": "Polygon", "coordinates": [[[-89.232831, 48.355014], [-89.232871, 48.355001], [-89.232932, 48.354994], [-89.233013, 48.354994], [-89.233053, 48.355001], [-89.233053, 48.355014], [-89.233013, 48.355034], [-89.232932, 48.355061], [-89.232871, 48.355075], [-89.232831, 48.355075], [-89.232811, 48.355061], [-89.232811, 48.355034], [-89.232831, 48.355014]]]}}, {"type": "Feature", "properties": {"lead": 24, "temp": "sp:steelhead:s1"}, "geometry": {"type": "Polygon", "coordinates": [[[-89.233845, 48.355128], [-89.233866, 48.35511], [-89.233896, 48.355102], [-89.233936, 48.355102], [-89.233957, 48.35511], [-89.233957, 48.355128], [-89.233936, 48.355155], [-89.233896, 48.355191], [-89.233866, 48.355209], [-89.233845, 48.355209], [-89.233835, 48.355191], [-89.233835, 48.355155], [-89.233845, 48.355128]]]}}, {"type": "Feature", "properties": {"lead": 24, "temp": "sp:steelhead:s1"}, "geometry": {"type": "Polygon", "coordinates": [[[-89.229859, 48.356488], [-89.229778, 48.35647], [-89.229737, 48.356444], [-89.229737, 48.356408], [-89.229704, 48.356381], [-89.229636, 48.356363], [-89.229535, 48.356354], [-89.2294, 48.356354], [-89.229121, 48.356298], [-89.228696, 48.356186], [-89.228126, 48.356019], [-89.227412, 48.355795], [-89.226981, 48.355634], [-89.226832, 48.355536], [-89.226967, 48.3555], [-89.227385, 48.355527], [-89.227719, 48.355562], [-89.227968, 48.355607], [-89.228133, 48.355661], [-89.228214, 48.355723], [-89.228403, 48.355791], [-89.228699, 48.355862], [-89.229104, 48.355938], [-89.229616, 48.356019], [-89.23, 48.356101], [-89.230256, 48.356186], [-89.230384, 48.356274], [-89.230384, 48.356363], [-89.230344, 48.35643], [-89.230263, 48.356475], [-89.230142, 48.356497], [-89.22998, 48.356497], [-89.229859, 48.356488]]]}}, {"type": "Feature", "properties": {"lead": 24, "temp": "sp:steelhead:s1"}, "geometry": {"type": "Polygon", "coordinates": [[[-89.23181, 48.356658], [-89.231726, 48.356685], [-89.231685, 48.356739], [-89.231611, 48.356772], [-89.231503, 48.356786], [-89.231362, 48.356779], [-89.231186, 48.356752], [-89.231035, 48.356719], [-89.230907, 48.356679], [-89.230802, 48.356632], [-89.230721, 48.356578], [-89.230681, 48.356529], [-89.230681, 48.356484], [-89.230721, 48.356444], [-89.230802, 48.356408], [-89.230829, 48.356374], [-89.230802, 48.356343], [-89.230721, 48.356314], [-89.230587, 48.356287], [-89.230539, 48.356267], [-89.23058, 48.356254], [-89.230708, 48.356247], [-89.230924, 48.356247], [-89.231089, 48.356236], [-89.231203, 48.356213], [-89.231267, 48.35618], [-89.231281, 48.356135], [-89.231331, 48.356108], [-89.231419, 48.356099], [-89.231544, 48.356108], [-89.231705, 48.356135], [-89.231847, 48.356175], [-89.231968, 48.356229], [-89.232069, 48.356296], [-89.23215, 48.356377], [-89.232255, 48.356444], [-89.232383, 48.356497], [-89.232534, 48.356538], [-89.23271, 48.356564], [-89.232821, 48.356598], [-89.232868, 48.356638], [-89.232851, 48.356685], [-89.23277, 48.356739], [-89.232656, 48.356766], [-89.232508, 48.356766], [-89.232326, 48.356739], [-89.23211, 48.356685], [-89.231938, 48.356658], [-89.23181, 48.356658]], [[-89.231261, 48.356267], [-89.231247, 48.356287], [-89.231247, 48.356314], [-89.231261, 48.356327], [-89.231288, 48.356327], [-89.231328, 48.356314], [-89.231382, 48.356287], [-89.231409, 48.356267], [-89.231409, 48.356254], [-89.231382, 48.356247], [-89.231328, 48.356247], [-89.231288, 48.356254], [-89.231261, 48.356267]]]}}, {"type": "Feature", "properties": {"lead": 24, "temp": "sp:steelhead:s1"}, "geometry": {"type": "Polygon", "coordinates": [[[-89.223435, 48.352214], [-89.223456, 48.352153], [-89.223509, 48.352073], [-89.223557, 48.352012], [-89.223597, 48.351972], [-89.223631, 48.351952], [-89.223658, 48.351952], [-89.223678, 48.351972], [-89.223691, 48.352012], [-89.223698, 48.352073], [-89.223698, 48.352153], [-89.223678, 48.352214], [-89.223638, 48.352254], [-89.223577, 48.352274], [-89.223496, 48.352274], [-89.223449, 48.352254], [-89.223435, 48.352214]]]}}, {"type": "Feature", "properties": {"lead": 24, "temp": "sp:steelhead:s1"}, "geometry": {"type": "Polygon", "coordinates": [[[-89.222849, 48.352158], [-89.222876, 48.35214], [-89.222916, 48.352131], [-89.22297, 48.352131], [-89.222997, 48.35214], [-89.222997, 48.352158], [-89.22297, 48.352185], [-89.222916, 48.35222], [-89.222876, 48.352238], [-89.222849, 48.352238], [-89.222835, 48.35222], [-89.222835, 48.352185], [-89.222849, 48.352158]]]}}, {"type": "Feature", "properties": {"lead": 24, "temp": "sp:steelhead:s1"}, "geometry": {"type": "Polygon", "coordinates": [[[-89.223944, 48.352361], [-89.223914, 48.352341], [-89.223914, 48.352314], [-89.223954, 48.352285], [-89.224035, 48.352254], [-89.224157, 48.35222], [-89.224318, 48.352185], [-89.22443, 48.352173], [-89.22449, 48.352187], [-89.2245, 48.352225], [-89.22446, 48.352287], [-89.224399, 48.352334], [-89.224318, 48.352366], [-89.224217, 48.352381], [-89.224096, 48.352381], [-89.224005, 48.352375], [-89.223944, 48.352361]]]}}, {"type": "Feature", "properties": {"lead": 24, "temp": "sp:steelhead:s1"}, "geometry": {"type": "Polygon", "coordinates": [[[-89.224969, 48.352261], [-89.224999, 48.352252], [-89.225039, 48.352261], [-89.22506, 48.352281], [-89.22506, 48.352312], [-89.225039, 48.352355], [-89.224999, 48.352408], [-89.224969, 48.352433], [-89.224949, 48.352428], [-89.224938, 48.352395], [-89.224938, 48.352332], [-89.224949, 48.352287], [-89.224969, 48.352261]]]}}, {"type": "Feature", "properties": {"lead": 24, "temp": "sp:steelhead:s1"}, "geometry": {"type": "Polygon", "coordinates": [[[-89.225286, 48.35237], [-89.225333, 48.352348], [-89.225403, 48.35235], [-89.225498, 48.352377], [-89.225545, 48.352408], [-89.225545, 48.352444], [-89.225498, 48.352484], [-89.225403, 48.352529], [-89.225333, 48.352545], [-89.225286, 48.352531], [-89.225262, 48.352489], [-89.225262, 48.352417], [-89.225286, 48.35237]]]}}, {"type": "Feature", "properties": {"lead": 24, "temp": "sp:steelhead:s1"}, "geometry": {"type": "Polygon", "coordinates": [[[-89.225993, 48.352713], [-89.226024, 48.352704], [-89.226064, 48.352704], [-89.226084, 48.352713], [-89.226084, 48.35273], [-89.226064, 48.352757], [-89.226024, 48.352793], [-89.225993, 48.352811], [-89.225973, 48.352811], [-89.225963, 48.352793], [-89.225963, 48.352757], [-89.225973, 48.35273], [-89.225993, 48.352713]]]}}, {"type": "Feature", "properties": {"lead": 24, "temp": "sp:steelhead:s1"}, "geometry": {"type": "Polygon", "coordinates": [[[-89.226634, 48.352813], [-89.22661, 48.352766], [-89.22661, 48.352713], [-89.226634, 48.352679], [-89.226681, 48.352666], [-89.226751, 48.352672], [-89.226846, 48.352699], [-89.226917, 48.352733], [-89.226964, 48.352773], [-89.226987, 48.35282], [-89.226987, 48.352874], [-89.226964, 48.352907], [-89.226917, 48.352921], [-89.226846, 48.352914], [-89.226751, 48.352887], [-89.226681, 48.352853], [-89.226634, 48.352813]]]}}, {"type": "Feature", "properties": {"lead": 24, "temp": "sp:steelhead:s1"}, "geometry": {"type": "Polygon", "coordinates": [[[-89.226307, 48.352867], [-89.226347, 48.352853], [-89.226408, 48.352847], [-89.226489, 48.352847], [-89.226529, 48.352853], [-89.226529, 48.352867], [-89.226489, 48.352887], [-89.226408, 48.352914], [-89.226347, 48.352927], [-89.226307, 48.352927], [-89.226286, 48.352914], [-89.226286, 48.352887], [-89.226307, 48.352867]]]}}, {"type": "Feature", "properties": {"lead": 24, "temp": "sp:steelhead:s1"}, "geometry": {"type": "Polygon", "coordinates": [[[-89.226997, 48.352974], [-89.227018, 48.352961], [-89.227048, 48.352954], [-89.227088, 48.352954], [-89.227109, 48.352961], [-89.227109, 48.352974], [-89.227088, 48.352994], [-89.227048, 48.353021], [-89.227018, 48.353035], [-89.226997, 48.353035], [-89.226987, 48.353021], [-89.226987, 48.352994], [-89.226997, 48.352974]]]}}, {"type": "Feature", "properties": {"lead": 24, "temp": "sp:steelhead:s1"}, "geometry": {"type": "Polygon", "coordinates": [[[-89.226997, 48.354334], [-89.227018, 48.354321], [-89.227048, 48.354314], [-89.227088, 48.354314], [-89.227109, 48.354321], [-89.227109, 48.354334], [-89.227088, 48.354354], [-89.227048, 48.354381], [-89.227018, 48.354395], [-89.226997, 48.354395], [-89.226987, 48.354381], [-89.226987, 48.354354], [-89.226997, 48.354334]]]}}, {"type": "Feature", "properties": {"lead": 24, "temp": "sp:steelhead:s1"}, "geometry": {"type": "Polygon", "coordinates": [[[-89.226856, 48.354538], [-89.226886, 48.354529], [-89.226927, 48.354529], [-89.226947, 48.354538], [-89.226947, 48.354556], [-89.226927, 48.354583], [-89.226886, 48.354618], [-89.226856, 48.354636], [-89.226836, 48.354636], [-89.226826, 48.354618], [-89.226826, 48.354583], [-89.226836, 48.354556], [-89.226856, 48.354538]]]}}, {"type": "Feature", "properties": {"lead": 24, "temp": "sp:steelhead:s1"}, "geometry": {"type": "Polygon", "coordinates": [[[-89.226623, 48.354934], [-89.22661, 48.354873], [-89.22661, 48.354793], [-89.226623, 48.354732], [-89.22665, 48.354692], [-89.226691, 48.354672], [-89.226745, 48.354672], [-89.226785, 48.354692], [-89.226812, 48.354732], [-89.226826, 48.354793], [-89.226826, 48.354873], [-89.226812, 48.354934], [-89.226785, 48.354974], [-89.226745, 48.354994], [-89.226691, 48.354994], [-89.22665, 48.354974], [-89.226623, 48.354934]]]}}, {"type": "Feature", "properties": {"lead": 24, "temp": "sp:steelhead:s1"}, "geometry": {"type": "Polygon", "coordinates": [[[-89.226846, 48.355157], [-89.226886, 48.355144], [-89.226947, 48.355137], [-89.227028, 48.355137], [-89.227068, 48.355144], [-89.227068, 48.355157], [-89.227028, 48.355178], [-89.226947, 48.355204], [-89.226886, 48.355218], [-89.226846, 48.355218], [-89.226826, 48.355204], [-89.226826, 48.355178], [-89.226846, 48.355157]]]}}, {"type": "Feature", "properties": {"lead": 24, "temp": "sp:steelhead:s1"}, "geometry": {"type": "Polygon", "coordinates": [[[-89.225858, 48.359074], [-89.225676, 48.359003], [-89.225478, 48.358895], [-89.225262, 48.358752], [-89.225046, 48.358638], [-89.224831, 48.358553], [-89.224615, 48.358497], [-89.224399, 48.35847], [-89.224227, 48.358428], [-89.224099, 48.35837], [-89.224015, 48.358296], [-89.223975, 48.358206], [-89.223877, 48.358119], [-89.223722, 48.358034], [-89.223509, 48.357951], [-89.22324, 48.357871], [-89.223038, 48.357781], [-89.222903, 48.357683], [-89.222835, 48.357575], [-89.222835, 48.357459], [-89.222785, 48.357359], [-89.222684, 48.357274], [-89.222532, 48.357204], [-89.22233, 48.35715], [-89.222155, 48.357088], [-89.222006, 48.357016], [-89.221885, 48.356936], [-89.221791, 48.356846], [-89.221838, 48.356815], [-89.222027, 48.356842], [-89.222357, 48.356927], [-89.222829, 48.35707], [-89.223257, 48.357227], [-89.223641, 48.357397], [-89.223981, 48.35758], [-89.224278, 48.357777], [-89.224534, 48.357931], [-89.22475, 48.358043], [-89.224925, 48.358112], [-89.22506, 48.358139], [-89.225232, 48.358217], [-89.225441, 48.358347], [-89.225687, 48.358528], [-89.22597, 48.358761], [-89.226145, 48.358935], [-89.226212, 48.359052], [-89.226172, 48.35911], [-89.226024, 48.35911], [-89.225858, 48.359074]]]}}, {"type": "Feature", "properties": {"lead": 24, "temp": "sp:steelhead:s1"}, "geometry": {"type": "Polygon", "coordinates": [[[-89.197011, 48.309689], [-89.197045, 48.309505], [-89.197115, 48.309342], [-89.197223, 48.309198], [-89.197321, 48.309091], [-89.197408, 48.309019], [-89.197486, 48.308983], [-89.197553, 48.308983], [-89.197594, 48.309042], [-89.197607, 48.309158], [-89.197594, 48.309333], [-89.197553, 48.309565], [-89.19751, 48.30974], [-89.197462, 48.309856], [-89.197412, 48.309915], [-89.197358, 48.309915], [-89.197307, 48.309948], [-89.19726, 48.310015], [-89.197216, 48.310116], [-89.197176, 48.310251], [-89.197135, 48.310295], [-89.197095, 48.310251], [-89.197055, 48.310116], [-89.197014, 48.309892], [-89.197011, 48.309689]]]}}, {"type": "Feature", "properties": {"lead": 24, "temp": "sp:steelhead:s1"}, "geometry": {"type": "Polygon", "coordinates": [[[-89.196734, 48.311751], [-89.196691, 48.311415], [-89.196731, 48.31103], [-89.196782, 48.310828], [-89.196842, 48.31081], [-89.196913, 48.310976], [-89.196994, 48.311325], [-89.197098, 48.311643], [-89.197226, 48.31193], [-89.197378, 48.312185], [-89.197553, 48.312409], [-89.197611, 48.31253], [-89.19755, 48.312548], [-89.197371, 48.312462], [-89.197075, 48.312274], [-89.196863, 48.312037], [-89.196734, 48.311751]], [[-89.197119, 48.311927], [-89.197115, 48.311934], [-89.197115, 48.311943], [-89.197119, 48.311948], [-89.197125, 48.311948], [-89.197135, 48.311943], [-89.197149, 48.311934], [-89.197156, 48.311927], [-89.197156, 48.311923], [-89.197149, 48.311921], [-89.197135, 48.311921], [-89.197125, 48.311923], [-89.197119, 48.311927]]]}}, {"type": "Feature", "properties": {"lead": 24, "temp": "sp:steelhead:s1"}, "geometry": {"type": "Polygon", "coordinates": [[[-89.197887, 48.312778], [-89.197938, 48.312785], [-89.198018, 48.312812], [-89.198069, 48.312839], [-89.198089, 48.312865], [-89.198079, 48.312892], [-89.198039, 48.312919], [-89.197998, 48.312926], [-89.197958, 48.312912], [-89.197917, 48.312879], [-89.197877, 48.312825], [-89.197867, 48.312792], [-89.197887, 48.312778]]]}}, {"type": "Feature", "properties": {"lead": 24, "temp": "sp:steelhead:s1"}, "geometry": {"type": "Polygon", "coordinates": [[[-89.215357, 48.353842], [-89.21531, 48.353829], [-89.215287, 48.353809], [-89.215287, 48.353782], [-89.215307, 48.353757], [-89.215347, 48.353735], [-89.215408, 48.353715], [-89.215489, 48.353697], [-89.215553, 48.353695], [-89.2156, 48.353708], [-89.21563, 48.353737], [-89.215644, 48.353782], [-89.21563, 48.353815], [-89.21559, 48.353838], [-89.215522, 48.353849], [-89.215428, 48.353849], [-89.215357, 48.353842]]]}}, {"type": "Feature", "properties": {"lead": 24, "temp": "sp:steelhead:s1"}, "geometry": {"type": "Polygon", "coordinates": [[[-89.215846, 48.353869], [-89.215886, 48.353856], [-89.215947, 48.353849], [-89.216028, 48.353849], [-89.216068, 48.353856], [-89.216068, 48.353869], [-89.216028, 48.353889], [-89.215947, 48.353916], [-89.215886, 48.353929], [-89.215846, 48.353929], [-89.215826, 48.353916], [-89.215826, 48.353889], [-89.215846, 48.353869]]]}}, {"type": "Feature", "properties": {"lead": 24, "temp": "sp:steelhead:s1"}, "geometry": {"type": "Polygon", "coordinates": [[[-89.216699, 48.353903], [-89.216719, 48.353885], [-89.216749, 48.353889], [-89.21679, 48.353916], [-89.21681, 48.353945], [-89.21681, 48.353976], [-89.21679, 48.35401], [-89.216749, 48.354046], [-89.216719, 48.354057], [-89.216699, 48.354044], [-89.216689, 48.354005], [-89.216689, 48.353943], [-89.216699, 48.353903]]]}}, {"type": "Feature", "properties": {"lead": 24, "temp": "sp:steelhead:s1"}, "geometry": {"type": "Polygon", "coordinates": [[[-89.217615, 48.354211], [-89.217673, 48.354207], [-89.217753, 48.354207], [-89.217797, 48.354211], [-89.217804, 48.35422], [-89.217774, 48.354234], [-89.217706, 48.354252], [-89.217652, 48.35426], [-89.217612, 48.35426], [-89.217585, 48.354252], [-89.217571, 48.354234], [-89.217582, 48.35422], [-89.217615, 48.354211]]]}}, {"type": "Feature", "properties": {"lead": 24, "temp": "sp:steelhead:s1"}, "geometry": {"type": "Polygon", "coordinates": [[[-89.216924, 48.356075], [-89.217039, 48.356068], [-89.217201, 48.356068], [-89.217288, 48.356075], [-89.217302, 48.356088], [-89.217241, 48.356108], [-89.217106, 48.356135], [-89.216999, 48.356148], [-89.216918, 48.356148], [-89.216864, 48.356135], [-89.216837, 48.356108], [-89.216857, 48.356088], [-89.216924, 48.356075]]]}}, {"type": "Feature", "properties": {"lead": 24, "temp": "sp:steelhead:s1"}, "geometry": {"type": "Polygon", "coordinates": [[[-89.219465, 48.356267], [-89.219519, 48.356254], [-89.2196, 48.356247], [-89.219708, 48.356247], [-89.219762, 48.356254], [-89.219762, 48.356267], [-89.219708, 48.356287], [-89.2196, 48.356314], [-89.219519, 48.356327], [-89.219465, 48.356327], [-89.219438, 48.356314], [-89.219438, 48.356287], [-89.219465, 48.356267]]]}}, {"type": "Feature", "properties": {"lead": 24, "temp": "sp:steelhead:s1"}, "geometry": {"type": "Polygon", "coordinates": [[[-89.220524, 48.35641], [-89.220584, 48.356417], [-89.220665, 48.356435], [-89.220706, 48.35645], [-89.220706, 48.356464], [-89.220665, 48.356475], [-89.220584, 48.356484], [-89.220524, 48.356484], [-89.220483, 48.356475], [-89.220463, 48.356457], [-89.220463, 48.35643], [-89.220483, 48.356415], [-89.220524, 48.35641]]]}}, {"type": "Feature", "properties": {"lead": 24, "temp": "sp:steelhead:s1"}, "geometry": {"type": "Polygon", "coordinates": [[[-89.218401, 48.356594], [-89.218333, 48.356502], [-89.218279, 48.356385], [-89.218283, 48.356298], [-89.218343, 48.35624], [-89.218461, 48.356211], [-89.218636, 48.356211], [-89.218764, 48.356245], [-89.218845, 48.356312], [-89.218879, 48.356412], [-89.218866, 48.356547], [-89.218829, 48.356643], [-89.218768, 48.356701], [-89.218684, 48.356721], [-89.218576, 48.356703], [-89.218481, 48.356661], [-89.218401, 48.356594]]]}}, {"type": "Feature", "properties": {"lead": 24, "temp": "sp:steelhead:s1"}, "geometry": {"type": "Polygon", "coordinates": [[[-89.220187, 48.356589], [-89.220119, 48.356558], [-89.220059, 48.356511], [-89.220005, 48.356448], [-89.219988, 48.356401], [-89.220008, 48.35637], [-89.220065, 48.356354], [-89.22016, 48.356354], [-89.220241, 48.35637], [-89.220308, 48.356401], [-89.220362, 48.356448], [-89.220402, 48.356511], [-89.220412, 48.356558], [-89.220392, 48.356589], [-89.220342, 48.356605], [-89.220261, 48.356605], [-89.220187, 48.356589]]]}}, {"type": "Feature", "properties": {"lead": 24, "temp": "sp:steelhead:s1"}, "geometry": {"type": "Polygon", "coordinates": [[[-89.219088, 48.356737], [-89.219196, 48.356676], [-89.219358, 48.356605], [-89.219479, 48.356558], [-89.21956, 48.356535], [-89.2196, 48.356538], [-89.2196, 48.356564], [-89.219573, 48.356602], [-89.219519, 48.356652], [-89.219438, 48.356712], [-89.219331, 48.356784], [-89.219236, 48.356831], [-89.219155, 48.356853], [-89.219088, 48.356851], [-89.219034, 48.356824], [-89.219034, 48.356786], [-89.219088, 48.356737]]]}}, {"type": "Feature", "properties": {"lead": 24, "temp": "sp:steelhead:s1"}, "geometry": {"type": "Polygon", "coordinates": [[[-89.219856, 48.356645], [-89.219964, 48.356645], [-89.220099, 48.356672], [-89.2202, 48.356696], [-89.220268, 48.356719], [-89.220301, 48.356739], [-89.220301, 48.356757], [-89.220261, 48.356779], [-89.22018, 48.356806], [-89.220059, 48.356837], [-89.219897, 48.356873], [-89.219782, 48.35688], [-89.219715, 48.356857], [-89.219695, 48.356806], [-89.219722, 48.356725], [-89.219775, 48.356672], [-89.219856, 48.356645]]]}}, {"type": "Feature", "properties": {"lead": 24, "temp": "sp:steelhead:s2"}, "geometry": {"type": "Polygon", "coordinates": [[[-89.230071, 48.353654], [-89.230091, 48.353641], [-89.230122, 48.353634], [-89.230162, 48.353634], [-89.230182, 48.353641], [-89.230182, 48.353654], [-89.230162, 48.353674], [-89.230122, 48.353701], [-89.230091, 48.353715], [-89.230071, 48.353715], [-89.230061, 48.353701], [-89.230061, 48.353674], [-89.230071, 48.353654]]]}}, {"type": "Feature", "properties": {"lead": 24, "temp": "sp:steelhead:s2"}, "geometry": {"type": "Polygon", "coordinates": [[[-89.22719, 48.354424], [-89.227163, 48.35441], [-89.227149, 48.354395], [-89.227149, 48.354377], [-89.227159, 48.354361], [-89.227179, 48.354348], [-89.22721, 48.354337], [-89.22725, 48.354328], [-89.227284, 48.35433], [-89.227311, 48.354343], [-89.227331, 48.354368], [-89.227345, 48.354404], [-89.227341, 48.354428], [-89.227321, 48.354442], [-89.227284, 48.354444], [-89.22723, 48.354435], [-89.22719, 48.354424]]]}}, {"type": "Feature", "properties": {"lead": 24, "temp": "sp:steelhead:s2"}, "geometry": {"type": "Polygon", "coordinates": [[[-89.232568, 48.354576], [-89.232568, 48.354545], [-89.232609, 48.354529], [-89.23269, 48.354529], [-89.23274, 48.354507], [-89.23276, 48.354462], [-89.23275, 48.354395], [-89.23271, 48.354305], [-89.232696, 48.354236], [-89.23271, 48.354187], [-89.23275, 48.354158], [-89.232818, 48.354149], [-89.232871, 48.354175], [-89.232912, 48.354238], [-89.232939, 48.354337], [-89.232952, 48.354471], [-89.232952, 48.354578], [-89.232939, 48.354659], [-89.232912, 48.354712], [-89.232871, 48.354739], [-89.232821, 48.354744], [-89.23276, 48.354726], [-89.23269, 48.354685], [-89.232609, 48.354623], [-89.232568, 48.354576]]]}}, {"type": "Feature", "properties": {"lead": 24, "temp": "sp:steelhead:s2"}, "geometry": {"type": "Polygon", "coordinates": [[[-89.227018, 48.354428], [-89.227048, 48.354422], [-89.227088, 48.354422], [-89.227109, 48.354428], [-89.227109, 48.354442], [-89.227088, 48.354462], [-89.227048, 48.354489], [-89.227018, 48.354502], [-89.226997, 48.354502], [-89.226987, 48.354489], [-89.226987, 48.354462], [-89.226997, 48.354442], [-89.227018, 48.354428]]]}}, {"type": "Feature", "properties": {"lead": 24, "temp": "sp:steelhead:s2"}, "geometry": {"type": "Polygon", "coordinates": [[[-89.232599, 48.355198], [-89.232508, 48.355151], [-89.232413, 48.355088], [-89.232376, 48.355041], [-89.232396, 48.35501], [-89.232474, 48.354994], [-89.232609, 48.354994], [-89.23272, 48.35501], [-89.232807, 48.355041], [-89.232871, 48.355088], [-89.232912, 48.355151], [-89.232922, 48.355198], [-89.232902, 48.355229], [-89.232851, 48.355245], [-89.23277, 48.355245], [-89.232686, 48.355229], [-89.232599, 48.355198]]]}}, {"type": "Feature", "properties": {"lead": 24, "temp": "sp:steelhead:s2"}, "geometry": {"type": "Polygon", "coordinates": [[[-89.2346, 48.355553], [-89.234567, 48.355527], [-89.234557, 48.355486], [-89.23457, 48.355433], [-89.234543, 48.355377], [-89.234476, 48.355319], [-89.234368, 48.355258], [-89.23422, 48.355196], [-89.234091, 48.355155], [-89.233984, 48.355137], [-89.233896, 48.355142], [-89.233829, 48.355169], [-89.233765, 48.355175], [-89.233704, 48.355162], [-89.233647, 48.355128], [-89.233593, 48.355075], [-89.233508, 48.35503], [-89.233394, 48.354994], [-89.233249, 48.354967], [-89.233074, 48.354949], [-89.23306, 48.354932], [-89.233208, 48.354914], [-89.233519, 48.354896], [-89.23399, 48.354878], [-89.234337, 48.354851], [-89.23456, 48.354815], [-89.234658, 48.35477], [-89.234631, 48.354717], [-89.234637, 48.354688], [-89.234678, 48.354683], [-89.234752, 48.354703], [-89.23486, 48.354748], [-89.234931, 48.3548], [-89.234964, 48.354858], [-89.234961, 48.354923], [-89.23492, 48.354994], [-89.234907, 48.355052], [-89.23492, 48.355097], [-89.234961, 48.355128], [-89.235028, 48.355146], [-89.235062, 48.355184], [-89.235062, 48.355242], [-89.235028, 48.355321], [-89.234961, 48.355419], [-89.23489, 48.355493], [-89.234816, 48.355542], [-89.234738, 48.355567], [-89.234658, 48.355567], [-89.2346, 48.355553]]]}}, {"type": "Feature", "properties": {"lead": 24, "temp": "sp:steelhead:s2"}, "geometry": {"type": "Polygon", "coordinates": [[[-89.226933, 48.355681], [-89.227008, 48.355674], [-89.227129, 48.355674], [-89.227206, 48.355681], [-89.22724, 48.355694], [-89.22723, 48.355714], [-89.227176, 48.355741], [-89.227119, 48.355755], [-89.227058, 48.355755], [-89.226994, 48.355741], [-89.226927, 48.355714], [-89.226907, 48.355694], [-89.226933, 48.355681]]]}}, {"type": "Feature", "properties": {"lead": 24, "temp": "sp:steelhead:s2"}, "geometry": {"type": "Polygon", "coordinates": [[[-89.229067, 48.356251], [-89.229097, 48.356247], [-89.229137, 48.356247], [-89.229158, 48.356251], [-89.229158, 48.35626], [-89.229137, 48.356274], [-89.229097, 48.356292], [-89.229067, 48.3563], [-89.229046, 48.3563], [-89.229036, 48.356292], [-89.229036, 48.356274], [-89.229046, 48.35626], [-89.229067, 48.356251]]]}}, {"type": "Feature", "properties": {"lead": 24, "temp": "sp:steelhead:s2"}, "geometry": {"type": "Polygon", "coordinates": [[[-89.232332, 48.356381], [-89.232346, 48.356363], [-89.232366, 48.356354], [-89.232393, 48.356354], [-89.232406, 48.356363], [-89.232406, 48.356381], [-89.232393, 48.356408], [-89.232366, 48.356444], [-89.232346, 48.356462], [-89.232332, 48.356462], [-89.232326, 48.356444], [-89.232326, 48.356408], [-89.232332, 48.356381]]]}}, {"type": "Feature", "properties": {"lead": 24, "temp": "sp:steelhead:s2"}, "geometry": {"type": "Polygon", "coordinates": [[[-89.229431, 48.356363], [-89.229501, 48.356354], [-89.229596, 48.356354], [-89.229643, 48.356363], [-89.229643, 48.356381], [-89.229596, 48.356408], [-89.229501, 48.356444], [-89.229431, 48.356462], [-89.229383, 48.356462], [-89.22936, 48.356444], [-89.22936, 48.356408], [-89.229383, 48.356381], [-89.229431, 48.356363]]]}}, {"type": "Feature", "properties": {"lead": 24, "temp": "sp:steelhead:s2"}, "geometry": {"type": "Polygon", "coordinates": [[[-89.229943, 48.356585], [-89.229899, 48.356564], [-89.229899, 48.356538], [-89.229963, 48.356509], [-89.230091, 48.356477], [-89.230283, 48.356444], [-89.230539, 48.356408], [-89.230711, 48.356397], [-89.230799, 48.35641], [-89.230802, 48.356448], [-89.230721, 48.356511], [-89.230617, 48.356558], [-89.230489, 48.356589], [-89.230337, 48.356605], [-89.230162, 48.356605], [-89.230031, 48.356598], [-89.229943, 48.356585]]]}}, {"type": "Feature", "properties": {"lead": 24, "temp": "sp:steelhead:s2"}, "geometry": {"type": "Polygon", "coordinates": [[[-89.23062, 48.356625], [-89.230661, 48.356611], [-89.230721, 48.356605], [-89.230802, 48.356605], [-89.230843, 48.356611], [-89.230843, 48.356625], [-89.230802, 48.356645], [-89.230721, 48.356672], [-89.230661, 48.356685], [-89.23062, 48.356685], [-89.2306, 48.356672], [-89.2306, 48.356645], [-89.23062, 48.356625]]]}}, {"type": "Feature", "properties": {"lead": 24, "temp": "sp:steelhead:s2"}, "geometry": {"type": "Polygon", "coordinates": [[[-89.230253, 48.356719], [-89.230283, 48.356712], [-89.230324, 48.356712], [-89.230344, 48.356719], [-89.230344, 48.356732], [-89.230324, 48.356752], [-89.230283, 48.356779], [-89.230253, 48.356793], [-89.230233, 48.356793], [-89.230223, 48.356779], [-89.230223, 48.356752], [-89.230233, 48.356732], [-89.230253, 48.356719]]]}}, {"type": "Feature", "properties": {"lead": 24, "temp": "sp:steelhead:s2"}, "geometry": {"type": "Polygon", "coordinates": [[[-89.230752, 48.35684], [-89.230762, 48.35686], [-89.230762, 48.356887], [-89.230752, 48.3569], [-89.230732, 48.3569], [-89.230701, 48.356887], [-89.230661, 48.35686], [-89.230641, 48.35684], [-89.230641, 48.356826], [-89.230661, 48.356819], [-89.230701, 48.356819], [-89.230732, 48.356826], [-89.230752, 48.35684]]]}}, {"type": "Feature", "properties": {"lead": 24, "temp": "sp:steelhead:s2"}, "geometry": {"type": "Polygon", "coordinates": [[[-89.231534, 48.356989], [-89.231432, 48.356972], [-89.231341, 48.35698], [-89.231261, 48.357016], [-89.231186, 48.357021], [-89.231119, 48.356994], [-89.231058, 48.356936], [-89.231004, 48.356846], [-89.231008, 48.356786], [-89.231069, 48.356755], [-89.231186, 48.356752], [-89.231362, 48.356779], [-89.231503, 48.356786], [-89.231611, 48.356772], [-89.231685, 48.356739], [-89.231726, 48.356685], [-89.231834, 48.356656], [-89.232009, 48.356652], [-89.232251, 48.356672], [-89.232561, 48.356717], [-89.232727, 48.356777], [-89.232747, 48.356853], [-89.232622, 48.356945], [-89.232353, 48.357052], [-89.23212, 48.357115], [-89.231925, 48.357133], [-89.231766, 48.357106], [-89.231645, 48.357034], [-89.231534, 48.356989]]]}}, {"type": "Feature", "properties": {"lead": 24, "temp": "sp:steelhead:s2"}, "geometry": {"type": "Polygon", "coordinates": [[[-89.228713, 48.357745], [-89.228807, 48.357701], [-89.228942, 48.357692], [-89.22907, 48.357698], [-89.229191, 48.357721], [-89.229306, 48.357759], [-89.229414, 48.357813], [-89.229495, 48.357882], [-89.229549, 48.357967], [-89.229576, 48.358068], [-89.229576, 48.358184], [-89.229522, 48.358269], [-89.229414, 48.358323], [-89.229252, 48.358345], [-89.229036, 48.358336], [-89.228868, 48.358291], [-89.228747, 48.358211], [-89.228672, 48.358094], [-89.228645, 48.357942], [-89.228659, 48.357826], [-89.228713, 48.357745]]]}}, {"type": "Feature", "properties": {"lead": 24, "temp": "sp:steelhead:s2"}, "geometry": {"type": "Polygon", "coordinates": [[[-89.222468, 48.352019], [-89.222391, 48.352064], [-89.22231, 48.352162], [-89.222199, 48.352205], [-89.222057, 48.352191], [-89.221885, 48.352122], [-89.221683, 48.351997], [-89.221558, 48.351892], [-89.221511, 48.351807], [-89.221541, 48.351742], [-89.221649, 48.351697], [-89.22174, 48.351675], [-89.221814, 48.351675], [-89.221872, 48.351697], [-89.221912, 48.351742], [-89.221983, 48.351766], [-89.222084, 48.351771], [-89.222215, 48.351755], [-89.222377, 48.351719], [-89.222509, 48.35171], [-89.22261, 48.351728], [-89.22268, 48.351773], [-89.222721, 48.351845], [-89.222788, 48.351892], [-89.222883, 48.351914], [-89.223004, 48.351912], [-89.223152, 48.351885], [-89.223274, 48.351883], [-89.223368, 48.351905], [-89.223435, 48.351952], [-89.223476, 48.352024], [-89.223462, 48.352077], [-89.223395, 48.352113], [-89.223274, 48.352131], [-89.223098, 48.352131], [-89.222964, 48.352147], [-89.222869, 48.352178], [-89.222815, 48.352225], [-89.222802, 48.352287], [-89.222775, 48.352305], [-89.222734, 48.352279], [-89.22268, 48.352207], [-89.222613, 48.352091], [-89.222542, 48.352028], [-89.222468, 48.352019]]]}}, {"type": "Feature", "properties": {"lead": 24, "temp": "sp:steelhead:s2"}, "geometry": {"type": "Polygon", "coordinates": [[[-89.223779, 48.352232], [-89.223725, 48.352218], [-89.223698, 48.352198], [-89.223698, 48.352171], [-89.223725, 48.352144], [-89.223779, 48.352117], [-89.22386, 48.352091], [-89.223968, 48.352064], [-89.224049, 48.352057], [-89.224103, 48.352071], [-89.22413, 48.352104], [-89.22413, 48.352158], [-89.224103, 48.352198], [-89.224049, 48.352225], [-89.223968, 48.352238], [-89.22386, 48.352238], [-89.223779, 48.352232]]]}}, {"type": "Feature", "properties": {"lead": 24, "temp": "sp:steelhead:s2"}, "geometry": {"type": "Polygon", "coordinates": [[[-89.221086, 48.352267], [-89.221144, 48.352238], [-89.221238, 48.352238], [-89.221326, 48.352254], [-89.221407, 48.352285], [-89.221481, 48.352332], [-89.221548, 48.352395], [-89.221572, 48.352455], [-89.221551, 48.352513], [-89.221487, 48.352569], [-89.22138, 48.352623], [-89.221285, 48.352634], [-89.221204, 48.352603], [-89.221137, 48.352529], [-89.221083, 48.352413], [-89.221066, 48.352326], [-89.221086, 48.352267]]]}}, {"type": "Feature", "properties": {"lead": 24, "temp": "sp:steelhead:s2"}, "geometry": {"type": "Polygon", "coordinates": [[[-89.225724, 48.352437], [-89.225801, 48.352444], [-89.225909, 48.352462], [-89.225966, 48.352478], [-89.225973, 48.352491], [-89.225929, 48.352502], [-89.225835, 48.352511], [-89.225761, 48.352511], [-89.225707, 48.352502], [-89.225673, 48.352484], [-89.22566, 48.352458], [-89.225676, 48.352442], [-89.225724, 48.352437]]]}}, {"type": "Feature", "properties": {"lead": 24, "temp": "sp:steelhead:s2"}, "geometry": {"type": "Polygon", "coordinates": [[[-89.226997, 48.352768], [-89.227018, 48.352755], [-89.227048, 48.352753], [-89.227088, 48.352762], [-89.227109, 48.352775], [-89.227109, 48.352793], [-89.227088, 48.352815], [-89.227048, 48.352842], [-89.227018, 48.352853], [-89.226997, 48.352849], [-89.226987, 48.352829], [-89.226987, 48.352793], [-89.226997, 48.352768]]]}}, {"type": "Feature", "properties": {"lead": 24, "temp": "sp:steelhead:s2"}, "geometry": {"type": "Polygon", "coordinates": [[[-89.221268, 48.356618], [-89.221319, 48.356618], [-89.221386, 48.356627], [-89.22142, 48.356638], [-89.22142, 48.356652], [-89.221386, 48.356667], [-89.221319, 48.356685], [-89.221268, 48.356692], [-89.221235, 48.356687], [-89.221218, 48.356672], [-89.221218, 48.356645], [-89.221235, 48.356627], [-89.221268, 48.356618]]]}}, {"type": "Feature", "properties": {"lead": 24, "temp": "sp:steelhead:s2"}, "geometry": {"type": "Polygon", "coordinates": [[[-89.220524, 48.356746], [-89.220584, 48.356752], [-89.220665, 48.356779], [-89.220706, 48.356806], [-89.220706, 48.356833], [-89.220665, 48.35686], [-89.220584, 48.356887], [-89.220524, 48.356893], [-89.220483, 48.35688], [-89.220463, 48.356846], [-89.220463, 48.356793], [-89.220483, 48.356759], [-89.220524, 48.356746]]]}}, {"type": "Feature", "properties": {"lead": 24, "temp": "sp:steelhead:s2"}, "geometry": {"type": "Polygon", "coordinates": [[[-89.222448, 48.357748], [-89.222293, 48.35769], [-89.222148, 48.357616], [-89.222013, 48.357526], [-89.221892, 48.357417], [-89.221784, 48.357287], [-89.22169, 48.357137], [-89.221609, 48.356967], [-89.221632, 48.356875], [-89.22176, 48.356862], [-89.221993, 48.356927], [-89.22233, 48.35707], [-89.222596, 48.357213], [-89.222792, 48.357356], [-89.222916, 48.357499], [-89.22297, 48.357643], [-89.222967, 48.357743], [-89.222906, 48.357801], [-89.222788, 48.357817], [-89.222613, 48.35779], [-89.222448, 48.357748]]]}}, {"type": "Feature", "properties": {"lead": 24, "temp": "sp:steelhead:s2"}, "geometry": {"type": "Polygon", "coordinates": [[[-89.223082, 48.357862], [-89.223112, 48.357857], [-89.223152, 48.357857], [-89.223172, 48.357862], [-89.223172, 48.357871], [-89.223152, 48.357884], [-89.223112, 48.357902], [-89.223082, 48.357911], [-89.223061, 48.357911], [-89.223051, 48.357902], [-89.223051, 48.357884], [-89.223061, 48.357871], [-89.223082, 48.357862]]]}}, {"type": "Feature", "properties": {"lead": 24, "temp": "sp:steelhead:s2"}, "geometry": {"type": "Polygon", "coordinates": [[[-89.223274, 48.357971], [-89.223334, 48.357965], [-89.223415, 48.357965], [-89.223456, 48.357971], [-89.223456, 48.357985], [-89.223415, 48.358005], [-89.223334, 48.358032], [-89.223274, 48.358045], [-89.223233, 48.358045], [-89.223213, 48.358032], [-89.223213, 48.358005], [-89.223233, 48.357985], [-89.223274, 48.357971]]]}}, {"type": "Feature", "properties": {"lead": 24, "temp": "sp:steelhead:s2"}, "geometry": {"type": "Polygon", "coordinates": [[[-89.22356, 48.358092], [-89.223607, 48.358079], [-89.223678, 48.358072], [-89.223772, 48.358072], [-89.22382, 48.358079], [-89.22382, 48.358092], [-89.223772, 48.358112], [-89.223678, 48.358139], [-89.223607, 48.358153], [-89.22356, 48.358153], [-89.223536, 48.358139], [-89.223536, 48.358112], [-89.22356, 48.358092]]]}}, {"type": "Feature", "properties": {"lead": 24, "temp": "sp:steelhead:s2"}, "geometry": {"type": "Polygon", "coordinates": [[[-89.223944, 48.358202], [-89.223975, 48.358179], [-89.224015, 48.358179], [-89.224035, 48.358202], [-89.224035, 48.358246], [-89.224015, 48.358314], [-89.223975, 48.358403], [-89.223944, 48.358448], [-89.223924, 48.358448], [-89.223914, 48.358403], [-89.223914, 48.358314], [-89.223924, 48.358246], [-89.223944, 48.358202]]]}}, {"type": "Feature", "properties": {"lead": 24, "temp": "sp:steelhead:s2"}, "geometry": {"type": "Polygon", "coordinates": [[[-89.224359, 48.358463], [-89.2245, 48.35847], [-89.224676, 48.358497], [-89.224773, 48.358524], [-89.224793, 48.358551], [-89.224736, 48.358578], [-89.224601, 48.358604], [-89.22448, 48.358624], [-89.224372, 48.358638], [-89.224278, 48.358645], [-89.224197, 48.358645], [-89.224146, 48.358631], [-89.224126, 48.358604], [-89.224136, 48.358564], [-89.224177, 48.35851], [-89.224251, 48.358477], [-89.224359, 48.358463]]]}}, {"type": "Feature", "properties": {"lead": 24, "temp": "sp:steelhead:s2"}, "geometry": {"type": "Polygon", "coordinates": [[[-89.224949, 48.358667], [-89.224969, 48.358658], [-89.224999, 48.358658], [-89.225039, 48.358667], [-89.22506, 48.358678], [-89.22506, 48.358692], [-89.225039, 48.358707], [-89.224999, 48.358725], [-89.224969, 48.358732], [-89.224949, 48.358727], [-89.224938, 48.358712], [-89.224938, 48.358685], [-89.224949, 48.358667]]]}}, {"type": "Feature", "properties": {"lead": 24, "temp": "sp:steelhead:s2"}, "geometry": {"type": "Polygon", "coordinates": [[[-89.225333, 48.358759], [-89.225356, 48.358752], [-89.225383, 48.358752], [-89.225393, 48.358759], [-89.225387, 48.358772], [-89.225363, 48.358792], [-89.225323, 48.358819], [-89.225296, 48.358833], [-89.225282, 48.358833], [-89.225282, 48.358819], [-89.225296, 48.358792], [-89.225312, 48.358772], [-89.225333, 48.358759]]]}}, {"type": "Feature", "properties": {"lead": 24, "temp": "sp:steelhead:s2"}, "geometry": {"type": "Polygon", "coordinates": [[[-89.225616, 48.359036], [-89.225646, 48.359025], [-89.225687, 48.359016], [-89.225707, 48.359016], [-89.225707, 48.359025], [-89.225687, 48.359043], [-89.225646, 48.35907], [-89.225616, 48.359085], [-89.225596, 48.35909], [-89.225585, 48.359083], [-89.225585, 48.359065], [-89.225596, 48.359049], [-89.225616, 48.359036]]]}}, {"type": "Feature", "properties": {"lead": 24, "temp": "sp:steelhead:s2"}, "geometry": {"type": "Polygon", "coordinates": [[[-89.197523, 48.309507], [-89.19753, 48.309391], [-89.197553, 48.309274], [-89.197594, 48.309158], [-89.197644, 48.309071], [-89.197705, 48.309012], [-89.197776, 48.308983], [-89.197857, 48.308983], [-89.197917, 48.309006], [-89.197958, 48.30905], [-89.197978, 48.309118], [-89.197978, 48.309207], [-89.197954, 48.309288], [-89.197907, 48.309359], [-89.197836, 48.309422], [-89.197742, 48.309476], [-89.197671, 48.309539], [-89.197624, 48.30961], [-89.197601, 48.309691], [-89.197601, 48.30978], [-89.197594, 48.309818], [-89.19758, 48.309805], [-89.19756, 48.30974], [-89.197533, 48.309624], [-89.197523, 48.309507]]]}}, {"type": "Feature", "properties": {"lead": 24, "temp": "sp:steelhead:s2"}, "geometry": {"type": "Polygon", "coordinates": [[[-89.197291, 48.310177], [-89.197277, 48.310116], [-89.197277, 48.310036], [-89.197287, 48.309975], [-89.197307, 48.309935], [-89.197338, 48.309915], [-89.197378, 48.309915], [-89.197412, 48.309935], [-89.197439, 48.309975], [-89.197459, 48.310036], [-89.197473, 48.310116], [-89.197469, 48.310177], [-89.197449, 48.310217], [-89.197412, 48.310237], [-89.197358, 48.310237], [-89.197317, 48.310217], [-89.197291, 48.310177]]]}}, {"type": "Feature", "properties": {"lead": 24, "temp": "sp:steelhead:s2"}, "geometry": {"type": "Polygon", "coordinates": [[[-89.196991, 48.310812], [-89.197014, 48.31077], [-89.197055, 48.310743], [-89.197082, 48.310736], [-89.197095, 48.31075], [-89.197095, 48.310783], [-89.197082, 48.310837], [-89.197071, 48.310893], [-89.197065, 48.310951], [-89.197061, 48.311012], [-89.197061, 48.311074], [-89.197055, 48.311099], [-89.197041, 48.311086], [-89.197021, 48.311034], [-89.196994, 48.310945], [-89.196984, 48.310871], [-89.196991, 48.310812]]]}}, {"type": "Feature", "properties": {"lead": 24, "temp": "sp:steelhead:s2"}, "geometry": {"type": "Polygon", "coordinates": [[[-89.197287, 48.311977], [-89.197307, 48.311963], [-89.197338, 48.311956], [-89.197378, 48.311956], [-89.197398, 48.311963], [-89.197398, 48.311977], [-89.197378, 48.311997], [-89.197338, 48.312024], [-89.197307, 48.312037], [-89.197287, 48.312037], [-89.197277, 48.312024], [-89.197277, 48.311997], [-89.197287, 48.311977]]]}}, {"type": "Feature", "properties": {"lead": 24, "temp": "sp:steelhead:s2"}, "geometry": {"type": "Polygon", "coordinates": [[[-89.197523, 48.312185], [-89.197553, 48.312185], [-89.197594, 48.312194], [-89.197614, 48.312205], [-89.197614, 48.312218], [-89.197594, 48.312234], [-89.197553, 48.312252], [-89.197523, 48.312259], [-89.197503, 48.312254], [-89.197493, 48.312239], [-89.197493, 48.312212], [-89.197503, 48.312194], [-89.197523, 48.312185]]]}}, {"type": "Feature", "properties": {"lead": 24, "temp": "sp:steelhead:s2"}, "geometry": {"type": "Polygon", "coordinates": [[[-89.198072, 48.312948], [-89.197958, 48.312794], [-89.197836, 48.312588], [-89.197766, 48.312433], [-89.197745, 48.31233], [-89.197776, 48.312279], [-89.197857, 48.312279], [-89.197961, 48.31231], [-89.198089, 48.312373], [-89.198241, 48.312467], [-89.198416, 48.312592], [-89.198537, 48.312706], [-89.198605, 48.312809], [-89.198618, 48.312901], [-89.198578, 48.312982], [-89.198524, 48.313042], [-89.198457, 48.313083], [-89.198376, 48.313103], [-89.198281, 48.313103], [-89.19818, 48.313051], [-89.198072, 48.312948]]]}}, {"type": "Feature", "properties": {"lead": 24, "temp": "sp:steelhead:s2"}, "geometry": {"type": "Polygon", "coordinates": [[[-89.199306, 48.31381], [-89.199131, 48.313667], [-89.198955, 48.313555], [-89.19878, 48.313474], [-89.198659, 48.313405], [-89.198591, 48.313347], [-89.198578, 48.3133], [-89.198618, 48.313264], [-89.198703, 48.31325], [-89.198831, 48.313259], [-89.199003, 48.313291], [-89.199218, 48.313344], [-89.199404, 48.313452], [-89.199559, 48.313613], [-89.199683, 48.313828], [-89.199778, 48.314097], [-89.199805, 48.314247], [-89.199764, 48.314278], [-89.199656, 48.314191], [-89.199481, 48.313985], [-89.199306, 48.31381]]]}}, {"type": "Feature", "properties": {"lead": 24, "temp": "sp:steelhead:s2"}, "geometry": {"type": "Polygon", "coordinates": [[[-89.220116, 48.352927], [-89.220173, 48.352905], [-89.220268, 48.352896], [-89.220345, 48.352898], [-89.220406, 48.352912], [-89.220449, 48.352936], [-89.220476, 48.352972], [-89.22048, 48.353008], [-89.22046, 48.353044], [-89.220416, 48.353079], [-89.220348, 48.353115], [-89.220284, 48.353126], [-89.220224, 48.353113], [-89.220166, 48.353075], [-89.220112, 48.353012], [-89.220096, 48.352963], [-89.220116, 48.352927]]]}}, {"type": "Feature", "properties": {"lead": 24, "temp": "sp:steelhead:s2"}, "geometry": {"type": "Polygon", "coordinates": [[[-89.213804, 48.353225], [-89.213709, 48.353115], [-89.213736, 48.353008], [-89.213868, 48.352952], [-89.214104, 48.352947], [-89.214444, 48.352994], [-89.214889, 48.353093], [-89.215219, 48.353198], [-89.215435, 48.35331], [-89.215536, 48.353428], [-89.215522, 48.353554], [-89.215398, 48.353618], [-89.215162, 48.353623], [-89.214815, 48.353567], [-89.214356, 48.353451], [-89.214019, 48.353337], [-89.213804, 48.353225]]]}}, {"type": "Feature", "properties": {"lead": 24, "temp": "sp:steelhead:s2"}, "geometry": {"type": "Polygon", "coordinates": [[[-89.217181, 48.35416], [-89.217032, 48.35412], [-89.216931, 48.354064], [-89.216877, 48.353992], [-89.21686, 48.353943], [-89.216881, 48.353916], [-89.216938, 48.353912], [-89.217032, 48.353929], [-89.21716, 48.353903], [-89.217322, 48.353831], [-89.217518, 48.353715], [-89.217747, 48.353554], [-89.217959, 48.35344], [-89.218154, 48.353372], [-89.218333, 48.353352], [-89.218495, 48.353379], [-89.21862, 48.353386], [-89.218707, 48.353372], [-89.218758, 48.353339], [-89.218771, 48.353285], [-89.218842, 48.353243], [-89.21897, 48.353211], [-89.219155, 48.353191], [-89.219398, 48.353182], [-89.21959, 48.353164], [-89.219732, 48.353138], [-89.219823, 48.353102], [-89.219863, 48.353057], [-89.2199, 48.353041], [-89.219934, 48.353055], [-89.219964, 48.353097], [-89.219991, 48.353169], [-89.219883, 48.353281], [-89.219641, 48.353433], [-89.219263, 48.353625], [-89.218751, 48.353858], [-89.218306, 48.35403], [-89.217929, 48.354142], [-89.217619, 48.354193], [-89.217376, 48.354184], [-89.217181, 48.35416]]]}}, {"type": "Feature", "properties": {"lead": 24, "temp": "sp:steelhead:s2"}, "geometry": {"type": "Polygon", "coordinates": [[[-89.215715, 48.353782], [-89.215765, 48.353777], [-89.215833, 48.353777], [-89.215866, 48.353782], [-89.215866, 48.353791], [-89.215833, 48.353804], [-89.215765, 48.353822], [-89.215715, 48.353831], [-89.215681, 48.353831], [-89.215664, 48.353822], [-89.215664, 48.353804], [-89.215681, 48.353791], [-89.215715, 48.353782]]]}}, {"type": "Feature", "properties": {"lead": 24, "temp": "sp:steelhead:s2"}, "geometry": {"type": "Polygon", "coordinates": [[[-89.216261, 48.353788], [-89.216277, 48.353777], [-89.216291, 48.353777], [-89.216291, 48.353788], [-89.216277, 48.353811], [-89.21625, 48.353844], [-89.21621, 48.353889], [-89.216186, 48.353912], [-89.21618, 48.353912], [-89.21619, 48.353889], [-89.216217, 48.353844], [-89.21624, 48.353811], [-89.216261, 48.353788]]]}}, {"type": "Feature", "properties": {"lead": 24, "temp": "sp:steelhead:s2"}, "geometry": {"type": "Polygon", "coordinates": [[[-89.217454, 48.35611], [-89.217501, 48.356088], [-89.217565, 48.356081], [-89.217646, 48.35609], [-89.217706, 48.356101], [-89.217747, 48.356115], [-89.217767, 48.356131], [-89.217767, 48.356148], [-89.217743, 48.356169], [-89.217696, 48.356191], [-89.217625, 48.356216], [-89.217531, 48.356242], [-89.217464, 48.356249], [-89.217423, 48.356236], [-89.21741, 48.356202], [-89.217423, 48.356148], [-89.217454, 48.35611]]]}}, {"type": "Feature", "properties": {"lead": 24, "temp": "sp:steelhead:s2"}, "geometry": {"type": "Polygon", "coordinates": [[[-89.216227, 48.356148], [-89.21623, 48.356171], [-89.216176, 48.356216], [-89.216106, 48.356249], [-89.216018, 48.356271], [-89.215913, 48.356283], [-89.215792, 48.356283], [-89.215745, 48.356271], [-89.215772, 48.356249], [-89.215873, 48.356216], [-89.216048, 48.356171], [-89.216166, 48.356148], [-89.216227, 48.356148]]]}}, {"type": "Feature", "properties": {"lead": 24, "temp": "sp:steelhead:s2"}, "geometry": {"type": "Polygon", "coordinates": [[[-89.215489, 48.357052], [-89.215428, 48.356972], [-89.215415, 48.356882], [-89.215425, 48.356797], [-89.215458, 48.356717], [-89.215516, 48.35664], [-89.215597, 48.356569], [-89.215691, 48.356513], [-89.215799, 48.356473], [-89.21592, 48.356448], [-89.216055, 48.356439], [-89.216183, 48.356446], [-89.216304, 48.356468], [-89.216419, 48.356506], [-89.216527, 48.35656], [-89.216581, 48.356609], [-89.216581, 48.356654], [-89.216527, 48.356694], [-89.216419, 48.35673], [-89.216368, 48.35677], [-89.216375, 48.356815], [-89.216439, 48.356864], [-89.21656, 48.356918], [-89.216621, 48.356978], [-89.216621, 48.357045], [-89.21656, 48.357119], [-89.216439, 48.3572], [-89.216298, 48.357247], [-89.216136, 48.35726], [-89.215954, 48.35724], [-89.215752, 48.357186], [-89.215597, 48.357124], [-89.215489, 48.357052]]]}}, {"type": "Feature", "properties": {"lead": 48, "temp": "sp:lake_trout:s1"}, "geometry": {"type": "Polygon", "coordinates": [[[-89.228875, 48.353209], [-89.228885, 48.353189], [-89.228905, 48.353176], [-89.228935, 48.353169], [-89.228976, 48.353169], [-89.228996, 48.353176], [-89.228996, 48.353189], [-89.228976, 48.353209], [-89.228935, 48.353236], [-89.228905, 48.353249], [-89.228885, 48.353249], [-89.228875, 48.353236], [-89.228875, 48.353209]]]}}, {"type": "Feature", "properties": {"lead": 48, "temp": "sp:lake_trout:s1"}, "geometry": {"type": "Polygon", "coordinates": [[[-89.227698, 48.353189], [-89.227719, 48.353176], [-89.227749, 48.353169], [-89.227789, 48.353169], [-89.22781, 48.353176], [-89.22781, 48.353189], [-89.227789, 48.353209], [-89.227749, 48.353236], [-89.227719, 48.353249], [-89.227698, 48.353249], [-89.227688, 48.353236], [-89.227688, 48.353209], [-89.227698, 48.353189]]]}}, {"type": "Feature", "properties": {"lead": 48, "temp": "sp:lake_trout:s1"}, "geometry": {"type": "Polygon", "coordinates": [[[-89.228224, 48.353343], [-89.228244, 48.353299], [-89.228295, 48.353276], [-89.228376, 48.353276], [-89.228426, 48.353285], [-89.228447, 48.353303], [-89.228437, 48.35333], [-89.228396, 48.353366], [-89.228366, 48.353406], [-89.228346, 48.353451], [-89.228335, 48.3535], [-89.228335, 48.353554], [-89.228325, 48.353572], [-89.228305, 48.353554], [-89.228275, 48.3535], [-89.228234, 48.35341], [-89.228224, 48.353343]]]}}, {"type": "Feature", "properties": {"lead": 48, "temp": "sp:lake_trout:s1"}, "geometry": {"type": "Polygon", "coordinates": [[[-89.228733, 48.35344], [-89.228774, 48.353426], [-89.228834, 48.353419], [-89.228915, 48.353419], [-89.228955, 48.353426], [-89.228955, 48.35344], [-89.228915, 48.35346], [-89.228834, 48.353487], [-89.228774, 48.3535], [-89.228733, 48.3535], [-89.228713, 48.353487], [-89.228713, 48.35346], [-89.228733, 48.35344]]]}}, {"type": "Feature", "properties": {"lead": 48, "temp": "sp:lake_trout:s1"}, "geometry": {"type": "Polygon", "coordinates": [[[-89.228885, 48.353654], [-89.228905, 48.353641], [-89.228935, 48.353634], [-89.228976, 48.353634], [-89.228996, 48.353641], [-89.228996, 48.353654], [-89.228976, 48.353674], [-89.228935, 48.353701], [-89.228905, 48.353715], [-89.228885, 48.353715], [-89.228875, 48.353701], [-89.228875, 48.353674], [-89.228885, 48.353654]]]}}, {"type": "Feature", "properties": {"lead": 48, "temp": "sp:lake_trout:s1"}, "geometry": {"type": "Polygon", "coordinates": [[[-89.229441, 48.354084], [-89.229333, 48.354052], [-89.229239, 48.354005], [-89.229158, 48.353943], [-89.229117, 48.353882], [-89.229117, 48.353824], [-89.229158, 48.353768], [-89.229239, 48.353715], [-89.229289, 48.353652], [-89.229309, 48.35358], [-89.229299, 48.3535], [-89.229259, 48.35341], [-89.229262, 48.35335], [-89.229309, 48.353319], [-89.2294, 48.353317], [-89.229535, 48.353343], [-89.229626, 48.353399], [-89.229673, 48.353484], [-89.229677, 48.353598], [-89.229636, 48.353742], [-89.229626, 48.353858], [-89.229646, 48.353947], [-89.229697, 48.35401], [-89.229778, 48.354046], [-89.229805, 48.354073], [-89.229778, 48.35409], [-89.229697, 48.354099], [-89.229562, 48.354099], [-89.229441, 48.354084]]]}}, {"type": "Feature", "properties": {"lead": 48, "temp": "sp:lake_trout:s1"}, "geometry": {"type": "Polygon", "coordinates": [[[-89.227254, 48.353976], [-89.227301, 48.353945], [-89.227412, 48.353916], [-89.227587, 48.353889], [-89.227695, 48.353876], [-89.227736, 48.353876], [-89.227709, 48.353889], [-89.227614, 48.353916], [-89.227543, 48.353945], [-89.227496, 48.353976], [-89.227473, 48.35401], [-89.227473, 48.354046], [-89.227452, 48.354064], [-89.227412, 48.354064], [-89.227351, 48.354046], [-89.22727, 48.35401], [-89.227254, 48.353976]]]}}, {"type": "Feature", "properties": {"lead": 48, "temp": "sp:lake_trout:s1"}, "geometry": {"type": "Polygon", "coordinates": [[[-89.228103, 48.35409], [-89.228042, 48.354073], [-89.228012, 48.354046], [-89.228012, 48.35401], [-89.228042, 48.353983], [-89.228103, 48.353965], [-89.228194, 48.353956], [-89.228315, 48.353956], [-89.228406, 48.353965], [-89.228467, 48.353983], [-89.228497, 48.35401], [-89.228497, 48.354046], [-89.228467, 48.354073], [-89.228406, 48.35409], [-89.228315, 48.354099], [-89.228194, 48.354099], [-89.228103, 48.35409]]]}}, {"type": "Feature", "properties": {"lead": 48, "temp": "sp:lake_trout:s1"}, "geometry": {"type": "Polygon", "coordinates": [[[-89.229919, 48.35412], [-89.22996, 48.354106], [-89.23002, 48.354099], [-89.230101, 48.354099], [-89.230142, 48.354106], [-89.230142, 48.35412], [-89.230101, 48.35414], [-89.23002, 48.354167], [-89.22996, 48.35418], [-89.229919, 48.35418], [-89.229899, 48.354167], [-89.229899, 48.35414], [-89.229919, 48.35412]]]}}, {"type": "Feature", "properties": {"lead": 48, "temp": "sp:lake_trout:s1"}, "geometry": {"type": "Polygon", "coordinates": [[[-89.228521, 48.35412], [-89.228568, 48.354106], [-89.228639, 48.354099], [-89.228733, 48.354099], [-89.22878, 48.354106], [-89.22878, 48.35412], [-89.228733, 48.35414], [-89.228639, 48.354167], [-89.228568, 48.35418], [-89.228521, 48.35418], [-89.228497, 48.354167], [-89.228497, 48.35414], [-89.228521, 48.35412]]]}}, {"type": "Feature", "properties": {"lead": 48, "temp": "sp:lake_trout:s1"}, "geometry": {"type": "Polygon", "coordinates": [[[-89.231284, 48.354495], [-89.231089, 48.35441], [-89.230863, 48.354341], [-89.230607, 48.354287], [-89.230469, 48.35424], [-89.230448, 48.3542], [-89.230546, 48.354167], [-89.230762, 48.35414], [-89.230978, 48.354155], [-89.231193, 48.354214], [-89.231409, 48.354314], [-89.231625, 48.354457], [-89.231776, 48.354578], [-89.231864, 48.354677], [-89.231887, 48.354753], [-89.231847, 48.354806], [-89.231783, 48.354817], [-89.231695, 48.354786], [-89.231584, 48.354712], [-89.231449, 48.354596], [-89.231284, 48.354495]]]}}, {"type": "Feature", "properties": {"lead": 48, "temp": "sp:lake_trout:s1"}, "geometry": {"type": "Polygon", "coordinates": [[[-89.231109, 48.354692], [-89.231156, 48.354679], [-89.231227, 48.354672], [-89.231321, 48.354672], [-89.231368, 48.354679], [-89.231368, 48.354692], [-89.231321, 48.354712], [-89.231227, 48.354739], [-89.231156, 48.354753], [-89.231109, 48.354753], [-89.231085, 48.354739], [-89.231085, 48.354712], [-89.231109, 48.354692]]]}}, {"type": "Feature", "properties": {"lead": 48, "temp": "sp:lake_trout:s1"}, "geometry": {"type": "Polygon", "coordinates": [[[-89.22963, 48.35609], [-89.229117, 48.355974], [-89.228693, 48.355858], [-89.228356, 48.355741], [-89.228005, 48.355647], [-89.227641, 48.355576], [-89.227264, 48.355527], [-89.226873, 48.3555], [-89.226566, 48.355462], [-89.226344, 48.355412], [-89.226206, 48.355352], [-89.226152, 48.355281], [-89.226182, 48.355216], [-89.226297, 48.355157], [-89.226495, 48.355106], [-89.226778, 48.355061], [-89.226987, 48.355037], [-89.227122, 48.355032], [-89.227183, 48.355048], [-89.227169, 48.355084], [-89.227459, 48.355175], [-89.228052, 48.355323], [-89.228949, 48.355527], [-89.230148, 48.355786], [-89.231048, 48.356001], [-89.231648, 48.356171], [-89.231948, 48.356296], [-89.231948, 48.356377], [-89.231776, 48.356408], [-89.231432, 48.35639], [-89.230917, 48.356323], [-89.230229, 48.356207], [-89.22963, 48.35609]]]}}, {"type": "Feature", "properties": {"lead": 48, "temp": "sp:lake_trout:s1"}, "geometry": {"type": "Polygon", "coordinates": [[[-89.23212, 48.356327], [-89.23214, 48.356309], [-89.232171, 48.356309], [-89.232211, 48.356327], [-89.232231, 48.35635], [-89.232231, 48.356377], [-89.232211, 48.356408], [-89.232171, 48.356444], [-89.23214, 48.356457], [-89.23212, 48.356448], [-89.23211, 48.356417], [-89.23211, 48.356363], [-89.23212, 48.356327]]]}}, {"type": "Feature", "properties": {"lead": 48, "temp": "sp:lake_trout:s1"}, "geometry": {"type": "Polygon", "coordinates": [[[-89.231958, 48.356517], [-89.231978, 48.356504], [-89.232009, 48.356497], [-89.232049, 48.356497], [-89.232069, 48.356504], [-89.232069, 48.356517], [-89.232049, 48.356538], [-89.232009, 48.356564], [-89.231978, 48.356578], [-89.231958, 48.356578], [-89.231948, 48.356564], [-89.231948, 48.356538], [-89.231958, 48.356517]]]}}, {"type": "Feature", "properties": {"lead": 48, "temp": "sp:lake_trout:s1"}, "geometry": {"type": "Polygon", "coordinates": [[[-89.22235, 48.352032], [-89.222364, 48.351999], [-89.222391, 48.351985], [-89.222431, 48.351992], [-89.222485, 48.352019], [-89.222512, 48.352046], [-89.222512, 48.352073], [-89.222485, 48.3521], [-89.222431, 48.352126], [-89.222391, 48.352133], [-89.222364, 48.35212], [-89.22235, 48.352086], [-89.22235, 48.352032]]]}}, {"type": "Feature", "properties": {"lead": 48, "temp": "sp:lake_trout:s1"}, "geometry": {"type": "Polygon", "coordinates": [[[-89.224858, 48.352285], [-89.224884, 48.352254], [-89.224905, 48.352238], [-89.224918, 48.352238], [-89.224915, 48.352254], [-89.224895, 48.352285], [-89.224858, 48.352332], [-89.224804, 48.352395], [-89.224773, 48.352426], [-89.224767, 48.352426], [-89.224783, 48.352395], [-89.224824, 48.352332], [-89.224858, 48.352285]]]}}, {"type": "Feature", "properties": {"lead": 48, "temp": "sp:lake_trout:s1"}, "geometry": {"type": "Polygon", "coordinates": [[[-89.224052, 48.352388], [-89.22414, 48.352402], [-89.224076, 48.352422], [-89.22386, 48.352449], [-89.223654, 48.352462], [-89.223459, 48.352462], [-89.223274, 48.352449], [-89.223098, 48.352422], [-89.223065, 48.352402], [-89.223172, 48.352388], [-89.223422, 48.352381], [-89.223813, 48.352381], [-89.224052, 48.352388]]]}}, {"type": "Feature", "properties": {"lead": 48, "temp": "sp:lake_trout:s1"}, "geometry": {"type": "Polygon", "coordinates": [[[-89.224949, 48.352509], [-89.224969, 48.352496], [-89.224999, 48.352489], [-89.225039, 48.352489], [-89.22506, 48.352496], [-89.22506, 48.352509], [-89.225039, 48.352529], [-89.224999, 48.352556], [-89.224969, 48.352569], [-89.224949, 48.352569], [-89.224938, 48.352556], [-89.224938, 48.352529], [-89.224949, 48.352509]]]}}, {"type": "Feature", "properties": {"lead": 48, "temp": "sp:lake_trout:s1"}, "geometry": {"type": "Polygon", "coordinates": [[[-89.22513, 48.352616], [-89.225191, 48.352603], [-89.225282, 48.352596], [-89.225403, 48.352596], [-89.225464, 48.352603], [-89.225464, 48.352616], [-89.225403, 48.352636], [-89.225282, 48.352663], [-89.225191, 48.352677], [-89.22513, 48.352677], [-89.2251, 48.352663], [-89.2251, 48.352636], [-89.22513, 48.352616]]]}}, {"type": "Feature", "properties": {"lead": 48, "temp": "sp:lake_trout:s1"}, "geometry": {"type": "Polygon", "coordinates": [[[-89.225599, 48.35273], [-89.225626, 48.352713], [-89.225666, 48.352704], [-89.22572, 48.352704], [-89.225747, 48.352713], [-89.225747, 48.35273], [-89.22572, 48.352757], [-89.225666, 48.352793], [-89.225626, 48.352811], [-89.225599, 48.352811], [-89.225585, 48.352793], [-89.225585, 48.352757], [-89.225599, 48.35273]]]}}, {"type": "Feature", "properties": {"lead": 48, "temp": "sp:lake_trout:s1"}, "geometry": {"type": "Polygon", "coordinates": [[[-89.225983, 48.352867], [-89.226024, 48.352853], [-89.226084, 48.352847], [-89.226165, 48.352847], [-89.226206, 48.352853], [-89.226206, 48.352867], [-89.226165, 48.352887], [-89.226084, 48.352914], [-89.226024, 48.352927], [-89.225983, 48.352927], [-89.225963, 48.352914], [-89.225963, 48.352887], [-89.225983, 48.352867]]]}}, {"type": "Feature", "properties": {"lead": 48, "temp": "sp:lake_trout:s1"}, "geometry": {"type": "Polygon", "coordinates": [[[-89.22632, 48.352974], [-89.226388, 48.352961], [-89.226489, 48.352954], [-89.226623, 48.352954], [-89.226691, 48.352961], [-89.226691, 48.352974], [-89.226623, 48.352994], [-89.226489, 48.353021], [-89.226388, 48.353035], [-89.22632, 48.353035], [-89.226286, 48.353021], [-89.226286, 48.352994], [-89.22632, 48.352974]]]}}, {"type": "Feature", "properties": {"lead": 48, "temp": "sp:lake_trout:s1"}, "geometry": {"type": "Polygon", "coordinates": [[[-89.227159, 48.353082], [-89.227179, 48.353068], [-89.22721, 48.353061], [-89.22725, 48.353061], [-89.22727, 48.353068], [-89.22727, 48.353082], [-89.22725, 48.353102], [-89.22721, 48.353129], [-89.227179, 48.353142], [-89.227159, 48.353142], [-89.227149, 48.353129], [-89.227149, 48.353102], [-89.227159, 48.353082]]]}}, {"type": "Feature", "properties": {"lead": 48, "temp": "sp:lake_trout:s1"}, "geometry": {"type": "Polygon", "coordinates": [[[-89.216871, 48.354151], [-89.216911, 48.354146], [-89.216972, 48.354149], [-89.217052, 48.354158], [-89.217093, 48.354167], [-89.217093, 48.354175], [-89.217052, 48.354184], [-89.216972, 48.354193], [-89.216911, 48.354196], [-89.216871, 48.354191], [-89.21685, 48.35418], [-89.21685, 48.354162], [-89.216871, 48.354151]]]}}, {"type": "Feature", "properties": {"lead": 48, "temp": "sp:lake_trout:s1"}, "geometry": {"type": "Polygon", "coordinates": [[[-89.226246, 48.354885], [-89.226246, 48.354773], [-89.226307, 48.354632], [-89.226428, 48.354462], [-89.226553, 48.354328], [-89.226681, 48.354229], [-89.226812, 48.354167], [-89.226947, 48.35414], [-89.227048, 48.354133], [-89.227115, 48.354146], [-89.227149, 48.35418], [-89.227149, 48.354234], [-89.227115, 48.354287], [-89.227048, 48.354341], [-89.226947, 48.354395], [-89.226812, 48.354448], [-89.226711, 48.354524], [-89.226644, 48.354623], [-89.22661, 48.354744], [-89.22661, 48.354887], [-89.22658, 48.354981], [-89.226519, 48.355025], [-89.226428, 48.355021], [-89.226307, 48.354967], [-89.226246, 48.354885]]]}}, {"type": "Feature", "properties": {"lead": 48, "temp": "sp:lake_trout:s1"}, "geometry": {"type": "Polygon", "coordinates": [[[-89.219118, 48.356363], [-89.21926, 48.356327], [-89.219465, 48.356341], [-89.219735, 48.356403], [-89.219904, 48.356457], [-89.219971, 48.356502], [-89.219937, 48.356538], [-89.219802, 48.356564], [-89.219688, 48.356578], [-89.219594, 48.356578], [-89.219519, 48.356564], [-89.219465, 48.356538], [-89.219401, 48.356535], [-89.219327, 48.356558], [-89.219243, 48.356605], [-89.219149, 48.356676], [-89.219081, 48.356696], [-89.219041, 48.356665], [-89.219027, 48.356582], [-89.219041, 48.356448], [-89.219118, 48.356363]]]}}, {"type": "Feature", "properties": {"lead": 48, "temp": "sp:lake_trout:s1"}, "geometry": {"type": "Polygon", "coordinates": [[[-89.22015, 48.356625], [-89.22017, 48.356611], [-89.2202, 48.356605], [-89.220241, 48.356605], [-89.220261, 48.356611], [-89.220261, 48.356625], [-89.220241, 48.356645], [-89.2202, 48.356672], [-89.22017, 48.356685], [-89.22015, 48.356685], [-89.220139, 48.356672], [-89.220139, 48.356645], [-89.22015, 48.356625]]]}}, {"type": "Feature", "properties": {"lead": 48, "temp": "sp:lake_trout:s1"}, "geometry": {"type": "Polygon", "coordinates": [[[-89.222697, 48.35696], [-89.222744, 48.356956], [-89.222815, 48.356967], [-89.22291, 48.356994], [-89.222957, 48.357016], [-89.222957, 48.357034], [-89.22291, 48.357048], [-89.222815, 48.357057], [-89.222744, 48.357054], [-89.222697, 48.357041], [-89.222674, 48.357016], [-89.222674, 48.35698], [-89.222697, 48.35696]]]}}, {"type": "Feature", "properties": {"lead": 48, "temp": "sp:lake_trout:s1"}, "geometry": {"type": "Polygon", "coordinates": [[[-89.223776, 48.357468], [-89.223553, 48.357298], [-89.223638, 48.357285], [-89.224028, 48.357428], [-89.224423, 48.3576], [-89.22482, 48.357801], [-89.225221, 48.358032], [-89.225626, 48.358291], [-89.225939, 48.358506], [-89.226162, 48.358676], [-89.226293, 48.358801], [-89.226334, 48.358882], [-89.226155, 48.358821], [-89.225757, 48.35862], [-89.225141, 48.358278], [-89.224305, 48.357795], [-89.223776, 48.357468]]]}}, {"type": "Feature", "properties": {"lead": 48, "temp": "sp:lake_trout:s2"}, "geometry": {"type": "Polygon", "coordinates": [[[-89.226438, 48.355155], [-89.226374, 48.355173], [-89.226253, 48.355173], [-89.226162, 48.355151], [-89.226101, 48.355106], [-89.226071, 48.355039], [-89.226071, 48.354949], [-89.226101, 48.354829], [-89.226162, 48.354677], [-89.226253, 48.354493], [-89.226374, 48.354278], [-89.226509, 48.354088], [-89.226657, 48.353923], [-89.226819, 48.353782], [-89.226994, 48.353665], [-89.226893, 48.353525], [-89.226516, 48.353359], [-89.225862, 48.353169], [-89.224932, 48.352954], [-89.224234, 48.352784], [-89.223769, 48.352659], [-89.223536, 48.352578], [-89.223536, 48.352543], [-89.223624, 48.352516], [-89.223799, 48.352498], [-89.224062, 48.352489], [-89.224413, 48.352489], [-89.22476, 48.352525], [-89.225104, 48.352596], [-89.225444, 48.352704], [-89.225781, 48.352847], [-89.226152, 48.35297], [-89.226556, 48.353073], [-89.226994, 48.353155], [-89.227466, 48.353218], [-89.22782, 48.353285], [-89.228056, 48.353357], [-89.228174, 48.353433], [-89.228174, 48.353513], [-89.228184, 48.35356], [-89.228204, 48.353574], [-89.228234, 48.353554], [-89.228275, 48.3535], [-89.228366, 48.353466], [-89.228507, 48.353453], [-89.228699, 48.35346], [-89.228942, 48.353487], [-89.229107, 48.353527], [-89.229195, 48.35358], [-89.229205, 48.353648], [-89.229137, 48.353728], [-89.229107, 48.353804], [-89.229114, 48.353876], [-89.229158, 48.353943], [-89.229239, 48.354005], [-89.229431, 48.354079], [-89.229734, 48.354164], [-89.230148, 48.35426], [-89.230674, 48.354368], [-89.231069, 48.354457], [-89.231331, 48.354529], [-89.231463, 48.354583], [-89.231463, 48.354618], [-89.231409, 48.354652], [-89.231301, 48.354683], [-89.231139, 48.354712], [-89.230924, 48.354739], [-89.230718, 48.354737], [-89.230523, 48.354706], [-89.230337, 48.354645], [-89.230162, 48.354556], [-89.229977, 48.354482], [-89.229781, 48.354424], [-89.229576, 48.354381], [-89.22936, 48.354354], [-89.229188, 48.354319], [-89.22906, 48.354274], [-89.228976, 48.35422], [-89.228935, 48.354158], [-89.228881, 48.354113], [-89.228814, 48.354086], [-89.228733, 48.354077], [-89.228639, 48.354086], [-89.228568, 48.354082], [-89.228521, 48.354064], [-89.228497, 48.354032], [-89.228497, 48.353988], [-89.228423, 48.35395], [-89.228275, 48.353918], [-89.228052, 48.353894], [-89.227756, 48.353876], [-89.227523, 48.353878], [-89.227355, 48.3539], [-89.22725, 48.353943], [-89.22721, 48.354005], [-89.227146, 48.354059], [-89.227058, 48.354104], [-89.226947, 48.35414], [-89.226812, 48.354167], [-89.226681, 48.354229], [-89.226553, 48.354328], [-89.226428, 48.354462], [-89.226307, 48.354632], [-89.226243, 48.354777], [-89.226236, 48.354898], [-89.226286, 48.354994], [-89.226394, 48.355066], [-89.226445, 48.355119], [-89.226438, 48.355155]], [[-89.228996, 48.353641], [-89.228976, 48.353634], [-89.228935, 48.353634], [-89.228905, 48.353641], [-89.228885, 48.353654], [-89.228875, 48.353674], [-89.228875, 48.353701], [-89.228885, 48.353715], [-89.228905, 48.353715], [-89.228935, 48.353701], [-89.228976, 48.353674], [-89.228996, 48.353654], [-89.228996, 48.353641]]]}}, {"type": "Feature", "properties": {"lead": 48, "temp": "sp:lake_trout:s2"}, "geometry": {"type": "Polygon", "coordinates": [[[-89.217218, 48.354328], [-89.216951, 48.354323], [-89.216587, 48.354305], [-89.216267, 48.354267], [-89.215991, 48.354209], [-89.215758, 48.354131], [-89.21557, 48.354032], [-89.21556, 48.353979], [-89.215728, 48.35397], [-89.216075, 48.354005], [-89.216601, 48.354086], [-89.217002, 48.354155], [-89.217278, 48.354214], [-89.21743, 48.35426], [-89.217457, 48.354296], [-89.217386, 48.354319], [-89.217218, 48.354328]]]}}, {"type": "Feature", "properties": {"lead": 48, "temp": "sp:lake_trout:s2"}, "geometry": {"type": "Polygon", "coordinates": [[[-89.231473, 48.354833], [-89.231463, 48.354806], [-89.231463, 48.354753], [-89.231473, 48.354712], [-89.231493, 48.354685], [-89.231523, 48.354672], [-89.231564, 48.354672], [-89.231584, 48.354685], [-89.231584, 48.354712], [-89.231564, 48.354753], [-89.231523, 48.354806], [-89.231493, 48.354833], [-89.231473, 48.354833]]]}}, {"type": "Feature", "properties": {"lead": 48, "temp": "sp:lake_trout:s2"}, "geometry": {"type": "Polygon", "coordinates": [[[-89.227169, 48.355122], [-89.227149, 48.35511], [-89.227149, 48.355093], [-89.227169, 48.355081], [-89.22721, 48.355077], [-89.22727, 48.355079], [-89.227351, 48.355088], [-89.227392, 48.355097], [-89.227392, 48.355106], [-89.227351, 48.355115], [-89.22727, 48.355124], [-89.22721, 48.355126], [-89.227169, 48.355122]]]}}, {"type": "Feature", "properties": {"lead": 48, "temp": "sp:lake_trout:s3"}, "geometry": {"type": "Polygon", "coordinates": [[[-89.22664, 48.353088], [-89.22661, 48.353084], [-89.22661, 48.353075], [-89.22664, 48.353068], [-89.226701, 48.353064], [-89.226792, 48.353061], [-89.226913, 48.353061], [-89.226974, 48.353064], [-89.226974, 48.353068], [-89.226913, 48.353075], [-89.226792, 48.353084], [-89.226701, 48.353088], [-89.22664, 48.353088]]]}}, {"type": "Feature", "properties": {"lead": 48, "temp": "sp:lake_trout:s3"}, "geometry": {"type": "Polygon", "coordinates": [[[-89.227284, 48.353196], [-89.227257, 48.353191], [-89.227257, 48.353182], [-89.227284, 48.353176], [-89.227338, 48.353171], [-89.227419, 48.353169], [-89.227527, 48.353169], [-89.227581, 48.353171], [-89.227581, 48.353176], [-89.227527, 48.353182], [-89.227419, 48.353191], [-89.227338, 48.353196], [-89.227284, 48.353196]]]}}, {"type": "Feature", "properties": {"lead": 48, "temp": "sp:lake_trout:s3"}, "geometry": {"type": "Polygon", "coordinates": [[[-89.227709, 48.35384], [-89.227688, 48.353835], [-89.227688, 48.353827], [-89.227709, 48.35382], [-89.227749, 48.353815], [-89.22781, 48.353813], [-89.227891, 48.353813], [-89.227931, 48.353815], [-89.227931, 48.35382], [-89.227891, 48.353827], [-89.22781, 48.353835], [-89.227749, 48.35384], [-89.227709, 48.35384]]]}}, {"type": "Feature", "properties": {"lead": 48, "temp": "sp:lake_trout:s3"}, "geometry": {"type": "Polygon", "coordinates": [[[-89.217187, 48.354332], [-89.217174, 48.354323], [-89.217174, 48.354305], [-89.217187, 48.354292], [-89.217214, 48.354283], [-89.217255, 48.354278], [-89.217309, 48.354278], [-89.217336, 48.354283], [-89.217336, 48.354292], [-89.217309, 48.354305], [-89.217255, 48.354323], [-89.217214, 48.354332], [-89.217187, 48.354332]]]}}, {"type": "Feature", "properties": {"lead": 48, "temp": "sp:brook_trout:s1"}, "geometry": {"type": "Polygon", "coordinates": [[[-89.22663, 48.352697], [-89.226671, 48.352666], [-89.226731, 48.352659], [-89.226812, 48.352677], [-89.226853, 48.352706], [-89.226853, 48.352746], [-89.226812, 48.352798], [-89.226731, 48.35286], [-89.226671, 48.352887], [-89.22663, 48.352878], [-89.22661, 48.352833], [-89.22661, 48.352753], [-89.22663, 48.352697]]]}}, {"type": "Feature", "properties": {"lead": 48, "temp": "sp:brook_trout:s1"}, "geometry": {"type": "Polygon", "coordinates": [[[-89.227166, 48.352813], [-89.2272, 48.3528], [-89.22725, 48.352802], [-89.227318, 48.35282], [-89.227351, 48.35284], [-89.227351, 48.352862], [-89.227318, 48.352887], [-89.22725, 48.352914], [-89.2272, 48.352923], [-89.227166, 48.352914], [-89.227149, 48.352887], [-89.227149, 48.352842], [-89.227166, 48.352813]]]}}, {"type": "Feature", "properties": {"lead": 48, "temp": "sp:brook_trout:s1"}, "geometry": {"type": "Polygon", "coordinates": [[[-89.226297, 48.352867], [-89.226317, 48.352853], [-89.226347, 48.352847], [-89.226388, 48.352847], [-89.226408, 48.352853], [-89.226408, 48.352867], [-89.226388, 48.352887], [-89.226347, 48.352914], [-89.226317, 48.352927], [-89.226297, 48.352927], [-89.226286, 48.352914], [-89.226286, 48.352887], [-89.226297, 48.352867]]]}}, {"type": "Feature", "properties": {"lead": 48, "temp": "sp:brook_trout:s1"}, "geometry": {"type": "Polygon", "coordinates": [[[-89.227705, 48.352947], [-89.227739, 48.352934], [-89.227789, 48.352932], [-89.227857, 48.352941], [-89.227891, 48.352954], [-89.227891, 48.352972], [-89.227857, 48.352994], [-89.227789, 48.353021], [-89.227739, 48.353032], [-89.227705, 48.353028], [-89.227688, 48.353008], [-89.227688, 48.352972], [-89.227705, 48.352947]]]}}, {"type": "Feature", "properties": {"lead": 48, "temp": "sp:brook_trout:s1"}, "geometry": {"type": "Polygon", "coordinates": [[[-89.226846, 48.352974], [-89.226886, 48.352961], [-89.226947, 48.352954], [-89.227028, 48.352954], [-89.227068, 48.352961], [-89.227068, 48.352974], [-89.227028, 48.352994], [-89.226947, 48.353021], [-89.226886, 48.353035], [-89.226846, 48.353035], [-89.226826, 48.353021], [-89.226826, 48.352994], [-89.226846, 48.352974]]]}}, {"type": "Feature", "properties": {"lead": 48, "temp": "sp:brook_trout:s1"}, "geometry": {"type": "Polygon", "coordinates": [[[-89.227335, 48.353082], [-89.227382, 48.353068], [-89.227452, 48.353061], [-89.227547, 48.353061], [-89.227594, 48.353068], [-89.227594, 48.353082], [-89.227547, 48.353102], [-89.227452, 48.353129], [-89.227382, 48.353142], [-89.227335, 48.353142], [-89.227311, 48.353129], [-89.227311, 48.353102], [-89.227335, 48.353082]]]}}, {"type": "Feature", "properties": {"lead": 48, "temp": "sp:brook_trout:s1"}, "geometry": {"type": "Polygon", "coordinates": [[[-89.228143, 48.353225], [-89.227975, 48.353158], [-89.227911, 48.353102], [-89.227951, 48.353057], [-89.228019, 48.35303], [-89.228113, 48.353021], [-89.228234, 48.35303], [-89.228383, 48.353057], [-89.228531, 48.353086], [-89.228679, 48.353117], [-89.228827, 48.353151], [-89.228976, 48.353187], [-89.229097, 48.353231], [-89.229191, 48.353285], [-89.229259, 48.353348], [-89.229299, 48.353419], [-89.229235, 48.353451], [-89.229067, 48.353442], [-89.228794, 48.353393], [-89.228416, 48.353303], [-89.228143, 48.353225]]]}}, {"type": "Feature", "properties": {"lead": 48, "temp": "sp:brook_trout:s1"}, "geometry": {"type": "Polygon", "coordinates": [[[-89.231655, 48.353871], [-89.231685, 48.353862], [-89.231726, 48.353871], [-89.231746, 48.353891], [-89.231746, 48.353923], [-89.231726, 48.353965], [-89.231685, 48.354019], [-89.231655, 48.354044], [-89.231635, 48.354039], [-89.231625, 48.354005], [-89.231625, 48.353943], [-89.231635, 48.353898], [-89.231655, 48.353871]]]}}, {"type": "Feature", "properties": {"lead": 48, "temp": "sp:brook_trout:s1"}, "geometry": {"type": "Polygon", "coordinates": [[[-89.231968, 48.354073], [-89.231948, 48.354032], [-89.231948, 48.353988], [-89.231972, 48.353959], [-89.232019, 48.353945], [-89.23209, 48.353947], [-89.232184, 48.353965], [-89.232251, 48.353992], [-89.232292, 48.354028], [-89.232305, 48.354073], [-89.232292, 48.354126], [-89.232262, 48.35416], [-89.232214, 48.354173], [-89.23215, 48.354167], [-89.232069, 48.35414], [-89.232009, 48.354108], [-89.231968, 48.354073]]]}}, {"type": "Feature", "properties": {"lead": 48, "temp": "sp:brook_trout:s1"}, "geometry": {"type": "Polygon", "coordinates": [[[-89.22725, 48.354301], [-89.227183, 48.354274], [-89.227149, 48.354234], [-89.227149, 48.35418], [-89.227203, 48.354131], [-89.227311, 48.354086], [-89.227473, 48.354046], [-89.227688, 48.35401], [-89.22783, 48.353992], [-89.227897, 48.353992], [-89.227891, 48.35401], [-89.22781, 48.354046], [-89.227749, 48.354086], [-89.227709, 48.354131], [-89.227688, 48.35418], [-89.227688, 48.354234], [-89.227655, 48.354274], [-89.227587, 48.354301], [-89.227486, 48.354314], [-89.227351, 48.354314], [-89.22725, 48.354301]]]}}, {"type": "Feature", "properties": {"lead": 48, "temp": "sp:brook_trout:s1"}, "geometry": {"type": "Polygon", "coordinates": [[[-89.231864, 48.354677], [-89.231776, 48.354578], [-89.231625, 48.354457], [-89.231409, 48.354314], [-89.231193, 48.354214], [-89.230978, 48.354155], [-89.230762, 48.35414], [-89.230546, 48.354167], [-89.230344, 48.354171], [-89.230155, 48.354153], [-89.22998, 48.354113], [-89.229818, 48.35405], [-89.229707, 48.353967], [-89.229646, 48.353865], [-89.229636, 48.353742], [-89.229677, 48.353598], [-89.229744, 48.3535], [-89.229838, 48.353446], [-89.22996, 48.353437], [-89.230108, 48.353473], [-89.230202, 48.35352], [-89.230243, 48.353578], [-89.230229, 48.353648], [-89.230162, 48.353728], [-89.230155, 48.353788], [-89.230209, 48.353829], [-89.230324, 48.353849], [-89.230499, 48.353849], [-89.230607, 48.353831], [-89.230647, 48.353795], [-89.23062, 48.353742], [-89.230526, 48.35367], [-89.230529, 48.353632], [-89.23063, 48.353627], [-89.230829, 48.353657], [-89.231126, 48.353719], [-89.231341, 48.353784], [-89.231476, 48.353851], [-89.23153, 48.35392], [-89.231503, 48.353992], [-89.231523, 48.354059], [-89.231591, 48.354122], [-89.231705, 48.35418], [-89.231867, 48.354234], [-89.231989, 48.354296], [-89.232069, 48.354368], [-89.23211, 48.354448], [-89.23211, 48.354538], [-89.232174, 48.354618], [-89.232302, 48.35469], [-89.232494, 48.354753], [-89.23275, 48.354806], [-89.232858, 48.354847], [-89.232818, 48.354873], [-89.232629, 48.354887], [-89.232292, 48.354887], [-89.232049, 48.354873], [-89.231901, 48.354847], [-89.231847, 48.354806], [-89.231887, 48.354753], [-89.231864, 48.354677]]]}}, {"type": "Feature", "properties": {"lead": 48, "temp": "sp:brook_trout:s1"}, "geometry": {"type": "Polygon", "coordinates": [[[-89.233724, 48.354515], [-89.233663, 48.354489], [-89.233613, 48.354448], [-89.233572, 48.354395], [-89.233569, 48.354359], [-89.233603, 48.354341], [-89.233674, 48.354341], [-89.233781, 48.354359], [-89.233866, 48.354381], [-89.233926, 48.354408], [-89.233963, 48.354439], [-89.233977, 48.354475], [-89.233967, 48.354502], [-89.233933, 48.35452], [-89.233876, 48.354529], [-89.233795, 48.354529], [-89.233724, 48.354515]]]}}, {"type": "Feature", "properties": {"lead": 48, "temp": "sp:brook_trout:s1"}, "geometry": {"type": "Polygon", "coordinates": [[[-89.226856, 48.354428], [-89.226886, 48.354422], [-89.226927, 48.354422], [-89.226947, 48.354428], [-89.226947, 48.354442], [-89.226927, 48.354462], [-89.226886, 48.354489], [-89.226856, 48.354502], [-89.226836, 48.354502], [-89.226826, 48.354489], [-89.226826, 48.354462], [-89.226836, 48.354442], [-89.226856, 48.354428]]]}}, {"type": "Feature", "properties": {"lead": 48, "temp": "sp:brook_trout:s1"}, "geometry": {"type": "Polygon", "coordinates": [[[-89.22665, 48.354545], [-89.226691, 48.354529], [-89.226745, 48.354529], [-89.226772, 48.354545], [-89.226772, 48.354576], [-89.226745, 48.354623], [-89.226691, 48.354685], [-89.22665, 48.354717], [-89.226623, 48.354717], [-89.22661, 48.354685], [-89.22661, 48.354623], [-89.226623, 48.354576], [-89.22665, 48.354545]]]}}, {"type": "Feature", "properties": {"lead": 48, "temp": "sp:brook_trout:s1"}, "geometry": {"type": "Polygon", "coordinates": [[[-89.226623, 48.355014], [-89.22665, 48.355001], [-89.226691, 48.354994], [-89.226745, 48.354994], [-89.226772, 48.355001], [-89.226772, 48.355014], [-89.226745, 48.355034], [-89.226691, 48.355061], [-89.22665, 48.355075], [-89.226623, 48.355075], [-89.22661, 48.355061], [-89.22661, 48.355034], [-89.226623, 48.355014]]]}}, {"type": "Feature", "properties": {"lead": 48, "temp": "sp:brook_trout:s1"}, "geometry": {"type": "Polygon", "coordinates": [[[-89.227163, 48.355661], [-89.226866, 48.355544], [-89.226907, 48.3555], [-89.227284, 48.355527], [-89.227651, 48.355576], [-89.228009, 48.355647], [-89.228356, 48.355741], [-89.228693, 48.355858], [-89.228989, 48.355945], [-89.229245, 48.356003], [-89.229461, 48.356032], [-89.229636, 48.356032], [-89.229788, 48.356039], [-89.229916, 48.356052], [-89.23002, 48.356072], [-89.230101, 48.356099], [-89.230162, 48.356142], [-89.230202, 48.3562], [-89.230223, 48.356274], [-89.230223, 48.356363], [-89.22998, 48.356365], [-89.229495, 48.35628], [-89.228767, 48.356108], [-89.227796, 48.355849], [-89.227163, 48.355661]]]}}, {"type": "Feature", "properties": {"lead": 48, "temp": "sp:brook_trout:s1"}, "geometry": {"type": "Polygon", "coordinates": [[[-89.232039, 48.356294], [-89.232059, 48.356262], [-89.232076, 48.356247], [-89.23209, 48.356247], [-89.23209, 48.356262], [-89.232076, 48.356294], [-89.232049, 48.356341], [-89.232009, 48.356403], [-89.231985, 48.356435], [-89.231978, 48.356435], [-89.231989, 48.356403], [-89.232015, 48.356341], [-89.232039, 48.356294]]]}}, {"type": "Feature", "properties": {"lead": 48, "temp": "sp:brook_trout:s1"}, "geometry": {"type": "Polygon", "coordinates": [[[-89.230715, 48.356564], [-89.230721, 48.356511], [-89.230802, 48.356448], [-89.230829, 48.356394], [-89.230802, 48.35635], [-89.230721, 48.356314], [-89.230587, 48.356287], [-89.230583, 48.356283], [-89.230711, 48.3563], [-89.230971, 48.356341], [-89.231362, 48.356403], [-89.231625, 48.356464], [-89.231759, 48.356522], [-89.231766, 48.356578], [-89.231645, 48.356632], [-89.2315, 48.356665], [-89.231331, 48.356679], [-89.231139, 48.356672], [-89.230924, 48.356645], [-89.230782, 48.356609], [-89.230715, 48.356564]], [[-89.231095, 48.356517], [-89.231085, 48.356538], [-89.231085, 48.356564], [-89.231095, 48.356578], [-89.231116, 48.356578], [-89.231146, 48.356564], [-89.231186, 48.356538], [-89.231207, 48.356517], [-89.231207, 48.356504], [-89.231186, 48.356497], [-89.231146, 48.356497], [-89.231116, 48.356504], [-89.231095, 48.356517]]]}}, {"type": "Feature", "properties": {"lead": 48, "temp": "sp:brook_trout:s1"}, "geometry": {"type": "Polygon", "coordinates": [[[-89.231992, 48.356699], [-89.231948, 48.356672], [-89.231948, 48.356645], [-89.231992, 48.356618], [-89.23208, 48.356591], [-89.232211, 48.356564], [-89.232386, 48.356538], [-89.232518, 48.356538], [-89.232605, 48.356564], [-89.232649, 48.356618], [-89.232649, 48.356699], [-89.232605, 48.356752], [-89.232518, 48.356779], [-89.232386, 48.356779], [-89.232211, 48.356752], [-89.23208, 48.356725], [-89.231992, 48.356699]]]}}, {"type": "Feature", "properties": {"lead": 48, "temp": "sp:brook_trout:s1"}, "geometry": {"type": "Polygon", "coordinates": [[[-89.196441, 48.311502], [-89.196387, 48.311309], [-89.19636, 48.31111], [-89.19636, 48.310904], [-89.196397, 48.310689], [-89.196472, 48.310465], [-89.196583, 48.310233], [-89.196731, 48.309991], [-89.196842, 48.309861], [-89.196916, 48.309843], [-89.196954, 48.309937], [-89.196954, 48.310143], [-89.196933, 48.310313], [-89.196893, 48.310448], [-89.196832, 48.310546], [-89.196751, 48.310609], [-89.196701, 48.310745], [-89.196681, 48.310956], [-89.196691, 48.31124], [-89.196731, 48.311598], [-89.196734, 48.311822], [-89.196701, 48.311912], [-89.19663, 48.311867], [-89.196522, 48.311688], [-89.196441, 48.311502]]]}}, {"type": "Feature", "properties": {"lead": 48, "temp": "sp:brook_trout:s1"}, "geometry": {"type": "Polygon", "coordinates": [[[-89.224258, 48.352131], [-89.224298, 48.352113], [-89.224359, 48.352109], [-89.22444, 48.352117], [-89.22448, 48.352133], [-89.22448, 48.352156], [-89.22444, 48.352185], [-89.224359, 48.35222], [-89.224298, 48.352236], [-89.224258, 48.352232], [-89.224237, 48.352207], [-89.224237, 48.352162], [-89.224258, 48.352131]]]}}, {"type": "Feature", "properties": {"lead": 48, "temp": "sp:brook_trout:s1"}, "geometry": {"type": "Polygon", "coordinates": [[[-89.22291, 48.352178], [-89.22295, 48.352147], [-89.223038, 48.352131], [-89.223172, 48.352131], [-89.223274, 48.35214], [-89.223341, 48.352158], [-89.223375, 48.352185], [-89.223375, 48.35222], [-89.223354, 48.352254], [-89.223314, 48.352285], [-89.223253, 48.352314], [-89.223172, 48.352341], [-89.223098, 48.352346], [-89.223031, 48.352328], [-89.22297, 48.352287], [-89.222916, 48.352225], [-89.22291, 48.352178]]]}}, {"type": "Feature", "properties": {"lead": 48, "temp": "sp:brook_trout:s1"}, "geometry": {"type": "Polygon", "coordinates": [[[-89.223722, 48.352294], [-89.223769, 48.352281], [-89.22384, 48.352274], [-89.223934, 48.352274], [-89.223981, 48.352281], [-89.223981, 48.352294], [-89.223934, 48.352314], [-89.22384, 48.352341], [-89.223769, 48.352355], [-89.223722, 48.352355], [-89.223698, 48.352341], [-89.223698, 48.352314], [-89.223722, 48.352294]]]}}, {"type": "Feature", "properties": {"lead": 48, "temp": "sp:brook_trout:s1"}, "geometry": {"type": "Polygon", "coordinates": [[[-89.224949, 48.352287], [-89.224969, 48.352261], [-89.224999, 48.352252], [-89.225039, 48.352261], [-89.22506, 48.352281], [-89.22506, 48.352312], [-89.225039, 48.352355], [-89.224999, 48.352408], [-89.224969, 48.352433], [-89.224949, 48.352428], [-89.224938, 48.352395], [-89.224938, 48.352332], [-89.224949, 48.352287]]]}}, {"type": "Feature", "properties": {"lead": 48, "temp": "sp:brook_trout:s1"}, "geometry": {"type": "Polygon", "coordinates": [[[-89.224419, 48.352402], [-89.22446, 48.352388], [-89.224521, 48.352381], [-89.224601, 48.352381], [-89.224642, 48.352388], [-89.224642, 48.352402], [-89.224601, 48.352422], [-89.224521, 48.352449], [-89.22446, 48.352462], [-89.224419, 48.352462], [-89.224399, 48.352449], [-89.224399, 48.352422], [-89.224419, 48.352402]]]}}, {"type": "Feature", "properties": {"lead": 48, "temp": "sp:brook_trout:s1"}, "geometry": {"type": "Polygon", "coordinates": [[[-89.225437, 48.352404], [-89.225464, 48.352395], [-89.225505, 48.352395], [-89.225558, 48.352404], [-89.225585, 48.352415], [-89.225585, 48.352428], [-89.225558, 48.352444], [-89.225505, 48.352462], [-89.225464, 48.352469], [-89.225437, 48.352464], [-89.225424, 48.352449], [-89.225424, 48.352422], [-89.225437, 48.352404]]]}}, {"type": "Feature", "properties": {"lead": 48, "temp": "sp:brook_trout:s1"}, "geometry": {"type": "Polygon", "coordinates": [[[-89.225161, 48.352496], [-89.225221, 48.352489], [-89.225302, 48.352489], [-89.225343, 48.352496], [-89.225343, 48.352509], [-89.225302, 48.352529], [-89.225221, 48.352556], [-89.225161, 48.352569], [-89.22512, 48.352569], [-89.2251, 48.352556], [-89.2251, 48.352529], [-89.22512, 48.352509], [-89.225161, 48.352496]]]}}, {"type": "Feature", "properties": {"lead": 48, "temp": "sp:brook_trout:s1"}, "geometry": {"type": "Polygon", "coordinates": [[[-89.225862, 48.352713], [-89.225922, 48.352704], [-89.226003, 48.352704], [-89.226044, 48.352713], [-89.226044, 48.35273], [-89.226003, 48.352757], [-89.225922, 48.352793], [-89.225862, 48.352811], [-89.225821, 48.352811], [-89.225801, 48.352793], [-89.225801, 48.352757], [-89.225821, 48.35273], [-89.225862, 48.352713]]]}}, {"type": "Feature", "properties": {"lead": 48, "temp": "sp:brook_trout:s1"}, "geometry": {"type": "Polygon", "coordinates": [[[-89.215522, 48.353862], [-89.215563, 48.353853], [-89.215624, 48.353849], [-89.215704, 48.353849], [-89.215745, 48.353853], [-89.215745, 48.353862], [-89.215704, 48.353876], [-89.215624, 48.353894], [-89.215563, 48.353903], [-89.215522, 48.353903], [-89.215502, 48.353894], [-89.215502, 48.353876], [-89.215522, 48.353862]]]}}, {"type": "Feature", "properties": {"lead": 48, "temp": "sp:brook_trout:s1"}, "geometry": {"type": "Polygon", "coordinates": [[[-89.21624, 48.354037], [-89.216153, 48.354019], [-89.216089, 48.354001], [-89.216048, 48.353983], [-89.216062, 48.353961], [-89.216129, 48.353934], [-89.21625, 48.353903], [-89.216426, 48.353867], [-89.216557, 48.353858], [-89.216645, 48.353876], [-89.216689, 48.35392], [-89.216689, 48.353992], [-89.216655, 48.354041], [-89.216587, 48.354068], [-89.216486, 48.354073], [-89.216352, 48.354055], [-89.21624, 48.354037]]]}}, {"type": "Feature", "properties": {"lead": 48, "temp": "sp:brook_trout:s1"}, "geometry": {"type": "Polygon", "coordinates": [[[-89.21742, 48.354214], [-89.21748, 48.354209], [-89.217571, 48.354207], [-89.217693, 48.354207], [-89.217753, 48.354209], [-89.217753, 48.354214], [-89.217693, 48.35422], [-89.217571, 48.354229], [-89.21748, 48.354234], [-89.21742, 48.354234], [-89.217389, 48.354229], [-89.217389, 48.35422], [-89.21742, 48.354214]]]}}, {"type": "Feature", "properties": {"lead": 48, "temp": "sp:brook_trout:s1"}, "geometry": {"type": "Polygon", "coordinates": [[[-89.216924, 48.356075], [-89.217039, 48.356068], [-89.217201, 48.356068], [-89.217288, 48.356075], [-89.217302, 48.356088], [-89.217241, 48.356108], [-89.217106, 48.356135], [-89.216999, 48.356148], [-89.216918, 48.356148], [-89.216864, 48.356135], [-89.216837, 48.356108], [-89.216857, 48.356088], [-89.216924, 48.356075]]]}}, {"type": "Feature", "properties": {"lead": 48, "temp": "sp:brook_trout:s1"}, "geometry": {"type": "Polygon", "coordinates": [[[-89.219519, 48.356254], [-89.2196, 48.356247], [-89.219708, 48.356247], [-89.219762, 48.356254], [-89.219762, 48.356267], [-89.219708, 48.356287], [-89.2196, 48.356314], [-89.219519, 48.356327], [-89.219465, 48.356327], [-89.219438, 48.356314], [-89.219438, 48.356287], [-89.219465, 48.356267], [-89.219519, 48.356254]]]}}, {"type": "Feature", "properties": {"lead": 48, "temp": "sp:brook_trout:s1"}, "geometry": {"type": "Polygon", "coordinates": [[[-89.218481, 48.356661], [-89.218401, 48.356594], [-89.218333, 48.356502], [-89.218279, 48.356385], [-89.218293, 48.3563], [-89.218374, 48.356247], [-89.218522, 48.356224], [-89.218738, 48.356233], [-89.218886, 48.356271], [-89.218967, 48.356339], [-89.21898, 48.356435], [-89.218926, 48.35656], [-89.218859, 48.356649], [-89.218778, 48.356703], [-89.218684, 48.356721], [-89.218576, 48.356703], [-89.218481, 48.356661]]]}}, {"type": "Feature", "properties": {"lead": 48, "temp": "sp:brook_trout:s1"}, "geometry": {"type": "Polygon", "coordinates": [[[-89.220018, 48.356408], [-89.220099, 48.35639], [-89.220247, 48.356394], [-89.220463, 48.356421], [-89.220584, 48.35645], [-89.220611, 48.356482], [-89.220544, 48.356515], [-89.220382, 48.356551], [-89.220247, 48.356562], [-89.220139, 48.356549], [-89.220059, 48.356511], [-89.220005, 48.356448], [-89.220018, 48.356408]]]}}, {"type": "Feature", "properties": {"lead": 48, "temp": "sp:brook_trout:s1"}, "geometry": {"type": "Polygon", "coordinates": [[[-89.219034, 48.356786], [-89.219088, 48.356737], [-89.219196, 48.356676], [-89.219358, 48.356605], [-89.219479, 48.356558], [-89.21956, 48.356535], [-89.2196, 48.356538], [-89.2196, 48.356564], [-89.219573, 48.356602], [-89.219519, 48.356652], [-89.219438, 48.356712], [-89.219331, 48.356784], [-89.219236, 48.356831], [-89.219155, 48.356853], [-89.219088, 48.356851], [-89.219034, 48.356824], [-89.219034, 48.356786]]]}}, {"type": "Feature", "properties": {"lead": 48, "temp": "sp:brook_trout:s1"}, "geometry": {"type": "Polygon", "coordinates": [[[-89.219856, 48.356645], [-89.219964, 48.356645], [-89.220099, 48.356672], [-89.2202, 48.356696], [-89.220268, 48.356719], [-89.220301, 48.356739], [-89.220301, 48.356757], [-89.220261, 48.356779], [-89.22018, 48.356806], [-89.220059, 48.356837], [-89.219897, 48.356873], [-89.219782, 48.35688], [-89.219715, 48.356857], [-89.219695, 48.356806], [-89.219722, 48.356725], [-89.219775, 48.356672], [-89.219856, 48.356645]]]}}, {"type": "Feature", "properties": {"lead": 48, "temp": "sp:brook_trout:s1"}, "geometry": {"type": "Polygon", "coordinates": [[[-89.225636, 48.358982], [-89.225397, 48.358855], [-89.225127, 48.358685], [-89.224895, 48.358557], [-89.224699, 48.358472], [-89.224541, 48.35843], [-89.224419, 48.35843], [-89.224318, 48.358408], [-89.224237, 48.358363], [-89.224177, 48.358296], [-89.224136, 48.358206], [-89.224028, 48.358119], [-89.223853, 48.358034], [-89.223611, 48.357951], [-89.223301, 48.357871], [-89.223082, 48.357788], [-89.222953, 48.357703], [-89.222916, 48.357616], [-89.22297, 48.357526], [-89.222923, 48.357417], [-89.222775, 48.357287], [-89.222525, 48.357137], [-89.222175, 48.356967], [-89.221963, 48.356846], [-89.221889, 48.356775], [-89.221953, 48.356752], [-89.222155, 48.356779], [-89.222418, 48.356851], [-89.222741, 48.356967], [-89.223125, 48.357128], [-89.22357, 48.357334], [-89.224039, 48.35758], [-89.224531, 48.357866], [-89.225046, 48.358193], [-89.225585, 48.35856], [-89.225953, 48.358835], [-89.226148, 48.359018], [-89.226172, 48.35911], [-89.226024, 48.35911], [-89.225845, 48.359067], [-89.225636, 48.358982]], [[-89.223061, 48.357526], [-89.223051, 48.357553], [-89.223051, 48.357589], [-89.223061, 48.357607], [-89.223082, 48.357607], [-89.223112, 48.357589], [-89.223152, 48.357553], [-89.223172, 48.357526], [-89.223172, 48.357508], [-89.223152, 48.357499], [-89.223112, 48.357499], [-89.223082, 48.357508], [-89.223061, 48.357526]]]}}, {"type": "Feature", "properties": {"lead": 48, "temp": "sp:brook_trout:s2"}, "geometry": {"type": "Polygon", "coordinates": [[[-89.228875, 48.353236], [-89.228875, 48.353209], [-89.228885, 48.353189], [-89.228905, 48.353176], [-89.228935, 48.353169], [-89.228976, 48.353169], [-89.228996, 48.353176], [-89.228996, 48.353189], [-89.228976, 48.353209], [-89.228935, 48.353236], [-89.228905, 48.353249], [-89.228885, 48.353249], [-89.228875, 48.353236]]]}}, {"type": "Feature", "properties": {"lead": 48, "temp": "sp:brook_trout:s2"}, "geometry": {"type": "Polygon", "coordinates": [[[-89.215536, 48.354073], [-89.215415, 48.353983], [-89.215479, 48.353943], [-89.215728, 48.353952], [-89.216163, 48.35401], [-89.216783, 48.354117], [-89.217123, 48.354193], [-89.217184, 48.354238], [-89.216965, 48.354252], [-89.216466, 48.354234], [-89.216062, 48.354198], [-89.215752, 48.354144], [-89.215536, 48.354073]]]}}, {"type": "Feature", "properties": {"lead": 48, "temp": "sp:brook_trout:s2"}, "geometry": {"type": "Polygon", "coordinates": [[[-89.230917, 48.356323], [-89.230229, 48.356207], [-89.229714, 48.35611], [-89.22937, 48.356034], [-89.229198, 48.355978], [-89.229198, 48.355943], [-89.229144, 48.355911], [-89.229036, 48.355884], [-89.228875, 48.355862], [-89.228659, 48.355844], [-89.228467, 48.355815], [-89.228298, 48.355775], [-89.228153, 48.355723], [-89.228032, 48.355661], [-89.227843, 48.355607], [-89.227587, 48.355562], [-89.227264, 48.355527], [-89.226873, 48.3555], [-89.226566, 48.355439], [-89.226344, 48.355345], [-89.226206, 48.355218], [-89.226152, 48.355057], [-89.226148, 48.354876], [-89.226195, 48.354674], [-89.226293, 48.354453], [-89.226441, 48.354211], [-89.226657, 48.354023], [-89.22694, 48.353889], [-89.227291, 48.353809], [-89.227709, 48.353782], [-89.227678, 48.353677], [-89.2272, 48.353493], [-89.226273, 48.353231], [-89.224898, 48.352891], [-89.223917, 48.35263], [-89.223331, 48.352446], [-89.223139, 48.352341], [-89.223341, 48.352314], [-89.22355, 48.35231], [-89.223766, 48.352328], [-89.223988, 48.352368], [-89.224217, 48.352431], [-89.224413, 48.35246], [-89.224574, 48.352455], [-89.224702, 48.352417], [-89.224797, 48.352346], [-89.224878, 48.352317], [-89.224945, 48.35233], [-89.224999, 48.352386], [-89.225039, 48.352484], [-89.225144, 48.352574], [-89.225312, 48.352654], [-89.225545, 48.352726], [-89.225842, 48.352789], [-89.226054, 48.352842], [-89.226182, 48.352887], [-89.226226, 48.352923], [-89.226185, 48.35295], [-89.226303, 48.352988], [-89.22658, 48.353037], [-89.227014, 48.353097], [-89.227607, 48.353169], [-89.228086, 48.35324], [-89.22845, 48.353312], [-89.228699, 48.353384], [-89.228834, 48.353455], [-89.228955, 48.353509], [-89.229063, 48.353545], [-89.229158, 48.353563], [-89.229239, 48.353563], [-89.229289, 48.353545], [-89.229309, 48.353509], [-89.229299, 48.353455], [-89.229259, 48.353384], [-89.229262, 48.353337], [-89.229309, 48.353314], [-89.2294, 48.353317], [-89.229535, 48.353343], [-89.229626, 48.353399], [-89.229673, 48.353484], [-89.229677, 48.353598], [-89.229636, 48.353742], [-89.229646, 48.353865], [-89.229707, 48.353967], [-89.229818, 48.35405], [-89.22998, 48.354113], [-89.230155, 48.354153], [-89.230344, 48.354171], [-89.230546, 48.354167], [-89.230762, 48.35414], [-89.230978, 48.354155], [-89.231193, 48.354214], [-89.231409, 48.354314], [-89.231625, 48.354457], [-89.231776, 48.354578], [-89.231864, 48.354677], [-89.231887, 48.354753], [-89.231847, 48.354806], [-89.231743, 48.35484], [-89.231574, 48.354853], [-89.231341, 48.354847], [-89.231045, 48.35482], [-89.230779, 48.354777], [-89.230543, 48.354719], [-89.230337, 48.354645], [-89.230162, 48.354556], [-89.229913, 48.354469], [-89.229589, 48.354384], [-89.229191, 48.354301], [-89.22872, 48.35422], [-89.228362, 48.354149], [-89.22812, 48.354086], [-89.227992, 48.354032], [-89.227978, 48.353988], [-89.227918, 48.353965], [-89.22781, 48.353965], [-89.227655, 48.353988], [-89.227452, 48.354032], [-89.227301, 48.354079], [-89.2272, 48.354129], [-89.227149, 48.35418], [-89.227149, 48.354234], [-89.227115, 48.354287], [-89.227048, 48.354341], [-89.226947, 48.354395], [-89.226812, 48.354448], [-89.226708, 48.354524], [-89.226634, 48.354623], [-89.22659, 48.354744], [-89.226576, 48.354887], [-89.226607, 48.354987], [-89.226681, 48.355046], [-89.226799, 48.355061], [-89.22696, 48.355034], [-89.227378, 48.355088], [-89.228052, 48.355222], [-89.228982, 48.355437], [-89.230169, 48.355732], [-89.231058, 48.355974], [-89.231652, 48.356162], [-89.231948, 48.356296], [-89.231948, 48.356377], [-89.231776, 48.356408], [-89.231432, 48.35639], [-89.230917, 48.356323]], [[-89.22934, 48.355925], [-89.229326, 48.355925], [-89.229316, 48.355927], [-89.229309, 48.355931], [-89.229306, 48.355938], [-89.229306, 48.355947], [-89.229309, 48.355952], [-89.229316, 48.355952], [-89.229326, 48.355947], [-89.22934, 48.355938], [-89.229346, 48.355931], [-89.229346, 48.355927], [-89.22934, 48.355925]], [[-89.229137, 48.354005], [-89.229097, 48.353943], [-89.229023, 48.353896], [-89.228915, 48.353865], [-89.228774, 48.353849], [-89.228598, 48.353849], [-89.228467, 48.353858], [-89.228379, 48.353876], [-89.228335, 48.353903], [-89.228335, 48.353938], [-89.228359, 48.353963], [-89.228406, 48.353976], [-89.228477, 48.353979], [-89.228571, 48.35397], [-89.228672, 48.353972], [-89.22878, 48.353985], [-89.228895, 48.35401], [-89.229016, 48.354046], [-89.229097, 48.354057], [-89.229137, 48.354044], [-89.229137, 48.354005]], [[-89.228153, 48.353956], [-89.22814, 48.353956], [-89.22813, 48.353959], [-89.228123, 48.353963], [-89.22812, 48.35397], [-89.22812, 48.353979], [-89.228123, 48.353983], [-89.22813, 48.353983], [-89.22814, 48.353979], [-89.228153, 48.35397], [-89.22816, 48.353963], [-89.22816, 48.353959], [-89.228153, 48.353956]], [[-89.227183, 48.353133], [-89.227169, 48.353133], [-89.227159, 48.353138], [-89.227153, 48.353146], [-89.227149, 48.35316], [-89.227149, 48.353178], [-89.227153, 48.353187], [-89.227159, 48.353187], [-89.227169, 48.353178], [-89.227183, 48.35316], [-89.22719, 48.353146], [-89.22719, 48.353138], [-89.227183, 48.353133]]]}}, {"type": "Feature", "properties": {"lead": 48, "temp": "sp:brook_trout:s2"}, "geometry": {"type": "Polygon", "coordinates": [[[-89.23211, 48.35643], [-89.23211, 48.356385], [-89.232117, 48.356354], [-89.23213, 48.356336], [-89.23215, 48.356332], [-89.232177, 48.356341], [-89.232191, 48.356356], [-89.232191, 48.356379], [-89.232177, 48.356408], [-89.23215, 48.356444], [-89.23213, 48.356459], [-89.232117, 48.356455], [-89.23211, 48.35643]]]}}, {"type": "Feature", "properties": {"lead": 48, "temp": "sp:brook_trout:s2"}, "geometry": {"type": "Polygon", "coordinates": [[[-89.231948, 48.356564], [-89.231948, 48.356538], [-89.231958, 48.356517], [-89.231978, 48.356504], [-89.232009, 48.356497], [-89.232049, 48.356497], [-89.232069, 48.356504], [-89.232069, 48.356517], [-89.232049, 48.356538], [-89.232009, 48.356564], [-89.231978, 48.356578], [-89.231958, 48.356578], [-89.231948, 48.356564]]]}}, {"type": "Feature", "properties": {"lead": 48, "temp": "sp:brook_trout:s2"}, "geometry": {"type": "Polygon", "coordinates": [[[-89.219513, 48.3569], [-89.219418, 48.356882], [-89.219368, 48.356846], [-89.219361, 48.356793], [-89.219398, 48.356721], [-89.219479, 48.356632], [-89.219492, 48.35658], [-89.219438, 48.356567], [-89.219317, 48.356591], [-89.219128, 48.356654], [-89.219, 48.356672], [-89.218933, 48.356645], [-89.218926, 48.356573], [-89.21898, 48.356457], [-89.219108, 48.35639], [-89.21931, 48.356372], [-89.219587, 48.356403], [-89.219937, 48.356484], [-89.22019, 48.356553], [-89.220345, 48.356611], [-89.220402, 48.356658], [-89.220362, 48.356694], [-89.220298, 48.356712], [-89.22021, 48.356712], [-89.220099, 48.356694], [-89.219964, 48.356658], [-89.219856, 48.356652], [-89.219775, 48.356674], [-89.219722, 48.356725], [-89.219695, 48.356806], [-89.219651, 48.356862], [-89.21959, 48.356893], [-89.219513, 48.3569]]]}}, {"type": "Feature", "properties": {"lead": 48, "temp": "sp:brook_trout:s2"}, "geometry": {"type": "Polygon", "coordinates": [[[-89.222674, 48.357016], [-89.222674, 48.35698], [-89.222697, 48.35696], [-89.222744, 48.356956], [-89.222815, 48.356967], [-89.22291, 48.356994], [-89.222957, 48.357016], [-89.222957, 48.357034], [-89.22291, 48.357048], [-89.222815, 48.357057], [-89.222744, 48.357054], [-89.222697, 48.357041], [-89.222674, 48.357016]]]}}, {"type": "Feature", "properties": {"lead": 48, "temp": "sp:brook_trout:s2"}, "geometry": {"type": "Polygon", "coordinates": [[[-89.225141, 48.358278], [-89.224305, 48.357795], [-89.223776, 48.357468], [-89.223553, 48.357298], [-89.223638, 48.357285], [-89.224028, 48.357428], [-89.224423, 48.3576], [-89.22482, 48.357801], [-89.225221, 48.358032], [-89.225626, 48.358291], [-89.225939, 48.358506], [-89.226162, 48.358676], [-89.226293, 48.358801], [-89.226334, 48.358882], [-89.226155, 48.358821], [-89.225757, 48.35862], [-89.225141, 48.358278]]]}}, {"type": "Feature", "properties": {"lead": 48, "temp": "sp:brook_trout:s3"}, "geometry": {"type": "Polygon", "coordinates": [[[-89.225127, 48.352623], [-89.2251, 48.352619], [-89.2251, 48.35261], [-89.225127, 48.352603], [-89.225181, 48.352598], [-89.225262, 48.352596], [-89.22537, 48.352596], [-89.225424, 48.352598], [-89.225424, 48.352603], [-89.22537, 48.35261], [-89.225262, 48.352619], [-89.225181, 48.352623], [-89.225127, 48.352623]]]}}, {"type": "Feature", "properties": {"lead": 48, "temp": "sp:brook_trout:s3"}, "geometry": {"type": "Polygon", "coordinates": [[[-89.225801, 48.352869], [-89.225801, 48.35286], [-89.225831, 48.352853], [-89.225892, 48.352849], [-89.225983, 48.352847], [-89.226104, 48.352847], [-89.226165, 48.352849], [-89.226165, 48.352853], [-89.226104, 48.35286], [-89.225983, 48.352869], [-89.225892, 48.352874], [-89.225831, 48.352874], [-89.225801, 48.352869]]]}}, {"type": "Feature", "properties": {"lead": 48, "temp": "sp:brook_trout:s3"}, "geometry": {"type": "Polygon", "coordinates": [[[-89.226125, 48.352963], [-89.226125, 48.352945], [-89.226155, 48.352934], [-89.226216, 48.35293], [-89.226307, 48.352932], [-89.226428, 48.352941], [-89.226489, 48.35295], [-89.226489, 48.352959], [-89.226428, 48.352968], [-89.226307, 48.352976], [-89.226216, 48.352979], [-89.226155, 48.352974], [-89.226125, 48.352963]]]}}, {"type": "Feature", "properties": {"lead": 48, "temp": "sp:brook_trout:s3"}, "geometry": {"type": "Polygon", "coordinates": [[[-89.22664, 48.353082], [-89.22661, 48.35307], [-89.22661, 48.353053], [-89.22664, 48.353041], [-89.226701, 48.353037], [-89.226792, 48.353039], [-89.226913, 48.353048], [-89.226974, 48.353057], [-89.226974, 48.353066], [-89.226913, 48.353075], [-89.226792, 48.353084], [-89.226701, 48.353086], [-89.22664, 48.353082]]]}}, {"type": "Feature", "properties": {"lead": 48, "temp": "sp:brook_trout:s3"}, "geometry": {"type": "Polygon", "coordinates": [[[-89.227257, 48.353178], [-89.227257, 48.35316], [-89.227294, 48.353149], [-89.227368, 48.353144], [-89.227479, 48.353146], [-89.227628, 48.353155], [-89.227702, 48.353164], [-89.227702, 48.353173], [-89.227628, 48.353182], [-89.227479, 48.353191], [-89.227368, 48.353193], [-89.227294, 48.353189], [-89.227257, 48.353178]]]}}, {"type": "Feature", "properties": {"lead": 48, "temp": "sp:brook_trout:s3"}, "geometry": {"type": "Polygon", "coordinates": [[[-89.217174, 48.354323], [-89.217174, 48.354305], [-89.217187, 48.354292], [-89.217214, 48.354283], [-89.217255, 48.354278], [-89.217309, 48.354278], [-89.217336, 48.354283], [-89.217336, 48.354292], [-89.217309, 48.354305], [-89.217255, 48.354323], [-89.217214, 48.354332], [-89.217187, 48.354332], [-89.217174, 48.354323]]]}}, {"type": "Feature", "properties": {"lead": 48, "temp": "sp:salmon:s1"}, "geometry": {"type": "Polygon", "coordinates": [[[-89.228875, 48.353209], [-89.228885, 48.353189], [-89.228905, 48.353176], [-89.228935, 48.353169], [-89.228976, 48.353169], [-89.228996, 48.353176], [-89.228996, 48.353189], [-89.228976, 48.353209], [-89.228935, 48.353236], [-89.228905, 48.353249], [-89.228885, 48.353249], [-89.228875, 48.353236], [-89.228875, 48.353209]]]}}, {"type": "Feature", "properties": {"lead": 48, "temp": "sp:salmon:s1"}, "geometry": {"type": "Polygon", "coordinates": [[[-89.227698, 48.353189], [-89.227719, 48.353176], [-89.227749, 48.353169], [-89.227789, 48.353169], [-89.22781, 48.353176], [-89.22781, 48.353189], [-89.227789, 48.353209], [-89.227749, 48.353236], [-89.227719, 48.353249], [-89.227698, 48.353249], [-89.227688, 48.353236], [-89.227688, 48.353209], [-89.227698, 48.353189]]]}}, {"type": "Feature", "properties": {"lead": 48, "temp": "sp:salmon:s1"}, "geometry": {"type": "Polygon", "coordinates": [[[-89.228224, 48.353343], [-89.228244, 48.353299], [-89.228295, 48.353276], [-89.228376, 48.353276], [-89.228426, 48.353285], [-89.228447, 48.353303], [-89.228437, 48.35333], [-89.228396, 48.353366], [-89.228366, 48.353406], [-89.228346, 48.353451], [-89.228335, 48.3535], [-89.228335, 48.353554], [-89.228325, 48.353572], [-89.228305, 48.353554], [-89.228275, 48.3535], [-89.228234, 48.35341], [-89.228224, 48.353343]]]}}, {"type": "Feature", "properties": {"lead": 48, "temp": "sp:salmon:s1"}, "geometry": {"type": "Polygon", "coordinates": [[[-89.228733, 48.35344], [-89.228774, 48.353426], [-89.228834, 48.353419], [-89.228915, 48.353419], [-89.228955, 48.353426], [-89.228955, 48.35344], [-89.228915, 48.35346], [-89.228834, 48.353487], [-89.228774, 48.3535], [-89.228733, 48.3535], [-89.228713, 48.353487], [-89.228713, 48.35346], [-89.228733, 48.35344]]]}}, {"type": "Feature", "properties": {"lead": 48, "temp": "sp:salmon:s1"}, "geometry": {"type": "Polygon", "coordinates": [[[-89.228885, 48.353654], [-89.228905, 48.353641], [-89.228935, 48.353634], [-89.228976, 48.353634], [-89.228996, 48.353641], [-89.228996, 48.353654], [-89.228976, 48.353674], [-89.228935, 48.353701], [-89.228905, 48.353715], [-89.228885, 48.353715], [-89.228875, 48.353701], [-89.228875, 48.353674], [-89.228885, 48.353654]]]}}, {"type": "Feature", "properties": {"lead": 48, "temp": "sp:salmon:s1"}, "geometry": {"type": "Polygon", "coordinates": [[[-89.229441, 48.354084], [-89.229333, 48.354052], [-89.229239, 48.354005], [-89.229158, 48.353943], [-89.229117, 48.353882], [-89.229117, 48.353824], [-89.229158, 48.353768], [-89.229239, 48.353715], [-89.229289, 48.353652], [-89.229309, 48.35358], [-89.229299, 48.3535], [-89.229259, 48.35341], [-89.229262, 48.35335], [-89.229309, 48.353319], [-89.2294, 48.353317], [-89.229535, 48.353343], [-89.229626, 48.353399], [-89.229673, 48.353484], [-89.229677, 48.353598], [-89.229636, 48.353742], [-89.229626, 48.353858], [-89.229646, 48.353947], [-89.229697, 48.35401], [-89.229778, 48.354046], [-89.229805, 48.354073], [-89.229778, 48.35409], [-89.229697, 48.354099], [-89.229562, 48.354099], [-89.229441, 48.354084]]]}}, {"type": "Feature", "properties": {"lead": 48, "temp": "sp:salmon:s1"}, "geometry": {"type": "Polygon", "coordinates": [[[-89.227254, 48.353976], [-89.227301, 48.353945], [-89.227412, 48.353916], [-89.227587, 48.353889], [-89.227695, 48.353876], [-89.227736, 48.353876], [-89.227709, 48.353889], [-89.227614, 48.353916], [-89.227543, 48.353945], [-89.227496, 48.353976], [-89.227473, 48.35401], [-89.227473, 48.354046], [-89.227452, 48.354064], [-89.227412, 48.354064], [-89.227351, 48.354046], [-89.22727, 48.35401], [-89.227254, 48.353976]]]}}, {"type": "Feature", "properties": {"lead": 48, "temp": "sp:salmon:s1"}, "geometry": {"type": "Polygon", "coordinates": [[[-89.228194, 48.354099], [-89.228103, 48.35409], [-89.228042, 48.354073], [-89.228012, 48.354046], [-89.228012, 48.35401], [-89.228042, 48.353983], [-89.228103, 48.353965], [-89.228194, 48.353956], [-89.228315, 48.353956], [-89.228406, 48.353965], [-89.228467, 48.353983], [-89.228497, 48.35401], [-89.228497, 48.354046], [-89.228467, 48.354073], [-89.228406, 48.35409], [-89.228315, 48.354099], [-89.228194, 48.354099]]]}}, {"type": "Feature", "properties": {"lead": 48, "temp": "sp:salmon:s1"}, "geometry": {"type": "Polygon", "coordinates": [[[-89.229919, 48.35412], [-89.22996, 48.354106], [-89.23002, 48.354099], [-89.230101, 48.354099], [-89.230142, 48.354106], [-89.230142, 48.35412], [-89.230101, 48.35414], [-89.23002, 48.354167], [-89.22996, 48.35418], [-89.229919, 48.35418], [-89.229899, 48.354167], [-89.229899, 48.35414], [-89.229919, 48.35412]]]}}, {"type": "Feature", "properties": {"lead": 48, "temp": "sp:salmon:s1"}, "geometry": {"type": "Polygon", "coordinates": [[[-89.228521, 48.35412], [-89.228568, 48.354106], [-89.228639, 48.354099], [-89.228733, 48.354099], [-89.22878, 48.354106], [-89.22878, 48.35412], [-89.228733, 48.35414], [-89.228639, 48.354167], [-89.228568, 48.35418], [-89.228521, 48.35418], [-89.228497, 48.354167], [-89.228497, 48.35414], [-89.228521, 48.35412]]]}}, {"type": "Feature", "properties": {"lead": 48, "temp": "sp:salmon:s1"}, "geometry": {"type": "Polygon", "coordinates": [[[-89.231284, 48.354495], [-89.231089, 48.35441], [-89.230863, 48.354341], [-89.230607, 48.354287], [-89.230469, 48.35424], [-89.230448, 48.3542], [-89.230546, 48.354167], [-89.230762, 48.35414], [-89.230978, 48.354155], [-89.231193, 48.354214], [-89.231409, 48.354314], [-89.231625, 48.354457], [-89.231776, 48.354578], [-89.231864, 48.354677], [-89.231887, 48.354753], [-89.231847, 48.354806], [-89.231783, 48.354817], [-89.231695, 48.354786], [-89.231584, 48.354712], [-89.231449, 48.354596], [-89.231284, 48.354495]]]}}, {"type": "Feature", "properties": {"lead": 48, "temp": "sp:salmon:s1"}, "geometry": {"type": "Polygon", "coordinates": [[[-89.231109, 48.354692], [-89.231156, 48.354679], [-89.231227, 48.354672], [-89.231321, 48.354672], [-89.231368, 48.354679], [-89.231368, 48.354692], [-89.231321, 48.354712], [-89.231227, 48.354739], [-89.231156, 48.354753], [-89.231109, 48.354753], [-89.231085, 48.354739], [-89.231085, 48.354712], [-89.231109, 48.354692]]]}}, {"type": "Feature", "properties": {"lead": 48, "temp": "sp:salmon:s1"}, "geometry": {"type": "Polygon", "coordinates": [[[-89.22963, 48.35609], [-89.229117, 48.355974], [-89.228693, 48.355858], [-89.228356, 48.355741], [-89.228005, 48.355647], [-89.227641, 48.355576], [-89.227264, 48.355527], [-89.226873, 48.3555], [-89.226566, 48.355462], [-89.226344, 48.355412], [-89.226206, 48.355352], [-89.226152, 48.355281], [-89.226182, 48.355216], [-89.226297, 48.355157], [-89.226495, 48.355106], [-89.226778, 48.355061], [-89.226987, 48.355037], [-89.227122, 48.355032], [-89.227183, 48.355048], [-89.227169, 48.355084], [-89.227459, 48.355175], [-89.228052, 48.355323], [-89.228949, 48.355527], [-89.230148, 48.355786], [-89.231048, 48.356001], [-89.231648, 48.356171], [-89.231948, 48.356296], [-89.231948, 48.356377], [-89.231776, 48.356408], [-89.231432, 48.35639], [-89.230917, 48.356323], [-89.230229, 48.356207], [-89.22963, 48.35609]]]}}, {"type": "Feature", "properties": {"lead": 48, "temp": "sp:salmon:s1"}, "geometry": {"type": "Polygon", "coordinates": [[[-89.23212, 48.356327], [-89.23214, 48.356309], [-89.232171, 48.356309], [-89.232211, 48.356327], [-89.232231, 48.35635], [-89.232231, 48.356377], [-89.232211, 48.356408], [-89.232171, 48.356444], [-89.23214, 48.356457], [-89.23212, 48.356448], [-89.23211, 48.356417], [-89.23211, 48.356363], [-89.23212, 48.356327]]]}}, {"type": "Feature", "properties": {"lead": 48, "temp": "sp:salmon:s1"}, "geometry": {"type": "Polygon", "coordinates": [[[-89.231948, 48.356538], [-89.231958, 48.356517], [-89.231978, 48.356504], [-89.232009, 48.356497], [-89.232049, 48.356497], [-89.232069, 48.356504], [-89.232069, 48.356517], [-89.232049, 48.356538], [-89.232009, 48.356564], [-89.231978, 48.356578], [-89.231958, 48.356578], [-89.231948, 48.356564], [-89.231948, 48.356538]]]}}, {"type": "Feature", "properties": {"lead": 48, "temp": "sp:salmon:s1"}, "geometry": {"type": "Polygon", "coordinates": [[[-89.222364, 48.351999], [-89.222391, 48.351985], [-89.222431, 48.351992], [-89.222485, 48.352019], [-89.222512, 48.352046], [-89.222512, 48.352073], [-89.222485, 48.3521], [-89.222431, 48.352126], [-89.222391, 48.352133], [-89.222364, 48.35212], [-89.22235, 48.352086], [-89.22235, 48.352032], [-89.222364, 48.351999]]]}}, {"type": "Feature", "properties": {"lead": 48, "temp": "sp:salmon:s1"}, "geometry": {"type": "Polygon", "coordinates": [[[-89.224858, 48.352285], [-89.224884, 48.352254], [-89.224905, 48.352238], [-89.224918, 48.352238], [-89.224915, 48.352254], [-89.224895, 48.352285], [-89.224858, 48.352332], [-89.224804, 48.352395], [-89.224773, 48.352426], [-89.224767, 48.352426], [-89.224783, 48.352395], [-89.224824, 48.352332], [-89.224858, 48.352285]]]}}, {"type": "Feature", "properties": {"lead": 48, "temp": "sp:salmon:s1"}, "geometry": {"type": "Polygon", "coordinates": [[[-89.224052, 48.352388], [-89.22414, 48.352402], [-89.224076, 48.352422], [-89.22386, 48.352449], [-89.223654, 48.352462], [-89.223459, 48.352462], [-89.223274, 48.352449], [-89.223098, 48.352422], [-89.223065, 48.352402], [-89.223172, 48.352388], [-89.223422, 48.352381], [-89.223813, 48.352381], [-89.224052, 48.352388]]]}}, {"type": "Feature", "properties": {"lead": 48, "temp": "sp:salmon:s1"}, "geometry": {"type": "Polygon", "coordinates": [[[-89.224949, 48.352509], [-89.224969, 48.352496], [-89.224999, 48.352489], [-89.225039, 48.352489], [-89.22506, 48.352496], [-89.22506, 48.352509], [-89.225039, 48.352529], [-89.224999, 48.352556], [-89.224969, 48.352569], [-89.224949, 48.352569], [-89.224938, 48.352556], [-89.224938, 48.352529], [-89.224949, 48.352509]]]}}, {"type": "Feature", "properties": {"lead": 48, "temp": "sp:salmon:s1"}, "geometry": {"type": "Polygon", "coordinates": [[[-89.22513, 48.352616], [-89.225191, 48.352603], [-89.225282, 48.352596], [-89.225403, 48.352596], [-89.225464, 48.352603], [-89.225464, 48.352616], [-89.225403, 48.352636], [-89.225282, 48.352663], [-89.225191, 48.352677], [-89.22513, 48.352677], [-89.2251, 48.352663], [-89.2251, 48.352636], [-89.22513, 48.352616]]]}}, {"type": "Feature", "properties": {"lead": 48, "temp": "sp:salmon:s1"}, "geometry": {"type": "Polygon", "coordinates": [[[-89.225599, 48.35273], [-89.225626, 48.352713], [-89.225666, 48.352704], [-89.22572, 48.352704], [-89.225747, 48.352713], [-89.225747, 48.35273], [-89.22572, 48.352757], [-89.225666, 48.352793], [-89.225626, 48.352811], [-89.225599, 48.352811], [-89.225585, 48.352793], [-89.225585, 48.352757], [-89.225599, 48.35273]]]}}, {"type": "Feature", "properties": {"lead": 48, "temp": "sp:salmon:s1"}, "geometry": {"type": "Polygon", "coordinates": [[[-89.225983, 48.352867], [-89.226024, 48.352853], [-89.226084, 48.352847], [-89.226165, 48.352847], [-89.226206, 48.352853], [-89.226206, 48.352867], [-89.226165, 48.352887], [-89.226084, 48.352914], [-89.226024, 48.352927], [-89.225983, 48.352927], [-89.225963, 48.352914], [-89.225963, 48.352887], [-89.225983, 48.352867]]]}}, {"type": "Feature", "properties": {"lead": 48, "temp": "sp:salmon:s1"}, "geometry": {"type": "Polygon", "coordinates": [[[-89.22632, 48.352974], [-89.226388, 48.352961], [-89.226489, 48.352954], [-89.226623, 48.352954], [-89.226691, 48.352961], [-89.226691, 48.352974], [-89.226623, 48.352994], [-89.226489, 48.353021], [-89.226388, 48.353035], [-89.22632, 48.353035], [-89.226286, 48.353021], [-89.226286, 48.352994], [-89.22632, 48.352974]]]}}, {"type": "Feature", "properties": {"lead": 48, "temp": "sp:salmon:s1"}, "geometry": {"type": "Polygon", "coordinates": [[[-89.227159, 48.353082], [-89.227179, 48.353068], [-89.22721, 48.353061], [-89.22725, 48.353061], [-89.22727, 48.353068], [-89.22727, 48.353082], [-89.22725, 48.353102], [-89.22721, 48.353129], [-89.227179, 48.353142], [-89.227159, 48.353142], [-89.227149, 48.353129], [-89.227149, 48.353102], [-89.227159, 48.353082]]]}}, {"type": "Feature", "properties": {"lead": 48, "temp": "sp:salmon:s1"}, "geometry": {"type": "Polygon", "coordinates": [[[-89.216871, 48.354151], [-89.216911, 48.354146], [-89.216972, 48.354149], [-89.217052, 48.354158], [-89.217093, 48.354167], [-89.217093, 48.354175], [-89.217052, 48.354184], [-89.216972, 48.354193], [-89.216911, 48.354196], [-89.216871, 48.354191], [-89.21685, 48.35418], [-89.21685, 48.354162], [-89.216871, 48.354151]]]}}, {"type": "Feature", "properties": {"lead": 48, "temp": "sp:salmon:s1"}, "geometry": {"type": "Polygon", "coordinates": [[[-89.226246, 48.354885], [-89.226246, 48.354773], [-89.226307, 48.354632], [-89.226428, 48.354462], [-89.226553, 48.354328], [-89.226681, 48.354229], [-89.226812, 48.354167], [-89.226947, 48.35414], [-89.227048, 48.354133], [-89.227115, 48.354146], [-89.227149, 48.35418], [-89.227149, 48.354234], [-89.227115, 48.354287], [-89.227048, 48.354341], [-89.226947, 48.354395], [-89.226812, 48.354448], [-89.226711, 48.354524], [-89.226644, 48.354623], [-89.22661, 48.354744], [-89.22661, 48.354887], [-89.22658, 48.354981], [-89.226519, 48.355025], [-89.226428, 48.355021], [-89.226307, 48.354967], [-89.226246, 48.354885]]]}}, {"type": "Feature", "properties": {"lead": 48, "temp": "sp:salmon:s1"}, "geometry": {"type": "Polygon", "coordinates": [[[-89.219368, 48.356846], [-89.219361, 48.356793], [-89.219398, 48.356721], [-89.219479, 48.356632], [-89.219492, 48.35658], [-89.219438, 48.356567], [-89.219317, 48.356591], [-89.219128, 48.356654], [-89.219, 48.35667], [-89.218933, 48.356638], [-89.218926, 48.35656], [-89.21898, 48.356435], [-89.219108, 48.356363], [-89.21931, 48.356345], [-89.219587, 48.356381], [-89.219937, 48.35647], [-89.22019, 48.356547], [-89.220345, 48.356609], [-89.220402, 48.356658], [-89.220362, 48.356694], [-89.220298, 48.356712], [-89.22021, 48.356712], [-89.220099, 48.356694], [-89.219964, 48.356658], [-89.219856, 48.356652], [-89.219775, 48.356674], [-89.219722, 48.356725], [-89.219695, 48.356806], [-89.219651, 48.356862], [-89.21959, 48.356893], [-89.219513, 48.3569], [-89.219418, 48.356882], [-89.219368, 48.356846]]]}}, {"type": "Feature", "properties": {"lead": 48, "temp": "sp:salmon:s1"}, "geometry": {"type": "Polygon", "coordinates": [[[-89.222697, 48.35696], [-89.222744, 48.356956], [-89.222815, 48.356967], [-89.22291, 48.356994], [-89.222957, 48.357016], [-89.222957, 48.357034], [-89.22291, 48.357048], [-89.222815, 48.357057], [-89.222744, 48.357054], [-89.222697, 48.357041], [-89.222674, 48.357016], [-89.222674, 48.35698], [-89.222697, 48.35696]]]}}, {"type": "Feature", "properties": {"lead": 48, "temp": "sp:salmon:s1"}, "geometry": {"type": "Polygon", "coordinates": [[[-89.223776, 48.357468], [-89.223553, 48.357298], [-89.223638, 48.357285], [-89.224028, 48.357428], [-89.224423, 48.3576], [-89.22482, 48.357801], [-89.225221, 48.358032], [-89.225626, 48.358291], [-89.225939, 48.358506], [-89.226162, 48.358676], [-89.226293, 48.358801], [-89.226334, 48.358882], [-89.226155, 48.358821], [-89.225757, 48.35862], [-89.225141, 48.358278], [-89.224305, 48.357795], [-89.223776, 48.357468]]]}}, {"type": "Feature", "properties": {"lead": 48, "temp": "sp:salmon:s2"}, "geometry": {"type": "Polygon", "coordinates": [[[-89.225437, 48.352404], [-89.225464, 48.352395], [-89.225505, 48.352395], [-89.225558, 48.352404], [-89.225585, 48.352415], [-89.225585, 48.352428], [-89.225558, 48.352444], [-89.225505, 48.352462], [-89.225464, 48.352469], [-89.225437, 48.352464], [-89.225424, 48.352449], [-89.225424, 48.352422], [-89.225437, 48.352404]]]}}, {"type": "Feature", "properties": {"lead": 48, "temp": "sp:salmon:s2"}, "geometry": {"type": "Polygon", "coordinates": [[[-89.225821, 48.352751], [-89.225862, 48.352737], [-89.225922, 48.352726], [-89.226003, 48.352717], [-89.226044, 48.352717], [-89.226044, 48.352726], [-89.226003, 48.352744], [-89.225922, 48.352771], [-89.225862, 48.352786], [-89.225821, 48.352791], [-89.225801, 48.352784], [-89.225801, 48.352766], [-89.225821, 48.352751]]]}}, {"type": "Feature", "properties": {"lead": 48, "temp": "sp:salmon:s2"}, "geometry": {"type": "Polygon", "coordinates": [[[-89.22663, 48.352697], [-89.226671, 48.352666], [-89.226731, 48.352659], [-89.226812, 48.352677], [-89.226853, 48.352706], [-89.226853, 48.352746], [-89.226812, 48.352798], [-89.226731, 48.35286], [-89.226671, 48.352887], [-89.22663, 48.352878], [-89.22661, 48.352833], [-89.22661, 48.352753], [-89.22663, 48.352697]]]}}, {"type": "Feature", "properties": {"lead": 48, "temp": "sp:salmon:s2"}, "geometry": {"type": "Polygon", "coordinates": [[[-89.227166, 48.352813], [-89.2272, 48.3528], [-89.22725, 48.352802], [-89.227318, 48.35282], [-89.227351, 48.35284], [-89.227351, 48.352862], [-89.227318, 48.352887], [-89.22725, 48.352914], [-89.2272, 48.352923], [-89.227166, 48.352914], [-89.227149, 48.352887], [-89.227149, 48.352842], [-89.227166, 48.352813]]]}}, {"type": "Feature", "properties": {"lead": 48, "temp": "sp:salmon:s2"}, "geometry": {"type": "Polygon", "coordinates": [[[-89.226846, 48.352968], [-89.226886, 48.352959], [-89.226947, 48.352954], [-89.227028, 48.352954], [-89.227068, 48.352959], [-89.227068, 48.352968], [-89.227028, 48.352981], [-89.226947, 48.352999], [-89.226886, 48.353008], [-89.226846, 48.353008], [-89.226826, 48.352999], [-89.226826, 48.352981], [-89.226846, 48.352968]]]}}, {"type": "Feature", "properties": {"lead": 48, "temp": "sp:salmon:s2"}, "geometry": {"type": "Polygon", "coordinates": [[[-89.227705, 48.352947], [-89.227739, 48.352934], [-89.227789, 48.352932], [-89.227857, 48.352941], [-89.227891, 48.352954], [-89.227891, 48.352972], [-89.227857, 48.352994], [-89.227789, 48.353021], [-89.227739, 48.353032], [-89.227705, 48.353028], [-89.227688, 48.353008], [-89.227688, 48.352972], [-89.227705, 48.352947]]]}}, {"type": "Feature", "properties": {"lead": 48, "temp": "sp:salmon:s2"}, "geometry": {"type": "Polygon", "coordinates": [[[-89.227335, 48.353075], [-89.227382, 48.353066], [-89.227452, 48.353061], [-89.227547, 48.353061], [-89.227594, 48.353066], [-89.227594, 48.353075], [-89.227547, 48.353088], [-89.227452, 48.353106], [-89.227382, 48.353115], [-89.227335, 48.353115], [-89.227311, 48.353106], [-89.227311, 48.353088], [-89.227335, 48.353075]]]}}, {"type": "Feature", "properties": {"lead": 48, "temp": "sp:salmon:s2"}, "geometry": {"type": "Polygon", "coordinates": [[[-89.227975, 48.353158], [-89.227911, 48.353102], [-89.227951, 48.353057], [-89.228019, 48.35303], [-89.228113, 48.353021], [-89.228234, 48.35303], [-89.228383, 48.353057], [-89.228531, 48.353086], [-89.228679, 48.353117], [-89.228827, 48.353151], [-89.228976, 48.353187], [-89.229097, 48.353231], [-89.229191, 48.353285], [-89.229259, 48.353348], [-89.229299, 48.353419], [-89.229235, 48.353451], [-89.229067, 48.353442], [-89.228794, 48.353393], [-89.228416, 48.353303], [-89.228143, 48.353225], [-89.227975, 48.353158]]]}}, {"type": "Feature", "properties": {"lead": 48, "temp": "sp:salmon:s2"}, "geometry": {"type": "Polygon", "coordinates": [[[-89.231655, 48.353871], [-89.231685, 48.353862], [-89.231726, 48.353871], [-89.231746, 48.353891], [-89.231746, 48.353923], [-89.231726, 48.353965], [-89.231685, 48.354019], [-89.231655, 48.354044], [-89.231635, 48.354039], [-89.231625, 48.354005], [-89.231625, 48.353943], [-89.231635, 48.353898], [-89.231655, 48.353871]]]}}, {"type": "Feature", "properties": {"lead": 48, "temp": "sp:salmon:s2"}, "geometry": {"type": "Polygon", "coordinates": [[[-89.232009, 48.354108], [-89.231968, 48.354073], [-89.231948, 48.354032], [-89.231948, 48.353988], [-89.231972, 48.353959], [-89.232019, 48.353945], [-89.23209, 48.353947], [-89.232184, 48.353965], [-89.232251, 48.353992], [-89.232292, 48.354028], [-89.232305, 48.354073], [-89.232292, 48.354126], [-89.232262, 48.35416], [-89.232214, 48.354173], [-89.23215, 48.354167], [-89.232069, 48.35414], [-89.232009, 48.354108]]]}}, {"type": "Feature", "properties": {"lead": 48, "temp": "sp:salmon:s2"}, "geometry": {"type": "Polygon", "coordinates": [[[-89.22725, 48.354301], [-89.227183, 48.354274], [-89.227149, 48.354234], [-89.227149, 48.35418], [-89.2272, 48.354131], [-89.227301, 48.354086], [-89.227452, 48.354046], [-89.227655, 48.35401], [-89.227789, 48.354005], [-89.227857, 48.354032], [-89.227857, 48.35409], [-89.227789, 48.35418], [-89.227705, 48.354247], [-89.227604, 48.354292], [-89.227486, 48.354314], [-89.227351, 48.354314], [-89.22725, 48.354301]]]}}, {"type": "Feature", "properties": {"lead": 48, "temp": "sp:salmon:s2"}, "geometry": {"type": "Polygon", "coordinates": [[[-89.231864, 48.354677], [-89.231776, 48.354578], [-89.231625, 48.354457], [-89.231409, 48.354314], [-89.231193, 48.354214], [-89.230978, 48.354155], [-89.230762, 48.35414], [-89.230546, 48.354167], [-89.230344, 48.354171], [-89.230155, 48.354153], [-89.22998, 48.354113], [-89.229818, 48.35405], [-89.229707, 48.353967], [-89.229646, 48.353865], [-89.229636, 48.353742], [-89.229677, 48.353598], [-89.229744, 48.3535], [-89.229838, 48.353446], [-89.22996, 48.353437], [-89.230108, 48.353473], [-89.230202, 48.35352], [-89.230243, 48.353578], [-89.230229, 48.353648], [-89.230162, 48.353728], [-89.230155, 48.353788], [-89.230209, 48.353829], [-89.230324, 48.353849], [-89.230499, 48.353849], [-89.230607, 48.353831], [-89.230647, 48.353795], [-89.23062, 48.353742], [-89.230526, 48.35367], [-89.230529, 48.353632], [-89.23063, 48.353627], [-89.230829, 48.353657], [-89.231126, 48.353719], [-89.231341, 48.353784], [-89.231476, 48.353851], [-89.23153, 48.35392], [-89.231503, 48.353992], [-89.231523, 48.354059], [-89.231591, 48.354122], [-89.231705, 48.35418], [-89.231867, 48.354234], [-89.231989, 48.354296], [-89.232069, 48.354368], [-89.23211, 48.354448], [-89.23211, 48.354538], [-89.232174, 48.354618], [-89.232302, 48.35469], [-89.232494, 48.354753], [-89.23275, 48.354806], [-89.232858, 48.354847], [-89.232818, 48.354873], [-89.232629, 48.354887], [-89.232292, 48.354887], [-89.232049, 48.354873], [-89.231901, 48.354847], [-89.231847, 48.354806], [-89.231887, 48.354753], [-89.231864, 48.354677]]]}}, {"type": "Feature", "properties": {"lead": 48, "temp": "sp:salmon:s2"}, "geometry": {"type": "Polygon", "coordinates": [[[-89.233569, 48.354359], [-89.233603, 48.354341], [-89.233674, 48.354341], [-89.233781, 48.354359], [-89.233845, 48.354381], [-89.233866, 48.354408], [-89.233842, 48.354439], [-89.233775, 48.354475], [-89.233714, 48.354489], [-89.23366, 48.35448], [-89.233613, 48.354448], [-89.233572, 48.354395], [-89.233569, 48.354359]]]}}, {"type": "Feature", "properties": {"lead": 48, "temp": "sp:salmon:s2"}, "geometry": {"type": "Polygon", "coordinates": [[[-89.226836, 48.354442], [-89.226856, 48.354428], [-89.226886, 48.354422], [-89.226927, 48.354422], [-89.226947, 48.354428], [-89.226947, 48.354442], [-89.226927, 48.354462], [-89.226886, 48.354489], [-89.226856, 48.354502], [-89.226836, 48.354502], [-89.226826, 48.354489], [-89.226826, 48.354462], [-89.226836, 48.354442]]]}}, {"type": "Feature", "properties": {"lead": 48, "temp": "sp:salmon:s2"}, "geometry": {"type": "Polygon", "coordinates": [[[-89.226623, 48.354576], [-89.22665, 48.354545], [-89.226691, 48.354529], [-89.226745, 48.354529], [-89.226772, 48.354545], [-89.226772, 48.354576], [-89.226745, 48.354623], [-89.226691, 48.354685], [-89.22665, 48.354717], [-89.226623, 48.354717], [-89.22661, 48.354685], [-89.22661, 48.354623], [-89.226623, 48.354576]]]}}, {"type": "Feature", "properties": {"lead": 48, "temp": "sp:salmon:s2"}, "geometry": {"type": "Polygon", "coordinates": [[[-89.227163, 48.355661], [-89.226866, 48.355544], [-89.226907, 48.3555], [-89.227284, 48.355527], [-89.227631, 48.355571], [-89.227948, 48.355634], [-89.228234, 48.355714], [-89.22849, 48.355813], [-89.228747, 48.355891], [-89.229003, 48.355949], [-89.229259, 48.355987], [-89.229515, 48.356005], [-89.229727, 48.356028], [-89.229896, 48.356054], [-89.23002, 48.356086], [-89.230101, 48.356122], [-89.230162, 48.356169], [-89.230202, 48.356227], [-89.230223, 48.356296], [-89.230223, 48.356377], [-89.22998, 48.356372], [-89.229495, 48.356283], [-89.228767, 48.356108], [-89.227796, 48.355849], [-89.227163, 48.355661]]]}}, {"type": "Feature", "properties": {"lead": 48, "temp": "sp:salmon:s2"}, "geometry": {"type": "Polygon", "coordinates": [[[-89.232059, 48.356262], [-89.232076, 48.356247], [-89.23209, 48.356247], [-89.23209, 48.356262], [-89.232076, 48.356294], [-89.232049, 48.356341], [-89.232009, 48.356403], [-89.231985, 48.356435], [-89.231978, 48.356435], [-89.231989, 48.356403], [-89.232015, 48.356341], [-89.232039, 48.356294], [-89.232059, 48.356262]]]}}, {"type": "Feature", "properties": {"lead": 48, "temp": "sp:salmon:s2"}, "geometry": {"type": "Polygon", "coordinates": [[[-89.230715, 48.356564], [-89.230721, 48.356511], [-89.230802, 48.356448], [-89.230829, 48.356394], [-89.230802, 48.35635], [-89.230721, 48.356314], [-89.230587, 48.356287], [-89.230583, 48.356283], [-89.230711, 48.3563], [-89.230971, 48.356341], [-89.231362, 48.356403], [-89.231625, 48.356464], [-89.231759, 48.356522], [-89.231766, 48.356578], [-89.231645, 48.356632], [-89.2315, 48.356665], [-89.231331, 48.356679], [-89.231139, 48.356672], [-89.230924, 48.356645], [-89.230782, 48.356609], [-89.230715, 48.356564]], [[-89.231095, 48.356517], [-89.231085, 48.356538], [-89.231085, 48.356564], [-89.231095, 48.356578], [-89.231116, 48.356578], [-89.231146, 48.356564], [-89.231186, 48.356538], [-89.231207, 48.356517], [-89.231207, 48.356504], [-89.231186, 48.356497], [-89.231146, 48.356497], [-89.231116, 48.356504], [-89.231095, 48.356517]]]}}, {"type": "Feature", "properties": {"lead": 48, "temp": "sp:salmon:s2"}, "geometry": {"type": "Polygon", "coordinates": [[[-89.23208, 48.356725], [-89.231992, 48.356699], [-89.231948, 48.356672], [-89.231948, 48.356645], [-89.231992, 48.35662], [-89.23208, 48.356598], [-89.232211, 48.356578], [-89.232386, 48.35656], [-89.232518, 48.356564], [-89.232605, 48.356591], [-89.232649, 48.35664], [-89.232649, 48.356712], [-89.232605, 48.356759], [-89.232518, 48.356781], [-89.232386, 48.356779], [-89.232211, 48.356752], [-89.23208, 48.356725]]]}}, {"type": "Feature", "properties": {"lead": 48, "temp": "sp:salmon:s2"}, "geometry": {"type": "Polygon", "coordinates": [[[-89.196441, 48.311502], [-89.196387, 48.311309], [-89.19636, 48.31111], [-89.19636, 48.310904], [-89.196397, 48.310689], [-89.196472, 48.310465], [-89.196583, 48.310233], [-89.196731, 48.309991], [-89.196842, 48.309861], [-89.196916, 48.309843], [-89.196954, 48.309937], [-89.196954, 48.310143], [-89.196933, 48.310313], [-89.196893, 48.310448], [-89.196832, 48.310546], [-89.196751, 48.310609], [-89.196701, 48.310745], [-89.196681, 48.310956], [-89.196691, 48.31124], [-89.196731, 48.311598], [-89.196734, 48.311822], [-89.196701, 48.311912], [-89.19663, 48.311867], [-89.196522, 48.311688], [-89.196441, 48.311502]]]}}, {"type": "Feature", "properties": {"lead": 48, "temp": "sp:salmon:s2"}, "geometry": {"type": "Polygon", "coordinates": [[[-89.224258, 48.352131], [-89.224298, 48.352113], [-89.224359, 48.352109], [-89.22444, 48.352117], [-89.22448, 48.352133], [-89.22448, 48.352156], [-89.22444, 48.352185], [-89.224359, 48.35222], [-89.224298, 48.352236], [-89.224258, 48.352232], [-89.224237, 48.352207], [-89.224237, 48.352162], [-89.224258, 48.352131]]]}}, {"type": "Feature", "properties": {"lead": 48, "temp": "sp:salmon:s2"}, "geometry": {"type": "Polygon", "coordinates": [[[-89.22291, 48.352205], [-89.22295, 48.352173], [-89.223038, 48.352153], [-89.223172, 48.352144], [-89.223274, 48.352147], [-89.223341, 48.35216], [-89.223375, 48.352185], [-89.223375, 48.35222], [-89.223354, 48.352254], [-89.223314, 48.352285], [-89.223253, 48.352314], [-89.223172, 48.352341], [-89.223098, 48.352348], [-89.223031, 48.352334], [-89.22297, 48.352301], [-89.222916, 48.352247], [-89.22291, 48.352205]]]}}, {"type": "Feature", "properties": {"lead": 48, "temp": "sp:salmon:s2"}, "geometry": {"type": "Polygon", "coordinates": [[[-89.223722, 48.352321], [-89.223769, 48.352308], [-89.22384, 48.352296], [-89.223934, 48.352287], [-89.223981, 48.352287], [-89.223981, 48.352296], [-89.223934, 48.352314], [-89.22384, 48.352341], [-89.223769, 48.352357], [-89.223722, 48.352361], [-89.223698, 48.352355], [-89.223698, 48.352337], [-89.223722, 48.352321]]]}}, {"type": "Feature", "properties": {"lead": 48, "temp": "sp:salmon:s2"}, "geometry": {"type": "Polygon", "coordinates": [[[-89.224949, 48.352281], [-89.224969, 48.352258], [-89.224999, 48.352252], [-89.225039, 48.352261], [-89.22506, 48.352279], [-89.22506, 48.352305], [-89.225039, 48.352341], [-89.224999, 48.352386], [-89.224969, 48.352406], [-89.224949, 48.352402], [-89.224938, 48.352373], [-89.224938, 48.352319], [-89.224949, 48.352281]]]}}, {"type": "Feature", "properties": {"lead": 48, "temp": "sp:salmon:s2"}, "geometry": {"type": "Polygon", "coordinates": [[[-89.224419, 48.352424], [-89.22446, 48.352419], [-89.224521, 48.352417], [-89.224601, 48.352417], [-89.224642, 48.352419], [-89.224642, 48.352424], [-89.224601, 48.352431], [-89.224521, 48.35244], [-89.22446, 48.352444], [-89.224419, 48.352444], [-89.224399, 48.35244], [-89.224399, 48.352431], [-89.224419, 48.352424]]]}}, {"type": "Feature", "properties": {"lead": 48, "temp": "sp:salmon:s2"}, "geometry": {"type": "Polygon", "coordinates": [[[-89.225161, 48.35252], [-89.225221, 48.352511], [-89.225302, 48.352502], [-89.225343, 48.3525], [-89.225343, 48.352504], [-89.225302, 48.352516], [-89.225221, 48.352534], [-89.225161, 48.352545], [-89.22512, 48.352549], [-89.2251, 48.352547], [-89.2251, 48.352538], [-89.22512, 48.352529], [-89.225161, 48.35252]]]}}, {"type": "Feature", "properties": {"lead": 48, "temp": "sp:salmon:s2"}, "geometry": {"type": "Polygon", "coordinates": [[[-89.215563, 48.353853], [-89.215624, 48.353849], [-89.215704, 48.353849], [-89.215745, 48.353853], [-89.215745, 48.353862], [-89.215704, 48.353876], [-89.215624, 48.353894], [-89.215563, 48.353903], [-89.215522, 48.353903], [-89.215502, 48.353894], [-89.215502, 48.353876], [-89.215522, 48.353862], [-89.215563, 48.353853]]]}}, {"type": "Feature", "properties": {"lead": 48, "temp": "sp:salmon:s2"}, "geometry": {"type": "Polygon", "coordinates": [[[-89.21624, 48.354037], [-89.216153, 48.354019], [-89.216089, 48.354001], [-89.216048, 48.353983], [-89.216062, 48.353963], [-89.216129, 48.353941], [-89.21625, 48.353916], [-89.216426, 48.353889], [-89.216557, 48.353885], [-89.216645, 48.353903], [-89.216689, 48.353943], [-89.216689, 48.354005], [-89.216655, 48.354048], [-89.216587, 48.35407], [-89.216486, 48.354073], [-89.216352, 48.354055], [-89.21624, 48.354037]]]}}, {"type": "Feature", "properties": {"lead": 48, "temp": "sp:salmon:s2"}, "geometry": {"type": "Polygon", "coordinates": [[[-89.217582, 48.35422], [-89.217615, 48.354211], [-89.217673, 48.354207], [-89.217753, 48.354207], [-89.217797, 48.354211], [-89.217804, 48.35422], [-89.217774, 48.354234], [-89.217706, 48.354252], [-89.217652, 48.35426], [-89.217612, 48.35426], [-89.217585, 48.354252], [-89.217571, 48.354234], [-89.217582, 48.35422]]]}}, {"type": "Feature", "properties": {"lead": 48, "temp": "sp:salmon:s2"}, "geometry": {"type": "Polygon", "coordinates": [[[-89.216857, 48.356088], [-89.216924, 48.356075], [-89.217039, 48.356068], [-89.217201, 48.356068], [-89.217288, 48.356075], [-89.217302, 48.356088], [-89.217241, 48.356108], [-89.217106, 48.356135], [-89.216999, 48.356148], [-89.216918, 48.356148], [-89.216864, 48.356135], [-89.216837, 48.356108], [-89.216857, 48.356088]]]}}, {"type": "Feature", "properties": {"lead": 48, "temp": "sp:salmon:s2"}, "geometry": {"type": "Polygon", "coordinates": [[[-89.219563, 48.356254], [-89.219634, 48.356247], [-89.219728, 48.356247], [-89.219775, 48.356254], [-89.219775, 48.356267], [-89.219728, 48.356287], [-89.219634, 48.356314], [-89.219563, 48.356327], [-89.219516, 48.356327], [-89.219492, 48.356314], [-89.219492, 48.356287], [-89.219516, 48.356267], [-89.219563, 48.356254]]]}}, {"type": "Feature", "properties": {"lead": 48, "temp": "sp:salmon:s2"}, "geometry": {"type": "Polygon", "coordinates": [[[-89.220503, 48.356403], [-89.220544, 48.356403], [-89.220598, 48.356412], [-89.220625, 48.356424], [-89.220625, 48.356437], [-89.220598, 48.356453], [-89.220544, 48.35647], [-89.220503, 48.356477], [-89.220476, 48.356473], [-89.220463, 48.356457], [-89.220463, 48.35643], [-89.220476, 48.356412], [-89.220503, 48.356403]]]}}, {"type": "Feature", "properties": {"lead": 48, "temp": "sp:salmon:s2"}, "geometry": {"type": "Polygon", "coordinates": [[[-89.218525, 48.356687], [-89.218451, 48.35662], [-89.218387, 48.356524], [-89.218333, 48.356399], [-89.218343, 48.356309], [-89.218417, 48.356256], [-89.218556, 48.356238], [-89.218758, 48.356256], [-89.218896, 48.356298], [-89.21897, 48.356365], [-89.21898, 48.356457], [-89.218926, 48.356573], [-89.218862, 48.356658], [-89.218788, 48.356712], [-89.218704, 48.356734], [-89.218609, 48.356725], [-89.218525, 48.356687]]]}}, {"type": "Feature", "properties": {"lead": 48, "temp": "sp:salmon:s2"}, "geometry": {"type": "Polygon", "coordinates": [[[-89.220227, 48.356589], [-89.22016, 48.356558], [-89.220092, 48.356511], [-89.220025, 48.356448], [-89.219998, 48.356403], [-89.220011, 48.356377], [-89.220065, 48.356368], [-89.22016, 48.356377], [-89.220241, 48.356397], [-89.220308, 48.356428], [-89.220362, 48.35647], [-89.220402, 48.356524], [-89.220416, 48.356564], [-89.220402, 48.356591], [-89.220362, 48.356605], [-89.220294, 48.356605], [-89.220227, 48.356589]]]}}, {"type": "Feature", "properties": {"lead": 48, "temp": "sp:salmon:s2"}, "geometry": {"type": "Polygon", "coordinates": [[[-89.219034, 48.356786], [-89.219088, 48.356737], [-89.219196, 48.356676], [-89.219358, 48.356605], [-89.219479, 48.356558], [-89.21956, 48.356535], [-89.2196, 48.356538], [-89.2196, 48.356564], [-89.219573, 48.356602], [-89.219519, 48.356652], [-89.219438, 48.356712], [-89.219331, 48.356784], [-89.219236, 48.356831], [-89.219155, 48.356853], [-89.219088, 48.356851], [-89.219034, 48.356824], [-89.219034, 48.356786]]]}}, {"type": "Feature", "properties": {"lead": 48, "temp": "sp:salmon:s2"}, "geometry": {"type": "Polygon", "coordinates": [[[-89.219856, 48.356645], [-89.219964, 48.356645], [-89.220099, 48.356672], [-89.2202, 48.356696], [-89.220268, 48.356719], [-89.220301, 48.356739], [-89.220301, 48.356757], [-89.220261, 48.356779], [-89.22018, 48.356806], [-89.220059, 48.356837], [-89.219897, 48.356873], [-89.219782, 48.35688], [-89.219715, 48.356857], [-89.219695, 48.356806], [-89.219722, 48.356725], [-89.219775, 48.356672], [-89.219856, 48.356645]]]}}, {"type": "Feature", "properties": {"lead": 48, "temp": "sp:salmon:s2"}, "geometry": {"type": "Polygon", "coordinates": [[[-89.225636, 48.358982], [-89.225397, 48.358855], [-89.225127, 48.358685], [-89.224895, 48.358557], [-89.224699, 48.358472], [-89.224541, 48.35843], [-89.224419, 48.35843], [-89.224318, 48.358408], [-89.224237, 48.358363], [-89.224177, 48.358296], [-89.224136, 48.358206], [-89.224028, 48.358119], [-89.223853, 48.358034], [-89.223611, 48.357951], [-89.223301, 48.357871], [-89.223082, 48.357788], [-89.222953, 48.357703], [-89.222916, 48.357616], [-89.22297, 48.357526], [-89.222923, 48.357417], [-89.222775, 48.357287], [-89.222525, 48.357137], [-89.222175, 48.356967], [-89.221963, 48.356846], [-89.221889, 48.356775], [-89.221953, 48.356752], [-89.222155, 48.356779], [-89.222418, 48.356851], [-89.222741, 48.356967], [-89.223125, 48.357128], [-89.22357, 48.357334], [-89.224039, 48.35758], [-89.224531, 48.357866], [-89.225046, 48.358193], [-89.225585, 48.35856], [-89.225953, 48.358835], [-89.226148, 48.359018], [-89.226172, 48.35911], [-89.226024, 48.35911], [-89.225845, 48.359067], [-89.225636, 48.358982]], [[-89.223061, 48.357526], [-89.223051, 48.357553], [-89.223051, 48.357589], [-89.223061, 48.357607], [-89.223082, 48.357607], [-89.223112, 48.357589], [-89.223152, 48.357553], [-89.223172, 48.357526], [-89.223172, 48.357508], [-89.223152, 48.357499], [-89.223112, 48.357499], [-89.223082, 48.357508], [-89.223061, 48.357526]]]}}, {"type": "Feature", "properties": {"lead": 48, "temp": "sp:steelhead:s1"}, "geometry": {"type": "Polygon", "coordinates": [[[-89.22663, 48.352697], [-89.226671, 48.352666], [-89.226731, 48.352659], [-89.226812, 48.352677], [-89.226853, 48.352706], [-89.226853, 48.352746], [-89.226812, 48.352798], [-89.226731, 48.35286], [-89.226671, 48.352887], [-89.22663, 48.352878], [-89.22661, 48.352833], [-89.22661, 48.352753], [-89.22663, 48.352697]]]}}, {"type": "Feature", "properties": {"lead": 48, "temp": "sp:steelhead:s1"}, "geometry": {"type": "Polygon", "coordinates": [[[-89.227166, 48.352813], [-89.2272, 48.3528], [-89.22725, 48.352802], [-89.227318, 48.35282], [-89.227351, 48.35284], [-89.227351, 48.352862], [-89.227318, 48.352887], [-89.22725, 48.352914], [-89.2272, 48.352923], [-89.227166, 48.352914], [-89.227149, 48.352887], [-89.227149, 48.352842], [-89.227166, 48.352813]]]}}, {"type": "Feature", "properties": {"lead": 48, "temp": "sp:steelhead:s1"}, "geometry": {"type": "Polygon", "coordinates": [[[-89.226297, 48.352867], [-89.226317, 48.352853], [-89.226347, 48.352847], [-89.226388, 48.352847], [-89.226408, 48.352853], [-89.226408, 48.352867], [-89.226388, 48.352887], [-89.226347, 48.352914], [-89.226317, 48.352927], [-89.226297, 48.352927], [-89.226286, 48.352914], [-89.226286, 48.352887], [-89.226297, 48.352867]]]}}, {"type": "Feature", "properties": {"lead": 48, "temp": "sp:steelhead:s1"}, "geometry": {"type": "Polygon", "coordinates": [[[-89.227705, 48.352947], [-89.227739, 48.352934], [-89.227789, 48.352932], [-89.227857, 48.352941], [-89.227891, 48.352954], [-89.227891, 48.352972], [-89.227857, 48.352994], [-89.227789, 48.353021], [-89.227739, 48.353032], [-89.227705, 48.353028], [-89.227688, 48.353008], [-89.227688, 48.352972], [-89.227705, 48.352947]]]}}, {"type": "Feature", "properties": {"lead": 48, "temp": "sp:steelhead:s1"}, "geometry": {"type": "Polygon", "coordinates": [[[-89.226846, 48.352974], [-89.226886, 48.352961], [-89.226947, 48.352954], [-89.227028, 48.352954], [-89.227068, 48.352961], [-89.227068, 48.352974], [-89.227028, 48.352994], [-89.226947, 48.353021], [-89.226886, 48.353035], [-89.226846, 48.353035], [-89.226826, 48.353021], [-89.226826, 48.352994], [-89.226846, 48.352974]]]}}, {"type": "Feature", "properties": {"lead": 48, "temp": "sp:steelhead:s1"}, "geometry": {"type": "Polygon", "coordinates": [[[-89.227335, 48.353082], [-89.227382, 48.353068], [-89.227452, 48.353061], [-89.227547, 48.353061], [-89.227594, 48.353068], [-89.227594, 48.353082], [-89.227547, 48.353102], [-89.227452, 48.353129], [-89.227382, 48.353142], [-89.227335, 48.353142], [-89.227311, 48.353129], [-89.227311, 48.353102], [-89.227335, 48.353082]]]}}, {"type": "Feature", "properties": {"lead": 48, "temp": "sp:steelhead:s1"}, "geometry": {"type": "Polygon", "coordinates": [[[-89.228143, 48.353225], [-89.227975, 48.353158], [-89.227911, 48.353102], [-89.227951, 48.353057], [-89.228019, 48.35303], [-89.228113, 48.353021], [-89.228234, 48.35303], [-89.228383, 48.353057], [-89.228531, 48.353086], [-89.228679, 48.353117], [-89.228827, 48.353151], [-89.228976, 48.353187], [-89.229097, 48.353231], [-89.229191, 48.353285], [-89.229259, 48.353348], [-89.229299, 48.353419], [-89.229235, 48.353451], [-89.229067, 48.353442], [-89.228794, 48.353393], [-89.228416, 48.353303], [-89.228143, 48.353225]]]}}, {"type": "Feature", "properties": {"lead": 48, "temp": "sp:steelhead:s1"}, "geometry": {"type": "Polygon", "coordinates": [[[-89.231655, 48.353871], [-89.231685, 48.353862], [-89.231726, 48.353871], [-89.231746, 48.353891], [-89.231746, 48.353923], [-89.231726, 48.353965], [-89.231685, 48.354019], [-89.231655, 48.354044], [-89.231635, 48.354039], [-89.231625, 48.354005], [-89.231625, 48.353943], [-89.231635, 48.353898], [-89.231655, 48.353871]]]}}, {"type": "Feature", "properties": {"lead": 48, "temp": "sp:steelhead:s1"}, "geometry": {"type": "Polygon", "coordinates": [[[-89.231968, 48.354073], [-89.231948, 48.354032], [-89.231948, 48.353988], [-89.231972, 48.353959], [-89.232019, 48.353945], [-89.23209, 48.353947], [-89.232184, 48.353965], [-89.232251, 48.353992], [-89.232292, 48.354028], [-89.232305, 48.354073], [-89.232292, 48.354126], [-89.232262, 48.35416], [-89.232214, 48.354173], [-89.23215, 48.354167], [-89.232069, 48.35414], [-89.232009, 48.354108], [-89.231968, 48.354073]]]}}, {"type": "Feature", "properties": {"lead": 48, "temp": "sp:steelhead:s1"}, "geometry": {"type": "Polygon", "coordinates": [[[-89.22725, 48.354301], [-89.227183, 48.354274], [-89.227149, 48.354234], [-89.227149, 48.35418], [-89.227203, 48.354131], [-89.227311, 48.354086], [-89.227473, 48.354046], [-89.227688, 48.35401], [-89.22783, 48.353992], [-89.227897, 48.353992], [-89.227891, 48.35401], [-89.22781, 48.354046], [-89.227749, 48.354086], [-89.227709, 48.354131], [-89.227688, 48.35418], [-89.227688, 48.354234], [-89.227655, 48.354274], [-89.227587, 48.354301], [-89.227486, 48.354314], [-89.227351, 48.354314], [-89.22725, 48.354301]]]}}, {"type": "Feature", "properties": {"lead": 48, "temp": "sp:steelhead:s1"}, "geometry": {"type": "Polygon", "coordinates": [[[-89.231864, 48.354677], [-89.231776, 48.354578], [-89.231625, 48.354457], [-89.231409, 48.354314], [-89.231193, 48.354214], [-89.230978, 48.354155], [-89.230762, 48.35414], [-89.230546, 48.354167], [-89.230344, 48.354171], [-89.230155, 48.354153], [-89.22998, 48.354113], [-89.229818, 48.35405], [-89.229707, 48.353967], [-89.229646, 48.353865], [-89.229636, 48.353742], [-89.229677, 48.353598], [-89.229744, 48.3535], [-89.229838, 48.353446], [-89.22996, 48.353437], [-89.230108, 48.353473], [-89.230202, 48.35352], [-89.230243, 48.353578], [-89.230229, 48.353648], [-89.230162, 48.353728], [-89.230155, 48.353788], [-89.230209, 48.353829], [-89.230324, 48.353849], [-89.230499, 48.353849], [-89.230607, 48.353831], [-89.230647, 48.353795], [-89.23062, 48.353742], [-89.230526, 48.35367], [-89.230529, 48.353632], [-89.23063, 48.353627], [-89.230829, 48.353657], [-89.231126, 48.353719], [-89.231341, 48.353784], [-89.231476, 48.353851], [-89.23153, 48.35392], [-89.231503, 48.353992], [-89.231523, 48.354059], [-89.231591, 48.354122], [-89.231705, 48.35418], [-89.231867, 48.354234], [-89.231989, 48.354296], [-89.232069, 48.354368], [-89.23211, 48.354448], [-89.23211, 48.354538], [-89.232174, 48.354618], [-89.232302, 48.35469], [-89.232494, 48.354753], [-89.23275, 48.354806], [-89.232858, 48.354847], [-89.232818, 48.354873], [-89.232629, 48.354887], [-89.232292, 48.354887], [-89.232049, 48.354873], [-89.231901, 48.354847], [-89.231847, 48.354806], [-89.231887, 48.354753], [-89.231864, 48.354677]]]}}, {"type": "Feature", "properties": {"lead": 48, "temp": "sp:steelhead:s1"}, "geometry": {"type": "Polygon", "coordinates": [[[-89.233724, 48.354515], [-89.233663, 48.354489], [-89.233613, 48.354448], [-89.233572, 48.354395], [-89.233569, 48.354359], [-89.233603, 48.354341], [-89.233674, 48.354341], [-89.233781, 48.354359], [-89.233866, 48.354381], [-89.233926, 48.354408], [-89.233963, 48.354439], [-89.233977, 48.354475], [-89.233967, 48.354502], [-89.233933, 48.35452], [-89.233876, 48.354529], [-89.233795, 48.354529], [-89.233724, 48.354515]]]}}, {"type": "Feature", "properties": {"lead": 48, "temp": "sp:steelhead:s1"}, "geometry": {"type": "Polygon", "coordinates": [[[-89.226856, 48.354428], [-89.226886, 48.354422], [-89.226927, 48.354422], [-89.226947, 48.354428], [-89.226947, 48.354442], [-89.226927, 48.354462], [-89.226886, 48.354489], [-89.226856, 48.354502], [-89.226836, 48.354502], [-89.226826, 48.354489], [-89.226826, 48.354462], [-89.226836, 48.354442], [-89.226856, 48.354428]]]}}, {"type": "Feature", "properties": {"lead": 48, "temp": "sp:steelhead:s1"}, "geometry": {"type": "Polygon", "coordinates": [[[-89.22665, 48.354545], [-89.226691, 48.354529], [-89.226745, 48.354529], [-89.226772, 48.354545], [-89.226772, 48.354576], [-89.226745, 48.354623], [-89.226691, 48.354685], [-89.22665, 48.354717], [-89.226623, 48.354717], [-89.22661, 48.354685], [-89.22661, 48.354623], [-89.226623, 48.354576], [-89.22665, 48.354545]]]}}, {"type": "Feature", "properties": {"lead": 48, "temp": "sp:steelhead:s1"}, "geometry": {"type": "Polygon", "coordinates": [[[-89.226623, 48.355014], [-89.22665, 48.355001], [-89.226691, 48.354994], [-89.226745, 48.354994], [-89.226772, 48.355001], [-89.226772, 48.355014], [-89.226745, 48.355034], [-89.226691, 48.355061], [-89.22665, 48.355075], [-89.226623, 48.355075], [-89.22661, 48.355061], [-89.22661, 48.355034], [-89.226623, 48.355014]]]}}, {"type": "Feature", "properties": {"lead": 48, "temp": "sp:steelhead:s1"}, "geometry": {"type": "Polygon", "coordinates": [[[-89.227163, 48.355661], [-89.226866, 48.355544], [-89.226907, 48.3555], [-89.227284, 48.355527], [-89.227651, 48.355576], [-89.228009, 48.355647], [-89.228356, 48.355741], [-89.228693, 48.355858], [-89.228989, 48.355945], [-89.229245, 48.356003], [-89.229461, 48.356032], [-89.229636, 48.356032], [-89.229788, 48.356039], [-89.229916, 48.356052], [-89.23002, 48.356072], [-89.230101, 48.356099], [-89.230162, 48.356142], [-89.230202, 48.3562], [-89.230223, 48.356274], [-89.230223, 48.356363], [-89.22998, 48.356365], [-89.229495, 48.35628], [-89.228767, 48.356108], [-89.227796, 48.355849], [-89.227163, 48.355661]]]}}, {"type": "Feature", "properties": {"lead": 48, "temp": "sp:steelhead:s1"}, "geometry": {"type": "Polygon", "coordinates": [[[-89.232039, 48.356294], [-89.232059, 48.356262], [-89.232076, 48.356247], [-89.23209, 48.356247], [-89.23209, 48.356262], [-89.232076, 48.356294], [-89.232049, 48.356341], [-89.232009, 48.356403], [-89.231985, 48.356435], [-89.231978, 48.356435], [-89.231989, 48.356403], [-89.232015, 48.356341], [-89.232039, 48.356294]]]}}, {"type": "Feature", "properties": {"lead": 48, "temp": "sp:steelhead:s1"}, "geometry": {"type": "Polygon", "coordinates": [[[-89.230715, 48.356564], [-89.230721, 48.356511], [-89.230802, 48.356448], [-89.230829, 48.356394], [-89.230802, 48.35635], [-89.230721, 48.356314], [-89.230587, 48.356287], [-89.230583, 48.356283], [-89.230711, 48.3563], [-89.230971, 48.356341], [-89.231362, 48.356403], [-89.231625, 48.356464], [-89.231759, 48.356522], [-89.231766, 48.356578], [-89.231645, 48.356632], [-89.2315, 48.356665], [-89.231331, 48.356679], [-89.231139, 48.356672], [-89.230924, 48.356645], [-89.230782, 48.356609], [-89.230715, 48.356564]], [[-89.231095, 48.356517], [-89.231085, 48.356538], [-89.231085, 48.356564], [-89.231095, 48.356578], [-89.231116, 48.356578], [-89.231146, 48.356564], [-89.231186, 48.356538], [-89.231207, 48.356517], [-89.231207, 48.356504], [-89.231186, 48.356497], [-89.231146, 48.356497], [-89.231116, 48.356504], [-89.231095, 48.356517]]]}}, {"type": "Feature", "properties": {"lead": 48, "temp": "sp:steelhead:s1"}, "geometry": {"type": "Polygon", "coordinates": [[[-89.231992, 48.356699], [-89.231948, 48.356672], [-89.231948, 48.356645], [-89.231992, 48.356618], [-89.23208, 48.356591], [-89.232211, 48.356564], [-89.232386, 48.356538], [-89.232518, 48.356538], [-89.232605, 48.356564], [-89.232649, 48.356618], [-89.232649, 48.356699], [-89.232605, 48.356752], [-89.232518, 48.356779], [-89.232386, 48.356779], [-89.232211, 48.356752], [-89.23208, 48.356725], [-89.231992, 48.356699]]]}}, {"type": "Feature", "properties": {"lead": 48, "temp": "sp:steelhead:s1"}, "geometry": {"type": "Polygon", "coordinates": [[[-89.196441, 48.311502], [-89.196387, 48.311309], [-89.19636, 48.31111], [-89.19636, 48.310904], [-89.196397, 48.310689], [-89.196472, 48.310465], [-89.196583, 48.310233], [-89.196731, 48.309991], [-89.196842, 48.309861], [-89.196916, 48.309843], [-89.196954, 48.309937], [-89.196954, 48.310143], [-89.196933, 48.310313], [-89.196893, 48.310448], [-89.196832, 48.310546], [-89.196751, 48.310609], [-89.196701, 48.310745], [-89.196681, 48.310956], [-89.196691, 48.31124], [-89.196731, 48.311598], [-89.196734, 48.311822], [-89.196701, 48.311912], [-89.19663, 48.311867], [-89.196522, 48.311688], [-89.196441, 48.311502]]]}}, {"type": "Feature", "properties": {"lead": 48, "temp": "sp:steelhead:s1"}, "geometry": {"type": "Polygon", "coordinates": [[[-89.224258, 48.352131], [-89.224298, 48.352113], [-89.224359, 48.352109], [-89.22444, 48.352117], [-89.22448, 48.352133], [-89.22448, 48.352156], [-89.22444, 48.352185], [-89.224359, 48.35222], [-89.224298, 48.352236], [-89.224258, 48.352232], [-89.224237, 48.352207], [-89.224237, 48.352162], [-89.224258, 48.352131]]]}}, {"type": "Feature", "properties": {"lead": 48, "temp": "sp:steelhead:s1"}, "geometry": {"type": "Polygon", "coordinates": [[[-89.22291, 48.352178], [-89.22295, 48.352147], [-89.223038, 48.352131], [-89.223172, 48.352131], [-89.223274, 48.35214], [-89.223341, 48.352158], [-89.223375, 48.352185], [-89.223375, 48.35222], [-89.223354, 48.352254], [-89.223314, 48.352285], [-89.223253, 48.352314], [-89.223172, 48.352341], [-89.223098, 48.352346], [-89.223031, 48.352328], [-89.22297, 48.352287], [-89.222916, 48.352225], [-89.22291, 48.352178]]]}}, {"type": "Feature", "properties": {"lead": 48, "temp": "sp:steelhead:s1"}, "geometry": {"type": "Polygon", "coordinates": [[[-89.223722, 48.352294], [-89.223769, 48.352281], [-89.22384, 48.352274], [-89.223934, 48.352274], [-89.223981, 48.352281], [-89.223981, 48.352294], [-89.223934, 48.352314], [-89.22384, 48.352341], [-89.223769, 48.352355], [-89.223722, 48.352355], [-89.223698, 48.352341], [-89.223698, 48.352314], [-89.223722, 48.352294]]]}}, {"type": "Feature", "properties": {"lead": 48, "temp": "sp:steelhead:s1"}, "geometry": {"type": "Polygon", "coordinates": [[[-89.224949, 48.352287], [-89.224969, 48.352261], [-89.224999, 48.352252], [-89.225039, 48.352261], [-89.22506, 48.352281], [-89.22506, 48.352312], [-89.225039, 48.352355], [-89.224999, 48.352408], [-89.224969, 48.352433], [-89.224949, 48.352428], [-89.224938, 48.352395], [-89.224938, 48.352332], [-89.224949, 48.352287]]]}}, {"type": "Feature", "properties": {"lead": 48, "temp": "sp:steelhead:s1"}, "geometry": {"type": "Polygon", "coordinates": [[[-89.224419, 48.352402], [-89.22446, 48.352388], [-89.224521, 48.352381], [-89.224601, 48.352381], [-89.224642, 48.352388], [-89.224642, 48.352402], [-89.224601, 48.352422], [-89.224521, 48.352449], [-89.22446, 48.352462], [-89.224419, 48.352462], [-89.224399, 48.352449], [-89.224399, 48.352422], [-89.224419, 48.352402]]]}}, {"type": "Feature", "properties": {"lead": 48, "temp": "sp:steelhead:s1"}, "geometry": {"type": "Polygon", "coordinates": [[[-89.225437, 48.352404], [-89.225464, 48.352395], [-89.225505, 48.352395], [-89.225558, 48.352404], [-89.225585, 48.352415], [-89.225585, 48.352428], [-89.225558, 48.352444], [-89.225505, 48.352462], [-89.225464, 48.352469], [-89.225437, 48.352464], [-89.225424, 48.352449], [-89.225424, 48.352422], [-89.225437, 48.352404]]]}}, {"type": "Feature", "properties": {"lead": 48, "temp": "sp:steelhead:s1"}, "geometry": {"type": "Polygon", "coordinates": [[[-89.225161, 48.352496], [-89.225221, 48.352489], [-89.225302, 48.352489], [-89.225343, 48.352496], [-89.225343, 48.352509], [-89.225302, 48.352529], [-89.225221, 48.352556], [-89.225161, 48.352569], [-89.22512, 48.352569], [-89.2251, 48.352556], [-89.2251, 48.352529], [-89.22512, 48.352509], [-89.225161, 48.352496]]]}}, {"type": "Feature", "properties": {"lead": 48, "temp": "sp:steelhead:s1"}, "geometry": {"type": "Polygon", "coordinates": [[[-89.225862, 48.352713], [-89.225922, 48.352704], [-89.226003, 48.352704], [-89.226044, 48.352713], [-89.226044, 48.35273], [-89.226003, 48.352757], [-89.225922, 48.352793], [-89.225862, 48.352811], [-89.225821, 48.352811], [-89.225801, 48.352793], [-89.225801, 48.352757], [-89.225821, 48.35273], [-89.225862, 48.352713]]]}}, {"type": "Feature", "properties": {"lead": 48, "temp": "sp:steelhead:s1"}, "geometry": {"type": "Polygon", "coordinates": [[[-89.215522, 48.353862], [-89.215563, 48.353853], [-89.215624, 48.353849], [-89.215704, 48.353849], [-89.215745, 48.353853], [-89.215745, 48.353862], [-89.215704, 48.353876], [-89.215624, 48.353894], [-89.215563, 48.353903], [-89.215522, 48.353903], [-89.215502, 48.353894], [-89.215502, 48.353876], [-89.215522, 48.353862]]]}}, {"type": "Feature", "properties": {"lead": 48, "temp": "sp:steelhead:s1"}, "geometry": {"type": "Polygon", "coordinates": [[[-89.21624, 48.354037], [-89.216153, 48.354019], [-89.216089, 48.354001], [-89.216048, 48.353983], [-89.216062, 48.353961], [-89.216129, 48.353934], [-89.21625, 48.353903], [-89.216426, 48.353867], [-89.216557, 48.353858], [-89.216645, 48.353876], [-89.216689, 48.35392], [-89.216689, 48.353992], [-89.216655, 48.354041], [-89.216587, 48.354068], [-89.216486, 48.354073], [-89.216352, 48.354055], [-89.21624, 48.354037]]]}}, {"type": "Feature", "properties": {"lead": 48, "temp": "sp:steelhead:s1"}, "geometry": {"type": "Polygon", "coordinates": [[[-89.21742, 48.354214], [-89.21748, 48.354209], [-89.217571, 48.354207], [-89.217693, 48.354207], [-89.217753, 48.354209], [-89.217753, 48.354214], [-89.217693, 48.35422], [-89.217571, 48.354229], [-89.21748, 48.354234], [-89.21742, 48.354234], [-89.217389, 48.354229], [-89.217389, 48.35422], [-89.21742, 48.354214]]]}}, {"type": "Feature", "properties": {"lead": 48, "temp": "sp:steelhead:s1"}, "geometry": {"type": "Polygon", "coordinates": [[[-89.216924, 48.356075], [-89.217039, 48.356068], [-89.217201, 48.356068], [-89.217288, 48.356075], [-89.217302, 48.356088], [-89.217241, 48.356108], [-89.217106, 48.356135], [-89.216999, 48.356148], [-89.216918, 48.356148], [-89.216864, 48.356135], [-89.216837, 48.356108], [-89.216857, 48.356088], [-89.216924, 48.356075]]]}}, {"type": "Feature", "properties": {"lead": 48, "temp": "sp:steelhead:s1"}, "geometry": {"type": "Polygon", "coordinates": [[[-89.219519, 48.356254], [-89.2196, 48.356247], [-89.219708, 48.356247], [-89.219762, 48.356254], [-89.219762, 48.356267], [-89.219708, 48.356287], [-89.2196, 48.356314], [-89.219519, 48.356327], [-89.219465, 48.356327], [-89.219438, 48.356314], [-89.219438, 48.356287], [-89.219465, 48.356267], [-89.219519, 48.356254]]]}}, {"type": "Feature", "properties": {"lead": 48, "temp": "sp:steelhead:s1"}, "geometry": {"type": "Polygon", "coordinates": [[[-89.218481, 48.356661], [-89.218401, 48.356594], [-89.218333, 48.356502], [-89.218279, 48.356385], [-89.218293, 48.3563], [-89.218374, 48.356247], [-89.218522, 48.356224], [-89.218738, 48.356233], [-89.218886, 48.356271], [-89.218967, 48.356339], [-89.21898, 48.356435], [-89.218926, 48.35656], [-89.218859, 48.356649], [-89.218778, 48.356703], [-89.218684, 48.356721], [-89.218576, 48.356703], [-89.218481, 48.356661]]]}}, {"type": "Feature", "properties": {"lead": 48, "temp": "sp:steelhead:s1"}, "geometry": {"type": "Polygon", "coordinates": [[[-89.220018, 48.356408], [-89.220099, 48.35639], [-89.220247, 48.356394], [-89.220463, 48.356421], [-89.220584, 48.35645], [-89.220611, 48.356482], [-89.220544, 48.356515], [-89.220382, 48.356551], [-89.220247, 48.356562], [-89.220139, 48.356549], [-89.220059, 48.356511], [-89.220005, 48.356448], [-89.220018, 48.356408]]]}}, {"type": "Feature", "properties": {"lead": 48, "temp": "sp:steelhead:s1"}, "geometry": {"type": "Polygon", "coordinates": [[[-89.219034, 48.356786], [-89.219088, 48.356737], [-89.219196, 48.356676], [-89.219358, 48.356605], [-89.219479, 48.356558], [-89.21956, 48.356535], [-89.2196, 48.356538], [-89.2196, 48.356564], [-89.219573, 48.356602], [-89.219519, 48.356652], [-89.219438, 48.356712], [-89.219331, 48.356784], [-89.219236, 48.356831], [-89.219155, 48.356853], [-89.219088, 48.356851], [-89.219034, 48.356824], [-89.219034, 48.356786]]]}}, {"type": "Feature", "properties": {"lead": 48, "temp": "sp:steelhead:s1"}, "geometry": {"type": "Polygon", "coordinates": [[[-89.219856, 48.356645], [-89.219964, 48.356645], [-89.220099, 48.356672], [-89.2202, 48.356696], [-89.220268, 48.356719], [-89.220301, 48.356739], [-89.220301, 48.356757], [-89.220261, 48.356779], [-89.22018, 48.356806], [-89.220059, 48.356837], [-89.219897, 48.356873], [-89.219782, 48.35688], [-89.219715, 48.356857], [-89.219695, 48.356806], [-89.219722, 48.356725], [-89.219775, 48.356672], [-89.219856, 48.356645]]]}}, {"type": "Feature", "properties": {"lead": 48, "temp": "sp:steelhead:s1"}, "geometry": {"type": "Polygon", "coordinates": [[[-89.225636, 48.358982], [-89.225397, 48.358855], [-89.225127, 48.358685], [-89.224895, 48.358557], [-89.224699, 48.358472], [-89.224541, 48.35843], [-89.224419, 48.35843], [-89.224318, 48.358408], [-89.224237, 48.358363], [-89.224177, 48.358296], [-89.224136, 48.358206], [-89.224028, 48.358119], [-89.223853, 48.358034], [-89.223611, 48.357951], [-89.223301, 48.357871], [-89.223082, 48.357788], [-89.222953, 48.357703], [-89.222916, 48.357616], [-89.22297, 48.357526], [-89.222923, 48.357417], [-89.222775, 48.357287], [-89.222525, 48.357137], [-89.222175, 48.356967], [-89.221963, 48.356846], [-89.221889, 48.356775], [-89.221953, 48.356752], [-89.222155, 48.356779], [-89.222418, 48.356851], [-89.222741, 48.356967], [-89.223125, 48.357128], [-89.22357, 48.357334], [-89.224039, 48.35758], [-89.224531, 48.357866], [-89.225046, 48.358193], [-89.225585, 48.35856], [-89.225953, 48.358835], [-89.226148, 48.359018], [-89.226172, 48.35911], [-89.226024, 48.35911], [-89.225845, 48.359067], [-89.225636, 48.358982]], [[-89.223061, 48.357526], [-89.223051, 48.357553], [-89.223051, 48.357589], [-89.223061, 48.357607], [-89.223082, 48.357607], [-89.223112, 48.357589], [-89.223152, 48.357553], [-89.223172, 48.357526], [-89.223172, 48.357508], [-89.223152, 48.357499], [-89.223112, 48.357499], [-89.223082, 48.357508], [-89.223061, 48.357526]]]}}, {"type": "Feature", "properties": {"lead": 48, "temp": "sp:steelhead:s2"}, "geometry": {"type": "Polygon", "coordinates": [[[-89.227048, 48.352762], [-89.227088, 48.352771], [-89.227115, 48.352793], [-89.227129, 48.352829], [-89.227119, 48.352851], [-89.227085, 48.35286], [-89.227028, 48.352856], [-89.226947, 48.352838], [-89.226903, 48.35282], [-89.226896, 48.352802], [-89.226927, 48.352784], [-89.226994, 48.352766], [-89.227048, 48.352762]]]}}, {"type": "Feature", "properties": {"lead": 48, "temp": "sp:steelhead:s2"}, "geometry": {"type": "Polygon", "coordinates": [[[-89.230192, 48.353835], [-89.230105, 48.353809], [-89.230061, 48.353768], [-89.230061, 48.353715], [-89.230081, 48.353668], [-89.230122, 48.353627], [-89.230182, 48.353594], [-89.230263, 48.353567], [-89.230324, 48.35356], [-89.230364, 48.353574], [-89.230384, 48.353607], [-89.230384, 48.353661], [-89.230408, 48.353708], [-89.230455, 48.353748], [-89.230526, 48.353782], [-89.23062, 48.353809], [-89.230647, 48.353829], [-89.230607, 48.353842], [-89.230499, 48.353849], [-89.230324, 48.353849], [-89.230192, 48.353835]]]}}, {"type": "Feature", "properties": {"lead": 48, "temp": "sp:steelhead:s2"}, "geometry": {"type": "Polygon", "coordinates": [[[-89.231554, 48.353896], [-89.231574, 48.353865], [-89.231591, 48.353849], [-89.231604, 48.353849], [-89.231604, 48.353865], [-89.231591, 48.353896], [-89.231564, 48.353943], [-89.231523, 48.354005], [-89.2315, 48.354037], [-89.231493, 48.354037], [-89.231503, 48.354005], [-89.23153, 48.353943], [-89.231554, 48.353896]]]}}, {"type": "Feature", "properties": {"lead": 48, "temp": "sp:steelhead:s2"}, "geometry": {"type": "Polygon", "coordinates": [[[-89.227129, 48.35431], [-89.227203, 48.354274], [-89.227311, 48.354247], [-89.227388, 48.35424], [-89.227436, 48.354254], [-89.227452, 48.354287], [-89.227439, 48.354341], [-89.227412, 48.35439], [-89.227372, 48.354435], [-89.227318, 48.354475], [-89.22725, 48.354511], [-89.227193, 48.354522], [-89.227146, 48.354509], [-89.227109, 48.354471], [-89.227082, 48.354408], [-89.227088, 48.354354], [-89.227129, 48.35431]]]}}, {"type": "Feature", "properties": {"lead": 48, "temp": "sp:steelhead:s2"}, "geometry": {"type": "Polygon", "coordinates": [[[-89.226836, 48.35465], [-89.226826, 48.354618], [-89.226826, 48.354583], [-89.226836, 48.354556], [-89.226856, 48.354538], [-89.226886, 48.354529], [-89.226927, 48.354529], [-89.226957, 48.354542], [-89.226977, 48.354569], [-89.226987, 48.354609], [-89.226987, 48.354663], [-89.226977, 48.354699], [-89.226957, 48.354717], [-89.226927, 48.354717], [-89.226886, 48.354699], [-89.226856, 48.354677], [-89.226836, 48.35465]]]}}, {"type": "Feature", "properties": {"lead": 48, "temp": "sp:steelhead:s2"}, "geometry": {"type": "Polygon", "coordinates": [[[-89.233852, 48.35516], [-89.233616, 48.355097], [-89.233411, 48.355066], [-89.233235, 48.355066], [-89.233104, 48.355077], [-89.233016, 48.355099], [-89.232973, 48.355133], [-89.232973, 48.355178], [-89.232929, 48.355202], [-89.232841, 48.355207], [-89.23271, 48.355191], [-89.232534, 48.355155], [-89.232406, 48.355117], [-89.232326, 48.355077], [-89.232292, 48.355034], [-89.232305, 48.35499], [-89.232366, 48.354954], [-89.232474, 48.354927], [-89.232629, 48.354909], [-89.232831, 48.3549], [-89.232919, 48.35488], [-89.232892, 48.354849], [-89.23275, 48.354806], [-89.232494, 48.354753], [-89.232302, 48.35469], [-89.232174, 48.354618], [-89.23211, 48.354538], [-89.23211, 48.354448], [-89.23208, 48.354375], [-89.232019, 48.354316], [-89.231928, 48.354274], [-89.231807, 48.354247], [-89.231726, 48.354207], [-89.231685, 48.354153], [-89.231685, 48.354086], [-89.231726, 48.354005], [-89.231776, 48.353965], [-89.231837, 48.353965], [-89.231908, 48.354005], [-89.231989, 48.354086], [-89.232073, 48.354135], [-89.23216, 48.354153], [-89.232251, 48.35414], [-89.232346, 48.354095], [-89.232481, 48.354077], [-89.232656, 48.354086], [-89.232871, 48.354122], [-89.233128, 48.354184], [-89.23333, 48.354247], [-89.233478, 48.35431], [-89.233572, 48.354372], [-89.233613, 48.354435], [-89.233697, 48.354482], [-89.233825, 48.354513], [-89.233997, 48.354529], [-89.234213, 48.354529], [-89.234405, 48.354547], [-89.234573, 48.354583], [-89.234718, 48.354636], [-89.23484, 48.354708], [-89.23492, 48.354788], [-89.234961, 48.354878], [-89.234961, 48.354976], [-89.23492, 48.355084], [-89.234907, 48.355166], [-89.23492, 48.355225], [-89.234961, 48.355258], [-89.235028, 48.355267], [-89.235062, 48.355292], [-89.235062, 48.355332], [-89.235028, 48.355388], [-89.234961, 48.355459], [-89.234836, 48.355482], [-89.234654, 48.355455], [-89.234415, 48.355379], [-89.234118, 48.355254], [-89.233852, 48.35516]]]}}, {"type": "Feature", "properties": {"lead": 48, "temp": "sp:steelhead:s2"}, "geometry": {"type": "Polygon", "coordinates": [[[-89.226933, 48.355681], [-89.227008, 48.355674], [-89.227129, 48.355674], [-89.227206, 48.355681], [-89.22724, 48.355694], [-89.22723, 48.355714], [-89.227176, 48.355741], [-89.227119, 48.355755], [-89.227058, 48.355755], [-89.226994, 48.355741], [-89.226927, 48.355714], [-89.226907, 48.355694], [-89.226933, 48.355681]]]}}, {"type": "Feature", "properties": {"lead": 48, "temp": "sp:steelhead:s2"}, "geometry": {"type": "Polygon", "coordinates": [[[-89.229067, 48.356251], [-89.229097, 48.356247], [-89.229137, 48.356247], [-89.229158, 48.356251], [-89.229158, 48.35626], [-89.229137, 48.356274], [-89.229097, 48.356292], [-89.229067, 48.3563], [-89.229046, 48.3563], [-89.229036, 48.356292], [-89.229036, 48.356274], [-89.229046, 48.35626], [-89.229067, 48.356251]]]}}, {"type": "Feature", "properties": {"lead": 48, "temp": "sp:steelhead:s2"}, "geometry": {"type": "Polygon", "coordinates": [[[-89.232332, 48.356381], [-89.232346, 48.356363], [-89.232366, 48.356354], [-89.232393, 48.356354], [-89.232406, 48.356363], [-89.232406, 48.356381], [-89.232393, 48.356408], [-89.232366, 48.356444], [-89.232346, 48.356462], [-89.232332, 48.356462], [-89.232326, 48.356444], [-89.232326, 48.356408], [-89.232332, 48.356381]]]}}, {"type": "Feature", "properties": {"lead": 48, "temp": "sp:steelhead:s2"}, "geometry": {"type": "Polygon", "coordinates": [[[-89.229394, 48.35647], [-89.22936, 48.356444], [-89.22936, 48.356408], [-89.229394, 48.356381], [-89.229461, 48.356363], [-89.229562, 48.356354], [-89.229697, 48.356354], [-89.229798, 48.356363], [-89.229865, 48.356381], [-89.229899, 48.356408], [-89.229899, 48.356444], [-89.229865, 48.35647], [-89.229798, 48.356488], [-89.229697, 48.356497], [-89.229562, 48.356497], [-89.229461, 48.356488], [-89.229394, 48.35647]]]}}, {"type": "Feature", "properties": {"lead": 48, "temp": "sp:steelhead:s2"}, "geometry": {"type": "Polygon", "coordinates": [[[-89.230004, 48.356585], [-89.23002, 48.356564], [-89.230101, 48.356538], [-89.230152, 48.356502], [-89.230172, 48.356457], [-89.230162, 48.356403], [-89.230122, 48.356341], [-89.230145, 48.3563], [-89.230233, 48.356283], [-89.230384, 48.356287], [-89.2306, 48.356314], [-89.230742, 48.35635], [-89.230809, 48.356394], [-89.230802, 48.356448], [-89.230721, 48.356511], [-89.230617, 48.356558], [-89.230489, 48.356589], [-89.230337, 48.356605], [-89.230162, 48.356605], [-89.230051, 48.356598], [-89.230004, 48.356585]]]}}, {"type": "Feature", "properties": {"lead": 48, "temp": "sp:steelhead:s2"}, "geometry": {"type": "Polygon", "coordinates": [[[-89.231095, 48.356517], [-89.231116, 48.356504], [-89.231146, 48.356497], [-89.231186, 48.356497], [-89.231207, 48.356504], [-89.231207, 48.356517], [-89.231186, 48.356538], [-89.231146, 48.356564], [-89.231116, 48.356578], [-89.231095, 48.356578], [-89.231085, 48.356564], [-89.231085, 48.356538], [-89.231095, 48.356517]]]}}, {"type": "Feature", "properties": {"lead": 48, "temp": "sp:steelhead:s2"}, "geometry": {"type": "Polygon", "coordinates": [[[-89.23062, 48.356625], [-89.230661, 48.356611], [-89.230721, 48.356605], [-89.230802, 48.356605], [-89.230843, 48.356611], [-89.230843, 48.356625], [-89.230802, 48.356645], [-89.230721, 48.356672], [-89.230661, 48.356685], [-89.23062, 48.356685], [-89.2306, 48.356672], [-89.2306, 48.356645], [-89.23062, 48.356625]]]}}, {"type": "Feature", "properties": {"lead": 48, "temp": "sp:steelhead:s2"}, "geometry": {"type": "Polygon", "coordinates": [[[-89.231807, 48.356963], [-89.231658, 48.356963], [-89.231564, 48.35698], [-89.231523, 48.357016], [-89.231459, 48.357021], [-89.231372, 48.356994], [-89.231261, 48.356936], [-89.231126, 48.356846], [-89.231089, 48.356772], [-89.231149, 48.356714], [-89.231308, 48.356672], [-89.231564, 48.356645], [-89.2318, 48.356638], [-89.232015, 48.356652], [-89.232211, 48.356685], [-89.232386, 48.356739], [-89.232534, 48.356766], [-89.232656, 48.356766], [-89.23275, 48.356739], [-89.232818, 48.356685], [-89.232875, 48.356658], [-89.232922, 48.356658], [-89.232959, 48.356685], [-89.232986, 48.356739], [-89.232983, 48.356795], [-89.232949, 48.356853], [-89.232885, 48.356913], [-89.232791, 48.356976], [-89.232656, 48.357014], [-89.232481, 48.357027], [-89.232265, 48.357016], [-89.232009, 48.35698], [-89.231807, 48.356963]]]}}, {"type": "Feature", "properties": {"lead": 48, "temp": "sp:steelhead:s2"}, "geometry": {"type": "Polygon", "coordinates": [[[-89.228713, 48.357745], [-89.228807, 48.357701], [-89.228942, 48.357692], [-89.22907, 48.357698], [-89.229191, 48.357721], [-89.229306, 48.357759], [-89.229414, 48.357813], [-89.229495, 48.357882], [-89.229549, 48.357967], [-89.229576, 48.358068], [-89.229576, 48.358184], [-89.229522, 48.358269], [-89.229414, 48.358323], [-89.229252, 48.358345], [-89.229036, 48.358336], [-89.228868, 48.358291], [-89.228747, 48.358211], [-89.228672, 48.358094], [-89.228645, 48.357942], [-89.228659, 48.357826], [-89.228713, 48.357745]]]}}, {"type": "Feature", "properties": {"lead": 48, "temp": "sp:steelhead:s2"}, "geometry": {"type": "Polygon", "coordinates": [[[-89.221467, 48.351815], [-89.221501, 48.351764], [-89.221582, 48.35171], [-89.221656, 48.351677], [-89.221723, 48.351663], [-89.221784, 48.35167], [-89.221838, 48.351697], [-89.221872, 48.351735], [-89.221885, 48.351784], [-89.221878, 48.351845], [-89.221851, 48.351916], [-89.221804, 48.351959], [-89.221737, 48.351972], [-89.221649, 48.351956], [-89.221541, 48.351912], [-89.221481, 48.351865], [-89.221467, 48.351815]]]}}, {"type": "Feature", "properties": {"lead": 48, "temp": "sp:steelhead:s2"}, "geometry": {"type": "Polygon", "coordinates": [[[-89.222519, 48.35171], [-89.222613, 48.351728], [-89.22268, 48.351773], [-89.222721, 48.351845], [-89.222809, 48.351898], [-89.222943, 48.351934], [-89.223125, 48.351952], [-89.223354, 48.351952], [-89.22354, 48.35197], [-89.223681, 48.352006], [-89.223779, 48.352059], [-89.223833, 48.352131], [-89.223756, 48.352158], [-89.223547, 48.35214], [-89.223206, 48.352077], [-89.222734, 48.35197], [-89.222418, 48.35188], [-89.222256, 48.351809], [-89.222249, 48.351755], [-89.222397, 48.351719], [-89.222519, 48.35171]]]}}, {"type": "Feature", "properties": {"lead": 48, "temp": "sp:steelhead:s2"}, "geometry": {"type": "Polygon", "coordinates": [[[-89.223927, 48.352111], [-89.223914, 48.352077], [-89.223914, 48.352041], [-89.223934, 48.352019], [-89.223975, 48.35201], [-89.224035, 48.352015], [-89.224116, 48.352032], [-89.22417, 48.352057], [-89.224197, 48.352088], [-89.224197, 48.352126], [-89.22417, 48.352171], [-89.224136, 48.352198], [-89.224096, 48.352207], [-89.224049, 48.352198], [-89.223995, 48.352171], [-89.223954, 48.352142], [-89.223927, 48.352111]]]}}, {"type": "Feature", "properties": {"lead": 48, "temp": "sp:steelhead:s2"}, "geometry": {"type": "Polygon", "coordinates": [[[-89.224136, 48.352279], [-89.224197, 48.352274], [-89.224278, 48.352274], [-89.224318, 48.352279], [-89.224318, 48.352287], [-89.224278, 48.352301], [-89.224197, 48.352319], [-89.224136, 48.352328], [-89.224096, 48.352328], [-89.224076, 48.352319], [-89.224076, 48.352301], [-89.224096, 48.352287], [-89.224136, 48.352279]]]}}, {"type": "Feature", "properties": {"lead": 48, "temp": "sp:steelhead:s2"}, "geometry": {"type": "Polygon", "coordinates": [[[-89.222704, 48.352388], [-89.222684, 48.352366], [-89.222674, 48.352341], [-89.222674, 48.352314], [-89.222684, 48.352294], [-89.222704, 48.352281], [-89.222734, 48.352274], [-89.222775, 48.352274], [-89.222805, 48.352285], [-89.222825, 48.352308], [-89.222835, 48.352341], [-89.222835, 48.352386], [-89.222825, 48.352415], [-89.222805, 48.352428], [-89.222775, 48.352426], [-89.222734, 48.352408], [-89.222704, 48.352388]]]}}, {"type": "Feature", "properties": {"lead": 48, "temp": "sp:steelhead:s2"}, "geometry": {"type": "Polygon", "coordinates": [[[-89.225292, 48.352328], [-89.225323, 48.352323], [-89.225363, 48.352332], [-89.225383, 48.352348], [-89.225383, 48.35237], [-89.225363, 48.352399], [-89.225323, 48.352435], [-89.225292, 48.352451], [-89.225272, 48.352446], [-89.225262, 48.352422], [-89.225262, 48.352377], [-89.225272, 48.352346], [-89.225292, 48.352328]]]}}, {"type": "Feature", "properties": {"lead": 48, "temp": "sp:steelhead:s2"}, "geometry": {"type": "Polygon", "coordinates": [[[-89.225724, 48.352437], [-89.225801, 48.352444], [-89.225909, 48.352462], [-89.225966, 48.352478], [-89.225973, 48.352491], [-89.225929, 48.352502], [-89.225835, 48.352511], [-89.225761, 48.352511], [-89.225707, 48.352502], [-89.225673, 48.352484], [-89.22566, 48.352458], [-89.225676, 48.352442], [-89.225724, 48.352437]]]}}, {"type": "Feature", "properties": {"lead": 48, "temp": "sp:steelhead:s2"}, "geometry": {"type": "Polygon", "coordinates": [[[-89.226654, 48.354954], [-89.226634, 48.354927], [-89.22663, 48.354891], [-89.226644, 48.354847], [-89.226664, 48.354813], [-89.226691, 48.354791], [-89.226725, 48.354779], [-89.226765, 48.354779], [-89.226795, 48.354793], [-89.226816, 48.35482], [-89.226826, 48.35486], [-89.226826, 48.354914], [-89.226812, 48.354952], [-89.226785, 48.354974], [-89.226745, 48.354981], [-89.226691, 48.354972], [-89.226654, 48.354954]]]}}, {"type": "Feature", "properties": {"lead": 48, "temp": "sp:steelhead:s2"}, "geometry": {"type": "Polygon", "coordinates": [[[-89.222448, 48.357748], [-89.222293, 48.35769], [-89.222148, 48.357616], [-89.222013, 48.357526], [-89.221902, 48.357423], [-89.221814, 48.357307], [-89.22175, 48.357177], [-89.22171, 48.357034], [-89.221703, 48.356927], [-89.22173, 48.356855], [-89.221791, 48.356819], [-89.221885, 48.356819], [-89.22202, 48.356855], [-89.222195, 48.356927], [-89.222411, 48.357034], [-89.222667, 48.357177], [-89.222846, 48.357307], [-89.222947, 48.357423], [-89.22297, 48.357526], [-89.222916, 48.357616], [-89.222889, 48.35769], [-89.222889, 48.357748], [-89.222916, 48.35779], [-89.22297, 48.357817], [-89.222967, 48.35783], [-89.222906, 48.35783], [-89.222788, 48.357817], [-89.222613, 48.35779], [-89.222448, 48.357748]]]}}, {"type": "Feature", "properties": {"lead": 48, "temp": "sp:steelhead:s2"}, "geometry": {"type": "Polygon", "coordinates": [[[-89.223061, 48.357526], [-89.223082, 48.357508], [-89.223112, 48.357499], [-89.223152, 48.357499], [-89.223172, 48.357508], [-89.223172, 48.357526], [-89.223152, 48.357553], [-89.223112, 48.357589], [-89.223082, 48.357607], [-89.223061, 48.357607], [-89.223051, 48.357589], [-89.223051, 48.357553], [-89.223061, 48.357526]]]}}, {"type": "Feature", "properties": {"lead": 48, "temp": "sp:steelhead:s2"}, "geometry": {"type": "Polygon", "coordinates": [[[-89.223237, 48.358047], [-89.223152, 48.357992], [-89.223112, 48.357938], [-89.223146, 48.357911], [-89.223253, 48.357911], [-89.223435, 48.357938], [-89.223691, 48.357992], [-89.223884, 48.358047], [-89.224012, 48.358106], [-89.224076, 48.358166], [-89.224076, 48.358229], [-89.224022, 48.35826], [-89.223914, 48.35826], [-89.223752, 48.358229], [-89.223536, 48.358166], [-89.223365, 48.358106], [-89.223237, 48.358047]]]}}, {"type": "Feature", "properties": {"lead": 48, "temp": "sp:steelhead:s2"}, "geometry": {"type": "Polygon", "coordinates": [[[-89.224106, 48.358329], [-89.224136, 48.358323], [-89.224177, 48.358323], [-89.224197, 48.358329], [-89.224197, 48.358343], [-89.224177, 48.358363], [-89.224136, 48.35839], [-89.224106, 48.358403], [-89.224086, 48.358403], [-89.224076, 48.35839], [-89.224076, 48.358363], [-89.224086, 48.358343], [-89.224106, 48.358329]]]}}, {"type": "Feature", "properties": {"lead": 48, "temp": "sp:steelhead:s2"}, "geometry": {"type": "Polygon", "coordinates": [[[-89.224773, 48.358524], [-89.224793, 48.358551], [-89.224736, 48.358578], [-89.224601, 48.358604], [-89.22449, 48.358611], [-89.224403, 48.358598], [-89.224339, 48.358564], [-89.224298, 48.35851], [-89.224312, 48.358477], [-89.224379, 48.358463], [-89.2245, 48.35847], [-89.224676, 48.358497], [-89.224773, 48.358524]]]}}, {"type": "Feature", "properties": {"lead": 48, "temp": "sp:steelhead:s2"}, "geometry": {"type": "Polygon", "coordinates": [[[-89.225333, 48.358759], [-89.225356, 48.358752], [-89.225383, 48.358752], [-89.225393, 48.358759], [-89.225387, 48.358772], [-89.225363, 48.358792], [-89.225323, 48.358819], [-89.225296, 48.358833], [-89.225282, 48.358833], [-89.225282, 48.358819], [-89.225296, 48.358792], [-89.225312, 48.358772], [-89.225333, 48.358759]]]}}, {"type": "Feature", "properties": {"lead": 48, "temp": "sp:steelhead:s2"}, "geometry": {"type": "Polygon", "coordinates": [[[-89.225616, 48.359036], [-89.225646, 48.359025], [-89.225687, 48.359016], [-89.225707, 48.359016], [-89.225707, 48.359025], [-89.225687, 48.359043], [-89.225646, 48.35907], [-89.225616, 48.359085], [-89.225596, 48.35909], [-89.225585, 48.359083], [-89.225585, 48.359065], [-89.225596, 48.359049], [-89.225616, 48.359036]]]}}, {"type": "Feature", "properties": {"lead": 48, "temp": "sp:steelhead:s2"}, "geometry": {"type": "Polygon", "coordinates": [[[-89.197001, 48.309682], [-89.197041, 48.309503], [-89.197115, 48.309342], [-89.197223, 48.309198], [-89.197341, 48.309091], [-89.197469, 48.309019], [-89.197607, 48.308983], [-89.197756, 48.308983], [-89.197833, 48.309055], [-89.19784, 48.309198], [-89.197776, 48.309413], [-89.197641, 48.3097], [-89.197516, 48.309933], [-89.197402, 48.310112], [-89.197297, 48.310237], [-89.197203, 48.310309], [-89.197125, 48.310309], [-89.197065, 48.310237], [-89.197021, 48.310094], [-89.196994, 48.309879], [-89.197001, 48.309682]]]}}, {"type": "Feature", "properties": {"lead": 48, "temp": "sp:steelhead:s2"}, "geometry": {"type": "Polygon", "coordinates": [[[-89.196883, 48.311907], [-89.196792, 48.311527], [-89.196792, 48.311097], [-89.196822, 48.310875], [-89.196883, 48.310862], [-89.196974, 48.311056], [-89.197095, 48.311459], [-89.197274, 48.311806], [-89.19751, 48.312098], [-89.197803, 48.312333], [-89.198153, 48.312512], [-89.198389, 48.312666], [-89.19851, 48.312796], [-89.198517, 48.312901], [-89.198409, 48.312982], [-89.198238, 48.312984], [-89.198002, 48.312908], [-89.197702, 48.312753], [-89.197338, 48.312521], [-89.197065, 48.312239], [-89.196883, 48.311907]]]}}, {"type": "Feature", "properties": {"lead": 48, "temp": "sp:steelhead:s2"}, "geometry": {"type": "Polygon", "coordinates": [[[-89.199107, 48.31364], [-89.198955, 48.313541], [-89.19878, 48.313452], [-89.198686, 48.313378], [-89.198672, 48.31332], [-89.19874, 48.313277], [-89.198888, 48.31325], [-89.199016, 48.313239], [-89.199124, 48.313244], [-89.199211, 48.313264], [-89.199279, 48.3133], [-89.19935, 48.313353], [-89.199424, 48.313425], [-89.199501, 48.313515], [-89.199582, 48.313622], [-89.199633, 48.313727], [-89.199653, 48.31383], [-89.199643, 48.313931], [-89.199602, 48.31403], [-89.199552, 48.314072], [-89.199491, 48.314059], [-89.19942, 48.313989], [-89.19934, 48.313864], [-89.199235, 48.313747], [-89.199107, 48.31364]]]}}, {"type": "Feature", "properties": {"lead": 48, "temp": "sp:steelhead:s2"}, "geometry": {"type": "Polygon", "coordinates": [[[-89.201277, 48.331846], [-89.201298, 48.331837], [-89.201328, 48.331833], [-89.201368, 48.331833], [-89.201389, 48.331837], [-89.201389, 48.331846], [-89.201368, 48.33186], [-89.201328, 48.331878], [-89.201298, 48.331887], [-89.201277, 48.331887], [-89.201267, 48.331878], [-89.201267, 48.33186], [-89.201277, 48.331846]]]}}, {"type": "Feature", "properties": {"lead": 48, "temp": "sp:steelhead:s2"}, "geometry": {"type": "Polygon", "coordinates": [[[-89.201766, 48.332142], [-89.201692, 48.332115], [-89.201651, 48.332088], [-89.201665, 48.332068], [-89.201732, 48.332054], [-89.201854, 48.332048], [-89.202029, 48.332048], [-89.20217, 48.332061], [-89.202278, 48.332088], [-89.202352, 48.332128], [-89.202393, 48.332182], [-89.202379, 48.332215], [-89.202312, 48.332229], [-89.202191, 48.332222], [-89.202015, 48.332195], [-89.201874, 48.332168], [-89.201766, 48.332142]]]}}, {"type": "Feature", "properties": {"lead": 48, "temp": "sp:steelhead:s2"}, "geometry": {"type": "Polygon", "coordinates": [[[-89.202848, 48.332301], [-89.202919, 48.332298], [-89.203013, 48.332298], [-89.20306, 48.332301], [-89.20306, 48.332305], [-89.203013, 48.332312], [-89.202919, 48.332321], [-89.202848, 48.332325], [-89.202801, 48.332325], [-89.202777, 48.332321], [-89.202777, 48.332312], [-89.202801, 48.332305], [-89.202848, 48.332301]]]}}, {"type": "Feature", "properties": {"lead": 48, "temp": "sp:steelhead:s2"}, "geometry": {"type": "Polygon", "coordinates": [[[-89.2147, 48.353455], [-89.21466, 48.353402], [-89.21464, 48.353334], [-89.21464, 48.353254], [-89.214616, 48.353211], [-89.214569, 48.353207], [-89.214498, 48.35324], [-89.214404, 48.353312], [-89.214296, 48.353357], [-89.214174, 48.353375], [-89.21404, 48.353366], [-89.213891, 48.35333], [-89.213787, 48.353276], [-89.213726, 48.353205], [-89.213709, 48.353115], [-89.213736, 48.353008], [-89.213837, 48.352941], [-89.214013, 48.352914], [-89.214262, 48.352927], [-89.214586, 48.352981], [-89.214822, 48.353053], [-89.21497, 48.353142], [-89.21503, 48.353249], [-89.215003, 48.353375], [-89.214963, 48.353462], [-89.214909, 48.353511], [-89.214842, 48.353522], [-89.214761, 48.353495], [-89.2147, 48.353455]]]}}, {"type": "Feature", "properties": {"lead": 48, "temp": "sp:steelhead:s2"}, "geometry": {"type": "Polygon", "coordinates": [[[-89.215351, 48.353815], [-89.215239, 48.353768], [-89.215172, 48.353715], [-89.215148, 48.353654], [-89.215169, 48.353587], [-89.215233, 48.353513], [-89.215341, 48.353433], [-89.215425, 48.353399], [-89.215485, 48.353413], [-89.215522, 48.353473], [-89.215536, 48.35358], [-89.215593, 48.353663], [-89.215694, 48.353721], [-89.215839, 48.353755], [-89.216028, 48.353764], [-89.21617, 48.353782], [-89.216264, 48.353809], [-89.216311, 48.353844], [-89.216311, 48.353889], [-89.21625, 48.353916], [-89.216129, 48.353925], [-89.215947, 48.353916], [-89.215704, 48.353889], [-89.215506, 48.353856], [-89.215351, 48.353815]]]}}, {"type": "Feature", "properties": {"lead": 48, "temp": "sp:steelhead:s2"}, "geometry": {"type": "Polygon", "coordinates": [[[-89.216719, 48.354064], [-89.216689, 48.354019], [-89.216689, 48.353965], [-89.216709, 48.353929], [-89.216749, 48.353912], [-89.21681, 48.353912], [-89.216891, 48.353929], [-89.216961, 48.353956], [-89.217022, 48.353992], [-89.217073, 48.354037], [-89.217113, 48.35409], [-89.217113, 48.354126], [-89.217073, 48.354144], [-89.216992, 48.354144], [-89.216871, 48.354126], [-89.21678, 48.354099], [-89.216719, 48.354064]]]}}, {"type": "Feature", "properties": {"lead": 48, "temp": "sp:steelhead:s2"}, "geometry": {"type": "Polygon", "coordinates": [[[-89.217632, 48.354111], [-89.217578, 48.354079], [-89.217551, 48.354046], [-89.217551, 48.35401], [-89.217582, 48.353983], [-89.217642, 48.353965], [-89.217733, 48.353956], [-89.217855, 48.353956], [-89.217942, 48.353972], [-89.217996, 48.354003], [-89.218016, 48.35405], [-89.218003, 48.354113], [-89.217966, 48.354153], [-89.217905, 48.354171], [-89.217821, 48.354167], [-89.217713, 48.35414], [-89.217632, 48.354111]]]}}, {"type": "Feature", "properties": {"lead": 48, "temp": "sp:steelhead:s2"}, "geometry": {"type": "Polygon", "coordinates": [[[-89.216227, 48.356148], [-89.21623, 48.356171], [-89.216176, 48.356216], [-89.216106, 48.356249], [-89.216018, 48.356271], [-89.215913, 48.356283], [-89.215792, 48.356283], [-89.215745, 48.356271], [-89.215772, 48.356249], [-89.215873, 48.356216], [-89.216048, 48.356171], [-89.216166, 48.356148], [-89.216227, 48.356148]]]}}, {"type": "Feature", "properties": {"lead": 48, "temp": "sp:steelhead:s2"}, "geometry": {"type": "Polygon", "coordinates": [[[-89.217339, 48.356207], [-89.217309, 48.356157], [-89.217363, 48.356122], [-89.217443, 48.356101], [-89.217551, 48.356097], [-89.217686, 48.356108], [-89.217848, 48.356135], [-89.217986, 48.35618], [-89.218101, 48.356242], [-89.218192, 48.356323], [-89.218259, 48.356421], [-89.218239, 48.356473], [-89.218131, 48.356477], [-89.217935, 48.356435], [-89.217652, 48.356345], [-89.217454, 48.356269], [-89.217339, 48.356207]]]}}, {"type": "Feature", "properties": {"lead": 48, "temp": "sp:steelhead:s2"}, "geometry": {"type": "Polygon", "coordinates": [[[-89.221235, 48.356627], [-89.221268, 48.356618], [-89.221319, 48.356618], [-89.221386, 48.356627], [-89.22142, 48.356638], [-89.22142, 48.356652], [-89.221386, 48.356667], [-89.221319, 48.356685], [-89.221268, 48.356692], [-89.221235, 48.356687], [-89.221218, 48.356672], [-89.221218, 48.356645], [-89.221235, 48.356627]]]}}, {"type": "Feature", "properties": {"lead": 48, "temp": "sp:steelhead:s2"}, "geometry": {"type": "Polygon", "coordinates": [[[-89.221518, 48.356719], [-89.221548, 48.356712], [-89.221589, 48.356712], [-89.221609, 48.356719], [-89.221609, 48.356732], [-89.221589, 48.356752], [-89.221548, 48.356779], [-89.221518, 48.356793], [-89.221498, 48.356793], [-89.221487, 48.356779], [-89.221487, 48.356752], [-89.221498, 48.356732], [-89.221518, 48.356719]]]}}, {"type": "Feature", "properties": {"lead": 48, "temp": "sp:steelhead:s2"}, "geometry": {"type": "Polygon", "coordinates": [[[-89.215489, 48.357052], [-89.215428, 48.356972], [-89.215415, 48.356882], [-89.215425, 48.356797], [-89.215458, 48.356717], [-89.215516, 48.35664], [-89.215597, 48.356569], [-89.215691, 48.356513], [-89.215799, 48.356473], [-89.21592, 48.356448], [-89.216055, 48.356439], [-89.216183, 48.356446], [-89.216304, 48.356468], [-89.216419, 48.356506], [-89.216527, 48.35656], [-89.216581, 48.356609], [-89.216581, 48.356654], [-89.216527, 48.356694], [-89.216419, 48.35673], [-89.216368, 48.35677], [-89.216375, 48.356815], [-89.216439, 48.356864], [-89.21656, 48.356918], [-89.216621, 48.356978], [-89.216621, 48.357045], [-89.21656, 48.357119], [-89.216439, 48.3572], [-89.216298, 48.357247], [-89.216136, 48.35726], [-89.215954, 48.35724], [-89.215752, 48.357186], [-89.215597, 48.357124], [-89.215489, 48.357052]]]}}, {"type": "Feature", "properties": {"lead": 72, "temp": "sp:lake_trout:s1"}, "geometry": {"type": "Polygon", "coordinates": [[[-89.228885, 48.353189], [-89.228905, 48.353176], [-89.228935, 48.353169], [-89.228976, 48.353169], [-89.228996, 48.353176], [-89.228996, 48.353189], [-89.228976, 48.353209], [-89.228935, 48.353236], [-89.228905, 48.353249], [-89.228885, 48.353249], [-89.228875, 48.353236], [-89.228875, 48.353209], [-89.228885, 48.353189]]]}}, {"type": "Feature", "properties": {"lead": 72, "temp": "sp:lake_trout:s1"}, "geometry": {"type": "Polygon", "coordinates": [[[-89.229215, 48.353305], [-89.229249, 48.353292], [-89.229299, 48.35329], [-89.229367, 48.353299], [-89.2294, 48.353312], [-89.2294, 48.35333], [-89.229367, 48.353352], [-89.229299, 48.353379], [-89.229249, 48.35339], [-89.229215, 48.353386], [-89.229198, 48.353366], [-89.229198, 48.35333], [-89.229215, 48.353305]]]}}, {"type": "Feature", "properties": {"lead": 72, "temp": "sp:lake_trout:s1"}, "geometry": {"type": "Polygon", "coordinates": [[[-89.229586, 48.353384], [-89.229606, 48.353366], [-89.229636, 48.353361], [-89.229677, 48.35337], [-89.229697, 48.353386], [-89.229697, 48.353408], [-89.229677, 48.353437], [-89.229636, 48.353473], [-89.229606, 48.353489], [-89.229586, 48.353484], [-89.229576, 48.35346], [-89.229576, 48.353415], [-89.229586, 48.353384]]]}}, {"type": "Feature", "properties": {"lead": 72, "temp": "sp:lake_trout:s1"}, "geometry": {"type": "Polygon", "coordinates": [[[-89.228531, 48.35344], [-89.228598, 48.353426], [-89.228699, 48.353419], [-89.228834, 48.353419], [-89.228902, 48.353426], [-89.228902, 48.35344], [-89.228834, 48.35346], [-89.228699, 48.353487], [-89.228598, 48.3535], [-89.228531, 48.3535], [-89.228497, 48.353487], [-89.228497, 48.35346], [-89.228531, 48.35344]]]}}, {"type": "Feature", "properties": {"lead": 72, "temp": "sp:lake_trout:s1"}, "geometry": {"type": "Polygon", "coordinates": [[[-89.228966, 48.353775], [-89.228905, 48.353735], [-89.228875, 48.353701], [-89.228875, 48.353674], [-89.228918, 48.353654], [-89.229006, 48.353641], [-89.229137, 48.353634], [-89.229313, 48.353634], [-89.229431, 48.353654], [-89.229491, 48.353695], [-89.229495, 48.353755], [-89.229441, 48.353835], [-89.22937, 48.353882], [-89.229282, 48.353896], [-89.229178, 48.353876], [-89.229057, 48.353822], [-89.228966, 48.353775]]]}}, {"type": "Feature", "properties": {"lead": 72, "temp": "sp:lake_trout:s1"}, "geometry": {"type": "Polygon", "coordinates": [[[-89.229383, 48.353983], [-89.229431, 48.353965], [-89.229501, 48.353956], [-89.229596, 48.353956], [-89.229643, 48.353965], [-89.229643, 48.353983], [-89.229596, 48.35401], [-89.229501, 48.354046], [-89.229431, 48.354064], [-89.229383, 48.354064], [-89.22936, 48.354046], [-89.22936, 48.35401], [-89.229383, 48.353983]]]}}, {"type": "Feature", "properties": {"lead": 72, "temp": "sp:lake_trout:s1"}, "geometry": {"type": "Polygon", "coordinates": [[[-89.228103, 48.35409], [-89.228042, 48.354073], [-89.228012, 48.354046], [-89.228012, 48.35401], [-89.228042, 48.353983], [-89.228103, 48.353965], [-89.228194, 48.353956], [-89.228315, 48.353956], [-89.228406, 48.353965], [-89.228467, 48.353983], [-89.228497, 48.35401], [-89.228497, 48.354046], [-89.228467, 48.354073], [-89.228406, 48.35409], [-89.228315, 48.354099], [-89.228194, 48.354099], [-89.228103, 48.35409]]]}}, {"type": "Feature", "properties": {"lead": 72, "temp": "sp:lake_trout:s1"}, "geometry": {"type": "Polygon", "coordinates": [[[-89.229919, 48.35412], [-89.22996, 48.354106], [-89.23002, 48.354099], [-89.230101, 48.354099], [-89.230142, 48.354106], [-89.230142, 48.35412], [-89.230101, 48.35414], [-89.23002, 48.354167], [-89.22996, 48.35418], [-89.229919, 48.35418], [-89.229899, 48.354167], [-89.229899, 48.35414], [-89.229919, 48.35412]]]}}, {"type": "Feature", "properties": {"lead": 72, "temp": "sp:lake_trout:s1"}, "geometry": {"type": "Polygon", "coordinates": [[[-89.228723, 48.35412], [-89.228743, 48.354106], [-89.228774, 48.354099], [-89.228814, 48.354099], [-89.228834, 48.354106], [-89.228834, 48.35412], [-89.228814, 48.35414], [-89.228774, 48.354167], [-89.228743, 48.35418], [-89.228723, 48.35418], [-89.228713, 48.354167], [-89.228713, 48.35414], [-89.228723, 48.35412]]]}}, {"type": "Feature", "properties": {"lead": 72, "temp": "sp:lake_trout:s1"}, "geometry": {"type": "Polygon", "coordinates": [[[-89.230246, 48.354227], [-89.230293, 48.354214], [-89.230364, 48.354207], [-89.230459, 48.354207], [-89.230506, 48.354214], [-89.230506, 48.354227], [-89.230459, 48.354247], [-89.230364, 48.354274], [-89.230293, 48.354287], [-89.230246, 48.354287], [-89.230223, 48.354274], [-89.230223, 48.354247], [-89.230246, 48.354227]]]}}, {"type": "Feature", "properties": {"lead": 72, "temp": "sp:lake_trout:s1"}, "geometry": {"type": "Polygon", "coordinates": [[[-89.230792, 48.354334], [-89.230853, 48.354321], [-89.230944, 48.354314], [-89.231065, 48.354314], [-89.231126, 48.354321], [-89.231126, 48.354334], [-89.231065, 48.354354], [-89.230944, 48.354381], [-89.230853, 48.354395], [-89.230792, 48.354395], [-89.230762, 48.354381], [-89.230762, 48.354354], [-89.230792, 48.354334]]]}}, {"type": "Feature", "properties": {"lead": 72, "temp": "sp:lake_trout:s1"}, "geometry": {"type": "Polygon", "coordinates": [[[-89.231261, 48.354442], [-89.231288, 48.354428], [-89.231328, 48.354422], [-89.231382, 48.354422], [-89.231409, 48.354428], [-89.231409, 48.354442], [-89.231382, 48.354462], [-89.231328, 48.354489], [-89.231288, 48.354502], [-89.231261, 48.354502], [-89.231247, 48.354489], [-89.231247, 48.354462], [-89.231261, 48.354442]]]}}, {"type": "Feature", "properties": {"lead": 72, "temp": "sp:lake_trout:s1"}, "geometry": {"type": "Polygon", "coordinates": [[[-89.231473, 48.354556], [-89.231493, 48.354538], [-89.231523, 48.354529], [-89.231564, 48.354529], [-89.231584, 48.354538], [-89.231584, 48.354556], [-89.231564, 48.354583], [-89.231523, 48.354618], [-89.231493, 48.354636], [-89.231473, 48.354636], [-89.231463, 48.354618], [-89.231463, 48.354583], [-89.231473, 48.354556]]]}}, {"type": "Feature", "properties": {"lead": 72, "temp": "sp:lake_trout:s1"}, "geometry": {"type": "Polygon", "coordinates": [[[-89.230455, 48.354683], [-89.230408, 48.354652], [-89.230384, 48.354618], [-89.230384, 48.354583], [-89.230408, 48.354556], [-89.230455, 48.354538], [-89.230526, 48.354529], [-89.23062, 48.354529], [-89.230691, 48.354545], [-89.230738, 48.354576], [-89.230762, 48.354623], [-89.230762, 48.354685], [-89.230738, 48.354726], [-89.230691, 48.354744], [-89.23062, 48.354739], [-89.230526, 48.354712], [-89.230455, 48.354683]]]}}, {"type": "Feature", "properties": {"lead": 72, "temp": "sp:lake_trout:s1"}, "geometry": {"type": "Polygon", "coordinates": [[[-89.230957, 48.354692], [-89.231025, 48.354679], [-89.231126, 48.354672], [-89.231261, 48.354672], [-89.231328, 48.354679], [-89.231328, 48.354692], [-89.231261, 48.354712], [-89.231126, 48.354739], [-89.231025, 48.354753], [-89.230957, 48.354753], [-89.230924, 48.354739], [-89.230924, 48.354712], [-89.230957, 48.354692]]]}}, {"type": "Feature", "properties": {"lead": 72, "temp": "sp:lake_trout:s1"}, "geometry": {"type": "Polygon", "coordinates": [[[-89.231655, 48.354685], [-89.231685, 48.354672], [-89.231726, 48.354672], [-89.231746, 48.354685], [-89.231746, 48.354712], [-89.231726, 48.354753], [-89.231685, 48.354806], [-89.231655, 48.354833], [-89.231635, 48.354833], [-89.231625, 48.354806], [-89.231625, 48.354753], [-89.231635, 48.354712], [-89.231655, 48.354685]]]}}, {"type": "Feature", "properties": {"lead": 72, "temp": "sp:lake_trout:s1"}, "geometry": {"type": "Polygon", "coordinates": [[[-89.228383, 48.355744], [-89.228052, 48.355643], [-89.227756, 48.355527], [-89.227577, 48.355433], [-89.227516, 48.355361], [-89.227574, 48.355312], [-89.227749, 48.355285], [-89.227978, 48.355285], [-89.228261, 48.355312], [-89.228598, 48.355366], [-89.228989, 48.355446], [-89.229323, 48.35552], [-89.229599, 48.355587], [-89.229818, 48.355647], [-89.22998, 48.355701], [-89.230101, 48.355757], [-89.230182, 48.355815], [-89.230223, 48.355876], [-89.230223, 48.355938], [-89.230115, 48.355972], [-89.229899, 48.355976], [-89.229576, 48.355952], [-89.229144, 48.355898], [-89.228747, 48.355829], [-89.228383, 48.355744]]]}}, {"type": "Feature", "properties": {"lead": 72, "temp": "sp:lake_trout:s1"}, "geometry": {"type": "Polygon", "coordinates": [[[-89.223135, 48.352321], [-89.223304, 48.352308], [-89.223557, 48.352314], [-89.223894, 48.352341], [-89.224093, 48.352368], [-89.224153, 48.352395], [-89.224076, 48.352422], [-89.22386, 48.352449], [-89.223668, 48.352469], [-89.223499, 48.352482], [-89.223354, 48.352489], [-89.223233, 48.352489], [-89.223142, 48.352475], [-89.223082, 48.352449], [-89.223051, 48.352408], [-89.223051, 48.352355], [-89.223135, 48.352321]]]}}, {"type": "Feature", "properties": {"lead": 72, "temp": "sp:lake_trout:s1"}, "geometry": {"type": "Polygon", "coordinates": [[[-89.224571, 48.352509], [-89.224591, 48.352496], [-89.224622, 48.352489], [-89.224662, 48.352489], [-89.224682, 48.352496], [-89.224682, 48.352509], [-89.224662, 48.352529], [-89.224622, 48.352556], [-89.224591, 48.352569], [-89.224571, 48.352569], [-89.224561, 48.352556], [-89.224561, 48.352529], [-89.224571, 48.352509]]]}}, {"type": "Feature", "properties": {"lead": 72, "temp": "sp:lake_trout:s1"}, "geometry": {"type": "Polygon", "coordinates": [[[-89.224949, 48.352509], [-89.224969, 48.352496], [-89.224999, 48.352489], [-89.225039, 48.352489], [-89.22506, 48.352496], [-89.22506, 48.352509], [-89.225039, 48.352529], [-89.224999, 48.352556], [-89.224969, 48.352569], [-89.224949, 48.352569], [-89.224938, 48.352556], [-89.224938, 48.352529], [-89.224949, 48.352509]]]}}, {"type": "Feature", "properties": {"lead": 72, "temp": "sp:lake_trout:s1"}, "geometry": {"type": "Polygon", "coordinates": [[[-89.22513, 48.352616], [-89.225191, 48.352603], [-89.225282, 48.352596], [-89.225403, 48.352596], [-89.225464, 48.352603], [-89.225464, 48.352616], [-89.225403, 48.352636], [-89.225282, 48.352663], [-89.225191, 48.352677], [-89.22513, 48.352677], [-89.2251, 48.352663], [-89.2251, 48.352636], [-89.22513, 48.352616]]]}}, {"type": "Feature", "properties": {"lead": 72, "temp": "sp:lake_trout:s1"}, "geometry": {"type": "Polygon", "coordinates": [[[-89.225599, 48.35273], [-89.225626, 48.352713], [-89.225666, 48.352704], [-89.22572, 48.352704], [-89.225747, 48.352713], [-89.225747, 48.35273], [-89.22572, 48.352757], [-89.225666, 48.352793], [-89.225626, 48.352811], [-89.225599, 48.352811], [-89.225585, 48.352793], [-89.225585, 48.352757], [-89.225599, 48.35273]]]}}, {"type": "Feature", "properties": {"lead": 72, "temp": "sp:lake_trout:s1"}, "geometry": {"type": "Polygon", "coordinates": [[[-89.225973, 48.352867], [-89.225993, 48.352853], [-89.226024, 48.352847], [-89.226064, 48.352847], [-89.226084, 48.352853], [-89.226084, 48.352867], [-89.226064, 48.352887], [-89.226024, 48.352914], [-89.225993, 48.352927], [-89.225973, 48.352927], [-89.225963, 48.352914], [-89.225963, 48.352887], [-89.225973, 48.352867]]]}}, {"type": "Feature", "properties": {"lead": 72, "temp": "sp:lake_trout:s1"}, "geometry": {"type": "Polygon", "coordinates": [[[-89.22632, 48.352974], [-89.226388, 48.352961], [-89.226489, 48.352954], [-89.226623, 48.352954], [-89.226691, 48.352961], [-89.226691, 48.352974], [-89.226623, 48.352994], [-89.226489, 48.353021], [-89.226388, 48.353035], [-89.22632, 48.353035], [-89.226286, 48.353021], [-89.226286, 48.352994], [-89.22632, 48.352974]]]}}, {"type": "Feature", "properties": {"lead": 72, "temp": "sp:lake_trout:s1"}, "geometry": {"type": "Polygon", "coordinates": [[[-89.226997, 48.353082], [-89.227018, 48.353068], [-89.227048, 48.353061], [-89.227088, 48.353061], [-89.227109, 48.353068], [-89.227109, 48.353082], [-89.227088, 48.353102], [-89.227048, 48.353129], [-89.227018, 48.353142], [-89.226997, 48.353142], [-89.226987, 48.353129], [-89.226987, 48.353102], [-89.226997, 48.353082]]]}}, {"type": "Feature", "properties": {"lead": 72, "temp": "sp:lake_trout:s1"}, "geometry": {"type": "Polygon", "coordinates": [[[-89.227496, 48.353189], [-89.227543, 48.353176], [-89.227614, 48.353169], [-89.227709, 48.353169], [-89.227756, 48.353176], [-89.227756, 48.353189], [-89.227709, 48.353209], [-89.227614, 48.353236], [-89.227543, 48.353249], [-89.227496, 48.353249], [-89.227473, 48.353236], [-89.227473, 48.353209], [-89.227496, 48.353189]]]}}, {"type": "Feature", "properties": {"lead": 72, "temp": "sp:lake_trout:s1"}, "geometry": {"type": "Polygon", "coordinates": [[[-89.228103, 48.353612], [-89.228042, 48.353567], [-89.228012, 48.3535], [-89.228012, 48.35341], [-89.228022, 48.353343], [-89.228042, 48.353299], [-89.228073, 48.353276], [-89.228113, 48.353276], [-89.228164, 48.353299], [-89.228224, 48.353343], [-89.228295, 48.35341], [-89.228376, 48.3535], [-89.228406, 48.353567], [-89.228386, 48.353612], [-89.228315, 48.353634], [-89.228194, 48.353634], [-89.228103, 48.353612]]]}}, {"type": "Feature", "properties": {"lead": 72, "temp": "sp:lake_trout:s1"}, "geometry": {"type": "Polygon", "coordinates": [[[-89.227355, 48.353869], [-89.227442, 48.353856], [-89.227574, 48.353849], [-89.227749, 48.353849], [-89.227837, 48.353856], [-89.227837, 48.353869], [-89.227749, 48.353889], [-89.227574, 48.353916], [-89.227442, 48.353929], [-89.227355, 48.353929], [-89.227311, 48.353916], [-89.227311, 48.353889], [-89.227355, 48.353869]]]}}, {"type": "Feature", "properties": {"lead": 72, "temp": "sp:lake_trout:s1"}, "geometry": {"type": "Polygon", "coordinates": [[[-89.216193, 48.354153], [-89.216011, 48.354135], [-89.215886, 48.35414], [-89.215819, 48.354167], [-89.215742, 48.354167], [-89.215654, 48.35414], [-89.215556, 48.354086], [-89.215448, 48.354005], [-89.215519, 48.35397], [-89.215768, 48.353979], [-89.216196, 48.354032], [-89.216803, 48.354131], [-89.217224, 48.354209], [-89.21746, 48.354267], [-89.217511, 48.354305], [-89.217376, 48.354323], [-89.217201, 48.354321], [-89.216985, 48.354299], [-89.216729, 48.354256], [-89.216432, 48.354193], [-89.216193, 48.354153]]]}}, {"type": "Feature", "properties": {"lead": 72, "temp": "sp:lake_trout:s1"}, "geometry": {"type": "Polygon", "coordinates": [[[-89.226185, 48.354981], [-89.226145, 48.354954], [-89.226125, 48.354914], [-89.226125, 48.35486], [-89.226145, 48.354791], [-89.226185, 48.354706], [-89.226246, 48.354605], [-89.226327, 48.354489], [-89.226441, 48.354379], [-89.22659, 48.354276], [-89.226772, 48.35418], [-89.226987, 48.35409], [-89.227105, 48.354052], [-89.227126, 48.354066], [-89.227048, 48.354131], [-89.226873, 48.354247], [-89.226731, 48.35437], [-89.226623, 48.3545], [-89.226549, 48.354636], [-89.226509, 48.354779], [-89.226458, 48.354887], [-89.226398, 48.354958], [-89.226327, 48.354994], [-89.226246, 48.354994], [-89.226185, 48.354981]]]}}, {"type": "Feature", "properties": {"lead": 72, "temp": "sp:lake_trout:s1"}, "geometry": {"type": "Polygon", "coordinates": [[[-89.226458, 48.355014], [-89.226479, 48.355001], [-89.226509, 48.354994], [-89.226549, 48.354994], [-89.22657, 48.355001], [-89.22657, 48.355014], [-89.226549, 48.355034], [-89.226509, 48.355061], [-89.226479, 48.355075], [-89.226458, 48.355075], [-89.226448, 48.355061], [-89.226448, 48.355034], [-89.226458, 48.355014]]]}}, {"type": "Feature", "properties": {"lead": 72, "temp": "sp:lake_trout:s1"}, "geometry": {"type": "Polygon", "coordinates": [[[-89.226849, 48.355102], [-89.226896, 48.355084], [-89.226967, 48.355061], [-89.227062, 48.355034], [-89.227109, 48.355023], [-89.227109, 48.355028], [-89.227062, 48.355048], [-89.226967, 48.355084], [-89.226896, 48.355108], [-89.226849, 48.355122], [-89.226826, 48.355124], [-89.226826, 48.355115], [-89.226849, 48.355102]]]}}, {"type": "Feature", "properties": {"lead": 72, "temp": "sp:lake_trout:s1"}, "geometry": {"type": "Polygon", "coordinates": [[[-89.226886, 48.355251], [-89.226947, 48.355245], [-89.227028, 48.355245], [-89.227068, 48.355251], [-89.227068, 48.355265], [-89.227028, 48.355285], [-89.226947, 48.355312], [-89.226886, 48.355325], [-89.226846, 48.355325], [-89.226826, 48.355312], [-89.226826, 48.355285], [-89.226846, 48.355265], [-89.226886, 48.355251]]]}}, {"type": "Feature", "properties": {"lead": 72, "temp": "sp:lake_trout:s1"}, "geometry": {"type": "Polygon", "coordinates": [[[-89.219135, 48.356262], [-89.219203, 48.356247], [-89.219297, 48.356247], [-89.219368, 48.356254], [-89.219415, 48.356267], [-89.219438, 48.356287], [-89.219438, 48.356314], [-89.219418, 48.356343], [-89.219378, 48.356374], [-89.219317, 48.356408], [-89.219236, 48.356444], [-89.219172, 48.356455], [-89.219125, 48.356441], [-89.219095, 48.356403], [-89.219081, 48.356341], [-89.219095, 48.356294], [-89.219135, 48.356262]]]}}, {"type": "Feature", "properties": {"lead": 72, "temp": "sp:lake_trout:s2"}, "geometry": {"type": "Polygon", "coordinates": [[[-89.228346, 48.3535], [-89.228335, 48.353487], [-89.228335, 48.35346], [-89.228346, 48.35344], [-89.228366, 48.353426], [-89.228396, 48.353419], [-89.228437, 48.353419], [-89.228457, 48.353426], [-89.228457, 48.35344], [-89.228437, 48.35346], [-89.228396, 48.353487], [-89.228366, 48.3535], [-89.228346, 48.3535]]]}}, {"type": "Feature", "properties": {"lead": 72, "temp": "sp:lake_trout:s2"}, "geometry": {"type": "Polygon", "coordinates": [[[-89.230863, 48.354685], [-89.230823, 48.354623], [-89.230758, 48.354585], [-89.230671, 48.354571], [-89.23056, 48.354583], [-89.230425, 48.354618], [-89.230186, 48.354592], [-89.229842, 48.354502], [-89.229394, 48.35435], [-89.228841, 48.354135], [-89.228362, 48.353983], [-89.227958, 48.353894], [-89.227628, 48.353867], [-89.227372, 48.353903], [-89.227136, 48.353965], [-89.22692, 48.354055], [-89.226725, 48.354171], [-89.226549, 48.354314], [-89.226435, 48.354386], [-89.226381, 48.354386], [-89.226388, 48.354314], [-89.226455, 48.354171], [-89.226549, 48.354035], [-89.226671, 48.353905], [-89.226819, 48.353782], [-89.226994, 48.353665], [-89.226893, 48.353525], [-89.226516, 48.353359], [-89.225862, 48.353169], [-89.224932, 48.352954], [-89.224234, 48.352784], [-89.223769, 48.352659], [-89.223536, 48.352578], [-89.223536, 48.352543], [-89.223624, 48.352516], [-89.223799, 48.352498], [-89.224062, 48.352489], [-89.224413, 48.352489], [-89.22476, 48.352525], [-89.225104, 48.352596], [-89.225444, 48.352704], [-89.225781, 48.352847], [-89.226142, 48.35297], [-89.226526, 48.353073], [-89.226933, 48.353155], [-89.227365, 48.353218], [-89.227688, 48.353285], [-89.227904, 48.353357], [-89.228012, 48.353433], [-89.228012, 48.353513], [-89.228093, 48.353567], [-89.228255, 48.353594], [-89.228497, 48.353594], [-89.228821, 48.353567], [-89.229036, 48.35356], [-89.229144, 48.353574], [-89.229144, 48.353607], [-89.229036, 48.353661], [-89.228986, 48.353724], [-89.228993, 48.353795], [-89.229057, 48.353876], [-89.229178, 48.353965], [-89.2294, 48.354059], [-89.229724, 48.354158], [-89.230148, 48.35426], [-89.230674, 48.354368], [-89.231035, 48.354464], [-89.23123, 48.354549], [-89.231261, 48.354623], [-89.231126, 48.354685], [-89.231015, 48.354717], [-89.230927, 48.354717], [-89.230863, 48.354685]]]}}, {"type": "Feature", "properties": {"lead": 72, "temp": "sp:lake_trout:s2"}, "geometry": {"type": "Polygon", "coordinates": [[[-89.215859, 48.354189], [-89.215846, 48.354153], [-89.21587, 48.354133], [-89.21593, 48.354129], [-89.216028, 48.35414], [-89.216163, 48.354167], [-89.216234, 48.354189], [-89.21624, 48.354207], [-89.216183, 48.35422], [-89.216062, 48.354229], [-89.215967, 48.354227], [-89.2159, 48.354214], [-89.215859, 48.354189]]]}}, {"type": "Feature", "properties": {"lead": 72, "temp": "sp:lake_trout:s2"}, "geometry": {"type": "Polygon", "coordinates": [[[-89.226165, 48.354685], [-89.226192, 48.354623], [-89.226216, 48.354576], [-89.226236, 48.354545], [-89.226253, 48.354529], [-89.226266, 48.354529], [-89.226266, 48.354545], [-89.226253, 48.354576], [-89.226226, 48.354623], [-89.226185, 48.354685], [-89.226162, 48.354717], [-89.226155, 48.354717], [-89.226165, 48.354685]]]}}, {"type": "Feature", "properties": {"lead": 72, "temp": "sp:lake_trout:s2"}, "geometry": {"type": "Polygon", "coordinates": [[[-89.231463, 48.354806], [-89.231463, 48.354753], [-89.231473, 48.354712], [-89.231493, 48.354685], [-89.231523, 48.354672], [-89.231564, 48.354672], [-89.231584, 48.354685], [-89.231584, 48.354712], [-89.231564, 48.354753], [-89.231523, 48.354806], [-89.231493, 48.354833], [-89.231473, 48.354833], [-89.231463, 48.354806]]]}}, {"type": "Feature", "properties": {"lead": 72, "temp": "sp:lake_trout:s2"}, "geometry": {"type": "Polygon", "coordinates": [[[-89.226374, 48.355173], [-89.226253, 48.355173], [-89.226162, 48.355151], [-89.226101, 48.355106], [-89.226071, 48.355039], [-89.226071, 48.354949], [-89.226074, 48.354894], [-89.226081, 48.354871], [-89.226091, 48.354882], [-89.226104, 48.354927], [-89.226142, 48.354972], [-89.226202, 48.355017], [-89.226286, 48.355061], [-89.226394, 48.355106], [-89.226445, 48.35514], [-89.226438, 48.355162], [-89.226374, 48.355173]]]}}, {"type": "Feature", "properties": {"lead": 72, "temp": "sp:lake_trout:s2"}, "geometry": {"type": "Polygon", "coordinates": [[[-89.227149, 48.35511], [-89.227149, 48.355093], [-89.227169, 48.355081], [-89.22721, 48.355077], [-89.22727, 48.355079], [-89.227351, 48.355088], [-89.227392, 48.355097], [-89.227392, 48.355106], [-89.227351, 48.355115], [-89.22727, 48.355124], [-89.22721, 48.355126], [-89.227169, 48.355122], [-89.227149, 48.35511]]]}}, {"type": "Feature", "properties": {"lead": 72, "temp": "sp:brook_trout:s1"}, "geometry": {"type": "Polygon", "coordinates": [[[-89.227149, 48.353102], [-89.227169, 48.353082], [-89.22721, 48.353068], [-89.22727, 48.353061], [-89.227351, 48.353061], [-89.227392, 48.353068], [-89.227392, 48.353082], [-89.227351, 48.353102], [-89.22727, 48.353129], [-89.22721, 48.353142], [-89.227169, 48.353142], [-89.227149, 48.353129], [-89.227149, 48.353102]]]}}, {"type": "Feature", "properties": {"lead": 72, "temp": "sp:brook_trout:s1"}, "geometry": {"type": "Polygon", "coordinates": [[[-89.22786, 48.353189], [-89.22788, 48.353176], [-89.227911, 48.353169], [-89.227951, 48.353169], [-89.227971, 48.353176], [-89.227971, 48.353189], [-89.227951, 48.353209], [-89.227911, 48.353236], [-89.22788, 48.353249], [-89.22786, 48.353249], [-89.22785, 48.353236], [-89.22785, 48.353209], [-89.22786, 48.353189]]]}}, {"type": "Feature", "properties": {"lead": 72, "temp": "sp:brook_trout:s1"}, "geometry": {"type": "Polygon", "coordinates": [[[-89.228285, 48.353397], [-89.228238, 48.353352], [-89.228234, 48.353285], [-89.228275, 48.353196], [-89.228339, 48.353135], [-89.228426, 48.353104], [-89.228538, 48.353102], [-89.228672, 48.353129], [-89.228763, 48.353164], [-89.228811, 48.353209], [-89.228814, 48.353263], [-89.228774, 48.353325], [-89.228709, 48.353372], [-89.228622, 48.353404], [-89.228511, 48.353419], [-89.228376, 48.353419], [-89.228285, 48.353397]]]}}, {"type": "Feature", "properties": {"lead": 72, "temp": "sp:brook_trout:s1"}, "geometry": {"type": "Polygon", "coordinates": [[[-89.229751, 48.353415], [-89.229778, 48.353406], [-89.229818, 48.35341], [-89.229872, 48.353428], [-89.229899, 48.353446], [-89.229899, 48.353464], [-89.229872, 48.353482], [-89.229818, 48.3535], [-89.229778, 48.353504], [-89.229751, 48.353495], [-89.229737, 48.353473], [-89.229737, 48.353437], [-89.229751, 48.353415]]]}}, {"type": "Feature", "properties": {"lead": 72, "temp": "sp:brook_trout:s1"}, "geometry": {"type": "Polygon", "coordinates": [[[-89.23094, 48.353708], [-89.230974, 48.353695], [-89.231025, 48.353697], [-89.231092, 48.353715], [-89.231126, 48.353735], [-89.231126, 48.353757], [-89.231092, 48.353782], [-89.231025, 48.353809], [-89.230974, 48.353818], [-89.23094, 48.353809], [-89.230924, 48.353782], [-89.230924, 48.353737], [-89.23094, 48.353708]]]}}, {"type": "Feature", "properties": {"lead": 72, "temp": "sp:brook_trout:s1"}, "geometry": {"type": "Polygon", "coordinates": [[[-89.232123, 48.353985], [-89.23215, 48.353972], [-89.232191, 48.35397], [-89.232245, 48.353979], [-89.232272, 48.353992], [-89.232272, 48.35401], [-89.232245, 48.354032], [-89.232191, 48.354059], [-89.23215, 48.35407], [-89.232123, 48.354066], [-89.23211, 48.354046], [-89.23211, 48.35401], [-89.232123, 48.353985]]]}}, {"type": "Feature", "properties": {"lead": 72, "temp": "sp:brook_trout:s1"}, "geometry": {"type": "Polygon", "coordinates": [[[-89.227324, 48.354003], [-89.227432, 48.353972], [-89.227574, 48.353956], [-89.227749, 48.353956], [-89.22788, 48.353965], [-89.227968, 48.353983], [-89.228012, 48.35401], [-89.228012, 48.354046], [-89.227958, 48.354079], [-89.22785, 48.354111], [-89.227688, 48.35414], [-89.227473, 48.354167], [-89.227321, 48.354171], [-89.227233, 48.354153], [-89.22721, 48.354113], [-89.22725, 48.35405], [-89.227324, 48.354003]]]}}, {"type": "Feature", "properties": {"lead": 72, "temp": "sp:brook_trout:s1"}, "geometry": {"type": "Polygon", "coordinates": [[[-89.231571, 48.354556], [-89.231291, 48.354413], [-89.230947, 48.354287], [-89.230539, 48.35418], [-89.230068, 48.35409], [-89.229727, 48.354003], [-89.229518, 48.353918], [-89.229441, 48.353835], [-89.229495, 48.353755], [-89.229501, 48.353688], [-89.229461, 48.353634], [-89.229373, 48.353594], [-89.229239, 48.353567], [-89.229127, 48.353531], [-89.22904, 48.353487], [-89.228976, 48.353433], [-89.228935, 48.35337], [-89.228949, 48.353328], [-89.229016, 48.353305], [-89.229137, 48.353303], [-89.229313, 48.353321], [-89.229454, 48.353359], [-89.229562, 48.353417], [-89.229636, 48.353495], [-89.229677, 48.353594], [-89.229737, 48.353681], [-89.229818, 48.353757], [-89.229919, 48.353822], [-89.230041, 48.353876], [-89.230209, 48.353925], [-89.230425, 48.35397], [-89.230688, 48.35401], [-89.230998, 48.354046], [-89.231281, 48.354115], [-89.231537, 48.354218], [-89.231766, 48.354354], [-89.231968, 48.354524], [-89.23211, 48.354663], [-89.232191, 48.35477], [-89.232211, 48.354847], [-89.232171, 48.354891], [-89.232086, 48.354885], [-89.231958, 48.354826], [-89.231786, 48.354717], [-89.231571, 48.354556]]]}}, {"type": "Feature", "properties": {"lead": 72, "temp": "sp:brook_trout:s1"}, "geometry": {"type": "Polygon", "coordinates": [[[-89.228511, 48.35412], [-89.228538, 48.354106], [-89.228578, 48.354099], [-89.228632, 48.354099], [-89.228659, 48.354106], [-89.228659, 48.35412], [-89.228632, 48.35414], [-89.228578, 48.354167], [-89.228538, 48.35418], [-89.228511, 48.35418], [-89.228497, 48.354167], [-89.228497, 48.35414], [-89.228511, 48.35412]]]}}, {"type": "Feature", "properties": {"lead": 72, "temp": "sp:brook_trout:s1"}, "geometry": {"type": "Polygon", "coordinates": [[[-89.226997, 48.354227], [-89.227018, 48.354214], [-89.227048, 48.354207], [-89.227088, 48.354207], [-89.227109, 48.354214], [-89.227109, 48.354227], [-89.227088, 48.354247], [-89.227048, 48.354274], [-89.227018, 48.354287], [-89.226997, 48.354287], [-89.226987, 48.354274], [-89.226987, 48.354247], [-89.226997, 48.354227]]]}}, {"type": "Feature", "properties": {"lead": 72, "temp": "sp:brook_trout:s1"}, "geometry": {"type": "Polygon", "coordinates": [[[-89.226836, 48.354334], [-89.226856, 48.354321], [-89.226886, 48.354314], [-89.226927, 48.354314], [-89.226947, 48.354321], [-89.226947, 48.354334], [-89.226927, 48.354354], [-89.226886, 48.354381], [-89.226856, 48.354395], [-89.226836, 48.354395], [-89.226826, 48.354381], [-89.226826, 48.354354], [-89.226836, 48.354334]]]}}, {"type": "Feature", "properties": {"lead": 72, "temp": "sp:brook_trout:s1"}, "geometry": {"type": "Polygon", "coordinates": [[[-89.226809, 48.355589], [-89.226505, 48.355509], [-89.226307, 48.355419], [-89.226212, 48.355321], [-89.226253, 48.355249], [-89.226428, 48.355204], [-89.226738, 48.355187], [-89.227183, 48.355196], [-89.227483, 48.355218], [-89.227638, 48.355254], [-89.227648, 48.355303], [-89.227513, 48.355366], [-89.227466, 48.355419], [-89.227506, 48.355464], [-89.227634, 48.3555], [-89.22785, 48.355527], [-89.228032, 48.355562], [-89.22818, 48.355607], [-89.228295, 48.355661], [-89.228376, 48.355723], [-89.228308, 48.355755], [-89.228093, 48.355755], [-89.227729, 48.355723], [-89.227217, 48.355661], [-89.226809, 48.355589]], [[-89.226886, 48.355251], [-89.226846, 48.355265], [-89.226826, 48.355285], [-89.226826, 48.355312], [-89.226846, 48.355325], [-89.226886, 48.355325], [-89.226947, 48.355312], [-89.227028, 48.355285], [-89.227068, 48.355265], [-89.227068, 48.355251], [-89.227028, 48.355245], [-89.226947, 48.355245], [-89.226886, 48.355251]]]}}, {"type": "Feature", "properties": {"lead": 72, "temp": "sp:brook_trout:s1"}, "geometry": {"type": "Polygon", "coordinates": [[[-89.228531, 48.355837], [-89.228598, 48.355824], [-89.228699, 48.355817], [-89.228834, 48.355817], [-89.228902, 48.355824], [-89.228902, 48.355837], [-89.228834, 48.355858], [-89.228699, 48.355884], [-89.228598, 48.355898], [-89.228531, 48.355898], [-89.228497, 48.355884], [-89.228497, 48.355858], [-89.228531, 48.355837]]]}}, {"type": "Feature", "properties": {"lead": 72, "temp": "sp:brook_trout:s1"}, "geometry": {"type": "Polygon", "coordinates": [[[-89.229222, 48.355945], [-89.229269, 48.355931], [-89.22934, 48.355925], [-89.229434, 48.355925], [-89.229481, 48.355931], [-89.229481, 48.355945], [-89.229434, 48.355965], [-89.22934, 48.355992], [-89.229269, 48.356005], [-89.229222, 48.356005], [-89.229198, 48.355992], [-89.229198, 48.355965], [-89.229222, 48.355945]]]}}, {"type": "Feature", "properties": {"lead": 72, "temp": "sp:brook_trout:s1"}, "geometry": {"type": "Polygon", "coordinates": [[[-89.231672, 48.356578], [-89.231379, 48.356529], [-89.231183, 48.356484], [-89.231085, 48.356444], [-89.231085, 48.356408], [-89.231001, 48.356361], [-89.230833, 48.356303], [-89.23058, 48.356233], [-89.230243, 48.356153], [-89.23002, 48.356092], [-89.229913, 48.356052], [-89.229919, 48.356032], [-89.230041, 48.356032], [-89.230132, 48.356016], [-89.230192, 48.355985], [-89.230223, 48.355938], [-89.230223, 48.355876], [-89.230236, 48.355831], [-89.230263, 48.355804], [-89.230304, 48.355795], [-89.230357, 48.355804], [-89.230499, 48.355835], [-89.230728, 48.355889], [-89.231045, 48.355965], [-89.231449, 48.356063], [-89.23179, 48.356169], [-89.232066, 48.35628], [-89.232278, 48.356399], [-89.232427, 48.356524], [-89.23244, 48.356605], [-89.232319, 48.35664], [-89.232063, 48.356632], [-89.231672, 48.356578]]]}}, {"type": "Feature", "properties": {"lead": 72, "temp": "sp:brook_trout:s1"}, "geometry": {"type": "Polygon", "coordinates": [[[-89.196374, 48.310736], [-89.196374, 48.310606], [-89.196381, 48.310515], [-89.196394, 48.310461], [-89.196438, 48.310374], [-89.196512, 48.310253], [-89.196617, 48.310098], [-89.196751, 48.30991], [-89.196852, 48.309807], [-89.19692, 48.309789], [-89.196954, 48.309856], [-89.196954, 48.310009], [-89.196933, 48.310165], [-89.196893, 48.310327], [-89.196832, 48.310492], [-89.196751, 48.310662], [-89.196677, 48.31079], [-89.19661, 48.310875], [-89.196549, 48.310918], [-89.196495, 48.310918], [-89.196455, 48.310949], [-89.196428, 48.311012], [-89.196414, 48.311106], [-89.196414, 48.311231], [-89.196411, 48.311274], [-89.196404, 48.311233], [-89.196394, 48.31111], [-89.196381, 48.310904], [-89.196374, 48.310736]]]}}, {"type": "Feature", "properties": {"lead": 72, "temp": "sp:brook_trout:s1"}, "geometry": {"type": "Polygon", "coordinates": [[[-89.222364, 48.351999], [-89.222391, 48.351985], [-89.222431, 48.351992], [-89.222485, 48.352019], [-89.222512, 48.352046], [-89.222512, 48.352073], [-89.222485, 48.3521], [-89.222431, 48.352126], [-89.222391, 48.352133], [-89.222364, 48.35212], [-89.22235, 48.352086], [-89.22235, 48.352032], [-89.222364, 48.351999]]]}}, {"type": "Feature", "properties": {"lead": 72, "temp": "sp:brook_trout:s1"}, "geometry": {"type": "Polygon", "coordinates": [[[-89.223408, 48.352294], [-89.223476, 48.352281], [-89.223577, 48.352274], [-89.223712, 48.352274], [-89.223779, 48.352281], [-89.223779, 48.352294], [-89.223712, 48.352314], [-89.223577, 48.352341], [-89.223476, 48.352355], [-89.223408, 48.352355], [-89.223375, 48.352341], [-89.223375, 48.352314], [-89.223408, 48.352294]]]}}, {"type": "Feature", "properties": {"lead": 72, "temp": "sp:brook_trout:s1"}, "geometry": {"type": "Polygon", "coordinates": [[[-89.222876, 48.352449], [-89.222849, 48.352422], [-89.222835, 48.352386], [-89.222835, 48.352341], [-89.222849, 48.352308], [-89.222876, 48.352285], [-89.222916, 48.352274], [-89.22297, 48.352274], [-89.223011, 48.352287], [-89.223038, 48.352314], [-89.223051, 48.352355], [-89.223051, 48.352408], [-89.223038, 48.352446], [-89.223011, 48.352469], [-89.22297, 48.352475], [-89.222916, 48.352466], [-89.222876, 48.352449]]]}}, {"type": "Feature", "properties": {"lead": 72, "temp": "sp:brook_trout:s1"}, "geometry": {"type": "Polygon", "coordinates": [[[-89.2245, 48.352482], [-89.224433, 48.352469], [-89.224399, 48.352449], [-89.224399, 48.352422], [-89.224433, 48.352393], [-89.2245, 48.352361], [-89.224601, 48.352328], [-89.224736, 48.352292], [-89.224837, 48.352281], [-89.224905, 48.352294], [-89.224938, 48.352332], [-89.224938, 48.352395], [-89.224905, 48.352442], [-89.224837, 48.352473], [-89.224736, 48.352489], [-89.224601, 48.352489], [-89.2245, 48.352482]]]}}, {"type": "Feature", "properties": {"lead": 72, "temp": "sp:brook_trout:s1"}, "geometry": {"type": "Polygon", "coordinates": [[[-89.226135, 48.352867], [-89.226155, 48.352853], [-89.226185, 48.352847], [-89.226226, 48.352847], [-89.226246, 48.352853], [-89.226246, 48.352867], [-89.226226, 48.352887], [-89.226185, 48.352914], [-89.226155, 48.352927], [-89.226135, 48.352927], [-89.226125, 48.352914], [-89.226125, 48.352887], [-89.226135, 48.352867]]]}}, {"type": "Feature", "properties": {"lead": 72, "temp": "sp:brook_trout:s1"}, "geometry": {"type": "Polygon", "coordinates": [[[-89.226836, 48.352974], [-89.226856, 48.352961], [-89.226886, 48.352954], [-89.226927, 48.352954], [-89.226947, 48.352961], [-89.226947, 48.352974], [-89.226927, 48.352994], [-89.226886, 48.353021], [-89.226856, 48.353035], [-89.226836, 48.353035], [-89.226826, 48.353021], [-89.226826, 48.352994], [-89.226836, 48.352974]]]}}, {"type": "Feature", "properties": {"lead": 72, "temp": "sp:brook_trout:s1"}, "geometry": {"type": "Polygon", "coordinates": [[[-89.21531, 48.353856], [-89.215357, 48.353851], [-89.215428, 48.353849], [-89.215522, 48.353849], [-89.21557, 48.353851], [-89.21557, 48.353856], [-89.215522, 48.353862], [-89.215428, 48.353871], [-89.215357, 48.353876], [-89.21531, 48.353876], [-89.215287, 48.353871], [-89.215287, 48.353862], [-89.21531, 48.353856]]]}}, {"type": "Feature", "properties": {"lead": 72, "temp": "sp:brook_trout:s1"}, "geometry": {"type": "Polygon", "coordinates": [[[-89.216618, 48.35386], [-89.216638, 48.353829], [-89.216655, 48.353813], [-89.216668, 48.353813], [-89.216668, 48.353829], [-89.216655, 48.35386], [-89.216628, 48.353907], [-89.216587, 48.35397], [-89.216564, 48.354001], [-89.216557, 48.354001], [-89.216567, 48.35397], [-89.216594, 48.353907], [-89.216618, 48.35386]]]}}, {"type": "Feature", "properties": {"lead": 72, "temp": "sp:brook_trout:s1"}, "geometry": {"type": "Polygon", "coordinates": [[[-89.216871, 48.354151], [-89.216911, 48.354146], [-89.216972, 48.354149], [-89.217052, 48.354158], [-89.217093, 48.354167], [-89.217093, 48.354175], [-89.217052, 48.354184], [-89.216972, 48.354193], [-89.216911, 48.354196], [-89.216871, 48.354191], [-89.21685, 48.35418], [-89.21685, 48.354162], [-89.216871, 48.354151]]]}}, {"type": "Feature", "properties": {"lead": 72, "temp": "sp:brook_trout:s1"}, "geometry": {"type": "Polygon", "coordinates": [[[-89.226623, 48.354469], [-89.22665, 48.354437], [-89.226691, 48.354422], [-89.226745, 48.354422], [-89.226772, 48.354437], [-89.226772, 48.354469], [-89.226745, 48.354515], [-89.226691, 48.354578], [-89.22665, 48.354609], [-89.226623, 48.354609], [-89.22661, 48.354578], [-89.22661, 48.354515], [-89.226623, 48.354469]]]}}, {"type": "Feature", "properties": {"lead": 72, "temp": "sp:brook_trout:s1"}, "geometry": {"type": "Polygon", "coordinates": [[[-89.226458, 48.354732], [-89.226479, 48.354692], [-89.226509, 48.354672], [-89.226549, 48.354672], [-89.22657, 48.354692], [-89.22657, 48.354732], [-89.226549, 48.354793], [-89.226509, 48.354873], [-89.226479, 48.354914], [-89.226458, 48.354914], [-89.226448, 48.354873], [-89.226448, 48.354793], [-89.226458, 48.354732]]]}}, {"type": "Feature", "properties": {"lead": 72, "temp": "sp:brook_trout:s1"}, "geometry": {"type": "Polygon", "coordinates": [[[-89.219, 48.35675], [-89.218906, 48.356665], [-89.218866, 48.35656], [-89.218879, 48.356435], [-89.218899, 48.356356], [-89.218926, 48.356325], [-89.21896, 48.356341], [-89.219, 48.356403], [-89.219085, 48.356441], [-89.219213, 48.356455], [-89.219385, 48.356444], [-89.2196, 48.356408], [-89.219796, 48.356397], [-89.219971, 48.35641], [-89.220126, 48.356448], [-89.220261, 48.356511], [-89.220311, 48.356578], [-89.220278, 48.356649], [-89.22016, 48.356725], [-89.219957, 48.356806], [-89.219755, 48.356855], [-89.219553, 48.356873], [-89.219351, 48.35686], [-89.219149, 48.356815], [-89.219, 48.35675]], [[-89.219017, 48.3565], [-89.21901, 48.356504], [-89.219007, 48.356511], [-89.219007, 48.35652], [-89.21901, 48.356524], [-89.219017, 48.356524], [-89.219027, 48.35652], [-89.219041, 48.356511], [-89.219048, 48.356504], [-89.219048, 48.3565], [-89.219041, 48.356497], [-89.219027, 48.356497], [-89.219017, 48.3565]]]}}, {"type": "Feature", "properties": {"lead": 72, "temp": "sp:brook_trout:s1"}, "geometry": {"type": "Polygon", "coordinates": [[[-89.225521, 48.358864], [-89.225232, 48.358694], [-89.224918, 48.358466], [-89.224581, 48.358179], [-89.224305, 48.357965], [-89.224089, 48.357822], [-89.223934, 48.35775], [-89.22384, 48.35775], [-89.223769, 48.357734], [-89.223722, 48.357703], [-89.223698, 48.357656], [-89.223698, 48.357593], [-89.223594, 48.357502], [-89.223385, 48.357381], [-89.223071, 48.357231], [-89.222654, 48.357052], [-89.222381, 48.356925], [-89.222252, 48.356849], [-89.222269, 48.356824], [-89.222431, 48.356851], [-89.222674, 48.356918], [-89.222997, 48.357025], [-89.223402, 48.357173], [-89.223887, 48.357361], [-89.224352, 48.357567], [-89.224797, 48.35779], [-89.225221, 48.358032], [-89.225626, 48.358291], [-89.225939, 48.358513], [-89.226162, 48.358696], [-89.226293, 48.358841], [-89.226334, 48.358949], [-89.226303, 48.359016], [-89.226202, 48.359043], [-89.22603, 48.359029], [-89.225788, 48.358976], [-89.225521, 48.358864]]]}}, {"type": "Feature", "properties": {"lead": 72, "temp": "sp:brook_trout:s2"}, "geometry": {"type": "Polygon", "coordinates": [[[-89.228875, 48.353236], [-89.228875, 48.353209], [-89.228885, 48.353189], [-89.228905, 48.353176], [-89.228935, 48.353169], [-89.228976, 48.353169], [-89.228996, 48.353176], [-89.228996, 48.353189], [-89.228976, 48.353209], [-89.228935, 48.353236], [-89.228905, 48.353249], [-89.228885, 48.353249], [-89.228875, 48.353236]]]}}, {"type": "Feature", "properties": {"lead": 72, "temp": "sp:brook_trout:s2"}, "geometry": {"type": "Polygon", "coordinates": [[[-89.229198, 48.353366], [-89.229198, 48.35333], [-89.229215, 48.353305], [-89.229249, 48.353292], [-89.229299, 48.35329], [-89.229367, 48.353299], [-89.2294, 48.353312], [-89.2294, 48.35333], [-89.229367, 48.353352], [-89.229299, 48.353379], [-89.229249, 48.35339], [-89.229215, 48.353386], [-89.229198, 48.353366]]]}}, {"type": "Feature", "properties": {"lead": 72, "temp": "sp:brook_trout:s2"}, "geometry": {"type": "Polygon", "coordinates": [[[-89.229576, 48.35346], [-89.229576, 48.353415], [-89.229586, 48.353384], [-89.229606, 48.353366], [-89.229636, 48.353361], [-89.229677, 48.35337], [-89.229697, 48.353386], [-89.229697, 48.353408], [-89.229677, 48.353437], [-89.229636, 48.353473], [-89.229606, 48.353489], [-89.229586, 48.353484], [-89.229576, 48.35346]]]}}, {"type": "Feature", "properties": {"lead": 72, "temp": "sp:brook_trout:s2"}, "geometry": {"type": "Polygon", "coordinates": [[[-89.23027, 48.354596], [-89.229774, 48.354495], [-89.22939, 48.35441], [-89.229117, 48.354341], [-89.228955, 48.354287], [-89.228865, 48.35424], [-89.228844, 48.3542], [-89.228895, 48.354167], [-89.229016, 48.35414], [-89.229097, 48.354104], [-89.229137, 48.354059], [-89.229137, 48.354005], [-89.229097, 48.353943], [-89.229023, 48.353896], [-89.228915, 48.353865], [-89.228774, 48.353849], [-89.228598, 48.353849], [-89.228372, 48.353813], [-89.228096, 48.353742], [-89.227769, 48.353634], [-89.227392, 48.353491], [-89.227075, 48.353384], [-89.226819, 48.353312], [-89.226623, 48.353276], [-89.226489, 48.353276], [-89.226377, 48.353263], [-89.22629, 48.353236], [-89.226226, 48.353196], [-89.226185, 48.353142], [-89.226131, 48.353108], [-89.226064, 48.353095], [-89.225983, 48.353102], [-89.225889, 48.353129], [-89.22566, 48.353111], [-89.225296, 48.353048], [-89.224797, 48.352941], [-89.224163, 48.352789], [-89.223678, 48.352657], [-89.223341, 48.352545], [-89.223152, 48.352453], [-89.223112, 48.352381], [-89.223206, 48.352341], [-89.223435, 48.352332], [-89.223799, 48.352355], [-89.224298, 48.352408], [-89.22474, 48.35248], [-89.225124, 48.352569], [-89.225451, 48.352677], [-89.22572, 48.352802], [-89.225966, 48.352894], [-89.226189, 48.352952], [-89.226388, 48.352976], [-89.226563, 48.352968], [-89.226681, 48.35297], [-89.226741, 48.352983], [-89.226745, 48.353008], [-89.226691, 48.353044], [-89.226802, 48.353091], [-89.227078, 48.353149], [-89.22752, 48.353218], [-89.228126, 48.353299], [-89.228615, 48.353372], [-89.228986, 48.35344], [-89.229239, 48.3535], [-89.229373, 48.353554], [-89.229461, 48.353614], [-89.229501, 48.353681], [-89.229495, 48.353755], [-89.229441, 48.353835], [-89.229518, 48.353918], [-89.229727, 48.354003], [-89.230068, 48.35409], [-89.230539, 48.35418], [-89.230927, 48.354283], [-89.23123, 48.354399], [-89.231449, 48.354529], [-89.231584, 48.354672], [-89.231534, 48.35475], [-89.231298, 48.354764], [-89.230876, 48.354712], [-89.23027, 48.354596]]]}}, {"type": "Feature", "properties": {"lead": 72, "temp": "sp:brook_trout:s2"}, "geometry": {"type": "Polygon", "coordinates": [[[-89.21557, 48.354032], [-89.21558, 48.353983], [-89.215789, 48.353983], [-89.216196, 48.354032], [-89.216803, 48.354131], [-89.217154, 48.354205], [-89.217248, 48.354254], [-89.217086, 48.354278], [-89.216668, 48.354278], [-89.216308, 48.354254], [-89.216004, 48.354205], [-89.215758, 48.354131], [-89.21557, 48.354032]]]}}, {"type": "Feature", "properties": {"lead": 72, "temp": "sp:brook_trout:s2"}, "geometry": {"type": "Polygon", "coordinates": [[[-89.226374, 48.355173], [-89.226253, 48.355173], [-89.226162, 48.355151], [-89.226101, 48.355106], [-89.226071, 48.355039], [-89.226071, 48.354949], [-89.226118, 48.354815], [-89.226212, 48.354636], [-89.226354, 48.354413], [-89.226543, 48.354144], [-89.226802, 48.353956], [-89.227132, 48.353849], [-89.227533, 48.353822], [-89.228005, 48.353876], [-89.228356, 48.353925], [-89.228585, 48.35397], [-89.228693, 48.35401], [-89.228679, 48.354046], [-89.228629, 48.354073], [-89.228541, 48.35409], [-89.228416, 48.354099], [-89.228255, 48.354099], [-89.228137, 48.354088], [-89.228062, 48.354066], [-89.228032, 48.354032], [-89.228046, 48.353988], [-89.228009, 48.353956], [-89.227921, 48.353938], [-89.227783, 48.353934], [-89.227594, 48.353943], [-89.227399, 48.353994], [-89.227196, 48.354088], [-89.226987, 48.354225], [-89.226772, 48.354404], [-89.226617, 48.354569], [-89.226522, 48.354721], [-89.226489, 48.35486], [-89.226516, 48.354985], [-89.226505, 48.355079], [-89.226458, 48.355142], [-89.226374, 48.355173]], [[-89.228153, 48.353956], [-89.22814, 48.353956], [-89.22813, 48.353959], [-89.228123, 48.353963], [-89.22812, 48.35397], [-89.22812, 48.353979], [-89.228123, 48.353983], [-89.22813, 48.353983], [-89.22814, 48.353979], [-89.228153, 48.35397], [-89.22816, 48.353963], [-89.22816, 48.353959], [-89.228153, 48.353956]]]}}, {"type": "Feature", "properties": {"lead": 72, "temp": "sp:brook_trout:s2"}, "geometry": {"type": "Polygon", "coordinates": [[[-89.227291, 48.355137], [-89.227169, 48.355137], [-89.227078, 48.355135], [-89.227018, 48.355131], [-89.226987, 48.355124], [-89.226987, 48.355115], [-89.227001, 48.355102], [-89.227028, 48.355084], [-89.227068, 48.355061], [-89.227122, 48.355034], [-89.227179, 48.355023], [-89.22724, 48.355028], [-89.227304, 48.355048], [-89.227372, 48.355084], [-89.227392, 48.35511], [-89.227365, 48.355128], [-89.227291, 48.355137]]]}}, {"type": "Feature", "properties": {"lead": 72, "temp": "sp:brook_trout:s2"}, "geometry": {"type": "Polygon", "coordinates": [[[-89.226826, 48.355312], [-89.226826, 48.355285], [-89.226846, 48.355265], [-89.226886, 48.355251], [-89.226947, 48.355245], [-89.227028, 48.355245], [-89.227068, 48.355251], [-89.227068, 48.355265], [-89.227028, 48.355285], [-89.226947, 48.355312], [-89.226886, 48.355325], [-89.226846, 48.355325], [-89.226826, 48.355312]]]}}, {"type": "Feature", "properties": {"lead": 72, "temp": "sp:brook_trout:s2"}, "geometry": {"type": "Polygon", "coordinates": [[[-89.229144, 48.355876], [-89.228747, 48.355802], [-89.228383, 48.355717], [-89.228052, 48.355621], [-89.227756, 48.355513], [-89.227577, 48.355426], [-89.227516, 48.355359], [-89.227574, 48.355312], [-89.227749, 48.355285], [-89.227978, 48.355285], [-89.228261, 48.355312], [-89.228598, 48.355366], [-89.228989, 48.355446], [-89.229323, 48.35552], [-89.229599, 48.355587], [-89.229818, 48.355647], [-89.22998, 48.355701], [-89.230101, 48.355757], [-89.230182, 48.355815], [-89.230223, 48.355876], [-89.230223, 48.355938], [-89.230115, 48.355969], [-89.229899, 48.355969], [-89.229576, 48.355938], [-89.229144, 48.355876]]]}}, {"type": "Feature", "properties": {"lead": 72, "temp": "sp:brook_trout:s2"}, "geometry": {"type": "Polygon", "coordinates": [[[-89.219081, 48.356363], [-89.219091, 48.356323], [-89.219125, 48.356296], [-89.219182, 48.356283], [-89.219263, 48.356283], [-89.219324, 48.356287], [-89.219364, 48.356296], [-89.219385, 48.356309], [-89.219385, 48.356327], [-89.219368, 48.35635], [-89.219334, 48.356377], [-89.219283, 48.356408], [-89.219216, 48.356444], [-89.219162, 48.356457], [-89.219122, 48.356448], [-89.219095, 48.356417], [-89.219081, 48.356363]]]}}, {"type": "Feature", "properties": {"lead": 72, "temp": "sp:brook_trout:s3"}, "geometry": {"type": "Polygon", "coordinates": [[[-89.225127, 48.352623], [-89.2251, 48.352619], [-89.2251, 48.35261], [-89.225127, 48.352603], [-89.225181, 48.352598], [-89.225262, 48.352596], [-89.22537, 48.352596], [-89.225424, 48.352598], [-89.225424, 48.352603], [-89.22537, 48.35261], [-89.225262, 48.352619], [-89.225181, 48.352623], [-89.225127, 48.352623]]]}}, {"type": "Feature", "properties": {"lead": 72, "temp": "sp:brook_trout:s3"}, "geometry": {"type": "Polygon", "coordinates": [[[-89.226155, 48.352981], [-89.226125, 48.352976], [-89.226125, 48.352968], [-89.226155, 48.352961], [-89.226216, 48.352956], [-89.226307, 48.352954], [-89.226428, 48.352954], [-89.226489, 48.352956], [-89.226489, 48.352961], [-89.226428, 48.352968], [-89.226307, 48.352976], [-89.226216, 48.352981], [-89.226155, 48.352981]]]}}, {"type": "Feature", "properties": {"lead": 72, "temp": "sp:brook_trout:s3"}, "geometry": {"type": "Polygon", "coordinates": [[[-89.22664, 48.353082], [-89.22661, 48.35307], [-89.22661, 48.353053], [-89.22664, 48.353041], [-89.226701, 48.353037], [-89.226792, 48.353039], [-89.226913, 48.353048], [-89.226974, 48.353057], [-89.226974, 48.353066], [-89.226913, 48.353075], [-89.226792, 48.353084], [-89.226701, 48.353086], [-89.22664, 48.353082]]]}}, {"type": "Feature", "properties": {"lead": 72, "temp": "sp:brook_trout:s3"}, "geometry": {"type": "Polygon", "coordinates": [[[-89.227257, 48.353191], [-89.227257, 48.353182], [-89.227294, 48.353176], [-89.227368, 48.353171], [-89.227479, 48.353169], [-89.227628, 48.353169], [-89.227702, 48.353171], [-89.227702, 48.353176], [-89.227628, 48.353182], [-89.227479, 48.353191], [-89.227368, 48.353196], [-89.227294, 48.353196], [-89.227257, 48.353191]]]}}, {"type": "Feature", "properties": {"lead": 72, "temp": "sp:brook_trout:s3"}, "geometry": {"type": "Polygon", "coordinates": [[[-89.217174, 48.354323], [-89.217174, 48.354305], [-89.217187, 48.354292], [-89.217214, 48.354283], [-89.217255, 48.354278], [-89.217309, 48.354278], [-89.217336, 48.354283], [-89.217336, 48.354292], [-89.217309, 48.354305], [-89.217255, 48.354323], [-89.217214, 48.354332], [-89.217187, 48.354332], [-89.217174, 48.354323]]]}}, {"type": "Feature", "properties": {"lead": 72, "temp": "sp:salmon:s1"}, "geometry": {"type": "Polygon", "coordinates": [[[-89.228885, 48.353189], [-89.228905, 48.353176], [-89.228935, 48.353169], [-89.228976, 48.353169], [-89.228996, 48.353176], [-89.228996, 48.353189], [-89.228976, 48.353209], [-89.228935, 48.353236], [-89.228905, 48.353249], [-89.228885, 48.353249], [-89.228875, 48.353236], [-89.228875, 48.353209], [-89.228885, 48.353189]]]}}, {"type": "Feature", "properties": {"lead": 72, "temp": "sp:salmon:s1"}, "geometry": {"type": "Polygon", "coordinates": [[[-89.229215, 48.353305], [-89.229249, 48.353292], [-89.229299, 48.35329], [-89.229367, 48.353299], [-89.2294, 48.353312], [-89.2294, 48.35333], [-89.229367, 48.353352], [-89.229299, 48.353379], [-89.229249, 48.35339], [-89.229215, 48.353386], [-89.229198, 48.353366], [-89.229198, 48.35333], [-89.229215, 48.353305]]]}}, {"type": "Feature", "properties": {"lead": 72, "temp": "sp:salmon:s1"}, "geometry": {"type": "Polygon", "coordinates": [[[-89.229586, 48.353384], [-89.229606, 48.353366], [-89.229636, 48.353361], [-89.229677, 48.35337], [-89.229697, 48.353386], [-89.229697, 48.353408], [-89.229677, 48.353437], [-89.229636, 48.353473], [-89.229606, 48.353489], [-89.229586, 48.353484], [-89.229576, 48.35346], [-89.229576, 48.353415], [-89.229586, 48.353384]]]}}, {"type": "Feature", "properties": {"lead": 72, "temp": "sp:salmon:s1"}, "geometry": {"type": "Polygon", "coordinates": [[[-89.228531, 48.35344], [-89.228598, 48.353426], [-89.228699, 48.353419], [-89.228834, 48.353419], [-89.228902, 48.353426], [-89.228902, 48.35344], [-89.228834, 48.35346], [-89.228699, 48.353487], [-89.228598, 48.3535], [-89.228531, 48.3535], [-89.228497, 48.353487], [-89.228497, 48.35346], [-89.228531, 48.35344]]]}}, {"type": "Feature", "properties": {"lead": 72, "temp": "sp:salmon:s1"}, "geometry": {"type": "Polygon", "coordinates": [[[-89.228966, 48.353775], [-89.228905, 48.353735], [-89.228875, 48.353701], [-89.228875, 48.353674], [-89.228918, 48.353654], [-89.229006, 48.353641], [-89.229137, 48.353634], [-89.229313, 48.353634], [-89.229431, 48.353654], [-89.229491, 48.353695], [-89.229495, 48.353755], [-89.229441, 48.353835], [-89.22937, 48.353882], [-89.229282, 48.353896], [-89.229178, 48.353876], [-89.229057, 48.353822], [-89.228966, 48.353775]]]}}, {"type": "Feature", "properties": {"lead": 72, "temp": "sp:salmon:s1"}, "geometry": {"type": "Polygon", "coordinates": [[[-89.229383, 48.353983], [-89.229431, 48.353965], [-89.229501, 48.353956], [-89.229596, 48.353956], [-89.229643, 48.353965], [-89.229643, 48.353983], [-89.229596, 48.35401], [-89.229501, 48.354046], [-89.229431, 48.354064], [-89.229383, 48.354064], [-89.22936, 48.354046], [-89.22936, 48.35401], [-89.229383, 48.353983]]]}}, {"type": "Feature", "properties": {"lead": 72, "temp": "sp:salmon:s1"}, "geometry": {"type": "Polygon", "coordinates": [[[-89.228103, 48.35409], [-89.228042, 48.354073], [-89.228012, 48.354046], [-89.228012, 48.35401], [-89.228042, 48.353983], [-89.228103, 48.353965], [-89.228194, 48.353956], [-89.228315, 48.353956], [-89.228406, 48.353965], [-89.228467, 48.353983], [-89.228497, 48.35401], [-89.228497, 48.354046], [-89.228467, 48.354073], [-89.228406, 48.35409], [-89.228315, 48.354099], [-89.228194, 48.354099], [-89.228103, 48.35409]]]}}, {"type": "Feature", "properties": {"lead": 72, "temp": "sp:salmon:s1"}, "geometry": {"type": "Polygon", "coordinates": [[[-89.229919, 48.35412], [-89.22996, 48.354106], [-89.23002, 48.354099], [-89.230101, 48.354099], [-89.230142, 48.354106], [-89.230142, 48.35412], [-89.230101, 48.35414], [-89.23002, 48.354167], [-89.22996, 48.35418], [-89.229919, 48.35418], [-89.229899, 48.354167], [-89.229899, 48.35414], [-89.229919, 48.35412]]]}}, {"type": "Feature", "properties": {"lead": 72, "temp": "sp:salmon:s1"}, "geometry": {"type": "Polygon", "coordinates": [[[-89.228723, 48.35412], [-89.228743, 48.354106], [-89.228774, 48.354099], [-89.228814, 48.354099], [-89.228834, 48.354106], [-89.228834, 48.35412], [-89.228814, 48.35414], [-89.228774, 48.354167], [-89.228743, 48.35418], [-89.228723, 48.35418], [-89.228713, 48.354167], [-89.228713, 48.35414], [-89.228723, 48.35412]]]}}, {"type": "Feature", "properties": {"lead": 72, "temp": "sp:salmon:s1"}, "geometry": {"type": "Polygon", "coordinates": [[[-89.230246, 48.354227], [-89.230293, 48.354214], [-89.230364, 48.354207], [-89.230459, 48.354207], [-89.230506, 48.354214], [-89.230506, 48.354227], [-89.230459, 48.354247], [-89.230364, 48.354274], [-89.230293, 48.354287], [-89.230246, 48.354287], [-89.230223, 48.354274], [-89.230223, 48.354247], [-89.230246, 48.354227]]]}}, {"type": "Feature", "properties": {"lead": 72, "temp": "sp:salmon:s1"}, "geometry": {"type": "Polygon", "coordinates": [[[-89.230792, 48.354334], [-89.230853, 48.354321], [-89.230944, 48.354314], [-89.231065, 48.354314], [-89.231126, 48.354321], [-89.231126, 48.354334], [-89.231065, 48.354354], [-89.230944, 48.354381], [-89.230853, 48.354395], [-89.230792, 48.354395], [-89.230762, 48.354381], [-89.230762, 48.354354], [-89.230792, 48.354334]]]}}, {"type": "Feature", "properties": {"lead": 72, "temp": "sp:salmon:s1"}, "geometry": {"type": "Polygon", "coordinates": [[[-89.231261, 48.354442], [-89.231288, 48.354428], [-89.231328, 48.354422], [-89.231382, 48.354422], [-89.231409, 48.354428], [-89.231409, 48.354442], [-89.231382, 48.354462], [-89.231328, 48.354489], [-89.231288, 48.354502], [-89.231261, 48.354502], [-89.231247, 48.354489], [-89.231247, 48.354462], [-89.231261, 48.354442]]]}}, {"type": "Feature", "properties": {"lead": 72, "temp": "sp:salmon:s1"}, "geometry": {"type": "Polygon", "coordinates": [[[-89.231473, 48.354556], [-89.231493, 48.354538], [-89.231523, 48.354529], [-89.231564, 48.354529], [-89.231584, 48.354538], [-89.231584, 48.354556], [-89.231564, 48.354583], [-89.231523, 48.354618], [-89.231493, 48.354636], [-89.231473, 48.354636], [-89.231463, 48.354618], [-89.231463, 48.354583], [-89.231473, 48.354556]]]}}, {"type": "Feature", "properties": {"lead": 72, "temp": "sp:salmon:s1"}, "geometry": {"type": "Polygon", "coordinates": [[[-89.230455, 48.354683], [-89.230408, 48.354652], [-89.230384, 48.354618], [-89.230384, 48.354583], [-89.230408, 48.354556], [-89.230455, 48.354538], [-89.230526, 48.354529], [-89.23062, 48.354529], [-89.230691, 48.354545], [-89.230738, 48.354576], [-89.230762, 48.354623], [-89.230762, 48.354685], [-89.230738, 48.354726], [-89.230691, 48.354744], [-89.23062, 48.354739], [-89.230526, 48.354712], [-89.230455, 48.354683]]]}}, {"type": "Feature", "properties": {"lead": 72, "temp": "sp:salmon:s1"}, "geometry": {"type": "Polygon", "coordinates": [[[-89.230957, 48.354692], [-89.231025, 48.354679], [-89.231126, 48.354672], [-89.231261, 48.354672], [-89.231328, 48.354679], [-89.231328, 48.354692], [-89.231261, 48.354712], [-89.231126, 48.354739], [-89.231025, 48.354753], [-89.230957, 48.354753], [-89.230924, 48.354739], [-89.230924, 48.354712], [-89.230957, 48.354692]]]}}, {"type": "Feature", "properties": {"lead": 72, "temp": "sp:salmon:s1"}, "geometry": {"type": "Polygon", "coordinates": [[[-89.231655, 48.354685], [-89.231685, 48.354672], [-89.231726, 48.354672], [-89.231746, 48.354685], [-89.231746, 48.354712], [-89.231726, 48.354753], [-89.231685, 48.354806], [-89.231655, 48.354833], [-89.231635, 48.354833], [-89.231625, 48.354806], [-89.231625, 48.354753], [-89.231635, 48.354712], [-89.231655, 48.354685]]]}}, {"type": "Feature", "properties": {"lead": 72, "temp": "sp:salmon:s1"}, "geometry": {"type": "Polygon", "coordinates": [[[-89.228383, 48.355744], [-89.228052, 48.355643], [-89.227756, 48.355527], [-89.227577, 48.355433], [-89.227516, 48.355361], [-89.227574, 48.355312], [-89.227749, 48.355285], [-89.227978, 48.355285], [-89.228261, 48.355312], [-89.228598, 48.355366], [-89.228989, 48.355446], [-89.229323, 48.35552], [-89.229599, 48.355587], [-89.229818, 48.355647], [-89.22998, 48.355701], [-89.230101, 48.355757], [-89.230182, 48.355815], [-89.230223, 48.355876], [-89.230223, 48.355938], [-89.230115, 48.355972], [-89.229899, 48.355976], [-89.229576, 48.355952], [-89.229144, 48.355898], [-89.228747, 48.355829], [-89.228383, 48.355744]]]}}, {"type": "Feature", "properties": {"lead": 72, "temp": "sp:salmon:s1"}, "geometry": {"type": "Polygon", "coordinates": [[[-89.223135, 48.352321], [-89.223304, 48.352308], [-89.223557, 48.352314], [-89.223894, 48.352341], [-89.224093, 48.352368], [-89.224153, 48.352395], [-89.224076, 48.352422], [-89.22386, 48.352449], [-89.223668, 48.352469], [-89.223499, 48.352482], [-89.223354, 48.352489], [-89.223233, 48.352489], [-89.223142, 48.352475], [-89.223082, 48.352449], [-89.223051, 48.352408], [-89.223051, 48.352355], [-89.223135, 48.352321]]]}}, {"type": "Feature", "properties": {"lead": 72, "temp": "sp:salmon:s1"}, "geometry": {"type": "Polygon", "coordinates": [[[-89.224571, 48.352509], [-89.224591, 48.352496], [-89.224622, 48.352489], [-89.224662, 48.352489], [-89.224682, 48.352496], [-89.224682, 48.352509], [-89.224662, 48.352529], [-89.224622, 48.352556], [-89.224591, 48.352569], [-89.224571, 48.352569], [-89.224561, 48.352556], [-89.224561, 48.352529], [-89.224571, 48.352509]]]}}, {"type": "Feature", "properties": {"lead": 72, "temp": "sp:salmon:s1"}, "geometry": {"type": "Polygon", "coordinates": [[[-89.224949, 48.352509], [-89.224969, 48.352496], [-89.224999, 48.352489], [-89.225039, 48.352489], [-89.22506, 48.352496], [-89.22506, 48.352509], [-89.225039, 48.352529], [-89.224999, 48.352556], [-89.224969, 48.352569], [-89.224949, 48.352569], [-89.224938, 48.352556], [-89.224938, 48.352529], [-89.224949, 48.352509]]]}}, {"type": "Feature", "properties": {"lead": 72, "temp": "sp:salmon:s1"}, "geometry": {"type": "Polygon", "coordinates": [[[-89.22513, 48.352616], [-89.225191, 48.352603], [-89.225282, 48.352596], [-89.225403, 48.352596], [-89.225464, 48.352603], [-89.225464, 48.352616], [-89.225403, 48.352636], [-89.225282, 48.352663], [-89.225191, 48.352677], [-89.22513, 48.352677], [-89.2251, 48.352663], [-89.2251, 48.352636], [-89.22513, 48.352616]]]}}, {"type": "Feature", "properties": {"lead": 72, "temp": "sp:salmon:s1"}, "geometry": {"type": "Polygon", "coordinates": [[[-89.225599, 48.35273], [-89.225626, 48.352713], [-89.225666, 48.352704], [-89.22572, 48.352704], [-89.225747, 48.352713], [-89.225747, 48.35273], [-89.22572, 48.352757], [-89.225666, 48.352793], [-89.225626, 48.352811], [-89.225599, 48.352811], [-89.225585, 48.352793], [-89.225585, 48.352757], [-89.225599, 48.35273]]]}}, {"type": "Feature", "properties": {"lead": 72, "temp": "sp:salmon:s1"}, "geometry": {"type": "Polygon", "coordinates": [[[-89.225973, 48.352867], [-89.225993, 48.352853], [-89.226024, 48.352847], [-89.226064, 48.352847], [-89.226084, 48.352853], [-89.226084, 48.352867], [-89.226064, 48.352887], [-89.226024, 48.352914], [-89.225993, 48.352927], [-89.225973, 48.352927], [-89.225963, 48.352914], [-89.225963, 48.352887], [-89.225973, 48.352867]]]}}, {"type": "Feature", "properties": {"lead": 72, "temp": "sp:salmon:s1"}, "geometry": {"type": "Polygon", "coordinates": [[[-89.22632, 48.352974], [-89.226388, 48.352961], [-89.226489, 48.352954], [-89.226623, 48.352954], [-89.226691, 48.352961], [-89.226691, 48.352974], [-89.226623, 48.352994], [-89.226489, 48.353021], [-89.226388, 48.353035], [-89.22632, 48.353035], [-89.226286, 48.353021], [-89.226286, 48.352994], [-89.22632, 48.352974]]]}}, {"type": "Feature", "properties": {"lead": 72, "temp": "sp:salmon:s1"}, "geometry": {"type": "Polygon", "coordinates": [[[-89.226997, 48.353082], [-89.227018, 48.353068], [-89.227048, 48.353061], [-89.227088, 48.353061], [-89.227109, 48.353068], [-89.227109, 48.353082], [-89.227088, 48.353102], [-89.227048, 48.353129], [-89.227018, 48.353142], [-89.226997, 48.353142], [-89.226987, 48.353129], [-89.226987, 48.353102], [-89.226997, 48.353082]]]}}, {"type": "Feature", "properties": {"lead": 72, "temp": "sp:salmon:s1"}, "geometry": {"type": "Polygon", "coordinates": [[[-89.227496, 48.353189], [-89.227543, 48.353176], [-89.227614, 48.353169], [-89.227709, 48.353169], [-89.227756, 48.353176], [-89.227756, 48.353189], [-89.227709, 48.353209], [-89.227614, 48.353236], [-89.227543, 48.353249], [-89.227496, 48.353249], [-89.227473, 48.353236], [-89.227473, 48.353209], [-89.227496, 48.353189]]]}}, {"type": "Feature", "properties": {"lead": 72, "temp": "sp:salmon:s1"}, "geometry": {"type": "Polygon", "coordinates": [[[-89.228103, 48.353612], [-89.228042, 48.353567], [-89.228012, 48.3535], [-89.228012, 48.35341], [-89.228022, 48.353343], [-89.228042, 48.353299], [-89.228073, 48.353276], [-89.228113, 48.353276], [-89.228164, 48.353299], [-89.228224, 48.353343], [-89.228295, 48.35341], [-89.228376, 48.3535], [-89.228406, 48.353567], [-89.228386, 48.353612], [-89.228315, 48.353634], [-89.228194, 48.353634], [-89.228103, 48.353612]]]}}, {"type": "Feature", "properties": {"lead": 72, "temp": "sp:salmon:s1"}, "geometry": {"type": "Polygon", "coordinates": [[[-89.227355, 48.353869], [-89.227442, 48.353856], [-89.227574, 48.353849], [-89.227749, 48.353849], [-89.227837, 48.353856], [-89.227837, 48.353869], [-89.227749, 48.353889], [-89.227574, 48.353916], [-89.227442, 48.353929], [-89.227355, 48.353929], [-89.227311, 48.353916], [-89.227311, 48.353889], [-89.227355, 48.353869]]]}}, {"type": "Feature", "properties": {"lead": 72, "temp": "sp:salmon:s1"}, "geometry": {"type": "Polygon", "coordinates": [[[-89.216193, 48.354153], [-89.216011, 48.354135], [-89.215886, 48.35414], [-89.215819, 48.354167], [-89.215742, 48.354167], [-89.215654, 48.35414], [-89.215556, 48.354086], [-89.215448, 48.354005], [-89.215519, 48.35397], [-89.215768, 48.353979], [-89.216196, 48.354032], [-89.216803, 48.354131], [-89.217224, 48.354209], [-89.21746, 48.354267], [-89.217511, 48.354305], [-89.217376, 48.354323], [-89.217201, 48.354321], [-89.216985, 48.354299], [-89.216729, 48.354256], [-89.216432, 48.354193], [-89.216193, 48.354153]]]}}, {"type": "Feature", "properties": {"lead": 72, "temp": "sp:salmon:s1"}, "geometry": {"type": "Polygon", "coordinates": [[[-89.226185, 48.354981], [-89.226145, 48.354954], [-89.226125, 48.354914], [-89.226125, 48.35486], [-89.226145, 48.354791], [-89.226185, 48.354706], [-89.226246, 48.354605], [-89.226327, 48.354489], [-89.226441, 48.354379], [-89.22659, 48.354276], [-89.226772, 48.35418], [-89.226987, 48.35409], [-89.227105, 48.354052], [-89.227126, 48.354066], [-89.227048, 48.354131], [-89.226873, 48.354247], [-89.226731, 48.35437], [-89.226623, 48.3545], [-89.226549, 48.354636], [-89.226509, 48.354779], [-89.226458, 48.354887], [-89.226398, 48.354958], [-89.226327, 48.354994], [-89.226246, 48.354994], [-89.226185, 48.354981]]]}}, {"type": "Feature", "properties": {"lead": 72, "temp": "sp:salmon:s1"}, "geometry": {"type": "Polygon", "coordinates": [[[-89.226458, 48.355014], [-89.226479, 48.355001], [-89.226509, 48.354994], [-89.226549, 48.354994], [-89.22657, 48.355001], [-89.22657, 48.355014], [-89.226549, 48.355034], [-89.226509, 48.355061], [-89.226479, 48.355075], [-89.226458, 48.355075], [-89.226448, 48.355061], [-89.226448, 48.355034], [-89.226458, 48.355014]]]}}, {"type": "Feature", "properties": {"lead": 72, "temp": "sp:salmon:s1"}, "geometry": {"type": "Polygon", "coordinates": [[[-89.226849, 48.355102], [-89.226896, 48.355084], [-89.226967, 48.355061], [-89.227062, 48.355034], [-89.227109, 48.355023], [-89.227109, 48.355028], [-89.227062, 48.355048], [-89.226967, 48.355084], [-89.226896, 48.355108], [-89.226849, 48.355122], [-89.226826, 48.355124], [-89.226826, 48.355115], [-89.226849, 48.355102]]]}}, {"type": "Feature", "properties": {"lead": 72, "temp": "sp:salmon:s1"}, "geometry": {"type": "Polygon", "coordinates": [[[-89.226886, 48.355251], [-89.226947, 48.355245], [-89.227028, 48.355245], [-89.227068, 48.355251], [-89.227068, 48.355265], [-89.227028, 48.355285], [-89.226947, 48.355312], [-89.226886, 48.355325], [-89.226846, 48.355325], [-89.226826, 48.355312], [-89.226826, 48.355285], [-89.226846, 48.355265], [-89.226886, 48.355251]]]}}, {"type": "Feature", "properties": {"lead": 72, "temp": "sp:salmon:s1"}, "geometry": {"type": "Polygon", "coordinates": [[[-89.219135, 48.356262], [-89.219203, 48.356247], [-89.219297, 48.356247], [-89.219368, 48.356254], [-89.219415, 48.356267], [-89.219438, 48.356287], [-89.219438, 48.356314], [-89.219418, 48.356343], [-89.219378, 48.356374], [-89.219317, 48.356408], [-89.219236, 48.356444], [-89.219172, 48.356455], [-89.219125, 48.356441], [-89.219095, 48.356403], [-89.219081, 48.356341], [-89.219095, 48.356294], [-89.219135, 48.356262]]]}}, {"type": "Feature", "properties": {"lead": 72, "temp": "sp:salmon:s2"}, "geometry": {"type": "Polygon", "coordinates": [[[-89.227351, 48.353075], [-89.227412, 48.353073], [-89.227452, 48.353077], [-89.227473, 48.353088], [-89.227473, 48.353106], [-89.227452, 48.353117], [-89.227412, 48.353122], [-89.227351, 48.35312], [-89.22727, 48.353111], [-89.22723, 48.353102], [-89.22723, 48.353093], [-89.22727, 48.353084], [-89.227351, 48.353075]]]}}, {"type": "Feature", "properties": {"lead": 72, "temp": "sp:salmon:s2"}, "geometry": {"type": "Polygon", "coordinates": [[[-89.228376, 48.353419], [-89.228285, 48.353397], [-89.228238, 48.353352], [-89.228234, 48.353285], [-89.228275, 48.353196], [-89.228339, 48.353135], [-89.228426, 48.353104], [-89.228538, 48.353102], [-89.228672, 48.353129], [-89.228763, 48.353164], [-89.228811, 48.353209], [-89.228814, 48.353263], [-89.228774, 48.353325], [-89.228709, 48.353372], [-89.228622, 48.353404], [-89.228511, 48.353419], [-89.228376, 48.353419]]]}}, {"type": "Feature", "properties": {"lead": 72, "temp": "sp:salmon:s2"}, "geometry": {"type": "Polygon", "coordinates": [[[-89.229737, 48.353437], [-89.229751, 48.353415], [-89.229778, 48.353406], [-89.229818, 48.35341], [-89.229872, 48.353428], [-89.229899, 48.353446], [-89.229899, 48.353464], [-89.229872, 48.353482], [-89.229818, 48.3535], [-89.229778, 48.353504], [-89.229751, 48.353495], [-89.229737, 48.353473], [-89.229737, 48.353437]]]}}, {"type": "Feature", "properties": {"lead": 72, "temp": "sp:salmon:s2"}, "geometry": {"type": "Polygon", "coordinates": [[[-89.23094, 48.353708], [-89.230974, 48.353695], [-89.231025, 48.353697], [-89.231092, 48.353715], [-89.231126, 48.353735], [-89.231126, 48.353757], [-89.231092, 48.353782], [-89.231025, 48.353809], [-89.230974, 48.353818], [-89.23094, 48.353809], [-89.230924, 48.353782], [-89.230924, 48.353737], [-89.23094, 48.353708]]]}}, {"type": "Feature", "properties": {"lead": 72, "temp": "sp:salmon:s2"}, "geometry": {"type": "Polygon", "coordinates": [[[-89.232123, 48.353985], [-89.23215, 48.353972], [-89.232191, 48.35397], [-89.232245, 48.353979], [-89.232272, 48.353992], [-89.232272, 48.35401], [-89.232245, 48.354032], [-89.232191, 48.354059], [-89.23215, 48.35407], [-89.232123, 48.354066], [-89.23211, 48.354046], [-89.23211, 48.35401], [-89.232123, 48.353985]]]}}, {"type": "Feature", "properties": {"lead": 72, "temp": "sp:salmon:s2"}, "geometry": {"type": "Polygon", "coordinates": [[[-89.22725, 48.35405], [-89.227324, 48.354005], [-89.227432, 48.353979], [-89.227574, 48.35397], [-89.227749, 48.353979], [-89.227847, 48.353992], [-89.227867, 48.35401], [-89.22781, 48.354032], [-89.227675, 48.354059], [-89.227554, 48.354086], [-89.227446, 48.354113], [-89.227351, 48.35414], [-89.22727, 48.354167], [-89.22722, 48.354171], [-89.2272, 48.354153], [-89.22721, 48.354113], [-89.22725, 48.35405]]]}}, {"type": "Feature", "properties": {"lead": 72, "temp": "sp:salmon:s2"}, "geometry": {"type": "Polygon", "coordinates": [[[-89.231291, 48.354413], [-89.230947, 48.354287], [-89.230539, 48.35418], [-89.230068, 48.35409], [-89.229727, 48.354003], [-89.229518, 48.353918], [-89.229441, 48.353835], [-89.229495, 48.353755], [-89.229491, 48.353672], [-89.229431, 48.353587], [-89.229313, 48.3535], [-89.229137, 48.35341], [-89.22905, 48.353348], [-89.22905, 48.353312], [-89.229137, 48.353303], [-89.229313, 48.353321], [-89.229454, 48.353359], [-89.229562, 48.353417], [-89.229636, 48.353495], [-89.229677, 48.353594], [-89.229737, 48.353681], [-89.229818, 48.353757], [-89.229919, 48.353822], [-89.230041, 48.353876], [-89.230209, 48.353925], [-89.230425, 48.35397], [-89.230688, 48.35401], [-89.230998, 48.354046], [-89.231281, 48.354115], [-89.231537, 48.354218], [-89.231766, 48.354354], [-89.231968, 48.354524], [-89.23211, 48.354663], [-89.232191, 48.35477], [-89.232211, 48.354847], [-89.232171, 48.354891], [-89.232086, 48.354885], [-89.231958, 48.354826], [-89.231786, 48.354717], [-89.231571, 48.354556], [-89.231291, 48.354413]]]}}, {"type": "Feature", "properties": {"lead": 72, "temp": "sp:salmon:s2"}, "geometry": {"type": "Polygon", "coordinates": [[[-89.228511, 48.35412], [-89.228538, 48.354106], [-89.228578, 48.354099], [-89.228632, 48.354099], [-89.228659, 48.354106], [-89.228659, 48.35412], [-89.228632, 48.35414], [-89.228578, 48.354167], [-89.228538, 48.35418], [-89.228511, 48.35418], [-89.228497, 48.354167], [-89.228497, 48.35414], [-89.228511, 48.35412]]]}}, {"type": "Feature", "properties": {"lead": 72, "temp": "sp:salmon:s2"}, "geometry": {"type": "Polygon", "coordinates": [[[-89.227217, 48.355661], [-89.226809, 48.355589], [-89.226505, 48.355509], [-89.226307, 48.355419], [-89.226212, 48.355321], [-89.226253, 48.355249], [-89.226428, 48.355204], [-89.226738, 48.355187], [-89.227183, 48.355196], [-89.227483, 48.355218], [-89.227638, 48.355254], [-89.227648, 48.355303], [-89.227513, 48.355366], [-89.227466, 48.355419], [-89.227506, 48.355464], [-89.227634, 48.3555], [-89.22785, 48.355527], [-89.228032, 48.355562], [-89.22818, 48.355607], [-89.228295, 48.355661], [-89.228376, 48.355723], [-89.228308, 48.355755], [-89.228093, 48.355755], [-89.227729, 48.355723], [-89.227217, 48.355661]], [[-89.226947, 48.355245], [-89.226886, 48.355251], [-89.226846, 48.355265], [-89.226826, 48.355285], [-89.226826, 48.355312], [-89.226846, 48.355325], [-89.226886, 48.355325], [-89.226947, 48.355312], [-89.227028, 48.355285], [-89.227068, 48.355265], [-89.227068, 48.355251], [-89.227028, 48.355245], [-89.226947, 48.355245]]]}}, {"type": "Feature", "properties": {"lead": 72, "temp": "sp:salmon:s2"}, "geometry": {"type": "Polygon", "coordinates": [[[-89.228531, 48.355864], [-89.228598, 48.355851], [-89.228699, 48.35584], [-89.228834, 48.355831], [-89.228902, 48.355831], [-89.228902, 48.35584], [-89.228834, 48.355858], [-89.228699, 48.355884], [-89.228598, 48.3559], [-89.228531, 48.355905], [-89.228497, 48.355898], [-89.228497, 48.35588], [-89.228531, 48.355864]]]}}, {"type": "Feature", "properties": {"lead": 72, "temp": "sp:salmon:s2"}, "geometry": {"type": "Polygon", "coordinates": [[[-89.229505, 48.355936], [-89.229552, 48.35594], [-89.229576, 48.355952], [-89.229576, 48.355969], [-89.229552, 48.355981], [-89.229505, 48.355985], [-89.229434, 48.355983], [-89.22934, 48.355974], [-89.229292, 48.355965], [-89.229292, 48.355956], [-89.22934, 48.355947], [-89.229434, 48.355938], [-89.229505, 48.355936]]]}}, {"type": "Feature", "properties": {"lead": 72, "temp": "sp:salmon:s2"}, "geometry": {"type": "Polygon", "coordinates": [[[-89.231672, 48.356578], [-89.231379, 48.356529], [-89.231183, 48.356484], [-89.231085, 48.356444], [-89.231085, 48.356408], [-89.231001, 48.356361], [-89.230833, 48.356303], [-89.23058, 48.356233], [-89.230243, 48.356153], [-89.23002, 48.356092], [-89.229913, 48.356052], [-89.229919, 48.356032], [-89.230041, 48.356032], [-89.230132, 48.356016], [-89.230192, 48.355985], [-89.230223, 48.355938], [-89.230223, 48.355876], [-89.230236, 48.355831], [-89.230263, 48.355804], [-89.230304, 48.355795], [-89.230357, 48.355804], [-89.230499, 48.355835], [-89.230728, 48.355889], [-89.231045, 48.355965], [-89.231449, 48.356063], [-89.23179, 48.356169], [-89.232066, 48.35628], [-89.232278, 48.356399], [-89.232427, 48.356524], [-89.23244, 48.356605], [-89.232319, 48.35664], [-89.232063, 48.356632], [-89.231672, 48.356578]]]}}, {"type": "Feature", "properties": {"lead": 72, "temp": "sp:salmon:s2"}, "geometry": {"type": "Polygon", "coordinates": [[[-89.196374, 48.310736], [-89.196374, 48.310606], [-89.196381, 48.310515], [-89.196394, 48.310461], [-89.196438, 48.310374], [-89.196512, 48.310253], [-89.196617, 48.310098], [-89.196751, 48.30991], [-89.196852, 48.309807], [-89.19692, 48.309789], [-89.196954, 48.309856], [-89.196954, 48.310009], [-89.196933, 48.310165], [-89.196893, 48.310327], [-89.196832, 48.310492], [-89.196751, 48.310662], [-89.196677, 48.31079], [-89.19661, 48.310875], [-89.196549, 48.310918], [-89.196495, 48.310918], [-89.196455, 48.310949], [-89.196428, 48.311012], [-89.196414, 48.311106], [-89.196414, 48.311231], [-89.196411, 48.311274], [-89.196404, 48.311233], [-89.196394, 48.31111], [-89.196381, 48.310904], [-89.196374, 48.310736]]]}}, {"type": "Feature", "properties": {"lead": 72, "temp": "sp:salmon:s2"}, "geometry": {"type": "Polygon", "coordinates": [[[-89.223408, 48.352296], [-89.223476, 48.352287], [-89.223577, 48.352287], [-89.223712, 48.352296], [-89.223779, 48.352308], [-89.223779, 48.352321], [-89.223712, 48.352337], [-89.223577, 48.352355], [-89.223476, 48.352361], [-89.223408, 48.352357], [-89.223375, 48.352341], [-89.223375, 48.352314], [-89.223408, 48.352296]]]}}, {"type": "Feature", "properties": {"lead": 72, "temp": "sp:salmon:s2"}, "geometry": {"type": "Polygon", "coordinates": [[[-89.222916, 48.352466], [-89.222876, 48.352449], [-89.222849, 48.352422], [-89.222835, 48.352386], [-89.222835, 48.352341], [-89.222849, 48.352308], [-89.222876, 48.352285], [-89.222916, 48.352274], [-89.22297, 48.352274], [-89.223011, 48.352287], [-89.223038, 48.352314], [-89.223051, 48.352355], [-89.223051, 48.352408], [-89.223038, 48.352446], [-89.223011, 48.352469], [-89.22297, 48.352475], [-89.222916, 48.352466]]]}}, {"type": "Feature", "properties": {"lead": 72, "temp": "sp:salmon:s2"}, "geometry": {"type": "Polygon", "coordinates": [[[-89.224622, 48.352484], [-89.224554, 48.352475], [-89.2245, 48.352462], [-89.22446, 48.352444], [-89.224463, 48.352419], [-89.22451, 48.352388], [-89.224601, 48.35235], [-89.224736, 48.352305], [-89.224837, 48.352287], [-89.224905, 48.352296], [-89.224938, 48.352332], [-89.224938, 48.352395], [-89.224915, 48.352442], [-89.224868, 48.352473], [-89.224797, 48.352489], [-89.224702, 48.352489], [-89.224622, 48.352484]]]}}, {"type": "Feature", "properties": {"lead": 72, "temp": "sp:salmon:s2"}, "geometry": {"type": "Polygon", "coordinates": [[[-89.21531, 48.353856], [-89.215357, 48.353851], [-89.215428, 48.353849], [-89.215522, 48.353849], [-89.21557, 48.353851], [-89.21557, 48.353856], [-89.215522, 48.353862], [-89.215428, 48.353871], [-89.215357, 48.353876], [-89.21531, 48.353876], [-89.215287, 48.353871], [-89.215287, 48.353862], [-89.21531, 48.353856]]]}}, {"type": "Feature", "properties": {"lead": 72, "temp": "sp:salmon:s2"}, "geometry": {"type": "Polygon", "coordinates": [[[-89.216594, 48.353929], [-89.216618, 48.353889], [-89.216638, 48.353862], [-89.216655, 48.353849], [-89.216668, 48.353849], [-89.216668, 48.353862], [-89.216655, 48.353889], [-89.216628, 48.353929], [-89.216587, 48.353983], [-89.216564, 48.35401], [-89.216557, 48.35401], [-89.216567, 48.353983], [-89.216594, 48.353929]]]}}, {"type": "Feature", "properties": {"lead": 72, "temp": "sp:salmon:s2"}, "geometry": {"type": "Polygon", "coordinates": [[[-89.226997, 48.35422], [-89.227018, 48.354211], [-89.227048, 48.354207], [-89.227088, 48.354207], [-89.227109, 48.354211], [-89.227109, 48.35422], [-89.227088, 48.354234], [-89.227048, 48.354252], [-89.227018, 48.35426], [-89.226997, 48.35426], [-89.226987, 48.354252], [-89.226987, 48.354234], [-89.226997, 48.35422]]]}}, {"type": "Feature", "properties": {"lead": 72, "temp": "sp:salmon:s2"}, "geometry": {"type": "Polygon", "coordinates": [[[-89.226623, 48.354469], [-89.22665, 48.354437], [-89.226691, 48.354422], [-89.226745, 48.354422], [-89.226772, 48.354437], [-89.226772, 48.354469], [-89.226745, 48.354515], [-89.226691, 48.354578], [-89.22665, 48.354609], [-89.226623, 48.354609], [-89.22661, 48.354578], [-89.22661, 48.354515], [-89.226623, 48.354469]]]}}, {"type": "Feature", "properties": {"lead": 72, "temp": "sp:salmon:s2"}, "geometry": {"type": "Polygon", "coordinates": [[[-89.226448, 48.354793], [-89.226458, 48.354732], [-89.226479, 48.354692], [-89.226509, 48.354672], [-89.226549, 48.354672], [-89.22657, 48.354692], [-89.22657, 48.354732], [-89.226549, 48.354793], [-89.226509, 48.354873], [-89.226479, 48.354914], [-89.226458, 48.354914], [-89.226448, 48.354873], [-89.226448, 48.354793]]]}}, {"type": "Feature", "properties": {"lead": 72, "temp": "sp:salmon:s2"}, "geometry": {"type": "Polygon", "coordinates": [[[-89.219004, 48.35675], [-89.218916, 48.356665], [-89.218886, 48.35656], [-89.218913, 48.356435], [-89.218936, 48.356359], [-89.218957, 48.356332], [-89.218973, 48.356354], [-89.218987, 48.356426], [-89.21901, 48.356468], [-89.219044, 48.356482], [-89.219088, 48.356466], [-89.219142, 48.356421], [-89.219223, 48.356388], [-89.219331, 48.356365], [-89.219465, 48.356354], [-89.219627, 48.356354], [-89.219786, 48.35637], [-89.219941, 48.356401], [-89.220092, 48.356448], [-89.220241, 48.356511], [-89.220301, 48.356578], [-89.220274, 48.356649], [-89.22016, 48.356725], [-89.219957, 48.356806], [-89.219755, 48.356855], [-89.219553, 48.356873], [-89.219351, 48.35686], [-89.219149, 48.356815], [-89.219004, 48.35675]]]}}, {"type": "Feature", "properties": {"lead": 72, "temp": "sp:salmon:s2"}, "geometry": {"type": "Polygon", "coordinates": [[[-89.225521, 48.358864], [-89.225232, 48.358694], [-89.224918, 48.358466], [-89.224581, 48.358179], [-89.224305, 48.357965], [-89.224089, 48.357822], [-89.223934, 48.35775], [-89.22384, 48.35775], [-89.223769, 48.357734], [-89.223722, 48.357703], [-89.223698, 48.357656], [-89.223698, 48.357593], [-89.223594, 48.357502], [-89.223385, 48.357381], [-89.223071, 48.357231], [-89.222654, 48.357052], [-89.222381, 48.356925], [-89.222252, 48.356849], [-89.222269, 48.356824], [-89.222431, 48.356851], [-89.222674, 48.356918], [-89.222997, 48.357025], [-89.223402, 48.357173], [-89.223887, 48.357361], [-89.224352, 48.357567], [-89.224797, 48.35779], [-89.225221, 48.358032], [-89.225626, 48.358291], [-89.225939, 48.358513], [-89.226162, 48.358696], [-89.226293, 48.358841], [-89.226334, 48.358949], [-89.226303, 48.359016], [-89.226202, 48.359043], [-89.22603, 48.359029], [-89.225788, 48.358976], [-89.225521, 48.358864]]]}}, {"type": "Feature", "properties": {"lead": 72, "temp": "sp:steelhead:s1"}, "geometry": {"type": "Polygon", "coordinates": [[[-89.227149, 48.353102], [-89.227169, 48.353082], [-89.22721, 48.353068], [-89.22727, 48.353061], [-89.227351, 48.353061], [-89.227392, 48.353068], [-89.227392, 48.353082], [-89.227351, 48.353102], [-89.22727, 48.353129], [-89.22721, 48.353142], [-89.227169, 48.353142], [-89.227149, 48.353129], [-89.227149, 48.353102]]]}}, {"type": "Feature", "properties": {"lead": 72, "temp": "sp:steelhead:s1"}, "geometry": {"type": "Polygon", "coordinates": [[[-89.22786, 48.353189], [-89.22788, 48.353176], [-89.227911, 48.353169], [-89.227951, 48.353169], [-89.227971, 48.353176], [-89.227971, 48.353189], [-89.227951, 48.353209], [-89.227911, 48.353236], [-89.22788, 48.353249], [-89.22786, 48.353249], [-89.22785, 48.353236], [-89.22785, 48.353209], [-89.22786, 48.353189]]]}}, {"type": "Feature", "properties": {"lead": 72, "temp": "sp:steelhead:s1"}, "geometry": {"type": "Polygon", "coordinates": [[[-89.228285, 48.353397], [-89.228238, 48.353352], [-89.228234, 48.353285], [-89.228275, 48.353196], [-89.228339, 48.353135], [-89.228426, 48.353104], [-89.228538, 48.353102], [-89.228672, 48.353129], [-89.228763, 48.353164], [-89.228811, 48.353209], [-89.228814, 48.353263], [-89.228774, 48.353325], [-89.228709, 48.353372], [-89.228622, 48.353404], [-89.228511, 48.353419], [-89.228376, 48.353419], [-89.228285, 48.353397]]]}}, {"type": "Feature", "properties": {"lead": 72, "temp": "sp:steelhead:s1"}, "geometry": {"type": "Polygon", "coordinates": [[[-89.229751, 48.353415], [-89.229778, 48.353406], [-89.229818, 48.35341], [-89.229872, 48.353428], [-89.229899, 48.353446], [-89.229899, 48.353464], [-89.229872, 48.353482], [-89.229818, 48.3535], [-89.229778, 48.353504], [-89.229751, 48.353495], [-89.229737, 48.353473], [-89.229737, 48.353437], [-89.229751, 48.353415]]]}}, {"type": "Feature", "properties": {"lead": 72, "temp": "sp:steelhead:s1"}, "geometry": {"type": "Polygon", "coordinates": [[[-89.23094, 48.353708], [-89.230974, 48.353695], [-89.231025, 48.353697], [-89.231092, 48.353715], [-89.231126, 48.353735], [-89.231126, 48.353757], [-89.231092, 48.353782], [-89.231025, 48.353809], [-89.230974, 48.353818], [-89.23094, 48.353809], [-89.230924, 48.353782], [-89.230924, 48.353737], [-89.23094, 48.353708]]]}}, {"type": "Feature", "properties": {"lead": 72, "temp": "sp:steelhead:s1"}, "geometry": {"type": "Polygon", "coordinates": [[[-89.232123, 48.353985], [-89.23215, 48.353972], [-89.232191, 48.35397], [-89.232245, 48.353979], [-89.232272, 48.353992], [-89.232272, 48.35401], [-89.232245, 48.354032], [-89.232191, 48.354059], [-89.23215, 48.35407], [-89.232123, 48.354066], [-89.23211, 48.354046], [-89.23211, 48.35401], [-89.232123, 48.353985]]]}}, {"type": "Feature", "properties": {"lead": 72, "temp": "sp:steelhead:s1"}, "geometry": {"type": "Polygon", "coordinates": [[[-89.227324, 48.354003], [-89.227432, 48.353972], [-89.227574, 48.353956], [-89.227749, 48.353956], [-89.22788, 48.353965], [-89.227968, 48.353983], [-89.228012, 48.35401], [-89.228012, 48.354046], [-89.227958, 48.354079], [-89.22785, 48.354111], [-89.227688, 48.35414], [-89.227473, 48.354167], [-89.227321, 48.354171], [-89.227233, 48.354153], [-89.22721, 48.354113], [-89.22725, 48.35405], [-89.227324, 48.354003]]]}}, {"type": "Feature", "properties": {"lead": 72, "temp": "sp:steelhead:s1"}, "geometry": {"type": "Polygon", "coordinates": [[[-89.231571, 48.354556], [-89.231291, 48.354413], [-89.230947, 48.354287], [-89.230539, 48.35418], [-89.230068, 48.35409], [-89.229727, 48.354003], [-89.229518, 48.353918], [-89.229441, 48.353835], [-89.229495, 48.353755], [-89.229501, 48.353688], [-89.229461, 48.353634], [-89.229373, 48.353594], [-89.229239, 48.353567], [-89.229127, 48.353531], [-89.22904, 48.353487], [-89.228976, 48.353433], [-89.228935, 48.35337], [-89.228949, 48.353328], [-89.229016, 48.353305], [-89.229137, 48.353303], [-89.229313, 48.353321], [-89.229454, 48.353359], [-89.229562, 48.353417], [-89.229636, 48.353495], [-89.229677, 48.353594], [-89.229737, 48.353681], [-89.229818, 48.353757], [-89.229919, 48.353822], [-89.230041, 48.353876], [-89.230209, 48.353925], [-89.230425, 48.35397], [-89.230688, 48.35401], [-89.230998, 48.354046], [-89.231281, 48.354115], [-89.231537, 48.354218], [-89.231766, 48.354354], [-89.231968, 48.354524], [-89.23211, 48.354663], [-89.232191, 48.35477], [-89.232211, 48.354847], [-89.232171, 48.354891], [-89.232086, 48.354885], [-89.231958, 48.354826], [-89.231786, 48.354717], [-89.231571, 48.354556]]]}}, {"type": "Feature", "properties": {"lead": 72, "temp": "sp:steelhead:s1"}, "geometry": {"type": "Polygon", "coordinates": [[[-89.228511, 48.35412], [-89.228538, 48.354106], [-89.228578, 48.354099], [-89.228632, 48.354099], [-89.228659, 48.354106], [-89.228659, 48.35412], [-89.228632, 48.35414], [-89.228578, 48.354167], [-89.228538, 48.35418], [-89.228511, 48.35418], [-89.228497, 48.354167], [-89.228497, 48.35414], [-89.228511, 48.35412]]]}}, {"type": "Feature", "properties": {"lead": 72, "temp": "sp:steelhead:s1"}, "geometry": {"type": "Polygon", "coordinates": [[[-89.226997, 48.354227], [-89.227018, 48.354214], [-89.227048, 48.354207], [-89.227088, 48.354207], [-89.227109, 48.354214], [-89.227109, 48.354227], [-89.227088, 48.354247], [-89.227048, 48.354274], [-89.227018, 48.354287], [-89.226997, 48.354287], [-89.226987, 48.354274], [-89.226987, 48.354247], [-89.226997, 48.354227]]]}}, {"type": "Feature", "properties": {"lead": 72, "temp": "sp:steelhead:s1"}, "geometry": {"type": "Polygon", "coordinates": [[[-89.226836, 48.354334], [-89.226856, 48.354321], [-89.226886, 48.354314], [-89.226927, 48.354314], [-89.226947, 48.354321], [-89.226947, 48.354334], [-89.226927, 48.354354], [-89.226886, 48.354381], [-89.226856, 48.354395], [-89.226836, 48.354395], [-89.226826, 48.354381], [-89.226826, 48.354354], [-89.226836, 48.354334]]]}}, {"type": "Feature", "properties": {"lead": 72, "temp": "sp:steelhead:s1"}, "geometry": {"type": "Polygon", "coordinates": [[[-89.226809, 48.355589], [-89.226505, 48.355509], [-89.226307, 48.355419], [-89.226212, 48.355321], [-89.226253, 48.355249], [-89.226428, 48.355204], [-89.226738, 48.355187], [-89.227183, 48.355196], [-89.227483, 48.355218], [-89.227638, 48.355254], [-89.227648, 48.355303], [-89.227513, 48.355366], [-89.227466, 48.355419], [-89.227506, 48.355464], [-89.227634, 48.3555], [-89.22785, 48.355527], [-89.228032, 48.355562], [-89.22818, 48.355607], [-89.228295, 48.355661], [-89.228376, 48.355723], [-89.228308, 48.355755], [-89.228093, 48.355755], [-89.227729, 48.355723], [-89.227217, 48.355661], [-89.226809, 48.355589]], [[-89.226886, 48.355251], [-89.226846, 48.355265], [-89.226826, 48.355285], [-89.226826, 48.355312], [-89.226846, 48.355325], [-89.226886, 48.355325], [-89.226947, 48.355312], [-89.227028, 48.355285], [-89.227068, 48.355265], [-89.227068, 48.355251], [-89.227028, 48.355245], [-89.226947, 48.355245], [-89.226886, 48.355251]]]}}, {"type": "Feature", "properties": {"lead": 72, "temp": "sp:steelhead:s1"}, "geometry": {"type": "Polygon", "coordinates": [[[-89.228531, 48.355837], [-89.228598, 48.355824], [-89.228699, 48.355817], [-89.228834, 48.355817], [-89.228902, 48.355824], [-89.228902, 48.355837], [-89.228834, 48.355858], [-89.228699, 48.355884], [-89.228598, 48.355898], [-89.228531, 48.355898], [-89.228497, 48.355884], [-89.228497, 48.355858], [-89.228531, 48.355837]]]}}, {"type": "Feature", "properties": {"lead": 72, "temp": "sp:steelhead:s1"}, "geometry": {"type": "Polygon", "coordinates": [[[-89.229222, 48.355945], [-89.229269, 48.355931], [-89.22934, 48.355925], [-89.229434, 48.355925], [-89.229481, 48.355931], [-89.229481, 48.355945], [-89.229434, 48.355965], [-89.22934, 48.355992], [-89.229269, 48.356005], [-89.229222, 48.356005], [-89.229198, 48.355992], [-89.229198, 48.355965], [-89.229222, 48.355945]]]}}, {"type": "Feature", "properties": {"lead": 72, "temp": "sp:steelhead:s1"}, "geometry": {"type": "Polygon", "coordinates": [[[-89.231672, 48.356578], [-89.231379, 48.356529], [-89.231183, 48.356484], [-89.231085, 48.356444], [-89.231085, 48.356408], [-89.231001, 48.356361], [-89.230833, 48.356303], [-89.23058, 48.356233], [-89.230243, 48.356153], [-89.23002, 48.356092], [-89.229913, 48.356052], [-89.229919, 48.356032], [-89.230041, 48.356032], [-89.230132, 48.356016], [-89.230192, 48.355985], [-89.230223, 48.355938], [-89.230223, 48.355876], [-89.230236, 48.355831], [-89.230263, 48.355804], [-89.230304, 48.355795], [-89.230357, 48.355804], [-89.230499, 48.355835], [-89.230728, 48.355889], [-89.231045, 48.355965], [-89.231449, 48.356063], [-89.23179, 48.356169], [-89.232066, 48.35628], [-89.232278, 48.356399], [-89.232427, 48.356524], [-89.23244, 48.356605], [-89.232319, 48.35664], [-89.232063, 48.356632], [-89.231672, 48.356578]]]}}, {"type": "Feature", "properties": {"lead": 72, "temp": "sp:steelhead:s1"}, "geometry": {"type": "Polygon", "coordinates": [[[-89.196374, 48.310736], [-89.196374, 48.310606], [-89.196381, 48.310515], [-89.196394, 48.310461], [-89.196438, 48.310374], [-89.196512, 48.310253], [-89.196617, 48.310098], [-89.196751, 48.30991], [-89.196852, 48.309807], [-89.19692, 48.309789], [-89.196954, 48.309856], [-89.196954, 48.310009], [-89.196933, 48.310165], [-89.196893, 48.310327], [-89.196832, 48.310492], [-89.196751, 48.310662], [-89.196677, 48.31079], [-89.19661, 48.310875], [-89.196549, 48.310918], [-89.196495, 48.310918], [-89.196455, 48.310949], [-89.196428, 48.311012], [-89.196414, 48.311106], [-89.196414, 48.311231], [-89.196411, 48.311274], [-89.196404, 48.311233], [-89.196394, 48.31111], [-89.196381, 48.310904], [-89.196374, 48.310736]]]}}, {"type": "Feature", "properties": {"lead": 72, "temp": "sp:steelhead:s1"}, "geometry": {"type": "Polygon", "coordinates": [[[-89.222364, 48.351999], [-89.222391, 48.351985], [-89.222431, 48.351992], [-89.222485, 48.352019], [-89.222512, 48.352046], [-89.222512, 48.352073], [-89.222485, 48.3521], [-89.222431, 48.352126], [-89.222391, 48.352133], [-89.222364, 48.35212], [-89.22235, 48.352086], [-89.22235, 48.352032], [-89.222364, 48.351999]]]}}, {"type": "Feature", "properties": {"lead": 72, "temp": "sp:steelhead:s1"}, "geometry": {"type": "Polygon", "coordinates": [[[-89.223408, 48.352294], [-89.223476, 48.352281], [-89.223577, 48.352274], [-89.223712, 48.352274], [-89.223779, 48.352281], [-89.223779, 48.352294], [-89.223712, 48.352314], [-89.223577, 48.352341], [-89.223476, 48.352355], [-89.223408, 48.352355], [-89.223375, 48.352341], [-89.223375, 48.352314], [-89.223408, 48.352294]]]}}, {"type": "Feature", "properties": {"lead": 72, "temp": "sp:steelhead:s1"}, "geometry": {"type": "Polygon", "coordinates": [[[-89.222876, 48.352449], [-89.222849, 48.352422], [-89.222835, 48.352386], [-89.222835, 48.352341], [-89.222849, 48.352308], [-89.222876, 48.352285], [-89.222916, 48.352274], [-89.22297, 48.352274], [-89.223011, 48.352287], [-89.223038, 48.352314], [-89.223051, 48.352355], [-89.223051, 48.352408], [-89.223038, 48.352446], [-89.223011, 48.352469], [-89.22297, 48.352475], [-89.222916, 48.352466], [-89.222876, 48.352449]]]}}, {"type": "Feature", "properties": {"lead": 72, "temp": "sp:steelhead:s1"}, "geometry": {"type": "Polygon", "coordinates": [[[-89.2245, 48.352482], [-89.224433, 48.352469], [-89.224399, 48.352449], [-89.224399, 48.352422], [-89.224433, 48.352393], [-89.2245, 48.352361], [-89.224601, 48.352328], [-89.224736, 48.352292], [-89.224837, 48.352281], [-89.224905, 48.352294], [-89.224938, 48.352332], [-89.224938, 48.352395], [-89.224905, 48.352442], [-89.224837, 48.352473], [-89.224736, 48.352489], [-89.224601, 48.352489], [-89.2245, 48.352482]]]}}, {"type": "Feature", "properties": {"lead": 72, "temp": "sp:steelhead:s1"}, "geometry": {"type": "Polygon", "coordinates": [[[-89.226135, 48.352867], [-89.226155, 48.352853], [-89.226185, 48.352847], [-89.226226, 48.352847], [-89.226246, 48.352853], [-89.226246, 48.352867], [-89.226226, 48.352887], [-89.226185, 48.352914], [-89.226155, 48.352927], [-89.226135, 48.352927], [-89.226125, 48.352914], [-89.226125, 48.352887], [-89.226135, 48.352867]]]}}, {"type": "Feature", "properties": {"lead": 72, "temp": "sp:steelhead:s1"}, "geometry": {"type": "Polygon", "coordinates": [[[-89.226836, 48.352974], [-89.226856, 48.352961], [-89.226886, 48.352954], [-89.226927, 48.352954], [-89.226947, 48.352961], [-89.226947, 48.352974], [-89.226927, 48.352994], [-89.226886, 48.353021], [-89.226856, 48.353035], [-89.226836, 48.353035], [-89.226826, 48.353021], [-89.226826, 48.352994], [-89.226836, 48.352974]]]}}, {"type": "Feature", "properties": {"lead": 72, "temp": "sp:steelhead:s1"}, "geometry": {"type": "Polygon", "coordinates": [[[-89.21531, 48.353856], [-89.215357, 48.353851], [-89.215428, 48.353849], [-89.215522, 48.353849], [-89.21557, 48.353851], [-89.21557, 48.353856], [-89.215522, 48.353862], [-89.215428, 48.353871], [-89.215357, 48.353876], [-89.21531, 48.353876], [-89.215287, 48.353871], [-89.215287, 48.353862], [-89.21531, 48.353856]]]}}, {"type": "Feature", "properties": {"lead": 72, "temp": "sp:steelhead:s1"}, "geometry": {"type": "Polygon", "coordinates": [[[-89.216618, 48.35386], [-89.216638, 48.353829], [-89.216655, 48.353813], [-89.216668, 48.353813], [-89.216668, 48.353829], [-89.216655, 48.35386], [-89.216628, 48.353907], [-89.216587, 48.35397], [-89.216564, 48.354001], [-89.216557, 48.354001], [-89.216567, 48.35397], [-89.216594, 48.353907], [-89.216618, 48.35386]]]}}, {"type": "Feature", "properties": {"lead": 72, "temp": "sp:steelhead:s1"}, "geometry": {"type": "Polygon", "coordinates": [[[-89.216871, 48.354151], [-89.216911, 48.354146], [-89.216972, 48.354149], [-89.217052, 48.354158], [-89.217093, 48.354167], [-89.217093, 48.354175], [-89.217052, 48.354184], [-89.216972, 48.354193], [-89.216911, 48.354196], [-89.216871, 48.354191], [-89.21685, 48.35418], [-89.21685, 48.354162], [-89.216871, 48.354151]]]}}, {"type": "Feature", "properties": {"lead": 72, "temp": "sp:steelhead:s1"}, "geometry": {"type": "Polygon", "coordinates": [[[-89.226623, 48.354469], [-89.22665, 48.354437], [-89.226691, 48.354422], [-89.226745, 48.354422], [-89.226772, 48.354437], [-89.226772, 48.354469], [-89.226745, 48.354515], [-89.226691, 48.354578], [-89.22665, 48.354609], [-89.226623, 48.354609], [-89.22661, 48.354578], [-89.22661, 48.354515], [-89.226623, 48.354469]]]}}, {"type": "Feature", "properties": {"lead": 72, "temp": "sp:steelhead:s1"}, "geometry": {"type": "Polygon", "coordinates": [[[-89.226458, 48.354732], [-89.226479, 48.354692], [-89.226509, 48.354672], [-89.226549, 48.354672], [-89.22657, 48.354692], [-89.22657, 48.354732], [-89.226549, 48.354793], [-89.226509, 48.354873], [-89.226479, 48.354914], [-89.226458, 48.354914], [-89.226448, 48.354873], [-89.226448, 48.354793], [-89.226458, 48.354732]]]}}, {"type": "Feature", "properties": {"lead": 72, "temp": "sp:steelhead:s1"}, "geometry": {"type": "Polygon", "coordinates": [[[-89.219, 48.35675], [-89.218906, 48.356665], [-89.218866, 48.35656], [-89.218879, 48.356435], [-89.218899, 48.356356], [-89.218926, 48.356325], [-89.21896, 48.356341], [-89.219, 48.356403], [-89.219085, 48.356441], [-89.219213, 48.356455], [-89.219385, 48.356444], [-89.2196, 48.356408], [-89.219796, 48.356397], [-89.219971, 48.35641], [-89.220126, 48.356448], [-89.220261, 48.356511], [-89.220311, 48.356578], [-89.220278, 48.356649], [-89.22016, 48.356725], [-89.219957, 48.356806], [-89.219755, 48.356855], [-89.219553, 48.356873], [-89.219351, 48.35686], [-89.219149, 48.356815], [-89.219, 48.35675]], [[-89.219017, 48.3565], [-89.21901, 48.356504], [-89.219007, 48.356511], [-89.219007, 48.35652], [-89.21901, 48.356524], [-89.219017, 48.356524], [-89.219027, 48.35652], [-89.219041, 48.356511], [-89.219048, 48.356504], [-89.219048, 48.3565], [-89.219041, 48.356497], [-89.219027, 48.356497], [-89.219017, 48.3565]]]}}, {"type": "Feature", "properties": {"lead": 72, "temp": "sp:steelhead:s1"}, "geometry": {"type": "Polygon", "coordinates": [[[-89.225521, 48.358864], [-89.225232, 48.358694], [-89.224918, 48.358466], [-89.224581, 48.358179], [-89.224305, 48.357965], [-89.224089, 48.357822], [-89.223934, 48.35775], [-89.22384, 48.35775], [-89.223769, 48.357734], [-89.223722, 48.357703], [-89.223698, 48.357656], [-89.223698, 48.357593], [-89.223594, 48.357502], [-89.223385, 48.357381], [-89.223071, 48.357231], [-89.222654, 48.357052], [-89.222381, 48.356925], [-89.222252, 48.356849], [-89.222269, 48.356824], [-89.222431, 48.356851], [-89.222674, 48.356918], [-89.222997, 48.357025], [-89.223402, 48.357173], [-89.223887, 48.357361], [-89.224352, 48.357567], [-89.224797, 48.35779], [-89.225221, 48.358032], [-89.225626, 48.358291], [-89.225939, 48.358513], [-89.226162, 48.358696], [-89.226293, 48.358841], [-89.226334, 48.358949], [-89.226303, 48.359016], [-89.226202, 48.359043], [-89.22603, 48.359029], [-89.225788, 48.358976], [-89.225521, 48.358864]]]}}, {"type": "Feature", "properties": {"lead": 72, "temp": "sp:steelhead:s2"}, "geometry": {"type": "Polygon", "coordinates": [[[-89.223927, 48.352017], [-89.223954, 48.352003], [-89.223995, 48.352001], [-89.224049, 48.35201], [-89.224076, 48.352024], [-89.224076, 48.352041], [-89.224049, 48.352064], [-89.223995, 48.352091], [-89.223954, 48.352102], [-89.223927, 48.352097], [-89.223914, 48.352077], [-89.223914, 48.352041], [-89.223927, 48.352017]]]}}, {"type": "Feature", "properties": {"lead": 72, "temp": "sp:steelhead:s2"}, "geometry": {"type": "Polygon", "coordinates": [[[-89.223995, 48.352348], [-89.223941, 48.352334], [-89.223914, 48.352319], [-89.223914, 48.352301], [-89.223954, 48.352279], [-89.224035, 48.352252], [-89.224157, 48.35222], [-89.224318, 48.352185], [-89.224426, 48.352173], [-89.22448, 48.352187], [-89.22448, 48.352225], [-89.224426, 48.352287], [-89.224359, 48.352332], [-89.224278, 48.352359], [-89.224184, 48.352368], [-89.224076, 48.352359], [-89.223995, 48.352348]]]}}, {"type": "Feature", "properties": {"lead": 72, "temp": "sp:steelhead:s2"}, "geometry": {"type": "Polygon", "coordinates": [[[-89.224949, 48.352281], [-89.224969, 48.352258], [-89.224999, 48.352252], [-89.225039, 48.352261], [-89.22506, 48.352279], [-89.22506, 48.352305], [-89.225039, 48.352341], [-89.224999, 48.352386], [-89.224969, 48.352406], [-89.224949, 48.352402], [-89.224938, 48.352373], [-89.224938, 48.352319], [-89.224949, 48.352281]]]}}, {"type": "Feature", "properties": {"lead": 72, "temp": "sp:steelhead:s2"}, "geometry": {"type": "Polygon", "coordinates": [[[-89.225265, 48.352366], [-89.225353, 48.352352], [-89.225464, 48.352364], [-89.225599, 48.352399], [-89.225656, 48.352433], [-89.225636, 48.352464], [-89.225538, 48.352493], [-89.225363, 48.35252], [-89.225242, 48.352525], [-89.225174, 48.352507], [-89.225161, 48.352466], [-89.225201, 48.352404], [-89.225265, 48.352366]]]}}, {"type": "Feature", "properties": {"lead": 72, "temp": "sp:steelhead:s2"}, "geometry": {"type": "Polygon", "coordinates": [[[-89.225821, 48.352751], [-89.225862, 48.352737], [-89.225922, 48.352726], [-89.226003, 48.352717], [-89.226044, 48.352717], [-89.226044, 48.352726], [-89.226003, 48.352744], [-89.225922, 48.352771], [-89.225862, 48.352786], [-89.225821, 48.352791], [-89.225801, 48.352784], [-89.225801, 48.352766], [-89.225821, 48.352751]]]}}, {"type": "Feature", "properties": {"lead": 72, "temp": "sp:steelhead:s2"}, "geometry": {"type": "Polygon", "coordinates": [[[-89.226499, 48.352867], [-89.226411, 48.352853], [-89.226408, 48.352847], [-89.226489, 48.352847], [-89.226553, 48.352833], [-89.2266, 48.352806], [-89.22663, 48.352766], [-89.226644, 48.352713], [-89.226698, 48.352683], [-89.226792, 48.352679], [-89.226927, 48.352699], [-89.227102, 48.352744], [-89.22723, 48.352786], [-89.227311, 48.352827], [-89.227345, 48.352865], [-89.227331, 48.3529], [-89.227257, 48.352921], [-89.227122, 48.352925], [-89.226927, 48.352914], [-89.226671, 48.352887], [-89.226499, 48.352867]]]}}, {"type": "Feature", "properties": {"lead": 72, "temp": "sp:steelhead:s2"}, "geometry": {"type": "Polygon", "coordinates": [[[-89.228073, 48.353234], [-89.228032, 48.353202], [-89.228012, 48.35316], [-89.228012, 48.353106], [-89.227992, 48.353068], [-89.227951, 48.353046], [-89.227891, 48.353039], [-89.22781, 48.353048], [-89.227736, 48.353041], [-89.227668, 48.353019], [-89.227607, 48.352981], [-89.227554, 48.352927], [-89.227564, 48.352898], [-89.227638, 48.352894], [-89.227776, 48.352914], [-89.227978, 48.352959], [-89.228133, 48.353008], [-89.228241, 48.353061], [-89.228302, 48.35312], [-89.228315, 48.353182], [-89.228305, 48.353227], [-89.228271, 48.353254], [-89.228214, 48.353263], [-89.228133, 48.353254], [-89.228073, 48.353234]]]}}, {"type": "Feature", "properties": {"lead": 72, "temp": "sp:steelhead:s2"}, "geometry": {"type": "Polygon", "coordinates": [[[-89.227486, 48.353075], [-89.227513, 48.353066], [-89.227554, 48.353061], [-89.227607, 48.353061], [-89.227634, 48.353066], [-89.227634, 48.353075], [-89.227607, 48.353088], [-89.227554, 48.353106], [-89.227513, 48.353115], [-89.227486, 48.353115], [-89.227473, 48.353106], [-89.227473, 48.353088], [-89.227486, 48.353075]]]}}, {"type": "Feature", "properties": {"lead": 72, "temp": "sp:steelhead:s2"}, "geometry": {"type": "Polygon", "coordinates": [[[-89.228723, 48.353303], [-89.228743, 48.353285], [-89.228774, 48.353276], [-89.228814, 48.353276], [-89.228834, 48.353285], [-89.228834, 48.353303], [-89.228814, 48.35333], [-89.228774, 48.353366], [-89.228743, 48.353384], [-89.228723, 48.353384], [-89.228713, 48.353366], [-89.228713, 48.35333], [-89.228723, 48.353303]]]}}, {"type": "Feature", "properties": {"lead": 72, "temp": "sp:steelhead:s2"}, "geometry": {"type": "Polygon", "coordinates": [[[-89.22691, 48.354462], [-89.226997, 48.354381], [-89.227149, 48.354301], [-89.227365, 48.35422], [-89.227527, 48.354173], [-89.227634, 48.35416], [-89.227688, 48.35418], [-89.227688, 48.354234], [-89.227645, 48.354287], [-89.227557, 48.354341], [-89.227425, 48.354395], [-89.22725, 48.354448], [-89.227119, 48.354502], [-89.227031, 48.354556], [-89.226987, 48.354609], [-89.226987, 48.354663], [-89.226977, 48.354683], [-89.226957, 48.35467], [-89.226927, 48.354623], [-89.226886, 48.354542], [-89.22691, 48.354462]], [[-89.227169, 48.354316], [-89.227156, 48.354321], [-89.227149, 48.354328], [-89.227149, 48.354337], [-89.227156, 48.354341], [-89.227169, 48.354341], [-89.22719, 48.354337], [-89.227217, 48.354328], [-89.22723, 48.354321], [-89.22723, 48.354316], [-89.227217, 48.354314], [-89.22719, 48.354314], [-89.227169, 48.354316]]]}}, {"type": "Feature", "properties": {"lead": 72, "temp": "sp:steelhead:s2"}, "geometry": {"type": "Polygon", "coordinates": [[[-89.233832, 48.355171], [-89.233556, 48.355131], [-89.233289, 48.355133], [-89.233033, 48.355178], [-89.232841, 48.355202], [-89.232713, 48.355207], [-89.232649, 48.355191], [-89.232649, 48.355155], [-89.232605, 48.355122], [-89.232518, 48.35509], [-89.232386, 48.355061], [-89.232211, 48.355034], [-89.2321, 48.355001], [-89.232053, 48.354961], [-89.232069, 48.354914], [-89.23215, 48.35486], [-89.23216, 48.354777], [-89.2321, 48.354665], [-89.231968, 48.354524], [-89.231766, 48.354354], [-89.231517, 48.354211], [-89.23122, 48.354095], [-89.230876, 48.354005], [-89.230485, 48.353943], [-89.230182, 48.353876], [-89.229967, 48.353804], [-89.229838, 48.353728], [-89.229798, 48.353648], [-89.229788, 48.353583], [-89.229808, 48.353533], [-89.229859, 48.3535], [-89.22994, 48.353482], [-89.230054, 48.353482], [-89.230202, 48.3535], [-89.230384, 48.353536], [-89.2306, 48.353589], [-89.230762, 48.353641], [-89.23087, 48.35369], [-89.230924, 48.353737], [-89.230924, 48.353782], [-89.230944, 48.353809], [-89.230984, 48.353818], [-89.231045, 48.353809], [-89.231126, 48.353782], [-89.23124, 48.353784], [-89.231389, 48.353815], [-89.231571, 48.353876], [-89.231786, 48.353965], [-89.232046, 48.354046], [-89.232349, 48.354117], [-89.232696, 48.35418], [-89.233087, 48.354234], [-89.233401, 48.35429], [-89.233636, 48.354348], [-89.233795, 48.354408], [-89.233876, 48.354471], [-89.23397, 48.354515], [-89.234078, 48.354542], [-89.234199, 48.354551], [-89.234334, 48.354542], [-89.234455, 48.354556], [-89.234563, 48.354592], [-89.234658, 48.35465], [-89.234738, 48.35473], [-89.234735, 48.3548], [-89.234648, 48.354858], [-89.234476, 48.354905], [-89.23422, 48.35494], [-89.234081, 48.354967], [-89.234061, 48.354985], [-89.234159, 48.354994], [-89.234375, 48.354994], [-89.234563, 48.35501], [-89.234725, 48.355041], [-89.23486, 48.355088], [-89.234968, 48.355151], [-89.235032, 48.355218], [-89.235052, 48.355289], [-89.235028, 48.355366], [-89.234961, 48.355446], [-89.234836, 48.355475], [-89.234654, 48.355453], [-89.234415, 48.355379], [-89.234118, 48.355254], [-89.233832, 48.355171]]]}}, {"type": "Feature", "properties": {"lead": 72, "temp": "sp:steelhead:s2"}, "geometry": {"type": "Polygon", "coordinates": [[[-89.22665, 48.355041], [-89.226623, 48.354992], [-89.22661, 48.354918], [-89.22661, 48.35482], [-89.226623, 48.354746], [-89.22665, 48.354697], [-89.226691, 48.354672], [-89.226745, 48.354672], [-89.226785, 48.354697], [-89.226812, 48.354746], [-89.226826, 48.35482], [-89.226826, 48.354918], [-89.226812, 48.354992], [-89.226785, 48.355041], [-89.226745, 48.355066], [-89.226691, 48.355066], [-89.22665, 48.355041]]]}}, {"type": "Feature", "properties": {"lead": 72, "temp": "sp:steelhead:s2"}, "geometry": {"type": "Polygon", "coordinates": [[[-89.230051, 48.356569], [-89.229734, 48.356497], [-89.229576, 48.356444], [-89.229576, 48.356408], [-89.229522, 48.356372], [-89.229414, 48.356336], [-89.229252, 48.3563], [-89.229036, 48.356265], [-89.228811, 48.356218], [-89.228575, 48.35616], [-89.228329, 48.35609], [-89.228073, 48.35601], [-89.22788, 48.355943], [-89.227752, 48.355889], [-89.227688, 48.355849], [-89.227688, 48.355822], [-89.227614, 48.355788], [-89.227466, 48.355748], [-89.227244, 48.355701], [-89.226947, 48.355647], [-89.226819, 48.355614], [-89.226859, 48.3556], [-89.227068, 48.355607], [-89.227446, 48.355634], [-89.227729, 48.355663], [-89.227918, 48.355694], [-89.228012, 48.355728], [-89.228012, 48.355764], [-89.228184, 48.355817], [-89.228527, 48.355889], [-89.229043, 48.355978], [-89.229731, 48.356086], [-89.230266, 48.356182], [-89.230651, 48.356267], [-89.230883, 48.356341], [-89.230964, 48.356403], [-89.231099, 48.356464], [-89.231288, 48.356522], [-89.23153, 48.356578], [-89.231827, 48.356632], [-89.232073, 48.356672], [-89.232268, 48.356699], [-89.232413, 48.356712], [-89.232508, 48.356712], [-89.232568, 48.356701], [-89.232595, 48.356679], [-89.232588, 48.356645], [-89.232548, 48.3566], [-89.232545, 48.356571], [-89.232578, 48.356558], [-89.232649, 48.35656], [-89.232757, 48.356578], [-89.232845, 48.356605], [-89.232912, 48.35664], [-89.232959, 48.356685], [-89.232986, 48.356739], [-89.232949, 48.356786], [-89.232848, 48.356826], [-89.232683, 48.35686], [-89.232454, 48.356887], [-89.232123, 48.35688], [-89.231692, 48.35684], [-89.23116, 48.356766], [-89.230526, 48.356658], [-89.230051, 48.356569]], [[-89.227806, 48.35582], [-89.2278, 48.355824], [-89.227796, 48.355831], [-89.227796, 48.35584], [-89.2278, 48.355844], [-89.227806, 48.355844], [-89.227816, 48.35584], [-89.22783, 48.355831], [-89.227837, 48.355824], [-89.227837, 48.35582], [-89.22783, 48.355817], [-89.227816, 48.355817], [-89.227806, 48.35582]]]}}, {"type": "Feature", "properties": {"lead": 72, "temp": "sp:steelhead:s2"}, "geometry": {"type": "Polygon", "coordinates": [[[-89.232332, 48.356381], [-89.232346, 48.356363], [-89.232366, 48.356354], [-89.232393, 48.356354], [-89.232406, 48.356363], [-89.232406, 48.356381], [-89.232393, 48.356408], [-89.232366, 48.356444], [-89.232346, 48.356462], [-89.232332, 48.356462], [-89.232326, 48.356444], [-89.232326, 48.356408], [-89.232332, 48.356381]]]}}, {"type": "Feature", "properties": {"lead": 72, "temp": "sp:steelhead:s2"}, "geometry": {"type": "Polygon", "coordinates": [[[-89.224379, 48.358616], [-89.224231, 48.358557], [-89.224116, 48.35847], [-89.224035, 48.358354], [-89.223887, 48.35824], [-89.223671, 48.358128], [-89.223388, 48.358018], [-89.223038, 48.357911], [-89.222701, 48.357759], [-89.222377, 48.357562], [-89.222067, 48.35732], [-89.221771, 48.357034], [-89.221696, 48.356875], [-89.221845, 48.356844], [-89.222215, 48.35694], [-89.222809, 48.357164], [-89.223253, 48.357347], [-89.22355, 48.35749], [-89.223698, 48.357593], [-89.223698, 48.357656], [-89.223722, 48.357703], [-89.223769, 48.357734], [-89.22384, 48.35775], [-89.223934, 48.35775], [-89.224069, 48.357806], [-89.224244, 48.357918], [-89.22446, 48.358085], [-89.224716, 48.358309], [-89.224854, 48.358477], [-89.224874, 48.358589], [-89.224777, 48.358645], [-89.224561, 48.358645], [-89.224379, 48.358616]], [[-89.222542, 48.357508], [-89.222522, 48.357526], [-89.222512, 48.357553], [-89.222512, 48.357589], [-89.222522, 48.357607], [-89.222542, 48.357607], [-89.222573, 48.357589], [-89.222613, 48.357553], [-89.222633, 48.357526], [-89.222633, 48.357508], [-89.222613, 48.357499], [-89.222573, 48.357499], [-89.222542, 48.357508]]]}}, {"type": "Feature", "properties": {"lead": 72, "temp": "sp:steelhead:s2"}, "geometry": {"type": "Polygon", "coordinates": [[[-89.228706, 48.358103], [-89.228639, 48.358005], [-89.228625, 48.357889], [-89.228649, 48.357799], [-89.228709, 48.357737], [-89.228807, 48.357701], [-89.228942, 48.357692], [-89.22907, 48.357698], [-89.229191, 48.357721], [-89.229306, 48.357759], [-89.229414, 48.357813], [-89.229495, 48.357882], [-89.229549, 48.357967], [-89.229576, 48.358068], [-89.229576, 48.358184], [-89.229518, 48.35826], [-89.229404, 48.358296], [-89.229232, 48.358291], [-89.229003, 48.358246], [-89.228827, 48.358184], [-89.228706, 48.358103]]]}}, {"type": "Feature", "properties": {"lead": 72, "temp": "sp:steelhead:s2"}, "geometry": {"type": "Polygon", "coordinates": [[[-89.225333, 48.358759], [-89.225356, 48.358752], [-89.225383, 48.358752], [-89.225393, 48.358759], [-89.225387, 48.358772], [-89.225363, 48.358792], [-89.225323, 48.358819], [-89.225296, 48.358833], [-89.225282, 48.358833], [-89.225282, 48.358819], [-89.225296, 48.358792], [-89.225312, 48.358772], [-89.225333, 48.358759]]]}}, {"type": "Feature", "properties": {"lead": 72, "temp": "sp:steelhead:s2"}, "geometry": {"type": "Polygon", "coordinates": [[[-89.225646, 48.359099], [-89.225579, 48.359076], [-89.225525, 48.359043], [-89.225484, 48.358998], [-89.225478, 48.358962], [-89.225505, 48.358935], [-89.225565, 48.358918], [-89.22566, 48.358909], [-89.22574, 48.358915], [-89.225808, 48.358938], [-89.225862, 48.358976], [-89.225902, 48.359029], [-89.225909, 48.35907], [-89.225882, 48.359096], [-89.225821, 48.35911], [-89.225727, 48.35911], [-89.225646, 48.359099]], [[-89.225757, 48.359005], [-89.225751, 48.359009], [-89.225747, 48.359016], [-89.225747, 48.359025], [-89.225751, 48.359029], [-89.225757, 48.359029], [-89.225767, 48.359025], [-89.225781, 48.359016], [-89.225788, 48.359009], [-89.225788, 48.359005], [-89.225781, 48.359003], [-89.225767, 48.359003], [-89.225757, 48.359005]]]}}, {"type": "Feature", "properties": {"lead": 72, "temp": "sp:steelhead:s2"}, "geometry": {"type": "Polygon", "coordinates": [[[-89.197082, 48.312362], [-89.196852, 48.312169], [-89.196684, 48.311988], [-89.196576, 48.311818], [-89.196495, 48.31165], [-89.196441, 48.311484], [-89.196414, 48.311321], [-89.196414, 48.311159], [-89.196438, 48.311018], [-89.196485, 48.310898], [-89.196556, 48.310797], [-89.19665, 48.310716], [-89.196731, 48.310591], [-89.196798, 48.310421], [-89.196852, 48.310206], [-89.196893, 48.309946], [-89.19695, 48.309715], [-89.197024, 48.309514], [-89.197115, 48.309342], [-89.197223, 48.309198], [-89.197341, 48.309098], [-89.197469, 48.309039], [-89.197607, 48.309024], [-89.197756, 48.30905], [-89.197823, 48.309147], [-89.19781, 48.309312], [-89.197715, 48.309548], [-89.19754, 48.309852], [-89.197385, 48.310089], [-89.19725, 48.310259], [-89.197135, 48.310362], [-89.197041, 48.310398], [-89.19698, 48.310506], [-89.196954, 48.310685], [-89.19696, 48.310936], [-89.197001, 48.311258], [-89.197078, 48.311533], [-89.197193, 48.311762], [-89.197344, 48.311943], [-89.197533, 48.312077], [-89.197675, 48.312194], [-89.197769, 48.312292], [-89.197816, 48.312373], [-89.197816, 48.312436], [-89.19786, 48.312496], [-89.197948, 48.312554], [-89.198079, 48.31261], [-89.198254, 48.312664], [-89.198369, 48.312727], [-89.198423, 48.312798], [-89.198416, 48.312879], [-89.198349, 48.312968], [-89.198211, 48.312982], [-89.198002, 48.312919], [-89.197722, 48.31278], [-89.197371, 48.312565], [-89.197082, 48.312362]]]}}, {"type": "Feature", "properties": {"lead": 72, "temp": "sp:steelhead:s2"}, "geometry": {"type": "Polygon", "coordinates": [[[-89.198736, 48.313344], [-89.19877, 48.313309], [-89.198841, 48.313277], [-89.198949, 48.31325], [-89.199033, 48.313239], [-89.199093, 48.313244], [-89.199131, 48.313264], [-89.199144, 48.3133], [-89.199134, 48.313336], [-89.1991, 48.313371], [-89.199043, 48.313407], [-89.198962, 48.313443], [-89.198891, 48.313459], [-89.198831, 48.313454], [-89.19878, 48.31343], [-89.19874, 48.313385], [-89.198736, 48.313344]]]}}, {"type": "Feature", "properties": {"lead": 72, "temp": "sp:steelhead:s2"}, "geometry": {"type": "Polygon", "coordinates": [[[-89.222407, 48.351827], [-89.222414, 48.351791], [-89.222451, 48.351755], [-89.222519, 48.351719], [-89.222573, 48.351697], [-89.222613, 48.351688], [-89.22264, 48.351692], [-89.222654, 48.35171], [-89.222657, 48.351737], [-89.22265, 48.351773], [-89.222633, 48.351818], [-89.222606, 48.351871], [-89.222573, 48.351903], [-89.222532, 48.351912], [-89.222485, 48.351898], [-89.222431, 48.351862], [-89.222407, 48.351827]]]}}, {"type": "Feature", "properties": {"lead": 72, "temp": "sp:steelhead:s2"}, "geometry": {"type": "Polygon", "coordinates": [[[-89.223028, 48.352258], [-89.222926, 48.352227], [-89.222869, 48.35218], [-89.222856, 48.352117], [-89.2229, 48.352066], [-89.223001, 48.352026], [-89.223159, 48.351997], [-89.223375, 48.351979], [-89.223533, 48.351985], [-89.223634, 48.352017], [-89.223678, 48.352073], [-89.223665, 48.352153], [-89.223607, 48.352214], [-89.223506, 48.352254], [-89.223361, 48.352274], [-89.223172, 48.352274], [-89.223028, 48.352258]]]}}, {"type": "Feature", "properties": {"lead": 72, "temp": "sp:steelhead:s2"}, "geometry": {"type": "Polygon", "coordinates": [[[-89.222704, 48.352388], [-89.222684, 48.352366], [-89.222674, 48.352341], [-89.222674, 48.352314], [-89.222684, 48.352294], [-89.222704, 48.352281], [-89.222734, 48.352274], [-89.222775, 48.352274], [-89.222805, 48.352285], [-89.222825, 48.352308], [-89.222835, 48.352341], [-89.222835, 48.352386], [-89.222825, 48.352415], [-89.222805, 48.352428], [-89.222775, 48.352426], [-89.222734, 48.352408], [-89.222704, 48.352388]]]}}, {"type": "Feature", "properties": {"lead": 72, "temp": "sp:steelhead:s2"}, "geometry": {"type": "Polygon", "coordinates": [[[-89.21377, 48.353265], [-89.213757, 48.353189], [-89.21379, 48.353088], [-89.213871, 48.352963], [-89.213952, 48.352876], [-89.214033, 48.352827], [-89.214114, 48.352815], [-89.214195, 48.352842], [-89.214242, 48.352894], [-89.214255, 48.35297], [-89.214235, 48.35307], [-89.214181, 48.353196], [-89.214114, 48.353283], [-89.214033, 48.353332], [-89.213939, 48.353343], [-89.213831, 48.353317], [-89.21377, 48.353265]]]}}, {"type": "Feature", "properties": {"lead": 72, "temp": "sp:steelhead:s2"}, "geometry": {"type": "Polygon", "coordinates": [[[-89.215293, 48.353842], [-89.215192, 48.353809], [-89.215165, 48.353782], [-89.215219, 48.353764], [-89.215354, 48.353755], [-89.21557, 48.353755], [-89.215866, 48.353764], [-89.216102, 48.353788], [-89.216277, 48.353829], [-89.216392, 48.353885], [-89.216446, 48.353956], [-89.216405, 48.353997], [-89.216271, 48.354005], [-89.216041, 48.353983], [-89.215718, 48.353929], [-89.215469, 48.353882], [-89.215293, 48.353842]]]}}, {"type": "Feature", "properties": {"lead": 72, "temp": "sp:steelhead:s2"}, "geometry": {"type": "Polygon", "coordinates": [[[-89.216709, 48.354064], [-89.216689, 48.354019], [-89.216689, 48.353965], [-89.216695, 48.353925], [-89.216709, 48.353898], [-89.216729, 48.353885], [-89.216756, 48.353885], [-89.21679, 48.353903], [-89.21683, 48.353938], [-89.216877, 48.353992], [-89.216931, 48.354064], [-89.216951, 48.354113], [-89.216938, 48.35414], [-89.216891, 48.354144], [-89.21681, 48.354126], [-89.216749, 48.354099], [-89.216709, 48.354064]]]}}, {"type": "Feature", "properties": {"lead": 72, "temp": "sp:steelhead:s2"}, "geometry": {"type": "Polygon", "coordinates": [[[-89.217582, 48.35422], [-89.217615, 48.354211], [-89.217673, 48.354207], [-89.217753, 48.354207], [-89.217797, 48.354211], [-89.217804, 48.35422], [-89.217774, 48.354234], [-89.217706, 48.354252], [-89.217652, 48.35426], [-89.217612, 48.35426], [-89.217585, 48.354252], [-89.217571, 48.354234], [-89.217582, 48.35422]]]}}, {"type": "Feature", "properties": {"lead": 72, "temp": "sp:steelhead:s2"}, "geometry": {"type": "Polygon", "coordinates": [[[-89.216988, 48.356189], [-89.216914, 48.356162], [-89.216864, 48.356135], [-89.216837, 48.356108], [-89.216877, 48.35609], [-89.216985, 48.356081], [-89.21716, 48.356081], [-89.217403, 48.35609], [-89.217561, 48.356108], [-89.217636, 48.356135], [-89.217625, 48.356171], [-89.217531, 48.356216], [-89.21743, 48.356242], [-89.217322, 48.356251], [-89.217208, 48.356242], [-89.217086, 48.356216], [-89.216988, 48.356189]]]}}, {"type": "Feature", "properties": {"lead": 72, "temp": "sp:steelhead:s2"}, "geometry": {"type": "Polygon", "coordinates": [[[-89.216166, 48.356148], [-89.216227, 48.356148], [-89.21623, 48.356171], [-89.216176, 48.356216], [-89.216106, 48.356249], [-89.216018, 48.356271], [-89.215913, 48.356283], [-89.215792, 48.356283], [-89.215745, 48.356271], [-89.215772, 48.356249], [-89.215873, 48.356216], [-89.216048, 48.356171], [-89.216166, 48.356148]]]}}, {"type": "Feature", "properties": {"lead": 72, "temp": "sp:steelhead:s2"}, "geometry": {"type": "Polygon", "coordinates": [[[-89.219516, 48.356267], [-89.219563, 48.356254], [-89.219634, 48.356247], [-89.219728, 48.356247], [-89.219775, 48.356254], [-89.219775, 48.356267], [-89.219728, 48.356287], [-89.219634, 48.356314], [-89.219563, 48.356327], [-89.219516, 48.356327], [-89.219492, 48.356314], [-89.219492, 48.356287], [-89.219516, 48.356267]]]}}, {"type": "Feature", "properties": {"lead": 72, "temp": "sp:steelhead:s2"}, "geometry": {"type": "Polygon", "coordinates": [[[-89.220476, 48.356412], [-89.220503, 48.356403], [-89.220544, 48.356403], [-89.220598, 48.356412], [-89.220625, 48.356424], [-89.220625, 48.356437], [-89.220598, 48.356453], [-89.220544, 48.35647], [-89.220503, 48.356477], [-89.220476, 48.356473], [-89.220463, 48.356457], [-89.220463, 48.35643], [-89.220476, 48.356412]]]}}, {"type": "Feature", "properties": {"lead": 72, "temp": "sp:steelhead:s2"}, "geometry": {"type": "Polygon", "coordinates": [[[-89.218525, 48.356687], [-89.218451, 48.35662], [-89.218387, 48.356524], [-89.218333, 48.356399], [-89.218333, 48.356307], [-89.218387, 48.356249], [-89.218495, 48.356224], [-89.218657, 48.356233], [-89.218775, 48.356271], [-89.218849, 48.356339], [-89.218879, 48.356435], [-89.218866, 48.35656], [-89.218832, 48.356652], [-89.218778, 48.35671], [-89.218704, 48.356734], [-89.218609, 48.356725], [-89.218525, 48.356687]]]}}, {"type": "Feature", "properties": {"lead": 72, "temp": "sp:steelhead:s2"}, "geometry": {"type": "Polygon", "coordinates": [[[-89.220227, 48.356589], [-89.22016, 48.356558], [-89.220092, 48.356511], [-89.220025, 48.356448], [-89.219998, 48.356403], [-89.220011, 48.356377], [-89.220065, 48.356368], [-89.22016, 48.356377], [-89.220241, 48.356397], [-89.220308, 48.356428], [-89.220362, 48.35647], [-89.220402, 48.356524], [-89.220416, 48.356564], [-89.220402, 48.356591], [-89.220362, 48.356605], [-89.220294, 48.356605], [-89.220227, 48.356589]]]}}, {"type": "Feature", "properties": {"lead": 72, "temp": "sp:steelhead:s2"}, "geometry": {"type": "Polygon", "coordinates": [[[-89.21984, 48.356781], [-89.219904, 48.356757], [-89.219998, 48.356739], [-89.220069, 48.356734], [-89.220116, 48.356743], [-89.220139, 48.356766], [-89.220139, 48.356802], [-89.220123, 48.356835], [-89.220089, 48.356866], [-89.220038, 48.356895], [-89.219971, 48.356922], [-89.219914, 48.356931], [-89.219866, 48.356922], [-89.219829, 48.356895], [-89.219802, 48.356851], [-89.219806, 48.356813], [-89.21984, 48.356781]]]}}, {"type": "Feature", "properties": {"lead": 72, "temp": "sp:steelhead:s2"}, "geometry": {"type": "Polygon", "coordinates": [[[-89.215489, 48.357052], [-89.215428, 48.356972], [-89.215415, 48.356882], [-89.215425, 48.356797], [-89.215458, 48.356717], [-89.215516, 48.35664], [-89.215597, 48.356569], [-89.215691, 48.356513], [-89.215799, 48.356473], [-89.21592, 48.356448], [-89.216055, 48.356439], [-89.216183, 48.356446], [-89.216304, 48.356468], [-89.216419, 48.356506], [-89.216527, 48.35656], [-89.216581, 48.356609], [-89.216581, 48.356654], [-89.216527, 48.356694], [-89.216419, 48.35673], [-89.216368, 48.35677], [-89.216375, 48.356815], [-89.216439, 48.356864], [-89.21656, 48.356918], [-89.216621, 48.356978], [-89.216621, 48.357045], [-89.21656, 48.357119], [-89.216439, 48.3572], [-89.216298, 48.357247], [-89.216136, 48.35726], [-89.215954, 48.35724], [-89.215752, 48.357186], [-89.215597, 48.357124], [-89.215489, 48.357052]]]}}, {"type": "Feature", "properties": {"lead": 96, "temp": "sp:lake_trout:s1"}, "geometry": {"type": "Polygon", "coordinates": [[[-89.22845, 48.353728], [-89.228059, 48.353648], [-89.227756, 48.353565], [-89.22754, 48.35348], [-89.227412, 48.353393], [-89.227372, 48.353303], [-89.227469, 48.353258], [-89.227705, 48.353258], [-89.228079, 48.353303], [-89.228592, 48.353393], [-89.228955, 48.35348], [-89.229171, 48.353565], [-89.229239, 48.353648], [-89.229158, 48.353728], [-89.228999, 48.353768], [-89.228763, 48.353768], [-89.22845, 48.353728]]]}}, {"type": "Feature", "properties": {"lead": 96, "temp": "sp:lake_trout:s1"}, "geometry": {"type": "Polygon", "coordinates": [[[-89.229036, 48.353889], [-89.229046, 48.353869], [-89.229067, 48.353856], [-89.229097, 48.353849], [-89.229137, 48.353849], [-89.229158, 48.353856], [-89.229158, 48.353869], [-89.229137, 48.353889], [-89.229097, 48.353916], [-89.229067, 48.353929], [-89.229046, 48.353929], [-89.229036, 48.353916], [-89.229036, 48.353889]]]}}, {"type": "Feature", "properties": {"lead": 96, "temp": "sp:lake_trout:s1"}, "geometry": {"type": "Polygon", "coordinates": [[[-89.22785, 48.353889], [-89.22787, 48.353869], [-89.227911, 48.353856], [-89.227971, 48.353849], [-89.228052, 48.353849], [-89.228093, 48.353856], [-89.228093, 48.353869], [-89.228052, 48.353889], [-89.227971, 48.353916], [-89.227911, 48.353929], [-89.22787, 48.353929], [-89.22785, 48.353916], [-89.22785, 48.353889]]]}}, {"type": "Feature", "properties": {"lead": 96, "temp": "sp:lake_trout:s1"}, "geometry": {"type": "Polygon", "coordinates": [[[-89.228511, 48.354099], [-89.228376, 48.354099], [-89.228275, 48.35409], [-89.228207, 48.354073], [-89.228174, 48.354046], [-89.228174, 48.35401], [-89.228207, 48.353983], [-89.228275, 48.353965], [-89.228376, 48.353956], [-89.228511, 48.353956], [-89.228612, 48.353965], [-89.228679, 48.353983], [-89.228713, 48.35401], [-89.228713, 48.354046], [-89.228679, 48.354073], [-89.228612, 48.35409], [-89.228511, 48.354099]]]}}, {"type": "Feature", "properties": {"lead": 96, "temp": "sp:lake_trout:s1"}, "geometry": {"type": "Polygon", "coordinates": [[[-89.231045, 48.35482], [-89.230779, 48.354777], [-89.230543, 48.354719], [-89.230337, 48.354645], [-89.230162, 48.354556], [-89.229977, 48.354482], [-89.229781, 48.354424], [-89.229576, 48.354381], [-89.22936, 48.354354], [-89.229188, 48.354321], [-89.22906, 48.354281], [-89.228976, 48.354234], [-89.228935, 48.35418], [-89.228949, 48.354131], [-89.229016, 48.354086], [-89.229137, 48.354046], [-89.229313, 48.35401], [-89.229464, 48.353999], [-89.229592, 48.354012], [-89.229697, 48.35405], [-89.229778, 48.354113], [-89.229902, 48.354167], [-89.230071, 48.354211], [-89.230283, 48.354247], [-89.230539, 48.354274], [-89.230775, 48.354307], [-89.230991, 48.354348], [-89.231186, 48.354395], [-89.231362, 48.354448], [-89.231503, 48.354511], [-89.231611, 48.354583], [-89.231685, 48.354663], [-89.231726, 48.354753], [-89.231682, 48.354813], [-89.231554, 48.354844], [-89.231341, 48.354847], [-89.231045, 48.35482]], [[-89.229259, 48.354099], [-89.229228, 48.354106], [-89.229208, 48.35412], [-89.229198, 48.35414], [-89.229198, 48.354167], [-89.229208, 48.35418], [-89.229228, 48.35418], [-89.229259, 48.354167], [-89.229299, 48.35414], [-89.229319, 48.35412], [-89.229319, 48.354106], [-89.229299, 48.354099], [-89.229259, 48.354099]]]}}, {"type": "Feature", "properties": {"lead": 96, "temp": "sp:lake_trout:s1"}, "geometry": {"type": "Polygon", "coordinates": [[[-89.227149, 48.355093], [-89.227169, 48.355081], [-89.22721, 48.355077], [-89.22727, 48.355079], [-89.227351, 48.355088], [-89.227392, 48.355097], [-89.227392, 48.355106], [-89.227351, 48.355115], [-89.22727, 48.355124], [-89.22721, 48.355126], [-89.227169, 48.355122], [-89.227149, 48.35511], [-89.227149, 48.355093]]]}}, {"type": "Feature", "properties": {"lead": 96, "temp": "sp:lake_trout:s1"}, "geometry": {"type": "Polygon", "coordinates": [[[-89.22574, 48.352954], [-89.225484, 48.352954], [-89.225282, 48.352938], [-89.225134, 48.352907], [-89.225039, 48.35286], [-89.224999, 48.352798], [-89.224918, 48.352755], [-89.224797, 48.352733], [-89.224635, 48.35273], [-89.224433, 48.352748], [-89.224234, 48.352744], [-89.224039, 48.352717], [-89.223847, 48.352668], [-89.223658, 48.352596], [-89.223614, 48.352543], [-89.223715, 48.352507], [-89.223961, 48.352489], [-89.224352, 48.352489], [-89.224655, 48.352502], [-89.224871, 48.352529], [-89.224999, 48.352569], [-89.225039, 48.352623], [-89.225134, 48.352679], [-89.225282, 48.352737], [-89.225484, 48.352798], [-89.22574, 48.35286], [-89.225869, 48.352907], [-89.225869, 48.352938], [-89.22574, 48.352954]]]}}, {"type": "Feature", "properties": {"lead": 96, "temp": "sp:lake_trout:s1"}, "geometry": {"type": "Polygon", "coordinates": [[[-89.226125, 48.352994], [-89.226155, 48.352974], [-89.226216, 48.352961], [-89.226307, 48.352954], [-89.226428, 48.352954], [-89.226489, 48.352961], [-89.226489, 48.352974], [-89.226428, 48.352994], [-89.226307, 48.353021], [-89.226216, 48.353035], [-89.226155, 48.353035], [-89.226125, 48.353021], [-89.226125, 48.352994]]]}}, {"type": "Feature", "properties": {"lead": 96, "temp": "sp:lake_trout:s1"}, "geometry": {"type": "Polygon", "coordinates": [[[-89.226826, 48.353102], [-89.226846, 48.353082], [-89.226886, 48.353068], [-89.226947, 48.353061], [-89.227028, 48.353061], [-89.227068, 48.353068], [-89.227068, 48.353082], [-89.227028, 48.353102], [-89.226947, 48.353129], [-89.226886, 48.353142], [-89.226846, 48.353142], [-89.226826, 48.353129], [-89.226826, 48.353102]]]}}, {"type": "Feature", "properties": {"lead": 96, "temp": "sp:lake_trout:s1"}, "geometry": {"type": "Polygon", "coordinates": [[[-89.216985, 48.354323], [-89.216608, 48.354305], [-89.216277, 48.354267], [-89.215994, 48.354209], [-89.215758, 48.354131], [-89.21557, 48.354032], [-89.215509, 48.35397], [-89.215576, 48.353943], [-89.215772, 48.353952], [-89.216095, 48.353997], [-89.216399, 48.354048], [-89.216682, 48.354106], [-89.216945, 48.354171], [-89.217187, 48.354243], [-89.217275, 48.354292], [-89.217208, 48.354319], [-89.216985, 48.354323]]]}}, {"type": "Feature", "properties": {"lead": 96, "temp": "sp:lake_trout:s1"}, "geometry": {"type": "Polygon", "coordinates": [[[-89.226307, 48.354524], [-89.226401, 48.354312], [-89.226495, 48.354146], [-89.22659, 48.354028], [-89.226684, 48.353956], [-89.226809, 48.353903], [-89.226964, 48.353867], [-89.227149, 48.353849], [-89.227365, 48.353849], [-89.227493, 48.353856], [-89.227533, 48.353869], [-89.227486, 48.353889], [-89.227351, 48.353916], [-89.22723, 48.353965], [-89.227122, 48.354037], [-89.227028, 48.354131], [-89.226947, 48.354247], [-89.226863, 48.354334], [-89.226775, 48.354392], [-89.226684, 48.354422], [-89.22659, 48.354422], [-89.226509, 48.354457], [-89.226441, 48.354529], [-89.226388, 48.354636], [-89.226347, 48.354779], [-89.226361, 48.354894], [-89.226428, 48.354979], [-89.226549, 48.355034], [-89.226725, 48.355061], [-89.226799, 48.355086], [-89.226772, 48.355108], [-89.226644, 48.355128], [-89.226414, 48.355146], [-89.226266, 48.355095], [-89.226199, 48.354974], [-89.226212, 48.354784], [-89.226307, 48.354524]]]}}, {"type": "Feature", "properties": {"lead": 96, "temp": "sp:lake_trout:s1"}, "geometry": {"type": "Polygon", "coordinates": [[[-89.219061, 48.356202], [-89.219075, 48.356189], [-89.219101, 48.35618], [-89.219142, 48.356175], [-89.219196, 48.356175], [-89.219223, 48.35618], [-89.219223, 48.356189], [-89.219196, 48.356202], [-89.219142, 48.35622], [-89.219101, 48.356229], [-89.219075, 48.356229], [-89.219061, 48.35622], [-89.219061, 48.356202]]]}}, {"type": "Feature", "properties": {"lead": 96, "temp": "sp:lake_trout:s2"}, "geometry": {"type": "Polygon", "coordinates": [[[-89.229063, 48.354014], [-89.228955, 48.354023], [-89.228753, 48.353992], [-89.228457, 48.35392], [-89.228147, 48.353876], [-89.227823, 48.353858], [-89.227486, 48.353867], [-89.227136, 48.353903], [-89.226913, 48.3539], [-89.226819, 48.35386], [-89.226853, 48.353782], [-89.227014, 48.353665], [-89.226947, 48.353529], [-89.22665, 48.353372], [-89.226125, 48.353196], [-89.22537, 48.352999], [-89.224992, 48.35288], [-89.224992, 48.35284], [-89.22537, 48.352878], [-89.226125, 48.352994], [-89.226704, 48.353104], [-89.227109, 48.353207], [-89.227338, 48.353303], [-89.227392, 48.353393], [-89.22752, 48.353473], [-89.227722, 48.353545], [-89.227998, 48.353607], [-89.228349, 48.353661], [-89.228632, 48.353724], [-89.228848, 48.353795], [-89.228996, 48.353876], [-89.229077, 48.353965], [-89.229063, 48.354014]]]}}, {"type": "Feature", "properties": {"lead": 96, "temp": "sp:lake_trout:s2"}, "geometry": {"type": "Polygon", "coordinates": [[[-89.229228, 48.35418], [-89.229208, 48.35418], [-89.229198, 48.354167], [-89.229198, 48.35414], [-89.229208, 48.35412], [-89.229228, 48.354106], [-89.229259, 48.354099], [-89.229299, 48.354099], [-89.229319, 48.354106], [-89.229319, 48.35412], [-89.229299, 48.35414], [-89.229259, 48.354167], [-89.229228, 48.35418]]]}}, {"type": "Feature", "properties": {"lead": 96, "temp": "sp:brook_trout:s1"}, "geometry": {"type": "Polygon", "coordinates": [[[-89.227159, 48.353082], [-89.227179, 48.353068], [-89.22721, 48.353061], [-89.22725, 48.353061], [-89.22727, 48.353068], [-89.22727, 48.353082], [-89.22725, 48.353102], [-89.22721, 48.353129], [-89.227179, 48.353142], [-89.227159, 48.353142], [-89.227149, 48.353129], [-89.227149, 48.353102], [-89.227159, 48.353082]]]}}, {"type": "Feature", "properties": {"lead": 96, "temp": "sp:brook_trout:s1"}, "geometry": {"type": "Polygon", "coordinates": [[[-89.228885, 48.353189], [-89.228905, 48.353176], [-89.228935, 48.353169], [-89.228976, 48.353169], [-89.228996, 48.353176], [-89.228996, 48.353189], [-89.228976, 48.353209], [-89.228935, 48.353236], [-89.228905, 48.353249], [-89.228885, 48.353249], [-89.228875, 48.353236], [-89.228875, 48.353209], [-89.228885, 48.353189]]]}}, {"type": "Feature", "properties": {"lead": 96, "temp": "sp:brook_trout:s1"}, "geometry": {"type": "Polygon", "coordinates": [[[-89.227698, 48.353189], [-89.227719, 48.353176], [-89.227749, 48.353169], [-89.227789, 48.353169], [-89.22781, 48.353176], [-89.22781, 48.353189], [-89.227789, 48.353209], [-89.227749, 48.353236], [-89.227719, 48.353249], [-89.227698, 48.353249], [-89.227688, 48.353236], [-89.227688, 48.353209], [-89.227698, 48.353189]]]}}, {"type": "Feature", "properties": {"lead": 96, "temp": "sp:brook_trout:s1"}, "geometry": {"type": "Polygon", "coordinates": [[[-89.228194, 48.353303], [-89.228234, 48.353285], [-89.228295, 48.353276], [-89.228376, 48.353276], [-89.228416, 48.353285], [-89.228416, 48.353303], [-89.228376, 48.35333], [-89.228295, 48.353366], [-89.228234, 48.353384], [-89.228194, 48.353384], [-89.228174, 48.353366], [-89.228174, 48.35333], [-89.228194, 48.353303]]]}}, {"type": "Feature", "properties": {"lead": 96, "temp": "sp:brook_trout:s1"}, "geometry": {"type": "Polygon", "coordinates": [[[-89.228885, 48.35344], [-89.228905, 48.353426], [-89.228935, 48.353419], [-89.228976, 48.353419], [-89.228996, 48.353426], [-89.228996, 48.35344], [-89.228976, 48.35346], [-89.228935, 48.353487], [-89.228905, 48.3535], [-89.228885, 48.3535], [-89.228875, 48.353487], [-89.228875, 48.35346], [-89.228885, 48.35344]]]}}, {"type": "Feature", "properties": {"lead": 96, "temp": "sp:brook_trout:s1"}, "geometry": {"type": "Polygon", "coordinates": [[[-89.229158, 48.353862], [-89.229131, 48.353835], [-89.229158, 48.353809], [-89.229239, 48.353782], [-89.229289, 48.353733], [-89.229309, 48.353661], [-89.229299, 48.353567], [-89.229259, 48.353451], [-89.229262, 48.35337], [-89.229309, 48.353325], [-89.2294, 48.353317], [-89.229535, 48.353343], [-89.229626, 48.353399], [-89.229673, 48.353484], [-89.229677, 48.353598], [-89.229636, 48.353742], [-89.229572, 48.353842], [-89.229485, 48.3539], [-89.229373, 48.353916], [-89.229239, 48.353889], [-89.229158, 48.353862]]]}}, {"type": "Feature", "properties": {"lead": 96, "temp": "sp:brook_trout:s1"}, "geometry": {"type": "Polygon", "coordinates": [[[-89.227698, 48.353869], [-89.227719, 48.353856], [-89.227749, 48.353849], [-89.227789, 48.353849], [-89.22781, 48.353856], [-89.22781, 48.353869], [-89.227789, 48.353889], [-89.227749, 48.353916], [-89.227719, 48.353929], [-89.227698, 48.353929], [-89.227688, 48.353916], [-89.227688, 48.353889], [-89.227698, 48.353869]]]}}, {"type": "Feature", "properties": {"lead": 96, "temp": "sp:brook_trout:s1"}, "geometry": {"type": "Polygon", "coordinates": [[[-89.229636, 48.353965], [-89.229697, 48.353956], [-89.229778, 48.353956], [-89.229818, 48.353965], [-89.229818, 48.353983], [-89.229778, 48.35401], [-89.229697, 48.354046], [-89.229636, 48.354064], [-89.229596, 48.354064], [-89.229576, 48.354046], [-89.229576, 48.35401], [-89.229596, 48.353983], [-89.229636, 48.353965]]]}}, {"type": "Feature", "properties": {"lead": 96, "temp": "sp:brook_trout:s1"}, "geometry": {"type": "Polygon", "coordinates": [[[-89.228042, 48.353965], [-89.228073, 48.353956], [-89.228113, 48.353956], [-89.228133, 48.353965], [-89.228133, 48.353983], [-89.228113, 48.35401], [-89.228073, 48.354046], [-89.228042, 48.354064], [-89.228022, 48.354064], [-89.228012, 48.354046], [-89.228012, 48.35401], [-89.228022, 48.353983], [-89.228042, 48.353965]]]}}, {"type": "Feature", "properties": {"lead": 96, "temp": "sp:brook_trout:s1"}, "geometry": {"type": "Polygon", "coordinates": [[[-89.228521, 48.35412], [-89.228568, 48.354106], [-89.228639, 48.354099], [-89.228733, 48.354099], [-89.22878, 48.354106], [-89.22878, 48.35412], [-89.228733, 48.35414], [-89.228639, 48.354167], [-89.228568, 48.35418], [-89.228521, 48.35418], [-89.228497, 48.354167], [-89.228497, 48.35414], [-89.228521, 48.35412]]]}}, {"type": "Feature", "properties": {"lead": 96, "temp": "sp:brook_trout:s1"}, "geometry": {"type": "Polygon", "coordinates": [[[-89.226896, 48.354231], [-89.226957, 48.354173], [-89.227068, 48.354113], [-89.22723, 48.35405], [-89.227351, 48.354012], [-89.227432, 48.353999], [-89.227473, 48.35401], [-89.227473, 48.354046], [-89.227442, 48.354093], [-89.227382, 48.354151], [-89.227291, 48.35422], [-89.227169, 48.354301], [-89.227068, 48.354348], [-89.226987, 48.354361], [-89.226927, 48.354341], [-89.226886, 48.354287], [-89.226896, 48.354231]]]}}, {"type": "Feature", "properties": {"lead": 96, "temp": "sp:brook_trout:s1"}, "geometry": {"type": "Polygon", "coordinates": [[[-89.230277, 48.354171], [-89.230169, 48.354099], [-89.230223, 48.354046], [-89.230438, 48.35401], [-89.23063, 48.354005], [-89.230799, 48.354032], [-89.230944, 48.35409], [-89.231065, 48.35418], [-89.23118, 48.354247], [-89.231288, 48.354292], [-89.231389, 48.354314], [-89.231483, 48.354314], [-89.231554, 48.354328], [-89.231601, 48.354354], [-89.231625, 48.354395], [-89.231625, 48.354448], [-89.231517, 48.354462], [-89.231301, 48.354435], [-89.230978, 48.354368], [-89.230546, 48.35426], [-89.230277, 48.354171]]]}}, {"type": "Feature", "properties": {"lead": 96, "temp": "sp:brook_trout:s1"}, "geometry": {"type": "Polygon", "coordinates": [[[-89.231635, 48.354556], [-89.231655, 48.354538], [-89.231685, 48.354529], [-89.231726, 48.354529], [-89.231746, 48.354538], [-89.231746, 48.354556], [-89.231726, 48.354583], [-89.231685, 48.354618], [-89.231655, 48.354636], [-89.231635, 48.354636], [-89.231625, 48.354618], [-89.231625, 48.354583], [-89.231635, 48.354556]]]}}, {"type": "Feature", "properties": {"lead": 96, "temp": "sp:brook_trout:s1"}, "geometry": {"type": "Polygon", "coordinates": [[[-89.231796, 48.354712], [-89.231817, 48.354685], [-89.231847, 48.354672], [-89.231887, 48.354672], [-89.231908, 48.354685], [-89.231908, 48.354712], [-89.231887, 48.354753], [-89.231847, 48.354806], [-89.231817, 48.354833], [-89.231796, 48.354833], [-89.231786, 48.354806], [-89.231786, 48.354753], [-89.231796, 48.354712]]]}}, {"type": "Feature", "properties": {"lead": 96, "temp": "sp:brook_trout:s1"}, "geometry": {"type": "Polygon", "coordinates": [[[-89.228194, 48.355701], [-89.228234, 48.355683], [-89.228295, 48.355674], [-89.228376, 48.355674], [-89.228416, 48.355683], [-89.228416, 48.355701], [-89.228376, 48.355728], [-89.228295, 48.355764], [-89.228234, 48.355782], [-89.228194, 48.355782], [-89.228174, 48.355764], [-89.228174, 48.355728], [-89.228194, 48.355701]]]}}, {"type": "Feature", "properties": {"lead": 96, "temp": "sp:brook_trout:s1"}, "geometry": {"type": "Polygon", "coordinates": [[[-89.228733, 48.355837], [-89.228774, 48.355824], [-89.228834, 48.355817], [-89.228915, 48.355817], [-89.228955, 48.355824], [-89.228955, 48.355837], [-89.228915, 48.355858], [-89.228834, 48.355884], [-89.228774, 48.355898], [-89.228733, 48.355898], [-89.228713, 48.355884], [-89.228713, 48.355858], [-89.228733, 48.355837]]]}}, {"type": "Feature", "properties": {"lead": 96, "temp": "sp:brook_trout:s1"}, "geometry": {"type": "Polygon", "coordinates": [[[-89.229269, 48.355931], [-89.22934, 48.355925], [-89.229434, 48.355925], [-89.229481, 48.355931], [-89.229481, 48.355945], [-89.229434, 48.355965], [-89.22934, 48.355992], [-89.229269, 48.356005], [-89.229222, 48.356005], [-89.229198, 48.355992], [-89.229198, 48.355965], [-89.229222, 48.355945], [-89.229269, 48.355931]]]}}, {"type": "Feature", "properties": {"lead": 96, "temp": "sp:brook_trout:s1"}, "geometry": {"type": "Polygon", "coordinates": [[[-89.229987, 48.356068], [-89.229919, 48.356032], [-89.230041, 48.356032], [-89.230132, 48.356016], [-89.230192, 48.355985], [-89.230223, 48.355938], [-89.230223, 48.355876], [-89.230236, 48.355831], [-89.230263, 48.355804], [-89.230304, 48.355795], [-89.230357, 48.355804], [-89.230499, 48.355835], [-89.230728, 48.355889], [-89.231045, 48.355965], [-89.231449, 48.356063], [-89.231766, 48.356162], [-89.231995, 48.35626], [-89.232137, 48.356359], [-89.232191, 48.356457], [-89.232073, 48.356495], [-89.231783, 48.356473], [-89.231321, 48.35639], [-89.230688, 48.356247], [-89.230243, 48.356139], [-89.229987, 48.356068]]]}}, {"type": "Feature", "properties": {"lead": 96, "temp": "sp:brook_trout:s1"}, "geometry": {"type": "Polygon", "coordinates": [[[-89.19659, 48.310141], [-89.196617, 48.310145], [-89.19663, 48.310192], [-89.19663, 48.310282], [-89.196617, 48.310347], [-89.19659, 48.310387], [-89.196549, 48.310403], [-89.196495, 48.310394], [-89.196468, 48.310367], [-89.196468, 48.310322], [-89.196495, 48.310259], [-89.196549, 48.310179], [-89.19659, 48.310141]]]}}, {"type": "Feature", "properties": {"lead": 96, "temp": "sp:brook_trout:s1"}, "geometry": {"type": "Polygon", "coordinates": [[[-89.222364, 48.351999], [-89.222391, 48.351985], [-89.222431, 48.351992], [-89.222485, 48.352019], [-89.222512, 48.352046], [-89.222512, 48.352073], [-89.222485, 48.3521], [-89.222431, 48.352126], [-89.222391, 48.352133], [-89.222364, 48.35212], [-89.22235, 48.352086], [-89.22235, 48.352032], [-89.222364, 48.351999]]]}}, {"type": "Feature", "properties": {"lead": 96, "temp": "sp:brook_trout:s1"}, "geometry": {"type": "Polygon", "coordinates": [[[-89.224858, 48.352285], [-89.224884, 48.352254], [-89.224905, 48.352238], [-89.224918, 48.352238], [-89.224915, 48.352254], [-89.224895, 48.352285], [-89.224858, 48.352332], [-89.224804, 48.352395], [-89.224773, 48.352426], [-89.224767, 48.352426], [-89.224783, 48.352395], [-89.224824, 48.352332], [-89.224858, 48.352285]]]}}, {"type": "Feature", "properties": {"lead": 96, "temp": "sp:brook_trout:s1"}, "geometry": {"type": "Polygon", "coordinates": [[[-89.223536, 48.352308], [-89.223644, 48.352321], [-89.223698, 48.352355], [-89.223698, 48.352408], [-89.223644, 48.352442], [-89.223536, 48.352455], [-89.223375, 48.352449], [-89.223159, 48.352422], [-89.223051, 48.352395], [-89.223051, 48.352368], [-89.223159, 48.352341], [-89.223375, 48.352314], [-89.223536, 48.352308]]]}}, {"type": "Feature", "properties": {"lead": 96, "temp": "sp:brook_trout:s1"}, "geometry": {"type": "Polygon", "coordinates": [[[-89.224248, 48.352402], [-89.224268, 48.352388], [-89.224298, 48.352381], [-89.224339, 48.352381], [-89.224359, 48.352388], [-89.224359, 48.352402], [-89.224339, 48.352422], [-89.224298, 48.352449], [-89.224268, 48.352462], [-89.224248, 48.352462], [-89.224237, 48.352449], [-89.224237, 48.352422], [-89.224248, 48.352402]]]}}, {"type": "Feature", "properties": {"lead": 96, "temp": "sp:brook_trout:s1"}, "geometry": {"type": "Polygon", "coordinates": [[[-89.224949, 48.352509], [-89.224969, 48.352496], [-89.224999, 48.352489], [-89.225039, 48.352489], [-89.22506, 48.352496], [-89.22506, 48.352509], [-89.225039, 48.352529], [-89.224999, 48.352556], [-89.224969, 48.352569], [-89.224949, 48.352569], [-89.224938, 48.352556], [-89.224938, 48.352529], [-89.224949, 48.352509]]]}}, {"type": "Feature", "properties": {"lead": 96, "temp": "sp:brook_trout:s1"}, "geometry": {"type": "Polygon", "coordinates": [[[-89.22513, 48.352616], [-89.225191, 48.352603], [-89.225282, 48.352596], [-89.225403, 48.352596], [-89.225464, 48.352603], [-89.225464, 48.352616], [-89.225403, 48.352636], [-89.225282, 48.352663], [-89.225191, 48.352677], [-89.22513, 48.352677], [-89.2251, 48.352663], [-89.2251, 48.352636], [-89.22513, 48.352616]]]}}, {"type": "Feature", "properties": {"lead": 96, "temp": "sp:brook_trout:s1"}, "geometry": {"type": "Polygon", "coordinates": [[[-89.225626, 48.352713], [-89.225666, 48.352704], [-89.22572, 48.352704], [-89.225747, 48.352713], [-89.225747, 48.35273], [-89.22572, 48.352757], [-89.225666, 48.352793], [-89.225626, 48.352811], [-89.225599, 48.352811], [-89.225585, 48.352793], [-89.225585, 48.352757], [-89.225599, 48.35273], [-89.225626, 48.352713]]]}}, {"type": "Feature", "properties": {"lead": 96, "temp": "sp:brook_trout:s1"}, "geometry": {"type": "Polygon", "coordinates": [[[-89.226155, 48.352853], [-89.226185, 48.352847], [-89.226226, 48.352847], [-89.226246, 48.352853], [-89.226246, 48.352867], [-89.226226, 48.352887], [-89.226185, 48.352914], [-89.226155, 48.352927], [-89.226135, 48.352927], [-89.226125, 48.352914], [-89.226125, 48.352887], [-89.226135, 48.352867], [-89.226155, 48.352853]]]}}, {"type": "Feature", "properties": {"lead": 96, "temp": "sp:brook_trout:s1"}, "geometry": {"type": "Polygon", "coordinates": [[[-89.226623, 48.352974], [-89.22665, 48.352961], [-89.226691, 48.352954], [-89.226745, 48.352954], [-89.226772, 48.352961], [-89.226772, 48.352974], [-89.226745, 48.352994], [-89.226691, 48.353021], [-89.22665, 48.353035], [-89.226623, 48.353035], [-89.22661, 48.353021], [-89.22661, 48.352994], [-89.226623, 48.352974]]]}}, {"type": "Feature", "properties": {"lead": 96, "temp": "sp:brook_trout:s1"}, "geometry": {"type": "Polygon", "coordinates": [[[-89.21622, 48.354095], [-89.216173, 48.354086], [-89.216149, 48.354073], [-89.216149, 48.354055], [-89.216163, 48.354041], [-89.21619, 48.354032], [-89.21623, 48.354028], [-89.216284, 48.354028], [-89.216335, 48.354032], [-89.216382, 48.354041], [-89.216426, 48.354055], [-89.216466, 48.354073], [-89.216473, 48.354086], [-89.216446, 48.354095], [-89.216385, 48.354099], [-89.216291, 48.354099], [-89.21622, 48.354095]]]}}, {"type": "Feature", "properties": {"lead": 96, "temp": "sp:brook_trout:s1"}, "geometry": {"type": "Polygon", "coordinates": [[[-89.216719, 48.354124], [-89.21678, 48.35412], [-89.216871, 48.354126], [-89.216992, 48.354144], [-89.217052, 48.35416], [-89.217052, 48.354173], [-89.216992, 48.354184], [-89.216871, 48.354193], [-89.21678, 48.354193], [-89.216719, 48.354184], [-89.216689, 48.354167], [-89.216689, 48.35414], [-89.216719, 48.354124]]]}}, {"type": "Feature", "properties": {"lead": 96, "temp": "sp:brook_trout:s1"}, "geometry": {"type": "Polygon", "coordinates": [[[-89.217201, 48.354229], [-89.217255, 48.35422], [-89.217336, 48.35422], [-89.217443, 48.354229], [-89.217497, 48.35424], [-89.217497, 48.354254], [-89.217443, 48.354269], [-89.217336, 48.354287], [-89.217255, 48.354294], [-89.217201, 48.35429], [-89.217174, 48.354274], [-89.217174, 48.354247], [-89.217201, 48.354229]]]}}, {"type": "Feature", "properties": {"lead": 96, "temp": "sp:brook_trout:s1"}, "geometry": {"type": "Polygon", "coordinates": [[[-89.226357, 48.354898], [-89.226337, 48.354813], [-89.226347, 48.354712], [-89.226388, 48.354596], [-89.226441, 48.354509], [-89.226509, 48.354451], [-89.22659, 48.354422], [-89.226684, 48.354422], [-89.226741, 48.354437], [-89.226762, 48.354469], [-89.226745, 48.354515], [-89.226691, 48.354578], [-89.22665, 48.354652], [-89.226623, 48.354737], [-89.22661, 48.354833], [-89.22661, 48.35494], [-89.22659, 48.355008], [-89.226549, 48.355034], [-89.226489, 48.355021], [-89.226408, 48.354967], [-89.226357, 48.354898]]]}}, {"type": "Feature", "properties": {"lead": 96, "temp": "sp:brook_trout:s1"}, "geometry": {"type": "Polygon", "coordinates": [[[-89.226748, 48.355562], [-89.226485, 48.3555], [-89.226307, 48.355419], [-89.226212, 48.355321], [-89.226212, 48.355236], [-89.226307, 48.355164], [-89.226495, 48.355106], [-89.226778, 48.355061], [-89.226987, 48.355037], [-89.227122, 48.355032], [-89.227183, 48.355048], [-89.227169, 48.355084], [-89.22721, 48.355117], [-89.227304, 48.355149], [-89.227452, 48.355178], [-89.227655, 48.355204], [-89.227766, 48.355238], [-89.227786, 48.355278], [-89.227715, 48.355325], [-89.227554, 48.355379], [-89.227486, 48.355433], [-89.227513, 48.355486], [-89.227634, 48.35554], [-89.22785, 48.355594], [-89.227904, 48.355627], [-89.227796, 48.355641], [-89.227527, 48.355634], [-89.227095, 48.355607], [-89.226748, 48.355562]], [[-89.226856, 48.355251], [-89.226836, 48.355265], [-89.226826, 48.355285], [-89.226826, 48.355312], [-89.226836, 48.355325], [-89.226856, 48.355325], [-89.226886, 48.355312], [-89.226927, 48.355285], [-89.226947, 48.355265], [-89.226947, 48.355251], [-89.226927, 48.355245], [-89.226886, 48.355245], [-89.226856, 48.355251]]]}}, {"type": "Feature", "properties": {"lead": 96, "temp": "sp:brook_trout:s1"}, "geometry": {"type": "Polygon", "coordinates": [[[-89.219118, 48.356363], [-89.21926, 48.356327], [-89.219465, 48.356341], [-89.219735, 48.356403], [-89.219904, 48.356457], [-89.219971, 48.356502], [-89.219937, 48.356538], [-89.219802, 48.356564], [-89.219688, 48.356578], [-89.219594, 48.356578], [-89.219519, 48.356564], [-89.219465, 48.356538], [-89.219401, 48.356535], [-89.219327, 48.356558], [-89.219243, 48.356605], [-89.219149, 48.356676], [-89.219081, 48.356696], [-89.219041, 48.356665], [-89.219027, 48.356582], [-89.219041, 48.356448], [-89.219118, 48.356363]]]}}, {"type": "Feature", "properties": {"lead": 96, "temp": "sp:brook_trout:s1"}, "geometry": {"type": "Polygon", "coordinates": [[[-89.22017, 48.356611], [-89.2202, 48.356605], [-89.220241, 48.356605], [-89.220261, 48.356611], [-89.220261, 48.356625], [-89.220241, 48.356645], [-89.2202, 48.356672], [-89.22017, 48.356685], [-89.22015, 48.356685], [-89.220139, 48.356672], [-89.220139, 48.356645], [-89.22015, 48.356625], [-89.22017, 48.356611]]]}}, {"type": "Feature", "properties": {"lead": 96, "temp": "sp:brook_trout:s1"}, "geometry": {"type": "Polygon", "coordinates": [[[-89.223958, 48.357654], [-89.223408, 48.357388], [-89.222856, 48.357146], [-89.222482, 48.356972], [-89.222286, 48.356864], [-89.222269, 48.356824], [-89.222431, 48.356851], [-89.222674, 48.356918], [-89.222997, 48.357025], [-89.223402, 48.357173], [-89.223887, 48.357361], [-89.224352, 48.357567], [-89.224797, 48.35779], [-89.225221, 48.358032], [-89.225626, 48.358291], [-89.225939, 48.358513], [-89.226162, 48.358696], [-89.226293, 48.358841], [-89.226334, 48.358949], [-89.226229, 48.358944], [-89.22598, 48.358828], [-89.225585, 48.3586], [-89.225046, 48.35826], [-89.224504, 48.357945], [-89.223958, 48.357654]]]}}, {"type": "Feature", "properties": {"lead": 96, "temp": "sp:brook_trout:s2"}, "geometry": {"type": "Polygon", "coordinates": [[[-89.226475, 48.35514], [-89.226448, 48.355162], [-89.226374, 48.355173], [-89.226253, 48.355173], [-89.226162, 48.355151], [-89.226101, 48.355106], [-89.226071, 48.355039], [-89.226071, 48.354949], [-89.226101, 48.354829], [-89.226162, 48.354677], [-89.226253, 48.354493], [-89.226374, 48.354278], [-89.226512, 48.35409], [-89.226667, 48.353929], [-89.226839, 48.353795], [-89.227028, 48.353688], [-89.226923, 48.353542], [-89.226526, 48.353359], [-89.225835, 48.353138], [-89.224851, 48.352878], [-89.22421, 48.352683], [-89.223914, 48.352554], [-89.223961, 48.352489], [-89.224352, 48.352489], [-89.224719, 48.35252], [-89.225063, 48.352583], [-89.225383, 48.352677], [-89.22568, 48.352802], [-89.226101, 48.35293], [-89.226647, 48.353059], [-89.227318, 48.353191], [-89.228113, 48.353325], [-89.228713, 48.35344], [-89.229117, 48.353533], [-89.229326, 48.353607], [-89.22934, 48.353661], [-89.22933, 48.353701], [-89.229296, 48.353728], [-89.229239, 48.353742], [-89.229158, 48.353742], [-89.229107, 48.353755], [-89.229087, 48.353782], [-89.229097, 48.353822], [-89.229137, 48.353876], [-89.22933, 48.353961], [-89.229673, 48.354077], [-89.230169, 48.354225], [-89.230816, 48.354404], [-89.231301, 48.354551], [-89.231625, 48.354668], [-89.231786, 48.354753], [-89.231786, 48.354806], [-89.231712, 48.35484], [-89.231564, 48.354853], [-89.231341, 48.354847], [-89.231045, 48.35482], [-89.230779, 48.354777], [-89.230543, 48.354719], [-89.230337, 48.354645], [-89.230162, 48.354556], [-89.229977, 48.354482], [-89.229781, 48.354424], [-89.229576, 48.354381], [-89.22936, 48.354354], [-89.229188, 48.354319], [-89.22906, 48.354274], [-89.228976, 48.35422], [-89.228935, 48.354158], [-89.228861, 48.354113], [-89.228753, 48.354086], [-89.228612, 48.354077], [-89.228437, 48.354086], [-89.228285, 48.354084], [-89.228157, 48.35407], [-89.228052, 48.354046], [-89.227971, 48.35401], [-89.227921, 48.353974], [-89.227901, 48.353938], [-89.227911, 48.353903], [-89.227951, 48.353867], [-89.227961, 48.35384], [-89.227941, 48.353822], [-89.227891, 48.353813], [-89.22781, 48.353813], [-89.227749, 48.353822], [-89.227709, 48.35384], [-89.227688, 48.353867], [-89.227688, 48.353903], [-89.227655, 48.353929], [-89.227587, 48.353947], [-89.227486, 48.353956], [-89.227351, 48.353956], [-89.22723, 48.353985], [-89.227122, 48.354044], [-89.227028, 48.354131], [-89.226947, 48.354247], [-89.226863, 48.354334], [-89.226775, 48.354392], [-89.226684, 48.354422], [-89.22659, 48.354422], [-89.226509, 48.354457], [-89.226441, 48.354529], [-89.226388, 48.354636], [-89.226347, 48.354779], [-89.226334, 48.354898], [-89.226347, 48.354992], [-89.226388, 48.355061], [-89.226455, 48.355106], [-89.226475, 48.35514]], [[-89.228457, 48.353934], [-89.228457, 48.353925], [-89.228437, 48.35392], [-89.228396, 48.35392], [-89.228366, 48.353925], [-89.228346, 48.353934], [-89.228335, 48.353947], [-89.228335, 48.353965], [-89.228346, 48.353974], [-89.228366, 48.353974], [-89.228396, 48.353965], [-89.228437, 48.353947], [-89.228457, 48.353934]], [[-89.227432, 48.353654], [-89.227432, 48.353641], [-89.227412, 48.353634], [-89.227372, 48.353634], [-89.227341, 48.353641], [-89.227321, 48.353654], [-89.227311, 48.353674], [-89.227311, 48.353701], [-89.227321, 48.353715], [-89.227341, 48.353715], [-89.227372, 48.353701], [-89.227412, 48.353674], [-89.227432, 48.353654]]]}}, {"type": "Feature", "properties": {"lead": 96, "temp": "sp:brook_trout:s2"}, "geometry": {"type": "Polygon", "coordinates": [[[-89.216864, 48.354305], [-89.216628, 48.354296], [-89.216264, 48.35426], [-89.215964, 48.354214], [-89.215728, 48.354155], [-89.215556, 48.354086], [-89.215448, 48.354005], [-89.215448, 48.353956], [-89.215556, 48.353938], [-89.215772, 48.353952], [-89.216095, 48.353997], [-89.216375, 48.354048], [-89.216611, 48.354106], [-89.216803, 48.354171], [-89.216951, 48.354243], [-89.216972, 48.354287], [-89.216864, 48.354305]]]}}, {"type": "Feature", "properties": {"lead": 96, "temp": "sp:brook_trout:s2"}, "geometry": {"type": "Polygon", "coordinates": [[[-89.227169, 48.355122], [-89.227149, 48.35511], [-89.227149, 48.355093], [-89.227169, 48.355081], [-89.22721, 48.355077], [-89.22727, 48.355079], [-89.227351, 48.355088], [-89.227392, 48.355097], [-89.227392, 48.355106], [-89.227351, 48.355115], [-89.22727, 48.355124], [-89.22721, 48.355126], [-89.227169, 48.355122]]]}}, {"type": "Feature", "properties": {"lead": 96, "temp": "sp:brook_trout:s3"}, "geometry": {"type": "Polygon", "coordinates": [[[-89.226155, 48.352981], [-89.226125, 48.352976], [-89.226125, 48.352968], [-89.226155, 48.352961], [-89.226216, 48.352956], [-89.226307, 48.352954], [-89.226428, 48.352954], [-89.226489, 48.352956], [-89.226489, 48.352961], [-89.226428, 48.352968], [-89.226307, 48.352976], [-89.226216, 48.352981], [-89.226155, 48.352981]]]}}, {"type": "Feature", "properties": {"lead": 96, "temp": "sp:brook_trout:s3"}, "geometry": {"type": "Polygon", "coordinates": [[[-89.22664, 48.353088], [-89.22661, 48.353084], [-89.22661, 48.353075], [-89.22664, 48.353068], [-89.226701, 48.353064], [-89.226792, 48.353061], [-89.226913, 48.353061], [-89.226974, 48.353064], [-89.226974, 48.353068], [-89.226913, 48.353075], [-89.226792, 48.353084], [-89.226701, 48.353088], [-89.22664, 48.353088]]]}}, {"type": "Feature", "properties": {"lead": 96, "temp": "sp:brook_trout:s3"}, "geometry": {"type": "Polygon", "coordinates": [[[-89.227284, 48.353196], [-89.227257, 48.353191], [-89.227257, 48.353182], [-89.227284, 48.353176], [-89.227338, 48.353171], [-89.227419, 48.353169], [-89.227527, 48.353169], [-89.227581, 48.353171], [-89.227581, 48.353176], [-89.227527, 48.353182], [-89.227419, 48.353191], [-89.227338, 48.353196], [-89.227284, 48.353196]]]}}, {"type": "Feature", "properties": {"lead": 96, "temp": "sp:brook_trout:s3"}, "geometry": {"type": "Polygon", "coordinates": [[[-89.227709, 48.35384], [-89.227688, 48.353835], [-89.227688, 48.353827], [-89.227709, 48.35382], [-89.227749, 48.353815], [-89.22781, 48.353813], [-89.227891, 48.353813], [-89.227931, 48.353815], [-89.227931, 48.35382], [-89.227891, 48.353827], [-89.22781, 48.353835], [-89.227749, 48.35384], [-89.227709, 48.35384]]]}}, {"type": "Feature", "properties": {"lead": 96, "temp": "sp:salmon:s1"}, "geometry": {"type": "Polygon", "coordinates": [[[-89.22845, 48.353728], [-89.228059, 48.353648], [-89.227756, 48.353565], [-89.22754, 48.35348], [-89.227412, 48.353393], [-89.227372, 48.353303], [-89.227469, 48.353258], [-89.227705, 48.353258], [-89.228079, 48.353303], [-89.228592, 48.353393], [-89.228955, 48.35348], [-89.229171, 48.353565], [-89.229239, 48.353648], [-89.229158, 48.353728], [-89.228999, 48.353768], [-89.228763, 48.353768], [-89.22845, 48.353728]]]}}, {"type": "Feature", "properties": {"lead": 96, "temp": "sp:salmon:s1"}, "geometry": {"type": "Polygon", "coordinates": [[[-89.229036, 48.353889], [-89.229046, 48.353869], [-89.229067, 48.353856], [-89.229097, 48.353849], [-89.229137, 48.353849], [-89.229158, 48.353856], [-89.229158, 48.353869], [-89.229137, 48.353889], [-89.229097, 48.353916], [-89.229067, 48.353929], [-89.229046, 48.353929], [-89.229036, 48.353916], [-89.229036, 48.353889]]]}}, {"type": "Feature", "properties": {"lead": 96, "temp": "sp:salmon:s1"}, "geometry": {"type": "Polygon", "coordinates": [[[-89.22785, 48.353889], [-89.22787, 48.353869], [-89.227911, 48.353856], [-89.227971, 48.353849], [-89.228052, 48.353849], [-89.228093, 48.353856], [-89.228093, 48.353869], [-89.228052, 48.353889], [-89.227971, 48.353916], [-89.227911, 48.353929], [-89.22787, 48.353929], [-89.22785, 48.353916], [-89.22785, 48.353889]]]}}, {"type": "Feature", "properties": {"lead": 96, "temp": "sp:salmon:s1"}, "geometry": {"type": "Polygon", "coordinates": [[[-89.228511, 48.354099], [-89.228376, 48.354099], [-89.228275, 48.35409], [-89.228207, 48.354073], [-89.228174, 48.354046], [-89.228174, 48.35401], [-89.228207, 48.353983], [-89.228275, 48.353965], [-89.228376, 48.353956], [-89.228511, 48.353956], [-89.228612, 48.353965], [-89.228679, 48.353983], [-89.228713, 48.35401], [-89.228713, 48.354046], [-89.228679, 48.354073], [-89.228612, 48.35409], [-89.228511, 48.354099]]]}}, {"type": "Feature", "properties": {"lead": 96, "temp": "sp:salmon:s1"}, "geometry": {"type": "Polygon", "coordinates": [[[-89.231045, 48.35482], [-89.230779, 48.354777], [-89.230543, 48.354719], [-89.230337, 48.354645], [-89.230162, 48.354556], [-89.229977, 48.354482], [-89.229781, 48.354424], [-89.229576, 48.354381], [-89.22936, 48.354354], [-89.229188, 48.354321], [-89.22906, 48.354281], [-89.228976, 48.354234], [-89.228935, 48.35418], [-89.228949, 48.354131], [-89.229016, 48.354086], [-89.229137, 48.354046], [-89.229313, 48.35401], [-89.229464, 48.353999], [-89.229592, 48.354012], [-89.229697, 48.35405], [-89.229778, 48.354113], [-89.229902, 48.354167], [-89.230071, 48.354211], [-89.230283, 48.354247], [-89.230539, 48.354274], [-89.230775, 48.354307], [-89.230991, 48.354348], [-89.231186, 48.354395], [-89.231362, 48.354448], [-89.231503, 48.354511], [-89.231611, 48.354583], [-89.231685, 48.354663], [-89.231726, 48.354753], [-89.231682, 48.354813], [-89.231554, 48.354844], [-89.231341, 48.354847], [-89.231045, 48.35482]], [[-89.229259, 48.354099], [-89.229228, 48.354106], [-89.229208, 48.35412], [-89.229198, 48.35414], [-89.229198, 48.354167], [-89.229208, 48.35418], [-89.229228, 48.35418], [-89.229259, 48.354167], [-89.229299, 48.35414], [-89.229319, 48.35412], [-89.229319, 48.354106], [-89.229299, 48.354099], [-89.229259, 48.354099]]]}}, {"type": "Feature", "properties": {"lead": 96, "temp": "sp:salmon:s1"}, "geometry": {"type": "Polygon", "coordinates": [[[-89.227149, 48.355093], [-89.227169, 48.355081], [-89.22721, 48.355077], [-89.22727, 48.355079], [-89.227351, 48.355088], [-89.227392, 48.355097], [-89.227392, 48.355106], [-89.227351, 48.355115], [-89.22727, 48.355124], [-89.22721, 48.355126], [-89.227169, 48.355122], [-89.227149, 48.35511], [-89.227149, 48.355093]]]}}, {"type": "Feature", "properties": {"lead": 96, "temp": "sp:salmon:s1"}, "geometry": {"type": "Polygon", "coordinates": [[[-89.22574, 48.352954], [-89.225484, 48.352954], [-89.225282, 48.352938], [-89.225134, 48.352907], [-89.225039, 48.35286], [-89.224999, 48.352798], [-89.224918, 48.352755], [-89.224797, 48.352733], [-89.224635, 48.35273], [-89.224433, 48.352748], [-89.224234, 48.352744], [-89.224039, 48.352717], [-89.223847, 48.352668], [-89.223658, 48.352596], [-89.223614, 48.352543], [-89.223715, 48.352507], [-89.223961, 48.352489], [-89.224352, 48.352489], [-89.224655, 48.352502], [-89.224871, 48.352529], [-89.224999, 48.352569], [-89.225039, 48.352623], [-89.225134, 48.352679], [-89.225282, 48.352737], [-89.225484, 48.352798], [-89.22574, 48.35286], [-89.225869, 48.352907], [-89.225869, 48.352938], [-89.22574, 48.352954]]]}}, {"type": "Feature", "properties": {"lead": 96, "temp": "sp:salmon:s1"}, "geometry": {"type": "Polygon", "coordinates": [[[-89.226125, 48.352994], [-89.226155, 48.352974], [-89.226216, 48.352961], [-89.226307, 48.352954], [-89.226428, 48.352954], [-89.226489, 48.352961], [-89.226489, 48.352974], [-89.226428, 48.352994], [-89.226307, 48.353021], [-89.226216, 48.353035], [-89.226155, 48.353035], [-89.226125, 48.353021], [-89.226125, 48.352994]]]}}, {"type": "Feature", "properties": {"lead": 96, "temp": "sp:salmon:s1"}, "geometry": {"type": "Polygon", "coordinates": [[[-89.226826, 48.353102], [-89.226846, 48.353082], [-89.226886, 48.353068], [-89.226947, 48.353061], [-89.227028, 48.353061], [-89.227068, 48.353068], [-89.227068, 48.353082], [-89.227028, 48.353102], [-89.226947, 48.353129], [-89.226886, 48.353142], [-89.226846, 48.353142], [-89.226826, 48.353129], [-89.226826, 48.353102]]]}}, {"type": "Feature", "properties": {"lead": 96, "temp": "sp:salmon:s1"}, "geometry": {"type": "Polygon", "coordinates": [[[-89.216985, 48.354323], [-89.216608, 48.354305], [-89.216277, 48.354267], [-89.215994, 48.354209], [-89.215758, 48.354131], [-89.21557, 48.354032], [-89.215509, 48.35397], [-89.215576, 48.353943], [-89.215772, 48.353952], [-89.216095, 48.353997], [-89.216399, 48.354048], [-89.216682, 48.354106], [-89.216945, 48.354171], [-89.217187, 48.354243], [-89.217275, 48.354292], [-89.217208, 48.354319], [-89.216985, 48.354323]]]}}, {"type": "Feature", "properties": {"lead": 96, "temp": "sp:salmon:s1"}, "geometry": {"type": "Polygon", "coordinates": [[[-89.226307, 48.354524], [-89.226401, 48.354312], [-89.226495, 48.354146], [-89.22659, 48.354028], [-89.226684, 48.353956], [-89.226809, 48.353903], [-89.226964, 48.353867], [-89.227149, 48.353849], [-89.227365, 48.353849], [-89.227493, 48.353856], [-89.227533, 48.353869], [-89.227486, 48.353889], [-89.227351, 48.353916], [-89.22723, 48.353965], [-89.227122, 48.354037], [-89.227028, 48.354131], [-89.226947, 48.354247], [-89.226863, 48.354334], [-89.226775, 48.354392], [-89.226684, 48.354422], [-89.22659, 48.354422], [-89.226509, 48.354457], [-89.226441, 48.354529], [-89.226388, 48.354636], [-89.226347, 48.354779], [-89.226361, 48.354894], [-89.226428, 48.354979], [-89.226549, 48.355034], [-89.226725, 48.355061], [-89.226799, 48.355086], [-89.226772, 48.355108], [-89.226644, 48.355128], [-89.226414, 48.355146], [-89.226266, 48.355095], [-89.226199, 48.354974], [-89.226212, 48.354784], [-89.226307, 48.354524]]]}}, {"type": "Feature", "properties": {"lead": 96, "temp": "sp:salmon:s1"}, "geometry": {"type": "Polygon", "coordinates": [[[-89.219061, 48.356202], [-89.219075, 48.356189], [-89.219101, 48.35618], [-89.219142, 48.356175], [-89.219196, 48.356175], [-89.219223, 48.35618], [-89.219223, 48.356189], [-89.219196, 48.356202], [-89.219142, 48.35622], [-89.219101, 48.356229], [-89.219075, 48.356229], [-89.219061, 48.35622], [-89.219061, 48.356202]]]}}, {"type": "Feature", "properties": {"lead": 96, "temp": "sp:salmon:s2"}, "geometry": {"type": "Polygon", "coordinates": [[[-89.228875, 48.353209], [-89.228885, 48.353189], [-89.228905, 48.353176], [-89.228935, 48.353169], [-89.228976, 48.353169], [-89.228996, 48.353176], [-89.228996, 48.353189], [-89.228976, 48.353209], [-89.228935, 48.353236], [-89.228905, 48.353249], [-89.228885, 48.353249], [-89.228875, 48.353236], [-89.228875, 48.353209]]]}}, {"type": "Feature", "properties": {"lead": 96, "temp": "sp:salmon:s2"}, "geometry": {"type": "Polygon", "coordinates": [[[-89.228194, 48.353303], [-89.228234, 48.353285], [-89.228295, 48.353276], [-89.228376, 48.353276], [-89.228416, 48.353285], [-89.228416, 48.353303], [-89.228376, 48.35333], [-89.228295, 48.353366], [-89.228234, 48.353384], [-89.228194, 48.353384], [-89.228174, 48.353366], [-89.228174, 48.35333], [-89.228194, 48.353303]]]}}, {"type": "Feature", "properties": {"lead": 96, "temp": "sp:salmon:s2"}, "geometry": {"type": "Polygon", "coordinates": [[[-89.228885, 48.35344], [-89.228905, 48.353426], [-89.228935, 48.353419], [-89.228976, 48.353419], [-89.228996, 48.353426], [-89.228996, 48.35344], [-89.228976, 48.35346], [-89.228935, 48.353487], [-89.228905, 48.3535], [-89.228885, 48.3535], [-89.228875, 48.353487], [-89.228875, 48.35346], [-89.228885, 48.35344]]]}}, {"type": "Feature", "properties": {"lead": 96, "temp": "sp:salmon:s2"}, "geometry": {"type": "Polygon", "coordinates": [[[-89.229158, 48.353862], [-89.229131, 48.353835], [-89.229158, 48.353809], [-89.229239, 48.353782], [-89.229289, 48.353733], [-89.229309, 48.353661], [-89.229299, 48.353567], [-89.229259, 48.353451], [-89.229262, 48.35337], [-89.229309, 48.353325], [-89.2294, 48.353317], [-89.229535, 48.353343], [-89.229626, 48.353399], [-89.229673, 48.353484], [-89.229677, 48.353598], [-89.229636, 48.353742], [-89.229572, 48.353842], [-89.229485, 48.3539], [-89.229373, 48.353916], [-89.229239, 48.353889], [-89.229158, 48.353862]]]}}, {"type": "Feature", "properties": {"lead": 96, "temp": "sp:salmon:s2"}, "geometry": {"type": "Polygon", "coordinates": [[[-89.229596, 48.353983], [-89.229636, 48.353965], [-89.229697, 48.353956], [-89.229778, 48.353956], [-89.229818, 48.353965], [-89.229818, 48.353983], [-89.229778, 48.35401], [-89.229697, 48.354046], [-89.229636, 48.354064], [-89.229596, 48.354064], [-89.229576, 48.354046], [-89.229576, 48.35401], [-89.229596, 48.353983]]]}}, {"type": "Feature", "properties": {"lead": 96, "temp": "sp:salmon:s2"}, "geometry": {"type": "Polygon", "coordinates": [[[-89.228062, 48.353985], [-89.228083, 48.353972], [-89.228106, 48.35397], [-89.228133, 48.353979], [-89.228143, 48.353992], [-89.228137, 48.35401], [-89.228113, 48.354032], [-89.228073, 48.354059], [-89.228046, 48.35407], [-89.228032, 48.354066], [-89.228032, 48.354046], [-89.228046, 48.35401], [-89.228062, 48.353985]]]}}, {"type": "Feature", "properties": {"lead": 96, "temp": "sp:salmon:s2"}, "geometry": {"type": "Polygon", "coordinates": [[[-89.228521, 48.354122], [-89.228568, 48.354113], [-89.228639, 48.354113], [-89.228733, 48.354122], [-89.22878, 48.354133], [-89.22878, 48.354146], [-89.228733, 48.354162], [-89.228639, 48.35418], [-89.228568, 48.354187], [-89.228521, 48.354182], [-89.228497, 48.354167], [-89.228497, 48.35414], [-89.228521, 48.354122]]]}}, {"type": "Feature", "properties": {"lead": 96, "temp": "sp:salmon:s2"}, "geometry": {"type": "Polygon", "coordinates": [[[-89.226866, 48.354287], [-89.226886, 48.354231], [-89.226954, 48.354173], [-89.227068, 48.354113], [-89.22723, 48.35405], [-89.227351, 48.354012], [-89.227432, 48.353999], [-89.227473, 48.35401], [-89.227473, 48.354046], [-89.227439, 48.354093], [-89.227372, 48.354151], [-89.22727, 48.35422], [-89.227136, 48.354301], [-89.227028, 48.354348], [-89.226947, 48.354361], [-89.226893, 48.354341], [-89.226866, 48.354287]]]}}, {"type": "Feature", "properties": {"lead": 96, "temp": "sp:salmon:s2"}, "geometry": {"type": "Polygon", "coordinates": [[[-89.230277, 48.354171], [-89.230169, 48.354099], [-89.230223, 48.354046], [-89.230438, 48.35401], [-89.23063, 48.354005], [-89.230799, 48.354032], [-89.230944, 48.35409], [-89.231065, 48.35418], [-89.23118, 48.354247], [-89.231288, 48.354292], [-89.231389, 48.354314], [-89.231483, 48.354314], [-89.231554, 48.354328], [-89.231601, 48.354354], [-89.231625, 48.354395], [-89.231625, 48.354448], [-89.231517, 48.354462], [-89.231301, 48.354435], [-89.230978, 48.354368], [-89.230546, 48.35426], [-89.230277, 48.354171]]]}}, {"type": "Feature", "properties": {"lead": 96, "temp": "sp:salmon:s2"}, "geometry": {"type": "Polygon", "coordinates": [[[-89.231635, 48.354556], [-89.231655, 48.354538], [-89.231685, 48.354529], [-89.231726, 48.354529], [-89.231746, 48.354538], [-89.231746, 48.354556], [-89.231726, 48.354583], [-89.231685, 48.354618], [-89.231655, 48.354636], [-89.231635, 48.354636], [-89.231625, 48.354618], [-89.231625, 48.354583], [-89.231635, 48.354556]]]}}, {"type": "Feature", "properties": {"lead": 96, "temp": "sp:salmon:s2"}, "geometry": {"type": "Polygon", "coordinates": [[[-89.231796, 48.354712], [-89.231817, 48.354685], [-89.231847, 48.354672], [-89.231887, 48.354672], [-89.231908, 48.354685], [-89.231908, 48.354712], [-89.231887, 48.354753], [-89.231847, 48.354806], [-89.231817, 48.354833], [-89.231796, 48.354833], [-89.231786, 48.354806], [-89.231786, 48.354753], [-89.231796, 48.354712]]]}}, {"type": "Feature", "properties": {"lead": 96, "temp": "sp:salmon:s2"}, "geometry": {"type": "Polygon", "coordinates": [[[-89.228194, 48.355701], [-89.228234, 48.355683], [-89.228295, 48.355674], [-89.228376, 48.355674], [-89.228416, 48.355683], [-89.228416, 48.355701], [-89.228376, 48.355728], [-89.228295, 48.355764], [-89.228234, 48.355782], [-89.228194, 48.355782], [-89.228174, 48.355764], [-89.228174, 48.355728], [-89.228194, 48.355701]]]}}, {"type": "Feature", "properties": {"lead": 96, "temp": "sp:salmon:s2"}, "geometry": {"type": "Polygon", "coordinates": [[[-89.228976, 48.355822], [-89.229016, 48.355831], [-89.229036, 48.355844], [-89.229036, 48.355862], [-89.229016, 48.355871], [-89.228976, 48.355871], [-89.228915, 48.355862], [-89.228834, 48.355844], [-89.228794, 48.355831], [-89.228794, 48.355822], [-89.228834, 48.355817], [-89.228915, 48.355817], [-89.228976, 48.355822]]]}}, {"type": "Feature", "properties": {"lead": 96, "temp": "sp:salmon:s2"}, "geometry": {"type": "Polygon", "coordinates": [[[-89.229505, 48.355936], [-89.229552, 48.35594], [-89.229576, 48.355952], [-89.229576, 48.355969], [-89.229552, 48.355981], [-89.229505, 48.355985], [-89.229434, 48.355983], [-89.22934, 48.355974], [-89.229292, 48.355965], [-89.229292, 48.355956], [-89.22934, 48.355947], [-89.229434, 48.355938], [-89.229505, 48.355936]]]}}, {"type": "Feature", "properties": {"lead": 96, "temp": "sp:salmon:s2"}, "geometry": {"type": "Polygon", "coordinates": [[[-89.230688, 48.356247], [-89.230243, 48.356139], [-89.229987, 48.356068], [-89.229919, 48.356032], [-89.230041, 48.356032], [-89.230132, 48.356016], [-89.230192, 48.355985], [-89.230223, 48.355938], [-89.230223, 48.355876], [-89.230236, 48.355831], [-89.230263, 48.355804], [-89.230304, 48.355795], [-89.230357, 48.355804], [-89.230499, 48.355835], [-89.230728, 48.355889], [-89.231045, 48.355965], [-89.231449, 48.356063], [-89.231766, 48.356162], [-89.231995, 48.35626], [-89.232137, 48.356359], [-89.232191, 48.356457], [-89.232073, 48.356495], [-89.231783, 48.356473], [-89.231321, 48.35639], [-89.230688, 48.356247]]]}}, {"type": "Feature", "properties": {"lead": 96, "temp": "sp:salmon:s2"}, "geometry": {"type": "Polygon", "coordinates": [[[-89.19659, 48.310141], [-89.196617, 48.310145], [-89.19663, 48.310192], [-89.19663, 48.310282], [-89.196617, 48.310347], [-89.19659, 48.310387], [-89.196549, 48.310403], [-89.196495, 48.310394], [-89.196468, 48.310367], [-89.196468, 48.310322], [-89.196495, 48.310259], [-89.196549, 48.310179], [-89.19659, 48.310141]]]}}, {"type": "Feature", "properties": {"lead": 96, "temp": "sp:salmon:s2"}, "geometry": {"type": "Polygon", "coordinates": [[[-89.224858, 48.352285], [-89.224884, 48.352254], [-89.224905, 48.352238], [-89.224918, 48.352238], [-89.224915, 48.352254], [-89.224895, 48.352285], [-89.224858, 48.352332], [-89.224804, 48.352395], [-89.224773, 48.352426], [-89.224767, 48.352426], [-89.224783, 48.352395], [-89.224824, 48.352332], [-89.224858, 48.352285]]]}}, {"type": "Feature", "properties": {"lead": 96, "temp": "sp:salmon:s2"}, "geometry": {"type": "Polygon", "coordinates": [[[-89.223496, 48.352308], [-89.223604, 48.352321], [-89.223665, 48.352355], [-89.223678, 48.352408], [-89.223634, 48.352442], [-89.223533, 48.352455], [-89.223375, 48.352449], [-89.223159, 48.352422], [-89.223048, 48.352395], [-89.223041, 48.352368], [-89.223139, 48.352341], [-89.223341, 48.352314], [-89.223496, 48.352308]]]}}, {"type": "Feature", "properties": {"lead": 96, "temp": "sp:salmon:s2"}, "geometry": {"type": "Polygon", "coordinates": [[[-89.225127, 48.352645], [-89.225181, 48.352636], [-89.225262, 48.352632], [-89.22537, 48.352632], [-89.225424, 48.352636], [-89.225424, 48.352645], [-89.22537, 48.352659], [-89.225262, 48.352677], [-89.225181, 48.352686], [-89.225127, 48.352686], [-89.2251, 48.352677], [-89.2251, 48.352659], [-89.225127, 48.352645]]]}}, {"type": "Feature", "properties": {"lead": 96, "temp": "sp:salmon:s2"}, "geometry": {"type": "Polygon", "coordinates": [[[-89.225599, 48.352759], [-89.225626, 48.352746], [-89.225666, 48.352739], [-89.22572, 48.352739], [-89.225747, 48.352746], [-89.225747, 48.352759], [-89.22572, 48.35278], [-89.225666, 48.352806], [-89.225626, 48.35282], [-89.225599, 48.35282], [-89.225585, 48.352806], [-89.225585, 48.35278], [-89.225599, 48.352759]]]}}, {"type": "Feature", "properties": {"lead": 96, "temp": "sp:salmon:s2"}, "geometry": {"type": "Polygon", "coordinates": [[[-89.226623, 48.352968], [-89.22665, 48.352959], [-89.226691, 48.352954], [-89.226745, 48.352954], [-89.226772, 48.352959], [-89.226772, 48.352968], [-89.226745, 48.352981], [-89.226691, 48.352999], [-89.22665, 48.353008], [-89.226623, 48.353008], [-89.22661, 48.352999], [-89.22661, 48.352981], [-89.226623, 48.352968]]]}}, {"type": "Feature", "properties": {"lead": 96, "temp": "sp:salmon:s2"}, "geometry": {"type": "Polygon", "coordinates": [[[-89.21622, 48.354095], [-89.216173, 48.354086], [-89.216149, 48.354073], [-89.216149, 48.354055], [-89.216163, 48.354041], [-89.21619, 48.354032], [-89.21623, 48.354028], [-89.216284, 48.354028], [-89.216335, 48.354032], [-89.216382, 48.354041], [-89.216426, 48.354055], [-89.216466, 48.354073], [-89.216473, 48.354086], [-89.216446, 48.354095], [-89.216385, 48.354099], [-89.216291, 48.354099], [-89.21622, 48.354095]]]}}, {"type": "Feature", "properties": {"lead": 96, "temp": "sp:salmon:s2"}, "geometry": {"type": "Polygon", "coordinates": [[[-89.216705, 48.354122], [-89.216739, 48.354113], [-89.21679, 48.354113], [-89.216857, 48.354122], [-89.216891, 48.354133], [-89.216891, 48.354146], [-89.216857, 48.354162], [-89.21679, 48.35418], [-89.216739, 48.354187], [-89.216705, 48.354182], [-89.216689, 48.354167], [-89.216689, 48.35414], [-89.216705, 48.354122]]]}}, {"type": "Feature", "properties": {"lead": 96, "temp": "sp:salmon:s2"}, "geometry": {"type": "Polygon", "coordinates": [[[-89.217437, 48.35431], [-89.217369, 48.354301], [-89.217309, 48.354287], [-89.217255, 48.354269], [-89.217228, 48.354254], [-89.217228, 48.35424], [-89.217255, 48.354229], [-89.217309, 48.35422], [-89.217369, 48.35422], [-89.217437, 48.354229], [-89.217511, 48.354247], [-89.217592, 48.354274], [-89.217632, 48.354294], [-89.217632, 48.354307], [-89.217592, 48.354314], [-89.217511, 48.354314], [-89.217437, 48.35431]]]}}, {"type": "Feature", "properties": {"lead": 96, "temp": "sp:salmon:s2"}, "geometry": {"type": "Polygon", "coordinates": [[[-89.226347, 48.354979], [-89.226334, 48.354894], [-89.226347, 48.354779], [-89.226388, 48.354636], [-89.226441, 48.354529], [-89.226509, 48.354457], [-89.22659, 48.354422], [-89.226684, 48.354422], [-89.226741, 48.354437], [-89.226762, 48.354469], [-89.226745, 48.354515], [-89.226691, 48.354578], [-89.226647, 48.354652], [-89.226613, 48.354737], [-89.22659, 48.354833], [-89.226576, 48.35494], [-89.226549, 48.355014], [-89.226509, 48.355055], [-89.226455, 48.355061], [-89.226388, 48.355034], [-89.226347, 48.354979]]]}}, {"type": "Feature", "properties": {"lead": 96, "temp": "sp:salmon:s2"}, "geometry": {"type": "Polygon", "coordinates": [[[-89.226748, 48.355562], [-89.226485, 48.3555], [-89.226307, 48.355419], [-89.226212, 48.355321], [-89.226212, 48.355236], [-89.226307, 48.355164], [-89.226495, 48.355106], [-89.226778, 48.355061], [-89.226987, 48.355037], [-89.227122, 48.355032], [-89.227183, 48.355048], [-89.227169, 48.355084], [-89.22721, 48.355117], [-89.227304, 48.355149], [-89.227452, 48.355178], [-89.227655, 48.355204], [-89.227766, 48.355238], [-89.227786, 48.355278], [-89.227715, 48.355325], [-89.227554, 48.355379], [-89.227486, 48.355433], [-89.227513, 48.355486], [-89.227634, 48.35554], [-89.22785, 48.355594], [-89.227904, 48.355627], [-89.227796, 48.355641], [-89.227527, 48.355634], [-89.227095, 48.355607], [-89.226748, 48.355562]], [[-89.226856, 48.355251], [-89.226836, 48.355265], [-89.226826, 48.355285], [-89.226826, 48.355312], [-89.226836, 48.355325], [-89.226856, 48.355325], [-89.226886, 48.355312], [-89.226927, 48.355285], [-89.226947, 48.355265], [-89.226947, 48.355251], [-89.226927, 48.355245], [-89.226886, 48.355245], [-89.226856, 48.355251]]]}}, {"type": "Feature", "properties": {"lead": 96, "temp": "sp:salmon:s2"}, "geometry": {"type": "Polygon", "coordinates": [[[-89.219118, 48.356392], [-89.21926, 48.356361], [-89.219465, 48.356377], [-89.219735, 48.356439], [-89.219904, 48.356491], [-89.219971, 48.356531], [-89.219937, 48.35656], [-89.219802, 48.356578], [-89.219688, 48.356585], [-89.219594, 48.35658], [-89.219519, 48.356564], [-89.219465, 48.356538], [-89.219401, 48.356535], [-89.219327, 48.356558], [-89.219243, 48.356605], [-89.219149, 48.356676], [-89.219081, 48.356699], [-89.219041, 48.356672], [-89.219027, 48.356596], [-89.219041, 48.35647], [-89.219118, 48.356392]]]}}, {"type": "Feature", "properties": {"lead": 96, "temp": "sp:salmon:s2"}, "geometry": {"type": "Polygon", "coordinates": [[[-89.22015, 48.356625], [-89.22017, 48.356611], [-89.2202, 48.356605], [-89.220241, 48.356605], [-89.220261, 48.356611], [-89.220261, 48.356625], [-89.220241, 48.356645], [-89.2202, 48.356672], [-89.22017, 48.356685], [-89.22015, 48.356685], [-89.220139, 48.356672], [-89.220139, 48.356645], [-89.22015, 48.356625]]]}}, {"type": "Feature", "properties": {"lead": 96, "temp": "sp:salmon:s2"}, "geometry": {"type": "Polygon", "coordinates": [[[-89.224504, 48.357945], [-89.223958, 48.357654], [-89.223408, 48.357388], [-89.222856, 48.357146], [-89.222482, 48.356972], [-89.222286, 48.356864], [-89.222269, 48.356824], [-89.222431, 48.356851], [-89.222674, 48.356918], [-89.222997, 48.357025], [-89.223402, 48.357173], [-89.223887, 48.357361], [-89.224352, 48.357567], [-89.224797, 48.35779], [-89.225221, 48.358032], [-89.225626, 48.358291], [-89.225939, 48.358513], [-89.226162, 48.358696], [-89.226293, 48.358841], [-89.226334, 48.358949], [-89.226229, 48.358944], [-89.22598, 48.358828], [-89.225585, 48.3586], [-89.225046, 48.35826], [-89.224504, 48.357945]]]}}, {"type": "Feature", "properties": {"lead": 96, "temp": "sp:steelhead:s1"}, "geometry": {"type": "Polygon", "coordinates": [[[-89.227159, 48.353082], [-89.227179, 48.353068], [-89.22721, 48.353061], [-89.22725, 48.353061], [-89.22727, 48.353068], [-89.22727, 48.353082], [-89.22725, 48.353102], [-89.22721, 48.353129], [-89.227179, 48.353142], [-89.227159, 48.353142], [-89.227149, 48.353129], [-89.227149, 48.353102], [-89.227159, 48.353082]]]}}, {"type": "Feature", "properties": {"lead": 96, "temp": "sp:steelhead:s1"}, "geometry": {"type": "Polygon", "coordinates": [[[-89.228885, 48.353189], [-89.228905, 48.353176], [-89.228935, 48.353169], [-89.228976, 48.353169], [-89.228996, 48.353176], [-89.228996, 48.353189], [-89.228976, 48.353209], [-89.228935, 48.353236], [-89.228905, 48.353249], [-89.228885, 48.353249], [-89.228875, 48.353236], [-89.228875, 48.353209], [-89.228885, 48.353189]]]}}, {"type": "Feature", "properties": {"lead": 96, "temp": "sp:steelhead:s1"}, "geometry": {"type": "Polygon", "coordinates": [[[-89.227698, 48.353189], [-89.227719, 48.353176], [-89.227749, 48.353169], [-89.227789, 48.353169], [-89.22781, 48.353176], [-89.22781, 48.353189], [-89.227789, 48.353209], [-89.227749, 48.353236], [-89.227719, 48.353249], [-89.227698, 48.353249], [-89.227688, 48.353236], [-89.227688, 48.353209], [-89.227698, 48.353189]]]}}, {"type": "Feature", "properties": {"lead": 96, "temp": "sp:steelhead:s1"}, "geometry": {"type": "Polygon", "coordinates": [[[-89.228194, 48.353303], [-89.228234, 48.353285], [-89.228295, 48.353276], [-89.228376, 48.353276], [-89.228416, 48.353285], [-89.228416, 48.353303], [-89.228376, 48.35333], [-89.228295, 48.353366], [-89.228234, 48.353384], [-89.228194, 48.353384], [-89.228174, 48.353366], [-89.228174, 48.35333], [-89.228194, 48.353303]]]}}, {"type": "Feature", "properties": {"lead": 96, "temp": "sp:steelhead:s1"}, "geometry": {"type": "Polygon", "coordinates": [[[-89.228885, 48.35344], [-89.228905, 48.353426], [-89.228935, 48.353419], [-89.228976, 48.353419], [-89.228996, 48.353426], [-89.228996, 48.35344], [-89.228976, 48.35346], [-89.228935, 48.353487], [-89.228905, 48.3535], [-89.228885, 48.3535], [-89.228875, 48.353487], [-89.228875, 48.35346], [-89.228885, 48.35344]]]}}, {"type": "Feature", "properties": {"lead": 96, "temp": "sp:steelhead:s1"}, "geometry": {"type": "Polygon", "coordinates": [[[-89.229158, 48.353862], [-89.229131, 48.353835], [-89.229158, 48.353809], [-89.229239, 48.353782], [-89.229289, 48.353733], [-89.229309, 48.353661], [-89.229299, 48.353567], [-89.229259, 48.353451], [-89.229262, 48.35337], [-89.229309, 48.353325], [-89.2294, 48.353317], [-89.229535, 48.353343], [-89.229626, 48.353399], [-89.229673, 48.353484], [-89.229677, 48.353598], [-89.229636, 48.353742], [-89.229572, 48.353842], [-89.229485, 48.3539], [-89.229373, 48.353916], [-89.229239, 48.353889], [-89.229158, 48.353862]]]}}, {"type": "Feature", "properties": {"lead": 96, "temp": "sp:steelhead:s1"}, "geometry": {"type": "Polygon", "coordinates": [[[-89.227698, 48.353869], [-89.227719, 48.353856], [-89.227749, 48.353849], [-89.227789, 48.353849], [-89.22781, 48.353856], [-89.22781, 48.353869], [-89.227789, 48.353889], [-89.227749, 48.353916], [-89.227719, 48.353929], [-89.227698, 48.353929], [-89.227688, 48.353916], [-89.227688, 48.353889], [-89.227698, 48.353869]]]}}, {"type": "Feature", "properties": {"lead": 96, "temp": "sp:steelhead:s1"}, "geometry": {"type": "Polygon", "coordinates": [[[-89.229636, 48.353965], [-89.229697, 48.353956], [-89.229778, 48.353956], [-89.229818, 48.353965], [-89.229818, 48.353983], [-89.229778, 48.35401], [-89.229697, 48.354046], [-89.229636, 48.354064], [-89.229596, 48.354064], [-89.229576, 48.354046], [-89.229576, 48.35401], [-89.229596, 48.353983], [-89.229636, 48.353965]]]}}, {"type": "Feature", "properties": {"lead": 96, "temp": "sp:steelhead:s1"}, "geometry": {"type": "Polygon", "coordinates": [[[-89.228042, 48.353965], [-89.228073, 48.353956], [-89.228113, 48.353956], [-89.228133, 48.353965], [-89.228133, 48.353983], [-89.228113, 48.35401], [-89.228073, 48.354046], [-89.228042, 48.354064], [-89.228022, 48.354064], [-89.228012, 48.354046], [-89.228012, 48.35401], [-89.228022, 48.353983], [-89.228042, 48.353965]]]}}, {"type": "Feature", "properties": {"lead": 96, "temp": "sp:steelhead:s1"}, "geometry": {"type": "Polygon", "coordinates": [[[-89.228521, 48.35412], [-89.228568, 48.354106], [-89.228639, 48.354099], [-89.228733, 48.354099], [-89.22878, 48.354106], [-89.22878, 48.35412], [-89.228733, 48.35414], [-89.228639, 48.354167], [-89.228568, 48.35418], [-89.228521, 48.35418], [-89.228497, 48.354167], [-89.228497, 48.35414], [-89.228521, 48.35412]]]}}, {"type": "Feature", "properties": {"lead": 96, "temp": "sp:steelhead:s1"}, "geometry": {"type": "Polygon", "coordinates": [[[-89.226896, 48.354231], [-89.226957, 48.354173], [-89.227068, 48.354113], [-89.22723, 48.35405], [-89.227351, 48.354012], [-89.227432, 48.353999], [-89.227473, 48.35401], [-89.227473, 48.354046], [-89.227442, 48.354093], [-89.227382, 48.354151], [-89.227291, 48.35422], [-89.227169, 48.354301], [-89.227068, 48.354348], [-89.226987, 48.354361], [-89.226927, 48.354341], [-89.226886, 48.354287], [-89.226896, 48.354231]]]}}, {"type": "Feature", "properties": {"lead": 96, "temp": "sp:steelhead:s1"}, "geometry": {"type": "Polygon", "coordinates": [[[-89.230277, 48.354171], [-89.230169, 48.354099], [-89.230223, 48.354046], [-89.230438, 48.35401], [-89.23063, 48.354005], [-89.230799, 48.354032], [-89.230944, 48.35409], [-89.231065, 48.35418], [-89.23118, 48.354247], [-89.231288, 48.354292], [-89.231389, 48.354314], [-89.231483, 48.354314], [-89.231554, 48.354328], [-89.231601, 48.354354], [-89.231625, 48.354395], [-89.231625, 48.354448], [-89.231517, 48.354462], [-89.231301, 48.354435], [-89.230978, 48.354368], [-89.230546, 48.35426], [-89.230277, 48.354171]]]}}, {"type": "Feature", "properties": {"lead": 96, "temp": "sp:steelhead:s1"}, "geometry": {"type": "Polygon", "coordinates": [[[-89.231635, 48.354556], [-89.231655, 48.354538], [-89.231685, 48.354529], [-89.231726, 48.354529], [-89.231746, 48.354538], [-89.231746, 48.354556], [-89.231726, 48.354583], [-89.231685, 48.354618], [-89.231655, 48.354636], [-89.231635, 48.354636], [-89.231625, 48.354618], [-89.231625, 48.354583], [-89.231635, 48.354556]]]}}, {"type": "Feature", "properties": {"lead": 96, "temp": "sp:steelhead:s1"}, "geometry": {"type": "Polygon", "coordinates": [[[-89.231796, 48.354712], [-89.231817, 48.354685], [-89.231847, 48.354672], [-89.231887, 48.354672], [-89.231908, 48.354685], [-89.231908, 48.354712], [-89.231887, 48.354753], [-89.231847, 48.354806], [-89.231817, 48.354833], [-89.231796, 48.354833], [-89.231786, 48.354806], [-89.231786, 48.354753], [-89.231796, 48.354712]]]}}, {"type": "Feature", "properties": {"lead": 96, "temp": "sp:steelhead:s1"}, "geometry": {"type": "Polygon", "coordinates": [[[-89.228194, 48.355701], [-89.228234, 48.355683], [-89.228295, 48.355674], [-89.228376, 48.355674], [-89.228416, 48.355683], [-89.228416, 48.355701], [-89.228376, 48.355728], [-89.228295, 48.355764], [-89.228234, 48.355782], [-89.228194, 48.355782], [-89.228174, 48.355764], [-89.228174, 48.355728], [-89.228194, 48.355701]]]}}, {"type": "Feature", "properties": {"lead": 96, "temp": "sp:steelhead:s1"}, "geometry": {"type": "Polygon", "coordinates": [[[-89.228733, 48.355837], [-89.228774, 48.355824], [-89.228834, 48.355817], [-89.228915, 48.355817], [-89.228955, 48.355824], [-89.228955, 48.355837], [-89.228915, 48.355858], [-89.228834, 48.355884], [-89.228774, 48.355898], [-89.228733, 48.355898], [-89.228713, 48.355884], [-89.228713, 48.355858], [-89.228733, 48.355837]]]}}, {"type": "Feature", "properties": {"lead": 96, "temp": "sp:steelhead:s1"}, "geometry": {"type": "Polygon", "coordinates": [[[-89.229269, 48.355931], [-89.22934, 48.355925], [-89.229434, 48.355925], [-89.229481, 48.355931], [-89.229481, 48.355945], [-89.229434, 48.355965], [-89.22934, 48.355992], [-89.229269, 48.356005], [-89.229222, 48.356005], [-89.229198, 48.355992], [-89.229198, 48.355965], [-89.229222, 48.355945], [-89.229269, 48.355931]]]}}, {"type": "Feature", "properties": {"lead": 96, "temp": "sp:steelhead:s1"}, "geometry": {"type": "Polygon", "coordinates": [[[-89.229987, 48.356068], [-89.229919, 48.356032], [-89.230041, 48.356032], [-89.230132, 48.356016], [-89.230192, 48.355985], [-89.230223, 48.355938], [-89.230223, 48.355876], [-89.230236, 48.355831], [-89.230263, 48.355804], [-89.230304, 48.355795], [-89.230357, 48.355804], [-89.230499, 48.355835], [-89.230728, 48.355889], [-89.231045, 48.355965], [-89.231449, 48.356063], [-89.231766, 48.356162], [-89.231995, 48.35626], [-89.232137, 48.356359], [-89.232191, 48.356457], [-89.232073, 48.356495], [-89.231783, 48.356473], [-89.231321, 48.35639], [-89.230688, 48.356247], [-89.230243, 48.356139], [-89.229987, 48.356068]]]}}, {"type": "Feature", "properties": {"lead": 96, "temp": "sp:steelhead:s1"}, "geometry": {"type": "Polygon", "coordinates": [[[-89.19659, 48.310141], [-89.196617, 48.310145], [-89.19663, 48.310192], [-89.19663, 48.310282], [-89.196617, 48.310347], [-89.19659, 48.310387], [-89.196549, 48.310403], [-89.196495, 48.310394], [-89.196468, 48.310367], [-89.196468, 48.310322], [-89.196495, 48.310259], [-89.196549, 48.310179], [-89.19659, 48.310141]]]}}, {"type": "Feature", "properties": {"lead": 96, "temp": "sp:steelhead:s1"}, "geometry": {"type": "Polygon", "coordinates": [[[-89.222364, 48.351999], [-89.222391, 48.351985], [-89.222431, 48.351992], [-89.222485, 48.352019], [-89.222512, 48.352046], [-89.222512, 48.352073], [-89.222485, 48.3521], [-89.222431, 48.352126], [-89.222391, 48.352133], [-89.222364, 48.35212], [-89.22235, 48.352086], [-89.22235, 48.352032], [-89.222364, 48.351999]]]}}, {"type": "Feature", "properties": {"lead": 96, "temp": "sp:steelhead:s1"}, "geometry": {"type": "Polygon", "coordinates": [[[-89.224858, 48.352285], [-89.224884, 48.352254], [-89.224905, 48.352238], [-89.224918, 48.352238], [-89.224915, 48.352254], [-89.224895, 48.352285], [-89.224858, 48.352332], [-89.224804, 48.352395], [-89.224773, 48.352426], [-89.224767, 48.352426], [-89.224783, 48.352395], [-89.224824, 48.352332], [-89.224858, 48.352285]]]}}, {"type": "Feature", "properties": {"lead": 96, "temp": "sp:steelhead:s1"}, "geometry": {"type": "Polygon", "coordinates": [[[-89.223536, 48.352308], [-89.223644, 48.352321], [-89.223698, 48.352355], [-89.223698, 48.352408], [-89.223644, 48.352442], [-89.223536, 48.352455], [-89.223375, 48.352449], [-89.223159, 48.352422], [-89.223051, 48.352395], [-89.223051, 48.352368], [-89.223159, 48.352341], [-89.223375, 48.352314], [-89.223536, 48.352308]]]}}, {"type": "Feature", "properties": {"lead": 96, "temp": "sp:steelhead:s1"}, "geometry": {"type": "Polygon", "coordinates": [[[-89.224248, 48.352402], [-89.224268, 48.352388], [-89.224298, 48.352381], [-89.224339, 48.352381], [-89.224359, 48.352388], [-89.224359, 48.352402], [-89.224339, 48.352422], [-89.224298, 48.352449], [-89.224268, 48.352462], [-89.224248, 48.352462], [-89.224237, 48.352449], [-89.224237, 48.352422], [-89.224248, 48.352402]]]}}, {"type": "Feature", "properties": {"lead": 96, "temp": "sp:steelhead:s1"}, "geometry": {"type": "Polygon", "coordinates": [[[-89.224949, 48.352509], [-89.224969, 48.352496], [-89.224999, 48.352489], [-89.225039, 48.352489], [-89.22506, 48.352496], [-89.22506, 48.352509], [-89.225039, 48.352529], [-89.224999, 48.352556], [-89.224969, 48.352569], [-89.224949, 48.352569], [-89.224938, 48.352556], [-89.224938, 48.352529], [-89.224949, 48.352509]]]}}, {"type": "Feature", "properties": {"lead": 96, "temp": "sp:steelhead:s1"}, "geometry": {"type": "Polygon", "coordinates": [[[-89.22513, 48.352616], [-89.225191, 48.352603], [-89.225282, 48.352596], [-89.225403, 48.352596], [-89.225464, 48.352603], [-89.225464, 48.352616], [-89.225403, 48.352636], [-89.225282, 48.352663], [-89.225191, 48.352677], [-89.22513, 48.352677], [-89.2251, 48.352663], [-89.2251, 48.352636], [-89.22513, 48.352616]]]}}, {"type": "Feature", "properties": {"lead": 96, "temp": "sp:steelhead:s1"}, "geometry": {"type": "Polygon", "coordinates": [[[-89.225626, 48.352713], [-89.225666, 48.352704], [-89.22572, 48.352704], [-89.225747, 48.352713], [-89.225747, 48.35273], [-89.22572, 48.352757], [-89.225666, 48.352793], [-89.225626, 48.352811], [-89.225599, 48.352811], [-89.225585, 48.352793], [-89.225585, 48.352757], [-89.225599, 48.35273], [-89.225626, 48.352713]]]}}, {"type": "Feature", "properties": {"lead": 96, "temp": "sp:steelhead:s1"}, "geometry": {"type": "Polygon", "coordinates": [[[-89.226155, 48.352853], [-89.226185, 48.352847], [-89.226226, 48.352847], [-89.226246, 48.352853], [-89.226246, 48.352867], [-89.226226, 48.352887], [-89.226185, 48.352914], [-89.226155, 48.352927], [-89.226135, 48.352927], [-89.226125, 48.352914], [-89.226125, 48.352887], [-89.226135, 48.352867], [-89.226155, 48.352853]]]}}, {"type": "Feature", "properties": {"lead": 96, "temp": "sp:steelhead:s1"}, "geometry": {"type": "Polygon", "coordinates": [[[-89.226623, 48.352974], [-89.22665, 48.352961], [-89.226691, 48.352954], [-89.226745, 48.352954], [-89.226772, 48.352961], [-89.226772, 48.352974], [-89.226745, 48.352994], [-89.226691, 48.353021], [-89.22665, 48.353035], [-89.226623, 48.353035], [-89.22661, 48.353021], [-89.22661, 48.352994], [-89.226623, 48.352974]]]}}, {"type": "Feature", "properties": {"lead": 96, "temp": "sp:steelhead:s1"}, "geometry": {"type": "Polygon", "coordinates": [[[-89.21622, 48.354095], [-89.216173, 48.354086], [-89.216149, 48.354073], [-89.216149, 48.354055], [-89.216163, 48.354041], [-89.21619, 48.354032], [-89.21623, 48.354028], [-89.216284, 48.354028], [-89.216335, 48.354032], [-89.216382, 48.354041], [-89.216426, 48.354055], [-89.216466, 48.354073], [-89.216473, 48.354086], [-89.216446, 48.354095], [-89.216385, 48.354099], [-89.216291, 48.354099], [-89.21622, 48.354095]]]}}, {"type": "Feature", "properties": {"lead": 96, "temp": "sp:steelhead:s1"}, "geometry": {"type": "Polygon", "coordinates": [[[-89.216719, 48.354124], [-89.21678, 48.35412], [-89.216871, 48.354126], [-89.216992, 48.354144], [-89.217052, 48.35416], [-89.217052, 48.354173], [-89.216992, 48.354184], [-89.216871, 48.354193], [-89.21678, 48.354193], [-89.216719, 48.354184], [-89.216689, 48.354167], [-89.216689, 48.35414], [-89.216719, 48.354124]]]}}, {"type": "Feature", "properties": {"lead": 96, "temp": "sp:steelhead:s1"}, "geometry": {"type": "Polygon", "coordinates": [[[-89.217201, 48.354229], [-89.217255, 48.35422], [-89.217336, 48.35422], [-89.217443, 48.354229], [-89.217497, 48.35424], [-89.217497, 48.354254], [-89.217443, 48.354269], [-89.217336, 48.354287], [-89.217255, 48.354294], [-89.217201, 48.35429], [-89.217174, 48.354274], [-89.217174, 48.354247], [-89.217201, 48.354229]]]}}, {"type": "Feature", "properties": {"lead": 96, "temp": "sp:steelhead:s1"}, "geometry": {"type": "Polygon", "coordinates": [[[-89.226357, 48.354898], [-89.226337, 48.354813], [-89.226347, 48.354712], [-89.226388, 48.354596], [-89.226441, 48.354509], [-89.226509, 48.354451], [-89.22659, 48.354422], [-89.226684, 48.354422], [-89.226741, 48.354437], [-89.226762, 48.354469], [-89.226745, 48.354515], [-89.226691, 48.354578], [-89.22665, 48.354652], [-89.226623, 48.354737], [-89.22661, 48.354833], [-89.22661, 48.35494], [-89.22659, 48.355008], [-89.226549, 48.355034], [-89.226489, 48.355021], [-89.226408, 48.354967], [-89.226357, 48.354898]]]}}, {"type": "Feature", "properties": {"lead": 96, "temp": "sp:steelhead:s1"}, "geometry": {"type": "Polygon", "coordinates": [[[-89.226748, 48.355562], [-89.226485, 48.3555], [-89.226307, 48.355419], [-89.226212, 48.355321], [-89.226212, 48.355236], [-89.226307, 48.355164], [-89.226495, 48.355106], [-89.226778, 48.355061], [-89.226987, 48.355037], [-89.227122, 48.355032], [-89.227183, 48.355048], [-89.227169, 48.355084], [-89.22721, 48.355117], [-89.227304, 48.355149], [-89.227452, 48.355178], [-89.227655, 48.355204], [-89.227766, 48.355238], [-89.227786, 48.355278], [-89.227715, 48.355325], [-89.227554, 48.355379], [-89.227486, 48.355433], [-89.227513, 48.355486], [-89.227634, 48.35554], [-89.22785, 48.355594], [-89.227904, 48.355627], [-89.227796, 48.355641], [-89.227527, 48.355634], [-89.227095, 48.355607], [-89.226748, 48.355562]], [[-89.226856, 48.355251], [-89.226836, 48.355265], [-89.226826, 48.355285], [-89.226826, 48.355312], [-89.226836, 48.355325], [-89.226856, 48.355325], [-89.226886, 48.355312], [-89.226927, 48.355285], [-89.226947, 48.355265], [-89.226947, 48.355251], [-89.226927, 48.355245], [-89.226886, 48.355245], [-89.226856, 48.355251]]]}}, {"type": "Feature", "properties": {"lead": 96, "temp": "sp:steelhead:s1"}, "geometry": {"type": "Polygon", "coordinates": [[[-89.219118, 48.356363], [-89.21926, 48.356327], [-89.219465, 48.356341], [-89.219735, 48.356403], [-89.219904, 48.356457], [-89.219971, 48.356502], [-89.219937, 48.356538], [-89.219802, 48.356564], [-89.219688, 48.356578], [-89.219594, 48.356578], [-89.219519, 48.356564], [-89.219465, 48.356538], [-89.219401, 48.356535], [-89.219327, 48.356558], [-89.219243, 48.356605], [-89.219149, 48.356676], [-89.219081, 48.356696], [-89.219041, 48.356665], [-89.219027, 48.356582], [-89.219041, 48.356448], [-89.219118, 48.356363]]]}}, {"type": "Feature", "properties": {"lead": 96, "temp": "sp:steelhead:s1"}, "geometry": {"type": "Polygon", "coordinates": [[[-89.22017, 48.356611], [-89.2202, 48.356605], [-89.220241, 48.356605], [-89.220261, 48.356611], [-89.220261, 48.356625], [-89.220241, 48.356645], [-89.2202, 48.356672], [-89.22017, 48.356685], [-89.22015, 48.356685], [-89.220139, 48.356672], [-89.220139, 48.356645], [-89.22015, 48.356625], [-89.22017, 48.356611]]]}}, {"type": "Feature", "properties": {"lead": 96, "temp": "sp:steelhead:s1"}, "geometry": {"type": "Polygon", "coordinates": [[[-89.223958, 48.357654], [-89.223408, 48.357388], [-89.222856, 48.357146], [-89.222482, 48.356972], [-89.222286, 48.356864], [-89.222269, 48.356824], [-89.222431, 48.356851], [-89.222674, 48.356918], [-89.222997, 48.357025], [-89.223402, 48.357173], [-89.223887, 48.357361], [-89.224352, 48.357567], [-89.224797, 48.35779], [-89.225221, 48.358032], [-89.225626, 48.358291], [-89.225939, 48.358513], [-89.226162, 48.358696], [-89.226293, 48.358841], [-89.226334, 48.358949], [-89.226229, 48.358944], [-89.22598, 48.358828], [-89.225585, 48.3586], [-89.225046, 48.35826], [-89.224504, 48.357945], [-89.223958, 48.357654]]]}}, {"type": "Feature", "properties": {"lead": 96, "temp": "sp:steelhead:s2"}, "geometry": {"type": "Polygon", "coordinates": [[[-89.225201, 48.352404], [-89.225255, 48.352364], [-89.225323, 48.352346], [-89.225403, 48.35235], [-89.225498, 48.352377], [-89.225535, 48.352406], [-89.225515, 48.352437], [-89.225437, 48.352471], [-89.225302, 48.352507], [-89.225211, 48.352518], [-89.225164, 48.352504], [-89.225161, 48.352466], [-89.225201, 48.352404]]]}}, {"type": "Feature", "properties": {"lead": 96, "temp": "sp:steelhead:s2"}, "geometry": {"type": "Polygon", "coordinates": [[[-89.225821, 48.352751], [-89.225862, 48.352737], [-89.225922, 48.352726], [-89.226003, 48.352717], [-89.226044, 48.352717], [-89.226044, 48.352726], [-89.226003, 48.352744], [-89.225922, 48.352771], [-89.225862, 48.352786], [-89.225821, 48.352791], [-89.225801, 48.352784], [-89.225801, 48.352766], [-89.225821, 48.352751]]]}}, {"type": "Feature", "properties": {"lead": 96, "temp": "sp:steelhead:s2"}, "geometry": {"type": "Polygon", "coordinates": [[[-89.226468, 48.35288], [-89.226401, 48.352858], [-89.226408, 48.352847], [-89.226489, 48.352847], [-89.226553, 48.352833], [-89.2266, 48.352806], [-89.22663, 48.352766], [-89.226644, 48.352713], [-89.226684, 48.352697], [-89.226751, 48.352719], [-89.226846, 48.35278], [-89.226967, 48.352878], [-89.227004, 48.352941], [-89.226957, 48.352968], [-89.226826, 48.352959], [-89.22661, 48.352914], [-89.226468, 48.35288]], [[-89.226846, 48.352921], [-89.226832, 48.352925], [-89.226826, 48.352932], [-89.226826, 48.352941], [-89.226832, 48.352945], [-89.226846, 48.352945], [-89.226866, 48.352941], [-89.226893, 48.352932], [-89.226907, 48.352925], [-89.226907, 48.352921], [-89.226893, 48.352918], [-89.226866, 48.352918], [-89.226846, 48.352921]]]}}, {"type": "Feature", "properties": {"lead": 96, "temp": "sp:steelhead:s2"}, "geometry": {"type": "Polygon", "coordinates": [[[-89.227166, 48.352813], [-89.2272, 48.3528], [-89.22725, 48.352802], [-89.227318, 48.35282], [-89.227351, 48.35284], [-89.227351, 48.352862], [-89.227318, 48.352887], [-89.22725, 48.352914], [-89.2272, 48.352923], [-89.227166, 48.352914], [-89.227149, 48.352887], [-89.227149, 48.352842], [-89.227166, 48.352813]]]}}, {"type": "Feature", "properties": {"lead": 96, "temp": "sp:steelhead:s2"}, "geometry": {"type": "Polygon", "coordinates": [[[-89.227705, 48.352947], [-89.227739, 48.352934], [-89.227789, 48.352932], [-89.227857, 48.352941], [-89.227891, 48.352954], [-89.227891, 48.352972], [-89.227857, 48.352994], [-89.227789, 48.353021], [-89.227739, 48.353032], [-89.227705, 48.353028], [-89.227688, 48.353008], [-89.227688, 48.352972], [-89.227705, 48.352947]]]}}, {"type": "Feature", "properties": {"lead": 96, "temp": "sp:steelhead:s2"}, "geometry": {"type": "Polygon", "coordinates": [[[-89.227335, 48.353075], [-89.227382, 48.353066], [-89.227452, 48.353061], [-89.227547, 48.353061], [-89.227594, 48.353066], [-89.227594, 48.353075], [-89.227547, 48.353088], [-89.227452, 48.353106], [-89.227382, 48.353115], [-89.227335, 48.353115], [-89.227311, 48.353106], [-89.227311, 48.353088], [-89.227335, 48.353075]]]}}, {"type": "Feature", "properties": {"lead": 96, "temp": "sp:steelhead:s2"}, "geometry": {"type": "Polygon", "coordinates": [[[-89.228143, 48.353225], [-89.227975, 48.353158], [-89.227911, 48.353102], [-89.227951, 48.353057], [-89.228019, 48.35303], [-89.228113, 48.353021], [-89.228234, 48.35303], [-89.228383, 48.353057], [-89.228531, 48.353086], [-89.228679, 48.353117], [-89.228827, 48.353151], [-89.228976, 48.353187], [-89.229097, 48.353231], [-89.229191, 48.353285], [-89.229259, 48.353348], [-89.229299, 48.353419], [-89.229235, 48.353451], [-89.229067, 48.353442], [-89.228794, 48.353393], [-89.228416, 48.353303], [-89.228143, 48.353225]]]}}, {"type": "Feature", "properties": {"lead": 96, "temp": "sp:steelhead:s2"}, "geometry": {"type": "Polygon", "coordinates": [[[-89.22722, 48.354231], [-89.227227, 48.354173], [-89.22727, 48.354113], [-89.227351, 48.35405], [-89.227442, 48.354003], [-89.227543, 48.353972], [-89.227655, 48.353956], [-89.227776, 48.353956], [-89.22787, 48.353965], [-89.227938, 48.353983], [-89.227978, 48.35401], [-89.227992, 48.354046], [-89.227982, 48.354073], [-89.227948, 48.35409], [-89.227891, 48.354099], [-89.22781, 48.354099], [-89.227732, 48.35412], [-89.227658, 48.35416], [-89.227587, 48.35422], [-89.22752, 48.354301], [-89.227452, 48.354348], [-89.227385, 48.354361], [-89.227318, 48.354341], [-89.22725, 48.354287], [-89.22722, 48.354231]], [[-89.227331, 48.354209], [-89.227318, 48.354214], [-89.227311, 48.35422], [-89.227311, 48.354229], [-89.227318, 48.354234], [-89.227331, 48.354234], [-89.227351, 48.354229], [-89.227378, 48.35422], [-89.227392, 48.354214], [-89.227392, 48.354209], [-89.227378, 48.354207], [-89.227351, 48.354207], [-89.227331, 48.354209]]]}}, {"type": "Feature", "properties": {"lead": 96, "temp": "sp:steelhead:s2"}, "geometry": {"type": "Polygon", "coordinates": [[[-89.23212, 48.354999], [-89.231951, 48.354882], [-89.231827, 48.354739], [-89.231746, 48.354569], [-89.231662, 48.354442], [-89.231574, 48.354357], [-89.231483, 48.354314], [-89.231389, 48.354314], [-89.231288, 48.354292], [-89.23118, 48.354247], [-89.231065, 48.35418], [-89.230944, 48.35409], [-89.230799, 48.354032], [-89.23063, 48.354005], [-89.230438, 48.35401], [-89.230223, 48.354046], [-89.230041, 48.354064], [-89.229892, 48.354064], [-89.229778, 48.354046], [-89.229697, 48.35401], [-89.229646, 48.353947], [-89.229626, 48.353858], [-89.229636, 48.353742], [-89.229677, 48.353598], [-89.229744, 48.3535], [-89.229838, 48.353446], [-89.22996, 48.353437], [-89.230108, 48.353473], [-89.230202, 48.353513], [-89.230243, 48.353558], [-89.230229, 48.353607], [-89.230162, 48.353661], [-89.230142, 48.35369], [-89.230169, 48.353695], [-89.230243, 48.353674], [-89.230364, 48.35363], [-89.230593, 48.35363], [-89.23093, 48.353674], [-89.231375, 48.353764], [-89.231928, 48.353898], [-89.232326, 48.354005], [-89.232568, 48.354086], [-89.232656, 48.35414], [-89.232588, 48.354167], [-89.232558, 48.354207], [-89.232565, 48.35426], [-89.232609, 48.354328], [-89.23269, 48.354408], [-89.23273, 48.354469], [-89.23273, 48.354509], [-89.23269, 48.354529], [-89.232609, 48.354529], [-89.232548, 48.354545], [-89.232508, 48.354576], [-89.232487, 48.354623], [-89.232487, 48.354685], [-89.232518, 48.354732], [-89.232578, 48.354764], [-89.232669, 48.354779], [-89.232791, 48.354779], [-89.232882, 48.354741], [-89.232942, 48.354665], [-89.232973, 48.354551], [-89.232973, 48.354399], [-89.233033, 48.354299], [-89.233155, 48.354249], [-89.233337, 48.354252], [-89.233579, 48.354305], [-89.233765, 48.354357], [-89.233893, 48.354406], [-89.233963, 48.354453], [-89.233977, 48.354498], [-89.234024, 48.354531], [-89.234105, 48.354554], [-89.23422, 48.354565], [-89.234368, 48.354565], [-89.234476, 48.354583], [-89.234543, 48.354618], [-89.23457, 48.354672], [-89.234557, 48.354744], [-89.234466, 48.3548], [-89.234297, 48.35484], [-89.234051, 48.354864], [-89.233727, 48.354873], [-89.233468, 48.354902], [-89.233273, 48.354952], [-89.233141, 48.355021], [-89.233074, 48.35511], [-89.232959, 48.355162], [-89.232797, 48.355175], [-89.232588, 48.355151], [-89.232332, 48.355088], [-89.23212, 48.354999]]]}}, {"type": "Feature", "properties": {"lead": 96, "temp": "sp:steelhead:s2"}, "geometry": {"type": "Polygon", "coordinates": [[[-89.226836, 48.354442], [-89.226856, 48.354428], [-89.226886, 48.354422], [-89.226927, 48.354422], [-89.226947, 48.354428], [-89.226947, 48.354442], [-89.226927, 48.354462], [-89.226886, 48.354489], [-89.226856, 48.354502], [-89.226836, 48.354502], [-89.226826, 48.354489], [-89.226826, 48.354462], [-89.226836, 48.354442]]]}}, {"type": "Feature", "properties": {"lead": 96, "temp": "sp:steelhead:s2"}, "geometry": {"type": "Polygon", "coordinates": [[[-89.22665, 48.355041], [-89.226623, 48.354992], [-89.22661, 48.354918], [-89.22661, 48.35482], [-89.226623, 48.354746], [-89.22665, 48.354697], [-89.226691, 48.354672], [-89.226745, 48.354672], [-89.226785, 48.354697], [-89.226812, 48.354746], [-89.226826, 48.35482], [-89.226826, 48.354918], [-89.226812, 48.354992], [-89.226785, 48.355041], [-89.226745, 48.355066], [-89.226691, 48.355066], [-89.22665, 48.355041]]]}}, {"type": "Feature", "properties": {"lead": 96, "temp": "sp:steelhead:s2"}, "geometry": {"type": "Polygon", "coordinates": [[[-89.23338, 48.355008], [-89.233441, 48.354999], [-89.233532, 48.354994], [-89.233653, 48.354994], [-89.233714, 48.354999], [-89.233714, 48.355008], [-89.233653, 48.355021], [-89.233532, 48.355039], [-89.233441, 48.355048], [-89.23338, 48.355048], [-89.23335, 48.355039], [-89.23335, 48.355021], [-89.23338, 48.355008]]]}}, {"type": "Feature", "properties": {"lead": 96, "temp": "sp:steelhead:s2"}, "geometry": {"type": "Polygon", "coordinates": [[[-89.233856, 48.355122], [-89.233896, 48.355108], [-89.233957, 48.355102], [-89.234038, 48.355102], [-89.234078, 48.355108], [-89.234078, 48.355122], [-89.234038, 48.355142], [-89.233957, 48.355169], [-89.233896, 48.355182], [-89.233856, 48.355182], [-89.233835, 48.355169], [-89.233835, 48.355142], [-89.233856, 48.355122]]]}}, {"type": "Feature", "properties": {"lead": 96, "temp": "sp:steelhead:s2"}, "geometry": {"type": "Polygon", "coordinates": [[[-89.234897, 48.355292], [-89.234917, 48.35526], [-89.234961, 48.355245], [-89.235028, 48.355245], [-89.235076, 48.355254], [-89.235102, 48.355272], [-89.235109, 48.355298], [-89.235096, 48.355334], [-89.235079, 48.355368], [-89.235059, 48.355399], [-89.235035, 48.355428], [-89.235008, 48.355455], [-89.234981, 48.355459], [-89.234954, 48.355442], [-89.234927, 48.355401], [-89.2349, 48.355339], [-89.234897, 48.355292]]]}}, {"type": "Feature", "properties": {"lead": 96, "temp": "sp:steelhead:s2"}, "geometry": {"type": "Polygon", "coordinates": [[[-89.231284, 48.356741], [-89.230469, 48.356585], [-89.229468, 48.35635], [-89.228281, 48.356037], [-89.227496, 48.355808], [-89.227112, 48.355665], [-89.227129, 48.355607], [-89.227547, 48.355634], [-89.22786, 48.355663], [-89.228069, 48.355694], [-89.228174, 48.355728], [-89.228174, 48.355764], [-89.228335, 48.355817], [-89.228659, 48.355889], [-89.229144, 48.355978], [-89.229791, 48.356086], [-89.230341, 48.356189], [-89.230792, 48.356287], [-89.231146, 48.356381], [-89.231402, 48.35647], [-89.231625, 48.356538], [-89.231813, 48.356582], [-89.231968, 48.356605], [-89.23209, 48.356605], [-89.232191, 48.356589], [-89.232272, 48.356558], [-89.232332, 48.356511], [-89.232373, 48.356448], [-89.23244, 48.35643], [-89.232534, 48.356457], [-89.232656, 48.356529], [-89.232804, 48.356645], [-89.232804, 48.356732], [-89.232656, 48.35679], [-89.232359, 48.356819], [-89.231914, 48.356819], [-89.231284, 48.356741]]]}}, {"type": "Feature", "properties": {"lead": 96, "temp": "sp:steelhead:s2"}, "geometry": {"type": "Polygon", "coordinates": [[[-89.196711, 48.311961], [-89.196583, 48.311777], [-89.196488, 48.31158], [-89.196428, 48.31137], [-89.196401, 48.311146], [-89.196438, 48.310877], [-89.196539, 48.310564], [-89.196704, 48.310206], [-89.196933, 48.309803], [-89.197095, 48.309572], [-89.197189, 48.309514], [-89.197216, 48.309628], [-89.197176, 48.309915], [-89.197125, 48.310145], [-89.197065, 48.31032], [-89.196994, 48.310439], [-89.196913, 48.310501], [-89.196873, 48.31066], [-89.196873, 48.310915], [-89.196913, 48.311267], [-89.196994, 48.311715], [-89.197014, 48.312008], [-89.196974, 48.312147], [-89.196873, 48.312131], [-89.196711, 48.311961]]]}}, {"type": "Feature", "properties": {"lead": 96, "temp": "sp:steelhead:s2"}, "geometry": {"type": "Polygon", "coordinates": [[[-89.223627, 48.351985], [-89.223648, 48.351963], [-89.223665, 48.351952], [-89.223678, 48.351952], [-89.223678, 48.351963], [-89.223665, 48.351985], [-89.223638, 48.352019], [-89.223597, 48.352064], [-89.223574, 48.352086], [-89.223567, 48.352086], [-89.223577, 48.352064], [-89.223604, 48.352019], [-89.223627, 48.351985]]]}}, {"type": "Feature", "properties": {"lead": 96, "temp": "sp:steelhead:s2"}, "geometry": {"type": "Polygon", "coordinates": [[[-89.22292, 48.352178], [-89.223007, 48.352147], [-89.223132, 48.352131], [-89.223294, 48.352131], [-89.223415, 48.35214], [-89.223496, 48.352158], [-89.223536, 48.352185], [-89.223536, 48.35222], [-89.223493, 48.352254], [-89.223405, 48.352285], [-89.223274, 48.352314], [-89.223098, 48.352341], [-89.22297, 48.352346], [-89.222889, 48.352328], [-89.222856, 48.352287], [-89.222869, 48.352225], [-89.22292, 48.352178]]]}}, {"type": "Feature", "properties": {"lead": 96, "temp": "sp:steelhead:s2"}, "geometry": {"type": "Polygon", "coordinates": [[[-89.22382, 48.352377], [-89.223739, 48.352368], [-89.223698, 48.352355], [-89.223698, 48.352337], [-89.223752, 48.352312], [-89.22386, 48.352281], [-89.224022, 48.352243], [-89.224237, 48.352198], [-89.224386, 48.35218], [-89.224467, 48.352189], [-89.22448, 48.352225], [-89.224426, 48.352287], [-89.224345, 48.352334], [-89.224237, 48.352366], [-89.224103, 48.352381], [-89.223941, 48.352381], [-89.22382, 48.352377]]]}}, {"type": "Feature", "properties": {"lead": 96, "temp": "sp:steelhead:s2"}, "geometry": {"type": "Polygon", "coordinates": [[[-89.224949, 48.352281], [-89.224969, 48.352258], [-89.224999, 48.352252], [-89.225039, 48.352261], [-89.22506, 48.352279], [-89.22506, 48.352305], [-89.225039, 48.352341], [-89.224999, 48.352386], [-89.224969, 48.352406], [-89.224949, 48.352402], [-89.224938, 48.352373], [-89.224938, 48.352319], [-89.224949, 48.352281]]]}}, {"type": "Feature", "properties": {"lead": 96, "temp": "sp:steelhead:s2"}, "geometry": {"type": "Polygon", "coordinates": [[[-89.224419, 48.352424], [-89.22446, 48.352419], [-89.224521, 48.352417], [-89.224601, 48.352417], [-89.224642, 48.352419], [-89.224642, 48.352424], [-89.224601, 48.352431], [-89.224521, 48.35244], [-89.22446, 48.352444], [-89.224419, 48.352444], [-89.224399, 48.35244], [-89.224399, 48.352431], [-89.224419, 48.352424]]]}}, {"type": "Feature", "properties": {"lead": 96, "temp": "sp:steelhead:s2"}, "geometry": {"type": "Polygon", "coordinates": [[[-89.215533, 48.353862], [-89.215593, 48.353853], [-89.215684, 48.353849], [-89.215806, 48.353849], [-89.215866, 48.353853], [-89.215866, 48.353862], [-89.215806, 48.353876], [-89.215684, 48.353894], [-89.215593, 48.353903], [-89.215533, 48.353903], [-89.215502, 48.353894], [-89.215502, 48.353876], [-89.215533, 48.353862]]]}}, {"type": "Feature", "properties": {"lead": 96, "temp": "sp:steelhead:s2"}, "geometry": {"type": "Polygon", "coordinates": [[[-89.21624, 48.354037], [-89.216153, 48.354019], [-89.216089, 48.354001], [-89.216048, 48.353983], [-89.216062, 48.353963], [-89.216129, 48.353941], [-89.21625, 48.353916], [-89.216426, 48.353889], [-89.216557, 48.353885], [-89.216645, 48.353903], [-89.216689, 48.353943], [-89.216689, 48.354005], [-89.216655, 48.354048], [-89.216587, 48.35407], [-89.216486, 48.354073], [-89.216352, 48.354055], [-89.21624, 48.354037]]]}}, {"type": "Feature", "properties": {"lead": 96, "temp": "sp:steelhead:s2"}, "geometry": {"type": "Polygon", "coordinates": [[[-89.217582, 48.35422], [-89.217615, 48.354211], [-89.217673, 48.354207], [-89.217753, 48.354207], [-89.217797, 48.354211], [-89.217804, 48.35422], [-89.217774, 48.354234], [-89.217706, 48.354252], [-89.217652, 48.35426], [-89.217612, 48.35426], [-89.217585, 48.354252], [-89.217571, 48.354234], [-89.217582, 48.35422]]]}}, {"type": "Feature", "properties": {"lead": 96, "temp": "sp:steelhead:s2"}, "geometry": {"type": "Polygon", "coordinates": [[[-89.216988, 48.356189], [-89.216914, 48.356162], [-89.216864, 48.356135], [-89.216837, 48.356108], [-89.216877, 48.35609], [-89.216985, 48.356081], [-89.21716, 48.356081], [-89.217403, 48.35609], [-89.217561, 48.356108], [-89.217636, 48.356135], [-89.217625, 48.356171], [-89.217531, 48.356216], [-89.21743, 48.356242], [-89.217322, 48.356251], [-89.217208, 48.356242], [-89.217086, 48.356216], [-89.216988, 48.356189]]]}}, {"type": "Feature", "properties": {"lead": 96, "temp": "sp:steelhead:s2"}, "geometry": {"type": "Polygon", "coordinates": [[[-89.220476, 48.356412], [-89.220503, 48.356403], [-89.220544, 48.356403], [-89.220598, 48.356412], [-89.220625, 48.356424], [-89.220625, 48.356437], [-89.220598, 48.356453], [-89.220544, 48.35647], [-89.220503, 48.356477], [-89.220476, 48.356473], [-89.220463, 48.356457], [-89.220463, 48.35643], [-89.220476, 48.356412]]]}}, {"type": "Feature", "properties": {"lead": 96, "temp": "sp:steelhead:s2"}, "geometry": {"type": "Polygon", "coordinates": [[[-89.219877, 48.356522], [-89.219755, 48.356464], [-89.219661, 48.356403], [-89.219594, 48.356341], [-89.219594, 48.356303], [-89.219661, 48.356289], [-89.219796, 48.3563], [-89.219998, 48.356336], [-89.22016, 48.356383], [-89.220281, 48.356441], [-89.220362, 48.356511], [-89.220402, 48.356591], [-89.220389, 48.356638], [-89.220321, 48.356652], [-89.2202, 48.356632], [-89.220025, 48.356578], [-89.219877, 48.356522]], [[-89.21988, 48.356356], [-89.219873, 48.356361], [-89.21987, 48.356368], [-89.21987, 48.356377], [-89.219873, 48.356381], [-89.21988, 48.356381], [-89.21989, 48.356377], [-89.219904, 48.356368], [-89.21991, 48.356361], [-89.21991, 48.356356], [-89.219904, 48.356354], [-89.21989, 48.356354], [-89.21988, 48.356356]]]}}, {"type": "Feature", "properties": {"lead": 96, "temp": "sp:steelhead:s2"}, "geometry": {"type": "Polygon", "coordinates": [[[-89.218525, 48.356687], [-89.218451, 48.35662], [-89.218387, 48.356524], [-89.218333, 48.356399], [-89.218343, 48.356309], [-89.218417, 48.356256], [-89.218556, 48.356238], [-89.218758, 48.356256], [-89.218896, 48.356298], [-89.21897, 48.356365], [-89.21898, 48.356457], [-89.218926, 48.356573], [-89.218862, 48.356658], [-89.218788, 48.356712], [-89.218704, 48.356734], [-89.218609, 48.356725], [-89.218525, 48.356687]]]}}, {"type": "Feature", "properties": {"lead": 96, "temp": "sp:steelhead:s2"}, "geometry": {"type": "Polygon", "coordinates": [[[-89.219152, 48.356799], [-89.219091, 48.356741], [-89.219115, 48.356676], [-89.219223, 48.356605], [-89.219351, 48.356558], [-89.219499, 48.356535], [-89.219668, 48.356538], [-89.219856, 48.356564], [-89.220008, 48.356596], [-89.220123, 48.356632], [-89.2202, 48.356672], [-89.220241, 48.356717], [-89.220244, 48.356761], [-89.22021, 48.356806], [-89.220139, 48.356851], [-89.220032, 48.356895], [-89.219893, 48.356918], [-89.219725, 48.356918], [-89.219526, 48.356895], [-89.219297, 48.356851], [-89.219152, 48.356799]]]}}, {"type": "Feature", "properties": {"lead": 96, "temp": "sp:steelhead:s2"}, "geometry": {"type": "Polygon", "coordinates": [[[-89.225403, 48.358886], [-89.225255, 48.358815], [-89.225141, 48.358739], [-89.22506, 48.358658], [-89.224955, 48.358604], [-89.224827, 48.358578], [-89.224676, 48.358578], [-89.2245, 48.358604], [-89.224349, 48.358595], [-89.224221, 48.358551], [-89.224116, 48.35847], [-89.224035, 48.358354], [-89.223897, 48.35824], [-89.223702, 48.358128], [-89.223449, 48.358018], [-89.223139, 48.357911], [-89.222906, 48.357808], [-89.222751, 48.35771], [-89.222674, 48.357616], [-89.222674, 48.357526], [-89.222633, 48.357446], [-89.222552, 48.357374], [-89.222431, 48.357312], [-89.222269, 48.357258], [-89.222124, 48.357189], [-89.221996, 48.357104], [-89.221885, 48.357003], [-89.221791, 48.356887], [-89.221882, 48.356864], [-89.222158, 48.356936], [-89.22262, 48.357101], [-89.223267, 48.357361], [-89.22387, 48.35764], [-89.22443, 48.35794], [-89.224945, 48.35826], [-89.225417, 48.3586], [-89.225717, 48.358839], [-89.225845, 48.358978], [-89.225801, 48.359016], [-89.225585, 48.358953], [-89.225403, 48.358886]]]}}, {"type": "Feature", "properties": {"lead": 120, "temp": "sp:lake_trout:s1"}, "geometry": {"type": "Polygon", "coordinates": [[[-89.226987, 48.353102], [-89.226997, 48.353082], [-89.227018, 48.353068], [-89.227048, 48.353061], [-89.227088, 48.353061], [-89.227109, 48.353068], [-89.227109, 48.353082], [-89.227088, 48.353102], [-89.227048, 48.353129], [-89.227018, 48.353142], [-89.226997, 48.353142], [-89.226987, 48.353129], [-89.226987, 48.353102]]]}}, {"type": "Feature", "properties": {"lead": 120, "temp": "sp:lake_trout:s1"}, "geometry": {"type": "Polygon", "coordinates": [[[-89.227473, 48.353209], [-89.227486, 48.353189], [-89.227513, 48.353176], [-89.227554, 48.353169], [-89.227607, 48.353169], [-89.227634, 48.353176], [-89.227634, 48.353189], [-89.227607, 48.353209], [-89.227554, 48.353236], [-89.227513, 48.353249], [-89.227486, 48.353249], [-89.227473, 48.353236], [-89.227473, 48.353209]]]}}, {"type": "Feature", "properties": {"lead": 120, "temp": "sp:lake_trout:s1"}, "geometry": {"type": "Polygon", "coordinates": [[[-89.227931, 48.35354], [-89.22784, 48.353471], [-89.22782, 48.353413], [-89.22787, 48.353366], [-89.227992, 48.35333], [-89.228083, 48.353312], [-89.228143, 48.353312], [-89.228174, 48.35333], [-89.228174, 48.353366], [-89.228217, 48.353393], [-89.228305, 48.35341], [-89.228437, 48.353419], [-89.228612, 48.353419], [-89.228743, 48.353433], [-89.228831, 48.35346], [-89.228875, 48.3535], [-89.228875, 48.353554], [-89.228905, 48.353587], [-89.228966, 48.353601], [-89.229057, 48.353594], [-89.229178, 48.353567], [-89.229282, 48.35356], [-89.22937, 48.353574], [-89.229441, 48.353607], [-89.229495, 48.353661], [-89.229458, 48.353701], [-89.22933, 48.353728], [-89.229111, 48.353742], [-89.2288, 48.353742], [-89.228527, 48.353721], [-89.228292, 48.353681], [-89.228093, 48.353621], [-89.227931, 48.35354]]]}}, {"type": "Feature", "properties": {"lead": 120, "temp": "sp:lake_trout:s1"}, "geometry": {"type": "Polygon", "coordinates": [[[-89.22936, 48.35401], [-89.229373, 48.353983], [-89.2294, 48.353965], [-89.229441, 48.353956], [-89.229495, 48.353956], [-89.229522, 48.353965], [-89.229522, 48.353983], [-89.229495, 48.35401], [-89.229441, 48.354046], [-89.2294, 48.354064], [-89.229373, 48.354064], [-89.22936, 48.354046], [-89.22936, 48.35401]]]}}, {"type": "Feature", "properties": {"lead": 120, "temp": "sp:lake_trout:s1"}, "geometry": {"type": "Polygon", "coordinates": [[[-89.228174, 48.35401], [-89.228194, 48.353983], [-89.228234, 48.353965], [-89.228295, 48.353956], [-89.228376, 48.353956], [-89.228416, 48.353965], [-89.228416, 48.353983], [-89.228376, 48.35401], [-89.228295, 48.354046], [-89.228234, 48.354064], [-89.228194, 48.354064], [-89.228174, 48.354046], [-89.228174, 48.35401]]]}}, {"type": "Feature", "properties": {"lead": 120, "temp": "sp:lake_trout:s1"}, "geometry": {"type": "Polygon", "coordinates": [[[-89.229737, 48.35414], [-89.229747, 48.35412], [-89.229768, 48.354106], [-89.229798, 48.354099], [-89.229838, 48.354099], [-89.229859, 48.354106], [-89.229859, 48.35412], [-89.229838, 48.35414], [-89.229798, 48.354167], [-89.229768, 48.35418], [-89.229747, 48.35418], [-89.229737, 48.354167], [-89.229737, 48.35414]]]}}, {"type": "Feature", "properties": {"lead": 120, "temp": "sp:lake_trout:s1"}, "geometry": {"type": "Polygon", "coordinates": [[[-89.228713, 48.35414], [-89.228733, 48.35412], [-89.228774, 48.354106], [-89.228834, 48.354099], [-89.228915, 48.354099], [-89.228955, 48.354106], [-89.228955, 48.35412], [-89.228915, 48.35414], [-89.228834, 48.354167], [-89.228774, 48.35418], [-89.228733, 48.35418], [-89.228713, 48.354167], [-89.228713, 48.35414]]]}}, {"type": "Feature", "properties": {"lead": 120, "temp": "sp:lake_trout:s1"}, "geometry": {"type": "Polygon", "coordinates": [[[-89.230081, 48.354227], [-89.230122, 48.354214], [-89.230182, 48.354207], [-89.230263, 48.354207], [-89.230304, 48.354214], [-89.230304, 48.354227], [-89.230263, 48.354247], [-89.230182, 48.354274], [-89.230122, 48.354287], [-89.230081, 48.354287], [-89.230061, 48.354274], [-89.230061, 48.354247], [-89.230081, 48.354227]]]}}, {"type": "Feature", "properties": {"lead": 120, "temp": "sp:lake_trout:s1"}, "geometry": {"type": "Polygon", "coordinates": [[[-89.230809, 48.354784], [-89.230634, 48.354739], [-89.230519, 48.354685], [-89.230465, 48.354623], [-89.230361, 48.354569], [-89.230206, 48.354524], [-89.23, 48.354489], [-89.229744, 48.354462], [-89.229532, 48.354428], [-89.229363, 48.354388], [-89.229239, 48.354341], [-89.229158, 48.354287], [-89.229249, 48.35426], [-89.229512, 48.35426], [-89.229946, 48.354287], [-89.230553, 48.354341], [-89.231028, 48.35441], [-89.231372, 48.354495], [-89.231584, 48.354596], [-89.231665, 48.354712], [-89.231652, 48.354793], [-89.231544, 48.354838], [-89.231341, 48.354847], [-89.231045, 48.35482], [-89.230809, 48.354784]]]}}, {"type": "Feature", "properties": {"lead": 120, "temp": "sp:lake_trout:s1"}, "geometry": {"type": "Polygon", "coordinates": [[[-89.223577, 48.352596], [-89.223476, 48.352589], [-89.223408, 48.352576], [-89.223375, 48.352556], [-89.223375, 48.352529], [-89.223429, 48.352502], [-89.223536, 48.352475], [-89.223698, 48.352449], [-89.223914, 48.352422], [-89.224055, 48.352415], [-89.224123, 48.352428], [-89.224116, 48.352462], [-89.224035, 48.352516], [-89.223941, 48.352556], [-89.223833, 48.352583], [-89.223712, 48.352596], [-89.223577, 48.352596]]]}}, {"type": "Feature", "properties": {"lead": 120, "temp": "sp:lake_trout:s1"}, "geometry": {"type": "Polygon", "coordinates": [[[-89.224237, 48.352529], [-89.224281, 48.352509], [-89.224369, 48.352496], [-89.2245, 48.352489], [-89.224676, 48.352489], [-89.224763, 48.352496], [-89.224763, 48.352509], [-89.224676, 48.352529], [-89.2245, 48.352556], [-89.224369, 48.352569], [-89.224281, 48.352569], [-89.224237, 48.352556], [-89.224237, 48.352529]]]}}, {"type": "Feature", "properties": {"lead": 120, "temp": "sp:lake_trout:s1"}, "geometry": {"type": "Polygon", "coordinates": [[[-89.225383, 48.352847], [-89.225302, 48.352831], [-89.225221, 48.3528], [-89.225141, 48.352753], [-89.22506, 48.35269], [-89.225029, 48.352643], [-89.22505, 48.352612], [-89.22512, 48.352596], [-89.225242, 48.352596], [-89.225343, 48.352612], [-89.225424, 48.352643], [-89.225484, 48.35269], [-89.225525, 48.352753], [-89.225535, 48.3528], [-89.225515, 48.352831], [-89.225464, 48.352847], [-89.225383, 48.352847]]]}}, {"type": "Feature", "properties": {"lead": 120, "temp": "sp:lake_trout:s1"}, "geometry": {"type": "Polygon", "coordinates": [[[-89.225801, 48.352887], [-89.225821, 48.352867], [-89.225862, 48.352853], [-89.225922, 48.352847], [-89.226003, 48.352847], [-89.226044, 48.352853], [-89.226044, 48.352867], [-89.226003, 48.352887], [-89.225922, 48.352914], [-89.225862, 48.352927], [-89.225821, 48.352927], [-89.225801, 48.352914], [-89.225801, 48.352887]]]}}, {"type": "Feature", "properties": {"lead": 120, "temp": "sp:lake_trout:s1"}, "geometry": {"type": "Polygon", "coordinates": [[[-89.226286, 48.352994], [-89.226307, 48.352974], [-89.226347, 48.352961], [-89.226408, 48.352954], [-89.226489, 48.352954], [-89.226529, 48.352961], [-89.226529, 48.352974], [-89.226489, 48.352994], [-89.226408, 48.353021], [-89.226347, 48.353035], [-89.226307, 48.353035], [-89.226286, 48.353021], [-89.226286, 48.352994]]]}}, {"type": "Feature", "properties": {"lead": 120, "temp": "sp:lake_trout:s1"}, "geometry": {"type": "Polygon", "coordinates": [[[-89.216271, 48.35418], [-89.215873, 48.354126], [-89.21559, 48.354073], [-89.215421, 48.354019], [-89.215367, 48.353965], [-89.215458, 48.353945], [-89.215694, 48.353959], [-89.216075, 48.354005], [-89.216601, 48.354086], [-89.217005, 48.354153], [-89.217288, 48.354207], [-89.21745, 48.354247], [-89.217491, 48.354274], [-89.217393, 48.354281], [-89.217157, 48.354267], [-89.216783, 48.354234], [-89.216271, 48.35418]]]}}, {"type": "Feature", "properties": {"lead": 120, "temp": "sp:lake_trout:s1"}, "geometry": {"type": "Polygon", "coordinates": [[[-89.226071, 48.354949], [-89.226104, 48.354838], [-89.226172, 48.354703], [-89.226273, 48.354547], [-89.226408, 48.354368], [-89.226532, 48.354218], [-89.226647, 48.354097], [-89.226751, 48.354005], [-89.226846, 48.353943], [-89.226981, 48.353896], [-89.227156, 48.353865], [-89.227372, 48.353849], [-89.227628, 48.353849], [-89.227766, 48.353856], [-89.227786, 48.353869], [-89.227688, 48.353889], [-89.227473, 48.353916], [-89.227311, 48.353952], [-89.227203, 48.353997], [-89.227149, 48.35405], [-89.227149, 48.354113], [-89.227105, 48.35418], [-89.227018, 48.354252], [-89.226886, 48.354328], [-89.226711, 48.354408], [-89.22659, 48.354504], [-89.226522, 48.354616], [-89.226509, 48.354744], [-89.226549, 48.354887], [-89.226546, 48.354999], [-89.226499, 48.355079], [-89.226408, 48.355128], [-89.226273, 48.355146], [-89.226172, 48.355137], [-89.226104, 48.355102], [-89.226071, 48.355039], [-89.226071, 48.354949]]]}}, {"type": "Feature", "properties": {"lead": 120, "temp": "sp:lake_trout:s1"}, "geometry": {"type": "Polygon", "coordinates": [[[-89.226772, 48.355135], [-89.226664, 48.355131], [-89.22661, 48.355124], [-89.22661, 48.355115], [-89.22665, 48.355106], [-89.226731, 48.355097], [-89.226853, 48.355088], [-89.227014, 48.355079], [-89.227149, 48.355077], [-89.227257, 48.355081], [-89.227338, 48.355093], [-89.227392, 48.35511], [-89.227378, 48.355124], [-89.227297, 48.355133], [-89.227149, 48.355137], [-89.226933, 48.355137], [-89.226772, 48.355135]]]}}, {"type": "Feature", "properties": {"lead": 120, "temp": "sp:lake_trout:s1"}, "geometry": {"type": "Polygon", "coordinates": [[[-89.219287, 48.356267], [-89.219307, 48.356254], [-89.219337, 48.356247], [-89.219378, 48.356247], [-89.219398, 48.356254], [-89.219398, 48.356267], [-89.219378, 48.356287], [-89.219337, 48.356314], [-89.219307, 48.356327], [-89.219287, 48.356327], [-89.219277, 48.356314], [-89.219277, 48.356287], [-89.219287, 48.356267]]]}}, {"type": "Feature", "properties": {"lead": 120, "temp": "sp:lake_trout:s2"}, "geometry": {"type": "Polygon", "coordinates": [[[-89.226502, 48.354299], [-89.226489, 48.354247], [-89.226516, 48.354131], [-89.22658, 48.354014], [-89.226681, 48.353898], [-89.226819, 48.353782], [-89.226994, 48.353665], [-89.226893, 48.353522], [-89.226516, 48.353352], [-89.225862, 48.353155], [-89.224932, 48.352932], [-89.224322, 48.352764], [-89.224032, 48.352652], [-89.224062, 48.352596], [-89.224413, 48.352596], [-89.224696, 48.352612], [-89.224911, 48.352643], [-89.22506, 48.35269], [-89.225141, 48.352753], [-89.225363, 48.352827], [-89.225727, 48.352912], [-89.226232, 48.353008], [-89.22688, 48.353115], [-89.227355, 48.353211], [-89.227658, 48.353296], [-89.227789, 48.35337], [-89.227749, 48.353433], [-89.227867, 48.353522], [-89.228143, 48.353639], [-89.228578, 48.353782], [-89.229171, 48.353952], [-89.229586, 48.354086], [-89.229822, 48.354184], [-89.229879, 48.354247], [-89.229758, 48.354274], [-89.229569, 48.354263], [-89.229313, 48.354214], [-89.228989, 48.354126], [-89.228598, 48.354001], [-89.228241, 48.353909], [-89.227918, 48.353851], [-89.227628, 48.353827], [-89.227372, 48.353835], [-89.227146, 48.353878], [-89.22695, 48.353954], [-89.226785, 48.354064], [-89.22665, 48.354207], [-89.226556, 48.354285], [-89.226502, 48.354299]]]}}, {"type": "Feature", "properties": {"lead": 120, "temp": "sp:lake_trout:s2"}, "geometry": {"type": "Polygon", "coordinates": [[[-89.228875, 48.353594], [-89.228875, 48.353567], [-89.228895, 48.353549], [-89.228935, 48.35354], [-89.228996, 48.35354], [-89.229077, 48.353549], [-89.229117, 48.35356], [-89.229117, 48.353574], [-89.229077, 48.353589], [-89.228996, 48.353607], [-89.228935, 48.353614], [-89.228895, 48.35361], [-89.228875, 48.353594]]]}}, {"type": "Feature", "properties": {"lead": 120, "temp": "sp:lake_trout:s2"}, "geometry": {"type": "Polygon", "coordinates": [[[-89.216446, 48.354278], [-89.216284, 48.354278], [-89.216132, 48.354267], [-89.215991, 48.354245], [-89.215859, 48.354211], [-89.215738, 48.354167], [-89.215684, 48.354133], [-89.215698, 48.354111], [-89.215779, 48.354099], [-89.215927, 48.354099], [-89.216072, 48.354111], [-89.216213, 48.354133], [-89.216352, 48.354167], [-89.216486, 48.354211], [-89.216547, 48.354245], [-89.216533, 48.354267], [-89.216446, 48.354278]]]}}, {"type": "Feature", "properties": {"lead": 120, "temp": "sp:lake_trout:s2"}, "geometry": {"type": "Polygon", "coordinates": [[[-89.230081, 48.354395], [-89.230061, 48.354381], [-89.230061, 48.354354], [-89.230081, 48.354334], [-89.230122, 48.354321], [-89.230182, 48.354314], [-89.230263, 48.354314], [-89.230304, 48.354321], [-89.230304, 48.354334], [-89.230263, 48.354354], [-89.230182, 48.354381], [-89.230122, 48.354395], [-89.230081, 48.354395]]]}}, {"type": "Feature", "properties": {"lead": 120, "temp": "sp:lake_trout:s2"}, "geometry": {"type": "Polygon", "coordinates": [[[-89.230223, 48.354618], [-89.230223, 48.354583], [-89.230233, 48.354556], [-89.230253, 48.354538], [-89.230283, 48.354529], [-89.230324, 48.354529], [-89.230344, 48.354538], [-89.230344, 48.354556], [-89.230324, 48.354583], [-89.230283, 48.354618], [-89.230253, 48.354636], [-89.230233, 48.354636], [-89.230223, 48.354618]]]}}, {"type": "Feature", "properties": {"lead": 120, "temp": "sp:lake_trout:s2"}, "geometry": {"type": "Polygon", "coordinates": [[[-89.226286, 48.355146], [-89.226286, 48.355128], [-89.226307, 48.355115], [-89.226347, 48.355106], [-89.226408, 48.355102], [-89.226489, 48.355102], [-89.226529, 48.355106], [-89.226529, 48.355115], [-89.226489, 48.355128], [-89.226408, 48.355146], [-89.226347, 48.355155], [-89.226307, 48.355155], [-89.226286, 48.355146]]]}}, {"type": "Feature", "properties": {"lead": 120, "temp": "sp:brook_trout:s1"}, "geometry": {"type": "Polygon", "coordinates": [[[-89.227159, 48.353082], [-89.227179, 48.353068], [-89.22721, 48.353061], [-89.22725, 48.353061], [-89.22727, 48.353068], [-89.22727, 48.353082], [-89.22725, 48.353102], [-89.22721, 48.353129], [-89.227179, 48.353142], [-89.227159, 48.353142], [-89.227149, 48.353129], [-89.227149, 48.353102], [-89.227159, 48.353082]]]}}, {"type": "Feature", "properties": {"lead": 120, "temp": "sp:brook_trout:s1"}, "geometry": {"type": "Polygon", "coordinates": [[[-89.228885, 48.353189], [-89.228905, 48.353176], [-89.228935, 48.353169], [-89.228976, 48.353169], [-89.228996, 48.353176], [-89.228996, 48.353189], [-89.228976, 48.353209], [-89.228935, 48.353236], [-89.228905, 48.353249], [-89.228885, 48.353249], [-89.228875, 48.353236], [-89.228875, 48.353209], [-89.228885, 48.353189]]]}}, {"type": "Feature", "properties": {"lead": 120, "temp": "sp:brook_trout:s1"}, "geometry": {"type": "Polygon", "coordinates": [[[-89.227698, 48.353189], [-89.227719, 48.353176], [-89.227749, 48.353169], [-89.227789, 48.353169], [-89.22781, 48.353176], [-89.22781, 48.353189], [-89.227789, 48.353209], [-89.227749, 48.353236], [-89.227719, 48.353249], [-89.227698, 48.353249], [-89.227688, 48.353236], [-89.227688, 48.353209], [-89.227698, 48.353189]]]}}, {"type": "Feature", "properties": {"lead": 120, "temp": "sp:brook_trout:s1"}, "geometry": {"type": "Polygon", "coordinates": [[[-89.228194, 48.353303], [-89.228234, 48.353285], [-89.228295, 48.353276], [-89.228376, 48.353276], [-89.228416, 48.353285], [-89.228416, 48.353303], [-89.228376, 48.35333], [-89.228295, 48.353366], [-89.228234, 48.353384], [-89.228194, 48.353384], [-89.228174, 48.353366], [-89.228174, 48.35333], [-89.228194, 48.353303]]]}}, {"type": "Feature", "properties": {"lead": 120, "temp": "sp:brook_trout:s1"}, "geometry": {"type": "Polygon", "coordinates": [[[-89.229262, 48.35335], [-89.229309, 48.353319], [-89.2294, 48.353317], [-89.229535, 48.353343], [-89.229613, 48.353379], [-89.229633, 48.353424], [-89.229596, 48.353478], [-89.229501, 48.35354], [-89.229421, 48.353565], [-89.229353, 48.353551], [-89.229299, 48.3535], [-89.229259, 48.35341], [-89.229262, 48.35335]]]}}, {"type": "Feature", "properties": {"lead": 120, "temp": "sp:brook_trout:s1"}, "geometry": {"type": "Polygon", "coordinates": [[[-89.228885, 48.35344], [-89.228905, 48.353426], [-89.228935, 48.353419], [-89.228976, 48.353419], [-89.228996, 48.353426], [-89.228996, 48.35344], [-89.228976, 48.35346], [-89.228935, 48.353487], [-89.228905, 48.3535], [-89.228885, 48.3535], [-89.228875, 48.353487], [-89.228875, 48.35346], [-89.228885, 48.35344]]]}}, {"type": "Feature", "properties": {"lead": 120, "temp": "sp:brook_trout:s1"}, "geometry": {"type": "Polygon", "coordinates": [[[-89.229232, 48.353775], [-89.229299, 48.353735], [-89.2294, 48.353701], [-89.229535, 48.353674], [-89.229636, 48.353668], [-89.229704, 48.353681], [-89.229737, 48.353715], [-89.229737, 48.353768], [-89.229704, 48.353815], [-89.229636, 48.353856], [-89.229535, 48.353889], [-89.2294, 48.353916], [-89.229299, 48.353923], [-89.229232, 48.353909], [-89.229198, 48.353876], [-89.229198, 48.353822], [-89.229232, 48.353775]]]}}, {"type": "Feature", "properties": {"lead": 120, "temp": "sp:brook_trout:s1"}, "geometry": {"type": "Polygon", "coordinates": [[[-89.229636, 48.353965], [-89.229697, 48.353956], [-89.229778, 48.353956], [-89.229818, 48.353965], [-89.229818, 48.353983], [-89.229778, 48.35401], [-89.229697, 48.354046], [-89.229636, 48.354064], [-89.229596, 48.354064], [-89.229576, 48.354046], [-89.229576, 48.35401], [-89.229596, 48.353983], [-89.229636, 48.353965]]]}}, {"type": "Feature", "properties": {"lead": 120, "temp": "sp:brook_trout:s1"}, "geometry": {"type": "Polygon", "coordinates": [[[-89.22721, 48.353965], [-89.22727, 48.353956], [-89.227351, 48.353956], [-89.227392, 48.353965], [-89.227392, 48.353983], [-89.227351, 48.35401], [-89.22727, 48.354046], [-89.22721, 48.354064], [-89.227169, 48.354064], [-89.227149, 48.354046], [-89.227149, 48.35401], [-89.227169, 48.353983], [-89.22721, 48.353965]]]}}, {"type": "Feature", "properties": {"lead": 120, "temp": "sp:brook_trout:s1"}, "geometry": {"type": "Polygon", "coordinates": [[[-89.228022, 48.353983], [-89.228042, 48.353965], [-89.228073, 48.353956], [-89.228113, 48.353956], [-89.228133, 48.353965], [-89.228133, 48.353983], [-89.228113, 48.35401], [-89.228073, 48.354046], [-89.228042, 48.354064], [-89.228022, 48.354064], [-89.228012, 48.354046], [-89.228012, 48.35401], [-89.228022, 48.353983]]]}}, {"type": "Feature", "properties": {"lead": 120, "temp": "sp:brook_trout:s1"}, "geometry": {"type": "Polygon", "coordinates": [[[-89.228511, 48.35412], [-89.228538, 48.354106], [-89.228578, 48.354099], [-89.228632, 48.354099], [-89.228659, 48.354106], [-89.228659, 48.35412], [-89.228632, 48.35414], [-89.228578, 48.354167], [-89.228538, 48.35418], [-89.228511, 48.35418], [-89.228497, 48.354167], [-89.228497, 48.35414], [-89.228511, 48.35412]]]}}, {"type": "Feature", "properties": {"lead": 120, "temp": "sp:brook_trout:s1"}, "geometry": {"type": "Polygon", "coordinates": [[[-89.230556, 48.354321], [-89.230361, 48.354281], [-89.230202, 48.354234], [-89.230081, 48.35418], [-89.230064, 48.35414], [-89.230152, 48.354113], [-89.230344, 48.354099], [-89.230641, 48.354099], [-89.230887, 48.35412], [-89.231082, 48.35416], [-89.231227, 48.35422], [-89.231321, 48.354301], [-89.231325, 48.354354], [-89.231237, 48.354381], [-89.231058, 48.354381], [-89.230789, 48.354354], [-89.230556, 48.354321]]]}}, {"type": "Feature", "properties": {"lead": 120, "temp": "sp:brook_trout:s1"}, "geometry": {"type": "Polygon", "coordinates": [[[-89.231493, 48.354428], [-89.231523, 48.354422], [-89.231564, 48.354422], [-89.231584, 48.354428], [-89.231584, 48.354442], [-89.231564, 48.354462], [-89.231523, 48.354489], [-89.231493, 48.354502], [-89.231473, 48.354502], [-89.231463, 48.354489], [-89.231463, 48.354462], [-89.231473, 48.354442], [-89.231493, 48.354428]]]}}, {"type": "Feature", "properties": {"lead": 120, "temp": "sp:brook_trout:s1"}, "geometry": {"type": "Polygon", "coordinates": [[[-89.231655, 48.354538], [-89.231685, 48.354529], [-89.231726, 48.354529], [-89.231746, 48.354538], [-89.231746, 48.354556], [-89.231726, 48.354583], [-89.231685, 48.354618], [-89.231655, 48.354636], [-89.231635, 48.354636], [-89.231625, 48.354618], [-89.231625, 48.354583], [-89.231635, 48.354556], [-89.231655, 48.354538]]]}}, {"type": "Feature", "properties": {"lead": 120, "temp": "sp:brook_trout:s1"}, "geometry": {"type": "Polygon", "coordinates": [[[-89.231796, 48.354712], [-89.231817, 48.354685], [-89.231847, 48.354672], [-89.231887, 48.354672], [-89.231908, 48.354685], [-89.231908, 48.354712], [-89.231887, 48.354753], [-89.231847, 48.354806], [-89.231817, 48.354833], [-89.231796, 48.354833], [-89.231786, 48.354806], [-89.231786, 48.354753], [-89.231796, 48.354712]]]}}, {"type": "Feature", "properties": {"lead": 120, "temp": "sp:brook_trout:s1"}, "geometry": {"type": "Polygon", "coordinates": [[[-89.22819, 48.355345], [-89.228224, 48.355332], [-89.228275, 48.35533], [-89.228342, 48.355339], [-89.228376, 48.355352], [-89.228376, 48.35537], [-89.228342, 48.355392], [-89.228275, 48.355419], [-89.228224, 48.35543], [-89.22819, 48.355426], [-89.228174, 48.355406], [-89.228174, 48.35537], [-89.22819, 48.355345]]]}}, {"type": "Feature", "properties": {"lead": 120, "temp": "sp:brook_trout:s1"}, "geometry": {"type": "Polygon", "coordinates": [[[-89.228359, 48.355701], [-89.228406, 48.355683], [-89.228477, 48.355674], [-89.228571, 48.355674], [-89.228618, 48.355683], [-89.228618, 48.355701], [-89.228571, 48.355728], [-89.228477, 48.355764], [-89.228406, 48.355782], [-89.228359, 48.355782], [-89.228335, 48.355764], [-89.228335, 48.355728], [-89.228359, 48.355701]]]}}, {"type": "Feature", "properties": {"lead": 120, "temp": "sp:brook_trout:s1"}, "geometry": {"type": "Polygon", "coordinates": [[[-89.228774, 48.355824], [-89.228834, 48.355817], [-89.228915, 48.355817], [-89.228955, 48.355824], [-89.228955, 48.355837], [-89.228915, 48.355858], [-89.228834, 48.355884], [-89.228774, 48.355898], [-89.228733, 48.355898], [-89.228713, 48.355884], [-89.228713, 48.355858], [-89.228733, 48.355837], [-89.228774, 48.355824]]]}}, {"type": "Feature", "properties": {"lead": 120, "temp": "sp:brook_trout:s1"}, "geometry": {"type": "Polygon", "coordinates": [[[-89.229269, 48.355931], [-89.22934, 48.355925], [-89.229434, 48.355925], [-89.229481, 48.355931], [-89.229481, 48.355945], [-89.229434, 48.355965], [-89.22934, 48.355992], [-89.229269, 48.356005], [-89.229222, 48.356005], [-89.229198, 48.355992], [-89.229198, 48.355965], [-89.229222, 48.355945], [-89.229269, 48.355931]]]}}, {"type": "Feature", "properties": {"lead": 120, "temp": "sp:brook_trout:s1"}, "geometry": {"type": "Polygon", "coordinates": [[[-89.230233, 48.356139], [-89.229956, 48.356068], [-89.229859, 48.356032], [-89.22994, 48.356032], [-89.23, 48.356014], [-89.230041, 48.355978], [-89.230061, 48.355925], [-89.230061, 48.355853], [-89.230084, 48.355804], [-89.230132, 48.355777], [-89.230202, 48.355773], [-89.230297, 48.355791], [-89.230469, 48.355829], [-89.230718, 48.355887], [-89.231045, 48.355965], [-89.231449, 48.356063], [-89.231766, 48.356162], [-89.231995, 48.35626], [-89.232137, 48.356359], [-89.232191, 48.356457], [-89.232073, 48.356495], [-89.231783, 48.356473], [-89.231321, 48.35639], [-89.230688, 48.356247], [-89.230233, 48.356139]]]}}, {"type": "Feature", "properties": {"lead": 120, "temp": "sp:brook_trout:s1"}, "geometry": {"type": "Polygon", "coordinates": [[[-89.222364, 48.351999], [-89.222391, 48.351985], [-89.222431, 48.351992], [-89.222485, 48.352019], [-89.222512, 48.352046], [-89.222512, 48.352073], [-89.222485, 48.3521], [-89.222431, 48.352126], [-89.222391, 48.352133], [-89.222364, 48.35212], [-89.22235, 48.352086], [-89.22235, 48.352032], [-89.222364, 48.351999]]]}}, {"type": "Feature", "properties": {"lead": 120, "temp": "sp:brook_trout:s1"}, "geometry": {"type": "Polygon", "coordinates": [[[-89.224858, 48.352285], [-89.224884, 48.352254], [-89.224905, 48.352238], [-89.224918, 48.352238], [-89.224915, 48.352254], [-89.224895, 48.352285], [-89.224858, 48.352332], [-89.224804, 48.352395], [-89.224773, 48.352426], [-89.224767, 48.352426], [-89.224783, 48.352395], [-89.224824, 48.352332], [-89.224858, 48.352285]]]}}, {"type": "Feature", "properties": {"lead": 120, "temp": "sp:brook_trout:s1"}, "geometry": {"type": "Polygon", "coordinates": [[[-89.223644, 48.352321], [-89.223698, 48.352355], [-89.223698, 48.352408], [-89.223644, 48.352442], [-89.223536, 48.352455], [-89.223375, 48.352449], [-89.223159, 48.352422], [-89.223051, 48.352395], [-89.223051, 48.352368], [-89.223159, 48.352341], [-89.223375, 48.352314], [-89.223536, 48.352308], [-89.223644, 48.352321]]]}}, {"type": "Feature", "properties": {"lead": 120, "temp": "sp:brook_trout:s1"}, "geometry": {"type": "Polygon", "coordinates": [[[-89.224268, 48.352388], [-89.224298, 48.352381], [-89.224339, 48.352381], [-89.224359, 48.352388], [-89.224359, 48.352402], [-89.224339, 48.352422], [-89.224298, 48.352449], [-89.224268, 48.352462], [-89.224248, 48.352462], [-89.224237, 48.352449], [-89.224237, 48.352422], [-89.224248, 48.352402], [-89.224268, 48.352388]]]}}, {"type": "Feature", "properties": {"lead": 120, "temp": "sp:brook_trout:s1"}, "geometry": {"type": "Polygon", "coordinates": [[[-89.224949, 48.352509], [-89.224969, 48.352496], [-89.224999, 48.352489], [-89.225039, 48.352489], [-89.22506, 48.352496], [-89.22506, 48.352509], [-89.225039, 48.352529], [-89.224999, 48.352556], [-89.224969, 48.352569], [-89.224949, 48.352569], [-89.224938, 48.352556], [-89.224938, 48.352529], [-89.224949, 48.352509]]]}}, {"type": "Feature", "properties": {"lead": 120, "temp": "sp:brook_trout:s1"}, "geometry": {"type": "Polygon", "coordinates": [[[-89.225434, 48.352616], [-89.225454, 48.352603], [-89.225484, 48.352596], [-89.225525, 48.352596], [-89.225545, 48.352603], [-89.225545, 48.352616], [-89.225525, 48.352636], [-89.225484, 48.352663], [-89.225454, 48.352677], [-89.225434, 48.352677], [-89.225424, 48.352663], [-89.225424, 48.352636], [-89.225434, 48.352616]]]}}, {"type": "Feature", "properties": {"lead": 120, "temp": "sp:brook_trout:s1"}, "geometry": {"type": "Polygon", "coordinates": [[[-89.225599, 48.35273], [-89.225626, 48.352713], [-89.225666, 48.352704], [-89.22572, 48.352704], [-89.225747, 48.352713], [-89.225747, 48.35273], [-89.22572, 48.352757], [-89.225666, 48.352793], [-89.225626, 48.352811], [-89.225599, 48.352811], [-89.225585, 48.352793], [-89.225585, 48.352757], [-89.225599, 48.35273]]]}}, {"type": "Feature", "properties": {"lead": 120, "temp": "sp:brook_trout:s1"}, "geometry": {"type": "Polygon", "coordinates": [[[-89.226155, 48.352853], [-89.226185, 48.352847], [-89.226226, 48.352847], [-89.226246, 48.352853], [-89.226246, 48.352867], [-89.226226, 48.352887], [-89.226185, 48.352914], [-89.226155, 48.352927], [-89.226135, 48.352927], [-89.226125, 48.352914], [-89.226125, 48.352887], [-89.226135, 48.352867], [-89.226155, 48.352853]]]}}, {"type": "Feature", "properties": {"lead": 120, "temp": "sp:brook_trout:s1"}, "geometry": {"type": "Polygon", "coordinates": [[[-89.22665, 48.352961], [-89.226691, 48.352954], [-89.226745, 48.352954], [-89.226772, 48.352961], [-89.226772, 48.352974], [-89.226745, 48.352994], [-89.226691, 48.353021], [-89.22665, 48.353035], [-89.226623, 48.353035], [-89.22661, 48.353021], [-89.22661, 48.352994], [-89.226623, 48.352974], [-89.22665, 48.352961]]]}}, {"type": "Feature", "properties": {"lead": 120, "temp": "sp:brook_trout:s1"}, "geometry": {"type": "Polygon", "coordinates": [[[-89.216871, 48.354151], [-89.216911, 48.354146], [-89.216972, 48.354149], [-89.217052, 48.354158], [-89.217093, 48.354167], [-89.217093, 48.354175], [-89.217052, 48.354184], [-89.216972, 48.354193], [-89.216911, 48.354196], [-89.216871, 48.354191], [-89.21685, 48.35418], [-89.21685, 48.354162], [-89.216871, 48.354151]]]}}, {"type": "Feature", "properties": {"lead": 120, "temp": "sp:brook_trout:s1"}, "geometry": {"type": "Polygon", "coordinates": [[[-89.226997, 48.354227], [-89.227018, 48.354214], [-89.227048, 48.354207], [-89.227088, 48.354207], [-89.227109, 48.354214], [-89.227109, 48.354227], [-89.227088, 48.354247], [-89.227048, 48.354274], [-89.227018, 48.354287], [-89.226997, 48.354287], [-89.226987, 48.354274], [-89.226987, 48.354247], [-89.226997, 48.354227]]]}}, {"type": "Feature", "properties": {"lead": 120, "temp": "sp:brook_trout:s1"}, "geometry": {"type": "Polygon", "coordinates": [[[-89.226836, 48.354334], [-89.226856, 48.354321], [-89.226886, 48.354314], [-89.226927, 48.354314], [-89.226947, 48.354321], [-89.226947, 48.354334], [-89.226927, 48.354354], [-89.226886, 48.354381], [-89.226856, 48.354395], [-89.226836, 48.354395], [-89.226826, 48.354381], [-89.226826, 48.354354], [-89.226836, 48.354334]]]}}, {"type": "Feature", "properties": {"lead": 120, "temp": "sp:brook_trout:s1"}, "geometry": {"type": "Polygon", "coordinates": [[[-89.22665, 48.354428], [-89.226691, 48.354422], [-89.226745, 48.354422], [-89.226772, 48.354428], [-89.226772, 48.354442], [-89.226745, 48.354462], [-89.226691, 48.354489], [-89.22665, 48.354502], [-89.226623, 48.354502], [-89.22661, 48.354489], [-89.22661, 48.354462], [-89.226623, 48.354442], [-89.22665, 48.354428]]]}}, {"type": "Feature", "properties": {"lead": 120, "temp": "sp:brook_trout:s1"}, "geometry": {"type": "Polygon", "coordinates": [[[-89.226479, 48.354558], [-89.226509, 48.354529], [-89.226549, 48.354529], [-89.22657, 48.354558], [-89.22657, 48.354616], [-89.226549, 48.354703], [-89.226509, 48.35482], [-89.226479, 48.354878], [-89.226458, 48.354878], [-89.226448, 48.35482], [-89.226448, 48.354703], [-89.226458, 48.354616], [-89.226479, 48.354558]]]}}, {"type": "Feature", "properties": {"lead": 120, "temp": "sp:brook_trout:s1"}, "geometry": {"type": "Polygon", "coordinates": [[[-89.227001, 48.355014], [-89.227028, 48.355001], [-89.227068, 48.354994], [-89.227122, 48.354994], [-89.227149, 48.355001], [-89.227149, 48.355014], [-89.227122, 48.355034], [-89.227068, 48.355061], [-89.227028, 48.355075], [-89.227001, 48.355075], [-89.226987, 48.355061], [-89.226987, 48.355034], [-89.227001, 48.355014]]]}}, {"type": "Feature", "properties": {"lead": 120, "temp": "sp:brook_trout:s1"}, "geometry": {"type": "Polygon", "coordinates": [[[-89.226778, 48.355562], [-89.226495, 48.3555], [-89.226307, 48.355419], [-89.226212, 48.355321], [-89.226263, 48.355251], [-89.226458, 48.355211], [-89.226799, 48.3552], [-89.227284, 48.355218], [-89.227638, 48.355251], [-89.22786, 48.355301], [-89.227951, 48.355366], [-89.227911, 48.355446], [-89.227911, 48.355513], [-89.227951, 48.355567], [-89.228032, 48.355607], [-89.228153, 48.355634], [-89.228126, 48.355647], [-89.227951, 48.355647], [-89.227628, 48.355634], [-89.227156, 48.355607], [-89.226778, 48.355562]], [[-89.227719, 48.355359], [-89.227698, 48.355372], [-89.227688, 48.355392], [-89.227688, 48.355419], [-89.227698, 48.355433], [-89.227719, 48.355433], [-89.227749, 48.355419], [-89.227789, 48.355392], [-89.22781, 48.355372], [-89.22781, 48.355359], [-89.227789, 48.355352], [-89.227749, 48.355352], [-89.227719, 48.355359]], [[-89.227341, 48.355359], [-89.227321, 48.355372], [-89.227311, 48.355392], [-89.227311, 48.355419], [-89.227321, 48.355433], [-89.227341, 48.355433], [-89.227372, 48.355419], [-89.227412, 48.355392], [-89.227432, 48.355372], [-89.227432, 48.355359], [-89.227412, 48.355352], [-89.227372, 48.355352], [-89.227341, 48.355359]]]}}, {"type": "Feature", "properties": {"lead": 120, "temp": "sp:brook_trout:s1"}, "geometry": {"type": "Polygon", "coordinates": [[[-89.219118, 48.356363], [-89.21926, 48.356327], [-89.219465, 48.356341], [-89.219735, 48.356403], [-89.219904, 48.356457], [-89.219971, 48.356502], [-89.219937, 48.356538], [-89.219802, 48.356564], [-89.219688, 48.356578], [-89.219594, 48.356578], [-89.219519, 48.356564], [-89.219465, 48.356538], [-89.219401, 48.356535], [-89.219327, 48.356558], [-89.219243, 48.356605], [-89.219149, 48.356676], [-89.219081, 48.356696], [-89.219041, 48.356665], [-89.219027, 48.356582], [-89.219041, 48.356448], [-89.219118, 48.356363]]]}}, {"type": "Feature", "properties": {"lead": 120, "temp": "sp:brook_trout:s1"}, "geometry": {"type": "Polygon", "coordinates": [[[-89.22017, 48.356611], [-89.2202, 48.356605], [-89.220241, 48.356605], [-89.220261, 48.356611], [-89.220261, 48.356625], [-89.220241, 48.356645], [-89.2202, 48.356672], [-89.22017, 48.356685], [-89.22015, 48.356685], [-89.220139, 48.356672], [-89.220139, 48.356645], [-89.22015, 48.356625], [-89.22017, 48.356611]]]}}, {"type": "Feature", "properties": {"lead": 120, "temp": "sp:brook_trout:s1"}, "geometry": {"type": "Polygon", "coordinates": [[[-89.223958, 48.357654], [-89.223408, 48.357388], [-89.222856, 48.357146], [-89.222482, 48.356972], [-89.222286, 48.356864], [-89.222269, 48.356824], [-89.222431, 48.356851], [-89.222674, 48.356918], [-89.222997, 48.357025], [-89.223402, 48.357173], [-89.223887, 48.357361], [-89.224352, 48.357567], [-89.224797, 48.35779], [-89.225221, 48.358032], [-89.225626, 48.358291], [-89.225939, 48.358513], [-89.226162, 48.358696], [-89.226293, 48.358841], [-89.226334, 48.358949], [-89.226229, 48.358944], [-89.22598, 48.358828], [-89.225585, 48.3586], [-89.225046, 48.35826], [-89.224504, 48.357945], [-89.223958, 48.357654]]]}}, {"type": "Feature", "properties": {"lead": 120, "temp": "sp:brook_trout:s2"}, "geometry": {"type": "Polygon", "coordinates": [[[-89.228106, 48.353668], [-89.227014, 48.353406], [-89.225558, 48.353039], [-89.224564, 48.352764], [-89.224032, 48.352581], [-89.223961, 48.352489], [-89.224352, 48.352489], [-89.224719, 48.35252], [-89.225063, 48.352583], [-89.225383, 48.352677], [-89.22568, 48.352802], [-89.226101, 48.35293], [-89.226647, 48.353059], [-89.227318, 48.353191], [-89.228113, 48.353325], [-89.228726, 48.35344], [-89.229158, 48.353533], [-89.229407, 48.353607], [-89.229474, 48.353661], [-89.229501, 48.353701], [-89.229488, 48.353728], [-89.229434, 48.353742], [-89.22934, 48.353742], [-89.229269, 48.353755], [-89.229222, 48.353782], [-89.229198, 48.353822], [-89.229198, 48.353876], [-89.228834, 48.353824], [-89.228106, 48.353668]]]}}, {"type": "Feature", "properties": {"lead": 120, "temp": "sp:brook_trout:s2"}, "geometry": {"type": "Polygon", "coordinates": [[[-89.217218, 48.354328], [-89.216951, 48.354323], [-89.216587, 48.354305], [-89.216267, 48.354267], [-89.215991, 48.354209], [-89.215758, 48.354131], [-89.21557, 48.354032], [-89.21556, 48.353979], [-89.215728, 48.35397], [-89.216075, 48.354005], [-89.216601, 48.354086], [-89.217002, 48.354155], [-89.217278, 48.354214], [-89.21743, 48.35426], [-89.217457, 48.354296], [-89.217386, 48.354319], [-89.217218, 48.354328]]]}}, {"type": "Feature", "properties": {"lead": 120, "temp": "sp:brook_trout:s2"}, "geometry": {"type": "Polygon", "coordinates": [[[-89.231544, 48.354838], [-89.231341, 48.354847], [-89.231045, 48.35482], [-89.230705, 48.354759], [-89.23032, 48.354665], [-89.229892, 48.354538], [-89.229421, 48.354377], [-89.229121, 48.354245], [-89.228993, 48.354142], [-89.229036, 48.354068], [-89.229252, 48.354023], [-89.229434, 48.354005], [-89.229582, 48.354014], [-89.229697, 48.35405], [-89.229778, 48.354113], [-89.229936, 48.354173], [-89.230172, 48.354231], [-89.230485, 48.354287], [-89.230876, 48.354341], [-89.23119, 48.35441], [-89.231426, 48.354495], [-89.231584, 48.354596], [-89.231665, 48.354712], [-89.231652, 48.354793], [-89.231544, 48.354838]]]}}, {"type": "Feature", "properties": {"lead": 120, "temp": "sp:brook_trout:s2"}, "geometry": {"type": "Polygon", "coordinates": [[[-89.226374, 48.355173], [-89.226253, 48.355173], [-89.226162, 48.355151], [-89.226101, 48.355106], [-89.226071, 48.355039], [-89.226071, 48.354949], [-89.226118, 48.354815], [-89.226212, 48.354636], [-89.226354, 48.354413], [-89.226543, 48.354144], [-89.226812, 48.353956], [-89.227163, 48.353849], [-89.227594, 48.353822], [-89.228106, 48.353876], [-89.228447, 48.353925], [-89.228615, 48.35397], [-89.228612, 48.35401], [-89.228437, 48.354046], [-89.228298, 48.354061], [-89.228197, 48.354057], [-89.228133, 48.354032], [-89.228106, 48.353988], [-89.228029, 48.353956], [-89.227901, 48.353938], [-89.227722, 48.353934], [-89.227493, 48.353943], [-89.227321, 48.353965], [-89.227206, 48.354001], [-89.227149, 48.35405], [-89.227149, 48.354113], [-89.227105, 48.35418], [-89.227018, 48.354252], [-89.226886, 48.354328], [-89.226711, 48.354408], [-89.226586, 48.354509], [-89.226512, 48.35463], [-89.226489, 48.35477], [-89.226516, 48.354932], [-89.226505, 48.355052], [-89.226458, 48.355133], [-89.226374, 48.355173]]]}}, {"type": "Feature", "properties": {"lead": 120, "temp": "sp:brook_trout:s2"}, "geometry": {"type": "Polygon", "coordinates": [[[-89.227291, 48.355137], [-89.227169, 48.355137], [-89.227078, 48.355135], [-89.227018, 48.355131], [-89.226987, 48.355124], [-89.226987, 48.355115], [-89.227004, 48.355106], [-89.227038, 48.355097], [-89.227088, 48.355088], [-89.227156, 48.355079], [-89.22722, 48.355077], [-89.227281, 48.355081], [-89.227338, 48.355093], [-89.227392, 48.35511], [-89.227402, 48.355124], [-89.227368, 48.355133], [-89.227291, 48.355137]]]}}, {"type": "Feature", "properties": {"lead": 120, "temp": "sp:brook_trout:s3"}, "geometry": {"type": "Polygon", "coordinates": [[[-89.226155, 48.352981], [-89.226125, 48.352976], [-89.226125, 48.352968], [-89.226155, 48.352961], [-89.226216, 48.352956], [-89.226307, 48.352954], [-89.226428, 48.352954], [-89.226489, 48.352956], [-89.226489, 48.352961], [-89.226428, 48.352968], [-89.226307, 48.352976], [-89.226216, 48.352981], [-89.226155, 48.352981]]]}}, {"type": "Feature", "properties": {"lead": 120, "temp": "sp:brook_trout:s3"}, "geometry": {"type": "Polygon", "coordinates": [[[-89.22664, 48.353088], [-89.22661, 48.353084], [-89.22661, 48.353075], [-89.22664, 48.353068], [-89.226701, 48.353064], [-89.226792, 48.353061], [-89.226913, 48.353061], [-89.226974, 48.353064], [-89.226974, 48.353068], [-89.226913, 48.353075], [-89.226792, 48.353084], [-89.226701, 48.353088], [-89.22664, 48.353088]]]}}, {"type": "Feature", "properties": {"lead": 120, "temp": "sp:brook_trout:s3"}, "geometry": {"type": "Polygon", "coordinates": [[[-89.227284, 48.353196], [-89.227257, 48.353191], [-89.227257, 48.353182], [-89.227284, 48.353176], [-89.227338, 48.353171], [-89.227419, 48.353169], [-89.227527, 48.353169], [-89.227581, 48.353171], [-89.227581, 48.353176], [-89.227527, 48.353182], [-89.227419, 48.353191], [-89.227338, 48.353196], [-89.227284, 48.353196]]]}}, {"type": "Feature", "properties": {"lead": 120, "temp": "sp:brook_trout:s3"}, "geometry": {"type": "Polygon", "coordinates": [[[-89.217187, 48.354332], [-89.217174, 48.354323], [-89.217174, 48.354305], [-89.217187, 48.354292], [-89.217214, 48.354283], [-89.217255, 48.354278], [-89.217309, 48.354278], [-89.217336, 48.354283], [-89.217336, 48.354292], [-89.217309, 48.354305], [-89.217255, 48.354323], [-89.217214, 48.354332], [-89.217187, 48.354332]]]}}, {"type": "Feature", "properties": {"lead": 120, "temp": "sp:salmon:s1"}, "geometry": {"type": "Polygon", "coordinates": [[[-89.226987, 48.353102], [-89.226997, 48.353082], [-89.227018, 48.353068], [-89.227048, 48.353061], [-89.227088, 48.353061], [-89.227109, 48.353068], [-89.227109, 48.353082], [-89.227088, 48.353102], [-89.227048, 48.353129], [-89.227018, 48.353142], [-89.226997, 48.353142], [-89.226987, 48.353129], [-89.226987, 48.353102]]]}}, {"type": "Feature", "properties": {"lead": 120, "temp": "sp:salmon:s1"}, "geometry": {"type": "Polygon", "coordinates": [[[-89.227473, 48.353209], [-89.227486, 48.353189], [-89.227513, 48.353176], [-89.227554, 48.353169], [-89.227607, 48.353169], [-89.227634, 48.353176], [-89.227634, 48.353189], [-89.227607, 48.353209], [-89.227554, 48.353236], [-89.227513, 48.353249], [-89.227486, 48.353249], [-89.227473, 48.353236], [-89.227473, 48.353209]]]}}, {"type": "Feature", "properties": {"lead": 120, "temp": "sp:salmon:s1"}, "geometry": {"type": "Polygon", "coordinates": [[[-89.227931, 48.35354], [-89.22784, 48.353471], [-89.22782, 48.353413], [-89.22787, 48.353366], [-89.227992, 48.35333], [-89.228083, 48.353312], [-89.228143, 48.353312], [-89.228174, 48.35333], [-89.228174, 48.353366], [-89.228217, 48.353393], [-89.228305, 48.35341], [-89.228437, 48.353419], [-89.228612, 48.353419], [-89.228743, 48.353433], [-89.228831, 48.35346], [-89.228875, 48.3535], [-89.228875, 48.353554], [-89.228905, 48.353587], [-89.228966, 48.353601], [-89.229057, 48.353594], [-89.229178, 48.353567], [-89.229282, 48.35356], [-89.22937, 48.353574], [-89.229441, 48.353607], [-89.229495, 48.353661], [-89.229458, 48.353701], [-89.22933, 48.353728], [-89.229111, 48.353742], [-89.2288, 48.353742], [-89.228527, 48.353721], [-89.228292, 48.353681], [-89.228093, 48.353621], [-89.227931, 48.35354]]]}}, {"type": "Feature", "properties": {"lead": 120, "temp": "sp:salmon:s1"}, "geometry": {"type": "Polygon", "coordinates": [[[-89.22936, 48.35401], [-89.229373, 48.353983], [-89.2294, 48.353965], [-89.229441, 48.353956], [-89.229495, 48.353956], [-89.229522, 48.353965], [-89.229522, 48.353983], [-89.229495, 48.35401], [-89.229441, 48.354046], [-89.2294, 48.354064], [-89.229373, 48.354064], [-89.22936, 48.354046], [-89.22936, 48.35401]]]}}, {"type": "Feature", "properties": {"lead": 120, "temp": "sp:salmon:s1"}, "geometry": {"type": "Polygon", "coordinates": [[[-89.228174, 48.35401], [-89.228194, 48.353983], [-89.228234, 48.353965], [-89.228295, 48.353956], [-89.228376, 48.353956], [-89.228416, 48.353965], [-89.228416, 48.353983], [-89.228376, 48.35401], [-89.228295, 48.354046], [-89.228234, 48.354064], [-89.228194, 48.354064], [-89.228174, 48.354046], [-89.228174, 48.35401]]]}}, {"type": "Feature", "properties": {"lead": 120, "temp": "sp:salmon:s1"}, "geometry": {"type": "Polygon", "coordinates": [[[-89.229737, 48.35414], [-89.229747, 48.35412], [-89.229768, 48.354106], [-89.229798, 48.354099], [-89.229838, 48.354099], [-89.229859, 48.354106], [-89.229859, 48.35412], [-89.229838, 48.35414], [-89.229798, 48.354167], [-89.229768, 48.35418], [-89.229747, 48.35418], [-89.229737, 48.354167], [-89.229737, 48.35414]]]}}, {"type": "Feature", "properties": {"lead": 120, "temp": "sp:salmon:s1"}, "geometry": {"type": "Polygon", "coordinates": [[[-89.228713, 48.35414], [-89.228733, 48.35412], [-89.228774, 48.354106], [-89.228834, 48.354099], [-89.228915, 48.354099], [-89.228955, 48.354106], [-89.228955, 48.35412], [-89.228915, 48.35414], [-89.228834, 48.354167], [-89.228774, 48.35418], [-89.228733, 48.35418], [-89.228713, 48.354167], [-89.228713, 48.35414]]]}}, {"type": "Feature", "properties": {"lead": 120, "temp": "sp:salmon:s1"}, "geometry": {"type": "Polygon", "coordinates": [[[-89.230081, 48.354227], [-89.230122, 48.354214], [-89.230182, 48.354207], [-89.230263, 48.354207], [-89.230304, 48.354214], [-89.230304, 48.354227], [-89.230263, 48.354247], [-89.230182, 48.354274], [-89.230122, 48.354287], [-89.230081, 48.354287], [-89.230061, 48.354274], [-89.230061, 48.354247], [-89.230081, 48.354227]]]}}, {"type": "Feature", "properties": {"lead": 120, "temp": "sp:salmon:s1"}, "geometry": {"type": "Polygon", "coordinates": [[[-89.230809, 48.354784], [-89.230634, 48.354739], [-89.230519, 48.354685], [-89.230465, 48.354623], [-89.230361, 48.354569], [-89.230206, 48.354524], [-89.23, 48.354489], [-89.229744, 48.354462], [-89.229532, 48.354428], [-89.229363, 48.354388], [-89.229239, 48.354341], [-89.229158, 48.354287], [-89.229249, 48.35426], [-89.229512, 48.35426], [-89.229946, 48.354287], [-89.230553, 48.354341], [-89.231028, 48.35441], [-89.231372, 48.354495], [-89.231584, 48.354596], [-89.231665, 48.354712], [-89.231652, 48.354793], [-89.231544, 48.354838], [-89.231341, 48.354847], [-89.231045, 48.35482], [-89.230809, 48.354784]]]}}, {"type": "Feature", "properties": {"lead": 120, "temp": "sp:salmon:s1"}, "geometry": {"type": "Polygon", "coordinates": [[[-89.223577, 48.352596], [-89.223476, 48.352589], [-89.223408, 48.352576], [-89.223375, 48.352556], [-89.223375, 48.352529], [-89.223429, 48.352502], [-89.223536, 48.352475], [-89.223698, 48.352449], [-89.223914, 48.352422], [-89.224055, 48.352415], [-89.224123, 48.352428], [-89.224116, 48.352462], [-89.224035, 48.352516], [-89.223941, 48.352556], [-89.223833, 48.352583], [-89.223712, 48.352596], [-89.223577, 48.352596]]]}}, {"type": "Feature", "properties": {"lead": 120, "temp": "sp:salmon:s1"}, "geometry": {"type": "Polygon", "coordinates": [[[-89.224237, 48.352529], [-89.224281, 48.352509], [-89.224369, 48.352496], [-89.2245, 48.352489], [-89.224676, 48.352489], [-89.224763, 48.352496], [-89.224763, 48.352509], [-89.224676, 48.352529], [-89.2245, 48.352556], [-89.224369, 48.352569], [-89.224281, 48.352569], [-89.224237, 48.352556], [-89.224237, 48.352529]]]}}, {"type": "Feature", "properties": {"lead": 120, "temp": "sp:salmon:s1"}, "geometry": {"type": "Polygon", "coordinates": [[[-89.225383, 48.352847], [-89.225302, 48.352831], [-89.225221, 48.3528], [-89.225141, 48.352753], [-89.22506, 48.35269], [-89.225029, 48.352643], [-89.22505, 48.352612], [-89.22512, 48.352596], [-89.225242, 48.352596], [-89.225343, 48.352612], [-89.225424, 48.352643], [-89.225484, 48.35269], [-89.225525, 48.352753], [-89.225535, 48.3528], [-89.225515, 48.352831], [-89.225464, 48.352847], [-89.225383, 48.352847]]]}}, {"type": "Feature", "properties": {"lead": 120, "temp": "sp:salmon:s1"}, "geometry": {"type": "Polygon", "coordinates": [[[-89.225801, 48.352887], [-89.225821, 48.352867], [-89.225862, 48.352853], [-89.225922, 48.352847], [-89.226003, 48.352847], [-89.226044, 48.352853], [-89.226044, 48.352867], [-89.226003, 48.352887], [-89.225922, 48.352914], [-89.225862, 48.352927], [-89.225821, 48.352927], [-89.225801, 48.352914], [-89.225801, 48.352887]]]}}, {"type": "Feature", "properties": {"lead": 120, "temp": "sp:salmon:s1"}, "geometry": {"type": "Polygon", "coordinates": [[[-89.226286, 48.352994], [-89.226307, 48.352974], [-89.226347, 48.352961], [-89.226408, 48.352954], [-89.226489, 48.352954], [-89.226529, 48.352961], [-89.226529, 48.352974], [-89.226489, 48.352994], [-89.226408, 48.353021], [-89.226347, 48.353035], [-89.226307, 48.353035], [-89.226286, 48.353021], [-89.226286, 48.352994]]]}}, {"type": "Feature", "properties": {"lead": 120, "temp": "sp:salmon:s1"}, "geometry": {"type": "Polygon", "coordinates": [[[-89.216271, 48.35418], [-89.215873, 48.354126], [-89.21559, 48.354073], [-89.215421, 48.354019], [-89.215367, 48.353965], [-89.215458, 48.353945], [-89.215694, 48.353959], [-89.216075, 48.354005], [-89.216601, 48.354086], [-89.217005, 48.354153], [-89.217288, 48.354207], [-89.21745, 48.354247], [-89.217491, 48.354274], [-89.217393, 48.354281], [-89.217157, 48.354267], [-89.216783, 48.354234], [-89.216271, 48.35418]]]}}, {"type": "Feature", "properties": {"lead": 120, "temp": "sp:salmon:s1"}, "geometry": {"type": "Polygon", "coordinates": [[[-89.226071, 48.354949], [-89.226104, 48.354838], [-89.226172, 48.354703], [-89.226273, 48.354547], [-89.226408, 48.354368], [-89.226532, 48.354218], [-89.226647, 48.354097], [-89.226751, 48.354005], [-89.226846, 48.353943], [-89.226981, 48.353896], [-89.227156, 48.353865], [-89.227372, 48.353849], [-89.227628, 48.353849], [-89.227766, 48.353856], [-89.227786, 48.353869], [-89.227688, 48.353889], [-89.227473, 48.353916], [-89.227311, 48.353952], [-89.227203, 48.353997], [-89.227149, 48.35405], [-89.227149, 48.354113], [-89.227105, 48.35418], [-89.227018, 48.354252], [-89.226886, 48.354328], [-89.226711, 48.354408], [-89.22659, 48.354504], [-89.226522, 48.354616], [-89.226509, 48.354744], [-89.226549, 48.354887], [-89.226546, 48.354999], [-89.226499, 48.355079], [-89.226408, 48.355128], [-89.226273, 48.355146], [-89.226172, 48.355137], [-89.226104, 48.355102], [-89.226071, 48.355039], [-89.226071, 48.354949]]]}}, {"type": "Feature", "properties": {"lead": 120, "temp": "sp:salmon:s1"}, "geometry": {"type": "Polygon", "coordinates": [[[-89.226772, 48.355135], [-89.226664, 48.355131], [-89.22661, 48.355124], [-89.22661, 48.355115], [-89.22665, 48.355106], [-89.226731, 48.355097], [-89.226853, 48.355088], [-89.227014, 48.355079], [-89.227149, 48.355077], [-89.227257, 48.355081], [-89.227338, 48.355093], [-89.227392, 48.35511], [-89.227378, 48.355124], [-89.227297, 48.355133], [-89.227149, 48.355137], [-89.226933, 48.355137], [-89.226772, 48.355135]]]}}, {"type": "Feature", "properties": {"lead": 120, "temp": "sp:salmon:s1"}, "geometry": {"type": "Polygon", "coordinates": [[[-89.219287, 48.356267], [-89.219307, 48.356254], [-89.219337, 48.356247], [-89.219378, 48.356247], [-89.219398, 48.356254], [-89.219398, 48.356267], [-89.219378, 48.356287], [-89.219337, 48.356314], [-89.219307, 48.356327], [-89.219287, 48.356327], [-89.219277, 48.356314], [-89.219277, 48.356287], [-89.219287, 48.356267]]]}}, {"type": "Feature", "properties": {"lead": 120, "temp": "sp:salmon:s2"}, "geometry": {"type": "Polygon", "coordinates": [[[-89.228875, 48.353209], [-89.228885, 48.353189], [-89.228905, 48.353176], [-89.228935, 48.353169], [-89.228976, 48.353169], [-89.228996, 48.353176], [-89.228996, 48.353189], [-89.228976, 48.353209], [-89.228935, 48.353236], [-89.228905, 48.353249], [-89.228885, 48.353249], [-89.228875, 48.353236], [-89.228875, 48.353209]]]}}, {"type": "Feature", "properties": {"lead": 120, "temp": "sp:salmon:s2"}, "geometry": {"type": "Polygon", "coordinates": [[[-89.228194, 48.353303], [-89.228234, 48.353285], [-89.228295, 48.353276], [-89.228376, 48.353276], [-89.228416, 48.353285], [-89.228416, 48.353303], [-89.228376, 48.35333], [-89.228295, 48.353366], [-89.228234, 48.353384], [-89.228194, 48.353384], [-89.228174, 48.353366], [-89.228174, 48.35333], [-89.228194, 48.353303]]]}}, {"type": "Feature", "properties": {"lead": 120, "temp": "sp:salmon:s2"}, "geometry": {"type": "Polygon", "coordinates": [[[-89.229262, 48.35335], [-89.229309, 48.353319], [-89.2294, 48.353317], [-89.229535, 48.353343], [-89.229613, 48.353379], [-89.229633, 48.353424], [-89.229596, 48.353478], [-89.229501, 48.35354], [-89.229421, 48.353565], [-89.229353, 48.353551], [-89.229299, 48.3535], [-89.229259, 48.35341], [-89.229262, 48.35335]]]}}, {"type": "Feature", "properties": {"lead": 120, "temp": "sp:salmon:s2"}, "geometry": {"type": "Polygon", "coordinates": [[[-89.228885, 48.35344], [-89.228905, 48.353426], [-89.228935, 48.353419], [-89.228976, 48.353419], [-89.228996, 48.353426], [-89.228996, 48.35344], [-89.228976, 48.35346], [-89.228935, 48.353487], [-89.228905, 48.3535], [-89.228885, 48.3535], [-89.228875, 48.353487], [-89.228875, 48.35346], [-89.228885, 48.35344]]]}}, {"type": "Feature", "properties": {"lead": 120, "temp": "sp:salmon:s2"}, "geometry": {"type": "Polygon", "coordinates": [[[-89.229232, 48.353775], [-89.229299, 48.353735], [-89.2294, 48.353701], [-89.229535, 48.353674], [-89.229636, 48.353668], [-89.229704, 48.353681], [-89.229737, 48.353715], [-89.229737, 48.353768], [-89.229704, 48.353815], [-89.229636, 48.353856], [-89.229535, 48.353889], [-89.2294, 48.353916], [-89.229299, 48.353923], [-89.229232, 48.353909], [-89.229198, 48.353876], [-89.229198, 48.353822], [-89.229232, 48.353775]]]}}, {"type": "Feature", "properties": {"lead": 120, "temp": "sp:salmon:s2"}, "geometry": {"type": "Polygon", "coordinates": [[[-89.229596, 48.353983], [-89.229636, 48.353965], [-89.229697, 48.353956], [-89.229778, 48.353956], [-89.229818, 48.353965], [-89.229818, 48.353983], [-89.229778, 48.35401], [-89.229697, 48.354046], [-89.229636, 48.354064], [-89.229596, 48.354064], [-89.229576, 48.354046], [-89.229576, 48.35401], [-89.229596, 48.353983]]]}}, {"type": "Feature", "properties": {"lead": 120, "temp": "sp:salmon:s2"}, "geometry": {"type": "Polygon", "coordinates": [[[-89.228511, 48.35412], [-89.228538, 48.354106], [-89.228578, 48.354099], [-89.228632, 48.354099], [-89.228659, 48.354106], [-89.228659, 48.35412], [-89.228632, 48.35414], [-89.228578, 48.354167], [-89.228538, 48.35418], [-89.228511, 48.35418], [-89.228497, 48.354167], [-89.228497, 48.35414], [-89.228511, 48.35412]]]}}, {"type": "Feature", "properties": {"lead": 120, "temp": "sp:salmon:s2"}, "geometry": {"type": "Polygon", "coordinates": [[[-89.230789, 48.354354], [-89.230556, 48.354321], [-89.230361, 48.354281], [-89.230202, 48.354234], [-89.230081, 48.35418], [-89.230064, 48.35414], [-89.230152, 48.354113], [-89.230344, 48.354099], [-89.230641, 48.354099], [-89.230887, 48.35412], [-89.231082, 48.35416], [-89.231227, 48.35422], [-89.231321, 48.354301], [-89.231325, 48.354354], [-89.231237, 48.354381], [-89.231058, 48.354381], [-89.230789, 48.354354]]]}}, {"type": "Feature", "properties": {"lead": 120, "temp": "sp:salmon:s2"}, "geometry": {"type": "Polygon", "coordinates": [[[-89.231473, 48.354442], [-89.231493, 48.354428], [-89.231523, 48.354422], [-89.231564, 48.354422], [-89.231584, 48.354428], [-89.231584, 48.354442], [-89.231564, 48.354462], [-89.231523, 48.354489], [-89.231493, 48.354502], [-89.231473, 48.354502], [-89.231463, 48.354489], [-89.231463, 48.354462], [-89.231473, 48.354442]]]}}, {"type": "Feature", "properties": {"lead": 120, "temp": "sp:salmon:s2"}, "geometry": {"type": "Polygon", "coordinates": [[[-89.231635, 48.354556], [-89.231655, 48.354538], [-89.231685, 48.354529], [-89.231726, 48.354529], [-89.231746, 48.354538], [-89.231746, 48.354556], [-89.231726, 48.354583], [-89.231685, 48.354618], [-89.231655, 48.354636], [-89.231635, 48.354636], [-89.231625, 48.354618], [-89.231625, 48.354583], [-89.231635, 48.354556]]]}}, {"type": "Feature", "properties": {"lead": 120, "temp": "sp:salmon:s2"}, "geometry": {"type": "Polygon", "coordinates": [[[-89.231796, 48.354712], [-89.231817, 48.354685], [-89.231847, 48.354672], [-89.231887, 48.354672], [-89.231908, 48.354685], [-89.231908, 48.354712], [-89.231887, 48.354753], [-89.231847, 48.354806], [-89.231817, 48.354833], [-89.231796, 48.354833], [-89.231786, 48.354806], [-89.231786, 48.354753], [-89.231796, 48.354712]]]}}, {"type": "Feature", "properties": {"lead": 120, "temp": "sp:salmon:s2"}, "geometry": {"type": "Polygon", "coordinates": [[[-89.228642, 48.355681], [-89.228689, 48.355694], [-89.228713, 48.355714], [-89.228713, 48.355741], [-89.228689, 48.355755], [-89.228642, 48.355755], [-89.228571, 48.355741], [-89.228477, 48.355714], [-89.22843, 48.355694], [-89.22843, 48.355681], [-89.228477, 48.355674], [-89.228571, 48.355674], [-89.228642, 48.355681]]]}}, {"type": "Feature", "properties": {"lead": 120, "temp": "sp:salmon:s2"}, "geometry": {"type": "Polygon", "coordinates": [[[-89.228976, 48.355822], [-89.229016, 48.355831], [-89.229036, 48.355844], [-89.229036, 48.355862], [-89.229016, 48.355871], [-89.228976, 48.355871], [-89.228915, 48.355862], [-89.228834, 48.355844], [-89.228794, 48.355831], [-89.228794, 48.355822], [-89.228834, 48.355817], [-89.228915, 48.355817], [-89.228976, 48.355822]]]}}, {"type": "Feature", "properties": {"lead": 120, "temp": "sp:salmon:s2"}, "geometry": {"type": "Polygon", "coordinates": [[[-89.229505, 48.355936], [-89.229552, 48.35594], [-89.229576, 48.355952], [-89.229576, 48.355969], [-89.229552, 48.355981], [-89.229505, 48.355985], [-89.229434, 48.355983], [-89.22934, 48.355974], [-89.229292, 48.355965], [-89.229292, 48.355956], [-89.22934, 48.355947], [-89.229434, 48.355938], [-89.229505, 48.355936]]]}}, {"type": "Feature", "properties": {"lead": 120, "temp": "sp:salmon:s2"}, "geometry": {"type": "Polygon", "coordinates": [[[-89.230688, 48.356247], [-89.230233, 48.356139], [-89.229956, 48.356068], [-89.229859, 48.356032], [-89.22994, 48.356032], [-89.23, 48.356014], [-89.230041, 48.355978], [-89.230061, 48.355925], [-89.230061, 48.355853], [-89.230084, 48.355804], [-89.230132, 48.355777], [-89.230202, 48.355773], [-89.230297, 48.355791], [-89.230469, 48.355829], [-89.230718, 48.355887], [-89.231045, 48.355965], [-89.231449, 48.356063], [-89.231766, 48.356162], [-89.231995, 48.35626], [-89.232137, 48.356359], [-89.232191, 48.356457], [-89.232073, 48.356495], [-89.231783, 48.356473], [-89.231321, 48.35639], [-89.230688, 48.356247]]]}}, {"type": "Feature", "properties": {"lead": 120, "temp": "sp:salmon:s2"}, "geometry": {"type": "Polygon", "coordinates": [[[-89.224858, 48.352285], [-89.224884, 48.352254], [-89.224905, 48.352238], [-89.224918, 48.352238], [-89.224915, 48.352254], [-89.224895, 48.352285], [-89.224858, 48.352332], [-89.224804, 48.352395], [-89.224773, 48.352426], [-89.224767, 48.352426], [-89.224783, 48.352395], [-89.224824, 48.352332], [-89.224858, 48.352285]]]}}, {"type": "Feature", "properties": {"lead": 120, "temp": "sp:salmon:s2"}, "geometry": {"type": "Polygon", "coordinates": [[[-89.223496, 48.352308], [-89.223604, 48.352321], [-89.223665, 48.352355], [-89.223678, 48.352408], [-89.223634, 48.352442], [-89.223533, 48.352455], [-89.223375, 48.352449], [-89.223159, 48.352422], [-89.223048, 48.352395], [-89.223041, 48.352368], [-89.223139, 48.352341], [-89.223341, 48.352314], [-89.223496, 48.352308]]]}}, {"type": "Feature", "properties": {"lead": 120, "temp": "sp:salmon:s2"}, "geometry": {"type": "Polygon", "coordinates": [[[-89.225599, 48.352759], [-89.225626, 48.352746], [-89.225666, 48.352739], [-89.22572, 48.352739], [-89.225747, 48.352746], [-89.225747, 48.352759], [-89.22572, 48.35278], [-89.225666, 48.352806], [-89.225626, 48.35282], [-89.225599, 48.35282], [-89.225585, 48.352806], [-89.225585, 48.35278], [-89.225599, 48.352759]]]}}, {"type": "Feature", "properties": {"lead": 120, "temp": "sp:salmon:s2"}, "geometry": {"type": "Polygon", "coordinates": [[[-89.226623, 48.352968], [-89.22665, 48.352959], [-89.226691, 48.352954], [-89.226745, 48.352954], [-89.226772, 48.352959], [-89.226772, 48.352968], [-89.226745, 48.352981], [-89.226691, 48.352999], [-89.22665, 48.353008], [-89.226623, 48.353008], [-89.22661, 48.352999], [-89.22661, 48.352981], [-89.226623, 48.352968]]]}}, {"type": "Feature", "properties": {"lead": 120, "temp": "sp:salmon:s2"}, "geometry": {"type": "Polygon", "coordinates": [[[-89.227169, 48.353983], [-89.22721, 48.353965], [-89.22727, 48.353956], [-89.227351, 48.353956], [-89.227392, 48.353965], [-89.227392, 48.353983], [-89.227351, 48.35401], [-89.22727, 48.354046], [-89.22721, 48.354064], [-89.227169, 48.354064], [-89.227149, 48.354046], [-89.227149, 48.35401], [-89.227169, 48.353983]]]}}, {"type": "Feature", "properties": {"lead": 120, "temp": "sp:salmon:s2"}, "geometry": {"type": "Polygon", "coordinates": [[[-89.228062, 48.353985], [-89.228083, 48.353972], [-89.228106, 48.35397], [-89.228133, 48.353979], [-89.228143, 48.353992], [-89.228137, 48.35401], [-89.228113, 48.354032], [-89.228073, 48.354059], [-89.228046, 48.35407], [-89.228032, 48.354066], [-89.228032, 48.354046], [-89.228046, 48.35401], [-89.228062, 48.353985]]]}}, {"type": "Feature", "properties": {"lead": 120, "temp": "sp:salmon:s2"}, "geometry": {"type": "Polygon", "coordinates": [[[-89.226997, 48.35422], [-89.227018, 48.354211], [-89.227048, 48.354207], [-89.227088, 48.354207], [-89.227109, 48.354211], [-89.227109, 48.35422], [-89.227088, 48.354234], [-89.227048, 48.354252], [-89.227018, 48.35426], [-89.226997, 48.35426], [-89.226987, 48.354252], [-89.226987, 48.354234], [-89.226997, 48.35422]]]}}, {"type": "Feature", "properties": {"lead": 120, "temp": "sp:salmon:s2"}, "geometry": {"type": "Polygon", "coordinates": [[[-89.226623, 48.354442], [-89.22665, 48.354428], [-89.226691, 48.354422], [-89.226745, 48.354422], [-89.226772, 48.354428], [-89.226772, 48.354442], [-89.226745, 48.354462], [-89.226691, 48.354489], [-89.22665, 48.354502], [-89.226623, 48.354502], [-89.22661, 48.354489], [-89.22661, 48.354462], [-89.226623, 48.354442]]]}}, {"type": "Feature", "properties": {"lead": 120, "temp": "sp:salmon:s2"}, "geometry": {"type": "Polygon", "coordinates": [[[-89.226458, 48.354616], [-89.226479, 48.354558], [-89.226509, 48.354529], [-89.226549, 48.354529], [-89.22657, 48.354558], [-89.22657, 48.354616], [-89.226549, 48.354703], [-89.226509, 48.35482], [-89.226479, 48.354878], [-89.226458, 48.354878], [-89.226448, 48.35482], [-89.226448, 48.354703], [-89.226458, 48.354616]]]}}, {"type": "Feature", "properties": {"lead": 120, "temp": "sp:salmon:s2"}, "geometry": {"type": "Polygon", "coordinates": [[[-89.22819, 48.355345], [-89.228224, 48.355332], [-89.228275, 48.35533], [-89.228342, 48.355339], [-89.228376, 48.355352], [-89.228376, 48.35537], [-89.228342, 48.355392], [-89.228275, 48.355419], [-89.228224, 48.35543], [-89.22819, 48.355426], [-89.228174, 48.355406], [-89.228174, 48.35537], [-89.22819, 48.355345]]]}}, {"type": "Feature", "properties": {"lead": 120, "temp": "sp:salmon:s2"}, "geometry": {"type": "Polygon", "coordinates": [[[-89.226778, 48.355562], [-89.226495, 48.3555], [-89.226307, 48.355419], [-89.226212, 48.355321], [-89.226263, 48.355251], [-89.226458, 48.355211], [-89.226799, 48.3552], [-89.227284, 48.355218], [-89.227638, 48.355251], [-89.22786, 48.355301], [-89.227951, 48.355366], [-89.227911, 48.355446], [-89.227911, 48.355506], [-89.227951, 48.355547], [-89.228032, 48.355567], [-89.228153, 48.355567], [-89.228244, 48.355574], [-89.228305, 48.355587], [-89.228335, 48.355607], [-89.228335, 48.355634], [-89.228217, 48.355647], [-89.227982, 48.355647], [-89.227628, 48.355634], [-89.227156, 48.355607], [-89.226778, 48.355562]], [[-89.227719, 48.355359], [-89.227698, 48.355372], [-89.227688, 48.355392], [-89.227688, 48.355419], [-89.227698, 48.355433], [-89.227719, 48.355433], [-89.227749, 48.355419], [-89.227789, 48.355392], [-89.22781, 48.355372], [-89.22781, 48.355359], [-89.227789, 48.355352], [-89.227749, 48.355352], [-89.227719, 48.355359]], [[-89.227341, 48.355359], [-89.227321, 48.355372], [-89.227311, 48.355392], [-89.227311, 48.355419], [-89.227321, 48.355433], [-89.227341, 48.355433], [-89.227372, 48.355419], [-89.227412, 48.355392], [-89.227432, 48.355372], [-89.227432, 48.355359], [-89.227412, 48.355352], [-89.227372, 48.355352], [-89.227341, 48.355359]]]}}, {"type": "Feature", "properties": {"lead": 120, "temp": "sp:salmon:s2"}, "geometry": {"type": "Polygon", "coordinates": [[[-89.219118, 48.356392], [-89.21926, 48.356361], [-89.219465, 48.356377], [-89.219735, 48.356439], [-89.219904, 48.356491], [-89.219971, 48.356531], [-89.219937, 48.35656], [-89.219802, 48.356578], [-89.219688, 48.356585], [-89.219594, 48.35658], [-89.219519, 48.356564], [-89.219465, 48.356538], [-89.219401, 48.356535], [-89.219327, 48.356558], [-89.219243, 48.356605], [-89.219149, 48.356676], [-89.219081, 48.356699], [-89.219041, 48.356672], [-89.219027, 48.356596], [-89.219041, 48.35647], [-89.219118, 48.356392]]]}}, {"type": "Feature", "properties": {"lead": 120, "temp": "sp:salmon:s2"}, "geometry": {"type": "Polygon", "coordinates": [[[-89.22015, 48.356625], [-89.22017, 48.356611], [-89.2202, 48.356605], [-89.220241, 48.356605], [-89.220261, 48.356611], [-89.220261, 48.356625], [-89.220241, 48.356645], [-89.2202, 48.356672], [-89.22017, 48.356685], [-89.22015, 48.356685], [-89.220139, 48.356672], [-89.220139, 48.356645], [-89.22015, 48.356625]]]}}, {"type": "Feature", "properties": {"lead": 120, "temp": "sp:salmon:s2"}, "geometry": {"type": "Polygon", "coordinates": [[[-89.224504, 48.357945], [-89.223958, 48.357654], [-89.223408, 48.357388], [-89.222856, 48.357146], [-89.222482, 48.356972], [-89.222286, 48.356864], [-89.222269, 48.356824], [-89.222431, 48.356851], [-89.222674, 48.356918], [-89.222997, 48.357025], [-89.223402, 48.357173], [-89.223887, 48.357361], [-89.224352, 48.357567], [-89.224797, 48.35779], [-89.225221, 48.358032], [-89.225626, 48.358291], [-89.225939, 48.358513], [-89.226162, 48.358696], [-89.226293, 48.358841], [-89.226334, 48.358949], [-89.226229, 48.358944], [-89.22598, 48.358828], [-89.225585, 48.3586], [-89.225046, 48.35826], [-89.224504, 48.357945]]]}}, {"type": "Feature", "properties": {"lead": 120, "temp": "sp:steelhead:s1"}, "geometry": {"type": "Polygon", "coordinates": [[[-89.227159, 48.353082], [-89.227179, 48.353068], [-89.22721, 48.353061], [-89.22725, 48.353061], [-89.22727, 48.353068], [-89.22727, 48.353082], [-89.22725, 48.353102], [-89.22721, 48.353129], [-89.227179, 48.353142], [-89.227159, 48.353142], [-89.227149, 48.353129], [-89.227149, 48.353102], [-89.227159, 48.353082]]]}}, {"type": "Feature", "properties": {"lead": 120, "temp": "sp:steelhead:s1"}, "geometry": {"type": "Polygon", "coordinates": [[[-89.228885, 48.353189], [-89.228905, 48.353176], [-89.228935, 48.353169], [-89.228976, 48.353169], [-89.228996, 48.353176], [-89.228996, 48.353189], [-89.228976, 48.353209], [-89.228935, 48.353236], [-89.228905, 48.353249], [-89.228885, 48.353249], [-89.228875, 48.353236], [-89.228875, 48.353209], [-89.228885, 48.353189]]]}}, {"type": "Feature", "properties": {"lead": 120, "temp": "sp:steelhead:s1"}, "geometry": {"type": "Polygon", "coordinates": [[[-89.227698, 48.353189], [-89.227719, 48.353176], [-89.227749, 48.353169], [-89.227789, 48.353169], [-89.22781, 48.353176], [-89.22781, 48.353189], [-89.227789, 48.353209], [-89.227749, 48.353236], [-89.227719, 48.353249], [-89.227698, 48.353249], [-89.227688, 48.353236], [-89.227688, 48.353209], [-89.227698, 48.353189]]]}}, {"type": "Feature", "properties": {"lead": 120, "temp": "sp:steelhead:s1"}, "geometry": {"type": "Polygon", "coordinates": [[[-89.228194, 48.353303], [-89.228234, 48.353285], [-89.228295, 48.353276], [-89.228376, 48.353276], [-89.228416, 48.353285], [-89.228416, 48.353303], [-89.228376, 48.35333], [-89.228295, 48.353366], [-89.228234, 48.353384], [-89.228194, 48.353384], [-89.228174, 48.353366], [-89.228174, 48.35333], [-89.228194, 48.353303]]]}}, {"type": "Feature", "properties": {"lead": 120, "temp": "sp:steelhead:s1"}, "geometry": {"type": "Polygon", "coordinates": [[[-89.229262, 48.35335], [-89.229309, 48.353319], [-89.2294, 48.353317], [-89.229535, 48.353343], [-89.229613, 48.353379], [-89.229633, 48.353424], [-89.229596, 48.353478], [-89.229501, 48.35354], [-89.229421, 48.353565], [-89.229353, 48.353551], [-89.229299, 48.3535], [-89.229259, 48.35341], [-89.229262, 48.35335]]]}}, {"type": "Feature", "properties": {"lead": 120, "temp": "sp:steelhead:s1"}, "geometry": {"type": "Polygon", "coordinates": [[[-89.228885, 48.35344], [-89.228905, 48.353426], [-89.228935, 48.353419], [-89.228976, 48.353419], [-89.228996, 48.353426], [-89.228996, 48.35344], [-89.228976, 48.35346], [-89.228935, 48.353487], [-89.228905, 48.3535], [-89.228885, 48.3535], [-89.228875, 48.353487], [-89.228875, 48.35346], [-89.228885, 48.35344]]]}}, {"type": "Feature", "properties": {"lead": 120, "temp": "sp:steelhead:s1"}, "geometry": {"type": "Polygon", "coordinates": [[[-89.229232, 48.353775], [-89.229299, 48.353735], [-89.2294, 48.353701], [-89.229535, 48.353674], [-89.229636, 48.353668], [-89.229704, 48.353681], [-89.229737, 48.353715], [-89.229737, 48.353768], [-89.229704, 48.353815], [-89.229636, 48.353856], [-89.229535, 48.353889], [-89.2294, 48.353916], [-89.229299, 48.353923], [-89.229232, 48.353909], [-89.229198, 48.353876], [-89.229198, 48.353822], [-89.229232, 48.353775]]]}}, {"type": "Feature", "properties": {"lead": 120, "temp": "sp:steelhead:s1"}, "geometry": {"type": "Polygon", "coordinates": [[[-89.229636, 48.353965], [-89.229697, 48.353956], [-89.229778, 48.353956], [-89.229818, 48.353965], [-89.229818, 48.353983], [-89.229778, 48.35401], [-89.229697, 48.354046], [-89.229636, 48.354064], [-89.229596, 48.354064], [-89.229576, 48.354046], [-89.229576, 48.35401], [-89.229596, 48.353983], [-89.229636, 48.353965]]]}}, {"type": "Feature", "properties": {"lead": 120, "temp": "sp:steelhead:s1"}, "geometry": {"type": "Polygon", "coordinates": [[[-89.22721, 48.353965], [-89.22727, 48.353956], [-89.227351, 48.353956], [-89.227392, 48.353965], [-89.227392, 48.353983], [-89.227351, 48.35401], [-89.22727, 48.354046], [-89.22721, 48.354064], [-89.227169, 48.354064], [-89.227149, 48.354046], [-89.227149, 48.35401], [-89.227169, 48.353983], [-89.22721, 48.353965]]]}}, {"type": "Feature", "properties": {"lead": 120, "temp": "sp:steelhead:s1"}, "geometry": {"type": "Polygon", "coordinates": [[[-89.228022, 48.353983], [-89.228042, 48.353965], [-89.228073, 48.353956], [-89.228113, 48.353956], [-89.228133, 48.353965], [-89.228133, 48.353983], [-89.228113, 48.35401], [-89.228073, 48.354046], [-89.228042, 48.354064], [-89.228022, 48.354064], [-89.228012, 48.354046], [-89.228012, 48.35401], [-89.228022, 48.353983]]]}}, {"type": "Feature", "properties": {"lead": 120, "temp": "sp:steelhead:s1"}, "geometry": {"type": "Polygon", "coordinates": [[[-89.228511, 48.35412], [-89.228538, 48.354106], [-89.228578, 48.354099], [-89.228632, 48.354099], [-89.228659, 48.354106], [-89.228659, 48.35412], [-89.228632, 48.35414], [-89.228578, 48.354167], [-89.228538, 48.35418], [-89.228511, 48.35418], [-89.228497, 48.354167], [-89.228497, 48.35414], [-89.228511, 48.35412]]]}}, {"type": "Feature", "properties": {"lead": 120, "temp": "sp:steelhead:s1"}, "geometry": {"type": "Polygon", "coordinates": [[[-89.230556, 48.354321], [-89.230361, 48.354281], [-89.230202, 48.354234], [-89.230081, 48.35418], [-89.230064, 48.35414], [-89.230152, 48.354113], [-89.230344, 48.354099], [-89.230641, 48.354099], [-89.230887, 48.35412], [-89.231082, 48.35416], [-89.231227, 48.35422], [-89.231321, 48.354301], [-89.231325, 48.354354], [-89.231237, 48.354381], [-89.231058, 48.354381], [-89.230789, 48.354354], [-89.230556, 48.354321]]]}}, {"type": "Feature", "properties": {"lead": 120, "temp": "sp:steelhead:s1"}, "geometry": {"type": "Polygon", "coordinates": [[[-89.231493, 48.354428], [-89.231523, 48.354422], [-89.231564, 48.354422], [-89.231584, 48.354428], [-89.231584, 48.354442], [-89.231564, 48.354462], [-89.231523, 48.354489], [-89.231493, 48.354502], [-89.231473, 48.354502], [-89.231463, 48.354489], [-89.231463, 48.354462], [-89.231473, 48.354442], [-89.231493, 48.354428]]]}}, {"type": "Feature", "properties": {"lead": 120, "temp": "sp:steelhead:s1"}, "geometry": {"type": "Polygon", "coordinates": [[[-89.231655, 48.354538], [-89.231685, 48.354529], [-89.231726, 48.354529], [-89.231746, 48.354538], [-89.231746, 48.354556], [-89.231726, 48.354583], [-89.231685, 48.354618], [-89.231655, 48.354636], [-89.231635, 48.354636], [-89.231625, 48.354618], [-89.231625, 48.354583], [-89.231635, 48.354556], [-89.231655, 48.354538]]]}}, {"type": "Feature", "properties": {"lead": 120, "temp": "sp:steelhead:s1"}, "geometry": {"type": "Polygon", "coordinates": [[[-89.231796, 48.354712], [-89.231817, 48.354685], [-89.231847, 48.354672], [-89.231887, 48.354672], [-89.231908, 48.354685], [-89.231908, 48.354712], [-89.231887, 48.354753], [-89.231847, 48.354806], [-89.231817, 48.354833], [-89.231796, 48.354833], [-89.231786, 48.354806], [-89.231786, 48.354753], [-89.231796, 48.354712]]]}}, {"type": "Feature", "properties": {"lead": 120, "temp": "sp:steelhead:s1"}, "geometry": {"type": "Polygon", "coordinates": [[[-89.22819, 48.355345], [-89.228224, 48.355332], [-89.228275, 48.35533], [-89.228342, 48.355339], [-89.228376, 48.355352], [-89.228376, 48.35537], [-89.228342, 48.355392], [-89.228275, 48.355419], [-89.228224, 48.35543], [-89.22819, 48.355426], [-89.228174, 48.355406], [-89.228174, 48.35537], [-89.22819, 48.355345]]]}}, {"type": "Feature", "properties": {"lead": 120, "temp": "sp:steelhead:s1"}, "geometry": {"type": "Polygon", "coordinates": [[[-89.228359, 48.355701], [-89.228406, 48.355683], [-89.228477, 48.355674], [-89.228571, 48.355674], [-89.228618, 48.355683], [-89.228618, 48.355701], [-89.228571, 48.355728], [-89.228477, 48.355764], [-89.228406, 48.355782], [-89.228359, 48.355782], [-89.228335, 48.355764], [-89.228335, 48.355728], [-89.228359, 48.355701]]]}}, {"type": "Feature", "properties": {"lead": 120, "temp": "sp:steelhead:s1"}, "geometry": {"type": "Polygon", "coordinates": [[[-89.228774, 48.355824], [-89.228834, 48.355817], [-89.228915, 48.355817], [-89.228955, 48.355824], [-89.228955, 48.355837], [-89.228915, 48.355858], [-89.228834, 48.355884], [-89.228774, 48.355898], [-89.228733, 48.355898], [-89.228713, 48.355884], [-89.228713, 48.355858], [-89.228733, 48.355837], [-89.228774, 48.355824]]]}}, {"type": "Feature", "properties": {"lead": 120, "temp": "sp:steelhead:s1"}, "geometry": {"type": "Polygon", "coordinates": [[[-89.229269, 48.355931], [-89.22934, 48.355925], [-89.229434, 48.355925], [-89.229481, 48.355931], [-89.229481, 48.355945], [-89.229434, 48.355965], [-89.22934, 48.355992], [-89.229269, 48.356005], [-89.229222, 48.356005], [-89.229198, 48.355992], [-89.229198, 48.355965], [-89.229222, 48.355945], [-89.229269, 48.355931]]]}}, {"type": "Feature", "properties": {"lead": 120, "temp": "sp:steelhead:s1"}, "geometry": {"type": "Polygon", "coordinates": [[[-89.230233, 48.356139], [-89.229956, 48.356068], [-89.229859, 48.356032], [-89.22994, 48.356032], [-89.23, 48.356014], [-89.230041, 48.355978], [-89.230061, 48.355925], [-89.230061, 48.355853], [-89.230084, 48.355804], [-89.230132, 48.355777], [-89.230202, 48.355773], [-89.230297, 48.355791], [-89.230469, 48.355829], [-89.230718, 48.355887], [-89.231045, 48.355965], [-89.231449, 48.356063], [-89.231766, 48.356162], [-89.231995, 48.35626], [-89.232137, 48.356359], [-89.232191, 48.356457], [-89.232073, 48.356495], [-89.231783, 48.356473], [-89.231321, 48.35639], [-89.230688, 48.356247], [-89.230233, 48.356139]]]}}, {"type": "Feature", "properties": {"lead": 120, "temp": "sp:steelhead:s1"}, "geometry": {"type": "Polygon", "coordinates": [[[-89.222364, 48.351999], [-89.222391, 48.351985], [-89.222431, 48.351992], [-89.222485, 48.352019], [-89.222512, 48.352046], [-89.222512, 48.352073], [-89.222485, 48.3521], [-89.222431, 48.352126], [-89.222391, 48.352133], [-89.222364, 48.35212], [-89.22235, 48.352086], [-89.22235, 48.352032], [-89.222364, 48.351999]]]}}, {"type": "Feature", "properties": {"lead": 120, "temp": "sp:steelhead:s1"}, "geometry": {"type": "Polygon", "coordinates": [[[-89.224858, 48.352285], [-89.224884, 48.352254], [-89.224905, 48.352238], [-89.224918, 48.352238], [-89.224915, 48.352254], [-89.224895, 48.352285], [-89.224858, 48.352332], [-89.224804, 48.352395], [-89.224773, 48.352426], [-89.224767, 48.352426], [-89.224783, 48.352395], [-89.224824, 48.352332], [-89.224858, 48.352285]]]}}, {"type": "Feature", "properties": {"lead": 120, "temp": "sp:steelhead:s1"}, "geometry": {"type": "Polygon", "coordinates": [[[-89.223644, 48.352321], [-89.223698, 48.352355], [-89.223698, 48.352408], [-89.223644, 48.352442], [-89.223536, 48.352455], [-89.223375, 48.352449], [-89.223159, 48.352422], [-89.223051, 48.352395], [-89.223051, 48.352368], [-89.223159, 48.352341], [-89.223375, 48.352314], [-89.223536, 48.352308], [-89.223644, 48.352321]]]}}, {"type": "Feature", "properties": {"lead": 120, "temp": "sp:steelhead:s1"}, "geometry": {"type": "Polygon", "coordinates": [[[-89.224268, 48.352388], [-89.224298, 48.352381], [-89.224339, 48.352381], [-89.224359, 48.352388], [-89.224359, 48.352402], [-89.224339, 48.352422], [-89.224298, 48.352449], [-89.224268, 48.352462], [-89.224248, 48.352462], [-89.224237, 48.352449], [-89.224237, 48.352422], [-89.224248, 48.352402], [-89.224268, 48.352388]]]}}, {"type": "Feature", "properties": {"lead": 120, "temp": "sp:steelhead:s1"}, "geometry": {"type": "Polygon", "coordinates": [[[-89.224949, 48.352509], [-89.224969, 48.352496], [-89.224999, 48.352489], [-89.225039, 48.352489], [-89.22506, 48.352496], [-89.22506, 48.352509], [-89.225039, 48.352529], [-89.224999, 48.352556], [-89.224969, 48.352569], [-89.224949, 48.352569], [-89.224938, 48.352556], [-89.224938, 48.352529], [-89.224949, 48.352509]]]}}, {"type": "Feature", "properties": {"lead": 120, "temp": "sp:steelhead:s1"}, "geometry": {"type": "Polygon", "coordinates": [[[-89.225434, 48.352616], [-89.225454, 48.352603], [-89.225484, 48.352596], [-89.225525, 48.352596], [-89.225545, 48.352603], [-89.225545, 48.352616], [-89.225525, 48.352636], [-89.225484, 48.352663], [-89.225454, 48.352677], [-89.225434, 48.352677], [-89.225424, 48.352663], [-89.225424, 48.352636], [-89.225434, 48.352616]]]}}, {"type": "Feature", "properties": {"lead": 120, "temp": "sp:steelhead:s1"}, "geometry": {"type": "Polygon", "coordinates": [[[-89.225599, 48.35273], [-89.225626, 48.352713], [-89.225666, 48.352704], [-89.22572, 48.352704], [-89.225747, 48.352713], [-89.225747, 48.35273], [-89.22572, 48.352757], [-89.225666, 48.352793], [-89.225626, 48.352811], [-89.225599, 48.352811], [-89.225585, 48.352793], [-89.225585, 48.352757], [-89.225599, 48.35273]]]}}, {"type": "Feature", "properties": {"lead": 120, "temp": "sp:steelhead:s1"}, "geometry": {"type": "Polygon", "coordinates": [[[-89.226155, 48.352853], [-89.226185, 48.352847], [-89.226226, 48.352847], [-89.226246, 48.352853], [-89.226246, 48.352867], [-89.226226, 48.352887], [-89.226185, 48.352914], [-89.226155, 48.352927], [-89.226135, 48.352927], [-89.226125, 48.352914], [-89.226125, 48.352887], [-89.226135, 48.352867], [-89.226155, 48.352853]]]}}, {"type": "Feature", "properties": {"lead": 120, "temp": "sp:steelhead:s1"}, "geometry": {"type": "Polygon", "coordinates": [[[-89.22665, 48.352961], [-89.226691, 48.352954], [-89.226745, 48.352954], [-89.226772, 48.352961], [-89.226772, 48.352974], [-89.226745, 48.352994], [-89.226691, 48.353021], [-89.22665, 48.353035], [-89.226623, 48.353035], [-89.22661, 48.353021], [-89.22661, 48.352994], [-89.226623, 48.352974], [-89.22665, 48.352961]]]}}, {"type": "Feature", "properties": {"lead": 120, "temp": "sp:steelhead:s1"}, "geometry": {"type": "Polygon", "coordinates": [[[-89.216871, 48.354151], [-89.216911, 48.354146], [-89.216972, 48.354149], [-89.217052, 48.354158], [-89.217093, 48.354167], [-89.217093, 48.354175], [-89.217052, 48.354184], [-89.216972, 48.354193], [-89.216911, 48.354196], [-89.216871, 48.354191], [-89.21685, 48.35418], [-89.21685, 48.354162], [-89.216871, 48.354151]]]}}, {"type": "Feature", "properties": {"lead": 120, "temp": "sp:steelhead:s1"}, "geometry": {"type": "Polygon", "coordinates": [[[-89.226997, 48.354227], [-89.227018, 48.354214], [-89.227048, 48.354207], [-89.227088, 48.354207], [-89.227109, 48.354214], [-89.227109, 48.354227], [-89.227088, 48.354247], [-89.227048, 48.354274], [-89.227018, 48.354287], [-89.226997, 48.354287], [-89.226987, 48.354274], [-89.226987, 48.354247], [-89.226997, 48.354227]]]}}, {"type": "Feature", "properties": {"lead": 120, "temp": "sp:steelhead:s1"}, "geometry": {"type": "Polygon", "coordinates": [[[-89.226836, 48.354334], [-89.226856, 48.354321], [-89.226886, 48.354314], [-89.226927, 48.354314], [-89.226947, 48.354321], [-89.226947, 48.354334], [-89.226927, 48.354354], [-89.226886, 48.354381], [-89.226856, 48.354395], [-89.226836, 48.354395], [-89.226826, 48.354381], [-89.226826, 48.354354], [-89.226836, 48.354334]]]}}, {"type": "Feature", "properties": {"lead": 120, "temp": "sp:steelhead:s1"}, "geometry": {"type": "Polygon", "coordinates": [[[-89.22665, 48.354428], [-89.226691, 48.354422], [-89.226745, 48.354422], [-89.226772, 48.354428], [-89.226772, 48.354442], [-89.226745, 48.354462], [-89.226691, 48.354489], [-89.22665, 48.354502], [-89.226623, 48.354502], [-89.22661, 48.354489], [-89.22661, 48.354462], [-89.226623, 48.354442], [-89.22665, 48.354428]]]}}, {"type": "Feature", "properties": {"lead": 120, "temp": "sp:steelhead:s1"}, "geometry": {"type": "Polygon", "coordinates": [[[-89.226479, 48.354558], [-89.226509, 48.354529], [-89.226549, 48.354529], [-89.22657, 48.354558], [-89.22657, 48.354616], [-89.226549, 48.354703], [-89.226509, 48.35482], [-89.226479, 48.354878], [-89.226458, 48.354878], [-89.226448, 48.35482], [-89.226448, 48.354703], [-89.226458, 48.354616], [-89.226479, 48.354558]]]}}, {"type": "Feature", "properties": {"lead": 120, "temp": "sp:steelhead:s1"}, "geometry": {"type": "Polygon", "coordinates": [[[-89.227001, 48.355014], [-89.227028, 48.355001], [-89.227068, 48.354994], [-89.227122, 48.354994], [-89.227149, 48.355001], [-89.227149, 48.355014], [-89.227122, 48.355034], [-89.227068, 48.355061], [-89.227028, 48.355075], [-89.227001, 48.355075], [-89.226987, 48.355061], [-89.226987, 48.355034], [-89.227001, 48.355014]]]}}, {"type": "Feature", "properties": {"lead": 120, "temp": "sp:steelhead:s1"}, "geometry": {"type": "Polygon", "coordinates": [[[-89.226778, 48.355562], [-89.226495, 48.3555], [-89.226307, 48.355419], [-89.226212, 48.355321], [-89.226263, 48.355251], [-89.226458, 48.355211], [-89.226799, 48.3552], [-89.227284, 48.355218], [-89.227638, 48.355251], [-89.22786, 48.355301], [-89.227951, 48.355366], [-89.227911, 48.355446], [-89.227911, 48.355513], [-89.227951, 48.355567], [-89.228032, 48.355607], [-89.228153, 48.355634], [-89.228126, 48.355647], [-89.227951, 48.355647], [-89.227628, 48.355634], [-89.227156, 48.355607], [-89.226778, 48.355562]], [[-89.227719, 48.355359], [-89.227698, 48.355372], [-89.227688, 48.355392], [-89.227688, 48.355419], [-89.227698, 48.355433], [-89.227719, 48.355433], [-89.227749, 48.355419], [-89.227789, 48.355392], [-89.22781, 48.355372], [-89.22781, 48.355359], [-89.227789, 48.355352], [-89.227749, 48.355352], [-89.227719, 48.355359]], [[-89.227341, 48.355359], [-89.227321, 48.355372], [-89.227311, 48.355392], [-89.227311, 48.355419], [-89.227321, 48.355433], [-89.227341, 48.355433], [-89.227372, 48.355419], [-89.227412, 48.355392], [-89.227432, 48.355372], [-89.227432, 48.355359], [-89.227412, 48.355352], [-89.227372, 48.355352], [-89.227341, 48.355359]]]}}, {"type": "Feature", "properties": {"lead": 120, "temp": "sp:steelhead:s1"}, "geometry": {"type": "Polygon", "coordinates": [[[-89.219118, 48.356363], [-89.21926, 48.356327], [-89.219465, 48.356341], [-89.219735, 48.356403], [-89.219904, 48.356457], [-89.219971, 48.356502], [-89.219937, 48.356538], [-89.219802, 48.356564], [-89.219688, 48.356578], [-89.219594, 48.356578], [-89.219519, 48.356564], [-89.219465, 48.356538], [-89.219401, 48.356535], [-89.219327, 48.356558], [-89.219243, 48.356605], [-89.219149, 48.356676], [-89.219081, 48.356696], [-89.219041, 48.356665], [-89.219027, 48.356582], [-89.219041, 48.356448], [-89.219118, 48.356363]]]}}, {"type": "Feature", "properties": {"lead": 120, "temp": "sp:steelhead:s1"}, "geometry": {"type": "Polygon", "coordinates": [[[-89.22017, 48.356611], [-89.2202, 48.356605], [-89.220241, 48.356605], [-89.220261, 48.356611], [-89.220261, 48.356625], [-89.220241, 48.356645], [-89.2202, 48.356672], [-89.22017, 48.356685], [-89.22015, 48.356685], [-89.220139, 48.356672], [-89.220139, 48.356645], [-89.22015, 48.356625], [-89.22017, 48.356611]]]}}, {"type": "Feature", "properties": {"lead": 120, "temp": "sp:steelhead:s1"}, "geometry": {"type": "Polygon", "coordinates": [[[-89.223958, 48.357654], [-89.223408, 48.357388], [-89.222856, 48.357146], [-89.222482, 48.356972], [-89.222286, 48.356864], [-89.222269, 48.356824], [-89.222431, 48.356851], [-89.222674, 48.356918], [-89.222997, 48.357025], [-89.223402, 48.357173], [-89.223887, 48.357361], [-89.224352, 48.357567], [-89.224797, 48.35779], [-89.225221, 48.358032], [-89.225626, 48.358291], [-89.225939, 48.358513], [-89.226162, 48.358696], [-89.226293, 48.358841], [-89.226334, 48.358949], [-89.226229, 48.358944], [-89.22598, 48.358828], [-89.225585, 48.3586], [-89.225046, 48.35826], [-89.224504, 48.357945], [-89.223958, 48.357654]]]}}, {"type": "Feature", "properties": {"lead": 120, "temp": "sp:steelhead:s2"}, "geometry": {"type": "Polygon", "coordinates": [[[-89.224949, 48.352281], [-89.224969, 48.352258], [-89.224999, 48.352252], [-89.225039, 48.352261], [-89.22506, 48.352279], [-89.22506, 48.352305], [-89.225039, 48.352341], [-89.224999, 48.352386], [-89.224969, 48.352406], [-89.224949, 48.352402], [-89.224938, 48.352373], [-89.224938, 48.352319], [-89.224949, 48.352281]]]}}, {"type": "Feature", "properties": {"lead": 120, "temp": "sp:steelhead:s2"}, "geometry": {"type": "Polygon", "coordinates": [[[-89.225255, 48.352364], [-89.225323, 48.352346], [-89.225403, 48.35235], [-89.225498, 48.352377], [-89.225535, 48.352406], [-89.225515, 48.352437], [-89.225437, 48.352471], [-89.225302, 48.352507], [-89.225211, 48.352518], [-89.225164, 48.352504], [-89.225161, 48.352466], [-89.225201, 48.352404], [-89.225255, 48.352364]]]}}, {"type": "Feature", "properties": {"lead": 120, "temp": "sp:steelhead:s2"}, "geometry": {"type": "Polygon", "coordinates": [[[-89.225821, 48.352751], [-89.225862, 48.352737], [-89.225922, 48.352726], [-89.226003, 48.352717], [-89.226044, 48.352717], [-89.226044, 48.352726], [-89.226003, 48.352744], [-89.225922, 48.352771], [-89.225862, 48.352786], [-89.225821, 48.352791], [-89.225801, 48.352784], [-89.225801, 48.352766], [-89.225821, 48.352751]]]}}, {"type": "Feature", "properties": {"lead": 120, "temp": "sp:steelhead:s2"}, "geometry": {"type": "Polygon", "coordinates": [[[-89.226468, 48.35288], [-89.226401, 48.352858], [-89.226408, 48.352847], [-89.226489, 48.352847], [-89.226553, 48.352833], [-89.2266, 48.352806], [-89.22663, 48.352766], [-89.226644, 48.352713], [-89.226684, 48.352697], [-89.226751, 48.352719], [-89.226846, 48.35278], [-89.226967, 48.352878], [-89.227004, 48.352941], [-89.226957, 48.352968], [-89.226826, 48.352959], [-89.22661, 48.352914], [-89.226468, 48.35288]], [[-89.226846, 48.352921], [-89.226832, 48.352925], [-89.226826, 48.352932], [-89.226826, 48.352941], [-89.226832, 48.352945], [-89.226846, 48.352945], [-89.226866, 48.352941], [-89.226893, 48.352932], [-89.226907, 48.352925], [-89.226907, 48.352921], [-89.226893, 48.352918], [-89.226866, 48.352918], [-89.226846, 48.352921]]]}}, {"type": "Feature", "properties": {"lead": 120, "temp": "sp:steelhead:s2"}, "geometry": {"type": "Polygon", "coordinates": [[[-89.227166, 48.352813], [-89.2272, 48.3528], [-89.22725, 48.352802], [-89.227318, 48.35282], [-89.227351, 48.35284], [-89.227351, 48.352862], [-89.227318, 48.352887], [-89.22725, 48.352914], [-89.2272, 48.352923], [-89.227166, 48.352914], [-89.227149, 48.352887], [-89.227149, 48.352842], [-89.227166, 48.352813]]]}}, {"type": "Feature", "properties": {"lead": 120, "temp": "sp:steelhead:s2"}, "geometry": {"type": "Polygon", "coordinates": [[[-89.227705, 48.352947], [-89.227739, 48.352934], [-89.227789, 48.352932], [-89.227857, 48.352941], [-89.227891, 48.352954], [-89.227891, 48.352972], [-89.227857, 48.352994], [-89.227789, 48.353021], [-89.227739, 48.353032], [-89.227705, 48.353028], [-89.227688, 48.353008], [-89.227688, 48.352972], [-89.227705, 48.352947]]]}}, {"type": "Feature", "properties": {"lead": 120, "temp": "sp:steelhead:s2"}, "geometry": {"type": "Polygon", "coordinates": [[[-89.227335, 48.353075], [-89.227382, 48.353066], [-89.227452, 48.353061], [-89.227547, 48.353061], [-89.227594, 48.353066], [-89.227594, 48.353075], [-89.227547, 48.353088], [-89.227452, 48.353106], [-89.227382, 48.353115], [-89.227335, 48.353115], [-89.227311, 48.353106], [-89.227311, 48.353088], [-89.227335, 48.353075]]]}}, {"type": "Feature", "properties": {"lead": 120, "temp": "sp:steelhead:s2"}, "geometry": {"type": "Polygon", "coordinates": [[[-89.227975, 48.353158], [-89.227911, 48.353102], [-89.227951, 48.353057], [-89.228019, 48.35303], [-89.228113, 48.353021], [-89.228234, 48.35303], [-89.228383, 48.353057], [-89.228531, 48.353086], [-89.228679, 48.353117], [-89.228827, 48.353151], [-89.228976, 48.353187], [-89.229097, 48.353231], [-89.229191, 48.353285], [-89.229259, 48.353348], [-89.229299, 48.353419], [-89.229235, 48.353451], [-89.229067, 48.353442], [-89.228794, 48.353393], [-89.228416, 48.353303], [-89.228143, 48.353225], [-89.227975, 48.353158]]]}}, {"type": "Feature", "properties": {"lead": 120, "temp": "sp:steelhead:s2"}, "geometry": {"type": "Polygon", "coordinates": [[[-89.227318, 48.354093], [-89.227452, 48.354046], [-89.227655, 48.35401], [-89.22781, 48.353992], [-89.227918, 48.353992], [-89.227978, 48.35401], [-89.227992, 48.354046], [-89.227982, 48.354073], [-89.227948, 48.35409], [-89.227891, 48.354099], [-89.22781, 48.354099], [-89.227732, 48.35412], [-89.227658, 48.35416], [-89.227587, 48.35422], [-89.22752, 48.354301], [-89.227452, 48.354341], [-89.227385, 48.354341], [-89.227318, 48.354301], [-89.22725, 48.35422], [-89.22725, 48.354151], [-89.227318, 48.354093]], [[-89.227318, 48.354214], [-89.227311, 48.35422], [-89.227311, 48.354229], [-89.227318, 48.354234], [-89.227331, 48.354234], [-89.227351, 48.354229], [-89.227378, 48.35422], [-89.227392, 48.354214], [-89.227392, 48.354209], [-89.227378, 48.354207], [-89.227351, 48.354207], [-89.227331, 48.354209], [-89.227318, 48.354214]]]}}, {"type": "Feature", "properties": {"lead": 120, "temp": "sp:steelhead:s2"}, "geometry": {"type": "Polygon", "coordinates": [[[-89.233832, 48.355171], [-89.233556, 48.355131], [-89.233289, 48.355133], [-89.233033, 48.355178], [-89.232841, 48.355202], [-89.232713, 48.355207], [-89.232649, 48.355191], [-89.232649, 48.355155], [-89.232605, 48.355122], [-89.232518, 48.35509], [-89.232386, 48.355061], [-89.232211, 48.355034], [-89.23208, 48.354994], [-89.231992, 48.35494], [-89.231948, 48.354873], [-89.231948, 48.354793], [-89.231894, 48.354697], [-89.231786, 48.354585], [-89.231625, 48.354457], [-89.231409, 48.354314], [-89.231153, 48.354198], [-89.230856, 48.354108], [-89.230519, 48.354046], [-89.230142, 48.35401], [-89.229859, 48.353956], [-89.22967, 48.353885], [-89.229576, 48.353795], [-89.229576, 48.353688], [-89.229589, 48.353598], [-89.229616, 48.353527], [-89.229656, 48.353473], [-89.22971, 48.353437], [-89.229785, 48.353419], [-89.229879, 48.353419], [-89.229993, 48.353437], [-89.230128, 48.353473], [-89.230213, 48.353513], [-89.230246, 48.353558], [-89.230229, 48.353607], [-89.230162, 48.353661], [-89.230142, 48.35369], [-89.230169, 48.353695], [-89.230243, 48.353674], [-89.230364, 48.35363], [-89.230593, 48.35363], [-89.23093, 48.353674], [-89.231375, 48.353764], [-89.231928, 48.353898], [-89.232326, 48.354005], [-89.232568, 48.354086], [-89.232656, 48.35414], [-89.232588, 48.354167], [-89.232538, 48.354222], [-89.232504, 48.354307], [-89.232487, 48.354422], [-89.232487, 48.354565], [-89.232518, 48.354672], [-89.232578, 48.354744], [-89.232669, 48.354779], [-89.232791, 48.354779], [-89.232882, 48.354741], [-89.232942, 48.354665], [-89.232973, 48.354551], [-89.232973, 48.354399], [-89.233037, 48.354301], [-89.233165, 48.354256], [-89.233357, 48.354265], [-89.233613, 48.354328], [-89.233795, 48.354404], [-89.233903, 48.354493], [-89.233936, 48.354596], [-89.233896, 48.354712], [-89.233899, 48.354797], [-89.233947, 48.354851], [-89.234038, 48.354873], [-89.234172, 48.354864], [-89.23426, 48.354838], [-89.2343, 48.354793], [-89.234294, 48.35473], [-89.23424, 48.35465], [-89.234223, 48.354589], [-89.234243, 48.354549], [-89.2343, 48.354529], [-89.234395, 48.354529], [-89.234466, 48.354549], [-89.234513, 48.354589], [-89.234536, 48.35465], [-89.234536, 48.35473], [-89.234567, 48.354793], [-89.234627, 48.354838], [-89.234718, 48.354864], [-89.23484, 48.354873], [-89.23492, 48.354894], [-89.234961, 48.354925], [-89.234961, 48.354967], [-89.23492, 48.355021], [-89.234907, 48.355066], [-89.23492, 48.355102], [-89.234961, 48.355128], [-89.235028, 48.355146], [-89.235062, 48.355184], [-89.235062, 48.355242], [-89.235028, 48.355321], [-89.234961, 48.355419], [-89.234836, 48.355462], [-89.234654, 48.355448], [-89.234415, 48.355379], [-89.234118, 48.355254], [-89.233832, 48.355171]]]}}, {"type": "Feature", "properties": {"lead": 120, "temp": "sp:steelhead:s2"}, "geometry": {"type": "Polygon", "coordinates": [[[-89.232659, 48.354442], [-89.232679, 48.354428], [-89.23271, 48.354422], [-89.23275, 48.354422], [-89.23277, 48.354428], [-89.23277, 48.354442], [-89.23275, 48.354462], [-89.23271, 48.354489], [-89.232679, 48.354502], [-89.232659, 48.354502], [-89.232649, 48.354489], [-89.232649, 48.354462], [-89.232659, 48.354442]]]}}, {"type": "Feature", "properties": {"lead": 120, "temp": "sp:steelhead:s2"}, "geometry": {"type": "Polygon", "coordinates": [[[-89.226836, 48.354442], [-89.226856, 48.354428], [-89.226886, 48.354422], [-89.226927, 48.354422], [-89.226947, 48.354428], [-89.226947, 48.354442], [-89.226927, 48.354462], [-89.226886, 48.354489], [-89.226856, 48.354502], [-89.226836, 48.354502], [-89.226826, 48.354489], [-89.226826, 48.354462], [-89.226836, 48.354442]]]}}, {"type": "Feature", "properties": {"lead": 120, "temp": "sp:steelhead:s2"}, "geometry": {"type": "Polygon", "coordinates": [[[-89.22665, 48.355032], [-89.226623, 48.354965], [-89.22661, 48.354864], [-89.22661, 48.35473], [-89.226623, 48.35463], [-89.22665, 48.354562], [-89.226691, 48.354529], [-89.226745, 48.354529], [-89.226785, 48.354562], [-89.226812, 48.35463], [-89.226826, 48.35473], [-89.226826, 48.354864], [-89.226812, 48.354965], [-89.226785, 48.355032], [-89.226745, 48.355066], [-89.226691, 48.355066], [-89.22665, 48.355032]]]}}, {"type": "Feature", "properties": {"lead": 120, "temp": "sp:steelhead:s2"}, "geometry": {"type": "Polygon", "coordinates": [[[-89.231257, 48.357068], [-89.231089, 48.356992], [-89.230937, 48.356895], [-89.230802, 48.356779], [-89.230647, 48.356692], [-89.230472, 48.356634], [-89.230277, 48.356605], [-89.230061, 48.356605], [-89.229835, 48.356573], [-89.229599, 48.356511], [-89.229353, 48.356417], [-89.229097, 48.356292], [-89.228767, 48.356164], [-89.228362, 48.356034], [-89.227884, 48.355902], [-89.227331, 48.355768], [-89.227028, 48.355674], [-89.226974, 48.355621], [-89.227169, 48.355607], [-89.227614, 48.355634], [-89.227975, 48.35567], [-89.228251, 48.355714], [-89.228443, 48.355768], [-89.228551, 48.355831], [-89.228726, 48.3559], [-89.228969, 48.355976], [-89.229279, 48.356059], [-89.229656, 48.356148], [-89.229983, 48.356213], [-89.23026, 48.356254], [-89.230485, 48.356269], [-89.230661, 48.35626], [-89.230846, 48.356276], [-89.231042, 48.356316], [-89.231247, 48.356381], [-89.231463, 48.35647], [-89.231655, 48.356538], [-89.231823, 48.356582], [-89.231968, 48.356605], [-89.23209, 48.356605], [-89.232177, 48.356585], [-89.232231, 48.356544], [-89.232251, 48.356484], [-89.232238, 48.356403], [-89.232245, 48.356341], [-89.232272, 48.356296], [-89.232319, 48.356269], [-89.232386, 48.35626], [-89.232433, 48.356269], [-89.23246, 48.356296], [-89.232467, 48.356341], [-89.232454, 48.356403], [-89.232467, 48.356453], [-89.232508, 48.356488], [-89.232575, 48.356511], [-89.232669, 48.35652], [-89.232764, 48.356549], [-89.232858, 48.356598], [-89.232952, 48.356667], [-89.233047, 48.356757], [-89.23304, 48.356835], [-89.232932, 48.356902], [-89.232723, 48.356958], [-89.232413, 48.357003], [-89.232181, 48.357045], [-89.232026, 48.357086], [-89.231948, 48.357124], [-89.231948, 48.357159], [-89.231898, 48.357177], [-89.231796, 48.357177], [-89.231645, 48.357159], [-89.231443, 48.357124], [-89.231257, 48.357068]], [[-89.227806, 48.35582], [-89.2278, 48.355824], [-89.227796, 48.355831], [-89.227796, 48.35584], [-89.2278, 48.355844], [-89.227806, 48.355844], [-89.227816, 48.35584], [-89.22783, 48.355831], [-89.227837, 48.355824], [-89.227837, 48.35582], [-89.22783, 48.355817], [-89.227816, 48.355817], [-89.227806, 48.35582]]]}}, {"type": "Feature", "properties": {"lead": 120, "temp": "sp:steelhead:s2"}, "geometry": {"type": "Polygon", "coordinates": [[[-89.230091, 48.356746], [-89.230125, 48.356723], [-89.230182, 48.356712], [-89.230263, 48.356712], [-89.230324, 48.356719], [-89.230364, 48.356732], [-89.230384, 48.356752], [-89.230384, 48.356779], [-89.230368, 48.356804], [-89.230334, 48.356826], [-89.230283, 48.356846], [-89.230216, 48.356864], [-89.230162, 48.356866], [-89.230122, 48.356853], [-89.230095, 48.356824], [-89.230081, 48.356779], [-89.230091, 48.356746]]]}}, {"type": "Feature", "properties": {"lead": 120, "temp": "sp:steelhead:s2"}, "geometry": {"type": "Polygon", "coordinates": [[[-89.230732, 48.356826], [-89.230752, 48.35684], [-89.230762, 48.35686], [-89.230762, 48.356887], [-89.230752, 48.3569], [-89.230732, 48.3569], [-89.230701, 48.356887], [-89.230661, 48.35686], [-89.230641, 48.35684], [-89.230641, 48.356826], [-89.230661, 48.356819], [-89.230701, 48.356819], [-89.230732, 48.356826]]]}}, {"type": "Feature", "properties": {"lead": 120, "temp": "sp:steelhead:s2"}, "geometry": {"type": "Polygon", "coordinates": [[[-89.227506, 48.357815], [-89.227567, 48.357705], [-89.227702, 48.35758], [-89.227813, 48.35749], [-89.227901, 48.357437], [-89.227965, 48.357419], [-89.228005, 48.357437], [-89.228022, 48.357466], [-89.228015, 48.357506], [-89.227985, 48.357558], [-89.227931, 48.35762], [-89.227901, 48.357694], [-89.227894, 48.357779], [-89.227911, 48.357875], [-89.227951, 48.357983], [-89.227941, 48.358047], [-89.22788, 48.35807], [-89.227769, 48.35805], [-89.227607, 48.357987], [-89.22752, 48.357909], [-89.227506, 48.357815]]]}}, {"type": "Feature", "properties": {"lead": 120, "temp": "sp:steelhead:s2"}, "geometry": {"type": "Polygon", "coordinates": [[[-89.228581, 48.35796], [-89.228605, 48.357893], [-89.228605, 48.357822], [-89.228639, 48.357766], [-89.228706, 48.357725], [-89.228807, 48.357701], [-89.228942, 48.357692], [-89.22907, 48.357698], [-89.229191, 48.357721], [-89.229306, 48.357759], [-89.229414, 48.357813], [-89.229495, 48.357882], [-89.229549, 48.357967], [-89.229576, 48.358068], [-89.229576, 48.358184], [-89.229491, 48.358262], [-89.229323, 48.358302], [-89.22907, 48.358305], [-89.228733, 48.358269], [-89.228504, 48.358229], [-89.228383, 48.358184], [-89.228369, 48.358135], [-89.228463, 48.358081], [-89.228534, 48.358023], [-89.228581, 48.35796]]]}}, {"type": "Feature", "properties": {"lead": 120, "temp": "sp:steelhead:s2"}, "geometry": {"type": "Polygon", "coordinates": [[[-89.197371, 48.309024], [-89.197398, 48.308997], [-89.197425, 48.308983], [-89.197452, 48.308983], [-89.197459, 48.308997], [-89.197446, 48.309024], [-89.197412, 48.309064], [-89.197358, 48.309118], [-89.197324, 48.309145], [-89.197311, 48.309145], [-89.197317, 48.309118], [-89.197344, 48.309064], [-89.197371, 48.309024]]]}}, {"type": "Feature", "properties": {"lead": 120, "temp": "sp:steelhead:s2"}, "geometry": {"type": "Polygon", "coordinates": [[[-89.196815, 48.312151], [-89.196701, 48.312021], [-89.196596, 48.311867], [-89.196502, 48.311688], [-89.196438, 48.31148], [-89.196404, 48.311242], [-89.196401, 48.310976], [-89.196428, 48.31068], [-89.196495, 48.310394], [-89.196603, 48.310116], [-89.196751, 48.309848], [-89.19694, 48.309588], [-89.197085, 48.309438], [-89.197186, 48.309398], [-89.197243, 48.309467], [-89.197257, 48.309646], [-89.197237, 48.30983], [-89.197183, 48.310018], [-89.197095, 48.31021], [-89.196974, 48.310407], [-89.196913, 48.310665], [-89.196913, 48.310983], [-89.196974, 48.311361], [-89.197095, 48.3118], [-89.197152, 48.312109], [-89.197146, 48.312288], [-89.197075, 48.312337], [-89.19694, 48.312256], [-89.196815, 48.312151]]]}}, {"type": "Feature", "properties": {"lead": 120, "temp": "sp:steelhead:s2"}, "geometry": {"type": "Polygon", "coordinates": [[[-89.201277, 48.331846], [-89.201298, 48.331837], [-89.201328, 48.331833], [-89.201368, 48.331833], [-89.201389, 48.331837], [-89.201389, 48.331846], [-89.201368, 48.33186], [-89.201328, 48.331878], [-89.201298, 48.331887], [-89.201277, 48.331887], [-89.201267, 48.331878], [-89.201267, 48.33186], [-89.201277, 48.331846]]]}}, {"type": "Feature", "properties": {"lead": 120, "temp": "sp:steelhead:s2"}, "geometry": {"type": "Polygon", "coordinates": [[[-89.201813, 48.332155], [-89.201746, 48.332137], [-89.201692, 48.332115], [-89.201651, 48.332088], [-89.201641, 48.332068], [-89.201661, 48.332054], [-89.201712, 48.332048], [-89.201793, 48.332048], [-89.201867, 48.332057], [-89.201934, 48.332075], [-89.201995, 48.332101], [-89.202049, 48.332137], [-89.202066, 48.332162], [-89.202046, 48.332175], [-89.201988, 48.332177], [-89.201894, 48.332168], [-89.201813, 48.332155]]]}}, {"type": "Feature", "properties": {"lead": 120, "temp": "sp:steelhead:s2"}, "geometry": {"type": "Polygon", "coordinates": [[[-89.223627, 48.351985], [-89.223648, 48.351963], [-89.223665, 48.351952], [-89.223678, 48.351952], [-89.223678, 48.351963], [-89.223665, 48.351985], [-89.223638, 48.352019], [-89.223597, 48.352064], [-89.223574, 48.352086], [-89.223567, 48.352086], [-89.223577, 48.352064], [-89.223604, 48.352019], [-89.223627, 48.351985]]]}}, {"type": "Feature", "properties": {"lead": 120, "temp": "sp:steelhead:s2"}, "geometry": {"type": "Polygon", "coordinates": [[[-89.22292, 48.352178], [-89.223007, 48.352147], [-89.223132, 48.352131], [-89.223294, 48.352131], [-89.223415, 48.35214], [-89.223496, 48.352158], [-89.223536, 48.352185], [-89.223536, 48.35222], [-89.223493, 48.352254], [-89.223405, 48.352285], [-89.223274, 48.352314], [-89.223098, 48.352341], [-89.22297, 48.352346], [-89.222889, 48.352328], [-89.222856, 48.352287], [-89.222869, 48.352225], [-89.22292, 48.352178]]]}}, {"type": "Feature", "properties": {"lead": 120, "temp": "sp:steelhead:s2"}, "geometry": {"type": "Polygon", "coordinates": [[[-89.22382, 48.352377], [-89.223739, 48.352368], [-89.223698, 48.352355], [-89.223698, 48.352337], [-89.223752, 48.352312], [-89.22386, 48.352281], [-89.224022, 48.352243], [-89.224237, 48.352198], [-89.224386, 48.35218], [-89.224467, 48.352189], [-89.22448, 48.352225], [-89.224426, 48.352287], [-89.224345, 48.352334], [-89.224237, 48.352366], [-89.224103, 48.352381], [-89.223941, 48.352381], [-89.22382, 48.352377]]]}}, {"type": "Feature", "properties": {"lead": 120, "temp": "sp:steelhead:s2"}, "geometry": {"type": "Polygon", "coordinates": [[[-89.22446, 48.352419], [-89.224521, 48.352417], [-89.224601, 48.352417], [-89.224642, 48.352419], [-89.224642, 48.352424], [-89.224601, 48.352431], [-89.224521, 48.35244], [-89.22446, 48.352444], [-89.224419, 48.352444], [-89.224399, 48.35244], [-89.224399, 48.352431], [-89.224419, 48.352424], [-89.22446, 48.352419]]]}}, {"type": "Feature", "properties": {"lead": 120, "temp": "sp:steelhead:s2"}, "geometry": {"type": "Polygon", "coordinates": [[[-89.215593, 48.353853], [-89.215684, 48.353849], [-89.215806, 48.353849], [-89.215866, 48.353853], [-89.215866, 48.353862], [-89.215806, 48.353876], [-89.215684, 48.353894], [-89.215593, 48.353903], [-89.215533, 48.353903], [-89.215502, 48.353894], [-89.215502, 48.353876], [-89.215533, 48.353862], [-89.215593, 48.353853]]]}}, {"type": "Feature", "properties": {"lead": 120, "temp": "sp:steelhead:s2"}, "geometry": {"type": "Polygon", "coordinates": [[[-89.21624, 48.354037], [-89.216153, 48.354019], [-89.216089, 48.354001], [-89.216048, 48.353983], [-89.216062, 48.353963], [-89.216129, 48.353941], [-89.21625, 48.353916], [-89.216426, 48.353889], [-89.216557, 48.353885], [-89.216645, 48.353903], [-89.216689, 48.353943], [-89.216689, 48.354005], [-89.216655, 48.354048], [-89.216587, 48.35407], [-89.216486, 48.354073], [-89.216352, 48.354055], [-89.21624, 48.354037]]]}}, {"type": "Feature", "properties": {"lead": 120, "temp": "sp:steelhead:s2"}, "geometry": {"type": "Polygon", "coordinates": [[[-89.217582, 48.35422], [-89.217615, 48.354211], [-89.217673, 48.354207], [-89.217753, 48.354207], [-89.217797, 48.354211], [-89.217804, 48.35422], [-89.217774, 48.354234], [-89.217706, 48.354252], [-89.217652, 48.35426], [-89.217612, 48.35426], [-89.217585, 48.354252], [-89.217571, 48.354234], [-89.217582, 48.35422]]]}}, {"type": "Feature", "properties": {"lead": 120, "temp": "sp:steelhead:s2"}, "geometry": {"type": "Polygon", "coordinates": [[[-89.216988, 48.356189], [-89.216914, 48.356162], [-89.216864, 48.356135], [-89.216837, 48.356108], [-89.216877, 48.35609], [-89.216985, 48.356081], [-89.21716, 48.356081], [-89.217403, 48.35609], [-89.217561, 48.356108], [-89.217636, 48.356135], [-89.217625, 48.356171], [-89.217531, 48.356216], [-89.21743, 48.356242], [-89.217322, 48.356251], [-89.217208, 48.356242], [-89.217086, 48.356216], [-89.216988, 48.356189]]]}}, {"type": "Feature", "properties": {"lead": 120, "temp": "sp:steelhead:s2"}, "geometry": {"type": "Polygon", "coordinates": [[[-89.220476, 48.356412], [-89.220503, 48.356403], [-89.220544, 48.356403], [-89.220598, 48.356412], [-89.220625, 48.356424], [-89.220625, 48.356437], [-89.220598, 48.356453], [-89.220544, 48.35647], [-89.220503, 48.356477], [-89.220476, 48.356473], [-89.220463, 48.356457], [-89.220463, 48.35643], [-89.220476, 48.356412]]]}}, {"type": "Feature", "properties": {"lead": 120, "temp": "sp:steelhead:s2"}, "geometry": {"type": "Polygon", "coordinates": [[[-89.219877, 48.356522], [-89.219755, 48.356464], [-89.219661, 48.356403], [-89.219594, 48.356341], [-89.219594, 48.356303], [-89.219661, 48.356289], [-89.219796, 48.3563], [-89.219998, 48.356336], [-89.22016, 48.356383], [-89.220281, 48.356441], [-89.220362, 48.356511], [-89.220402, 48.356591], [-89.220389, 48.356638], [-89.220321, 48.356652], [-89.2202, 48.356632], [-89.220025, 48.356578], [-89.219877, 48.356522]], [[-89.21988, 48.356356], [-89.219873, 48.356361], [-89.21987, 48.356368], [-89.21987, 48.356377], [-89.219873, 48.356381], [-89.21988, 48.356381], [-89.21989, 48.356377], [-89.219904, 48.356368], [-89.21991, 48.356361], [-89.21991, 48.356356], [-89.219904, 48.356354], [-89.21989, 48.356354], [-89.21988, 48.356356]]]}}, {"type": "Feature", "properties": {"lead": 120, "temp": "sp:steelhead:s2"}, "geometry": {"type": "Polygon", "coordinates": [[[-89.218525, 48.356687], [-89.218451, 48.35662], [-89.218387, 48.356524], [-89.218333, 48.356399], [-89.218343, 48.356309], [-89.218417, 48.356256], [-89.218556, 48.356238], [-89.218758, 48.356256], [-89.218896, 48.356298], [-89.21897, 48.356365], [-89.21898, 48.356457], [-89.218926, 48.356573], [-89.218862, 48.356658], [-89.218788, 48.356712], [-89.218704, 48.356734], [-89.218609, 48.356725], [-89.218525, 48.356687]]]}}, {"type": "Feature", "properties": {"lead": 120, "temp": "sp:steelhead:s2"}, "geometry": {"type": "Polygon", "coordinates": [[[-89.219152, 48.356799], [-89.219091, 48.356741], [-89.219115, 48.356676], [-89.219223, 48.356605], [-89.219351, 48.356558], [-89.219499, 48.356535], [-89.219668, 48.356538], [-89.219856, 48.356564], [-89.220008, 48.356596], [-89.220123, 48.356632], [-89.2202, 48.356672], [-89.220241, 48.356717], [-89.220244, 48.356761], [-89.22021, 48.356806], [-89.220139, 48.356851], [-89.220032, 48.356895], [-89.219893, 48.356918], [-89.219725, 48.356918], [-89.219526, 48.356895], [-89.219297, 48.356851], [-89.219152, 48.356799]]]}}, {"type": "Feature", "properties": {"lead": 120, "temp": "sp:steelhead:s2"}, "geometry": {"type": "Polygon", "coordinates": [[[-89.220544, 48.356752], [-89.220625, 48.356766], [-89.220733, 48.356802], [-89.220786, 48.356833], [-89.220786, 48.35686], [-89.220733, 48.356882], [-89.220625, 48.3569], [-89.220544, 48.3569], [-89.22049, 48.356882], [-89.220463, 48.356846], [-89.220463, 48.356793], [-89.22049, 48.356761], [-89.220544, 48.356752]]]}}, {"type": "Feature", "properties": {"lead": 120, "temp": "sp:steelhead:s2"}, "geometry": {"type": "Polygon", "coordinates": [[[-89.225569, 48.359036], [-89.225464, 48.358962], [-89.225383, 48.358864], [-89.225259, 48.358792], [-89.22509, 48.358748], [-89.224878, 48.35873], [-89.224622, 48.358739], [-89.224386, 48.358703], [-89.22417, 48.358622], [-89.223975, 48.358497], [-89.223799, 48.358327], [-89.223594, 48.358179], [-89.223358, 48.358054], [-89.223092, 48.357951], [-89.222795, 48.357871], [-89.222529, 48.357781], [-89.222293, 48.357683], [-89.222087, 48.357575], [-89.221912, 48.357459], [-89.221781, 48.35735], [-89.221693, 48.357247], [-89.221649, 48.35715], [-89.221649, 48.357061], [-89.221622, 48.356974], [-89.221568, 48.356889], [-89.221487, 48.356806], [-89.22138, 48.356725], [-89.221444, 48.356714], [-89.22168, 48.356772], [-89.222087, 48.3569], [-89.222667, 48.357097], [-89.223274, 48.357352], [-89.223907, 48.357665], [-89.224568, 48.358036], [-89.225255, 48.358466], [-89.225727, 48.358788], [-89.225983, 48.359003], [-89.226024, 48.35911], [-89.225848, 48.35911], [-89.225697, 48.359085], [-89.225569, 48.359036]], [[-89.225751, 48.359009], [-89.225747, 48.359016], [-89.225747, 48.359025], [-89.225751, 48.359029], [-89.225757, 48.359029], [-89.225767, 48.359025], [-89.225781, 48.359016], [-89.225788, 48.359009], [-89.225788, 48.359005], [-89.225781, 48.359003], [-89.225767, 48.359003], [-89.225757, 48.359005], [-89.225751, 48.359009]], [[-89.22505, 48.358651], [-89.225046, 48.358658], [-89.225046, 48.358667], [-89.22505, 48.358671], [-89.225056, 48.358671], [-89.225066, 48.358667], [-89.22508, 48.358658], [-89.225087, 48.358651], [-89.225087, 48.358647], [-89.22508, 48.358645], [-89.225066, 48.358645], [-89.225056, 48.358647], [-89.22505, 48.358651]], [[-89.223863, 48.358186], [-89.22386, 48.358193], [-89.22386, 48.358202], [-89.223863, 48.358206], [-89.22387, 48.358206], [-89.22388, 48.358202], [-89.223894, 48.358193], [-89.2239, 48.358186], [-89.2239, 48.358182], [-89.223894, 48.358179], [-89.22388, 48.358179], [-89.22387, 48.358182], [-89.223863, 48.358186]]]}}]}