{"type": "FeatureCollection", "features": [{"type": "Feature", "properties": {"lead": 0, "temp": "t12"}, "geometry": {"type": "Polygon", "coordinates": [[[-89.090231, 48.484121], [-89.090689, 48.483996], [-89.09108, 48.483902], [-89.091404, 48.483839], [-89.09166, 48.483808], [-89.091848, 48.483808], [-89.09202, 48.483822], [-89.092175, 48.483848], [-89.092314, 48.483889], [-89.092435, 48.483942], [-89.092506, 48.483991], [-89.092526, 48.484036], [-89.092496, 48.484076], [-89.092415, 48.484112], [-89.092354, 48.48413], [-89.092314, 48.48413], [-89.092293, 48.484112], [-89.092293, 48.484076], [-89.092249, 48.484049], [-89.092162, 48.484031], [-89.09203, 48.484022], [-89.091855, 48.484022], [-89.091704, 48.484038], [-89.091575, 48.484069], [-89.091471, 48.484116], [-89.09139, 48.484179], [-89.091222, 48.484228], [-89.090966, 48.484263], [-89.090622, 48.484286], [-89.09019, 48.484295], [-89.089981, 48.48427], [-89.089995, 48.484212], [-89.090231, 48.484121]]]}}, {"type": "Feature", "properties": {"lead": 0, "temp": "t12"}, "geometry": {"type": "Polygon", "coordinates": [[[-89.093473, 48.485682], [-89.093325, 48.485647], [-89.093564, 48.485522], [-89.094191, 48.485308], [-89.095205, 48.485004], [-89.096607, 48.484611], [-89.097709, 48.484317], [-89.098511, 48.484121], [-89.099013, 48.484022], [-89.099215, 48.484022], [-89.099411, 48.484042], [-89.0996, 48.484083], [-89.099782, 48.484143], [-89.099957, 48.484223], [-89.100068, 48.484286], [-89.100115, 48.48433], [-89.100098, 48.484357], [-89.100017, 48.484366], [-89.099933, 48.484366], [-89.099846, 48.484357], [-89.099755, 48.484339], [-89.09966, 48.484312], [-89.099566, 48.484306], [-89.099472, 48.484319], [-89.099377, 48.484353], [-89.099283, 48.484406], [-89.099202, 48.484433], [-89.099134, 48.484433], [-89.099081, 48.484406], [-89.09904, 48.484353], [-89.098966, 48.484312], [-89.098858, 48.484286], [-89.098717, 48.484272], [-89.098541, 48.484272], [-89.09839, 48.484301], [-89.098262, 48.484359], [-89.098157, 48.484446], [-89.098076, 48.484562], [-89.097931, 48.484649], [-89.097722, 48.484707], [-89.097449, 48.484736], [-89.097112, 48.484736], [-89.096836, 48.484763], [-89.09662, 48.484817], [-89.096465, 48.484897], [-89.096371, 48.485004], [-89.096226, 48.485084], [-89.096031, 48.485138], [-89.095785, 48.485165], [-89.095488, 48.485165], [-89.095181, 48.4852], [-89.094865, 48.485272], [-89.094538, 48.485379], [-89.094201, 48.485522], [-89.093911, 48.48562], [-89.093668, 48.485673], [-89.093473, 48.485682]]]}}, {"type": "Feature", "properties": {"lead": 0, "temp": "t12"}, "geometry": {"type": "Polygon", "coordinates": [[[-89.100543, 48.485089], [-89.100543, 48.484991], [-89.100547, 48.484917], [-89.100553, 48.484868], [-89.100563, 48.484843], [-89.100577, 48.484843], [-89.100584, 48.484868], [-89.100584, 48.484917], [-89.100577, 48.484991], [-89.100563, 48.485089], [-89.100553, 48.485138], [-89.100547, 48.485138], [-89.100543, 48.485089]]]}}, {"type": "Feature", "properties": {"lead": 0, "temp": "t12"}, "geometry": {"type": "Polygon", "coordinates": [[[-89.092455, 48.485084], [-89.092489, 48.485004], [-89.092556, 48.484933], [-89.092657, 48.48487], [-89.092792, 48.484817], [-89.09289, 48.484799], [-89.09295, 48.484817], [-89.092974, 48.48487], [-89.092961, 48.48496], [-89.09292, 48.48504], [-89.092853, 48.485111], [-89.092758, 48.485174], [-89.092637, 48.485227], [-89.092546, 48.485245], [-89.092485, 48.485227], [-89.092455, 48.485174], [-89.092455, 48.485084]]]}}, {"type": "Feature", "properties": {"lead": 0, "temp": "t12"}, "geometry": {"type": "Polygon", "coordinates": [[[-89.089274, 48.485535], [-89.089196, 48.485424], [-89.089149, 48.485281], [-89.089132, 48.485107], [-89.089146, 48.484902], [-89.089159, 48.484799], [-89.089173, 48.484799], [-89.089186, 48.484902], [-89.0892, 48.485107], [-89.08923, 48.485281], [-89.089277, 48.485424], [-89.089341, 48.485535], [-89.089422, 48.485615], [-89.089456, 48.485656], [-89.089442, 48.485656], [-89.089382, 48.485615], [-89.089274, 48.485535]]]}}, {"type": "Feature", "properties": {"lead": 0, "temp": "t12"}, "geometry": {"type": "Polygon", "coordinates": [[[-89.101534, 48.486093], [-89.101332, 48.486093], [-89.10117, 48.486062], [-89.101049, 48.485999], [-89.100968, 48.485906], [-89.100927, 48.485781], [-89.100944, 48.485707], [-89.101018, 48.485685], [-89.10115, 48.485714], [-89.101339, 48.485794], [-89.101494, 48.485865], [-89.101615, 48.485928], [-89.101702, 48.485981], [-89.101756, 48.486026], [-89.101746, 48.486059], [-89.101672, 48.486082], [-89.101534, 48.486093]]]}}, {"type": "Feature", "properties": {"lead": 0, "temp": "t12"}, "geometry": {"type": "Polygon", "coordinates": [[[-89.084145, 48.486642], [-89.084054, 48.486615], [-89.084047, 48.48657], [-89.084124, 48.486508], [-89.084286, 48.486428], [-89.084475, 48.486374], [-89.08469, 48.486347], [-89.084933, 48.486347], [-89.085203, 48.486374], [-89.085405, 48.486403], [-89.08554, 48.486434], [-89.085607, 48.486468], [-89.085607, 48.486503], [-89.085587, 48.486521], [-89.085546, 48.486521], [-89.085486, 48.486503], [-89.085405, 48.486468], [-89.085331, 48.48645], [-89.085263, 48.48645], [-89.085203, 48.486468], [-89.085149, 48.486503], [-89.085088, 48.486521], [-89.085021, 48.486521], [-89.084947, 48.486503], [-89.084866, 48.486468], [-89.084795, 48.486457], [-89.084734, 48.48647], [-89.084684, 48.486508], [-89.084643, 48.48657], [-89.084569, 48.486615], [-89.084461, 48.486642], [-89.08432, 48.486651], [-89.084145, 48.486642]]]}}, {"type": "Feature", "properties": {"lead": 0, "temp": "t12"}, "geometry": {"type": "Polygon", "coordinates": [[[-89.08372, 48.486972], [-89.08373, 48.486925], [-89.08375, 48.486894], [-89.083781, 48.486878], [-89.083821, 48.486878], [-89.083841, 48.486894], [-89.083841, 48.486925], [-89.083821, 48.486972], [-89.083781, 48.487034], [-89.08375, 48.487066], [-89.08373, 48.487066], [-89.08372, 48.487034], [-89.08372, 48.486972]]]}}, {"type": "Feature", "properties": {"lead": 0, "temp": "t12"}, "geometry": {"type": "Polygon", "coordinates": [[[-89.074634, 48.489007], [-89.075227, 48.488855], [-89.075719, 48.488717], [-89.07611, 48.488592], [-89.0764, 48.48848], [-89.076589, 48.488382], [-89.076778, 48.488308], [-89.076966, 48.488259], [-89.077155, 48.488235], [-89.077344, 48.488235], [-89.077543, 48.488255], [-89.077752, 48.488295], [-89.077971, 48.488355], [-89.0782, 48.488436], [-89.078331, 48.488505], [-89.078365, 48.488563], [-89.078301, 48.48861], [-89.078139, 48.488645], [-89.078008, 48.488652], [-89.077907, 48.48863], [-89.077836, 48.488578], [-89.077795, 48.488498], [-89.077711, 48.488438], [-89.077583, 48.488398], [-89.077411, 48.488378], [-89.077195, 48.488378], [-89.076956, 48.488413], [-89.076693, 48.488485], [-89.076407, 48.488592], [-89.076097, 48.488734], [-89.075746, 48.488859], [-89.075355, 48.488967], [-89.074924, 48.489056], [-89.074452, 48.489127], [-89.074247, 48.489143], [-89.074307, 48.489103], [-89.074634, 48.489007]]]}}, {"type": "Feature", "properties": {"lead": 0, "temp": "t12"}, "geometry": {"type": "Polygon", "coordinates": [[[-89.057393, 48.489355], [-89.057477, 48.489219], [-89.057673, 48.489098], [-89.057979, 48.488993], [-89.058397, 48.488904], [-89.058849, 48.488846], [-89.059334, 48.488819], [-89.059853, 48.488824], [-89.060406, 48.488859], [-89.060874, 48.48892], [-89.061259, 48.489004], [-89.061558, 48.489114], [-89.061774, 48.489248], [-89.061926, 48.489352], [-89.062013, 48.489428], [-89.062037, 48.489475], [-89.061997, 48.489493], [-89.061966, 48.489497], [-89.061946, 48.489489], [-89.061936, 48.489466], [-89.061936, 48.489431], [-89.06169, 48.489404], [-89.061198, 48.489386], [-89.06046, 48.489377], [-89.059476, 48.489377], [-89.058704, 48.489399], [-89.058145, 48.489444], [-89.057797, 48.489511], [-89.057663, 48.4896], [-89.057555, 48.489629], [-89.057474, 48.489598], [-89.05742, 48.489506], [-89.057393, 48.489355]]]}}, {"type": "Feature", "properties": {"lead": 0, "temp": "t12"}, "geometry": {"type": "Polygon", "coordinates": [[[-89.06877, 48.4896], [-89.068258, 48.489564], [-89.0678, 48.489547], [-89.067395, 48.489547], [-89.067045, 48.489564], [-89.066822, 48.489558], [-89.066728, 48.489526], [-89.066762, 48.489471], [-89.066924, 48.48939], [-89.067102, 48.489328], [-89.067298, 48.489283], [-89.06751, 48.489257], [-89.067739, 48.489248], [-89.067999, 48.48925], [-89.068288, 48.489263], [-89.068609, 48.489288], [-89.068959, 48.489323], [-89.069266, 48.489373], [-89.069529, 48.489435], [-89.069748, 48.489511], [-89.069923, 48.4896], [-89.069913, 48.489654], [-89.069717, 48.489672], [-89.069337, 48.489654], [-89.06877, 48.4896]]]}}, {"type": "Feature", "properties": {"lead": 0, "temp": "t10"}, "geometry": {"type": "Polygon", "coordinates": [[[-89.091464, 48.483842], [-89.091741, 48.483835], [-89.091983, 48.483853], [-89.092118, 48.483868], [-89.092145, 48.483882], [-89.092064, 48.483893], [-89.091875, 48.483902], [-89.091714, 48.483924], [-89.091579, 48.48396], [-89.091471, 48.484009], [-89.09139, 48.484072], [-89.091265, 48.484118], [-89.091097, 48.48415], [-89.090885, 48.484165], [-89.090628, 48.484165], [-89.090413, 48.484163], [-89.090238, 48.484159], [-89.090145, 48.484154], [-89.090231, 48.484121], [-89.090689, 48.483996], [-89.09108, 48.483902], [-89.091313, 48.483857], [-89.091464, 48.483842]]]}}, {"type": "Feature", "properties": {"lead": 0, "temp": "t10"}, "geometry": {"type": "Polygon", "coordinates": [[[-89.099276, 48.484232], [-89.099222, 48.484205], [-89.099131, 48.484183], [-89.099003, 48.484165], [-89.098838, 48.484152], [-89.098636, 48.484143], [-89.098568, 48.484132], [-89.098636, 48.484118], [-89.098838, 48.484103], [-89.099175, 48.484085], [-89.099407, 48.484085], [-89.099536, 48.484103], [-89.099559, 48.484138], [-89.099478, 48.484192], [-89.099404, 48.484225], [-89.099337, 48.484239], [-89.099276, 48.484232]]]}}, {"type": "Feature", "properties": {"lead": 0, "temp": "t10"}, "geometry": {"type": "Polygon", "coordinates": [[[-89.096243, 48.484714], [-89.096209, 48.484732], [-89.096088, 48.484777], [-89.09597, 48.484814], [-89.095855, 48.484846], [-89.095744, 48.48487], [-89.095636, 48.484888], [-89.095624, 48.484887], [-89.096237, 48.484715], [-89.096243, 48.484714]]]}}, {"type": "Feature", "properties": {"lead": 0, "temp": "t10"}, "geometry": {"type": "Polygon", "coordinates": [[[-89.092637, 48.485151], [-89.092647, 48.485105], [-89.092681, 48.485073], [-89.092738, 48.485058], [-89.092819, 48.485058], [-89.092873, 48.485067], [-89.092886, 48.485076], [-89.092853, 48.485111], [-89.092758, 48.485174], [-89.092654, 48.48522], [-89.092651, 48.485214], [-89.092637, 48.485151]]]}}, {"type": "Feature", "properties": {"lead": 0, "temp": "t10"}, "geometry": {"type": "Polygon", "coordinates": [[[-89.0574, 48.489344], [-89.057477, 48.489219], [-89.057673, 48.489098], [-89.057979, 48.488993], [-89.058397, 48.488904], [-89.058849, 48.488846], [-89.059334, 48.488819], [-89.059853, 48.488824], [-89.060406, 48.488859], [-89.060874, 48.48892], [-89.061083, 48.488966], [-89.061073, 48.488989], [-89.06075, 48.489051], [-89.06013, 48.489114], [-89.059213, 48.489176], [-89.058502, 48.489245], [-89.057996, 48.489321], [-89.057696, 48.489404], [-89.057602, 48.489493], [-89.057525, 48.489529], [-89.057464, 48.489511], [-89.05742, 48.489439], [-89.0574, 48.489344]]]}}, {"type": "Feature", "properties": {"lead": 0, "temp": "t12far"}, "geometry": {"type": "Polygon", "coordinates": [[[-89.128872, 48.482425], [-89.128885, 48.482264], [-89.128949, 48.482108], [-89.129064, 48.481956], [-89.129229, 48.481809], [-89.129445, 48.481666], [-89.129795, 48.48153], [-89.13028, 48.481401], [-89.130901, 48.481278], [-89.131655, 48.481162], [-89.132222, 48.481108], [-89.132599, 48.481117], [-89.132788, 48.481189], [-89.132788, 48.481323], [-89.132626, 48.481445], [-89.132303, 48.481557], [-89.131817, 48.481657], [-89.13117, 48.481747], [-89.130601, 48.481863], [-89.130109, 48.482005], [-89.129694, 48.482175], [-89.129357, 48.482371], [-89.129108, 48.482478], [-89.128946, 48.482496], [-89.128872, 48.482425]], [[-89.130644, 48.481773], [-89.130617, 48.481773], [-89.130597, 48.481776], [-89.130584, 48.48178], [-89.130577, 48.481787], [-89.130577, 48.481796], [-89.130584, 48.4818], [-89.130597, 48.4818], [-89.130617, 48.481796], [-89.130644, 48.481787], [-89.130658, 48.48178], [-89.130658, 48.481776], [-89.130644, 48.481773]]]}}, {"type": "Feature", "properties": {"lead": 0, "temp": "t12far"}, "geometry": {"type": "Polygon", "coordinates": [[[-89.102781, 48.48616], [-89.102403, 48.486133], [-89.102039, 48.486071], [-89.101689, 48.485972], [-89.101686, 48.485971], [-89.101615, 48.485928], [-89.101494, 48.485865], [-89.101339, 48.485794], [-89.10115, 48.485714], [-89.101087, 48.4857], [-89.101028, 48.485669], [-89.100806, 48.485484], [-89.100685, 48.485283], [-89.100664, 48.485067], [-89.100745, 48.484835], [-89.100766, 48.484654], [-89.100725, 48.484524], [-89.100624, 48.484446], [-89.100462, 48.48442], [-89.100297, 48.484377], [-89.100129, 48.484319], [-89.100082, 48.484299], [-89.100068, 48.484286], [-89.099957, 48.484223], [-89.099782, 48.484143], [-89.0996, 48.484083], [-89.099411, 48.484042], [-89.099215, 48.484022], [-89.099013, 48.484022], [-89.098511, 48.484121], [-89.098469, 48.484131], [-89.098373, 48.48415], [-89.097537, 48.48435], [-89.096405, 48.484647], [-89.094976, 48.48504], [-89.093891, 48.485314], [-89.093149, 48.48547], [-89.092752, 48.485508], [-89.092698, 48.485428], [-89.092711, 48.48531], [-89.092792, 48.485154], [-89.092796, 48.485149], [-89.092853, 48.485111], [-89.09292, 48.48504], [-89.092961, 48.48496], [-89.092964, 48.484934], [-89.093156, 48.484727], [-89.093287, 48.484547], [-89.093335, 48.484417], [-89.093298, 48.484339], [-89.093176, 48.484312], [-89.093085, 48.484277], [-89.093025, 48.484232], [-89.092994, 48.484179], [-89.092994, 48.484116], [-89.092893, 48.484056], [-89.092691, 48.483998], [-89.092452, 48.483954], [-89.092435, 48.483942], [-89.092314, 48.483889], [-89.092175, 48.483848], [-89.09202, 48.483822], [-89.091848, 48.483808], [-89.09166, 48.483808], [-89.091404, 48.483839], [-89.09108, 48.483902], [-89.090958, 48.483931], [-89.090628, 48.483982], [-89.09013, 48.484098], [-89.089735, 48.484246], [-89.089446, 48.484424], [-89.08926, 48.484634], [-89.089182, 48.484868], [-89.089173, 48.484799], [-89.089159, 48.484799], [-89.089146, 48.484902], [-89.089132, 48.485107], [-89.089139, 48.485176], [-89.089139, 48.485296], [-89.089179, 48.485477], [-89.08926, 48.485638], [-89.089267, 48.485749], [-89.0892, 48.485812], [-89.089058, 48.485825], [-89.088842, 48.485789], [-89.08867, 48.485772], [-89.088542, 48.485772], [-89.088458, 48.485789], [-89.088418, 48.485825], [-89.088354, 48.485836], [-89.088266, 48.485823], [-89.088155, 48.485785], [-89.08802, 48.485723], [-89.087939, 48.485673], [-89.087912, 48.485638], [-89.087939, 48.485615], [-89.08802, 48.485607], [-89.088074, 48.485542], [-89.088101, 48.485421], [-89.088101, 48.485245], [-89.088074, 48.485013], [-89.088081, 48.484801], [-89.088121, 48.484609], [-89.088195, 48.484437], [-89.088303, 48.484286], [-89.088438, 48.484141], [-89.0886, 48.484002], [-89.088788, 48.483871], [-89.089004, 48.483746], [-89.089274, 48.483627], [-89.089597, 48.483516], [-89.089975, 48.483411], [-89.090406, 48.483313], [-89.090804, 48.483237], [-89.091168, 48.483183], [-89.091498, 48.483152], [-89.091795, 48.483143], [-89.092074, 48.483154], [-89.092337, 48.483186], [-89.092583, 48.483237], [-89.092812, 48.483308], [-89.093021, 48.483391], [-89.09321, 48.483485], [-89.093378, 48.48359], [-89.093527, 48.483706], [-89.093655, 48.483831], [-89.093763, 48.483964], [-89.09385, 48.484107], [-89.093918, 48.484259], [-89.094241, 48.484304], [-89.094821, 48.484241], [-89.095657, 48.484072], [-89.096749, 48.483795], [-89.097645, 48.483585], [-89.098346, 48.483442], [-89.098851, 48.483366], [-89.099161, 48.483358], [-89.099485, 48.483389], [-89.099822, 48.48346], [-89.100172, 48.483572], [-89.100536, 48.483723], [-89.10084, 48.483873], [-89.101082, 48.48402], [-89.101264, 48.484165], [-89.101386, 48.484308], [-89.10148, 48.484451], [-89.101547, 48.484594], [-89.101588, 48.484736], [-89.101601, 48.484879], [-89.101719, 48.485055], [-89.101942, 48.485265], [-89.102269, 48.485508], [-89.1027, 48.485785], [-89.102929, 48.485986], [-89.102956, 48.486111], [-89.102781, 48.48616]], [[-89.08862, 48.484843], [-89.08858, 48.484843], [-89.088549, 48.48485], [-89.088529, 48.484864], [-89.088519, 48.484884], [-89.088519, 48.48491], [-89.088529, 48.484924], [-89.088549, 48.484924], [-89.08858, 48.48491], [-89.08862, 48.484884], [-89.08864, 48.484864], [-89.08864, 48.48485], [-89.08862, 48.484843]], [[-89.100644, 48.484272], [-89.100604, 48.484272], [-89.100574, 48.484279], [-89.100553, 48.484292], [-89.100543, 48.484312], [-89.100543, 48.484339], [-89.100553, 48.484353], [-89.100574, 48.484353], [-89.100604, 48.484339], [-89.100644, 48.484312], [-89.100664, 48.484292], [-89.100664, 48.484279], [-89.100644, 48.484272]]]}}, {"type": "Feature", "properties": {"lead": 0, "temp": "t12far"}, "geometry": {"type": "Polygon", "coordinates": [[[-89.064066, 48.489761], [-89.063904, 48.489707], [-89.063891, 48.489665], [-89.064025, 48.489634], [-89.064308, 48.489614], [-89.06474, 48.489605], [-89.065107, 48.489555], [-89.06541, 48.489466], [-89.06565, 48.489337], [-89.065825, 48.489167], [-89.066027, 48.489018], [-89.066256, 48.488888], [-89.066512, 48.488779], [-89.066796, 48.48869], [-89.067146, 48.48863], [-89.067564, 48.488598], [-89.068049, 48.488596], [-89.068602, 48.488623], [-89.069097, 48.488672], [-89.069535, 48.488743], [-89.069916, 48.488837], [-89.07024, 48.488953], [-89.07054, 48.489036], [-89.070816, 48.489085], [-89.071069, 48.4891], [-89.071298, 48.489083], [-89.071645, 48.489027], [-89.07211, 48.488933], [-89.072693, 48.488801], [-89.073394, 48.488632], [-89.074065, 48.488453], [-89.074705, 48.488266], [-89.075315, 48.48807], [-89.075895, 48.487864], [-89.076404, 48.487713], [-89.076842, 48.487615], [-89.077209, 48.48757], [-89.077506, 48.487579], [-89.077799, 48.487612], [-89.078089, 48.48767], [-89.078375, 48.487753], [-89.078658, 48.48786], [-89.078995, 48.487929], [-89.079386, 48.48796], [-89.079831, 48.487954], [-89.08033, 48.487909], [-89.080805, 48.487851], [-89.081256, 48.48778], [-89.081684, 48.487695], [-89.082089, 48.487597], [-89.082406, 48.487456], [-89.082635, 48.487273], [-89.082776, 48.487048], [-89.08283, 48.48678], [-89.082941, 48.486537], [-89.08311, 48.486318], [-89.083336, 48.486124], [-89.083619, 48.485955], [-89.083946, 48.48583], [-89.084316, 48.485749], [-89.084731, 48.485714], [-89.085189, 48.485723], [-89.085536, 48.485758], [-89.085772, 48.485821], [-89.085897, 48.48591], [-89.08591, 48.486026], [-89.085934, 48.486113], [-89.085968, 48.486171], [-89.086012, 48.4862], [-89.086065, 48.4862], [-89.086082, 48.486213], [-89.086062, 48.48624], [-89.086005, 48.48628], [-89.08591, 48.486334], [-89.085742, 48.486374], [-89.085499, 48.486401], [-89.085411, 48.486405], [-89.085405, 48.486403], [-89.085203, 48.486374], [-89.084933, 48.486347], [-89.08469, 48.486347], [-89.084475, 48.486374], [-89.084286, 48.486428], [-89.084124, 48.486508], [-89.084115, 48.486516], [-89.084023, 48.486548], [-89.083902, 48.486637], [-89.083791, 48.486762], [-89.08369, 48.486923], [-89.083599, 48.487119], [-89.083518, 48.487351], [-89.083393, 48.487559], [-89.083224, 48.487742], [-89.083012, 48.4879], [-89.082756, 48.488034], [-89.082497, 48.48815], [-89.082234, 48.488248], [-89.081967, 48.488328], [-89.081698, 48.488391], [-89.081324, 48.488444], [-89.080845, 48.488489], [-89.080262, 48.488525], [-89.079575, 48.488552], [-89.079002, 48.488549], [-89.078544, 48.488518], [-89.078263, 48.488469], [-89.0782, 48.488436], [-89.077971, 48.488355], [-89.077752, 48.488295], [-89.077543, 48.488255], [-89.077344, 48.488235], [-89.077155, 48.488235], [-89.076966, 48.488259], [-89.076778, 48.488308], [-89.076589, 48.488382], [-89.0764, 48.48848], [-89.076016, 48.488616], [-89.075436, 48.48879], [-89.074799, 48.488965], [-89.074634, 48.489007], [-89.074565, 48.489027], [-89.073691, 48.489252], [-89.072835, 48.489446], [-89.072093, 48.489584], [-89.071466, 48.489667], [-89.070954, 48.489694], [-89.070516, 48.489689], [-89.070152, 48.489654], [-89.069923, 48.489601], [-89.069923, 48.4896], [-89.069748, 48.489511], [-89.069529, 48.489435], [-89.069266, 48.489373], [-89.068959, 48.489323], [-89.068609, 48.489288], [-89.068288, 48.489263], [-89.067999, 48.48925], [-89.067739, 48.489248], [-89.06751, 48.489257], [-89.067298, 48.489283], [-89.067102, 48.489328], [-89.066924, 48.48939], [-89.066762, 48.489471], [-89.066728, 48.489526], [-89.066768, 48.48954], [-89.066755, 48.489547], [-89.066452, 48.489647], [-89.066074, 48.489723], [-89.065623, 48.489774], [-89.065097, 48.489801], [-89.064662, 48.489808], [-89.064319, 48.489794], [-89.064066, 48.489761]], [[-89.072107, 48.48952], [-89.072093, 48.48952], [-89.072083, 48.489524], [-89.072076, 48.489533], [-89.072073, 48.489547], [-89.072073, 48.489564], [-89.072076, 48.489573], [-89.072083, 48.489573], [-89.072093, 48.489564], [-89.072107, 48.489547], [-89.072113, 48.489533], [-89.072113, 48.489524], [-89.072107, 48.48952]], [[-89.082224, 48.488128], [-89.082197, 48.488128], [-89.082176, 48.48813], [-89.082163, 48.488134], [-89.082156, 48.488141], [-89.082156, 48.48815], [-89.082163, 48.488154], [-89.082176, 48.488154], [-89.082197, 48.48815], [-89.082224, 48.488141], [-89.082237, 48.488134], [-89.082237, 48.48813], [-89.082224, 48.488128]]]}}, {"type": "Feature", "properties": {"lead": 0, "temp": "t12far"}, "geometry": {"type": "Polygon", "coordinates": [[[-89.063075, 48.489587], [-89.062684, 48.48956], [-89.062361, 48.489511], [-89.062104, 48.489439], [-89.061917, 48.489347], [-89.061915, 48.489345], [-89.061794, 48.48923], [-89.061629, 48.489125], [-89.06142, 48.489031], [-89.061168, 48.488949], [-89.060871, 48.488877], [-89.060541, 48.488826], [-89.060177, 48.488795], [-89.059779, 48.488784], [-89.059348, 48.488793], [-89.058937, 48.488822], [-89.058546, 48.488871], [-89.058175, 48.48894], [-89.057824, 48.489029], [-89.057562, 48.489049], [-89.057386, 48.489], [-89.057299, 48.488882], [-89.057299, 48.488694], [-89.0574, 48.488534], [-89.057602, 48.4884], [-89.057905, 48.488293], [-89.05831, 48.488212], [-89.058768, 48.488161], [-89.05928, 48.488139], [-89.059846, 48.488146], [-89.060467, 48.488181], [-89.060989, 48.488228], [-89.061414, 48.488286], [-89.06174, 48.488355], [-89.06197, 48.488436], [-89.062226, 48.488563], [-89.062509, 48.488737], [-89.062819, 48.488958], [-89.063156, 48.489225], [-89.063311, 48.489419], [-89.063284, 48.48954], [-89.063075, 48.489587]]]}}, {"type": "Feature", "properties": {"lead": 24, "temp": "t12"}, "geometry": {"type": "Polygon", "coordinates": [[[-89.089874, 48.48429], [-89.08987, 48.484237], [-89.090012, 48.484165], [-89.090298, 48.484076], [-89.09073, 48.483969], [-89.091127, 48.4839], [-89.091491, 48.483868], [-89.091821, 48.483875], [-89.092118, 48.48392], [-89.09228, 48.483955], [-89.092307, 48.483982], [-89.092199, 48.484], [-89.091956, 48.484009], [-89.091754, 48.484031], [-89.091592, 48.484067], [-89.091471, 48.484116], [-89.09139, 48.484179], [-89.091276, 48.484219], [-89.091127, 48.484237], [-89.090945, 48.484232], [-89.09073, 48.484205], [-89.090558, 48.484199], [-89.09043, 48.484212], [-89.090345, 48.484246], [-89.090305, 48.484299], [-89.090238, 48.48433], [-89.090143, 48.484339], [-89.090022, 48.484326], [-89.089874, 48.48429]]]}}, {"type": "Feature", "properties": {"lead": 24, "temp": "t12"}, "geometry": {"type": "Polygon", "coordinates": [[[-89.099896, 48.484246], [-89.099916, 48.484217], [-89.099957, 48.484212], [-89.100017, 48.484232], [-89.100098, 48.484277], [-89.100139, 48.484312], [-89.100139, 48.484339], [-89.100098, 48.484357], [-89.100017, 48.484366], [-89.099957, 48.484359], [-89.099916, 48.484337], [-89.099896, 48.484299], [-89.099896, 48.484246]]]}}, {"type": "Feature", "properties": {"lead": 24, "temp": "t12"}, "geometry": {"type": "Polygon", "coordinates": [[[-89.093446, 48.485607], [-89.093624, 48.485502], [-89.094211, 48.485301], [-89.095205, 48.485004], [-89.096607, 48.484611], [-89.097729, 48.484324], [-89.098572, 48.484141], [-89.099134, 48.484063], [-89.099418, 48.484089], [-89.0996, 48.484132], [-89.09968, 48.48419], [-89.09966, 48.484263], [-89.099539, 48.484353], [-89.099424, 48.484406], [-89.099316, 48.484424], [-89.099215, 48.484406], [-89.099121, 48.484353], [-89.099006, 48.484312], [-89.098872, 48.484286], [-89.098717, 48.484272], [-89.098541, 48.484272], [-89.09838, 48.484301], [-89.098231, 48.484359], [-89.098097, 48.484446], [-89.097975, 48.484562], [-89.09783, 48.48464], [-89.097662, 48.484681], [-89.09747, 48.484683], [-89.097254, 48.484647], [-89.097028, 48.484656], [-89.096792, 48.48471], [-89.096546, 48.484808], [-89.09629, 48.484951], [-89.096024, 48.485058], [-89.095748, 48.485129], [-89.095461, 48.485165], [-89.095165, 48.485165], [-89.094898, 48.485194], [-89.094662, 48.485252], [-89.094457, 48.485339], [-89.094282, 48.485455], [-89.094093, 48.48554], [-89.093891, 48.485593], [-89.093675, 48.485615], [-89.093446, 48.485607]]]}}, {"type": "Feature", "properties": {"lead": 24, "temp": "t12"}, "geometry": {"type": "Polygon", "coordinates": [[[-89.100543, 48.484991], [-89.100547, 48.484917], [-89.100553, 48.484868], [-89.100563, 48.484843], [-89.100577, 48.484843], [-89.100584, 48.484868], [-89.100584, 48.484917], [-89.100577, 48.484991], [-89.100563, 48.485089], [-89.100553, 48.485138], [-89.100547, 48.485138], [-89.100543, 48.485089], [-89.100543, 48.484991]]]}}, {"type": "Feature", "properties": {"lead": 24, "temp": "t12"}, "geometry": {"type": "Polygon", "coordinates": [[[-89.092455, 48.485084], [-89.092489, 48.485011], [-89.092556, 48.484953], [-89.092657, 48.48491], [-89.092792, 48.484884], [-89.09289, 48.484879], [-89.09295, 48.484897], [-89.092974, 48.484937], [-89.092961, 48.485], [-89.09292, 48.48506], [-89.092853, 48.485118], [-89.092758, 48.485174], [-89.092637, 48.485227], [-89.092546, 48.485245], [-89.092485, 48.485227], [-89.092455, 48.485174], [-89.092455, 48.485084]]]}}, {"type": "Feature", "properties": {"lead": 24, "temp": "t12"}, "geometry": {"type": "Polygon", "coordinates": [[[-89.089119, 48.485263], [-89.089088, 48.485238], [-89.089068, 48.485207], [-89.089058, 48.485169], [-89.089058, 48.485125], [-89.089068, 48.485091], [-89.089088, 48.485069], [-89.089119, 48.485058], [-89.089159, 48.485058], [-89.089189, 48.485073], [-89.08921, 48.485105], [-89.08922, 48.485151], [-89.08922, 48.485214], [-89.08921, 48.485256], [-89.089189, 48.485279], [-89.089159, 48.485281], [-89.089119, 48.485263]]]}}, {"type": "Feature", "properties": {"lead": 24, "temp": "t12"}, "geometry": {"type": "Polygon", "coordinates": [[[-89.08928, 48.485633], [-89.08925, 48.485609], [-89.08923, 48.485586], [-89.08922, 48.485566], [-89.08922, 48.485549], [-89.08923, 48.485535], [-89.08925, 48.485526], [-89.08928, 48.485522], [-89.089321, 48.485522], [-89.089351, 48.485533], [-89.089371, 48.485555], [-89.089382, 48.485589], [-89.089382, 48.485633], [-89.089371, 48.48566], [-89.089351, 48.485669], [-89.089321, 48.48566], [-89.08928, 48.485633]]]}}, {"type": "Feature", "properties": {"lead": 24, "temp": "t12"}, "geometry": {"type": "Polygon", "coordinates": [[[-89.101028, 48.485785], [-89.101066, 48.48574], [-89.10114, 48.485731], [-89.101251, 48.485758], [-89.101399, 48.485821], [-89.101473, 48.485872], [-89.101473, 48.485912], [-89.101399, 48.485941], [-89.101251, 48.485959], [-89.10114, 48.485952], [-89.101066, 48.485921], [-89.101028, 48.485865], [-89.101028, 48.485785]]]}}, {"type": "Feature", "properties": {"lead": 24, "temp": "t12"}, "geometry": {"type": "Polygon", "coordinates": [[[-89.085068, 48.486347], [-89.085078, 48.486327], [-89.085098, 48.486314], [-89.085129, 48.486307], [-89.085169, 48.486307], [-89.085189, 48.486314], [-89.085189, 48.486327], [-89.085169, 48.486347], [-89.085129, 48.486374], [-89.085098, 48.486387], [-89.085078, 48.486387], [-89.085068, 48.486374], [-89.085068, 48.486347]]]}}, {"type": "Feature", "properties": {"lead": 24, "temp": "t12"}, "geometry": {"type": "Polygon", "coordinates": [[[-89.084482, 48.486387], [-89.084593, 48.486363], [-89.08464, 48.486367], [-89.084623, 48.486401], [-89.084542, 48.486463], [-89.084458, 48.486508], [-89.08437, 48.486535], [-89.084279, 48.486544], [-89.084185, 48.486535], [-89.084158, 48.486515], [-89.084198, 48.486483], [-89.084306, 48.486441], [-89.084482, 48.486387]]]}}, {"type": "Feature", "properties": {"lead": 24, "temp": "t12"}, "geometry": {"type": "Polygon", "coordinates": [[[-89.076993, 48.488315], [-89.077175, 48.488284], [-89.077297, 48.488275], [-89.077357, 48.488288], [-89.077357, 48.488324], [-89.077297, 48.488355], [-89.077175, 48.488382], [-89.076993, 48.488404], [-89.076751, 48.488422], [-89.076629, 48.488422], [-89.076629, 48.488404], [-89.076751, 48.488369], [-89.076993, 48.488315]]]}}, {"type": "Feature", "properties": {"lead": 24, "temp": "t12"}, "geometry": {"type": "Polygon", "coordinates": [[[-89.077896, 48.488395], [-89.077917, 48.488373], [-89.077957, 48.488364], [-89.078018, 48.488369], [-89.078099, 48.488386], [-89.078139, 48.488404], [-89.078139, 48.488422], [-89.078099, 48.48844], [-89.078018, 48.488458], [-89.077957, 48.488462], [-89.077917, 48.488453], [-89.077896, 48.488431], [-89.077896, 48.488395]]]}}, {"type": "Feature", "properties": {"lead": 24, "temp": "t12"}, "geometry": {"type": "Polygon", "coordinates": [[[-89.075362, 48.488784], [-89.075379, 48.488772], [-89.075413, 48.488759], [-89.075463, 48.488743], [-89.075531, 48.488726], [-89.075564, 48.488719], [-89.075564, 48.488723], [-89.075531, 48.488739], [-89.075463, 48.488766], [-89.075413, 48.488784], [-89.075379, 48.488793], [-89.075362, 48.488793], [-89.075362, 48.488784]]]}}, {"type": "Feature", "properties": {"lead": 24, "temp": "t12"}, "geometry": {"type": "Polygon", "coordinates": [[[-89.074985, 48.488926], [-89.075005, 48.488913], [-89.075045, 48.488895], [-89.075106, 48.488873], [-89.075187, 48.488846], [-89.075227, 48.488835], [-89.075227, 48.488839], [-89.075187, 48.488859], [-89.075106, 48.488895], [-89.075045, 48.48892], [-89.075005, 48.488933], [-89.074985, 48.488935], [-89.074985, 48.488926]]]}}, {"type": "Feature", "properties": {"lead": 24, "temp": "t12"}, "geometry": {"type": "Polygon", "coordinates": [[[-89.074607, 48.489033], [-89.074631, 48.489022], [-89.074678, 48.489009], [-89.074749, 48.488993], [-89.074843, 48.488975], [-89.07489, 48.488969], [-89.07489, 48.488973], [-89.074843, 48.488989], [-89.074749, 48.489016], [-89.074678, 48.489033], [-89.074631, 48.489042], [-89.074607, 48.489042], [-89.074607, 48.489033]]]}}, {"type": "Feature", "properties": {"lead": 24, "temp": "t12"}, "geometry": {"type": "Polygon", "coordinates": [[[-89.057447, 48.489199], [-89.057663, 48.489091], [-89.057979, 48.488993], [-89.058397, 48.488904], [-89.058839, 48.488844], [-89.059304, 48.488813], [-89.059793, 48.48881], [-89.060305, 48.488837], [-89.060746, 48.488886], [-89.061117, 48.488958], [-89.061417, 48.489051], [-89.061646, 48.489167], [-89.061558, 48.489257], [-89.061154, 48.489319], [-89.060433, 48.489355], [-89.059395, 48.489364], [-89.058583, 48.489386], [-89.057996, 48.489422], [-89.057636, 48.489471], [-89.057501, 48.489533], [-89.057403, 48.489549], [-89.057343, 48.489518], [-89.057319, 48.489439], [-89.057332, 48.489315], [-89.057447, 48.489199]]]}}, {"type": "Feature", "properties": {"lead": 24, "temp": "t12"}, "geometry": {"type": "Polygon", "coordinates": [[[-89.067348, 48.489495], [-89.067011, 48.489446], [-89.066924, 48.48939], [-89.067085, 48.489328], [-89.067254, 48.489281], [-89.067429, 48.48925], [-89.067611, 48.489234], [-89.0678, 48.489234], [-89.068019, 48.489241], [-89.068268, 48.489254], [-89.068548, 48.489274], [-89.068858, 48.489301], [-89.069134, 48.489339], [-89.069377, 48.489388], [-89.069586, 48.489448], [-89.069761, 48.48952], [-89.069684, 48.489564], [-89.069353, 48.489582], [-89.06877, 48.489573], [-89.067935, 48.489538], [-89.067348, 48.489495]]]}}, {"type": "Feature", "properties": {"lead": 24, "temp": "t10"}, "geometry": {"type": "Polygon", "coordinates": [[[-89.090514, 48.484025], [-89.090514, 48.484029], [-89.090406, 48.484054], [-89.090298, 48.484076], [-89.090492, 48.484028], [-89.090514, 48.484025]]]}}, {"type": "Feature", "properties": {"lead": 24, "temp": "t10"}, "geometry": {"type": "Polygon", "coordinates": [[[-89.057464, 48.489511], [-89.05742, 48.489439], [-89.057393, 48.489315], [-89.057457, 48.489201], [-89.057501, 48.489172], [-89.057663, 48.489091], [-89.057979, 48.488993], [-89.058397, 48.488904], [-89.058839, 48.488844], [-89.059304, 48.488813], [-89.059793, 48.48881], [-89.060305, 48.488837], [-89.060746, 48.488886], [-89.061107, 48.488956], [-89.061114, 48.488982], [-89.060871, 48.489031], [-89.060372, 48.489074], [-89.059617, 48.489109], [-89.059011, 48.489143], [-89.058552, 48.489174], [-89.058242, 48.489203], [-89.058081, 48.48923], [-89.057936, 48.489272], [-89.057808, 48.48933], [-89.057696, 48.489404], [-89.057616, 48.48948], [-89.057516, 48.489526], [-89.057464, 48.489511]]]}}, {"type": "Feature", "properties": {"lead": 24, "temp": "t12far"}, "geometry": {"type": "Polygon", "coordinates": [[[-89.128872, 48.482358], [-89.128885, 48.482224], [-89.128949, 48.482088], [-89.129064, 48.48195], [-89.129229, 48.481809], [-89.129445, 48.481666], [-89.129795, 48.48153], [-89.13028, 48.481401], [-89.130901, 48.481278], [-89.131655, 48.481162], [-89.132222, 48.481102], [-89.132599, 48.481097], [-89.132788, 48.481149], [-89.132788, 48.481256], [-89.132636, 48.481358], [-89.132333, 48.481456], [-89.131878, 48.48155], [-89.131271, 48.481639], [-89.130722, 48.481755], [-89.13023, 48.481898], [-89.129795, 48.482068], [-89.129418, 48.482264], [-89.129138, 48.482378], [-89.128956, 48.482409], [-89.128872, 48.482358]]]}}, {"type": "Feature", "properties": {"lead": 24, "temp": "t12far"}, "geometry": {"type": "Polygon", "coordinates": [[[-89.102653, 48.486053], [-89.102262, 48.486026], [-89.101918, 48.485981], [-89.101622, 48.485919], [-89.101471, 48.48587], [-89.101399, 48.485821], [-89.101251, 48.485758], [-89.101165, 48.485738], [-89.100998, 48.485644], [-89.100857, 48.485551], [-89.100745, 48.485459], [-89.100664, 48.48537], [-89.100624, 48.485256], [-89.100624, 48.485118], [-89.100664, 48.484955], [-89.100745, 48.484768], [-89.100766, 48.48462], [-89.100725, 48.484513], [-89.100624, 48.484446], [-89.100462, 48.48442], [-89.100297, 48.484377], [-89.100139, 48.484323], [-89.100139, 48.484312], [-89.100098, 48.484277], [-89.100017, 48.484232], [-89.099957, 48.484212], [-89.099916, 48.484217], [-89.099912, 48.484223], [-89.099782, 48.484156], [-89.099589, 48.484092], [-89.099381, 48.484051], [-89.099155, 48.484036], [-89.098912, 48.484045], [-89.098457, 48.484121], [-89.09779, 48.484263], [-89.09691, 48.484473], [-89.095818, 48.48475], [-89.094932, 48.484986], [-89.094251, 48.485183], [-89.093776, 48.485339], [-89.093507, 48.485455], [-89.093274, 48.485522], [-89.093079, 48.48554], [-89.09292, 48.485508], [-89.092799, 48.485428], [-89.092762, 48.48531], [-89.092809, 48.485154], [-89.09282, 48.485137], [-89.092853, 48.485118], [-89.09292, 48.48506], [-89.092961, 48.485], [-89.092974, 48.484937], [-89.092969, 48.484929], [-89.093156, 48.484727], [-89.093298, 48.484553], [-89.093365, 48.484437], [-89.093358, 48.484379], [-89.093277, 48.484379], [-89.093207, 48.484357], [-89.093146, 48.484312], [-89.093095, 48.484246], [-89.093055, 48.484156], [-89.092971, 48.484076], [-89.092843, 48.484005], [-89.092671, 48.483942], [-89.092455, 48.483889], [-89.092121, 48.483877], [-89.091926, 48.483891], [-89.091821, 48.483875], [-89.091491, 48.483868], [-89.091127, 48.4839], [-89.09073, 48.483969], [-89.090298, 48.484076], [-89.090012, 48.484165], [-89.089943, 48.4842], [-89.089877, 48.484214], [-89.089493, 48.48433], [-89.08926, 48.484446], [-89.089179, 48.484562], [-89.089122, 48.484685], [-89.089088, 48.484814], [-89.089078, 48.484951], [-89.089089, 48.485068], [-89.089088, 48.485069], [-89.089068, 48.485091], [-89.089058, 48.485125], [-89.089058, 48.485169], [-89.089068, 48.485207], [-89.089079, 48.485225], [-89.089058, 48.485292], [-89.089011, 48.485348], [-89.088943, 48.485375], [-89.088927, 48.485415], [-89.08896, 48.485468], [-89.089045, 48.485535], [-89.089179, 48.485615], [-89.089189, 48.485669], [-89.089075, 48.485696], [-89.088836, 48.485696], [-89.088472, 48.485669], [-89.088212, 48.485647], [-89.088057, 48.485629], [-89.088007, 48.485615], [-89.088061, 48.485607], [-89.088094, 48.485542], [-89.088108, 48.485421], [-89.088101, 48.485245], [-89.088074, 48.485013], [-89.088114, 48.484779], [-89.088222, 48.484542], [-89.088398, 48.484304], [-89.08864, 48.484063], [-89.088964, 48.483846], [-89.089368, 48.483654], [-89.089853, 48.483487], [-89.09042, 48.483344], [-89.090905, 48.483237], [-89.091309, 48.483166], [-89.091633, 48.48313], [-89.091875, 48.48313], [-89.092115, 48.483148], [-89.092351, 48.483183], [-89.092583, 48.483237], [-89.092812, 48.483308], [-89.093021, 48.483391], [-89.09321, 48.483485], [-89.093378, 48.48359], [-89.093527, 48.483706], [-89.093655, 48.483831], [-89.093763, 48.483964], [-89.09385, 48.484107], [-89.093918, 48.484259], [-89.094241, 48.484304], [-89.094821, 48.484241], [-89.095657, 48.484072], [-89.096749, 48.483795], [-89.097645, 48.483585], [-89.098346, 48.483442], [-89.098851, 48.483366], [-89.099161, 48.483358], [-89.099485, 48.483389], [-89.099822, 48.48346], [-89.100172, 48.483572], [-89.100536, 48.483723], [-89.10084, 48.483873], [-89.101082, 48.48402], [-89.101264, 48.484165], [-89.101386, 48.484308], [-89.10148, 48.484451], [-89.101547, 48.484594], [-89.101588, 48.484736], [-89.101601, 48.484879], [-89.101713, 48.485049], [-89.101922, 48.485245], [-89.102228, 48.485468], [-89.102633, 48.485718], [-89.102838, 48.485899], [-89.102845, 48.48601], [-89.102653, 48.486053]], [[-89.08862, 48.484736], [-89.08858, 48.484736], [-89.088549, 48.48475], [-89.088529, 48.484777], [-89.088519, 48.484817], [-89.088519, 48.48487], [-89.088529, 48.484897], [-89.088549, 48.484897], [-89.08858, 48.48487], [-89.08862, 48.484817], [-89.08864, 48.484777], [-89.08864, 48.48475], [-89.08862, 48.484736]], [[-89.100644, 48.484272], [-89.100604, 48.484272], [-89.100574, 48.484279], [-89.100553, 48.484292], [-89.100543, 48.484312], [-89.100543, 48.484339], [-89.100553, 48.484353], [-89.100574, 48.484353], [-89.100604, 48.484339], [-89.100644, 48.484312], [-89.100664, 48.484292], [-89.100664, 48.484279], [-89.100644, 48.484272]]]}}, {"type": "Feature", "properties": {"lead": 24, "temp": "t12far"}, "geometry": {"type": "Polygon", "coordinates": [[[-89.065063, 48.489707], [-89.064632, 48.489689], [-89.064396, 48.489672], [-89.064356, 48.489654], [-89.064511, 48.489636], [-89.064861, 48.489618], [-89.065168, 48.489562], [-89.065431, 48.489468], [-89.06565, 48.489337], [-89.065825, 48.489167], [-89.066027, 48.489018], [-89.066256, 48.488888], [-89.066512, 48.488779], [-89.066796, 48.48869], [-89.067146, 48.48863], [-89.067564, 48.488598], [-89.068049, 48.488596], [-89.068602, 48.488623], [-89.069107, 48.488672], [-89.069566, 48.488743], [-89.069977, 48.488837], [-89.070341, 48.488953], [-89.070738, 48.48902], [-89.07117, 48.489038], [-89.071635, 48.489007], [-89.072134, 48.488926], [-89.07275, 48.488788], [-89.073485, 48.488592], [-89.074338, 48.488337], [-89.075308, 48.488025], [-89.07611, 48.487793], [-89.076744, 48.487641], [-89.077209, 48.48757], [-89.077506, 48.487579], [-89.077799, 48.487612], [-89.078089, 48.48767], [-89.078375, 48.487753], [-89.078658, 48.48786], [-89.078995, 48.487929], [-89.079386, 48.48796], [-89.079831, 48.487954], [-89.08033, 48.487909], [-89.080805, 48.487851], [-89.081256, 48.48778], [-89.081684, 48.487695], [-89.082089, 48.487597], [-89.082399, 48.487465], [-89.082615, 48.4873], [-89.082736, 48.487101], [-89.082763, 48.486869], [-89.082827, 48.486657], [-89.082928, 48.486466], [-89.083066, 48.486294], [-89.083241, 48.486142], [-89.08343, 48.48601], [-89.083632, 48.485899], [-89.083848, 48.485807], [-89.084077, 48.485736], [-89.084333, 48.485689], [-89.084616, 48.485667], [-89.084926, 48.485669], [-89.085263, 48.485696], [-89.085506, 48.485752], [-89.085654, 48.485836], [-89.085708, 48.48595], [-89.085668, 48.486093], [-89.085553, 48.4862], [-89.085364, 48.486271], [-89.085102, 48.486307], [-89.084765, 48.486307], [-89.084498, 48.486323], [-89.084303, 48.486354], [-89.084178, 48.486401], [-89.084124, 48.486463], [-89.084054, 48.48651], [-89.083966, 48.486541], [-89.083861, 48.486557], [-89.08374, 48.486557], [-89.083659, 48.486593], [-89.083619, 48.486664], [-89.083619, 48.486771], [-89.083659, 48.486914], [-89.083656, 48.487028], [-89.083609, 48.487113], [-89.083518, 48.487168], [-89.083383, 48.487195], [-89.083231, 48.487264], [-89.083063, 48.487376], [-89.082877, 48.48753], [-89.082675, 48.487726], [-89.082436, 48.487887], [-89.08216, 48.488012], [-89.081846, 48.488101], [-89.081496, 48.488154], [-89.081233, 48.488204], [-89.081058, 48.488248], [-89.08097, 48.488288], [-89.08097, 48.488324], [-89.080788, 48.488353], [-89.080424, 48.488375], [-89.079878, 48.488391], [-89.07915, 48.4884], [-89.078584, 48.488395], [-89.07818, 48.488378], [-89.077937, 48.488346], [-89.077856, 48.488302], [-89.077805, 48.488241], [-89.077785, 48.488166], [-89.077795, 48.488074], [-89.077836, 48.487967], [-89.077843, 48.487887], [-89.077816, 48.487833], [-89.077755, 48.487806], [-89.077661, 48.487806], [-89.07759, 48.487833], [-89.077543, 48.487887], [-89.077519, 48.487967], [-89.077519, 48.488074], [-89.077468, 48.488157], [-89.077367, 48.488215], [-89.077216, 48.488248], [-89.077014, 48.488257], [-89.076741, 48.488311], [-89.076397, 48.488409], [-89.075982, 48.488552], [-89.075533, 48.488725], [-89.075531, 48.488726], [-89.075463, 48.488743], [-89.075413, 48.488759], [-89.075379, 48.488772], [-89.075372, 48.488777], [-89.074965, 48.488902], [-89.074385, 48.48904], [-89.073758, 48.489154], [-89.073084, 48.489243], [-89.072545, 48.489326], [-89.07214, 48.489402], [-89.071871, 48.489471], [-89.071736, 48.489533], [-89.071541, 48.48958], [-89.071284, 48.489611], [-89.070968, 48.489627], [-89.07059, 48.489627], [-89.070263, 48.489609], [-89.069987, 48.489573], [-89.069761, 48.48952], [-89.069586, 48.489448], [-89.069377, 48.489388], [-89.069134, 48.489339], [-89.068858, 48.489301], [-89.068548, 48.489274], [-89.068268, 48.489254], [-89.068019, 48.489241], [-89.0678, 48.489234], [-89.067611, 48.489234], [-89.067429, 48.48925], [-89.067254, 48.489281], [-89.067085, 48.489328], [-89.066978, 48.48937], [-89.066721, 48.489422], [-89.066317, 48.489547], [-89.065906, 48.489636], [-89.065488, 48.489689], [-89.065063, 48.489707]]]}}, {"type": "Feature", "properties": {"lead": 24, "temp": "t12far"}, "geometry": {"type": "Polygon", "coordinates": [[[-89.063035, 48.489533], [-89.062617, 48.489471], [-89.06227, 48.489399], [-89.061993, 48.489319], [-89.061788, 48.48923], [-89.061653, 48.489132], [-89.061488, 48.489045], [-89.061292, 48.488969], [-89.061066, 48.488904], [-89.06081, 48.488851], [-89.06051, 48.488813], [-89.060167, 48.48879], [-89.059779, 48.488784], [-89.059348, 48.488793], [-89.058937, 48.488822], [-89.058546, 48.488871], [-89.058175, 48.48894], [-89.057824, 48.489029], [-89.057562, 48.489049], [-89.057386, 48.489], [-89.057299, 48.488882], [-89.057299, 48.488694], [-89.0574, 48.488534], [-89.057602, 48.4884], [-89.057905, 48.488293], [-89.05831, 48.488212], [-89.058768, 48.488161], [-89.05928, 48.488139], [-89.059846, 48.488146], [-89.060467, 48.488181], [-89.060989, 48.488228], [-89.061414, 48.488286], [-89.06174, 48.488355], [-89.06197, 48.488436], [-89.062226, 48.488563], [-89.062509, 48.488737], [-89.062819, 48.488958], [-89.063156, 48.489225], [-89.063304, 48.48941], [-89.063264, 48.489513], [-89.063035, 48.489533]]]}}, {"type": "Feature", "properties": {"lead": 48, "temp": "t12"}, "geometry": {"type": "Polygon", "coordinates": [[[-89.090895, 48.484143], [-89.090642, 48.484152], [-89.090332, 48.484143], [-89.090194, 48.484116], [-89.090227, 48.484072], [-89.090433, 48.484009], [-89.09081, 48.483929], [-89.091154, 48.483873], [-89.091464, 48.483842], [-89.091741, 48.483835], [-89.091983, 48.483853], [-89.092108, 48.483868], [-89.092115, 48.483882], [-89.092003, 48.483893], [-89.091774, 48.483902], [-89.091582, 48.483924], [-89.091427, 48.48396], [-89.091309, 48.484009], [-89.091228, 48.484072], [-89.09109, 48.484116], [-89.090895, 48.484143]]]}}, {"type": "Feature", "properties": {"lead": 48, "temp": "t12"}, "geometry": {"type": "Polygon", "coordinates": [[[-89.099418, 48.484156], [-89.099316, 48.484165], [-89.099182, 48.484165], [-89.099081, 48.484156], [-89.099013, 48.484138], [-89.098979, 48.484112], [-89.098979, 48.484076], [-89.099013, 48.484049], [-89.099081, 48.484031], [-89.099182, 48.484022], [-89.099316, 48.484022], [-89.099418, 48.484031], [-89.099485, 48.484049], [-89.099519, 48.484076], [-89.099519, 48.484112], [-89.099485, 48.484138], [-89.099418, 48.484156]]]}}, {"type": "Feature", "properties": {"lead": 48, "temp": "t12"}, "geometry": {"type": "Polygon", "coordinates": [[[-89.098353, 48.484152], [-89.098332, 48.484152], [-89.098332, 48.484143], [-89.098353, 48.484132], [-89.098393, 48.484118], [-89.098454, 48.484103], [-89.098535, 48.484085], [-89.098575, 48.484078], [-89.098575, 48.484083], [-89.098535, 48.484098], [-89.098454, 48.484125], [-89.098393, 48.484143], [-89.098353, 48.484152]]]}}, {"type": "Feature", "properties": {"lead": 48, "temp": "t12"}, "geometry": {"type": "Polygon", "coordinates": [[[-89.057464, 48.489511], [-89.05742, 48.489439], [-89.057393, 48.489315], [-89.057457, 48.489201], [-89.057612, 48.489098], [-89.057858, 48.489007], [-89.058195, 48.488926], [-89.058556, 48.488864], [-89.05894, 48.488819], [-89.059348, 48.488793], [-89.059779, 48.488784], [-89.06017, 48.488793], [-89.06052, 48.488819], [-89.060831, 48.488864], [-89.0611, 48.488926], [-89.061114, 48.488982], [-89.060871, 48.489031], [-89.060372, 48.489074], [-89.059617, 48.489109], [-89.059011, 48.489143], [-89.058552, 48.489174], [-89.058242, 48.489203], [-89.058081, 48.48923], [-89.057936, 48.489272], [-89.057808, 48.48933], [-89.057696, 48.489404], [-89.057602, 48.489493], [-89.057525, 48.489529], [-89.057464, 48.489511]]]}}, {"type": "Feature", "properties": {"lead": 48, "temp": "t12far"}, "geometry": {"type": "Polygon", "coordinates": [[[-89.129135, 48.481943], [-89.129135, 48.481896], [-89.129216, 48.48182], [-89.129377, 48.481715], [-89.12962, 48.481581], [-89.129977, 48.481456], [-89.130449, 48.48134], [-89.131035, 48.481233], [-89.131736, 48.481135], [-89.132262, 48.481075], [-89.132613, 48.481053], [-89.132788, 48.481068], [-89.132788, 48.481122], [-89.132626, 48.481182], [-89.132303, 48.481249], [-89.131817, 48.481323], [-89.13117, 48.481403], [-89.130631, 48.481492], [-89.1302, 48.48159], [-89.129876, 48.481697], [-89.12966, 48.481813], [-89.129478, 48.481896], [-89.12933, 48.481945], [-89.129216, 48.481961], [-89.129135, 48.481943]]]}}, {"type": "Feature", "properties": {"lead": 48, "temp": "t12far"}, "geometry": {"type": "Polygon", "coordinates": [[[-89.093682, 48.484286], [-89.093581, 48.48421], [-89.093513, 48.484138], [-89.09348, 48.484072], [-89.09348, 48.484009], [-89.093449, 48.483955], [-89.093389, 48.483911], [-89.093298, 48.483875], [-89.093176, 48.483848], [-89.092984, 48.483828], [-89.092721, 48.483815], [-89.092388, 48.483808], [-89.091983, 48.483808], [-89.091586, 48.483831], [-89.091494, 48.483841], [-89.091464, 48.483842], [-89.091154, 48.483873], [-89.09081, 48.483929], [-89.090433, 48.484009], [-89.090245, 48.484066], [-89.09012, 48.484089], [-89.08987, 48.484116], [-89.089685, 48.484112], [-89.089564, 48.484076], [-89.089462, 48.484072], [-89.089382, 48.484098], [-89.089321, 48.484156], [-89.08928, 48.484246], [-89.089196, 48.484299], [-89.089068, 48.484317], [-89.088896, 48.484299], [-89.088681, 48.484246], [-89.0886, 48.484161], [-89.088654, 48.484045], [-89.088842, 48.483897], [-89.089166, 48.483719], [-89.08957, 48.483565], [-89.090056, 48.483436], [-89.090622, 48.483331], [-89.091269, 48.48325], [-89.091835, 48.483224], [-89.09232, 48.48325], [-89.092725, 48.483331], [-89.093048, 48.483465], [-89.093321, 48.483616], [-89.093544, 48.483786], [-89.093715, 48.483973], [-89.093837, 48.484179], [-89.093894, 48.484312], [-89.093887, 48.484375], [-89.093817, 48.484366], [-89.093682, 48.484286]]]}}, {"type": "Feature", "properties": {"lead": 48, "temp": "t12far"}, "geometry": {"type": "Polygon", "coordinates": [[[-89.095104, 48.484951], [-89.095003, 48.484944], [-89.094949, 48.484931], [-89.094942, 48.48491], [-89.094983, 48.484884], [-89.094949, 48.484841], [-89.094841, 48.484783], [-89.094659, 48.48471], [-89.094403, 48.48462], [-89.094497, 48.484482], [-89.094942, 48.484295], [-89.095737, 48.484058], [-89.096883, 48.483773], [-89.097851, 48.483569], [-89.098639, 48.483449], [-89.099249, 48.483411], [-89.09968, 48.483456], [-89.100081, 48.483552], [-89.100452, 48.483699], [-89.100793, 48.483897], [-89.101103, 48.484147], [-89.101325, 48.484339], [-89.10146, 48.484473], [-89.101507, 48.484549], [-89.101467, 48.484567], [-89.101403, 48.48456], [-89.101315, 48.484529], [-89.101204, 48.484473], [-89.101069, 48.484393], [-89.100968, 48.484317], [-89.1009, 48.484246], [-89.100867, 48.484179], [-89.100867, 48.484116], [-89.100729, 48.484069], [-89.100452, 48.484038], [-89.100038, 48.484022], [-89.099485, 48.484022], [-89.099375, 48.484028], [-89.099316, 48.484022], [-89.099182, 48.484022], [-89.099081, 48.484031], [-89.099034, 48.484044], [-89.099013, 48.484045], [-89.098622, 48.484089], [-89.098445, 48.484128], [-89.098454, 48.484125], [-89.098535, 48.484098], [-89.098575, 48.484083], [-89.098575, 48.484078], [-89.098535, 48.484085], [-89.098454, 48.484103], [-89.098393, 48.484118], [-89.098353, 48.484132], [-89.098332, 48.484143], [-89.098332, 48.484152], [-89.098333, 48.484152], [-89.098312, 48.484156], [-89.098083, 48.484246], [-89.097894, 48.484299], [-89.097746, 48.484317], [-89.097638, 48.484299], [-89.097571, 48.484246], [-89.097507, 48.484225], [-89.097446, 48.484239], [-89.097389, 48.484286], [-89.097335, 48.484366], [-89.097241, 48.484426], [-89.097106, 48.484466], [-89.09693, 48.484487], [-89.096715, 48.484487], [-89.096496, 48.484516], [-89.096273, 48.484574], [-89.096048, 48.484661], [-89.095818, 48.484777], [-89.095609, 48.484864], [-89.095421, 48.484922], [-89.095252, 48.484951], [-89.095104, 48.484951]]]}}, {"type": "Feature", "properties": {"lead": 48, "temp": "t12far"}, "geometry": {"type": "Polygon", "coordinates": [[[-89.088101, 48.484705], [-89.088125, 48.484632], [-89.088145, 48.484582], [-89.088162, 48.484558], [-89.088175, 48.484558], [-89.088175, 48.484582], [-89.088162, 48.484632], [-89.088135, 48.484705], [-89.088094, 48.484803], [-89.088071, 48.484852], [-89.088064, 48.484852], [-89.088074, 48.484803], [-89.088101, 48.484705]]]}}, {"type": "Feature", "properties": {"lead": 48, "temp": "t12far"}, "geometry": {"type": "Polygon", "coordinates": [[[-89.084947, 48.485879], [-89.084845, 48.485863], [-89.084778, 48.485832], [-89.084744, 48.485785], [-89.084744, 48.485723], [-89.084788, 48.485678], [-89.084876, 48.485651], [-89.085007, 48.485642], [-89.085182, 48.485651], [-89.08529, 48.485662], [-89.085331, 48.485676], [-89.085304, 48.485691], [-89.085209, 48.485709], [-89.085152, 48.485731], [-89.085132, 48.485758], [-89.085149, 48.485789], [-89.085203, 48.485825], [-89.085209, 48.485852], [-89.085169, 48.48587], [-89.085081, 48.485879], [-89.084947, 48.485879]]]}}, {"type": "Feature", "properties": {"lead": 48, "temp": "t12far"}, "geometry": {"type": "Polygon", "coordinates": [[[-89.082817, 48.486985], [-89.082756, 48.486972], [-89.082716, 48.486945], [-89.082695, 48.486905], [-89.082695, 48.486852], [-89.082722, 48.486773], [-89.082776, 48.486671], [-89.082857, 48.486544], [-89.082965, 48.486392], [-89.083103, 48.486249], [-89.083272, 48.486115], [-89.083471, 48.48599], [-89.0837, 48.485874], [-89.083895, 48.485789], [-89.084057, 48.485736], [-89.084185, 48.485714], [-89.084279, 48.485723], [-89.08434, 48.485758], [-89.084367, 48.485821], [-89.08436, 48.48591], [-89.08432, 48.486026], [-89.084246, 48.48612], [-89.084138, 48.486191], [-89.083996, 48.48624], [-89.083821, 48.486267], [-89.083656, 48.486329], [-89.083501, 48.486428], [-89.083356, 48.486561], [-89.083221, 48.486731], [-89.0831, 48.486858], [-89.082992, 48.486943], [-89.082898, 48.486985], [-89.082817, 48.486985]]]}}, {"type": "Feature", "properties": {"lead": 48, "temp": "t12far"}, "geometry": {"type": "Polygon", "coordinates": [[[-89.079029, 48.488128], [-89.078675, 48.488094], [-89.078399, 48.488027], [-89.0782, 48.487927], [-89.078078, 48.487793], [-89.078062, 48.487719], [-89.078149, 48.487706], [-89.078341, 48.487753], [-89.078638, 48.48786], [-89.078978, 48.487929], [-89.079362, 48.48796], [-89.07979, 48.487954], [-89.080262, 48.487909], [-89.080562, 48.487893], [-89.08069, 48.487907], [-89.080646, 48.487949], [-89.080431, 48.488021], [-89.080161, 48.488074], [-89.079838, 48.48811], [-89.07946, 48.488128], [-89.079029, 48.488128]]]}}, {"type": "Feature", "properties": {"lead": 48, "temp": "t12far"}, "geometry": {"type": "Polygon", "coordinates": [[[-89.069805, 48.489364], [-89.069421, 48.489337], [-89.069101, 48.489297], [-89.068845, 48.489243], [-89.06847, 48.489214], [-89.067978, 48.48921], [-89.067368, 48.48923], [-89.06664, 48.489274], [-89.066128, 48.489281], [-89.065832, 48.48925], [-89.065751, 48.489181], [-89.065886, 48.489074], [-89.066057, 48.488971], [-89.066266, 48.488873], [-89.066512, 48.488779], [-89.066796, 48.48869], [-89.067146, 48.48863], [-89.067564, 48.488598], [-89.068049, 48.488596], [-89.068602, 48.488623], [-89.069097, 48.488672], [-89.069535, 48.488743], [-89.069916, 48.488837], [-89.07024, 48.488953], [-89.07054, 48.489036], [-89.070816, 48.489085], [-89.071069, 48.4891], [-89.071298, 48.489083], [-89.071719, 48.489004], [-89.072333, 48.488866], [-89.073138, 48.488668], [-89.074135, 48.488409], [-89.074931, 48.48819], [-89.075524, 48.488012], [-89.075915, 48.487873], [-89.076104, 48.487775], [-89.076306, 48.487697], [-89.076521, 48.487639], [-89.076751, 48.487601], [-89.076993, 48.487583], [-89.077165, 48.487599], [-89.077266, 48.487648], [-89.077297, 48.487731], [-89.077256, 48.487847], [-89.077152, 48.487963], [-89.076983, 48.488079], [-89.076751, 48.488195], [-89.076454, 48.488311], [-89.075972, 48.48844], [-89.075305, 48.488583], [-89.074452, 48.488739], [-89.073414, 48.488909], [-89.072616, 48.489049], [-89.072056, 48.489161], [-89.071736, 48.489243], [-89.071655, 48.489297], [-89.071466, 48.489337], [-89.07117, 48.489364], [-89.070765, 48.489377], [-89.070253, 48.489377], [-89.069805, 48.489364]], [[-89.066745, 48.489165], [-89.066738, 48.48917], [-89.066735, 48.489176], [-89.066735, 48.489185], [-89.066738, 48.48919], [-89.066745, 48.48919], [-89.066755, 48.489185], [-89.066769, 48.489176], [-89.066775, 48.48917], [-89.066775, 48.489165], [-89.066769, 48.489163], [-89.066755, 48.489163], [-89.066745, 48.489165]]]}}, {"type": "Feature", "properties": {"lead": 48, "temp": "t12far"}, "geometry": {"type": "Polygon", "coordinates": [[[-89.060834, 48.488844], [-89.060328, 48.488795], [-89.0599, 48.48877], [-89.05955, 48.48877], [-89.059179, 48.488795], [-89.059032, 48.488813], [-89.05894, 48.488819], [-89.058556, 48.488864], [-89.058195, 48.488926], [-89.057858, 48.489007], [-89.057802, 48.489027], [-89.057622, 48.489042], [-89.057407, 48.488998], [-89.057299, 48.488882], [-89.057299, 48.488694], [-89.0574, 48.488534], [-89.057602, 48.4884], [-89.057905, 48.488293], [-89.05831, 48.488212], [-89.058714, 48.488152], [-89.059119, 48.488112], [-89.059523, 48.488092], [-89.059927, 48.488092], [-89.060322, 48.488112], [-89.060706, 48.488152], [-89.06108, 48.488212], [-89.061444, 48.488293], [-89.061784, 48.4884], [-89.062101, 48.488534], [-89.062394, 48.488694], [-89.062664, 48.488882], [-89.062701, 48.488998], [-89.062505, 48.489042], [-89.062077, 48.489016], [-89.061417, 48.488917], [-89.060834, 48.488844]]]}}, {"type": "Feature", "properties": {"lead": 72, "temp": "t12"}, "geometry": {"type": "Polygon", "coordinates": [[[-89.090854, 48.484243], [-89.090581, 48.484246], [-89.090231, 48.484228], [-89.090072, 48.48419], [-89.090106, 48.484132], [-89.090332, 48.484054], [-89.09075, 48.483955], [-89.091131, 48.483889], [-89.091474, 48.483853], [-89.091781, 48.483848], [-89.092051, 48.483875], [-89.092179, 48.483902], [-89.092165, 48.483929], [-89.09201, 48.483955], [-89.091714, 48.483982], [-89.091481, 48.484018], [-89.091313, 48.484063], [-89.091208, 48.484116], [-89.091168, 48.484179], [-89.09105, 48.484221], [-89.090854, 48.484243]]]}}, {"type": "Feature", "properties": {"lead": 72, "temp": "t12"}, "geometry": {"type": "Polygon", "coordinates": [[[-89.099215, 48.484299], [-89.099121, 48.484246], [-89.09901, 48.484203], [-89.098882, 48.484172], [-89.098737, 48.484152], [-89.098575, 48.484143], [-89.098548, 48.484136], [-89.098656, 48.484132], [-89.098899, 48.48413], [-89.099276, 48.48413], [-89.099529, 48.484145], [-89.099657, 48.484176], [-89.09966, 48.484223], [-89.099539, 48.484286], [-89.099424, 48.484319], [-89.099316, 48.484324], [-89.099215, 48.484299]]]}}, {"type": "Feature", "properties": {"lead": 72, "temp": "t12"}, "geometry": {"type": "Polygon", "coordinates": [[[-89.097207, 48.48458], [-89.097032, 48.484571], [-89.096984, 48.484545], [-89.097065, 48.4845], [-89.097274, 48.484437], [-89.097611, 48.484357], [-89.097864, 48.484306], [-89.098032, 48.484283], [-89.098117, 48.48429], [-89.098117, 48.484326], [-89.098076, 48.484366], [-89.097995, 48.484411], [-89.097874, 48.48446], [-89.097712, 48.484513], [-89.097547, 48.484551], [-89.097379, 48.484574], [-89.097207, 48.48458]]]}}, {"type": "Feature", "properties": {"lead": 72, "temp": "t12"}, "geometry": {"type": "Polygon", "coordinates": [[[-89.095542, 48.485044], [-89.095299, 48.485035], [-89.095222, 48.485002], [-89.095309, 48.484944], [-89.095562, 48.484861], [-89.09598, 48.484754], [-89.096294, 48.484683], [-89.096502, 48.484647], [-89.096607, 48.484647], [-89.096607, 48.484683], [-89.096563, 48.48473], [-89.096476, 48.484788], [-89.096344, 48.484857], [-89.096169, 48.484937], [-89.095977, 48.484995], [-89.095768, 48.485031], [-89.095542, 48.485044]]]}}, {"type": "Feature", "properties": {"lead": 72, "temp": "t12"}, "geometry": {"type": "Polygon", "coordinates": [[[-89.092651, 48.485214], [-89.092637, 48.485151], [-89.092651, 48.485098], [-89.092691, 48.485053], [-89.092758, 48.485018], [-89.092853, 48.484991], [-89.09292, 48.48498], [-89.092961, 48.484984], [-89.092974, 48.485004], [-89.092961, 48.48504], [-89.092934, 48.48508], [-89.092893, 48.485125], [-89.092839, 48.485174], [-89.092772, 48.485227], [-89.092718, 48.485252], [-89.092677, 48.485247], [-89.092651, 48.485214]]]}}, {"type": "Feature", "properties": {"lead": 72, "temp": "t12"}, "geometry": {"type": "Polygon", "coordinates": [[[-89.05742, 48.489439], [-89.057393, 48.489315], [-89.057477, 48.489199], [-89.057673, 48.489091], [-89.057979, 48.488993], [-89.058397, 48.488904], [-89.058798, 48.488837], [-89.059183, 48.488793], [-89.05955, 48.48877], [-89.0599, 48.48877], [-89.060254, 48.488799], [-89.060611, 48.488857], [-89.060972, 48.488944], [-89.061336, 48.48906], [-89.061376, 48.489149], [-89.061093, 48.489212], [-89.060487, 48.489248], [-89.059557, 48.489257], [-89.058815, 48.489286], [-89.058263, 48.489335], [-89.057899, 48.489404], [-89.057723, 48.489493], [-89.057585, 48.489529], [-89.057484, 48.489511], [-89.05742, 48.489439]]]}}, {"type": "Feature", "properties": {"lead": 72, "temp": "t12"}, "geometry": {"type": "Polygon", "coordinates": [[[-89.068737, 48.489453], [-89.068022, 48.489408], [-89.067557, 48.489368], [-89.067341, 48.489332], [-89.067375, 48.489301], [-89.067658, 48.489274], [-89.067948, 48.489261], [-89.068245, 48.489261], [-89.068548, 48.489274], [-89.068858, 48.489301], [-89.069121, 48.489332], [-89.069337, 48.489368], [-89.069505, 48.489408], [-89.069626, 48.489453], [-89.069539, 48.489475], [-89.069242, 48.489475], [-89.068737, 48.489453]]]}}, {"type": "Feature", "properties": {"lead": 72, "temp": "t12far"}, "geometry": {"type": "Polygon", "coordinates": [[[-89.12902, 48.48201], [-89.129111, 48.481887], [-89.129226, 48.481776], [-89.129364, 48.481675], [-89.129526, 48.481586], [-89.129836, 48.48149], [-89.130294, 48.481387], [-89.130901, 48.481278], [-89.131655, 48.481162], [-89.132222, 48.481095], [-89.132599, 48.481077], [-89.132788, 48.481108], [-89.132788, 48.481189], [-89.13266, 48.481262], [-89.132404, 48.481329], [-89.132019, 48.48139], [-89.131507, 48.481443], [-89.131123, 48.481492], [-89.130867, 48.481537], [-89.130739, 48.481577], [-89.130739, 48.481613], [-89.130631, 48.481666], [-89.130415, 48.481738], [-89.130092, 48.481827], [-89.12966, 48.481934], [-89.129327, 48.48203], [-89.129091, 48.482115], [-89.128953, 48.482188], [-89.128912, 48.482251], [-89.128899, 48.482264], [-89.128912, 48.482228], [-89.128953, 48.482144], [-89.12902, 48.48201]]]}}, {"type": "Feature", "properties": {"lead": 72, "temp": "t12far"}, "geometry": {"type": "Polygon", "coordinates": [[[-89.093055, 48.485348], [-89.092883, 48.485305], [-89.092795, 48.485247], [-89.092794, 48.48521], [-89.092839, 48.485174], [-89.092893, 48.485125], [-89.092934, 48.48508], [-89.092961, 48.48504], [-89.092973, 48.485008], [-89.092977, 48.485004], [-89.093105, 48.484933], [-89.093257, 48.48487], [-89.093432, 48.484817], [-89.093564, 48.484748], [-89.093651, 48.484663], [-89.093695, 48.484562], [-89.093695, 48.484446], [-89.093672, 48.484359], [-89.093624, 48.484301], [-89.093554, 48.484272], [-89.093459, 48.484272], [-89.093378, 48.48425], [-89.093311, 48.484205], [-89.093257, 48.484138], [-89.093217, 48.484049], [-89.093075, 48.483976], [-89.092833, 48.483918], [-89.092489, 48.483875], [-89.092044, 48.483848], [-89.091793, 48.48385], [-89.091781, 48.483848], [-89.091649, 48.48385], [-89.091586, 48.483851], [-89.091574, 48.483851], [-89.091474, 48.483853], [-89.091338, 48.483867], [-89.091114, 48.483882], [-89.090628, 48.483942], [-89.09013, 48.484031], [-89.089722, 48.484125], [-89.089405, 48.484223], [-89.089179, 48.484326], [-89.089045, 48.484433], [-89.088903, 48.484498], [-89.088755, 48.48452], [-89.0886, 48.4845], [-89.088438, 48.484437], [-89.088387, 48.484341], [-89.088448, 48.484212], [-89.08862, 48.484049], [-89.088903, 48.483853], [-89.089237, 48.483679], [-89.089621, 48.483527], [-89.090056, 48.483398], [-89.090541, 48.483291], [-89.090966, 48.48321], [-89.091329, 48.483157], [-89.091633, 48.48313], [-89.091875, 48.48313], [-89.092115, 48.483148], [-89.092351, 48.483183], [-89.092583, 48.483237], [-89.092812, 48.483308], [-89.093021, 48.483391], [-89.09321, 48.483485], [-89.093378, 48.48359], [-89.093527, 48.483706], [-89.093655, 48.483831], [-89.093763, 48.483964], [-89.09385, 48.484107], [-89.093918, 48.484259], [-89.094241, 48.484304], [-89.094821, 48.484241], [-89.095657, 48.484072], [-89.096749, 48.483795], [-89.097645, 48.483585], [-89.098346, 48.483442], [-89.098851, 48.483366], [-89.099161, 48.483358], [-89.099485, 48.483389], [-89.099822, 48.48346], [-89.100172, 48.483572], [-89.100536, 48.483723], [-89.10085, 48.483911], [-89.101113, 48.484134], [-89.101325, 48.484393], [-89.101487, 48.484687], [-89.101598, 48.48491], [-89.101659, 48.485062], [-89.101669, 48.485142], [-89.101628, 48.485151], [-89.101588, 48.485145], [-89.101547, 48.485122], [-89.101507, 48.485084], [-89.101467, 48.485031], [-89.101413, 48.484991], [-89.101345, 48.484964], [-89.101264, 48.484951], [-89.10117, 48.484951], [-89.101123, 48.484928], [-89.101123, 48.484884], [-89.10117, 48.484817], [-89.101264, 48.484727], [-89.101301, 48.484647], [-89.101281, 48.484576], [-89.101204, 48.484513], [-89.101069, 48.48446], [-89.100968, 48.484406], [-89.1009, 48.484353], [-89.100867, 48.484299], [-89.100867, 48.484246], [-89.100816, 48.484212], [-89.100715, 48.484199], [-89.100563, 48.484205], [-89.100361, 48.484232], [-89.100176, 48.484237], [-89.100007, 48.484219], [-89.099856, 48.484179], [-89.099721, 48.484116], [-89.099569, 48.484069], [-89.099401, 48.484038], [-89.099215, 48.484022], [-89.099013, 48.484022], [-89.098653, 48.484083], [-89.098134, 48.484203], [-89.097456, 48.484384], [-89.09662, 48.484625], [-89.096529, 48.484647], [-89.096502, 48.484647], [-89.096294, 48.484683], [-89.09598, 48.484754], [-89.095562, 48.484861], [-89.095545, 48.484867], [-89.095262, 48.484919], [-89.09474, 48.484973], [-89.094322, 48.484964], [-89.094009, 48.484986], [-89.0938, 48.48504], [-89.093695, 48.485125], [-89.093695, 48.485241], [-89.093631, 48.485321], [-89.093503, 48.485366], [-89.093311, 48.485375], [-89.093055, 48.485348]]]}}, {"type": "Feature", "properties": {"lead": 72, "temp": "t12far"}, "geometry": {"type": "Polygon", "coordinates": [[[-89.088155, 48.485348], [-89.088101, 48.485272], [-89.088074, 48.485147], [-89.088074, 48.484973], [-89.088101, 48.48475], [-89.088125, 48.484638], [-89.088145, 48.484638], [-89.088162, 48.48475], [-89.088175, 48.484973], [-89.088195, 48.485147], [-89.088222, 48.485272], [-89.088256, 48.485348], [-89.088296, 48.485375], [-89.088307, 48.485388], [-89.088286, 48.485388], [-89.088236, 48.485375], [-89.088155, 48.485348]]]}}, {"type": "Feature", "properties": {"lead": 72, "temp": "t12far"}, "geometry": {"type": "Polygon", "coordinates": [[[-89.102053, 48.485495], [-89.101891, 48.485439], [-89.101783, 48.485381], [-89.101729, 48.485321], [-89.101729, 48.485258], [-89.101767, 48.485227], [-89.101841, 48.485227], [-89.101952, 48.485258], [-89.1021, 48.485321], [-89.102228, 48.485381], [-89.102336, 48.485439], [-89.102424, 48.485495], [-89.102491, 48.485549], [-89.102488, 48.485575], [-89.102414, 48.485575], [-89.102269, 48.485549], [-89.102053, 48.485495]]]}}, {"type": "Feature", "properties": {"lead": 72, "temp": "t12far"}, "geometry": {"type": "Polygon", "coordinates": [[[-89.084643, 48.485883], [-89.084674, 48.485758], [-89.084775, 48.485678], [-89.084947, 48.485642], [-89.085189, 48.485651], [-89.085375, 48.485671], [-89.085503, 48.485702], [-89.085573, 48.485745], [-89.085587, 48.485798], [-89.085563, 48.485845], [-89.085503, 48.485885], [-89.085405, 48.485919], [-89.08527, 48.485946], [-89.085149, 48.485986], [-89.085041, 48.486039], [-89.084947, 48.486106], [-89.084866, 48.486187], [-89.084795, 48.486204], [-89.084734, 48.48616], [-89.084684, 48.486053], [-89.084643, 48.485883]]]}}, {"type": "Feature", "properties": {"lead": 72, "temp": "t12far"}, "geometry": {"type": "Polygon", "coordinates": [[[-89.082756, 48.486985], [-89.082739, 48.486854], [-89.082746, 48.486733], [-89.082776, 48.486624], [-89.08283, 48.486526], [-89.082908, 48.486423], [-89.083009, 48.486316], [-89.083134, 48.486204], [-89.083282, 48.486088], [-89.08345, 48.485986], [-89.083639, 48.485897], [-89.083848, 48.485821], [-89.084077, 48.485758], [-89.084249, 48.485745], [-89.084364, 48.485781], [-89.084421, 48.485865], [-89.084421, 48.485999], [-89.084357, 48.486113], [-89.084229, 48.486207], [-89.084037, 48.48628], [-89.083781, 48.486334], [-89.083588, 48.486403], [-89.08346, 48.486488], [-89.083396, 48.486588], [-89.083396, 48.486704], [-89.083363, 48.48682], [-89.083295, 48.486936], [-89.083194, 48.487052], [-89.083059, 48.487168], [-89.082948, 48.48722], [-89.082861, 48.487206], [-89.082797, 48.487128], [-89.082756, 48.486985]]]}}, {"type": "Feature", "properties": {"lead": 72, "temp": "t12far"}, "geometry": {"type": "Polygon", "coordinates": [[[-89.064868, 48.489667], [-89.064821, 48.489645], [-89.064848, 48.489627], [-89.064949, 48.489614], [-89.065124, 48.489605], [-89.065299, 48.489555], [-89.065474, 48.489466], [-89.06565, 48.489337], [-89.065825, 48.489167], [-89.066027, 48.489018], [-89.066256, 48.488888], [-89.066512, 48.488779], [-89.066796, 48.48869], [-89.067146, 48.48863], [-89.067564, 48.488598], [-89.068049, 48.488596], [-89.068602, 48.488623], [-89.069107, 48.488672], [-89.069566, 48.488743], [-89.069977, 48.488837], [-89.070341, 48.488953], [-89.070738, 48.48902], [-89.07117, 48.489038], [-89.071635, 48.489007], [-89.072134, 48.488926], [-89.07275, 48.488788], [-89.073485, 48.488592], [-89.074338, 48.488337], [-89.075308, 48.488025], [-89.07611, 48.487793], [-89.076744, 48.487641], [-89.077209, 48.48757], [-89.077506, 48.487579], [-89.077799, 48.487612], [-89.078089, 48.48767], [-89.078375, 48.487753], [-89.078658, 48.48786], [-89.079062, 48.487913], [-89.079588, 48.487913], [-89.080235, 48.48786], [-89.081004, 48.487753], [-89.08156, 48.487693], [-89.081903, 48.487679], [-89.082035, 48.487713], [-89.081954, 48.487793], [-89.081809, 48.487873], [-89.0816, 48.487954], [-89.081327, 48.488034], [-89.08099, 48.488114], [-89.080596, 48.488175], [-89.080144, 48.488215], [-89.079635, 48.488235], [-89.079069, 48.488235], [-89.078624, 48.488201], [-89.078301, 48.488134], [-89.078099, 48.488034], [-89.078018, 48.4879], [-89.077923, 48.4878], [-89.077816, 48.487733], [-89.077694, 48.487699], [-89.077559, 48.487699], [-89.077438, 48.487733], [-89.07733, 48.4878], [-89.077236, 48.4879], [-89.077155, 48.488034], [-89.076966, 48.48817], [-89.07667, 48.488308], [-89.076265, 48.488449], [-89.075753, 48.488592], [-89.075369, 48.488708], [-89.075113, 48.488797], [-89.074985, 48.488859], [-89.074985, 48.488895], [-89.07488, 48.488929], [-89.074671, 48.48896], [-89.074358, 48.488989], [-89.07394, 48.489016], [-89.073633, 48.489042], [-89.073438, 48.489069], [-89.073354, 48.489096], [-89.073381, 48.489123], [-89.073283, 48.489156], [-89.07306, 48.489196], [-89.072713, 48.489243], [-89.072242, 48.489297], [-89.071888, 48.489346], [-89.071652, 48.48939], [-89.071534, 48.489431], [-89.071534, 48.489466], [-89.071271, 48.489475], [-89.070745, 48.489457], [-89.069957, 48.489413], [-89.069351, 48.489372], [-89.069337, 48.489368], [-89.069121, 48.489332], [-89.068858, 48.489301], [-89.068548, 48.489274], [-89.068245, 48.489261], [-89.067948, 48.489261], [-89.067658, 48.489274], [-89.067375, 48.489301], [-89.067341, 48.489332], [-89.067382, 48.489339], [-89.067186, 48.489346], [-89.066519, 48.489422], [-89.06598, 48.489547], [-89.065545, 48.489634], [-89.065215, 48.489683], [-89.064989, 48.489694], [-89.064868, 48.489667]]]}}, {"type": "Feature", "properties": {"lead": 72, "temp": "t12far"}, "geometry": {"type": "Polygon", "coordinates": [[[-89.062448, 48.48931], [-89.062074, 48.489259], [-89.061703, 48.489183], [-89.061348, 48.489086], [-89.061336, 48.48906], [-89.060972, 48.488944], [-89.060611, 48.488857], [-89.060254, 48.488799], [-89.0599, 48.48877], [-89.05955, 48.48877], [-89.059183, 48.488793], [-89.058798, 48.488837], [-89.058757, 48.488844], [-89.058546, 48.488871], [-89.058175, 48.48894], [-89.057824, 48.489029], [-89.057562, 48.489049], [-89.057386, 48.489], [-89.057299, 48.488882], [-89.057299, 48.488694], [-89.0574, 48.488534], [-89.057602, 48.4884], [-89.057905, 48.488293], [-89.05831, 48.488212], [-89.058714, 48.488152], [-89.059119, 48.488112], [-89.059523, 48.488092], [-89.059927, 48.488092], [-89.060342, 48.488121], [-89.060766, 48.488179], [-89.061201, 48.488266], [-89.061646, 48.488382], [-89.062047, 48.48852], [-89.062404, 48.488681], [-89.062718, 48.488864], [-89.062987, 48.489069], [-89.063095, 48.489216], [-89.063041, 48.489306], [-89.062826, 48.489337], [-89.062448, 48.48931]]]}}, {"type": "Feature", "properties": {"lead": 96, "temp": "t12"}, "geometry": {"type": "Polygon", "coordinates": [[[-89.099215, 48.484299], [-89.099121, 48.484246], [-89.09901, 48.484203], [-89.098882, 48.484172], [-89.098737, 48.484152], [-89.098575, 48.484143], [-89.098548, 48.484136], [-89.098656, 48.484132], [-89.098899, 48.48413], [-89.099276, 48.48413], [-89.099529, 48.484145], [-89.099657, 48.484176], [-89.09966, 48.484223], [-89.099539, 48.484286], [-89.099424, 48.484319], [-89.099316, 48.484324], [-89.099215, 48.484299]]]}}, {"type": "Feature", "properties": {"lead": 96, "temp": "t12"}, "geometry": {"type": "Polygon", "coordinates": [[[-89.097153, 48.484594], [-89.096961, 48.484591], [-89.096833, 48.484587], [-89.096769, 48.48458], [-89.096769, 48.484571], [-89.096863, 48.48454], [-89.097052, 48.484487], [-89.097335, 48.484411], [-89.097712, 48.484312], [-89.097965, 48.484266], [-89.098093, 48.48427], [-89.098097, 48.484326], [-89.097975, 48.484433], [-89.09782, 48.484513], [-89.097631, 48.484567], [-89.097409, 48.484594], [-89.097153, 48.484594]]]}}, {"type": "Feature", "properties": {"lead": 96, "temp": "t12"}, "geometry": {"type": "Polygon", "coordinates": [[[-89.095899, 48.484768], [-89.096219, 48.48471], [-89.096388, 48.48471], [-89.096405, 48.484768], [-89.09627, 48.484884], [-89.096085, 48.484971], [-89.095849, 48.485029], [-89.095562, 48.485058], [-89.095225, 48.485058], [-89.09509, 48.485029], [-89.095158, 48.484971], [-89.095427, 48.484884], [-89.095899, 48.484768]]]}}, {"type": "Feature", "properties": {"lead": 96, "temp": "t12"}, "geometry": {"type": "Polygon", "coordinates": [[[-89.092651, 48.485214], [-89.092637, 48.485151], [-89.092651, 48.485098], [-89.092691, 48.485053], [-89.092758, 48.485018], [-89.092853, 48.484991], [-89.09292, 48.48498], [-89.092961, 48.484984], [-89.092974, 48.485004], [-89.092961, 48.48504], [-89.092934, 48.48508], [-89.092893, 48.485125], [-89.092839, 48.485174], [-89.092772, 48.485227], [-89.092718, 48.485252], [-89.092677, 48.485247], [-89.092651, 48.485214]]]}}, {"type": "Feature", "properties": {"lead": 96, "temp": "t12"}, "geometry": {"type": "Polygon", "coordinates": [[[-89.093965, 48.485285], [-89.093978, 48.485274], [-89.094005, 48.485261], [-89.094046, 48.485245], [-89.0941, 48.485227], [-89.094127, 48.485221], [-89.094127, 48.485225], [-89.0941, 48.485241], [-89.094046, 48.485267], [-89.094005, 48.485285], [-89.093978, 48.485294], [-89.093965, 48.485294], [-89.093965, 48.485285]]]}}, {"type": "Feature", "properties": {"lead": 96, "temp": "t12"}, "geometry": {"type": "Polygon", "coordinates": [[[-89.093587, 48.485522], [-89.093507, 48.48552], [-89.093453, 48.485515], [-89.093426, 48.485508], [-89.093426, 48.485499], [-89.093453, 48.485486], [-89.093507, 48.485468], [-89.093587, 48.485446], [-89.093695, 48.485419], [-89.093776, 48.485408], [-89.09383, 48.485412], [-89.093857, 48.485433], [-89.093857, 48.485468], [-89.09383, 48.485495], [-89.093776, 48.485513], [-89.093695, 48.485522], [-89.093587, 48.485522]]]}}, {"type": "Feature", "properties": {"lead": 96, "temp": "t12"}, "geometry": {"type": "Polygon", "coordinates": [[[-89.090022, 48.484326], [-89.089874, 48.48429], [-89.08987, 48.484237], [-89.090012, 48.484165], [-89.090298, 48.484076], [-89.09073, 48.483969], [-89.091127, 48.4839], [-89.091491, 48.483868], [-89.091821, 48.483875], [-89.092118, 48.48392], [-89.092314, 48.483955], [-89.092408, 48.483982], [-89.092401, 48.484], [-89.092293, 48.484009], [-89.092192, 48.484009], [-89.092098, 48.484], [-89.09201, 48.483982], [-89.091929, 48.483955], [-89.091825, 48.483958], [-89.091697, 48.483989], [-89.091545, 48.484049], [-89.09137, 48.484138], [-89.091185, 48.484199], [-89.090989, 48.48423], [-89.090784, 48.484232], [-89.090568, 48.484205], [-89.090406, 48.484199], [-89.090298, 48.484212], [-89.090244, 48.484246], [-89.090244, 48.484299], [-89.090207, 48.48433], [-89.090133, 48.484339], [-89.090022, 48.484326]]]}}, {"type": "Feature", "properties": {"lead": 96, "temp": "t12"}, "geometry": {"type": "Polygon", "coordinates": [[[-89.076548, 48.488355], [-89.076569, 48.488344], [-89.076609, 48.488331], [-89.07667, 48.488315], [-89.076751, 48.488297], [-89.076791, 48.488291], [-89.076791, 48.488295], [-89.076751, 48.488311], [-89.07667, 48.488337], [-89.076609, 48.488355], [-89.076569, 48.488364], [-89.076548, 48.488364], [-89.076548, 48.488355]]]}}, {"type": "Feature", "properties": {"lead": 96, "temp": "t12"}, "geometry": {"type": "Polygon", "coordinates": [[[-89.075362, 48.488784], [-89.075379, 48.488772], [-89.075413, 48.488759], [-89.075463, 48.488743], [-89.075531, 48.488726], [-89.075564, 48.488719], [-89.075564, 48.488723], [-89.075531, 48.488739], [-89.075463, 48.488766], [-89.075413, 48.488784], [-89.075379, 48.488793], [-89.075362, 48.488793], [-89.075362, 48.488784]]]}}, {"type": "Feature", "properties": {"lead": 96, "temp": "t12"}, "geometry": {"type": "Polygon", "coordinates": [[[-89.057319, 48.489439], [-89.057332, 48.489315], [-89.057447, 48.489199], [-89.057663, 48.489091], [-89.057979, 48.488993], [-89.058397, 48.488904], [-89.058798, 48.488837], [-89.059183, 48.488793], [-89.05955, 48.48877], [-89.0599, 48.48877], [-89.060254, 48.488799], [-89.060611, 48.488857], [-89.060972, 48.488944], [-89.061336, 48.48906], [-89.061376, 48.489149], [-89.061093, 48.489212], [-89.060487, 48.489248], [-89.059557, 48.489257], [-89.058805, 48.489286], [-89.058232, 48.489335], [-89.057838, 48.489404], [-89.057622, 48.489493], [-89.057464, 48.489529], [-89.057363, 48.489511], [-89.057319, 48.489439]]]}}, {"type": "Feature", "properties": {"lead": 96, "temp": "t12"}, "geometry": {"type": "Polygon", "coordinates": [[[-89.069067, 48.48952], [-89.068845, 48.489511], [-89.068696, 48.489493], [-89.068622, 48.489466], [-89.068622, 48.489431], [-89.068518, 48.489402], [-89.068309, 48.489379], [-89.067995, 48.489364], [-89.067577, 48.489355], [-89.067335, 48.489341], [-89.067267, 48.489323], [-89.067375, 48.489301], [-89.067658, 48.489274], [-89.067978, 48.489272], [-89.068336, 48.489294], [-89.06873, 48.489341], [-89.069161, 48.489413], [-89.069411, 48.489466], [-89.069478, 48.489502], [-89.069363, 48.48952], [-89.069067, 48.48952]]]}}, {"type": "Feature", "properties": {"lead": 96, "temp": "t12"}, "geometry": {"type": "Polygon", "coordinates": [[[-89.066681, 48.489497], [-89.066694, 48.489486], [-89.066721, 48.489473], [-89.066762, 48.489457], [-89.066816, 48.489439], [-89.066843, 48.489433], [-89.066843, 48.489437], [-89.066816, 48.489453], [-89.066762, 48.48948], [-89.066721, 48.489497], [-89.066694, 48.489506], [-89.066681, 48.489506], [-89.066681, 48.489497]]]}}, {"type": "Feature", "properties": {"lead": 96, "temp": "t12far"}, "geometry": {"type": "Polygon", "coordinates": [[[-89.128892, 48.482452], [-89.128811, 48.482452], [-89.128764, 48.482425], [-89.12875, 48.482371], [-89.128771, 48.482291], [-89.128825, 48.482184], [-89.128919, 48.482068], [-89.129054, 48.481943], [-89.129229, 48.481809], [-89.129445, 48.481666], [-89.129795, 48.48153], [-89.13028, 48.481401], [-89.130901, 48.481278], [-89.131655, 48.481162], [-89.132222, 48.481102], [-89.132599, 48.481097], [-89.132788, 48.481149], [-89.132788, 48.481256], [-89.132626, 48.481358], [-89.132303, 48.481456], [-89.131817, 48.48155], [-89.13117, 48.481639], [-89.130631, 48.481726], [-89.1302, 48.481811], [-89.129876, 48.481894], [-89.12966, 48.481974], [-89.129478, 48.482057], [-89.12933, 48.482141], [-89.129216, 48.482228], [-89.129135, 48.482318], [-89.129054, 48.482385], [-89.128973, 48.482429], [-89.128892, 48.482452]]]}}, {"type": "Feature", "properties": {"lead": 96, "temp": "t12far"}, "geometry": {"type": "Polygon", "coordinates": [[[-89.102215, 48.485669], [-89.102023, 48.48562], [-89.101854, 48.485549], [-89.101709, 48.485455], [-89.101588, 48.485339], [-89.101453, 48.485252], [-89.101305, 48.485194], [-89.101143, 48.485165], [-89.100968, 48.485165], [-89.10087, 48.485129], [-89.10085, 48.485058], [-89.100907, 48.484951], [-89.101042, 48.484808], [-89.101119, 48.484674], [-89.10114, 48.484549], [-89.101103, 48.484433], [-89.101008, 48.484326], [-89.100887, 48.484252], [-89.100739, 48.484212], [-89.100563, 48.484205], [-89.100361, 48.484232], [-89.100176, 48.484237], [-89.100007, 48.484219], [-89.099856, 48.484179], [-89.099721, 48.484116], [-89.099569, 48.484069], [-89.099401, 48.484038], [-89.099215, 48.484022], [-89.099013, 48.484022], [-89.098653, 48.484083], [-89.098134, 48.484203], [-89.09775, 48.484305], [-89.097712, 48.484312], [-89.097335, 48.484411], [-89.097052, 48.484487], [-89.096863, 48.48454], [-89.096769, 48.484571], [-89.096769, 48.48458], [-89.096773, 48.484581], [-89.09662, 48.484625], [-89.096304, 48.48471], [-89.096219, 48.48471], [-89.095899, 48.484768], [-89.095427, 48.484884], [-89.095158, 48.484971], [-89.095143, 48.484984], [-89.094983, 48.485013], [-89.094726, 48.485031], [-89.094477, 48.485073], [-89.094234, 48.48514], [-89.093999, 48.485232], [-89.093769, 48.485348], [-89.09355, 48.485421], [-89.093341, 48.485453], [-89.093143, 48.485441], [-89.092954, 48.485388], [-89.092876, 48.485303], [-89.09291, 48.485187], [-89.093055, 48.48504], [-89.093311, 48.484861], [-89.093503, 48.484707], [-89.093631, 48.484578], [-89.093695, 48.484473], [-89.093695, 48.484393], [-89.093662, 48.484333], [-89.093594, 48.484292], [-89.093493, 48.484272], [-89.093358, 48.484272], [-89.093247, 48.48425], [-89.093159, 48.484205], [-89.093095, 48.484138], [-89.093055, 48.484049], [-89.092998, 48.483989], [-89.092923, 48.483958], [-89.092833, 48.483955], [-89.092725, 48.483982], [-89.092617, 48.483989], [-89.092509, 48.483976], [-89.092401, 48.483942], [-89.092293, 48.483889], [-89.092165, 48.483848], [-89.092017, 48.483822], [-89.091848, 48.483808], [-89.09166, 48.483808], [-89.09141, 48.483837], [-89.0911, 48.483895], [-89.09095, 48.483931], [-89.09073, 48.483969], [-89.090298, 48.484076], [-89.090012, 48.484165], [-89.090009, 48.484166], [-89.089958, 48.484179], [-89.089708, 48.484223], [-89.08955, 48.484232], [-89.089483, 48.484205], [-89.089398, 48.484221], [-89.089297, 48.484279], [-89.089179, 48.484379], [-89.089045, 48.484522], [-89.088903, 48.484614], [-89.088755, 48.484654], [-89.0886, 48.484643], [-89.088438, 48.48458], [-89.088317, 48.484576], [-89.088236, 48.484629], [-89.088195, 48.484741], [-89.088195, 48.48491], [-89.088226, 48.485067], [-89.088286, 48.485209], [-89.088377, 48.485339], [-89.088499, 48.485455], [-89.088553, 48.485533], [-89.088539, 48.485573], [-89.088458, 48.485575], [-89.08831, 48.48554], [-89.088195, 48.485462], [-89.088114, 48.485341], [-89.088067, 48.485178], [-89.088054, 48.484973], [-89.088071, 48.484781], [-89.088118, 48.484603], [-89.088195, 48.484437], [-89.088303, 48.484286], [-89.088418, 48.48415], [-89.088539, 48.484029], [-89.088667, 48.483924], [-89.088802, 48.483835], [-89.089045, 48.483732], [-89.089395, 48.483616], [-89.089853, 48.483487], [-89.09042, 48.483344], [-89.090905, 48.483237], [-89.091309, 48.483166], [-89.091633, 48.48313], [-89.091875, 48.48313], [-89.092115, 48.483148], [-89.092351, 48.483183], [-89.092583, 48.483237], [-89.092812, 48.483308], [-89.093021, 48.483391], [-89.09321, 48.483485], [-89.093378, 48.48359], [-89.093527, 48.483706], [-89.093655, 48.483831], [-89.093763, 48.483964], [-89.09385, 48.484107], [-89.093918, 48.484259], [-89.094241, 48.484304], [-89.094821, 48.484241], [-89.095657, 48.484072], [-89.096749, 48.483795], [-89.097645, 48.483585], [-89.098346, 48.483442], [-89.098851, 48.483366], [-89.099161, 48.483358], [-89.099485, 48.483389], [-89.099822, 48.48346], [-89.100172, 48.483572], [-89.100536, 48.483723], [-89.10084, 48.483873], [-89.101082, 48.48402], [-89.101264, 48.484165], [-89.101386, 48.484308], [-89.10148, 48.484451], [-89.101547, 48.484594], [-89.101588, 48.484736], [-89.101601, 48.484879], [-89.101682, 48.485026], [-89.101831, 48.485178], [-89.102046, 48.485334], [-89.102329, 48.485495], [-89.102488, 48.485609], [-89.102521, 48.485676], [-89.10243, 48.485696], [-89.102215, 48.485669]]]}}, {"type": "Feature", "properties": {"lead": 96, "temp": "t12far"}, "geometry": {"type": "Polygon", "coordinates": [[[-89.102754, 48.485789], [-89.102767, 48.485769], [-89.102794, 48.485765], [-89.102835, 48.485776], [-89.102889, 48.485803], [-89.102916, 48.485825], [-89.102916, 48.485843], [-89.102889, 48.485856], [-89.102835, 48.485865], [-89.102794, 48.485863], [-89.102767, 48.48585], [-89.102754, 48.485825], [-89.102754, 48.485789]]]}}, {"type": "Feature", "properties": {"lead": 96, "temp": "t12far"}, "geometry": {"type": "Polygon", "coordinates": [[[-89.082817, 48.487142], [-89.08279, 48.486936], [-89.082817, 48.486738], [-89.082898, 48.486546], [-89.083032, 48.486361], [-89.083221, 48.486182], [-89.08342, 48.48603], [-89.083629, 48.485906], [-89.083848, 48.485807], [-89.084077, 48.485736], [-89.084323, 48.485687], [-89.084586, 48.48566], [-89.084866, 48.485656], [-89.085162, 48.485673], [-89.085375, 48.485718], [-89.085503, 48.485789], [-89.085546, 48.485888], [-89.085506, 48.486013], [-89.085452, 48.4861], [-89.085385, 48.486149], [-89.085304, 48.48616], [-89.085209, 48.486133], [-89.085129, 48.486126], [-89.085061, 48.48614], [-89.085007, 48.486173], [-89.084967, 48.486227], [-89.084896, 48.48626], [-89.084795, 48.486274], [-89.084664, 48.486267], [-89.084502, 48.48624], [-89.084367, 48.486233], [-89.084259, 48.486247], [-89.084178, 48.48628], [-89.084124, 48.486334], [-89.084054, 48.486374], [-89.083966, 48.486401], [-89.083861, 48.486414], [-89.08374, 48.486414], [-89.083649, 48.48645], [-89.083588, 48.486521], [-89.083558, 48.486628], [-89.083558, 48.486771], [-89.083514, 48.486907], [-89.083427, 48.487037], [-89.083295, 48.487159], [-89.08312, 48.487275], [-89.082982, 48.487311], [-89.082881, 48.487266], [-89.082817, 48.487142]]]}}, {"type": "Feature", "properties": {"lead": 96, "temp": "t12far"}, "geometry": {"type": "Polygon", "coordinates": [[[-89.064773, 48.489689], [-89.064608, 48.489672], [-89.064588, 48.489654], [-89.064713, 48.489636], [-89.064982, 48.489618], [-89.065228, 48.489562], [-89.065451, 48.489468], [-89.06565, 48.489337], [-89.065825, 48.489167], [-89.066027, 48.489018], [-89.066256, 48.488888], [-89.066512, 48.488779], [-89.066796, 48.48869], [-89.067146, 48.48863], [-89.067564, 48.488598], [-89.068049, 48.488596], [-89.068602, 48.488623], [-89.069107, 48.488672], [-89.069566, 48.488743], [-89.069977, 48.488837], [-89.070341, 48.488953], [-89.070738, 48.48902], [-89.07117, 48.489038], [-89.071635, 48.489007], [-89.072134, 48.488926], [-89.07275, 48.488788], [-89.073485, 48.488592], [-89.074338, 48.488337], [-89.075308, 48.488025], [-89.07611, 48.487793], [-89.076744, 48.487641], [-89.077209, 48.48757], [-89.077506, 48.487579], [-89.077805, 48.487612], [-89.078109, 48.48767], [-89.078415, 48.487753], [-89.078725, 48.48786], [-89.079177, 48.487905], [-89.07977, 48.487887], [-89.080505, 48.487806], [-89.081381, 48.487664], [-89.082005, 48.487586], [-89.082375, 48.487572], [-89.082493, 48.487623], [-89.082358, 48.487739], [-89.082139, 48.487847], [-89.081836, 48.487945], [-89.081448, 48.488034], [-89.080977, 48.488114], [-89.080623, 48.488183], [-89.080387, 48.488241], [-89.080269, 48.488288], [-89.080269, 48.488324], [-89.080151, 48.488342], [-89.079915, 48.488342], [-89.079561, 48.488324], [-89.079089, 48.488288], [-89.078715, 48.48827], [-89.078439, 48.48827], [-89.07826, 48.488288], [-89.07818, 48.488324], [-89.078129, 48.488335], [-89.078109, 48.488322], [-89.078119, 48.488284], [-89.078159, 48.488221], [-89.078169, 48.488148], [-89.078149, 48.488063], [-89.078099, 48.487967], [-89.078018, 48.48786], [-89.077934, 48.48778], [-89.077846, 48.487726], [-89.077755, 48.487699], [-89.077661, 48.487699], [-89.07758, 48.487733], [-89.077512, 48.4878], [-89.077458, 48.4879], [-89.077418, 48.488034], [-89.077347, 48.488137], [-89.077246, 48.488208], [-89.077115, 48.488248], [-89.076953, 48.488257], [-89.076784, 48.488288], [-89.07676, 48.488296], [-89.076751, 48.488297], [-89.07667, 48.488315], [-89.076609, 48.488331], [-89.076569, 48.488344], [-89.076548, 48.488355], [-89.076548, 48.488364], [-89.076556, 48.488364], [-89.076427, 48.488418], [-89.076238, 48.488516], [-89.0758, 48.48865], [-89.075113, 48.488819], [-89.074176, 48.489025], [-89.07299, 48.489265], [-89.071857, 48.489422], [-89.070779, 48.489493], [-89.069754, 48.48948], [-89.069222, 48.489426], [-89.069161, 48.489413], [-89.06873, 48.489341], [-89.068336, 48.489294], [-89.067978, 48.489272], [-89.067658, 48.489274], [-89.067375, 48.489301], [-89.067267, 48.489323], [-89.067335, 48.489341], [-89.06746, 48.489348], [-89.067237, 48.489352], [-89.066661, 48.489422], [-89.066216, 48.489547], [-89.065805, 48.489636], [-89.065427, 48.489689], [-89.065084, 48.489707], [-89.064773, 48.489689]]]}}, {"type": "Feature", "properties": {"lead": 96, "temp": "t12far"}, "geometry": {"type": "Polygon", "coordinates": [[[-89.062509, 48.489364], [-89.062104, 48.489286], [-89.061713, 48.489192], [-89.061348, 48.489086], [-89.061336, 48.48906], [-89.060972, 48.488944], [-89.060611, 48.488857], [-89.060254, 48.488799], [-89.0599, 48.48877], [-89.05955, 48.48877], [-89.059183, 48.488793], [-89.058798, 48.488837], [-89.058757, 48.488844], [-89.058546, 48.488871], [-89.058175, 48.48894], [-89.057824, 48.489029], [-89.057562, 48.489049], [-89.057386, 48.489], [-89.057299, 48.488882], [-89.057299, 48.488694], [-89.0574, 48.488534], [-89.057602, 48.4884], [-89.057905, 48.488293], [-89.05831, 48.488212], [-89.058768, 48.488161], [-89.05928, 48.488139], [-89.059846, 48.488146], [-89.060467, 48.488181], [-89.060989, 48.488228], [-89.061414, 48.488286], [-89.06174, 48.488355], [-89.06197, 48.488436], [-89.062219, 48.488556], [-89.062489, 48.488717], [-89.062778, 48.488917], [-89.063088, 48.489158], [-89.063217, 48.489323], [-89.063163, 48.489413], [-89.062927, 48.489426], [-89.062509, 48.489364]]]}}, {"type": "Feature", "properties": {"lead": 120, "temp": "t12"}, "geometry": {"type": "Polygon", "coordinates": [[[-89.090854, 48.484243], [-89.090581, 48.484246], [-89.090231, 48.484228], [-89.090072, 48.48419], [-89.090106, 48.484132], [-89.090332, 48.484054], [-89.09075, 48.483955], [-89.091131, 48.483889], [-89.091474, 48.483853], [-89.091781, 48.483848], [-89.092051, 48.483875], [-89.092179, 48.483902], [-89.092165, 48.483929], [-89.09201, 48.483955], [-89.091714, 48.483982], [-89.091481, 48.484018], [-89.091313, 48.484063], [-89.091208, 48.484116], [-89.091168, 48.484179], [-89.09105, 48.484221], [-89.090854, 48.484243]]]}}, {"type": "Feature", "properties": {"lead": 120, "temp": "t12"}, "geometry": {"type": "Polygon", "coordinates": [[[-89.098737, 48.484219], [-89.098575, 48.484183], [-89.098548, 48.484156], [-89.098656, 48.484138], [-89.098899, 48.48413], [-89.099276, 48.48413], [-89.099505, 48.484138], [-89.099586, 48.484156], [-89.099519, 48.484183], [-89.099303, 48.484219], [-89.099101, 48.484237], [-89.098912, 48.484237], [-89.098737, 48.484219]]]}}, {"type": "Feature", "properties": {"lead": 120, "temp": "t12"}, "geometry": {"type": "Polygon", "coordinates": [[[-89.096769, 48.48458], [-89.096769, 48.484571], [-89.096789, 48.484562], [-89.096829, 48.484553], [-89.09689, 48.484545], [-89.096971, 48.484536], [-89.097011, 48.484533], [-89.097011, 48.484538], [-89.096971, 48.484549], [-89.09689, 48.484567], [-89.096829, 48.484578], [-89.096789, 48.484582], [-89.096769, 48.48458]]]}}, {"type": "Feature", "properties": {"lead": 120, "temp": "t12"}, "geometry": {"type": "Polygon", "coordinates": [[[-89.095542, 48.485058], [-89.095299, 48.485058], [-89.095117, 48.485055], [-89.094996, 48.485051], [-89.094935, 48.485044], [-89.094935, 48.485035], [-89.095026, 48.485006], [-89.095208, 48.484957], [-89.095481, 48.484888], [-89.095845, 48.484799], [-89.096088, 48.484756], [-89.096209, 48.484761], [-89.096209, 48.484812], [-89.096088, 48.48491], [-89.095936, 48.484984], [-89.095754, 48.485033], [-89.095542, 48.485058]]]}}, {"type": "Feature", "properties": {"lead": 120, "temp": "t12"}, "geometry": {"type": "Polygon", "coordinates": [[[-89.092651, 48.485214], [-89.092637, 48.485151], [-89.092651, 48.485098], [-89.092691, 48.485053], [-89.092758, 48.485018], [-89.092853, 48.484991], [-89.09292, 48.48498], [-89.092961, 48.484984], [-89.092974, 48.485004], [-89.092961, 48.48504], [-89.092934, 48.48508], [-89.092893, 48.485125], [-89.092839, 48.485174], [-89.092772, 48.485227], [-89.092718, 48.485252], [-89.092677, 48.485247], [-89.092651, 48.485214]]]}}, {"type": "Feature", "properties": {"lead": 120, "temp": "t12"}, "geometry": {"type": "Polygon", "coordinates": [[[-89.057319, 48.489439], [-89.057332, 48.489315], [-89.057447, 48.489199], [-89.057663, 48.489091], [-89.057979, 48.488993], [-89.058397, 48.488904], [-89.058798, 48.488837], [-89.059183, 48.488793], [-89.05955, 48.48877], [-89.0599, 48.48877], [-89.060254, 48.488799], [-89.060611, 48.488857], [-89.060972, 48.488944], [-89.061336, 48.48906], [-89.061376, 48.489149], [-89.061093, 48.489212], [-89.060487, 48.489248], [-89.059557, 48.489257], [-89.058805, 48.489286], [-89.058232, 48.489335], [-89.057838, 48.489404], [-89.057622, 48.489493], [-89.057464, 48.489529], [-89.057363, 48.489511], [-89.057319, 48.489439]]]}}, {"type": "Feature", "properties": {"lead": 120, "temp": "t12"}, "geometry": {"type": "Polygon", "coordinates": [[[-89.069424, 48.48952], [-89.069168, 48.48952], [-89.068976, 48.489511], [-89.068848, 48.489493], [-89.068784, 48.489466], [-89.068784, 48.489431], [-89.068669, 48.489402], [-89.06844, 48.489379], [-89.068096, 48.489364], [-89.067638, 48.489355], [-89.067365, 48.489341], [-89.067277, 48.489323], [-89.067375, 48.489301], [-89.067658, 48.489274], [-89.067978, 48.489272], [-89.068336, 48.489294], [-89.06873, 48.489341], [-89.069161, 48.489413], [-89.069421, 48.489466], [-89.069508, 48.489502], [-89.069424, 48.48952]]]}}, {"type": "Feature", "properties": {"lead": 120, "temp": "t12far"}, "geometry": {"type": "Polygon", "coordinates": [[[-89.128953, 48.482144], [-89.12902, 48.48201], [-89.129111, 48.481887], [-89.129226, 48.481776], [-89.129364, 48.481675], [-89.129526, 48.481586], [-89.129836, 48.48149], [-89.130294, 48.481387], [-89.130901, 48.481278], [-89.131655, 48.481162], [-89.132222, 48.481095], [-89.132599, 48.481077], [-89.132788, 48.481108], [-89.132788, 48.481189], [-89.13266, 48.481262], [-89.132404, 48.481329], [-89.132019, 48.48139], [-89.131507, 48.481443], [-89.131123, 48.481492], [-89.130867, 48.481537], [-89.130739, 48.481577], [-89.130739, 48.481613], [-89.130631, 48.481666], [-89.130415, 48.481738], [-89.130092, 48.481827], [-89.12966, 48.481934], [-89.129327, 48.48203], [-89.129091, 48.482115], [-89.128953, 48.482188], [-89.128912, 48.482251], [-89.128899, 48.482264], [-89.128912, 48.482228], [-89.128953, 48.482144]]]}}, {"type": "Feature", "properties": {"lead": 120, "temp": "t12far"}, "geometry": {"type": "Polygon", "coordinates": [[[-89.093055, 48.485348], [-89.09288, 48.485308], [-89.092785, 48.485254], [-89.092779, 48.485222], [-89.092839, 48.485174], [-89.092893, 48.485125], [-89.092934, 48.48508], [-89.092961, 48.48504], [-89.092964, 48.485032], [-89.092994, 48.48502], [-89.093082, 48.485013], [-89.093176, 48.485031], [-89.093247, 48.485031], [-89.093294, 48.485013], [-89.093318, 48.484977], [-89.093318, 48.484924], [-89.093341, 48.484877], [-89.093389, 48.484837], [-89.093459, 48.484803], [-89.093554, 48.484777], [-89.093624, 48.484727], [-89.093672, 48.484656], [-89.093695, 48.484562], [-89.093695, 48.484446], [-89.093672, 48.484359], [-89.093624, 48.484301], [-89.093554, 48.484272], [-89.093459, 48.484272], [-89.093378, 48.48425], [-89.093311, 48.484205], [-89.093257, 48.484138], [-89.093217, 48.484049], [-89.093075, 48.483976], [-89.092833, 48.483918], [-89.092489, 48.483875], [-89.092044, 48.483848], [-89.091793, 48.48385], [-89.091781, 48.483848], [-89.091649, 48.48385], [-89.091586, 48.483851], [-89.091574, 48.483851], [-89.091474, 48.483853], [-89.091338, 48.483867], [-89.091114, 48.483882], [-89.090628, 48.483942], [-89.09013, 48.484031], [-89.089722, 48.484125], [-89.089405, 48.484223], [-89.089179, 48.484326], [-89.089045, 48.484433], [-89.088903, 48.484498], [-89.088755, 48.48452], [-89.0886, 48.4845], [-89.088438, 48.484437], [-89.088408, 48.484335], [-89.088509, 48.484192], [-89.088741, 48.484009], [-89.089105, 48.483786], [-89.08954, 48.483598], [-89.090045, 48.483447], [-89.090622, 48.483331], [-89.091269, 48.48325], [-89.091835, 48.483224], [-89.09232, 48.48325], [-89.092725, 48.483331], [-89.093048, 48.483465], [-89.093321, 48.483616], [-89.093544, 48.483786], [-89.093715, 48.483973], [-89.093837, 48.484179], [-89.094201, 48.484263], [-89.094807, 48.484228], [-89.095657, 48.484072], [-89.096749, 48.483795], [-89.097645, 48.483585], [-89.098346, 48.483442], [-89.098851, 48.483366], [-89.099161, 48.483358], [-89.099485, 48.483389], [-89.099822, 48.48346], [-89.100172, 48.483572], [-89.100536, 48.483723], [-89.100843, 48.483882], [-89.101092, 48.484047], [-89.101285, 48.484219], [-89.101419, 48.484397], [-89.101517, 48.484556], [-89.101578, 48.484694], [-89.101601, 48.484812], [-89.101588, 48.48491], [-89.101558, 48.484977], [-89.10151, 48.485013], [-89.101446, 48.485018], [-89.101365, 48.484991], [-89.101315, 48.484948], [-89.101295, 48.48489], [-89.101305, 48.484817], [-89.101345, 48.484727], [-89.101342, 48.484647], [-89.101295, 48.484576], [-89.101204, 48.484513], [-89.101069, 48.48446], [-89.100968, 48.484406], [-89.1009, 48.484353], [-89.100867, 48.484299], [-89.100867, 48.484246], [-89.100732, 48.484196], [-89.100462, 48.484152], [-89.100058, 48.484112], [-89.099519, 48.484076], [-89.098878, 48.484114], [-89.098734, 48.484136], [-89.098656, 48.484138], [-89.098548, 48.484156], [-89.098554, 48.484163], [-89.098137, 48.484225], [-89.097294, 48.484411], [-89.096351, 48.484669], [-89.095566, 48.48485], [-89.094939, 48.484953], [-89.09447, 48.484977], [-89.09416, 48.484924], [-89.093914, 48.484897], [-89.093732, 48.484897], [-89.093614, 48.484924], [-89.09356, 48.484977], [-89.093533, 48.485018], [-89.093533, 48.485044], [-89.09356, 48.485058], [-89.093614, 48.485058], [-89.093655, 48.48508], [-89.093682, 48.485125], [-89.093695, 48.485192], [-89.093695, 48.485281], [-89.093631, 48.485341], [-89.093503, 48.485372], [-89.093311, 48.485375], [-89.093055, 48.485348]]]}}, {"type": "Feature", "properties": {"lead": 120, "temp": "t12far"}, "geometry": {"type": "Polygon", "coordinates": [[[-89.088155, 48.485348], [-89.088101, 48.485272], [-89.088074, 48.485147], [-89.088074, 48.484973], [-89.088101, 48.48475], [-89.088125, 48.484638], [-89.088145, 48.484638], [-89.088162, 48.48475], [-89.088175, 48.484973], [-89.088195, 48.485147], [-89.088222, 48.485272], [-89.088256, 48.485348], [-89.088296, 48.485375], [-89.088307, 48.485388], [-89.088286, 48.485388], [-89.088236, 48.485375], [-89.088155, 48.485348]]]}}, {"type": "Feature", "properties": {"lead": 120, "temp": "t12far"}, "geometry": {"type": "Polygon", "coordinates": [[[-89.102195, 48.485522], [-89.102104, 48.485499], [-89.102016, 48.485455], [-89.101932, 48.485388], [-89.101851, 48.485299], [-89.101827, 48.485247], [-89.101861, 48.485234], [-89.101952, 48.485258], [-89.1021, 48.485321], [-89.102218, 48.485375], [-89.102306, 48.485419], [-89.102363, 48.485455], [-89.10239, 48.485482], [-89.102387, 48.485502], [-89.102353, 48.485515], [-89.102289, 48.485522], [-89.102195, 48.485522]]]}}, {"type": "Feature", "properties": {"lead": 120, "temp": "t12far"}, "geometry": {"type": "Polygon", "coordinates": [[[-89.08279, 48.486896], [-89.082817, 48.486718], [-89.082898, 48.486539], [-89.083032, 48.486361], [-89.083221, 48.486182], [-89.083406, 48.486033], [-89.083588, 48.485912], [-89.083767, 48.485821], [-89.083942, 48.485758], [-89.084087, 48.485725], [-89.084202, 48.48572], [-89.084286, 48.485745], [-89.08434, 48.485798], [-89.084391, 48.485823], [-89.084438, 48.485819], [-89.084482, 48.485785], [-89.084522, 48.485723], [-89.084616, 48.48568], [-89.084765, 48.485658], [-89.084967, 48.485656], [-89.085223, 48.485673], [-89.085361, 48.485725], [-89.085381, 48.48581], [-89.085284, 48.485928], [-89.085068, 48.48608], [-89.084886, 48.486173], [-89.084738, 48.486209], [-89.084623, 48.486187], [-89.084542, 48.486106], [-89.084471, 48.486066], [-89.084411, 48.486066], [-89.08436, 48.486106], [-89.08432, 48.486187], [-89.084236, 48.486254], [-89.084107, 48.486307], [-89.083936, 48.486347], [-89.08372, 48.486374], [-89.083558, 48.486423], [-89.08345, 48.486495], [-89.083396, 48.486588], [-89.083396, 48.486704], [-89.083363, 48.48682], [-89.083295, 48.486936], [-89.083194, 48.487052], [-89.083059, 48.487168], [-89.082952, 48.487211], [-89.082871, 48.487179], [-89.082817, 48.487075], [-89.08279, 48.486896]]]}}, {"type": "Feature", "properties": {"lead": 120, "temp": "t12far"}, "geometry": {"type": "Polygon", "coordinates": [[[-89.064848, 48.489667], [-89.06474, 48.489645], [-89.06474, 48.489627], [-89.064848, 48.489614], [-89.065063, 48.489605], [-89.065269, 48.489555], [-89.065464, 48.489466], [-89.06565, 48.489337], [-89.065825, 48.489167], [-89.066027, 48.489018], [-89.066256, 48.488888], [-89.066512, 48.488779], [-89.066796, 48.48869], [-89.067146, 48.48863], [-89.067564, 48.488598], [-89.068049, 48.488596], [-89.068602, 48.488623], [-89.069107, 48.488672], [-89.069566, 48.488743], [-89.069977, 48.488837], [-89.070341, 48.488953], [-89.070738, 48.48902], [-89.07117, 48.489038], [-89.071635, 48.489007], [-89.072134, 48.488926], [-89.07275, 48.488788], [-89.073485, 48.488592], [-89.074338, 48.488337], [-89.075308, 48.488025], [-89.07611, 48.487793], [-89.076744, 48.487641], [-89.077209, 48.48757], [-89.077506, 48.487579], [-89.077805, 48.487612], [-89.078109, 48.48767], [-89.078415, 48.487753], [-89.078725, 48.48786], [-89.079157, 48.487911], [-89.07971, 48.487907], [-89.080384, 48.487847], [-89.081179, 48.487731], [-89.081742, 48.487666], [-89.082072, 48.487652], [-89.08217, 48.48769], [-89.082035, 48.48778], [-89.08185, 48.487867], [-89.081614, 48.487951], [-89.081327, 48.488034], [-89.08099, 48.488114], [-89.080596, 48.488175], [-89.080144, 48.488215], [-89.079635, 48.488235], [-89.079069, 48.488235], [-89.078634, 48.488208], [-89.078331, 48.488154], [-89.078159, 48.488074], [-89.078119, 48.487967], [-89.078055, 48.48788], [-89.077967, 48.487813], [-89.077856, 48.487766], [-89.077721, 48.487739], [-89.0776, 48.487753], [-89.077492, 48.487806], [-89.077398, 48.4879], [-89.077317, 48.488034], [-89.077226, 48.488134], [-89.077125, 48.488201], [-89.077014, 48.488235], [-89.076892, 48.488235], [-89.076767, 48.488257], [-89.076639, 48.488302], [-89.076508, 48.488369], [-89.076373, 48.488458], [-89.076198, 48.488538], [-89.075982, 48.48861], [-89.075726, 48.488672], [-89.07543, 48.488726], [-89.075207, 48.488775], [-89.075059, 48.488819], [-89.074985, 48.488859], [-89.074985, 48.488895], [-89.074779, 48.488949], [-89.074368, 48.48902], [-89.073751, 48.489109], [-89.072929, 48.489216], [-89.072312, 48.489306], [-89.071901, 48.489377], [-89.071696, 48.489431], [-89.071696, 48.489466], [-89.071611, 48.4895], [-89.071443, 48.489531], [-89.07119, 48.48956], [-89.070853, 48.489587], [-89.070536, 48.489589], [-89.07024, 48.489567], [-89.069963, 48.48952], [-89.069707, 48.489448], [-89.06939, 48.489388], [-89.069013, 48.489339], [-89.068575, 48.489301], [-89.068076, 48.489274], [-89.068031, 48.489275], [-89.067978, 48.489272], [-89.067658, 48.489274], [-89.067375, 48.489301], [-89.067337, 48.48931], [-89.067089, 48.489335], [-89.0666, 48.489422], [-89.066115, 48.489547], [-89.065697, 48.489634], [-89.065346, 48.489683], [-89.065063, 48.489694], [-89.064848, 48.489667]], [[-89.070476, 48.48952], [-89.070465, 48.489522], [-89.070459, 48.489526], [-89.070455, 48.489533], [-89.070455, 48.489542], [-89.070459, 48.489547], [-89.070465, 48.489547], [-89.070476, 48.489542], [-89.070489, 48.489533], [-89.070496, 48.489526], [-89.070496, 48.489522], [-89.070489, 48.48952], [-89.070476, 48.48952]]]}}, {"type": "Feature", "properties": {"lead": 120, "temp": "t12far"}, "geometry": {"type": "Polygon", "coordinates": [[[-89.062509, 48.489364], [-89.062104, 48.489286], [-89.061713, 48.489192], [-89.061348, 48.489086], [-89.061336, 48.48906], [-89.060972, 48.488944], [-89.060611, 48.488857], [-89.060254, 48.488799], [-89.0599, 48.48877], [-89.05955, 48.48877], [-89.059183, 48.488793], [-89.058798, 48.488837], [-89.058757, 48.488844], [-89.058546, 48.488871], [-89.058175, 48.48894], [-89.057824, 48.489029], [-89.057562, 48.489049], [-89.057386, 48.489], [-89.057299, 48.488882], [-89.057299, 48.488694], [-89.0574, 48.488534], [-89.057602, 48.4884], [-89.057905, 48.488293], [-89.05831, 48.488212], [-89.058768, 48.488161], [-89.05928, 48.488139], [-89.059846, 48.488146], [-89.060467, 48.488181], [-89.060989, 48.488228], [-89.061414, 48.488286], [-89.06174, 48.488355], [-89.06197, 48.488436], [-89.062219, 48.488556], [-89.062489, 48.488717], [-89.062778, 48.488917], [-89.063088, 48.489158], [-89.063217, 48.489323], [-89.063163, 48.489413], [-89.062927, 48.489426], [-89.062509, 48.489364]]]}}]}