{"type": "FeatureCollection", "features": [{"type": "Feature", "properties": {"lead": 0, "temp": "t12"}, "geometry": {"type": "Polygon", "coordinates": [[[-89.423395, 48.065447], [-89.42326, 48.065393], [-89.423102, 48.065359], [-89.42292, 48.065345], [-89.422714, 48.065352], [-89.422485, 48.065379], [-89.422296, 48.065386], [-89.422148, 48.065372], [-89.42204, 48.065339], [-89.421973, 48.065285], [-89.421848, 48.065255], [-89.421666, 48.065251], [-89.421427, 48.065271], [-89.42113, 48.065316], [-89.420884, 48.06533], [-89.420689, 48.065312], [-89.420544, 48.065262], [-89.42045, 48.065181], [-89.420295, 48.065107], [-89.420079, 48.065039], [-89.419803, 48.064979], [-89.419466, 48.064925], [-89.419061, 48.064826], [-89.418589, 48.064682], [-89.41805, 48.064493], [-89.417444, 48.064259], [-89.416958, 48.064083], [-89.416594, 48.063966], [-89.416352, 48.063908], [-89.41623, 48.063908], [-89.416139, 48.063888], [-89.416079, 48.063847], [-89.416048, 48.063786], [-89.416048, 48.063705], [-89.416011, 48.063638], [-89.415937, 48.063584], [-89.415826, 48.063543], [-89.415678, 48.063516], [-89.41557, 48.06348], [-89.415502, 48.063435], [-89.415475, 48.063381], [-89.415489, 48.063319], [-89.415459, 48.063265], [-89.415384, 48.06322], [-89.415266, 48.063184], [-89.415105, 48.063157], [-89.414929, 48.063166], [-89.414741, 48.063211], [-89.414539, 48.063292], [-89.414323, 48.063408], [-89.414117, 48.063489], [-89.413922, 48.063534], [-89.413736, 48.063543], [-89.413561, 48.063516], [-89.41343, 48.063462], [-89.413342, 48.063381], [-89.413298, 48.063274], [-89.413298, 48.063139], [-89.413396, 48.063037], [-89.413592, 48.06297], [-89.413885, 48.062936], [-89.414276, 48.062936], [-89.414798, 48.063017], [-89.415452, 48.063179], [-89.416237, 48.063422], [-89.417154, 48.063746], [-89.418104, 48.064043], [-89.419088, 48.064313], [-89.420106, 48.064556], [-89.421157, 48.064772], [-89.422182, 48.064882], [-89.423179, 48.064886], [-89.42415, 48.064785], [-89.425094, 48.064578], [-89.425923, 48.064416], [-89.426637, 48.064299], [-89.427237, 48.064227], [-89.427722, 48.0642], [-89.428174, 48.064149], [-89.428592, 48.064072], [-89.428976, 48.063971], [-89.429326, 48.063845], [-89.429748, 48.063726], [-89.43024, 48.063613], [-89.430802, 48.063507], [-89.431436, 48.063408], [-89.431992, 48.063303], [-89.432471, 48.06319], [-89.432872, 48.063071], [-89.433195, 48.062945], [-89.433495, 48.062851], [-89.433771, 48.062788], [-89.434024, 48.062756], [-89.434253, 48.062756], [-89.434459, 48.062727], [-89.434641, 48.062668], [-89.434799, 48.062581], [-89.434934, 48.062464], [-89.435153, 48.062324], [-89.435456, 48.062162], [-89.435844, 48.061978], [-89.436316, 48.061771], [-89.436757, 48.061602], [-89.437168, 48.061472], [-89.437549, 48.061379], [-89.4379, 48.061325], [-89.438206, 48.061296], [-89.438469, 48.061292], [-89.438688, 48.061312], [-89.438864, 48.061357], [-89.439022, 48.061415], [-89.439163, 48.061487], [-89.439288, 48.061573], [-89.439396, 48.061672], [-89.439477, 48.061784], [-89.439531, 48.06191], [-89.439558, 48.06205], [-89.439558, 48.062203], [-89.439527, 48.062344], [-89.439467, 48.062475], [-89.439376, 48.062594], [-89.439254, 48.062702], [-89.439217, 48.062794], [-89.439265, 48.062871], [-89.439396, 48.062932], [-89.439612, 48.062977], [-89.43979, 48.063026], [-89.439932, 48.06308], [-89.440036, 48.063139], [-89.440104, 48.063202], [-89.440225, 48.063251], [-89.4404, 48.063287], [-89.440629, 48.06331], [-89.440913, 48.063319], [-89.441212, 48.063289], [-89.441529, 48.063222], [-89.441863, 48.063116], [-89.442213, 48.062972], [-89.442534, 48.062819], [-89.442823, 48.062657], [-89.443083, 48.062486], [-89.443312, 48.062306], [-89.443686, 48.062095], [-89.444205, 48.061852], [-89.444869, 48.061577], [-89.445678, 48.061271], [-89.446493, 48.061035], [-89.447316, 48.060869], [-89.448145, 48.060772], [-89.44898, 48.060745], [-89.449776, 48.060695], [-89.450531, 48.060623], [-89.451245, 48.060529], [-89.451919, 48.060412], [-89.452455, 48.060304], [-89.452853, 48.060205], [-89.453112, 48.060115], [-89.453233, 48.060034], [-89.453257, 48.059953], [-89.453183, 48.059872], [-89.453011, 48.059791], [-89.452741, 48.05971], [-89.452539, 48.059595], [-89.452404, 48.059447], [-89.452337, 48.059264], [-89.452337, 48.059048], [-89.452398, 48.058871], [-89.452519, 48.058731], [-89.452701, 48.05863], [-89.452944, 48.058567], [-89.453193, 48.058473], [-89.453449, 48.058347], [-89.453712, 48.058189], [-89.453982, 48.058], [-89.454211, 48.057854], [-89.454399, 48.05775], [-89.454548, 48.05769], [-89.454656, 48.057672], [-89.454753, 48.057633], [-89.454841, 48.057575], [-89.454918, 48.057496], [-89.454986, 48.057397], [-89.455138, 48.057287], [-89.455373, 48.057165], [-89.455694, 48.057033], [-89.456098, 48.056889], [-89.456506, 48.056713], [-89.456917, 48.056506], [-89.457331, 48.056268], [-89.457749, 48.055998], [-89.458198, 48.055755], [-89.458676, 48.055539], [-89.459185, 48.05535], [-89.459724, 48.055188], [-89.460206, 48.055062], [-89.460631, 48.054972], [-89.460998, 48.054918], [-89.461308, 48.0549], [-89.461625, 48.054918], [-89.461948, 48.054972], [-89.462279, 48.055062], [-89.462616, 48.055188], [-89.462909, 48.055332], [-89.463158, 48.055494], [-89.463364, 48.055674], [-89.463526, 48.055872], [-89.463708, 48.05602], [-89.46391, 48.056119], [-89.464132, 48.056169], [-89.464375, 48.056169], [-89.464705, 48.056124], [-89.465123, 48.056034], [-89.465628, 48.055899], [-89.466222, 48.055719], [-89.466808, 48.05557], [-89.467388, 48.055453], [-89.467961, 48.055368], [-89.468527, 48.055314], [-89.468985, 48.055284], [-89.469336, 48.05528], [-89.469578, 48.0553], [-89.469713, 48.055345], [-89.469814, 48.055363], [-89.469881, 48.055354], [-89.469915, 48.055318], [-89.469915, 48.055255], [-89.469942, 48.055203], [-89.469996, 48.055163], [-89.470077, 48.055134], [-89.470185, 48.055116], [-89.470566, 48.055093], [-89.471219, 48.055066], [-89.472146, 48.055035], [-89.473346, 48.054999], [-89.474475, 48.054945], [-89.475533, 48.054873], [-89.47652, 48.054783], [-89.477437, 48.054675], [-89.478125, 48.05458], [-89.478583, 48.054499], [-89.478812, 48.054432], [-89.478812, 48.054378], [-89.47889, 48.05431], [-89.479045, 48.054229], [-89.479277, 48.054135], [-89.479587, 48.054027], [-89.479837, 48.053856], [-89.480025, 48.053622], [-89.480153, 48.053325], [-89.480221, 48.052965], [-89.480167, 48.052614], [-89.479992, 48.052272], [-89.479695, 48.051939], [-89.479277, 48.051615], [-89.47895, 48.051344], [-89.478714, 48.051128], [-89.478569, 48.050966], [-89.478516, 48.050858], [-89.478216, 48.050755], [-89.47767, 48.050656], [-89.476878, 48.050561], [-89.47584, 48.050471], [-89.474947, 48.05035], [-89.474198, 48.050197], [-89.473595, 48.050012], [-89.473137, 48.049796], [-89.472658, 48.049605], [-89.47216, 48.049439], [-89.471641, 48.049297], [-89.471101, 48.04918], [-89.470599, 48.049056], [-89.470134, 48.048925], [-89.469706, 48.048788], [-89.469315, 48.048644], [-89.468999, 48.0485], [-89.468756, 48.048356], [-89.468587, 48.048212], [-89.468493, 48.048068], [-89.468537, 48.04796], [-89.468719, 48.047888], [-89.469039, 48.047852], [-89.469497, 48.047852], [-89.469888, 48.047888], [-89.470212, 48.04796], [-89.470468, 48.048068], [-89.470657, 48.048212], [-89.47096, 48.048356], [-89.471378, 48.0485], [-89.47191, 48.048644], [-89.472557, 48.048788], [-89.47311, 48.048932], [-89.473568, 48.049076], [-89.473932, 48.04922], [-89.474202, 48.049364], [-89.474539, 48.049472], [-89.474943, 48.049544], [-89.475415, 48.04958], [-89.475954, 48.04958], [-89.476369, 48.049594], [-89.476659, 48.049621], [-89.476824, 48.049661], [-89.476864, 48.049715], [-89.476928, 48.04976], [-89.477016, 48.049796], [-89.477127, 48.049823], [-89.477262, 48.049841], [-89.477383, 48.049844], [-89.477491, 48.04983], [-89.477585, 48.049801], [-89.477666, 48.049756], [-89.477761, 48.049736], [-89.477868, 48.04974], [-89.47799, 48.049769], [-89.478125, 48.049823], [-89.478246, 48.049857], [-89.478354, 48.049871], [-89.478448, 48.049864], [-89.478529, 48.049837], [-89.478623, 48.049846], [-89.478731, 48.049891], [-89.478853, 48.049972], [-89.478987, 48.050089], [-89.479119, 48.050183], [-89.479247, 48.050255], [-89.479372, 48.050305], [-89.479493, 48.050332], [-89.479621, 48.050402], [-89.479756, 48.050514], [-89.479897, 48.050669], [-89.480046, 48.050867], [-89.480174, 48.051009], [-89.480281, 48.051095], [-89.480369, 48.051124], [-89.480436, 48.051097], [-89.480511, 48.051126], [-89.480591, 48.051212], [-89.480679, 48.051353], [-89.480773, 48.051551], [-89.480868, 48.051702], [-89.480962, 48.051806], [-89.481057, 48.051862], [-89.481151, 48.051871], [-89.481218, 48.051979], [-89.481259, 48.052186], [-89.481272, 48.052492], [-89.481259, 48.052897], [-89.481228, 48.05325], [-89.481181, 48.053552], [-89.481117, 48.053802], [-89.481036, 48.054], [-89.480912, 48.054191], [-89.480743, 48.054375], [-89.480531, 48.054553], [-89.480275, 48.054724], [-89.479995, 48.054866], [-89.479692, 48.054978], [-89.479365, 48.055062], [-89.479014, 48.055116], [-89.478731, 48.055179], [-89.478516, 48.055251], [-89.478367, 48.055332], [-89.478286, 48.055422], [-89.477643, 48.055516], [-89.476436, 48.055615], [-89.474667, 48.055719], [-89.472335, 48.055827], [-89.470451, 48.055923], [-89.469015, 48.056009], [-89.468028, 48.056083], [-89.467489, 48.056146], [-89.466966, 48.056236], [-89.466461, 48.056353], [-89.465972, 48.056497], [-89.4655, 48.056668], [-89.465056, 48.056796], [-89.464638, 48.056882], [-89.464247, 48.056925], [-89.463883, 48.056925], [-89.463549, 48.056846], [-89.463246, 48.056688], [-89.462973, 48.056452], [-89.46273, 48.056137], [-89.46242, 48.055901], [-89.462043, 48.055743], [-89.461598, 48.055665], [-89.461086, 48.055665], [-89.460658, 48.055685], [-89.460314, 48.055725], [-89.460054, 48.055786], [-89.459879, 48.055867], [-89.459748, 48.055944], [-89.45966, 48.056016], [-89.459616, 48.056083], [-89.459616, 48.056146], [-89.459562, 48.0562], [-89.459455, 48.056245], [-89.459293, 48.056281], [-89.459077, 48.056308], [-89.458905, 48.056351], [-89.458777, 48.056409], [-89.458693, 48.056484], [-89.458652, 48.056574], [-89.458568, 48.056648], [-89.45844, 48.056706], [-89.458268, 48.056749], [-89.458053, 48.056776], [-89.457773, 48.056868], [-89.457429, 48.057026], [-89.457021, 48.057249], [-89.45655, 48.057537], [-89.456078, 48.057795], [-89.455606, 48.058025], [-89.455134, 48.058225], [-89.454662, 48.058396], [-89.454319, 48.058554], [-89.454103, 48.058698], [-89.454015, 48.058828], [-89.454056, 48.058945], [-89.454103, 48.059028], [-89.454157, 48.059078], [-89.454217, 48.059093], [-89.454285, 48.059075], [-89.454362, 48.059087], [-89.45445, 48.059127], [-89.454548, 48.059197], [-89.454656, 48.059296], [-89.454736, 48.059393], [-89.45479, 48.059487], [-89.454817, 48.059579], [-89.454817, 48.059669], [-89.454763, 48.059786], [-89.454656, 48.05993], [-89.454494, 48.060101], [-89.454278, 48.060299], [-89.454073, 48.060455], [-89.453877, 48.060567], [-89.453692, 48.060637], [-89.453517, 48.060664], [-89.453382, 48.060695], [-89.453287, 48.060731], [-89.453233, 48.060772], [-89.45322, 48.060817], [-89.453173, 48.060846], [-89.453092, 48.06086], [-89.452977, 48.060857], [-89.452829, 48.060839], [-89.452694, 48.060844], [-89.452573, 48.060871], [-89.452465, 48.06092], [-89.452371, 48.060992], [-89.452131, 48.061067], [-89.451747, 48.061143], [-89.451218, 48.061222], [-89.450544, 48.061303], [-89.449981, 48.061364], [-89.44953, 48.061404], [-89.449189, 48.061424], [-89.44896, 48.061424], [-89.448768, 48.061409], [-89.448613, 48.061377], [-89.448495, 48.06133], [-89.448414, 48.061267], [-89.448343, 48.061233], [-89.448283, 48.061229], [-89.448232, 48.061253], [-89.448192, 48.061307], [-89.448128, 48.061341], [-89.44804, 48.061355], [-89.447929, 48.061348], [-89.447794, 48.061321], [-89.447609, 48.061339], [-89.447373, 48.061402], [-89.447086, 48.06151], [-89.446749, 48.061663], [-89.446476, 48.061775], [-89.446268, 48.061847], [-89.446123, 48.061879], [-89.446042, 48.06187], [-89.445957, 48.061885], [-89.44587, 48.061926], [-89.445779, 48.061991], [-89.445685, 48.062081], [-89.44557, 48.062155], [-89.445435, 48.062214], [-89.44528, 48.062257], [-89.445105, 48.062284], [-89.444855, 48.062376], [-89.444532, 48.062533], [-89.444134, 48.062756], [-89.443662, 48.063044], [-89.443258, 48.063267], [-89.442921, 48.063424], [-89.442651, 48.063516], [-89.442449, 48.063543], [-89.442294, 48.063577], [-89.442186, 48.063618], [-89.442126, 48.063665], [-89.442112, 48.063719], [-89.442082, 48.063753], [-89.442035, 48.063766], [-89.441971, 48.063759], [-89.44189, 48.063732], [-89.441829, 48.063726], [-89.441789, 48.063739], [-89.441769, 48.063773], [-89.441769, 48.063827], [-89.441748, 48.063861], [-89.441708, 48.063874], [-89.441647, 48.063867], [-89.441566, 48.06384], [-89.441506, 48.063834], [-89.441465, 48.063847], [-89.441445, 48.063881], [-89.441445, 48.063935], [-89.441391, 48.063971], [-89.441283, 48.063989], [-89.441121, 48.063989], [-89.440906, 48.063971], [-89.440744, 48.063948], [-89.440636, 48.063921], [-89.440582, 48.06389], [-89.440582, 48.063854], [-89.440549, 48.063836], [-89.440481, 48.063836], [-89.44038, 48.063854], [-89.440245, 48.06389], [-89.440144, 48.063901], [-89.440077, 48.063888], [-89.440043, 48.063849], [-89.440043, 48.063786], [-89.440006, 48.063746], [-89.439932, 48.063728], [-89.439821, 48.063732], [-89.439672, 48.063759], [-89.439558, 48.063759], [-89.439477, 48.063732], [-89.43943, 48.063678], [-89.439416, 48.063597], [-89.439329, 48.06353], [-89.439167, 48.063476], [-89.438931, 48.063435], [-89.438621, 48.063408], [-89.438402, 48.063366], [-89.438274, 48.063307], [-89.438237, 48.063233], [-89.438291, 48.063143], [-89.438297, 48.063069], [-89.438257, 48.06301], [-89.438169, 48.062968], [-89.438035, 48.062941], [-89.437937, 48.062898], [-89.437876, 48.062839], [-89.437853, 48.062765], [-89.437866, 48.062675], [-89.437917, 48.062601], [-89.438004, 48.062542], [-89.438129, 48.0625], [-89.438291, 48.062473], [-89.438422, 48.062423], [-89.438523, 48.062351], [-89.438594, 48.062257], [-89.438634, 48.06214], [-89.438621, 48.062045], [-89.438553, 48.061973], [-89.438432, 48.061924], [-89.438257, 48.061897], [-89.438031, 48.061926], [-89.437755, 48.062011], [-89.437428, 48.062153], [-89.43705, 48.062351], [-89.4367, 48.062515], [-89.436376, 48.062646], [-89.43608, 48.062743], [-89.43581, 48.062806], [-89.435598, 48.062878], [-89.435443, 48.062959], [-89.435345, 48.063049], [-89.435305, 48.063148], [-89.435231, 48.063211], [-89.435123, 48.063238], [-89.434981, 48.063229], [-89.434806, 48.063184], [-89.434671, 48.063168], [-89.434577, 48.063181], [-89.434523, 48.063224], [-89.434509, 48.063296], [-89.434425, 48.063348], [-89.43427, 48.063379], [-89.434044, 48.06339], [-89.433748, 48.063381], [-89.433519, 48.063395], [-89.433357, 48.063431], [-89.433263, 48.063489], [-89.433236, 48.06357], [-89.433185, 48.063618], [-89.433111, 48.063631], [-89.433013, 48.063611], [-89.432892, 48.063557], [-89.432804, 48.063541], [-89.43275, 48.063564], [-89.43273, 48.063624], [-89.432744, 48.063723], [-89.432673, 48.0638], [-89.432518, 48.063854], [-89.432278, 48.063885], [-89.431955, 48.063894], [-89.431706, 48.063915], [-89.43153, 48.063946], [-89.431429, 48.063989], [-89.431402, 48.064043], [-89.431358, 48.06407], [-89.431298, 48.06407], [-89.43122, 48.064043], [-89.431126, 48.063989], [-89.431038, 48.063969], [-89.430957, 48.063982], [-89.430883, 48.064029], [-89.430816, 48.06411], [-89.430684, 48.064173], [-89.430489, 48.064218], [-89.430229, 48.064245], [-89.429906, 48.064254], [-89.429643, 48.064281], [-89.429441, 48.064326], [-89.429299, 48.064389], [-89.429218, 48.06447], [-89.429124, 48.064524], [-89.429016, 48.064551], [-89.428895, 48.064551], [-89.42876, 48.064524], [-89.428639, 48.06452], [-89.428531, 48.064538], [-89.428437, 48.064578], [-89.428356, 48.064641], [-89.428261, 48.064693], [-89.428154, 48.064734], [-89.428032, 48.064763], [-89.427897, 48.064781], [-89.427786, 48.064774], [-89.427699, 48.064743], [-89.427635, 48.064686], [-89.427594, 48.064605], [-89.427544, 48.064545], [-89.427483, 48.064504], [-89.427412, 48.064484], [-89.427331, 48.064484], [-89.42726, 48.0645], [-89.4272, 48.064531], [-89.427149, 48.064578], [-89.427109, 48.064641], [-89.427055, 48.064689], [-89.426987, 48.06472], [-89.426907, 48.064736], [-89.426812, 48.064736], [-89.426741, 48.064749], [-89.426694, 48.064776], [-89.426671, 48.064817], [-89.426671, 48.064871], [-89.426533, 48.064911], [-89.426256, 48.064938], [-89.425842, 48.064952], [-89.425289, 48.064952], [-89.424874, 48.064967], [-89.424598, 48.064999], [-89.42446, 48.065046], [-89.42446, 48.065109], [-89.424436, 48.065156], [-89.424389, 48.065188], [-89.424318, 48.065204], [-89.424224, 48.065204], [-89.424153, 48.065217], [-89.424106, 48.065244], [-89.424083, 48.065285], [-89.424083, 48.065339], [-89.424052, 48.065372], [-89.423992, 48.065386], [-89.423901, 48.065379], [-89.423779, 48.065352], [-89.423688, 48.065345], [-89.423628, 48.065359], [-89.423597, 48.065393], [-89.423597, 48.065447], [-89.423564, 48.065474], [-89.423496, 48.065474], [-89.423395, 48.065447]], [[-89.453193, 48.05912], [-89.453153, 48.05912], [-89.453122, 48.059127], [-89.453102, 48.059141], [-89.453092, 48.059161], [-89.453092, 48.059188], [-89.453102, 48.059201], [-89.453122, 48.059201], [-89.453153, 48.059188], [-89.453193, 48.059161], [-89.453213, 48.059141], [-89.453213, 48.059127], [-89.453193, 48.05912]], [[-89.453955, 48.058936], [-89.453955, 48.058909], [-89.453924, 48.058896], [-89.453864, 48.058896], [-89.453773, 48.058909], [-89.453651, 48.058936], [-89.453591, 48.058956], [-89.453591, 48.05897], [-89.453651, 48.058976], [-89.453773, 48.058976], [-89.453864, 48.05897], [-89.453924, 48.058956], [-89.453955, 48.058936]], [[-89.453611, 48.058833], [-89.453597, 48.058833], [-89.453587, 48.058835], [-89.453581, 48.058839], [-89.453577, 48.058846], [-89.453577, 48.058855], [-89.453581, 48.05886], [-89.453587, 48.05886], [-89.453597, 48.058855], [-89.453611, 48.058846], [-89.453618, 48.058839], [-89.453618, 48.058835], [-89.453611, 48.058833]], [[-89.453773, 48.058725], [-89.453759, 48.058725], [-89.453749, 48.058727], [-89.453742, 48.058731], [-89.453739, 48.058738], [-89.453739, 48.058747], [-89.453742, 48.058752], [-89.453749, 48.058752], [-89.453759, 48.058747], [-89.453773, 48.058738], [-89.453779, 48.058731], [-89.453779, 48.058727], [-89.453773, 48.058725]], [[-89.454096, 48.058509], [-89.454083, 48.058509], [-89.454073, 48.058511], [-89.454066, 48.058515], [-89.454062, 48.058522], [-89.454062, 48.058531], [-89.454066, 48.058536], [-89.454073, 48.058536], [-89.454083, 48.058531], [-89.454096, 48.058522], [-89.454103, 48.058515], [-89.454103, 48.058511], [-89.454096, 48.058509]]]}}, {"type": "Feature", "properties": {"lead": 0, "temp": "t12"}, "geometry": {"type": "Polygon", "coordinates": [[[-89.436484, 48.070184], [-89.436484, 48.070049], [-89.436562, 48.069939], [-89.436717, 48.069853], [-89.436949, 48.069793], [-89.437259, 48.069757], [-89.437489, 48.069752], [-89.437637, 48.069779], [-89.437704, 48.069838], [-89.437691, 48.069928], [-89.437607, 48.070015], [-89.437451, 48.070101], [-89.437226, 48.070184], [-89.436929, 48.070265], [-89.436707, 48.070292], [-89.436558, 48.070265], [-89.436484, 48.070184]]]}}, {"type": "Feature", "properties": {"lead": 0, "temp": "t12"}, "geometry": {"type": "Polygon", "coordinates": [[[-89.431005, 48.080782], [-89.430695, 48.080755], [-89.430432, 48.080705], [-89.430216, 48.080633], [-89.430047, 48.080539], [-89.429926, 48.080422], [-89.429852, 48.080285], [-89.429825, 48.080127], [-89.429845, 48.07995], [-89.429913, 48.079752], [-89.430007, 48.079574], [-89.430128, 48.079417], [-89.430277, 48.07928], [-89.430452, 48.079163], [-89.430809, 48.07898], [-89.431348, 48.078733], [-89.43207, 48.07842], [-89.432973, 48.078043], [-89.433731, 48.077752], [-89.434344, 48.07755], [-89.434813, 48.077435], [-89.435136, 48.077408], [-89.435443, 48.077368], [-89.435733, 48.077314], [-89.436006, 48.077246], [-89.436262, 48.077165], [-89.436622, 48.077024], [-89.437088, 48.076821], [-89.437657, 48.076558], [-89.438331, 48.076234], [-89.439093, 48.075904], [-89.439942, 48.075566], [-89.440879, 48.075222], [-89.441903, 48.074871], [-89.442897, 48.074491], [-89.443861, 48.074082], [-89.444795, 48.073643], [-89.445698, 48.073176], [-89.446473, 48.072816], [-89.44712, 48.072564], [-89.447639, 48.07242], [-89.44803, 48.072384], [-89.448455, 48.072244], [-89.448913, 48.072001], [-89.449405, 48.071655], [-89.449931, 48.071205], [-89.450497, 48.070778], [-89.451104, 48.070373], [-89.451751, 48.069991], [-89.452438, 48.069631], [-89.45325, 48.069264], [-89.454187, 48.068891], [-89.455249, 48.06851], [-89.456435, 48.068124], [-89.457409, 48.067833], [-89.458171, 48.06764], [-89.45872, 48.067543], [-89.459057, 48.067543], [-89.45937, 48.067525], [-89.45966, 48.067489], [-89.459926, 48.067435], [-89.460169, 48.067363], [-89.460466, 48.067309], [-89.460816, 48.067273], [-89.46122, 48.067255], [-89.461679, 48.067255], [-89.462228, 48.067156], [-89.462868, 48.066958], [-89.4636, 48.066661], [-89.464422, 48.066265], [-89.465147, 48.065966], [-89.465773, 48.065764], [-89.466302, 48.065658], [-89.466734, 48.065649], [-89.467088, 48.065627], [-89.467364, 48.065591], [-89.467563, 48.065541], [-89.467684, 48.065478], [-89.467779, 48.065395], [-89.467846, 48.065291], [-89.467886, 48.065168], [-89.4679, 48.065024], [-89.467873, 48.064855], [-89.467806, 48.064662], [-89.467698, 48.064443], [-89.467549, 48.0642], [-89.467293, 48.064014], [-89.466929, 48.063883], [-89.466457, 48.063809], [-89.465878, 48.063791], [-89.465288, 48.06375], [-89.464688, 48.063687], [-89.464078, 48.063602], [-89.463458, 48.063494], [-89.462774, 48.063467], [-89.462026, 48.063521], [-89.461214, 48.063656], [-89.460337, 48.063872], [-89.459168, 48.06407], [-89.457705, 48.06425], [-89.45595, 48.064412], [-89.453901, 48.064556], [-89.452236, 48.064718], [-89.450955, 48.064898], [-89.450059, 48.065096], [-89.449547, 48.065312], [-89.449068, 48.065492], [-89.448623, 48.065636], [-89.448212, 48.065744], [-89.447835, 48.065816], [-89.447208, 48.065872], [-89.446332, 48.065912], [-89.445206, 48.065937], [-89.443831, 48.065946], [-89.442668, 48.066], [-89.441718, 48.066099], [-89.44098, 48.066243], [-89.440454, 48.066432], [-89.440104, 48.066666], [-89.439928, 48.066945], [-89.439928, 48.067269], [-89.440104, 48.067638], [-89.440235, 48.067966], [-89.440323, 48.068254], [-89.440367, 48.068501], [-89.440367, 48.068708], [-89.44035, 48.068884], [-89.440316, 48.069028], [-89.440265, 48.06914], [-89.440198, 48.069221], [-89.4401, 48.069273], [-89.439972, 48.069295], [-89.439814, 48.069289], [-89.439625, 48.069253], [-89.439504, 48.069255], [-89.43945, 48.069295], [-89.439463, 48.069374], [-89.439544, 48.069491], [-89.439541, 48.069604], [-89.439453, 48.069712], [-89.439281, 48.069815], [-89.439025, 48.069914], [-89.43882, 48.069948], [-89.438665, 48.069916], [-89.43856, 48.06982], [-89.438506, 48.069658], [-89.438527, 48.0695], [-89.438621, 48.069347], [-89.438789, 48.069199], [-89.439032, 48.069055], [-89.439214, 48.068904], [-89.439335, 48.068747], [-89.439396, 48.068582], [-89.439396, 48.068411], [-89.439372, 48.068263], [-89.439325, 48.068137], [-89.439254, 48.068034], [-89.43916, 48.067953], [-89.439079, 48.067833], [-89.439012, 48.067676], [-89.438958, 48.06748], [-89.438917, 48.067246], [-89.438874, 48.067071], [-89.438826, 48.066954], [-89.438776, 48.066895], [-89.438722, 48.066895], [-89.438685, 48.066846], [-89.438665, 48.066747], [-89.438661, 48.066598], [-89.438675, 48.0664], [-89.438715, 48.066229], [-89.438783, 48.066086], [-89.438877, 48.065969], [-89.438998, 48.065879], [-89.439143, 48.065811], [-89.439312, 48.065766], [-89.439504, 48.065744], [-89.43972, 48.065744], [-89.439969, 48.06571], [-89.440252, 48.065642], [-89.440569, 48.065541], [-89.440919, 48.065406], [-89.441526, 48.065296], [-89.442389, 48.06521], [-89.443507, 48.06515], [-89.444882, 48.065114], [-89.446008, 48.06506], [-89.446884, 48.064988], [-89.447511, 48.064898], [-89.447889, 48.06479], [-89.448205, 48.064716], [-89.448461, 48.064675], [-89.448657, 48.064668], [-89.448792, 48.064695], [-89.448923, 48.064686], [-89.449051, 48.064641], [-89.449176, 48.06456], [-89.449297, 48.064443], [-89.449452, 48.064342], [-89.449641, 48.064257], [-89.449863, 48.064187], [-89.45012, 48.064133], [-89.450443, 48.064092], [-89.450834, 48.064065], [-89.451292, 48.064052], [-89.451818, 48.064052], [-89.452243, 48.064029], [-89.452566, 48.063984], [-89.452789, 48.063917], [-89.45291, 48.063827], [-89.453227, 48.063746], [-89.453739, 48.063674], [-89.454447, 48.063611], [-89.45535, 48.063557], [-89.456111, 48.063523], [-89.456732, 48.06351], [-89.45721, 48.063516], [-89.457547, 48.063543], [-89.457867, 48.06355], [-89.458171, 48.063537], [-89.458457, 48.063503], [-89.458727, 48.063449], [-89.458949, 48.063393], [-89.459124, 48.063334], [-89.459252, 48.063274], [-89.459333, 48.063211], [-89.459414, 48.06317], [-89.459495, 48.063152], [-89.459576, 48.063157], [-89.459657, 48.063184], [-89.459761, 48.063184], [-89.459889, 48.063157], [-89.460041, 48.063103], [-89.460216, 48.063022], [-89.460445, 48.062945], [-89.460728, 48.062873], [-89.461065, 48.062806], [-89.461456, 48.062743], [-89.46176, 48.062704], [-89.461975, 48.062691], [-89.462103, 48.062702], [-89.462144, 48.062738], [-89.462282, 48.062765], [-89.462518, 48.062783], [-89.462852, 48.062792], [-89.463283, 48.062792], [-89.46367, 48.062812], [-89.464014, 48.062853], [-89.464314, 48.062914], [-89.46457, 48.062995], [-89.464921, 48.063055], [-89.465366, 48.063096], [-89.465905, 48.063116], [-89.466538, 48.063116], [-89.467081, 48.063152], [-89.467533, 48.063224], [-89.467893, 48.063332], [-89.468163, 48.063476], [-89.468395, 48.063699], [-89.468591, 48.064], [-89.468749, 48.06438], [-89.46887, 48.064839], [-89.468918, 48.065219], [-89.468891, 48.065521], [-89.46879, 48.065744], [-89.468614, 48.065888], [-89.468355, 48.066009], [-89.468011, 48.066108], [-89.467583, 48.066184], [-89.467071, 48.066238], [-89.466666, 48.066295], [-89.46637, 48.066353], [-89.466181, 48.066414], [-89.4661, 48.066477], [-89.465986, 48.066531], [-89.465837, 48.066576], [-89.465655, 48.066612], [-89.46544, 48.066639], [-89.465234, 48.066702], [-89.465039, 48.066801], [-89.464853, 48.066936], [-89.464678, 48.067107], [-89.464503, 48.067242], [-89.464328, 48.067341], [-89.464152, 48.067404], [-89.463977, 48.067431], [-89.463825, 48.067473], [-89.463697, 48.067532], [-89.463593, 48.067606], [-89.463512, 48.067696], [-89.463408, 48.067777], [-89.46328, 48.067849], [-89.463128, 48.067912], [-89.462953, 48.067966], [-89.462767, 48.068], [-89.462572, 48.068013], [-89.462366, 48.068007], [-89.462151, 48.06798], [-89.461958, 48.067966], [-89.46179, 48.067966], [-89.461645, 48.06798], [-89.461524, 48.068007], [-89.461433, 48.068043], [-89.461372, 48.068088], [-89.461342, 48.068142], [-89.461342, 48.068205], [-89.461332, 48.068243], [-89.461311, 48.068256], [-89.461281, 48.068245], [-89.461241, 48.068209], [-89.461123, 48.068182], [-89.460927, 48.068164], [-89.460654, 48.068155], [-89.460304, 48.068155], [-89.460041, 48.068164], [-89.459866, 48.068182], [-89.459778, 48.068209], [-89.459778, 48.068245], [-89.459714, 48.068272], [-89.459586, 48.06829], [-89.459394, 48.068299], [-89.459138, 48.068299], [-89.458925, 48.068312], [-89.458757, 48.068339], [-89.458632, 48.06838], [-89.458551, 48.068434], [-89.458447, 48.068474], [-89.458319, 48.068501], [-89.458167, 48.068515], [-89.457992, 48.068515], [-89.457786, 48.068551], [-89.45755, 48.068623], [-89.457284, 48.068731], [-89.456988, 48.068875], [-89.456732, 48.068983], [-89.456516, 48.069055], [-89.456341, 48.069091], [-89.456206, 48.069091], [-89.456031, 48.069127], [-89.455815, 48.069199], [-89.455559, 48.069307], [-89.455262, 48.069451], [-89.454966, 48.069572], [-89.454669, 48.069671], [-89.454373, 48.069748], [-89.454076, 48.069802], [-89.453843, 48.069858], [-89.453675, 48.069916], [-89.45357, 48.069977], [-89.45353, 48.07004], [-89.453446, 48.070101], [-89.453318, 48.070159], [-89.453146, 48.070215], [-89.45293, 48.070269], [-89.452681, 48.070359], [-89.452398, 48.070485], [-89.452081, 48.070647], [-89.45173, 48.070845], [-89.451393, 48.071066], [-89.45107, 48.071309], [-89.45076, 48.071574], [-89.450463, 48.071862], [-89.450187, 48.0721], [-89.449931, 48.072289], [-89.449695, 48.072429], [-89.449479, 48.072519], [-89.449324, 48.0726], [-89.44923, 48.072672], [-89.449196, 48.072735], [-89.449223, 48.072789], [-89.449226, 48.072838], [-89.449206, 48.072883], [-89.449162, 48.072924], [-89.449095, 48.07296], [-89.449011, 48.072978], [-89.44891, 48.072978], [-89.448792, 48.07296], [-89.448657, 48.072924], [-89.448536, 48.072912], [-89.448428, 48.072926], [-89.448333, 48.072964], [-89.448252, 48.073027], [-89.448104, 48.073088], [-89.447889, 48.073146], [-89.447605, 48.073203], [-89.447255, 48.073256], [-89.446942, 48.073333], [-89.446665, 48.073432], [-89.446426, 48.073553], [-89.446224, 48.073697], [-89.446048, 48.073805], [-89.4459, 48.073877], [-89.445779, 48.073913], [-89.445685, 48.073913], [-89.445604, 48.073931], [-89.445536, 48.073967], [-89.445482, 48.074021], [-89.445442, 48.074093], [-89.445378, 48.074149], [-89.44529, 48.07419], [-89.445179, 48.074215], [-89.445044, 48.074224], [-89.444903, 48.074266], [-89.444754, 48.074343], [-89.444599, 48.074453], [-89.444438, 48.074597], [-89.444293, 48.074705], [-89.444165, 48.074777], [-89.444053, 48.074813], [-89.443959, 48.074813], [-89.443868, 48.074835], [-89.44378, 48.07488], [-89.443696, 48.074948], [-89.443615, 48.075038], [-89.443501, 48.075119], [-89.443352, 48.075191], [-89.44317, 48.075254], [-89.442955, 48.075308], [-89.442773, 48.075371], [-89.442625, 48.075443], [-89.44251, 48.075524], [-89.442429, 48.075614], [-89.442335, 48.075681], [-89.442227, 48.075726], [-89.442106, 48.075749], [-89.441971, 48.075749], [-89.441839, 48.075771], [-89.441711, 48.075816], [-89.441587, 48.075884], [-89.441465, 48.075973], [-89.441256, 48.076068], [-89.44096, 48.076167], [-89.440576, 48.07627], [-89.440104, 48.076378], [-89.439736, 48.076475], [-89.439474, 48.07656], [-89.439315, 48.076635], [-89.439261, 48.076698], [-89.439147, 48.076765], [-89.438971, 48.076837], [-89.438735, 48.076914], [-89.438439, 48.076995], [-89.438206, 48.077071], [-89.438038, 48.077143], [-89.437933, 48.07721], [-89.437893, 48.077273], [-89.437788, 48.077341], [-89.43762, 48.077413], [-89.437387, 48.077489], [-89.437091, 48.07757], [-89.436858, 48.077647], [-89.43669, 48.077719], [-89.436585, 48.077786], [-89.436545, 48.077849], [-89.436363, 48.077923], [-89.436039, 48.078009], [-89.435574, 48.078106], [-89.434968, 48.078214], [-89.434503, 48.07831], [-89.434179, 48.078396], [-89.433997, 48.07847], [-89.433957, 48.078533], [-89.433744, 48.078643], [-89.43336, 48.078801], [-89.432804, 48.079005], [-89.432076, 48.079257], [-89.431497, 48.079468], [-89.431065, 48.079639], [-89.430782, 48.07977], [-89.430647, 48.07986], [-89.430546, 48.079941], [-89.430479, 48.080013], [-89.430445, 48.080076], [-89.430445, 48.08013], [-89.430469, 48.080163], [-89.430516, 48.080177], [-89.430587, 48.08017], [-89.430681, 48.080143], [-89.430752, 48.080141], [-89.430799, 48.080163], [-89.430823, 48.080211], [-89.430823, 48.080283], [-89.430843, 48.080319], [-89.430883, 48.080319], [-89.430944, 48.080283], [-89.431025, 48.080211], [-89.431139, 48.080148], [-89.431288, 48.080094], [-89.43147, 48.080049], [-89.431685, 48.080013], [-89.431921, 48.079995], [-89.432177, 48.079995], [-89.432454, 48.080013], [-89.43275, 48.080049], [-89.432973, 48.080055], [-89.433121, 48.080033], [-89.433195, 48.079981], [-89.433195, 48.0799], [-89.433239, 48.079846], [-89.433327, 48.079819], [-89.433458, 48.079819], [-89.433633, 48.079846], [-89.433808, 48.079837], [-89.433984, 48.079792], [-89.434159, 48.079711], [-89.434334, 48.079594], [-89.43452, 48.079543], [-89.434715, 48.079556], [-89.434921, 48.079635], [-89.435136, 48.079779], [-89.435049, 48.079938], [-89.434658, 48.080114], [-89.433963, 48.080305], [-89.432966, 48.080512], [-89.43214, 48.08066], [-89.431487, 48.08075], [-89.431005, 48.080782]]]}}, {"type": "Feature", "properties": {"lead": 0, "temp": "t12"}, "geometry": {"type": "Polygon", "coordinates": [[[-89.431166, 48.088634], [-89.431075, 48.088601], [-89.431015, 48.08856], [-89.430984, 48.088513], [-89.430984, 48.088459], [-89.430947, 48.088416], [-89.430873, 48.088385], [-89.430762, 48.088365], [-89.430614, 48.088356], [-89.430614, 48.088342], [-89.430762, 48.088324], [-89.431059, 48.088302], [-89.431503, 48.088275], [-89.432147, 48.088137], [-89.43299, 48.08789], [-89.434031, 48.087533], [-89.435271, 48.087065], [-89.436201, 48.086739], [-89.436821, 48.086554], [-89.437131, 48.086512], [-89.437131, 48.086611], [-89.437091, 48.086714], [-89.43701, 48.086822], [-89.436889, 48.086934], [-89.436727, 48.087051], [-89.436582, 48.087139], [-89.436454, 48.087197], [-89.436343, 48.087227], [-89.436248, 48.087227], [-89.436039, 48.087296], [-89.435716, 48.087436], [-89.435278, 48.087645], [-89.434725, 48.087924], [-89.434257, 48.088128], [-89.433873, 48.088259], [-89.433573, 48.088315], [-89.433357, 48.088297], [-89.433185, 48.088297], [-89.433057, 48.088315], [-89.432973, 48.088351], [-89.432932, 48.088405], [-89.432824, 48.088445], [-89.432649, 48.088472], [-89.432407, 48.088486], [-89.432096, 48.088486], [-89.431854, 48.088499], [-89.431679, 48.088526], [-89.431571, 48.088567], [-89.43153, 48.088621], [-89.43147, 48.088655], [-89.431389, 48.088668], [-89.431288, 48.088661], [-89.431166, 48.088634]]]}}, {"type": "Feature", "properties": {"lead": 0, "temp": "t12"}, "geometry": {"type": "Polygon", "coordinates": [[[-89.428753, 48.088549], [-89.429094, 48.088499], [-89.429222, 48.08849], [-89.429138, 48.088522], [-89.428841, 48.088594], [-89.428555, 48.088652], [-89.428278, 48.088697], [-89.428012, 48.088729], [-89.427756, 48.088747], [-89.427702, 48.088738], [-89.42785, 48.088702], [-89.428201, 48.088639], [-89.428753, 48.088549]]]}}, {"type": "Feature", "properties": {"lead": 0, "temp": "t12"}, "geometry": {"type": "Polygon", "coordinates": [[[-89.427149, 48.0889], [-89.427109, 48.088864], [-89.427045, 48.088834], [-89.426957, 48.088812], [-89.426846, 48.088796], [-89.426711, 48.088787], [-89.426654, 48.08878], [-89.426674, 48.088776], [-89.426772, 48.088774], [-89.426947, 48.088774], [-89.427078, 48.088785], [-89.427166, 48.088807], [-89.42721, 48.088841], [-89.42721, 48.088886], [-89.4272, 48.088911], [-89.42718, 48.088915], [-89.427149, 48.0889]]]}}, {"type": "Feature", "properties": {"lead": 0, "temp": "t12"}, "geometry": {"type": "Polygon", "coordinates": [[[-89.413298, 48.05899], [-89.413383, 48.058846], [-89.413551, 48.058711], [-89.413804, 48.058585], [-89.414141, 48.058468], [-89.414427, 48.058396], [-89.414663, 48.058369], [-89.414849, 48.058387], [-89.414983, 48.05845], [-89.415084, 48.058475], [-89.415152, 48.058461], [-89.415186, 48.05841], [-89.415186, 48.05832], [-89.415219, 48.058245], [-89.415287, 48.058187], [-89.415388, 48.058144], [-89.415523, 48.058117], [-89.415634, 48.058077], [-89.415721, 48.058023], [-89.415785, 48.057955], [-89.415826, 48.057874], [-89.415876, 48.057818], [-89.415937, 48.057786], [-89.416008, 48.05778], [-89.416089, 48.057798], [-89.41617, 48.057784], [-89.416251, 48.057739], [-89.416331, 48.057663], [-89.416412, 48.057555], [-89.416422, 48.057467], [-89.416362, 48.057399], [-89.41623, 48.057352], [-89.416028, 48.057325], [-89.415725, 48.057339], [-89.41532, 48.057393], [-89.414815, 48.057487], [-89.414208, 48.057622], [-89.413753, 48.057678], [-89.41345, 48.057656], [-89.413298, 48.057555], [-89.413298, 48.057375], [-89.413447, 48.057213], [-89.413743, 48.057069], [-89.414188, 48.056943], [-89.414781, 48.056835], [-89.415293, 48.05676], [-89.415725, 48.05672], [-89.416075, 48.056713], [-89.416345, 48.05674], [-89.416594, 48.056799], [-89.416823, 48.056889], [-89.417032, 48.05701], [-89.417221, 48.057163], [-89.417353, 48.057316], [-89.417427, 48.057469], [-89.417444, 48.057622], [-89.417403, 48.057775], [-89.41712, 48.057975], [-89.416594, 48.058223], [-89.415826, 48.058518], [-89.414815, 48.05886], [-89.414057, 48.059078], [-89.413551, 48.059172], [-89.413298, 48.059143], [-89.413298, 48.05899]]]}}, {"type": "Feature", "properties": {"lead": 0, "temp": "t12"}, "geometry": {"type": "Polygon", "coordinates": [[[-89.413838, 48.065568], [-89.413848, 48.065548], [-89.413868, 48.065534], [-89.413898, 48.065528], [-89.413939, 48.065528], [-89.413959, 48.065534], [-89.413959, 48.065548], [-89.413939, 48.065568], [-89.413898, 48.065595], [-89.413868, 48.065609], [-89.413848, 48.065609], [-89.413838, 48.065595], [-89.413838, 48.065568]]]}}, {"type": "Feature", "properties": {"lead": 0, "temp": "t12"}, "geometry": {"type": "Polygon", "coordinates": [[[-89.413399, 48.068686], [-89.413359, 48.068488], [-89.413389, 48.068299], [-89.41349, 48.068119], [-89.413662, 48.067948], [-89.413905, 48.067786], [-89.414026, 48.067588], [-89.414026, 48.067354], [-89.413905, 48.067084], [-89.413662, 48.066778], [-89.41348, 48.066486], [-89.413359, 48.066207], [-89.413298, 48.065942], [-89.413298, 48.06569], [-89.413352, 48.065537], [-89.41346, 48.065483], [-89.413622, 48.065528], [-89.413838, 48.065672], [-89.41403, 48.065843], [-89.414198, 48.066041], [-89.414343, 48.066265], [-89.414464, 48.066517], [-89.414589, 48.066729], [-89.414717, 48.0669], [-89.414849, 48.06703], [-89.414983, 48.06712], [-89.415091, 48.067222], [-89.415172, 48.067334], [-89.415226, 48.067458], [-89.415253, 48.067593], [-89.415213, 48.067746], [-89.415105, 48.067917], [-89.414929, 48.068106], [-89.414687, 48.068312], [-89.414451, 48.06849], [-89.414222, 48.068639], [-89.413999, 48.068758], [-89.413784, 48.068848], [-89.413612, 48.068866], [-89.413484, 48.068812], [-89.413399, 48.068686]]]}}, {"type": "Feature", "properties": {"lead": 0, "temp": "t12"}, "geometry": {"type": "Polygon", "coordinates": [[[-89.422896, 48.073315], [-89.422492, 48.073279], [-89.422114, 48.073216], [-89.421764, 48.073126], [-89.42144, 48.073009], [-89.421147, 48.072921], [-89.420884, 48.072863], [-89.420652, 48.072834], [-89.42045, 48.072834], [-89.420231, 48.072795], [-89.419995, 48.072719], [-89.419742, 48.072604], [-89.419472, 48.072451], [-89.418909, 48.07231], [-89.418053, 48.072179], [-89.416904, 48.07206], [-89.415462, 48.071952], [-89.41438, 48.071839], [-89.413659, 48.071723], [-89.413298, 48.071601], [-89.413298, 48.071475], [-89.413386, 48.071378], [-89.413561, 48.071311], [-89.413824, 48.071273], [-89.414175, 48.071264], [-89.414488, 48.071273], [-89.414764, 48.0713], [-89.415004, 48.071345], [-89.415206, 48.071408], [-89.415401, 48.071448], [-89.41559, 48.071466], [-89.415772, 48.071462], [-89.415947, 48.071435], [-89.416079, 48.071428], [-89.416166, 48.071441], [-89.41621, 48.071475], [-89.41621, 48.071529], [-89.416244, 48.071576], [-89.416311, 48.071617], [-89.416412, 48.071651], [-89.416547, 48.071678], [-89.416692, 48.07168], [-89.416847, 48.071657], [-89.417012, 48.07161], [-89.417187, 48.071538], [-89.417359, 48.071486], [-89.417528, 48.071455], [-89.417693, 48.071444], [-89.417855, 48.071453], [-89.417986, 48.071484], [-89.418087, 48.071538], [-89.418158, 48.071615], [-89.418198, 48.071714], [-89.418293, 48.071788], [-89.418441, 48.071837], [-89.418643, 48.071862], [-89.418899, 48.071862], [-89.419125, 48.071882], [-89.419321, 48.071923], [-89.419486, 48.071983], [-89.419621, 48.072064], [-89.419742, 48.072118], [-89.41985, 48.072145], [-89.419944, 48.072145], [-89.420025, 48.072118], [-89.420086, 48.072112], [-89.420126, 48.072125], [-89.420146, 48.072159], [-89.420146, 48.072213], [-89.4202, 48.072253], [-89.420308, 48.07228], [-89.42047, 48.072294], [-89.420686, 48.072294], [-89.420911, 48.07233], [-89.421147, 48.072402], [-89.421393, 48.07251], [-89.421649, 48.072654], [-89.421939, 48.072768], [-89.422263, 48.072854], [-89.42262, 48.07291], [-89.423011, 48.072937], [-89.423304, 48.072946], [-89.423499, 48.072937], [-89.423597, 48.07291], [-89.423597, 48.072865], [-89.423695, 48.072816], [-89.42389, 48.072762], [-89.424184, 48.072703], [-89.424575, 48.07264], [-89.424878, 48.07255], [-89.425094, 48.072433], [-89.425222, 48.072289], [-89.425262, 48.072118], [-89.425356, 48.071954], [-89.425505, 48.071797], [-89.425707, 48.071646], [-89.425963, 48.071502], [-89.426229, 48.071385], [-89.426506, 48.071295], [-89.426792, 48.071232], [-89.427089, 48.071196], [-89.427375, 48.071126], [-89.427651, 48.071023], [-89.427918, 48.070886], [-89.428174, 48.070715], [-89.428453, 48.070573], [-89.428757, 48.070461], [-89.429084, 48.070377], [-89.429434, 48.070323], [-89.429694, 48.070267], [-89.429862, 48.070209], [-89.42994, 48.070148], [-89.429926, 48.070085], [-89.42994, 48.070047], [-89.42998, 48.070033], [-89.430047, 48.070045], [-89.430142, 48.070081], [-89.430213, 48.070099], [-89.43026, 48.070099], [-89.430283, 48.070081], [-89.430283, 48.070045], [-89.430327, 48.070011], [-89.430415, 48.069979], [-89.430546, 48.06995], [-89.430722, 48.069923], [-89.430853, 48.069885], [-89.430941, 48.069835], [-89.430984, 48.069775], [-89.430984, 48.069703], [-89.431001, 48.06966], [-89.431035, 48.069646], [-89.431085, 48.069662], [-89.431153, 48.069707], [-89.431237, 48.069723], [-89.431338, 48.069709], [-89.431456, 48.069667], [-89.431591, 48.069595], [-89.431749, 48.069552], [-89.431931, 48.069538], [-89.432137, 48.069554], [-89.432366, 48.069599], [-89.432548, 48.069615], [-89.432683, 48.069601], [-89.43277, 48.069559], [-89.432811, 48.069487], [-89.432841, 48.069451], [-89.432861, 48.069451], [-89.432872, 48.069487], [-89.432872, 48.069559], [-89.432912, 48.069613], [-89.432993, 48.069649], [-89.433114, 48.069667], [-89.433276, 48.069667], [-89.433397, 48.06968], [-89.433478, 48.069707], [-89.433519, 48.069748], [-89.433519, 48.069802], [-89.433546, 48.069817], [-89.4336, 48.069795], [-89.43368, 48.069734], [-89.433788, 48.069635], [-89.433876, 48.069586], [-89.433943, 48.069586], [-89.43399, 48.069635], [-89.434017, 48.069734], [-89.434176, 48.069808], [-89.434466, 48.069858], [-89.434887, 48.069883], [-89.43544, 48.069883], [-89.435851, 48.069921], [-89.43612, 48.069997], [-89.436248, 48.070112], [-89.436235, 48.070265], [-89.436127, 48.070375], [-89.435925, 48.070443], [-89.435628, 48.070467], [-89.435237, 48.070449], [-89.434853, 48.070413], [-89.434476, 48.070359], [-89.434105, 48.070287], [-89.433741, 48.070197], [-89.43333, 48.070143], [-89.432872, 48.070125], [-89.432366, 48.070143], [-89.431813, 48.070197], [-89.431099, 48.070332], [-89.430223, 48.070548], [-89.429185, 48.070845], [-89.427985, 48.071223], [-89.427068, 48.071561], [-89.426435, 48.071857], [-89.426084, 48.072114], [-89.426017, 48.07233], [-89.425845, 48.072534], [-89.425569, 48.072728], [-89.425188, 48.07291], [-89.424703, 48.073081], [-89.424231, 48.073207], [-89.423772, 48.073288], [-89.423328, 48.073324], [-89.422896, 48.073315]]]}}, {"type": "Feature", "properties": {"lead": 0, "temp": "t12"}, "geometry": {"type": "Polygon", "coordinates": [[[-89.423961, 48.089745], [-89.423621, 48.089716], [-89.423291, 48.089657], [-89.42297, 48.08957], [-89.42266, 48.089453], [-89.422428, 48.089352], [-89.422273, 48.089266], [-89.422195, 48.089196], [-89.422195, 48.089142], [-89.422165, 48.089095], [-89.422104, 48.089055], [-89.422013, 48.089021], [-89.421892, 48.088994], [-89.421683, 48.088886], [-89.421386, 48.088697], [-89.421002, 48.088427], [-89.42053, 48.088077], [-89.420123, 48.087721], [-89.419779, 48.087362], [-89.419499, 48.086997], [-89.419284, 48.086629], [-89.419122, 48.086309], [-89.419014, 48.086039], [-89.41896, 48.085819], [-89.41896, 48.085648], [-89.41898, 48.085491], [-89.419021, 48.085347], [-89.419081, 48.085216], [-89.419162, 48.0851], [-89.419277, 48.084989], [-89.419425, 48.084886], [-89.419607, 48.084789], [-89.419823, 48.084699], [-89.420018, 48.084645], [-89.420193, 48.084627], [-89.420348, 48.084645], [-89.420483, 48.084699], [-89.420605, 48.084719], [-89.420712, 48.084706], [-89.420807, 48.084659], [-89.420888, 48.084578], [-89.421036, 48.08449], [-89.421252, 48.084396], [-89.421535, 48.084294], [-89.421885, 48.084187], [-89.422158, 48.084083], [-89.422354, 48.083984], [-89.422472, 48.08389], [-89.422512, 48.0838], [-89.422573, 48.083719], [-89.422654, 48.083647], [-89.422755, 48.083584], [-89.422876, 48.08353], [-89.422957, 48.083474], [-89.422997, 48.083415], [-89.422997, 48.083354], [-89.422957, 48.083292], [-89.42295, 48.083231], [-89.422977, 48.083172], [-89.423038, 48.083116], [-89.423132, 48.083062], [-89.423173, 48.083004], [-89.423159, 48.082941], [-89.423092, 48.082873], [-89.42297, 48.082801], [-89.422886, 48.082736], [-89.422839, 48.082678], [-89.422829, 48.082626], [-89.422856, 48.082581], [-89.422822, 48.082527], [-89.422728, 48.082464], [-89.422573, 48.082392], [-89.422357, 48.082311], [-89.422037, 48.082264], [-89.421612, 48.08225], [-89.421083, 48.082271], [-89.42045, 48.082325], [-89.419974, 48.082379], [-89.419658, 48.082432], [-89.419499, 48.082486], [-89.419499, 48.08254], [-89.419466, 48.082574], [-89.419398, 48.082588], [-89.419297, 48.082581], [-89.419162, 48.082554], [-89.419041, 48.082547], [-89.418933, 48.082561], [-89.418839, 48.082594], [-89.418758, 48.082648], [-89.418663, 48.082689], [-89.418556, 48.082716], [-89.418434, 48.082729], [-89.4183, 48.082729], [-89.418185, 48.082747], [-89.418091, 48.082783], [-89.418016, 48.082837], [-89.417963, 48.082909], [-89.417807, 48.082981], [-89.417551, 48.083053], [-89.417194, 48.083125], [-89.416736, 48.083197], [-89.416389, 48.083262], [-89.416153, 48.083321], [-89.416028, 48.083372], [-89.416015, 48.083417], [-89.41589, 48.083485], [-89.415654, 48.083575], [-89.415307, 48.083687], [-89.414849, 48.083822], [-89.414505, 48.083935], [-89.414276, 48.084025], [-89.414161, 48.084092], [-89.414161, 48.084137], [-89.414141, 48.084166], [-89.4141, 48.08418], [-89.41404, 48.084178], [-89.413959, 48.08416], [-89.413895, 48.084157], [-89.413848, 48.084171], [-89.413817, 48.0842], [-89.413804, 48.084245], [-89.413763, 48.084274], [-89.413696, 48.084288], [-89.413602, 48.084285], [-89.41348, 48.084267], [-89.413389, 48.08422], [-89.413329, 48.084144], [-89.413298, 48.084038], [-89.413298, 48.083903], [-89.413379, 48.083782], [-89.413541, 48.083674], [-89.413784, 48.083579], [-89.414107, 48.083498], [-89.414441, 48.08339], [-89.414785, 48.083256], [-89.415138, 48.083094], [-89.415502, 48.082905], [-89.416092, 48.082693], [-89.416908, 48.082459], [-89.417949, 48.082203], [-89.419216, 48.081924], [-89.420207, 48.081715], [-89.420921, 48.081576], [-89.42136, 48.081506], [-89.421521, 48.081506], [-89.421761, 48.081542], [-89.422077, 48.081614], [-89.422472, 48.081722], [-89.422943, 48.081866], [-89.423321, 48.081996], [-89.423604, 48.082113], [-89.423793, 48.082217], [-89.423887, 48.082307], [-89.423958, 48.082408], [-89.424005, 48.08252], [-89.424029, 48.082644], [-89.424029, 48.082779], [-89.423992, 48.08295], [-89.423917, 48.083157], [-89.423806, 48.083399], [-89.423658, 48.083678], [-89.423442, 48.083932], [-89.423159, 48.084162], [-89.422809, 48.084366], [-89.422391, 48.084546], [-89.42198, 48.084697], [-89.421575, 48.084818], [-89.421178, 48.084911], [-89.420787, 48.084974], [-89.420429, 48.08507], [-89.420106, 48.085201], [-89.419816, 48.085365], [-89.41956, 48.085563], [-89.419381, 48.085756], [-89.41928, 48.085945], [-89.419257, 48.086129], [-89.419311, 48.086309], [-89.419395, 48.086489], [-89.419509, 48.086669], [-89.419654, 48.086849], [-89.41983, 48.087029], [-89.420123, 48.087263], [-89.420534, 48.087551], [-89.421063, 48.087892], [-89.42171, 48.088288], [-89.42235, 48.088598], [-89.422984, 48.088823], [-89.423611, 48.088963], [-89.424231, 48.089017], [-89.424757, 48.089041], [-89.425188, 48.089037], [-89.425525, 48.089003], [-89.425768, 48.08894], [-89.42599, 48.088922], [-89.426192, 48.088949], [-89.426374, 48.089021], [-89.426536, 48.089138], [-89.426536, 48.089253], [-89.426374, 48.089365], [-89.426051, 48.089475], [-89.425565, 48.089583], [-89.425114, 48.089664], [-89.424696, 48.089718], [-89.424312, 48.089745], [-89.423961, 48.089745]]]}}, {"type": "Feature", "properties": {"lead": 0, "temp": "t10"}, "geometry": {"type": "Polygon", "coordinates": [[[-89.421973, 48.065285], [-89.421848, 48.065255], [-89.421666, 48.065251], [-89.421427, 48.065271], [-89.42113, 48.065316], [-89.420884, 48.06533], [-89.420689, 48.065312], [-89.420544, 48.065262], [-89.42045, 48.065181], [-89.420295, 48.065107], [-89.420079, 48.065039], [-89.419803, 48.064979], [-89.419466, 48.064925], [-89.419061, 48.064826], [-89.418589, 48.064682], [-89.41805, 48.064493], [-89.417444, 48.064259], [-89.416958, 48.064083], [-89.416594, 48.063966], [-89.416352, 48.063908], [-89.41623, 48.063908], [-89.416139, 48.063888], [-89.416079, 48.063847], [-89.416048, 48.063786], [-89.416048, 48.063705], [-89.416015, 48.063622], [-89.415947, 48.063537], [-89.415846, 48.063449], [-89.415711, 48.063359], [-89.41557, 48.063285], [-89.415421, 48.063226], [-89.415266, 48.063184], [-89.415105, 48.063157], [-89.414929, 48.063166], [-89.414741, 48.063211], [-89.414539, 48.063292], [-89.414323, 48.063408], [-89.414117, 48.063489], [-89.413922, 48.063534], [-89.413736, 48.063543], [-89.413561, 48.063516], [-89.41343, 48.063462], [-89.413342, 48.063381], [-89.413298, 48.063274], [-89.413298, 48.063139], [-89.413396, 48.063037], [-89.413592, 48.06297], [-89.413885, 48.062936], [-89.414276, 48.062936], [-89.414798, 48.063017], [-89.415452, 48.063179], [-89.416237, 48.063422], [-89.417154, 48.063746], [-89.418104, 48.064043], [-89.419088, 48.064313], [-89.420106, 48.064556], [-89.421157, 48.064772], [-89.422182, 48.064882], [-89.423179, 48.064886], [-89.42415, 48.064785], [-89.425094, 48.064578], [-89.425923, 48.064416], [-89.426637, 48.064299], [-89.427237, 48.064227], [-89.427722, 48.0642], [-89.428174, 48.064149], [-89.428592, 48.064072], [-89.428976, 48.063971], [-89.429326, 48.063845], [-89.429748, 48.063726], [-89.43024, 48.063613], [-89.430802, 48.063507], [-89.431436, 48.063408], [-89.431992, 48.063303], [-89.432471, 48.06319], [-89.432872, 48.063071], [-89.433195, 48.062945], [-89.433495, 48.062851], [-89.433771, 48.062788], [-89.434024, 48.062756], [-89.434253, 48.062756], [-89.434459, 48.062727], [-89.434641, 48.062668], [-89.434799, 48.062581], [-89.434934, 48.062464], [-89.435153, 48.062324], [-89.435456, 48.062162], [-89.435844, 48.061978], [-89.436316, 48.061771], [-89.436757, 48.061602], [-89.437168, 48.061472], [-89.437549, 48.061379], [-89.4379, 48.061325], [-89.438206, 48.061296], [-89.438469, 48.061292], [-89.438688, 48.061312], [-89.438864, 48.061357], [-89.439022, 48.061415], [-89.439163, 48.061487], [-89.439288, 48.061573], [-89.439396, 48.061672], [-89.439477, 48.061784], [-89.439531, 48.06191], [-89.439558, 48.06205], [-89.439558, 48.062203], [-89.439527, 48.062344], [-89.439467, 48.062475], [-89.439376, 48.062594], [-89.439254, 48.062702], [-89.439217, 48.062794], [-89.439265, 48.062871], [-89.439396, 48.062932], [-89.439612, 48.062977], [-89.43979, 48.063026], [-89.439932, 48.06308], [-89.440036, 48.063139], [-89.440104, 48.063202], [-89.440225, 48.063251], [-89.4404, 48.063287], [-89.440629, 48.06331], [-89.440913, 48.063319], [-89.441212, 48.063289], [-89.441529, 48.063222], [-89.441863, 48.063116], [-89.442213, 48.062972], [-89.442534, 48.062819], [-89.442823, 48.062657], [-89.443083, 48.062486], [-89.443312, 48.062306], [-89.443686, 48.062095], [-89.444205, 48.061852], [-89.444869, 48.061577], [-89.445678, 48.061271], [-89.446493, 48.061035], [-89.447316, 48.060869], [-89.448145, 48.060772], [-89.44898, 48.060745], [-89.449776, 48.060695], [-89.450531, 48.060623], [-89.451245, 48.060529], [-89.451919, 48.060412], [-89.452455, 48.060304], [-89.452853, 48.060205], [-89.453112, 48.060115], [-89.453233, 48.060034], [-89.453257, 48.059953], [-89.453183, 48.059872], [-89.453011, 48.059791], [-89.452741, 48.05971], [-89.452539, 48.059595], [-89.452404, 48.059447], [-89.452337, 48.059264], [-89.452337, 48.059048], [-89.452398, 48.058871], [-89.452519, 48.058731], [-89.452701, 48.05863], [-89.452944, 48.058567], [-89.453193, 48.058473], [-89.453449, 48.058347], [-89.453712, 48.058189], [-89.453982, 48.058], [-89.454211, 48.057854], [-89.454399, 48.05775], [-89.454548, 48.05769], [-89.454656, 48.057672], [-89.454753, 48.057633], [-89.454841, 48.057575], [-89.454918, 48.057496], [-89.454986, 48.057397], [-89.455138, 48.057287], [-89.455373, 48.057165], [-89.455694, 48.057033], [-89.456098, 48.056889], [-89.456506, 48.056713], [-89.456917, 48.056506], [-89.457331, 48.056268], [-89.457749, 48.055998], [-89.458198, 48.055755], [-89.458676, 48.055539], [-89.459185, 48.05535], [-89.459724, 48.055188], [-89.460206, 48.055062], [-89.460631, 48.054972], [-89.460998, 48.054918], [-89.461308, 48.0549], [-89.461625, 48.054918], [-89.461948, 48.054972], [-89.462279, 48.055062], [-89.462616, 48.055188], [-89.462909, 48.055332], [-89.463158, 48.055494], [-89.463364, 48.055674], [-89.463526, 48.055872], [-89.463708, 48.05602], [-89.46391, 48.056119], [-89.464132, 48.056169], [-89.464375, 48.056169], [-89.464705, 48.056124], [-89.465123, 48.056034], [-89.465628, 48.055899], [-89.466222, 48.055719], [-89.466808, 48.05557], [-89.467388, 48.055453], [-89.467961, 48.055368], [-89.468527, 48.055314], [-89.468985, 48.055284], [-89.469336, 48.05528], [-89.469578, 48.0553], [-89.469713, 48.055345], [-89.469814, 48.055363], [-89.469881, 48.055354], [-89.469915, 48.055318], [-89.469915, 48.055255], [-89.469942, 48.055203], [-89.469996, 48.055163], [-89.470077, 48.055134], [-89.470185, 48.055116], [-89.470566, 48.055093], [-89.471219, 48.055066], [-89.472146, 48.055035], [-89.473346, 48.054999], [-89.474475, 48.054945], [-89.475533, 48.054873], [-89.47652, 48.054783], [-89.477437, 48.054675], [-89.478125, 48.05458], [-89.478583, 48.054499], [-89.478812, 48.054432], [-89.478812, 48.054378], [-89.47889, 48.05431], [-89.479045, 48.054229], [-89.479277, 48.054135], [-89.479587, 48.054027], [-89.479837, 48.053856], [-89.480025, 48.053622], [-89.480153, 48.053325], [-89.480221, 48.052965], [-89.480167, 48.052614], [-89.479992, 48.052272], [-89.479695, 48.051939], [-89.479277, 48.051615], [-89.47895, 48.051344], [-89.478714, 48.051128], [-89.478569, 48.050966], [-89.478516, 48.050858], [-89.478216, 48.050755], [-89.47767, 48.050656], [-89.476878, 48.050561], [-89.47584, 48.050471], [-89.474947, 48.05035], [-89.474198, 48.050197], [-89.473595, 48.050012], [-89.473137, 48.049796], [-89.472658, 48.049605], [-89.47216, 48.049439], [-89.471641, 48.049297], [-89.471101, 48.04918], [-89.470599, 48.049056], [-89.470134, 48.048925], [-89.469706, 48.048788], [-89.469315, 48.048644], [-89.468999, 48.0485], [-89.468756, 48.048356], [-89.468587, 48.048212], [-89.468493, 48.048068], [-89.468535, 48.047965], [-89.468699, 48.047908], [-89.468999, 48.047893], [-89.46943, 48.04792], [-89.469807, 48.047976], [-89.470131, 48.048061], [-89.4704, 48.048176], [-89.470616, 48.04832], [-89.47094, 48.048464], [-89.471371, 48.048608], [-89.47191, 48.048752], [-89.472557, 48.048896], [-89.473107, 48.04904], [-89.473558, 48.049184], [-89.473912, 48.049328], [-89.474168, 48.049472], [-89.474606, 48.049594], [-89.475226, 48.049693], [-89.476028, 48.049769], [-89.477012, 48.049823], [-89.477815, 48.049893], [-89.478435, 48.049979], [-89.478873, 48.05008], [-89.479129, 48.050197], [-89.479331, 48.050314], [-89.479479, 48.050431], [-89.479574, 48.050548], [-89.479614, 48.050665], [-89.479688, 48.050773], [-89.479796, 48.050872], [-89.479938, 48.050962], [-89.480113, 48.051043], [-89.480298, 48.051162], [-89.480494, 48.05132], [-89.480699, 48.051515], [-89.48086, 48.05169], [-89.480868, 48.051702], [-89.480929, 48.051769], [-89.48108, 48.051984], [-89.481195, 48.052218], [-89.481259, 48.052452], [-89.481268, 48.052615], [-89.481259, 48.052897], [-89.481255, 48.052942], [-89.481249, 48.052978], [-89.481212, 48.053037], [-89.481158, 48.053037], [-89.481124, 48.053075], [-89.48111, 48.053151], [-89.481117, 48.053266], [-89.481144, 48.053419], [-89.481148, 48.053565], [-89.481127, 48.053705], [-89.481084, 48.053838], [-89.481016, 48.053964], [-89.480902, 48.054103], [-89.48074, 48.054256], [-89.480531, 48.054423], [-89.480275, 48.054603], [-89.480049, 48.054738], [-89.479853, 48.054828], [-89.479688, 48.054873], [-89.479554, 48.054873], [-89.479368, 48.054906], [-89.479132, 48.054974], [-89.478846, 48.055075], [-89.478509, 48.05521], [-89.477686, 48.055341], [-89.476379, 48.055467], [-89.474586, 48.055588], [-89.472308, 48.055705], [-89.470582, 48.055804], [-89.46941, 48.055885], [-89.46879, 48.055948], [-89.468722, 48.055993], [-89.468537, 48.056038], [-89.468445, 48.056052], [-89.468028, 48.056083], [-89.467489, 48.056146], [-89.467387, 48.056164], [-89.467273, 48.056173], [-89.466751, 48.05625], [-89.466245, 48.056358], [-89.465757, 48.056497], [-89.465285, 48.056668], [-89.464853, 48.056796], [-89.464462, 48.056882], [-89.464112, 48.056925], [-89.463883, 48.056925], [-89.463549, 48.056846], [-89.463246, 48.056688], [-89.462983, 48.056461], [-89.463007, 48.05643], [-89.463017, 48.056389], [-89.462996, 48.056362], [-89.462946, 48.056349], [-89.462893, 48.056349], [-89.462817, 48.05625], [-89.462845, 48.056214], [-89.462855, 48.056171], [-89.462835, 48.056139], [-89.462784, 48.056119], [-89.462703, 48.05611], [-89.462687, 48.056104], [-89.462622, 48.056055], [-89.462622, 48.056016], [-89.462649, 48.055962], [-89.462649, 48.055908], [-89.462622, 48.055854], [-89.462568, 48.0558], [-89.462488, 48.055746], [-89.462407, 48.05571], [-89.462326, 48.055692], [-89.462245, 48.055692], [-89.462164, 48.05571], [-89.462103, 48.055712], [-89.462063, 48.055698], [-89.462043, 48.055669], [-89.462043, 48.055624], [-89.461955, 48.05559], [-89.46178, 48.055568], [-89.461517, 48.055557], [-89.461167, 48.055557], [-89.46085, 48.05557], [-89.460567, 48.055597], [-89.460317, 48.055638], [-89.460102, 48.055692], [-89.459856, 48.055791], [-89.459579, 48.055935], [-89.459273, 48.056124], [-89.458968, 48.056335], [-89.458905, 48.056351], [-89.458777, 48.056409], [-89.458693, 48.056484], [-89.458681, 48.056509], [-89.458619, 48.056547], [-89.458322, 48.056691], [-89.4581, 48.05677], [-89.458053, 48.056776], [-89.457951, 48.05681], [-89.45779, 48.056844], [-89.457598, 48.056898], [-89.45747, 48.056952], [-89.457406, 48.057006], [-89.457406, 48.057039], [-89.457224, 48.057138], [-89.457203, 48.057141], [-89.457069, 48.057141], [-89.456873, 48.057206], [-89.456617, 48.057336], [-89.4563, 48.057532], [-89.455923, 48.057793], [-89.455522, 48.058038], [-89.45533, 48.058142], [-89.455134, 48.058225], [-89.454662, 48.058396], [-89.454319, 48.058554], [-89.454103, 48.058698], [-89.454088, 48.058719], [-89.453837, 48.058833], [-89.453628, 48.058941], [-89.453621, 48.058946], [-89.453591, 48.058956], [-89.453591, 48.05897], [-89.453592, 48.05897], [-89.45355, 48.059003], [-89.453604, 48.059021], [-89.453672, 48.05903], [-89.453752, 48.05903], [-89.453847, 48.059021], [-89.453955, 48.059003], [-89.454036, 48.059006], [-89.454089, 48.059028], [-89.454116, 48.059071], [-89.454116, 48.059134], [-89.45415, 48.059181], [-89.454217, 48.059213], [-89.454319, 48.059228], [-89.454453, 48.059228], [-89.454554, 48.059285], [-89.454622, 48.059397], [-89.454656, 48.059566], [-89.454656, 48.059791], [-89.454635, 48.059952], [-89.454494, 48.060101], [-89.454278, 48.060299], [-89.454169, 48.060382], [-89.454167, 48.060383], [-89.453756, 48.060513], [-89.453186, 48.060677], [-89.452458, 48.060875], [-89.4517, 48.061024], [-89.450911, 48.061123], [-89.450093, 48.061172], [-89.449243, 48.061172], [-89.448542, 48.061202], [-89.448285, 48.061229], [-89.448283, 48.061229], [-89.448282, 48.061229], [-89.44799, 48.06126], [-89.447641, 48.061336], [-89.447609, 48.061339], [-89.447373, 48.061402], [-89.447086, 48.06151], [-89.446772, 48.061653], [-89.44648, 48.061721], [-89.44617, 48.061775], [-89.445937, 48.061829], [-89.445782, 48.061883], [-89.445705, 48.061937], [-89.445705, 48.061991], [-89.44562, 48.062061], [-89.445452, 48.062146], [-89.445199, 48.062248], [-89.444862, 48.062365], [-89.444552, 48.062497], [-89.444269, 48.062646], [-89.444013, 48.06281], [-89.443898, 48.0629], [-89.443662, 48.063044], [-89.443258, 48.063267], [-89.442921, 48.063424], [-89.442651, 48.063516], [-89.442449, 48.063543], [-89.442294, 48.063577], [-89.442276, 48.063584], [-89.442193, 48.063584], [-89.442052, 48.063604], [-89.441944, 48.063645], [-89.44187, 48.063705], [-89.441858, 48.063729], [-89.441829, 48.063726], [-89.441789, 48.063739], [-89.441769, 48.063773], [-89.441769, 48.063827], [-89.441758, 48.063844], [-89.441688, 48.063867], [-89.441647, 48.063867], [-89.441566, 48.06384], [-89.441506, 48.063834], [-89.441477, 48.063843], [-89.441465, 48.06384], [-89.441361, 48.063834], [-89.441273, 48.063847], [-89.441202, 48.063881], [-89.441148, 48.063935], [-89.441108, 48.063962], [-89.441081, 48.063962], [-89.441068, 48.063935], [-89.441068, 48.063881], [-89.441017, 48.063845], [-89.440916, 48.063827], [-89.440764, 48.063827], [-89.440565, 48.063845], [-89.440549, 48.063836], [-89.440481, 48.063836], [-89.440419, 48.063847], [-89.44041, 48.063847], [-89.440309, 48.063834], [-89.440259, 48.063804], [-89.440259, 48.063759], [-89.440208, 48.063732], [-89.440107, 48.063723], [-89.439955, 48.063732], [-89.439952, 48.063733], [-89.439932, 48.063728], [-89.439821, 48.063732], [-89.439672, 48.063759], [-89.439608, 48.063759], [-89.439521, 48.063732], [-89.43949, 48.063678], [-89.439517, 48.063597], [-89.439494, 48.063537], [-89.43942, 48.063496], [-89.439295, 48.063476], [-89.439167, 48.063476], [-89.438931, 48.063435], [-89.438904, 48.063433], [-89.438769, 48.063388], [-89.438594, 48.063301], [-89.438419, 48.063184], [-89.438297, 48.063075], [-89.438297, 48.063069], [-89.438257, 48.06301], [-89.438238, 48.063001], [-89.4382, 48.06295], [-89.438156, 48.062833], [-89.438156, 48.062716], [-89.438179, 48.062621], [-89.438227, 48.062549], [-89.438297, 48.0625], [-89.438392, 48.062473], [-89.438483, 48.062423], [-89.43857, 48.062351], [-89.438655, 48.062257], [-89.438735, 48.06214], [-89.438742, 48.062045], [-89.438675, 48.061973], [-89.438533, 48.061924], [-89.438318, 48.061897], [-89.438261, 48.061897], [-89.438257, 48.061897], [-89.438252, 48.061897], [-89.438092, 48.061899], [-89.437856, 48.06193], [-89.43761, 48.061991], [-89.437354, 48.062081], [-89.437131, 48.062176], [-89.436943, 48.062275], [-89.436788, 48.062378], [-89.436666, 48.062486], [-89.436498, 48.062583], [-89.436282, 48.062668], [-89.436019, 48.062743], [-89.435709, 48.062806], [-89.435477, 48.062878], [-89.435322, 48.062959], [-89.435244, 48.063049], [-89.435244, 48.063148], [-89.4352, 48.063211], [-89.435114, 48.063237], [-89.434981, 48.063229], [-89.434806, 48.063184], [-89.434671, 48.063168], [-89.434577, 48.063181], [-89.434523, 48.063224], [-89.434509, 48.063296], [-89.434425, 48.063348], [-89.43427, 48.063379], [-89.434044, 48.06339], [-89.433748, 48.063381], [-89.433519, 48.063395], [-89.433357, 48.063431], [-89.433263, 48.063489], [-89.433236, 48.06357], [-89.433185, 48.063618], [-89.433111, 48.063631], [-89.433013, 48.063611], [-89.432892, 48.063557], [-89.432804, 48.063541], [-89.43275, 48.063564], [-89.43273, 48.063624], [-89.432744, 48.063723], [-89.432673, 48.0638], [-89.432518, 48.063854], [-89.432278, 48.063885], [-89.431955, 48.063894], [-89.431706, 48.063915], [-89.43153, 48.063946], [-89.431429, 48.063989], [-89.431402, 48.064043], [-89.431358, 48.06407], [-89.431298, 48.06407], [-89.43122, 48.064043], [-89.431126, 48.063989], [-89.431038, 48.063969], [-89.430957, 48.063982], [-89.430883, 48.064029], [-89.430816, 48.06411], [-89.430684, 48.064173], [-89.430574, 48.064199], [-89.430432, 48.064205], [-89.430243, 48.064187], [-89.430047, 48.064187], [-89.429845, 48.064205], [-89.429636, 48.064241], [-89.429421, 48.064295], [-89.429259, 48.064349], [-89.429151, 48.064403], [-89.429097, 48.064457], [-89.429097, 48.064511], [-89.429058, 48.064541], [-89.429027, 48.064549], [-89.42901, 48.064551], [-89.428895, 48.064551], [-89.42876, 48.064524], [-89.428639, 48.06452], [-89.428619, 48.064523], [-89.428507, 48.06452], [-89.428379, 48.064538], [-89.428275, 48.064578], [-89.428194, 48.064641], [-89.428069, 48.064673], [-89.427901, 48.064673], [-89.427688, 48.064641], [-89.427601, 48.06462], [-89.427594, 48.064605], [-89.427544, 48.064545], [-89.427483, 48.064504], [-89.427412, 48.064484], [-89.427331, 48.064484], [-89.42726, 48.0645], [-89.4272, 48.064531], [-89.427159, 48.064569], [-89.427041, 48.064587], [-89.426907, 48.064659], [-89.426845, 48.064736], [-89.426812, 48.064736], [-89.426741, 48.064749], [-89.426694, 48.064776], [-89.426671, 48.064817], [-89.426671, 48.064869], [-89.426639, 48.06488], [-89.426633, 48.064882], [-89.426549, 48.064871], [-89.426469, 48.064817], [-89.42632, 48.064783], [-89.426105, 48.06477], [-89.425821, 48.064776], [-89.425471, 48.064803], [-89.425178, 48.06483], [-89.424942, 48.064857], [-89.424763, 48.064884], [-89.424642, 48.064911], [-89.424551, 48.064947], [-89.42449, 48.064992], [-89.42446, 48.065046], [-89.42446, 48.065109], [-89.424315, 48.06517], [-89.424025, 48.065228], [-89.42359, 48.065285], [-89.423011, 48.065339], [-89.422871, 48.065347], [-89.422714, 48.065352], [-89.422641, 48.065361], [-89.422559, 48.065366], [-89.422236, 48.065366], [-89.42204, 48.065339], [-89.421973, 48.065285]], [[-89.453153, 48.05912], [-89.453122, 48.059127], [-89.453102, 48.059141], [-89.453092, 48.059161], [-89.453092, 48.059188], [-89.453102, 48.059201], [-89.453122, 48.059201], [-89.453153, 48.059188], [-89.453193, 48.059161], [-89.453213, 48.059141], [-89.453213, 48.059127], [-89.453193, 48.05912], [-89.453153, 48.05912]], [[-89.453597, 48.058833], [-89.453587, 48.058835], [-89.453581, 48.058839], [-89.453577, 48.058846], [-89.453577, 48.058855], [-89.453581, 48.05886], [-89.453587, 48.05886], [-89.453597, 48.058855], [-89.453611, 48.058846], [-89.453618, 48.058839], [-89.453618, 48.058835], [-89.453611, 48.058833], [-89.453597, 48.058833]], [[-89.453759, 48.058725], [-89.453749, 48.058727], [-89.453742, 48.058731], [-89.453739, 48.058738], [-89.453739, 48.058747], [-89.453742, 48.058752], [-89.453749, 48.058752], [-89.453759, 48.058747], [-89.453773, 48.058738], [-89.453779, 48.058731], [-89.453779, 48.058727], [-89.453773, 48.058725], [-89.453759, 48.058725]], [[-89.454083, 48.058509], [-89.454073, 48.058511], [-89.454066, 48.058515], [-89.454062, 48.058522], [-89.454062, 48.058531], [-89.454066, 48.058536], [-89.454073, 48.058536], [-89.454083, 48.058531], [-89.454096, 48.058522], [-89.454103, 48.058515], [-89.454103, 48.058511], [-89.454096, 48.058509], [-89.454083, 48.058509]]]}}, {"type": "Feature", "properties": {"lead": 0, "temp": "t10"}, "geometry": {"type": "Polygon", "coordinates": [[[-89.436484, 48.070049], [-89.436562, 48.069939], [-89.436717, 48.069853], [-89.436949, 48.069793], [-89.437259, 48.069757], [-89.437489, 48.069752], [-89.437637, 48.069779], [-89.437704, 48.069838], [-89.437691, 48.069928], [-89.437607, 48.070015], [-89.437451, 48.070101], [-89.437226, 48.070184], [-89.436929, 48.070265], [-89.436707, 48.070292], [-89.436558, 48.070265], [-89.436484, 48.070184], [-89.436484, 48.070049]]]}}, {"type": "Feature", "properties": {"lead": 0, "temp": "t10"}, "geometry": {"type": "Polygon", "coordinates": [[[-89.430695, 48.080755], [-89.430432, 48.080705], [-89.430216, 48.080633], [-89.430047, 48.080539], [-89.429926, 48.080422], [-89.429852, 48.080285], [-89.429825, 48.080127], [-89.429845, 48.07995], [-89.429913, 48.079752], [-89.430007, 48.079574], [-89.430128, 48.079417], [-89.430277, 48.07928], [-89.430452, 48.079163], [-89.430809, 48.07898], [-89.431348, 48.078733], [-89.43207, 48.07842], [-89.432973, 48.078043], [-89.433731, 48.077752], [-89.434344, 48.07755], [-89.434813, 48.077435], [-89.435136, 48.077408], [-89.435443, 48.077368], [-89.435733, 48.077314], [-89.436006, 48.077246], [-89.436262, 48.077165], [-89.436622, 48.077024], [-89.437088, 48.076821], [-89.437657, 48.076558], [-89.438331, 48.076234], [-89.439093, 48.075904], [-89.439942, 48.075566], [-89.440879, 48.075222], [-89.441903, 48.074871], [-89.442897, 48.074491], [-89.443861, 48.074082], [-89.444795, 48.073643], [-89.445698, 48.073176], [-89.446473, 48.072816], [-89.44712, 48.072564], [-89.447639, 48.07242], [-89.44803, 48.072384], [-89.448455, 48.072244], [-89.448913, 48.072001], [-89.449405, 48.071655], [-89.449931, 48.071205], [-89.450497, 48.070778], [-89.451104, 48.070373], [-89.451751, 48.069991], [-89.452438, 48.069631], [-89.45325, 48.069264], [-89.454187, 48.068891], [-89.455249, 48.06851], [-89.456435, 48.068124], [-89.457409, 48.067833], [-89.458171, 48.06764], [-89.45872, 48.067543], [-89.459057, 48.067543], [-89.45937, 48.067525], [-89.45966, 48.067489], [-89.459926, 48.067435], [-89.460169, 48.067363], [-89.460466, 48.067309], [-89.460816, 48.067273], [-89.46122, 48.067255], [-89.461679, 48.067255], [-89.462228, 48.067156], [-89.462868, 48.066958], [-89.4636, 48.066661], [-89.464422, 48.066265], [-89.465147, 48.065966], [-89.465773, 48.065764], [-89.466302, 48.065658], [-89.466734, 48.065649], [-89.467088, 48.065627], [-89.467364, 48.065591], [-89.467563, 48.065541], [-89.467684, 48.065478], [-89.467779, 48.065395], [-89.467846, 48.065291], [-89.467886, 48.065168], [-89.4679, 48.065024], [-89.467873, 48.064855], [-89.467806, 48.064662], [-89.467698, 48.064443], [-89.467549, 48.0642], [-89.467293, 48.064014], [-89.466929, 48.063883], [-89.466457, 48.063809], [-89.465878, 48.063791], [-89.465288, 48.06375], [-89.464688, 48.063687], [-89.464078, 48.063602], [-89.463458, 48.063494], [-89.462774, 48.063467], [-89.462026, 48.063521], [-89.461214, 48.063656], [-89.460337, 48.063872], [-89.459168, 48.06407], [-89.457705, 48.06425], [-89.45595, 48.064412], [-89.453901, 48.064556], [-89.452236, 48.064718], [-89.450955, 48.064898], [-89.450059, 48.065096], [-89.449547, 48.065312], [-89.449068, 48.065492], [-89.448623, 48.065636], [-89.448212, 48.065744], [-89.447835, 48.065816], [-89.447208, 48.065872], [-89.446332, 48.065912], [-89.445206, 48.065937], [-89.443831, 48.065946], [-89.442668, 48.066], [-89.441718, 48.066099], [-89.44098, 48.066243], [-89.440454, 48.066432], [-89.440104, 48.066666], [-89.439928, 48.066945], [-89.439928, 48.067269], [-89.440104, 48.067638], [-89.440235, 48.067966], [-89.440323, 48.068254], [-89.440367, 48.068501], [-89.440367, 48.068708], [-89.44035, 48.068884], [-89.440316, 48.069028], [-89.440265, 48.06914], [-89.440198, 48.069221], [-89.4401, 48.069273], [-89.439972, 48.069295], [-89.439814, 48.069289], [-89.439625, 48.069253], [-89.439504, 48.069255], [-89.43945, 48.069295], [-89.439463, 48.069374], [-89.439544, 48.069491], [-89.439541, 48.069604], [-89.439453, 48.069712], [-89.439281, 48.069815], [-89.439025, 48.069914], [-89.43882, 48.069948], [-89.438665, 48.069916], [-89.43856, 48.06982], [-89.438506, 48.069658], [-89.438527, 48.0695], [-89.438621, 48.069347], [-89.438789, 48.069199], [-89.439032, 48.069055], [-89.439214, 48.068904], [-89.439335, 48.068747], [-89.439396, 48.068582], [-89.439396, 48.068411], [-89.439372, 48.068263], [-89.439325, 48.068137], [-89.439254, 48.068034], [-89.43916, 48.067953], [-89.439079, 48.067833], [-89.439012, 48.067676], [-89.438958, 48.06748], [-89.438917, 48.067246], [-89.438874, 48.067071], [-89.438826, 48.066954], [-89.438776, 48.066895], [-89.438722, 48.066895], [-89.438685, 48.066846], [-89.438665, 48.066747], [-89.438661, 48.066598], [-89.438675, 48.0664], [-89.438715, 48.066229], [-89.438783, 48.066086], [-89.438853, 48.065998], [-89.438897, 48.065969], [-89.439056, 48.065912], [-89.439292, 48.065854], [-89.439605, 48.065793], [-89.439996, 48.06573], [-89.440343, 48.065656], [-89.440646, 48.06557], [-89.440906, 48.065474], [-89.44111, 48.065372], [-89.441526, 48.065296], [-89.442389, 48.06521], [-89.443507, 48.06515], [-89.444882, 48.065114], [-89.446008, 48.06506], [-89.446884, 48.064988], [-89.447511, 48.064898], [-89.447889, 48.06479], [-89.448205, 48.064716], [-89.448461, 48.064675], [-89.448657, 48.064668], [-89.448792, 48.064695], [-89.448923, 48.064686], [-89.448937, 48.064681], [-89.448957, 48.06468], [-89.449152, 48.064621], [-89.449378, 48.06452], [-89.449634, 48.064376], [-89.449988, 48.064261], [-89.45044, 48.064176], [-89.450989, 48.064119], [-89.451636, 48.064092], [-89.452152, 48.06405], [-89.452536, 48.063991], [-89.452552, 48.063986], [-89.452566, 48.063984], [-89.452789, 48.063917], [-89.45291, 48.063827], [-89.453311, 48.063753], [-89.453992, 48.063694], [-89.454952, 48.063651], [-89.456192, 48.063624], [-89.457372, 48.063546], [-89.457455, 48.063536], [-89.457547, 48.063543], [-89.457867, 48.06355], [-89.458171, 48.063537], [-89.458457, 48.063503], [-89.458727, 48.063449], [-89.458949, 48.063393], [-89.459124, 48.063334], [-89.459217, 48.06329], [-89.459549, 48.063233], [-89.45976, 48.063184], [-89.459761, 48.063184], [-89.459889, 48.063157], [-89.459917, 48.063147], [-89.460546, 48.062999], [-89.461305, 48.062833], [-89.461824, 48.062734], [-89.462103, 48.062702], [-89.462144, 48.062738], [-89.462269, 48.062765], [-89.462477, 48.062783], [-89.462771, 48.062792], [-89.462852, 48.062792], [-89.463148, 48.062792], [-89.463499, 48.062812], [-89.463822, 48.062853], [-89.464119, 48.062914], [-89.464388, 48.062995], [-89.464766, 48.06306], [-89.465251, 48.063109], [-89.465844, 48.063143], [-89.466545, 48.063161], [-89.467118, 48.063199], [-89.467563, 48.063258], [-89.46788, 48.063337], [-89.468068, 48.063435], [-89.468254, 48.063595], [-89.468436, 48.063816], [-89.468614, 48.064097], [-89.468704, 48.064271], [-89.468749, 48.06438], [-89.46887, 48.064839], [-89.468918, 48.065219], [-89.468891, 48.065521], [-89.46879, 48.065744], [-89.46864, 48.065867], [-89.468442, 48.065951], [-89.46795, 48.066094], [-89.467547, 48.066188], [-89.467071, 48.066238], [-89.466666, 48.066295], [-89.46637, 48.066353], [-89.466181, 48.066414], [-89.4661, 48.066477], [-89.465994, 48.066527], [-89.465699, 48.066601], [-89.46568, 48.066607], [-89.465655, 48.066612], [-89.46544, 48.066639], [-89.465234, 48.066702], [-89.465039, 48.066801], [-89.464917, 48.06689], [-89.464732, 48.066976], [-89.464476, 48.067174], [-89.464186, 48.067359], [-89.46408, 48.067415], [-89.463977, 48.067431], [-89.463825, 48.067473], [-89.463697, 48.067532], [-89.463593, 48.067606], [-89.46353, 48.067676], [-89.463505, 48.067687], [-89.463114, 48.067831], [-89.462757, 48.067932], [-89.462434, 48.067991], [-89.462299, 48.067998], [-89.462151, 48.06798], [-89.461958, 48.067966], [-89.46179, 48.067966], [-89.461688, 48.067976], [-89.461547, 48.067973], [-89.461123, 48.067986], [-89.460614, 48.06802], [-89.460021, 48.068074], [-89.459576, 48.068124], [-89.459279, 48.068169], [-89.459131, 48.068209], [-89.459131, 48.068245], [-89.459043, 48.068285], [-89.458942, 48.068311], [-89.458925, 48.068312], [-89.458757, 48.068339], [-89.458669, 48.068368], [-89.458605, 48.06838], [-89.458255, 48.068434], [-89.457918, 48.06851], [-89.457594, 48.068609], [-89.457593, 48.06861], [-89.45755, 48.068623], [-89.457284, 48.068731], [-89.456988, 48.068875], [-89.456732, 48.068983], [-89.456516, 48.069055], [-89.456341, 48.069091], [-89.456206, 48.069091], [-89.456064, 48.069113], [-89.455916, 48.069158], [-89.45585, 48.069187], [-89.455815, 48.069199], [-89.455559, 48.069307], [-89.455301, 48.069432], [-89.455003, 48.069529], [-89.454568, 48.069653], [-89.454042, 48.069788], [-89.453864, 48.069853], [-89.453843, 48.069858], [-89.453675, 48.069916], [-89.453651, 48.06993], [-89.453466, 48.069997], [-89.452839, 48.070281], [-89.45271, 48.070349], [-89.452681, 48.070359], [-89.452398, 48.070485], [-89.452081, 48.070647], [-89.45173, 48.070845], [-89.451393, 48.071066], [-89.451163, 48.071239], [-89.450888, 48.07141], [-89.450524, 48.071657], [-89.450342, 48.071812], [-89.450342, 48.071875], [-89.450258, 48.071979], [-89.450089, 48.072123], [-89.449836, 48.072307], [-89.449587, 48.072474], [-89.449479, 48.072519], [-89.449324, 48.0726], [-89.44923, 48.072672], [-89.44922, 48.07269], [-89.449213, 48.072694], [-89.448977, 48.072793], [-89.448792, 48.072829], [-89.448657, 48.072802], [-89.448556, 48.072795], [-89.448488, 48.072809], [-89.448455, 48.072843], [-89.448455, 48.072897], [-89.448352, 48.072956], [-89.448333, 48.072964], [-89.448131, 48.073032], [-89.447808, 48.073113], [-89.447376, 48.073203], [-89.447002, 48.073306], [-89.446685, 48.073423], [-89.446673, 48.073429], [-89.446665, 48.073432], [-89.446426, 48.073553], [-89.446224, 48.073697], [-89.446005, 48.073826], [-89.445889, 48.07388], [-89.445779, 48.073913], [-89.445685, 48.073913], [-89.445604, 48.073931], [-89.445536, 48.073967], [-89.445482, 48.074021], [-89.445466, 48.07405], [-89.445246, 48.074116], [-89.445004, 48.074212], [-89.444788, 48.074325], [-89.444784, 48.074327], [-89.444754, 48.074343], [-89.444599, 48.074453], [-89.444438, 48.074597], [-89.444293, 48.074705], [-89.444165, 48.074777], [-89.444053, 48.074813], [-89.443959, 48.074813], [-89.443868, 48.074835], [-89.44378, 48.07488], [-89.443696, 48.074948], [-89.443615, 48.075038], [-89.443501, 48.075119], [-89.443352, 48.075191], [-89.44317, 48.075254], [-89.442955, 48.075308], [-89.442783, 48.075364], [-89.442655, 48.075422], [-89.442631, 48.075439], [-89.442625, 48.075443], [-89.44251, 48.075524], [-89.442462, 48.075576], [-89.442284, 48.075656], [-89.44202, 48.075749], [-89.441971, 48.075749], [-89.441839, 48.075771], [-89.441711, 48.075816], [-89.441587, 48.075884], [-89.441571, 48.075895], [-89.441175, 48.076018], [-89.440313, 48.07627], [-89.439591, 48.076504], [-89.439012, 48.07672], [-89.438574, 48.076918], [-89.438455, 48.07699], [-89.438439, 48.076995], [-89.438206, 48.077071], [-89.438038, 48.077143], [-89.437933, 48.07721], [-89.437893, 48.077273], [-89.437804, 48.077331], [-89.437684, 48.077384], [-89.437387, 48.077489], [-89.437091, 48.07757], [-89.436858, 48.077647], [-89.43669, 48.077719], [-89.436585, 48.077786], [-89.436545, 48.077849], [-89.436363, 48.077923], [-89.436039, 48.078009], [-89.435574, 48.078106], [-89.434968, 48.078214], [-89.434503, 48.07831], [-89.434179, 48.078396], [-89.433997, 48.07847], [-89.433957, 48.078533], [-89.433744, 48.078643], [-89.43336, 48.078801], [-89.432804, 48.079005], [-89.432076, 48.079257], [-89.431497, 48.079468], [-89.431065, 48.079639], [-89.430782, 48.07977], [-89.430647, 48.07986], [-89.430546, 48.079941], [-89.430479, 48.080013], [-89.430445, 48.080076], [-89.430445, 48.08013], [-89.430469, 48.080163], [-89.430516, 48.080177], [-89.430587, 48.08017], [-89.430681, 48.080143], [-89.430752, 48.080141], [-89.430799, 48.080163], [-89.430823, 48.080211], [-89.430823, 48.080283], [-89.430843, 48.080319], [-89.430883, 48.080319], [-89.430944, 48.080283], [-89.431025, 48.080211], [-89.431139, 48.080148], [-89.431288, 48.080094], [-89.43147, 48.080049], [-89.431685, 48.080013], [-89.431921, 48.079995], [-89.432177, 48.079995], [-89.432454, 48.080013], [-89.43275, 48.080049], [-89.432973, 48.080055], [-89.433121, 48.080033], [-89.433195, 48.079981], [-89.433195, 48.0799], [-89.433239, 48.079846], [-89.433327, 48.079819], [-89.433458, 48.079819], [-89.433633, 48.079846], [-89.433808, 48.079837], [-89.433984, 48.079792], [-89.434159, 48.079711], [-89.434334, 48.079594], [-89.43452, 48.079543], [-89.434715, 48.079556], [-89.434921, 48.079635], [-89.435136, 48.079779], [-89.435049, 48.079938], [-89.434658, 48.080114], [-89.433963, 48.080305], [-89.432966, 48.080512], [-89.43214, 48.08066], [-89.431487, 48.08075], [-89.431005, 48.080782], [-89.430695, 48.080755]]]}}, {"type": "Feature", "properties": {"lead": 0, "temp": "t10"}, "geometry": {"type": "Polygon", "coordinates": [[[-89.431075, 48.088601], [-89.431015, 48.08856], [-89.430984, 48.088513], [-89.430984, 48.088459], [-89.430947, 48.088416], [-89.430873, 48.088385], [-89.430762, 48.088365], [-89.430614, 48.088356], [-89.430614, 48.088342], [-89.430762, 48.088324], [-89.431059, 48.088302], [-89.431503, 48.088275], [-89.432147, 48.088137], [-89.43299, 48.08789], [-89.434031, 48.087533], [-89.435271, 48.087065], [-89.436201, 48.086739], [-89.436821, 48.086554], [-89.437131, 48.086512], [-89.437131, 48.086611], [-89.437091, 48.086714], [-89.43701, 48.086822], [-89.436889, 48.086934], [-89.436727, 48.087051], [-89.436582, 48.087139], [-89.436454, 48.087197], [-89.436343, 48.087227], [-89.436248, 48.087227], [-89.436039, 48.087296], [-89.435716, 48.087436], [-89.435278, 48.087645], [-89.434725, 48.087924], [-89.434257, 48.088128], [-89.433873, 48.088259], [-89.433573, 48.088315], [-89.433357, 48.088297], [-89.433185, 48.088297], [-89.433057, 48.088315], [-89.432973, 48.088351], [-89.432932, 48.088405], [-89.432824, 48.088445], [-89.432649, 48.088472], [-89.432407, 48.088486], [-89.432096, 48.088486], [-89.431854, 48.088499], [-89.431679, 48.088526], [-89.431571, 48.088567], [-89.43153, 48.088621], [-89.43147, 48.088655], [-89.431389, 48.088668], [-89.431288, 48.088661], [-89.431166, 48.088634], [-89.431075, 48.088601]]]}}, {"type": "Feature", "properties": {"lead": 0, "temp": "t10"}, "geometry": {"type": "Polygon", "coordinates": [[[-89.429094, 48.088499], [-89.429222, 48.08849], [-89.429138, 48.088522], [-89.428841, 48.088594], [-89.428555, 48.088652], [-89.428278, 48.088697], [-89.428012, 48.088729], [-89.427756, 48.088747], [-89.427702, 48.088738], [-89.42785, 48.088702], [-89.428201, 48.088639], [-89.428753, 48.088549], [-89.429094, 48.088499]]]}}, {"type": "Feature", "properties": {"lead": 0, "temp": "t10"}, "geometry": {"type": "Polygon", "coordinates": [[[-89.427109, 48.088864], [-89.427045, 48.088834], [-89.426957, 48.088812], [-89.426846, 48.088796], [-89.426711, 48.088787], [-89.426654, 48.08878], [-89.426674, 48.088776], [-89.426772, 48.088774], [-89.426947, 48.088774], [-89.427078, 48.088785], [-89.427166, 48.088807], [-89.42721, 48.088841], [-89.42721, 48.088886], [-89.4272, 48.088911], [-89.42718, 48.088915], [-89.427149, 48.0889], [-89.427109, 48.088864]]]}}, {"type": "Feature", "properties": {"lead": 0, "temp": "t10"}, "geometry": {"type": "Polygon", "coordinates": [[[-89.413383, 48.058846], [-89.413551, 48.058711], [-89.413804, 48.058585], [-89.414141, 48.058468], [-89.414427, 48.058396], [-89.414663, 48.058369], [-89.414849, 48.058387], [-89.414983, 48.05845], [-89.415084, 48.058475], [-89.415152, 48.058461], [-89.415186, 48.05841], [-89.415186, 48.05832], [-89.415219, 48.058245], [-89.415287, 48.058187], [-89.415388, 48.058144], [-89.415523, 48.058117], [-89.415634, 48.058077], [-89.415721, 48.058023], [-89.415785, 48.057955], [-89.415826, 48.057874], [-89.415876, 48.057818], [-89.415937, 48.057786], [-89.416008, 48.05778], [-89.416089, 48.057798], [-89.41617, 48.057784], [-89.416251, 48.057739], [-89.416331, 48.057663], [-89.416412, 48.057555], [-89.416422, 48.057467], [-89.416362, 48.057399], [-89.41623, 48.057352], [-89.416028, 48.057325], [-89.415725, 48.057339], [-89.41532, 48.057393], [-89.414815, 48.057487], [-89.414208, 48.057622], [-89.413753, 48.057678], [-89.41345, 48.057656], [-89.413298, 48.057555], [-89.413298, 48.057375], [-89.413447, 48.057213], [-89.413743, 48.057069], [-89.414188, 48.056943], [-89.414781, 48.056835], [-89.415293, 48.05676], [-89.415725, 48.05672], [-89.416075, 48.056713], [-89.416345, 48.05674], [-89.416594, 48.056799], [-89.416823, 48.056889], [-89.417032, 48.05701], [-89.417221, 48.057163], [-89.417353, 48.057316], [-89.417427, 48.057469], [-89.417444, 48.057622], [-89.417403, 48.057775], [-89.41712, 48.057975], [-89.416594, 48.058223], [-89.415826, 48.058518], [-89.414815, 48.05886], [-89.414057, 48.059078], [-89.413551, 48.059172], [-89.413298, 48.059143], [-89.413298, 48.05899], [-89.413383, 48.058846]]]}}, {"type": "Feature", "properties": {"lead": 0, "temp": "t10"}, "geometry": {"type": "Polygon", "coordinates": [[[-89.413848, 48.065548], [-89.413868, 48.065534], [-89.413898, 48.065528], [-89.413939, 48.065528], [-89.413959, 48.065534], [-89.413959, 48.065548], [-89.413939, 48.065568], [-89.413898, 48.065595], [-89.413868, 48.065609], [-89.413848, 48.065609], [-89.413838, 48.065595], [-89.413838, 48.065568], [-89.413848, 48.065548]]]}}, {"type": "Feature", "properties": {"lead": 0, "temp": "t10"}, "geometry": {"type": "Polygon", "coordinates": [[[-89.413359, 48.068488], [-89.413389, 48.068299], [-89.41349, 48.068119], [-89.413662, 48.067948], [-89.413905, 48.067786], [-89.414026, 48.067588], [-89.414026, 48.067354], [-89.413905, 48.067084], [-89.413662, 48.066778], [-89.41348, 48.066486], [-89.413359, 48.066207], [-89.413298, 48.065942], [-89.413298, 48.06569], [-89.413352, 48.065537], [-89.41346, 48.065483], [-89.413622, 48.065528], [-89.413838, 48.065672], [-89.41403, 48.065843], [-89.414198, 48.066041], [-89.414343, 48.066265], [-89.414464, 48.066517], [-89.414589, 48.066729], [-89.414717, 48.0669], [-89.414849, 48.06703], [-89.414983, 48.06712], [-89.415091, 48.067222], [-89.415172, 48.067334], [-89.415226, 48.067458], [-89.415253, 48.067593], [-89.415213, 48.067746], [-89.415105, 48.067917], [-89.414929, 48.068106], [-89.414687, 48.068312], [-89.414451, 48.06849], [-89.414222, 48.068639], [-89.413999, 48.068758], [-89.413784, 48.068848], [-89.413612, 48.068866], [-89.413484, 48.068812], [-89.413399, 48.068686], [-89.413359, 48.068488]]]}}, {"type": "Feature", "properties": {"lead": 0, "temp": "t10"}, "geometry": {"type": "Polygon", "coordinates": [[[-89.422492, 48.073279], [-89.422114, 48.073216], [-89.421764, 48.073126], [-89.42144, 48.073009], [-89.421147, 48.072921], [-89.420884, 48.072863], [-89.420652, 48.072834], [-89.42045, 48.072834], [-89.420231, 48.072795], [-89.419995, 48.072719], [-89.419742, 48.072604], [-89.419472, 48.072451], [-89.418909, 48.07231], [-89.418053, 48.072179], [-89.416904, 48.07206], [-89.415462, 48.071952], [-89.41438, 48.071839], [-89.413659, 48.071723], [-89.413298, 48.071601], [-89.413298, 48.071475], [-89.413386, 48.071378], [-89.413561, 48.071311], [-89.413824, 48.071273], [-89.414175, 48.071264], [-89.414488, 48.071273], [-89.414764, 48.0713], [-89.415004, 48.071345], [-89.415206, 48.071408], [-89.415401, 48.071448], [-89.41559, 48.071466], [-89.415772, 48.071462], [-89.415947, 48.071435], [-89.416079, 48.071428], [-89.416166, 48.071441], [-89.41621, 48.071475], [-89.41621, 48.071529], [-89.416244, 48.071576], [-89.416311, 48.071617], [-89.416412, 48.071651], [-89.416547, 48.071678], [-89.416692, 48.07168], [-89.416847, 48.071657], [-89.417012, 48.07161], [-89.417187, 48.071538], [-89.417359, 48.071486], [-89.417528, 48.071455], [-89.417693, 48.071444], [-89.417855, 48.071453], [-89.417986, 48.071484], [-89.418087, 48.071538], [-89.418158, 48.071615], [-89.418198, 48.071714], [-89.418293, 48.071788], [-89.418441, 48.071837], [-89.418643, 48.071862], [-89.418899, 48.071862], [-89.419125, 48.071882], [-89.419321, 48.071923], [-89.419486, 48.071983], [-89.419621, 48.072064], [-89.419742, 48.072118], [-89.41985, 48.072145], [-89.419944, 48.072145], [-89.420025, 48.072118], [-89.420086, 48.072112], [-89.420126, 48.072125], [-89.420146, 48.072159], [-89.420146, 48.072213], [-89.4202, 48.072253], [-89.420308, 48.07228], [-89.42047, 48.072294], [-89.420686, 48.072294], [-89.420911, 48.07233], [-89.421147, 48.072402], [-89.421393, 48.07251], [-89.421649, 48.072654], [-89.421939, 48.072768], [-89.422263, 48.072854], [-89.42262, 48.07291], [-89.423011, 48.072937], [-89.423304, 48.072946], [-89.423499, 48.072937], [-89.423597, 48.07291], [-89.423597, 48.072865], [-89.423695, 48.072816], [-89.42389, 48.072762], [-89.424184, 48.072703], [-89.424575, 48.07264], [-89.424878, 48.07255], [-89.425094, 48.072433], [-89.425222, 48.072289], [-89.425262, 48.072118], [-89.425356, 48.071954], [-89.425505, 48.071797], [-89.425707, 48.071646], [-89.425963, 48.071502], [-89.426229, 48.071385], [-89.426506, 48.071295], [-89.426792, 48.071232], [-89.427089, 48.071196], [-89.427375, 48.071126], [-89.427651, 48.071023], [-89.427918, 48.070886], [-89.428174, 48.070715], [-89.428453, 48.070573], [-89.428757, 48.070461], [-89.429084, 48.070377], [-89.429434, 48.070323], [-89.429694, 48.070267], [-89.429862, 48.070209], [-89.42994, 48.070148], [-89.429926, 48.070085], [-89.42994, 48.070047], [-89.42998, 48.070033], [-89.430047, 48.070045], [-89.430142, 48.070081], [-89.430213, 48.070099], [-89.43026, 48.070099], [-89.430283, 48.070081], [-89.430283, 48.070045], [-89.430327, 48.070011], [-89.430415, 48.069979], [-89.430546, 48.06995], [-89.430722, 48.069923], [-89.430853, 48.069885], [-89.430941, 48.069835], [-89.430984, 48.069775], [-89.430984, 48.069703], [-89.431001, 48.06966], [-89.431035, 48.069646], [-89.431085, 48.069662], [-89.431153, 48.069707], [-89.431237, 48.069723], [-89.431338, 48.069709], [-89.431456, 48.069667], [-89.431591, 48.069595], [-89.431749, 48.069552], [-89.431931, 48.069538], [-89.432137, 48.069554], [-89.432366, 48.069599], [-89.432548, 48.069615], [-89.432683, 48.069601], [-89.43277, 48.069559], [-89.432811, 48.069487], [-89.432841, 48.069451], [-89.432861, 48.069451], [-89.432872, 48.069487], [-89.432872, 48.069559], [-89.432912, 48.069613], [-89.432993, 48.069649], [-89.433114, 48.069667], [-89.433276, 48.069667], [-89.433397, 48.06968], [-89.433478, 48.069707], [-89.433519, 48.069748], [-89.433519, 48.069802], [-89.433546, 48.069817], [-89.4336, 48.069795], [-89.43368, 48.069734], [-89.433788, 48.069635], [-89.433876, 48.069586], [-89.433943, 48.069586], [-89.43399, 48.069635], [-89.434017, 48.069734], [-89.434176, 48.069808], [-89.434466, 48.069858], [-89.434887, 48.069883], [-89.43544, 48.069883], [-89.435851, 48.069921], [-89.43612, 48.069997], [-89.436248, 48.070112], [-89.436235, 48.070265], [-89.436127, 48.070375], [-89.435925, 48.070443], [-89.435628, 48.070467], [-89.435237, 48.070449], [-89.434853, 48.070413], [-89.434476, 48.070359], [-89.434105, 48.070287], [-89.433741, 48.070197], [-89.43333, 48.070143], [-89.432872, 48.070125], [-89.432366, 48.070143], [-89.431813, 48.070197], [-89.431099, 48.070332], [-89.430223, 48.070548], [-89.429185, 48.070845], [-89.427985, 48.071223], [-89.427068, 48.071561], [-89.426435, 48.071857], [-89.426084, 48.072114], [-89.426017, 48.07233], [-89.425845, 48.072534], [-89.425569, 48.072728], [-89.425188, 48.07291], [-89.424703, 48.073081], [-89.424231, 48.073207], [-89.423772, 48.073288], [-89.423328, 48.073324], [-89.422896, 48.073315], [-89.422492, 48.073279]]]}}, {"type": "Feature", "properties": {"lead": 0, "temp": "t10"}, "geometry": {"type": "Polygon", "coordinates": [[[-89.423621, 48.089716], [-89.423291, 48.089657], [-89.42297, 48.08957], [-89.42266, 48.089453], [-89.422428, 48.089352], [-89.422273, 48.089266], [-89.422195, 48.089196], [-89.422195, 48.089142], [-89.422165, 48.089095], [-89.422104, 48.089055], [-89.422013, 48.089021], [-89.421892, 48.088994], [-89.421683, 48.088886], [-89.421386, 48.088697], [-89.421002, 48.088427], [-89.42053, 48.088077], [-89.420123, 48.087721], [-89.419779, 48.087362], [-89.419499, 48.086997], [-89.419284, 48.086629], [-89.419122, 48.086309], [-89.419014, 48.086039], [-89.41896, 48.085819], [-89.41896, 48.085648], [-89.41898, 48.085491], [-89.419021, 48.085347], [-89.419081, 48.085216], [-89.419162, 48.0851], [-89.419277, 48.084989], [-89.419425, 48.084886], [-89.419607, 48.084789], [-89.419823, 48.084699], [-89.420018, 48.084645], [-89.420193, 48.084627], [-89.420348, 48.084645], [-89.420483, 48.084699], [-89.420605, 48.084719], [-89.420712, 48.084706], [-89.420807, 48.084659], [-89.420888, 48.084578], [-89.421036, 48.08449], [-89.421252, 48.084396], [-89.421535, 48.084294], [-89.421885, 48.084187], [-89.422158, 48.084083], [-89.422354, 48.083984], [-89.422472, 48.08389], [-89.422512, 48.0838], [-89.422573, 48.083719], [-89.422654, 48.083647], [-89.422755, 48.083584], [-89.422876, 48.08353], [-89.422957, 48.083474], [-89.422997, 48.083415], [-89.422997, 48.083354], [-89.422957, 48.083292], [-89.42295, 48.083231], [-89.422977, 48.083172], [-89.423038, 48.083116], [-89.423132, 48.083062], [-89.423173, 48.083004], [-89.423159, 48.082941], [-89.423092, 48.082873], [-89.42297, 48.082801], [-89.422886, 48.082736], [-89.422839, 48.082678], [-89.422829, 48.082626], [-89.422856, 48.082581], [-89.422822, 48.082527], [-89.422728, 48.082464], [-89.422573, 48.082392], [-89.422357, 48.082311], [-89.422037, 48.082264], [-89.421612, 48.08225], [-89.421083, 48.082271], [-89.42045, 48.082325], [-89.419974, 48.082379], [-89.419658, 48.082432], [-89.419499, 48.082486], [-89.419499, 48.08254], [-89.419466, 48.082574], [-89.419398, 48.082588], [-89.419297, 48.082581], [-89.419162, 48.082554], [-89.419041, 48.082547], [-89.418933, 48.082561], [-89.418839, 48.082594], [-89.418758, 48.082648], [-89.418663, 48.082689], [-89.418556, 48.082716], [-89.418434, 48.082729], [-89.4183, 48.082729], [-89.418185, 48.082747], [-89.418091, 48.082783], [-89.418016, 48.082837], [-89.417963, 48.082909], [-89.417807, 48.082981], [-89.417551, 48.083053], [-89.417194, 48.083125], [-89.416736, 48.083197], [-89.416389, 48.083262], [-89.416153, 48.083321], [-89.416028, 48.083372], [-89.416015, 48.083417], [-89.41589, 48.083485], [-89.415654, 48.083575], [-89.415307, 48.083687], [-89.414849, 48.083822], [-89.414505, 48.083935], [-89.414276, 48.084025], [-89.414161, 48.084092], [-89.414161, 48.084137], [-89.414141, 48.084166], [-89.4141, 48.08418], [-89.41404, 48.084178], [-89.413959, 48.08416], [-89.413895, 48.084157], [-89.413848, 48.084171], [-89.413817, 48.0842], [-89.413804, 48.084245], [-89.413763, 48.084274], [-89.413696, 48.084288], [-89.413602, 48.084285], [-89.41348, 48.084267], [-89.413389, 48.08422], [-89.413329, 48.084144], [-89.413298, 48.084038], [-89.413298, 48.083903], [-89.413379, 48.083782], [-89.413541, 48.083674], [-89.413784, 48.083579], [-89.414107, 48.083498], [-89.414441, 48.08339], [-89.414785, 48.083256], [-89.415138, 48.083094], [-89.415502, 48.082905], [-89.416092, 48.082693], [-89.416908, 48.082459], [-89.417949, 48.082203], [-89.419216, 48.081924], [-89.420207, 48.081715], [-89.420921, 48.081576], [-89.42136, 48.081506], [-89.421521, 48.081506], [-89.421761, 48.081542], [-89.422077, 48.081614], [-89.422472, 48.081722], [-89.422943, 48.081866], [-89.423321, 48.081996], [-89.423604, 48.082113], [-89.423793, 48.082217], [-89.423887, 48.082307], [-89.423958, 48.082408], [-89.424005, 48.08252], [-89.424029, 48.082644], [-89.424029, 48.082779], [-89.423992, 48.08295], [-89.423917, 48.083157], [-89.423806, 48.083399], [-89.423658, 48.083678], [-89.423442, 48.083932], [-89.423159, 48.084162], [-89.422809, 48.084366], [-89.422391, 48.084546], [-89.42198, 48.084697], [-89.421575, 48.084818], [-89.421178, 48.084911], [-89.420787, 48.084974], [-89.420429, 48.08507], [-89.420106, 48.085201], [-89.419816, 48.085365], [-89.41956, 48.085563], [-89.419381, 48.085756], [-89.41928, 48.085945], [-89.419257, 48.086129], [-89.419311, 48.086309], [-89.419395, 48.086489], [-89.419509, 48.086669], [-89.419654, 48.086849], [-89.41983, 48.087029], [-89.420123, 48.087263], [-89.420534, 48.087551], [-89.421063, 48.087892], [-89.42171, 48.088288], [-89.42235, 48.088598], [-89.422984, 48.088823], [-89.423611, 48.088963], [-89.424231, 48.089017], [-89.424757, 48.089041], [-89.425188, 48.089037], [-89.425525, 48.089003], [-89.425768, 48.08894], [-89.42599, 48.088922], [-89.426192, 48.088949], [-89.426374, 48.089021], [-89.426536, 48.089138], [-89.426536, 48.089253], [-89.426374, 48.089365], [-89.426051, 48.089475], [-89.425565, 48.089583], [-89.425114, 48.089664], [-89.424696, 48.089718], [-89.424312, 48.089745], [-89.423961, 48.089745], [-89.423621, 48.089716]]]}}, {"type": "Feature", "properties": {"lead": 0, "temp": "t8"}, "geometry": {"type": "Polygon", "coordinates": [[[-89.453523, 48.058448], [-89.453631, 48.058308], [-89.453874, 48.05814], [-89.454251, 48.057942], [-89.454551, 48.057768], [-89.454753, 48.057633], [-89.454753, 48.057633], [-89.454768, 48.057623], [-89.454774, 48.05762], [-89.454774, 48.05762], [-89.454841, 48.057575], [-89.454918, 48.057496], [-89.454986, 48.057397], [-89.455138, 48.057287], [-89.455373, 48.057165], [-89.455694, 48.057033], [-89.456098, 48.056889], [-89.456506, 48.056713], [-89.456917, 48.056506], [-89.457331, 48.056268], [-89.457749, 48.055998], [-89.458208, 48.055752], [-89.458706, 48.055532], [-89.459246, 48.055336], [-89.459825, 48.055165], [-89.460301, 48.055042], [-89.460631, 48.054972], [-89.460998, 48.054918], [-89.461308, 48.0549], [-89.461625, 48.054918], [-89.461948, 48.054972], [-89.462279, 48.055062], [-89.462616, 48.055188], [-89.462909, 48.055332], [-89.463158, 48.055494], [-89.463364, 48.055674], [-89.463526, 48.055872], [-89.463708, 48.05602], [-89.46391, 48.056119], [-89.464132, 48.056169], [-89.464375, 48.056169], [-89.464705, 48.056124], [-89.465123, 48.056034], [-89.465628, 48.055899], [-89.466222, 48.055719], [-89.466808, 48.05557], [-89.467388, 48.055453], [-89.467961, 48.055368], [-89.468527, 48.055314], [-89.468985, 48.055284], [-89.469336, 48.05528], [-89.469578, 48.0553], [-89.469713, 48.055345], [-89.469814, 48.055363], [-89.469881, 48.055354], [-89.469915, 48.055318], [-89.469915, 48.055255], [-89.469942, 48.055203], [-89.469996, 48.055163], [-89.470077, 48.055134], [-89.470185, 48.055116], [-89.470566, 48.055093], [-89.471219, 48.055066], [-89.472146, 48.055035], [-89.473346, 48.054999], [-89.474475, 48.054945], [-89.475533, 48.054873], [-89.47652, 48.054783], [-89.477437, 48.054675], [-89.478125, 48.05458], [-89.478583, 48.054499], [-89.478812, 48.054432], [-89.478812, 48.054378], [-89.47889, 48.05431], [-89.479045, 48.054229], [-89.479277, 48.054135], [-89.479587, 48.054027], [-89.479837, 48.053856], [-89.480025, 48.053622], [-89.480153, 48.053325], [-89.480221, 48.052965], [-89.480167, 48.052614], [-89.479992, 48.052272], [-89.479695, 48.051939], [-89.479277, 48.051615], [-89.47895, 48.051344], [-89.478714, 48.051128], [-89.478569, 48.050966], [-89.478516, 48.050858], [-89.478216, 48.050755], [-89.47767, 48.050656], [-89.476878, 48.050561], [-89.47584, 48.050471], [-89.474947, 48.05035], [-89.474198, 48.050197], [-89.473595, 48.050012], [-89.473137, 48.049796], [-89.472658, 48.049605], [-89.47216, 48.049439], [-89.471641, 48.049297], [-89.471101, 48.04918], [-89.470599, 48.049056], [-89.470134, 48.048925], [-89.469706, 48.048788], [-89.469315, 48.048644], [-89.468999, 48.0485], [-89.468756, 48.048356], [-89.468587, 48.048212], [-89.468493, 48.048068], [-89.468535, 48.047965], [-89.468699, 48.047908], [-89.468885, 48.047899], [-89.469127, 48.04792], [-89.469464, 48.047992], [-89.469828, 48.048109], [-89.470218, 48.048271], [-89.470636, 48.048478], [-89.471048, 48.048646], [-89.471452, 48.048777], [-89.47185, 48.048869], [-89.472241, 48.048923], [-89.472652, 48.049013], [-89.473083, 48.049139], [-89.473535, 48.049301], [-89.474006, 48.049499], [-89.474586, 48.049655], [-89.475274, 48.049767], [-89.476069, 48.049837], [-89.476972, 48.049864], [-89.477724, 48.04992], [-89.478323, 48.050006], [-89.478772, 48.05012], [-89.479068, 48.050264], [-89.479291, 48.050388], [-89.479439, 48.050492], [-89.479513, 48.050575], [-89.479513, 48.050638], [-89.479537, 48.050692], [-89.479584, 48.050737], [-89.479655, 48.050773], [-89.479704, 48.050787], [-89.479796, 48.050872], [-89.479938, 48.050962], [-89.480007, 48.050994], [-89.48012, 48.05109], [-89.480396, 48.051353], [-89.480733, 48.051696], [-89.480966, 48.052074], [-89.481094, 48.052488], [-89.481117, 48.052938], [-89.481036, 48.053424], [-89.480804, 48.05386], [-89.48042, 48.054247], [-89.479884, 48.054585], [-89.479196, 48.054873], [-89.477973, 48.055131], [-89.476214, 48.055361], [-89.473919, 48.055561], [-89.471088, 48.055732], [-89.468847, 48.055905], [-89.467196, 48.056081], [-89.466134, 48.056259], [-89.465662, 48.056439], [-89.465231, 48.056574], [-89.46484, 48.056664], [-89.464489, 48.056709], [-89.464179, 48.056709], [-89.463947, 48.0567], [-89.463792, 48.056682], [-89.463714, 48.056655], [-89.463714, 48.056619], [-89.463684, 48.056592], [-89.463623, 48.056574], [-89.463532, 48.056565], [-89.463411, 48.056565], [-89.463286, 48.056502], [-89.463158, 48.056376], [-89.463027, 48.056187], [-89.462892, 48.055935], [-89.462727, 48.05573], [-89.462531, 48.055572], [-89.462306, 48.055462], [-89.462049, 48.055399], [-89.461763, 48.055381], [-89.461446, 48.055408], [-89.461099, 48.05548], [-89.460791, 48.055576], [-89.460567, 48.055597], [-89.460317, 48.055638], [-89.460102, 48.055692], [-89.459971, 48.055744], [-89.459953, 48.055746], [-89.459819, 48.055728], [-89.459717, 48.055725], [-89.45965, 48.055739], [-89.459616, 48.055768], [-89.459616, 48.055813], [-89.459552, 48.055869], [-89.459424, 48.055937], [-89.459232, 48.056016], [-89.458976, 48.056106], [-89.458764, 48.056202], [-89.458595, 48.056306], [-89.45847, 48.056416], [-89.45839, 48.056533], [-89.458251, 48.056634], [-89.458056, 48.05672], [-89.457803, 48.05679], [-89.457493, 48.056844], [-89.457069, 48.056999], [-89.456529, 48.057255], [-89.455876, 48.057613], [-89.455107, 48.058072], [-89.45449, 48.058396], [-89.454025, 48.058585], [-89.453712, 48.058639], [-89.45355, 48.058558], [-89.453523, 48.058448]], [[-89.454073, 48.058511], [-89.454066, 48.058515], [-89.454062, 48.058522], [-89.454062, 48.058531], [-89.454066, 48.058536], [-89.454073, 48.058536], [-89.454083, 48.058531], [-89.454096, 48.058522], [-89.454103, 48.058515], [-89.454103, 48.058511], [-89.454096, 48.058509], [-89.454083, 48.058509], [-89.454073, 48.058511]]]}}, {"type": "Feature", "properties": {"lead": 0, "temp": "t8"}, "geometry": {"type": "Polygon", "coordinates": [[[-89.429013, 48.063998], [-89.429087, 48.063944], [-89.429272, 48.063867], [-89.429415, 48.06382], [-89.429748, 48.063726], [-89.43024, 48.063613], [-89.430802, 48.063507], [-89.431436, 48.063408], [-89.431992, 48.063303], [-89.432014, 48.063298], [-89.432022, 48.063296], [-89.432481, 48.063188], [-89.432872, 48.063071], [-89.433195, 48.062945], [-89.433495, 48.062851], [-89.433771, 48.062788], [-89.434024, 48.062756], [-89.434253, 48.062756], [-89.434459, 48.062727], [-89.434641, 48.062668], [-89.434799, 48.062581], [-89.434934, 48.062464], [-89.435194, 48.062311], [-89.435578, 48.062122], [-89.436087, 48.061897], [-89.43672, 48.061636], [-89.437189, 48.061467], [-89.437549, 48.061379], [-89.4379, 48.061325], [-89.438206, 48.061296], [-89.438469, 48.061292], [-89.438516, 48.061296], [-89.438722, 48.061339], [-89.438924, 48.061402], [-89.439113, 48.061483], [-89.439265, 48.061595], [-89.439379, 48.061739], [-89.439457, 48.061915], [-89.439497, 48.062122], [-89.4395, 48.062306], [-89.439467, 48.062468], [-89.439457, 48.062488], [-89.439376, 48.062594], [-89.439254, 48.062702], [-89.439217, 48.062794], [-89.439265, 48.062871], [-89.439298, 48.062886], [-89.439305, 48.062898], [-89.43943, 48.062954], [-89.439632, 48.06299], [-89.4398, 48.063033], [-89.439935, 48.063082], [-89.440036, 48.063139], [-89.440104, 48.063202], [-89.440225, 48.063251], [-89.4404, 48.063287], [-89.440629, 48.06331], [-89.440913, 48.063319], [-89.441212, 48.063289], [-89.441529, 48.063222], [-89.441863, 48.063116], [-89.442213, 48.062972], [-89.442534, 48.062819], [-89.442823, 48.062657], [-89.443083, 48.062486], [-89.443312, 48.062306], [-89.443686, 48.062095], [-89.444205, 48.061852], [-89.444869, 48.061577], [-89.445678, 48.061271], [-89.446493, 48.061035], [-89.447316, 48.060869], [-89.448145, 48.060772], [-89.44898, 48.060745], [-89.449776, 48.060695], [-89.450531, 48.060623], [-89.451245, 48.060529], [-89.451919, 48.060412], [-89.452455, 48.060304], [-89.452853, 48.060205], [-89.453112, 48.060115], [-89.453233, 48.060034], [-89.453277, 48.059966], [-89.453244, 48.059912], [-89.453208, 48.0599], [-89.453183, 48.059872], [-89.453011, 48.059791], [-89.452741, 48.05971], [-89.452539, 48.059595], [-89.452404, 48.059447], [-89.452337, 48.059264], [-89.452337, 48.059048], [-89.452398, 48.058871], [-89.452519, 48.058731], [-89.452701, 48.05863], [-89.452944, 48.058567], [-89.453144, 48.058491], [-89.453186, 48.058495], [-89.453267, 48.058522], [-89.453335, 48.058567], [-89.453388, 48.05863], [-89.453429, 48.058693], [-89.453456, 48.058756], [-89.453469, 48.058819], [-89.453469, 48.058882], [-89.453446, 48.058929], [-89.453399, 48.058961], [-89.453328, 48.058976], [-89.453233, 48.058976], [-89.453163, 48.058999], [-89.453115, 48.059044], [-89.453092, 48.059111], [-89.453092, 48.059161], [-89.453092, 48.059188], [-89.453092, 48.059201], [-89.453115, 48.059269], [-89.453163, 48.059314], [-89.453233, 48.059336], [-89.453328, 48.059336], [-89.453409, 48.059323], [-89.453476, 48.059296], [-89.45353, 48.059255], [-89.45357, 48.059201], [-89.453665, 48.059181], [-89.453813, 48.059195], [-89.454015, 48.059242], [-89.454271, 48.059323], [-89.454453, 48.059426], [-89.454561, 48.059552], [-89.454595, 48.059701], [-89.454554, 48.059872], [-89.45447, 48.060023], [-89.454342, 48.060153], [-89.45417, 48.060263], [-89.453955, 48.060353], [-89.453631, 48.060441], [-89.4532, 48.060527], [-89.452661, 48.06061], [-89.452013, 48.060691], [-89.451528, 48.060761], [-89.451205, 48.060819], [-89.451043, 48.060866], [-89.451043, 48.060902], [-89.450871, 48.060929], [-89.450527, 48.060947], [-89.450012, 48.060956], [-89.449324, 48.060956], [-89.448691, 48.060983], [-89.448111, 48.061037], [-89.447585, 48.061118], [-89.447113, 48.061226], [-89.446662, 48.06135], [-89.44623, 48.06149], [-89.445819, 48.061645], [-89.445428, 48.061816], [-89.445031, 48.062016], [-89.444626, 48.062245], [-89.444215, 48.062504], [-89.443797, 48.062792], [-89.443376, 48.063037], [-89.442951, 48.06324], [-89.442523, 48.063399], [-89.442092, 48.063516], [-89.441671, 48.063591], [-89.44126, 48.063622], [-89.440859, 48.063611], [-89.440468, 48.063557], [-89.440174, 48.063501], [-89.439979, 48.063442], [-89.439881, 48.063381], [-89.439881, 48.063319], [-89.439807, 48.063251], [-89.439659, 48.063179], [-89.439436, 48.063103], [-89.43914, 48.063022], [-89.438948, 48.062896], [-89.43886, 48.062725], [-89.438877, 48.062509], [-89.438998, 48.062248], [-89.439059, 48.062038], [-89.439059, 48.061881], [-89.438998, 48.061775], [-89.438877, 48.061721], [-89.438688, 48.061708], [-89.438432, 48.061735], [-89.438109, 48.061802], [-89.437718, 48.06191], [-89.437361, 48.062032], [-89.437037, 48.062167], [-89.436747, 48.062315], [-89.436491, 48.062477], [-89.436279, 48.062594], [-89.43611, 48.062666], [-89.435986, 48.062693], [-89.435905, 48.062675], [-89.435834, 48.062677], [-89.435773, 48.0627], [-89.435723, 48.062743], [-89.435682, 48.062806], [-89.435657, 48.062822], [-89.435477, 48.062878], [-89.435395, 48.06292], [-89.435298, 48.062941], [-89.435082, 48.062968], [-89.434904, 48.063013], [-89.434762, 48.063076], [-89.434658, 48.063157], [-89.434648, 48.063171], [-89.434577, 48.063181], [-89.434523, 48.063224], [-89.434509, 48.063296], [-89.43447, 48.06332], [-89.434324, 48.063346], [-89.434125, 48.063337], [-89.433883, 48.063292], [-89.433684, 48.063276], [-89.433529, 48.063289], [-89.433418, 48.063332], [-89.43335, 48.063404], [-89.433276, 48.063449], [-89.433195, 48.063467], [-89.433108, 48.063458], [-89.433013, 48.063422], [-89.432878, 48.063415], [-89.432703, 48.063438], [-89.432487, 48.063489], [-89.432231, 48.06357], [-89.432005, 48.063624], [-89.43181, 48.063651], [-89.431645, 48.063651], [-89.43151, 48.063624], [-89.431291, 48.063624], [-89.430988, 48.063651], [-89.4306, 48.063705], [-89.430128, 48.063786], [-89.429775, 48.063856], [-89.429539, 48.063915], [-89.429421, 48.063962], [-89.429421, 48.063998], [-89.429384, 48.064023], [-89.429309, 48.064036], [-89.429198, 48.064038], [-89.42905, 48.064029], [-89.429013, 48.063998]]]}}, {"type": "Feature", "properties": {"lead": 0, "temp": "t8"}, "geometry": {"type": "Polygon", "coordinates": [[[-89.43979, 48.069129], [-89.439743, 48.069026], [-89.43972, 48.068897], [-89.43972, 48.068744], [-89.439699, 48.06863], [-89.439659, 48.068553], [-89.439598, 48.068515], [-89.439517, 48.068515], [-89.439467, 48.068492], [-89.439447, 48.068447], [-89.439457, 48.06838], [-89.439497, 48.06829], [-89.439504, 48.068202], [-89.439477, 48.068117], [-89.439416, 48.068034], [-89.439322, 48.067953], [-89.439241, 48.067833], [-89.439174, 48.067676], [-89.43912, 48.06748], [-89.439079, 48.067246], [-89.439072, 48.067057], [-89.439099, 48.066913], [-89.43916, 48.066814], [-89.439254, 48.06676], [-89.439302, 48.066697], [-89.439302, 48.066625], [-89.439254, 48.066544], [-89.43916, 48.066454], [-89.439123, 48.06636], [-89.439143, 48.066261], [-89.439221, 48.066157], [-89.439356, 48.06605], [-89.439487, 48.065969], [-89.439615, 48.065915], [-89.43974, 48.065888], [-89.439861, 48.065888], [-89.439986, 48.065865], [-89.440114, 48.06582], [-89.440245, 48.065753], [-89.44038, 48.065663], [-89.44047, 48.06562], [-89.440646, 48.06557], [-89.440906, 48.065474], [-89.440975, 48.065439], [-89.441088, 48.065406], [-89.441425, 48.065325], [-89.441967, 48.065264], [-89.442716, 48.065224], [-89.443669, 48.065204], [-89.444829, 48.065204], [-89.445698, 48.065195], [-89.446278, 48.065177], [-89.446567, 48.06515], [-89.446567, 48.065114], [-89.446696, 48.065073], [-89.446952, 48.065028], [-89.447336, 48.064979], [-89.447848, 48.064925], [-89.448222, 48.064871], [-89.448458, 48.064817], [-89.448556, 48.064763], [-89.448515, 48.064709], [-89.448529, 48.064675], [-89.448543, 48.064672], [-89.448657, 48.064668], [-89.448792, 48.064695], [-89.448862, 48.06469], [-89.448893, 48.064695], [-89.449034, 48.0647], [-89.449142, 48.064682], [-89.449216, 48.064641], [-89.449257, 48.064578], [-89.449272, 48.064567], [-89.449378, 48.06452], [-89.449569, 48.064413], [-89.449702, 48.064362], [-89.449958, 48.064281], [-89.450268, 48.064221], [-89.450632, 48.06418], [-89.45105, 48.06416], [-89.451521, 48.06416], [-89.451929, 48.064137], [-89.452273, 48.064092], [-89.452553, 48.064025], [-89.452768, 48.063935], [-89.453028, 48.063867], [-89.453331, 48.063822], [-89.453678, 48.0638], [-89.454069, 48.0638], [-89.454406, 48.063786], [-89.454689, 48.063759], [-89.454918, 48.063719], [-89.455094, 48.063665], [-89.455225, 48.063646], [-89.455479, 48.06364], [-89.45566, 48.063665], [-89.455862, 48.063719], [-89.456145, 48.063753], [-89.456509, 48.063766], [-89.456954, 48.063759], [-89.45748, 48.063732], [-89.458046, 48.063669], [-89.458652, 48.06357], [-89.4593, 48.063435], [-89.459987, 48.063265], [-89.460513, 48.063123], [-89.460877, 48.06301], [-89.461079, 48.062927], [-89.461119, 48.062873], [-89.461305, 48.062833], [-89.46132, 48.06283], [-89.461362, 48.062833], [-89.461483, 48.06286], [-89.461574, 48.062871], [-89.461635, 48.062866], [-89.461665, 48.062846], [-89.461665, 48.06281], [-89.461793, 48.062792], [-89.462049, 48.062792], [-89.462434, 48.06281], [-89.462946, 48.062846], [-89.463418, 48.062893], [-89.463849, 48.062952], [-89.46424, 48.063022], [-89.46459, 48.063103], [-89.464961, 48.063163], [-89.465352, 48.063204], [-89.465763, 48.063224], [-89.466195, 48.063224], [-89.466582, 48.063253], [-89.466926, 48.063312], [-89.467226, 48.063399], [-89.467482, 48.063516], [-89.467704, 48.063663], [-89.467893, 48.063838], [-89.468048, 48.064043], [-89.468169, 48.064277], [-89.46826, 48.064502], [-89.468321, 48.064718], [-89.468351, 48.064925], [-89.468351, 48.065123], [-89.468331, 48.065291], [-89.468291, 48.065431], [-89.46823, 48.065541], [-89.468149, 48.065622], [-89.468055, 48.065676], [-89.467947, 48.065703], [-89.467826, 48.065703], [-89.467691, 48.065676], [-89.467549, 48.065678], [-89.467401, 48.06571], [-89.467246, 48.065771], [-89.467084, 48.065861], [-89.466845, 48.065948], [-89.466528, 48.066034], [-89.466134, 48.066117], [-89.465662, 48.066198], [-89.465244, 48.066288], [-89.46488, 48.066387], [-89.46457, 48.066495], [-89.464314, 48.066612], [-89.464092, 48.066697], [-89.463903, 48.066751], [-89.463748, 48.066774], [-89.463627, 48.066765], [-89.46362, 48.066709], [-89.463728, 48.066605], [-89.463755, 48.066586], [-89.464422, 48.066265], [-89.465147, 48.065966], [-89.465773, 48.065764], [-89.466302, 48.065658], [-89.466734, 48.065649], [-89.467088, 48.065627], [-89.467364, 48.065591], [-89.467372, 48.065589], [-89.467374, 48.065588], [-89.467563, 48.065541], [-89.467684, 48.065478], [-89.467779, 48.065395], [-89.467846, 48.065291], [-89.467886, 48.065168], [-89.4679, 48.065024], [-89.467873, 48.064855], [-89.467806, 48.064662], [-89.467698, 48.064443], [-89.467549, 48.0642], [-89.467293, 48.064014], [-89.466929, 48.063883], [-89.466457, 48.063809], [-89.465878, 48.063791], [-89.465288, 48.06375], [-89.464688, 48.063687], [-89.464078, 48.063602], [-89.463458, 48.063494], [-89.462774, 48.063467], [-89.462026, 48.063521], [-89.461214, 48.063656], [-89.460337, 48.063872], [-89.459168, 48.06407], [-89.457705, 48.06425], [-89.45595, 48.064412], [-89.453901, 48.064556], [-89.452236, 48.064718], [-89.450955, 48.064898], [-89.450059, 48.065096], [-89.449547, 48.065312], [-89.449068, 48.065492], [-89.448623, 48.065636], [-89.448212, 48.065744], [-89.447835, 48.065816], [-89.447208, 48.065872], [-89.446332, 48.065912], [-89.445206, 48.065937], [-89.443831, 48.065946], [-89.442668, 48.066], [-89.441718, 48.066099], [-89.44098, 48.066243], [-89.440454, 48.066432], [-89.440104, 48.066666], [-89.439928, 48.066945], [-89.439928, 48.067269], [-89.440104, 48.067638], [-89.440235, 48.067966], [-89.440323, 48.068254], [-89.440367, 48.068501], [-89.440367, 48.068708], [-89.44035, 48.068884], [-89.440316, 48.069028], [-89.440265, 48.06914], [-89.440198, 48.069221], [-89.440102, 48.069272], [-89.440043, 48.069282], [-89.439955, 48.069262], [-89.439861, 48.069208], [-89.43979, 48.069129]]]}}, {"type": "Feature", "properties": {"lead": 0, "temp": "t8"}, "geometry": {"type": "Polygon", "coordinates": [[[-89.463189, 48.066862], [-89.463216, 48.066848], [-89.463256, 48.066832], [-89.46331, 48.066814], [-89.463337, 48.066808], [-89.463337, 48.066812], [-89.46331, 48.066828], [-89.463256, 48.066855], [-89.463216, 48.066873], [-89.463189, 48.066882], [-89.463175, 48.066882], [-89.463175, 48.066873], [-89.463189, 48.066862]]]}}, {"type": "Feature", "properties": {"lead": 0, "temp": "t8"}, "geometry": {"type": "Polygon", "coordinates": [[[-89.460641, 48.067296], [-89.460641, 48.067323], [-89.46061, 48.067343], [-89.46055, 48.067356], [-89.460459, 48.067363], [-89.460337, 48.067363], [-89.460223, 48.067368], [-89.460127, 48.067376], [-89.460169, 48.067363], [-89.460466, 48.067309], [-89.460624, 48.067293], [-89.460641, 48.067296]]]}}, {"type": "Feature", "properties": {"lead": 0, "temp": "t8"}, "geometry": {"type": "Polygon", "coordinates": [[[-89.438668, 48.06955], [-89.438533, 48.069532], [-89.438523, 48.069528], [-89.438527, 48.0695], [-89.438621, 48.069347], [-89.438679, 48.069296], [-89.438709, 48.06928], [-89.438897, 48.06919], [-89.439059, 48.069154], [-89.439194, 48.069172], [-89.439302, 48.069244], [-89.439383, 48.06937], [-89.439379, 48.069464], [-89.439292, 48.069527], [-89.43912, 48.069559], [-89.438864, 48.069559], [-89.438668, 48.06955]]]}}, {"type": "Feature", "properties": {"lead": 0, "temp": "t8"}, "geometry": {"type": "Polygon", "coordinates": [[[-89.43581, 48.0704], [-89.435783, 48.070305], [-89.435783, 48.070179], [-89.435814, 48.070099], [-89.435874, 48.070063], [-89.435965, 48.070072], [-89.436087, 48.070125], [-89.436174, 48.070184], [-89.436228, 48.070247], [-89.436234, 48.070266], [-89.436127, 48.070375], [-89.435925, 48.070443], [-89.435852, 48.070449], [-89.43581, 48.0704]]]}}, {"type": "Feature", "properties": {"lead": 0, "temp": "t8"}, "geometry": {"type": "Polygon", "coordinates": [[[-89.428268, 48.071068], [-89.428389, 48.071009], [-89.428558, 48.070953], [-89.428774, 48.070899], [-89.428945, 48.070843], [-89.429074, 48.070785], [-89.429158, 48.070724], [-89.429198, 48.070661], [-89.429411, 48.070557], [-89.429795, 48.070413], [-89.430351, 48.070229], [-89.431079, 48.070004], [-89.431807, 48.069856], [-89.432535, 48.069784], [-89.433263, 48.069788], [-89.43399, 48.069869], [-89.43456, 48.069959], [-89.434971, 48.070058], [-89.435224, 48.070166], [-89.435318, 48.070283], [-89.435376, 48.070373], [-89.435396, 48.070436], [-89.435386, 48.070456], [-89.435237, 48.070449], [-89.434853, 48.070413], [-89.434476, 48.070359], [-89.434105, 48.070287], [-89.433741, 48.070197], [-89.433414, 48.07013], [-89.433124, 48.070085], [-89.432872, 48.070063], [-89.432656, 48.070063], [-89.43241, 48.070076], [-89.432134, 48.070103], [-89.431827, 48.070143], [-89.43149, 48.070197], [-89.431059, 48.070301], [-89.430533, 48.070454], [-89.430307, 48.070528], [-89.430223, 48.070548], [-89.429185, 48.070845], [-89.42818, 48.071162], [-89.428194, 48.071129], [-89.428268, 48.071068]]]}}, {"type": "Feature", "properties": {"lead": 0, "temp": "t8"}, "geometry": {"type": "Polygon", "coordinates": [[[-89.431524, 48.078756], [-89.431793, 48.07858], [-89.432238, 48.078353], [-89.432334, 48.07831], [-89.432973, 48.078043], [-89.43373, 48.077753], [-89.434169, 48.077611], [-89.434832, 48.077434], [-89.435136, 48.077408], [-89.435443, 48.077368], [-89.435733, 48.077314], [-89.436006, 48.077246], [-89.436262, 48.077165], [-89.436622, 48.077024], [-89.437088, 48.076821], [-89.437657, 48.076558], [-89.438331, 48.076234], [-89.439093, 48.075904], [-89.439942, 48.075566], [-89.440879, 48.075222], [-89.441903, 48.074871], [-89.442897, 48.074491], [-89.443861, 48.074082], [-89.444795, 48.073643], [-89.445698, 48.073176], [-89.446473, 48.072816], [-89.44712, 48.072564], [-89.447639, 48.07242], [-89.44803, 48.072384], [-89.448455, 48.072244], [-89.448913, 48.072001], [-89.449405, 48.071655], [-89.449931, 48.071205], [-89.450497, 48.070778], [-89.451104, 48.070373], [-89.451751, 48.069991], [-89.452438, 48.069631], [-89.45325, 48.069264], [-89.454187, 48.068891], [-89.455249, 48.06851], [-89.456435, 48.068124], [-89.457409, 48.067833], [-89.458171, 48.06764], [-89.45872, 48.067543], [-89.459057, 48.067543], [-89.45937, 48.067525], [-89.459391, 48.067523], [-89.459529, 48.06753], [-89.459616, 48.067548], [-89.459616, 48.067575], [-89.459562, 48.067602], [-89.459455, 48.067629], [-89.459293, 48.067656], [-89.459077, 48.067683], [-89.458915, 48.06771], [-89.458807, 48.067737], [-89.458754, 48.067764], [-89.458754, 48.067791], [-89.4587, 48.067818], [-89.458592, 48.067845], [-89.45843, 48.067872], [-89.458214, 48.067899], [-89.458022, 48.067941], [-89.457854, 48.068], [-89.457709, 48.068074], [-89.457588, 48.068164], [-89.457325, 48.068288], [-89.45692, 48.068445], [-89.456374, 48.068636], [-89.455687, 48.068861], [-89.455127, 48.069059], [-89.454696, 48.06923], [-89.454393, 48.069374], [-89.454217, 48.069491], [-89.454042, 48.069586], [-89.453867, 48.069658], [-89.453692, 48.069707], [-89.453517, 48.069734], [-89.453139, 48.069905], [-89.452559, 48.07022], [-89.451778, 48.070679], [-89.450794, 48.071282], [-89.450055, 48.071747], [-89.449563, 48.072076], [-89.449317, 48.072267], [-89.449317, 48.072321], [-89.449156, 48.07242], [-89.448832, 48.072564], [-89.448347, 48.072753], [-89.4477, 48.072987], [-89.447184, 48.073162], [-89.4468, 48.073279], [-89.446547, 48.073337], [-89.446426, 48.073337], [-89.446315, 48.07336], [-89.446214, 48.073405], [-89.446123, 48.073472], [-89.446042, 48.073562], [-89.445904, 48.073657], [-89.445708, 48.073756], [-89.445455, 48.073859], [-89.445145, 48.073967], [-89.444903, 48.074071], [-89.444727, 48.07417], [-89.44462, 48.074264], [-89.444579, 48.074354], [-89.444505, 48.074435], [-89.444397, 48.074507], [-89.444256, 48.07457], [-89.44408, 48.074624], [-89.443919, 48.074694], [-89.44377, 48.074779], [-89.443636, 48.07488], [-89.443514, 48.074997], [-89.443379, 48.075092], [-89.443231, 48.075164], [-89.443069, 48.075213], [-89.442894, 48.07524], [-89.442742, 48.075283], [-89.442614, 48.075341], [-89.44251, 48.075416], [-89.442429, 48.075506], [-89.442186, 48.075623], [-89.441782, 48.075767], [-89.441216, 48.075937], [-89.440488, 48.076135], [-89.439716, 48.076385], [-89.438901, 48.076686], [-89.438041, 48.07704], [-89.437138, 48.077444], [-89.436387, 48.077755], [-89.435787, 48.077971], [-89.435338, 48.078092], [-89.435042, 48.078119], [-89.434634, 48.078196], [-89.434115, 48.078321], [-89.433485, 48.078497], [-89.432744, 48.078722], [-89.432167, 48.078872], [-89.431756, 48.078949], [-89.43151, 48.078951], [-89.431429, 48.078879], [-89.431524, 48.078756]]]}}, {"type": "Feature", "properties": {"lead": 0, "temp": "t8"}, "geometry": {"type": "Polygon", "coordinates": [[[-89.415624, 48.058155], [-89.415691, 48.058061], [-89.415833, 48.057982], [-89.416048, 48.057919], [-89.41621, 48.057861], [-89.416318, 48.057807], [-89.416372, 48.057757], [-89.416372, 48.057712], [-89.416395, 48.057683], [-89.416443, 48.057669], [-89.416513, 48.057672], [-89.416608, 48.05769], [-89.416689, 48.057683], [-89.416756, 48.057651], [-89.41681, 48.057595], [-89.41685, 48.057514], [-89.416783, 48.057447], [-89.416608, 48.057393], [-89.416325, 48.057352], [-89.416129, 48.057339], [-89.416028, 48.057325], [-89.415971, 48.057328], [-89.415934, 48.057325], [-89.415577, 48.057318], [-89.415253, 48.057332], [-89.414963, 48.057366], [-89.414707, 48.05742], [-89.414505, 48.057474], [-89.414357, 48.057528], [-89.414262, 48.057582], [-89.414237, 48.057616], [-89.414208, 48.057622], [-89.413753, 48.057678], [-89.41345, 48.057656], [-89.413345, 48.057585], [-89.413298, 48.057487], [-89.413298, 48.057375], [-89.413447, 48.057213], [-89.413743, 48.057069], [-89.414188, 48.056943], [-89.414781, 48.056835], [-89.415293, 48.05676], [-89.415725, 48.05672], [-89.416075, 48.056713], [-89.416345, 48.05674], [-89.416594, 48.056799], [-89.416823, 48.056889], [-89.417032, 48.05701], [-89.417221, 48.057163], [-89.417353, 48.057316], [-89.417427, 48.057469], [-89.417444, 48.057622], [-89.417403, 48.057775], [-89.41712, 48.057975], [-89.416594, 48.058223], [-89.415965, 48.058464], [-89.415853, 48.058459], [-89.415711, 48.058392], [-89.41563, 48.058266], [-89.415624, 48.058155]]]}}, {"type": "Feature", "properties": {"lead": 0, "temp": "t8"}, "geometry": {"type": "Polygon", "coordinates": [[[-89.413622, 48.05872], [-89.413838, 48.058693], [-89.414009, 48.058657], [-89.414138, 48.058612], [-89.414222, 48.058558], [-89.414262, 48.058495], [-89.414326, 48.058441], [-89.414401, 48.058403], [-89.414427, 48.058396], [-89.414663, 48.058369], [-89.414849, 48.058387], [-89.414899, 48.058411], [-89.414983, 48.058495], [-89.415064, 48.05863], [-89.415007, 48.058765], [-89.414923, 48.058823], [-89.414815, 48.05886], [-89.414057, 48.059078], [-89.413551, 48.059172], [-89.413298, 48.059143], [-89.413298, 48.05899], [-89.413383, 48.058846], [-89.413472, 48.058774], [-89.413622, 48.05872]]]}}, {"type": "Feature", "properties": {"lead": 0, "temp": "t8"}, "geometry": {"type": "Polygon", "coordinates": [[[-89.413945, 48.062941], [-89.413945, 48.06295], [-89.413838, 48.062963], [-89.413622, 48.062981], [-89.413547, 48.062985], [-89.413592, 48.06297], [-89.413872, 48.062938], [-89.413945, 48.062941]]]}}, {"type": "Feature", "properties": {"lead": 0, "temp": "t8"}, "geometry": {"type": "Polygon", "coordinates": [[[-89.42017, 48.064815], [-89.419705, 48.064702], [-89.419216, 48.064547], [-89.418704, 48.064349], [-89.418485, 48.064245], [-89.418559, 48.064236], [-89.418926, 48.064322], [-89.419587, 48.064502], [-89.42015, 48.064648], [-89.420615, 48.064761], [-89.420982, 48.064839], [-89.421252, 48.064884], [-89.421349, 48.064911], [-89.421275, 48.06492], [-89.421029, 48.064911], [-89.420611, 48.064884], [-89.42017, 48.064815]]]}}, {"type": "Feature", "properties": {"lead": 0, "temp": "t8"}, "geometry": {"type": "Polygon", "coordinates": [[[-89.413905, 48.067786], [-89.414026, 48.067588], [-89.414026, 48.067354], [-89.413905, 48.067084], [-89.413662, 48.066778], [-89.41348, 48.066486], [-89.413359, 48.066207], [-89.413298, 48.065942], [-89.413298, 48.065892], [-89.413342, 48.06578], [-89.41343, 48.065726], [-89.413561, 48.06573], [-89.413736, 48.065793], [-89.413908, 48.065912], [-89.414077, 48.066088], [-89.414242, 48.066319], [-89.414404, 48.066607], [-89.414549, 48.066837], [-89.414677, 48.067008], [-89.414788, 48.06712], [-89.414882, 48.067174], [-89.414943, 48.067257], [-89.41497, 48.06737], [-89.414963, 48.067512], [-89.414923, 48.067683], [-89.414805, 48.067869], [-89.414609, 48.068072], [-89.414336, 48.06829], [-89.413986, 48.068524], [-89.413713, 48.068657], [-89.413517, 48.068688], [-89.413399, 48.068618], [-89.413363, 48.068464], [-89.413389, 48.068299], [-89.41349, 48.068119], [-89.413662, 48.067948], [-89.413905, 48.067786]]]}}, {"type": "Feature", "properties": {"lead": 0, "temp": "t8"}, "geometry": {"type": "Polygon", "coordinates": [[[-89.422492, 48.073279], [-89.422114, 48.073216], [-89.421764, 48.073126], [-89.42144, 48.073009], [-89.421147, 48.072921], [-89.420884, 48.072863], [-89.420652, 48.072834], [-89.42045, 48.072834], [-89.420231, 48.072795], [-89.419995, 48.072719], [-89.419742, 48.072604], [-89.419472, 48.072451], [-89.418909, 48.07231], [-89.418053, 48.072179], [-89.416904, 48.07206], [-89.415462, 48.071952], [-89.41438, 48.071839], [-89.413659, 48.071723], [-89.413298, 48.071601], [-89.413298, 48.071475], [-89.41347, 48.071394], [-89.413814, 48.071358], [-89.41433, 48.071367], [-89.415017, 48.071421], [-89.415563, 48.071475], [-89.415967, 48.071529], [-89.41623, 48.071583], [-89.416352, 48.071637], [-89.416486, 48.071671], [-89.416536, 48.071675], [-89.416547, 48.071678], [-89.416563, 48.071678], [-89.416635, 48.071684], [-89.416796, 48.071678], [-89.416972, 48.071651], [-89.417103, 48.071646], [-89.417191, 48.071664], [-89.417235, 48.071705], [-89.417235, 48.071767], [-89.417353, 48.071815], [-89.417588, 48.071846], [-89.417942, 48.071862], [-89.418414, 48.071862], [-89.418822, 48.071889], [-89.419166, 48.071943], [-89.419445, 48.072024], [-89.419661, 48.072132], [-89.419877, 48.072213], [-89.420092, 48.072267], [-89.420308, 48.072294], [-89.42047, 48.072294], [-89.420524, 48.072294], [-89.420729, 48.07231], [-89.420925, 48.072341], [-89.421067, 48.072377], [-89.421147, 48.072402], [-89.421393, 48.07251], [-89.421649, 48.072654], [-89.421662, 48.072659], [-89.42173, 48.072708], [-89.421852, 48.072816], [-89.421996, 48.072897], [-89.422165, 48.072951], [-89.422357, 48.072978], [-89.422573, 48.072978], [-89.422734, 48.072987], [-89.422842, 48.073005], [-89.422896, 48.073032], [-89.422896, 48.073068], [-89.422994, 48.073079], [-89.423189, 48.073065], [-89.423483, 48.073027], [-89.423874, 48.072964], [-89.424271, 48.072861], [-89.424676, 48.072717], [-89.425087, 48.072532], [-89.425505, 48.072307], [-89.425818, 48.072163], [-89.426027, 48.0721], [-89.426088, 48.072111], [-89.426084, 48.072114], [-89.426017, 48.07233], [-89.425845, 48.072534], [-89.425569, 48.072728], [-89.425188, 48.07291], [-89.424703, 48.073081], [-89.424231, 48.073207], [-89.423772, 48.073288], [-89.423328, 48.073324], [-89.422896, 48.073315], [-89.422492, 48.073279]]]}}, {"type": "Feature", "properties": {"lead": 0, "temp": "t8"}, "geometry": {"type": "Polygon", "coordinates": [[[-89.430058, 48.080543], [-89.429957, 48.080418], [-89.429879, 48.080265], [-89.429829, 48.080096], [-89.429845, 48.07995], [-89.429913, 48.079752], [-89.430007, 48.079574], [-89.430117, 48.079432], [-89.430149, 48.079419], [-89.430203, 48.079419], [-89.430253, 48.079477], [-89.4303, 48.079594], [-89.430344, 48.07977], [-89.430385, 48.080004], [-89.430445, 48.080081], [-89.430445, 48.08013], [-89.430469, 48.080163], [-89.430516, 48.080177], [-89.43052, 48.080176], [-89.430533, 48.080193], [-89.430789, 48.080337], [-89.431153, 48.080435], [-89.431625, 48.080489], [-89.431925, 48.080546], [-89.432053, 48.080604], [-89.432009, 48.080665], [-89.431921, 48.080691], [-89.431487, 48.08075], [-89.431005, 48.080782], [-89.430695, 48.080755], [-89.430432, 48.080705], [-89.430216, 48.080633], [-89.430063, 48.080547], [-89.430058, 48.080543]]]}}, {"type": "Feature", "properties": {"lead": 0, "temp": "t8"}, "geometry": {"type": "Polygon", "coordinates": [[[-89.413503, 48.083699], [-89.413541, 48.083674], [-89.413784, 48.083579], [-89.414107, 48.083498], [-89.414441, 48.08339], [-89.414785, 48.083256], [-89.415138, 48.083094], [-89.415502, 48.082905], [-89.41588, 48.082769], [-89.416584, 48.082567], [-89.417679, 48.082293], [-89.419054, 48.081978], [-89.420197, 48.081762], [-89.421107, 48.081645], [-89.421784, 48.081627], [-89.422229, 48.081708], [-89.422633, 48.081807], [-89.422997, 48.081924], [-89.423321, 48.082059], [-89.423604, 48.082212], [-89.423803, 48.082396], [-89.423917, 48.082612], [-89.423948, 48.08286], [-89.423894, 48.083139], [-89.42383, 48.083332], [-89.423756, 48.08344], [-89.423671, 48.083462], [-89.423577, 48.083399], [-89.423496, 48.083303], [-89.423429, 48.083172], [-89.423375, 48.083008], [-89.423334, 48.08281], [-89.42328, 48.082648], [-89.423213, 48.082522], [-89.423132, 48.082432], [-89.423038, 48.082379], [-89.422923, 48.082331], [-89.422788, 48.082291], [-89.422633, 48.082257], [-89.422458, 48.08223], [-89.422327, 48.082201], [-89.422239, 48.082169], [-89.422195, 48.082136], [-89.422195, 48.0821], [-89.422101, 48.082073], [-89.421912, 48.082055], [-89.421629, 48.082046], [-89.421252, 48.082046], [-89.420969, 48.082055], [-89.42078, 48.082073], [-89.420686, 48.0821], [-89.420686, 48.082136], [-89.420578, 48.082176], [-89.420362, 48.082221], [-89.420038, 48.082271], [-89.419607, 48.082325], [-89.41922, 48.082394], [-89.418876, 48.08248], [-89.418576, 48.082581], [-89.41832, 48.082698], [-89.418, 48.082806], [-89.417615, 48.082905], [-89.417167, 48.082995], [-89.416655, 48.083076], [-89.416261, 48.083152], [-89.415984, 48.083224], [-89.415826, 48.083292], [-89.415785, 48.083354], [-89.415614, 48.083444], [-89.41531, 48.083561], [-89.414876, 48.083705], [-89.414309, 48.083876], [-89.413878, 48.083975], [-89.413581, 48.084002], [-89.41342, 48.083957], [-89.413393, 48.08384], [-89.41345, 48.083735], [-89.413503, 48.083699]]]}}, {"type": "Feature", "properties": {"lead": 0, "temp": "t12far"}, "geometry": {"type": "Polygon", "coordinates": [[[-89.474286, 48.050996], [-89.474185, 48.050946], [-89.474087, 48.050872], [-89.473993, 48.050773], [-89.473909, 48.050714], [-89.473835, 48.050696], [-89.473771, 48.050719], [-89.473717, 48.050782], [-89.473669, 48.050813], [-89.473629, 48.050813], [-89.473595, 48.050782], [-89.473568, 48.050719], [-89.473518, 48.050674], [-89.473444, 48.050647], [-89.473346, 48.050638], [-89.473225, 48.050647], [-89.473073, 48.05062], [-89.472891, 48.050557], [-89.472679, 48.050458], [-89.472436, 48.050323], [-89.472018, 48.050154], [-89.471425, 48.049952], [-89.470657, 48.049715], [-89.469713, 48.049445], [-89.468961, 48.049214], [-89.468402, 48.04902], [-89.468035, 48.048865], [-89.467859, 48.048748], [-89.467711, 48.048615], [-89.46759, 48.048466], [-89.467495, 48.048302], [-89.467428, 48.048122], [-89.467442, 48.047987], [-89.467536, 48.047897], [-89.467711, 48.047852], [-89.467967, 48.047852], [-89.468183, 48.047888], [-89.468358, 48.04796], [-89.468493, 48.048068], [-89.468587, 48.048212], [-89.468756, 48.048356], [-89.468999, 48.0485], [-89.469315, 48.048644], [-89.469706, 48.048788], [-89.470134, 48.048925], [-89.470599, 48.049056], [-89.471101, 48.04918], [-89.471641, 48.049297], [-89.47216, 48.049439], [-89.472658, 48.049605], [-89.473137, 48.049796], [-89.473595, 48.050012], [-89.474027, 48.050181], [-89.474431, 48.050303], [-89.474808, 48.050377], [-89.475159, 48.050404], [-89.475398, 48.050426], [-89.475526, 48.050444], [-89.475543, 48.050458], [-89.475449, 48.050467], [-89.475338, 48.050507], [-89.47521, 48.050579], [-89.475065, 48.050683], [-89.474903, 48.050818], [-89.474755, 48.050919], [-89.47462, 48.050987], [-89.474498, 48.05102], [-89.474391, 48.05102], [-89.474286, 48.050996]]]}}, {"type": "Feature", "properties": {"lead": 0, "temp": "t12far"}, "geometry": {"type": "Polygon", "coordinates": [[[-89.475971, 48.050631], [-89.475924, 48.050609], [-89.4759, 48.050584], [-89.4759, 48.050557], [-89.475924, 48.050539], [-89.475971, 48.05053], [-89.476042, 48.05053], [-89.476136, 48.050539], [-89.476207, 48.050555], [-89.476254, 48.050577], [-89.476278, 48.050606], [-89.476278, 48.050642], [-89.476254, 48.050665], [-89.476207, 48.050674], [-89.476136, 48.050669], [-89.476042, 48.050651], [-89.475971, 48.050631]]]}}, {"type": "Feature", "properties": {"lead": 0, "temp": "t12far"}, "geometry": {"type": "Polygon", "coordinates": [[[-89.476318, 48.050942], [-89.476372, 48.050892], [-89.47646, 48.050845], [-89.476581, 48.0508], [-89.476672, 48.050773], [-89.476733, 48.050764], [-89.476763, 48.050773], [-89.476763, 48.0508], [-89.476736, 48.050838], [-89.476682, 48.050888], [-89.476601, 48.050948], [-89.476494, 48.05102], [-89.476409, 48.051061], [-89.476349, 48.05107], [-89.476312, 48.051047], [-89.476298, 48.050993], [-89.476318, 48.050942]]]}}, {"type": "Feature", "properties": {"lead": 0, "temp": "t12far"}, "geometry": {"type": "Polygon", "coordinates": [[[-89.47829, 48.053892], [-89.478323, 48.053784], [-89.478482, 48.05368], [-89.478765, 48.053581], [-89.478984, 48.053462], [-89.479139, 48.053322], [-89.47923, 48.053163], [-89.479257, 48.052983], [-89.479227, 48.052803], [-89.479139, 48.052623], [-89.478994, 48.052443], [-89.478792, 48.052263], [-89.47863, 48.052098], [-89.478509, 48.05195], [-89.478428, 48.051817], [-89.478387, 48.0517], [-89.478239, 48.051554], [-89.477983, 48.051378], [-89.477619, 48.051173], [-89.477147, 48.050939], [-89.476918, 48.050771], [-89.476932, 48.050667], [-89.477188, 48.050629], [-89.477656, 48.050654], [-89.47767, 48.050656], [-89.478216, 48.050755], [-89.478516, 48.050858], [-89.478569, 48.050966], [-89.478714, 48.051128], [-89.47895, 48.051344], [-89.479277, 48.051615], [-89.479695, 48.051939], [-89.479992, 48.052272], [-89.480167, 48.052614], [-89.480221, 48.052965], [-89.480153, 48.053325], [-89.480025, 48.053622], [-89.479837, 48.053856], [-89.479587, 48.054027], [-89.479277, 48.054135], [-89.479215, 48.05416], [-89.479078, 48.054186], [-89.478829, 48.054182], [-89.478596, 48.054121], [-89.478381, 48.054004], [-89.47829, 48.053892]], [[-89.477353, 48.050847], [-89.477319, 48.050861], [-89.477302, 48.050881], [-89.477302, 48.050908], [-89.477319, 48.050921], [-89.477353, 48.050921], [-89.477403, 48.050908], [-89.477471, 48.050881], [-89.477505, 48.050861], [-89.477505, 48.050847], [-89.477471, 48.05084], [-89.477403, 48.05084], [-89.477353, 48.050847]]]}}, {"type": "Feature", "properties": {"lead": 0, "temp": "t12far"}, "geometry": {"type": "Polygon", "coordinates": [[[-89.477683, 48.054596], [-89.47769, 48.0546], [-89.477646, 48.054612], [-89.477552, 48.05463], [-89.477478, 48.054641], [-89.477424, 48.054645], [-89.47739, 48.054643], [-89.477376, 48.054634], [-89.477393, 48.054625], [-89.47744, 48.054616], [-89.477518, 48.054607], [-89.477626, 48.054598], [-89.477683, 48.054596]]]}}, {"type": "Feature", "properties": {"lead": 0, "temp": "t12far"}, "geometry": {"type": "Polygon", "coordinates": [[[-89.476413, 48.054758], [-89.476763, 48.054744], [-89.476774, 48.054753], [-89.47652, 48.054783], [-89.475533, 48.054873], [-89.474913, 48.054915], [-89.474256, 48.05494], [-89.473983, 48.054942], [-89.474138, 48.05492], [-89.474721, 48.054873], [-89.475732, 48.054801], [-89.476413, 48.054758]]]}}, {"type": "Feature", "properties": {"lead": 0, "temp": "t12far"}, "geometry": {"type": "Polygon", "coordinates": [[[-89.470131, 48.054963], [-89.470508, 48.054945], [-89.471088, 48.054949], [-89.47187, 48.054976], [-89.472311, 48.054999], [-89.472412, 48.055017], [-89.472173, 48.05503], [-89.471593, 48.055039], [-89.471115, 48.055053], [-89.470737, 48.055071], [-89.470461, 48.055093], [-89.470396, 48.055103], [-89.470185, 48.055116], [-89.47014, 48.055123], [-89.470047, 48.055107], [-89.469983, 48.055066], [-89.469956, 48.055003], [-89.470131, 48.054963]]]}}, {"type": "Feature", "properties": {"lead": 0, "temp": "t12far"}, "geometry": {"type": "Polygon", "coordinates": [[[-89.463708, 48.05602], [-89.463526, 48.055872], [-89.463364, 48.055674], [-89.463158, 48.055494], [-89.462909, 48.055332], [-89.462616, 48.055188], [-89.462279, 48.055062], [-89.461982, 48.054965], [-89.461726, 48.054897], [-89.46151, 48.054859], [-89.461335, 48.05485], [-89.461244, 48.054828], [-89.461237, 48.054792], [-89.461315, 48.054742], [-89.461477, 48.054679], [-89.461679, 48.054632], [-89.461921, 48.0546], [-89.462204, 48.054585], [-89.462528, 48.054585], [-89.462814, 48.0546], [-89.463064, 48.054632], [-89.463276, 48.054679], [-89.463451, 48.054742], [-89.463627, 48.05483], [-89.463802, 48.054942], [-89.463977, 48.05508], [-89.464152, 48.055242], [-89.464371, 48.055334], [-89.464634, 48.055356], [-89.464941, 48.055309], [-89.465291, 48.055192], [-89.465602, 48.055116], [-89.465871, 48.05508], [-89.4661, 48.055084], [-89.466289, 48.055129], [-89.466495, 48.055152], [-89.466717, 48.055152], [-89.466956, 48.055129], [-89.467212, 48.055084], [-89.467516, 48.05505], [-89.467866, 48.055028], [-89.468264, 48.055017], [-89.468709, 48.055017], [-89.469049, 48.055026], [-89.469285, 48.055044], [-89.469416, 48.055071], [-89.469443, 48.055107], [-89.469275, 48.055158], [-89.468911, 48.055226], [-89.468351, 48.055309], [-89.467597, 48.055408], [-89.466923, 48.055521], [-89.466329, 48.055647], [-89.465817, 48.055786], [-89.465386, 48.055939], [-89.465002, 48.056054], [-89.464678, 48.056127], [-89.464375, 48.056169], [-89.464132, 48.056169], [-89.46391, 48.056119], [-89.463708, 48.05602]]]}}, {"type": "Feature", "properties": {"lead": 0, "temp": "t12far"}, "geometry": {"type": "Polygon", "coordinates": [[[-89.457176, 48.056137], [-89.45748, 48.055989], [-89.457817, 48.055845], [-89.458046, 48.055761], [-89.458167, 48.055739], [-89.458177, 48.055766], [-89.457749, 48.055998], [-89.457331, 48.056268], [-89.456946, 48.056489], [-89.456833, 48.056542], [-89.45655, 48.056657], [-89.456428, 48.056679], [-89.456469, 48.05661], [-89.456671, 48.056448], [-89.456907, 48.05629], [-89.457176, 48.056137]]]}}, {"type": "Feature", "properties": {"lead": 0, "temp": "t12far"}, "geometry": {"type": "Polygon", "coordinates": [[[-89.455822, 48.056952], [-89.455835, 48.056952], [-89.455815, 48.056965], [-89.455761, 48.056992], [-89.455714, 48.057012], [-89.455673, 48.057026], [-89.45564, 48.057033], [-89.455613, 48.057033], [-89.455613, 48.057026], [-89.45564, 48.057012], [-89.455694, 48.056992], [-89.455774, 48.056965], [-89.455822, 48.056952]]]}}, {"type": "Feature", "properties": {"lead": 0, "temp": "t12far"}, "geometry": {"type": "Polygon", "coordinates": [[[-89.416318, 48.058425], [-89.416399, 48.058385], [-89.416554, 48.058329], [-89.416783, 48.058257], [-89.416978, 48.05818], [-89.41714, 48.058099], [-89.417268, 48.058014], [-89.417363, 48.057924], [-89.417423, 48.057818], [-89.41745, 48.057696], [-89.417444, 48.057559], [-89.417432, 48.057514], [-89.417427, 48.057469], [-89.417411, 48.057438], [-89.417403, 48.057406], [-89.417367, 48.057346], [-89.417353, 48.057316], [-89.417341, 48.057303], [-89.417315, 48.05726], [-89.417181, 48.05712], [-89.417058, 48.057031], [-89.417032, 48.05701], [-89.417018, 48.057002], [-89.416999, 48.056988], [-89.416907, 48.056937], [-89.416823, 48.056889], [-89.416807, 48.056882], [-89.41677, 48.056862], [-89.416703, 48.056841], [-89.416594, 48.056799], [-89.416345, 48.05674], [-89.416075, 48.056713], [-89.415725, 48.05672], [-89.415293, 48.05676], [-89.415021, 48.0568], [-89.415031, 48.056772], [-89.415179, 48.056718], [-89.415432, 48.056666], [-89.415789, 48.056616], [-89.416251, 48.056569], [-89.416817, 48.056524], [-89.417288, 48.056531], [-89.417666, 48.056589], [-89.417949, 48.0567], [-89.418138, 48.056862], [-89.418286, 48.057026], [-89.418394, 48.057192], [-89.418461, 48.057361], [-89.418488, 48.057532], [-89.418481, 48.05766], [-89.418441, 48.057746], [-89.418367, 48.057789], [-89.418259, 48.057789], [-89.418077, 48.057831], [-89.417821, 48.057917], [-89.417491, 48.058045], [-89.417086, 48.058216], [-89.416766, 48.058342], [-89.41653, 48.058423], [-89.416379, 48.058459], [-89.416311, 48.05845], [-89.416318, 48.058425]]]}}, {"type": "Feature", "properties": {"lead": 0, "temp": "t12far"}, "geometry": {"type": "Polygon", "coordinates": [[[-89.44526, 48.061168], [-89.445691, 48.060961], [-89.446143, 48.060772], [-89.446615, 48.060601], [-89.447225, 48.060441], [-89.447973, 48.060293], [-89.448859, 48.060155], [-89.449884, 48.060029], [-89.450635, 48.059899], [-89.451114, 48.059764], [-89.451319, 48.059624], [-89.451252, 48.05948], [-89.451262, 48.059348], [-89.45135, 48.059226], [-89.451515, 48.059116], [-89.451757, 48.059017], [-89.451953, 48.058988], [-89.452101, 48.059028], [-89.452202, 48.059138], [-89.452256, 48.059318], [-89.452364, 48.059474], [-89.452526, 48.059604], [-89.452741, 48.05971], [-89.453011, 48.059791], [-89.453156, 48.059879], [-89.453176, 48.059973], [-89.453072, 48.060074], [-89.452843, 48.060182], [-89.452535, 48.060284], [-89.452455, 48.060304], [-89.451919, 48.060412], [-89.451245, 48.060529], [-89.450531, 48.060623], [-89.449776, 48.060695], [-89.449764, 48.060696], [-89.449041, 48.060731], [-89.448246, 48.060749], [-89.44745, 48.060839], [-89.446655, 48.061001], [-89.446644, 48.061005], [-89.446493, 48.061035], [-89.445678, 48.061271], [-89.444869, 48.061577], [-89.444537, 48.061714], [-89.444363, 48.061741], [-89.444458, 48.061636], [-89.444849, 48.061393], [-89.44526, 48.061168]]]}}, {"type": "Feature", "properties": {"lead": 0, "temp": "t12far"}, "geometry": {"type": "Polygon", "coordinates": [[[-89.419118, 48.064317], [-89.418195, 48.064056], [-89.417336, 48.063773], [-89.41654, 48.063467], [-89.415816, 48.063233], [-89.415162, 48.063071], [-89.414579, 48.062981], [-89.414562, 48.06298], [-89.414276, 48.062936], [-89.413885, 48.062936], [-89.413883, 48.062936], [-89.413683, 48.062907], [-89.413426, 48.062812], [-89.413298, 48.06268], [-89.413298, 48.062509], [-89.413423, 48.062385], [-89.413672, 48.062308], [-89.414047, 48.062279], [-89.414545, 48.062297], [-89.415125, 48.062385], [-89.415785, 48.062542], [-89.416527, 48.06277], [-89.417349, 48.063067], [-89.418215, 48.063346], [-89.419125, 48.063606], [-89.420079, 48.063849], [-89.421076, 48.064074], [-89.422054, 48.064194], [-89.423011, 48.064207], [-89.423948, 48.064115], [-89.424864, 48.063917], [-89.425673, 48.063762], [-89.426374, 48.063649], [-89.426967, 48.063579], [-89.427453, 48.063552], [-89.427914, 48.063498], [-89.428352, 48.063417], [-89.428767, 48.06331], [-89.429158, 48.063175], [-89.429734, 48.063022], [-89.430496, 48.062851], [-89.431443, 48.062662], [-89.432575, 48.062455], [-89.433448, 48.062286], [-89.434061, 48.062155], [-89.434415, 48.062063], [-89.434509, 48.062009], [-89.434627, 48.061969], [-89.434769, 48.061942], [-89.434934, 48.061928], [-89.435123, 48.061928], [-89.435419, 48.061863], [-89.435824, 48.061732], [-89.436336, 48.061537], [-89.436956, 48.061276], [-89.437536, 48.06108], [-89.438075, 48.06095], [-89.438574, 48.060884], [-89.439032, 48.060884], [-89.439423, 48.060925], [-89.439746, 48.061006], [-89.440003, 48.061127], [-89.440191, 48.061289], [-89.440343, 48.061478], [-89.440458, 48.061694], [-89.440535, 48.061937], [-89.440576, 48.062207], [-89.440633, 48.062412], [-89.440707, 48.062551], [-89.440798, 48.062626], [-89.440906, 48.062635], [-89.441034, 48.062619], [-89.441182, 48.062578], [-89.441351, 48.062513], [-89.441539, 48.062423], [-89.441755, 48.062362], [-89.441998, 48.062331], [-89.442267, 48.062329], [-89.442564, 48.062356], [-89.442769, 48.062398], [-89.442884, 48.062457], [-89.442908, 48.062531], [-89.44284, 48.062621], [-89.442702, 48.062725], [-89.442532, 48.06282], [-89.442213, 48.062972], [-89.441863, 48.063116], [-89.441529, 48.063222], [-89.441212, 48.063289], [-89.440913, 48.063319], [-89.440629, 48.06331], [-89.4404, 48.063287], [-89.440225, 48.063251], [-89.440104, 48.063202], [-89.440036, 48.063139], [-89.439932, 48.06308], [-89.43979, 48.063026], [-89.439612, 48.062977], [-89.439396, 48.062932], [-89.439265, 48.062871], [-89.439217, 48.062794], [-89.439254, 48.062702], [-89.439376, 48.062594], [-89.439467, 48.062475], [-89.439527, 48.062344], [-89.439558, 48.062203], [-89.439558, 48.06205], [-89.439531, 48.06191], [-89.439477, 48.061784], [-89.439396, 48.061672], [-89.439288, 48.061573], [-89.439163, 48.061487], [-89.439022, 48.061415], [-89.438864, 48.061357], [-89.438688, 48.061312], [-89.438516, 48.061296], [-89.438506, 48.061294], [-89.438277, 48.061267], [-89.438035, 48.061258], [-89.437694, 48.061316], [-89.437256, 48.061442], [-89.437189, 48.061467], [-89.437168, 48.061472], [-89.436757, 48.061602], [-89.436316, 48.061771], [-89.435844, 48.061978], [-89.435456, 48.062162], [-89.435153, 48.062324], [-89.434934, 48.062464], [-89.434799, 48.062581], [-89.434641, 48.062668], [-89.434459, 48.062727], [-89.434253, 48.062756], [-89.434024, 48.062756], [-89.433771, 48.062788], [-89.433495, 48.062851], [-89.433195, 48.062945], [-89.432872, 48.063071], [-89.432471, 48.06319], [-89.431992, 48.063303], [-89.431436, 48.063408], [-89.430802, 48.063507], [-89.43024, 48.063613], [-89.429748, 48.063726], [-89.429326, 48.063845], [-89.428976, 48.063971], [-89.428592, 48.064072], [-89.428174, 48.064149], [-89.427722, 48.0642], [-89.427237, 48.064227], [-89.426637, 48.064299], [-89.425923, 48.064416], [-89.425094, 48.064578], [-89.42415, 48.064785], [-89.423179, 48.064886], [-89.422182, 48.064882], [-89.421157, 48.064772], [-89.420106, 48.064556], [-89.419118, 48.064317]]]}}, {"type": "Feature", "properties": {"lead": 0, "temp": "t12far"}, "geometry": {"type": "Polygon", "coordinates": [[[-89.413339, 48.067856], [-89.413393, 48.067725], [-89.41348, 48.067575], [-89.413602, 48.067404], [-89.413662, 48.067224], [-89.413662, 48.067035], [-89.413602, 48.066837], [-89.41348, 48.06663], [-89.41345, 48.066551], [-89.413511, 48.066601], [-89.413662, 48.066778], [-89.413905, 48.067084], [-89.414026, 48.067354], [-89.414026, 48.067588], [-89.413905, 48.067786], [-89.413662, 48.067948], [-89.413618, 48.067992], [-89.413521, 48.068047], [-89.413399, 48.068083], [-89.413332, 48.068056], [-89.413319, 48.067966], [-89.413339, 48.067856]]]}}, {"type": "Feature", "properties": {"lead": 0, "temp": "t12far"}, "geometry": {"type": "Polygon", "coordinates": [[[-89.438874, 48.070058], [-89.438934, 48.069995], [-89.439099, 48.069914], [-89.439369, 48.069815], [-89.439568, 48.069759], [-89.439696, 48.069745], [-89.439753, 48.069775], [-89.43974, 48.069847], [-89.439703, 48.069914], [-89.439642, 48.069977], [-89.439558, 48.070036], [-89.43945, 48.07009], [-89.439332, 48.070123], [-89.439204, 48.070137], [-89.439066, 48.07013], [-89.438917, 48.070103], [-89.438874, 48.070058]]]}}, {"type": "Feature", "properties": {"lead": 0, "temp": "t12far"}, "geometry": {"type": "Polygon", "coordinates": [[[-89.423098, 48.073781], [-89.422775, 48.073767], [-89.422445, 48.073774], [-89.422108, 48.073801], [-89.421828, 48.073808], [-89.421606, 48.073794], [-89.42144, 48.07376], [-89.421333, 48.073706], [-89.421248, 48.073639], [-89.421188, 48.073558], [-89.421151, 48.073463], [-89.421137, 48.073355], [-89.42109, 48.073259], [-89.421009, 48.073173], [-89.420894, 48.073099], [-89.420746, 48.073036], [-89.420183, 48.072917], [-89.419206, 48.072741], [-89.417814, 48.07251], [-89.416008, 48.072222], [-89.415014, 48.072033], [-89.414832, 48.071943], [-89.415462, 48.071952], [-89.416904, 48.07206], [-89.418053, 48.072179], [-89.418909, 48.07231], [-89.419472, 48.072451], [-89.419742, 48.072604], [-89.419995, 48.072719], [-89.420231, 48.072795], [-89.42045, 48.072834], [-89.420652, 48.072834], [-89.420884, 48.072863], [-89.421147, 48.072921], [-89.42144, 48.073009], [-89.421764, 48.073126], [-89.422114, 48.073216], [-89.422492, 48.073279], [-89.422896, 48.073315], [-89.423328, 48.073324], [-89.423772, 48.073288], [-89.424231, 48.073207], [-89.424703, 48.073081], [-89.425188, 48.07291], [-89.425569, 48.072728], [-89.425845, 48.072534], [-89.426017, 48.07233], [-89.426084, 48.072114], [-89.426435, 48.071857], [-89.426736, 48.071716], [-89.426792, 48.071723], [-89.426832, 48.07175], [-89.426832, 48.071794], [-89.426856, 48.071828], [-89.426903, 48.071851], [-89.426974, 48.071862], [-89.427068, 48.071862], [-89.427129, 48.071844], [-89.427156, 48.071808], [-89.427149, 48.071754], [-89.427109, 48.071682], [-89.427324, 48.071547], [-89.427796, 48.071349], [-89.428524, 48.071088], [-89.429508, 48.070764], [-89.430371, 48.070512], [-89.431099, 48.070332], [-89.431813, 48.070197], [-89.432366, 48.070143], [-89.432872, 48.070125], [-89.43333, 48.070143], [-89.433741, 48.070197], [-89.434105, 48.070287], [-89.434466, 48.070359], [-89.434823, 48.070413], [-89.435177, 48.070449], [-89.435527, 48.070467], [-89.435719, 48.07049], [-89.435753, 48.070517], [-89.435628, 48.070548], [-89.435345, 48.070584], [-89.435092, 48.070634], [-89.43487, 48.070697], [-89.434678, 48.070773], [-89.434516, 48.070863], [-89.434284, 48.070915], [-89.43398, 48.070929], [-89.433606, 48.070904], [-89.433161, 48.070841], [-89.432669, 48.07083], [-89.43213, 48.07087], [-89.431544, 48.070962], [-89.43091, 48.071106], [-89.43026, 48.071275], [-89.429593, 48.071468], [-89.428908, 48.071687], [-89.428207, 48.071929], [-89.427628, 48.072177], [-89.427169, 48.072429], [-89.426832, 48.072685], [-89.426617, 48.072946], [-89.426324, 48.07318], [-89.425953, 48.073387], [-89.425505, 48.073567], [-89.424979, 48.07372], [-89.424507, 48.073821], [-89.424089, 48.073871], [-89.423725, 48.073868], [-89.423415, 48.073814], [-89.423098, 48.073781]]]}}, {"type": "Feature", "properties": {"lead": 0, "temp": "t12far"}, "geometry": {"type": "Polygon", "coordinates": [[[-89.42971, 48.081169], [-89.429414, 48.080989], [-89.429158, 48.080764], [-89.428969, 48.080539], [-89.428848, 48.080314], [-89.428794, 48.080089], [-89.428807, 48.079864], [-89.428898, 48.079628], [-89.429067, 48.079381], [-89.429313, 48.079122], [-89.429636, 48.078852], [-89.430081, 48.078562], [-89.430647, 48.078252], [-89.431335, 48.077921], [-89.432144, 48.07757], [-89.432922, 48.077271], [-89.43367, 48.077024], [-89.434388, 48.076828], [-89.435076, 48.076684], [-89.435766, 48.076493], [-89.436461, 48.076255], [-89.437158, 48.075969], [-89.437859, 48.075636], [-89.438634, 48.075301], [-89.439484, 48.074964], [-89.440407, 48.074624], [-89.441405, 48.074282], [-89.442385, 48.073907], [-89.443349, 48.073497], [-89.444296, 48.073054], [-89.445226, 48.072577], [-89.446015, 48.072204], [-89.446662, 48.071934], [-89.447167, 48.071767], [-89.447531, 48.071705], [-89.447932, 48.071556], [-89.44837, 48.071322], [-89.448846, 48.071003], [-89.449358, 48.070598], [-89.450002, 48.07017], [-89.450777, 48.069721], [-89.451683, 48.069248], [-89.452721, 48.068753], [-89.453655, 48.068344], [-89.454484, 48.06802], [-89.455208, 48.067782], [-89.455828, 48.067629], [-89.456368, 48.067482], [-89.456826, 48.067343], [-89.457203, 48.06721], [-89.4575, 48.067084], [-89.457978, 48.06697], [-89.458639, 48.066866], [-89.459481, 48.066774], [-89.460506, 48.066693], [-89.461419, 48.066556], [-89.462221, 48.066362], [-89.462912, 48.066112], [-89.463492, 48.065807], [-89.464085, 48.065546], [-89.464692, 48.06533], [-89.465312, 48.065159], [-89.465945, 48.065033], [-89.466404, 48.064916], [-89.466687, 48.064808], [-89.466795, 48.064709], [-89.466727, 48.064619], [-89.4664, 48.064524], [-89.465814, 48.064425], [-89.464968, 48.064322], [-89.463863, 48.064214], [-89.462835, 48.064185], [-89.461884, 48.064234], [-89.461012, 48.064362], [-89.460216, 48.064569], [-89.459121, 48.064761], [-89.457726, 48.064936], [-89.456031, 48.065096], [-89.454036, 48.06524], [-89.452425, 48.065397], [-89.451198, 48.065568], [-89.450355, 48.065753], [-89.449897, 48.065951], [-89.449432, 48.066121], [-89.44896, 48.066265], [-89.448482, 48.066382], [-89.447996, 48.066472], [-89.447289, 48.066544], [-89.446359, 48.066598], [-89.445206, 48.066634], [-89.443831, 48.066652], [-89.442736, 48.066684], [-89.44192, 48.066729], [-89.441384, 48.066787], [-89.441128, 48.066859], [-89.440977, 48.067001], [-89.440929, 48.067213], [-89.440987, 48.067494], [-89.441148, 48.067845], [-89.441236, 48.068124], [-89.44125, 48.06833], [-89.441189, 48.068465], [-89.441054, 48.068528], [-89.44095, 48.068609], [-89.440875, 48.068708], [-89.440832, 48.068825], [-89.440818, 48.06896], [-89.440778, 48.06908], [-89.44071, 48.069183], [-89.440616, 48.069271], [-89.440495, 48.069343], [-89.44039, 48.069388], [-89.440303, 48.069406], [-89.440232, 48.069397], [-89.440178, 48.069361], [-89.440154, 48.069316], [-89.440161, 48.069262], [-89.440179, 48.069231], [-89.440198, 48.069221], [-89.440265, 48.06914], [-89.440316, 48.069028], [-89.44035, 48.068884], [-89.440367, 48.068708], [-89.440367, 48.068501], [-89.440323, 48.068254], [-89.440235, 48.067966], [-89.440104, 48.067638], [-89.439928, 48.067269], [-89.439928, 48.066945], [-89.440104, 48.066666], [-89.440454, 48.066432], [-89.44098, 48.066243], [-89.441718, 48.066099], [-89.442668, 48.066], [-89.443831, 48.065946], [-89.445206, 48.065937], [-89.446332, 48.065912], [-89.447208, 48.065872], [-89.447835, 48.065816], [-89.448212, 48.065744], [-89.448623, 48.065636], [-89.449068, 48.065492], [-89.449547, 48.065312], [-89.450059, 48.065096], [-89.450955, 48.064898], [-89.452236, 48.064718], [-89.453901, 48.064556], [-89.45595, 48.064412], [-89.457705, 48.06425], [-89.459168, 48.06407], [-89.460337, 48.063872], [-89.461214, 48.063656], [-89.462026, 48.063521], [-89.462774, 48.063467], [-89.463458, 48.063494], [-89.464078, 48.063602], [-89.464688, 48.063687], [-89.465288, 48.06375], [-89.465878, 48.063791], [-89.466457, 48.063809], [-89.466929, 48.063883], [-89.467293, 48.064014], [-89.467549, 48.0642], [-89.467698, 48.064443], [-89.467806, 48.064662], [-89.467873, 48.064855], [-89.4679, 48.065024], [-89.467886, 48.065168], [-89.467846, 48.065291], [-89.467779, 48.065395], [-89.467684, 48.065478], [-89.467563, 48.065541], [-89.467364, 48.065591], [-89.467088, 48.065627], [-89.466734, 48.065649], [-89.466302, 48.065658], [-89.465773, 48.065764], [-89.465147, 48.065966], [-89.464422, 48.066265], [-89.4636, 48.066661], [-89.462868, 48.066958], [-89.462228, 48.067156], [-89.461679, 48.067255], [-89.46122, 48.067255], [-89.460816, 48.067273], [-89.460466, 48.067309], [-89.460169, 48.067363], [-89.459926, 48.067435], [-89.45966, 48.067489], [-89.45937, 48.067525], [-89.459057, 48.067543], [-89.45872, 48.067543], [-89.458403, 48.067572], [-89.458107, 48.067631], [-89.45783, 48.067719], [-89.457792, 48.067736], [-89.457409, 48.067833], [-89.456435, 48.068124], [-89.455249, 48.06851], [-89.454187, 48.068891], [-89.45325, 48.069264], [-89.452438, 48.069631], [-89.451751, 48.069991], [-89.451104, 48.070373], [-89.450497, 48.070778], [-89.449931, 48.071205], [-89.449405, 48.071655], [-89.448913, 48.072001], [-89.448455, 48.072244], [-89.44803, 48.072384], [-89.447639, 48.07242], [-89.44712, 48.072564], [-89.446473, 48.072816], [-89.445698, 48.073176], [-89.444795, 48.073643], [-89.443861, 48.074082], [-89.442897, 48.074491], [-89.441903, 48.074871], [-89.440879, 48.075222], [-89.439942, 48.075566], [-89.439093, 48.075904], [-89.438331, 48.076234], [-89.437657, 48.076558], [-89.437088, 48.076821], [-89.436622, 48.077024], [-89.436262, 48.077165], [-89.436006, 48.077246], [-89.435733, 48.077314], [-89.435443, 48.077368], [-89.435136, 48.077408], [-89.434813, 48.077435], [-89.434344, 48.07755], [-89.433731, 48.077752], [-89.432973, 48.078043], [-89.43207, 48.07842], [-89.431348, 48.078733], [-89.430809, 48.07898], [-89.430452, 48.079163], [-89.430277, 48.07928], [-89.430128, 48.079417], [-89.430007, 48.079574], [-89.429913, 48.079752], [-89.429904, 48.079778], [-89.429845, 48.079898], [-89.429825, 48.080085], [-89.429829, 48.080096], [-89.429825, 48.080127], [-89.429852, 48.080285], [-89.429926, 48.080422], [-89.430047, 48.080539], [-89.430063, 48.080547], [-89.430182, 48.080642], [-89.430331, 48.080714], [-89.430499, 48.080768], [-89.430688, 48.080804], [-89.430897, 48.080822], [-89.431126, 48.080822], [-89.431547, 48.080771], [-89.432161, 48.080667], [-89.432966, 48.080512], [-89.433963, 48.080305], [-89.434732, 48.08015], [-89.435271, 48.080046], [-89.435581, 48.079995], [-89.435662, 48.079995], [-89.435723, 48.080017], [-89.435763, 48.080062], [-89.435783, 48.08013], [-89.435783, 48.08022], [-89.43581, 48.080294], [-89.435864, 48.080352], [-89.435945, 48.080395], [-89.436053, 48.080422], [-89.436012, 48.080478], [-89.435824, 48.080564], [-89.435487, 48.080678], [-89.435001, 48.080822], [-89.434462, 48.080959], [-89.433869, 48.08109], [-89.433222, 48.081214], [-89.432521, 48.081331], [-89.431891, 48.081407], [-89.431331, 48.081443], [-89.430843, 48.081438], [-89.430425, 48.081394], [-89.430047, 48.081304], [-89.42971, 48.081169]]]}}, {"type": "Feature", "properties": {"lead": 0, "temp": "t12far"}, "geometry": {"type": "Polygon", "coordinates": [[[-89.420706, 48.087636], [-89.42018, 48.087213], [-89.419772, 48.086851], [-89.419482, 48.08655], [-89.419311, 48.086309], [-89.419257, 48.086129], [-89.41928, 48.085945], [-89.419381, 48.085756], [-89.41956, 48.085563], [-89.419816, 48.085365], [-89.420106, 48.085201], [-89.420429, 48.08507], [-89.420787, 48.084974], [-89.421178, 48.084911], [-89.421575, 48.084818], [-89.42198, 48.084697], [-89.422391, 48.084546], [-89.422809, 48.084366], [-89.423159, 48.084162], [-89.423442, 48.083932], [-89.423658, 48.083678], [-89.423806, 48.083399], [-89.423917, 48.083157], [-89.423992, 48.08295], [-89.424029, 48.082779], [-89.424029, 48.082644], [-89.424005, 48.08252], [-89.423958, 48.082408], [-89.423887, 48.082307], [-89.423793, 48.082217], [-89.423604, 48.082113], [-89.423321, 48.081996], [-89.422943, 48.081866], [-89.422472, 48.081722], [-89.422077, 48.081614], [-89.421761, 48.081542], [-89.421521, 48.081506], [-89.42136, 48.081506], [-89.420921, 48.081576], [-89.420207, 48.081715], [-89.419216, 48.081924], [-89.417949, 48.082203], [-89.416908, 48.082459], [-89.416092, 48.082693], [-89.415502, 48.082905], [-89.415138, 48.083094], [-89.414785, 48.083256], [-89.414441, 48.08339], [-89.414107, 48.083498], [-89.413784, 48.083579], [-89.413777, 48.083582], [-89.413581, 48.083595], [-89.41342, 48.083546], [-89.413332, 48.083431], [-89.413319, 48.083251], [-89.413379, 48.083096], [-89.413514, 48.082965], [-89.413723, 48.08286], [-89.414006, 48.082779], [-89.414293, 48.082678], [-89.414582, 48.082556], [-89.414876, 48.082414], [-89.415172, 48.082253], [-89.415489, 48.082127], [-89.415826, 48.082037], [-89.416183, 48.081983], [-89.416561, 48.081965], [-89.417059, 48.081897], [-89.417679, 48.08178], [-89.418421, 48.081614], [-89.419284, 48.081398], [-89.420038, 48.081229], [-89.420686, 48.081108], [-89.421225, 48.081034], [-89.421656, 48.081007], [-89.422101, 48.081022], [-89.422559, 48.081081], [-89.423031, 48.081182], [-89.423516, 48.081326], [-89.423931, 48.08149], [-89.424275, 48.081675], [-89.424548, 48.081879], [-89.42475, 48.082104], [-89.424895, 48.082334], [-89.424982, 48.082567], [-89.425013, 48.082806], [-89.424986, 48.083049], [-89.424935, 48.083285], [-89.424861, 48.083514], [-89.424763, 48.083737], [-89.424642, 48.083953], [-89.424487, 48.084157], [-89.424298, 48.084351], [-89.424076, 48.084533], [-89.42382, 48.084704], [-89.42355, 48.084861], [-89.423267, 48.085005], [-89.42297, 48.085135], [-89.42266, 48.085252], [-89.42234, 48.085354], [-89.42201, 48.085439], [-89.42167, 48.085509], [-89.421319, 48.085563], [-89.421026, 48.085626], [-89.42079, 48.085698], [-89.420611, 48.085779], [-89.42049, 48.085869], [-89.420402, 48.085956], [-89.420348, 48.086042], [-89.420328, 48.086125], [-89.420342, 48.086206], [-89.420426, 48.086334], [-89.420581, 48.086509], [-89.420807, 48.086732], [-89.421103, 48.087002], [-89.42142, 48.087256], [-89.421757, 48.087494], [-89.422114, 48.087717], [-89.422492, 48.087924], [-89.422839, 48.08809], [-89.423156, 48.088216], [-89.423442, 48.088302], [-89.423698, 48.088347], [-89.424126, 48.088358], [-89.424726, 48.088335], [-89.425498, 48.088279], [-89.426442, 48.088189], [-89.427207, 48.088104], [-89.427793, 48.088023], [-89.428201, 48.087946], [-89.42843, 48.087874], [-89.428794, 48.087809], [-89.429293, 48.087751], [-89.429926, 48.087699], [-89.430695, 48.087654], [-89.431409, 48.087562], [-89.43207, 48.087422], [-89.432676, 48.087236], [-89.433229, 48.087002], [-89.433771, 48.08679], [-89.434304, 48.086602], [-89.434826, 48.086435], [-89.435338, 48.086291], [-89.435797, 48.086143], [-89.436201, 48.08599], [-89.436552, 48.085833], [-89.436848, 48.085671], [-89.437061, 48.085608], [-89.437189, 48.085644], [-89.437232, 48.085779], [-89.437192, 48.086012], [-89.437145, 48.086199], [-89.437091, 48.086339], [-89.43703, 48.086431], [-89.436963, 48.086476], [-89.436764, 48.086554], [-89.436434, 48.086667], [-89.436287, 48.086713], [-89.436201, 48.086739], [-89.436152, 48.086756], [-89.435972, 48.086813], [-89.435379, 48.086993], [-89.434819, 48.08718], [-89.434294, 48.087373], [-89.433802, 48.087573], [-89.433448, 48.087733], [-89.43299, 48.08789], [-89.432209, 48.088119], [-89.431807, 48.088198], [-89.43124, 48.08827], [-89.430789, 48.088317], [-89.430452, 48.08834], [-89.430229, 48.088338], [-89.430122, 48.088311], [-89.429879, 48.088324], [-89.429502, 48.088378], [-89.428989, 48.088472], [-89.428342, 48.088607], [-89.427783, 48.088695], [-89.427311, 48.088736], [-89.426927, 48.088729], [-89.42663, 48.088675], [-89.426408, 48.088648], [-89.42626, 48.088648], [-89.426185, 48.088675], [-89.426185, 48.088729], [-89.426121, 48.088787], [-89.425993, 48.08885], [-89.425801, 48.088918], [-89.425545, 48.08899], [-89.425198, 48.08903], [-89.42476, 48.089039], [-89.424231, 48.089017], [-89.423611, 48.088963], [-89.422984, 48.088823], [-89.42235, 48.088598], [-89.42171, 48.088288], [-89.421063, 48.087892], [-89.420933, 48.087808], [-89.420706, 48.087636]]]}}, {"type": "Feature", "properties": {"lead": 24, "temp": "t12"}, "geometry": {"type": "Polygon", "coordinates": [[[-89.423395, 48.065447], [-89.42326, 48.065393], [-89.423102, 48.065359], [-89.42292, 48.065345], [-89.422714, 48.065352], [-89.422485, 48.065379], [-89.422296, 48.065386], [-89.422148, 48.065372], [-89.42204, 48.065339], [-89.421973, 48.065285], [-89.421848, 48.065255], [-89.421666, 48.065251], [-89.421427, 48.065271], [-89.42113, 48.065316], [-89.420884, 48.06533], [-89.420689, 48.065312], [-89.420544, 48.065262], [-89.42045, 48.065181], [-89.420295, 48.065107], [-89.420079, 48.065039], [-89.419803, 48.064979], [-89.419466, 48.064925], [-89.419061, 48.064826], [-89.418589, 48.064682], [-89.41805, 48.064493], [-89.417444, 48.064259], [-89.416958, 48.064083], [-89.416594, 48.063966], [-89.416352, 48.063908], [-89.41623, 48.063908], [-89.416139, 48.063888], [-89.416079, 48.063847], [-89.416048, 48.063786], [-89.416048, 48.063705], [-89.416011, 48.063638], [-89.415937, 48.063584], [-89.415826, 48.063543], [-89.415678, 48.063516], [-89.41557, 48.06348], [-89.415502, 48.063435], [-89.415475, 48.063381], [-89.415489, 48.063319], [-89.415459, 48.063265], [-89.415384, 48.06322], [-89.415266, 48.063184], [-89.415105, 48.063157], [-89.414929, 48.063166], [-89.414741, 48.063211], [-89.414539, 48.063292], [-89.414323, 48.063408], [-89.414117, 48.063489], [-89.413922, 48.063534], [-89.413736, 48.063543], [-89.413561, 48.063516], [-89.41343, 48.063462], [-89.413342, 48.063381], [-89.413298, 48.063274], [-89.413298, 48.063139], [-89.413396, 48.063037], [-89.413592, 48.06297], [-89.413885, 48.062936], [-89.414276, 48.062936], [-89.414798, 48.063017], [-89.415452, 48.063179], [-89.416237, 48.063422], [-89.417154, 48.063746], [-89.418104, 48.064043], [-89.419088, 48.064313], [-89.420106, 48.064556], [-89.421157, 48.064772], [-89.422182, 48.064882], [-89.423179, 48.064886], [-89.42415, 48.064785], [-89.425094, 48.064578], [-89.425923, 48.064416], [-89.426637, 48.064299], [-89.427237, 48.064227], [-89.427722, 48.0642], [-89.428174, 48.064149], [-89.428592, 48.064072], [-89.428976, 48.063971], [-89.429326, 48.063845], [-89.429748, 48.063726], [-89.43024, 48.063613], [-89.430802, 48.063507], [-89.431436, 48.063408], [-89.431992, 48.063303], [-89.432471, 48.06319], [-89.432872, 48.063071], [-89.433195, 48.062945], [-89.433495, 48.062851], [-89.433771, 48.062788], [-89.434024, 48.062756], [-89.434253, 48.062756], [-89.434459, 48.062727], [-89.434641, 48.062668], [-89.434799, 48.062581], [-89.434934, 48.062464], [-89.435153, 48.062324], [-89.435456, 48.062162], [-89.435844, 48.061978], [-89.436316, 48.061771], [-89.436757, 48.061602], [-89.437168, 48.061472], [-89.437549, 48.061379], [-89.4379, 48.061325], [-89.438206, 48.061296], [-89.438469, 48.061292], [-89.438688, 48.061312], [-89.438864, 48.061357], [-89.439022, 48.061415], [-89.439163, 48.061487], [-89.439288, 48.061573], [-89.439396, 48.061672], [-89.439477, 48.061784], [-89.439531, 48.06191], [-89.439558, 48.06205], [-89.439558, 48.062203], [-89.439527, 48.062344], [-89.439467, 48.062475], [-89.439376, 48.062594], [-89.439254, 48.062702], [-89.439217, 48.062794], [-89.439265, 48.062871], [-89.439396, 48.062932], [-89.439612, 48.062977], [-89.43979, 48.063026], [-89.439932, 48.06308], [-89.440036, 48.063139], [-89.440104, 48.063202], [-89.440225, 48.063251], [-89.4404, 48.063287], [-89.440629, 48.06331], [-89.440913, 48.063319], [-89.441212, 48.063289], [-89.441529, 48.063222], [-89.441863, 48.063116], [-89.442213, 48.062972], [-89.442534, 48.062819], [-89.442823, 48.062657], [-89.443083, 48.062486], [-89.443312, 48.062306], [-89.443686, 48.062095], [-89.444205, 48.061852], [-89.444869, 48.061577], [-89.445678, 48.061271], [-89.446493, 48.061035], [-89.447316, 48.060869], [-89.448145, 48.060772], [-89.44898, 48.060745], [-89.449776, 48.060695], [-89.450531, 48.060623], [-89.451245, 48.060529], [-89.451919, 48.060412], [-89.452455, 48.060304], [-89.452853, 48.060205], [-89.453112, 48.060115], [-89.453233, 48.060034], [-89.453257, 48.059953], [-89.453183, 48.059872], [-89.453011, 48.059791], [-89.452741, 48.05971], [-89.452539, 48.059595], [-89.452404, 48.059447], [-89.452337, 48.059264], [-89.452337, 48.059048], [-89.452398, 48.058871], [-89.452519, 48.058731], [-89.452701, 48.05863], [-89.452944, 48.058567], [-89.453193, 48.058473], [-89.453449, 48.058347], [-89.453712, 48.058189], [-89.453982, 48.058], [-89.454211, 48.057854], [-89.454399, 48.05775], [-89.454548, 48.05769], [-89.454656, 48.057672], [-89.454753, 48.057633], [-89.454841, 48.057575], [-89.454918, 48.057496], [-89.454986, 48.057397], [-89.455138, 48.057287], [-89.455373, 48.057165], [-89.455694, 48.057033], [-89.456098, 48.056889], [-89.456506, 48.056713], [-89.456917, 48.056506], [-89.457331, 48.056268], [-89.457749, 48.055998], [-89.458198, 48.055755], [-89.458676, 48.055539], [-89.459185, 48.05535], [-89.459724, 48.055188], [-89.460206, 48.055062], [-89.460631, 48.054972], [-89.460998, 48.054918], [-89.461308, 48.0549], [-89.461625, 48.054918], [-89.461948, 48.054972], [-89.462279, 48.055062], [-89.462616, 48.055188], [-89.462909, 48.055332], [-89.463158, 48.055494], [-89.463364, 48.055674], [-89.463526, 48.055872], [-89.463708, 48.05602], [-89.46391, 48.056119], [-89.464132, 48.056169], [-89.464375, 48.056169], [-89.464705, 48.056124], [-89.465123, 48.056034], [-89.465628, 48.055899], [-89.466222, 48.055719], [-89.466808, 48.05557], [-89.467388, 48.055453], [-89.467961, 48.055368], [-89.468527, 48.055314], [-89.468985, 48.055284], [-89.469336, 48.05528], [-89.469578, 48.0553], [-89.469713, 48.055345], [-89.469814, 48.055363], [-89.469881, 48.055354], [-89.469915, 48.055318], [-89.469915, 48.055255], [-89.469942, 48.055203], [-89.469996, 48.055163], [-89.470077, 48.055134], [-89.470185, 48.055116], [-89.470566, 48.055093], [-89.471219, 48.055066], [-89.472146, 48.055035], [-89.473346, 48.054999], [-89.474475, 48.054945], [-89.475533, 48.054873], [-89.47652, 48.054783], [-89.477437, 48.054675], [-89.478125, 48.05458], [-89.478583, 48.054499], [-89.478812, 48.054432], [-89.478812, 48.054378], [-89.47889, 48.05431], [-89.479045, 48.054229], [-89.479277, 48.054135], [-89.479587, 48.054027], [-89.479837, 48.053856], [-89.480025, 48.053622], [-89.480153, 48.053325], [-89.480221, 48.052965], [-89.480167, 48.052614], [-89.479992, 48.052272], [-89.479695, 48.051939], [-89.479277, 48.051615], [-89.47895, 48.051344], [-89.478714, 48.051128], [-89.478569, 48.050966], [-89.478516, 48.050858], [-89.478216, 48.050755], [-89.47767, 48.050656], [-89.476878, 48.050561], [-89.47584, 48.050471], [-89.474947, 48.05035], [-89.474198, 48.050197], [-89.473595, 48.050012], [-89.473137, 48.049796], [-89.472658, 48.049605], [-89.47216, 48.049439], [-89.471641, 48.049297], [-89.471101, 48.04918], [-89.470599, 48.049056], [-89.470134, 48.048925], [-89.469706, 48.048788], [-89.469315, 48.048644], [-89.468999, 48.0485], [-89.468756, 48.048356], [-89.468587, 48.048212], [-89.468493, 48.048068], [-89.468537, 48.04796], [-89.468719, 48.047888], [-89.469039, 48.047852], [-89.469497, 48.047852], [-89.469888, 48.047888], [-89.470212, 48.04796], [-89.470468, 48.048068], [-89.470657, 48.048212], [-89.47096, 48.048356], [-89.471378, 48.0485], [-89.47191, 48.048644], [-89.472557, 48.048788], [-89.47311, 48.048932], [-89.473568, 48.049076], [-89.473932, 48.04922], [-89.474202, 48.049364], [-89.474539, 48.049472], [-89.474943, 48.049544], [-89.475415, 48.04958], [-89.475954, 48.04958], [-89.476369, 48.049594], [-89.476659, 48.049621], [-89.476824, 48.049661], [-89.476864, 48.049715], [-89.476928, 48.04976], [-89.477016, 48.049796], [-89.477127, 48.049823], [-89.477262, 48.049841], [-89.477383, 48.049844], [-89.477491, 48.04983], [-89.477585, 48.049801], [-89.477666, 48.049756], [-89.477761, 48.049736], [-89.477868, 48.04974], [-89.47799, 48.049769], [-89.478125, 48.049823], [-89.478246, 48.049857], [-89.478354, 48.049871], [-89.478448, 48.049864], [-89.478529, 48.049837], [-89.478623, 48.049846], [-89.478731, 48.049891], [-89.478853, 48.049972], [-89.478987, 48.050089], [-89.479119, 48.050183], [-89.479247, 48.050255], [-89.479372, 48.050305], [-89.479493, 48.050332], [-89.479621, 48.050402], [-89.479756, 48.050514], [-89.479897, 48.050669], [-89.480046, 48.050867], [-89.480174, 48.051009], [-89.480281, 48.051095], [-89.480369, 48.051124], [-89.480436, 48.051097], [-89.480511, 48.051126], [-89.480591, 48.051212], [-89.480679, 48.051353], [-89.480773, 48.051551], [-89.480868, 48.051702], [-89.480962, 48.051806], [-89.481057, 48.051862], [-89.481151, 48.051871], [-89.481218, 48.051979], [-89.481259, 48.052186], [-89.481272, 48.052492], [-89.481259, 48.052897], [-89.481228, 48.05325], [-89.481181, 48.053552], [-89.481117, 48.053802], [-89.481036, 48.054], [-89.480912, 48.054191], [-89.480743, 48.054375], [-89.480531, 48.054553], [-89.480275, 48.054724], [-89.479995, 48.054866], [-89.479692, 48.054978], [-89.479365, 48.055062], [-89.479014, 48.055116], [-89.478731, 48.055179], [-89.478516, 48.055251], [-89.478367, 48.055332], [-89.478286, 48.055422], [-89.477643, 48.055516], [-89.476436, 48.055615], [-89.474667, 48.055719], [-89.472335, 48.055827], [-89.470451, 48.055923], [-89.469015, 48.056009], [-89.468028, 48.056083], [-89.467489, 48.056146], [-89.466966, 48.056236], [-89.466461, 48.056353], [-89.465972, 48.056497], [-89.4655, 48.056668], [-89.465056, 48.056796], [-89.464638, 48.056882], [-89.464247, 48.056925], [-89.463883, 48.056925], [-89.463549, 48.056846], [-89.463246, 48.056688], [-89.462973, 48.056452], [-89.46273, 48.056137], [-89.46242, 48.055901], [-89.462043, 48.055743], [-89.461598, 48.055665], [-89.461086, 48.055665], [-89.460658, 48.055685], [-89.460314, 48.055725], [-89.460054, 48.055786], [-89.459879, 48.055867], [-89.459748, 48.055944], [-89.45966, 48.056016], [-89.459616, 48.056083], [-89.459616, 48.056146], [-89.459562, 48.0562], [-89.459455, 48.056245], [-89.459293, 48.056281], [-89.459077, 48.056308], [-89.458905, 48.056351], [-89.458777, 48.056409], [-89.458693, 48.056484], [-89.458652, 48.056574], [-89.458568, 48.056648], [-89.45844, 48.056706], [-89.458268, 48.056749], [-89.458053, 48.056776], [-89.457773, 48.056868], [-89.457429, 48.057026], [-89.457021, 48.057249], [-89.45655, 48.057537], [-89.456078, 48.057795], [-89.455606, 48.058025], [-89.455134, 48.058225], [-89.454662, 48.058396], [-89.454319, 48.058554], [-89.454103, 48.058698], [-89.454015, 48.058828], [-89.454056, 48.058945], [-89.454103, 48.059028], [-89.454157, 48.059078], [-89.454217, 48.059093], [-89.454285, 48.059075], [-89.454362, 48.059087], [-89.45445, 48.059127], [-89.454548, 48.059197], [-89.454656, 48.059296], [-89.454736, 48.059393], [-89.45479, 48.059487], [-89.454817, 48.059579], [-89.454817, 48.059669], [-89.454763, 48.059786], [-89.454656, 48.05993], [-89.454494, 48.060101], [-89.454278, 48.060299], [-89.454073, 48.060455], [-89.453877, 48.060567], [-89.453692, 48.060637], [-89.453517, 48.060664], [-89.453382, 48.060695], [-89.453287, 48.060731], [-89.453233, 48.060772], [-89.45322, 48.060817], [-89.453173, 48.060846], [-89.453092, 48.06086], [-89.452977, 48.060857], [-89.452829, 48.060839], [-89.452694, 48.060844], [-89.452573, 48.060871], [-89.452465, 48.06092], [-89.452371, 48.060992], [-89.452131, 48.061067], [-89.451747, 48.061143], [-89.451218, 48.061222], [-89.450544, 48.061303], [-89.449981, 48.061364], [-89.44953, 48.061404], [-89.449189, 48.061424], [-89.44896, 48.061424], [-89.448768, 48.061409], [-89.448613, 48.061377], [-89.448495, 48.06133], [-89.448414, 48.061267], [-89.448343, 48.061233], [-89.448283, 48.061229], [-89.448232, 48.061253], [-89.448192, 48.061307], [-89.448128, 48.061341], [-89.44804, 48.061355], [-89.447929, 48.061348], [-89.447794, 48.061321], [-89.447609, 48.061339], [-89.447373, 48.061402], [-89.447086, 48.06151], [-89.446749, 48.061663], [-89.446476, 48.061775], [-89.446268, 48.061847], [-89.446123, 48.061879], [-89.446042, 48.06187], [-89.445957, 48.061885], [-89.44587, 48.061926], [-89.445779, 48.061991], [-89.445685, 48.062081], [-89.44557, 48.062155], [-89.445435, 48.062214], [-89.44528, 48.062257], [-89.445105, 48.062284], [-89.444855, 48.062376], [-89.444532, 48.062533], [-89.444134, 48.062756], [-89.443662, 48.063044], [-89.443258, 48.063267], [-89.442921, 48.063424], [-89.442651, 48.063516], [-89.442449, 48.063543], [-89.442294, 48.063577], [-89.442186, 48.063618], [-89.442126, 48.063665], [-89.442112, 48.063719], [-89.442082, 48.063753], [-89.442035, 48.063766], [-89.441971, 48.063759], [-89.44189, 48.063732], [-89.441829, 48.063726], [-89.441789, 48.063739], [-89.441769, 48.063773], [-89.441769, 48.063827], [-89.441748, 48.063861], [-89.441708, 48.063874], [-89.441647, 48.063867], [-89.441566, 48.06384], [-89.441506, 48.063834], [-89.441465, 48.063847], [-89.441445, 48.063881], [-89.441445, 48.063935], [-89.441391, 48.063971], [-89.441283, 48.063989], [-89.441121, 48.063989], [-89.440906, 48.063971], [-89.440744, 48.063948], [-89.440636, 48.063921], [-89.440582, 48.06389], [-89.440582, 48.063854], [-89.440549, 48.063836], [-89.440481, 48.063836], [-89.44038, 48.063854], [-89.440245, 48.06389], [-89.440144, 48.063901], [-89.440077, 48.063888], [-89.440043, 48.063849], [-89.440043, 48.063786], [-89.440006, 48.063746], [-89.439932, 48.063728], [-89.439821, 48.063732], [-89.439672, 48.063759], [-89.439558, 48.063759], [-89.439477, 48.063732], [-89.43943, 48.063678], [-89.439416, 48.063597], [-89.439329, 48.06353], [-89.439167, 48.063476], [-89.438931, 48.063435], [-89.438621, 48.063408], [-89.438402, 48.063366], [-89.438274, 48.063307], [-89.438237, 48.063233], [-89.438291, 48.063143], [-89.438297, 48.063069], [-89.438257, 48.06301], [-89.438169, 48.062968], [-89.438035, 48.062941], [-89.437937, 48.062898], [-89.437876, 48.062839], [-89.437853, 48.062765], [-89.437866, 48.062675], [-89.437917, 48.062601], [-89.438004, 48.062542], [-89.438129, 48.0625], [-89.438291, 48.062473], [-89.438422, 48.062423], [-89.438523, 48.062351], [-89.438594, 48.062257], [-89.438634, 48.06214], [-89.438621, 48.062045], [-89.438553, 48.061973], [-89.438432, 48.061924], [-89.438257, 48.061897], [-89.438031, 48.061926], [-89.437755, 48.062011], [-89.437428, 48.062153], [-89.43705, 48.062351], [-89.4367, 48.062515], [-89.436376, 48.062646], [-89.43608, 48.062743], [-89.43581, 48.062806], [-89.435598, 48.062878], [-89.435443, 48.062959], [-89.435345, 48.063049], [-89.435305, 48.063148], [-89.435231, 48.063211], [-89.435123, 48.063238], [-89.434981, 48.063229], [-89.434806, 48.063184], [-89.434671, 48.063168], [-89.434577, 48.063181], [-89.434523, 48.063224], [-89.434509, 48.063296], [-89.434425, 48.063348], [-89.43427, 48.063379], [-89.434044, 48.06339], [-89.433748, 48.063381], [-89.433519, 48.063395], [-89.433357, 48.063431], [-89.433263, 48.063489], [-89.433236, 48.06357], [-89.433185, 48.063618], [-89.433111, 48.063631], [-89.433013, 48.063611], [-89.432892, 48.063557], [-89.432804, 48.063541], [-89.43275, 48.063564], [-89.43273, 48.063624], [-89.432744, 48.063723], [-89.432673, 48.0638], [-89.432518, 48.063854], [-89.432278, 48.063885], [-89.431955, 48.063894], [-89.431706, 48.063915], [-89.43153, 48.063946], [-89.431429, 48.063989], [-89.431402, 48.064043], [-89.431358, 48.06407], [-89.431298, 48.06407], [-89.43122, 48.064043], [-89.431126, 48.063989], [-89.431038, 48.063969], [-89.430957, 48.063982], [-89.430883, 48.064029], [-89.430816, 48.06411], [-89.430684, 48.064173], [-89.430489, 48.064218], [-89.430229, 48.064245], [-89.429906, 48.064254], [-89.429643, 48.064281], [-89.429441, 48.064326], [-89.429299, 48.064389], [-89.429218, 48.06447], [-89.429124, 48.064524], [-89.429016, 48.064551], [-89.428895, 48.064551], [-89.42876, 48.064524], [-89.428639, 48.06452], [-89.428531, 48.064538], [-89.428437, 48.064578], [-89.428356, 48.064641], [-89.428261, 48.064693], [-89.428154, 48.064734], [-89.428032, 48.064763], [-89.427897, 48.064781], [-89.427786, 48.064774], [-89.427699, 48.064743], [-89.427635, 48.064686], [-89.427594, 48.064605], [-89.427544, 48.064545], [-89.427483, 48.064504], [-89.427412, 48.064484], [-89.427331, 48.064484], [-89.42726, 48.0645], [-89.4272, 48.064531], [-89.427149, 48.064578], [-89.427109, 48.064641], [-89.427055, 48.064689], [-89.426987, 48.06472], [-89.426907, 48.064736], [-89.426812, 48.064736], [-89.426741, 48.064749], [-89.426694, 48.064776], [-89.426671, 48.064817], [-89.426671, 48.064871], [-89.426533, 48.064911], [-89.426256, 48.064938], [-89.425842, 48.064952], [-89.425289, 48.064952], [-89.424874, 48.064967], [-89.424598, 48.064999], [-89.42446, 48.065046], [-89.42446, 48.065109], [-89.424436, 48.065156], [-89.424389, 48.065188], [-89.424318, 48.065204], [-89.424224, 48.065204], [-89.424153, 48.065217], [-89.424106, 48.065244], [-89.424083, 48.065285], [-89.424083, 48.065339], [-89.424052, 48.065372], [-89.423992, 48.065386], [-89.423901, 48.065379], [-89.423779, 48.065352], [-89.423688, 48.065345], [-89.423628, 48.065359], [-89.423597, 48.065393], [-89.423597, 48.065447], [-89.423564, 48.065474], [-89.423496, 48.065474], [-89.423395, 48.065447]], [[-89.453193, 48.05912], [-89.453153, 48.05912], [-89.453122, 48.059127], [-89.453102, 48.059141], [-89.453092, 48.059161], [-89.453092, 48.059188], [-89.453102, 48.059201], [-89.453122, 48.059201], [-89.453153, 48.059188], [-89.453193, 48.059161], [-89.453213, 48.059141], [-89.453213, 48.059127], [-89.453193, 48.05912]], [[-89.453955, 48.058936], [-89.453955, 48.058909], [-89.453924, 48.058896], [-89.453864, 48.058896], [-89.453773, 48.058909], [-89.453651, 48.058936], [-89.453591, 48.058956], [-89.453591, 48.05897], [-89.453651, 48.058976], [-89.453773, 48.058976], [-89.453864, 48.05897], [-89.453924, 48.058956], [-89.453955, 48.058936]], [[-89.453611, 48.058833], [-89.453597, 48.058833], [-89.453587, 48.058835], [-89.453581, 48.058839], [-89.453577, 48.058846], [-89.453577, 48.058855], [-89.453581, 48.05886], [-89.453587, 48.05886], [-89.453597, 48.058855], [-89.453611, 48.058846], [-89.453618, 48.058839], [-89.453618, 48.058835], [-89.453611, 48.058833]], [[-89.453773, 48.058725], [-89.453759, 48.058725], [-89.453749, 48.058727], [-89.453742, 48.058731], [-89.453739, 48.058738], [-89.453739, 48.058747], [-89.453742, 48.058752], [-89.453749, 48.058752], [-89.453759, 48.058747], [-89.453773, 48.058738], [-89.453779, 48.058731], [-89.453779, 48.058727], [-89.453773, 48.058725]], [[-89.454096, 48.058509], [-89.454083, 48.058509], [-89.454073, 48.058511], [-89.454066, 48.058515], [-89.454062, 48.058522], [-89.454062, 48.058531], [-89.454066, 48.058536], [-89.454073, 48.058536], [-89.454083, 48.058531], [-89.454096, 48.058522], [-89.454103, 48.058515], [-89.454103, 48.058511], [-89.454096, 48.058509]]]}}, {"type": "Feature", "properties": {"lead": 24, "temp": "t12"}, "geometry": {"type": "Polygon", "coordinates": [[[-89.436484, 48.070184], [-89.436484, 48.070049], [-89.436562, 48.069939], [-89.436717, 48.069853], [-89.436949, 48.069793], [-89.437259, 48.069757], [-89.437489, 48.069752], [-89.437637, 48.069779], [-89.437704, 48.069838], [-89.437691, 48.069928], [-89.437607, 48.070015], [-89.437451, 48.070101], [-89.437226, 48.070184], [-89.436929, 48.070265], [-89.436707, 48.070292], [-89.436558, 48.070265], [-89.436484, 48.070184]]]}}, {"type": "Feature", "properties": {"lead": 24, "temp": "t12"}, "geometry": {"type": "Polygon", "coordinates": [[[-89.431005, 48.080782], [-89.430695, 48.080755], [-89.430432, 48.080705], [-89.430216, 48.080633], [-89.430047, 48.080539], [-89.429926, 48.080422], [-89.429852, 48.080285], [-89.429825, 48.080127], [-89.429845, 48.07995], [-89.429913, 48.079752], [-89.430007, 48.079574], [-89.430128, 48.079417], [-89.430277, 48.07928], [-89.430452, 48.079163], [-89.430809, 48.07898], [-89.431348, 48.078733], [-89.43207, 48.07842], [-89.432973, 48.078043], [-89.433731, 48.077752], [-89.434344, 48.07755], [-89.434813, 48.077435], [-89.435136, 48.077408], [-89.435443, 48.077368], [-89.435733, 48.077314], [-89.436006, 48.077246], [-89.436262, 48.077165], [-89.436622, 48.077024], [-89.437088, 48.076821], [-89.437657, 48.076558], [-89.438331, 48.076234], [-89.439093, 48.075904], [-89.439942, 48.075566], [-89.440879, 48.075222], [-89.441903, 48.074871], [-89.442897, 48.074491], [-89.443861, 48.074082], [-89.444795, 48.073643], [-89.445698, 48.073176], [-89.446473, 48.072816], [-89.44712, 48.072564], [-89.447639, 48.07242], [-89.44803, 48.072384], [-89.448455, 48.072244], [-89.448913, 48.072001], [-89.449405, 48.071655], [-89.449931, 48.071205], [-89.450497, 48.070778], [-89.451104, 48.070373], [-89.451751, 48.069991], [-89.452438, 48.069631], [-89.45325, 48.069264], [-89.454187, 48.068891], [-89.455249, 48.06851], [-89.456435, 48.068124], [-89.457409, 48.067833], [-89.458171, 48.06764], [-89.45872, 48.067543], [-89.459057, 48.067543], [-89.45937, 48.067525], [-89.45966, 48.067489], [-89.459926, 48.067435], [-89.460169, 48.067363], [-89.460466, 48.067309], [-89.460816, 48.067273], [-89.46122, 48.067255], [-89.461679, 48.067255], [-89.462228, 48.067156], [-89.462868, 48.066958], [-89.4636, 48.066661], [-89.464422, 48.066265], [-89.465147, 48.065966], [-89.465773, 48.065764], [-89.466302, 48.065658], [-89.466734, 48.065649], [-89.467088, 48.065627], [-89.467364, 48.065591], [-89.467563, 48.065541], [-89.467684, 48.065478], [-89.467779, 48.065395], [-89.467846, 48.065291], [-89.467886, 48.065168], [-89.4679, 48.065024], [-89.467873, 48.064855], [-89.467806, 48.064662], [-89.467698, 48.064443], [-89.467549, 48.0642], [-89.467293, 48.064014], [-89.466929, 48.063883], [-89.466457, 48.063809], [-89.465878, 48.063791], [-89.465288, 48.06375], [-89.464688, 48.063687], [-89.464078, 48.063602], [-89.463458, 48.063494], [-89.462774, 48.063467], [-89.462026, 48.063521], [-89.461214, 48.063656], [-89.460337, 48.063872], [-89.459168, 48.06407], [-89.457705, 48.06425], [-89.45595, 48.064412], [-89.453901, 48.064556], [-89.452236, 48.064718], [-89.450955, 48.064898], [-89.450059, 48.065096], [-89.449547, 48.065312], [-89.449068, 48.065492], [-89.448623, 48.065636], [-89.448212, 48.065744], [-89.447835, 48.065816], [-89.447208, 48.065872], [-89.446332, 48.065912], [-89.445206, 48.065937], [-89.443831, 48.065946], [-89.442668, 48.066], [-89.441718, 48.066099], [-89.44098, 48.066243], [-89.440454, 48.066432], [-89.440104, 48.066666], [-89.439928, 48.066945], [-89.439928, 48.067269], [-89.440104, 48.067638], [-89.440235, 48.067966], [-89.440323, 48.068254], [-89.440367, 48.068501], [-89.440367, 48.068708], [-89.44035, 48.068884], [-89.440316, 48.069028], [-89.440265, 48.06914], [-89.440198, 48.069221], [-89.4401, 48.069273], [-89.439972, 48.069295], [-89.439814, 48.069289], [-89.439625, 48.069253], [-89.439504, 48.069255], [-89.43945, 48.069295], [-89.439463, 48.069374], [-89.439544, 48.069491], [-89.439541, 48.069604], [-89.439453, 48.069712], [-89.439281, 48.069815], [-89.439025, 48.069914], [-89.43882, 48.069948], [-89.438665, 48.069916], [-89.43856, 48.06982], [-89.438506, 48.069658], [-89.438527, 48.0695], [-89.438621, 48.069347], [-89.438789, 48.069199], [-89.439032, 48.069055], [-89.439214, 48.068904], [-89.439335, 48.068747], [-89.439396, 48.068582], [-89.439396, 48.068411], [-89.439372, 48.068263], [-89.439325, 48.068137], [-89.439254, 48.068034], [-89.43916, 48.067953], [-89.439079, 48.067833], [-89.439012, 48.067676], [-89.438958, 48.06748], [-89.438917, 48.067246], [-89.438874, 48.067071], [-89.438826, 48.066954], [-89.438776, 48.066895], [-89.438722, 48.066895], [-89.438685, 48.066846], [-89.438665, 48.066747], [-89.438661, 48.066598], [-89.438675, 48.0664], [-89.438715, 48.066229], [-89.438783, 48.066086], [-89.438877, 48.065969], [-89.438998, 48.065879], [-89.439143, 48.065811], [-89.439312, 48.065766], [-89.439504, 48.065744], [-89.43972, 48.065744], [-89.439969, 48.06571], [-89.440252, 48.065642], [-89.440569, 48.065541], [-89.440919, 48.065406], [-89.441526, 48.065296], [-89.442389, 48.06521], [-89.443507, 48.06515], [-89.444882, 48.065114], [-89.446008, 48.06506], [-89.446884, 48.064988], [-89.447511, 48.064898], [-89.447889, 48.06479], [-89.448205, 48.064716], [-89.448461, 48.064675], [-89.448657, 48.064668], [-89.448792, 48.064695], [-89.448923, 48.064686], [-89.449051, 48.064641], [-89.449176, 48.06456], [-89.449297, 48.064443], [-89.449452, 48.064342], [-89.449641, 48.064257], [-89.449863, 48.064187], [-89.45012, 48.064133], [-89.450443, 48.064092], [-89.450834, 48.064065], [-89.451292, 48.064052], [-89.451818, 48.064052], [-89.452243, 48.064029], [-89.452566, 48.063984], [-89.452789, 48.063917], [-89.45291, 48.063827], [-89.453227, 48.063746], [-89.453739, 48.063674], [-89.454447, 48.063611], [-89.45535, 48.063557], [-89.456111, 48.063523], [-89.456732, 48.06351], [-89.45721, 48.063516], [-89.457547, 48.063543], [-89.457867, 48.06355], [-89.458171, 48.063537], [-89.458457, 48.063503], [-89.458727, 48.063449], [-89.458949, 48.063393], [-89.459124, 48.063334], [-89.459252, 48.063274], [-89.459333, 48.063211], [-89.459414, 48.06317], [-89.459495, 48.063152], [-89.459576, 48.063157], [-89.459657, 48.063184], [-89.459761, 48.063184], [-89.459889, 48.063157], [-89.460041, 48.063103], [-89.460216, 48.063022], [-89.460445, 48.062945], [-89.460728, 48.062873], [-89.461065, 48.062806], [-89.461456, 48.062743], [-89.46176, 48.062704], [-89.461975, 48.062691], [-89.462103, 48.062702], [-89.462144, 48.062738], [-89.462282, 48.062765], [-89.462518, 48.062783], [-89.462852, 48.062792], [-89.463283, 48.062792], [-89.46367, 48.062812], [-89.464014, 48.062853], [-89.464314, 48.062914], [-89.46457, 48.062995], [-89.464921, 48.063055], [-89.465366, 48.063096], [-89.465905, 48.063116], [-89.466538, 48.063116], [-89.467081, 48.063152], [-89.467533, 48.063224], [-89.467893, 48.063332], [-89.468163, 48.063476], [-89.468395, 48.063699], [-89.468591, 48.064], [-89.468749, 48.06438], [-89.46887, 48.064839], [-89.468918, 48.065219], [-89.468891, 48.065521], [-89.46879, 48.065744], [-89.468614, 48.065888], [-89.468355, 48.066009], [-89.468011, 48.066108], [-89.467583, 48.066184], [-89.467071, 48.066238], [-89.466666, 48.066295], [-89.46637, 48.066353], [-89.466181, 48.066414], [-89.4661, 48.066477], [-89.465986, 48.066531], [-89.465837, 48.066576], [-89.465655, 48.066612], [-89.46544, 48.066639], [-89.465234, 48.066702], [-89.465039, 48.066801], [-89.464853, 48.066936], [-89.464678, 48.067107], [-89.464503, 48.067242], [-89.464328, 48.067341], [-89.464152, 48.067404], [-89.463977, 48.067431], [-89.463825, 48.067473], [-89.463697, 48.067532], [-89.463593, 48.067606], [-89.463512, 48.067696], [-89.463408, 48.067777], [-89.46328, 48.067849], [-89.463128, 48.067912], [-89.462953, 48.067966], [-89.462767, 48.068], [-89.462572, 48.068013], [-89.462366, 48.068007], [-89.462151, 48.06798], [-89.461958, 48.067966], [-89.46179, 48.067966], [-89.461645, 48.06798], [-89.461524, 48.068007], [-89.461433, 48.068043], [-89.461372, 48.068088], [-89.461342, 48.068142], [-89.461342, 48.068205], [-89.461332, 48.068243], [-89.461311, 48.068256], [-89.461281, 48.068245], [-89.461241, 48.068209], [-89.461123, 48.068182], [-89.460927, 48.068164], [-89.460654, 48.068155], [-89.460304, 48.068155], [-89.460041, 48.068164], [-89.459866, 48.068182], [-89.459778, 48.068209], [-89.459778, 48.068245], [-89.459714, 48.068272], [-89.459586, 48.06829], [-89.459394, 48.068299], [-89.459138, 48.068299], [-89.458925, 48.068312], [-89.458757, 48.068339], [-89.458632, 48.06838], [-89.458551, 48.068434], [-89.458447, 48.068474], [-89.458319, 48.068501], [-89.458167, 48.068515], [-89.457992, 48.068515], [-89.457786, 48.068551], [-89.45755, 48.068623], [-89.457284, 48.068731], [-89.456988, 48.068875], [-89.456732, 48.068983], [-89.456516, 48.069055], [-89.456341, 48.069091], [-89.456206, 48.069091], [-89.456031, 48.069127], [-89.455815, 48.069199], [-89.455559, 48.069307], [-89.455262, 48.069451], [-89.454966, 48.069572], [-89.454669, 48.069671], [-89.454373, 48.069748], [-89.454076, 48.069802], [-89.453843, 48.069858], [-89.453675, 48.069916], [-89.45357, 48.069977], [-89.45353, 48.07004], [-89.453446, 48.070101], [-89.453318, 48.070159], [-89.453146, 48.070215], [-89.45293, 48.070269], [-89.452681, 48.070359], [-89.452398, 48.070485], [-89.452081, 48.070647], [-89.45173, 48.070845], [-89.451393, 48.071066], [-89.45107, 48.071309], [-89.45076, 48.071574], [-89.450463, 48.071862], [-89.450187, 48.0721], [-89.449931, 48.072289], [-89.449695, 48.072429], [-89.449479, 48.072519], [-89.449324, 48.0726], [-89.44923, 48.072672], [-89.449196, 48.072735], [-89.449223, 48.072789], [-89.449226, 48.072838], [-89.449206, 48.072883], [-89.449162, 48.072924], [-89.449095, 48.07296], [-89.449011, 48.072978], [-89.44891, 48.072978], [-89.448792, 48.07296], [-89.448657, 48.072924], [-89.448536, 48.072912], [-89.448428, 48.072926], [-89.448333, 48.072964], [-89.448252, 48.073027], [-89.448104, 48.073088], [-89.447889, 48.073146], [-89.447605, 48.073203], [-89.447255, 48.073256], [-89.446942, 48.073333], [-89.446665, 48.073432], [-89.446426, 48.073553], [-89.446224, 48.073697], [-89.446048, 48.073805], [-89.4459, 48.073877], [-89.445779, 48.073913], [-89.445685, 48.073913], [-89.445604, 48.073931], [-89.445536, 48.073967], [-89.445482, 48.074021], [-89.445442, 48.074093], [-89.445378, 48.074149], [-89.44529, 48.07419], [-89.445179, 48.074215], [-89.445044, 48.074224], [-89.444903, 48.074266], [-89.444754, 48.074343], [-89.444599, 48.074453], [-89.444438, 48.074597], [-89.444293, 48.074705], [-89.444165, 48.074777], [-89.444053, 48.074813], [-89.443959, 48.074813], [-89.443868, 48.074835], [-89.44378, 48.07488], [-89.443696, 48.074948], [-89.443615, 48.075038], [-89.443501, 48.075119], [-89.443352, 48.075191], [-89.44317, 48.075254], [-89.442955, 48.075308], [-89.442773, 48.075371], [-89.442625, 48.075443], [-89.44251, 48.075524], [-89.442429, 48.075614], [-89.442335, 48.075681], [-89.442227, 48.075726], [-89.442106, 48.075749], [-89.441971, 48.075749], [-89.441839, 48.075771], [-89.441711, 48.075816], [-89.441587, 48.075884], [-89.441465, 48.075973], [-89.441256, 48.076068], [-89.44096, 48.076167], [-89.440576, 48.07627], [-89.440104, 48.076378], [-89.439736, 48.076475], [-89.439474, 48.07656], [-89.439315, 48.076635], [-89.439261, 48.076698], [-89.439147, 48.076765], [-89.438971, 48.076837], [-89.438735, 48.076914], [-89.438439, 48.076995], [-89.438206, 48.077071], [-89.438038, 48.077143], [-89.437933, 48.07721], [-89.437893, 48.077273], [-89.437788, 48.077341], [-89.43762, 48.077413], [-89.437387, 48.077489], [-89.437091, 48.07757], [-89.436858, 48.077647], [-89.43669, 48.077719], [-89.436585, 48.077786], [-89.436545, 48.077849], [-89.436363, 48.077923], [-89.436039, 48.078009], [-89.435574, 48.078106], [-89.434968, 48.078214], [-89.434503, 48.07831], [-89.434179, 48.078396], [-89.433997, 48.07847], [-89.433957, 48.078533], [-89.433744, 48.078643], [-89.43336, 48.078801], [-89.432804, 48.079005], [-89.432076, 48.079257], [-89.431497, 48.079468], [-89.431065, 48.079639], [-89.430782, 48.07977], [-89.430647, 48.07986], [-89.430546, 48.079941], [-89.430479, 48.080013], [-89.430445, 48.080076], [-89.430445, 48.08013], [-89.430469, 48.080163], [-89.430516, 48.080177], [-89.430587, 48.08017], [-89.430681, 48.080143], [-89.430752, 48.080141], [-89.430799, 48.080163], [-89.430823, 48.080211], [-89.430823, 48.080283], [-89.430843, 48.080319], [-89.430883, 48.080319], [-89.430944, 48.080283], [-89.431025, 48.080211], [-89.431139, 48.080148], [-89.431288, 48.080094], [-89.43147, 48.080049], [-89.431685, 48.080013], [-89.431921, 48.079995], [-89.432177, 48.079995], [-89.432454, 48.080013], [-89.43275, 48.080049], [-89.432973, 48.080055], [-89.433121, 48.080033], [-89.433195, 48.079981], [-89.433195, 48.0799], [-89.433239, 48.079846], [-89.433327, 48.079819], [-89.433458, 48.079819], [-89.433633, 48.079846], [-89.433808, 48.079837], [-89.433984, 48.079792], [-89.434159, 48.079711], [-89.434334, 48.079594], [-89.43452, 48.079543], [-89.434715, 48.079556], [-89.434921, 48.079635], [-89.435136, 48.079779], [-89.435049, 48.079938], [-89.434658, 48.080114], [-89.433963, 48.080305], [-89.432966, 48.080512], [-89.43214, 48.08066], [-89.431487, 48.08075], [-89.431005, 48.080782]]]}}, {"type": "Feature", "properties": {"lead": 24, "temp": "t12"}, "geometry": {"type": "Polygon", "coordinates": [[[-89.431166, 48.088634], [-89.431075, 48.088601], [-89.431015, 48.08856], [-89.430984, 48.088513], [-89.430984, 48.088459], [-89.430947, 48.088416], [-89.430873, 48.088385], [-89.430762, 48.088365], [-89.430614, 48.088356], [-89.430614, 48.088342], [-89.430762, 48.088324], [-89.431059, 48.088302], [-89.431503, 48.088275], [-89.432147, 48.088137], [-89.43299, 48.08789], [-89.434031, 48.087533], [-89.435271, 48.087065], [-89.436201, 48.086739], [-89.436821, 48.086554], [-89.437131, 48.086512], [-89.437131, 48.086611], [-89.437091, 48.086714], [-89.43701, 48.086822], [-89.436889, 48.086934], [-89.436727, 48.087051], [-89.436582, 48.087139], [-89.436454, 48.087197], [-89.436343, 48.087227], [-89.436248, 48.087227], [-89.436039, 48.087296], [-89.435716, 48.087436], [-89.435278, 48.087645], [-89.434725, 48.087924], [-89.434257, 48.088128], [-89.433873, 48.088259], [-89.433573, 48.088315], [-89.433357, 48.088297], [-89.433185, 48.088297], [-89.433057, 48.088315], [-89.432973, 48.088351], [-89.432932, 48.088405], [-89.432824, 48.088445], [-89.432649, 48.088472], [-89.432407, 48.088486], [-89.432096, 48.088486], [-89.431854, 48.088499], [-89.431679, 48.088526], [-89.431571, 48.088567], [-89.43153, 48.088621], [-89.43147, 48.088655], [-89.431389, 48.088668], [-89.431288, 48.088661], [-89.431166, 48.088634]]]}}, {"type": "Feature", "properties": {"lead": 24, "temp": "t12"}, "geometry": {"type": "Polygon", "coordinates": [[[-89.428753, 48.088549], [-89.429094, 48.088499], [-89.429222, 48.08849], [-89.429138, 48.088522], [-89.428841, 48.088594], [-89.428555, 48.088652], [-89.428278, 48.088697], [-89.428012, 48.088729], [-89.427756, 48.088747], [-89.427702, 48.088738], [-89.42785, 48.088702], [-89.428201, 48.088639], [-89.428753, 48.088549]]]}}, {"type": "Feature", "properties": {"lead": 24, "temp": "t12"}, "geometry": {"type": "Polygon", "coordinates": [[[-89.427149, 48.0889], [-89.427109, 48.088864], [-89.427045, 48.088834], [-89.426957, 48.088812], [-89.426846, 48.088796], [-89.426711, 48.088787], [-89.426654, 48.08878], [-89.426674, 48.088776], [-89.426772, 48.088774], [-89.426947, 48.088774], [-89.427078, 48.088785], [-89.427166, 48.088807], [-89.42721, 48.088841], [-89.42721, 48.088886], [-89.4272, 48.088911], [-89.42718, 48.088915], [-89.427149, 48.0889]]]}}, {"type": "Feature", "properties": {"lead": 24, "temp": "t12"}, "geometry": {"type": "Polygon", "coordinates": [[[-89.413298, 48.05899], [-89.413383, 48.058846], [-89.413551, 48.058711], [-89.413804, 48.058585], [-89.414141, 48.058468], [-89.414427, 48.058396], [-89.414663, 48.058369], [-89.414849, 48.058387], [-89.414983, 48.05845], [-89.415084, 48.058475], [-89.415152, 48.058461], [-89.415186, 48.05841], [-89.415186, 48.05832], [-89.415219, 48.058245], [-89.415287, 48.058187], [-89.415388, 48.058144], [-89.415523, 48.058117], [-89.415634, 48.058077], [-89.415721, 48.058023], [-89.415785, 48.057955], [-89.415826, 48.057874], [-89.415876, 48.057818], [-89.415937, 48.057786], [-89.416008, 48.05778], [-89.416089, 48.057798], [-89.41617, 48.057784], [-89.416251, 48.057739], [-89.416331, 48.057663], [-89.416412, 48.057555], [-89.416422, 48.057467], [-89.416362, 48.057399], [-89.41623, 48.057352], [-89.416028, 48.057325], [-89.415725, 48.057339], [-89.41532, 48.057393], [-89.414815, 48.057487], [-89.414208, 48.057622], [-89.413753, 48.057678], [-89.41345, 48.057656], [-89.413298, 48.057555], [-89.413298, 48.057375], [-89.413447, 48.057213], [-89.413743, 48.057069], [-89.414188, 48.056943], [-89.414781, 48.056835], [-89.415293, 48.05676], [-89.415725, 48.05672], [-89.416075, 48.056713], [-89.416345, 48.05674], [-89.416594, 48.056799], [-89.416823, 48.056889], [-89.417032, 48.05701], [-89.417221, 48.057163], [-89.417353, 48.057316], [-89.417427, 48.057469], [-89.417444, 48.057622], [-89.417403, 48.057775], [-89.41712, 48.057975], [-89.416594, 48.058223], [-89.415826, 48.058518], [-89.414815, 48.05886], [-89.414057, 48.059078], [-89.413551, 48.059172], [-89.413298, 48.059143], [-89.413298, 48.05899]]]}}, {"type": "Feature", "properties": {"lead": 24, "temp": "t12"}, "geometry": {"type": "Polygon", "coordinates": [[[-89.413838, 48.065568], [-89.413848, 48.065548], [-89.413868, 48.065534], [-89.413898, 48.065528], [-89.413939, 48.065528], [-89.413959, 48.065534], [-89.413959, 48.065548], [-89.413939, 48.065568], [-89.413898, 48.065595], [-89.413868, 48.065609], [-89.413848, 48.065609], [-89.413838, 48.065595], [-89.413838, 48.065568]]]}}, {"type": "Feature", "properties": {"lead": 24, "temp": "t12"}, "geometry": {"type": "Polygon", "coordinates": [[[-89.413399, 48.068686], [-89.413359, 48.068488], [-89.413389, 48.068299], [-89.41349, 48.068119], [-89.413662, 48.067948], [-89.413905, 48.067786], [-89.414026, 48.067588], [-89.414026, 48.067354], [-89.413905, 48.067084], [-89.413662, 48.066778], [-89.41348, 48.066486], [-89.413359, 48.066207], [-89.413298, 48.065942], [-89.413298, 48.06569], [-89.413352, 48.065537], [-89.41346, 48.065483], [-89.413622, 48.065528], [-89.413838, 48.065672], [-89.41403, 48.065843], [-89.414198, 48.066041], [-89.414343, 48.066265], [-89.414464, 48.066517], [-89.414589, 48.066729], [-89.414717, 48.0669], [-89.414849, 48.06703], [-89.414983, 48.06712], [-89.415078, 48.067237], [-89.415132, 48.067381], [-89.415145, 48.067552], [-89.415118, 48.06775], [-89.414997, 48.067957], [-89.414781, 48.068173], [-89.414471, 48.068398], [-89.414067, 48.068632], [-89.413753, 48.068758], [-89.413531, 48.068776], [-89.413399, 48.068686]]]}}, {"type": "Feature", "properties": {"lead": 24, "temp": "t12"}, "geometry": {"type": "Polygon", "coordinates": [[[-89.422896, 48.073315], [-89.422492, 48.073279], [-89.422114, 48.073216], [-89.421764, 48.073126], [-89.42144, 48.073009], [-89.421147, 48.072921], [-89.420884, 48.072863], [-89.420652, 48.072834], [-89.42045, 48.072834], [-89.420231, 48.072795], [-89.419995, 48.072719], [-89.419742, 48.072604], [-89.419472, 48.072451], [-89.418909, 48.07231], [-89.418053, 48.072179], [-89.416904, 48.07206], [-89.415462, 48.071952], [-89.41438, 48.071839], [-89.413659, 48.071723], [-89.413298, 48.071601], [-89.413298, 48.071475], [-89.413386, 48.071378], [-89.413561, 48.071311], [-89.413824, 48.071273], [-89.414175, 48.071264], [-89.414488, 48.071273], [-89.414764, 48.0713], [-89.415004, 48.071345], [-89.415206, 48.071408], [-89.415401, 48.071448], [-89.41559, 48.071466], [-89.415772, 48.071462], [-89.415947, 48.071435], [-89.416079, 48.071428], [-89.416166, 48.071441], [-89.41621, 48.071475], [-89.41621, 48.071529], [-89.416244, 48.071576], [-89.416311, 48.071617], [-89.416412, 48.071651], [-89.416547, 48.071678], [-89.416692, 48.07168], [-89.416847, 48.071657], [-89.417012, 48.07161], [-89.417187, 48.071538], [-89.417359, 48.071486], [-89.417528, 48.071455], [-89.417693, 48.071444], [-89.417855, 48.071453], [-89.417986, 48.071484], [-89.418087, 48.071538], [-89.418158, 48.071615], [-89.418198, 48.071714], [-89.418293, 48.071788], [-89.418441, 48.071837], [-89.418643, 48.071862], [-89.418899, 48.071862], [-89.419125, 48.071882], [-89.419321, 48.071923], [-89.419486, 48.071983], [-89.419621, 48.072064], [-89.419742, 48.072118], [-89.41985, 48.072145], [-89.419944, 48.072145], [-89.420025, 48.072118], [-89.420086, 48.072112], [-89.420126, 48.072125], [-89.420146, 48.072159], [-89.420146, 48.072213], [-89.4202, 48.072253], [-89.420308, 48.07228], [-89.42047, 48.072294], [-89.420686, 48.072294], [-89.420911, 48.07233], [-89.421147, 48.072402], [-89.421393, 48.07251], [-89.421649, 48.072654], [-89.421939, 48.072768], [-89.422263, 48.072854], [-89.42262, 48.07291], [-89.423011, 48.072937], [-89.423304, 48.072946], [-89.423499, 48.072937], [-89.423597, 48.07291], [-89.423597, 48.072865], [-89.423695, 48.072816], [-89.42389, 48.072762], [-89.424184, 48.072703], [-89.424575, 48.07264], [-89.424878, 48.07255], [-89.425094, 48.072433], [-89.425222, 48.072289], [-89.425262, 48.072118], [-89.425356, 48.071954], [-89.425505, 48.071797], [-89.425707, 48.071646], [-89.425963, 48.071502], [-89.426229, 48.071385], [-89.426506, 48.071295], [-89.426792, 48.071232], [-89.427089, 48.071196], [-89.427375, 48.071126], [-89.427651, 48.071023], [-89.427918, 48.070886], [-89.428174, 48.070715], [-89.428453, 48.070573], [-89.428757, 48.070461], [-89.429084, 48.070377], [-89.429434, 48.070323], [-89.429694, 48.070267], [-89.429862, 48.070209], [-89.42994, 48.070148], [-89.429926, 48.070085], [-89.42994, 48.070047], [-89.42998, 48.070033], [-89.430047, 48.070045], [-89.430142, 48.070081], [-89.430213, 48.070099], [-89.43026, 48.070099], [-89.430283, 48.070081], [-89.430283, 48.070045], [-89.430327, 48.070011], [-89.430415, 48.069979], [-89.430546, 48.06995], [-89.430722, 48.069923], [-89.430853, 48.069885], [-89.430941, 48.069835], [-89.430984, 48.069775], [-89.430984, 48.069703], [-89.431001, 48.06966], [-89.431035, 48.069646], [-89.431085, 48.069662], [-89.431153, 48.069707], [-89.431237, 48.069723], [-89.431338, 48.069709], [-89.431456, 48.069667], [-89.431591, 48.069595], [-89.431749, 48.069552], [-89.431931, 48.069538], [-89.432137, 48.069554], [-89.432366, 48.069599], [-89.432548, 48.069615], [-89.432683, 48.069601], [-89.43277, 48.069559], [-89.432811, 48.069487], [-89.432841, 48.069451], [-89.432861, 48.069451], [-89.432872, 48.069487], [-89.432872, 48.069559], [-89.432912, 48.069613], [-89.432993, 48.069649], [-89.433114, 48.069667], [-89.433276, 48.069667], [-89.433397, 48.06968], [-89.433478, 48.069707], [-89.433519, 48.069748], [-89.433519, 48.069802], [-89.433546, 48.069817], [-89.4336, 48.069795], [-89.43368, 48.069734], [-89.433788, 48.069635], [-89.433876, 48.069586], [-89.433943, 48.069586], [-89.43399, 48.069635], [-89.434017, 48.069734], [-89.434176, 48.069808], [-89.434466, 48.069858], [-89.434887, 48.069883], [-89.43544, 48.069883], [-89.435851, 48.069921], [-89.43612, 48.069997], [-89.436248, 48.070112], [-89.436235, 48.070265], [-89.436127, 48.070375], [-89.435925, 48.070443], [-89.435628, 48.070467], [-89.435237, 48.070449], [-89.434853, 48.070413], [-89.434476, 48.070359], [-89.434105, 48.070287], [-89.433741, 48.070197], [-89.43333, 48.070143], [-89.432872, 48.070125], [-89.432366, 48.070143], [-89.431813, 48.070197], [-89.431099, 48.070332], [-89.430223, 48.070548], [-89.429185, 48.070845], [-89.427985, 48.071223], [-89.427068, 48.071561], [-89.426435, 48.071857], [-89.426084, 48.072114], [-89.426017, 48.07233], [-89.425845, 48.072534], [-89.425569, 48.072728], [-89.425188, 48.07291], [-89.424703, 48.073081], [-89.424231, 48.073207], [-89.423772, 48.073288], [-89.423328, 48.073324], [-89.422896, 48.073315]]]}}, {"type": "Feature", "properties": {"lead": 24, "temp": "t12"}, "geometry": {"type": "Polygon", "coordinates": [[[-89.423961, 48.089745], [-89.423621, 48.089716], [-89.423291, 48.089657], [-89.42297, 48.08957], [-89.42266, 48.089453], [-89.422428, 48.089352], [-89.422273, 48.089266], [-89.422195, 48.089196], [-89.422195, 48.089142], [-89.422165, 48.089095], [-89.422104, 48.089055], [-89.422013, 48.089021], [-89.421892, 48.088994], [-89.421683, 48.088886], [-89.421386, 48.088697], [-89.421002, 48.088427], [-89.42053, 48.088077], [-89.420123, 48.087721], [-89.419779, 48.087362], [-89.419499, 48.086997], [-89.419284, 48.086629], [-89.419122, 48.086309], [-89.419014, 48.086039], [-89.41896, 48.085819], [-89.41896, 48.085648], [-89.41898, 48.085491], [-89.419021, 48.085347], [-89.419081, 48.085216], [-89.419162, 48.0851], [-89.419277, 48.084989], [-89.419425, 48.084886], [-89.419607, 48.084789], [-89.419823, 48.084699], [-89.420018, 48.084645], [-89.420193, 48.084627], [-89.420348, 48.084645], [-89.420483, 48.084699], [-89.420605, 48.084719], [-89.420712, 48.084706], [-89.420807, 48.084659], [-89.420888, 48.084578], [-89.421036, 48.08449], [-89.421252, 48.084396], [-89.421535, 48.084294], [-89.421885, 48.084187], [-89.422158, 48.084083], [-89.422354, 48.083984], [-89.422472, 48.08389], [-89.422512, 48.0838], [-89.422573, 48.083719], [-89.422654, 48.083647], [-89.422755, 48.083584], [-89.422876, 48.08353], [-89.422957, 48.083474], [-89.422997, 48.083415], [-89.422997, 48.083354], [-89.422957, 48.083292], [-89.42295, 48.083231], [-89.422977, 48.083172], [-89.423038, 48.083116], [-89.423132, 48.083062], [-89.423173, 48.083004], [-89.423159, 48.082941], [-89.423092, 48.082873], [-89.42297, 48.082801], [-89.422886, 48.082736], [-89.422839, 48.082678], [-89.422829, 48.082626], [-89.422856, 48.082581], [-89.422822, 48.082527], [-89.422728, 48.082464], [-89.422573, 48.082392], [-89.422357, 48.082311], [-89.422037, 48.082264], [-89.421612, 48.08225], [-89.421083, 48.082271], [-89.42045, 48.082325], [-89.419974, 48.082379], [-89.419658, 48.082432], [-89.419499, 48.082486], [-89.419499, 48.08254], [-89.419466, 48.082574], [-89.419398, 48.082588], [-89.419297, 48.082581], [-89.419162, 48.082554], [-89.419041, 48.082547], [-89.418933, 48.082561], [-89.418839, 48.082594], [-89.418758, 48.082648], [-89.418663, 48.082689], [-89.418556, 48.082716], [-89.418434, 48.082729], [-89.4183, 48.082729], [-89.418185, 48.082747], [-89.418091, 48.082783], [-89.418016, 48.082837], [-89.417963, 48.082909], [-89.417807, 48.082981], [-89.417551, 48.083053], [-89.417194, 48.083125], [-89.416736, 48.083197], [-89.416389, 48.083262], [-89.416153, 48.083321], [-89.416028, 48.083372], [-89.416015, 48.083417], [-89.41589, 48.083485], [-89.415654, 48.083575], [-89.415307, 48.083687], [-89.414849, 48.083822], [-89.414505, 48.083935], [-89.414276, 48.084025], [-89.414161, 48.084092], [-89.414161, 48.084137], [-89.414141, 48.084166], [-89.4141, 48.08418], [-89.41404, 48.084178], [-89.413959, 48.08416], [-89.413895, 48.084157], [-89.413848, 48.084171], [-89.413817, 48.0842], [-89.413804, 48.084245], [-89.413763, 48.084274], [-89.413696, 48.084288], [-89.413602, 48.084285], [-89.41348, 48.084267], [-89.413389, 48.08422], [-89.413329, 48.084144], [-89.413298, 48.084038], [-89.413298, 48.083903], [-89.413379, 48.083782], [-89.413541, 48.083674], [-89.413784, 48.083579], [-89.414107, 48.083498], [-89.414441, 48.08339], [-89.414785, 48.083256], [-89.415138, 48.083094], [-89.415502, 48.082905], [-89.416092, 48.082693], [-89.416908, 48.082459], [-89.417949, 48.082203], [-89.419216, 48.081924], [-89.420207, 48.081715], [-89.420921, 48.081576], [-89.42136, 48.081506], [-89.421521, 48.081506], [-89.421761, 48.081542], [-89.422077, 48.081614], [-89.422472, 48.081722], [-89.422943, 48.081866], [-89.423321, 48.081996], [-89.423604, 48.082113], [-89.423793, 48.082217], [-89.423887, 48.082307], [-89.423958, 48.082408], [-89.424005, 48.08252], [-89.424029, 48.082644], [-89.424029, 48.082779], [-89.423992, 48.08295], [-89.423917, 48.083157], [-89.423806, 48.083399], [-89.423658, 48.083678], [-89.423442, 48.083932], [-89.423159, 48.084162], [-89.422809, 48.084366], [-89.422391, 48.084546], [-89.42198, 48.084697], [-89.421575, 48.084818], [-89.421178, 48.084911], [-89.420787, 48.084974], [-89.420429, 48.08507], [-89.420106, 48.085201], [-89.419816, 48.085365], [-89.41956, 48.085563], [-89.419381, 48.085756], [-89.41928, 48.085945], [-89.419257, 48.086129], [-89.419311, 48.086309], [-89.419395, 48.086489], [-89.419509, 48.086669], [-89.419654, 48.086849], [-89.41983, 48.087029], [-89.420123, 48.087263], [-89.420534, 48.087551], [-89.421063, 48.087892], [-89.42171, 48.088288], [-89.42235, 48.088598], [-89.422984, 48.088823], [-89.423611, 48.088963], [-89.424231, 48.089017], [-89.424757, 48.089041], [-89.425188, 48.089037], [-89.425525, 48.089003], [-89.425768, 48.08894], [-89.42599, 48.088922], [-89.426192, 48.088949], [-89.426374, 48.089021], [-89.426536, 48.089138], [-89.426536, 48.089253], [-89.426374, 48.089365], [-89.426051, 48.089475], [-89.425565, 48.089583], [-89.425114, 48.089664], [-89.424696, 48.089718], [-89.424312, 48.089745], [-89.423961, 48.089745]]]}}, {"type": "Feature", "properties": {"lead": 24, "temp": "t10"}, "geometry": {"type": "Polygon", "coordinates": [[[-89.42326, 48.065393], [-89.423102, 48.065359], [-89.42292, 48.065345], [-89.422714, 48.065352], [-89.422485, 48.065379], [-89.422296, 48.065386], [-89.422148, 48.065372], [-89.42204, 48.065339], [-89.421973, 48.065285], [-89.421848, 48.065255], [-89.421666, 48.065251], [-89.421427, 48.065271], [-89.42113, 48.065316], [-89.420884, 48.06533], [-89.420689, 48.065312], [-89.420544, 48.065262], [-89.42045, 48.065181], [-89.420295, 48.065107], [-89.420079, 48.065039], [-89.419803, 48.064979], [-89.419466, 48.064925], [-89.419061, 48.064826], [-89.418589, 48.064682], [-89.41805, 48.064493], [-89.417444, 48.064259], [-89.416958, 48.064083], [-89.416594, 48.063966], [-89.416352, 48.063908], [-89.41623, 48.063908], [-89.416139, 48.063888], [-89.416079, 48.063847], [-89.416048, 48.063786], [-89.416048, 48.063705], [-89.416011, 48.063638], [-89.415937, 48.063584], [-89.415826, 48.063543], [-89.415678, 48.063516], [-89.41557, 48.06348], [-89.415502, 48.063435], [-89.415475, 48.063381], [-89.415489, 48.063319], [-89.415459, 48.063265], [-89.415384, 48.06322], [-89.415266, 48.063184], [-89.415105, 48.063157], [-89.414929, 48.063166], [-89.414741, 48.063211], [-89.414539, 48.063292], [-89.414323, 48.063408], [-89.414117, 48.063489], [-89.413922, 48.063534], [-89.413736, 48.063543], [-89.413561, 48.063516], [-89.41343, 48.063462], [-89.413342, 48.063381], [-89.413298, 48.063274], [-89.413298, 48.063139], [-89.413396, 48.063037], [-89.413592, 48.06297], [-89.413885, 48.062936], [-89.414276, 48.062936], [-89.414798, 48.063017], [-89.415452, 48.063179], [-89.416237, 48.063422], [-89.417154, 48.063746], [-89.418104, 48.064043], [-89.419088, 48.064313], [-89.420106, 48.064556], [-89.421157, 48.064772], [-89.422182, 48.064882], [-89.423179, 48.064886], [-89.42415, 48.064785], [-89.425094, 48.064578], [-89.425923, 48.064416], [-89.426637, 48.064299], [-89.427237, 48.064227], [-89.427722, 48.0642], [-89.428174, 48.064149], [-89.428592, 48.064072], [-89.428976, 48.063971], [-89.429326, 48.063845], [-89.429748, 48.063726], [-89.43024, 48.063613], [-89.430802, 48.063507], [-89.431436, 48.063408], [-89.431992, 48.063303], [-89.432471, 48.06319], [-89.432872, 48.063071], [-89.433195, 48.062945], [-89.433495, 48.062851], [-89.433771, 48.062788], [-89.434024, 48.062756], [-89.434253, 48.062756], [-89.434459, 48.062727], [-89.434641, 48.062668], [-89.434799, 48.062581], [-89.434934, 48.062464], [-89.435153, 48.062324], [-89.435456, 48.062162], [-89.435844, 48.061978], [-89.436316, 48.061771], [-89.436757, 48.061602], [-89.437168, 48.061472], [-89.437549, 48.061379], [-89.4379, 48.061325], [-89.438206, 48.061296], [-89.438469, 48.061292], [-89.438688, 48.061312], [-89.438864, 48.061357], [-89.439022, 48.061415], [-89.439163, 48.061487], [-89.439288, 48.061573], [-89.439396, 48.061672], [-89.439477, 48.061784], [-89.439531, 48.06191], [-89.439558, 48.06205], [-89.439558, 48.062203], [-89.439527, 48.062344], [-89.439467, 48.062475], [-89.439376, 48.062594], [-89.439254, 48.062702], [-89.439217, 48.062794], [-89.439265, 48.062871], [-89.439396, 48.062932], [-89.439612, 48.062977], [-89.43979, 48.063026], [-89.439932, 48.06308], [-89.440036, 48.063139], [-89.440104, 48.063202], [-89.440225, 48.063251], [-89.4404, 48.063287], [-89.440629, 48.06331], [-89.440913, 48.063319], [-89.441212, 48.063289], [-89.441529, 48.063222], [-89.441863, 48.063116], [-89.442213, 48.062972], [-89.442534, 48.062819], [-89.442823, 48.062657], [-89.443083, 48.062486], [-89.443312, 48.062306], [-89.443686, 48.062095], [-89.444205, 48.061852], [-89.444869, 48.061577], [-89.445678, 48.061271], [-89.446493, 48.061035], [-89.447316, 48.060869], [-89.448145, 48.060772], [-89.44898, 48.060745], [-89.449776, 48.060695], [-89.450531, 48.060623], [-89.451245, 48.060529], [-89.451919, 48.060412], [-89.452455, 48.060304], [-89.452853, 48.060205], [-89.453112, 48.060115], [-89.453233, 48.060034], [-89.453257, 48.059953], [-89.453183, 48.059872], [-89.453011, 48.059791], [-89.452741, 48.05971], [-89.452539, 48.059595], [-89.452404, 48.059447], [-89.452337, 48.059264], [-89.452337, 48.059048], [-89.452398, 48.058871], [-89.452519, 48.058731], [-89.452701, 48.05863], [-89.452944, 48.058567], [-89.453193, 48.058473], [-89.453449, 48.058347], [-89.453712, 48.058189], [-89.453982, 48.058], [-89.454211, 48.057854], [-89.454399, 48.05775], [-89.454548, 48.05769], [-89.454656, 48.057672], [-89.454753, 48.057633], [-89.454841, 48.057575], [-89.454918, 48.057496], [-89.454986, 48.057397], [-89.455138, 48.057287], [-89.455373, 48.057165], [-89.455694, 48.057033], [-89.456098, 48.056889], [-89.456506, 48.056713], [-89.456917, 48.056506], [-89.457331, 48.056268], [-89.457749, 48.055998], [-89.458198, 48.055755], [-89.458676, 48.055539], [-89.459185, 48.05535], [-89.459724, 48.055188], [-89.460206, 48.055062], [-89.460631, 48.054972], [-89.460998, 48.054918], [-89.461308, 48.0549], [-89.461625, 48.054918], [-89.461948, 48.054972], [-89.462279, 48.055062], [-89.462616, 48.055188], [-89.462909, 48.055332], [-89.463158, 48.055494], [-89.463364, 48.055674], [-89.463526, 48.055872], [-89.463708, 48.05602], [-89.46391, 48.056119], [-89.464132, 48.056169], [-89.464375, 48.056169], [-89.464705, 48.056124], [-89.465123, 48.056034], [-89.465628, 48.055899], [-89.466222, 48.055719], [-89.466808, 48.05557], [-89.467388, 48.055453], [-89.467961, 48.055368], [-89.468527, 48.055314], [-89.468985, 48.055284], [-89.469336, 48.05528], [-89.469578, 48.0553], [-89.469713, 48.055345], [-89.469814, 48.055363], [-89.469881, 48.055354], [-89.469915, 48.055318], [-89.469915, 48.055255], [-89.469942, 48.055203], [-89.469996, 48.055163], [-89.470077, 48.055134], [-89.470185, 48.055116], [-89.470566, 48.055093], [-89.471219, 48.055066], [-89.472146, 48.055035], [-89.473346, 48.054999], [-89.474475, 48.054945], [-89.475533, 48.054873], [-89.47652, 48.054783], [-89.477437, 48.054675], [-89.478125, 48.05458], [-89.478583, 48.054499], [-89.478812, 48.054432], [-89.478812, 48.054378], [-89.47889, 48.05431], [-89.479045, 48.054229], [-89.479277, 48.054135], [-89.479587, 48.054027], [-89.479837, 48.053856], [-89.480025, 48.053622], [-89.480153, 48.053325], [-89.480221, 48.052965], [-89.480167, 48.052614], [-89.479992, 48.052272], [-89.479695, 48.051939], [-89.479277, 48.051615], [-89.47895, 48.051344], [-89.478714, 48.051128], [-89.478569, 48.050966], [-89.478516, 48.050858], [-89.478216, 48.050755], [-89.47767, 48.050656], [-89.476878, 48.050561], [-89.47584, 48.050471], [-89.474947, 48.05035], [-89.474198, 48.050197], [-89.473595, 48.050012], [-89.473137, 48.049796], [-89.472658, 48.049605], [-89.47216, 48.049439], [-89.471641, 48.049297], [-89.471101, 48.04918], [-89.470599, 48.049056], [-89.470134, 48.048925], [-89.469706, 48.048788], [-89.469315, 48.048644], [-89.468999, 48.0485], [-89.468756, 48.048356], [-89.468587, 48.048212], [-89.468493, 48.048068], [-89.468537, 48.04796], [-89.468719, 48.047888], [-89.469039, 48.047852], [-89.469329, 48.047852], [-89.469696, 48.047895], [-89.47004, 48.04798], [-89.47036, 48.048109], [-89.470657, 48.04828], [-89.471021, 48.048437], [-89.471452, 48.048581], [-89.471951, 48.048712], [-89.472517, 48.048829], [-89.473026, 48.048959], [-89.473477, 48.049103], [-89.473872, 48.049261], [-89.474209, 48.049432], [-89.474482, 48.049547], [-89.474691, 48.049605], [-89.474835, 48.049607], [-89.474916, 48.049553], [-89.474938, 48.049543], [-89.474943, 48.049544], [-89.475036, 48.049551], [-89.475038, 48.049553], [-89.475038, 48.049607], [-89.475081, 48.049655], [-89.475169, 48.049695], [-89.475301, 48.049729], [-89.475476, 48.049756], [-89.475681, 48.049769], [-89.475917, 48.049769], [-89.476183, 48.049756], [-89.47648, 48.049729], [-89.476726, 48.049722], [-89.47689, 48.049733], [-89.476928, 48.04976], [-89.477016, 48.049796], [-89.477127, 48.049823], [-89.477196, 48.049833], [-89.477316, 48.049864], [-89.477531, 48.049891], [-89.477808, 48.049904], [-89.478145, 48.049904], [-89.478462, 48.04994], [-89.478758, 48.050012], [-89.479027, 48.050117], [-89.479119, 48.050183], [-89.479247, 48.050255], [-89.479322, 48.050285], [-89.479506, 48.050408], [-89.479682, 48.050552], [-89.479816, 48.050696], [-89.479911, 48.05084], [-89.480012, 48.050948], [-89.48012, 48.05102], [-89.480232, 48.051056], [-89.480281, 48.051095], [-89.480369, 48.051124], [-89.480436, 48.051097], [-89.480473, 48.051112], [-89.480507, 48.051144], [-89.480538, 48.051232], [-89.480538, 48.051349], [-89.480585, 48.051459], [-89.480679, 48.051563], [-89.480821, 48.05166], [-89.48085, 48.051673], [-89.480868, 48.051702], [-89.480962, 48.051806], [-89.481057, 48.051862], [-89.481071, 48.051863], [-89.481127, 48.051968], [-89.481174, 48.052314], [-89.481151, 48.052789], [-89.481057, 48.053392], [-89.480922, 48.05388], [-89.480747, 48.054254], [-89.480531, 48.054513], [-89.480275, 48.054657], [-89.479975, 48.054792], [-89.479631, 48.054918], [-89.479243, 48.055035], [-89.478812, 48.055143], [-89.478489, 48.055239], [-89.478273, 48.055325], [-89.478165, 48.055399], [-89.478165, 48.055439], [-89.477757, 48.055499], [-89.477525, 48.055467], [-89.477333, 48.055449], [-89.477205, 48.055449], [-89.477141, 48.055467], [-89.477141, 48.055503], [-89.477043, 48.055536], [-89.476847, 48.055568], [-89.476554, 48.055597], [-89.476163, 48.055624], [-89.47556, 48.055651], [-89.474744, 48.055678], [-89.473717, 48.055705], [-89.472476, 48.055732], [-89.471492, 48.055766], [-89.470764, 48.055806], [-89.470293, 48.055854], [-89.470077, 48.055908], [-89.469871, 48.055941], [-89.469676, 48.055955], [-89.469491, 48.055948], [-89.469315, 48.055921], [-89.46913, 48.055908], [-89.468934, 48.055908], [-89.468729, 48.055921], [-89.468513, 48.055948], [-89.468351, 48.055977], [-89.468244, 48.056009], [-89.46819, 48.056043], [-89.46819, 48.056071], [-89.468028, 48.056083], [-89.467489, 48.056146], [-89.467212, 48.056194], [-89.467111, 48.0562], [-89.466683, 48.056263], [-89.466259, 48.056362], [-89.465837, 48.056497], [-89.46542, 48.056668], [-89.465015, 48.056796], [-89.464624, 48.056882], [-89.464247, 48.056925], [-89.463883, 48.056925], [-89.463549, 48.056846], [-89.463246, 48.056688], [-89.462973, 48.056452], [-89.46273, 48.056137], [-89.46242, 48.055901], [-89.462043, 48.055743], [-89.461598, 48.055665], [-89.461086, 48.055665], [-89.460658, 48.055685], [-89.460314, 48.055725], [-89.460054, 48.055786], [-89.459879, 48.055867], [-89.459748, 48.055944], [-89.45966, 48.056016], [-89.459616, 48.056083], [-89.459616, 48.056146], [-89.459562, 48.0562], [-89.459455, 48.056245], [-89.459293, 48.056281], [-89.459077, 48.056308], [-89.458905, 48.056351], [-89.458777, 48.056409], [-89.458693, 48.056484], [-89.458652, 48.056574], [-89.458568, 48.056648], [-89.45844, 48.056706], [-89.458268, 48.056749], [-89.458053, 48.056776], [-89.457773, 48.056868], [-89.457429, 48.057026], [-89.457021, 48.057249], [-89.45655, 48.057537], [-89.456078, 48.057795], [-89.455606, 48.058025], [-89.455134, 48.058225], [-89.454662, 48.058396], [-89.454319, 48.058554], [-89.454103, 48.058698], [-89.454015, 48.058828], [-89.454056, 48.058945], [-89.454103, 48.059028], [-89.454157, 48.059078], [-89.454217, 48.059093], [-89.454285, 48.059075], [-89.454362, 48.059087], [-89.45445, 48.059127], [-89.454548, 48.059197], [-89.454656, 48.059296], [-89.454736, 48.059393], [-89.45479, 48.059487], [-89.454817, 48.059579], [-89.454817, 48.059669], [-89.454763, 48.059786], [-89.454656, 48.05993], [-89.454494, 48.060101], [-89.454278, 48.060299], [-89.454073, 48.060455], [-89.453877, 48.060567], [-89.453692, 48.060637], [-89.453517, 48.060664], [-89.453382, 48.060695], [-89.453287, 48.060731], [-89.453233, 48.060772], [-89.45322, 48.060817], [-89.453173, 48.060846], [-89.453092, 48.06086], [-89.452977, 48.060857], [-89.452829, 48.060839], [-89.452694, 48.060844], [-89.452573, 48.060871], [-89.452465, 48.06092], [-89.452371, 48.060992], [-89.452131, 48.061067], [-89.451747, 48.061143], [-89.451218, 48.061222], [-89.450544, 48.061303], [-89.449981, 48.061364], [-89.44953, 48.061404], [-89.449189, 48.061424], [-89.44896, 48.061424], [-89.448768, 48.061409], [-89.448613, 48.061377], [-89.448495, 48.06133], [-89.448414, 48.061267], [-89.448343, 48.061233], [-89.448283, 48.061229], [-89.448232, 48.061253], [-89.448192, 48.061307], [-89.448128, 48.061341], [-89.44804, 48.061355], [-89.447929, 48.061348], [-89.447794, 48.061321], [-89.447609, 48.061339], [-89.447373, 48.061402], [-89.447086, 48.06151], [-89.446749, 48.061663], [-89.446476, 48.061775], [-89.446268, 48.061847], [-89.446123, 48.061879], [-89.446042, 48.06187], [-89.445957, 48.061885], [-89.44587, 48.061926], [-89.445779, 48.061991], [-89.445685, 48.062081], [-89.44557, 48.062155], [-89.445435, 48.062214], [-89.44528, 48.062257], [-89.445105, 48.062284], [-89.444855, 48.062376], [-89.444532, 48.062533], [-89.444134, 48.062756], [-89.443662, 48.063044], [-89.443258, 48.063267], [-89.442921, 48.063424], [-89.442651, 48.063516], [-89.442449, 48.063543], [-89.442294, 48.063577], [-89.442186, 48.063618], [-89.442126, 48.063665], [-89.442112, 48.063719], [-89.442082, 48.063753], [-89.442035, 48.063766], [-89.441971, 48.063759], [-89.44189, 48.063732], [-89.441829, 48.063726], [-89.441789, 48.063739], [-89.441769, 48.063773], [-89.441769, 48.063827], [-89.441748, 48.063861], [-89.441708, 48.063874], [-89.441647, 48.063867], [-89.441566, 48.06384], [-89.441506, 48.063834], [-89.441465, 48.063847], [-89.441445, 48.063881], [-89.441445, 48.063935], [-89.441391, 48.063971], [-89.441283, 48.063989], [-89.441121, 48.063989], [-89.440906, 48.063971], [-89.440744, 48.063948], [-89.440636, 48.063921], [-89.440582, 48.06389], [-89.440582, 48.063854], [-89.440549, 48.063836], [-89.440481, 48.063836], [-89.44038, 48.063854], [-89.440245, 48.06389], [-89.440144, 48.063901], [-89.440077, 48.063888], [-89.440043, 48.063849], [-89.440043, 48.063786], [-89.440006, 48.063746], [-89.439932, 48.063728], [-89.439821, 48.063732], [-89.439672, 48.063759], [-89.439558, 48.063759], [-89.439477, 48.063732], [-89.43943, 48.063678], [-89.439416, 48.063597], [-89.439329, 48.06353], [-89.439167, 48.063476], [-89.438931, 48.063435], [-89.438621, 48.063408], [-89.438402, 48.063366], [-89.438274, 48.063307], [-89.438237, 48.063233], [-89.438291, 48.063143], [-89.438297, 48.063069], [-89.438257, 48.06301], [-89.438169, 48.062968], [-89.438035, 48.062941], [-89.437937, 48.062898], [-89.437876, 48.062839], [-89.437853, 48.062765], [-89.437866, 48.062675], [-89.437917, 48.062601], [-89.438004, 48.062542], [-89.438129, 48.0625], [-89.438291, 48.062473], [-89.438422, 48.062423], [-89.438523, 48.062351], [-89.438594, 48.062257], [-89.438634, 48.06214], [-89.438621, 48.062045], [-89.438553, 48.061973], [-89.438432, 48.061924], [-89.438257, 48.061897], [-89.438031, 48.061926], [-89.437755, 48.062011], [-89.437428, 48.062153], [-89.43705, 48.062351], [-89.4367, 48.062515], [-89.436376, 48.062646], [-89.43608, 48.062743], [-89.43581, 48.062806], [-89.435598, 48.062878], [-89.435443, 48.062959], [-89.435345, 48.063049], [-89.435305, 48.063148], [-89.435231, 48.063211], [-89.435123, 48.063238], [-89.434981, 48.063229], [-89.434806, 48.063184], [-89.434671, 48.063168], [-89.434577, 48.063181], [-89.434523, 48.063224], [-89.434509, 48.063296], [-89.434425, 48.063348], [-89.43427, 48.063379], [-89.434044, 48.06339], [-89.433748, 48.063381], [-89.433519, 48.063395], [-89.433357, 48.063431], [-89.433263, 48.063489], [-89.433236, 48.06357], [-89.433185, 48.063618], [-89.433111, 48.063631], [-89.433013, 48.063611], [-89.432892, 48.063557], [-89.432804, 48.063541], [-89.43275, 48.063564], [-89.43273, 48.063624], [-89.432744, 48.063723], [-89.432673, 48.0638], [-89.432518, 48.063854], [-89.432278, 48.063885], [-89.431955, 48.063894], [-89.431706, 48.063915], [-89.43153, 48.063946], [-89.431429, 48.063989], [-89.431402, 48.064043], [-89.431358, 48.06407], [-89.431298, 48.06407], [-89.43122, 48.064043], [-89.431126, 48.063989], [-89.431038, 48.063969], [-89.430957, 48.063982], [-89.430883, 48.064029], [-89.430816, 48.06411], [-89.430684, 48.064173], [-89.430489, 48.064218], [-89.430229, 48.064245], [-89.429906, 48.064254], [-89.429643, 48.064281], [-89.429441, 48.064326], [-89.429299, 48.064389], [-89.429218, 48.06447], [-89.429124, 48.064524], [-89.429016, 48.064551], [-89.428895, 48.064551], [-89.42876, 48.064524], [-89.428639, 48.06452], [-89.428531, 48.064538], [-89.428437, 48.064578], [-89.428356, 48.064641], [-89.428261, 48.064693], [-89.428154, 48.064734], [-89.428032, 48.064763], [-89.427897, 48.064781], [-89.427786, 48.064774], [-89.427699, 48.064743], [-89.427635, 48.064686], [-89.427594, 48.064605], [-89.427544, 48.064545], [-89.427483, 48.064504], [-89.427412, 48.064484], [-89.427331, 48.064484], [-89.42726, 48.0645], [-89.4272, 48.064531], [-89.427149, 48.064578], [-89.427109, 48.064641], [-89.427055, 48.064689], [-89.426987, 48.06472], [-89.426907, 48.064736], [-89.426812, 48.064736], [-89.426741, 48.064749], [-89.426694, 48.064776], [-89.426671, 48.064817], [-89.426671, 48.064871], [-89.426533, 48.064911], [-89.426256, 48.064938], [-89.425842, 48.064952], [-89.425289, 48.064952], [-89.424874, 48.064967], [-89.424598, 48.064999], [-89.42446, 48.065046], [-89.42446, 48.065109], [-89.424436, 48.065156], [-89.424389, 48.065188], [-89.424318, 48.065204], [-89.424224, 48.065204], [-89.424153, 48.065217], [-89.424106, 48.065244], [-89.424083, 48.065285], [-89.424083, 48.065339], [-89.424052, 48.065372], [-89.423992, 48.065386], [-89.423901, 48.065379], [-89.423779, 48.065352], [-89.423688, 48.065345], [-89.423628, 48.065359], [-89.423597, 48.065393], [-89.423597, 48.065447], [-89.423564, 48.065474], [-89.423496, 48.065474], [-89.423395, 48.065447], [-89.42326, 48.065393]], [[-89.453153, 48.05912], [-89.453122, 48.059127], [-89.453102, 48.059141], [-89.453092, 48.059161], [-89.453092, 48.059188], [-89.453102, 48.059201], [-89.453122, 48.059201], [-89.453153, 48.059188], [-89.453193, 48.059161], [-89.453213, 48.059141], [-89.453213, 48.059127], [-89.453193, 48.05912], [-89.453153, 48.05912]], [[-89.453955, 48.058909], [-89.453924, 48.058896], [-89.453864, 48.058896], [-89.453773, 48.058909], [-89.453651, 48.058936], [-89.453591, 48.058956], [-89.453591, 48.05897], [-89.453651, 48.058976], [-89.453773, 48.058976], [-89.453864, 48.05897], [-89.453924, 48.058956], [-89.453955, 48.058936], [-89.453955, 48.058909]], [[-89.453597, 48.058833], [-89.453587, 48.058835], [-89.453581, 48.058839], [-89.453577, 48.058846], [-89.453577, 48.058855], [-89.453581, 48.05886], [-89.453587, 48.05886], [-89.453597, 48.058855], [-89.453611, 48.058846], [-89.453618, 48.058839], [-89.453618, 48.058835], [-89.453611, 48.058833], [-89.453597, 48.058833]], [[-89.453759, 48.058725], [-89.453749, 48.058727], [-89.453742, 48.058731], [-89.453739, 48.058738], [-89.453739, 48.058747], [-89.453742, 48.058752], [-89.453749, 48.058752], [-89.453759, 48.058747], [-89.453773, 48.058738], [-89.453779, 48.058731], [-89.453779, 48.058727], [-89.453773, 48.058725], [-89.453759, 48.058725]], [[-89.454083, 48.058509], [-89.454073, 48.058511], [-89.454066, 48.058515], [-89.454062, 48.058522], [-89.454062, 48.058531], [-89.454066, 48.058536], [-89.454073, 48.058536], [-89.454083, 48.058531], [-89.454096, 48.058522], [-89.454103, 48.058515], [-89.454103, 48.058511], [-89.454096, 48.058509], [-89.454083, 48.058509]]]}}, {"type": "Feature", "properties": {"lead": 24, "temp": "t10"}, "geometry": {"type": "Polygon", "coordinates": [[[-89.436484, 48.070049], [-89.436562, 48.069939], [-89.436717, 48.069853], [-89.436949, 48.069793], [-89.437259, 48.069757], [-89.437489, 48.069752], [-89.437637, 48.069779], [-89.437704, 48.069838], [-89.437691, 48.069928], [-89.437607, 48.070015], [-89.437451, 48.070101], [-89.437226, 48.070184], [-89.436929, 48.070265], [-89.436707, 48.070292], [-89.436558, 48.070265], [-89.436484, 48.070184], [-89.436484, 48.070049]]]}}, {"type": "Feature", "properties": {"lead": 24, "temp": "t10"}, "geometry": {"type": "Polygon", "coordinates": [[[-89.430695, 48.080755], [-89.430432, 48.080705], [-89.430216, 48.080633], [-89.430047, 48.080539], [-89.429926, 48.080422], [-89.429852, 48.080285], [-89.429825, 48.080127], [-89.429845, 48.07995], [-89.429913, 48.079752], [-89.430007, 48.079574], [-89.430128, 48.079417], [-89.430277, 48.07928], [-89.430452, 48.079163], [-89.430809, 48.07898], [-89.431348, 48.078733], [-89.43207, 48.07842], [-89.432973, 48.078043], [-89.433731, 48.077752], [-89.434344, 48.07755], [-89.434813, 48.077435], [-89.435136, 48.077408], [-89.435443, 48.077368], [-89.435733, 48.077314], [-89.436006, 48.077246], [-89.436262, 48.077165], [-89.436622, 48.077024], [-89.437088, 48.076821], [-89.437657, 48.076558], [-89.438331, 48.076234], [-89.439093, 48.075904], [-89.439942, 48.075566], [-89.440879, 48.075222], [-89.441903, 48.074871], [-89.442897, 48.074491], [-89.443861, 48.074082], [-89.444795, 48.073643], [-89.445698, 48.073176], [-89.446473, 48.072816], [-89.44712, 48.072564], [-89.447639, 48.07242], [-89.44803, 48.072384], [-89.448455, 48.072244], [-89.448913, 48.072001], [-89.449405, 48.071655], [-89.449931, 48.071205], [-89.450497, 48.070778], [-89.451104, 48.070373], [-89.451751, 48.069991], [-89.452438, 48.069631], [-89.45325, 48.069264], [-89.454187, 48.068891], [-89.455249, 48.06851], [-89.456435, 48.068124], [-89.457409, 48.067833], [-89.458171, 48.06764], [-89.45872, 48.067543], [-89.459057, 48.067543], [-89.45937, 48.067525], [-89.45966, 48.067489], [-89.459926, 48.067435], [-89.460169, 48.067363], [-89.460466, 48.067309], [-89.460816, 48.067273], [-89.46122, 48.067255], [-89.461679, 48.067255], [-89.462228, 48.067156], [-89.462868, 48.066958], [-89.4636, 48.066661], [-89.464422, 48.066265], [-89.465147, 48.065966], [-89.465773, 48.065764], [-89.466302, 48.065658], [-89.466734, 48.065649], [-89.467088, 48.065627], [-89.467364, 48.065591], [-89.467563, 48.065541], [-89.467684, 48.065478], [-89.467779, 48.065395], [-89.467846, 48.065291], [-89.467886, 48.065168], [-89.4679, 48.065024], [-89.467873, 48.064855], [-89.467806, 48.064662], [-89.467698, 48.064443], [-89.467549, 48.0642], [-89.467293, 48.064014], [-89.466929, 48.063883], [-89.466457, 48.063809], [-89.465878, 48.063791], [-89.465288, 48.06375], [-89.464688, 48.063687], [-89.464078, 48.063602], [-89.463458, 48.063494], [-89.462774, 48.063467], [-89.462026, 48.063521], [-89.461214, 48.063656], [-89.460337, 48.063872], [-89.459168, 48.06407], [-89.457705, 48.06425], [-89.45595, 48.064412], [-89.453901, 48.064556], [-89.452236, 48.064718], [-89.450955, 48.064898], [-89.450059, 48.065096], [-89.449547, 48.065312], [-89.449068, 48.065492], [-89.448623, 48.065636], [-89.448212, 48.065744], [-89.447835, 48.065816], [-89.447208, 48.065872], [-89.446332, 48.065912], [-89.445206, 48.065937], [-89.443831, 48.065946], [-89.442668, 48.066], [-89.441718, 48.066099], [-89.44098, 48.066243], [-89.440454, 48.066432], [-89.440104, 48.066666], [-89.439928, 48.066945], [-89.439928, 48.067269], [-89.440104, 48.067638], [-89.440235, 48.067966], [-89.440323, 48.068254], [-89.440367, 48.068501], [-89.440367, 48.068708], [-89.44035, 48.068884], [-89.440316, 48.069028], [-89.440265, 48.06914], [-89.440198, 48.069221], [-89.4401, 48.069273], [-89.439972, 48.069295], [-89.439814, 48.069289], [-89.439625, 48.069253], [-89.439504, 48.069255], [-89.43945, 48.069295], [-89.439463, 48.069374], [-89.439544, 48.069491], [-89.439541, 48.069604], [-89.439453, 48.069712], [-89.439281, 48.069815], [-89.439025, 48.069914], [-89.43882, 48.069948], [-89.438665, 48.069916], [-89.43856, 48.06982], [-89.438506, 48.069658], [-89.438527, 48.0695], [-89.438621, 48.069347], [-89.438789, 48.069199], [-89.439032, 48.069055], [-89.439214, 48.068904], [-89.439335, 48.068747], [-89.439396, 48.068582], [-89.439396, 48.068411], [-89.439372, 48.068263], [-89.439325, 48.068137], [-89.439254, 48.068034], [-89.43916, 48.067953], [-89.439079, 48.067833], [-89.439012, 48.067676], [-89.438958, 48.06748], [-89.438917, 48.067246], [-89.438874, 48.067071], [-89.438826, 48.066954], [-89.438776, 48.066895], [-89.438722, 48.066895], [-89.438685, 48.066846], [-89.438665, 48.066747], [-89.438661, 48.066598], [-89.438675, 48.0664], [-89.438715, 48.066229], [-89.438783, 48.066086], [-89.438877, 48.065969], [-89.438998, 48.065879], [-89.439143, 48.065811], [-89.439312, 48.065766], [-89.439504, 48.065744], [-89.43972, 48.065744], [-89.439969, 48.06571], [-89.440252, 48.065642], [-89.440569, 48.065541], [-89.440919, 48.065406], [-89.441526, 48.065296], [-89.442389, 48.06521], [-89.443507, 48.06515], [-89.444882, 48.065114], [-89.446008, 48.06506], [-89.446884, 48.064988], [-89.447511, 48.064898], [-89.447889, 48.06479], [-89.448205, 48.064716], [-89.448461, 48.064675], [-89.448657, 48.064668], [-89.448792, 48.064695], [-89.448923, 48.064686], [-89.449051, 48.064641], [-89.449176, 48.06456], [-89.449297, 48.064443], [-89.449452, 48.064342], [-89.449641, 48.064257], [-89.449863, 48.064187], [-89.45012, 48.064133], [-89.450443, 48.064092], [-89.450834, 48.064065], [-89.451292, 48.064052], [-89.451818, 48.064052], [-89.452243, 48.064029], [-89.452566, 48.063984], [-89.452789, 48.063917], [-89.45291, 48.063827], [-89.453227, 48.063746], [-89.453739, 48.063674], [-89.454447, 48.063611], [-89.45535, 48.063557], [-89.456111, 48.063523], [-89.456732, 48.06351], [-89.45721, 48.063516], [-89.457547, 48.063543], [-89.457867, 48.06355], [-89.458171, 48.063537], [-89.458457, 48.063503], [-89.458727, 48.063449], [-89.458949, 48.063393], [-89.459124, 48.063334], [-89.459252, 48.063274], [-89.459333, 48.063211], [-89.459414, 48.06317], [-89.459495, 48.063152], [-89.459576, 48.063157], [-89.459657, 48.063184], [-89.459761, 48.063184], [-89.459889, 48.063157], [-89.460041, 48.063103], [-89.460216, 48.063022], [-89.460445, 48.062945], [-89.460728, 48.062873], [-89.461065, 48.062806], [-89.461456, 48.062743], [-89.46176, 48.062704], [-89.461975, 48.062691], [-89.462103, 48.062702], [-89.462144, 48.062738], [-89.462282, 48.062765], [-89.462518, 48.062783], [-89.462852, 48.062792], [-89.463283, 48.062792], [-89.46367, 48.062812], [-89.464014, 48.062853], [-89.464314, 48.062914], [-89.46457, 48.062995], [-89.464921, 48.063055], [-89.465366, 48.063096], [-89.465905, 48.063116], [-89.466538, 48.063116], [-89.467081, 48.063152], [-89.467533, 48.063224], [-89.467893, 48.063332], [-89.468163, 48.063476], [-89.468395, 48.063699], [-89.468591, 48.064], [-89.468749, 48.06438], [-89.46887, 48.064839], [-89.468918, 48.065219], [-89.468891, 48.065521], [-89.46879, 48.065744], [-89.468614, 48.065888], [-89.468355, 48.066009], [-89.468011, 48.066108], [-89.467583, 48.066184], [-89.467071, 48.066238], [-89.466666, 48.066295], [-89.46637, 48.066353], [-89.466181, 48.066414], [-89.4661, 48.066477], [-89.465986, 48.066531], [-89.465837, 48.066576], [-89.465655, 48.066612], [-89.46544, 48.066639], [-89.465234, 48.066702], [-89.465039, 48.066801], [-89.464853, 48.066936], [-89.464678, 48.067107], [-89.464503, 48.067242], [-89.464328, 48.067341], [-89.464152, 48.067404], [-89.463977, 48.067431], [-89.463825, 48.067473], [-89.463697, 48.067532], [-89.463593, 48.067606], [-89.463512, 48.067696], [-89.463408, 48.067777], [-89.46328, 48.067849], [-89.463128, 48.067912], [-89.462953, 48.067966], [-89.462767, 48.068], [-89.462572, 48.068013], [-89.462366, 48.068007], [-89.462151, 48.06798], [-89.461958, 48.067966], [-89.46179, 48.067966], [-89.461645, 48.06798], [-89.461524, 48.068007], [-89.461433, 48.068043], [-89.461372, 48.068088], [-89.461342, 48.068142], [-89.461342, 48.068205], [-89.461332, 48.068243], [-89.461311, 48.068256], [-89.461281, 48.068245], [-89.461241, 48.068209], [-89.461123, 48.068182], [-89.460927, 48.068164], [-89.460654, 48.068155], [-89.460304, 48.068155], [-89.460041, 48.068164], [-89.459866, 48.068182], [-89.459778, 48.068209], [-89.459778, 48.068245], [-89.459714, 48.068272], [-89.459586, 48.06829], [-89.459394, 48.068299], [-89.459138, 48.068299], [-89.458925, 48.068312], [-89.458757, 48.068339], [-89.458632, 48.06838], [-89.458551, 48.068434], [-89.458447, 48.068474], [-89.458319, 48.068501], [-89.458167, 48.068515], [-89.457992, 48.068515], [-89.457786, 48.068551], [-89.45755, 48.068623], [-89.457284, 48.068731], [-89.456988, 48.068875], [-89.456732, 48.068983], [-89.456516, 48.069055], [-89.456341, 48.069091], [-89.456206, 48.069091], [-89.456031, 48.069127], [-89.455815, 48.069199], [-89.455559, 48.069307], [-89.455262, 48.069451], [-89.454966, 48.069572], [-89.454669, 48.069671], [-89.454373, 48.069748], [-89.454076, 48.069802], [-89.453843, 48.069858], [-89.453675, 48.069916], [-89.45357, 48.069977], [-89.45353, 48.07004], [-89.453446, 48.070101], [-89.453318, 48.070159], [-89.453146, 48.070215], [-89.45293, 48.070269], [-89.452681, 48.070359], [-89.452398, 48.070485], [-89.452081, 48.070647], [-89.45173, 48.070845], [-89.451393, 48.071066], [-89.45107, 48.071309], [-89.45076, 48.071574], [-89.450463, 48.071862], [-89.450187, 48.0721], [-89.449931, 48.072289], [-89.449695, 48.072429], [-89.449479, 48.072519], [-89.449324, 48.0726], [-89.44923, 48.072672], [-89.449196, 48.072735], [-89.449223, 48.072789], [-89.449226, 48.072838], [-89.449206, 48.072883], [-89.449162, 48.072924], [-89.449095, 48.07296], [-89.449011, 48.072978], [-89.44891, 48.072978], [-89.448792, 48.07296], [-89.448657, 48.072924], [-89.448536, 48.072912], [-89.448428, 48.072926], [-89.448333, 48.072964], [-89.448252, 48.073027], [-89.448104, 48.073088], [-89.447889, 48.073146], [-89.447605, 48.073203], [-89.447255, 48.073256], [-89.446942, 48.073333], [-89.446665, 48.073432], [-89.446426, 48.073553], [-89.446224, 48.073697], [-89.446048, 48.073805], [-89.4459, 48.073877], [-89.445779, 48.073913], [-89.445685, 48.073913], [-89.445604, 48.073931], [-89.445536, 48.073967], [-89.445482, 48.074021], [-89.445442, 48.074093], [-89.445378, 48.074149], [-89.44529, 48.07419], [-89.445179, 48.074215], [-89.445044, 48.074224], [-89.444903, 48.074266], [-89.444754, 48.074343], [-89.444599, 48.074453], [-89.444438, 48.074597], [-89.444293, 48.074705], [-89.444165, 48.074777], [-89.444053, 48.074813], [-89.443959, 48.074813], [-89.443868, 48.074835], [-89.44378, 48.07488], [-89.443696, 48.074948], [-89.443615, 48.075038], [-89.443501, 48.075119], [-89.443352, 48.075191], [-89.44317, 48.075254], [-89.442955, 48.075308], [-89.442773, 48.075371], [-89.442625, 48.075443], [-89.44251, 48.075524], [-89.442429, 48.075614], [-89.442335, 48.075681], [-89.442227, 48.075726], [-89.442106, 48.075749], [-89.441971, 48.075749], [-89.441839, 48.075771], [-89.441711, 48.075816], [-89.441587, 48.075884], [-89.441465, 48.075973], [-89.441256, 48.076068], [-89.44096, 48.076167], [-89.440576, 48.07627], [-89.440104, 48.076378], [-89.439736, 48.076475], [-89.439474, 48.07656], [-89.439315, 48.076635], [-89.439261, 48.076698], [-89.439147, 48.076765], [-89.438971, 48.076837], [-89.438735, 48.076914], [-89.438439, 48.076995], [-89.438206, 48.077071], [-89.438038, 48.077143], [-89.437933, 48.07721], [-89.437893, 48.077273], [-89.437788, 48.077341], [-89.43762, 48.077413], [-89.437387, 48.077489], [-89.437091, 48.07757], [-89.436858, 48.077647], [-89.43669, 48.077719], [-89.436585, 48.077786], [-89.436545, 48.077849], [-89.436363, 48.077923], [-89.436039, 48.078009], [-89.435574, 48.078106], [-89.434968, 48.078214], [-89.434503, 48.07831], [-89.434179, 48.078396], [-89.433997, 48.07847], [-89.433957, 48.078533], [-89.433744, 48.078643], [-89.43336, 48.078801], [-89.432804, 48.079005], [-89.432076, 48.079257], [-89.431497, 48.079468], [-89.431065, 48.079639], [-89.430782, 48.07977], [-89.430647, 48.07986], [-89.430546, 48.079941], [-89.430479, 48.080013], [-89.430445, 48.080076], [-89.430445, 48.08013], [-89.430469, 48.080163], [-89.430516, 48.080177], [-89.430587, 48.08017], [-89.430681, 48.080143], [-89.430752, 48.080141], [-89.430799, 48.080163], [-89.430823, 48.080211], [-89.430823, 48.080283], [-89.430843, 48.080319], [-89.430883, 48.080319], [-89.430944, 48.080283], [-89.431025, 48.080211], [-89.431139, 48.080148], [-89.431288, 48.080094], [-89.43147, 48.080049], [-89.431685, 48.080013], [-89.431921, 48.079995], [-89.432177, 48.079995], [-89.432454, 48.080013], [-89.43275, 48.080049], [-89.432973, 48.080055], [-89.433121, 48.080033], [-89.433195, 48.079981], [-89.433195, 48.0799], [-89.433239, 48.079846], [-89.433327, 48.079819], [-89.433458, 48.079819], [-89.433633, 48.079846], [-89.433808, 48.079837], [-89.433984, 48.079792], [-89.434159, 48.079711], [-89.434334, 48.079594], [-89.43452, 48.079543], [-89.434715, 48.079556], [-89.434921, 48.079635], [-89.435136, 48.079779], [-89.435049, 48.079938], [-89.434658, 48.080114], [-89.433963, 48.080305], [-89.432966, 48.080512], [-89.43214, 48.08066], [-89.431487, 48.08075], [-89.431005, 48.080782], [-89.430695, 48.080755]]]}}, {"type": "Feature", "properties": {"lead": 24, "temp": "t10"}, "geometry": {"type": "Polygon", "coordinates": [[[-89.431075, 48.088601], [-89.431015, 48.08856], [-89.430984, 48.088513], [-89.430984, 48.088459], [-89.430947, 48.088416], [-89.430873, 48.088385], [-89.430762, 48.088365], [-89.430614, 48.088356], [-89.430614, 48.088342], [-89.430762, 48.088324], [-89.431059, 48.088302], [-89.431503, 48.088275], [-89.432147, 48.088137], [-89.43299, 48.08789], [-89.434031, 48.087533], [-89.435271, 48.087065], [-89.436201, 48.086739], [-89.436821, 48.086554], [-89.437131, 48.086512], [-89.437131, 48.086611], [-89.437091, 48.086714], [-89.43701, 48.086822], [-89.436889, 48.086934], [-89.436727, 48.087051], [-89.436582, 48.087139], [-89.436454, 48.087197], [-89.436343, 48.087227], [-89.436248, 48.087227], [-89.436039, 48.087296], [-89.435716, 48.087436], [-89.435278, 48.087645], [-89.434725, 48.087924], [-89.434257, 48.088128], [-89.433873, 48.088259], [-89.433573, 48.088315], [-89.433357, 48.088297], [-89.433185, 48.088297], [-89.433057, 48.088315], [-89.432973, 48.088351], [-89.432932, 48.088405], [-89.432824, 48.088445], [-89.432649, 48.088472], [-89.432407, 48.088486], [-89.432096, 48.088486], [-89.431854, 48.088499], [-89.431679, 48.088526], [-89.431571, 48.088567], [-89.43153, 48.088621], [-89.43147, 48.088655], [-89.431389, 48.088668], [-89.431288, 48.088661], [-89.431166, 48.088634], [-89.431075, 48.088601]]]}}, {"type": "Feature", "properties": {"lead": 24, "temp": "t10"}, "geometry": {"type": "Polygon", "coordinates": [[[-89.429094, 48.088499], [-89.429222, 48.08849], [-89.429138, 48.088522], [-89.428841, 48.088594], [-89.428555, 48.088652], [-89.428278, 48.088697], [-89.428012, 48.088729], [-89.427756, 48.088747], [-89.427702, 48.088738], [-89.42785, 48.088702], [-89.428201, 48.088639], [-89.428753, 48.088549], [-89.429094, 48.088499]]]}}, {"type": "Feature", "properties": {"lead": 24, "temp": "t10"}, "geometry": {"type": "Polygon", "coordinates": [[[-89.427109, 48.088864], [-89.427045, 48.088834], [-89.426957, 48.088812], [-89.426846, 48.088796], [-89.426711, 48.088787], [-89.426654, 48.08878], [-89.426674, 48.088776], [-89.426772, 48.088774], [-89.426947, 48.088774], [-89.427078, 48.088785], [-89.427166, 48.088807], [-89.42721, 48.088841], [-89.42721, 48.088886], [-89.4272, 48.088911], [-89.42718, 48.088915], [-89.427149, 48.0889], [-89.427109, 48.088864]]]}}, {"type": "Feature", "properties": {"lead": 24, "temp": "t10"}, "geometry": {"type": "Polygon", "coordinates": [[[-89.413383, 48.058846], [-89.413551, 48.058711], [-89.413804, 48.058585], [-89.414141, 48.058468], [-89.414427, 48.058396], [-89.414663, 48.058369], [-89.414849, 48.058387], [-89.414983, 48.05845], [-89.415084, 48.058475], [-89.415152, 48.058461], [-89.415186, 48.05841], [-89.415186, 48.05832], [-89.415219, 48.058245], [-89.415287, 48.058187], [-89.415388, 48.058144], [-89.415523, 48.058117], [-89.415634, 48.058077], [-89.415721, 48.058023], [-89.415785, 48.057955], [-89.415826, 48.057874], [-89.415876, 48.057818], [-89.415937, 48.057786], [-89.416008, 48.05778], [-89.416089, 48.057798], [-89.41617, 48.057784], [-89.416251, 48.057739], [-89.416331, 48.057663], [-89.416412, 48.057555], [-89.416422, 48.057467], [-89.416362, 48.057399], [-89.41623, 48.057352], [-89.416028, 48.057325], [-89.415725, 48.057339], [-89.41532, 48.057393], [-89.414815, 48.057487], [-89.414208, 48.057622], [-89.413753, 48.057678], [-89.41345, 48.057656], [-89.413298, 48.057555], [-89.413298, 48.057375], [-89.413447, 48.057213], [-89.413743, 48.057069], [-89.414188, 48.056943], [-89.414781, 48.056835], [-89.415293, 48.05676], [-89.415725, 48.05672], [-89.416075, 48.056713], [-89.416345, 48.05674], [-89.416594, 48.056799], [-89.416823, 48.056889], [-89.417032, 48.05701], [-89.417221, 48.057163], [-89.417353, 48.057316], [-89.417427, 48.057469], [-89.417444, 48.057622], [-89.417403, 48.057775], [-89.41712, 48.057975], [-89.416594, 48.058223], [-89.415826, 48.058518], [-89.414815, 48.05886], [-89.414057, 48.059078], [-89.413551, 48.059172], [-89.413298, 48.059143], [-89.413298, 48.05899], [-89.413383, 48.058846]]]}}, {"type": "Feature", "properties": {"lead": 24, "temp": "t10"}, "geometry": {"type": "Polygon", "coordinates": [[[-89.413848, 48.065548], [-89.413868, 48.065534], [-89.413898, 48.065528], [-89.413939, 48.065528], [-89.413959, 48.065534], [-89.413959, 48.065548], [-89.413939, 48.065568], [-89.413898, 48.065595], [-89.413868, 48.065609], [-89.413848, 48.065609], [-89.413838, 48.065595], [-89.413838, 48.065568], [-89.413848, 48.065548]]]}}, {"type": "Feature", "properties": {"lead": 24, "temp": "t10"}, "geometry": {"type": "Polygon", "coordinates": [[[-89.413359, 48.068488], [-89.413389, 48.068299], [-89.41349, 48.068119], [-89.413662, 48.067948], [-89.413905, 48.067786], [-89.414026, 48.067588], [-89.414026, 48.067354], [-89.413905, 48.067084], [-89.413662, 48.066778], [-89.41348, 48.066486], [-89.413359, 48.066207], [-89.413298, 48.065942], [-89.413298, 48.06569], [-89.413352, 48.065537], [-89.41346, 48.065483], [-89.413622, 48.065528], [-89.413838, 48.065672], [-89.41403, 48.065843], [-89.414198, 48.066041], [-89.414343, 48.066265], [-89.414464, 48.066517], [-89.414589, 48.066729], [-89.414717, 48.0669], [-89.414849, 48.06703], [-89.414983, 48.06712], [-89.415078, 48.067237], [-89.415132, 48.067381], [-89.415145, 48.067552], [-89.415118, 48.06775], [-89.414997, 48.067957], [-89.414781, 48.068173], [-89.414471, 48.068398], [-89.414067, 48.068632], [-89.413753, 48.068758], [-89.413531, 48.068776], [-89.413399, 48.068686], [-89.413359, 48.068488]]]}}, {"type": "Feature", "properties": {"lead": 24, "temp": "t10"}, "geometry": {"type": "Polygon", "coordinates": [[[-89.422492, 48.073279], [-89.422114, 48.073216], [-89.421764, 48.073126], [-89.42144, 48.073009], [-89.421147, 48.072921], [-89.420884, 48.072863], [-89.420652, 48.072834], [-89.42045, 48.072834], [-89.420231, 48.072795], [-89.419995, 48.072719], [-89.419742, 48.072604], [-89.419472, 48.072451], [-89.418909, 48.07231], [-89.418053, 48.072179], [-89.416904, 48.07206], [-89.415462, 48.071952], [-89.41438, 48.071839], [-89.413659, 48.071723], [-89.413298, 48.071601], [-89.413298, 48.071475], [-89.413386, 48.071378], [-89.413561, 48.071311], [-89.413824, 48.071273], [-89.414175, 48.071264], [-89.414488, 48.071273], [-89.414764, 48.0713], [-89.415004, 48.071345], [-89.415206, 48.071408], [-89.415401, 48.071448], [-89.41559, 48.071466], [-89.415772, 48.071462], [-89.415947, 48.071435], [-89.416079, 48.071428], [-89.416166, 48.071441], [-89.41621, 48.071475], [-89.41621, 48.071529], [-89.416244, 48.071576], [-89.416311, 48.071617], [-89.416412, 48.071651], [-89.416547, 48.071678], [-89.416692, 48.07168], [-89.416847, 48.071657], [-89.417012, 48.07161], [-89.417187, 48.071538], [-89.417359, 48.071486], [-89.417528, 48.071455], [-89.417693, 48.071444], [-89.417855, 48.071453], [-89.417986, 48.071484], [-89.418087, 48.071538], [-89.418158, 48.071615], [-89.418198, 48.071714], [-89.418293, 48.071788], [-89.418441, 48.071837], [-89.418643, 48.071862], [-89.418899, 48.071862], [-89.419125, 48.071882], [-89.419321, 48.071923], [-89.419486, 48.071983], [-89.419621, 48.072064], [-89.419742, 48.072118], [-89.41985, 48.072145], [-89.419944, 48.072145], [-89.420025, 48.072118], [-89.420086, 48.072112], [-89.420126, 48.072125], [-89.420146, 48.072159], [-89.420146, 48.072213], [-89.4202, 48.072253], [-89.420308, 48.07228], [-89.42047, 48.072294], [-89.420686, 48.072294], [-89.420911, 48.07233], [-89.421147, 48.072402], [-89.421393, 48.07251], [-89.421649, 48.072654], [-89.421939, 48.072768], [-89.422263, 48.072854], [-89.42262, 48.07291], [-89.423011, 48.072937], [-89.423304, 48.072946], [-89.423499, 48.072937], [-89.423597, 48.07291], [-89.423597, 48.072865], [-89.423695, 48.072816], [-89.42389, 48.072762], [-89.424184, 48.072703], [-89.424575, 48.07264], [-89.424878, 48.07255], [-89.425094, 48.072433], [-89.425222, 48.072289], [-89.425262, 48.072118], [-89.425356, 48.071954], [-89.425505, 48.071797], [-89.425707, 48.071646], [-89.425963, 48.071502], [-89.426229, 48.071385], [-89.426506, 48.071295], [-89.426792, 48.071232], [-89.427089, 48.071196], [-89.427375, 48.071126], [-89.427651, 48.071023], [-89.427918, 48.070886], [-89.428174, 48.070715], [-89.428453, 48.070573], [-89.428757, 48.070461], [-89.429084, 48.070377], [-89.429434, 48.070323], [-89.429694, 48.070267], [-89.429862, 48.070209], [-89.42994, 48.070148], [-89.429926, 48.070085], [-89.42994, 48.070047], [-89.42998, 48.070033], [-89.430047, 48.070045], [-89.430142, 48.070081], [-89.430213, 48.070099], [-89.43026, 48.070099], [-89.430283, 48.070081], [-89.430283, 48.070045], [-89.430327, 48.070011], [-89.430415, 48.069979], [-89.430546, 48.06995], [-89.430722, 48.069923], [-89.430853, 48.069885], [-89.430941, 48.069835], [-89.430984, 48.069775], [-89.430984, 48.069703], [-89.431001, 48.06966], [-89.431035, 48.069646], [-89.431085, 48.069662], [-89.431153, 48.069707], [-89.431237, 48.069723], [-89.431338, 48.069709], [-89.431456, 48.069667], [-89.431591, 48.069595], [-89.431749, 48.069552], [-89.431931, 48.069538], [-89.432137, 48.069554], [-89.432366, 48.069599], [-89.432548, 48.069615], [-89.432683, 48.069601], [-89.43277, 48.069559], [-89.432811, 48.069487], [-89.432841, 48.069451], [-89.432861, 48.069451], [-89.432872, 48.069487], [-89.432872, 48.069559], [-89.432912, 48.069613], [-89.432993, 48.069649], [-89.433114, 48.069667], [-89.433276, 48.069667], [-89.433397, 48.06968], [-89.433478, 48.069707], [-89.433519, 48.069748], [-89.433519, 48.069802], [-89.433546, 48.069817], [-89.4336, 48.069795], [-89.43368, 48.069734], [-89.433788, 48.069635], [-89.433876, 48.069586], [-89.433943, 48.069586], [-89.43399, 48.069635], [-89.434017, 48.069734], [-89.434176, 48.069808], [-89.434466, 48.069858], [-89.434887, 48.069883], [-89.43544, 48.069883], [-89.435851, 48.069921], [-89.43612, 48.069997], [-89.436248, 48.070112], [-89.436235, 48.070265], [-89.436127, 48.070375], [-89.435925, 48.070443], [-89.435628, 48.070467], [-89.435237, 48.070449], [-89.434853, 48.070413], [-89.434476, 48.070359], [-89.434105, 48.070287], [-89.433741, 48.070197], [-89.43333, 48.070143], [-89.432872, 48.070125], [-89.432366, 48.070143], [-89.431813, 48.070197], [-89.431099, 48.070332], [-89.430223, 48.070548], [-89.429185, 48.070845], [-89.427985, 48.071223], [-89.427068, 48.071561], [-89.426435, 48.071857], [-89.426084, 48.072114], [-89.426017, 48.07233], [-89.425845, 48.072534], [-89.425569, 48.072728], [-89.425188, 48.07291], [-89.424703, 48.073081], [-89.424231, 48.073207], [-89.423772, 48.073288], [-89.423328, 48.073324], [-89.422896, 48.073315], [-89.422492, 48.073279]]]}}, {"type": "Feature", "properties": {"lead": 24, "temp": "t10"}, "geometry": {"type": "Polygon", "coordinates": [[[-89.423621, 48.089716], [-89.423291, 48.089657], [-89.42297, 48.08957], [-89.42266, 48.089453], [-89.422428, 48.089352], [-89.422273, 48.089266], [-89.422195, 48.089196], [-89.422195, 48.089142], [-89.422165, 48.089095], [-89.422104, 48.089055], [-89.422013, 48.089021], [-89.421892, 48.088994], [-89.421683, 48.088886], [-89.421386, 48.088697], [-89.421002, 48.088427], [-89.42053, 48.088077], [-89.420123, 48.087721], [-89.419779, 48.087362], [-89.419499, 48.086997], [-89.419284, 48.086629], [-89.419122, 48.086309], [-89.419014, 48.086039], [-89.41896, 48.085819], [-89.41896, 48.085648], [-89.41898, 48.085491], [-89.419021, 48.085347], [-89.419081, 48.085216], [-89.419162, 48.0851], [-89.419277, 48.084989], [-89.419425, 48.084886], [-89.419607, 48.084789], [-89.419823, 48.084699], [-89.420018, 48.084645], [-89.420193, 48.084627], [-89.420348, 48.084645], [-89.420483, 48.084699], [-89.420605, 48.084719], [-89.420712, 48.084706], [-89.420807, 48.084659], [-89.420888, 48.084578], [-89.421036, 48.08449], [-89.421252, 48.084396], [-89.421535, 48.084294], [-89.421885, 48.084187], [-89.422158, 48.084083], [-89.422354, 48.083984], [-89.422472, 48.08389], [-89.422512, 48.0838], [-89.422573, 48.083719], [-89.422654, 48.083647], [-89.422755, 48.083584], [-89.422876, 48.08353], [-89.422957, 48.083474], [-89.422997, 48.083415], [-89.422997, 48.083354], [-89.422957, 48.083292], [-89.42295, 48.083231], [-89.422977, 48.083172], [-89.423038, 48.083116], [-89.423132, 48.083062], [-89.423173, 48.083004], [-89.423159, 48.082941], [-89.423092, 48.082873], [-89.42297, 48.082801], [-89.422886, 48.082736], [-89.422839, 48.082678], [-89.422829, 48.082626], [-89.422856, 48.082581], [-89.422822, 48.082527], [-89.422728, 48.082464], [-89.422573, 48.082392], [-89.422357, 48.082311], [-89.422037, 48.082264], [-89.421612, 48.08225], [-89.421083, 48.082271], [-89.42045, 48.082325], [-89.419974, 48.082379], [-89.419658, 48.082432], [-89.419499, 48.082486], [-89.419499, 48.08254], [-89.419466, 48.082574], [-89.419398, 48.082588], [-89.419297, 48.082581], [-89.419162, 48.082554], [-89.419041, 48.082547], [-89.418933, 48.082561], [-89.418839, 48.082594], [-89.418758, 48.082648], [-89.418663, 48.082689], [-89.418556, 48.082716], [-89.418434, 48.082729], [-89.4183, 48.082729], [-89.418185, 48.082747], [-89.418091, 48.082783], [-89.418016, 48.082837], [-89.417963, 48.082909], [-89.417807, 48.082981], [-89.417551, 48.083053], [-89.417194, 48.083125], [-89.416736, 48.083197], [-89.416389, 48.083262], [-89.416153, 48.083321], [-89.416028, 48.083372], [-89.416015, 48.083417], [-89.41589, 48.083485], [-89.415654, 48.083575], [-89.415307, 48.083687], [-89.414849, 48.083822], [-89.414505, 48.083935], [-89.414276, 48.084025], [-89.414161, 48.084092], [-89.414161, 48.084137], [-89.414141, 48.084166], [-89.4141, 48.08418], [-89.41404, 48.084178], [-89.413959, 48.08416], [-89.413895, 48.084157], [-89.413848, 48.084171], [-89.413817, 48.0842], [-89.413804, 48.084245], [-89.413763, 48.084274], [-89.413696, 48.084288], [-89.413602, 48.084285], [-89.41348, 48.084267], [-89.413389, 48.08422], [-89.413329, 48.084144], [-89.413298, 48.084038], [-89.413298, 48.083903], [-89.413379, 48.083782], [-89.413541, 48.083674], [-89.413784, 48.083579], [-89.414107, 48.083498], [-89.414441, 48.08339], [-89.414785, 48.083256], [-89.415138, 48.083094], [-89.415502, 48.082905], [-89.416092, 48.082693], [-89.416908, 48.082459], [-89.417949, 48.082203], [-89.419216, 48.081924], [-89.420207, 48.081715], [-89.420921, 48.081576], [-89.42136, 48.081506], [-89.421521, 48.081506], [-89.421761, 48.081542], [-89.422077, 48.081614], [-89.422472, 48.081722], [-89.422943, 48.081866], [-89.423321, 48.081996], [-89.423604, 48.082113], [-89.423793, 48.082217], [-89.423887, 48.082307], [-89.423958, 48.082408], [-89.424005, 48.08252], [-89.424029, 48.082644], [-89.424029, 48.082779], [-89.423992, 48.08295], [-89.423917, 48.083157], [-89.423806, 48.083399], [-89.423658, 48.083678], [-89.423442, 48.083932], [-89.423159, 48.084162], [-89.422809, 48.084366], [-89.422391, 48.084546], [-89.42198, 48.084697], [-89.421575, 48.084818], [-89.421178, 48.084911], [-89.420787, 48.084974], [-89.420429, 48.08507], [-89.420106, 48.085201], [-89.419816, 48.085365], [-89.41956, 48.085563], [-89.419381, 48.085756], [-89.41928, 48.085945], [-89.419257, 48.086129], [-89.419311, 48.086309], [-89.419395, 48.086489], [-89.419509, 48.086669], [-89.419654, 48.086849], [-89.41983, 48.087029], [-89.420123, 48.087263], [-89.420534, 48.087551], [-89.421063, 48.087892], [-89.42171, 48.088288], [-89.42235, 48.088598], [-89.422984, 48.088823], [-89.423611, 48.088963], [-89.424231, 48.089017], [-89.424757, 48.089041], [-89.425188, 48.089037], [-89.425525, 48.089003], [-89.425768, 48.08894], [-89.42599, 48.088922], [-89.426192, 48.088949], [-89.426374, 48.089021], [-89.426536, 48.089138], [-89.426536, 48.089253], [-89.426374, 48.089365], [-89.426051, 48.089475], [-89.425565, 48.089583], [-89.425114, 48.089664], [-89.424696, 48.089718], [-89.424312, 48.089745], [-89.423961, 48.089745], [-89.423621, 48.089716]]]}}, {"type": "Feature", "properties": {"lead": 24, "temp": "t8"}, "geometry": {"type": "Polygon", "coordinates": [[[-89.425639, 48.064515], [-89.425771, 48.064464], [-89.426101, 48.064405], [-89.42663, 48.06434], [-89.427358, 48.064268], [-89.427992, 48.064182], [-89.428531, 48.064083], [-89.428533, 48.064083], [-89.428592, 48.064072], [-89.428976, 48.063971], [-89.429326, 48.063845], [-89.429748, 48.063726], [-89.43024, 48.063613], [-89.430802, 48.063507], [-89.431436, 48.063408], [-89.431992, 48.063303], [-89.432471, 48.06319], [-89.432872, 48.063071], [-89.433195, 48.062945], [-89.433495, 48.062851], [-89.433771, 48.062788], [-89.434024, 48.062756], [-89.434253, 48.062756], [-89.434459, 48.062727], [-89.434641, 48.062668], [-89.434799, 48.062581], [-89.434934, 48.062464], [-89.435194, 48.062311], [-89.435578, 48.062122], [-89.436087, 48.061897], [-89.43672, 48.061636], [-89.437189, 48.061467], [-89.437549, 48.061379], [-89.4379, 48.061325], [-89.438206, 48.061296], [-89.438469, 48.061292], [-89.438516, 48.061296], [-89.438722, 48.061339], [-89.438924, 48.061402], [-89.439113, 48.061483], [-89.439265, 48.061595], [-89.439379, 48.061739], [-89.439457, 48.061915], [-89.439497, 48.062122], [-89.4395, 48.062306], [-89.439467, 48.062468], [-89.439457, 48.062488], [-89.439376, 48.062594], [-89.439254, 48.062702], [-89.439217, 48.062794], [-89.439265, 48.062871], [-89.439298, 48.062886], [-89.439305, 48.062898], [-89.43943, 48.062954], [-89.439632, 48.06299], [-89.4398, 48.063033], [-89.439935, 48.063082], [-89.440036, 48.063139], [-89.440104, 48.063202], [-89.440225, 48.063251], [-89.4404, 48.063287], [-89.440629, 48.06331], [-89.440913, 48.063319], [-89.441212, 48.063289], [-89.441529, 48.063222], [-89.441863, 48.063116], [-89.442213, 48.062972], [-89.442534, 48.062819], [-89.442823, 48.062657], [-89.443083, 48.062486], [-89.443312, 48.062306], [-89.443686, 48.062095], [-89.444205, 48.061852], [-89.444869, 48.061577], [-89.445678, 48.061271], [-89.446493, 48.061035], [-89.447316, 48.060869], [-89.448145, 48.060772], [-89.44898, 48.060745], [-89.449776, 48.060695], [-89.450531, 48.060623], [-89.451245, 48.060529], [-89.451919, 48.060412], [-89.452455, 48.060304], [-89.452853, 48.060205], [-89.453112, 48.060115], [-89.453233, 48.060034], [-89.453257, 48.059953], [-89.453183, 48.059872], [-89.453011, 48.059791], [-89.452741, 48.05971], [-89.452539, 48.059595], [-89.452404, 48.059447], [-89.452337, 48.059264], [-89.452337, 48.059048], [-89.452398, 48.058871], [-89.452519, 48.058731], [-89.452701, 48.05863], [-89.452944, 48.058567], [-89.453193, 48.058473], [-89.453449, 48.058347], [-89.453712, 48.058189], [-89.453982, 48.058], [-89.454211, 48.057854], [-89.454399, 48.05775], [-89.454548, 48.05769], [-89.454656, 48.057672], [-89.454753, 48.057633], [-89.454841, 48.057575], [-89.454918, 48.057496], [-89.454986, 48.057397], [-89.455138, 48.057287], [-89.455373, 48.057165], [-89.455694, 48.057033], [-89.456098, 48.056889], [-89.456506, 48.056713], [-89.456917, 48.056506], [-89.457331, 48.056268], [-89.457749, 48.055998], [-89.458208, 48.055752], [-89.458706, 48.055532], [-89.459246, 48.055336], [-89.459825, 48.055165], [-89.460301, 48.055042], [-89.460631, 48.054972], [-89.460998, 48.054918], [-89.461308, 48.0549], [-89.461625, 48.054918], [-89.461948, 48.054972], [-89.462279, 48.055062], [-89.462616, 48.055188], [-89.462909, 48.055332], [-89.463158, 48.055494], [-89.463364, 48.055674], [-89.463526, 48.055872], [-89.463708, 48.05602], [-89.46391, 48.056119], [-89.464132, 48.056169], [-89.464375, 48.056169], [-89.464705, 48.056124], [-89.465123, 48.056034], [-89.465628, 48.055899], [-89.466222, 48.055719], [-89.466808, 48.05557], [-89.467388, 48.055453], [-89.467961, 48.055368], [-89.468527, 48.055314], [-89.468985, 48.055284], [-89.469336, 48.05528], [-89.469578, 48.0553], [-89.469713, 48.055345], [-89.469814, 48.055363], [-89.469881, 48.055354], [-89.469915, 48.055318], [-89.469915, 48.055255], [-89.469942, 48.055203], [-89.469996, 48.055163], [-89.470077, 48.055134], [-89.470185, 48.055116], [-89.470566, 48.055093], [-89.471219, 48.055066], [-89.472146, 48.055035], [-89.473346, 48.054999], [-89.474475, 48.054945], [-89.475533, 48.054873], [-89.47652, 48.054783], [-89.477437, 48.054675], [-89.478125, 48.05458], [-89.478583, 48.054499], [-89.478812, 48.054432], [-89.478812, 48.054378], [-89.47889, 48.05431], [-89.479045, 48.054229], [-89.479277, 48.054135], [-89.479587, 48.054027], [-89.479837, 48.053856], [-89.480025, 48.053622], [-89.480153, 48.053325], [-89.480221, 48.052965], [-89.480167, 48.052614], [-89.479992, 48.052272], [-89.479695, 48.051939], [-89.479277, 48.051615], [-89.47895, 48.051344], [-89.478714, 48.051128], [-89.478569, 48.050966], [-89.478516, 48.050858], [-89.478216, 48.050755], [-89.47767, 48.050656], [-89.476878, 48.050561], [-89.47584, 48.050471], [-89.474947, 48.05035], [-89.474198, 48.050197], [-89.473595, 48.050012], [-89.473137, 48.049796], [-89.472658, 48.049605], [-89.47216, 48.049439], [-89.471641, 48.049297], [-89.471101, 48.04918], [-89.470599, 48.049056], [-89.470134, 48.048925], [-89.469706, 48.048788], [-89.469315, 48.048644], [-89.468999, 48.0485], [-89.468756, 48.048356], [-89.468587, 48.048212], [-89.468493, 48.048068], [-89.468537, 48.04796], [-89.468682, 48.047903], [-89.468817, 48.047893], [-89.469127, 48.04792], [-89.469453, 48.047992], [-89.469797, 48.048109], [-89.470158, 48.048271], [-89.470535, 48.048478], [-89.47097, 48.04866], [-89.471462, 48.048817], [-89.472011, 48.04895], [-89.472618, 48.049058], [-89.473137, 48.049175], [-89.473568, 48.049301], [-89.473912, 48.049436], [-89.474168, 48.04958], [-89.474616, 48.049704], [-89.475257, 48.049808], [-89.476089, 48.049891], [-89.477114, 48.049954], [-89.477926, 48.050021], [-89.478526, 48.050093], [-89.478913, 48.05017], [-89.479088, 48.050251], [-89.47924, 48.050348], [-89.479368, 48.05046], [-89.479473, 48.050588], [-89.479554, 48.050732], [-89.479648, 48.050854], [-89.479756, 48.050953], [-89.479877, 48.051029], [-89.480012, 48.051083], [-89.480167, 48.051182], [-89.480342, 48.051326], [-89.480538, 48.051515], [-89.480753, 48.05175], [-89.480915, 48.052011], [-89.481023, 48.052299], [-89.481077, 48.052614], [-89.481077, 48.052956], [-89.481053, 48.053264], [-89.481006, 48.053538], [-89.480935, 48.053779], [-89.480841, 48.053986], [-89.480602, 48.054204], [-89.480217, 48.054434], [-89.479688, 48.054675], [-89.479014, 48.054927], [-89.477811, 48.055158], [-89.476079, 48.05537], [-89.473818, 48.055561], [-89.471027, 48.055732], [-89.468934, 48.055869], [-89.467539, 48.055973], [-89.466842, 48.056043], [-89.466842, 48.056079], [-89.466808, 48.056106], [-89.466741, 48.056124], [-89.466639, 48.056133], [-89.466505, 48.056133], [-89.466296, 48.056175], [-89.466013, 48.056261], [-89.465655, 48.056389], [-89.465224, 48.05656], [-89.464826, 48.056682], [-89.464462, 48.056754], [-89.464132, 48.056776], [-89.463836, 48.056749], [-89.463559, 48.056657], [-89.463303, 48.056499], [-89.463067, 48.056277], [-89.462852, 48.055989], [-89.462595, 48.055764], [-89.462299, 48.055602], [-89.461962, 48.055503], [-89.461584, 48.055467], [-89.461247, 48.055462], [-89.460951, 48.055489], [-89.460695, 48.055548], [-89.460479, 48.055638], [-89.460284, 48.055701], [-89.460108, 48.055737], [-89.459953, 48.055746], [-89.459819, 48.055728], [-89.459697, 48.055741], [-89.459589, 48.055786], [-89.459495, 48.055863], [-89.459414, 48.055971], [-89.45931, 48.056058], [-89.459182, 48.056126], [-89.45903, 48.056173], [-89.458855, 48.0562], [-89.458703, 48.05625], [-89.458575, 48.056322], [-89.45847, 48.056416], [-89.45839, 48.056533], [-89.458231, 48.056648], [-89.457995, 48.05676], [-89.457682, 48.056871], [-89.457291, 48.056979], [-89.456978, 48.057082], [-89.456742, 48.057181], [-89.456583, 48.057276], [-89.456502, 48.057366], [-89.456388, 48.057453], [-89.45624, 48.057539], [-89.456058, 48.057622], [-89.455842, 48.057703], [-89.45568, 48.05778], [-89.455572, 48.057852], [-89.455518, 48.057919], [-89.455518, 48.057982], [-89.455431, 48.058059], [-89.455255, 48.058149], [-89.454993, 48.058252], [-89.454642, 48.058369], [-89.454349, 48.058484], [-89.454113, 48.058596], [-89.453934, 48.058707], [-89.453813, 48.058815], [-89.453698, 48.058896], [-89.453591, 48.05895], [-89.45349, 48.058976], [-89.453395, 48.058976], [-89.453324, 48.058999], [-89.453277, 48.059044], [-89.453254, 48.059111], [-89.453254, 48.059201], [-89.453277, 48.059255], [-89.453324, 48.059273], [-89.453395, 48.059255], [-89.45349, 48.059201], [-89.453624, 48.059174], [-89.4538, 48.059174], [-89.454015, 48.059201], [-89.454271, 48.059255], [-89.454463, 48.059332], [-89.454592, 48.059431], [-89.454656, 48.059552], [-89.454656, 48.059696], [-89.454622, 48.059834], [-89.454554, 48.059964], [-89.454453, 48.060088], [-89.454319, 48.060205], [-89.454059, 48.06032], [-89.453675, 48.060432], [-89.453166, 48.060542], [-89.452532, 48.06065], [-89.452057, 48.06074], [-89.45174, 48.060812], [-89.451582, 48.060866], [-89.451582, 48.060902], [-89.45143, 48.060943], [-89.451127, 48.060988], [-89.450672, 48.061037], [-89.450066, 48.061091], [-89.449547, 48.061125], [-89.449115, 48.061139], [-89.448771, 48.061132], [-89.448515, 48.061105], [-89.448259, 48.061098], [-89.448003, 48.061112], [-89.447747, 48.061145], [-89.447491, 48.061199], [-89.447211, 48.061269], [-89.446908, 48.061355], [-89.446581, 48.061456], [-89.44623, 48.061573], [-89.4459, 48.061708], [-89.44559, 48.061861], [-89.4453, 48.062032], [-89.445031, 48.062221], [-89.444791, 48.062371], [-89.444583, 48.062484], [-89.444404, 48.062558], [-89.444256, 48.062594], [-89.444101, 48.062662], [-89.443939, 48.062761], [-89.44377, 48.062891], [-89.443595, 48.063053], [-89.443457, 48.063157], [-89.443301, 48.063243], [-89.443191, 48.063269], [-89.443096, 48.063251], [-89.442985, 48.06326], [-89.442857, 48.063296], [-89.442712, 48.063359], [-89.44255, 48.063449], [-89.442301, 48.063523], [-89.441964, 48.063582], [-89.441539, 48.063624], [-89.441027, 48.063651], [-89.440555, 48.063642], [-89.440124, 48.063597], [-89.439733, 48.063516], [-89.439383, 48.063399], [-89.439099, 48.063298], [-89.438884, 48.063213], [-89.438735, 48.063143], [-89.438655, 48.063089], [-89.438594, 48.063019], [-89.438553, 48.062934], [-89.438533, 48.062833], [-89.438533, 48.062716], [-89.438564, 48.062592], [-89.438624, 48.062461], [-89.438715, 48.062324], [-89.438837, 48.06218], [-89.438917, 48.062059], [-89.438958, 48.06196], [-89.438958, 48.061883], [-89.438917, 48.061829], [-89.438857, 48.061789], [-89.438776, 48.061762], [-89.438675, 48.061748], [-89.438553, 48.061748], [-89.438459, 48.061759], [-89.438392, 48.061782], [-89.438351, 48.061816], [-89.438338, 48.061861], [-89.438297, 48.06189], [-89.438261, 48.061897], [-89.438257, 48.061897], [-89.438209, 48.061903], [-89.438136, 48.061901], [-89.438014, 48.061883], [-89.437913, 48.061883], [-89.437832, 48.061901], [-89.437772, 48.061937], [-89.437731, 48.061991], [-89.437657, 48.062041], [-89.437549, 48.062086], [-89.437408, 48.062126], [-89.437232, 48.062162], [-89.437071, 48.062216], [-89.436922, 48.062288], [-89.436788, 48.062378], [-89.436666, 48.062486], [-89.436498, 48.062583], [-89.436282, 48.062668], [-89.436019, 48.062743], [-89.435709, 48.062806], [-89.435467, 48.062873], [-89.435291, 48.062945], [-89.435183, 48.063022], [-89.435143, 48.063103], [-89.435079, 48.063157], [-89.434991, 48.063184], [-89.43488, 48.063184], [-89.434745, 48.063157], [-89.434641, 48.063154], [-89.434567, 48.063177], [-89.434523, 48.063224], [-89.434509, 48.063296], [-89.434431, 48.063344], [-89.434381, 48.063352], [-89.434267, 48.063337], [-89.434119, 48.063292], [-89.434007, 48.063271], [-89.433933, 48.063276], [-89.433896, 48.063305], [-89.433896, 48.063359], [-89.433869, 48.063385], [-89.433748, 48.063381], [-89.433519, 48.063395], [-89.433516, 48.063396], [-89.433407, 48.063402], [-89.43332, 48.063433], [-89.433263, 48.063489], [-89.433236, 48.06357], [-89.433185, 48.063618], [-89.433111, 48.063631], [-89.433013, 48.063611], [-89.432892, 48.063557], [-89.432801, 48.063532], [-89.43274, 48.063537], [-89.43271, 48.06357], [-89.43271, 48.063633], [-89.432686, 48.063672], [-89.432639, 48.063685], [-89.432568, 48.063674], [-89.432474, 48.063638], [-89.432393, 48.063624], [-89.432326, 48.063633], [-89.432272, 48.063665], [-89.432231, 48.063719], [-89.432117, 48.063759], [-89.431928, 48.063786], [-89.431665, 48.0638], [-89.431328, 48.0638], [-89.431032, 48.063822], [-89.430775, 48.063867], [-89.43056, 48.063935], [-89.430385, 48.064025], [-89.430037, 48.064106], [-89.429518, 48.064178], [-89.428828, 48.064241], [-89.427965, 48.064295], [-89.427264, 48.064342], [-89.426725, 48.064383], [-89.426347, 48.064416], [-89.426132, 48.064443], [-89.42597, 48.064473], [-89.425862, 48.064504], [-89.425808, 48.064538], [-89.425808, 48.064574], [-89.425791, 48.06459], [-89.425757, 48.064585], [-89.425707, 48.06456], [-89.425639, 48.064515]], [[-89.453597, 48.058833], [-89.453587, 48.058835], [-89.453581, 48.058839], [-89.453577, 48.058846], [-89.453577, 48.058855], [-89.453581, 48.05886], [-89.453587, 48.05886], [-89.453597, 48.058855], [-89.453611, 48.058846], [-89.453618, 48.058839], [-89.453618, 48.058835], [-89.453611, 48.058833], [-89.453597, 48.058833]], [[-89.453759, 48.058725], [-89.453749, 48.058727], [-89.453742, 48.058731], [-89.453739, 48.058738], [-89.453739, 48.058747], [-89.453742, 48.058752], [-89.453749, 48.058752], [-89.453759, 48.058747], [-89.453773, 48.058738], [-89.453779, 48.058731], [-89.453779, 48.058727], [-89.453773, 48.058725], [-89.453759, 48.058725]], [[-89.454083, 48.058509], [-89.454073, 48.058511], [-89.454066, 48.058515], [-89.454062, 48.058522], [-89.454062, 48.058531], [-89.454066, 48.058536], [-89.454073, 48.058536], [-89.454083, 48.058531], [-89.454096, 48.058522], [-89.454103, 48.058515], [-89.454103, 48.058511], [-89.454096, 48.058509], [-89.454083, 48.058509]], [[-89.453122, 48.059127], [-89.453102, 48.059141], [-89.453092, 48.059161], [-89.453092, 48.059188], [-89.453102, 48.059201], [-89.453122, 48.059201], [-89.453153, 48.059188], [-89.453193, 48.059161], [-89.453213, 48.059141], [-89.453213, 48.059127], [-89.453193, 48.05912], [-89.453153, 48.05912], [-89.453122, 48.059127]]]}}, {"type": "Feature", "properties": {"lead": 24, "temp": "t8"}, "geometry": {"type": "Polygon", "coordinates": [[[-89.425046, 48.064626], [-89.424979, 48.064621], [-89.424945, 48.064614], [-89.424945, 48.064611], [-89.425094, 48.064578], [-89.425416, 48.064515], [-89.425451, 48.064518], [-89.425484, 48.064538], [-89.425484, 48.064574], [-89.425451, 48.064601], [-89.425383, 48.064619], [-89.425282, 48.064628], [-89.425147, 48.064628], [-89.425046, 48.064626]]]}}, {"type": "Feature", "properties": {"lead": 24, "temp": "t8"}, "geometry": {"type": "Polygon", "coordinates": [[[-89.423132, 48.065028], [-89.423173, 48.065019], [-89.423233, 48.06501], [-89.423314, 48.065001], [-89.423355, 48.064999], [-89.423355, 48.065003], [-89.423314, 48.065015], [-89.423233, 48.065033], [-89.423173, 48.065044], [-89.423132, 48.065048], [-89.423112, 48.065046], [-89.423112, 48.065037], [-89.423132, 48.065028]]]}}, {"type": "Feature", "properties": {"lead": 24, "temp": "t8"}, "geometry": {"type": "Polygon", "coordinates": [[[-89.438897, 48.069145], [-89.439072, 48.069064], [-89.439234, 48.06901], [-89.439383, 48.068983], [-89.439517, 48.068983], [-89.439575, 48.068868], [-89.439554, 48.068639], [-89.439457, 48.068294], [-89.439281, 48.067836], [-89.439133, 48.067491], [-89.439012, 48.067262], [-89.438917, 48.067147], [-89.438893, 48.067147], [-89.438874, 48.067071], [-89.438826, 48.066954], [-89.438787, 48.066908], [-89.438789, 48.066756], [-89.438816, 48.066495], [-89.439019, 48.066243], [-89.439396, 48.066], [-89.439949, 48.065766], [-89.440677, 48.065541], [-89.441351, 48.065379], [-89.441971, 48.06528], [-89.442537, 48.065244], [-89.443049, 48.065271], [-89.443649, 48.065276], [-89.444337, 48.065258], [-89.445112, 48.065217], [-89.445974, 48.065154], [-89.446655, 48.065093], [-89.447154, 48.065035], [-89.447471, 48.064979], [-89.447605, 48.064925], [-89.447757, 48.064884], [-89.447926, 48.064857], [-89.448111, 48.064844], [-89.448313, 48.064844], [-89.448455, 48.06483], [-89.448536, 48.064803], [-89.448556, 48.064763], [-89.448515, 48.064709], [-89.448519, 48.064675], [-89.448527, 48.064673], [-89.448657, 48.064668], [-89.448792, 48.064695], [-89.448923, 48.064686], [-89.448934, 48.064682], [-89.448967, 48.06468], [-89.449183, 48.064621], [-89.449439, 48.06452], [-89.449735, 48.064376], [-89.450076, 48.064268], [-89.45046, 48.064196], [-89.450888, 48.06416], [-89.45136, 48.06416], [-89.451788, 48.064131], [-89.452172, 48.064072], [-89.452449, 48.064001], [-89.452566, 48.063984], [-89.452789, 48.063917], [-89.452869, 48.063857], [-89.453375, 48.063773], [-89.454211, 48.063701], [-89.455316, 48.063651], [-89.456691, 48.063624], [-89.457904, 48.063552], [-89.457963, 48.063546], [-89.458171, 48.063537], [-89.458457, 48.063503], [-89.458592, 48.063476], [-89.458956, 48.063435], [-89.459845, 48.063274], [-89.460573, 48.063067], [-89.461207, 48.062909], [-89.461746, 48.062801], [-89.462177, 48.062744], [-89.462282, 48.062765], [-89.462518, 48.062783], [-89.462852, 48.062792], [-89.463132, 48.062792], [-89.463168, 48.062833], [-89.463253, 48.062866], [-89.463381, 48.062889], [-89.463553, 48.0629], [-89.463768, 48.0629], [-89.464004, 48.06292], [-89.46426, 48.062961], [-89.464537, 48.063022], [-89.464833, 48.063103], [-89.465184, 48.063163], [-89.465588, 48.063204], [-89.466046, 48.063224], [-89.466559, 48.063224], [-89.466997, 48.063247], [-89.467361, 48.063292], [-89.46765, 48.063359], [-89.467866, 48.063449], [-89.468038, 48.063552], [-89.468166, 48.063669], [-89.46825, 48.0638], [-89.468291, 48.063944], [-89.468335, 48.064052], [-89.468382, 48.064124], [-89.468432, 48.06416], [-89.468486, 48.06416], [-89.468547, 48.064245], [-89.468614, 48.064416], [-89.468688, 48.064673], [-89.468769, 48.065015], [-89.468796, 48.065294], [-89.468769, 48.06551], [-89.468688, 48.065663], [-89.468554, 48.065753], [-89.468304, 48.06584], [-89.46794, 48.065926], [-89.467462, 48.066009], [-89.466869, 48.06609], [-89.46635, 48.066187], [-89.465905, 48.066299], [-89.465534, 48.066427], [-89.465238, 48.066571], [-89.464917, 48.066702], [-89.464574, 48.066819], [-89.464206, 48.066922], [-89.463815, 48.067012], [-89.463482, 48.067078], [-89.463205, 48.067118], [-89.462986, 48.067134], [-89.462825, 48.067125], [-89.462841, 48.067046], [-89.463037, 48.066898], [-89.46308, 48.066872], [-89.4636, 48.066661], [-89.464422, 48.066265], [-89.465147, 48.065966], [-89.465773, 48.065764], [-89.466302, 48.065658], [-89.466734, 48.065649], [-89.467088, 48.065627], [-89.467364, 48.065591], [-89.467372, 48.065589], [-89.467374, 48.065588], [-89.467563, 48.065541], [-89.467684, 48.065478], [-89.467779, 48.065395], [-89.467846, 48.065291], [-89.467886, 48.065168], [-89.4679, 48.065024], [-89.467873, 48.064855], [-89.467806, 48.064662], [-89.467698, 48.064443], [-89.467549, 48.0642], [-89.467293, 48.064014], [-89.466929, 48.063883], [-89.466457, 48.063809], [-89.465878, 48.063791], [-89.465288, 48.06375], [-89.464688, 48.063687], [-89.464078, 48.063602], [-89.463458, 48.063494], [-89.462774, 48.063467], [-89.462026, 48.063521], [-89.461214, 48.063656], [-89.460337, 48.063872], [-89.459168, 48.06407], [-89.457705, 48.06425], [-89.45595, 48.064412], [-89.453901, 48.064556], [-89.452236, 48.064718], [-89.450955, 48.064898], [-89.450059, 48.065096], [-89.449547, 48.065312], [-89.449068, 48.065492], [-89.448623, 48.065636], [-89.448212, 48.065744], [-89.447835, 48.065816], [-89.447208, 48.065872], [-89.446332, 48.065912], [-89.445206, 48.065937], [-89.443831, 48.065946], [-89.442668, 48.066], [-89.441718, 48.066099], [-89.44098, 48.066243], [-89.440454, 48.066432], [-89.440104, 48.066666], [-89.439928, 48.066945], [-89.439928, 48.067269], [-89.440104, 48.067638], [-89.440235, 48.067966], [-89.440323, 48.068254], [-89.440367, 48.068501], [-89.440367, 48.068708], [-89.44035, 48.068884], [-89.440316, 48.069028], [-89.440265, 48.06914], [-89.440198, 48.069221], [-89.4401, 48.069273], [-89.439972, 48.069295], [-89.439814, 48.069289], [-89.439625, 48.069253], [-89.439504, 48.069255], [-89.43945, 48.069295], [-89.439463, 48.069374], [-89.439544, 48.069491], [-89.439541, 48.069604], [-89.439453, 48.069712], [-89.439281, 48.069815], [-89.439025, 48.069914], [-89.43882, 48.069948], [-89.438665, 48.069916], [-89.43856, 48.06982], [-89.438506, 48.069658], [-89.438527, 48.0695], [-89.438621, 48.069347], [-89.438764, 48.069221], [-89.438897, 48.069145]]]}}, {"type": "Feature", "properties": {"lead": 24, "temp": "t8"}, "geometry": {"type": "Polygon", "coordinates": [[[-89.428383, 48.070722], [-89.428787, 48.070564], [-89.429205, 48.070445], [-89.429636, 48.070364], [-89.42997, 48.070287], [-89.430206, 48.070215], [-89.430344, 48.070148], [-89.430385, 48.070085], [-89.430489, 48.070024], [-89.430657, 48.069966], [-89.43089, 48.06991], [-89.431187, 48.069856], [-89.431419, 48.069797], [-89.431588, 48.069734], [-89.431692, 48.069667], [-89.431733, 48.069595], [-89.431938, 48.069572], [-89.432309, 48.069599], [-89.432845, 48.069676], [-89.433519, 48.069797], [-89.433519, 48.069802], [-89.433546, 48.069817], [-89.433574, 48.069806], [-89.434129, 48.069885], [-89.434594, 48.069925], [-89.434941, 48.069923], [-89.435147, 48.069883], [-89.435418, 48.069883], [-89.435618, 48.069923], [-89.435837, 48.070013], [-89.436053, 48.070148], [-89.436144, 48.070258], [-89.43611, 48.070344], [-89.435952, 48.070404], [-89.435669, 48.07044], [-89.435274, 48.07044], [-89.434811, 48.070407], [-89.434476, 48.070359], [-89.434105, 48.070287], [-89.433741, 48.070197], [-89.43333, 48.070143], [-89.432872, 48.070125], [-89.432461, 48.07014], [-89.432262, 48.07013], [-89.431827, 48.070143], [-89.43149, 48.070197], [-89.430991, 48.070314], [-89.430331, 48.070494], [-89.429508, 48.070737], [-89.428524, 48.071043], [-89.427881, 48.071214], [-89.427577, 48.07125], [-89.427614, 48.071151], [-89.427992, 48.070917], [-89.428383, 48.070722]]]}}, {"type": "Feature", "properties": {"lead": 24, "temp": "t8"}, "geometry": {"type": "Polygon", "coordinates": [[[-89.430432, 48.080705], [-89.430216, 48.080633], [-89.430047, 48.080539], [-89.429926, 48.080422], [-89.429852, 48.080285], [-89.429825, 48.080127], [-89.429845, 48.07995], [-89.429913, 48.079752], [-89.430007, 48.079574], [-89.430128, 48.079417], [-89.430277, 48.07928], [-89.430452, 48.079163], [-89.430809, 48.07898], [-89.431348, 48.078733], [-89.43207, 48.07842], [-89.432973, 48.078043], [-89.433731, 48.077752], [-89.434344, 48.07755], [-89.434813, 48.077435], [-89.435136, 48.077408], [-89.435443, 48.077368], [-89.435733, 48.077314], [-89.436006, 48.077246], [-89.436262, 48.077165], [-89.436622, 48.077024], [-89.437088, 48.076821], [-89.437657, 48.076558], [-89.438331, 48.076234], [-89.439093, 48.075904], [-89.439942, 48.075566], [-89.440879, 48.075222], [-89.441903, 48.074871], [-89.442897, 48.074491], [-89.443861, 48.074082], [-89.444795, 48.073643], [-89.445698, 48.073176], [-89.446473, 48.072816], [-89.44712, 48.072564], [-89.447639, 48.07242], [-89.44803, 48.072384], [-89.448455, 48.072244], [-89.448913, 48.072001], [-89.449405, 48.071655], [-89.449931, 48.071205], [-89.450574, 48.070749], [-89.451336, 48.070285], [-89.452216, 48.069815], [-89.453213, 48.069338], [-89.454116, 48.068942], [-89.454925, 48.068627], [-89.45564, 48.068393], [-89.45626, 48.068241], [-89.456789, 48.068097], [-89.457227, 48.067962], [-89.457574, 48.067836], [-89.457792, 48.067736], [-89.458171, 48.06764], [-89.45872, 48.067543], [-89.459057, 48.067543], [-89.45937, 48.067525], [-89.45966, 48.067489], [-89.459926, 48.067435], [-89.460058, 48.067396], [-89.460472, 48.067363], [-89.461099, 48.067332], [-89.46145, 48.067341], [-89.461524, 48.06739], [-89.461322, 48.06748], [-89.460974, 48.067581], [-89.460482, 48.067694], [-89.459845, 48.067818], [-89.459064, 48.067953], [-89.458359, 48.068112], [-89.457732, 48.068297], [-89.457183, 48.068506], [-89.456711, 48.06874], [-89.456327, 48.068915], [-89.456031, 48.069032], [-89.455822, 48.069091], [-89.4557, 48.069091], [-89.455576, 48.069113], [-89.455448, 48.069158], [-89.455316, 48.069226], [-89.455181, 48.069316], [-89.454996, 48.069403], [-89.45476, 48.069489], [-89.454474, 48.069572], [-89.454137, 48.069653], [-89.453776, 48.069763], [-89.453392, 48.069903], [-89.452984, 48.070072], [-89.452553, 48.070269], [-89.452078, 48.070519], [-89.451559, 48.070821], [-89.450996, 48.071174], [-89.450389, 48.071579], [-89.449904, 48.071918], [-89.44954, 48.072193], [-89.449297, 48.072402], [-89.449176, 48.072546], [-89.448933, 48.07269], [-89.448569, 48.072834], [-89.448084, 48.072978], [-89.447477, 48.073122], [-89.446746, 48.07338], [-89.44589, 48.073754], [-89.444909, 48.074242], [-89.443804, 48.074844], [-89.44279, 48.075346], [-89.441866, 48.075746], [-89.441034, 48.076045], [-89.440292, 48.076243], [-89.439726, 48.076408], [-89.439335, 48.076538], [-89.43912, 48.076635], [-89.439079, 48.076698], [-89.438975, 48.076765], [-89.438806, 48.076837], [-89.438574, 48.076914], [-89.438277, 48.076995], [-89.438045, 48.077071], [-89.437876, 48.077143], [-89.437772, 48.07721], [-89.437731, 48.077273], [-89.437677, 48.077321], [-89.43761, 48.077352], [-89.437529, 48.077368], [-89.437435, 48.077368], [-89.4373, 48.077404], [-89.437125, 48.077476], [-89.436909, 48.077584], [-89.436653, 48.077728], [-89.436333, 48.077856], [-89.435948, 48.077968], [-89.4355, 48.078065], [-89.434988, 48.078146], [-89.434573, 48.078229], [-89.434257, 48.078315], [-89.434038, 48.078402], [-89.433916, 48.078492], [-89.433728, 48.078587], [-89.433471, 48.078686], [-89.433148, 48.078789], [-89.432757, 48.078897], [-89.432454, 48.078994], [-89.432238, 48.079079], [-89.43211, 48.079154], [-89.43207, 48.079217], [-89.431995, 48.079271], [-89.431888, 48.079316], [-89.431746, 48.079352], [-89.431571, 48.079378], [-89.431416, 48.079423], [-89.431281, 48.079486], [-89.431166, 48.079567], [-89.431117, 48.079619], [-89.431065, 48.079639], [-89.430782, 48.07977], [-89.430653, 48.079856], [-89.430627, 48.07986], [-89.430546, 48.079902], [-89.430506, 48.07997], [-89.430506, 48.079984], [-89.430479, 48.080013], [-89.430445, 48.080076], [-89.430445, 48.08013], [-89.430469, 48.080163], [-89.430516, 48.080177], [-89.430545, 48.080174], [-89.430546, 48.080179], [-89.43061, 48.080267], [-89.430698, 48.080325], [-89.430809, 48.080355], [-89.430944, 48.080355], [-89.431075, 48.080337], [-89.431203, 48.080301], [-89.431328, 48.080247], [-89.431449, 48.080175], [-89.43154, 48.08013], [-89.431601, 48.080112], [-89.431631, 48.080121], [-89.431631, 48.080157], [-89.43178, 48.080193], [-89.432076, 48.080229], [-89.432521, 48.080265], [-89.433114, 48.080301], [-89.433401, 48.080357], [-89.433383, 48.080426], [-89.432966, 48.080512], [-89.43214, 48.08066], [-89.431487, 48.08075], [-89.431005, 48.080782], [-89.430695, 48.080755], [-89.430432, 48.080705]]]}}, {"type": "Feature", "properties": {"lead": 24, "temp": "t8"}, "geometry": {"type": "Polygon", "coordinates": [[[-89.433458, 48.087888], [-89.433488, 48.08782], [-89.433724, 48.087694], [-89.434166, 48.08751], [-89.434813, 48.087267], [-89.435298, 48.087099], [-89.435622, 48.087004], [-89.435783, 48.086984], [-89.435783, 48.087038], [-89.43574, 48.087105], [-89.435652, 48.087186], [-89.43552, 48.087281], [-89.435345, 48.087389], [-89.43514, 48.087492], [-89.434904, 48.087591], [-89.434638, 48.087685], [-89.434341, 48.087775], [-89.434075, 48.087841], [-89.433839, 48.087881], [-89.433633, 48.087897], [-89.433458, 48.087888]]]}}, {"type": "Feature", "properties": {"lead": 24, "temp": "t8"}, "geometry": {"type": "Polygon", "coordinates": [[[-89.413622, 48.05872], [-89.413838, 48.058693], [-89.41403, 48.05865], [-89.414198, 48.058592], [-89.414343, 48.058518], [-89.414464, 48.058428], [-89.414583, 48.058378], [-89.414663, 48.058369], [-89.414849, 48.058387], [-89.414983, 48.05845], [-89.415084, 48.058475], [-89.415152, 48.058461], [-89.415186, 48.05841], [-89.415186, 48.05832], [-89.415217, 48.05825], [-89.415246, 48.058227], [-89.415307, 48.058225], [-89.415388, 48.058252], [-89.415472, 48.058239], [-89.41556, 48.058185], [-89.415651, 48.05809], [-89.41568, 48.058048], [-89.415721, 48.058023], [-89.415785, 48.057955], [-89.415822, 48.057881], [-89.415846, 48.057858], [-89.415954, 48.0578], [-89.416035, 48.057786], [-89.416089, 48.057798], [-89.416136, 48.05779], [-89.41619, 48.057798], [-89.416284, 48.057798], [-89.416352, 48.05778], [-89.416392, 48.057744], [-89.416406, 48.05769], [-89.416446, 48.057642], [-89.416513, 48.057602], [-89.416608, 48.057568], [-89.416729, 48.057541], [-89.416732, 48.057507], [-89.416618, 48.057467], [-89.416385, 48.05742], [-89.416379, 48.057419], [-89.416362, 48.057399], [-89.41623, 48.057352], [-89.416028, 48.057325], [-89.415725, 48.057339], [-89.415449, 48.057375], [-89.415182, 48.057399], [-89.41468, 48.057487], [-89.414127, 48.057622], [-89.413727, 48.057676], [-89.41345, 48.057656], [-89.413298, 48.057555], [-89.413298, 48.057375], [-89.413447, 48.057213], [-89.413743, 48.057069], [-89.414188, 48.056943], [-89.414781, 48.056835], [-89.415293, 48.05676], [-89.415725, 48.05672], [-89.416075, 48.056713], [-89.416345, 48.05674], [-89.416594, 48.056799], [-89.416823, 48.056889], [-89.417032, 48.05701], [-89.417221, 48.057163], [-89.417353, 48.057316], [-89.417427, 48.057469], [-89.417444, 48.057622], [-89.417403, 48.057775], [-89.41712, 48.057975], [-89.416594, 48.058223], [-89.415826, 48.058518], [-89.414815, 48.05886], [-89.414057, 48.059078], [-89.413551, 48.059172], [-89.413298, 48.059143], [-89.413298, 48.05899], [-89.413383, 48.058846], [-89.413472, 48.058774], [-89.413622, 48.05872]]]}}, {"type": "Feature", "properties": {"lead": 24, "temp": "t8"}, "geometry": {"type": "Polygon", "coordinates": [[[-89.413426, 48.063027], [-89.413496, 48.063003], [-89.413622, 48.06297], [-89.413925, 48.06295], [-89.414343, 48.062959], [-89.414442, 48.062962], [-89.41463, 48.062991], [-89.414565, 48.062995], [-89.414444, 48.063015], [-89.414363, 48.063046], [-89.414323, 48.063089], [-89.414323, 48.063143], [-89.414293, 48.063184], [-89.414232, 48.063211], [-89.414141, 48.063224], [-89.41402, 48.063224], [-89.413905, 48.063233], [-89.413797, 48.063251], [-89.413696, 48.063278], [-89.413602, 48.063314], [-89.413521, 48.063314], [-89.413453, 48.063278], [-89.413399, 48.063206], [-89.413359, 48.063098], [-89.413426, 48.063027]]]}}, {"type": "Feature", "properties": {"lead": 24, "temp": "t8"}, "geometry": {"type": "Polygon", "coordinates": [[[-89.420847, 48.065195], [-89.420739, 48.065177], [-89.420686, 48.06515], [-89.420686, 48.065114], [-89.420557, 48.06506], [-89.420301, 48.064988], [-89.419917, 48.064898], [-89.419405, 48.06479], [-89.418943, 48.06468], [-89.418532, 48.064567], [-89.418171, 48.064452], [-89.417861, 48.064335], [-89.417619, 48.064232], [-89.417444, 48.064142], [-89.417336, 48.064065], [-89.417295, 48.064002], [-89.417211, 48.063948], [-89.417083, 48.063903], [-89.416911, 48.063867], [-89.416695, 48.06384], [-89.416523, 48.063793], [-89.416395, 48.063726], [-89.416311, 48.063638], [-89.416271, 48.06353], [-89.416385, 48.063503], [-89.416572, 48.06354], [-89.417154, 48.063746], [-89.417592, 48.063883], [-89.417659, 48.063908], [-89.41833, 48.064119], [-89.419091, 48.064326], [-89.419944, 48.064529], [-89.420888, 48.064727], [-89.421548, 48.064877], [-89.421926, 48.064981], [-89.42202, 48.065037], [-89.421831, 48.065046], [-89.42169, 48.065062], [-89.421595, 48.065084], [-89.421548, 48.065114], [-89.421548, 48.06515], [-89.421494, 48.065177], [-89.421386, 48.065195], [-89.421225, 48.065204], [-89.421009, 48.065204], [-89.420847, 48.065195]]]}}, {"type": "Feature", "properties": {"lead": 24, "temp": "t8"}, "geometry": {"type": "Polygon", "coordinates": [[[-89.413905, 48.067786], [-89.414026, 48.067588], [-89.414026, 48.067354], [-89.413905, 48.067084], [-89.413662, 48.066778], [-89.41348, 48.066486], [-89.413359, 48.066207], [-89.413298, 48.065942], [-89.413298, 48.065757], [-89.413342, 48.065609], [-89.41343, 48.065537], [-89.413561, 48.065541], [-89.413736, 48.065622], [-89.413868, 48.065705], [-89.413956, 48.065791], [-89.413999, 48.065879], [-89.413999, 48.065969], [-89.414073, 48.066115], [-89.414222, 48.066317], [-89.414444, 48.066576], [-89.414592, 48.066733], [-89.414717, 48.0669], [-89.414849, 48.06703], [-89.414851, 48.067032], [-89.414953, 48.067163], [-89.415081, 48.067392], [-89.415125, 48.067579], [-89.415084, 48.067723], [-89.414967, 48.06789], [-89.414771, 48.068079], [-89.414498, 48.06829], [-89.414148, 48.068524], [-89.413865, 48.068699], [-89.413766, 48.068753], [-89.413753, 48.068758], [-89.413531, 48.068776], [-89.413399, 48.068686], [-89.413359, 48.068488], [-89.413389, 48.068299], [-89.41349, 48.068119], [-89.413662, 48.067948], [-89.413905, 48.067786]]]}}, {"type": "Feature", "properties": {"lead": 24, "temp": "t8"}, "geometry": {"type": "Polygon", "coordinates": [[[-89.422492, 48.073279], [-89.422114, 48.073216], [-89.421764, 48.073126], [-89.42144, 48.073009], [-89.421147, 48.072921], [-89.420884, 48.072863], [-89.420652, 48.072834], [-89.42045, 48.072834], [-89.420231, 48.072795], [-89.419995, 48.072719], [-89.419742, 48.072604], [-89.419472, 48.072451], [-89.418909, 48.07231], [-89.418053, 48.072179], [-89.416904, 48.07206], [-89.415462, 48.071952], [-89.41438, 48.071839], [-89.413659, 48.071723], [-89.413298, 48.071601], [-89.413298, 48.071475], [-89.413386, 48.071378], [-89.413561, 48.071311], [-89.413824, 48.071273], [-89.414166, 48.071264], [-89.41419, 48.071264], [-89.414472, 48.071272], [-89.414534, 48.071277], [-89.414565, 48.07128], [-89.414646, 48.071304], [-89.414646, 48.07134], [-89.414778, 48.071387], [-89.415041, 48.071446], [-89.415435, 48.071516], [-89.415961, 48.071597], [-89.41639, 48.071643], [-89.416412, 48.071651], [-89.416547, 48.071678], [-89.416692, 48.07168], [-89.416847, 48.071657], [-89.416889, 48.071645], [-89.416992, 48.071637], [-89.417154, 48.071583], [-89.417275, 48.071565], [-89.417356, 48.071583], [-89.417396, 48.071637], [-89.417396, 48.071727], [-89.417514, 48.071794], [-89.41775, 48.071839], [-89.418104, 48.071862], [-89.418576, 48.071862], [-89.418974, 48.071889], [-89.419297, 48.071943], [-89.419546, 48.072024], [-89.419722, 48.072132], [-89.419941, 48.07222], [-89.420204, 48.072287], [-89.42051, 48.072334], [-89.420861, 48.072361], [-89.421154, 48.072411], [-89.421199, 48.072425], [-89.421393, 48.07251], [-89.421646, 48.072652], [-89.42169, 48.072694], [-89.421814, 48.072789], [-89.421943, 48.072861], [-89.422074, 48.07291], [-89.422209, 48.072937], [-89.422394, 48.072957], [-89.42263, 48.072971], [-89.422916, 48.072978], [-89.423253, 48.072978], [-89.42353, 48.07296], [-89.423746, 48.072924], [-89.423901, 48.07287], [-89.423995, 48.072798], [-89.424096, 48.072748], [-89.424204, 48.072721], [-89.424318, 48.072717], [-89.42444, 48.072735], [-89.424564, 48.072735], [-89.424692, 48.072717], [-89.424824, 48.072681], [-89.424959, 48.072627], [-89.4251, 48.072534], [-89.425249, 48.072404], [-89.425404, 48.072235], [-89.425565, 48.072028], [-89.425751, 48.071866], [-89.42596, 48.07175], [-89.426192, 48.071678], [-89.426448, 48.071651], [-89.426597, 48.071644], [-89.426637, 48.071657], [-89.42657, 48.071691], [-89.426394, 48.071745], [-89.426263, 48.071819], [-89.426175, 48.071914], [-89.426132, 48.072028], [-89.426132, 48.072079], [-89.426084, 48.072114], [-89.426017, 48.07233], [-89.425845, 48.072534], [-89.425569, 48.072728], [-89.425188, 48.07291], [-89.424703, 48.073081], [-89.424231, 48.073207], [-89.423772, 48.073288], [-89.423328, 48.073324], [-89.422896, 48.073315], [-89.422492, 48.073279]]]}}, {"type": "Feature", "properties": {"lead": 24, "temp": "t8"}, "geometry": {"type": "Polygon", "coordinates": [[[-89.421804, 48.084569], [-89.421966, 48.084398], [-89.422216, 48.084169], [-89.422553, 48.083881], [-89.422795, 48.083649], [-89.422924, 48.083496], [-89.422957, 48.083474], [-89.422997, 48.083415], [-89.422997, 48.083354], [-89.422957, 48.083292], [-89.422952, 48.083243], [-89.422977, 48.083213], [-89.423038, 48.083197], [-89.423132, 48.083197], [-89.423189, 48.083168], [-89.42321, 48.083109], [-89.423193, 48.083022], [-89.423162, 48.082955], [-89.423159, 48.082941], [-89.423152, 48.082934], [-89.423139, 48.082905], [-89.423082, 48.082815], [-89.423021, 48.082752], [-89.422957, 48.082716], [-89.42289, 48.082707], [-89.422849, 48.08269], [-89.422839, 48.082678], [-89.422829, 48.082626], [-89.422856, 48.082581], [-89.422832, 48.082527], [-89.422758, 48.082464], [-89.422633, 48.082392], [-89.422458, 48.082311], [-89.422222, 48.08225], [-89.421926, 48.08221], [-89.421568, 48.08219], [-89.421151, 48.08219], [-89.420729, 48.08221], [-89.420305, 48.08225], [-89.419877, 48.082311], [-89.419445, 48.082392], [-89.419024, 48.082489], [-89.418613, 48.082601], [-89.418212, 48.082729], [-89.417821, 48.082873], [-89.417464, 48.082988], [-89.41714, 48.083073], [-89.41685, 48.08313], [-89.416594, 48.083157], [-89.41623, 48.083242], [-89.415758, 48.083386], [-89.415179, 48.083588], [-89.414491, 48.083849], [-89.413966, 48.084011], [-89.413602, 48.084074], [-89.413399, 48.084038], [-89.413359, 48.083903], [-89.41341, 48.083782], [-89.413551, 48.083674], [-89.413784, 48.083579], [-89.414107, 48.083498], [-89.414441, 48.08339], [-89.414785, 48.083256], [-89.415138, 48.083094], [-89.415502, 48.082905], [-89.416133, 48.082693], [-89.417029, 48.082459], [-89.418192, 48.082203], [-89.419621, 48.081924], [-89.42081, 48.081751], [-89.421761, 48.081684], [-89.422472, 48.081722], [-89.422943, 48.081866], [-89.423321, 48.081996], [-89.423604, 48.082113], [-89.423793, 48.082217], [-89.423887, 48.082307], [-89.423958, 48.082408], [-89.424005, 48.08252], [-89.424029, 48.082644], [-89.424029, 48.082779], [-89.423992, 48.08295], [-89.423917, 48.083157], [-89.423806, 48.083399], [-89.423658, 48.083678], [-89.423442, 48.083932], [-89.423159, 48.084162], [-89.422809, 48.084366], [-89.422391, 48.084546], [-89.422002, 48.084689], [-89.421858, 48.084731], [-89.421744, 48.084735], [-89.42173, 48.084681], [-89.421804, 48.084569]]]}}, {"type": "Feature", "properties": {"lead": 24, "temp": "t12far"}, "geometry": {"type": "Polygon", "coordinates": [[[-89.474286, 48.050996], [-89.474185, 48.050946], [-89.474087, 48.050872], [-89.473993, 48.050773], [-89.473909, 48.050714], [-89.473835, 48.050696], [-89.473771, 48.050719], [-89.473717, 48.050782], [-89.473669, 48.050813], [-89.473629, 48.050813], [-89.473595, 48.050782], [-89.473568, 48.050719], [-89.473518, 48.050674], [-89.473444, 48.050647], [-89.473346, 48.050638], [-89.473225, 48.050647], [-89.473073, 48.05062], [-89.472891, 48.050557], [-89.472679, 48.050458], [-89.472436, 48.050323], [-89.472018, 48.050154], [-89.471425, 48.049952], [-89.470657, 48.049715], [-89.469713, 48.049445], [-89.468961, 48.049214], [-89.468402, 48.04902], [-89.468035, 48.048865], [-89.467859, 48.048748], [-89.467711, 48.048615], [-89.46759, 48.048466], [-89.467495, 48.048302], [-89.467428, 48.048122], [-89.467442, 48.047987], [-89.467536, 48.047897], [-89.467711, 48.047852], [-89.467967, 48.047852], [-89.468183, 48.047888], [-89.468358, 48.04796], [-89.468493, 48.048068], [-89.468587, 48.048212], [-89.468756, 48.048356], [-89.468999, 48.0485], [-89.469315, 48.048644], [-89.469706, 48.048788], [-89.470134, 48.048925], [-89.470599, 48.049056], [-89.471101, 48.04918], [-89.471641, 48.049297], [-89.47216, 48.049439], [-89.472658, 48.049605], [-89.473137, 48.049796], [-89.473595, 48.050012], [-89.474027, 48.050181], [-89.474431, 48.050303], [-89.474808, 48.050377], [-89.475159, 48.050404], [-89.475398, 48.050426], [-89.475526, 48.050444], [-89.475543, 48.050458], [-89.475449, 48.050467], [-89.475338, 48.050507], [-89.47521, 48.050579], [-89.475065, 48.050683], [-89.474903, 48.050818], [-89.474755, 48.050919], [-89.47462, 48.050987], [-89.474498, 48.05102], [-89.474391, 48.05102], [-89.474286, 48.050996]]]}}, {"type": "Feature", "properties": {"lead": 24, "temp": "t12far"}, "geometry": {"type": "Polygon", "coordinates": [[[-89.475971, 48.050631], [-89.475924, 48.050609], [-89.4759, 48.050584], [-89.4759, 48.050557], [-89.475924, 48.050539], [-89.475971, 48.05053], [-89.476042, 48.05053], [-89.476136, 48.050539], [-89.476207, 48.050555], [-89.476254, 48.050577], [-89.476278, 48.050606], [-89.476278, 48.050642], [-89.476254, 48.050665], [-89.476207, 48.050674], [-89.476136, 48.050669], [-89.476042, 48.050651], [-89.475971, 48.050631]]]}}, {"type": "Feature", "properties": {"lead": 24, "temp": "t12far"}, "geometry": {"type": "Polygon", "coordinates": [[[-89.476318, 48.050942], [-89.476372, 48.050892], [-89.47646, 48.050845], [-89.476581, 48.0508], [-89.476672, 48.050773], [-89.476733, 48.050764], [-89.476763, 48.050773], [-89.476763, 48.0508], [-89.476736, 48.050838], [-89.476682, 48.050888], [-89.476601, 48.050948], [-89.476494, 48.05102], [-89.476409, 48.051061], [-89.476349, 48.05107], [-89.476312, 48.051047], [-89.476298, 48.050993], [-89.476318, 48.050942]]]}}, {"type": "Feature", "properties": {"lead": 24, "temp": "t12far"}, "geometry": {"type": "Polygon", "coordinates": [[[-89.47829, 48.053892], [-89.478323, 48.053784], [-89.478482, 48.05368], [-89.478765, 48.053581], [-89.478984, 48.053462], [-89.479139, 48.053322], [-89.47923, 48.053163], [-89.479257, 48.052983], [-89.479227, 48.052803], [-89.479139, 48.052623], [-89.478994, 48.052443], [-89.478792, 48.052263], [-89.47863, 48.052098], [-89.478509, 48.05195], [-89.478428, 48.051817], [-89.478387, 48.0517], [-89.478239, 48.051554], [-89.477983, 48.051378], [-89.477619, 48.051173], [-89.477147, 48.050939], [-89.476918, 48.050771], [-89.476932, 48.050667], [-89.477188, 48.050629], [-89.477656, 48.050654], [-89.47767, 48.050656], [-89.478216, 48.050755], [-89.478516, 48.050858], [-89.478569, 48.050966], [-89.478714, 48.051128], [-89.47895, 48.051344], [-89.479277, 48.051615], [-89.479695, 48.051939], [-89.479992, 48.052272], [-89.480167, 48.052614], [-89.480221, 48.052965], [-89.480153, 48.053325], [-89.480025, 48.053622], [-89.479837, 48.053856], [-89.479587, 48.054027], [-89.479277, 48.054135], [-89.479215, 48.05416], [-89.479078, 48.054186], [-89.478829, 48.054182], [-89.478596, 48.054121], [-89.478381, 48.054004], [-89.47829, 48.053892]], [[-89.477353, 48.050847], [-89.477319, 48.050861], [-89.477302, 48.050881], [-89.477302, 48.050908], [-89.477319, 48.050921], [-89.477353, 48.050921], [-89.477403, 48.050908], [-89.477471, 48.050881], [-89.477505, 48.050861], [-89.477505, 48.050847], [-89.477471, 48.05084], [-89.477403, 48.05084], [-89.477353, 48.050847]]]}}, {"type": "Feature", "properties": {"lead": 24, "temp": "t12far"}, "geometry": {"type": "Polygon", "coordinates": [[[-89.477683, 48.054596], [-89.47769, 48.0546], [-89.477646, 48.054612], [-89.477552, 48.05463], [-89.477478, 48.054641], [-89.477424, 48.054645], [-89.47739, 48.054643], [-89.477376, 48.054634], [-89.477393, 48.054625], [-89.47744, 48.054616], [-89.477518, 48.054607], [-89.477626, 48.054598], [-89.477683, 48.054596]]]}}, {"type": "Feature", "properties": {"lead": 24, "temp": "t12far"}, "geometry": {"type": "Polygon", "coordinates": [[[-89.476413, 48.054758], [-89.476763, 48.054744], [-89.476774, 48.054753], [-89.47652, 48.054783], [-89.475533, 48.054873], [-89.474913, 48.054915], [-89.474256, 48.05494], [-89.473983, 48.054942], [-89.474138, 48.05492], [-89.474721, 48.054873], [-89.475732, 48.054801], [-89.476413, 48.054758]]]}}, {"type": "Feature", "properties": {"lead": 24, "temp": "t12far"}, "geometry": {"type": "Polygon", "coordinates": [[[-89.470131, 48.054963], [-89.470508, 48.054945], [-89.471088, 48.054949], [-89.47187, 48.054976], [-89.472311, 48.054999], [-89.472412, 48.055017], [-89.472173, 48.05503], [-89.471593, 48.055039], [-89.471115, 48.055053], [-89.470737, 48.055071], [-89.470461, 48.055093], [-89.470396, 48.055103], [-89.470185, 48.055116], [-89.47014, 48.055123], [-89.470047, 48.055107], [-89.469983, 48.055066], [-89.469956, 48.055003], [-89.470131, 48.054963]]]}}, {"type": "Feature", "properties": {"lead": 24, "temp": "t12far"}, "geometry": {"type": "Polygon", "coordinates": [[[-89.463708, 48.05602], [-89.463526, 48.055872], [-89.463364, 48.055674], [-89.463158, 48.055494], [-89.462909, 48.055332], [-89.462616, 48.055188], [-89.462279, 48.055062], [-89.461982, 48.054965], [-89.461726, 48.054897], [-89.46151, 48.054859], [-89.461335, 48.05485], [-89.461244, 48.054828], [-89.461237, 48.054792], [-89.461315, 48.054742], [-89.461477, 48.054679], [-89.461679, 48.054632], [-89.461921, 48.0546], [-89.462204, 48.054585], [-89.462528, 48.054585], [-89.462814, 48.0546], [-89.463064, 48.054632], [-89.463276, 48.054679], [-89.463451, 48.054742], [-89.463627, 48.05483], [-89.463802, 48.054942], [-89.463977, 48.05508], [-89.464152, 48.055242], [-89.464371, 48.055334], [-89.464634, 48.055356], [-89.464941, 48.055309], [-89.465291, 48.055192], [-89.465602, 48.055116], [-89.465871, 48.05508], [-89.4661, 48.055084], [-89.466289, 48.055129], [-89.466495, 48.055152], [-89.466717, 48.055152], [-89.466956, 48.055129], [-89.467212, 48.055084], [-89.467516, 48.05505], [-89.467866, 48.055028], [-89.468264, 48.055017], [-89.468709, 48.055017], [-89.469049, 48.055026], [-89.469285, 48.055044], [-89.469416, 48.055071], [-89.469443, 48.055107], [-89.469275, 48.055158], [-89.468911, 48.055226], [-89.468351, 48.055309], [-89.467597, 48.055408], [-89.466923, 48.055521], [-89.466329, 48.055647], [-89.465817, 48.055786], [-89.465386, 48.055939], [-89.465002, 48.056054], [-89.464678, 48.056127], [-89.464375, 48.056169], [-89.464132, 48.056169], [-89.46391, 48.056119], [-89.463708, 48.05602]]]}}, {"type": "Feature", "properties": {"lead": 24, "temp": "t12far"}, "geometry": {"type": "Polygon", "coordinates": [[[-89.457176, 48.056137], [-89.45748, 48.055989], [-89.457817, 48.055845], [-89.458046, 48.055761], [-89.458167, 48.055739], [-89.458177, 48.055766], [-89.457749, 48.055998], [-89.457331, 48.056268], [-89.456946, 48.056489], [-89.456833, 48.056542], [-89.45655, 48.056657], [-89.456428, 48.056679], [-89.456469, 48.05661], [-89.456671, 48.056448], [-89.456907, 48.05629], [-89.457176, 48.056137]]]}}, {"type": "Feature", "properties": {"lead": 24, "temp": "t12far"}, "geometry": {"type": "Polygon", "coordinates": [[[-89.455822, 48.056952], [-89.455835, 48.056952], [-89.455815, 48.056965], [-89.455761, 48.056992], [-89.455714, 48.057012], [-89.455673, 48.057026], [-89.45564, 48.057033], [-89.455613, 48.057033], [-89.455613, 48.057026], [-89.45564, 48.057012], [-89.455694, 48.056992], [-89.455774, 48.056965], [-89.455822, 48.056952]]]}}, {"type": "Feature", "properties": {"lead": 24, "temp": "t12far"}, "geometry": {"type": "Polygon", "coordinates": [[[-89.416318, 48.058425], [-89.416399, 48.058385], [-89.416554, 48.058329], [-89.416783, 48.058257], [-89.416978, 48.05818], [-89.41714, 48.058099], [-89.417268, 48.058014], [-89.417363, 48.057924], [-89.417423, 48.057818], [-89.41745, 48.057696], [-89.417444, 48.057559], [-89.417432, 48.057514], [-89.417427, 48.057469], [-89.417411, 48.057438], [-89.417403, 48.057406], [-89.417367, 48.057346], [-89.417353, 48.057316], [-89.417341, 48.057303], [-89.417315, 48.05726], [-89.417181, 48.05712], [-89.417058, 48.057031], [-89.417032, 48.05701], [-89.417018, 48.057002], [-89.416999, 48.056988], [-89.416907, 48.056937], [-89.416823, 48.056889], [-89.416807, 48.056882], [-89.41677, 48.056862], [-89.416703, 48.056841], [-89.416594, 48.056799], [-89.416345, 48.05674], [-89.416075, 48.056713], [-89.415725, 48.05672], [-89.415293, 48.05676], [-89.415021, 48.0568], [-89.415031, 48.056772], [-89.415179, 48.056718], [-89.415432, 48.056666], [-89.415789, 48.056616], [-89.416251, 48.056569], [-89.416817, 48.056524], [-89.417288, 48.056531], [-89.417666, 48.056589], [-89.417949, 48.0567], [-89.418138, 48.056862], [-89.418286, 48.057026], [-89.418394, 48.057192], [-89.418461, 48.057361], [-89.418488, 48.057532], [-89.418481, 48.05766], [-89.418441, 48.057746], [-89.418367, 48.057789], [-89.418259, 48.057789], [-89.418077, 48.057831], [-89.417821, 48.057917], [-89.417491, 48.058045], [-89.417086, 48.058216], [-89.416766, 48.058342], [-89.41653, 48.058423], [-89.416379, 48.058459], [-89.416311, 48.05845], [-89.416318, 48.058425]]]}}, {"type": "Feature", "properties": {"lead": 24, "temp": "t12far"}, "geometry": {"type": "Polygon", "coordinates": [[[-89.44526, 48.061168], [-89.445691, 48.060961], [-89.446143, 48.060772], [-89.446615, 48.060601], [-89.447225, 48.060441], [-89.447973, 48.060293], [-89.448859, 48.060155], [-89.449884, 48.060029], [-89.450635, 48.059899], [-89.451114, 48.059764], [-89.451319, 48.059624], [-89.451252, 48.05948], [-89.451262, 48.059348], [-89.45135, 48.059226], [-89.451515, 48.059116], [-89.451757, 48.059017], [-89.451953, 48.058988], [-89.452101, 48.059028], [-89.452202, 48.059138], [-89.452256, 48.059318], [-89.452364, 48.059474], [-89.452526, 48.059604], [-89.452741, 48.05971], [-89.453011, 48.059791], [-89.453156, 48.059879], [-89.453176, 48.059973], [-89.453072, 48.060074], [-89.452843, 48.060182], [-89.452535, 48.060284], [-89.452455, 48.060304], [-89.451919, 48.060412], [-89.451245, 48.060529], [-89.450531, 48.060623], [-89.449776, 48.060695], [-89.449764, 48.060696], [-89.449041, 48.060731], [-89.448246, 48.060749], [-89.44745, 48.060839], [-89.446655, 48.061001], [-89.446644, 48.061005], [-89.446493, 48.061035], [-89.445678, 48.061271], [-89.444869, 48.061577], [-89.444537, 48.061714], [-89.444363, 48.061741], [-89.444458, 48.061636], [-89.444849, 48.061393], [-89.44526, 48.061168]]]}}, {"type": "Feature", "properties": {"lead": 24, "temp": "t12far"}, "geometry": {"type": "Polygon", "coordinates": [[[-89.419118, 48.064317], [-89.418195, 48.064056], [-89.417336, 48.063773], [-89.41654, 48.063467], [-89.415816, 48.063233], [-89.415162, 48.063071], [-89.414579, 48.062981], [-89.414562, 48.06298], [-89.414276, 48.062936], [-89.413885, 48.062936], [-89.413883, 48.062936], [-89.413683, 48.062907], [-89.413426, 48.062812], [-89.413298, 48.06268], [-89.413298, 48.062509], [-89.413423, 48.062385], [-89.413672, 48.062308], [-89.414047, 48.062279], [-89.414545, 48.062297], [-89.415125, 48.062385], [-89.415785, 48.062542], [-89.416527, 48.06277], [-89.417349, 48.063067], [-89.418215, 48.063346], [-89.419125, 48.063606], [-89.420079, 48.063849], [-89.421076, 48.064074], [-89.422054, 48.064194], [-89.423011, 48.064207], [-89.423948, 48.064115], [-89.424864, 48.063917], [-89.425673, 48.063762], [-89.426374, 48.063649], [-89.426967, 48.063579], [-89.427453, 48.063552], [-89.427914, 48.063498], [-89.428352, 48.063417], [-89.428767, 48.06331], [-89.429158, 48.063175], [-89.429734, 48.063022], [-89.430496, 48.062851], [-89.431443, 48.062662], [-89.432575, 48.062455], [-89.433448, 48.062286], [-89.434061, 48.062155], [-89.434415, 48.062063], [-89.434509, 48.062009], [-89.434627, 48.061969], [-89.434769, 48.061942], [-89.434934, 48.061928], [-89.435123, 48.061928], [-89.435419, 48.061863], [-89.435824, 48.061732], [-89.436336, 48.061537], [-89.436956, 48.061276], [-89.437536, 48.06108], [-89.438075, 48.06095], [-89.438574, 48.060884], [-89.439032, 48.060884], [-89.439423, 48.060925], [-89.439746, 48.061006], [-89.440003, 48.061127], [-89.440191, 48.061289], [-89.440343, 48.061478], [-89.440458, 48.061694], [-89.440535, 48.061937], [-89.440576, 48.062207], [-89.440633, 48.062412], [-89.440707, 48.062551], [-89.440798, 48.062626], [-89.440906, 48.062635], [-89.441034, 48.062619], [-89.441182, 48.062578], [-89.441351, 48.062513], [-89.441539, 48.062423], [-89.441755, 48.062362], [-89.441998, 48.062331], [-89.442267, 48.062329], [-89.442564, 48.062356], [-89.442769, 48.062398], [-89.442884, 48.062457], [-89.442908, 48.062531], [-89.44284, 48.062621], [-89.442702, 48.062725], [-89.442532, 48.06282], [-89.442213, 48.062972], [-89.441863, 48.063116], [-89.441529, 48.063222], [-89.441212, 48.063289], [-89.440913, 48.063319], [-89.440629, 48.06331], [-89.4404, 48.063287], [-89.440225, 48.063251], [-89.440104, 48.063202], [-89.440036, 48.063139], [-89.439932, 48.06308], [-89.43979, 48.063026], [-89.439612, 48.062977], [-89.439396, 48.062932], [-89.439265, 48.062871], [-89.439217, 48.062794], [-89.439254, 48.062702], [-89.439376, 48.062594], [-89.439467, 48.062475], [-89.439527, 48.062344], [-89.439558, 48.062203], [-89.439558, 48.06205], [-89.439531, 48.06191], [-89.439477, 48.061784], [-89.439396, 48.061672], [-89.439288, 48.061573], [-89.439163, 48.061487], [-89.439022, 48.061415], [-89.438864, 48.061357], [-89.438688, 48.061312], [-89.438516, 48.061296], [-89.438506, 48.061294], [-89.438277, 48.061267], [-89.438035, 48.061258], [-89.437694, 48.061316], [-89.437256, 48.061442], [-89.437189, 48.061467], [-89.437168, 48.061472], [-89.436757, 48.061602], [-89.436316, 48.061771], [-89.435844, 48.061978], [-89.435456, 48.062162], [-89.435153, 48.062324], [-89.434934, 48.062464], [-89.434799, 48.062581], [-89.434641, 48.062668], [-89.434459, 48.062727], [-89.434253, 48.062756], [-89.434024, 48.062756], [-89.433771, 48.062788], [-89.433495, 48.062851], [-89.433195, 48.062945], [-89.432872, 48.063071], [-89.432471, 48.06319], [-89.431992, 48.063303], [-89.431436, 48.063408], [-89.430802, 48.063507], [-89.43024, 48.063613], [-89.429748, 48.063726], [-89.429326, 48.063845], [-89.428976, 48.063971], [-89.428592, 48.064072], [-89.428174, 48.064149], [-89.427722, 48.0642], [-89.427237, 48.064227], [-89.426637, 48.064299], [-89.425923, 48.064416], [-89.425094, 48.064578], [-89.42415, 48.064785], [-89.423179, 48.064886], [-89.422182, 48.064882], [-89.421157, 48.064772], [-89.420106, 48.064556], [-89.419118, 48.064317]]]}}, {"type": "Feature", "properties": {"lead": 24, "temp": "t12far"}, "geometry": {"type": "Polygon", "coordinates": [[[-89.413339, 48.067856], [-89.413393, 48.067725], [-89.41348, 48.067575], [-89.413602, 48.067404], [-89.413662, 48.067224], [-89.413662, 48.067035], [-89.413602, 48.066837], [-89.41348, 48.06663], [-89.41345, 48.066551], [-89.413511, 48.066601], [-89.413662, 48.066778], [-89.413905, 48.067084], [-89.414026, 48.067354], [-89.414026, 48.067588], [-89.413905, 48.067786], [-89.413662, 48.067948], [-89.413618, 48.067992], [-89.413521, 48.068047], [-89.413399, 48.068083], [-89.413332, 48.068056], [-89.413319, 48.067966], [-89.413339, 48.067856]]]}}, {"type": "Feature", "properties": {"lead": 24, "temp": "t12far"}, "geometry": {"type": "Polygon", "coordinates": [[[-89.438874, 48.070058], [-89.438934, 48.069995], [-89.439099, 48.069914], [-89.439369, 48.069815], [-89.439568, 48.069759], [-89.439696, 48.069745], [-89.439753, 48.069775], [-89.43974, 48.069847], [-89.439703, 48.069914], [-89.439642, 48.069977], [-89.439558, 48.070036], [-89.43945, 48.07009], [-89.439332, 48.070123], [-89.439204, 48.070137], [-89.439066, 48.07013], [-89.438917, 48.070103], [-89.438874, 48.070058]]]}}, {"type": "Feature", "properties": {"lead": 24, "temp": "t12far"}, "geometry": {"type": "Polygon", "coordinates": [[[-89.423098, 48.073781], [-89.422775, 48.073767], [-89.422445, 48.073774], [-89.422108, 48.073801], [-89.421828, 48.073808], [-89.421606, 48.073794], [-89.42144, 48.07376], [-89.421333, 48.073706], [-89.421248, 48.073639], [-89.421188, 48.073558], [-89.421151, 48.073463], [-89.421137, 48.073355], [-89.42109, 48.073259], [-89.421009, 48.073173], [-89.420894, 48.073099], [-89.420746, 48.073036], [-89.420183, 48.072917], [-89.419206, 48.072741], [-89.417814, 48.07251], [-89.416008, 48.072222], [-89.415014, 48.072033], [-89.414832, 48.071943], [-89.415462, 48.071952], [-89.416904, 48.07206], [-89.418053, 48.072179], [-89.418909, 48.07231], [-89.419472, 48.072451], [-89.419742, 48.072604], [-89.419995, 48.072719], [-89.420231, 48.072795], [-89.42045, 48.072834], [-89.420652, 48.072834], [-89.420884, 48.072863], [-89.421147, 48.072921], [-89.42144, 48.073009], [-89.421764, 48.073126], [-89.422114, 48.073216], [-89.422492, 48.073279], [-89.422896, 48.073315], [-89.423328, 48.073324], [-89.423772, 48.073288], [-89.424231, 48.073207], [-89.424703, 48.073081], [-89.425188, 48.07291], [-89.425569, 48.072728], [-89.425845, 48.072534], [-89.426017, 48.07233], [-89.426084, 48.072114], [-89.426435, 48.071857], [-89.426736, 48.071716], [-89.426792, 48.071723], [-89.426832, 48.07175], [-89.426832, 48.071794], [-89.426856, 48.071828], [-89.426903, 48.071851], [-89.426974, 48.071862], [-89.427068, 48.071862], [-89.427129, 48.071844], [-89.427156, 48.071808], [-89.427149, 48.071754], [-89.427109, 48.071682], [-89.427324, 48.071547], [-89.427796, 48.071349], [-89.428524, 48.071088], [-89.429508, 48.070764], [-89.430371, 48.070512], [-89.431099, 48.070332], [-89.431813, 48.070197], [-89.432366, 48.070143], [-89.432872, 48.070125], [-89.43333, 48.070143], [-89.433741, 48.070197], [-89.434105, 48.070287], [-89.434466, 48.070359], [-89.434823, 48.070413], [-89.435177, 48.070449], [-89.435527, 48.070467], [-89.435719, 48.07049], [-89.435753, 48.070517], [-89.435628, 48.070548], [-89.435345, 48.070584], [-89.435092, 48.070634], [-89.43487, 48.070697], [-89.434678, 48.070773], [-89.434516, 48.070863], [-89.434284, 48.070915], [-89.43398, 48.070929], [-89.433606, 48.070904], [-89.433161, 48.070841], [-89.432669, 48.07083], [-89.43213, 48.07087], [-89.431544, 48.070962], [-89.43091, 48.071106], [-89.43026, 48.071275], [-89.429593, 48.071468], [-89.428908, 48.071687], [-89.428207, 48.071929], [-89.427628, 48.072177], [-89.427169, 48.072429], [-89.426832, 48.072685], [-89.426617, 48.072946], [-89.426324, 48.07318], [-89.425953, 48.073387], [-89.425505, 48.073567], [-89.424979, 48.07372], [-89.424507, 48.073821], [-89.424089, 48.073871], [-89.423725, 48.073868], [-89.423415, 48.073814], [-89.423098, 48.073781]]]}}, {"type": "Feature", "properties": {"lead": 24, "temp": "t12far"}, "geometry": {"type": "Polygon", "coordinates": [[[-89.42971, 48.081169], [-89.429414, 48.080989], [-89.429158, 48.080764], [-89.428969, 48.080539], [-89.428848, 48.080314], [-89.428794, 48.080089], [-89.428807, 48.079864], [-89.428898, 48.079628], [-89.429067, 48.079381], [-89.429313, 48.079122], [-89.429636, 48.078852], [-89.430081, 48.078562], [-89.430647, 48.078252], [-89.431335, 48.077921], [-89.432144, 48.07757], [-89.432922, 48.077271], [-89.43367, 48.077024], [-89.434388, 48.076828], [-89.435076, 48.076684], [-89.435766, 48.076493], [-89.436461, 48.076255], [-89.437158, 48.075969], [-89.437859, 48.075636], [-89.438634, 48.075301], [-89.439484, 48.074964], [-89.440407, 48.074624], [-89.441405, 48.074282], [-89.442385, 48.073907], [-89.443349, 48.073497], [-89.444296, 48.073054], [-89.445226, 48.072577], [-89.446015, 48.072204], [-89.446662, 48.071934], [-89.447167, 48.071767], [-89.447531, 48.071705], [-89.447932, 48.071556], [-89.44837, 48.071322], [-89.448846, 48.071003], [-89.449358, 48.070598], [-89.450002, 48.07017], [-89.450777, 48.069721], [-89.451683, 48.069248], [-89.452721, 48.068753], [-89.453655, 48.068344], [-89.454484, 48.06802], [-89.455208, 48.067782], [-89.455828, 48.067629], [-89.456368, 48.067482], [-89.456826, 48.067343], [-89.457203, 48.06721], [-89.4575, 48.067084], [-89.457978, 48.06697], [-89.458639, 48.066866], [-89.459481, 48.066774], [-89.460506, 48.066693], [-89.461419, 48.066556], [-89.462221, 48.066362], [-89.462912, 48.066112], [-89.463492, 48.065807], [-89.464085, 48.065546], [-89.464692, 48.06533], [-89.465312, 48.065159], [-89.465945, 48.065033], [-89.466404, 48.064916], [-89.466687, 48.064808], [-89.466795, 48.064709], [-89.466727, 48.064619], [-89.4664, 48.064524], [-89.465814, 48.064425], [-89.464968, 48.064322], [-89.463863, 48.064214], [-89.462835, 48.064185], [-89.461884, 48.064234], [-89.461012, 48.064362], [-89.460216, 48.064569], [-89.459121, 48.064761], [-89.457726, 48.064936], [-89.456031, 48.065096], [-89.454036, 48.06524], [-89.452425, 48.065397], [-89.451198, 48.065568], [-89.450355, 48.065753], [-89.449897, 48.065951], [-89.449432, 48.066121], [-89.44896, 48.066265], [-89.448482, 48.066382], [-89.447996, 48.066472], [-89.447289, 48.066544], [-89.446359, 48.066598], [-89.445206, 48.066634], [-89.443831, 48.066652], [-89.442736, 48.066684], [-89.44192, 48.066729], [-89.441384, 48.066787], [-89.441128, 48.066859], [-89.440977, 48.067001], [-89.440929, 48.067213], [-89.440987, 48.067494], [-89.441148, 48.067845], [-89.441236, 48.068124], [-89.44125, 48.06833], [-89.441189, 48.068465], [-89.441054, 48.068528], [-89.44095, 48.068609], [-89.440875, 48.068708], [-89.440832, 48.068825], [-89.440818, 48.06896], [-89.440778, 48.06908], [-89.44071, 48.069183], [-89.440616, 48.069271], [-89.440495, 48.069343], [-89.44039, 48.069388], [-89.440303, 48.069406], [-89.440232, 48.069397], [-89.440178, 48.069361], [-89.440154, 48.069316], [-89.440161, 48.069262], [-89.440179, 48.069231], [-89.440198, 48.069221], [-89.440265, 48.06914], [-89.440316, 48.069028], [-89.44035, 48.068884], [-89.440367, 48.068708], [-89.440367, 48.068501], [-89.440323, 48.068254], [-89.440235, 48.067966], [-89.440104, 48.067638], [-89.439928, 48.067269], [-89.439928, 48.066945], [-89.440104, 48.066666], [-89.440454, 48.066432], [-89.44098, 48.066243], [-89.441718, 48.066099], [-89.442668, 48.066], [-89.443831, 48.065946], [-89.445206, 48.065937], [-89.446332, 48.065912], [-89.447208, 48.065872], [-89.447835, 48.065816], [-89.448212, 48.065744], [-89.448623, 48.065636], [-89.449068, 48.065492], [-89.449547, 48.065312], [-89.450059, 48.065096], [-89.450955, 48.064898], [-89.452236, 48.064718], [-89.453901, 48.064556], [-89.45595, 48.064412], [-89.457705, 48.06425], [-89.459168, 48.06407], [-89.460337, 48.063872], [-89.461214, 48.063656], [-89.462026, 48.063521], [-89.462774, 48.063467], [-89.463458, 48.063494], [-89.464078, 48.063602], [-89.464688, 48.063687], [-89.465288, 48.06375], [-89.465878, 48.063791], [-89.466457, 48.063809], [-89.466929, 48.063883], [-89.467293, 48.064014], [-89.467549, 48.0642], [-89.467698, 48.064443], [-89.467806, 48.064662], [-89.467873, 48.064855], [-89.4679, 48.065024], [-89.467886, 48.065168], [-89.467846, 48.065291], [-89.467779, 48.065395], [-89.467684, 48.065478], [-89.467563, 48.065541], [-89.467364, 48.065591], [-89.467088, 48.065627], [-89.466734, 48.065649], [-89.466302, 48.065658], [-89.465773, 48.065764], [-89.465147, 48.065966], [-89.464422, 48.066265], [-89.4636, 48.066661], [-89.462868, 48.066958], [-89.462228, 48.067156], [-89.461679, 48.067255], [-89.46122, 48.067255], [-89.460816, 48.067273], [-89.460466, 48.067309], [-89.460169, 48.067363], [-89.459926, 48.067435], [-89.45966, 48.067489], [-89.45937, 48.067525], [-89.459057, 48.067543], [-89.45872, 48.067543], [-89.458403, 48.067572], [-89.458107, 48.067631], [-89.45783, 48.067719], [-89.457792, 48.067736], [-89.457409, 48.067833], [-89.456435, 48.068124], [-89.455249, 48.06851], [-89.454187, 48.068891], [-89.45325, 48.069264], [-89.452438, 48.069631], [-89.451751, 48.069991], [-89.451104, 48.070373], [-89.450497, 48.070778], [-89.449931, 48.071205], [-89.449405, 48.071655], [-89.448913, 48.072001], [-89.448455, 48.072244], [-89.44803, 48.072384], [-89.447639, 48.07242], [-89.44712, 48.072564], [-89.446473, 48.072816], [-89.445698, 48.073176], [-89.444795, 48.073643], [-89.443861, 48.074082], [-89.442897, 48.074491], [-89.441903, 48.074871], [-89.440879, 48.075222], [-89.439942, 48.075566], [-89.439093, 48.075904], [-89.438331, 48.076234], [-89.437657, 48.076558], [-89.437088, 48.076821], [-89.436622, 48.077024], [-89.436262, 48.077165], [-89.436006, 48.077246], [-89.435733, 48.077314], [-89.435443, 48.077368], [-89.435136, 48.077408], [-89.434813, 48.077435], [-89.434344, 48.07755], [-89.433731, 48.077752], [-89.432973, 48.078043], [-89.43207, 48.07842], [-89.431348, 48.078733], [-89.430809, 48.07898], [-89.430452, 48.079163], [-89.430277, 48.07928], [-89.430128, 48.079417], [-89.430007, 48.079574], [-89.429913, 48.079752], [-89.429904, 48.079778], [-89.429845, 48.079898], [-89.429825, 48.080085], [-89.429829, 48.080096], [-89.429825, 48.080127], [-89.429852, 48.080285], [-89.429926, 48.080422], [-89.430047, 48.080539], [-89.430063, 48.080547], [-89.430182, 48.080642], [-89.430331, 48.080714], [-89.430499, 48.080768], [-89.430688, 48.080804], [-89.430897, 48.080822], [-89.431126, 48.080822], [-89.431547, 48.080771], [-89.432161, 48.080667], [-89.432966, 48.080512], [-89.433963, 48.080305], [-89.434732, 48.08015], [-89.435271, 48.080046], [-89.435581, 48.079995], [-89.435662, 48.079995], [-89.435723, 48.080017], [-89.435763, 48.080062], [-89.435783, 48.08013], [-89.435783, 48.08022], [-89.43581, 48.080294], [-89.435864, 48.080352], [-89.435945, 48.080395], [-89.436053, 48.080422], [-89.436012, 48.080478], [-89.435824, 48.080564], [-89.435487, 48.080678], [-89.435001, 48.080822], [-89.434462, 48.080959], [-89.433869, 48.08109], [-89.433222, 48.081214], [-89.432521, 48.081331], [-89.431891, 48.081407], [-89.431331, 48.081443], [-89.430843, 48.081438], [-89.430425, 48.081394], [-89.430047, 48.081304], [-89.42971, 48.081169]]]}}, {"type": "Feature", "properties": {"lead": 24, "temp": "t12far"}, "geometry": {"type": "Polygon", "coordinates": [[[-89.420706, 48.087636], [-89.42018, 48.087213], [-89.419772, 48.086851], [-89.419482, 48.08655], [-89.419311, 48.086309], [-89.419257, 48.086129], [-89.41928, 48.085945], [-89.419381, 48.085756], [-89.41956, 48.085563], [-89.419816, 48.085365], [-89.420106, 48.085201], [-89.420429, 48.08507], [-89.420787, 48.084974], [-89.421178, 48.084911], [-89.421575, 48.084818], [-89.42198, 48.084697], [-89.422391, 48.084546], [-89.422809, 48.084366], [-89.423159, 48.084162], [-89.423442, 48.083932], [-89.423658, 48.083678], [-89.423806, 48.083399], [-89.423917, 48.083157], [-89.423992, 48.08295], [-89.424029, 48.082779], [-89.424029, 48.082644], [-89.424005, 48.08252], [-89.423958, 48.082408], [-89.423887, 48.082307], [-89.423793, 48.082217], [-89.423604, 48.082113], [-89.423321, 48.081996], [-89.422943, 48.081866], [-89.422472, 48.081722], [-89.422077, 48.081614], [-89.421761, 48.081542], [-89.421521, 48.081506], [-89.42136, 48.081506], [-89.420921, 48.081576], [-89.420207, 48.081715], [-89.419216, 48.081924], [-89.417949, 48.082203], [-89.416908, 48.082459], [-89.416092, 48.082693], [-89.415502, 48.082905], [-89.415138, 48.083094], [-89.414785, 48.083256], [-89.414441, 48.08339], [-89.414107, 48.083498], [-89.413784, 48.083579], [-89.413777, 48.083582], [-89.413581, 48.083595], [-89.41342, 48.083546], [-89.413332, 48.083431], [-89.413319, 48.083251], [-89.413379, 48.083096], [-89.413514, 48.082965], [-89.413723, 48.08286], [-89.414006, 48.082779], [-89.414293, 48.082678], [-89.414582, 48.082556], [-89.414876, 48.082414], [-89.415172, 48.082253], [-89.415489, 48.082127], [-89.415826, 48.082037], [-89.416183, 48.081983], [-89.416561, 48.081965], [-89.417059, 48.081897], [-89.417679, 48.08178], [-89.418421, 48.081614], [-89.419284, 48.081398], [-89.420038, 48.081229], [-89.420686, 48.081108], [-89.421225, 48.081034], [-89.421656, 48.081007], [-89.422101, 48.081022], [-89.422559, 48.081081], [-89.423031, 48.081182], [-89.423516, 48.081326], [-89.423931, 48.08149], [-89.424275, 48.081675], [-89.424548, 48.081879], [-89.42475, 48.082104], [-89.424895, 48.082334], [-89.424982, 48.082567], [-89.425013, 48.082806], [-89.424986, 48.083049], [-89.424935, 48.083285], [-89.424861, 48.083514], [-89.424763, 48.083737], [-89.424642, 48.083953], [-89.424487, 48.084157], [-89.424298, 48.084351], [-89.424076, 48.084533], [-89.42382, 48.084704], [-89.42355, 48.084861], [-89.423267, 48.085005], [-89.42297, 48.085135], [-89.42266, 48.085252], [-89.42234, 48.085354], [-89.42201, 48.085439], [-89.42167, 48.085509], [-89.421319, 48.085563], [-89.421026, 48.085626], [-89.42079, 48.085698], [-89.420611, 48.085779], [-89.42049, 48.085869], [-89.420402, 48.085956], [-89.420348, 48.086042], [-89.420328, 48.086125], [-89.420342, 48.086206], [-89.420426, 48.086334], [-89.420581, 48.086509], [-89.420807, 48.086732], [-89.421103, 48.087002], [-89.42142, 48.087256], [-89.421757, 48.087494], [-89.422114, 48.087717], [-89.422492, 48.087924], [-89.422839, 48.08809], [-89.423156, 48.088216], [-89.423442, 48.088302], [-89.423698, 48.088347], [-89.424126, 48.088358], [-89.424726, 48.088335], [-89.425498, 48.088279], [-89.426442, 48.088189], [-89.427207, 48.088104], [-89.427793, 48.088023], [-89.428201, 48.087946], [-89.42843, 48.087874], [-89.428794, 48.087809], [-89.429293, 48.087751], [-89.429926, 48.087699], [-89.430695, 48.087654], [-89.431409, 48.087562], [-89.43207, 48.087422], [-89.432676, 48.087236], [-89.433229, 48.087002], [-89.433771, 48.08679], [-89.434304, 48.086602], [-89.434826, 48.086435], [-89.435338, 48.086291], [-89.435797, 48.086143], [-89.436201, 48.08599], [-89.436552, 48.085833], [-89.436848, 48.085671], [-89.437061, 48.085608], [-89.437189, 48.085644], [-89.437232, 48.085779], [-89.437192, 48.086012], [-89.437145, 48.086199], [-89.437091, 48.086339], [-89.43703, 48.086431], [-89.436963, 48.086476], [-89.436764, 48.086554], [-89.436434, 48.086667], [-89.436287, 48.086713], [-89.436201, 48.086739], [-89.436152, 48.086756], [-89.435972, 48.086813], [-89.435379, 48.086993], [-89.434819, 48.08718], [-89.434294, 48.087373], [-89.433802, 48.087573], [-89.433448, 48.087733], [-89.43299, 48.08789], [-89.432209, 48.088119], [-89.431807, 48.088198], [-89.43124, 48.08827], [-89.430789, 48.088317], [-89.430452, 48.08834], [-89.430229, 48.088338], [-89.430122, 48.088311], [-89.429879, 48.088324], [-89.429502, 48.088378], [-89.428989, 48.088472], [-89.428342, 48.088607], [-89.427783, 48.088695], [-89.427311, 48.088736], [-89.426927, 48.088729], [-89.42663, 48.088675], [-89.426408, 48.088648], [-89.42626, 48.088648], [-89.426185, 48.088675], [-89.426185, 48.088729], [-89.426121, 48.088787], [-89.425993, 48.08885], [-89.425801, 48.088918], [-89.425545, 48.08899], [-89.425198, 48.08903], [-89.42476, 48.089039], [-89.424231, 48.089017], [-89.423611, 48.088963], [-89.422984, 48.088823], [-89.42235, 48.088598], [-89.42171, 48.088288], [-89.421063, 48.087892], [-89.420933, 48.087808], [-89.420706, 48.087636]]]}}, {"type": "Feature", "properties": {"lead": 48, "temp": "t12"}, "geometry": {"type": "Polygon", "coordinates": [[[-89.423395, 48.065447], [-89.42326, 48.065393], [-89.423102, 48.065359], [-89.42292, 48.065345], [-89.422714, 48.065352], [-89.422485, 48.065379], [-89.422296, 48.065386], [-89.422148, 48.065372], [-89.42204, 48.065339], [-89.421973, 48.065285], [-89.421848, 48.065255], [-89.421666, 48.065251], [-89.421427, 48.065271], [-89.42113, 48.065316], [-89.420884, 48.06533], [-89.420689, 48.065312], [-89.420544, 48.065262], [-89.42045, 48.065181], [-89.420295, 48.065107], [-89.420079, 48.065039], [-89.419803, 48.064979], [-89.419466, 48.064925], [-89.419061, 48.064826], [-89.418589, 48.064682], [-89.41805, 48.064493], [-89.417444, 48.064259], [-89.416958, 48.064083], [-89.416594, 48.063966], [-89.416352, 48.063908], [-89.41623, 48.063908], [-89.416139, 48.063888], [-89.416079, 48.063847], [-89.416048, 48.063786], [-89.416048, 48.063705], [-89.416011, 48.063638], [-89.415937, 48.063584], [-89.415826, 48.063543], [-89.415678, 48.063516], [-89.41557, 48.06348], [-89.415502, 48.063435], [-89.415475, 48.063381], [-89.415489, 48.063319], [-89.415459, 48.063265], [-89.415384, 48.06322], [-89.415266, 48.063184], [-89.415105, 48.063157], [-89.414929, 48.063166], [-89.414741, 48.063211], [-89.414539, 48.063292], [-89.414323, 48.063408], [-89.414117, 48.063489], [-89.413922, 48.063534], [-89.413736, 48.063543], [-89.413561, 48.063516], [-89.41343, 48.063462], [-89.413342, 48.063381], [-89.413298, 48.063274], [-89.413298, 48.063139], [-89.413396, 48.063037], [-89.413592, 48.06297], [-89.413885, 48.062936], [-89.414276, 48.062936], [-89.414798, 48.063017], [-89.415452, 48.063179], [-89.416237, 48.063422], [-89.417154, 48.063746], [-89.418104, 48.064043], [-89.419088, 48.064313], [-89.420106, 48.064556], [-89.421157, 48.064772], [-89.422182, 48.064882], [-89.423179, 48.064886], [-89.42415, 48.064785], [-89.425094, 48.064578], [-89.425923, 48.064416], [-89.426637, 48.064299], [-89.427237, 48.064227], [-89.427722, 48.0642], [-89.428174, 48.064149], [-89.428592, 48.064072], [-89.428976, 48.063971], [-89.429326, 48.063845], [-89.429748, 48.063726], [-89.43024, 48.063613], [-89.430802, 48.063507], [-89.431436, 48.063408], [-89.431992, 48.063303], [-89.432471, 48.06319], [-89.432872, 48.063071], [-89.433195, 48.062945], [-89.433495, 48.062851], [-89.433771, 48.062788], [-89.434024, 48.062756], [-89.434253, 48.062756], [-89.434459, 48.062727], [-89.434641, 48.062668], [-89.434799, 48.062581], [-89.434934, 48.062464], [-89.435153, 48.062324], [-89.435456, 48.062162], [-89.435844, 48.061978], [-89.436316, 48.061771], [-89.436757, 48.061602], [-89.437168, 48.061472], [-89.437549, 48.061379], [-89.4379, 48.061325], [-89.438206, 48.061296], [-89.438469, 48.061292], [-89.438688, 48.061312], [-89.438864, 48.061357], [-89.439022, 48.061415], [-89.439163, 48.061487], [-89.439288, 48.061573], [-89.439396, 48.061672], [-89.439477, 48.061784], [-89.439531, 48.06191], [-89.439558, 48.06205], [-89.439558, 48.062203], [-89.439527, 48.062344], [-89.439467, 48.062475], [-89.439376, 48.062594], [-89.439254, 48.062702], [-89.439217, 48.062794], [-89.439265, 48.062871], [-89.439396, 48.062932], [-89.439612, 48.062977], [-89.43979, 48.063026], [-89.439932, 48.06308], [-89.440036, 48.063139], [-89.440104, 48.063202], [-89.440225, 48.063251], [-89.4404, 48.063287], [-89.440629, 48.06331], [-89.440913, 48.063319], [-89.441212, 48.063289], [-89.441529, 48.063222], [-89.441863, 48.063116], [-89.442213, 48.062972], [-89.442534, 48.062819], [-89.442823, 48.062657], [-89.443083, 48.062486], [-89.443312, 48.062306], [-89.443686, 48.062095], [-89.444205, 48.061852], [-89.444869, 48.061577], [-89.445678, 48.061271], [-89.446493, 48.061035], [-89.447316, 48.060869], [-89.448145, 48.060772], [-89.44898, 48.060745], [-89.449776, 48.060695], [-89.450531, 48.060623], [-89.451245, 48.060529], [-89.451919, 48.060412], [-89.452455, 48.060304], [-89.452853, 48.060205], [-89.453112, 48.060115], [-89.453233, 48.060034], [-89.453257, 48.059953], [-89.453183, 48.059872], [-89.453011, 48.059791], [-89.452741, 48.05971], [-89.452539, 48.059595], [-89.452404, 48.059447], [-89.452337, 48.059264], [-89.452337, 48.059048], [-89.452398, 48.058871], [-89.452519, 48.058731], [-89.452701, 48.05863], [-89.452944, 48.058567], [-89.453193, 48.058473], [-89.453449, 48.058347], [-89.453712, 48.058189], [-89.453982, 48.058], [-89.454211, 48.057854], [-89.454399, 48.05775], [-89.454548, 48.05769], [-89.454656, 48.057672], [-89.454753, 48.057633], [-89.454841, 48.057575], [-89.454918, 48.057496], [-89.454986, 48.057397], [-89.455138, 48.057287], [-89.455373, 48.057165], [-89.455694, 48.057033], [-89.456098, 48.056889], [-89.456506, 48.056713], [-89.456917, 48.056506], [-89.457331, 48.056268], [-89.457749, 48.055998], [-89.458198, 48.055755], [-89.458676, 48.055539], [-89.459185, 48.05535], [-89.459724, 48.055188], [-89.460206, 48.055062], [-89.460631, 48.054972], [-89.460998, 48.054918], [-89.461308, 48.0549], [-89.461625, 48.054918], [-89.461948, 48.054972], [-89.462279, 48.055062], [-89.462616, 48.055188], [-89.462909, 48.055332], [-89.463158, 48.055494], [-89.463364, 48.055674], [-89.463526, 48.055872], [-89.463708, 48.05602], [-89.46391, 48.056119], [-89.464132, 48.056169], [-89.464375, 48.056169], [-89.464705, 48.056124], [-89.465123, 48.056034], [-89.465628, 48.055899], [-89.466222, 48.055719], [-89.466808, 48.05557], [-89.467388, 48.055453], [-89.467961, 48.055368], [-89.468527, 48.055314], [-89.468985, 48.055284], [-89.469336, 48.05528], [-89.469578, 48.0553], [-89.469713, 48.055345], [-89.469814, 48.055363], [-89.469881, 48.055354], [-89.469915, 48.055318], [-89.469915, 48.055255], [-89.469942, 48.055203], [-89.469996, 48.055163], [-89.470077, 48.055134], [-89.470185, 48.055116], [-89.470566, 48.055093], [-89.471219, 48.055066], [-89.472146, 48.055035], [-89.473346, 48.054999], [-89.474475, 48.054945], [-89.475533, 48.054873], [-89.47652, 48.054783], [-89.477437, 48.054675], [-89.478125, 48.05458], [-89.478583, 48.054499], [-89.478812, 48.054432], [-89.478812, 48.054378], [-89.47889, 48.05431], [-89.479045, 48.054229], [-89.479277, 48.054135], [-89.479587, 48.054027], [-89.479837, 48.053856], [-89.480025, 48.053622], [-89.480153, 48.053325], [-89.480221, 48.052965], [-89.480167, 48.052614], [-89.479992, 48.052272], [-89.479695, 48.051939], [-89.479277, 48.051615], [-89.47895, 48.051344], [-89.478714, 48.051128], [-89.478569, 48.050966], [-89.478516, 48.050858], [-89.478216, 48.050755], [-89.47767, 48.050656], [-89.476878, 48.050561], [-89.47584, 48.050471], [-89.474947, 48.05035], [-89.474198, 48.050197], [-89.473595, 48.050012], [-89.473137, 48.049796], [-89.472658, 48.049605], [-89.47216, 48.049439], [-89.471641, 48.049297], [-89.471101, 48.04918], [-89.470599, 48.049056], [-89.470134, 48.048925], [-89.469706, 48.048788], [-89.469315, 48.048644], [-89.468999, 48.0485], [-89.468756, 48.048356], [-89.468587, 48.048212], [-89.468493, 48.048068], [-89.468537, 48.04796], [-89.468719, 48.047888], [-89.469039, 48.047852], [-89.469497, 48.047852], [-89.469888, 48.047888], [-89.470212, 48.04796], [-89.470468, 48.048068], [-89.470657, 48.048212], [-89.47096, 48.048356], [-89.471378, 48.0485], [-89.47191, 48.048644], [-89.472557, 48.048788], [-89.47311, 48.048932], [-89.473568, 48.049076], [-89.473932, 48.04922], [-89.474202, 48.049364], [-89.474539, 48.049472], [-89.474943, 48.049544], [-89.475415, 48.04958], [-89.475954, 48.04958], [-89.476369, 48.049594], [-89.476659, 48.049621], [-89.476824, 48.049661], [-89.476864, 48.049715], [-89.476928, 48.04976], [-89.477016, 48.049796], [-89.477127, 48.049823], [-89.477262, 48.049841], [-89.477383, 48.049844], [-89.477491, 48.04983], [-89.477585, 48.049801], [-89.477666, 48.049756], [-89.477761, 48.049736], [-89.477868, 48.04974], [-89.47799, 48.049769], [-89.478125, 48.049823], [-89.478246, 48.049857], [-89.478354, 48.049871], [-89.478448, 48.049864], [-89.478529, 48.049837], [-89.478623, 48.049846], [-89.478731, 48.049891], [-89.478853, 48.049972], [-89.478987, 48.050089], [-89.479119, 48.050183], [-89.479247, 48.050255], [-89.479372, 48.050305], [-89.479493, 48.050332], [-89.479621, 48.050402], [-89.479756, 48.050514], [-89.479897, 48.050669], [-89.480046, 48.050867], [-89.480174, 48.051009], [-89.480281, 48.051095], [-89.480369, 48.051124], [-89.480436, 48.051097], [-89.480511, 48.051126], [-89.480591, 48.051212], [-89.480679, 48.051353], [-89.480773, 48.051551], [-89.480868, 48.051702], [-89.480962, 48.051806], [-89.481057, 48.051862], [-89.481151, 48.051871], [-89.481218, 48.051979], [-89.481259, 48.052186], [-89.481272, 48.052492], [-89.481259, 48.052897], [-89.481228, 48.05325], [-89.481181, 48.053552], [-89.481117, 48.053802], [-89.481036, 48.054], [-89.480912, 48.054191], [-89.480743, 48.054375], [-89.480531, 48.054553], [-89.480275, 48.054724], [-89.479995, 48.054866], [-89.479692, 48.054978], [-89.479365, 48.055062], [-89.479014, 48.055116], [-89.478731, 48.055179], [-89.478516, 48.055251], [-89.478367, 48.055332], [-89.478286, 48.055422], [-89.477643, 48.055516], [-89.476436, 48.055615], [-89.474667, 48.055719], [-89.472335, 48.055827], [-89.470451, 48.055923], [-89.469015, 48.056009], [-89.468028, 48.056083], [-89.467489, 48.056146], [-89.466966, 48.056236], [-89.466461, 48.056353], [-89.465972, 48.056497], [-89.4655, 48.056668], [-89.465056, 48.056796], [-89.464638, 48.056882], [-89.464247, 48.056925], [-89.463883, 48.056925], [-89.463549, 48.056846], [-89.463246, 48.056688], [-89.462973, 48.056452], [-89.46273, 48.056137], [-89.46242, 48.055901], [-89.462043, 48.055743], [-89.461598, 48.055665], [-89.461086, 48.055665], [-89.460658, 48.055685], [-89.460314, 48.055725], [-89.460054, 48.055786], [-89.459879, 48.055867], [-89.459748, 48.055944], [-89.45966, 48.056016], [-89.459616, 48.056083], [-89.459616, 48.056146], [-89.459562, 48.0562], [-89.459455, 48.056245], [-89.459293, 48.056281], [-89.459077, 48.056308], [-89.458905, 48.056351], [-89.458777, 48.056409], [-89.458693, 48.056484], [-89.458652, 48.056574], [-89.458568, 48.056648], [-89.45844, 48.056706], [-89.458268, 48.056749], [-89.458053, 48.056776], [-89.457773, 48.056868], [-89.457429, 48.057026], [-89.457021, 48.057249], [-89.45655, 48.057537], [-89.456078, 48.057795], [-89.455606, 48.058025], [-89.455134, 48.058225], [-89.454662, 48.058396], [-89.454319, 48.058554], [-89.454103, 48.058698], [-89.454015, 48.058828], [-89.454056, 48.058945], [-89.454103, 48.059028], [-89.454157, 48.059078], [-89.454217, 48.059093], [-89.454285, 48.059075], [-89.454362, 48.059087], [-89.45445, 48.059127], [-89.454548, 48.059197], [-89.454656, 48.059296], [-89.454736, 48.059393], [-89.45479, 48.059487], [-89.454817, 48.059579], [-89.454817, 48.059669], [-89.454763, 48.059786], [-89.454656, 48.05993], [-89.454494, 48.060101], [-89.454278, 48.060299], [-89.454073, 48.060455], [-89.453877, 48.060567], [-89.453692, 48.060637], [-89.453517, 48.060664], [-89.453382, 48.060695], [-89.453287, 48.060731], [-89.453233, 48.060772], [-89.45322, 48.060817], [-89.453173, 48.060846], [-89.453092, 48.06086], [-89.452977, 48.060857], [-89.452829, 48.060839], [-89.452694, 48.060844], [-89.452573, 48.060871], [-89.452465, 48.06092], [-89.452371, 48.060992], [-89.452131, 48.061067], [-89.451747, 48.061143], [-89.451218, 48.061222], [-89.450544, 48.061303], [-89.449981, 48.061364], [-89.44953, 48.061404], [-89.449189, 48.061424], [-89.44896, 48.061424], [-89.448768, 48.061409], [-89.448613, 48.061377], [-89.448495, 48.06133], [-89.448414, 48.061267], [-89.448343, 48.061233], [-89.448283, 48.061229], [-89.448232, 48.061253], [-89.448192, 48.061307], [-89.448128, 48.061341], [-89.44804, 48.061355], [-89.447929, 48.061348], [-89.447794, 48.061321], [-89.447609, 48.061339], [-89.447373, 48.061402], [-89.447086, 48.06151], [-89.446749, 48.061663], [-89.446476, 48.061775], [-89.446268, 48.061847], [-89.446123, 48.061879], [-89.446042, 48.06187], [-89.445957, 48.061885], [-89.44587, 48.061926], [-89.445779, 48.061991], [-89.445685, 48.062081], [-89.44557, 48.062155], [-89.445435, 48.062214], [-89.44528, 48.062257], [-89.445105, 48.062284], [-89.444855, 48.062376], [-89.444532, 48.062533], [-89.444134, 48.062756], [-89.443662, 48.063044], [-89.443258, 48.063267], [-89.442921, 48.063424], [-89.442651, 48.063516], [-89.442449, 48.063543], [-89.442294, 48.063577], [-89.442186, 48.063618], [-89.442126, 48.063665], [-89.442112, 48.063719], [-89.442082, 48.063753], [-89.442035, 48.063766], [-89.441971, 48.063759], [-89.44189, 48.063732], [-89.441829, 48.063726], [-89.441789, 48.063739], [-89.441769, 48.063773], [-89.441769, 48.063827], [-89.441748, 48.063861], [-89.441708, 48.063874], [-89.441647, 48.063867], [-89.441566, 48.06384], [-89.441506, 48.063834], [-89.441465, 48.063847], [-89.441445, 48.063881], [-89.441445, 48.063935], [-89.441391, 48.063971], [-89.441283, 48.063989], [-89.441121, 48.063989], [-89.440906, 48.063971], [-89.440744, 48.063948], [-89.440636, 48.063921], [-89.440582, 48.06389], [-89.440582, 48.063854], [-89.440549, 48.063836], [-89.440481, 48.063836], [-89.44038, 48.063854], [-89.440245, 48.06389], [-89.440144, 48.063901], [-89.440077, 48.063888], [-89.440043, 48.063849], [-89.440043, 48.063786], [-89.440006, 48.063746], [-89.439932, 48.063728], [-89.439821, 48.063732], [-89.439672, 48.063759], [-89.439558, 48.063759], [-89.439477, 48.063732], [-89.43943, 48.063678], [-89.439416, 48.063597], [-89.439329, 48.06353], [-89.439167, 48.063476], [-89.438931, 48.063435], [-89.438621, 48.063408], [-89.438402, 48.063366], [-89.438274, 48.063307], [-89.438237, 48.063233], [-89.438291, 48.063143], [-89.438297, 48.063069], [-89.438257, 48.06301], [-89.438169, 48.062968], [-89.438035, 48.062941], [-89.437937, 48.062898], [-89.437876, 48.062839], [-89.437853, 48.062765], [-89.437866, 48.062675], [-89.437917, 48.062601], [-89.438004, 48.062542], [-89.438129, 48.0625], [-89.438291, 48.062473], [-89.438422, 48.062423], [-89.438523, 48.062351], [-89.438594, 48.062257], [-89.438634, 48.06214], [-89.438621, 48.062045], [-89.438553, 48.061973], [-89.438432, 48.061924], [-89.438257, 48.061897], [-89.438031, 48.061926], [-89.437755, 48.062011], [-89.437428, 48.062153], [-89.43705, 48.062351], [-89.4367, 48.062515], [-89.436376, 48.062646], [-89.43608, 48.062743], [-89.43581, 48.062806], [-89.435598, 48.062878], [-89.435443, 48.062959], [-89.435345, 48.063049], [-89.435305, 48.063148], [-89.435231, 48.063211], [-89.435123, 48.063238], [-89.434981, 48.063229], [-89.434806, 48.063184], [-89.434671, 48.063168], [-89.434577, 48.063181], [-89.434523, 48.063224], [-89.434509, 48.063296], [-89.434425, 48.063348], [-89.43427, 48.063379], [-89.434044, 48.06339], [-89.433748, 48.063381], [-89.433519, 48.063395], [-89.433357, 48.063431], [-89.433263, 48.063489], [-89.433236, 48.06357], [-89.433185, 48.063618], [-89.433111, 48.063631], [-89.433013, 48.063611], [-89.432892, 48.063557], [-89.432804, 48.063541], [-89.43275, 48.063564], [-89.43273, 48.063624], [-89.432744, 48.063723], [-89.432673, 48.0638], [-89.432518, 48.063854], [-89.432278, 48.063885], [-89.431955, 48.063894], [-89.431706, 48.063915], [-89.43153, 48.063946], [-89.431429, 48.063989], [-89.431402, 48.064043], [-89.431358, 48.06407], [-89.431298, 48.06407], [-89.43122, 48.064043], [-89.431126, 48.063989], [-89.431038, 48.063969], [-89.430957, 48.063982], [-89.430883, 48.064029], [-89.430816, 48.06411], [-89.430684, 48.064173], [-89.430489, 48.064218], [-89.430229, 48.064245], [-89.429906, 48.064254], [-89.429643, 48.064281], [-89.429441, 48.064326], [-89.429299, 48.064389], [-89.429218, 48.06447], [-89.429124, 48.064524], [-89.429016, 48.064551], [-89.428895, 48.064551], [-89.42876, 48.064524], [-89.428639, 48.06452], [-89.428531, 48.064538], [-89.428437, 48.064578], [-89.428356, 48.064641], [-89.428261, 48.064693], [-89.428154, 48.064734], [-89.428032, 48.064763], [-89.427897, 48.064781], [-89.427786, 48.064774], [-89.427699, 48.064743], [-89.427635, 48.064686], [-89.427594, 48.064605], [-89.427544, 48.064545], [-89.427483, 48.064504], [-89.427412, 48.064484], [-89.427331, 48.064484], [-89.42726, 48.0645], [-89.4272, 48.064531], [-89.427149, 48.064578], [-89.427109, 48.064641], [-89.427055, 48.064689], [-89.426987, 48.06472], [-89.426907, 48.064736], [-89.426812, 48.064736], [-89.426741, 48.064749], [-89.426694, 48.064776], [-89.426671, 48.064817], [-89.426671, 48.064871], [-89.426533, 48.064911], [-89.426256, 48.064938], [-89.425842, 48.064952], [-89.425289, 48.064952], [-89.424874, 48.064967], [-89.424598, 48.064999], [-89.42446, 48.065046], [-89.42446, 48.065109], [-89.424436, 48.065156], [-89.424389, 48.065188], [-89.424318, 48.065204], [-89.424224, 48.065204], [-89.424153, 48.065217], [-89.424106, 48.065244], [-89.424083, 48.065285], [-89.424083, 48.065339], [-89.424052, 48.065372], [-89.423992, 48.065386], [-89.423901, 48.065379], [-89.423779, 48.065352], [-89.423688, 48.065345], [-89.423628, 48.065359], [-89.423597, 48.065393], [-89.423597, 48.065447], [-89.423564, 48.065474], [-89.423496, 48.065474], [-89.423395, 48.065447]], [[-89.453193, 48.05912], [-89.453153, 48.05912], [-89.453122, 48.059127], [-89.453102, 48.059141], [-89.453092, 48.059161], [-89.453092, 48.059188], [-89.453102, 48.059201], [-89.453122, 48.059201], [-89.453153, 48.059188], [-89.453193, 48.059161], [-89.453213, 48.059141], [-89.453213, 48.059127], [-89.453193, 48.05912]], [[-89.453955, 48.058936], [-89.453955, 48.058909], [-89.453924, 48.058896], [-89.453864, 48.058896], [-89.453773, 48.058909], [-89.453651, 48.058936], [-89.453591, 48.058956], [-89.453591, 48.05897], [-89.453651, 48.058976], [-89.453773, 48.058976], [-89.453864, 48.05897], [-89.453924, 48.058956], [-89.453955, 48.058936]], [[-89.453611, 48.058833], [-89.453597, 48.058833], [-89.453587, 48.058835], [-89.453581, 48.058839], [-89.453577, 48.058846], [-89.453577, 48.058855], [-89.453581, 48.05886], [-89.453587, 48.05886], [-89.453597, 48.058855], [-89.453611, 48.058846], [-89.453618, 48.058839], [-89.453618, 48.058835], [-89.453611, 48.058833]], [[-89.453773, 48.058725], [-89.453759, 48.058725], [-89.453749, 48.058727], [-89.453742, 48.058731], [-89.453739, 48.058738], [-89.453739, 48.058747], [-89.453742, 48.058752], [-89.453749, 48.058752], [-89.453759, 48.058747], [-89.453773, 48.058738], [-89.453779, 48.058731], [-89.453779, 48.058727], [-89.453773, 48.058725]], [[-89.454096, 48.058509], [-89.454083, 48.058509], [-89.454073, 48.058511], [-89.454066, 48.058515], [-89.454062, 48.058522], [-89.454062, 48.058531], [-89.454066, 48.058536], [-89.454073, 48.058536], [-89.454083, 48.058531], [-89.454096, 48.058522], [-89.454103, 48.058515], [-89.454103, 48.058511], [-89.454096, 48.058509]]]}}, {"type": "Feature", "properties": {"lead": 48, "temp": "t12"}, "geometry": {"type": "Polygon", "coordinates": [[[-89.436484, 48.070184], [-89.436484, 48.070049], [-89.436562, 48.069939], [-89.436717, 48.069853], [-89.436949, 48.069793], [-89.437259, 48.069757], [-89.437489, 48.069752], [-89.437637, 48.069779], [-89.437704, 48.069838], [-89.437691, 48.069928], [-89.437607, 48.070015], [-89.437451, 48.070101], [-89.437226, 48.070184], [-89.436929, 48.070265], [-89.436707, 48.070292], [-89.436558, 48.070265], [-89.436484, 48.070184]]]}}, {"type": "Feature", "properties": {"lead": 48, "temp": "t12"}, "geometry": {"type": "Polygon", "coordinates": [[[-89.431005, 48.080782], [-89.430695, 48.080755], [-89.430432, 48.080705], [-89.430216, 48.080633], [-89.430047, 48.080539], [-89.429926, 48.080422], [-89.429852, 48.080285], [-89.429825, 48.080127], [-89.429845, 48.07995], [-89.429913, 48.079752], [-89.430007, 48.079574], [-89.430128, 48.079417], [-89.430277, 48.07928], [-89.430452, 48.079163], [-89.430809, 48.07898], [-89.431348, 48.078733], [-89.43207, 48.07842], [-89.432973, 48.078043], [-89.433731, 48.077752], [-89.434344, 48.07755], [-89.434813, 48.077435], [-89.435136, 48.077408], [-89.435443, 48.077368], [-89.435733, 48.077314], [-89.436006, 48.077246], [-89.436262, 48.077165], [-89.436622, 48.077024], [-89.437088, 48.076821], [-89.437657, 48.076558], [-89.438331, 48.076234], [-89.439093, 48.075904], [-89.439942, 48.075566], [-89.440879, 48.075222], [-89.441903, 48.074871], [-89.442897, 48.074491], [-89.443861, 48.074082], [-89.444795, 48.073643], [-89.445698, 48.073176], [-89.446473, 48.072816], [-89.44712, 48.072564], [-89.447639, 48.07242], [-89.44803, 48.072384], [-89.448455, 48.072244], [-89.448913, 48.072001], [-89.449405, 48.071655], [-89.449931, 48.071205], [-89.450497, 48.070778], [-89.451104, 48.070373], [-89.451751, 48.069991], [-89.452438, 48.069631], [-89.45325, 48.069264], [-89.454187, 48.068891], [-89.455249, 48.06851], [-89.456435, 48.068124], [-89.457409, 48.067833], [-89.458171, 48.06764], [-89.45872, 48.067543], [-89.459057, 48.067543], [-89.45937, 48.067525], [-89.45966, 48.067489], [-89.459926, 48.067435], [-89.460169, 48.067363], [-89.460466, 48.067309], [-89.460816, 48.067273], [-89.46122, 48.067255], [-89.461679, 48.067255], [-89.462228, 48.067156], [-89.462868, 48.066958], [-89.4636, 48.066661], [-89.464422, 48.066265], [-89.465147, 48.065966], [-89.465773, 48.065764], [-89.466302, 48.065658], [-89.466734, 48.065649], [-89.467088, 48.065627], [-89.467364, 48.065591], [-89.467563, 48.065541], [-89.467684, 48.065478], [-89.467779, 48.065395], [-89.467846, 48.065291], [-89.467886, 48.065168], [-89.4679, 48.065024], [-89.467873, 48.064855], [-89.467806, 48.064662], [-89.467698, 48.064443], [-89.467549, 48.0642], [-89.467293, 48.064014], [-89.466929, 48.063883], [-89.466457, 48.063809], [-89.465878, 48.063791], [-89.465288, 48.06375], [-89.464688, 48.063687], [-89.464078, 48.063602], [-89.463458, 48.063494], [-89.462774, 48.063467], [-89.462026, 48.063521], [-89.461214, 48.063656], [-89.460337, 48.063872], [-89.459168, 48.06407], [-89.457705, 48.06425], [-89.45595, 48.064412], [-89.453901, 48.064556], [-89.452236, 48.064718], [-89.450955, 48.064898], [-89.450059, 48.065096], [-89.449547, 48.065312], [-89.449068, 48.065492], [-89.448623, 48.065636], [-89.448212, 48.065744], [-89.447835, 48.065816], [-89.447208, 48.065872], [-89.446332, 48.065912], [-89.445206, 48.065937], [-89.443831, 48.065946], [-89.442668, 48.066], [-89.441718, 48.066099], [-89.44098, 48.066243], [-89.440454, 48.066432], [-89.440104, 48.066666], [-89.439928, 48.066945], [-89.439928, 48.067269], [-89.440104, 48.067638], [-89.440235, 48.067966], [-89.440323, 48.068254], [-89.440367, 48.068501], [-89.440367, 48.068708], [-89.44035, 48.068884], [-89.440316, 48.069028], [-89.440265, 48.06914], [-89.440198, 48.069221], [-89.4401, 48.069273], [-89.439972, 48.069295], [-89.439814, 48.069289], [-89.439625, 48.069253], [-89.439504, 48.069255], [-89.43945, 48.069295], [-89.439463, 48.069374], [-89.439544, 48.069491], [-89.439541, 48.069604], [-89.439453, 48.069712], [-89.439281, 48.069815], [-89.439025, 48.069914], [-89.43882, 48.069948], [-89.438665, 48.069916], [-89.43856, 48.06982], [-89.438506, 48.069658], [-89.438527, 48.0695], [-89.438621, 48.069347], [-89.438789, 48.069199], [-89.439032, 48.069055], [-89.439214, 48.068904], [-89.439335, 48.068747], [-89.439396, 48.068582], [-89.439396, 48.068411], [-89.439372, 48.068263], [-89.439325, 48.068137], [-89.439254, 48.068034], [-89.43916, 48.067953], [-89.439079, 48.067833], [-89.439012, 48.067676], [-89.438958, 48.06748], [-89.438917, 48.067246], [-89.438874, 48.067071], [-89.438826, 48.066954], [-89.438776, 48.066895], [-89.438722, 48.066895], [-89.438685, 48.066846], [-89.438665, 48.066747], [-89.438661, 48.066598], [-89.438675, 48.0664], [-89.438715, 48.066229], [-89.438783, 48.066086], [-89.438877, 48.065969], [-89.438998, 48.065879], [-89.439143, 48.065811], [-89.439312, 48.065766], [-89.439504, 48.065744], [-89.43972, 48.065744], [-89.439969, 48.06571], [-89.440252, 48.065642], [-89.440569, 48.065541], [-89.440919, 48.065406], [-89.441526, 48.065296], [-89.442389, 48.06521], [-89.443507, 48.06515], [-89.444882, 48.065114], [-89.446008, 48.06506], [-89.446884, 48.064988], [-89.447511, 48.064898], [-89.447889, 48.06479], [-89.448205, 48.064716], [-89.448461, 48.064675], [-89.448657, 48.064668], [-89.448792, 48.064695], [-89.448923, 48.064686], [-89.449051, 48.064641], [-89.449176, 48.06456], [-89.449297, 48.064443], [-89.449452, 48.064342], [-89.449641, 48.064257], [-89.449863, 48.064187], [-89.45012, 48.064133], [-89.450443, 48.064092], [-89.450834, 48.064065], [-89.451292, 48.064052], [-89.451818, 48.064052], [-89.452243, 48.064029], [-89.452566, 48.063984], [-89.452789, 48.063917], [-89.45291, 48.063827], [-89.453227, 48.063746], [-89.453739, 48.063674], [-89.454447, 48.063611], [-89.45535, 48.063557], [-89.456111, 48.063523], [-89.456732, 48.06351], [-89.45721, 48.063516], [-89.457547, 48.063543], [-89.457867, 48.06355], [-89.458171, 48.063537], [-89.458457, 48.063503], [-89.458727, 48.063449], [-89.458949, 48.063393], [-89.459124, 48.063334], [-89.459252, 48.063274], [-89.459333, 48.063211], [-89.459414, 48.06317], [-89.459495, 48.063152], [-89.459576, 48.063157], [-89.459657, 48.063184], [-89.459761, 48.063184], [-89.459889, 48.063157], [-89.460041, 48.063103], [-89.460216, 48.063022], [-89.460445, 48.062945], [-89.460728, 48.062873], [-89.461065, 48.062806], [-89.461456, 48.062743], [-89.46176, 48.062704], [-89.461975, 48.062691], [-89.462103, 48.062702], [-89.462144, 48.062738], [-89.462282, 48.062765], [-89.462518, 48.062783], [-89.462852, 48.062792], [-89.463283, 48.062792], [-89.46367, 48.062812], [-89.464014, 48.062853], [-89.464314, 48.062914], [-89.46457, 48.062995], [-89.464921, 48.063055], [-89.465366, 48.063096], [-89.465905, 48.063116], [-89.466538, 48.063116], [-89.467081, 48.063152], [-89.467533, 48.063224], [-89.467893, 48.063332], [-89.468163, 48.063476], [-89.468395, 48.063699], [-89.468591, 48.064], [-89.468749, 48.06438], [-89.46887, 48.064839], [-89.468918, 48.065219], [-89.468891, 48.065521], [-89.46879, 48.065744], [-89.468614, 48.065888], [-89.468355, 48.066009], [-89.468011, 48.066108], [-89.467583, 48.066184], [-89.467071, 48.066238], [-89.466666, 48.066295], [-89.46637, 48.066353], [-89.466181, 48.066414], [-89.4661, 48.066477], [-89.465986, 48.066531], [-89.465837, 48.066576], [-89.465655, 48.066612], [-89.46544, 48.066639], [-89.465234, 48.066702], [-89.465039, 48.066801], [-89.464853, 48.066936], [-89.464678, 48.067107], [-89.464503, 48.067242], [-89.464328, 48.067341], [-89.464152, 48.067404], [-89.463977, 48.067431], [-89.463825, 48.067473], [-89.463697, 48.067532], [-89.463593, 48.067606], [-89.463512, 48.067696], [-89.463408, 48.067777], [-89.46328, 48.067849], [-89.463128, 48.067912], [-89.462953, 48.067966], [-89.462767, 48.068], [-89.462572, 48.068013], [-89.462366, 48.068007], [-89.462151, 48.06798], [-89.461958, 48.067966], [-89.46179, 48.067966], [-89.461645, 48.06798], [-89.461524, 48.068007], [-89.461433, 48.068043], [-89.461372, 48.068088], [-89.461342, 48.068142], [-89.461342, 48.068205], [-89.461332, 48.068243], [-89.461311, 48.068256], [-89.461281, 48.068245], [-89.461241, 48.068209], [-89.461123, 48.068182], [-89.460927, 48.068164], [-89.460654, 48.068155], [-89.460304, 48.068155], [-89.460041, 48.068164], [-89.459866, 48.068182], [-89.459778, 48.068209], [-89.459778, 48.068245], [-89.459714, 48.068272], [-89.459586, 48.06829], [-89.459394, 48.068299], [-89.459138, 48.068299], [-89.458925, 48.068312], [-89.458757, 48.068339], [-89.458632, 48.06838], [-89.458551, 48.068434], [-89.458447, 48.068474], [-89.458319, 48.068501], [-89.458167, 48.068515], [-89.457992, 48.068515], [-89.457786, 48.068551], [-89.45755, 48.068623], [-89.457284, 48.068731], [-89.456988, 48.068875], [-89.456732, 48.068983], [-89.456516, 48.069055], [-89.456341, 48.069091], [-89.456206, 48.069091], [-89.456031, 48.069127], [-89.455815, 48.069199], [-89.455559, 48.069307], [-89.455262, 48.069451], [-89.454966, 48.069572], [-89.454669, 48.069671], [-89.454373, 48.069748], [-89.454076, 48.069802], [-89.453843, 48.069858], [-89.453675, 48.069916], [-89.45357, 48.069977], [-89.45353, 48.07004], [-89.453446, 48.070101], [-89.453318, 48.070159], [-89.453146, 48.070215], [-89.45293, 48.070269], [-89.452681, 48.070359], [-89.452398, 48.070485], [-89.452081, 48.070647], [-89.45173, 48.070845], [-89.451393, 48.071066], [-89.45107, 48.071309], [-89.45076, 48.071574], [-89.450463, 48.071862], [-89.450187, 48.0721], [-89.449931, 48.072289], [-89.449695, 48.072429], [-89.449479, 48.072519], [-89.449324, 48.0726], [-89.44923, 48.072672], [-89.449196, 48.072735], [-89.449223, 48.072789], [-89.449226, 48.072838], [-89.449206, 48.072883], [-89.449162, 48.072924], [-89.449095, 48.07296], [-89.449011, 48.072978], [-89.44891, 48.072978], [-89.448792, 48.07296], [-89.448657, 48.072924], [-89.448536, 48.072912], [-89.448428, 48.072926], [-89.448333, 48.072964], [-89.448252, 48.073027], [-89.448104, 48.073088], [-89.447889, 48.073146], [-89.447605, 48.073203], [-89.447255, 48.073256], [-89.446942, 48.073333], [-89.446665, 48.073432], [-89.446426, 48.073553], [-89.446224, 48.073697], [-89.446048, 48.073805], [-89.4459, 48.073877], [-89.445779, 48.073913], [-89.445685, 48.073913], [-89.445604, 48.073931], [-89.445536, 48.073967], [-89.445482, 48.074021], [-89.445442, 48.074093], [-89.445378, 48.074149], [-89.44529, 48.07419], [-89.445179, 48.074215], [-89.445044, 48.074224], [-89.444903, 48.074266], [-89.444754, 48.074343], [-89.444599, 48.074453], [-89.444438, 48.074597], [-89.444293, 48.074705], [-89.444165, 48.074777], [-89.444053, 48.074813], [-89.443959, 48.074813], [-89.443868, 48.074835], [-89.44378, 48.07488], [-89.443696, 48.074948], [-89.443615, 48.075038], [-89.443501, 48.075119], [-89.443352, 48.075191], [-89.44317, 48.075254], [-89.442955, 48.075308], [-89.442773, 48.075371], [-89.442625, 48.075443], [-89.44251, 48.075524], [-89.442429, 48.075614], [-89.442335, 48.075681], [-89.442227, 48.075726], [-89.442106, 48.075749], [-89.441971, 48.075749], [-89.441839, 48.075771], [-89.441711, 48.075816], [-89.441587, 48.075884], [-89.441465, 48.075973], [-89.441256, 48.076068], [-89.44096, 48.076167], [-89.440576, 48.07627], [-89.440104, 48.076378], [-89.439736, 48.076475], [-89.439474, 48.07656], [-89.439315, 48.076635], [-89.439261, 48.076698], [-89.439147, 48.076765], [-89.438971, 48.076837], [-89.438735, 48.076914], [-89.438439, 48.076995], [-89.438206, 48.077071], [-89.438038, 48.077143], [-89.437933, 48.07721], [-89.437893, 48.077273], [-89.437788, 48.077341], [-89.43762, 48.077413], [-89.437387, 48.077489], [-89.437091, 48.07757], [-89.436858, 48.077647], [-89.43669, 48.077719], [-89.436585, 48.077786], [-89.436545, 48.077849], [-89.436363, 48.077923], [-89.436039, 48.078009], [-89.435574, 48.078106], [-89.434968, 48.078214], [-89.434503, 48.07831], [-89.434179, 48.078396], [-89.433997, 48.07847], [-89.433957, 48.078533], [-89.433744, 48.078643], [-89.43336, 48.078801], [-89.432804, 48.079005], [-89.432076, 48.079257], [-89.431497, 48.079468], [-89.431065, 48.079639], [-89.430782, 48.07977], [-89.430647, 48.07986], [-89.430546, 48.079941], [-89.430479, 48.080013], [-89.430445, 48.080076], [-89.430445, 48.08013], [-89.430469, 48.080163], [-89.430516, 48.080177], [-89.430587, 48.08017], [-89.430681, 48.080143], [-89.430752, 48.080141], [-89.430799, 48.080163], [-89.430823, 48.080211], [-89.430823, 48.080283], [-89.430843, 48.080319], [-89.430883, 48.080319], [-89.430944, 48.080283], [-89.431025, 48.080211], [-89.431139, 48.080148], [-89.431288, 48.080094], [-89.43147, 48.080049], [-89.431685, 48.080013], [-89.431921, 48.079995], [-89.432177, 48.079995], [-89.432454, 48.080013], [-89.43275, 48.080049], [-89.432973, 48.080055], [-89.433121, 48.080033], [-89.433195, 48.079981], [-89.433195, 48.0799], [-89.433239, 48.079846], [-89.433327, 48.079819], [-89.433458, 48.079819], [-89.433633, 48.079846], [-89.433808, 48.079837], [-89.433984, 48.079792], [-89.434159, 48.079711], [-89.434334, 48.079594], [-89.43452, 48.079543], [-89.434715, 48.079556], [-89.434921, 48.079635], [-89.435136, 48.079779], [-89.435049, 48.079938], [-89.434658, 48.080114], [-89.433963, 48.080305], [-89.432966, 48.080512], [-89.43214, 48.08066], [-89.431487, 48.08075], [-89.431005, 48.080782]]]}}, {"type": "Feature", "properties": {"lead": 48, "temp": "t12"}, "geometry": {"type": "Polygon", "coordinates": [[[-89.431166, 48.088634], [-89.431075, 48.088601], [-89.431015, 48.08856], [-89.430984, 48.088513], [-89.430984, 48.088459], [-89.430947, 48.088416], [-89.430873, 48.088385], [-89.430762, 48.088365], [-89.430614, 48.088356], [-89.430614, 48.088342], [-89.430762, 48.088324], [-89.431059, 48.088302], [-89.431503, 48.088275], [-89.432147, 48.088137], [-89.43299, 48.08789], [-89.434031, 48.087533], [-89.435271, 48.087065], [-89.436201, 48.086739], [-89.436821, 48.086554], [-89.437131, 48.086512], [-89.437131, 48.086611], [-89.437091, 48.086714], [-89.43701, 48.086822], [-89.436889, 48.086934], [-89.436727, 48.087051], [-89.436582, 48.087139], [-89.436454, 48.087197], [-89.436343, 48.087227], [-89.436248, 48.087227], [-89.436039, 48.087296], [-89.435716, 48.087436], [-89.435278, 48.087645], [-89.434725, 48.087924], [-89.434257, 48.088128], [-89.433873, 48.088259], [-89.433573, 48.088315], [-89.433357, 48.088297], [-89.433185, 48.088297], [-89.433057, 48.088315], [-89.432973, 48.088351], [-89.432932, 48.088405], [-89.432824, 48.088445], [-89.432649, 48.088472], [-89.432407, 48.088486], [-89.432096, 48.088486], [-89.431854, 48.088499], [-89.431679, 48.088526], [-89.431571, 48.088567], [-89.43153, 48.088621], [-89.43147, 48.088655], [-89.431389, 48.088668], [-89.431288, 48.088661], [-89.431166, 48.088634]]]}}, {"type": "Feature", "properties": {"lead": 48, "temp": "t12"}, "geometry": {"type": "Polygon", "coordinates": [[[-89.428753, 48.088549], [-89.429094, 48.088499], [-89.429222, 48.08849], [-89.429138, 48.088522], [-89.428841, 48.088594], [-89.428555, 48.088652], [-89.428278, 48.088697], [-89.428012, 48.088729], [-89.427756, 48.088747], [-89.427702, 48.088738], [-89.42785, 48.088702], [-89.428201, 48.088639], [-89.428753, 48.088549]]]}}, {"type": "Feature", "properties": {"lead": 48, "temp": "t12"}, "geometry": {"type": "Polygon", "coordinates": [[[-89.427149, 48.0889], [-89.427109, 48.088864], [-89.427045, 48.088834], [-89.426957, 48.088812], [-89.426846, 48.088796], [-89.426711, 48.088787], [-89.426654, 48.08878], [-89.426674, 48.088776], [-89.426772, 48.088774], [-89.426947, 48.088774], [-89.427078, 48.088785], [-89.427166, 48.088807], [-89.42721, 48.088841], [-89.42721, 48.088886], [-89.4272, 48.088911], [-89.42718, 48.088915], [-89.427149, 48.0889]]]}}, {"type": "Feature", "properties": {"lead": 48, "temp": "t12"}, "geometry": {"type": "Polygon", "coordinates": [[[-89.413298, 48.05899], [-89.413383, 48.058846], [-89.413551, 48.058711], [-89.413804, 48.058585], [-89.414141, 48.058468], [-89.414427, 48.058396], [-89.414663, 48.058369], [-89.414849, 48.058387], [-89.414983, 48.05845], [-89.415084, 48.058475], [-89.415152, 48.058461], [-89.415186, 48.05841], [-89.415186, 48.05832], [-89.415219, 48.058245], [-89.415287, 48.058187], [-89.415388, 48.058144], [-89.415523, 48.058117], [-89.415634, 48.058077], [-89.415721, 48.058023], [-89.415785, 48.057955], [-89.415826, 48.057874], [-89.415876, 48.057818], [-89.415937, 48.057786], [-89.416008, 48.05778], [-89.416089, 48.057798], [-89.41617, 48.057784], [-89.416251, 48.057739], [-89.416331, 48.057663], [-89.416412, 48.057555], [-89.416422, 48.057467], [-89.416362, 48.057399], [-89.41623, 48.057352], [-89.416028, 48.057325], [-89.415725, 48.057339], [-89.41532, 48.057393], [-89.414815, 48.057487], [-89.414208, 48.057622], [-89.413753, 48.057678], [-89.41345, 48.057656], [-89.413298, 48.057555], [-89.413298, 48.057375], [-89.413447, 48.057213], [-89.413743, 48.057069], [-89.414188, 48.056943], [-89.414781, 48.056835], [-89.415293, 48.05676], [-89.415725, 48.05672], [-89.416075, 48.056713], [-89.416345, 48.05674], [-89.416594, 48.056799], [-89.416823, 48.056889], [-89.417032, 48.05701], [-89.417221, 48.057163], [-89.417353, 48.057316], [-89.417427, 48.057469], [-89.417444, 48.057622], [-89.417403, 48.057775], [-89.41712, 48.057975], [-89.416594, 48.058223], [-89.415826, 48.058518], [-89.414815, 48.05886], [-89.414057, 48.059078], [-89.413551, 48.059172], [-89.413298, 48.059143], [-89.413298, 48.05899]]]}}, {"type": "Feature", "properties": {"lead": 48, "temp": "t12"}, "geometry": {"type": "Polygon", "coordinates": [[[-89.413838, 48.065568], [-89.413848, 48.065548], [-89.413868, 48.065534], [-89.413898, 48.065528], [-89.413939, 48.065528], [-89.413959, 48.065534], [-89.413959, 48.065548], [-89.413939, 48.065568], [-89.413898, 48.065595], [-89.413868, 48.065609], [-89.413848, 48.065609], [-89.413838, 48.065595], [-89.413838, 48.065568]]]}}, {"type": "Feature", "properties": {"lead": 48, "temp": "t12"}, "geometry": {"type": "Polygon", "coordinates": [[[-89.413399, 48.068686], [-89.413359, 48.068488], [-89.413389, 48.068299], [-89.41349, 48.068119], [-89.413662, 48.067948], [-89.413905, 48.067786], [-89.414026, 48.067588], [-89.414026, 48.067354], [-89.413905, 48.067084], [-89.413662, 48.066778], [-89.41348, 48.066486], [-89.413359, 48.066207], [-89.413298, 48.065942], [-89.413298, 48.06569], [-89.413352, 48.065537], [-89.41346, 48.065483], [-89.413622, 48.065528], [-89.413838, 48.065672], [-89.41403, 48.065843], [-89.414198, 48.066041], [-89.414343, 48.066265], [-89.414464, 48.066517], [-89.414589, 48.066729], [-89.414717, 48.0669], [-89.414849, 48.06703], [-89.414983, 48.06712], [-89.415091, 48.067222], [-89.415172, 48.067334], [-89.415226, 48.067458], [-89.415253, 48.067593], [-89.415213, 48.067746], [-89.415105, 48.067917], [-89.414929, 48.068106], [-89.414687, 48.068312], [-89.414451, 48.06849], [-89.414222, 48.068639], [-89.413999, 48.068758], [-89.413784, 48.068848], [-89.413612, 48.068866], [-89.413484, 48.068812], [-89.413399, 48.068686]]]}}, {"type": "Feature", "properties": {"lead": 48, "temp": "t12"}, "geometry": {"type": "Polygon", "coordinates": [[[-89.422896, 48.073315], [-89.422492, 48.073279], [-89.422114, 48.073216], [-89.421764, 48.073126], [-89.42144, 48.073009], [-89.421147, 48.072921], [-89.420884, 48.072863], [-89.420652, 48.072834], [-89.42045, 48.072834], [-89.420231, 48.072795], [-89.419995, 48.072719], [-89.419742, 48.072604], [-89.419472, 48.072451], [-89.418909, 48.07231], [-89.418053, 48.072179], [-89.416904, 48.07206], [-89.415462, 48.071952], [-89.41438, 48.071839], [-89.413659, 48.071723], [-89.413298, 48.071601], [-89.413298, 48.071475], [-89.413386, 48.071378], [-89.413561, 48.071311], [-89.413824, 48.071273], [-89.414175, 48.071264], [-89.414488, 48.071273], [-89.414764, 48.0713], [-89.415004, 48.071345], [-89.415206, 48.071408], [-89.415401, 48.071448], [-89.41559, 48.071466], [-89.415772, 48.071462], [-89.415947, 48.071435], [-89.416079, 48.071428], [-89.416166, 48.071441], [-89.41621, 48.071475], [-89.41621, 48.071529], [-89.416244, 48.071576], [-89.416311, 48.071617], [-89.416412, 48.071651], [-89.416547, 48.071678], [-89.416692, 48.07168], [-89.416847, 48.071657], [-89.417012, 48.07161], [-89.417187, 48.071538], [-89.417359, 48.071486], [-89.417528, 48.071455], [-89.417693, 48.071444], [-89.417855, 48.071453], [-89.417986, 48.071484], [-89.418087, 48.071538], [-89.418158, 48.071615], [-89.418198, 48.071714], [-89.418293, 48.071788], [-89.418441, 48.071837], [-89.418643, 48.071862], [-89.418899, 48.071862], [-89.419125, 48.071882], [-89.419321, 48.071923], [-89.419486, 48.071983], [-89.419621, 48.072064], [-89.419742, 48.072118], [-89.41985, 48.072145], [-89.419944, 48.072145], [-89.420025, 48.072118], [-89.420086, 48.072112], [-89.420126, 48.072125], [-89.420146, 48.072159], [-89.420146, 48.072213], [-89.4202, 48.072253], [-89.420308, 48.07228], [-89.42047, 48.072294], [-89.420686, 48.072294], [-89.420911, 48.07233], [-89.421147, 48.072402], [-89.421393, 48.07251], [-89.421649, 48.072654], [-89.421939, 48.072768], [-89.422263, 48.072854], [-89.42262, 48.07291], [-89.423011, 48.072937], [-89.423304, 48.072946], [-89.423499, 48.072937], [-89.423597, 48.07291], [-89.423597, 48.072865], [-89.423695, 48.072816], [-89.42389, 48.072762], [-89.424184, 48.072703], [-89.424575, 48.07264], [-89.424878, 48.07255], [-89.425094, 48.072433], [-89.425222, 48.072289], [-89.425262, 48.072118], [-89.425356, 48.071954], [-89.425505, 48.071797], [-89.425707, 48.071646], [-89.425963, 48.071502], [-89.426229, 48.071385], [-89.426506, 48.071295], [-89.426792, 48.071232], [-89.427089, 48.071196], [-89.427375, 48.071126], [-89.427651, 48.071023], [-89.427918, 48.070886], [-89.428174, 48.070715], [-89.428453, 48.070573], [-89.428757, 48.070461], [-89.429084, 48.070377], [-89.429434, 48.070323], [-89.429694, 48.070267], [-89.429862, 48.070209], [-89.42994, 48.070148], [-89.429926, 48.070085], [-89.42994, 48.070047], [-89.42998, 48.070033], [-89.430047, 48.070045], [-89.430142, 48.070081], [-89.430213, 48.070099], [-89.43026, 48.070099], [-89.430283, 48.070081], [-89.430283, 48.070045], [-89.430327, 48.070011], [-89.430415, 48.069979], [-89.430546, 48.06995], [-89.430722, 48.069923], [-89.430853, 48.069885], [-89.430941, 48.069835], [-89.430984, 48.069775], [-89.430984, 48.069703], [-89.431001, 48.06966], [-89.431035, 48.069646], [-89.431085, 48.069662], [-89.431153, 48.069707], [-89.431237, 48.069723], [-89.431338, 48.069709], [-89.431456, 48.069667], [-89.431591, 48.069595], [-89.431749, 48.069552], [-89.431931, 48.069538], [-89.432137, 48.069554], [-89.432366, 48.069599], [-89.432548, 48.069615], [-89.432683, 48.069601], [-89.43277, 48.069559], [-89.432811, 48.069487], [-89.432841, 48.069451], [-89.432861, 48.069451], [-89.432872, 48.069487], [-89.432872, 48.069559], [-89.432912, 48.069613], [-89.432993, 48.069649], [-89.433114, 48.069667], [-89.433276, 48.069667], [-89.433397, 48.06968], [-89.433478, 48.069707], [-89.433519, 48.069748], [-89.433519, 48.069802], [-89.433546, 48.069817], [-89.4336, 48.069795], [-89.43368, 48.069734], [-89.433788, 48.069635], [-89.433876, 48.069586], [-89.433943, 48.069586], [-89.43399, 48.069635], [-89.434017, 48.069734], [-89.434176, 48.069808], [-89.434466, 48.069858], [-89.434887, 48.069883], [-89.43544, 48.069883], [-89.435851, 48.069921], [-89.43612, 48.069997], [-89.436248, 48.070112], [-89.436235, 48.070265], [-89.436127, 48.070375], [-89.435925, 48.070443], [-89.435628, 48.070467], [-89.435237, 48.070449], [-89.434853, 48.070413], [-89.434476, 48.070359], [-89.434105, 48.070287], [-89.433741, 48.070197], [-89.43333, 48.070143], [-89.432872, 48.070125], [-89.432366, 48.070143], [-89.431813, 48.070197], [-89.431099, 48.070332], [-89.430223, 48.070548], [-89.429185, 48.070845], [-89.427985, 48.071223], [-89.427068, 48.071561], [-89.426435, 48.071857], [-89.426084, 48.072114], [-89.426017, 48.07233], [-89.425845, 48.072534], [-89.425569, 48.072728], [-89.425188, 48.07291], [-89.424703, 48.073081], [-89.424231, 48.073207], [-89.423772, 48.073288], [-89.423328, 48.073324], [-89.422896, 48.073315]]]}}, {"type": "Feature", "properties": {"lead": 48, "temp": "t12"}, "geometry": {"type": "Polygon", "coordinates": [[[-89.423961, 48.089745], [-89.423621, 48.089716], [-89.423291, 48.089657], [-89.42297, 48.08957], [-89.42266, 48.089453], [-89.422428, 48.089352], [-89.422273, 48.089266], [-89.422195, 48.089196], [-89.422195, 48.089142], [-89.422165, 48.089095], [-89.422104, 48.089055], [-89.422013, 48.089021], [-89.421892, 48.088994], [-89.421683, 48.088886], [-89.421386, 48.088697], [-89.421002, 48.088427], [-89.42053, 48.088077], [-89.420123, 48.087721], [-89.419779, 48.087362], [-89.419499, 48.086997], [-89.419284, 48.086629], [-89.419122, 48.086309], [-89.419014, 48.086039], [-89.41896, 48.085819], [-89.41896, 48.085648], [-89.41898, 48.085491], [-89.419021, 48.085347], [-89.419081, 48.085216], [-89.419162, 48.0851], [-89.419277, 48.084989], [-89.419425, 48.084886], [-89.419607, 48.084789], [-89.419823, 48.084699], [-89.420018, 48.084645], [-89.420193, 48.084627], [-89.420348, 48.084645], [-89.420483, 48.084699], [-89.420605, 48.084719], [-89.420712, 48.084706], [-89.420807, 48.084659], [-89.420888, 48.084578], [-89.421036, 48.08449], [-89.421252, 48.084396], [-89.421535, 48.084294], [-89.421885, 48.084187], [-89.422158, 48.084083], [-89.422354, 48.083984], [-89.422472, 48.08389], [-89.422512, 48.0838], [-89.422573, 48.083719], [-89.422654, 48.083647], [-89.422755, 48.083584], [-89.422876, 48.08353], [-89.422957, 48.083474], [-89.422997, 48.083415], [-89.422997, 48.083354], [-89.422957, 48.083292], [-89.42295, 48.083231], [-89.422977, 48.083172], [-89.423038, 48.083116], [-89.423132, 48.083062], [-89.423173, 48.083004], [-89.423159, 48.082941], [-89.423092, 48.082873], [-89.42297, 48.082801], [-89.422886, 48.082736], [-89.422839, 48.082678], [-89.422829, 48.082626], [-89.422856, 48.082581], [-89.422822, 48.082527], [-89.422728, 48.082464], [-89.422573, 48.082392], [-89.422357, 48.082311], [-89.422037, 48.082264], [-89.421612, 48.08225], [-89.421083, 48.082271], [-89.42045, 48.082325], [-89.419974, 48.082379], [-89.419658, 48.082432], [-89.419499, 48.082486], [-89.419499, 48.08254], [-89.419466, 48.082574], [-89.419398, 48.082588], [-89.419297, 48.082581], [-89.419162, 48.082554], [-89.419041, 48.082547], [-89.418933, 48.082561], [-89.418839, 48.082594], [-89.418758, 48.082648], [-89.418663, 48.082689], [-89.418556, 48.082716], [-89.418434, 48.082729], [-89.4183, 48.082729], [-89.418185, 48.082747], [-89.418091, 48.082783], [-89.418016, 48.082837], [-89.417963, 48.082909], [-89.417807, 48.082981], [-89.417551, 48.083053], [-89.417194, 48.083125], [-89.416736, 48.083197], [-89.416389, 48.083262], [-89.416153, 48.083321], [-89.416028, 48.083372], [-89.416015, 48.083417], [-89.41589, 48.083485], [-89.415654, 48.083575], [-89.415307, 48.083687], [-89.414849, 48.083822], [-89.414505, 48.083935], [-89.414276, 48.084025], [-89.414161, 48.084092], [-89.414161, 48.084137], [-89.414141, 48.084166], [-89.4141, 48.08418], [-89.41404, 48.084178], [-89.413959, 48.08416], [-89.413895, 48.084157], [-89.413848, 48.084171], [-89.413817, 48.0842], [-89.413804, 48.084245], [-89.413763, 48.084274], [-89.413696, 48.084288], [-89.413602, 48.084285], [-89.41348, 48.084267], [-89.413389, 48.08422], [-89.413329, 48.084144], [-89.413298, 48.084038], [-89.413298, 48.083903], [-89.413379, 48.083782], [-89.413541, 48.083674], [-89.413784, 48.083579], [-89.414107, 48.083498], [-89.414441, 48.08339], [-89.414785, 48.083256], [-89.415138, 48.083094], [-89.415502, 48.082905], [-89.416092, 48.082693], [-89.416908, 48.082459], [-89.417949, 48.082203], [-89.419216, 48.081924], [-89.420207, 48.081715], [-89.420921, 48.081576], [-89.42136, 48.081506], [-89.421521, 48.081506], [-89.421761, 48.081542], [-89.422077, 48.081614], [-89.422472, 48.081722], [-89.422943, 48.081866], [-89.423321, 48.081996], [-89.423604, 48.082113], [-89.423793, 48.082217], [-89.423887, 48.082307], [-89.423958, 48.082408], [-89.424005, 48.08252], [-89.424029, 48.082644], [-89.424029, 48.082779], [-89.423992, 48.08295], [-89.423917, 48.083157], [-89.423806, 48.083399], [-89.423658, 48.083678], [-89.423442, 48.083932], [-89.423159, 48.084162], [-89.422809, 48.084366], [-89.422391, 48.084546], [-89.42198, 48.084697], [-89.421575, 48.084818], [-89.421178, 48.084911], [-89.420787, 48.084974], [-89.420429, 48.08507], [-89.420106, 48.085201], [-89.419816, 48.085365], [-89.41956, 48.085563], [-89.419381, 48.085756], [-89.41928, 48.085945], [-89.419257, 48.086129], [-89.419311, 48.086309], [-89.419395, 48.086489], [-89.419509, 48.086669], [-89.419654, 48.086849], [-89.41983, 48.087029], [-89.420123, 48.087263], [-89.420534, 48.087551], [-89.421063, 48.087892], [-89.42171, 48.088288], [-89.42235, 48.088598], [-89.422984, 48.088823], [-89.423611, 48.088963], [-89.424231, 48.089017], [-89.424757, 48.089041], [-89.425188, 48.089037], [-89.425525, 48.089003], [-89.425768, 48.08894], [-89.42599, 48.088922], [-89.426192, 48.088949], [-89.426374, 48.089021], [-89.426536, 48.089138], [-89.426536, 48.089253], [-89.426374, 48.089365], [-89.426051, 48.089475], [-89.425565, 48.089583], [-89.425114, 48.089664], [-89.424696, 48.089718], [-89.424312, 48.089745], [-89.423961, 48.089745]]]}}, {"type": "Feature", "properties": {"lead": 48, "temp": "t10"}, "geometry": {"type": "Polygon", "coordinates": [[[-89.480376, 48.051121], [-89.480436, 48.051097], [-89.480462, 48.051107], [-89.480436, 48.051124], [-89.480406, 48.051137], [-89.480386, 48.051137], [-89.480376, 48.051124], [-89.480376, 48.051121]]]}}, {"type": "Feature", "properties": {"lead": 48, "temp": "t10"}, "geometry": {"type": "Polygon", "coordinates": [[[-89.423102, 48.065359], [-89.42292, 48.065345], [-89.422714, 48.065352], [-89.422485, 48.065379], [-89.422296, 48.065386], [-89.422148, 48.065372], [-89.42204, 48.065339], [-89.421973, 48.065285], [-89.421848, 48.065255], [-89.421666, 48.065251], [-89.421427, 48.065271], [-89.42113, 48.065316], [-89.420884, 48.06533], [-89.420689, 48.065312], [-89.420544, 48.065262], [-89.42045, 48.065181], [-89.420295, 48.065107], [-89.420079, 48.065039], [-89.419803, 48.064979], [-89.419466, 48.064925], [-89.419061, 48.064826], [-89.418589, 48.064682], [-89.41805, 48.064493], [-89.417444, 48.064259], [-89.416958, 48.064083], [-89.416594, 48.063966], [-89.416352, 48.063908], [-89.41623, 48.063908], [-89.416139, 48.063888], [-89.416079, 48.063847], [-89.416048, 48.063786], [-89.416048, 48.063705], [-89.416011, 48.063638], [-89.415937, 48.063584], [-89.415826, 48.063543], [-89.415678, 48.063516], [-89.41557, 48.06348], [-89.415502, 48.063435], [-89.415475, 48.063381], [-89.415489, 48.063319], [-89.415459, 48.063265], [-89.415384, 48.06322], [-89.415266, 48.063184], [-89.415105, 48.063157], [-89.414929, 48.063166], [-89.414741, 48.063211], [-89.414539, 48.063292], [-89.414323, 48.063408], [-89.414117, 48.063489], [-89.413922, 48.063534], [-89.413736, 48.063543], [-89.413561, 48.063516], [-89.41343, 48.063462], [-89.413342, 48.063381], [-89.413298, 48.063274], [-89.413298, 48.063139], [-89.413396, 48.063037], [-89.413592, 48.06297], [-89.413885, 48.062936], [-89.414276, 48.062936], [-89.414798, 48.063017], [-89.415452, 48.063179], [-89.416237, 48.063422], [-89.417154, 48.063746], [-89.418104, 48.064043], [-89.419088, 48.064313], [-89.420106, 48.064556], [-89.421157, 48.064772], [-89.422182, 48.064882], [-89.423179, 48.064886], [-89.42415, 48.064785], [-89.425094, 48.064578], [-89.425923, 48.064416], [-89.426637, 48.064299], [-89.427237, 48.064227], [-89.427722, 48.0642], [-89.428174, 48.064149], [-89.428592, 48.064072], [-89.428976, 48.063971], [-89.429326, 48.063845], [-89.429748, 48.063726], [-89.43024, 48.063613], [-89.430802, 48.063507], [-89.431436, 48.063408], [-89.431992, 48.063303], [-89.432471, 48.06319], [-89.432872, 48.063071], [-89.433195, 48.062945], [-89.433495, 48.062851], [-89.433771, 48.062788], [-89.434024, 48.062756], [-89.434253, 48.062756], [-89.434459, 48.062727], [-89.434641, 48.062668], [-89.434799, 48.062581], [-89.434934, 48.062464], [-89.435153, 48.062324], [-89.435456, 48.062162], [-89.435844, 48.061978], [-89.436316, 48.061771], [-89.436757, 48.061602], [-89.437168, 48.061472], [-89.437549, 48.061379], [-89.4379, 48.061325], [-89.438206, 48.061296], [-89.438469, 48.061292], [-89.438688, 48.061312], [-89.438864, 48.061357], [-89.439022, 48.061415], [-89.439163, 48.061487], [-89.439288, 48.061573], [-89.439396, 48.061672], [-89.439477, 48.061784], [-89.439531, 48.06191], [-89.439558, 48.06205], [-89.439558, 48.062203], [-89.439527, 48.062344], [-89.439467, 48.062475], [-89.439376, 48.062594], [-89.439254, 48.062702], [-89.439217, 48.062794], [-89.439265, 48.062871], [-89.439396, 48.062932], [-89.439612, 48.062977], [-89.43979, 48.063026], [-89.439932, 48.06308], [-89.440036, 48.063139], [-89.440104, 48.063202], [-89.440225, 48.063251], [-89.4404, 48.063287], [-89.440629, 48.06331], [-89.440913, 48.063319], [-89.441212, 48.063289], [-89.441529, 48.063222], [-89.441863, 48.063116], [-89.442213, 48.062972], [-89.442534, 48.062819], [-89.442823, 48.062657], [-89.443083, 48.062486], [-89.443312, 48.062306], [-89.443686, 48.062095], [-89.444205, 48.061852], [-89.444869, 48.061577], [-89.445678, 48.061271], [-89.446493, 48.061035], [-89.447316, 48.060869], [-89.448145, 48.060772], [-89.44898, 48.060745], [-89.449776, 48.060695], [-89.450531, 48.060623], [-89.451245, 48.060529], [-89.451919, 48.060412], [-89.452455, 48.060304], [-89.452853, 48.060205], [-89.453112, 48.060115], [-89.453233, 48.060034], [-89.453257, 48.059953], [-89.453183, 48.059872], [-89.453011, 48.059791], [-89.452741, 48.05971], [-89.452539, 48.059595], [-89.452404, 48.059447], [-89.452337, 48.059264], [-89.452337, 48.059048], [-89.452398, 48.058871], [-89.452519, 48.058731], [-89.452701, 48.05863], [-89.452944, 48.058567], [-89.453193, 48.058473], [-89.453449, 48.058347], [-89.453712, 48.058189], [-89.453982, 48.058], [-89.454211, 48.057854], [-89.454399, 48.05775], [-89.454548, 48.05769], [-89.454656, 48.057672], [-89.454753, 48.057633], [-89.454841, 48.057575], [-89.454918, 48.057496], [-89.454986, 48.057397], [-89.455138, 48.057287], [-89.455373, 48.057165], [-89.455694, 48.057033], [-89.456098, 48.056889], [-89.456506, 48.056713], [-89.456917, 48.056506], [-89.457331, 48.056268], [-89.457749, 48.055998], [-89.458198, 48.055755], [-89.458676, 48.055539], [-89.459185, 48.05535], [-89.459724, 48.055188], [-89.460206, 48.055062], [-89.460631, 48.054972], [-89.460998, 48.054918], [-89.461308, 48.0549], [-89.461625, 48.054918], [-89.461948, 48.054972], [-89.462279, 48.055062], [-89.462616, 48.055188], [-89.462909, 48.055332], [-89.463158, 48.055494], [-89.463364, 48.055674], [-89.463526, 48.055872], [-89.463708, 48.05602], [-89.46391, 48.056119], [-89.464132, 48.056169], [-89.464375, 48.056169], [-89.464705, 48.056124], [-89.465123, 48.056034], [-89.465628, 48.055899], [-89.466222, 48.055719], [-89.466808, 48.05557], [-89.467388, 48.055453], [-89.467961, 48.055368], [-89.468527, 48.055314], [-89.468985, 48.055284], [-89.469336, 48.05528], [-89.469578, 48.0553], [-89.469713, 48.055345], [-89.469814, 48.055363], [-89.469881, 48.055354], [-89.469915, 48.055318], [-89.469915, 48.055255], [-89.469942, 48.055203], [-89.469996, 48.055163], [-89.470077, 48.055134], [-89.470185, 48.055116], [-89.470566, 48.055093], [-89.471219, 48.055066], [-89.472146, 48.055035], [-89.473346, 48.054999], [-89.474475, 48.054945], [-89.475533, 48.054873], [-89.47652, 48.054783], [-89.477437, 48.054675], [-89.478125, 48.05458], [-89.478583, 48.054499], [-89.478812, 48.054432], [-89.478812, 48.054378], [-89.47889, 48.05431], [-89.479045, 48.054229], [-89.479277, 48.054135], [-89.479587, 48.054027], [-89.479837, 48.053856], [-89.480025, 48.053622], [-89.480153, 48.053325], [-89.480221, 48.052965], [-89.480167, 48.052614], [-89.479992, 48.052272], [-89.479695, 48.051939], [-89.479277, 48.051615], [-89.47895, 48.051344], [-89.478714, 48.051128], [-89.478569, 48.050966], [-89.478516, 48.050858], [-89.478216, 48.050755], [-89.47767, 48.050656], [-89.476878, 48.050561], [-89.47584, 48.050471], [-89.474947, 48.05035], [-89.474198, 48.050197], [-89.473595, 48.050012], [-89.473137, 48.049796], [-89.472658, 48.049605], [-89.47216, 48.049439], [-89.471641, 48.049297], [-89.471101, 48.04918], [-89.470599, 48.049056], [-89.470134, 48.048925], [-89.469706, 48.048788], [-89.469315, 48.048644], [-89.468999, 48.0485], [-89.468756, 48.048356], [-89.468587, 48.048212], [-89.468493, 48.048068], [-89.468537, 48.04796], [-89.468719, 48.047888], [-89.469039, 48.047852], [-89.469228, 48.047852], [-89.469619, 48.047911], [-89.47005, 48.048028], [-89.470522, 48.048203], [-89.471034, 48.048437], [-89.471442, 48.048608], [-89.471745, 48.048716], [-89.471944, 48.048761], [-89.472038, 48.048743], [-89.472119, 48.048741], [-89.472187, 48.048754], [-89.472241, 48.048784], [-89.472281, 48.048829], [-89.472396, 48.048876], [-89.472584, 48.048925], [-89.472847, 48.048977], [-89.473184, 48.049031], [-89.473457, 48.049094], [-89.473666, 48.049166], [-89.473811, 48.049247], [-89.473892, 48.049337], [-89.473996, 48.049418], [-89.474124, 48.04949], [-89.474276, 48.049553], [-89.474451, 48.049607], [-89.474603, 48.049634], [-89.474731, 48.049634], [-89.474835, 48.049607], [-89.474916, 48.049553], [-89.474938, 48.049543], [-89.474943, 48.049544], [-89.475036, 48.049551], [-89.475038, 48.049553], [-89.475038, 48.049607], [-89.475081, 48.049655], [-89.475169, 48.049695], [-89.475301, 48.049729], [-89.475476, 48.049756], [-89.475789, 48.049783], [-89.476241, 48.04981], [-89.476831, 48.049837], [-89.477558, 48.049864], [-89.478168, 48.04992], [-89.47866, 48.050006], [-89.479029, 48.050119], [-89.479119, 48.050183], [-89.479247, 48.050255], [-89.479325, 48.050286], [-89.479483, 48.050388], [-89.479611, 48.050492], [-89.479675, 48.050575], [-89.479675, 48.050638], [-89.479752, 48.050741], [-89.479907, 48.050885], [-89.48014, 48.05107], [-89.48045, 48.051295], [-89.480682, 48.051477], [-89.480784, 48.051569], [-89.480868, 48.051702], [-89.480915, 48.051754], [-89.480915, 48.051768], [-89.480939, 48.05181], [-89.480986, 48.051842], [-89.481057, 48.051862], [-89.481151, 48.051871], [-89.481198, 48.052029], [-89.481198, 48.052335], [-89.481151, 48.052789], [-89.481057, 48.053392], [-89.480922, 48.05388], [-89.480747, 48.054254], [-89.480531, 48.054513], [-89.480275, 48.054657], [-89.479975, 48.054792], [-89.479631, 48.054918], [-89.479243, 48.055035], [-89.478812, 48.055143], [-89.478489, 48.055239], [-89.478273, 48.055325], [-89.478165, 48.055399], [-89.478165, 48.055439], [-89.477757, 48.055499], [-89.477525, 48.055467], [-89.477333, 48.055449], [-89.477205, 48.055449], [-89.477141, 48.055467], [-89.477141, 48.055503], [-89.477043, 48.055536], [-89.476847, 48.055568], [-89.476554, 48.055597], [-89.476163, 48.055624], [-89.475644, 48.055644], [-89.474997, 48.055658], [-89.474222, 48.055665], [-89.473319, 48.055665], [-89.472503, 48.055685], [-89.471775, 48.055725], [-89.471135, 48.055786], [-89.470582, 48.055867], [-89.470124, 48.055921], [-89.46976, 48.055948], [-89.469491, 48.055948], [-89.469315, 48.055921], [-89.46913, 48.055908], [-89.468934, 48.055908], [-89.468729, 48.055921], [-89.468513, 48.055948], [-89.468351, 48.055977], [-89.468244, 48.056009], [-89.46819, 48.056043], [-89.46819, 48.056071], [-89.468028, 48.056083], [-89.467489, 48.056146], [-89.467212, 48.056194], [-89.467111, 48.0562], [-89.466683, 48.056263], [-89.466259, 48.056362], [-89.465837, 48.056497], [-89.46542, 48.056668], [-89.465015, 48.056796], [-89.464624, 48.056882], [-89.464247, 48.056925], [-89.463883, 48.056925], [-89.463549, 48.056846], [-89.463246, 48.056688], [-89.462973, 48.056452], [-89.46273, 48.056137], [-89.46242, 48.055901], [-89.462043, 48.055743], [-89.461598, 48.055665], [-89.461086, 48.055665], [-89.460658, 48.055685], [-89.460314, 48.055725], [-89.460054, 48.055786], [-89.459879, 48.055867], [-89.459748, 48.055944], [-89.45966, 48.056016], [-89.459616, 48.056083], [-89.459616, 48.056146], [-89.459562, 48.0562], [-89.459455, 48.056245], [-89.459293, 48.056281], [-89.459077, 48.056308], [-89.458905, 48.056351], [-89.458777, 48.056409], [-89.458693, 48.056484], [-89.458652, 48.056574], [-89.458568, 48.056648], [-89.45844, 48.056706], [-89.458268, 48.056749], [-89.458053, 48.056776], [-89.457773, 48.056868], [-89.457429, 48.057026], [-89.457021, 48.057249], [-89.45655, 48.057537], [-89.456078, 48.057795], [-89.455606, 48.058025], [-89.455134, 48.058225], [-89.454662, 48.058396], [-89.454319, 48.058554], [-89.454103, 48.058698], [-89.454015, 48.058828], [-89.454056, 48.058945], [-89.454103, 48.059028], [-89.454157, 48.059078], [-89.454217, 48.059093], [-89.454285, 48.059075], [-89.454362, 48.059087], [-89.45445, 48.059127], [-89.454548, 48.059197], [-89.454656, 48.059296], [-89.454736, 48.059393], [-89.45479, 48.059487], [-89.454817, 48.059579], [-89.454817, 48.059669], [-89.454763, 48.059786], [-89.454656, 48.05993], [-89.454494, 48.060101], [-89.454278, 48.060299], [-89.454073, 48.060455], [-89.453877, 48.060567], [-89.453692, 48.060637], [-89.453517, 48.060664], [-89.453382, 48.060695], [-89.453287, 48.060731], [-89.453233, 48.060772], [-89.45322, 48.060817], [-89.453173, 48.060846], [-89.453092, 48.06086], [-89.452977, 48.060857], [-89.452829, 48.060839], [-89.452694, 48.060844], [-89.452573, 48.060871], [-89.452465, 48.06092], [-89.452371, 48.060992], [-89.452131, 48.061067], [-89.451747, 48.061143], [-89.451218, 48.061222], [-89.450544, 48.061303], [-89.449981, 48.061364], [-89.44953, 48.061404], [-89.449189, 48.061424], [-89.44896, 48.061424], [-89.448768, 48.061409], [-89.448613, 48.061377], [-89.448495, 48.06133], [-89.448414, 48.061267], [-89.448343, 48.061233], [-89.448283, 48.061229], [-89.448232, 48.061253], [-89.448192, 48.061307], [-89.448128, 48.061341], [-89.44804, 48.061355], [-89.447929, 48.061348], [-89.447794, 48.061321], [-89.447609, 48.061339], [-89.447373, 48.061402], [-89.447086, 48.06151], [-89.446749, 48.061663], [-89.446476, 48.061775], [-89.446268, 48.061847], [-89.446123, 48.061879], [-89.446042, 48.06187], [-89.445957, 48.061885], [-89.44587, 48.061926], [-89.445779, 48.061991], [-89.445685, 48.062081], [-89.44557, 48.062155], [-89.445435, 48.062214], [-89.44528, 48.062257], [-89.445105, 48.062284], [-89.444855, 48.062376], [-89.444532, 48.062533], [-89.444134, 48.062756], [-89.443662, 48.063044], [-89.443258, 48.063267], [-89.442921, 48.063424], [-89.442651, 48.063516], [-89.442449, 48.063543], [-89.442294, 48.063577], [-89.442186, 48.063618], [-89.442126, 48.063665], [-89.442112, 48.063719], [-89.442082, 48.063753], [-89.442035, 48.063766], [-89.441971, 48.063759], [-89.44189, 48.063732], [-89.441829, 48.063726], [-89.441789, 48.063739], [-89.441769, 48.063773], [-89.441769, 48.063827], [-89.441748, 48.063861], [-89.441708, 48.063874], [-89.441647, 48.063867], [-89.441566, 48.06384], [-89.441506, 48.063834], [-89.441465, 48.063847], [-89.441445, 48.063881], [-89.441445, 48.063935], [-89.441391, 48.063971], [-89.441283, 48.063989], [-89.441121, 48.063989], [-89.440906, 48.063971], [-89.440744, 48.063948], [-89.440636, 48.063921], [-89.440582, 48.06389], [-89.440582, 48.063854], [-89.440549, 48.063836], [-89.440481, 48.063836], [-89.44038, 48.063854], [-89.440245, 48.06389], [-89.440144, 48.063901], [-89.440077, 48.063888], [-89.440043, 48.063849], [-89.440043, 48.063786], [-89.440006, 48.063746], [-89.439932, 48.063728], [-89.439821, 48.063732], [-89.439672, 48.063759], [-89.439558, 48.063759], [-89.439477, 48.063732], [-89.43943, 48.063678], [-89.439416, 48.063597], [-89.439329, 48.06353], [-89.439167, 48.063476], [-89.438931, 48.063435], [-89.438621, 48.063408], [-89.438402, 48.063366], [-89.438274, 48.063307], [-89.438237, 48.063233], [-89.438291, 48.063143], [-89.438297, 48.063069], [-89.438257, 48.06301], [-89.438169, 48.062968], [-89.438035, 48.062941], [-89.437937, 48.062898], [-89.437876, 48.062839], [-89.437853, 48.062765], [-89.437866, 48.062675], [-89.437917, 48.062601], [-89.438004, 48.062542], [-89.438129, 48.0625], [-89.438291, 48.062473], [-89.438422, 48.062423], [-89.438523, 48.062351], [-89.438594, 48.062257], [-89.438634, 48.06214], [-89.438621, 48.062045], [-89.438553, 48.061973], [-89.438432, 48.061924], [-89.438257, 48.061897], [-89.438031, 48.061926], [-89.437755, 48.062011], [-89.437428, 48.062153], [-89.43705, 48.062351], [-89.4367, 48.062515], [-89.436376, 48.062646], [-89.43608, 48.062743], [-89.43581, 48.062806], [-89.435598, 48.062878], [-89.435443, 48.062959], [-89.435345, 48.063049], [-89.435305, 48.063148], [-89.435231, 48.063211], [-89.435123, 48.063238], [-89.434981, 48.063229], [-89.434806, 48.063184], [-89.434671, 48.063168], [-89.434577, 48.063181], [-89.434523, 48.063224], [-89.434509, 48.063296], [-89.434425, 48.063348], [-89.43427, 48.063379], [-89.434044, 48.06339], [-89.433748, 48.063381], [-89.433519, 48.063395], [-89.433357, 48.063431], [-89.433263, 48.063489], [-89.433236, 48.06357], [-89.433185, 48.063618], [-89.433111, 48.063631], [-89.433013, 48.063611], [-89.432892, 48.063557], [-89.432804, 48.063541], [-89.43275, 48.063564], [-89.43273, 48.063624], [-89.432744, 48.063723], [-89.432673, 48.0638], [-89.432518, 48.063854], [-89.432278, 48.063885], [-89.431955, 48.063894], [-89.431706, 48.063915], [-89.43153, 48.063946], [-89.431429, 48.063989], [-89.431402, 48.064043], [-89.431358, 48.06407], [-89.431298, 48.06407], [-89.43122, 48.064043], [-89.431126, 48.063989], [-89.431038, 48.063969], [-89.430957, 48.063982], [-89.430883, 48.064029], [-89.430816, 48.06411], [-89.430684, 48.064173], [-89.430489, 48.064218], [-89.430229, 48.064245], [-89.429906, 48.064254], [-89.429643, 48.064281], [-89.429441, 48.064326], [-89.429299, 48.064389], [-89.429218, 48.06447], [-89.429124, 48.064524], [-89.429016, 48.064551], [-89.428895, 48.064551], [-89.42876, 48.064524], [-89.428639, 48.06452], [-89.428531, 48.064538], [-89.428437, 48.064578], [-89.428356, 48.064641], [-89.428261, 48.064693], [-89.428154, 48.064734], [-89.428032, 48.064763], [-89.427897, 48.064781], [-89.427786, 48.064774], [-89.427699, 48.064743], [-89.427635, 48.064686], [-89.427594, 48.064605], [-89.427544, 48.064545], [-89.427483, 48.064504], [-89.427412, 48.064484], [-89.427331, 48.064484], [-89.42726, 48.0645], [-89.4272, 48.064531], [-89.427149, 48.064578], [-89.427109, 48.064641], [-89.427055, 48.064689], [-89.426987, 48.06472], [-89.426907, 48.064736], [-89.426812, 48.064736], [-89.426741, 48.064749], [-89.426694, 48.064776], [-89.426671, 48.064817], [-89.426671, 48.064871], [-89.426533, 48.064911], [-89.426256, 48.064938], [-89.425842, 48.064952], [-89.425289, 48.064952], [-89.424874, 48.064967], [-89.424598, 48.064999], [-89.42446, 48.065046], [-89.42446, 48.065109], [-89.424436, 48.065156], [-89.424389, 48.065188], [-89.424318, 48.065204], [-89.424224, 48.065204], [-89.424153, 48.065217], [-89.424106, 48.065244], [-89.424083, 48.065285], [-89.424083, 48.065339], [-89.424052, 48.065372], [-89.423992, 48.065386], [-89.423901, 48.065379], [-89.423779, 48.065352], [-89.423688, 48.065345], [-89.423628, 48.065359], [-89.423597, 48.065393], [-89.423597, 48.065447], [-89.423564, 48.065474], [-89.423496, 48.065474], [-89.423395, 48.065447], [-89.42326, 48.065393], [-89.423102, 48.065359]], [[-89.453122, 48.059127], [-89.453102, 48.059141], [-89.453092, 48.059161], [-89.453092, 48.059188], [-89.453102, 48.059201], [-89.453122, 48.059201], [-89.453153, 48.059188], [-89.453193, 48.059161], [-89.453213, 48.059141], [-89.453213, 48.059127], [-89.453193, 48.05912], [-89.453153, 48.05912], [-89.453122, 48.059127]], [[-89.453924, 48.058896], [-89.453864, 48.058896], [-89.453773, 48.058909], [-89.453651, 48.058936], [-89.453591, 48.058956], [-89.453591, 48.05897], [-89.453651, 48.058976], [-89.453773, 48.058976], [-89.453864, 48.05897], [-89.453924, 48.058956], [-89.453955, 48.058936], [-89.453955, 48.058909], [-89.453924, 48.058896]], [[-89.453587, 48.058835], [-89.453581, 48.058839], [-89.453577, 48.058846], [-89.453577, 48.058855], [-89.453581, 48.05886], [-89.453587, 48.05886], [-89.453597, 48.058855], [-89.453611, 48.058846], [-89.453618, 48.058839], [-89.453618, 48.058835], [-89.453611, 48.058833], [-89.453597, 48.058833], [-89.453587, 48.058835]], [[-89.453749, 48.058727], [-89.453742, 48.058731], [-89.453739, 48.058738], [-89.453739, 48.058747], [-89.453742, 48.058752], [-89.453749, 48.058752], [-89.453759, 48.058747], [-89.453773, 48.058738], [-89.453779, 48.058731], [-89.453779, 48.058727], [-89.453773, 48.058725], [-89.453759, 48.058725], [-89.453749, 48.058727]], [[-89.454073, 48.058511], [-89.454066, 48.058515], [-89.454062, 48.058522], [-89.454062, 48.058531], [-89.454066, 48.058536], [-89.454073, 48.058536], [-89.454083, 48.058531], [-89.454096, 48.058522], [-89.454103, 48.058515], [-89.454103, 48.058511], [-89.454096, 48.058509], [-89.454083, 48.058509], [-89.454073, 48.058511]]]}}, {"type": "Feature", "properties": {"lead": 48, "temp": "t10"}, "geometry": {"type": "Polygon", "coordinates": [[[-89.436562, 48.069939], [-89.436717, 48.069853], [-89.436949, 48.069793], [-89.437259, 48.069757], [-89.437489, 48.069752], [-89.437637, 48.069779], [-89.437704, 48.069838], [-89.437691, 48.069928], [-89.437607, 48.070015], [-89.437451, 48.070101], [-89.437226, 48.070184], [-89.436929, 48.070265], [-89.436707, 48.070292], [-89.436558, 48.070265], [-89.436484, 48.070184], [-89.436484, 48.070049], [-89.436562, 48.069939]]]}}, {"type": "Feature", "properties": {"lead": 48, "temp": "t10"}, "geometry": {"type": "Polygon", "coordinates": [[[-89.430695, 48.080755], [-89.430432, 48.080705], [-89.430216, 48.080633], [-89.430047, 48.080539], [-89.429926, 48.080422], [-89.429852, 48.080285], [-89.429825, 48.080127], [-89.429845, 48.07995], [-89.429913, 48.079752], [-89.430007, 48.079574], [-89.430128, 48.079417], [-89.430277, 48.07928], [-89.430452, 48.079163], [-89.430809, 48.07898], [-89.431348, 48.078733], [-89.43207, 48.07842], [-89.432973, 48.078043], [-89.433731, 48.077752], [-89.434344, 48.07755], [-89.434813, 48.077435], [-89.435136, 48.077408], [-89.435443, 48.077368], [-89.435733, 48.077314], [-89.436006, 48.077246], [-89.436262, 48.077165], [-89.436622, 48.077024], [-89.437088, 48.076821], [-89.437657, 48.076558], [-89.438331, 48.076234], [-89.439093, 48.075904], [-89.439942, 48.075566], [-89.440879, 48.075222], [-89.441903, 48.074871], [-89.442897, 48.074491], [-89.443861, 48.074082], [-89.444795, 48.073643], [-89.445698, 48.073176], [-89.446473, 48.072816], [-89.44712, 48.072564], [-89.447639, 48.07242], [-89.44803, 48.072384], [-89.448455, 48.072244], [-89.448913, 48.072001], [-89.449405, 48.071655], [-89.449931, 48.071205], [-89.450497, 48.070778], [-89.451104, 48.070373], [-89.451751, 48.069991], [-89.452438, 48.069631], [-89.45325, 48.069264], [-89.454187, 48.068891], [-89.455249, 48.06851], [-89.456435, 48.068124], [-89.457409, 48.067833], [-89.458171, 48.06764], [-89.45872, 48.067543], [-89.459057, 48.067543], [-89.45937, 48.067525], [-89.45966, 48.067489], [-89.459926, 48.067435], [-89.460169, 48.067363], [-89.460466, 48.067309], [-89.460816, 48.067273], [-89.46122, 48.067255], [-89.461679, 48.067255], [-89.462228, 48.067156], [-89.462868, 48.066958], [-89.4636, 48.066661], [-89.464422, 48.066265], [-89.465147, 48.065966], [-89.465773, 48.065764], [-89.466302, 48.065658], [-89.466734, 48.065649], [-89.467088, 48.065627], [-89.467364, 48.065591], [-89.467563, 48.065541], [-89.467684, 48.065478], [-89.467779, 48.065395], [-89.467846, 48.065291], [-89.467886, 48.065168], [-89.4679, 48.065024], [-89.467873, 48.064855], [-89.467806, 48.064662], [-89.467698, 48.064443], [-89.467549, 48.0642], [-89.467293, 48.064014], [-89.466929, 48.063883], [-89.466457, 48.063809], [-89.465878, 48.063791], [-89.465288, 48.06375], [-89.464688, 48.063687], [-89.464078, 48.063602], [-89.463458, 48.063494], [-89.462774, 48.063467], [-89.462026, 48.063521], [-89.461214, 48.063656], [-89.460337, 48.063872], [-89.459168, 48.06407], [-89.457705, 48.06425], [-89.45595, 48.064412], [-89.453901, 48.064556], [-89.452236, 48.064718], [-89.450955, 48.064898], [-89.450059, 48.065096], [-89.449547, 48.065312], [-89.449068, 48.065492], [-89.448623, 48.065636], [-89.448212, 48.065744], [-89.447835, 48.065816], [-89.447208, 48.065872], [-89.446332, 48.065912], [-89.445206, 48.065937], [-89.443831, 48.065946], [-89.442668, 48.066], [-89.441718, 48.066099], [-89.44098, 48.066243], [-89.440454, 48.066432], [-89.440104, 48.066666], [-89.439928, 48.066945], [-89.439928, 48.067269], [-89.440104, 48.067638], [-89.440235, 48.067966], [-89.440323, 48.068254], [-89.440367, 48.068501], [-89.440367, 48.068708], [-89.44035, 48.068884], [-89.440316, 48.069028], [-89.440265, 48.06914], [-89.440198, 48.069221], [-89.4401, 48.069273], [-89.439972, 48.069295], [-89.439814, 48.069289], [-89.439625, 48.069253], [-89.439504, 48.069255], [-89.43945, 48.069295], [-89.439463, 48.069374], [-89.439544, 48.069491], [-89.439541, 48.069604], [-89.439453, 48.069712], [-89.439281, 48.069815], [-89.439025, 48.069914], [-89.43882, 48.069948], [-89.438665, 48.069916], [-89.43856, 48.06982], [-89.438506, 48.069658], [-89.438527, 48.0695], [-89.438621, 48.069347], [-89.438789, 48.069199], [-89.439032, 48.069055], [-89.439214, 48.068904], [-89.439335, 48.068747], [-89.439396, 48.068582], [-89.439396, 48.068411], [-89.439372, 48.068263], [-89.439325, 48.068137], [-89.439254, 48.068034], [-89.43916, 48.067953], [-89.439079, 48.067833], [-89.439012, 48.067676], [-89.438958, 48.06748], [-89.438917, 48.067246], [-89.438874, 48.067071], [-89.438826, 48.066954], [-89.438776, 48.066895], [-89.438722, 48.066895], [-89.438685, 48.066846], [-89.438665, 48.066747], [-89.438661, 48.066598], [-89.438675, 48.0664], [-89.438715, 48.066229], [-89.438783, 48.066086], [-89.438877, 48.065969], [-89.438998, 48.065879], [-89.439143, 48.065811], [-89.439312, 48.065766], [-89.439504, 48.065744], [-89.43972, 48.065744], [-89.439969, 48.06571], [-89.440252, 48.065642], [-89.440569, 48.065541], [-89.440919, 48.065406], [-89.441526, 48.065296], [-89.442389, 48.06521], [-89.443507, 48.06515], [-89.444882, 48.065114], [-89.446008, 48.06506], [-89.446884, 48.064988], [-89.447511, 48.064898], [-89.447889, 48.06479], [-89.448205, 48.064716], [-89.448461, 48.064675], [-89.448657, 48.064668], [-89.448792, 48.064695], [-89.448923, 48.064686], [-89.449051, 48.064641], [-89.449176, 48.06456], [-89.449297, 48.064443], [-89.449452, 48.064342], [-89.449641, 48.064257], [-89.449863, 48.064187], [-89.45012, 48.064133], [-89.450443, 48.064092], [-89.450834, 48.064065], [-89.451292, 48.064052], [-89.451818, 48.064052], [-89.452243, 48.064029], [-89.452566, 48.063984], [-89.452789, 48.063917], [-89.45291, 48.063827], [-89.453227, 48.063746], [-89.453739, 48.063674], [-89.454447, 48.063611], [-89.45535, 48.063557], [-89.456111, 48.063523], [-89.456732, 48.06351], [-89.45721, 48.063516], [-89.457547, 48.063543], [-89.457867, 48.06355], [-89.458171, 48.063537], [-89.458457, 48.063503], [-89.458727, 48.063449], [-89.458949, 48.063393], [-89.459124, 48.063334], [-89.459252, 48.063274], [-89.459333, 48.063211], [-89.459414, 48.06317], [-89.459495, 48.063152], [-89.459576, 48.063157], [-89.459657, 48.063184], [-89.459761, 48.063184], [-89.459889, 48.063157], [-89.460041, 48.063103], [-89.460216, 48.063022], [-89.460445, 48.062945], [-89.460728, 48.062873], [-89.461065, 48.062806], [-89.461456, 48.062743], [-89.46176, 48.062704], [-89.461975, 48.062691], [-89.462103, 48.062702], [-89.462144, 48.062738], [-89.462282, 48.062765], [-89.462518, 48.062783], [-89.462852, 48.062792], [-89.463283, 48.062792], [-89.46367, 48.062812], [-89.464014, 48.062853], [-89.464314, 48.062914], [-89.46457, 48.062995], [-89.464921, 48.063055], [-89.465366, 48.063096], [-89.465905, 48.063116], [-89.466538, 48.063116], [-89.467081, 48.063152], [-89.467533, 48.063224], [-89.467893, 48.063332], [-89.468163, 48.063476], [-89.468395, 48.063699], [-89.468591, 48.064], [-89.468749, 48.06438], [-89.46887, 48.064839], [-89.468918, 48.065219], [-89.468891, 48.065521], [-89.46879, 48.065744], [-89.468614, 48.065888], [-89.468355, 48.066009], [-89.468011, 48.066108], [-89.467583, 48.066184], [-89.467071, 48.066238], [-89.466666, 48.066295], [-89.46637, 48.066353], [-89.466181, 48.066414], [-89.4661, 48.066477], [-89.465986, 48.066531], [-89.465837, 48.066576], [-89.465655, 48.066612], [-89.46544, 48.066639], [-89.465234, 48.066702], [-89.465039, 48.066801], [-89.464853, 48.066936], [-89.464678, 48.067107], [-89.464503, 48.067242], [-89.464328, 48.067341], [-89.464152, 48.067404], [-89.463977, 48.067431], [-89.463825, 48.067473], [-89.463697, 48.067532], [-89.463593, 48.067606], [-89.463512, 48.067696], [-89.463408, 48.067777], [-89.46328, 48.067849], [-89.463128, 48.067912], [-89.462953, 48.067966], [-89.462767, 48.068], [-89.462572, 48.068013], [-89.462366, 48.068007], [-89.462151, 48.06798], [-89.461958, 48.067966], [-89.46179, 48.067966], [-89.461645, 48.06798], [-89.461524, 48.068007], [-89.461433, 48.068043], [-89.461372, 48.068088], [-89.461342, 48.068142], [-89.461342, 48.068205], [-89.461332, 48.068243], [-89.461311, 48.068256], [-89.461281, 48.068245], [-89.461241, 48.068209], [-89.461123, 48.068182], [-89.460927, 48.068164], [-89.460654, 48.068155], [-89.460304, 48.068155], [-89.460041, 48.068164], [-89.459866, 48.068182], [-89.459778, 48.068209], [-89.459778, 48.068245], [-89.459714, 48.068272], [-89.459586, 48.06829], [-89.459394, 48.068299], [-89.459138, 48.068299], [-89.458925, 48.068312], [-89.458757, 48.068339], [-89.458632, 48.06838], [-89.458551, 48.068434], [-89.458447, 48.068474], [-89.458319, 48.068501], [-89.458167, 48.068515], [-89.457992, 48.068515], [-89.457786, 48.068551], [-89.45755, 48.068623], [-89.457284, 48.068731], [-89.456988, 48.068875], [-89.456732, 48.068983], [-89.456516, 48.069055], [-89.456341, 48.069091], [-89.456206, 48.069091], [-89.456031, 48.069127], [-89.455815, 48.069199], [-89.455559, 48.069307], [-89.455262, 48.069451], [-89.454966, 48.069572], [-89.454669, 48.069671], [-89.454373, 48.069748], [-89.454076, 48.069802], [-89.453843, 48.069858], [-89.453675, 48.069916], [-89.45357, 48.069977], [-89.45353, 48.07004], [-89.453446, 48.070101], [-89.453318, 48.070159], [-89.453146, 48.070215], [-89.45293, 48.070269], [-89.452681, 48.070359], [-89.452398, 48.070485], [-89.452081, 48.070647], [-89.45173, 48.070845], [-89.451393, 48.071066], [-89.45107, 48.071309], [-89.45076, 48.071574], [-89.450463, 48.071862], [-89.450187, 48.0721], [-89.449931, 48.072289], [-89.449695, 48.072429], [-89.449479, 48.072519], [-89.449324, 48.0726], [-89.44923, 48.072672], [-89.449196, 48.072735], [-89.449223, 48.072789], [-89.449226, 48.072838], [-89.449206, 48.072883], [-89.449162, 48.072924], [-89.449095, 48.07296], [-89.449011, 48.072978], [-89.44891, 48.072978], [-89.448792, 48.07296], [-89.448657, 48.072924], [-89.448536, 48.072912], [-89.448428, 48.072926], [-89.448333, 48.072964], [-89.448252, 48.073027], [-89.448104, 48.073088], [-89.447889, 48.073146], [-89.447605, 48.073203], [-89.447255, 48.073256], [-89.446942, 48.073333], [-89.446665, 48.073432], [-89.446426, 48.073553], [-89.446224, 48.073697], [-89.446048, 48.073805], [-89.4459, 48.073877], [-89.445779, 48.073913], [-89.445685, 48.073913], [-89.445604, 48.073931], [-89.445536, 48.073967], [-89.445482, 48.074021], [-89.445442, 48.074093], [-89.445378, 48.074149], [-89.44529, 48.07419], [-89.445179, 48.074215], [-89.445044, 48.074224], [-89.444903, 48.074266], [-89.444754, 48.074343], [-89.444599, 48.074453], [-89.444438, 48.074597], [-89.444293, 48.074705], [-89.444165, 48.074777], [-89.444053, 48.074813], [-89.443959, 48.074813], [-89.443868, 48.074835], [-89.44378, 48.07488], [-89.443696, 48.074948], [-89.443615, 48.075038], [-89.443501, 48.075119], [-89.443352, 48.075191], [-89.44317, 48.075254], [-89.442955, 48.075308], [-89.442773, 48.075371], [-89.442625, 48.075443], [-89.44251, 48.075524], [-89.442429, 48.075614], [-89.442335, 48.075681], [-89.442227, 48.075726], [-89.442106, 48.075749], [-89.441971, 48.075749], [-89.441839, 48.075771], [-89.441711, 48.075816], [-89.441587, 48.075884], [-89.441465, 48.075973], [-89.441256, 48.076068], [-89.44096, 48.076167], [-89.440576, 48.07627], [-89.440104, 48.076378], [-89.439736, 48.076475], [-89.439474, 48.07656], [-89.439315, 48.076635], [-89.439261, 48.076698], [-89.439147, 48.076765], [-89.438971, 48.076837], [-89.438735, 48.076914], [-89.438439, 48.076995], [-89.438206, 48.077071], [-89.438038, 48.077143], [-89.437933, 48.07721], [-89.437893, 48.077273], [-89.437788, 48.077341], [-89.43762, 48.077413], [-89.437387, 48.077489], [-89.437091, 48.07757], [-89.436858, 48.077647], [-89.43669, 48.077719], [-89.436585, 48.077786], [-89.436545, 48.077849], [-89.436363, 48.077923], [-89.436039, 48.078009], [-89.435574, 48.078106], [-89.434968, 48.078214], [-89.434503, 48.07831], [-89.434179, 48.078396], [-89.433997, 48.07847], [-89.433957, 48.078533], [-89.433744, 48.078643], [-89.43336, 48.078801], [-89.432804, 48.079005], [-89.432076, 48.079257], [-89.431497, 48.079468], [-89.431065, 48.079639], [-89.430782, 48.07977], [-89.430647, 48.07986], [-89.430546, 48.079941], [-89.430479, 48.080013], [-89.430445, 48.080076], [-89.430445, 48.08013], [-89.430469, 48.080163], [-89.430516, 48.080177], [-89.430587, 48.08017], [-89.430681, 48.080143], [-89.430752, 48.080141], [-89.430799, 48.080163], [-89.430823, 48.080211], [-89.430823, 48.080283], [-89.430843, 48.080319], [-89.430883, 48.080319], [-89.430944, 48.080283], [-89.431025, 48.080211], [-89.431139, 48.080148], [-89.431288, 48.080094], [-89.43147, 48.080049], [-89.431685, 48.080013], [-89.431921, 48.079995], [-89.432177, 48.079995], [-89.432454, 48.080013], [-89.43275, 48.080049], [-89.432973, 48.080055], [-89.433121, 48.080033], [-89.433195, 48.079981], [-89.433195, 48.0799], [-89.433239, 48.079846], [-89.433327, 48.079819], [-89.433458, 48.079819], [-89.433633, 48.079846], [-89.433808, 48.079837], [-89.433984, 48.079792], [-89.434159, 48.079711], [-89.434334, 48.079594], [-89.43452, 48.079543], [-89.434715, 48.079556], [-89.434921, 48.079635], [-89.435136, 48.079779], [-89.435049, 48.079938], [-89.434658, 48.080114], [-89.433963, 48.080305], [-89.432966, 48.080512], [-89.43214, 48.08066], [-89.431487, 48.08075], [-89.431005, 48.080782], [-89.430695, 48.080755]]]}}, {"type": "Feature", "properties": {"lead": 48, "temp": "t10"}, "geometry": {"type": "Polygon", "coordinates": [[[-89.431075, 48.088601], [-89.431015, 48.08856], [-89.430984, 48.088513], [-89.430984, 48.088459], [-89.430947, 48.088416], [-89.430873, 48.088385], [-89.430762, 48.088365], [-89.430614, 48.088356], [-89.430614, 48.088342], [-89.430762, 48.088324], [-89.431059, 48.088302], [-89.431503, 48.088275], [-89.432147, 48.088137], [-89.43299, 48.08789], [-89.434031, 48.087533], [-89.435271, 48.087065], [-89.436201, 48.086739], [-89.436821, 48.086554], [-89.437131, 48.086512], [-89.437131, 48.086611], [-89.437091, 48.086714], [-89.43701, 48.086822], [-89.436889, 48.086934], [-89.436727, 48.087051], [-89.436582, 48.087139], [-89.436454, 48.087197], [-89.436343, 48.087227], [-89.436248, 48.087227], [-89.436039, 48.087296], [-89.435716, 48.087436], [-89.435278, 48.087645], [-89.434725, 48.087924], [-89.434257, 48.088128], [-89.433873, 48.088259], [-89.433573, 48.088315], [-89.433357, 48.088297], [-89.433185, 48.088297], [-89.433057, 48.088315], [-89.432973, 48.088351], [-89.432932, 48.088405], [-89.432824, 48.088445], [-89.432649, 48.088472], [-89.432407, 48.088486], [-89.432096, 48.088486], [-89.431854, 48.088499], [-89.431679, 48.088526], [-89.431571, 48.088567], [-89.43153, 48.088621], [-89.43147, 48.088655], [-89.431389, 48.088668], [-89.431288, 48.088661], [-89.431166, 48.088634], [-89.431075, 48.088601]]]}}, {"type": "Feature", "properties": {"lead": 48, "temp": "t10"}, "geometry": {"type": "Polygon", "coordinates": [[[-89.429094, 48.088499], [-89.429222, 48.08849], [-89.429138, 48.088522], [-89.428841, 48.088594], [-89.428555, 48.088652], [-89.428278, 48.088697], [-89.428012, 48.088729], [-89.427756, 48.088747], [-89.427702, 48.088738], [-89.42785, 48.088702], [-89.428201, 48.088639], [-89.428753, 48.088549], [-89.429094, 48.088499]]]}}, {"type": "Feature", "properties": {"lead": 48, "temp": "t10"}, "geometry": {"type": "Polygon", "coordinates": [[[-89.413298, 48.05899], [-89.413383, 48.058846], [-89.413551, 48.058711], [-89.413804, 48.058585], [-89.414141, 48.058468], [-89.414427, 48.058396], [-89.414663, 48.058369], [-89.414849, 48.058387], [-89.414983, 48.05845], [-89.415084, 48.058475], [-89.415152, 48.058461], [-89.415186, 48.05841], [-89.415186, 48.05832], [-89.415219, 48.058245], [-89.415287, 48.058187], [-89.415388, 48.058144], [-89.415523, 48.058117], [-89.415634, 48.058077], [-89.415721, 48.058023], [-89.415785, 48.057955], [-89.415826, 48.057874], [-89.415876, 48.057818], [-89.415937, 48.057786], [-89.416008, 48.05778], [-89.416089, 48.057798], [-89.41617, 48.057784], [-89.416251, 48.057739], [-89.416331, 48.057663], [-89.416412, 48.057555], [-89.416422, 48.057467], [-89.416362, 48.057399], [-89.41623, 48.057352], [-89.416028, 48.057325], [-89.415725, 48.057339], [-89.41532, 48.057393], [-89.414815, 48.057487], [-89.414208, 48.057622], [-89.413753, 48.057678], [-89.41345, 48.057656], [-89.413298, 48.057555], [-89.413298, 48.057375], [-89.413447, 48.057213], [-89.413743, 48.057069], [-89.414188, 48.056943], [-89.414781, 48.056835], [-89.415293, 48.05676], [-89.415725, 48.05672], [-89.416075, 48.056713], [-89.416345, 48.05674], [-89.416594, 48.056799], [-89.416823, 48.056889], [-89.417032, 48.05701], [-89.417221, 48.057163], [-89.417353, 48.057316], [-89.417427, 48.057469], [-89.417444, 48.057622], [-89.417403, 48.057775], [-89.41712, 48.057975], [-89.416594, 48.058223], [-89.415826, 48.058518], [-89.414815, 48.05886], [-89.414057, 48.059078], [-89.413551, 48.059172], [-89.413298, 48.059143], [-89.413298, 48.05899]]]}}, {"type": "Feature", "properties": {"lead": 48, "temp": "t10"}, "geometry": {"type": "Polygon", "coordinates": [[[-89.413848, 48.065548], [-89.413868, 48.065534], [-89.413898, 48.065528], [-89.413939, 48.065528], [-89.413959, 48.065534], [-89.413959, 48.065548], [-89.413939, 48.065568], [-89.413898, 48.065595], [-89.413868, 48.065609], [-89.413848, 48.065609], [-89.413838, 48.065595], [-89.413838, 48.065568], [-89.413848, 48.065548]]]}}, {"type": "Feature", "properties": {"lead": 48, "temp": "t10"}, "geometry": {"type": "Polygon", "coordinates": [[[-89.413389, 48.068299], [-89.41349, 48.068119], [-89.413662, 48.067948], [-89.413905, 48.067786], [-89.414026, 48.067588], [-89.414026, 48.067354], [-89.413905, 48.067084], [-89.413662, 48.066778], [-89.41348, 48.066486], [-89.413359, 48.066207], [-89.413298, 48.065942], [-89.413298, 48.06569], [-89.413352, 48.065537], [-89.41346, 48.065483], [-89.413622, 48.065528], [-89.413838, 48.065672], [-89.41403, 48.065843], [-89.414198, 48.066041], [-89.414343, 48.066265], [-89.414464, 48.066517], [-89.414589, 48.066729], [-89.414717, 48.0669], [-89.414849, 48.06703], [-89.414983, 48.06712], [-89.415091, 48.067222], [-89.415172, 48.067334], [-89.415226, 48.067458], [-89.415253, 48.067593], [-89.415213, 48.067746], [-89.415105, 48.067917], [-89.414929, 48.068106], [-89.414687, 48.068312], [-89.414451, 48.06849], [-89.414222, 48.068639], [-89.413999, 48.068758], [-89.413784, 48.068848], [-89.413612, 48.068866], [-89.413484, 48.068812], [-89.413399, 48.068686], [-89.413359, 48.068488], [-89.413389, 48.068299]]]}}, {"type": "Feature", "properties": {"lead": 48, "temp": "t10"}, "geometry": {"type": "Polygon", "coordinates": [[[-89.422896, 48.073315], [-89.422492, 48.073279], [-89.422114, 48.073216], [-89.421764, 48.073126], [-89.42144, 48.073009], [-89.421147, 48.072921], [-89.420884, 48.072863], [-89.420652, 48.072834], [-89.42045, 48.072834], [-89.420231, 48.072795], [-89.419995, 48.072719], [-89.419742, 48.072604], [-89.419472, 48.072451], [-89.418909, 48.07231], [-89.418053, 48.072179], [-89.416904, 48.07206], [-89.415462, 48.071952], [-89.41438, 48.071839], [-89.413659, 48.071723], [-89.413298, 48.071601], [-89.413298, 48.071475], [-89.413386, 48.071378], [-89.413561, 48.071311], [-89.413824, 48.071273], [-89.414175, 48.071264], [-89.414488, 48.071273], [-89.414764, 48.0713], [-89.415004, 48.071345], [-89.415206, 48.071408], [-89.415401, 48.071448], [-89.41559, 48.071466], [-89.415772, 48.071462], [-89.415947, 48.071435], [-89.416079, 48.071428], [-89.416166, 48.071441], [-89.41621, 48.071475], [-89.41621, 48.071529], [-89.416244, 48.071576], [-89.416311, 48.071617], [-89.416412, 48.071651], [-89.416547, 48.071678], [-89.416692, 48.07168], [-89.416847, 48.071657], [-89.417012, 48.07161], [-89.417187, 48.071538], [-89.417359, 48.071486], [-89.417528, 48.071455], [-89.417693, 48.071444], [-89.417855, 48.071453], [-89.417986, 48.071484], [-89.418087, 48.071538], [-89.418158, 48.071615], [-89.418198, 48.071714], [-89.418293, 48.071788], [-89.418441, 48.071837], [-89.418643, 48.071862], [-89.418899, 48.071862], [-89.419125, 48.071882], [-89.419321, 48.071923], [-89.419486, 48.071983], [-89.419621, 48.072064], [-89.419742, 48.072118], [-89.41985, 48.072145], [-89.419944, 48.072145], [-89.420025, 48.072118], [-89.420086, 48.072112], [-89.420126, 48.072125], [-89.420146, 48.072159], [-89.420146, 48.072213], [-89.4202, 48.072253], [-89.420308, 48.07228], [-89.42047, 48.072294], [-89.420686, 48.072294], [-89.420911, 48.07233], [-89.421147, 48.072402], [-89.421393, 48.07251], [-89.421649, 48.072654], [-89.421939, 48.072768], [-89.422263, 48.072854], [-89.42262, 48.07291], [-89.423011, 48.072937], [-89.423304, 48.072946], [-89.423499, 48.072937], [-89.423597, 48.07291], [-89.423597, 48.072865], [-89.423695, 48.072816], [-89.42389, 48.072762], [-89.424184, 48.072703], [-89.424575, 48.07264], [-89.424878, 48.07255], [-89.425094, 48.072433], [-89.425222, 48.072289], [-89.425262, 48.072118], [-89.425356, 48.071954], [-89.425505, 48.071797], [-89.425707, 48.071646], [-89.425963, 48.071502], [-89.426229, 48.071385], [-89.426506, 48.071295], [-89.426792, 48.071232], [-89.427089, 48.071196], [-89.427375, 48.071126], [-89.427651, 48.071023], [-89.427918, 48.070886], [-89.428174, 48.070715], [-89.428453, 48.070573], [-89.428757, 48.070461], [-89.429084, 48.070377], [-89.429434, 48.070323], [-89.429694, 48.070267], [-89.429862, 48.070209], [-89.42994, 48.070148], [-89.429926, 48.070085], [-89.42994, 48.070047], [-89.42998, 48.070033], [-89.430047, 48.070045], [-89.430142, 48.070081], [-89.430213, 48.070099], [-89.43026, 48.070099], [-89.430283, 48.070081], [-89.430283, 48.070045], [-89.430327, 48.070011], [-89.430415, 48.069979], [-89.430546, 48.06995], [-89.430722, 48.069923], [-89.430853, 48.069885], [-89.430941, 48.069835], [-89.430984, 48.069775], [-89.430984, 48.069703], [-89.431001, 48.06966], [-89.431035, 48.069646], [-89.431085, 48.069662], [-89.431153, 48.069707], [-89.431237, 48.069723], [-89.431338, 48.069709], [-89.431456, 48.069667], [-89.431591, 48.069595], [-89.431749, 48.069552], [-89.431931, 48.069538], [-89.432137, 48.069554], [-89.432366, 48.069599], [-89.432548, 48.069615], [-89.432683, 48.069601], [-89.43277, 48.069559], [-89.432811, 48.069487], [-89.432841, 48.069451], [-89.432861, 48.069451], [-89.432872, 48.069487], [-89.432872, 48.069559], [-89.432912, 48.069613], [-89.432993, 48.069649], [-89.433114, 48.069667], [-89.433276, 48.069667], [-89.433397, 48.06968], [-89.433478, 48.069707], [-89.433519, 48.069748], [-89.433519, 48.069802], [-89.433546, 48.069817], [-89.4336, 48.069795], [-89.43368, 48.069734], [-89.433788, 48.069635], [-89.433876, 48.069586], [-89.433943, 48.069586], [-89.43399, 48.069635], [-89.434017, 48.069734], [-89.434176, 48.069808], [-89.434466, 48.069858], [-89.434887, 48.069883], [-89.43544, 48.069883], [-89.435851, 48.069921], [-89.43612, 48.069997], [-89.436248, 48.070112], [-89.436235, 48.070265], [-89.436127, 48.070375], [-89.435925, 48.070443], [-89.435628, 48.070467], [-89.435237, 48.070449], [-89.434853, 48.070413], [-89.434476, 48.070359], [-89.434105, 48.070287], [-89.433741, 48.070197], [-89.43333, 48.070143], [-89.432872, 48.070125], [-89.432366, 48.070143], [-89.431813, 48.070197], [-89.431099, 48.070332], [-89.430223, 48.070548], [-89.429185, 48.070845], [-89.427985, 48.071223], [-89.427068, 48.071561], [-89.426435, 48.071857], [-89.426084, 48.072114], [-89.426017, 48.07233], [-89.425845, 48.072534], [-89.425569, 48.072728], [-89.425188, 48.07291], [-89.424703, 48.073081], [-89.424231, 48.073207], [-89.423772, 48.073288], [-89.423328, 48.073324], [-89.422896, 48.073315]]]}}, {"type": "Feature", "properties": {"lead": 48, "temp": "t10"}, "geometry": {"type": "Polygon", "coordinates": [[[-89.423621, 48.089716], [-89.423291, 48.089657], [-89.42297, 48.08957], [-89.42266, 48.089453], [-89.422428, 48.089352], [-89.422273, 48.089266], [-89.422195, 48.089196], [-89.422195, 48.089142], [-89.422165, 48.089095], [-89.422104, 48.089055], [-89.422013, 48.089021], [-89.421892, 48.088994], [-89.421683, 48.088886], [-89.421386, 48.088697], [-89.421002, 48.088427], [-89.42053, 48.088077], [-89.420123, 48.087721], [-89.419779, 48.087362], [-89.419499, 48.086997], [-89.419284, 48.086629], [-89.419122, 48.086309], [-89.419014, 48.086039], [-89.41896, 48.085819], [-89.41896, 48.085648], [-89.41898, 48.085491], [-89.419021, 48.085347], [-89.419081, 48.085216], [-89.419162, 48.0851], [-89.419277, 48.084989], [-89.419425, 48.084886], [-89.419607, 48.084789], [-89.419823, 48.084699], [-89.420018, 48.084645], [-89.420193, 48.084627], [-89.420348, 48.084645], [-89.420483, 48.084699], [-89.420605, 48.084719], [-89.420712, 48.084706], [-89.420807, 48.084659], [-89.420888, 48.084578], [-89.421036, 48.08449], [-89.421252, 48.084396], [-89.421535, 48.084294], [-89.421885, 48.084187], [-89.422158, 48.084083], [-89.422354, 48.083984], [-89.422472, 48.08389], [-89.422512, 48.0838], [-89.422573, 48.083719], [-89.422654, 48.083647], [-89.422755, 48.083584], [-89.422876, 48.08353], [-89.422957, 48.083474], [-89.422997, 48.083415], [-89.422997, 48.083354], [-89.422957, 48.083292], [-89.42295, 48.083231], [-89.422977, 48.083172], [-89.423038, 48.083116], [-89.423132, 48.083062], [-89.423173, 48.083004], [-89.423159, 48.082941], [-89.423092, 48.082873], [-89.42297, 48.082801], [-89.422886, 48.082736], [-89.422839, 48.082678], [-89.422829, 48.082626], [-89.422856, 48.082581], [-89.422822, 48.082527], [-89.422728, 48.082464], [-89.422573, 48.082392], [-89.422357, 48.082311], [-89.422037, 48.082264], [-89.421612, 48.08225], [-89.421083, 48.082271], [-89.42045, 48.082325], [-89.419974, 48.082379], [-89.419658, 48.082432], [-89.419499, 48.082486], [-89.419499, 48.08254], [-89.419466, 48.082574], [-89.419398, 48.082588], [-89.419297, 48.082581], [-89.419162, 48.082554], [-89.419041, 48.082547], [-89.418933, 48.082561], [-89.418839, 48.082594], [-89.418758, 48.082648], [-89.418663, 48.082689], [-89.418556, 48.082716], [-89.418434, 48.082729], [-89.4183, 48.082729], [-89.418185, 48.082747], [-89.418091, 48.082783], [-89.418016, 48.082837], [-89.417963, 48.082909], [-89.417807, 48.082981], [-89.417551, 48.083053], [-89.417194, 48.083125], [-89.416736, 48.083197], [-89.416389, 48.083262], [-89.416153, 48.083321], [-89.416028, 48.083372], [-89.416015, 48.083417], [-89.41589, 48.083485], [-89.415654, 48.083575], [-89.415307, 48.083687], [-89.414849, 48.083822], [-89.414505, 48.083935], [-89.414276, 48.084025], [-89.414161, 48.084092], [-89.414161, 48.084137], [-89.414141, 48.084166], [-89.4141, 48.08418], [-89.41404, 48.084178], [-89.413959, 48.08416], [-89.413895, 48.084157], [-89.413848, 48.084171], [-89.413817, 48.0842], [-89.413804, 48.084245], [-89.413763, 48.084274], [-89.413696, 48.084288], [-89.413602, 48.084285], [-89.41348, 48.084267], [-89.413389, 48.08422], [-89.413329, 48.084144], [-89.413298, 48.084038], [-89.413298, 48.083903], [-89.413379, 48.083782], [-89.413541, 48.083674], [-89.413784, 48.083579], [-89.414107, 48.083498], [-89.414441, 48.08339], [-89.414785, 48.083256], [-89.415138, 48.083094], [-89.415502, 48.082905], [-89.416092, 48.082693], [-89.416908, 48.082459], [-89.417949, 48.082203], [-89.419216, 48.081924], [-89.420207, 48.081715], [-89.420921, 48.081576], [-89.42136, 48.081506], [-89.421521, 48.081506], [-89.421761, 48.081542], [-89.422077, 48.081614], [-89.422472, 48.081722], [-89.422943, 48.081866], [-89.423321, 48.081996], [-89.423604, 48.082113], [-89.423793, 48.082217], [-89.423887, 48.082307], [-89.423958, 48.082408], [-89.424005, 48.08252], [-89.424029, 48.082644], [-89.424029, 48.082779], [-89.423992, 48.08295], [-89.423917, 48.083157], [-89.423806, 48.083399], [-89.423658, 48.083678], [-89.423442, 48.083932], [-89.423159, 48.084162], [-89.422809, 48.084366], [-89.422391, 48.084546], [-89.42198, 48.084697], [-89.421575, 48.084818], [-89.421178, 48.084911], [-89.420787, 48.084974], [-89.420429, 48.08507], [-89.420106, 48.085201], [-89.419816, 48.085365], [-89.41956, 48.085563], [-89.419381, 48.085756], [-89.41928, 48.085945], [-89.419257, 48.086129], [-89.419311, 48.086309], [-89.419395, 48.086489], [-89.419509, 48.086669], [-89.419654, 48.086849], [-89.41983, 48.087029], [-89.420123, 48.087263], [-89.420534, 48.087551], [-89.421063, 48.087892], [-89.42171, 48.088288], [-89.42235, 48.088598], [-89.422984, 48.088823], [-89.423611, 48.088963], [-89.424231, 48.089017], [-89.424757, 48.089041], [-89.425188, 48.089037], [-89.425525, 48.089003], [-89.425768, 48.08894], [-89.42599, 48.088922], [-89.426192, 48.088949], [-89.426374, 48.089021], [-89.426536, 48.089138], [-89.426536, 48.089253], [-89.426374, 48.089365], [-89.426051, 48.089475], [-89.425565, 48.089583], [-89.425114, 48.089664], [-89.424696, 48.089718], [-89.424312, 48.089745], [-89.423961, 48.089745], [-89.423621, 48.089716]]]}}, {"type": "Feature", "properties": {"lead": 48, "temp": "t10"}, "geometry": {"type": "Polygon", "coordinates": [[[-89.427045, 48.088834], [-89.426957, 48.088812], [-89.426846, 48.088796], [-89.426711, 48.088787], [-89.426654, 48.08878], [-89.426674, 48.088776], [-89.426772, 48.088774], [-89.426947, 48.088774], [-89.427078, 48.088785], [-89.427166, 48.088807], [-89.42721, 48.088841], [-89.42721, 48.088886], [-89.4272, 48.088911], [-89.42718, 48.088915], [-89.427149, 48.0889], [-89.427109, 48.088864], [-89.427045, 48.088834]]]}}, {"type": "Feature", "properties": {"lead": 48, "temp": "t8"}, "geometry": {"type": "Polygon", "coordinates": [[[-89.427547, 48.064245], [-89.427338, 48.064234], [-89.427326, 48.064222], [-89.427722, 48.0642], [-89.427809, 48.06419], [-89.427884, 48.064187], [-89.428255, 48.064142], [-89.428619, 48.06407], [-89.428976, 48.063971], [-89.429326, 48.063845], [-89.429748, 48.063726], [-89.43024, 48.063613], [-89.430802, 48.063507], [-89.431436, 48.063408], [-89.431992, 48.063303], [-89.432471, 48.06319], [-89.432872, 48.063071], [-89.433195, 48.062945], [-89.433495, 48.062851], [-89.433771, 48.062788], [-89.434024, 48.062756], [-89.434253, 48.062756], [-89.434459, 48.062727], [-89.434641, 48.062668], [-89.434799, 48.062581], [-89.434934, 48.062464], [-89.435194, 48.062311], [-89.435578, 48.062122], [-89.436087, 48.061897], [-89.43672, 48.061636], [-89.437189, 48.061467], [-89.437549, 48.061379], [-89.4379, 48.061325], [-89.438206, 48.061296], [-89.438469, 48.061292], [-89.438516, 48.061296], [-89.438722, 48.061339], [-89.438924, 48.061402], [-89.439113, 48.061483], [-89.439265, 48.061595], [-89.439379, 48.061739], [-89.439457, 48.061915], [-89.439497, 48.062122], [-89.4395, 48.062306], [-89.439467, 48.062468], [-89.439457, 48.062488], [-89.439376, 48.062594], [-89.439254, 48.062702], [-89.439217, 48.062794], [-89.439265, 48.062871], [-89.439298, 48.062886], [-89.439305, 48.062898], [-89.43943, 48.062954], [-89.439632, 48.06299], [-89.4398, 48.063033], [-89.439935, 48.063082], [-89.440036, 48.063139], [-89.440104, 48.063202], [-89.440225, 48.063251], [-89.4404, 48.063287], [-89.440629, 48.06331], [-89.440913, 48.063319], [-89.441212, 48.063289], [-89.441529, 48.063222], [-89.441863, 48.063116], [-89.442213, 48.062972], [-89.442534, 48.062819], [-89.442823, 48.062657], [-89.443083, 48.062486], [-89.443312, 48.062306], [-89.443686, 48.062095], [-89.444205, 48.061852], [-89.444869, 48.061577], [-89.445678, 48.061271], [-89.446493, 48.061035], [-89.447316, 48.060869], [-89.448145, 48.060772], [-89.44898, 48.060745], [-89.449776, 48.060695], [-89.450531, 48.060623], [-89.451245, 48.060529], [-89.451919, 48.060412], [-89.452455, 48.060304], [-89.452853, 48.060205], [-89.453112, 48.060115], [-89.453233, 48.060034], [-89.453257, 48.059953], [-89.453183, 48.059872], [-89.453011, 48.059791], [-89.452741, 48.05971], [-89.452539, 48.059595], [-89.452404, 48.059447], [-89.452337, 48.059264], [-89.452337, 48.059048], [-89.452398, 48.058871], [-89.452519, 48.058731], [-89.452701, 48.05863], [-89.452944, 48.058567], [-89.453193, 48.058473], [-89.453449, 48.058347], [-89.453712, 48.058189], [-89.453982, 48.058], [-89.454211, 48.057854], [-89.454399, 48.05775], [-89.454548, 48.05769], [-89.454656, 48.057672], [-89.454753, 48.057633], [-89.454841, 48.057575], [-89.454918, 48.057496], [-89.454986, 48.057397], [-89.455138, 48.057287], [-89.455373, 48.057165], [-89.455694, 48.057033], [-89.456098, 48.056889], [-89.456506, 48.056713], [-89.456917, 48.056506], [-89.457331, 48.056268], [-89.457749, 48.055998], [-89.458208, 48.055752], [-89.458706, 48.055532], [-89.459246, 48.055336], [-89.459825, 48.055165], [-89.460301, 48.055042], [-89.460631, 48.054972], [-89.460998, 48.054918], [-89.461308, 48.0549], [-89.461625, 48.054918], [-89.461948, 48.054972], [-89.462279, 48.055062], [-89.462616, 48.055188], [-89.462909, 48.055332], [-89.463158, 48.055494], [-89.463364, 48.055674], [-89.463526, 48.055872], [-89.463708, 48.05602], [-89.46391, 48.056119], [-89.464132, 48.056169], [-89.464375, 48.056169], [-89.464705, 48.056124], [-89.465123, 48.056034], [-89.465628, 48.055899], [-89.466222, 48.055719], [-89.466808, 48.05557], [-89.467388, 48.055453], [-89.467961, 48.055368], [-89.468527, 48.055314], [-89.468985, 48.055284], [-89.469336, 48.05528], [-89.469578, 48.0553], [-89.469713, 48.055345], [-89.469814, 48.055363], [-89.469881, 48.055354], [-89.469915, 48.055318], [-89.469915, 48.055255], [-89.469942, 48.055203], [-89.469996, 48.055163], [-89.470077, 48.055134], [-89.470185, 48.055116], [-89.470566, 48.055093], [-89.471219, 48.055066], [-89.472146, 48.055035], [-89.473346, 48.054999], [-89.474475, 48.054945], [-89.475533, 48.054873], [-89.47652, 48.054783], [-89.477437, 48.054675], [-89.478125, 48.05458], [-89.478583, 48.054499], [-89.478812, 48.054432], [-89.478812, 48.054378], [-89.47889, 48.05431], [-89.479045, 48.054229], [-89.479277, 48.054135], [-89.479587, 48.054027], [-89.479837, 48.053856], [-89.480025, 48.053622], [-89.480153, 48.053325], [-89.480221, 48.052965], [-89.480167, 48.052614], [-89.479992, 48.052272], [-89.479695, 48.051939], [-89.479277, 48.051615], [-89.47895, 48.051344], [-89.478714, 48.051128], [-89.478569, 48.050966], [-89.478516, 48.050858], [-89.478216, 48.050755], [-89.47767, 48.050656], [-89.476878, 48.050561], [-89.47584, 48.050471], [-89.474947, 48.05035], [-89.474198, 48.050197], [-89.473595, 48.050012], [-89.473137, 48.049796], [-89.472658, 48.049605], [-89.47216, 48.049439], [-89.471641, 48.049297], [-89.471101, 48.04918], [-89.470599, 48.049056], [-89.470134, 48.048925], [-89.469706, 48.048788], [-89.469315, 48.048644], [-89.468999, 48.0485], [-89.468756, 48.048356], [-89.468587, 48.048212], [-89.468493, 48.048068], [-89.468537, 48.04796], [-89.468682, 48.047903], [-89.468817, 48.047893], [-89.469127, 48.04792], [-89.469443, 48.047992], [-89.469767, 48.048109], [-89.470097, 48.048271], [-89.470434, 48.048478], [-89.470825, 48.048653], [-89.47127, 48.048797], [-89.471769, 48.04891], [-89.472321, 48.048991], [-89.472824, 48.049094], [-89.473275, 48.04922], [-89.473676, 48.049369], [-89.474027, 48.04954], [-89.474546, 48.049684], [-89.475233, 48.049801], [-89.476089, 48.049891], [-89.477114, 48.049954], [-89.477926, 48.050021], [-89.478526, 48.050093], [-89.478913, 48.05017], [-89.479088, 48.050251], [-89.47924, 48.050348], [-89.479368, 48.05046], [-89.479473, 48.050588], [-89.479554, 48.050732], [-89.479668, 48.050876], [-89.479816, 48.05102], [-89.479998, 48.051164], [-89.480214, 48.051308], [-89.480386, 48.051446], [-89.480514, 48.051576], [-89.480598, 48.0517], [-89.480639, 48.051817], [-89.480693, 48.051912], [-89.48076, 48.051984], [-89.480841, 48.052033], [-89.480935, 48.05206], [-89.480996, 48.052202], [-89.481023, 48.052458], [-89.481016, 48.05283], [-89.480976, 48.053316], [-89.480891, 48.053716], [-89.480763, 48.054031], [-89.480591, 48.054261], [-89.480376, 48.054405], [-89.480116, 48.054549], [-89.479813, 48.054693], [-89.479466, 48.054837], [-89.479075, 48.054981], [-89.478492, 48.055118], [-89.477717, 48.055248], [-89.47675, 48.055372], [-89.47559, 48.055489], [-89.474519, 48.055577], [-89.473535, 48.055635], [-89.472638, 48.055665], [-89.471829, 48.055665], [-89.471169, 48.055678], [-89.470657, 48.055705], [-89.470293, 48.055746], [-89.470077, 48.0558], [-89.469733, 48.055847], [-89.469261, 48.055887], [-89.468662, 48.055921], [-89.467934, 48.055948], [-89.467388, 48.055977], [-89.467024, 48.056009], [-89.466842, 48.056043], [-89.466842, 48.056079], [-89.466808, 48.056106], [-89.466741, 48.056124], [-89.466639, 48.056133], [-89.466505, 48.056133], [-89.466296, 48.056175], [-89.466013, 48.056261], [-89.465655, 48.056389], [-89.465224, 48.05656], [-89.464816, 48.056673], [-89.464432, 48.056727], [-89.464072, 48.056722], [-89.463734, 48.056659], [-89.463438, 48.056549], [-89.463182, 48.056391], [-89.462966, 48.056187], [-89.462791, 48.055935], [-89.462565, 48.055737], [-89.462289, 48.055593], [-89.461962, 48.055503], [-89.461584, 48.055467], [-89.461247, 48.055462], [-89.460951, 48.055489], [-89.460695, 48.055548], [-89.460479, 48.055638], [-89.460284, 48.055701], [-89.460108, 48.055737], [-89.459953, 48.055746], [-89.459819, 48.055728], [-89.459707, 48.055732], [-89.45962, 48.055759], [-89.459556, 48.055809], [-89.459515, 48.055881], [-89.459431, 48.05595], [-89.459303, 48.056018], [-89.459131, 48.056083], [-89.458915, 48.056146], [-89.458733, 48.056223], [-89.458585, 48.056313], [-89.45847, 48.056416], [-89.45839, 48.056533], [-89.458241, 48.056641], [-89.458026, 48.05674], [-89.457743, 48.05683], [-89.457392, 48.056911], [-89.457099, 48.057001], [-89.456863, 48.0571], [-89.456684, 48.057208], [-89.456563, 48.057325], [-89.456418, 48.057433], [-89.45625, 48.057532], [-89.456058, 48.057622], [-89.455842, 48.057703], [-89.45568, 48.05778], [-89.455572, 48.057852], [-89.455518, 48.057919], [-89.455518, 48.057982], [-89.455431, 48.058059], [-89.455255, 48.058149], [-89.454993, 48.058252], [-89.454642, 48.058369], [-89.454349, 48.058484], [-89.454113, 48.058596], [-89.453934, 48.058707], [-89.453813, 48.058815], [-89.453698, 48.058896], [-89.453591, 48.05895], [-89.45349, 48.058976], [-89.453395, 48.058976], [-89.453324, 48.058999], [-89.453277, 48.059044], [-89.453254, 48.059111], [-89.453254, 48.059201], [-89.453277, 48.059255], [-89.453324, 48.059273], [-89.453395, 48.059255], [-89.45349, 48.059201], [-89.453624, 48.059174], [-89.4538, 48.059174], [-89.454015, 48.059201], [-89.454271, 48.059255], [-89.454453, 48.059345], [-89.454561, 48.059471], [-89.454595, 48.059633], [-89.454554, 48.059831], [-89.45446, 48.060009], [-89.454312, 48.060167], [-89.45411, 48.060304], [-89.453854, 48.060421], [-89.453476, 48.060538], [-89.452977, 48.060655], [-89.452357, 48.060772], [-89.451616, 48.060889], [-89.450868, 48.060983], [-89.450113, 48.061055], [-89.449351, 48.061105], [-89.448583, 48.061132], [-89.447835, 48.061217], [-89.447107, 48.061361], [-89.446399, 48.061564], [-89.445711, 48.061825], [-89.445192, 48.062038], [-89.444842, 48.062205], [-89.44466, 48.062324], [-89.444647, 48.062396], [-89.444556, 48.062482], [-89.444387, 48.062581], [-89.444141, 48.062693], [-89.443818, 48.062819], [-89.443575, 48.062932], [-89.443413, 48.063031], [-89.443332, 48.063116], [-89.443332, 48.063188], [-89.443309, 48.063238], [-89.443261, 48.063265], [-89.443191, 48.063269], [-89.443096, 48.063251], [-89.443026, 48.063247], [-89.442978, 48.063256], [-89.442955, 48.063278], [-89.442955, 48.063314], [-89.442871, 48.063361], [-89.442702, 48.06342], [-89.442449, 48.063489], [-89.442112, 48.06357], [-89.441752, 48.063624], [-89.441367, 48.063651], [-89.44096, 48.063651], [-89.440528, 48.063624], [-89.440131, 48.063568], [-89.439767, 48.063483], [-89.439436, 48.063368], [-89.43914, 48.063224], [-89.438938, 48.063051], [-89.43883, 48.062848], [-89.438816, 48.062617], [-89.438897, 48.062356], [-89.438938, 48.06214], [-89.438938, 48.061969], [-89.438897, 48.061843], [-89.438816, 48.061762], [-89.438682, 48.061721], [-89.438493, 48.061721], [-89.43825, 48.061762], [-89.437954, 48.061843], [-89.437667, 48.061946], [-89.437391, 48.062072], [-89.437125, 48.062221], [-89.436868, 48.062392], [-89.436599, 48.062536], [-89.436316, 48.062653], [-89.436019, 48.062743], [-89.435709, 48.062806], [-89.435467, 48.062873], [-89.435291, 48.062945], [-89.435183, 48.063022], [-89.435143, 48.063103], [-89.435079, 48.063157], [-89.434991, 48.063184], [-89.43488, 48.063184], [-89.434745, 48.063157], [-89.434641, 48.063154], [-89.434567, 48.063177], [-89.434523, 48.063224], [-89.434509, 48.063296], [-89.434436, 48.063341], [-89.434351, 48.063352], [-89.434206, 48.063337], [-89.434017, 48.063292], [-89.433876, 48.063267], [-89.433782, 48.063262], [-89.433734, 48.063278], [-89.433734, 48.063314], [-89.433707, 48.063341], [-89.433653, 48.063359], [-89.433573, 48.063368], [-89.433465, 48.063368], [-89.433377, 48.063388], [-89.43331, 48.063429], [-89.433263, 48.063489], [-89.433236, 48.06357], [-89.433185, 48.063618], [-89.433111, 48.063631], [-89.433013, 48.063611], [-89.432892, 48.063557], [-89.432801, 48.063532], [-89.43274, 48.063537], [-89.43271, 48.06357], [-89.43271, 48.063633], [-89.432686, 48.063672], [-89.432639, 48.063685], [-89.432568, 48.063674], [-89.432474, 48.063638], [-89.432383, 48.063624], [-89.432295, 48.063633], [-89.432211, 48.063665], [-89.43213, 48.063719], [-89.431982, 48.063759], [-89.431766, 48.063786], [-89.431483, 48.0638], [-89.431133, 48.0638], [-89.430839, 48.063816], [-89.430604, 48.063847], [-89.430425, 48.063894], [-89.430304, 48.063957], [-89.430115, 48.064018], [-89.429859, 48.064077], [-89.429535, 48.064133], [-89.429144, 48.064187], [-89.42875, 48.064225], [-89.428352, 48.064248], [-89.427951, 48.064254], [-89.427547, 48.064245]], [[-89.453597, 48.058833], [-89.453587, 48.058835], [-89.453581, 48.058839], [-89.453577, 48.058846], [-89.453577, 48.058855], [-89.453581, 48.05886], [-89.453587, 48.05886], [-89.453597, 48.058855], [-89.453611, 48.058846], [-89.453618, 48.058839], [-89.453618, 48.058835], [-89.453611, 48.058833], [-89.453597, 48.058833]], [[-89.453759, 48.058725], [-89.453749, 48.058727], [-89.453742, 48.058731], [-89.453739, 48.058738], [-89.453739, 48.058747], [-89.453742, 48.058752], [-89.453749, 48.058752], [-89.453759, 48.058747], [-89.453773, 48.058738], [-89.453779, 48.058731], [-89.453779, 48.058727], [-89.453773, 48.058725], [-89.453759, 48.058725]], [[-89.454083, 48.058509], [-89.454073, 48.058511], [-89.454066, 48.058515], [-89.454062, 48.058522], [-89.454062, 48.058531], [-89.454066, 48.058536], [-89.454073, 48.058536], [-89.454083, 48.058531], [-89.454096, 48.058522], [-89.454103, 48.058515], [-89.454103, 48.058511], [-89.454096, 48.058509], [-89.454083, 48.058509]], [[-89.453102, 48.059141], [-89.453092, 48.059161], [-89.453092, 48.059188], [-89.453102, 48.059201], [-89.453122, 48.059201], [-89.453153, 48.059188], [-89.453193, 48.059161], [-89.453213, 48.059141], [-89.453213, 48.059127], [-89.453193, 48.05912], [-89.453153, 48.05912], [-89.453122, 48.059127], [-89.453102, 48.059141]]]}}, {"type": "Feature", "properties": {"lead": 48, "temp": "t8"}, "geometry": {"type": "Polygon", "coordinates": [[[-89.438897, 48.069145], [-89.439072, 48.069064], [-89.439234, 48.06901], [-89.439383, 48.068983], [-89.439517, 48.068983], [-89.439618, 48.068954], [-89.439686, 48.068895], [-89.43972, 48.068807], [-89.43972, 48.06869], [-89.439699, 48.068603], [-89.439659, 48.068544], [-89.439598, 48.068515], [-89.439517, 48.068515], [-89.439467, 48.068501], [-89.439447, 48.068474], [-89.439457, 48.068434], [-89.439497, 48.06838], [-89.439494, 48.068297], [-89.439447, 48.068184], [-89.439356, 48.068043], [-89.439221, 48.067872], [-89.43911, 48.067656], [-89.439022, 48.067395], [-89.438958, 48.067089], [-89.438917, 48.066738], [-89.438897, 48.066461], [-89.438897, 48.066259], [-89.438917, 48.06613], [-89.438958, 48.066077], [-89.439042, 48.066029], [-89.43917, 48.065989], [-89.439342, 48.065955], [-89.439558, 48.065928], [-89.43972, 48.065899], [-89.439827, 48.065867], [-89.439881, 48.065834], [-89.439881, 48.065798], [-89.439999, 48.065737], [-89.440235, 48.065651], [-89.440589, 48.065541], [-89.441061, 48.065406], [-89.441543, 48.065312], [-89.442035, 48.065258], [-89.442537, 48.065244], [-89.443049, 48.065271], [-89.443575, 48.065285], [-89.444114, 48.065285], [-89.444667, 48.065271], [-89.445233, 48.065244], [-89.445668, 48.065215], [-89.445971, 48.065183], [-89.446143, 48.06515], [-89.446183, 48.065114], [-89.446224, 48.065096], [-89.446264, 48.065096], [-89.446305, 48.065114], [-89.446345, 48.06515], [-89.446375, 48.065168], [-89.446396, 48.065168], [-89.446406, 48.06515], [-89.446406, 48.065114], [-89.446544, 48.065073], [-89.44682, 48.065028], [-89.447235, 48.064979], [-89.447787, 48.064925], [-89.448192, 48.064871], [-89.448448, 48.064817], [-89.448556, 48.064763], [-89.448515, 48.064709], [-89.448519, 48.064675], [-89.448527, 48.064673], [-89.448657, 48.064668], [-89.448792, 48.064695], [-89.448923, 48.064686], [-89.448934, 48.064682], [-89.448967, 48.06468], [-89.449183, 48.064621], [-89.449439, 48.06452], [-89.449735, 48.064376], [-89.450086, 48.064268], [-89.45049, 48.064196], [-89.450949, 48.06416], [-89.451461, 48.06416], [-89.451899, 48.064137], [-89.452263, 48.064092], [-89.452553, 48.064025], [-89.452768, 48.063935], [-89.453028, 48.063867], [-89.453331, 48.063822], [-89.453678, 48.0638], [-89.454069, 48.0638], [-89.454393, 48.063786], [-89.454649, 48.063759], [-89.454838, 48.063719], [-89.454959, 48.063665], [-89.455222, 48.063631], [-89.455626, 48.063618], [-89.456172, 48.063624], [-89.45686, 48.063651], [-89.457611, 48.063613], [-89.458427, 48.06351], [-89.459306, 48.063341], [-89.46025, 48.063107], [-89.461109, 48.062941], [-89.461884, 48.062842], [-89.462575, 48.06281], [-89.463182, 48.062846], [-89.463711, 48.062893], [-89.464162, 48.062952], [-89.464537, 48.063022], [-89.464833, 48.063103], [-89.465174, 48.063163], [-89.465558, 48.063204], [-89.465986, 48.063224], [-89.466457, 48.063224], [-89.466811, 48.063233], [-89.467047, 48.063251], [-89.467165, 48.063278], [-89.467165, 48.063314], [-89.467219, 48.063348], [-89.467327, 48.063379], [-89.467489, 48.063408], [-89.467704, 48.063435], [-89.467886, 48.063512], [-89.468035, 48.063638], [-89.468149, 48.063813], [-89.46823, 48.064038], [-89.468304, 48.064207], [-89.468372, 48.06432], [-89.468432, 48.064376], [-89.468486, 48.064376], [-89.468537, 48.064448], [-89.468584, 48.064592], [-89.468628, 48.064808], [-89.468668, 48.065096], [-89.468675, 48.065325], [-89.468648, 48.065496], [-89.468587, 48.065609], [-89.468493, 48.065663], [-89.468382, 48.065719], [-89.468254, 48.065777], [-89.468109, 48.065838], [-89.467947, 48.065901], [-89.467708, 48.065962], [-89.467391, 48.06602], [-89.466997, 48.066077], [-89.466525, 48.06613], [-89.466094, 48.066207], [-89.465703, 48.066306], [-89.465352, 48.066427], [-89.465042, 48.066571], [-89.464705, 48.066702], [-89.464341, 48.066819], [-89.46395, 48.066922], [-89.463532, 48.067012], [-89.463199, 48.067078], [-89.462949, 48.067118], [-89.462784, 48.067134], [-89.462703, 48.067125], [-89.462781, 48.067046], [-89.463014, 48.066899], [-89.4636, 48.066661], [-89.464422, 48.066265], [-89.465147, 48.065966], [-89.465773, 48.065764], [-89.466302, 48.065658], [-89.466734, 48.065649], [-89.467088, 48.065627], [-89.467364, 48.065591], [-89.467372, 48.065589], [-89.467374, 48.065588], [-89.467563, 48.065541], [-89.467684, 48.065478], [-89.467779, 48.065395], [-89.467846, 48.065291], [-89.467886, 48.065168], [-89.4679, 48.065024], [-89.467873, 48.064855], [-89.467806, 48.064662], [-89.467698, 48.064443], [-89.467549, 48.0642], [-89.467293, 48.064014], [-89.466929, 48.063883], [-89.466457, 48.063809], [-89.465878, 48.063791], [-89.465288, 48.06375], [-89.464688, 48.063687], [-89.464078, 48.063602], [-89.463458, 48.063494], [-89.462774, 48.063467], [-89.462026, 48.063521], [-89.461214, 48.063656], [-89.460337, 48.063872], [-89.459168, 48.06407], [-89.457705, 48.06425], [-89.45595, 48.064412], [-89.453901, 48.064556], [-89.452236, 48.064718], [-89.450955, 48.064898], [-89.450059, 48.065096], [-89.449547, 48.065312], [-89.449068, 48.065492], [-89.448623, 48.065636], [-89.448212, 48.065744], [-89.447835, 48.065816], [-89.447208, 48.065872], [-89.446332, 48.065912], [-89.445206, 48.065937], [-89.443831, 48.065946], [-89.442668, 48.066], [-89.441718, 48.066099], [-89.44098, 48.066243], [-89.440454, 48.066432], [-89.440104, 48.066666], [-89.439928, 48.066945], [-89.439928, 48.067269], [-89.440104, 48.067638], [-89.440235, 48.067966], [-89.440323, 48.068254], [-89.440367, 48.068501], [-89.440367, 48.068708], [-89.44035, 48.068884], [-89.440316, 48.069028], [-89.440265, 48.06914], [-89.440198, 48.069221], [-89.4401, 48.069273], [-89.439972, 48.069295], [-89.439814, 48.069289], [-89.439625, 48.069253], [-89.439504, 48.069255], [-89.43945, 48.069295], [-89.439463, 48.069374], [-89.439544, 48.069491], [-89.439541, 48.069604], [-89.439453, 48.069712], [-89.439281, 48.069815], [-89.439025, 48.069914], [-89.43882, 48.069948], [-89.438665, 48.069916], [-89.43856, 48.06982], [-89.438506, 48.069658], [-89.438527, 48.0695], [-89.438621, 48.069347], [-89.438764, 48.069221], [-89.438897, 48.069145]]]}}, {"type": "Feature", "properties": {"lead": 48, "temp": "t8"}, "geometry": {"type": "Polygon", "coordinates": [[[-89.427843, 48.071102], [-89.428032, 48.071003], [-89.428261, 48.070913], [-89.428531, 48.070832], [-89.428743, 48.070755], [-89.428898, 48.070683], [-89.428996, 48.070616], [-89.429036, 48.070553], [-89.429121, 48.070499], [-89.429249, 48.070454], [-89.429421, 48.070418], [-89.429636, 48.070391], [-89.429882, 48.070335], [-89.430159, 48.070249], [-89.430465, 48.070134], [-89.430802, 48.069991], [-89.431163, 48.069876], [-89.431547, 48.06979], [-89.431955, 48.069734], [-89.432386, 48.069707], [-89.43273, 48.0697], [-89.432986, 48.069714], [-89.433155, 48.069748], [-89.433236, 48.069802], [-89.433374, 48.069849], [-89.433569, 48.069889], [-89.433822, 48.069923], [-89.434132, 48.06995], [-89.434422, 48.069959], [-89.434691, 48.06995], [-89.434941, 48.069923], [-89.435147, 48.069883], [-89.435418, 48.069883], [-89.435618, 48.069923], [-89.435837, 48.070013], [-89.436053, 48.070148], [-89.436144, 48.070258], [-89.43611, 48.070344], [-89.435952, 48.070404], [-89.435669, 48.07044], [-89.435274, 48.07044], [-89.434811, 48.070407], [-89.434476, 48.070359], [-89.434105, 48.070287], [-89.433741, 48.070197], [-89.43333, 48.070143], [-89.432872, 48.070125], [-89.432461, 48.07014], [-89.432262, 48.07013], [-89.431827, 48.070143], [-89.43149, 48.070197], [-89.431015, 48.070314], [-89.430401, 48.070494], [-89.430272, 48.070536], [-89.430223, 48.070548], [-89.429185, 48.070845], [-89.427985, 48.071223], [-89.427683, 48.071334], [-89.427587, 48.071327], [-89.427695, 48.07121], [-89.427843, 48.071102]]]}}, {"type": "Feature", "properties": {"lead": 48, "temp": "t8"}, "geometry": {"type": "Polygon", "coordinates": [[[-89.426438, 48.07172], [-89.426458, 48.071725], [-89.426448, 48.071732], [-89.426408, 48.071741], [-89.426367, 48.071745], [-89.426327, 48.071745], [-89.426287, 48.071741], [-89.426246, 48.071732], [-89.426236, 48.071725], [-89.426256, 48.07172], [-89.426307, 48.071718], [-89.426388, 48.071718], [-89.426438, 48.07172]]]}}, {"type": "Feature", "properties": {"lead": 48, "temp": "t8"}, "geometry": {"type": "Polygon", "coordinates": [[[-89.430432, 48.080705], [-89.430216, 48.080633], [-89.430047, 48.080539], [-89.429926, 48.080422], [-89.429852, 48.080285], [-89.429825, 48.080127], [-89.429845, 48.07995], [-89.429913, 48.079752], [-89.430007, 48.079574], [-89.430128, 48.079417], [-89.430277, 48.07928], [-89.430452, 48.079163], [-89.430809, 48.07898], [-89.431348, 48.078733], [-89.43207, 48.07842], [-89.432973, 48.078043], [-89.433731, 48.077752], [-89.434344, 48.07755], [-89.434813, 48.077435], [-89.435136, 48.077408], [-89.435443, 48.077368], [-89.435733, 48.077314], [-89.436006, 48.077246], [-89.436262, 48.077165], [-89.436622, 48.077024], [-89.437088, 48.076821], [-89.437657, 48.076558], [-89.438331, 48.076234], [-89.439093, 48.075904], [-89.439942, 48.075566], [-89.440879, 48.075222], [-89.441903, 48.074871], [-89.442897, 48.074491], [-89.443861, 48.074082], [-89.444795, 48.073643], [-89.445698, 48.073176], [-89.446473, 48.072816], [-89.44712, 48.072564], [-89.447639, 48.07242], [-89.44803, 48.072384], [-89.448455, 48.072244], [-89.448913, 48.072001], [-89.449405, 48.071655], [-89.449931, 48.071205], [-89.450497, 48.070778], [-89.451104, 48.070373], [-89.451751, 48.069991], [-89.452438, 48.069631], [-89.45325, 48.069264], [-89.454187, 48.068891], [-89.455249, 48.06851], [-89.456435, 48.068124], [-89.45754, 48.067818], [-89.458565, 48.067593], [-89.458889, 48.067543], [-89.459057, 48.067543], [-89.45937, 48.067525], [-89.45966, 48.067489], [-89.459926, 48.067435], [-89.460002, 48.067413], [-89.460371, 48.067386], [-89.460792, 48.067386], [-89.460772, 48.067449], [-89.460311, 48.067575], [-89.459407, 48.067764], [-89.458612, 48.067964], [-89.457925, 48.068175], [-89.457345, 48.068398], [-89.456873, 48.068632], [-89.456371, 48.06885], [-89.455838, 48.069053], [-89.455276, 48.069239], [-89.454683, 48.06941], [-89.45413, 48.069588], [-89.453618, 48.069772], [-89.453146, 48.069964], [-89.452714, 48.070161], [-89.452219, 48.070425], [-89.45166, 48.070753], [-89.451036, 48.071147], [-89.450349, 48.071606], [-89.449813, 48.071979], [-89.449429, 48.072267], [-89.449196, 48.072469], [-89.449115, 48.072586], [-89.448967, 48.072687], [-89.448751, 48.072773], [-89.448468, 48.072843], [-89.448118, 48.072897], [-89.44776, 48.072973], [-89.447397, 48.073072], [-89.447026, 48.073194], [-89.446648, 48.073337], [-89.446355, 48.073461], [-89.446146, 48.073565], [-89.446022, 48.073648], [-89.445981, 48.073711], [-89.445907, 48.073765], [-89.445799, 48.07381], [-89.445658, 48.073846], [-89.445482, 48.073873], [-89.445223, 48.073978], [-89.444879, 48.074163], [-89.444451, 48.074426], [-89.443939, 48.074768], [-89.443285, 48.07511], [-89.44249, 48.075452], [-89.441553, 48.075794], [-89.440474, 48.076135], [-89.439656, 48.076408], [-89.439096, 48.07661], [-89.438796, 48.076743], [-89.438756, 48.076806], [-89.438682, 48.07686], [-89.438574, 48.076905], [-89.438432, 48.076941], [-89.438257, 48.076968], [-89.438072, 48.077024], [-89.437876, 48.077109], [-89.437671, 48.077224], [-89.437455, 48.077368], [-89.437229, 48.077489], [-89.436993, 48.077588], [-89.436747, 48.077665], [-89.436491, 48.077719], [-89.436289, 48.077775], [-89.436141, 48.077833], [-89.436046, 48.077894], [-89.436006, 48.077957], [-89.435868, 48.078018], [-89.435632, 48.078076], [-89.435298, 48.078133], [-89.434867, 48.078187], [-89.434513, 48.07825], [-89.434236, 48.078321], [-89.434038, 48.078402], [-89.433916, 48.078492], [-89.433792, 48.07856], [-89.433664, 48.078605], [-89.433532, 48.078627], [-89.433397, 48.078627], [-89.433276, 48.078648], [-89.433168, 48.078688], [-89.433074, 48.078749], [-89.432993, 48.07883], [-89.432814, 48.078926], [-89.432538, 48.079039], [-89.432164, 48.079167], [-89.431692, 48.079311], [-89.431294, 48.079448], [-89.430971, 48.079579], [-89.430722, 48.079702], [-89.430546, 48.079819], [-89.430435, 48.079929], [-89.430388, 48.080033], [-89.430405, 48.08013], [-89.430486, 48.08022], [-89.4306, 48.080278], [-89.430748, 48.080305], [-89.430834, 48.080303], [-89.430843, 48.080319], [-89.430883, 48.080319], [-89.430913, 48.080301], [-89.43093, 48.080301], [-89.431146, 48.080265], [-89.431308, 48.080247], [-89.431416, 48.080247], [-89.43147, 48.080265], [-89.43147, 48.080301], [-89.431567, 48.080328], [-89.431763, 48.080346], [-89.432056, 48.080355], [-89.432447, 48.080355], [-89.432642, 48.080384], [-89.432642, 48.080442], [-89.432447, 48.08053], [-89.432056, 48.080647], [-89.431746, 48.080715], [-89.431487, 48.08075], [-89.431005, 48.080782], [-89.430695, 48.080755], [-89.430432, 48.080705]]]}}, {"type": "Feature", "properties": {"lead": 48, "temp": "t8"}, "geometry": {"type": "Polygon", "coordinates": [[[-89.434634, 48.087305], [-89.434612, 48.087313], [-89.434639, 48.087303], [-89.434634, 48.087305]]]}}, {"type": "Feature", "properties": {"lead": 48, "temp": "t8"}, "geometry": {"type": "Polygon", "coordinates": [[[-89.434044, 48.087528], [-89.434031, 48.087533], [-89.434053, 48.087524], [-89.434044, 48.087528]]]}}, {"type": "Feature", "properties": {"lead": 48, "temp": "t8"}, "geometry": {"type": "Polygon", "coordinates": [[[-89.413622, 48.05872], [-89.413838, 48.058693], [-89.41403, 48.05865], [-89.414198, 48.058592], [-89.414343, 48.058518], [-89.414464, 48.058428], [-89.414583, 48.058378], [-89.414663, 48.058369], [-89.414849, 48.058387], [-89.414983, 48.05845], [-89.415084, 48.058475], [-89.415152, 48.058461], [-89.415186, 48.05841], [-89.415186, 48.05832], [-89.415217, 48.05825], [-89.415246, 48.058227], [-89.415307, 48.058225], [-89.415388, 48.058252], [-89.415448, 48.058259], [-89.415489, 48.058245], [-89.415509, 48.058212], [-89.415509, 48.058158], [-89.415562, 48.058103], [-89.415634, 48.058077], [-89.415716, 48.058026], [-89.415833, 48.057982], [-89.416048, 48.057919], [-89.41621, 48.057861], [-89.416318, 48.057807], [-89.416372, 48.057757], [-89.416372, 48.057712], [-89.416395, 48.057683], [-89.416443, 48.057669], [-89.416513, 48.057672], [-89.416608, 48.05769], [-89.416689, 48.05769], [-89.416756, 48.057672], [-89.41681, 48.057636], [-89.41685, 48.057582], [-89.416793, 48.057528], [-89.416638, 48.057474], [-89.416385, 48.05742], [-89.416379, 48.057419], [-89.416362, 48.057399], [-89.41623, 48.057352], [-89.416028, 48.057325], [-89.415725, 48.057339], [-89.415449, 48.057375], [-89.415182, 48.057399], [-89.41468, 48.057487], [-89.414127, 48.057622], [-89.413727, 48.057676], [-89.41345, 48.057656], [-89.413298, 48.057555], [-89.413298, 48.057375], [-89.413447, 48.057213], [-89.413743, 48.057069], [-89.414188, 48.056943], [-89.414781, 48.056835], [-89.415293, 48.05676], [-89.415725, 48.05672], [-89.416075, 48.056713], [-89.416345, 48.05674], [-89.416594, 48.056799], [-89.416823, 48.056889], [-89.417032, 48.05701], [-89.417221, 48.057163], [-89.417353, 48.057316], [-89.417427, 48.057469], [-89.417444, 48.057622], [-89.417403, 48.057775], [-89.41712, 48.057975], [-89.416594, 48.058223], [-89.415826, 48.058518], [-89.414815, 48.05886], [-89.414057, 48.059078], [-89.413551, 48.059172], [-89.413298, 48.059143], [-89.413298, 48.05899], [-89.413383, 48.058846], [-89.413472, 48.058774], [-89.413622, 48.05872]]]}}, {"type": "Feature", "properties": {"lead": 48, "temp": "t8"}, "geometry": {"type": "Polygon", "coordinates": [[[-89.41343, 48.063125], [-89.413345, 48.06309], [-89.413396, 48.063037], [-89.413592, 48.06297], [-89.413885, 48.062936], [-89.414276, 48.062936], [-89.414509, 48.062972], [-89.414424, 48.062981], [-89.414282, 48.063008], [-89.414175, 48.063044], [-89.4141, 48.063089], [-89.41406, 48.063143], [-89.413986, 48.063177], [-89.413878, 48.06319], [-89.413736, 48.063184], [-89.413561, 48.063157], [-89.41343, 48.063125]]]}}, {"type": "Feature", "properties": {"lead": 48, "temp": "t8"}, "geometry": {"type": "Polygon", "coordinates": [[[-89.416716, 48.063753], [-89.416648, 48.063694], [-89.416655, 48.063651], [-89.416736, 48.063624], [-89.416806, 48.063623], [-89.417154, 48.063746], [-89.417323, 48.063799], [-89.417376, 48.063829], [-89.417444, 48.063888], [-89.417464, 48.063939], [-89.417437, 48.063984], [-89.417363, 48.063996], [-89.417241, 48.063973], [-89.417073, 48.063917], [-89.416857, 48.063827], [-89.416716, 48.063753]]]}}, {"type": "Feature", "properties": {"lead": 48, "temp": "t8"}, "geometry": {"type": "Polygon", "coordinates": [[[-89.420473, 48.06501], [-89.419941, 48.064911], [-89.419358, 48.064763], [-89.418724, 48.064565], [-89.418239, 48.064396], [-89.417902, 48.064257], [-89.417713, 48.064146], [-89.417673, 48.064065], [-89.417828, 48.064056], [-89.418178, 48.064119], [-89.418724, 48.064254], [-89.419466, 48.064461], [-89.420113, 48.064635], [-89.420665, 48.064774], [-89.421124, 48.06488], [-89.421488, 48.064952], [-89.421653, 48.065006], [-89.421619, 48.065042], [-89.421386, 48.06506], [-89.420955, 48.06506], [-89.420473, 48.06501]]]}}, {"type": "Feature", "properties": {"lead": 48, "temp": "t8"}, "geometry": {"type": "Polygon", "coordinates": [[[-89.413905, 48.067786], [-89.414026, 48.067588], [-89.414026, 48.067354], [-89.413905, 48.067084], [-89.413662, 48.066778], [-89.41348, 48.066486], [-89.413359, 48.066207], [-89.413298, 48.065942], [-89.413298, 48.065825], [-89.413342, 48.065699], [-89.41343, 48.065645], [-89.413561, 48.065663], [-89.413736, 48.065753], [-89.413878, 48.065847], [-89.413986, 48.065946], [-89.41406, 48.06605], [-89.4141, 48.066157], [-89.414154, 48.066247], [-89.414222, 48.066319], [-89.414303, 48.066373], [-89.414397, 48.066409], [-89.414422, 48.06643], [-89.414464, 48.066517], [-89.414588, 48.066727], [-89.414606, 48.066823], [-89.41465, 48.066938], [-89.41471, 48.067024], [-89.414788, 48.06708], [-89.414882, 48.067107], [-89.414943, 48.067183], [-89.41497, 48.067309], [-89.414963, 48.067485], [-89.414923, 48.06771], [-89.414815, 48.06793], [-89.41464, 48.068146], [-89.414397, 48.068357], [-89.414087, 48.068564], [-89.413834, 48.06872], [-89.413639, 48.068823], [-89.413571, 48.068849], [-89.413484, 48.068812], [-89.413399, 48.068686], [-89.413359, 48.068488], [-89.413389, 48.068299], [-89.41349, 48.068119], [-89.413662, 48.067948], [-89.413905, 48.067786]]]}}, {"type": "Feature", "properties": {"lead": 48, "temp": "t8"}, "geometry": {"type": "Polygon", "coordinates": [[[-89.422492, 48.073279], [-89.422114, 48.073216], [-89.421764, 48.073126], [-89.42144, 48.073009], [-89.421147, 48.072921], [-89.420884, 48.072863], [-89.420652, 48.072834], [-89.42045, 48.072834], [-89.420231, 48.072795], [-89.419995, 48.072719], [-89.419742, 48.072604], [-89.419472, 48.072451], [-89.418909, 48.07231], [-89.418053, 48.072179], [-89.416904, 48.07206], [-89.415462, 48.071952], [-89.41438, 48.071839], [-89.413659, 48.071723], [-89.413298, 48.071601], [-89.413298, 48.071475], [-89.413426, 48.071387], [-89.413683, 48.071338], [-89.414067, 48.071327], [-89.414579, 48.071354], [-89.415037, 48.071394], [-89.415328, 48.071433], [-89.415401, 48.071448], [-89.415481, 48.071456], [-89.415792, 48.071516], [-89.416089, 48.071597], [-89.416355, 48.071651], [-89.416489, 48.071666], [-89.416547, 48.071678], [-89.416692, 48.07168], [-89.416707, 48.071678], [-89.416796, 48.071678], [-89.416972, 48.071651], [-89.417103, 48.071646], [-89.417191, 48.071664], [-89.417235, 48.071705], [-89.417235, 48.071767], [-89.417363, 48.071815], [-89.417619, 48.071846], [-89.418003, 48.071862], [-89.418515, 48.071862], [-89.418943, 48.071889], [-89.419287, 48.071943], [-89.419546, 48.072024], [-89.419722, 48.072132], [-89.419941, 48.07222], [-89.420204, 48.072287], [-89.42051, 48.072334], [-89.420861, 48.072361], [-89.421164, 48.072418], [-89.421243, 48.072444], [-89.421393, 48.07251], [-89.421649, 48.072654], [-89.421686, 48.072668], [-89.421791, 48.072762], [-89.42203, 48.07287], [-89.422347, 48.072942], [-89.422741, 48.072978], [-89.423213, 48.072978], [-89.423644, 48.072951], [-89.424035, 48.072897], [-89.424386, 48.072816], [-89.424696, 48.072708], [-89.424939, 48.072604], [-89.425114, 48.072505], [-89.425222, 48.072411], [-89.425262, 48.072321], [-89.425343, 48.072233], [-89.425464, 48.072148], [-89.425626, 48.072064], [-89.425828, 48.071983], [-89.425966, 48.071972], [-89.426041, 48.072031], [-89.426051, 48.072159], [-89.425998, 48.072352], [-89.425845, 48.072534], [-89.425569, 48.072728], [-89.425188, 48.07291], [-89.424703, 48.073081], [-89.424231, 48.073207], [-89.423772, 48.073288], [-89.423328, 48.073324], [-89.422896, 48.073315], [-89.422492, 48.073279]]]}}, {"type": "Feature", "properties": {"lead": 48, "temp": "t8"}, "geometry": {"type": "Polygon", "coordinates": [[[-89.422067, 48.084497], [-89.422108, 48.084452], [-89.422175, 48.084416], [-89.422269, 48.084389], [-89.422381, 48.084319], [-89.422509, 48.084207], [-89.422654, 48.084052], [-89.422815, 48.083854], [-89.422927, 48.083683], [-89.422987, 48.083539], [-89.422997, 48.083422], [-89.422996, 48.083418], [-89.422997, 48.083415], [-89.422997, 48.083354], [-89.422957, 48.083292], [-89.422953, 48.083259], [-89.422977, 48.08322], [-89.423038, 48.083197], [-89.423132, 48.083197], [-89.423203, 48.083184], [-89.42325, 48.083157], [-89.423274, 48.083116], [-89.423274, 48.083062], [-89.42323, 48.082979], [-89.423142, 48.082866], [-89.423011, 48.082725], [-89.422844, 48.082562], [-89.422822, 48.082527], [-89.422728, 48.082464], [-89.422659, 48.082432], [-89.42264, 48.082419], [-89.422424, 48.08232], [-89.422189, 48.082257], [-89.421932, 48.08223], [-89.42174, 48.082201], [-89.421612, 48.082169], [-89.421548, 48.082136], [-89.421548, 48.0821], [-89.421376, 48.082102], [-89.421033, 48.082142], [-89.420517, 48.082221], [-89.41983, 48.082338], [-89.419216, 48.082462], [-89.418677, 48.082592], [-89.418212, 48.082729], [-89.417821, 48.082873], [-89.417484, 48.082981], [-89.417201, 48.083053], [-89.416972, 48.083089], [-89.416796, 48.083089], [-89.416473, 48.083161], [-89.416001, 48.083305], [-89.415381, 48.083521], [-89.414613, 48.083809], [-89.414026, 48.083991], [-89.413622, 48.084067], [-89.413399, 48.084038], [-89.413359, 48.083903], [-89.41341, 48.083782], [-89.413551, 48.083674], [-89.413784, 48.083579], [-89.414107, 48.083498], [-89.414441, 48.08339], [-89.414785, 48.083256], [-89.415138, 48.083094], [-89.415502, 48.082905], [-89.416133, 48.082693], [-89.417029, 48.082459], [-89.418192, 48.082203], [-89.419621, 48.081924], [-89.42081, 48.081751], [-89.421761, 48.081684], [-89.422472, 48.081722], [-89.422943, 48.081866], [-89.423321, 48.081996], [-89.423604, 48.082113], [-89.423793, 48.082217], [-89.423887, 48.082307], [-89.423954, 48.082423], [-89.423995, 48.082567], [-89.424008, 48.082738], [-89.423995, 48.082933], [-89.423992, 48.08295], [-89.423917, 48.083157], [-89.423806, 48.083399], [-89.423658, 48.083678], [-89.423442, 48.083932], [-89.423167, 48.084156], [-89.423093, 48.0842], [-89.422972, 48.084271], [-89.422633, 48.084438], [-89.422357, 48.084558], [-89.422168, 48.084616], [-89.422067, 48.084614], [-89.422054, 48.084551], [-89.422067, 48.084497]]]}}, {"type": "Feature", "properties": {"lead": 48, "temp": "t12far"}, "geometry": {"type": "Polygon", "coordinates": [[[-89.474286, 48.050996], [-89.474185, 48.050946], [-89.474087, 48.050872], [-89.473993, 48.050773], [-89.473909, 48.050714], [-89.473835, 48.050696], [-89.473771, 48.050719], [-89.473717, 48.050782], [-89.473669, 48.050813], [-89.473629, 48.050813], [-89.473595, 48.050782], [-89.473568, 48.050719], [-89.473518, 48.050674], [-89.473444, 48.050647], [-89.473346, 48.050638], [-89.473225, 48.050647], [-89.473073, 48.05062], [-89.472891, 48.050557], [-89.472679, 48.050458], [-89.472436, 48.050323], [-89.472018, 48.050154], [-89.471425, 48.049952], [-89.470657, 48.049715], [-89.469713, 48.049445], [-89.468961, 48.049214], [-89.468402, 48.04902], [-89.468035, 48.048865], [-89.467859, 48.048748], [-89.467711, 48.048615], [-89.46759, 48.048466], [-89.467495, 48.048302], [-89.467428, 48.048122], [-89.467442, 48.047987], [-89.467536, 48.047897], [-89.467711, 48.047852], [-89.467967, 48.047852], [-89.468183, 48.047888], [-89.468358, 48.04796], [-89.468493, 48.048068], [-89.468587, 48.048212], [-89.468756, 48.048356], [-89.468999, 48.0485], [-89.469315, 48.048644], [-89.469706, 48.048788], [-89.470134, 48.048925], [-89.470599, 48.049056], [-89.471101, 48.04918], [-89.471641, 48.049297], [-89.47216, 48.049439], [-89.472658, 48.049605], [-89.473137, 48.049796], [-89.473595, 48.050012], [-89.474027, 48.050181], [-89.474431, 48.050303], [-89.474808, 48.050377], [-89.475159, 48.050404], [-89.475398, 48.050426], [-89.475526, 48.050444], [-89.475543, 48.050458], [-89.475449, 48.050467], [-89.475338, 48.050507], [-89.47521, 48.050579], [-89.475065, 48.050683], [-89.474903, 48.050818], [-89.474755, 48.050919], [-89.47462, 48.050987], [-89.474498, 48.05102], [-89.474391, 48.05102], [-89.474286, 48.050996]]]}}, {"type": "Feature", "properties": {"lead": 48, "temp": "t12far"}, "geometry": {"type": "Polygon", "coordinates": [[[-89.475971, 48.050631], [-89.475924, 48.050609], [-89.4759, 48.050584], [-89.4759, 48.050557], [-89.475924, 48.050539], [-89.475971, 48.05053], [-89.476042, 48.05053], [-89.476136, 48.050539], [-89.476207, 48.050555], [-89.476254, 48.050577], [-89.476278, 48.050606], [-89.476278, 48.050642], [-89.476254, 48.050665], [-89.476207, 48.050674], [-89.476136, 48.050669], [-89.476042, 48.050651], [-89.475971, 48.050631]]]}}, {"type": "Feature", "properties": {"lead": 48, "temp": "t12far"}, "geometry": {"type": "Polygon", "coordinates": [[[-89.476318, 48.050942], [-89.476372, 48.050892], [-89.47646, 48.050845], [-89.476581, 48.0508], [-89.476672, 48.050773], [-89.476733, 48.050764], [-89.476763, 48.050773], [-89.476763, 48.0508], [-89.476736, 48.050838], [-89.476682, 48.050888], [-89.476601, 48.050948], [-89.476494, 48.05102], [-89.476409, 48.051061], [-89.476349, 48.05107], [-89.476312, 48.051047], [-89.476298, 48.050993], [-89.476318, 48.050942]]]}}, {"type": "Feature", "properties": {"lead": 48, "temp": "t12far"}, "geometry": {"type": "Polygon", "coordinates": [[[-89.47829, 48.053892], [-89.478323, 48.053784], [-89.478482, 48.05368], [-89.478765, 48.053581], [-89.478984, 48.053462], [-89.479139, 48.053322], [-89.47923, 48.053163], [-89.479257, 48.052983], [-89.479227, 48.052803], [-89.479139, 48.052623], [-89.478994, 48.052443], [-89.478792, 48.052263], [-89.47863, 48.052098], [-89.478509, 48.05195], [-89.478428, 48.051817], [-89.478387, 48.0517], [-89.478239, 48.051554], [-89.477983, 48.051378], [-89.477619, 48.051173], [-89.477147, 48.050939], [-89.476918, 48.050771], [-89.476932, 48.050667], [-89.477188, 48.050629], [-89.477656, 48.050654], [-89.47767, 48.050656], [-89.478216, 48.050755], [-89.478516, 48.050858], [-89.478569, 48.050966], [-89.478714, 48.051128], [-89.47895, 48.051344], [-89.479277, 48.051615], [-89.479695, 48.051939], [-89.479992, 48.052272], [-89.480167, 48.052614], [-89.480221, 48.052965], [-89.480153, 48.053325], [-89.480025, 48.053622], [-89.479837, 48.053856], [-89.479587, 48.054027], [-89.479277, 48.054135], [-89.479215, 48.05416], [-89.479078, 48.054186], [-89.478829, 48.054182], [-89.478596, 48.054121], [-89.478381, 48.054004], [-89.47829, 48.053892]], [[-89.477353, 48.050847], [-89.477319, 48.050861], [-89.477302, 48.050881], [-89.477302, 48.050908], [-89.477319, 48.050921], [-89.477353, 48.050921], [-89.477403, 48.050908], [-89.477471, 48.050881], [-89.477505, 48.050861], [-89.477505, 48.050847], [-89.477471, 48.05084], [-89.477403, 48.05084], [-89.477353, 48.050847]]]}}, {"type": "Feature", "properties": {"lead": 48, "temp": "t12far"}, "geometry": {"type": "Polygon", "coordinates": [[[-89.477683, 48.054596], [-89.47769, 48.0546], [-89.477646, 48.054612], [-89.477552, 48.05463], [-89.477478, 48.054641], [-89.477424, 48.054645], [-89.47739, 48.054643], [-89.477376, 48.054634], [-89.477393, 48.054625], [-89.47744, 48.054616], [-89.477518, 48.054607], [-89.477626, 48.054598], [-89.477683, 48.054596]]]}}, {"type": "Feature", "properties": {"lead": 48, "temp": "t12far"}, "geometry": {"type": "Polygon", "coordinates": [[[-89.476413, 48.054758], [-89.476763, 48.054744], [-89.476774, 48.054753], [-89.47652, 48.054783], [-89.475533, 48.054873], [-89.474913, 48.054915], [-89.474256, 48.05494], [-89.473983, 48.054942], [-89.474138, 48.05492], [-89.474721, 48.054873], [-89.475732, 48.054801], [-89.476413, 48.054758]]]}}, {"type": "Feature", "properties": {"lead": 48, "temp": "t12far"}, "geometry": {"type": "Polygon", "coordinates": [[[-89.470131, 48.054963], [-89.470508, 48.054945], [-89.471088, 48.054949], [-89.47187, 48.054976], [-89.472311, 48.054999], [-89.472412, 48.055017], [-89.472173, 48.05503], [-89.471593, 48.055039], [-89.471115, 48.055053], [-89.470737, 48.055071], [-89.470461, 48.055093], [-89.470396, 48.055103], [-89.470185, 48.055116], [-89.47014, 48.055123], [-89.470047, 48.055107], [-89.469983, 48.055066], [-89.469956, 48.055003], [-89.470131, 48.054963]]]}}, {"type": "Feature", "properties": {"lead": 48, "temp": "t12far"}, "geometry": {"type": "Polygon", "coordinates": [[[-89.463708, 48.05602], [-89.463526, 48.055872], [-89.463364, 48.055674], [-89.463158, 48.055494], [-89.462909, 48.055332], [-89.462616, 48.055188], [-89.462279, 48.055062], [-89.461982, 48.054965], [-89.461726, 48.054897], [-89.46151, 48.054859], [-89.461335, 48.05485], [-89.461244, 48.054828], [-89.461237, 48.054792], [-89.461315, 48.054742], [-89.461477, 48.054679], [-89.461679, 48.054632], [-89.461921, 48.0546], [-89.462204, 48.054585], [-89.462528, 48.054585], [-89.462814, 48.0546], [-89.463064, 48.054632], [-89.463276, 48.054679], [-89.463451, 48.054742], [-89.463627, 48.05483], [-89.463802, 48.054942], [-89.463977, 48.05508], [-89.464152, 48.055242], [-89.464371, 48.055334], [-89.464634, 48.055356], [-89.464941, 48.055309], [-89.465291, 48.055192], [-89.465602, 48.055116], [-89.465871, 48.05508], [-89.4661, 48.055084], [-89.466289, 48.055129], [-89.466495, 48.055152], [-89.466717, 48.055152], [-89.466956, 48.055129], [-89.467212, 48.055084], [-89.467516, 48.05505], [-89.467866, 48.055028], [-89.468264, 48.055017], [-89.468709, 48.055017], [-89.469049, 48.055026], [-89.469285, 48.055044], [-89.469416, 48.055071], [-89.469443, 48.055107], [-89.469275, 48.055158], [-89.468911, 48.055226], [-89.468351, 48.055309], [-89.467597, 48.055408], [-89.466923, 48.055521], [-89.466329, 48.055647], [-89.465817, 48.055786], [-89.465386, 48.055939], [-89.465002, 48.056054], [-89.464678, 48.056127], [-89.464375, 48.056169], [-89.464132, 48.056169], [-89.46391, 48.056119], [-89.463708, 48.05602]]]}}, {"type": "Feature", "properties": {"lead": 48, "temp": "t12far"}, "geometry": {"type": "Polygon", "coordinates": [[[-89.457176, 48.056137], [-89.45748, 48.055989], [-89.457817, 48.055845], [-89.458046, 48.055761], [-89.458167, 48.055739], [-89.458177, 48.055766], [-89.457749, 48.055998], [-89.457331, 48.056268], [-89.456946, 48.056489], [-89.456833, 48.056542], [-89.45655, 48.056657], [-89.456428, 48.056679], [-89.456469, 48.05661], [-89.456671, 48.056448], [-89.456907, 48.05629], [-89.457176, 48.056137]]]}}, {"type": "Feature", "properties": {"lead": 48, "temp": "t12far"}, "geometry": {"type": "Polygon", "coordinates": [[[-89.455822, 48.056952], [-89.455835, 48.056952], [-89.455815, 48.056965], [-89.455761, 48.056992], [-89.455714, 48.057012], [-89.455673, 48.057026], [-89.45564, 48.057033], [-89.455613, 48.057033], [-89.455613, 48.057026], [-89.45564, 48.057012], [-89.455694, 48.056992], [-89.455774, 48.056965], [-89.455822, 48.056952]]]}}, {"type": "Feature", "properties": {"lead": 48, "temp": "t12far"}, "geometry": {"type": "Polygon", "coordinates": [[[-89.416318, 48.058425], [-89.416399, 48.058385], [-89.416554, 48.058329], [-89.416783, 48.058257], [-89.416978, 48.05818], [-89.41714, 48.058099], [-89.417268, 48.058014], [-89.417363, 48.057924], [-89.417423, 48.057818], [-89.41745, 48.057696], [-89.417444, 48.057559], [-89.417432, 48.057514], [-89.417427, 48.057469], [-89.417411, 48.057438], [-89.417403, 48.057406], [-89.417367, 48.057346], [-89.417353, 48.057316], [-89.417341, 48.057303], [-89.417315, 48.05726], [-89.417181, 48.05712], [-89.417058, 48.057031], [-89.417032, 48.05701], [-89.417018, 48.057002], [-89.416999, 48.056988], [-89.416907, 48.056937], [-89.416823, 48.056889], [-89.416807, 48.056882], [-89.41677, 48.056862], [-89.416703, 48.056841], [-89.416594, 48.056799], [-89.416345, 48.05674], [-89.416075, 48.056713], [-89.415725, 48.05672], [-89.415293, 48.05676], [-89.415021, 48.0568], [-89.415031, 48.056772], [-89.415179, 48.056718], [-89.415432, 48.056666], [-89.415789, 48.056616], [-89.416251, 48.056569], [-89.416817, 48.056524], [-89.417288, 48.056531], [-89.417666, 48.056589], [-89.417949, 48.0567], [-89.418138, 48.056862], [-89.418286, 48.057026], [-89.418394, 48.057192], [-89.418461, 48.057361], [-89.418488, 48.057532], [-89.418481, 48.05766], [-89.418441, 48.057746], [-89.418367, 48.057789], [-89.418259, 48.057789], [-89.418077, 48.057831], [-89.417821, 48.057917], [-89.417491, 48.058045], [-89.417086, 48.058216], [-89.416766, 48.058342], [-89.41653, 48.058423], [-89.416379, 48.058459], [-89.416311, 48.05845], [-89.416318, 48.058425]]]}}, {"type": "Feature", "properties": {"lead": 48, "temp": "t12far"}, "geometry": {"type": "Polygon", "coordinates": [[[-89.44526, 48.061168], [-89.445691, 48.060961], [-89.446143, 48.060772], [-89.446615, 48.060601], [-89.447225, 48.060441], [-89.447973, 48.060293], [-89.448859, 48.060155], [-89.449884, 48.060029], [-89.450635, 48.059899], [-89.451114, 48.059764], [-89.451319, 48.059624], [-89.451252, 48.05948], [-89.451262, 48.059348], [-89.45135, 48.059226], [-89.451515, 48.059116], [-89.451757, 48.059017], [-89.451953, 48.058988], [-89.452101, 48.059028], [-89.452202, 48.059138], [-89.452256, 48.059318], [-89.452364, 48.059474], [-89.452526, 48.059604], [-89.452741, 48.05971], [-89.453011, 48.059791], [-89.453156, 48.059879], [-89.453176, 48.059973], [-89.453072, 48.060074], [-89.452843, 48.060182], [-89.452535, 48.060284], [-89.452455, 48.060304], [-89.451919, 48.060412], [-89.451245, 48.060529], [-89.450531, 48.060623], [-89.449776, 48.060695], [-89.449764, 48.060696], [-89.449041, 48.060731], [-89.448246, 48.060749], [-89.44745, 48.060839], [-89.446655, 48.061001], [-89.446644, 48.061005], [-89.446493, 48.061035], [-89.445678, 48.061271], [-89.444869, 48.061577], [-89.444537, 48.061714], [-89.444363, 48.061741], [-89.444458, 48.061636], [-89.444849, 48.061393], [-89.44526, 48.061168]]]}}, {"type": "Feature", "properties": {"lead": 48, "temp": "t12far"}, "geometry": {"type": "Polygon", "coordinates": [[[-89.419118, 48.064317], [-89.418195, 48.064056], [-89.417336, 48.063773], [-89.41654, 48.063467], [-89.415816, 48.063233], [-89.415162, 48.063071], [-89.414579, 48.062981], [-89.414562, 48.06298], [-89.414276, 48.062936], [-89.413885, 48.062936], [-89.413883, 48.062936], [-89.413683, 48.062907], [-89.413426, 48.062812], [-89.413298, 48.06268], [-89.413298, 48.062509], [-89.413423, 48.062385], [-89.413672, 48.062308], [-89.414047, 48.062279], [-89.414545, 48.062297], [-89.415125, 48.062385], [-89.415785, 48.062542], [-89.416527, 48.06277], [-89.417349, 48.063067], [-89.418215, 48.063346], [-89.419125, 48.063606], [-89.420079, 48.063849], [-89.421076, 48.064074], [-89.422054, 48.064194], [-89.423011, 48.064207], [-89.423948, 48.064115], [-89.424864, 48.063917], [-89.425673, 48.063762], [-89.426374, 48.063649], [-89.426967, 48.063579], [-89.427453, 48.063552], [-89.427914, 48.063498], [-89.428352, 48.063417], [-89.428767, 48.06331], [-89.429158, 48.063175], [-89.429734, 48.063022], [-89.430496, 48.062851], [-89.431443, 48.062662], [-89.432575, 48.062455], [-89.433448, 48.062286], [-89.434061, 48.062155], [-89.434415, 48.062063], [-89.434509, 48.062009], [-89.434627, 48.061969], [-89.434769, 48.061942], [-89.434934, 48.061928], [-89.435123, 48.061928], [-89.435419, 48.061863], [-89.435824, 48.061732], [-89.436336, 48.061537], [-89.436956, 48.061276], [-89.437536, 48.06108], [-89.438075, 48.06095], [-89.438574, 48.060884], [-89.439032, 48.060884], [-89.439423, 48.060925], [-89.439746, 48.061006], [-89.440003, 48.061127], [-89.440191, 48.061289], [-89.440343, 48.061478], [-89.440458, 48.061694], [-89.440535, 48.061937], [-89.440576, 48.062207], [-89.440633, 48.062412], [-89.440707, 48.062551], [-89.440798, 48.062626], [-89.440906, 48.062635], [-89.441034, 48.062619], [-89.441182, 48.062578], [-89.441351, 48.062513], [-89.441539, 48.062423], [-89.441755, 48.062362], [-89.441998, 48.062331], [-89.442267, 48.062329], [-89.442564, 48.062356], [-89.442769, 48.062398], [-89.442884, 48.062457], [-89.442908, 48.062531], [-89.44284, 48.062621], [-89.442702, 48.062725], [-89.442532, 48.06282], [-89.442213, 48.062972], [-89.441863, 48.063116], [-89.441529, 48.063222], [-89.441212, 48.063289], [-89.440913, 48.063319], [-89.440629, 48.06331], [-89.4404, 48.063287], [-89.440225, 48.063251], [-89.440104, 48.063202], [-89.440036, 48.063139], [-89.439932, 48.06308], [-89.43979, 48.063026], [-89.439612, 48.062977], [-89.439396, 48.062932], [-89.439265, 48.062871], [-89.439217, 48.062794], [-89.439254, 48.062702], [-89.439376, 48.062594], [-89.439467, 48.062475], [-89.439527, 48.062344], [-89.439558, 48.062203], [-89.439558, 48.06205], [-89.439531, 48.06191], [-89.439477, 48.061784], [-89.439396, 48.061672], [-89.439288, 48.061573], [-89.439163, 48.061487], [-89.439022, 48.061415], [-89.438864, 48.061357], [-89.438688, 48.061312], [-89.438516, 48.061296], [-89.438506, 48.061294], [-89.438277, 48.061267], [-89.438035, 48.061258], [-89.437694, 48.061316], [-89.437256, 48.061442], [-89.437189, 48.061467], [-89.437168, 48.061472], [-89.436757, 48.061602], [-89.436316, 48.061771], [-89.435844, 48.061978], [-89.435456, 48.062162], [-89.435153, 48.062324], [-89.434934, 48.062464], [-89.434799, 48.062581], [-89.434641, 48.062668], [-89.434459, 48.062727], [-89.434253, 48.062756], [-89.434024, 48.062756], [-89.433771, 48.062788], [-89.433495, 48.062851], [-89.433195, 48.062945], [-89.432872, 48.063071], [-89.432471, 48.06319], [-89.431992, 48.063303], [-89.431436, 48.063408], [-89.430802, 48.063507], [-89.43024, 48.063613], [-89.429748, 48.063726], [-89.429326, 48.063845], [-89.428976, 48.063971], [-89.428592, 48.064072], [-89.428174, 48.064149], [-89.427722, 48.0642], [-89.427237, 48.064227], [-89.426637, 48.064299], [-89.425923, 48.064416], [-89.425094, 48.064578], [-89.42415, 48.064785], [-89.423179, 48.064886], [-89.422182, 48.064882], [-89.421157, 48.064772], [-89.420106, 48.064556], [-89.419118, 48.064317]]]}}, {"type": "Feature", "properties": {"lead": 48, "temp": "t12far"}, "geometry": {"type": "Polygon", "coordinates": [[[-89.413339, 48.067856], [-89.413393, 48.067725], [-89.41348, 48.067575], [-89.413602, 48.067404], [-89.413662, 48.067224], [-89.413662, 48.067035], [-89.413602, 48.066837], [-89.41348, 48.06663], [-89.41345, 48.066551], [-89.413511, 48.066601], [-89.413662, 48.066778], [-89.413905, 48.067084], [-89.414026, 48.067354], [-89.414026, 48.067588], [-89.413905, 48.067786], [-89.413662, 48.067948], [-89.413618, 48.067992], [-89.413521, 48.068047], [-89.413399, 48.068083], [-89.413332, 48.068056], [-89.413319, 48.067966], [-89.413339, 48.067856]]]}}, {"type": "Feature", "properties": {"lead": 48, "temp": "t12far"}, "geometry": {"type": "Polygon", "coordinates": [[[-89.438874, 48.070058], [-89.438934, 48.069995], [-89.439099, 48.069914], [-89.439369, 48.069815], [-89.439568, 48.069759], [-89.439696, 48.069745], [-89.439753, 48.069775], [-89.43974, 48.069847], [-89.439703, 48.069914], [-89.439642, 48.069977], [-89.439558, 48.070036], [-89.43945, 48.07009], [-89.439332, 48.070123], [-89.439204, 48.070137], [-89.439066, 48.07013], [-89.438917, 48.070103], [-89.438874, 48.070058]]]}}, {"type": "Feature", "properties": {"lead": 48, "temp": "t12far"}, "geometry": {"type": "Polygon", "coordinates": [[[-89.423098, 48.073781], [-89.422775, 48.073767], [-89.422445, 48.073774], [-89.422108, 48.073801], [-89.421828, 48.073808], [-89.421606, 48.073794], [-89.42144, 48.07376], [-89.421333, 48.073706], [-89.421248, 48.073639], [-89.421188, 48.073558], [-89.421151, 48.073463], [-89.421137, 48.073355], [-89.42109, 48.073259], [-89.421009, 48.073173], [-89.420894, 48.073099], [-89.420746, 48.073036], [-89.420183, 48.072917], [-89.419206, 48.072741], [-89.417814, 48.07251], [-89.416008, 48.072222], [-89.415014, 48.072033], [-89.414832, 48.071943], [-89.415462, 48.071952], [-89.416904, 48.07206], [-89.418053, 48.072179], [-89.418909, 48.07231], [-89.419472, 48.072451], [-89.419742, 48.072604], [-89.419995, 48.072719], [-89.420231, 48.072795], [-89.42045, 48.072834], [-89.420652, 48.072834], [-89.420884, 48.072863], [-89.421147, 48.072921], [-89.42144, 48.073009], [-89.421764, 48.073126], [-89.422114, 48.073216], [-89.422492, 48.073279], [-89.422896, 48.073315], [-89.423328, 48.073324], [-89.423772, 48.073288], [-89.424231, 48.073207], [-89.424703, 48.073081], [-89.425188, 48.07291], [-89.425569, 48.072728], [-89.425845, 48.072534], [-89.426017, 48.07233], [-89.426084, 48.072114], [-89.426435, 48.071857], [-89.426736, 48.071716], [-89.426792, 48.071723], [-89.426832, 48.07175], [-89.426832, 48.071794], [-89.426856, 48.071828], [-89.426903, 48.071851], [-89.426974, 48.071862], [-89.427068, 48.071862], [-89.427129, 48.071844], [-89.427156, 48.071808], [-89.427149, 48.071754], [-89.427109, 48.071682], [-89.427324, 48.071547], [-89.427796, 48.071349], [-89.428524, 48.071088], [-89.429508, 48.070764], [-89.430371, 48.070512], [-89.431099, 48.070332], [-89.431813, 48.070197], [-89.432366, 48.070143], [-89.432872, 48.070125], [-89.43333, 48.070143], [-89.433741, 48.070197], [-89.434105, 48.070287], [-89.434466, 48.070359], [-89.434823, 48.070413], [-89.435177, 48.070449], [-89.435527, 48.070467], [-89.435719, 48.07049], [-89.435753, 48.070517], [-89.435628, 48.070548], [-89.435345, 48.070584], [-89.435092, 48.070634], [-89.43487, 48.070697], [-89.434678, 48.070773], [-89.434516, 48.070863], [-89.434284, 48.070915], [-89.43398, 48.070929], [-89.433606, 48.070904], [-89.433161, 48.070841], [-89.432669, 48.07083], [-89.43213, 48.07087], [-89.431544, 48.070962], [-89.43091, 48.071106], [-89.43026, 48.071275], [-89.429593, 48.071468], [-89.428908, 48.071687], [-89.428207, 48.071929], [-89.427628, 48.072177], [-89.427169, 48.072429], [-89.426832, 48.072685], [-89.426617, 48.072946], [-89.426324, 48.07318], [-89.425953, 48.073387], [-89.425505, 48.073567], [-89.424979, 48.07372], [-89.424507, 48.073821], [-89.424089, 48.073871], [-89.423725, 48.073868], [-89.423415, 48.073814], [-89.423098, 48.073781]]]}}, {"type": "Feature", "properties": {"lead": 48, "temp": "t12far"}, "geometry": {"type": "Polygon", "coordinates": [[[-89.42971, 48.081169], [-89.429414, 48.080989], [-89.429158, 48.080764], [-89.428969, 48.080539], [-89.428848, 48.080314], [-89.428794, 48.080089], [-89.428807, 48.079864], [-89.428898, 48.079628], [-89.429067, 48.079381], [-89.429313, 48.079122], [-89.429636, 48.078852], [-89.430081, 48.078562], [-89.430647, 48.078252], [-89.431335, 48.077921], [-89.432144, 48.07757], [-89.432922, 48.077271], [-89.43367, 48.077024], [-89.434388, 48.076828], [-89.435076, 48.076684], [-89.435766, 48.076493], [-89.436461, 48.076255], [-89.437158, 48.075969], [-89.437859, 48.075636], [-89.438634, 48.075301], [-89.439484, 48.074964], [-89.440407, 48.074624], [-89.441405, 48.074282], [-89.442385, 48.073907], [-89.443349, 48.073497], [-89.444296, 48.073054], [-89.445226, 48.072577], [-89.446015, 48.072204], [-89.446662, 48.071934], [-89.447167, 48.071767], [-89.447531, 48.071705], [-89.447932, 48.071556], [-89.44837, 48.071322], [-89.448846, 48.071003], [-89.449358, 48.070598], [-89.450002, 48.07017], [-89.450777, 48.069721], [-89.451683, 48.069248], [-89.452721, 48.068753], [-89.453655, 48.068344], [-89.454484, 48.06802], [-89.455208, 48.067782], [-89.455828, 48.067629], [-89.456368, 48.067482], [-89.456826, 48.067343], [-89.457203, 48.06721], [-89.4575, 48.067084], [-89.457978, 48.06697], [-89.458639, 48.066866], [-89.459481, 48.066774], [-89.460506, 48.066693], [-89.461419, 48.066556], [-89.462221, 48.066362], [-89.462912, 48.066112], [-89.463492, 48.065807], [-89.464085, 48.065546], [-89.464692, 48.06533], [-89.465312, 48.065159], [-89.465945, 48.065033], [-89.466404, 48.064916], [-89.466687, 48.064808], [-89.466795, 48.064709], [-89.466727, 48.064619], [-89.4664, 48.064524], [-89.465814, 48.064425], [-89.464968, 48.064322], [-89.463863, 48.064214], [-89.462835, 48.064185], [-89.461884, 48.064234], [-89.461012, 48.064362], [-89.460216, 48.064569], [-89.459121, 48.064761], [-89.457726, 48.064936], [-89.456031, 48.065096], [-89.454036, 48.06524], [-89.452425, 48.065397], [-89.451198, 48.065568], [-89.450355, 48.065753], [-89.449897, 48.065951], [-89.449432, 48.066121], [-89.44896, 48.066265], [-89.448482, 48.066382], [-89.447996, 48.066472], [-89.447289, 48.066544], [-89.446359, 48.066598], [-89.445206, 48.066634], [-89.443831, 48.066652], [-89.442736, 48.066684], [-89.44192, 48.066729], [-89.441384, 48.066787], [-89.441128, 48.066859], [-89.440977, 48.067001], [-89.440929, 48.067213], [-89.440987, 48.067494], [-89.441148, 48.067845], [-89.441236, 48.068124], [-89.44125, 48.06833], [-89.441189, 48.068465], [-89.441054, 48.068528], [-89.44095, 48.068609], [-89.440875, 48.068708], [-89.440832, 48.068825], [-89.440818, 48.06896], [-89.440778, 48.06908], [-89.44071, 48.069183], [-89.440616, 48.069271], [-89.440495, 48.069343], [-89.44039, 48.069388], [-89.440303, 48.069406], [-89.440232, 48.069397], [-89.440178, 48.069361], [-89.440154, 48.069316], [-89.440161, 48.069262], [-89.440179, 48.069231], [-89.440198, 48.069221], [-89.440265, 48.06914], [-89.440316, 48.069028], [-89.44035, 48.068884], [-89.440367, 48.068708], [-89.440367, 48.068501], [-89.440323, 48.068254], [-89.440235, 48.067966], [-89.440104, 48.067638], [-89.439928, 48.067269], [-89.439928, 48.066945], [-89.440104, 48.066666], [-89.440454, 48.066432], [-89.44098, 48.066243], [-89.441718, 48.066099], [-89.442668, 48.066], [-89.443831, 48.065946], [-89.445206, 48.065937], [-89.446332, 48.065912], [-89.447208, 48.065872], [-89.447835, 48.065816], [-89.448212, 48.065744], [-89.448623, 48.065636], [-89.449068, 48.065492], [-89.449547, 48.065312], [-89.450059, 48.065096], [-89.450955, 48.064898], [-89.452236, 48.064718], [-89.453901, 48.064556], [-89.45595, 48.064412], [-89.457705, 48.06425], [-89.459168, 48.06407], [-89.460337, 48.063872], [-89.461214, 48.063656], [-89.462026, 48.063521], [-89.462774, 48.063467], [-89.463458, 48.063494], [-89.464078, 48.063602], [-89.464688, 48.063687], [-89.465288, 48.06375], [-89.465878, 48.063791], [-89.466457, 48.063809], [-89.466929, 48.063883], [-89.467293, 48.064014], [-89.467549, 48.0642], [-89.467698, 48.064443], [-89.467806, 48.064662], [-89.467873, 48.064855], [-89.4679, 48.065024], [-89.467886, 48.065168], [-89.467846, 48.065291], [-89.467779, 48.065395], [-89.467684, 48.065478], [-89.467563, 48.065541], [-89.467364, 48.065591], [-89.467088, 48.065627], [-89.466734, 48.065649], [-89.466302, 48.065658], [-89.465773, 48.065764], [-89.465147, 48.065966], [-89.464422, 48.066265], [-89.4636, 48.066661], [-89.462868, 48.066958], [-89.462228, 48.067156], [-89.461679, 48.067255], [-89.46122, 48.067255], [-89.460816, 48.067273], [-89.460466, 48.067309], [-89.460169, 48.067363], [-89.459926, 48.067435], [-89.45966, 48.067489], [-89.45937, 48.067525], [-89.459057, 48.067543], [-89.45872, 48.067543], [-89.458403, 48.067572], [-89.458107, 48.067631], [-89.45783, 48.067719], [-89.457792, 48.067736], [-89.457409, 48.067833], [-89.456435, 48.068124], [-89.455249, 48.06851], [-89.454187, 48.068891], [-89.45325, 48.069264], [-89.452438, 48.069631], [-89.451751, 48.069991], [-89.451104, 48.070373], [-89.450497, 48.070778], [-89.449931, 48.071205], [-89.449405, 48.071655], [-89.448913, 48.072001], [-89.448455, 48.072244], [-89.44803, 48.072384], [-89.447639, 48.07242], [-89.44712, 48.072564], [-89.446473, 48.072816], [-89.445698, 48.073176], [-89.444795, 48.073643], [-89.443861, 48.074082], [-89.442897, 48.074491], [-89.441903, 48.074871], [-89.440879, 48.075222], [-89.439942, 48.075566], [-89.439093, 48.075904], [-89.438331, 48.076234], [-89.437657, 48.076558], [-89.437088, 48.076821], [-89.436622, 48.077024], [-89.436262, 48.077165], [-89.436006, 48.077246], [-89.435733, 48.077314], [-89.435443, 48.077368], [-89.435136, 48.077408], [-89.434813, 48.077435], [-89.434344, 48.07755], [-89.433731, 48.077752], [-89.432973, 48.078043], [-89.43207, 48.07842], [-89.431348, 48.078733], [-89.430809, 48.07898], [-89.430452, 48.079163], [-89.430277, 48.07928], [-89.430128, 48.079417], [-89.430007, 48.079574], [-89.429913, 48.079752], [-89.429904, 48.079778], [-89.429845, 48.079898], [-89.429825, 48.080085], [-89.429829, 48.080096], [-89.429825, 48.080127], [-89.429852, 48.080285], [-89.429926, 48.080422], [-89.430047, 48.080539], [-89.430063, 48.080547], [-89.430182, 48.080642], [-89.430331, 48.080714], [-89.430499, 48.080768], [-89.430688, 48.080804], [-89.430897, 48.080822], [-89.431126, 48.080822], [-89.431547, 48.080771], [-89.432161, 48.080667], [-89.432966, 48.080512], [-89.433963, 48.080305], [-89.434732, 48.08015], [-89.435271, 48.080046], [-89.435581, 48.079995], [-89.435662, 48.079995], [-89.435723, 48.080017], [-89.435763, 48.080062], [-89.435783, 48.08013], [-89.435783, 48.08022], [-89.43581, 48.080294], [-89.435864, 48.080352], [-89.435945, 48.080395], [-89.436053, 48.080422], [-89.436012, 48.080478], [-89.435824, 48.080564], [-89.435487, 48.080678], [-89.435001, 48.080822], [-89.434462, 48.080959], [-89.433869, 48.08109], [-89.433222, 48.081214], [-89.432521, 48.081331], [-89.431891, 48.081407], [-89.431331, 48.081443], [-89.430843, 48.081438], [-89.430425, 48.081394], [-89.430047, 48.081304], [-89.42971, 48.081169]]]}}, {"type": "Feature", "properties": {"lead": 48, "temp": "t12far"}, "geometry": {"type": "Polygon", "coordinates": [[[-89.420706, 48.087636], [-89.42018, 48.087213], [-89.419772, 48.086851], [-89.419482, 48.08655], [-89.419311, 48.086309], [-89.419257, 48.086129], [-89.41928, 48.085945], [-89.419381, 48.085756], [-89.41956, 48.085563], [-89.419816, 48.085365], [-89.420106, 48.085201], [-89.420429, 48.08507], [-89.420787, 48.084974], [-89.421178, 48.084911], [-89.421575, 48.084818], [-89.42198, 48.084697], [-89.422391, 48.084546], [-89.422809, 48.084366], [-89.423159, 48.084162], [-89.423442, 48.083932], [-89.423658, 48.083678], [-89.423806, 48.083399], [-89.423917, 48.083157], [-89.423992, 48.08295], [-89.424029, 48.082779], [-89.424029, 48.082644], [-89.424005, 48.08252], [-89.423958, 48.082408], [-89.423887, 48.082307], [-89.423793, 48.082217], [-89.423604, 48.082113], [-89.423321, 48.081996], [-89.422943, 48.081866], [-89.422472, 48.081722], [-89.422077, 48.081614], [-89.421761, 48.081542], [-89.421521, 48.081506], [-89.42136, 48.081506], [-89.420921, 48.081576], [-89.420207, 48.081715], [-89.419216, 48.081924], [-89.417949, 48.082203], [-89.416908, 48.082459], [-89.416092, 48.082693], [-89.415502, 48.082905], [-89.415138, 48.083094], [-89.414785, 48.083256], [-89.414441, 48.08339], [-89.414107, 48.083498], [-89.413784, 48.083579], [-89.413777, 48.083582], [-89.413581, 48.083595], [-89.41342, 48.083546], [-89.413332, 48.083431], [-89.413319, 48.083251], [-89.413379, 48.083096], [-89.413514, 48.082965], [-89.413723, 48.08286], [-89.414006, 48.082779], [-89.414293, 48.082678], [-89.414582, 48.082556], [-89.414876, 48.082414], [-89.415172, 48.082253], [-89.415489, 48.082127], [-89.415826, 48.082037], [-89.416183, 48.081983], [-89.416561, 48.081965], [-89.417059, 48.081897], [-89.417679, 48.08178], [-89.418421, 48.081614], [-89.419284, 48.081398], [-89.420038, 48.081229], [-89.420686, 48.081108], [-89.421225, 48.081034], [-89.421656, 48.081007], [-89.422101, 48.081022], [-89.422559, 48.081081], [-89.423031, 48.081182], [-89.423516, 48.081326], [-89.423931, 48.08149], [-89.424275, 48.081675], [-89.424548, 48.081879], [-89.42475, 48.082104], [-89.424895, 48.082334], [-89.424982, 48.082567], [-89.425013, 48.082806], [-89.424986, 48.083049], [-89.424935, 48.083285], [-89.424861, 48.083514], [-89.424763, 48.083737], [-89.424642, 48.083953], [-89.424487, 48.084157], [-89.424298, 48.084351], [-89.424076, 48.084533], [-89.42382, 48.084704], [-89.42355, 48.084861], [-89.423267, 48.085005], [-89.42297, 48.085135], [-89.42266, 48.085252], [-89.42234, 48.085354], [-89.42201, 48.085439], [-89.42167, 48.085509], [-89.421319, 48.085563], [-89.421026, 48.085626], [-89.42079, 48.085698], [-89.420611, 48.085779], [-89.42049, 48.085869], [-89.420402, 48.085956], [-89.420348, 48.086042], [-89.420328, 48.086125], [-89.420342, 48.086206], [-89.420426, 48.086334], [-89.420581, 48.086509], [-89.420807, 48.086732], [-89.421103, 48.087002], [-89.42142, 48.087256], [-89.421757, 48.087494], [-89.422114, 48.087717], [-89.422492, 48.087924], [-89.422839, 48.08809], [-89.423156, 48.088216], [-89.423442, 48.088302], [-89.423698, 48.088347], [-89.424126, 48.088358], [-89.424726, 48.088335], [-89.425498, 48.088279], [-89.426442, 48.088189], [-89.427207, 48.088104], [-89.427793, 48.088023], [-89.428201, 48.087946], [-89.42843, 48.087874], [-89.428794, 48.087809], [-89.429293, 48.087751], [-89.429926, 48.087699], [-89.430695, 48.087654], [-89.431409, 48.087562], [-89.43207, 48.087422], [-89.432676, 48.087236], [-89.433229, 48.087002], [-89.433771, 48.08679], [-89.434304, 48.086602], [-89.434826, 48.086435], [-89.435338, 48.086291], [-89.435797, 48.086143], [-89.436201, 48.08599], [-89.436552, 48.085833], [-89.436848, 48.085671], [-89.437061, 48.085608], [-89.437189, 48.085644], [-89.437232, 48.085779], [-89.437192, 48.086012], [-89.437145, 48.086199], [-89.437091, 48.086339], [-89.43703, 48.086431], [-89.436963, 48.086476], [-89.436764, 48.086554], [-89.436434, 48.086667], [-89.436287, 48.086713], [-89.436201, 48.086739], [-89.436152, 48.086756], [-89.435972, 48.086813], [-89.435379, 48.086993], [-89.434819, 48.08718], [-89.434294, 48.087373], [-89.433802, 48.087573], [-89.433448, 48.087733], [-89.433063, 48.087865], [-89.432757, 48.087958], [-89.432043, 48.088106], [-89.4312, 48.088225], [-89.430229, 48.088315], [-89.429464, 48.0884], [-89.428905, 48.088481], [-89.428551, 48.088558], [-89.428477, 48.088594], [-89.428201, 48.088639], [-89.42785, 48.088702], [-89.427702, 48.088738], [-89.427756, 48.088747], [-89.428012, 48.088729], [-89.428144, 48.088713], [-89.428066, 48.088733], [-89.427877, 48.088765], [-89.427675, 48.088783], [-89.427449, 48.088783], [-89.4272, 48.088765], [-89.426927, 48.088729], [-89.42663, 48.088675], [-89.426408, 48.088648], [-89.42626, 48.088648], [-89.426185, 48.088675], [-89.426185, 48.088729], [-89.426121, 48.088787], [-89.425993, 48.08885], [-89.425801, 48.088918], [-89.425545, 48.08899], [-89.425198, 48.08903], [-89.42476, 48.089039], [-89.424231, 48.089017], [-89.423611, 48.088963], [-89.422984, 48.088823], [-89.42235, 48.088598], [-89.42171, 48.088288], [-89.421063, 48.087892], [-89.420933, 48.087808], [-89.420706, 48.087636]]]}}, {"type": "Feature", "properties": {"lead": 72, "temp": "t12"}, "geometry": {"type": "Polygon", "coordinates": [[[-89.423395, 48.065447], [-89.42326, 48.065393], [-89.423102, 48.065359], [-89.42292, 48.065345], [-89.422714, 48.065352], [-89.422485, 48.065379], [-89.422296, 48.065386], [-89.422148, 48.065372], [-89.42204, 48.065339], [-89.421973, 48.065285], [-89.421848, 48.065255], [-89.421666, 48.065251], [-89.421427, 48.065271], [-89.42113, 48.065316], [-89.420884, 48.06533], [-89.420689, 48.065312], [-89.420544, 48.065262], [-89.42045, 48.065181], [-89.420295, 48.065107], [-89.420079, 48.065039], [-89.419803, 48.064979], [-89.419466, 48.064925], [-89.419061, 48.064826], [-89.418589, 48.064682], [-89.41805, 48.064493], [-89.417444, 48.064259], [-89.416958, 48.064083], [-89.416594, 48.063966], [-89.416352, 48.063908], [-89.41623, 48.063908], [-89.416139, 48.063888], [-89.416079, 48.063847], [-89.416048, 48.063786], [-89.416048, 48.063705], [-89.416011, 48.063638], [-89.415937, 48.063584], [-89.415826, 48.063543], [-89.415678, 48.063516], [-89.41557, 48.06348], [-89.415502, 48.063435], [-89.415475, 48.063381], [-89.415489, 48.063319], [-89.415459, 48.063265], [-89.415384, 48.06322], [-89.415266, 48.063184], [-89.415105, 48.063157], [-89.414929, 48.063166], [-89.414741, 48.063211], [-89.414539, 48.063292], [-89.414323, 48.063408], [-89.414117, 48.063489], [-89.413922, 48.063534], [-89.413736, 48.063543], [-89.413561, 48.063516], [-89.41343, 48.063462], [-89.413342, 48.063381], [-89.413298, 48.063274], [-89.413298, 48.063139], [-89.413396, 48.063037], [-89.413592, 48.06297], [-89.413885, 48.062936], [-89.414276, 48.062936], [-89.414798, 48.063017], [-89.415452, 48.063179], [-89.416237, 48.063422], [-89.417154, 48.063746], [-89.418104, 48.064043], [-89.419088, 48.064313], [-89.420106, 48.064556], [-89.421157, 48.064772], [-89.422182, 48.064882], [-89.423179, 48.064886], [-89.42415, 48.064785], [-89.425094, 48.064578], [-89.425923, 48.064416], [-89.426637, 48.064299], [-89.427237, 48.064227], [-89.427722, 48.0642], [-89.428174, 48.064149], [-89.428592, 48.064072], [-89.428976, 48.063971], [-89.429326, 48.063845], [-89.429748, 48.063726], [-89.43024, 48.063613], [-89.430802, 48.063507], [-89.431436, 48.063408], [-89.431992, 48.063303], [-89.432471, 48.06319], [-89.432872, 48.063071], [-89.433195, 48.062945], [-89.433495, 48.062851], [-89.433771, 48.062788], [-89.434024, 48.062756], [-89.434253, 48.062756], [-89.434459, 48.062727], [-89.434641, 48.062668], [-89.434799, 48.062581], [-89.434934, 48.062464], [-89.435153, 48.062324], [-89.435456, 48.062162], [-89.435844, 48.061978], [-89.436316, 48.061771], [-89.436757, 48.061602], [-89.437168, 48.061472], [-89.437549, 48.061379], [-89.4379, 48.061325], [-89.438206, 48.061296], [-89.438469, 48.061292], [-89.438688, 48.061312], [-89.438864, 48.061357], [-89.439022, 48.061415], [-89.439163, 48.061487], [-89.439288, 48.061573], [-89.439396, 48.061672], [-89.439477, 48.061784], [-89.439531, 48.06191], [-89.439558, 48.06205], [-89.439558, 48.062203], [-89.439527, 48.062344], [-89.439467, 48.062475], [-89.439376, 48.062594], [-89.439254, 48.062702], [-89.439217, 48.062794], [-89.439265, 48.062871], [-89.439396, 48.062932], [-89.439612, 48.062977], [-89.43979, 48.063026], [-89.439932, 48.06308], [-89.440036, 48.063139], [-89.440104, 48.063202], [-89.440225, 48.063251], [-89.4404, 48.063287], [-89.440629, 48.06331], [-89.440913, 48.063319], [-89.441212, 48.063289], [-89.441529, 48.063222], [-89.441863, 48.063116], [-89.442213, 48.062972], [-89.442534, 48.062819], [-89.442823, 48.062657], [-89.443083, 48.062486], [-89.443312, 48.062306], [-89.443686, 48.062095], [-89.444205, 48.061852], [-89.444869, 48.061577], [-89.445678, 48.061271], [-89.446493, 48.061035], [-89.447316, 48.060869], [-89.448145, 48.060772], [-89.44898, 48.060745], [-89.449776, 48.060695], [-89.450531, 48.060623], [-89.451245, 48.060529], [-89.451919, 48.060412], [-89.452455, 48.060304], [-89.452853, 48.060205], [-89.453112, 48.060115], [-89.453233, 48.060034], [-89.453257, 48.059953], [-89.453183, 48.059872], [-89.453011, 48.059791], [-89.452741, 48.05971], [-89.452539, 48.059595], [-89.452404, 48.059447], [-89.452337, 48.059264], [-89.452337, 48.059048], [-89.452398, 48.058871], [-89.452519, 48.058731], [-89.452701, 48.05863], [-89.452944, 48.058567], [-89.453193, 48.058473], [-89.453449, 48.058347], [-89.453712, 48.058189], [-89.453982, 48.058], [-89.454211, 48.057854], [-89.454399, 48.05775], [-89.454548, 48.05769], [-89.454656, 48.057672], [-89.454753, 48.057633], [-89.454841, 48.057575], [-89.454918, 48.057496], [-89.454986, 48.057397], [-89.455138, 48.057287], [-89.455373, 48.057165], [-89.455694, 48.057033], [-89.456098, 48.056889], [-89.456506, 48.056713], [-89.456917, 48.056506], [-89.457331, 48.056268], [-89.457749, 48.055998], [-89.458198, 48.055755], [-89.458676, 48.055539], [-89.459185, 48.05535], [-89.459724, 48.055188], [-89.460206, 48.055062], [-89.460631, 48.054972], [-89.460998, 48.054918], [-89.461308, 48.0549], [-89.461625, 48.054918], [-89.461948, 48.054972], [-89.462279, 48.055062], [-89.462616, 48.055188], [-89.462909, 48.055332], [-89.463158, 48.055494], [-89.463364, 48.055674], [-89.463526, 48.055872], [-89.463708, 48.05602], [-89.46391, 48.056119], [-89.464132, 48.056169], [-89.464375, 48.056169], [-89.464705, 48.056124], [-89.465123, 48.056034], [-89.465628, 48.055899], [-89.466222, 48.055719], [-89.466808, 48.05557], [-89.467388, 48.055453], [-89.467961, 48.055368], [-89.468527, 48.055314], [-89.468985, 48.055284], [-89.469336, 48.05528], [-89.469578, 48.0553], [-89.469713, 48.055345], [-89.469814, 48.055363], [-89.469881, 48.055354], [-89.469915, 48.055318], [-89.469915, 48.055255], [-89.469942, 48.055203], [-89.469996, 48.055163], [-89.470077, 48.055134], [-89.470185, 48.055116], [-89.470566, 48.055093], [-89.471219, 48.055066], [-89.472146, 48.055035], [-89.473346, 48.054999], [-89.474475, 48.054945], [-89.475533, 48.054873], [-89.47652, 48.054783], [-89.477437, 48.054675], [-89.478125, 48.05458], [-89.478583, 48.054499], [-89.478812, 48.054432], [-89.478812, 48.054378], [-89.47889, 48.05431], [-89.479045, 48.054229], [-89.479277, 48.054135], [-89.479587, 48.054027], [-89.479837, 48.053856], [-89.480025, 48.053622], [-89.480153, 48.053325], [-89.480221, 48.052965], [-89.480167, 48.052614], [-89.479992, 48.052272], [-89.479695, 48.051939], [-89.479277, 48.051615], [-89.47895, 48.051344], [-89.478714, 48.051128], [-89.478569, 48.050966], [-89.478516, 48.050858], [-89.478216, 48.050755], [-89.47767, 48.050656], [-89.476878, 48.050561], [-89.47584, 48.050471], [-89.474947, 48.05035], [-89.474198, 48.050197], [-89.473595, 48.050012], [-89.473137, 48.049796], [-89.472658, 48.049605], [-89.47216, 48.049439], [-89.471641, 48.049297], [-89.471101, 48.04918], [-89.470599, 48.049056], [-89.470134, 48.048925], [-89.469706, 48.048788], [-89.469315, 48.048644], [-89.468999, 48.0485], [-89.468756, 48.048356], [-89.468587, 48.048212], [-89.468493, 48.048068], [-89.468537, 48.04796], [-89.468719, 48.047888], [-89.469039, 48.047852], [-89.469497, 48.047852], [-89.469888, 48.047888], [-89.470212, 48.04796], [-89.470468, 48.048068], [-89.470657, 48.048212], [-89.47096, 48.048356], [-89.471378, 48.0485], [-89.47191, 48.048644], [-89.472557, 48.048788], [-89.47311, 48.048932], [-89.473568, 48.049076], [-89.473932, 48.04922], [-89.474202, 48.049364], [-89.474539, 48.049472], [-89.474943, 48.049544], [-89.475415, 48.04958], [-89.475954, 48.04958], [-89.476369, 48.049594], [-89.476659, 48.049621], [-89.476824, 48.049661], [-89.476864, 48.049715], [-89.476928, 48.04976], [-89.477016, 48.049796], [-89.477127, 48.049823], [-89.477262, 48.049841], [-89.477383, 48.049844], [-89.477491, 48.04983], [-89.477585, 48.049801], [-89.477666, 48.049756], [-89.477761, 48.049736], [-89.477868, 48.04974], [-89.47799, 48.049769], [-89.478125, 48.049823], [-89.478246, 48.049857], [-89.478354, 48.049871], [-89.478448, 48.049864], [-89.478529, 48.049837], [-89.478623, 48.049846], [-89.478731, 48.049891], [-89.478853, 48.049972], [-89.478987, 48.050089], [-89.479119, 48.050183], [-89.479247, 48.050255], [-89.479372, 48.050305], [-89.479493, 48.050332], [-89.479621, 48.050402], [-89.479756, 48.050514], [-89.479897, 48.050669], [-89.480046, 48.050867], [-89.480174, 48.051009], [-89.480281, 48.051095], [-89.480369, 48.051124], [-89.480436, 48.051097], [-89.480511, 48.051126], [-89.480591, 48.051212], [-89.480679, 48.051353], [-89.480773, 48.051551], [-89.480868, 48.051702], [-89.480962, 48.051806], [-89.481057, 48.051862], [-89.481151, 48.051871], [-89.481218, 48.051979], [-89.481259, 48.052186], [-89.481272, 48.052492], [-89.481259, 48.052897], [-89.481228, 48.05325], [-89.481181, 48.053552], [-89.481117, 48.053802], [-89.481036, 48.054], [-89.480912, 48.054191], [-89.480743, 48.054375], [-89.480531, 48.054553], [-89.480275, 48.054724], [-89.479995, 48.054866], [-89.479692, 48.054978], [-89.479365, 48.055062], [-89.479014, 48.055116], [-89.478731, 48.055179], [-89.478516, 48.055251], [-89.478367, 48.055332], [-89.478286, 48.055422], [-89.477643, 48.055516], [-89.476436, 48.055615], [-89.474667, 48.055719], [-89.472335, 48.055827], [-89.470451, 48.055923], [-89.469015, 48.056009], [-89.468028, 48.056083], [-89.467489, 48.056146], [-89.466966, 48.056236], [-89.466461, 48.056353], [-89.465972, 48.056497], [-89.4655, 48.056668], [-89.465056, 48.056796], [-89.464638, 48.056882], [-89.464247, 48.056925], [-89.463883, 48.056925], [-89.463549, 48.056846], [-89.463246, 48.056688], [-89.462973, 48.056452], [-89.46273, 48.056137], [-89.46242, 48.055901], [-89.462043, 48.055743], [-89.461598, 48.055665], [-89.461086, 48.055665], [-89.460658, 48.055685], [-89.460314, 48.055725], [-89.460054, 48.055786], [-89.459879, 48.055867], [-89.459748, 48.055944], [-89.45966, 48.056016], [-89.459616, 48.056083], [-89.459616, 48.056146], [-89.459562, 48.0562], [-89.459455, 48.056245], [-89.459293, 48.056281], [-89.459077, 48.056308], [-89.458905, 48.056351], [-89.458777, 48.056409], [-89.458693, 48.056484], [-89.458652, 48.056574], [-89.458568, 48.056648], [-89.45844, 48.056706], [-89.458268, 48.056749], [-89.458053, 48.056776], [-89.457773, 48.056868], [-89.457429, 48.057026], [-89.457021, 48.057249], [-89.45655, 48.057537], [-89.456078, 48.057795], [-89.455606, 48.058025], [-89.455134, 48.058225], [-89.454662, 48.058396], [-89.454319, 48.058554], [-89.454103, 48.058698], [-89.454015, 48.058828], [-89.454056, 48.058945], [-89.454103, 48.059028], [-89.454157, 48.059078], [-89.454217, 48.059093], [-89.454285, 48.059075], [-89.454362, 48.059087], [-89.45445, 48.059127], [-89.454548, 48.059197], [-89.454656, 48.059296], [-89.454736, 48.059393], [-89.45479, 48.059487], [-89.454817, 48.059579], [-89.454817, 48.059669], [-89.454763, 48.059786], [-89.454656, 48.05993], [-89.454494, 48.060101], [-89.454278, 48.060299], [-89.454073, 48.060455], [-89.453877, 48.060567], [-89.453692, 48.060637], [-89.453517, 48.060664], [-89.453382, 48.060695], [-89.453287, 48.060731], [-89.453233, 48.060772], [-89.45322, 48.060817], [-89.453173, 48.060846], [-89.453092, 48.06086], [-89.452977, 48.060857], [-89.452829, 48.060839], [-89.452694, 48.060844], [-89.452573, 48.060871], [-89.452465, 48.06092], [-89.452371, 48.060992], [-89.452131, 48.061067], [-89.451747, 48.061143], [-89.451218, 48.061222], [-89.450544, 48.061303], [-89.449981, 48.061364], [-89.44953, 48.061404], [-89.449189, 48.061424], [-89.44896, 48.061424], [-89.448768, 48.061409], [-89.448613, 48.061377], [-89.448495, 48.06133], [-89.448414, 48.061267], [-89.448343, 48.061233], [-89.448283, 48.061229], [-89.448232, 48.061253], [-89.448192, 48.061307], [-89.448128, 48.061341], [-89.44804, 48.061355], [-89.447929, 48.061348], [-89.447794, 48.061321], [-89.447609, 48.061339], [-89.447373, 48.061402], [-89.447086, 48.06151], [-89.446749, 48.061663], [-89.446476, 48.061775], [-89.446268, 48.061847], [-89.446123, 48.061879], [-89.446042, 48.06187], [-89.445957, 48.061885], [-89.44587, 48.061926], [-89.445779, 48.061991], [-89.445685, 48.062081], [-89.44557, 48.062155], [-89.445435, 48.062214], [-89.44528, 48.062257], [-89.445105, 48.062284], [-89.444855, 48.062376], [-89.444532, 48.062533], [-89.444134, 48.062756], [-89.443662, 48.063044], [-89.443258, 48.063267], [-89.442921, 48.063424], [-89.442651, 48.063516], [-89.442449, 48.063543], [-89.442294, 48.063577], [-89.442186, 48.063618], [-89.442126, 48.063665], [-89.442112, 48.063719], [-89.442082, 48.063753], [-89.442035, 48.063766], [-89.441971, 48.063759], [-89.44189, 48.063732], [-89.441829, 48.063726], [-89.441789, 48.063739], [-89.441769, 48.063773], [-89.441769, 48.063827], [-89.441748, 48.063861], [-89.441708, 48.063874], [-89.441647, 48.063867], [-89.441566, 48.06384], [-89.441506, 48.063834], [-89.441465, 48.063847], [-89.441445, 48.063881], [-89.441445, 48.063935], [-89.441391, 48.063971], [-89.441283, 48.063989], [-89.441121, 48.063989], [-89.440906, 48.063971], [-89.440744, 48.063948], [-89.440636, 48.063921], [-89.440582, 48.06389], [-89.440582, 48.063854], [-89.440549, 48.063836], [-89.440481, 48.063836], [-89.44038, 48.063854], [-89.440245, 48.06389], [-89.440144, 48.063901], [-89.440077, 48.063888], [-89.440043, 48.063849], [-89.440043, 48.063786], [-89.440006, 48.063746], [-89.439932, 48.063728], [-89.439821, 48.063732], [-89.439672, 48.063759], [-89.439558, 48.063759], [-89.439477, 48.063732], [-89.43943, 48.063678], [-89.439416, 48.063597], [-89.439329, 48.06353], [-89.439167, 48.063476], [-89.438931, 48.063435], [-89.438621, 48.063408], [-89.438402, 48.063366], [-89.438274, 48.063307], [-89.438237, 48.063233], [-89.438291, 48.063143], [-89.438297, 48.063069], [-89.438257, 48.06301], [-89.438169, 48.062968], [-89.438035, 48.062941], [-89.437937, 48.062898], [-89.437876, 48.062839], [-89.437853, 48.062765], [-89.437866, 48.062675], [-89.437917, 48.062601], [-89.438004, 48.062542], [-89.438129, 48.0625], [-89.438291, 48.062473], [-89.438422, 48.062423], [-89.438523, 48.062351], [-89.438594, 48.062257], [-89.438634, 48.06214], [-89.438621, 48.062045], [-89.438553, 48.061973], [-89.438432, 48.061924], [-89.438257, 48.061897], [-89.438031, 48.061926], [-89.437755, 48.062011], [-89.437428, 48.062153], [-89.43705, 48.062351], [-89.4367, 48.062515], [-89.436376, 48.062646], [-89.43608, 48.062743], [-89.43581, 48.062806], [-89.435598, 48.062878], [-89.435443, 48.062959], [-89.435345, 48.063049], [-89.435305, 48.063148], [-89.435231, 48.063211], [-89.435123, 48.063238], [-89.434981, 48.063229], [-89.434806, 48.063184], [-89.434671, 48.063168], [-89.434577, 48.063181], [-89.434523, 48.063224], [-89.434509, 48.063296], [-89.434425, 48.063348], [-89.43427, 48.063379], [-89.434044, 48.06339], [-89.433748, 48.063381], [-89.433519, 48.063395], [-89.433357, 48.063431], [-89.433263, 48.063489], [-89.433236, 48.06357], [-89.433185, 48.063618], [-89.433111, 48.063631], [-89.433013, 48.063611], [-89.432892, 48.063557], [-89.432804, 48.063541], [-89.43275, 48.063564], [-89.43273, 48.063624], [-89.432744, 48.063723], [-89.432673, 48.0638], [-89.432518, 48.063854], [-89.432278, 48.063885], [-89.431955, 48.063894], [-89.431706, 48.063915], [-89.43153, 48.063946], [-89.431429, 48.063989], [-89.431402, 48.064043], [-89.431358, 48.06407], [-89.431298, 48.06407], [-89.43122, 48.064043], [-89.431126, 48.063989], [-89.431038, 48.063969], [-89.430957, 48.063982], [-89.430883, 48.064029], [-89.430816, 48.06411], [-89.430684, 48.064173], [-89.430489, 48.064218], [-89.430229, 48.064245], [-89.429906, 48.064254], [-89.429643, 48.064281], [-89.429441, 48.064326], [-89.429299, 48.064389], [-89.429218, 48.06447], [-89.429124, 48.064524], [-89.429016, 48.064551], [-89.428895, 48.064551], [-89.42876, 48.064524], [-89.428639, 48.06452], [-89.428531, 48.064538], [-89.428437, 48.064578], [-89.428356, 48.064641], [-89.428261, 48.064693], [-89.428154, 48.064734], [-89.428032, 48.064763], [-89.427897, 48.064781], [-89.427786, 48.064774], [-89.427699, 48.064743], [-89.427635, 48.064686], [-89.427594, 48.064605], [-89.427544, 48.064545], [-89.427483, 48.064504], [-89.427412, 48.064484], [-89.427331, 48.064484], [-89.42726, 48.0645], [-89.4272, 48.064531], [-89.427149, 48.064578], [-89.427109, 48.064641], [-89.427055, 48.064689], [-89.426987, 48.06472], [-89.426907, 48.064736], [-89.426812, 48.064736], [-89.426741, 48.064749], [-89.426694, 48.064776], [-89.426671, 48.064817], [-89.426671, 48.064871], [-89.426533, 48.064911], [-89.426256, 48.064938], [-89.425842, 48.064952], [-89.425289, 48.064952], [-89.424874, 48.064967], [-89.424598, 48.064999], [-89.42446, 48.065046], [-89.42446, 48.065109], [-89.424436, 48.065156], [-89.424389, 48.065188], [-89.424318, 48.065204], [-89.424224, 48.065204], [-89.424153, 48.065217], [-89.424106, 48.065244], [-89.424083, 48.065285], [-89.424083, 48.065339], [-89.424052, 48.065372], [-89.423992, 48.065386], [-89.423901, 48.065379], [-89.423779, 48.065352], [-89.423688, 48.065345], [-89.423628, 48.065359], [-89.423597, 48.065393], [-89.423597, 48.065447], [-89.423564, 48.065474], [-89.423496, 48.065474], [-89.423395, 48.065447]], [[-89.453193, 48.05912], [-89.453153, 48.05912], [-89.453122, 48.059127], [-89.453102, 48.059141], [-89.453092, 48.059161], [-89.453092, 48.059188], [-89.453102, 48.059201], [-89.453122, 48.059201], [-89.453153, 48.059188], [-89.453193, 48.059161], [-89.453213, 48.059141], [-89.453213, 48.059127], [-89.453193, 48.05912]], [[-89.453955, 48.058936], [-89.453955, 48.058909], [-89.453924, 48.058896], [-89.453864, 48.058896], [-89.453773, 48.058909], [-89.453651, 48.058936], [-89.453591, 48.058956], [-89.453591, 48.05897], [-89.453651, 48.058976], [-89.453773, 48.058976], [-89.453864, 48.05897], [-89.453924, 48.058956], [-89.453955, 48.058936]], [[-89.453611, 48.058833], [-89.453597, 48.058833], [-89.453587, 48.058835], [-89.453581, 48.058839], [-89.453577, 48.058846], [-89.453577, 48.058855], [-89.453581, 48.05886], [-89.453587, 48.05886], [-89.453597, 48.058855], [-89.453611, 48.058846], [-89.453618, 48.058839], [-89.453618, 48.058835], [-89.453611, 48.058833]], [[-89.453773, 48.058725], [-89.453759, 48.058725], [-89.453749, 48.058727], [-89.453742, 48.058731], [-89.453739, 48.058738], [-89.453739, 48.058747], [-89.453742, 48.058752], [-89.453749, 48.058752], [-89.453759, 48.058747], [-89.453773, 48.058738], [-89.453779, 48.058731], [-89.453779, 48.058727], [-89.453773, 48.058725]], [[-89.454096, 48.058509], [-89.454083, 48.058509], [-89.454073, 48.058511], [-89.454066, 48.058515], [-89.454062, 48.058522], [-89.454062, 48.058531], [-89.454066, 48.058536], [-89.454073, 48.058536], [-89.454083, 48.058531], [-89.454096, 48.058522], [-89.454103, 48.058515], [-89.454103, 48.058511], [-89.454096, 48.058509]]]}}, {"type": "Feature", "properties": {"lead": 72, "temp": "t12"}, "geometry": {"type": "Polygon", "coordinates": [[[-89.436484, 48.070184], [-89.436484, 48.070049], [-89.436562, 48.069939], [-89.436717, 48.069853], [-89.436949, 48.069793], [-89.437259, 48.069757], [-89.437489, 48.069752], [-89.437637, 48.069779], [-89.437704, 48.069838], [-89.437691, 48.069928], [-89.437607, 48.070015], [-89.437451, 48.070101], [-89.437226, 48.070184], [-89.436929, 48.070265], [-89.436707, 48.070292], [-89.436558, 48.070265], [-89.436484, 48.070184]]]}}, {"type": "Feature", "properties": {"lead": 72, "temp": "t12"}, "geometry": {"type": "Polygon", "coordinates": [[[-89.431005, 48.080782], [-89.430695, 48.080755], [-89.430432, 48.080705], [-89.430216, 48.080633], [-89.430047, 48.080539], [-89.429926, 48.080422], [-89.429852, 48.080285], [-89.429825, 48.080127], [-89.429845, 48.07995], [-89.429913, 48.079752], [-89.430007, 48.079574], [-89.430128, 48.079417], [-89.430277, 48.07928], [-89.430452, 48.079163], [-89.430809, 48.07898], [-89.431348, 48.078733], [-89.43207, 48.07842], [-89.432973, 48.078043], [-89.433731, 48.077752], [-89.434344, 48.07755], [-89.434813, 48.077435], [-89.435136, 48.077408], [-89.435443, 48.077368], [-89.435733, 48.077314], [-89.436006, 48.077246], [-89.436262, 48.077165], [-89.436622, 48.077024], [-89.437088, 48.076821], [-89.437657, 48.076558], [-89.438331, 48.076234], [-89.439093, 48.075904], [-89.439942, 48.075566], [-89.440879, 48.075222], [-89.441903, 48.074871], [-89.442897, 48.074491], [-89.443861, 48.074082], [-89.444795, 48.073643], [-89.445698, 48.073176], [-89.446473, 48.072816], [-89.44712, 48.072564], [-89.447639, 48.07242], [-89.44803, 48.072384], [-89.448455, 48.072244], [-89.448913, 48.072001], [-89.449405, 48.071655], [-89.449931, 48.071205], [-89.450497, 48.070778], [-89.451104, 48.070373], [-89.451751, 48.069991], [-89.452438, 48.069631], [-89.45325, 48.069264], [-89.454187, 48.068891], [-89.455249, 48.06851], [-89.456435, 48.068124], [-89.457409, 48.067833], [-89.458171, 48.06764], [-89.45872, 48.067543], [-89.459057, 48.067543], [-89.45937, 48.067525], [-89.45966, 48.067489], [-89.459926, 48.067435], [-89.460169, 48.067363], [-89.460466, 48.067309], [-89.460816, 48.067273], [-89.46122, 48.067255], [-89.461679, 48.067255], [-89.462228, 48.067156], [-89.462868, 48.066958], [-89.4636, 48.066661], [-89.464422, 48.066265], [-89.465147, 48.065966], [-89.465773, 48.065764], [-89.466302, 48.065658], [-89.466734, 48.065649], [-89.467088, 48.065627], [-89.467364, 48.065591], [-89.467563, 48.065541], [-89.467684, 48.065478], [-89.467779, 48.065395], [-89.467846, 48.065291], [-89.467886, 48.065168], [-89.4679, 48.065024], [-89.467873, 48.064855], [-89.467806, 48.064662], [-89.467698, 48.064443], [-89.467549, 48.0642], [-89.467293, 48.064014], [-89.466929, 48.063883], [-89.466457, 48.063809], [-89.465878, 48.063791], [-89.465288, 48.06375], [-89.464688, 48.063687], [-89.464078, 48.063602], [-89.463458, 48.063494], [-89.462774, 48.063467], [-89.462026, 48.063521], [-89.461214, 48.063656], [-89.460337, 48.063872], [-89.459168, 48.06407], [-89.457705, 48.06425], [-89.45595, 48.064412], [-89.453901, 48.064556], [-89.452236, 48.064718], [-89.450955, 48.064898], [-89.450059, 48.065096], [-89.449547, 48.065312], [-89.449068, 48.065492], [-89.448623, 48.065636], [-89.448212, 48.065744], [-89.447835, 48.065816], [-89.447208, 48.065872], [-89.446332, 48.065912], [-89.445206, 48.065937], [-89.443831, 48.065946], [-89.442668, 48.066], [-89.441718, 48.066099], [-89.44098, 48.066243], [-89.440454, 48.066432], [-89.440104, 48.066666], [-89.439928, 48.066945], [-89.439928, 48.067269], [-89.440104, 48.067638], [-89.440235, 48.067966], [-89.440323, 48.068254], [-89.440367, 48.068501], [-89.440367, 48.068708], [-89.44035, 48.068884], [-89.440316, 48.069028], [-89.440265, 48.06914], [-89.440198, 48.069221], [-89.4401, 48.069273], [-89.439972, 48.069295], [-89.439814, 48.069289], [-89.439625, 48.069253], [-89.439504, 48.069255], [-89.43945, 48.069295], [-89.439463, 48.069374], [-89.439544, 48.069491], [-89.439541, 48.069604], [-89.439453, 48.069712], [-89.439281, 48.069815], [-89.439025, 48.069914], [-89.43882, 48.069948], [-89.438665, 48.069916], [-89.43856, 48.06982], [-89.438506, 48.069658], [-89.438527, 48.0695], [-89.438621, 48.069347], [-89.438789, 48.069199], [-89.439032, 48.069055], [-89.439214, 48.068904], [-89.439335, 48.068747], [-89.439396, 48.068582], [-89.439396, 48.068411], [-89.439372, 48.068263], [-89.439325, 48.068137], [-89.439254, 48.068034], [-89.43916, 48.067953], [-89.439079, 48.067833], [-89.439012, 48.067676], [-89.438958, 48.06748], [-89.438917, 48.067246], [-89.438874, 48.067071], [-89.438826, 48.066954], [-89.438776, 48.066895], [-89.438722, 48.066895], [-89.438685, 48.066846], [-89.438665, 48.066747], [-89.438661, 48.066598], [-89.438675, 48.0664], [-89.438715, 48.066229], [-89.438783, 48.066086], [-89.438877, 48.065969], [-89.438998, 48.065879], [-89.439143, 48.065811], [-89.439312, 48.065766], [-89.439504, 48.065744], [-89.43972, 48.065744], [-89.439969, 48.06571], [-89.440252, 48.065642], [-89.440569, 48.065541], [-89.440919, 48.065406], [-89.441526, 48.065296], [-89.442389, 48.06521], [-89.443507, 48.06515], [-89.444882, 48.065114], [-89.446008, 48.06506], [-89.446884, 48.064988], [-89.447511, 48.064898], [-89.447889, 48.06479], [-89.448205, 48.064716], [-89.448461, 48.064675], [-89.448657, 48.064668], [-89.448792, 48.064695], [-89.448923, 48.064686], [-89.449051, 48.064641], [-89.449176, 48.06456], [-89.449297, 48.064443], [-89.449452, 48.064342], [-89.449641, 48.064257], [-89.449863, 48.064187], [-89.45012, 48.064133], [-89.450443, 48.064092], [-89.450834, 48.064065], [-89.451292, 48.064052], [-89.451818, 48.064052], [-89.452243, 48.064029], [-89.452566, 48.063984], [-89.452789, 48.063917], [-89.45291, 48.063827], [-89.453227, 48.063746], [-89.453739, 48.063674], [-89.454447, 48.063611], [-89.45535, 48.063557], [-89.456111, 48.063523], [-89.456732, 48.06351], [-89.45721, 48.063516], [-89.457547, 48.063543], [-89.457867, 48.06355], [-89.458171, 48.063537], [-89.458457, 48.063503], [-89.458727, 48.063449], [-89.458949, 48.063393], [-89.459124, 48.063334], [-89.459252, 48.063274], [-89.459333, 48.063211], [-89.459414, 48.06317], [-89.459495, 48.063152], [-89.459576, 48.063157], [-89.459657, 48.063184], [-89.459761, 48.063184], [-89.459889, 48.063157], [-89.460041, 48.063103], [-89.460216, 48.063022], [-89.460445, 48.062945], [-89.460728, 48.062873], [-89.461065, 48.062806], [-89.461456, 48.062743], [-89.46176, 48.062704], [-89.461975, 48.062691], [-89.462103, 48.062702], [-89.462144, 48.062738], [-89.462282, 48.062765], [-89.462518, 48.062783], [-89.462852, 48.062792], [-89.463283, 48.062792], [-89.46367, 48.062812], [-89.464014, 48.062853], [-89.464314, 48.062914], [-89.46457, 48.062995], [-89.464921, 48.063055], [-89.465366, 48.063096], [-89.465905, 48.063116], [-89.466538, 48.063116], [-89.467081, 48.063152], [-89.467533, 48.063224], [-89.467893, 48.063332], [-89.468163, 48.063476], [-89.468395, 48.063699], [-89.468591, 48.064], [-89.468749, 48.06438], [-89.46887, 48.064839], [-89.468918, 48.065219], [-89.468891, 48.065521], [-89.46879, 48.065744], [-89.468614, 48.065888], [-89.468355, 48.066009], [-89.468011, 48.066108], [-89.467583, 48.066184], [-89.467071, 48.066238], [-89.466666, 48.066295], [-89.46637, 48.066353], [-89.466181, 48.066414], [-89.4661, 48.066477], [-89.465986, 48.066531], [-89.465837, 48.066576], [-89.465655, 48.066612], [-89.46544, 48.066639], [-89.465234, 48.066702], [-89.465039, 48.066801], [-89.464853, 48.066936], [-89.464678, 48.067107], [-89.464503, 48.067242], [-89.464328, 48.067341], [-89.464152, 48.067404], [-89.463977, 48.067431], [-89.463825, 48.067473], [-89.463697, 48.067532], [-89.463593, 48.067606], [-89.463512, 48.067696], [-89.463408, 48.067777], [-89.46328, 48.067849], [-89.463128, 48.067912], [-89.462953, 48.067966], [-89.462767, 48.068], [-89.462572, 48.068013], [-89.462366, 48.068007], [-89.462151, 48.06798], [-89.461958, 48.067966], [-89.46179, 48.067966], [-89.461645, 48.06798], [-89.461524, 48.068007], [-89.461433, 48.068043], [-89.461372, 48.068088], [-89.461342, 48.068142], [-89.461342, 48.068205], [-89.461332, 48.068243], [-89.461311, 48.068256], [-89.461281, 48.068245], [-89.461241, 48.068209], [-89.461123, 48.068182], [-89.460927, 48.068164], [-89.460654, 48.068155], [-89.460304, 48.068155], [-89.460041, 48.068164], [-89.459866, 48.068182], [-89.459778, 48.068209], [-89.459778, 48.068245], [-89.459714, 48.068272], [-89.459586, 48.06829], [-89.459394, 48.068299], [-89.459138, 48.068299], [-89.458925, 48.068312], [-89.458757, 48.068339], [-89.458632, 48.06838], [-89.458551, 48.068434], [-89.458447, 48.068474], [-89.458319, 48.068501], [-89.458167, 48.068515], [-89.457992, 48.068515], [-89.457786, 48.068551], [-89.45755, 48.068623], [-89.457284, 48.068731], [-89.456988, 48.068875], [-89.456732, 48.068983], [-89.456516, 48.069055], [-89.456341, 48.069091], [-89.456206, 48.069091], [-89.456031, 48.069127], [-89.455815, 48.069199], [-89.455559, 48.069307], [-89.455262, 48.069451], [-89.454966, 48.069572], [-89.454669, 48.069671], [-89.454373, 48.069748], [-89.454076, 48.069802], [-89.453843, 48.069858], [-89.453675, 48.069916], [-89.45357, 48.069977], [-89.45353, 48.07004], [-89.453446, 48.070101], [-89.453318, 48.070159], [-89.453146, 48.070215], [-89.45293, 48.070269], [-89.452681, 48.070359], [-89.452398, 48.070485], [-89.452081, 48.070647], [-89.45173, 48.070845], [-89.451393, 48.071066], [-89.45107, 48.071309], [-89.45076, 48.071574], [-89.450463, 48.071862], [-89.450187, 48.0721], [-89.449931, 48.072289], [-89.449695, 48.072429], [-89.449479, 48.072519], [-89.449324, 48.0726], [-89.44923, 48.072672], [-89.449196, 48.072735], [-89.449223, 48.072789], [-89.449226, 48.072838], [-89.449206, 48.072883], [-89.449162, 48.072924], [-89.449095, 48.07296], [-89.449011, 48.072978], [-89.44891, 48.072978], [-89.448792, 48.07296], [-89.448657, 48.072924], [-89.448536, 48.072912], [-89.448428, 48.072926], [-89.448333, 48.072964], [-89.448252, 48.073027], [-89.448104, 48.073088], [-89.447889, 48.073146], [-89.447605, 48.073203], [-89.447255, 48.073256], [-89.446942, 48.073333], [-89.446665, 48.073432], [-89.446426, 48.073553], [-89.446224, 48.073697], [-89.446048, 48.073805], [-89.4459, 48.073877], [-89.445779, 48.073913], [-89.445685, 48.073913], [-89.445604, 48.073931], [-89.445536, 48.073967], [-89.445482, 48.074021], [-89.445442, 48.074093], [-89.445378, 48.074149], [-89.44529, 48.07419], [-89.445179, 48.074215], [-89.445044, 48.074224], [-89.444903, 48.074266], [-89.444754, 48.074343], [-89.444599, 48.074453], [-89.444438, 48.074597], [-89.444293, 48.074705], [-89.444165, 48.074777], [-89.444053, 48.074813], [-89.443959, 48.074813], [-89.443868, 48.074835], [-89.44378, 48.07488], [-89.443696, 48.074948], [-89.443615, 48.075038], [-89.443501, 48.075119], [-89.443352, 48.075191], [-89.44317, 48.075254], [-89.442955, 48.075308], [-89.442773, 48.075371], [-89.442625, 48.075443], [-89.44251, 48.075524], [-89.442429, 48.075614], [-89.442335, 48.075681], [-89.442227, 48.075726], [-89.442106, 48.075749], [-89.441971, 48.075749], [-89.441839, 48.075771], [-89.441711, 48.075816], [-89.441587, 48.075884], [-89.441465, 48.075973], [-89.441256, 48.076068], [-89.44096, 48.076167], [-89.440576, 48.07627], [-89.440104, 48.076378], [-89.439736, 48.076475], [-89.439474, 48.07656], [-89.439315, 48.076635], [-89.439261, 48.076698], [-89.439147, 48.076765], [-89.438971, 48.076837], [-89.438735, 48.076914], [-89.438439, 48.076995], [-89.438206, 48.077071], [-89.438038, 48.077143], [-89.437933, 48.07721], [-89.437893, 48.077273], [-89.437788, 48.077341], [-89.43762, 48.077413], [-89.437387, 48.077489], [-89.437091, 48.07757], [-89.436858, 48.077647], [-89.43669, 48.077719], [-89.436585, 48.077786], [-89.436545, 48.077849], [-89.436363, 48.077923], [-89.436039, 48.078009], [-89.435574, 48.078106], [-89.434968, 48.078214], [-89.434503, 48.07831], [-89.434179, 48.078396], [-89.433997, 48.07847], [-89.433957, 48.078533], [-89.433744, 48.078643], [-89.43336, 48.078801], [-89.432804, 48.079005], [-89.432076, 48.079257], [-89.431497, 48.079468], [-89.431065, 48.079639], [-89.430782, 48.07977], [-89.430647, 48.07986], [-89.430546, 48.079941], [-89.430479, 48.080013], [-89.430445, 48.080076], [-89.430445, 48.08013], [-89.430469, 48.080163], [-89.430516, 48.080177], [-89.430587, 48.08017], [-89.430681, 48.080143], [-89.430752, 48.080141], [-89.430799, 48.080163], [-89.430823, 48.080211], [-89.430823, 48.080283], [-89.430843, 48.080319], [-89.430883, 48.080319], [-89.430944, 48.080283], [-89.431025, 48.080211], [-89.431139, 48.080148], [-89.431288, 48.080094], [-89.43147, 48.080049], [-89.431685, 48.080013], [-89.431921, 48.079995], [-89.432177, 48.079995], [-89.432454, 48.080013], [-89.43275, 48.080049], [-89.432973, 48.080055], [-89.433121, 48.080033], [-89.433195, 48.079981], [-89.433195, 48.0799], [-89.433239, 48.079846], [-89.433327, 48.079819], [-89.433458, 48.079819], [-89.433633, 48.079846], [-89.433808, 48.079837], [-89.433984, 48.079792], [-89.434159, 48.079711], [-89.434334, 48.079594], [-89.43452, 48.079543], [-89.434715, 48.079556], [-89.434921, 48.079635], [-89.435136, 48.079779], [-89.435049, 48.079938], [-89.434658, 48.080114], [-89.433963, 48.080305], [-89.432966, 48.080512], [-89.43214, 48.08066], [-89.431487, 48.08075], [-89.431005, 48.080782]]]}}, {"type": "Feature", "properties": {"lead": 72, "temp": "t12"}, "geometry": {"type": "Polygon", "coordinates": [[[-89.431166, 48.088634], [-89.431075, 48.088601], [-89.431015, 48.08856], [-89.430984, 48.088513], [-89.430984, 48.088459], [-89.430947, 48.088416], [-89.430873, 48.088385], [-89.430762, 48.088365], [-89.430614, 48.088356], [-89.430614, 48.088342], [-89.430762, 48.088324], [-89.431059, 48.088302], [-89.431503, 48.088275], [-89.432147, 48.088137], [-89.43299, 48.08789], [-89.434031, 48.087533], [-89.435271, 48.087065], [-89.436201, 48.086739], [-89.436821, 48.086554], [-89.437131, 48.086512], [-89.437131, 48.086611], [-89.437091, 48.086714], [-89.43701, 48.086822], [-89.436889, 48.086934], [-89.436727, 48.087051], [-89.436582, 48.087139], [-89.436454, 48.087197], [-89.436343, 48.087227], [-89.436248, 48.087227], [-89.436039, 48.087296], [-89.435716, 48.087436], [-89.435278, 48.087645], [-89.434725, 48.087924], [-89.434257, 48.088128], [-89.433873, 48.088259], [-89.433573, 48.088315], [-89.433357, 48.088297], [-89.433185, 48.088297], [-89.433057, 48.088315], [-89.432973, 48.088351], [-89.432932, 48.088405], [-89.432824, 48.088445], [-89.432649, 48.088472], [-89.432407, 48.088486], [-89.432096, 48.088486], [-89.431854, 48.088499], [-89.431679, 48.088526], [-89.431571, 48.088567], [-89.43153, 48.088621], [-89.43147, 48.088655], [-89.431389, 48.088668], [-89.431288, 48.088661], [-89.431166, 48.088634]]]}}, {"type": "Feature", "properties": {"lead": 72, "temp": "t12"}, "geometry": {"type": "Polygon", "coordinates": [[[-89.428753, 48.088549], [-89.429094, 48.088499], [-89.429222, 48.08849], [-89.429138, 48.088522], [-89.428841, 48.088594], [-89.428555, 48.088652], [-89.428278, 48.088697], [-89.428012, 48.088729], [-89.427756, 48.088747], [-89.427702, 48.088738], [-89.42785, 48.088702], [-89.428201, 48.088639], [-89.428753, 48.088549]]]}}, {"type": "Feature", "properties": {"lead": 72, "temp": "t12"}, "geometry": {"type": "Polygon", "coordinates": [[[-89.427149, 48.0889], [-89.427109, 48.088864], [-89.427045, 48.088834], [-89.426957, 48.088812], [-89.426846, 48.088796], [-89.426711, 48.088787], [-89.426654, 48.08878], [-89.426674, 48.088776], [-89.426772, 48.088774], [-89.426947, 48.088774], [-89.427078, 48.088785], [-89.427166, 48.088807], [-89.42721, 48.088841], [-89.42721, 48.088886], [-89.4272, 48.088911], [-89.42718, 48.088915], [-89.427149, 48.0889]]]}}, {"type": "Feature", "properties": {"lead": 72, "temp": "t12"}, "geometry": {"type": "Polygon", "coordinates": [[[-89.413298, 48.05899], [-89.413383, 48.058846], [-89.413551, 48.058711], [-89.413804, 48.058585], [-89.414141, 48.058468], [-89.414427, 48.058396], [-89.414663, 48.058369], [-89.414849, 48.058387], [-89.414983, 48.05845], [-89.415084, 48.058475], [-89.415152, 48.058461], [-89.415186, 48.05841], [-89.415186, 48.05832], [-89.415219, 48.058245], [-89.415287, 48.058187], [-89.415388, 48.058144], [-89.415523, 48.058117], [-89.415634, 48.058077], [-89.415721, 48.058023], [-89.415785, 48.057955], [-89.415826, 48.057874], [-89.415876, 48.057818], [-89.415937, 48.057786], [-89.416008, 48.05778], [-89.416089, 48.057798], [-89.41617, 48.057784], [-89.416251, 48.057739], [-89.416331, 48.057663], [-89.416412, 48.057555], [-89.416422, 48.057467], [-89.416362, 48.057399], [-89.41623, 48.057352], [-89.416028, 48.057325], [-89.415725, 48.057339], [-89.41532, 48.057393], [-89.414815, 48.057487], [-89.414208, 48.057622], [-89.413753, 48.057678], [-89.41345, 48.057656], [-89.413298, 48.057555], [-89.413298, 48.057375], [-89.413447, 48.057213], [-89.413743, 48.057069], [-89.414188, 48.056943], [-89.414781, 48.056835], [-89.415293, 48.05676], [-89.415725, 48.05672], [-89.416075, 48.056713], [-89.416345, 48.05674], [-89.416594, 48.056799], [-89.416823, 48.056889], [-89.417032, 48.05701], [-89.417221, 48.057163], [-89.417353, 48.057316], [-89.417427, 48.057469], [-89.417444, 48.057622], [-89.417403, 48.057775], [-89.41712, 48.057975], [-89.416594, 48.058223], [-89.415826, 48.058518], [-89.414815, 48.05886], [-89.414057, 48.059078], [-89.413551, 48.059172], [-89.413298, 48.059143], [-89.413298, 48.05899]]]}}, {"type": "Feature", "properties": {"lead": 72, "temp": "t12"}, "geometry": {"type": "Polygon", "coordinates": [[[-89.413838, 48.065568], [-89.413848, 48.065548], [-89.413868, 48.065534], [-89.413898, 48.065528], [-89.413939, 48.065528], [-89.413959, 48.065534], [-89.413959, 48.065548], [-89.413939, 48.065568], [-89.413898, 48.065595], [-89.413868, 48.065609], [-89.413848, 48.065609], [-89.413838, 48.065595], [-89.413838, 48.065568]]]}}, {"type": "Feature", "properties": {"lead": 72, "temp": "t12"}, "geometry": {"type": "Polygon", "coordinates": [[[-89.413399, 48.068686], [-89.413359, 48.068488], [-89.413389, 48.068299], [-89.41349, 48.068119], [-89.413662, 48.067948], [-89.413905, 48.067786], [-89.414026, 48.067588], [-89.414026, 48.067354], [-89.413905, 48.067084], [-89.413662, 48.066778], [-89.41348, 48.066486], [-89.413359, 48.066207], [-89.413298, 48.065942], [-89.413298, 48.06569], [-89.413352, 48.065537], [-89.41346, 48.065483], [-89.413622, 48.065528], [-89.413838, 48.065672], [-89.41403, 48.065843], [-89.414198, 48.066041], [-89.414343, 48.066265], [-89.414464, 48.066517], [-89.414589, 48.066729], [-89.414717, 48.0669], [-89.414849, 48.06703], [-89.414983, 48.06712], [-89.415091, 48.067222], [-89.415172, 48.067334], [-89.415226, 48.067458], [-89.415253, 48.067593], [-89.415213, 48.067746], [-89.415105, 48.067917], [-89.414929, 48.068106], [-89.414687, 48.068312], [-89.414451, 48.06849], [-89.414222, 48.068639], [-89.413999, 48.068758], [-89.413784, 48.068848], [-89.413612, 48.068866], [-89.413484, 48.068812], [-89.413399, 48.068686]]]}}, {"type": "Feature", "properties": {"lead": 72, "temp": "t12"}, "geometry": {"type": "Polygon", "coordinates": [[[-89.422896, 48.073315], [-89.422492, 48.073279], [-89.422114, 48.073216], [-89.421764, 48.073126], [-89.42144, 48.073009], [-89.421147, 48.072921], [-89.420884, 48.072863], [-89.420652, 48.072834], [-89.42045, 48.072834], [-89.420231, 48.072795], [-89.419995, 48.072719], [-89.419742, 48.072604], [-89.419472, 48.072451], [-89.418909, 48.07231], [-89.418053, 48.072179], [-89.416904, 48.07206], [-89.415462, 48.071952], [-89.41438, 48.071839], [-89.413659, 48.071723], [-89.413298, 48.071601], [-89.413298, 48.071475], [-89.413386, 48.071378], [-89.413561, 48.071311], [-89.413824, 48.071273], [-89.414175, 48.071264], [-89.414488, 48.071273], [-89.414764, 48.0713], [-89.415004, 48.071345], [-89.415206, 48.071408], [-89.415401, 48.071448], [-89.41559, 48.071466], [-89.415772, 48.071462], [-89.415947, 48.071435], [-89.416079, 48.071428], [-89.416166, 48.071441], [-89.41621, 48.071475], [-89.41621, 48.071529], [-89.416244, 48.071576], [-89.416311, 48.071617], [-89.416412, 48.071651], [-89.416547, 48.071678], [-89.416692, 48.07168], [-89.416847, 48.071657], [-89.417012, 48.07161], [-89.417187, 48.071538], [-89.417359, 48.071486], [-89.417528, 48.071455], [-89.417693, 48.071444], [-89.417855, 48.071453], [-89.417986, 48.071484], [-89.418087, 48.071538], [-89.418158, 48.071615], [-89.418198, 48.071714], [-89.418293, 48.071788], [-89.418441, 48.071837], [-89.418643, 48.071862], [-89.418899, 48.071862], [-89.419125, 48.071882], [-89.419321, 48.071923], [-89.419486, 48.071983], [-89.419621, 48.072064], [-89.419742, 48.072118], [-89.41985, 48.072145], [-89.419944, 48.072145], [-89.420025, 48.072118], [-89.420086, 48.072112], [-89.420126, 48.072125], [-89.420146, 48.072159], [-89.420146, 48.072213], [-89.4202, 48.072253], [-89.420308, 48.07228], [-89.42047, 48.072294], [-89.420686, 48.072294], [-89.420911, 48.07233], [-89.421147, 48.072402], [-89.421393, 48.07251], [-89.421649, 48.072654], [-89.421939, 48.072768], [-89.422263, 48.072854], [-89.42262, 48.07291], [-89.423011, 48.072937], [-89.423304, 48.072946], [-89.423499, 48.072937], [-89.423597, 48.07291], [-89.423597, 48.072865], [-89.423695, 48.072816], [-89.42389, 48.072762], [-89.424184, 48.072703], [-89.424575, 48.07264], [-89.424878, 48.07255], [-89.425094, 48.072433], [-89.425222, 48.072289], [-89.425262, 48.072118], [-89.425356, 48.071954], [-89.425505, 48.071797], [-89.425707, 48.071646], [-89.425963, 48.071502], [-89.426229, 48.071385], [-89.426506, 48.071295], [-89.426792, 48.071232], [-89.427089, 48.071196], [-89.427375, 48.071126], [-89.427651, 48.071023], [-89.427918, 48.070886], [-89.428174, 48.070715], [-89.428453, 48.070573], [-89.428757, 48.070461], [-89.429084, 48.070377], [-89.429434, 48.070323], [-89.429694, 48.070267], [-89.429862, 48.070209], [-89.42994, 48.070148], [-89.429926, 48.070085], [-89.42994, 48.070047], [-89.42998, 48.070033], [-89.430047, 48.070045], [-89.430142, 48.070081], [-89.430213, 48.070099], [-89.43026, 48.070099], [-89.430283, 48.070081], [-89.430283, 48.070045], [-89.430327, 48.070011], [-89.430415, 48.069979], [-89.430546, 48.06995], [-89.430722, 48.069923], [-89.430853, 48.069885], [-89.430941, 48.069835], [-89.430984, 48.069775], [-89.430984, 48.069703], [-89.431001, 48.06966], [-89.431035, 48.069646], [-89.431085, 48.069662], [-89.431153, 48.069707], [-89.431237, 48.069723], [-89.431338, 48.069709], [-89.431456, 48.069667], [-89.431591, 48.069595], [-89.431749, 48.069552], [-89.431931, 48.069538], [-89.432137, 48.069554], [-89.432366, 48.069599], [-89.432548, 48.069615], [-89.432683, 48.069601], [-89.43277, 48.069559], [-89.432811, 48.069487], [-89.432841, 48.069451], [-89.432861, 48.069451], [-89.432872, 48.069487], [-89.432872, 48.069559], [-89.432912, 48.069613], [-89.432993, 48.069649], [-89.433114, 48.069667], [-89.433276, 48.069667], [-89.433397, 48.06968], [-89.433478, 48.069707], [-89.433519, 48.069748], [-89.433519, 48.069802], [-89.433546, 48.069817], [-89.4336, 48.069795], [-89.43368, 48.069734], [-89.433788, 48.069635], [-89.433876, 48.069586], [-89.433943, 48.069586], [-89.43399, 48.069635], [-89.434017, 48.069734], [-89.434176, 48.069808], [-89.434466, 48.069858], [-89.434887, 48.069883], [-89.43544, 48.069883], [-89.435851, 48.069921], [-89.43612, 48.069997], [-89.436248, 48.070112], [-89.436235, 48.070265], [-89.436127, 48.070375], [-89.435925, 48.070443], [-89.435628, 48.070467], [-89.435237, 48.070449], [-89.434853, 48.070413], [-89.434476, 48.070359], [-89.434105, 48.070287], [-89.433741, 48.070197], [-89.43333, 48.070143], [-89.432872, 48.070125], [-89.432366, 48.070143], [-89.431813, 48.070197], [-89.431099, 48.070332], [-89.430223, 48.070548], [-89.429185, 48.070845], [-89.427985, 48.071223], [-89.427068, 48.071561], [-89.426435, 48.071857], [-89.426084, 48.072114], [-89.426017, 48.07233], [-89.425845, 48.072534], [-89.425569, 48.072728], [-89.425188, 48.07291], [-89.424703, 48.073081], [-89.424231, 48.073207], [-89.423772, 48.073288], [-89.423328, 48.073324], [-89.422896, 48.073315]]]}}, {"type": "Feature", "properties": {"lead": 72, "temp": "t12"}, "geometry": {"type": "Polygon", "coordinates": [[[-89.423961, 48.089745], [-89.423621, 48.089716], [-89.423291, 48.089657], [-89.42297, 48.08957], [-89.42266, 48.089453], [-89.422418, 48.089345], [-89.422242, 48.089246], [-89.422135, 48.089156], [-89.422094, 48.089075], [-89.422044, 48.089014], [-89.421983, 48.088974], [-89.421912, 48.088954], [-89.421831, 48.088954], [-89.421653, 48.088866], [-89.421376, 48.088691], [-89.421002, 48.088427], [-89.42053, 48.088077], [-89.420123, 48.087721], [-89.419779, 48.087362], [-89.419499, 48.086997], [-89.419284, 48.086629], [-89.419122, 48.086309], [-89.419014, 48.086039], [-89.41896, 48.085819], [-89.41896, 48.085648], [-89.41898, 48.085491], [-89.419021, 48.085347], [-89.419081, 48.085216], [-89.419162, 48.0851], [-89.419277, 48.084989], [-89.419425, 48.084886], [-89.419607, 48.084789], [-89.419823, 48.084699], [-89.420018, 48.084645], [-89.420193, 48.084627], [-89.420348, 48.084645], [-89.420483, 48.084699], [-89.420605, 48.084719], [-89.420712, 48.084706], [-89.420807, 48.084659], [-89.420888, 48.084578], [-89.421036, 48.08449], [-89.421252, 48.084396], [-89.421535, 48.084294], [-89.421885, 48.084187], [-89.422158, 48.084083], [-89.422354, 48.083984], [-89.422472, 48.08389], [-89.422512, 48.0838], [-89.422573, 48.083719], [-89.422654, 48.083647], [-89.422755, 48.083584], [-89.422876, 48.08353], [-89.422957, 48.083474], [-89.422997, 48.083415], [-89.422997, 48.083354], [-89.422957, 48.083292], [-89.42295, 48.083231], [-89.422977, 48.083172], [-89.423038, 48.083116], [-89.423132, 48.083062], [-89.423173, 48.083004], [-89.423159, 48.082941], [-89.423092, 48.082873], [-89.42297, 48.082801], [-89.422886, 48.082736], [-89.422839, 48.082678], [-89.422829, 48.082626], [-89.422856, 48.082581], [-89.422822, 48.082527], [-89.422728, 48.082464], [-89.422573, 48.082392], [-89.422357, 48.082311], [-89.422037, 48.082264], [-89.421612, 48.08225], [-89.421083, 48.082271], [-89.42045, 48.082325], [-89.419974, 48.082379], [-89.419658, 48.082432], [-89.419499, 48.082486], [-89.419499, 48.08254], [-89.419466, 48.082574], [-89.419398, 48.082588], [-89.419297, 48.082581], [-89.419162, 48.082554], [-89.419041, 48.082547], [-89.418933, 48.082561], [-89.418839, 48.082594], [-89.418758, 48.082648], [-89.418663, 48.082689], [-89.418556, 48.082716], [-89.418434, 48.082729], [-89.4183, 48.082729], [-89.418185, 48.082747], [-89.418091, 48.082783], [-89.418016, 48.082837], [-89.417963, 48.082909], [-89.417807, 48.082981], [-89.417551, 48.083053], [-89.417194, 48.083125], [-89.416736, 48.083197], [-89.416389, 48.083262], [-89.416153, 48.083321], [-89.416028, 48.083372], [-89.416015, 48.083417], [-89.41589, 48.083485], [-89.415654, 48.083575], [-89.415307, 48.083687], [-89.414849, 48.083822], [-89.414505, 48.083935], [-89.414276, 48.084025], [-89.414161, 48.084092], [-89.414161, 48.084137], [-89.414141, 48.084166], [-89.4141, 48.08418], [-89.41404, 48.084178], [-89.413959, 48.08416], [-89.413895, 48.084157], [-89.413848, 48.084171], [-89.413817, 48.0842], [-89.413804, 48.084245], [-89.413763, 48.084274], [-89.413696, 48.084288], [-89.413602, 48.084285], [-89.41348, 48.084267], [-89.413389, 48.08422], [-89.413329, 48.084144], [-89.413298, 48.084038], [-89.413298, 48.083903], [-89.413379, 48.083782], [-89.413541, 48.083674], [-89.413784, 48.083579], [-89.414107, 48.083498], [-89.414441, 48.08339], [-89.414785, 48.083256], [-89.415138, 48.083094], [-89.415502, 48.082905], [-89.416092, 48.082693], [-89.416908, 48.082459], [-89.417949, 48.082203], [-89.419216, 48.081924], [-89.420207, 48.081715], [-89.420921, 48.081576], [-89.42136, 48.081506], [-89.421521, 48.081506], [-89.421761, 48.081542], [-89.422077, 48.081614], [-89.422472, 48.081722], [-89.422943, 48.081866], [-89.423321, 48.081996], [-89.423604, 48.082113], [-89.423793, 48.082217], [-89.423887, 48.082307], [-89.423958, 48.082408], [-89.424005, 48.08252], [-89.424029, 48.082644], [-89.424029, 48.082779], [-89.423992, 48.08295], [-89.423917, 48.083157], [-89.423806, 48.083399], [-89.423658, 48.083678], [-89.423442, 48.083932], [-89.423159, 48.084162], [-89.422809, 48.084366], [-89.422391, 48.084546], [-89.42198, 48.084697], [-89.421575, 48.084818], [-89.421178, 48.084911], [-89.420787, 48.084974], [-89.420429, 48.08507], [-89.420106, 48.085201], [-89.419816, 48.085365], [-89.41956, 48.085563], [-89.419381, 48.085756], [-89.41928, 48.085945], [-89.419257, 48.086129], [-89.419311, 48.086309], [-89.419395, 48.086489], [-89.419509, 48.086669], [-89.419654, 48.086849], [-89.41983, 48.087029], [-89.420123, 48.087263], [-89.420534, 48.087551], [-89.421063, 48.087892], [-89.42171, 48.088288], [-89.42235, 48.088598], [-89.422984, 48.088823], [-89.423611, 48.088963], [-89.424231, 48.089017], [-89.424757, 48.089041], [-89.425188, 48.089037], [-89.425525, 48.089003], [-89.425768, 48.08894], [-89.42599, 48.088922], [-89.426192, 48.088949], [-89.426374, 48.089021], [-89.426536, 48.089138], [-89.426536, 48.089253], [-89.426374, 48.089365], [-89.426051, 48.089475], [-89.425565, 48.089583], [-89.425114, 48.089664], [-89.424696, 48.089718], [-89.424312, 48.089745], [-89.423961, 48.089745]]]}}, {"type": "Feature", "properties": {"lead": 72, "temp": "t10"}, "geometry": {"type": "Polygon", "coordinates": [[[-89.42326, 48.065393], [-89.423102, 48.065359], [-89.42292, 48.065345], [-89.422714, 48.065352], [-89.422485, 48.065379], [-89.422296, 48.065386], [-89.422148, 48.065372], [-89.42204, 48.065339], [-89.421973, 48.065285], [-89.421848, 48.065255], [-89.421666, 48.065251], [-89.421427, 48.065271], [-89.42113, 48.065316], [-89.420884, 48.06533], [-89.420689, 48.065312], [-89.420544, 48.065262], [-89.42045, 48.065181], [-89.420295, 48.065107], [-89.420079, 48.065039], [-89.419803, 48.064979], [-89.419466, 48.064925], [-89.419061, 48.064826], [-89.418589, 48.064682], [-89.41805, 48.064493], [-89.417444, 48.064259], [-89.416958, 48.064083], [-89.416594, 48.063966], [-89.416352, 48.063908], [-89.41623, 48.063908], [-89.416139, 48.063888], [-89.416079, 48.063847], [-89.416048, 48.063786], [-89.416048, 48.063705], [-89.416011, 48.063638], [-89.415937, 48.063584], [-89.415826, 48.063543], [-89.415678, 48.063516], [-89.41557, 48.06348], [-89.415502, 48.063435], [-89.415475, 48.063381], [-89.415489, 48.063319], [-89.415459, 48.063265], [-89.415384, 48.06322], [-89.415266, 48.063184], [-89.415105, 48.063157], [-89.414929, 48.063166], [-89.414741, 48.063211], [-89.414539, 48.063292], [-89.414323, 48.063408], [-89.414117, 48.063489], [-89.413922, 48.063534], [-89.413736, 48.063543], [-89.413561, 48.063516], [-89.41343, 48.063462], [-89.413342, 48.063381], [-89.413298, 48.063274], [-89.413298, 48.063139], [-89.413396, 48.063037], [-89.413592, 48.06297], [-89.413885, 48.062936], [-89.414276, 48.062936], [-89.414798, 48.063017], [-89.415452, 48.063179], [-89.416237, 48.063422], [-89.417154, 48.063746], [-89.418104, 48.064043], [-89.419088, 48.064313], [-89.420106, 48.064556], [-89.421157, 48.064772], [-89.422182, 48.064882], [-89.423179, 48.064886], [-89.42415, 48.064785], [-89.425094, 48.064578], [-89.425923, 48.064416], [-89.426637, 48.064299], [-89.427237, 48.064227], [-89.427722, 48.0642], [-89.428174, 48.064149], [-89.428592, 48.064072], [-89.428976, 48.063971], [-89.429326, 48.063845], [-89.429748, 48.063726], [-89.43024, 48.063613], [-89.430802, 48.063507], [-89.431436, 48.063408], [-89.431992, 48.063303], [-89.432471, 48.06319], [-89.432872, 48.063071], [-89.433195, 48.062945], [-89.433495, 48.062851], [-89.433771, 48.062788], [-89.434024, 48.062756], [-89.434253, 48.062756], [-89.434459, 48.062727], [-89.434641, 48.062668], [-89.434799, 48.062581], [-89.434934, 48.062464], [-89.435153, 48.062324], [-89.435456, 48.062162], [-89.435844, 48.061978], [-89.436316, 48.061771], [-89.436757, 48.061602], [-89.437168, 48.061472], [-89.437549, 48.061379], [-89.4379, 48.061325], [-89.438206, 48.061296], [-89.438469, 48.061292], [-89.438688, 48.061312], [-89.438864, 48.061357], [-89.439022, 48.061415], [-89.439163, 48.061487], [-89.439288, 48.061573], [-89.439396, 48.061672], [-89.439477, 48.061784], [-89.439531, 48.06191], [-89.439558, 48.06205], [-89.439558, 48.062203], [-89.439527, 48.062344], [-89.439467, 48.062475], [-89.439376, 48.062594], [-89.439254, 48.062702], [-89.439217, 48.062794], [-89.439265, 48.062871], [-89.439396, 48.062932], [-89.439612, 48.062977], [-89.43979, 48.063026], [-89.439932, 48.06308], [-89.440036, 48.063139], [-89.440104, 48.063202], [-89.440225, 48.063251], [-89.4404, 48.063287], [-89.440629, 48.06331], [-89.440913, 48.063319], [-89.441212, 48.063289], [-89.441529, 48.063222], [-89.441863, 48.063116], [-89.442213, 48.062972], [-89.442534, 48.062819], [-89.442823, 48.062657], [-89.443083, 48.062486], [-89.443312, 48.062306], [-89.443686, 48.062095], [-89.444205, 48.061852], [-89.444869, 48.061577], [-89.445678, 48.061271], [-89.446493, 48.061035], [-89.447316, 48.060869], [-89.448145, 48.060772], [-89.44898, 48.060745], [-89.449776, 48.060695], [-89.450531, 48.060623], [-89.451245, 48.060529], [-89.451919, 48.060412], [-89.452455, 48.060304], [-89.452853, 48.060205], [-89.453112, 48.060115], [-89.453233, 48.060034], [-89.453257, 48.059953], [-89.453183, 48.059872], [-89.453011, 48.059791], [-89.452741, 48.05971], [-89.452539, 48.059595], [-89.452404, 48.059447], [-89.452337, 48.059264], [-89.452337, 48.059048], [-89.452398, 48.058871], [-89.452519, 48.058731], [-89.452701, 48.05863], [-89.452944, 48.058567], [-89.453193, 48.058473], [-89.453449, 48.058347], [-89.453712, 48.058189], [-89.453982, 48.058], [-89.454211, 48.057854], [-89.454399, 48.05775], [-89.454548, 48.05769], [-89.454656, 48.057672], [-89.454753, 48.057633], [-89.454841, 48.057575], [-89.454918, 48.057496], [-89.454986, 48.057397], [-89.455138, 48.057287], [-89.455373, 48.057165], [-89.455694, 48.057033], [-89.456098, 48.056889], [-89.456506, 48.056713], [-89.456917, 48.056506], [-89.457331, 48.056268], [-89.457749, 48.055998], [-89.458198, 48.055755], [-89.458676, 48.055539], [-89.459185, 48.05535], [-89.459724, 48.055188], [-89.460206, 48.055062], [-89.460631, 48.054972], [-89.460998, 48.054918], [-89.461308, 48.0549], [-89.461625, 48.054918], [-89.461948, 48.054972], [-89.462279, 48.055062], [-89.462616, 48.055188], [-89.462909, 48.055332], [-89.463158, 48.055494], [-89.463364, 48.055674], [-89.463526, 48.055872], [-89.463708, 48.05602], [-89.46391, 48.056119], [-89.464132, 48.056169], [-89.464375, 48.056169], [-89.464705, 48.056124], [-89.465123, 48.056034], [-89.465628, 48.055899], [-89.466222, 48.055719], [-89.466808, 48.05557], [-89.467388, 48.055453], [-89.467961, 48.055368], [-89.468527, 48.055314], [-89.468985, 48.055284], [-89.469336, 48.05528], [-89.469578, 48.0553], [-89.469713, 48.055345], [-89.469814, 48.055363], [-89.469881, 48.055354], [-89.469915, 48.055318], [-89.469915, 48.055255], [-89.469942, 48.055203], [-89.469996, 48.055163], [-89.470077, 48.055134], [-89.470185, 48.055116], [-89.470566, 48.055093], [-89.471219, 48.055066], [-89.472146, 48.055035], [-89.473346, 48.054999], [-89.474475, 48.054945], [-89.475533, 48.054873], [-89.47652, 48.054783], [-89.477437, 48.054675], [-89.478125, 48.05458], [-89.478583, 48.054499], [-89.478812, 48.054432], [-89.478812, 48.054378], [-89.47889, 48.05431], [-89.479045, 48.054229], [-89.479277, 48.054135], [-89.479587, 48.054027], [-89.479837, 48.053856], [-89.480025, 48.053622], [-89.480153, 48.053325], [-89.480221, 48.052965], [-89.480167, 48.052614], [-89.479992, 48.052272], [-89.479695, 48.051939], [-89.479277, 48.051615], [-89.47895, 48.051344], [-89.478714, 48.051128], [-89.478569, 48.050966], [-89.478516, 48.050858], [-89.478216, 48.050755], [-89.47767, 48.050656], [-89.476878, 48.050561], [-89.47584, 48.050471], [-89.474947, 48.05035], [-89.474198, 48.050197], [-89.473595, 48.050012], [-89.473137, 48.049796], [-89.472658, 48.049605], [-89.47216, 48.049439], [-89.471641, 48.049297], [-89.471101, 48.04918], [-89.470599, 48.049056], [-89.470134, 48.048925], [-89.469706, 48.048788], [-89.469315, 48.048644], [-89.468999, 48.0485], [-89.468756, 48.048356], [-89.468587, 48.048212], [-89.468493, 48.048068], [-89.468537, 48.04796], [-89.468719, 48.047888], [-89.469039, 48.047852], [-89.469329, 48.047852], [-89.469676, 48.047888], [-89.469979, 48.04796], [-89.470239, 48.048068], [-89.470454, 48.048212], [-89.470778, 48.048356], [-89.471209, 48.0485], [-89.471748, 48.048644], [-89.472396, 48.048788], [-89.472965, 48.048939], [-89.473457, 48.049097], [-89.473872, 48.049261], [-89.474209, 48.049432], [-89.474482, 48.049547], [-89.474691, 48.049605], [-89.474835, 48.049607], [-89.474916, 48.049553], [-89.474938, 48.049543], [-89.474943, 48.049544], [-89.475036, 48.049551], [-89.475038, 48.049553], [-89.475038, 48.049607], [-89.475081, 48.049655], [-89.475169, 48.049695], [-89.475301, 48.049729], [-89.475476, 48.049756], [-89.475681, 48.049769], [-89.475917, 48.049769], [-89.476183, 48.049756], [-89.47648, 48.049729], [-89.476726, 48.049722], [-89.47689, 48.049733], [-89.476928, 48.04976], [-89.477016, 48.049796], [-89.477127, 48.049823], [-89.477196, 48.049833], [-89.477316, 48.049864], [-89.477531, 48.049891], [-89.477808, 48.049904], [-89.478145, 48.049904], [-89.478462, 48.04994], [-89.478758, 48.050012], [-89.479027, 48.050117], [-89.479119, 48.050183], [-89.479247, 48.050255], [-89.479322, 48.050285], [-89.479506, 48.050408], [-89.479682, 48.050552], [-89.479816, 48.050696], [-89.479911, 48.05084], [-89.480012, 48.050948], [-89.48012, 48.05102], [-89.480232, 48.051056], [-89.480281, 48.051095], [-89.480369, 48.051124], [-89.480436, 48.051097], [-89.480473, 48.051112], [-89.480507, 48.051144], [-89.480538, 48.051232], [-89.480538, 48.051349], [-89.480585, 48.051459], [-89.480679, 48.051563], [-89.480821, 48.05166], [-89.48085, 48.051673], [-89.480868, 48.051702], [-89.480962, 48.051806], [-89.481057, 48.051862], [-89.481071, 48.051863], [-89.481127, 48.051968], [-89.481174, 48.052314], [-89.481151, 48.052789], [-89.481057, 48.053392], [-89.480922, 48.05388], [-89.480747, 48.054254], [-89.480531, 48.054513], [-89.480275, 48.054657], [-89.479975, 48.054792], [-89.479631, 48.054918], [-89.479243, 48.055035], [-89.478812, 48.055143], [-89.478489, 48.055239], [-89.478273, 48.055325], [-89.478165, 48.055399], [-89.478165, 48.055439], [-89.477757, 48.055499], [-89.477525, 48.055467], [-89.477333, 48.055449], [-89.477205, 48.055449], [-89.477141, 48.055467], [-89.477141, 48.055503], [-89.477043, 48.055536], [-89.476847, 48.055568], [-89.476554, 48.055597], [-89.476163, 48.055624], [-89.475644, 48.055644], [-89.474997, 48.055658], [-89.474222, 48.055665], [-89.473319, 48.055665], [-89.472503, 48.055685], [-89.471775, 48.055725], [-89.471135, 48.055786], [-89.470582, 48.055867], [-89.470124, 48.055921], [-89.46976, 48.055948], [-89.469491, 48.055948], [-89.469315, 48.055921], [-89.46913, 48.055908], [-89.468934, 48.055908], [-89.468729, 48.055921], [-89.468513, 48.055948], [-89.468351, 48.055977], [-89.468244, 48.056009], [-89.46819, 48.056043], [-89.46819, 48.056071], [-89.468028, 48.056083], [-89.467489, 48.056146], [-89.467212, 48.056194], [-89.467111, 48.0562], [-89.466683, 48.056263], [-89.466259, 48.056362], [-89.465837, 48.056497], [-89.46542, 48.056668], [-89.465015, 48.056796], [-89.464624, 48.056882], [-89.464247, 48.056925], [-89.463883, 48.056925], [-89.463549, 48.056846], [-89.463246, 48.056688], [-89.462973, 48.056452], [-89.46273, 48.056137], [-89.46242, 48.055901], [-89.462043, 48.055743], [-89.461598, 48.055665], [-89.461086, 48.055665], [-89.460658, 48.055685], [-89.460314, 48.055725], [-89.460054, 48.055786], [-89.459879, 48.055867], [-89.459748, 48.055944], [-89.45966, 48.056016], [-89.459616, 48.056083], [-89.459616, 48.056146], [-89.459562, 48.0562], [-89.459455, 48.056245], [-89.459293, 48.056281], [-89.459077, 48.056308], [-89.458905, 48.056351], [-89.458777, 48.056409], [-89.458693, 48.056484], [-89.458652, 48.056574], [-89.458568, 48.056648], [-89.45844, 48.056706], [-89.458268, 48.056749], [-89.458053, 48.056776], [-89.457773, 48.056868], [-89.457429, 48.057026], [-89.457021, 48.057249], [-89.45655, 48.057537], [-89.456078, 48.057795], [-89.455606, 48.058025], [-89.455134, 48.058225], [-89.454662, 48.058396], [-89.454319, 48.058554], [-89.454103, 48.058698], [-89.454015, 48.058828], [-89.454056, 48.058945], [-89.454103, 48.059028], [-89.454157, 48.059078], [-89.454217, 48.059093], [-89.454285, 48.059075], [-89.454362, 48.059087], [-89.45445, 48.059127], [-89.454548, 48.059197], [-89.454656, 48.059296], [-89.454736, 48.059393], [-89.45479, 48.059487], [-89.454817, 48.059579], [-89.454817, 48.059669], [-89.454763, 48.059786], [-89.454656, 48.05993], [-89.454494, 48.060101], [-89.454278, 48.060299], [-89.454073, 48.060455], [-89.453877, 48.060567], [-89.453692, 48.060637], [-89.453517, 48.060664], [-89.453382, 48.060695], [-89.453287, 48.060731], [-89.453233, 48.060772], [-89.45322, 48.060817], [-89.453173, 48.060846], [-89.453092, 48.06086], [-89.452977, 48.060857], [-89.452829, 48.060839], [-89.452694, 48.060844], [-89.452573, 48.060871], [-89.452465, 48.06092], [-89.452371, 48.060992], [-89.452131, 48.061067], [-89.451747, 48.061143], [-89.451218, 48.061222], [-89.450544, 48.061303], [-89.449981, 48.061364], [-89.44953, 48.061404], [-89.449189, 48.061424], [-89.44896, 48.061424], [-89.448768, 48.061409], [-89.448613, 48.061377], [-89.448495, 48.06133], [-89.448414, 48.061267], [-89.448343, 48.061233], [-89.448283, 48.061229], [-89.448232, 48.061253], [-89.448192, 48.061307], [-89.448128, 48.061341], [-89.44804, 48.061355], [-89.447929, 48.061348], [-89.447794, 48.061321], [-89.447609, 48.061339], [-89.447373, 48.061402], [-89.447086, 48.06151], [-89.446749, 48.061663], [-89.446476, 48.061775], [-89.446268, 48.061847], [-89.446123, 48.061879], [-89.446042, 48.06187], [-89.445957, 48.061885], [-89.44587, 48.061926], [-89.445779, 48.061991], [-89.445685, 48.062081], [-89.44557, 48.062155], [-89.445435, 48.062214], [-89.44528, 48.062257], [-89.445105, 48.062284], [-89.444855, 48.062376], [-89.444532, 48.062533], [-89.444134, 48.062756], [-89.443662, 48.063044], [-89.443258, 48.063267], [-89.442921, 48.063424], [-89.442651, 48.063516], [-89.442449, 48.063543], [-89.442294, 48.063577], [-89.442186, 48.063618], [-89.442126, 48.063665], [-89.442112, 48.063719], [-89.442082, 48.063753], [-89.442035, 48.063766], [-89.441971, 48.063759], [-89.44189, 48.063732], [-89.441829, 48.063726], [-89.441789, 48.063739], [-89.441769, 48.063773], [-89.441769, 48.063827], [-89.441748, 48.063861], [-89.441708, 48.063874], [-89.441647, 48.063867], [-89.441566, 48.06384], [-89.441506, 48.063834], [-89.441465, 48.063847], [-89.441445, 48.063881], [-89.441445, 48.063935], [-89.441391, 48.063971], [-89.441283, 48.063989], [-89.441121, 48.063989], [-89.440906, 48.063971], [-89.440744, 48.063948], [-89.440636, 48.063921], [-89.440582, 48.06389], [-89.440582, 48.063854], [-89.440549, 48.063836], [-89.440481, 48.063836], [-89.44038, 48.063854], [-89.440245, 48.06389], [-89.440144, 48.063901], [-89.440077, 48.063888], [-89.440043, 48.063849], [-89.440043, 48.063786], [-89.440006, 48.063746], [-89.439932, 48.063728], [-89.439821, 48.063732], [-89.439672, 48.063759], [-89.439558, 48.063759], [-89.439477, 48.063732], [-89.43943, 48.063678], [-89.439416, 48.063597], [-89.439329, 48.06353], [-89.439167, 48.063476], [-89.438931, 48.063435], [-89.438621, 48.063408], [-89.438402, 48.063366], [-89.438274, 48.063307], [-89.438237, 48.063233], [-89.438291, 48.063143], [-89.438297, 48.063069], [-89.438257, 48.06301], [-89.438169, 48.062968], [-89.438035, 48.062941], [-89.437937, 48.062898], [-89.437876, 48.062839], [-89.437853, 48.062765], [-89.437866, 48.062675], [-89.437917, 48.062601], [-89.438004, 48.062542], [-89.438129, 48.0625], [-89.438291, 48.062473], [-89.438422, 48.062423], [-89.438523, 48.062351], [-89.438594, 48.062257], [-89.438634, 48.06214], [-89.438621, 48.062045], [-89.438553, 48.061973], [-89.438432, 48.061924], [-89.438257, 48.061897], [-89.438031, 48.061926], [-89.437755, 48.062011], [-89.437428, 48.062153], [-89.43705, 48.062351], [-89.4367, 48.062515], [-89.436376, 48.062646], [-89.43608, 48.062743], [-89.43581, 48.062806], [-89.435598, 48.062878], [-89.435443, 48.062959], [-89.435345, 48.063049], [-89.435305, 48.063148], [-89.435231, 48.063211], [-89.435123, 48.063238], [-89.434981, 48.063229], [-89.434806, 48.063184], [-89.434671, 48.063168], [-89.434577, 48.063181], [-89.434523, 48.063224], [-89.434509, 48.063296], [-89.434425, 48.063348], [-89.43427, 48.063379], [-89.434044, 48.06339], [-89.433748, 48.063381], [-89.433519, 48.063395], [-89.433357, 48.063431], [-89.433263, 48.063489], [-89.433236, 48.06357], [-89.433185, 48.063618], [-89.433111, 48.063631], [-89.433013, 48.063611], [-89.432892, 48.063557], [-89.432804, 48.063541], [-89.43275, 48.063564], [-89.43273, 48.063624], [-89.432744, 48.063723], [-89.432673, 48.0638], [-89.432518, 48.063854], [-89.432278, 48.063885], [-89.431955, 48.063894], [-89.431706, 48.063915], [-89.43153, 48.063946], [-89.431429, 48.063989], [-89.431402, 48.064043], [-89.431358, 48.06407], [-89.431298, 48.06407], [-89.43122, 48.064043], [-89.431126, 48.063989], [-89.431038, 48.063969], [-89.430957, 48.063982], [-89.430883, 48.064029], [-89.430816, 48.06411], [-89.430684, 48.064173], [-89.430489, 48.064218], [-89.430229, 48.064245], [-89.429906, 48.064254], [-89.429643, 48.064281], [-89.429441, 48.064326], [-89.429299, 48.064389], [-89.429218, 48.06447], [-89.429124, 48.064524], [-89.429016, 48.064551], [-89.428895, 48.064551], [-89.42876, 48.064524], [-89.428639, 48.06452], [-89.428531, 48.064538], [-89.428437, 48.064578], [-89.428356, 48.064641], [-89.428261, 48.064693], [-89.428154, 48.064734], [-89.428032, 48.064763], [-89.427897, 48.064781], [-89.427786, 48.064774], [-89.427699, 48.064743], [-89.427635, 48.064686], [-89.427594, 48.064605], [-89.427544, 48.064545], [-89.427483, 48.064504], [-89.427412, 48.064484], [-89.427331, 48.064484], [-89.42726, 48.0645], [-89.4272, 48.064531], [-89.427149, 48.064578], [-89.427109, 48.064641], [-89.427055, 48.064689], [-89.426987, 48.06472], [-89.426907, 48.064736], [-89.426812, 48.064736], [-89.426741, 48.064749], [-89.426694, 48.064776], [-89.426671, 48.064817], [-89.426671, 48.064871], [-89.426533, 48.064911], [-89.426256, 48.064938], [-89.425842, 48.064952], [-89.425289, 48.064952], [-89.424874, 48.064967], [-89.424598, 48.064999], [-89.42446, 48.065046], [-89.42446, 48.065109], [-89.424436, 48.065156], [-89.424389, 48.065188], [-89.424318, 48.065204], [-89.424224, 48.065204], [-89.424153, 48.065217], [-89.424106, 48.065244], [-89.424083, 48.065285], [-89.424083, 48.065339], [-89.424052, 48.065372], [-89.423992, 48.065386], [-89.423901, 48.065379], [-89.423779, 48.065352], [-89.423688, 48.065345], [-89.423628, 48.065359], [-89.423597, 48.065393], [-89.423597, 48.065447], [-89.423564, 48.065474], [-89.423496, 48.065474], [-89.423395, 48.065447], [-89.42326, 48.065393]], [[-89.453153, 48.05912], [-89.453122, 48.059127], [-89.453102, 48.059141], [-89.453092, 48.059161], [-89.453092, 48.059188], [-89.453102, 48.059201], [-89.453122, 48.059201], [-89.453153, 48.059188], [-89.453193, 48.059161], [-89.453213, 48.059141], [-89.453213, 48.059127], [-89.453193, 48.05912], [-89.453153, 48.05912]], [[-89.453955, 48.058909], [-89.453924, 48.058896], [-89.453864, 48.058896], [-89.453773, 48.058909], [-89.453651, 48.058936], [-89.453591, 48.058956], [-89.453591, 48.05897], [-89.453651, 48.058976], [-89.453773, 48.058976], [-89.453864, 48.05897], [-89.453924, 48.058956], [-89.453955, 48.058936], [-89.453955, 48.058909]], [[-89.453597, 48.058833], [-89.453587, 48.058835], [-89.453581, 48.058839], [-89.453577, 48.058846], [-89.453577, 48.058855], [-89.453581, 48.05886], [-89.453587, 48.05886], [-89.453597, 48.058855], [-89.453611, 48.058846], [-89.453618, 48.058839], [-89.453618, 48.058835], [-89.453611, 48.058833], [-89.453597, 48.058833]], [[-89.453759, 48.058725], [-89.453749, 48.058727], [-89.453742, 48.058731], [-89.453739, 48.058738], [-89.453739, 48.058747], [-89.453742, 48.058752], [-89.453749, 48.058752], [-89.453759, 48.058747], [-89.453773, 48.058738], [-89.453779, 48.058731], [-89.453779, 48.058727], [-89.453773, 48.058725], [-89.453759, 48.058725]], [[-89.454083, 48.058509], [-89.454073, 48.058511], [-89.454066, 48.058515], [-89.454062, 48.058522], [-89.454062, 48.058531], [-89.454066, 48.058536], [-89.454073, 48.058536], [-89.454083, 48.058531], [-89.454096, 48.058522], [-89.454103, 48.058515], [-89.454103, 48.058511], [-89.454096, 48.058509], [-89.454083, 48.058509]]]}}, {"type": "Feature", "properties": {"lead": 72, "temp": "t10"}, "geometry": {"type": "Polygon", "coordinates": [[[-89.436484, 48.070049], [-89.436562, 48.069939], [-89.436717, 48.069853], [-89.436949, 48.069793], [-89.437259, 48.069757], [-89.437489, 48.069752], [-89.437637, 48.069779], [-89.437704, 48.069838], [-89.437691, 48.069928], [-89.437607, 48.070015], [-89.437451, 48.070101], [-89.437226, 48.070184], [-89.436929, 48.070265], [-89.436707, 48.070292], [-89.436558, 48.070265], [-89.436484, 48.070184], [-89.436484, 48.070049]]]}}, {"type": "Feature", "properties": {"lead": 72, "temp": "t10"}, "geometry": {"type": "Polygon", "coordinates": [[[-89.430695, 48.080755], [-89.430432, 48.080705], [-89.430216, 48.080633], [-89.430047, 48.080539], [-89.429926, 48.080422], [-89.429852, 48.080285], [-89.429825, 48.080127], [-89.429845, 48.07995], [-89.429913, 48.079752], [-89.430007, 48.079574], [-89.430128, 48.079417], [-89.430277, 48.07928], [-89.430452, 48.079163], [-89.430809, 48.07898], [-89.431348, 48.078733], [-89.43207, 48.07842], [-89.432973, 48.078043], [-89.433731, 48.077752], [-89.434344, 48.07755], [-89.434813, 48.077435], [-89.435136, 48.077408], [-89.435443, 48.077368], [-89.435733, 48.077314], [-89.436006, 48.077246], [-89.436262, 48.077165], [-89.436622, 48.077024], [-89.437088, 48.076821], [-89.437657, 48.076558], [-89.438331, 48.076234], [-89.439093, 48.075904], [-89.439942, 48.075566], [-89.440879, 48.075222], [-89.441903, 48.074871], [-89.442897, 48.074491], [-89.443861, 48.074082], [-89.444795, 48.073643], [-89.445698, 48.073176], [-89.446473, 48.072816], [-89.44712, 48.072564], [-89.447639, 48.07242], [-89.44803, 48.072384], [-89.448455, 48.072244], [-89.448913, 48.072001], [-89.449405, 48.071655], [-89.449931, 48.071205], [-89.450497, 48.070778], [-89.451104, 48.070373], [-89.451751, 48.069991], [-89.452438, 48.069631], [-89.45325, 48.069264], [-89.454187, 48.068891], [-89.455249, 48.06851], [-89.456435, 48.068124], [-89.457409, 48.067833], [-89.458171, 48.06764], [-89.45872, 48.067543], [-89.459057, 48.067543], [-89.45937, 48.067525], [-89.45966, 48.067489], [-89.459926, 48.067435], [-89.460169, 48.067363], [-89.460466, 48.067309], [-89.460816, 48.067273], [-89.46122, 48.067255], [-89.461679, 48.067255], [-89.462228, 48.067156], [-89.462868, 48.066958], [-89.4636, 48.066661], [-89.464422, 48.066265], [-89.465147, 48.065966], [-89.465773, 48.065764], [-89.466302, 48.065658], [-89.466734, 48.065649], [-89.467088, 48.065627], [-89.467364, 48.065591], [-89.467563, 48.065541], [-89.467684, 48.065478], [-89.467779, 48.065395], [-89.467846, 48.065291], [-89.467886, 48.065168], [-89.4679, 48.065024], [-89.467873, 48.064855], [-89.467806, 48.064662], [-89.467698, 48.064443], [-89.467549, 48.0642], [-89.467293, 48.064014], [-89.466929, 48.063883], [-89.466457, 48.063809], [-89.465878, 48.063791], [-89.465288, 48.06375], [-89.464688, 48.063687], [-89.464078, 48.063602], [-89.463458, 48.063494], [-89.462774, 48.063467], [-89.462026, 48.063521], [-89.461214, 48.063656], [-89.460337, 48.063872], [-89.459168, 48.06407], [-89.457705, 48.06425], [-89.45595, 48.064412], [-89.453901, 48.064556], [-89.452236, 48.064718], [-89.450955, 48.064898], [-89.450059, 48.065096], [-89.449547, 48.065312], [-89.449068, 48.065492], [-89.448623, 48.065636], [-89.448212, 48.065744], [-89.447835, 48.065816], [-89.447208, 48.065872], [-89.446332, 48.065912], [-89.445206, 48.065937], [-89.443831, 48.065946], [-89.442668, 48.066], [-89.441718, 48.066099], [-89.44098, 48.066243], [-89.440454, 48.066432], [-89.440104, 48.066666], [-89.439928, 48.066945], [-89.439928, 48.067269], [-89.440104, 48.067638], [-89.440235, 48.067966], [-89.440323, 48.068254], [-89.440367, 48.068501], [-89.440367, 48.068708], [-89.44035, 48.068884], [-89.440316, 48.069028], [-89.440265, 48.06914], [-89.440198, 48.069221], [-89.4401, 48.069273], [-89.439972, 48.069295], [-89.439814, 48.069289], [-89.439625, 48.069253], [-89.439504, 48.069255], [-89.43945, 48.069295], [-89.439463, 48.069374], [-89.439544, 48.069491], [-89.439541, 48.069604], [-89.439453, 48.069712], [-89.439281, 48.069815], [-89.439025, 48.069914], [-89.43882, 48.069948], [-89.438665, 48.069916], [-89.43856, 48.06982], [-89.438506, 48.069658], [-89.438527, 48.0695], [-89.438621, 48.069347], [-89.438789, 48.069199], [-89.439032, 48.069055], [-89.439214, 48.068904], [-89.439335, 48.068747], [-89.439396, 48.068582], [-89.439396, 48.068411], [-89.439372, 48.068263], [-89.439325, 48.068137], [-89.439254, 48.068034], [-89.43916, 48.067953], [-89.439079, 48.067833], [-89.439012, 48.067676], [-89.438958, 48.06748], [-89.438917, 48.067246], [-89.438874, 48.067071], [-89.438826, 48.066954], [-89.438776, 48.066895], [-89.438722, 48.066895], [-89.438685, 48.066846], [-89.438665, 48.066747], [-89.438661, 48.066598], [-89.438675, 48.0664], [-89.438715, 48.066229], [-89.438783, 48.066086], [-89.438877, 48.065969], [-89.438998, 48.065879], [-89.439143, 48.065811], [-89.439312, 48.065766], [-89.439504, 48.065744], [-89.43972, 48.065744], [-89.439969, 48.06571], [-89.440252, 48.065642], [-89.440569, 48.065541], [-89.440919, 48.065406], [-89.441526, 48.065296], [-89.442389, 48.06521], [-89.443507, 48.06515], [-89.444882, 48.065114], [-89.446008, 48.06506], [-89.446884, 48.064988], [-89.447511, 48.064898], [-89.447889, 48.06479], [-89.448205, 48.064716], [-89.448461, 48.064675], [-89.448657, 48.064668], [-89.448792, 48.064695], [-89.448923, 48.064686], [-89.449051, 48.064641], [-89.449176, 48.06456], [-89.449297, 48.064443], [-89.449452, 48.064342], [-89.449641, 48.064257], [-89.449863, 48.064187], [-89.45012, 48.064133], [-89.450443, 48.064092], [-89.450834, 48.064065], [-89.451292, 48.064052], [-89.451818, 48.064052], [-89.452243, 48.064029], [-89.452566, 48.063984], [-89.452789, 48.063917], [-89.45291, 48.063827], [-89.453227, 48.063746], [-89.453739, 48.063674], [-89.454447, 48.063611], [-89.45535, 48.063557], [-89.456111, 48.063523], [-89.456732, 48.06351], [-89.45721, 48.063516], [-89.457547, 48.063543], [-89.457867, 48.06355], [-89.458171, 48.063537], [-89.458457, 48.063503], [-89.458727, 48.063449], [-89.458949, 48.063393], [-89.459124, 48.063334], [-89.459252, 48.063274], [-89.459333, 48.063211], [-89.459414, 48.06317], [-89.459495, 48.063152], [-89.459576, 48.063157], [-89.459657, 48.063184], [-89.459761, 48.063184], [-89.459889, 48.063157], [-89.460041, 48.063103], [-89.460216, 48.063022], [-89.460445, 48.062945], [-89.460728, 48.062873], [-89.461065, 48.062806], [-89.461456, 48.062743], [-89.46176, 48.062704], [-89.461975, 48.062691], [-89.462103, 48.062702], [-89.462144, 48.062738], [-89.462282, 48.062765], [-89.462518, 48.062783], [-89.462852, 48.062792], [-89.463283, 48.062792], [-89.46367, 48.062812], [-89.464014, 48.062853], [-89.464314, 48.062914], [-89.46457, 48.062995], [-89.464921, 48.063055], [-89.465366, 48.063096], [-89.465905, 48.063116], [-89.466538, 48.063116], [-89.467081, 48.063152], [-89.467533, 48.063224], [-89.467893, 48.063332], [-89.468163, 48.063476], [-89.468395, 48.063699], [-89.468591, 48.064], [-89.468749, 48.06438], [-89.46887, 48.064839], [-89.468918, 48.065219], [-89.468891, 48.065521], [-89.46879, 48.065744], [-89.468614, 48.065888], [-89.468355, 48.066009], [-89.468011, 48.066108], [-89.467583, 48.066184], [-89.467071, 48.066238], [-89.466666, 48.066295], [-89.46637, 48.066353], [-89.466181, 48.066414], [-89.4661, 48.066477], [-89.465986, 48.066531], [-89.465837, 48.066576], [-89.465655, 48.066612], [-89.46544, 48.066639], [-89.465234, 48.066702], [-89.465039, 48.066801], [-89.464853, 48.066936], [-89.464678, 48.067107], [-89.464503, 48.067242], [-89.464328, 48.067341], [-89.464152, 48.067404], [-89.463977, 48.067431], [-89.463825, 48.067473], [-89.463697, 48.067532], [-89.463593, 48.067606], [-89.463512, 48.067696], [-89.463408, 48.067777], [-89.46328, 48.067849], [-89.463128, 48.067912], [-89.462953, 48.067966], [-89.462767, 48.068], [-89.462572, 48.068013], [-89.462366, 48.068007], [-89.462151, 48.06798], [-89.461958, 48.067966], [-89.46179, 48.067966], [-89.461645, 48.06798], [-89.461524, 48.068007], [-89.461433, 48.068043], [-89.461372, 48.068088], [-89.461342, 48.068142], [-89.461342, 48.068205], [-89.461332, 48.068243], [-89.461311, 48.068256], [-89.461281, 48.068245], [-89.461241, 48.068209], [-89.461123, 48.068182], [-89.460927, 48.068164], [-89.460654, 48.068155], [-89.460304, 48.068155], [-89.460041, 48.068164], [-89.459866, 48.068182], [-89.459778, 48.068209], [-89.459778, 48.068245], [-89.459714, 48.068272], [-89.459586, 48.06829], [-89.459394, 48.068299], [-89.459138, 48.068299], [-89.458925, 48.068312], [-89.458757, 48.068339], [-89.458632, 48.06838], [-89.458551, 48.068434], [-89.458447, 48.068474], [-89.458319, 48.068501], [-89.458167, 48.068515], [-89.457992, 48.068515], [-89.457786, 48.068551], [-89.45755, 48.068623], [-89.457284, 48.068731], [-89.456988, 48.068875], [-89.456732, 48.068983], [-89.456516, 48.069055], [-89.456341, 48.069091], [-89.456206, 48.069091], [-89.456031, 48.069127], [-89.455815, 48.069199], [-89.455559, 48.069307], [-89.455262, 48.069451], [-89.454966, 48.069572], [-89.454669, 48.069671], [-89.454373, 48.069748], [-89.454076, 48.069802], [-89.453843, 48.069858], [-89.453675, 48.069916], [-89.45357, 48.069977], [-89.45353, 48.07004], [-89.453446, 48.070101], [-89.453318, 48.070159], [-89.453146, 48.070215], [-89.45293, 48.070269], [-89.452681, 48.070359], [-89.452398, 48.070485], [-89.452081, 48.070647], [-89.45173, 48.070845], [-89.451393, 48.071066], [-89.45107, 48.071309], [-89.45076, 48.071574], [-89.450463, 48.071862], [-89.450187, 48.0721], [-89.449931, 48.072289], [-89.449695, 48.072429], [-89.449479, 48.072519], [-89.449324, 48.0726], [-89.44923, 48.072672], [-89.449196, 48.072735], [-89.449223, 48.072789], [-89.449226, 48.072838], [-89.449206, 48.072883], [-89.449162, 48.072924], [-89.449095, 48.07296], [-89.449011, 48.072978], [-89.44891, 48.072978], [-89.448792, 48.07296], [-89.448657, 48.072924], [-89.448536, 48.072912], [-89.448428, 48.072926], [-89.448333, 48.072964], [-89.448252, 48.073027], [-89.448104, 48.073088], [-89.447889, 48.073146], [-89.447605, 48.073203], [-89.447255, 48.073256], [-89.446942, 48.073333], [-89.446665, 48.073432], [-89.446426, 48.073553], [-89.446224, 48.073697], [-89.446048, 48.073805], [-89.4459, 48.073877], [-89.445779, 48.073913], [-89.445685, 48.073913], [-89.445604, 48.073931], [-89.445536, 48.073967], [-89.445482, 48.074021], [-89.445442, 48.074093], [-89.445378, 48.074149], [-89.44529, 48.07419], [-89.445179, 48.074215], [-89.445044, 48.074224], [-89.444903, 48.074266], [-89.444754, 48.074343], [-89.444599, 48.074453], [-89.444438, 48.074597], [-89.444293, 48.074705], [-89.444165, 48.074777], [-89.444053, 48.074813], [-89.443959, 48.074813], [-89.443868, 48.074835], [-89.44378, 48.07488], [-89.443696, 48.074948], [-89.443615, 48.075038], [-89.443501, 48.075119], [-89.443352, 48.075191], [-89.44317, 48.075254], [-89.442955, 48.075308], [-89.442773, 48.075371], [-89.442625, 48.075443], [-89.44251, 48.075524], [-89.442429, 48.075614], [-89.442335, 48.075681], [-89.442227, 48.075726], [-89.442106, 48.075749], [-89.441971, 48.075749], [-89.441839, 48.075771], [-89.441711, 48.075816], [-89.441587, 48.075884], [-89.441465, 48.075973], [-89.441256, 48.076068], [-89.44096, 48.076167], [-89.440576, 48.07627], [-89.440104, 48.076378], [-89.439736, 48.076475], [-89.439474, 48.07656], [-89.439315, 48.076635], [-89.439261, 48.076698], [-89.439147, 48.076765], [-89.438971, 48.076837], [-89.438735, 48.076914], [-89.438439, 48.076995], [-89.438206, 48.077071], [-89.438038, 48.077143], [-89.437933, 48.07721], [-89.437893, 48.077273], [-89.437788, 48.077341], [-89.43762, 48.077413], [-89.437387, 48.077489], [-89.437091, 48.07757], [-89.436858, 48.077647], [-89.43669, 48.077719], [-89.436585, 48.077786], [-89.436545, 48.077849], [-89.436363, 48.077923], [-89.436039, 48.078009], [-89.435574, 48.078106], [-89.434968, 48.078214], [-89.434503, 48.07831], [-89.434179, 48.078396], [-89.433997, 48.07847], [-89.433957, 48.078533], [-89.433744, 48.078643], [-89.43336, 48.078801], [-89.432804, 48.079005], [-89.432076, 48.079257], [-89.431497, 48.079468], [-89.431065, 48.079639], [-89.430782, 48.07977], [-89.430647, 48.07986], [-89.430546, 48.079941], [-89.430479, 48.080013], [-89.430445, 48.080076], [-89.430445, 48.08013], [-89.430469, 48.080163], [-89.430516, 48.080177], [-89.430587, 48.08017], [-89.430681, 48.080143], [-89.430752, 48.080141], [-89.430799, 48.080163], [-89.430823, 48.080211], [-89.430823, 48.080283], [-89.430843, 48.080319], [-89.430883, 48.080319], [-89.430944, 48.080283], [-89.431025, 48.080211], [-89.431139, 48.080148], [-89.431288, 48.080094], [-89.43147, 48.080049], [-89.431685, 48.080013], [-89.431921, 48.079995], [-89.432177, 48.079995], [-89.432454, 48.080013], [-89.43275, 48.080049], [-89.432973, 48.080055], [-89.433121, 48.080033], [-89.433195, 48.079981], [-89.433195, 48.0799], [-89.433239, 48.079846], [-89.433327, 48.079819], [-89.433458, 48.079819], [-89.433633, 48.079846], [-89.433808, 48.079837], [-89.433984, 48.079792], [-89.434159, 48.079711], [-89.434334, 48.079594], [-89.43452, 48.079543], [-89.434715, 48.079556], [-89.434921, 48.079635], [-89.435136, 48.079779], [-89.435049, 48.079938], [-89.434658, 48.080114], [-89.433963, 48.080305], [-89.432966, 48.080512], [-89.43214, 48.08066], [-89.431487, 48.08075], [-89.431005, 48.080782], [-89.430695, 48.080755]]]}}, {"type": "Feature", "properties": {"lead": 72, "temp": "t10"}, "geometry": {"type": "Polygon", "coordinates": [[[-89.431075, 48.088601], [-89.431015, 48.08856], [-89.430984, 48.088513], [-89.430984, 48.088459], [-89.430947, 48.088416], [-89.430873, 48.088385], [-89.430762, 48.088365], [-89.430614, 48.088356], [-89.430614, 48.088342], [-89.430762, 48.088324], [-89.431059, 48.088302], [-89.431503, 48.088275], [-89.432147, 48.088137], [-89.43299, 48.08789], [-89.434031, 48.087533], [-89.435271, 48.087065], [-89.436201, 48.086739], [-89.436821, 48.086554], [-89.437131, 48.086512], [-89.437131, 48.086611], [-89.437091, 48.086714], [-89.43701, 48.086822], [-89.436889, 48.086934], [-89.436727, 48.087051], [-89.436582, 48.087139], [-89.436454, 48.087197], [-89.436343, 48.087227], [-89.436248, 48.087227], [-89.436039, 48.087296], [-89.435716, 48.087436], [-89.435278, 48.087645], [-89.434725, 48.087924], [-89.434257, 48.088128], [-89.433873, 48.088259], [-89.433573, 48.088315], [-89.433357, 48.088297], [-89.433185, 48.088297], [-89.433057, 48.088315], [-89.432973, 48.088351], [-89.432932, 48.088405], [-89.432824, 48.088445], [-89.432649, 48.088472], [-89.432407, 48.088486], [-89.432096, 48.088486], [-89.431854, 48.088499], [-89.431679, 48.088526], [-89.431571, 48.088567], [-89.43153, 48.088621], [-89.43147, 48.088655], [-89.431389, 48.088668], [-89.431288, 48.088661], [-89.431166, 48.088634], [-89.431075, 48.088601]]]}}, {"type": "Feature", "properties": {"lead": 72, "temp": "t10"}, "geometry": {"type": "Polygon", "coordinates": [[[-89.429094, 48.088499], [-89.429222, 48.08849], [-89.429138, 48.088522], [-89.428841, 48.088594], [-89.428555, 48.088652], [-89.428278, 48.088697], [-89.428012, 48.088729], [-89.427756, 48.088747], [-89.427702, 48.088738], [-89.42785, 48.088702], [-89.428201, 48.088639], [-89.428753, 48.088549], [-89.429094, 48.088499]]]}}, {"type": "Feature", "properties": {"lead": 72, "temp": "t10"}, "geometry": {"type": "Polygon", "coordinates": [[[-89.427109, 48.088864], [-89.427045, 48.088834], [-89.426957, 48.088812], [-89.426846, 48.088796], [-89.426711, 48.088787], [-89.426654, 48.08878], [-89.426674, 48.088776], [-89.426772, 48.088774], [-89.426947, 48.088774], [-89.427078, 48.088785], [-89.427166, 48.088807], [-89.42721, 48.088841], [-89.42721, 48.088886], [-89.4272, 48.088911], [-89.42718, 48.088915], [-89.427149, 48.0889], [-89.427109, 48.088864]]]}}, {"type": "Feature", "properties": {"lead": 72, "temp": "t10"}, "geometry": {"type": "Polygon", "coordinates": [[[-89.413383, 48.058846], [-89.413551, 48.058711], [-89.413804, 48.058585], [-89.414141, 48.058468], [-89.414427, 48.058396], [-89.414663, 48.058369], [-89.414849, 48.058387], [-89.414983, 48.05845], [-89.415084, 48.058475], [-89.415152, 48.058461], [-89.415186, 48.05841], [-89.415186, 48.05832], [-89.415219, 48.058245], [-89.415287, 48.058187], [-89.415388, 48.058144], [-89.415523, 48.058117], [-89.415634, 48.058077], [-89.415721, 48.058023], [-89.415785, 48.057955], [-89.415826, 48.057874], [-89.415876, 48.057818], [-89.415937, 48.057786], [-89.416008, 48.05778], [-89.416089, 48.057798], [-89.41617, 48.057784], [-89.416251, 48.057739], [-89.416331, 48.057663], [-89.416412, 48.057555], [-89.416422, 48.057467], [-89.416362, 48.057399], [-89.41623, 48.057352], [-89.416028, 48.057325], [-89.415725, 48.057339], [-89.41532, 48.057393], [-89.414815, 48.057487], [-89.414208, 48.057622], [-89.413753, 48.057678], [-89.41345, 48.057656], [-89.413298, 48.057555], [-89.413298, 48.057375], [-89.413447, 48.057213], [-89.413743, 48.057069], [-89.414188, 48.056943], [-89.414781, 48.056835], [-89.415293, 48.05676], [-89.415725, 48.05672], [-89.416075, 48.056713], [-89.416345, 48.05674], [-89.416594, 48.056799], [-89.416823, 48.056889], [-89.417032, 48.05701], [-89.417221, 48.057163], [-89.417353, 48.057316], [-89.417427, 48.057469], [-89.417444, 48.057622], [-89.417403, 48.057775], [-89.41712, 48.057975], [-89.416594, 48.058223], [-89.415826, 48.058518], [-89.414815, 48.05886], [-89.414057, 48.059078], [-89.413551, 48.059172], [-89.413298, 48.059143], [-89.413298, 48.05899], [-89.413383, 48.058846]]]}}, {"type": "Feature", "properties": {"lead": 72, "temp": "t10"}, "geometry": {"type": "Polygon", "coordinates": [[[-89.413848, 48.065548], [-89.413868, 48.065534], [-89.413898, 48.065528], [-89.413939, 48.065528], [-89.413959, 48.065534], [-89.413959, 48.065548], [-89.413939, 48.065568], [-89.413898, 48.065595], [-89.413868, 48.065609], [-89.413848, 48.065609], [-89.413838, 48.065595], [-89.413838, 48.065568], [-89.413848, 48.065548]]]}}, {"type": "Feature", "properties": {"lead": 72, "temp": "t10"}, "geometry": {"type": "Polygon", "coordinates": [[[-89.413359, 48.068488], [-89.413389, 48.068299], [-89.41349, 48.068119], [-89.413662, 48.067948], [-89.413905, 48.067786], [-89.414026, 48.067588], [-89.414026, 48.067354], [-89.413905, 48.067084], [-89.413662, 48.066778], [-89.41348, 48.066486], [-89.413359, 48.066207], [-89.413298, 48.065942], [-89.413298, 48.06569], [-89.413352, 48.065537], [-89.41346, 48.065483], [-89.413622, 48.065528], [-89.413838, 48.065672], [-89.41403, 48.065843], [-89.414198, 48.066041], [-89.414343, 48.066265], [-89.414464, 48.066517], [-89.414589, 48.066729], [-89.414717, 48.0669], [-89.414849, 48.06703], [-89.414983, 48.06712], [-89.415091, 48.067222], [-89.415172, 48.067334], [-89.415226, 48.067458], [-89.415253, 48.067593], [-89.415213, 48.067746], [-89.415105, 48.067917], [-89.414929, 48.068106], [-89.414687, 48.068312], [-89.414451, 48.06849], [-89.414222, 48.068639], [-89.413999, 48.068758], [-89.413784, 48.068848], [-89.413612, 48.068866], [-89.413484, 48.068812], [-89.413399, 48.068686], [-89.413359, 48.068488]]]}}, {"type": "Feature", "properties": {"lead": 72, "temp": "t10"}, "geometry": {"type": "Polygon", "coordinates": [[[-89.422492, 48.073279], [-89.422114, 48.073216], [-89.421764, 48.073126], [-89.42144, 48.073009], [-89.421147, 48.072921], [-89.420884, 48.072863], [-89.420652, 48.072834], [-89.42045, 48.072834], [-89.420231, 48.072795], [-89.419995, 48.072719], [-89.419742, 48.072604], [-89.419472, 48.072451], [-89.418909, 48.07231], [-89.418053, 48.072179], [-89.416904, 48.07206], [-89.415462, 48.071952], [-89.41438, 48.071839], [-89.413659, 48.071723], [-89.413298, 48.071601], [-89.413298, 48.071475], [-89.413386, 48.071378], [-89.413561, 48.071311], [-89.413824, 48.071273], [-89.414175, 48.071264], [-89.414488, 48.071273], [-89.414764, 48.0713], [-89.415004, 48.071345], [-89.415206, 48.071408], [-89.415401, 48.071448], [-89.41559, 48.071466], [-89.415772, 48.071462], [-89.415947, 48.071435], [-89.416079, 48.071428], [-89.416166, 48.071441], [-89.41621, 48.071475], [-89.41621, 48.071529], [-89.416244, 48.071576], [-89.416311, 48.071617], [-89.416412, 48.071651], [-89.416547, 48.071678], [-89.416692, 48.07168], [-89.416847, 48.071657], [-89.417012, 48.07161], [-89.417187, 48.071538], [-89.417359, 48.071486], [-89.417528, 48.071455], [-89.417693, 48.071444], [-89.417855, 48.071453], [-89.417986, 48.071484], [-89.418087, 48.071538], [-89.418158, 48.071615], [-89.418198, 48.071714], [-89.418293, 48.071788], [-89.418441, 48.071837], [-89.418643, 48.071862], [-89.418899, 48.071862], [-89.419125, 48.071882], [-89.419321, 48.071923], [-89.419486, 48.071983], [-89.419621, 48.072064], [-89.419742, 48.072118], [-89.41985, 48.072145], [-89.419944, 48.072145], [-89.420025, 48.072118], [-89.420086, 48.072112], [-89.420126, 48.072125], [-89.420146, 48.072159], [-89.420146, 48.072213], [-89.4202, 48.072253], [-89.420308, 48.07228], [-89.42047, 48.072294], [-89.420686, 48.072294], [-89.420911, 48.07233], [-89.421147, 48.072402], [-89.421393, 48.07251], [-89.421649, 48.072654], [-89.421939, 48.072768], [-89.422263, 48.072854], [-89.42262, 48.07291], [-89.423011, 48.072937], [-89.423304, 48.072946], [-89.423499, 48.072937], [-89.423597, 48.07291], [-89.423597, 48.072865], [-89.423695, 48.072816], [-89.42389, 48.072762], [-89.424184, 48.072703], [-89.424575, 48.07264], [-89.424878, 48.07255], [-89.425094, 48.072433], [-89.425222, 48.072289], [-89.425262, 48.072118], [-89.425356, 48.071954], [-89.425505, 48.071797], [-89.425707, 48.071646], [-89.425963, 48.071502], [-89.426229, 48.071385], [-89.426506, 48.071295], [-89.426792, 48.071232], [-89.427089, 48.071196], [-89.427375, 48.071126], [-89.427651, 48.071023], [-89.427918, 48.070886], [-89.428174, 48.070715], [-89.428453, 48.070573], [-89.428757, 48.070461], [-89.429084, 48.070377], [-89.429434, 48.070323], [-89.429694, 48.070267], [-89.429862, 48.070209], [-89.42994, 48.070148], [-89.429926, 48.070085], [-89.42994, 48.070047], [-89.42998, 48.070033], [-89.430047, 48.070045], [-89.430142, 48.070081], [-89.430213, 48.070099], [-89.43026, 48.070099], [-89.430283, 48.070081], [-89.430283, 48.070045], [-89.430327, 48.070011], [-89.430415, 48.069979], [-89.430546, 48.06995], [-89.430722, 48.069923], [-89.430853, 48.069885], [-89.430941, 48.069835], [-89.430984, 48.069775], [-89.430984, 48.069703], [-89.431001, 48.06966], [-89.431035, 48.069646], [-89.431085, 48.069662], [-89.431153, 48.069707], [-89.431237, 48.069723], [-89.431338, 48.069709], [-89.431456, 48.069667], [-89.431591, 48.069595], [-89.431749, 48.069552], [-89.431931, 48.069538], [-89.432137, 48.069554], [-89.432366, 48.069599], [-89.432548, 48.069615], [-89.432683, 48.069601], [-89.43277, 48.069559], [-89.432811, 48.069487], [-89.432841, 48.069451], [-89.432861, 48.069451], [-89.432872, 48.069487], [-89.432872, 48.069559], [-89.432912, 48.069613], [-89.432993, 48.069649], [-89.433114, 48.069667], [-89.433276, 48.069667], [-89.433397, 48.06968], [-89.433478, 48.069707], [-89.433519, 48.069748], [-89.433519, 48.069802], [-89.433546, 48.069817], [-89.4336, 48.069795], [-89.43368, 48.069734], [-89.433788, 48.069635], [-89.433876, 48.069586], [-89.433943, 48.069586], [-89.43399, 48.069635], [-89.434017, 48.069734], [-89.434176, 48.069808], [-89.434466, 48.069858], [-89.434887, 48.069883], [-89.43544, 48.069883], [-89.435851, 48.069921], [-89.43612, 48.069997], [-89.436248, 48.070112], [-89.436235, 48.070265], [-89.436127, 48.070375], [-89.435925, 48.070443], [-89.435628, 48.070467], [-89.435237, 48.070449], [-89.434853, 48.070413], [-89.434476, 48.070359], [-89.434105, 48.070287], [-89.433741, 48.070197], [-89.43333, 48.070143], [-89.432872, 48.070125], [-89.432366, 48.070143], [-89.431813, 48.070197], [-89.431099, 48.070332], [-89.430223, 48.070548], [-89.429185, 48.070845], [-89.427985, 48.071223], [-89.427068, 48.071561], [-89.426435, 48.071857], [-89.426084, 48.072114], [-89.426017, 48.07233], [-89.425845, 48.072534], [-89.425569, 48.072728], [-89.425188, 48.07291], [-89.424703, 48.073081], [-89.424231, 48.073207], [-89.423772, 48.073288], [-89.423328, 48.073324], [-89.422896, 48.073315], [-89.422492, 48.073279]]]}}, {"type": "Feature", "properties": {"lead": 72, "temp": "t10"}, "geometry": {"type": "Polygon", "coordinates": [[[-89.423621, 48.089716], [-89.423291, 48.089657], [-89.42297, 48.08957], [-89.42266, 48.089453], [-89.422418, 48.089345], [-89.422242, 48.089246], [-89.422135, 48.089156], [-89.422094, 48.089075], [-89.422044, 48.089014], [-89.421983, 48.088974], [-89.421912, 48.088954], [-89.421831, 48.088954], [-89.421653, 48.088866], [-89.421376, 48.088691], [-89.421002, 48.088427], [-89.42053, 48.088077], [-89.420123, 48.087721], [-89.419779, 48.087362], [-89.419499, 48.086997], [-89.419284, 48.086629], [-89.419122, 48.086309], [-89.419014, 48.086039], [-89.41896, 48.085819], [-89.41896, 48.085648], [-89.41898, 48.085491], [-89.419021, 48.085347], [-89.419081, 48.085216], [-89.419162, 48.0851], [-89.419277, 48.084989], [-89.419425, 48.084886], [-89.419607, 48.084789], [-89.419823, 48.084699], [-89.420018, 48.084645], [-89.420193, 48.084627], [-89.420348, 48.084645], [-89.420483, 48.084699], [-89.420605, 48.084719], [-89.420712, 48.084706], [-89.420807, 48.084659], [-89.420888, 48.084578], [-89.421036, 48.08449], [-89.421252, 48.084396], [-89.421535, 48.084294], [-89.421885, 48.084187], [-89.422158, 48.084083], [-89.422354, 48.083984], [-89.422472, 48.08389], [-89.422512, 48.0838], [-89.422573, 48.083719], [-89.422654, 48.083647], [-89.422755, 48.083584], [-89.422876, 48.08353], [-89.422957, 48.083474], [-89.422997, 48.083415], [-89.422997, 48.083354], [-89.422957, 48.083292], [-89.42295, 48.083231], [-89.422977, 48.083172], [-89.423038, 48.083116], [-89.423132, 48.083062], [-89.423173, 48.083004], [-89.423159, 48.082941], [-89.423092, 48.082873], [-89.42297, 48.082801], [-89.422886, 48.082736], [-89.422839, 48.082678], [-89.422829, 48.082626], [-89.422856, 48.082581], [-89.422822, 48.082527], [-89.422728, 48.082464], [-89.422573, 48.082392], [-89.422357, 48.082311], [-89.422037, 48.082264], [-89.421612, 48.08225], [-89.421083, 48.082271], [-89.42045, 48.082325], [-89.419974, 48.082379], [-89.419658, 48.082432], [-89.419499, 48.082486], [-89.419499, 48.08254], [-89.419466, 48.082574], [-89.419398, 48.082588], [-89.419297, 48.082581], [-89.419162, 48.082554], [-89.419041, 48.082547], [-89.418933, 48.082561], [-89.418839, 48.082594], [-89.418758, 48.082648], [-89.418663, 48.082689], [-89.418556, 48.082716], [-89.418434, 48.082729], [-89.4183, 48.082729], [-89.418185, 48.082747], [-89.418091, 48.082783], [-89.418016, 48.082837], [-89.417963, 48.082909], [-89.417807, 48.082981], [-89.417551, 48.083053], [-89.417194, 48.083125], [-89.416736, 48.083197], [-89.416389, 48.083262], [-89.416153, 48.083321], [-89.416028, 48.083372], [-89.416015, 48.083417], [-89.41589, 48.083485], [-89.415654, 48.083575], [-89.415307, 48.083687], [-89.414849, 48.083822], [-89.414505, 48.083935], [-89.414276, 48.084025], [-89.414161, 48.084092], [-89.414161, 48.084137], [-89.414141, 48.084166], [-89.4141, 48.08418], [-89.41404, 48.084178], [-89.413959, 48.08416], [-89.413895, 48.084157], [-89.413848, 48.084171], [-89.413817, 48.0842], [-89.413804, 48.084245], [-89.413763, 48.084274], [-89.413696, 48.084288], [-89.413602, 48.084285], [-89.41348, 48.084267], [-89.413389, 48.08422], [-89.413329, 48.084144], [-89.413298, 48.084038], [-89.413298, 48.083903], [-89.413379, 48.083782], [-89.413541, 48.083674], [-89.413784, 48.083579], [-89.414107, 48.083498], [-89.414441, 48.08339], [-89.414785, 48.083256], [-89.415138, 48.083094], [-89.415502, 48.082905], [-89.416092, 48.082693], [-89.416908, 48.082459], [-89.417949, 48.082203], [-89.419216, 48.081924], [-89.420207, 48.081715], [-89.420921, 48.081576], [-89.42136, 48.081506], [-89.421521, 48.081506], [-89.421761, 48.081542], [-89.422077, 48.081614], [-89.422472, 48.081722], [-89.422943, 48.081866], [-89.423321, 48.081996], [-89.423604, 48.082113], [-89.423793, 48.082217], [-89.423887, 48.082307], [-89.423958, 48.082408], [-89.424005, 48.08252], [-89.424029, 48.082644], [-89.424029, 48.082779], [-89.423992, 48.08295], [-89.423917, 48.083157], [-89.423806, 48.083399], [-89.423658, 48.083678], [-89.423442, 48.083932], [-89.423159, 48.084162], [-89.422809, 48.084366], [-89.422391, 48.084546], [-89.42198, 48.084697], [-89.421575, 48.084818], [-89.421178, 48.084911], [-89.420787, 48.084974], [-89.420429, 48.08507], [-89.420106, 48.085201], [-89.419816, 48.085365], [-89.41956, 48.085563], [-89.419381, 48.085756], [-89.41928, 48.085945], [-89.419257, 48.086129], [-89.419311, 48.086309], [-89.419395, 48.086489], [-89.419509, 48.086669], [-89.419654, 48.086849], [-89.41983, 48.087029], [-89.420123, 48.087263], [-89.420534, 48.087551], [-89.421063, 48.087892], [-89.42171, 48.088288], [-89.42235, 48.088598], [-89.422984, 48.088823], [-89.423611, 48.088963], [-89.424231, 48.089017], [-89.424757, 48.089041], [-89.425188, 48.089037], [-89.425525, 48.089003], [-89.425768, 48.08894], [-89.42599, 48.088922], [-89.426192, 48.088949], [-89.426374, 48.089021], [-89.426536, 48.089138], [-89.426536, 48.089253], [-89.426374, 48.089365], [-89.426051, 48.089475], [-89.425565, 48.089583], [-89.425114, 48.089664], [-89.424696, 48.089718], [-89.424312, 48.089745], [-89.423961, 48.089745], [-89.423621, 48.089716]]]}}, {"type": "Feature", "properties": {"lead": 72, "temp": "t8"}, "geometry": {"type": "Polygon", "coordinates": [[[-89.425639, 48.064515], [-89.42565, 48.06447], [-89.425652, 48.064469], [-89.425923, 48.064416], [-89.426637, 48.064299], [-89.427237, 48.064227], [-89.427722, 48.0642], [-89.428174, 48.064149], [-89.428592, 48.064072], [-89.428976, 48.063971], [-89.429326, 48.063845], [-89.429748, 48.063726], [-89.43024, 48.063613], [-89.430802, 48.063507], [-89.431436, 48.063408], [-89.431992, 48.063303], [-89.432471, 48.06319], [-89.432872, 48.063071], [-89.433195, 48.062945], [-89.433495, 48.062851], [-89.433771, 48.062788], [-89.434024, 48.062756], [-89.434253, 48.062756], [-89.434459, 48.062727], [-89.434641, 48.062668], [-89.434799, 48.062581], [-89.434934, 48.062464], [-89.435194, 48.062311], [-89.435578, 48.062122], [-89.436087, 48.061897], [-89.43672, 48.061636], [-89.437189, 48.061467], [-89.437549, 48.061379], [-89.4379, 48.061325], [-89.438206, 48.061296], [-89.438469, 48.061292], [-89.438516, 48.061296], [-89.438722, 48.061339], [-89.438924, 48.061402], [-89.439113, 48.061483], [-89.439265, 48.061595], [-89.439379, 48.061739], [-89.439457, 48.061915], [-89.439497, 48.062122], [-89.4395, 48.062306], [-89.439467, 48.062468], [-89.439457, 48.062488], [-89.439376, 48.062594], [-89.439254, 48.062702], [-89.439217, 48.062794], [-89.439265, 48.062871], [-89.439298, 48.062886], [-89.439305, 48.062898], [-89.43943, 48.062954], [-89.439632, 48.06299], [-89.4398, 48.063033], [-89.439935, 48.063082], [-89.440036, 48.063139], [-89.440104, 48.063202], [-89.440225, 48.063251], [-89.4404, 48.063287], [-89.440629, 48.06331], [-89.440913, 48.063319], [-89.441212, 48.063289], [-89.441529, 48.063222], [-89.441863, 48.063116], [-89.442213, 48.062972], [-89.442534, 48.062819], [-89.442823, 48.062657], [-89.443083, 48.062486], [-89.443312, 48.062306], [-89.443686, 48.062095], [-89.444205, 48.061852], [-89.444869, 48.061577], [-89.445678, 48.061271], [-89.446493, 48.061035], [-89.447316, 48.060869], [-89.448145, 48.060772], [-89.44898, 48.060745], [-89.449776, 48.060695], [-89.450531, 48.060623], [-89.451245, 48.060529], [-89.451919, 48.060412], [-89.452455, 48.060304], [-89.452853, 48.060205], [-89.453112, 48.060115], [-89.453233, 48.060034], [-89.453257, 48.059953], [-89.453183, 48.059872], [-89.453011, 48.059791], [-89.452741, 48.05971], [-89.452539, 48.059595], [-89.452404, 48.059447], [-89.452337, 48.059264], [-89.452337, 48.059048], [-89.452398, 48.058871], [-89.452519, 48.058731], [-89.452701, 48.05863], [-89.452944, 48.058567], [-89.453193, 48.058473], [-89.453449, 48.058347], [-89.453712, 48.058189], [-89.453982, 48.058], [-89.454211, 48.057854], [-89.454399, 48.05775], [-89.454548, 48.05769], [-89.454656, 48.057672], [-89.454753, 48.057633], [-89.454841, 48.057575], [-89.454918, 48.057496], [-89.454986, 48.057397], [-89.455138, 48.057287], [-89.455373, 48.057165], [-89.455694, 48.057033], [-89.456098, 48.056889], [-89.456506, 48.056713], [-89.456917, 48.056506], [-89.457331, 48.056268], [-89.457749, 48.055998], [-89.458208, 48.055752], [-89.458706, 48.055532], [-89.459246, 48.055336], [-89.459825, 48.055165], [-89.460301, 48.055042], [-89.460631, 48.054972], [-89.460998, 48.054918], [-89.461308, 48.0549], [-89.461625, 48.054918], [-89.461948, 48.054972], [-89.462279, 48.055062], [-89.462616, 48.055188], [-89.462909, 48.055332], [-89.463158, 48.055494], [-89.463364, 48.055674], [-89.463526, 48.055872], [-89.463708, 48.05602], [-89.46391, 48.056119], [-89.464132, 48.056169], [-89.464375, 48.056169], [-89.464705, 48.056124], [-89.465123, 48.056034], [-89.465628, 48.055899], [-89.466222, 48.055719], [-89.466808, 48.05557], [-89.467388, 48.055453], [-89.467961, 48.055368], [-89.468527, 48.055314], [-89.468985, 48.055284], [-89.469336, 48.05528], [-89.469578, 48.0553], [-89.469713, 48.055345], [-89.469814, 48.055363], [-89.469881, 48.055354], [-89.469915, 48.055318], [-89.469915, 48.055255], [-89.469942, 48.055203], [-89.469996, 48.055163], [-89.470077, 48.055134], [-89.470185, 48.055116], [-89.470566, 48.055093], [-89.471219, 48.055066], [-89.472146, 48.055035], [-89.473346, 48.054999], [-89.474475, 48.054945], [-89.475533, 48.054873], [-89.47652, 48.054783], [-89.477437, 48.054675], [-89.478125, 48.05458], [-89.478583, 48.054499], [-89.478812, 48.054432], [-89.478812, 48.054378], [-89.47889, 48.05431], [-89.479045, 48.054229], [-89.479277, 48.054135], [-89.479587, 48.054027], [-89.479837, 48.053856], [-89.480025, 48.053622], [-89.480153, 48.053325], [-89.480221, 48.052965], [-89.480167, 48.052614], [-89.479992, 48.052272], [-89.479695, 48.051939], [-89.479277, 48.051615], [-89.47895, 48.051344], [-89.478714, 48.051128], [-89.478569, 48.050966], [-89.478516, 48.050858], [-89.478216, 48.050755], [-89.47767, 48.050656], [-89.476878, 48.050561], [-89.47584, 48.050471], [-89.474947, 48.05035], [-89.474198, 48.050197], [-89.473595, 48.050012], [-89.473137, 48.049796], [-89.472658, 48.049605], [-89.47216, 48.049439], [-89.471641, 48.049297], [-89.471101, 48.04918], [-89.470599, 48.049056], [-89.470134, 48.048925], [-89.469706, 48.048788], [-89.469315, 48.048644], [-89.468999, 48.0485], [-89.468756, 48.048356], [-89.468587, 48.048212], [-89.468493, 48.048068], [-89.468537, 48.04796], [-89.468682, 48.047903], [-89.468817, 48.047893], [-89.469127, 48.04792], [-89.469443, 48.047992], [-89.469767, 48.048109], [-89.470097, 48.048271], [-89.470434, 48.048478], [-89.470825, 48.048653], [-89.47127, 48.048797], [-89.471769, 48.04891], [-89.472321, 48.048991], [-89.472824, 48.049094], [-89.473275, 48.04922], [-89.473676, 48.049369], [-89.474027, 48.04954], [-89.474546, 48.049684], [-89.475233, 48.049801], [-89.476089, 48.049891], [-89.477114, 48.049954], [-89.477926, 48.050021], [-89.478526, 48.050093], [-89.478913, 48.05017], [-89.479088, 48.050251], [-89.47924, 48.050348], [-89.479368, 48.05046], [-89.479473, 48.050588], [-89.479554, 48.050732], [-89.479658, 48.050863], [-89.479786, 48.05098], [-89.479938, 48.051083], [-89.480113, 48.051173], [-89.480265, 48.051284], [-89.480393, 48.051414], [-89.480497, 48.051565], [-89.480578, 48.051736], [-89.480662, 48.051871], [-89.48075, 48.05197], [-89.480841, 48.052033], [-89.480935, 48.05206], [-89.481006, 48.052159], [-89.481053, 48.05233], [-89.481077, 48.052573], [-89.481077, 48.052888], [-89.481053, 48.053183], [-89.481006, 48.053457], [-89.480935, 48.053712], [-89.480841, 48.053946], [-89.480602, 48.054184], [-89.480217, 48.054427], [-89.479688, 48.054675], [-89.479014, 48.054927], [-89.477821, 48.055158], [-89.476109, 48.05537], [-89.473878, 48.055561], [-89.471128, 48.055732], [-89.469066, 48.055869], [-89.467691, 48.055973], [-89.467003, 48.056043], [-89.467003, 48.056079], [-89.46696, 48.056106], [-89.466872, 48.056124], [-89.466741, 48.056133], [-89.466565, 48.056133], [-89.466326, 48.056175], [-89.466023, 48.056261], [-89.465655, 48.056389], [-89.465224, 48.05656], [-89.464826, 48.056682], [-89.464462, 48.056754], [-89.464132, 48.056776], [-89.463836, 48.056749], [-89.463559, 48.056657], [-89.463303, 48.056499], [-89.463067, 48.056277], [-89.462852, 48.055989], [-89.462595, 48.055764], [-89.462299, 48.055602], [-89.461962, 48.055503], [-89.461584, 48.055467], [-89.461247, 48.055462], [-89.460951, 48.055489], [-89.460695, 48.055548], [-89.460479, 48.055638], [-89.460284, 48.055701], [-89.460108, 48.055737], [-89.459953, 48.055746], [-89.459819, 48.055728], [-89.459697, 48.055741], [-89.459589, 48.055786], [-89.459495, 48.055863], [-89.459414, 48.055971], [-89.45931, 48.056058], [-89.459182, 48.056126], [-89.45903, 48.056173], [-89.458855, 48.0562], [-89.458703, 48.05625], [-89.458575, 48.056322], [-89.45847, 48.056416], [-89.45839, 48.056533], [-89.458231, 48.056648], [-89.457995, 48.05676], [-89.457682, 48.056871], [-89.457291, 48.056979], [-89.456978, 48.057082], [-89.456742, 48.057181], [-89.456583, 48.057276], [-89.456502, 48.057366], [-89.456388, 48.057453], [-89.45624, 48.057539], [-89.456058, 48.057622], [-89.455842, 48.057703], [-89.45568, 48.05778], [-89.455572, 48.057852], [-89.455518, 48.057919], [-89.455518, 48.057982], [-89.455431, 48.058059], [-89.455255, 48.058149], [-89.454993, 48.058252], [-89.454642, 48.058369], [-89.454349, 48.058484], [-89.454113, 48.058596], [-89.453934, 48.058707], [-89.453813, 48.058815], [-89.453698, 48.058896], [-89.453591, 48.05895], [-89.45349, 48.058976], [-89.453395, 48.058976], [-89.453324, 48.058999], [-89.453277, 48.059044], [-89.453254, 48.059111], [-89.453254, 48.059201], [-89.453277, 48.059255], [-89.453324, 48.059273], [-89.453395, 48.059255], [-89.45349, 48.059201], [-89.453624, 48.059174], [-89.4538, 48.059174], [-89.454015, 48.059201], [-89.454271, 48.059255], [-89.454463, 48.059332], [-89.454592, 48.059431], [-89.454656, 48.059552], [-89.454656, 48.059696], [-89.454622, 48.059834], [-89.454554, 48.059964], [-89.454453, 48.060088], [-89.454319, 48.060205], [-89.454059, 48.06032], [-89.453675, 48.060432], [-89.453166, 48.060542], [-89.452532, 48.06065], [-89.452057, 48.06074], [-89.45174, 48.060812], [-89.451582, 48.060866], [-89.451582, 48.060902], [-89.45142, 48.060943], [-89.451097, 48.060988], [-89.450612, 48.061037], [-89.449964, 48.061091], [-89.449415, 48.061125], [-89.448964, 48.061139], [-89.44861, 48.061132], [-89.448354, 48.061105], [-89.448108, 48.061098], [-89.447872, 48.061112], [-89.447646, 48.061145], [-89.44743, 48.061199], [-89.447181, 48.061269], [-89.446898, 48.061355], [-89.446581, 48.061456], [-89.44623, 48.061573], [-89.4459, 48.061708], [-89.44559, 48.061861], [-89.4453, 48.062032], [-89.445031, 48.062221], [-89.444791, 48.062371], [-89.444583, 48.062484], [-89.444404, 48.062558], [-89.444256, 48.062594], [-89.444101, 48.062662], [-89.443939, 48.062761], [-89.44377, 48.062891], [-89.443595, 48.063053], [-89.443457, 48.063157], [-89.443301, 48.063243], [-89.443191, 48.063269], [-89.443096, 48.063251], [-89.442985, 48.06326], [-89.442857, 48.063296], [-89.442712, 48.063359], [-89.44255, 48.063449], [-89.442301, 48.063523], [-89.441964, 48.063582], [-89.441539, 48.063624], [-89.441027, 48.063651], [-89.440555, 48.063642], [-89.440124, 48.063597], [-89.439733, 48.063516], [-89.439383, 48.063399], [-89.439099, 48.063269], [-89.438884, 48.063125], [-89.438735, 48.062968], [-89.438655, 48.062797], [-89.438624, 48.062632], [-89.438644, 48.062475], [-89.438715, 48.062324], [-89.438837, 48.06218], [-89.438907, 48.062052], [-89.438928, 48.061939], [-89.438897, 48.061843], [-89.438816, 48.061762], [-89.438732, 48.061719], [-89.438644, 48.061714], [-89.438553, 48.061748], [-89.438459, 48.06182], [-89.438338, 48.061876], [-89.438261, 48.061897], [-89.438257, 48.061897], [-89.438031, 48.061926], [-89.437975, 48.061943], [-89.437812, 48.061951], [-89.437596, 48.062], [-89.437367, 48.06209], [-89.437125, 48.062221], [-89.436868, 48.062392], [-89.436599, 48.062536], [-89.436316, 48.062653], [-89.436019, 48.062743], [-89.435709, 48.062806], [-89.435467, 48.062873], [-89.435291, 48.062945], [-89.435183, 48.063022], [-89.435143, 48.063103], [-89.435079, 48.063157], [-89.434991, 48.063184], [-89.43488, 48.063184], [-89.434745, 48.063157], [-89.434641, 48.063154], [-89.434567, 48.063177], [-89.434523, 48.063224], [-89.434509, 48.063296], [-89.434431, 48.063344], [-89.434381, 48.063352], [-89.434267, 48.063337], [-89.434119, 48.063292], [-89.434007, 48.063271], [-89.433933, 48.063276], [-89.433896, 48.063305], [-89.433896, 48.063359], [-89.433869, 48.063385], [-89.433748, 48.063381], [-89.433519, 48.063395], [-89.433516, 48.063396], [-89.433407, 48.063402], [-89.43332, 48.063433], [-89.433263, 48.063489], [-89.433236, 48.06357], [-89.433185, 48.063618], [-89.433111, 48.063631], [-89.433013, 48.063611], [-89.432892, 48.063557], [-89.432801, 48.063532], [-89.43274, 48.063537], [-89.43271, 48.06357], [-89.43271, 48.063633], [-89.432686, 48.063672], [-89.432639, 48.063685], [-89.432568, 48.063674], [-89.432474, 48.063638], [-89.432393, 48.063624], [-89.432326, 48.063633], [-89.432272, 48.063665], [-89.432231, 48.063719], [-89.432117, 48.063759], [-89.431928, 48.063786], [-89.431665, 48.0638], [-89.431328, 48.0638], [-89.431032, 48.063822], [-89.430775, 48.063867], [-89.43056, 48.063935], [-89.430385, 48.064025], [-89.430125, 48.064106], [-89.429781, 48.064178], [-89.429353, 48.064241], [-89.428841, 48.064295], [-89.428403, 48.064329], [-89.428039, 48.064342], [-89.427749, 48.064335], [-89.427533, 48.064308], [-89.427338, 48.064302], [-89.427163, 48.064315], [-89.427008, 48.064349], [-89.426873, 48.064403], [-89.426718, 48.064443], [-89.426543, 48.06447], [-89.426347, 48.064484], [-89.426132, 48.064484], [-89.42597, 48.064493], [-89.425862, 48.064511], [-89.425808, 48.064538], [-89.425808, 48.064574], [-89.425791, 48.06459], [-89.425757, 48.064585], [-89.425707, 48.06456], [-89.425639, 48.064515]], [[-89.453597, 48.058833], [-89.453587, 48.058835], [-89.453581, 48.058839], [-89.453577, 48.058846], [-89.453577, 48.058855], [-89.453581, 48.05886], [-89.453587, 48.05886], [-89.453597, 48.058855], [-89.453611, 48.058846], [-89.453618, 48.058839], [-89.453618, 48.058835], [-89.453611, 48.058833], [-89.453597, 48.058833]], [[-89.453759, 48.058725], [-89.453749, 48.058727], [-89.453742, 48.058731], [-89.453739, 48.058738], [-89.453739, 48.058747], [-89.453742, 48.058752], [-89.453749, 48.058752], [-89.453759, 48.058747], [-89.453773, 48.058738], [-89.453779, 48.058731], [-89.453779, 48.058727], [-89.453773, 48.058725], [-89.453759, 48.058725]], [[-89.454083, 48.058509], [-89.454073, 48.058511], [-89.454066, 48.058515], [-89.454062, 48.058522], [-89.454062, 48.058531], [-89.454066, 48.058536], [-89.454073, 48.058536], [-89.454083, 48.058531], [-89.454096, 48.058522], [-89.454103, 48.058515], [-89.454103, 48.058511], [-89.454096, 48.058509], [-89.454083, 48.058509]], [[-89.453122, 48.059127], [-89.453102, 48.059141], [-89.453092, 48.059161], [-89.453092, 48.059188], [-89.453102, 48.059201], [-89.453122, 48.059201], [-89.453153, 48.059188], [-89.453193, 48.059161], [-89.453213, 48.059141], [-89.453213, 48.059127], [-89.453193, 48.05912], [-89.453153, 48.05912], [-89.453122, 48.059127]]]}}, {"type": "Feature", "properties": {"lead": 72, "temp": "t8"}, "geometry": {"type": "Polygon", "coordinates": [[[-89.425046, 48.064626], [-89.424979, 48.064621], [-89.424945, 48.064614], [-89.424945, 48.064611], [-89.425094, 48.064578], [-89.425416, 48.064515], [-89.425451, 48.064518], [-89.425484, 48.064538], [-89.425484, 48.064574], [-89.425451, 48.064601], [-89.425383, 48.064619], [-89.425282, 48.064628], [-89.425147, 48.064628], [-89.425046, 48.064626]]]}}, {"type": "Feature", "properties": {"lead": 72, "temp": "t8"}, "geometry": {"type": "Polygon", "coordinates": [[[-89.438897, 48.069145], [-89.439072, 48.069064], [-89.439234, 48.06901], [-89.439383, 48.068983], [-89.439517, 48.068983], [-89.439575, 48.068868], [-89.439554, 48.068639], [-89.439457, 48.068294], [-89.439281, 48.067836], [-89.439133, 48.067491], [-89.439012, 48.067262], [-89.438917, 48.067147], [-89.438893, 48.067147], [-89.438874, 48.067071], [-89.438826, 48.066954], [-89.438787, 48.066908], [-89.438789, 48.066756], [-89.438816, 48.066495], [-89.439019, 48.066243], [-89.439396, 48.066], [-89.439949, 48.065766], [-89.440677, 48.065541], [-89.441351, 48.065379], [-89.441971, 48.06528], [-89.442537, 48.065244], [-89.443049, 48.065271], [-89.443659, 48.065276], [-89.444367, 48.065258], [-89.445172, 48.065217], [-89.446075, 48.065154], [-89.446776, 48.065093], [-89.447275, 48.065035], [-89.447572, 48.064979], [-89.447666, 48.064925], [-89.447787, 48.064884], [-89.447936, 48.064857], [-89.448111, 48.064844], [-89.448313, 48.064844], [-89.448455, 48.06483], [-89.448536, 48.064803], [-89.448556, 48.064763], [-89.448515, 48.064709], [-89.448519, 48.064675], [-89.448527, 48.064673], [-89.448657, 48.064668], [-89.448792, 48.064695], [-89.448923, 48.064686], [-89.448934, 48.064682], [-89.448967, 48.06468], [-89.449183, 48.064621], [-89.449439, 48.06452], [-89.449735, 48.064376], [-89.450076, 48.064268], [-89.45046, 48.064196], [-89.450888, 48.06416], [-89.45136, 48.06416], [-89.451767, 48.064137], [-89.452111, 48.064092], [-89.452391, 48.064025], [-89.452449, 48.064001], [-89.452566, 48.063984], [-89.452789, 48.063917], [-89.452849, 48.063872], [-89.452866, 48.063867], [-89.453169, 48.063822], [-89.453517, 48.0638], [-89.453907, 48.0638], [-89.454231, 48.063786], [-89.454487, 48.063759], [-89.454676, 48.063719], [-89.454797, 48.063665], [-89.455124, 48.063624], [-89.455656, 48.063597], [-89.456395, 48.063584], [-89.457338, 48.063584], [-89.458117, 48.063539], [-89.458171, 48.063537], [-89.458182, 48.063535], [-89.458198, 48.063534], [-89.458291, 48.063523], [-89.458457, 48.063503], [-89.45848, 48.063498], [-89.458973, 48.063435], [-89.459663, 48.063287], [-89.46027, 48.063089], [-89.460836, 48.062936], [-89.461362, 48.062828], [-89.461847, 48.062765], [-89.462207, 48.062751], [-89.462282, 48.062765], [-89.462518, 48.062783], [-89.462852, 48.062792], [-89.463027, 48.062792], [-89.463283, 48.062819], [-89.463829, 48.062909], [-89.464409, 48.063035], [-89.464971, 48.06313], [-89.465517, 48.063193], [-89.466046, 48.063224], [-89.466559, 48.063224], [-89.466997, 48.063247], [-89.467361, 48.063292], [-89.46765, 48.063359], [-89.467866, 48.063449], [-89.468062, 48.063582], [-89.468237, 48.063757], [-89.468392, 48.063975], [-89.468527, 48.064236], [-89.468618, 48.064502], [-89.468665, 48.064772], [-89.468668, 48.065046], [-89.468628, 48.065325], [-89.468436, 48.065564], [-89.468092, 48.065762], [-89.467597, 48.065919], [-89.46695, 48.066036], [-89.466292, 48.066182], [-89.465625, 48.066358], [-89.464948, 48.066562], [-89.46426, 48.066796], [-89.463704, 48.06697], [-89.46328, 48.067082], [-89.462986, 48.067134], [-89.462825, 48.067125], [-89.462841, 48.067046], [-89.463037, 48.066898], [-89.46308, 48.066872], [-89.4636, 48.066661], [-89.464422, 48.066265], [-89.465147, 48.065966], [-89.465773, 48.065764], [-89.466302, 48.065658], [-89.466734, 48.065649], [-89.467088, 48.065627], [-89.467364, 48.065591], [-89.467372, 48.065589], [-89.467374, 48.065588], [-89.467563, 48.065541], [-89.467684, 48.065478], [-89.467779, 48.065395], [-89.467846, 48.065291], [-89.467886, 48.065168], [-89.4679, 48.065024], [-89.467873, 48.064855], [-89.467806, 48.064662], [-89.467698, 48.064443], [-89.467549, 48.0642], [-89.467293, 48.064014], [-89.466929, 48.063883], [-89.466457, 48.063809], [-89.465878, 48.063791], [-89.465288, 48.06375], [-89.464688, 48.063687], [-89.464078, 48.063602], [-89.463458, 48.063494], [-89.462774, 48.063467], [-89.462026, 48.063521], [-89.461214, 48.063656], [-89.460337, 48.063872], [-89.459168, 48.06407], [-89.457705, 48.06425], [-89.45595, 48.064412], [-89.453901, 48.064556], [-89.452236, 48.064718], [-89.450955, 48.064898], [-89.450059, 48.065096], [-89.449547, 48.065312], [-89.449068, 48.065492], [-89.448623, 48.065636], [-89.448212, 48.065744], [-89.447835, 48.065816], [-89.447208, 48.065872], [-89.446332, 48.065912], [-89.445206, 48.065937], [-89.443831, 48.065946], [-89.442668, 48.066], [-89.441718, 48.066099], [-89.44098, 48.066243], [-89.440454, 48.066432], [-89.440104, 48.066666], [-89.439928, 48.066945], [-89.439928, 48.067269], [-89.440104, 48.067638], [-89.440235, 48.067966], [-89.440323, 48.068254], [-89.440367, 48.068501], [-89.440367, 48.068708], [-89.44035, 48.068884], [-89.440316, 48.069028], [-89.440265, 48.06914], [-89.440198, 48.069221], [-89.4401, 48.069273], [-89.439972, 48.069295], [-89.439814, 48.069289], [-89.439625, 48.069253], [-89.439504, 48.069255], [-89.43945, 48.069295], [-89.439463, 48.069374], [-89.439544, 48.069491], [-89.439541, 48.069604], [-89.439453, 48.069712], [-89.439281, 48.069815], [-89.439025, 48.069914], [-89.43882, 48.069948], [-89.438665, 48.069916], [-89.43856, 48.06982], [-89.438506, 48.069658], [-89.438527, 48.0695], [-89.438621, 48.069347], [-89.438764, 48.069221], [-89.438897, 48.069145]]]}}, {"type": "Feature", "properties": {"lead": 72, "temp": "t8"}, "geometry": {"type": "Polygon", "coordinates": [[[-89.427453, 48.07121], [-89.427597, 48.071122], [-89.427726, 48.071063], [-89.427837, 48.071034], [-89.427931, 48.071034], [-89.428056, 48.070998], [-89.428211, 48.070926], [-89.428396, 48.070818], [-89.428612, 48.070674], [-89.428956, 48.070524], [-89.429427, 48.070366], [-89.430027, 48.070202], [-89.430755, 48.070031], [-89.431301, 48.069885], [-89.431665, 48.069763], [-89.431847, 48.069667], [-89.431847, 48.069595], [-89.431941, 48.069565], [-89.43213, 48.069579], [-89.432413, 48.069635], [-89.432791, 48.069734], [-89.433192, 48.069815], [-89.433616, 48.069878], [-89.434065, 48.069923], [-89.434536, 48.06995], [-89.434907, 48.069959], [-89.435177, 48.06995], [-89.435345, 48.069923], [-89.435406, 48.069883], [-89.43544, 48.069883], [-89.435569, 48.069895], [-89.435659, 48.069923], [-89.435837, 48.070013], [-89.436053, 48.070148], [-89.436144, 48.070258], [-89.43611, 48.070344], [-89.435952, 48.070404], [-89.435669, 48.07044], [-89.435274, 48.07044], [-89.434811, 48.070407], [-89.434476, 48.070359], [-89.434105, 48.070287], [-89.433741, 48.070197], [-89.43333, 48.070143], [-89.432872, 48.070125], [-89.432461, 48.07014], [-89.432262, 48.07013], [-89.431827, 48.070143], [-89.43149, 48.070197], [-89.430991, 48.070314], [-89.430331, 48.070494], [-89.429508, 48.070737], [-89.428524, 48.071043], [-89.427827, 48.071243], [-89.427415, 48.071338], [-89.427291, 48.071327], [-89.427453, 48.07121]]]}}, {"type": "Feature", "properties": {"lead": 72, "temp": "t8"}, "geometry": {"type": "Polygon", "coordinates": [[[-89.430432, 48.080705], [-89.430216, 48.080633], [-89.430047, 48.080539], [-89.429926, 48.080422], [-89.429852, 48.080285], [-89.429825, 48.080127], [-89.429845, 48.07995], [-89.429913, 48.079752], [-89.430007, 48.079574], [-89.430128, 48.079417], [-89.430277, 48.07928], [-89.430452, 48.079163], [-89.430809, 48.07898], [-89.431348, 48.078733], [-89.43207, 48.07842], [-89.432973, 48.078043], [-89.433731, 48.077752], [-89.434344, 48.07755], [-89.434813, 48.077435], [-89.435136, 48.077408], [-89.435443, 48.077368], [-89.435733, 48.077314], [-89.436006, 48.077246], [-89.436262, 48.077165], [-89.436622, 48.077024], [-89.437088, 48.076821], [-89.437657, 48.076558], [-89.438331, 48.076234], [-89.439093, 48.075904], [-89.439942, 48.075566], [-89.440879, 48.075222], [-89.441903, 48.074871], [-89.442897, 48.074491], [-89.443861, 48.074082], [-89.444795, 48.073643], [-89.445698, 48.073176], [-89.446473, 48.072816], [-89.44712, 48.072564], [-89.447639, 48.07242], [-89.44803, 48.072384], [-89.448455, 48.072244], [-89.448913, 48.072001], [-89.449405, 48.071655], [-89.449931, 48.071205], [-89.450574, 48.070749], [-89.451336, 48.070285], [-89.452216, 48.069815], [-89.453213, 48.069338], [-89.454116, 48.068942], [-89.454925, 48.068627], [-89.45564, 48.068393], [-89.45626, 48.068241], [-89.456789, 48.068097], [-89.457227, 48.067962], [-89.457574, 48.067836], [-89.457792, 48.067736], [-89.458171, 48.06764], [-89.45872, 48.067543], [-89.459057, 48.067543], [-89.45937, 48.067525], [-89.45966, 48.067489], [-89.459926, 48.067435], [-89.460058, 48.067396], [-89.460472, 48.067363], [-89.46115, 48.067316], [-89.461601, 48.067293], [-89.461827, 48.067296], [-89.461827, 48.067323], [-89.461763, 48.06735], [-89.461635, 48.067377], [-89.461443, 48.067404], [-89.461187, 48.067431], [-89.460995, 48.06746], [-89.460867, 48.067491], [-89.460803, 48.067525], [-89.460803, 48.067561], [-89.460664, 48.067608], [-89.460388, 48.067667], [-89.459974, 48.067737], [-89.459421, 48.067818], [-89.458845, 48.06795], [-89.458245, 48.068135], [-89.457621, 48.068371], [-89.456974, 48.068659], [-89.456459, 48.068875], [-89.456074, 48.069019], [-89.455822, 48.069091], [-89.4557, 48.069091], [-89.455576, 48.069113], [-89.455448, 48.069158], [-89.455316, 48.069226], [-89.455181, 48.069316], [-89.454996, 48.069403], [-89.45476, 48.069489], [-89.454474, 48.069572], [-89.454137, 48.069653], [-89.453776, 48.069763], [-89.453392, 48.069903], [-89.452984, 48.070072], [-89.452553, 48.070269], [-89.452078, 48.070519], [-89.451559, 48.070821], [-89.450996, 48.071174], [-89.450389, 48.071579], [-89.449904, 48.071918], [-89.44954, 48.072193], [-89.449297, 48.072402], [-89.449176, 48.072546], [-89.448933, 48.07269], [-89.448569, 48.072834], [-89.448084, 48.072978], [-89.447477, 48.073122], [-89.446746, 48.07338], [-89.44589, 48.073754], [-89.444909, 48.074242], [-89.443804, 48.074844], [-89.44279, 48.075346], [-89.441866, 48.075746], [-89.441034, 48.076045], [-89.440292, 48.076243], [-89.439726, 48.076408], [-89.439335, 48.076538], [-89.43912, 48.076635], [-89.439079, 48.076698], [-89.438975, 48.076765], [-89.438806, 48.076837], [-89.438574, 48.076914], [-89.438277, 48.076995], [-89.438045, 48.077071], [-89.437876, 48.077143], [-89.437772, 48.07721], [-89.437731, 48.077273], [-89.437677, 48.077321], [-89.43761, 48.077352], [-89.437529, 48.077368], [-89.437435, 48.077368], [-89.4373, 48.077404], [-89.437125, 48.077476], [-89.436909, 48.077584], [-89.436653, 48.077728], [-89.436333, 48.077856], [-89.435948, 48.077968], [-89.4355, 48.078065], [-89.434988, 48.078146], [-89.434573, 48.078229], [-89.434257, 48.078315], [-89.434038, 48.078402], [-89.433916, 48.078492], [-89.433643, 48.078623], [-89.433219, 48.078794], [-89.432642, 48.079005], [-89.431915, 48.079257], [-89.431345, 48.079462], [-89.430934, 48.079619], [-89.430681, 48.079729], [-89.430587, 48.079792], [-89.430526, 48.079869], [-89.430499, 48.079959], [-89.430501, 48.079989], [-89.430479, 48.080013], [-89.430445, 48.080076], [-89.430445, 48.08013], [-89.430469, 48.080163], [-89.430516, 48.080177], [-89.430545, 48.080174], [-89.430546, 48.080179], [-89.43061, 48.080267], [-89.430698, 48.080325], [-89.430809, 48.080355], [-89.430944, 48.080355], [-89.431075, 48.080337], [-89.431203, 48.080301], [-89.431328, 48.080247], [-89.431449, 48.080175], [-89.43154, 48.08013], [-89.431601, 48.080112], [-89.431631, 48.080121], [-89.431631, 48.080157], [-89.431773, 48.080193], [-89.432056, 48.080229], [-89.432481, 48.080265], [-89.433047, 48.080301], [-89.43332, 48.080357], [-89.4333, 48.080433], [-89.433206, 48.080462], [-89.432966, 48.080512], [-89.43214, 48.08066], [-89.431487, 48.08075], [-89.431005, 48.080782], [-89.430695, 48.080755], [-89.430432, 48.080705]]]}}, {"type": "Feature", "properties": {"lead": 72, "temp": "t8"}, "geometry": {"type": "Polygon", "coordinates": [[[-89.435234, 48.087135], [-89.435429, 48.087112], [-89.435399, 48.0872], [-89.435143, 48.087398], [-89.434853, 48.087557], [-89.43453, 48.087679], [-89.434172, 48.087762], [-89.433782, 48.087807], [-89.43365, 48.08778], [-89.433778, 48.087681], [-89.434166, 48.08751], [-89.434813, 48.087267], [-89.435234, 48.087135]]]}}, {"type": "Feature", "properties": {"lead": 72, "temp": "t8"}, "geometry": {"type": "Polygon", "coordinates": [[[-89.413298, 48.05899], [-89.413383, 48.058846], [-89.413472, 48.058774], [-89.413622, 48.05872], [-89.413838, 48.058693], [-89.41403, 48.05865], [-89.414198, 48.058592], [-89.414343, 48.058518], [-89.414464, 48.058428], [-89.414583, 48.058378], [-89.414663, 48.058369], [-89.414849, 48.058387], [-89.414983, 48.05845], [-89.415084, 48.058475], [-89.415152, 48.058461], [-89.415186, 48.05841], [-89.415186, 48.05832], [-89.415217, 48.05825], [-89.415246, 48.058227], [-89.415307, 48.058225], [-89.415388, 48.058252], [-89.415472, 48.058239], [-89.41556, 48.058185], [-89.415651, 48.05809], [-89.41568, 48.058048], [-89.415721, 48.058023], [-89.415785, 48.057955], [-89.415822, 48.057881], [-89.415846, 48.057858], [-89.415954, 48.0578], [-89.416035, 48.057786], [-89.416089, 48.057798], [-89.416136, 48.05779], [-89.41619, 48.057798], [-89.416284, 48.057798], [-89.416352, 48.05778], [-89.416392, 48.057744], [-89.416406, 48.05769], [-89.416446, 48.057642], [-89.416513, 48.057602], [-89.416608, 48.057568], [-89.416729, 48.057541], [-89.416732, 48.057507], [-89.416618, 48.057467], [-89.416385, 48.05742], [-89.416379, 48.057419], [-89.416362, 48.057399], [-89.41623, 48.057352], [-89.416028, 48.057325], [-89.415725, 48.057339], [-89.415449, 48.057375], [-89.415182, 48.057399], [-89.41468, 48.057487], [-89.414127, 48.057622], [-89.413727, 48.057676], [-89.41345, 48.057656], [-89.413298, 48.057555], [-89.413298, 48.057375], [-89.413447, 48.057213], [-89.413743, 48.057069], [-89.414188, 48.056943], [-89.414781, 48.056835], [-89.415293, 48.05676], [-89.415725, 48.05672], [-89.416075, 48.056713], [-89.416345, 48.05674], [-89.416594, 48.056799], [-89.416823, 48.056889], [-89.417032, 48.05701], [-89.417221, 48.057163], [-89.417353, 48.057316], [-89.417427, 48.057469], [-89.417444, 48.057622], [-89.417403, 48.057775], [-89.41712, 48.057975], [-89.416594, 48.058223], [-89.415826, 48.058518], [-89.414815, 48.05886], [-89.414057, 48.059078], [-89.413551, 48.059172], [-89.413298, 48.059143], [-89.413298, 48.05899]]]}}, {"type": "Feature", "properties": {"lead": 72, "temp": "t8"}, "geometry": {"type": "Polygon", "coordinates": [[[-89.413359, 48.063233], [-89.413319, 48.063179], [-89.413304, 48.063133], [-89.413396, 48.063037], [-89.413592, 48.06297], [-89.413696, 48.062958], [-89.413925, 48.06295], [-89.414343, 48.062959], [-89.414442, 48.062962], [-89.41463, 48.062991], [-89.414565, 48.062995], [-89.414444, 48.063015], [-89.414363, 48.063046], [-89.414323, 48.063089], [-89.414323, 48.063143], [-89.414279, 48.063184], [-89.414191, 48.063211], [-89.41406, 48.063224], [-89.413885, 48.063224], [-89.413753, 48.063233], [-89.413666, 48.063251], [-89.413622, 48.063278], [-89.413622, 48.063314], [-89.413602, 48.063332], [-89.413561, 48.063332], [-89.413501, 48.063314], [-89.41342, 48.063278], [-89.413359, 48.063233]]]}}, {"type": "Feature", "properties": {"lead": 72, "temp": "t8"}, "geometry": {"type": "Polygon", "coordinates": [[[-89.420847, 48.065195], [-89.420739, 48.065177], [-89.420686, 48.06515], [-89.420686, 48.065114], [-89.420557, 48.06506], [-89.420301, 48.064988], [-89.419917, 48.064898], [-89.419405, 48.06479], [-89.418943, 48.06468], [-89.418532, 48.064567], [-89.418171, 48.064452], [-89.417861, 48.064335], [-89.417619, 48.064232], [-89.417444, 48.064142], [-89.417336, 48.064065], [-89.417295, 48.064002], [-89.417211, 48.063948], [-89.417083, 48.063903], [-89.416911, 48.063867], [-89.416695, 48.06384], [-89.416534, 48.063798], [-89.416426, 48.063739], [-89.416372, 48.063665], [-89.416372, 48.063575], [-89.416557, 48.06357], [-89.416819, 48.063628], [-89.417154, 48.063746], [-89.418104, 48.064043], [-89.418441, 48.064135], [-89.418967, 48.064295], [-89.419708, 48.064493], [-89.42045, 48.064664], [-89.421191, 48.064808], [-89.4217, 48.064918], [-89.421976, 48.064994], [-89.42202, 48.065037], [-89.421831, 48.065046], [-89.42169, 48.065062], [-89.421595, 48.065084], [-89.421548, 48.065114], [-89.421548, 48.06515], [-89.421494, 48.065177], [-89.421386, 48.065195], [-89.421225, 48.065204], [-89.421009, 48.065204], [-89.420847, 48.065195]]]}}, {"type": "Feature", "properties": {"lead": 72, "temp": "t8"}, "geometry": {"type": "Polygon", "coordinates": [[[-89.413905, 48.067786], [-89.414026, 48.067588], [-89.414026, 48.067354], [-89.413905, 48.067084], [-89.413662, 48.066778], [-89.41348, 48.066486], [-89.413359, 48.066207], [-89.413298, 48.065942], [-89.413298, 48.065757], [-89.413342, 48.065609], [-89.41343, 48.065537], [-89.413561, 48.065541], [-89.413736, 48.065622], [-89.413868, 48.065705], [-89.413956, 48.065791], [-89.413999, 48.065879], [-89.413999, 48.065969], [-89.414073, 48.066115], [-89.414222, 48.066317], [-89.414444, 48.066576], [-89.414592, 48.066733], [-89.414717, 48.0669], [-89.414849, 48.06703], [-89.414851, 48.067032], [-89.414953, 48.067163], [-89.415081, 48.067392], [-89.415125, 48.067579], [-89.415084, 48.067723], [-89.414967, 48.06789], [-89.414771, 48.068079], [-89.414498, 48.06829], [-89.414148, 48.068524], [-89.413865, 48.068699], [-89.413649, 48.068816], [-89.413569, 48.068848], [-89.413484, 48.068812], [-89.413399, 48.068686], [-89.413359, 48.068488], [-89.413389, 48.068299], [-89.41349, 48.068119], [-89.413662, 48.067948], [-89.413905, 48.067786]]]}}, {"type": "Feature", "properties": {"lead": 72, "temp": "t8"}, "geometry": {"type": "Polygon", "coordinates": [[[-89.422492, 48.073279], [-89.422114, 48.073216], [-89.421764, 48.073126], [-89.42144, 48.073009], [-89.421147, 48.072921], [-89.420884, 48.072863], [-89.420652, 48.072834], [-89.42045, 48.072834], [-89.420231, 48.072795], [-89.419995, 48.072719], [-89.419742, 48.072604], [-89.419472, 48.072451], [-89.418909, 48.07231], [-89.418053, 48.072179], [-89.416904, 48.07206], [-89.415462, 48.071952], [-89.41438, 48.071839], [-89.413659, 48.071723], [-89.413298, 48.071601], [-89.413298, 48.071475], [-89.413386, 48.071378], [-89.413561, 48.071311], [-89.413824, 48.071273], [-89.414166, 48.071264], [-89.41419, 48.071264], [-89.414472, 48.071272], [-89.414534, 48.071277], [-89.414565, 48.07128], [-89.414646, 48.071304], [-89.414646, 48.07134], [-89.414778, 48.071387], [-89.415041, 48.071446], [-89.415435, 48.071516], [-89.415961, 48.071597], [-89.41639, 48.071643], [-89.416412, 48.071651], [-89.416547, 48.071678], [-89.416692, 48.07168], [-89.416847, 48.071657], [-89.416889, 48.071645], [-89.416992, 48.071637], [-89.417154, 48.071583], [-89.417275, 48.071565], [-89.417356, 48.071583], [-89.417396, 48.071637], [-89.417396, 48.071727], [-89.417514, 48.071794], [-89.41775, 48.071839], [-89.418104, 48.071862], [-89.418576, 48.071862], [-89.418974, 48.071889], [-89.419297, 48.071943], [-89.419546, 48.072024], [-89.419722, 48.072132], [-89.419941, 48.07222], [-89.420204, 48.072287], [-89.42051, 48.072334], [-89.420861, 48.072361], [-89.421154, 48.072411], [-89.421199, 48.072425], [-89.421393, 48.07251], [-89.421646, 48.072652], [-89.42169, 48.072694], [-89.421814, 48.072789], [-89.421943, 48.072861], [-89.422074, 48.07291], [-89.422209, 48.072937], [-89.422394, 48.072957], [-89.42263, 48.072971], [-89.422916, 48.072978], [-89.423253, 48.072978], [-89.42353, 48.07296], [-89.423746, 48.072924], [-89.423901, 48.07287], [-89.423995, 48.072798], [-89.424096, 48.072748], [-89.424204, 48.072721], [-89.424318, 48.072717], [-89.42444, 48.072735], [-89.424564, 48.072735], [-89.424692, 48.072717], [-89.424824, 48.072681], [-89.424959, 48.072627], [-89.4251, 48.072534], [-89.425249, 48.072404], [-89.425404, 48.072235], [-89.425565, 48.072028], [-89.425751, 48.071866], [-89.42596, 48.07175], [-89.426192, 48.071678], [-89.426448, 48.071651], [-89.426597, 48.071644], [-89.426637, 48.071657], [-89.42657, 48.071691], [-89.426394, 48.071745], [-89.426263, 48.071819], [-89.426175, 48.071914], [-89.426132, 48.072028], [-89.426132, 48.072079], [-89.426084, 48.072114], [-89.426017, 48.07233], [-89.425845, 48.072534], [-89.425569, 48.072728], [-89.425188, 48.07291], [-89.424703, 48.073081], [-89.424231, 48.073207], [-89.423772, 48.073288], [-89.423328, 48.073324], [-89.422896, 48.073315], [-89.422492, 48.073279]]]}}, {"type": "Feature", "properties": {"lead": 72, "temp": "t8"}, "geometry": {"type": "Polygon", "coordinates": [[[-89.422805, 48.08369], [-89.422947, 48.083487], [-89.42295, 48.083478], [-89.422957, 48.083474], [-89.422997, 48.083415], [-89.422997, 48.083354], [-89.422957, 48.083292], [-89.422952, 48.083243], [-89.422977, 48.083213], [-89.423038, 48.083197], [-89.423132, 48.083197], [-89.423189, 48.083168], [-89.42321, 48.083109], [-89.423193, 48.083022], [-89.423162, 48.082955], [-89.423159, 48.082941], [-89.423152, 48.082934], [-89.423139, 48.082905], [-89.423082, 48.082815], [-89.423021, 48.082752], [-89.422957, 48.082716], [-89.42289, 48.082707], [-89.422849, 48.08269], [-89.422839, 48.082678], [-89.422829, 48.082626], [-89.422856, 48.082581], [-89.422832, 48.082527], [-89.422758, 48.082464], [-89.422633, 48.082392], [-89.422458, 48.082311], [-89.422222, 48.08225], [-89.421926, 48.08221], [-89.421568, 48.08219], [-89.421151, 48.08219], [-89.420729, 48.08221], [-89.420305, 48.08225], [-89.419877, 48.082311], [-89.419445, 48.082392], [-89.419024, 48.082489], [-89.418613, 48.082601], [-89.418212, 48.082729], [-89.417821, 48.082873], [-89.417484, 48.082981], [-89.417201, 48.083053], [-89.416972, 48.083089], [-89.416796, 48.083089], [-89.416473, 48.083161], [-89.416001, 48.083305], [-89.415381, 48.083521], [-89.414613, 48.083809], [-89.414026, 48.083991], [-89.413622, 48.084067], [-89.413399, 48.084038], [-89.413359, 48.083903], [-89.41341, 48.083782], [-89.413551, 48.083674], [-89.413784, 48.083579], [-89.414107, 48.083498], [-89.414441, 48.08339], [-89.414785, 48.083256], [-89.415138, 48.083094], [-89.415502, 48.082905], [-89.416133, 48.082693], [-89.417029, 48.082459], [-89.418192, 48.082203], [-89.419621, 48.081924], [-89.42081, 48.081751], [-89.421761, 48.081684], [-89.422472, 48.081722], [-89.422943, 48.081866], [-89.423321, 48.081996], [-89.423604, 48.082113], [-89.423793, 48.082217], [-89.423887, 48.082307], [-89.423958, 48.082408], [-89.424005, 48.08252], [-89.424029, 48.082644], [-89.424029, 48.082779], [-89.423992, 48.08295], [-89.423917, 48.083157], [-89.423806, 48.083399], [-89.423658, 48.083678], [-89.423442, 48.083932], [-89.423159, 48.084162], [-89.422809, 48.084366], [-89.422391, 48.084546], [-89.422158, 48.084596], [-89.422111, 48.084515], [-89.422249, 48.084303], [-89.422573, 48.083962], [-89.422805, 48.08369]]]}}, {"type": "Feature", "properties": {"lead": 72, "temp": "t12far"}, "geometry": {"type": "Polygon", "coordinates": [[[-89.474286, 48.050996], [-89.474185, 48.050946], [-89.474087, 48.050872], [-89.473993, 48.050773], [-89.473909, 48.050714], [-89.473835, 48.050696], [-89.473771, 48.050719], [-89.473717, 48.050782], [-89.473669, 48.050813], [-89.473629, 48.050813], [-89.473595, 48.050782], [-89.473568, 48.050719], [-89.473518, 48.050674], [-89.473444, 48.050647], [-89.473346, 48.050638], [-89.473225, 48.050647], [-89.473073, 48.05062], [-89.472891, 48.050557], [-89.472679, 48.050458], [-89.472436, 48.050323], [-89.472018, 48.050154], [-89.471425, 48.049952], [-89.470657, 48.049715], [-89.469713, 48.049445], [-89.468961, 48.049214], [-89.468402, 48.04902], [-89.468035, 48.048865], [-89.467859, 48.048748], [-89.467711, 48.048615], [-89.46759, 48.048466], [-89.467495, 48.048302], [-89.467428, 48.048122], [-89.467442, 48.047987], [-89.467536, 48.047897], [-89.467711, 48.047852], [-89.467967, 48.047852], [-89.468183, 48.047888], [-89.468358, 48.04796], [-89.468493, 48.048068], [-89.468587, 48.048212], [-89.468756, 48.048356], [-89.468999, 48.0485], [-89.469315, 48.048644], [-89.469706, 48.048788], [-89.470134, 48.048925], [-89.470599, 48.049056], [-89.471101, 48.04918], [-89.471641, 48.049297], [-89.47216, 48.049439], [-89.472658, 48.049605], [-89.473137, 48.049796], [-89.473595, 48.050012], [-89.474027, 48.050181], [-89.474431, 48.050303], [-89.474808, 48.050377], [-89.475159, 48.050404], [-89.475398, 48.050426], [-89.475526, 48.050444], [-89.475543, 48.050458], [-89.475449, 48.050467], [-89.475338, 48.050507], [-89.47521, 48.050579], [-89.475065, 48.050683], [-89.474903, 48.050818], [-89.474755, 48.050919], [-89.47462, 48.050987], [-89.474498, 48.05102], [-89.474391, 48.05102], [-89.474286, 48.050996]]]}}, {"type": "Feature", "properties": {"lead": 72, "temp": "t12far"}, "geometry": {"type": "Polygon", "coordinates": [[[-89.475971, 48.050631], [-89.475924, 48.050609], [-89.4759, 48.050584], [-89.4759, 48.050557], [-89.475924, 48.050539], [-89.475971, 48.05053], [-89.476042, 48.05053], [-89.476136, 48.050539], [-89.476207, 48.050555], [-89.476254, 48.050577], [-89.476278, 48.050606], [-89.476278, 48.050642], [-89.476254, 48.050665], [-89.476207, 48.050674], [-89.476136, 48.050669], [-89.476042, 48.050651], [-89.475971, 48.050631]]]}}, {"type": "Feature", "properties": {"lead": 72, "temp": "t12far"}, "geometry": {"type": "Polygon", "coordinates": [[[-89.476318, 48.050942], [-89.476372, 48.050892], [-89.47646, 48.050845], [-89.476581, 48.0508], [-89.476672, 48.050773], [-89.476733, 48.050764], [-89.476763, 48.050773], [-89.476763, 48.0508], [-89.476736, 48.050838], [-89.476682, 48.050888], [-89.476601, 48.050948], [-89.476494, 48.05102], [-89.476409, 48.051061], [-89.476349, 48.05107], [-89.476312, 48.051047], [-89.476298, 48.050993], [-89.476318, 48.050942]]]}}, {"type": "Feature", "properties": {"lead": 72, "temp": "t12far"}, "geometry": {"type": "Polygon", "coordinates": [[[-89.47829, 48.053892], [-89.478323, 48.053784], [-89.478482, 48.05368], [-89.478765, 48.053581], [-89.478984, 48.053462], [-89.479139, 48.053322], [-89.47923, 48.053163], [-89.479257, 48.052983], [-89.479227, 48.052803], [-89.479139, 48.052623], [-89.478994, 48.052443], [-89.478792, 48.052263], [-89.47863, 48.052098], [-89.478509, 48.05195], [-89.478428, 48.051817], [-89.478387, 48.0517], [-89.478239, 48.051554], [-89.477983, 48.051378], [-89.477619, 48.051173], [-89.477147, 48.050939], [-89.476918, 48.050771], [-89.476932, 48.050667], [-89.477188, 48.050629], [-89.477656, 48.050654], [-89.47767, 48.050656], [-89.478216, 48.050755], [-89.478516, 48.050858], [-89.478569, 48.050966], [-89.478714, 48.051128], [-89.47895, 48.051344], [-89.479277, 48.051615], [-89.479695, 48.051939], [-89.479992, 48.052272], [-89.480167, 48.052614], [-89.480221, 48.052965], [-89.480153, 48.053325], [-89.480025, 48.053622], [-89.479837, 48.053856], [-89.479587, 48.054027], [-89.479277, 48.054135], [-89.479215, 48.05416], [-89.479078, 48.054186], [-89.478829, 48.054182], [-89.478596, 48.054121], [-89.478381, 48.054004], [-89.47829, 48.053892]], [[-89.477353, 48.050847], [-89.477319, 48.050861], [-89.477302, 48.050881], [-89.477302, 48.050908], [-89.477319, 48.050921], [-89.477353, 48.050921], [-89.477403, 48.050908], [-89.477471, 48.050881], [-89.477505, 48.050861], [-89.477505, 48.050847], [-89.477471, 48.05084], [-89.477403, 48.05084], [-89.477353, 48.050847]]]}}, {"type": "Feature", "properties": {"lead": 72, "temp": "t12far"}, "geometry": {"type": "Polygon", "coordinates": [[[-89.477683, 48.054596], [-89.47769, 48.0546], [-89.477646, 48.054612], [-89.477552, 48.05463], [-89.477478, 48.054641], [-89.477424, 48.054645], [-89.47739, 48.054643], [-89.477376, 48.054634], [-89.477393, 48.054625], [-89.47744, 48.054616], [-89.477518, 48.054607], [-89.477626, 48.054598], [-89.477683, 48.054596]]]}}, {"type": "Feature", "properties": {"lead": 72, "temp": "t12far"}, "geometry": {"type": "Polygon", "coordinates": [[[-89.476413, 48.054758], [-89.476763, 48.054744], [-89.476774, 48.054753], [-89.47652, 48.054783], [-89.475533, 48.054873], [-89.474913, 48.054915], [-89.474256, 48.05494], [-89.473983, 48.054942], [-89.474138, 48.05492], [-89.474721, 48.054873], [-89.475732, 48.054801], [-89.476413, 48.054758]]]}}, {"type": "Feature", "properties": {"lead": 72, "temp": "t12far"}, "geometry": {"type": "Polygon", "coordinates": [[[-89.470131, 48.054963], [-89.470508, 48.054945], [-89.471088, 48.054949], [-89.47187, 48.054976], [-89.472311, 48.054999], [-89.472412, 48.055017], [-89.472173, 48.05503], [-89.471593, 48.055039], [-89.471115, 48.055053], [-89.470737, 48.055071], [-89.470461, 48.055093], [-89.470396, 48.055103], [-89.470185, 48.055116], [-89.47014, 48.055123], [-89.470047, 48.055107], [-89.469983, 48.055066], [-89.469956, 48.055003], [-89.470131, 48.054963]]]}}, {"type": "Feature", "properties": {"lead": 72, "temp": "t12far"}, "geometry": {"type": "Polygon", "coordinates": [[[-89.463708, 48.05602], [-89.463526, 48.055872], [-89.463364, 48.055674], [-89.463158, 48.055494], [-89.462909, 48.055332], [-89.462616, 48.055188], [-89.462279, 48.055062], [-89.461982, 48.054965], [-89.461726, 48.054897], [-89.46151, 48.054859], [-89.461335, 48.05485], [-89.461244, 48.054828], [-89.461237, 48.054792], [-89.461315, 48.054742], [-89.461477, 48.054679], [-89.461679, 48.054632], [-89.461921, 48.0546], [-89.462204, 48.054585], [-89.462528, 48.054585], [-89.462814, 48.0546], [-89.463064, 48.054632], [-89.463276, 48.054679], [-89.463451, 48.054742], [-89.463627, 48.05483], [-89.463802, 48.054942], [-89.463977, 48.05508], [-89.464152, 48.055242], [-89.464371, 48.055334], [-89.464634, 48.055356], [-89.464941, 48.055309], [-89.465291, 48.055192], [-89.465602, 48.055116], [-89.465871, 48.05508], [-89.4661, 48.055084], [-89.466289, 48.055129], [-89.466495, 48.055152], [-89.466717, 48.055152], [-89.466956, 48.055129], [-89.467212, 48.055084], [-89.467516, 48.05505], [-89.467866, 48.055028], [-89.468264, 48.055017], [-89.468709, 48.055017], [-89.469049, 48.055026], [-89.469285, 48.055044], [-89.469416, 48.055071], [-89.469443, 48.055107], [-89.469275, 48.055158], [-89.468911, 48.055226], [-89.468351, 48.055309], [-89.467597, 48.055408], [-89.466923, 48.055521], [-89.466329, 48.055647], [-89.465817, 48.055786], [-89.465386, 48.055939], [-89.465002, 48.056054], [-89.464678, 48.056127], [-89.464375, 48.056169], [-89.464132, 48.056169], [-89.46391, 48.056119], [-89.463708, 48.05602]]]}}, {"type": "Feature", "properties": {"lead": 72, "temp": "t12far"}, "geometry": {"type": "Polygon", "coordinates": [[[-89.457176, 48.056137], [-89.45748, 48.055989], [-89.457817, 48.055845], [-89.458046, 48.055761], [-89.458167, 48.055739], [-89.458177, 48.055766], [-89.457749, 48.055998], [-89.457331, 48.056268], [-89.456946, 48.056489], [-89.456833, 48.056542], [-89.45655, 48.056657], [-89.456428, 48.056679], [-89.456469, 48.05661], [-89.456671, 48.056448], [-89.456907, 48.05629], [-89.457176, 48.056137]]]}}, {"type": "Feature", "properties": {"lead": 72, "temp": "t12far"}, "geometry": {"type": "Polygon", "coordinates": [[[-89.455822, 48.056952], [-89.455835, 48.056952], [-89.455815, 48.056965], [-89.455761, 48.056992], [-89.455714, 48.057012], [-89.455673, 48.057026], [-89.45564, 48.057033], [-89.455613, 48.057033], [-89.455613, 48.057026], [-89.45564, 48.057012], [-89.455694, 48.056992], [-89.455774, 48.056965], [-89.455822, 48.056952]]]}}, {"type": "Feature", "properties": {"lead": 72, "temp": "t12far"}, "geometry": {"type": "Polygon", "coordinates": [[[-89.416318, 48.058425], [-89.416399, 48.058385], [-89.416554, 48.058329], [-89.416783, 48.058257], [-89.416978, 48.05818], [-89.41714, 48.058099], [-89.417268, 48.058014], [-89.417363, 48.057924], [-89.417423, 48.057818], [-89.41745, 48.057696], [-89.417444, 48.057559], [-89.417432, 48.057514], [-89.417427, 48.057469], [-89.417411, 48.057438], [-89.417403, 48.057406], [-89.417367, 48.057346], [-89.417353, 48.057316], [-89.417341, 48.057303], [-89.417315, 48.05726], [-89.417181, 48.05712], [-89.417058, 48.057031], [-89.417032, 48.05701], [-89.417018, 48.057002], [-89.416999, 48.056988], [-89.416907, 48.056937], [-89.416823, 48.056889], [-89.416807, 48.056882], [-89.41677, 48.056862], [-89.416703, 48.056841], [-89.416594, 48.056799], [-89.416345, 48.05674], [-89.416075, 48.056713], [-89.415725, 48.05672], [-89.415293, 48.05676], [-89.415021, 48.0568], [-89.415031, 48.056772], [-89.415179, 48.056718], [-89.415432, 48.056666], [-89.415789, 48.056616], [-89.416251, 48.056569], [-89.416817, 48.056524], [-89.417288, 48.056531], [-89.417666, 48.056589], [-89.417949, 48.0567], [-89.418138, 48.056862], [-89.418286, 48.057026], [-89.418394, 48.057192], [-89.418461, 48.057361], [-89.418488, 48.057532], [-89.418481, 48.05766], [-89.418441, 48.057746], [-89.418367, 48.057789], [-89.418259, 48.057789], [-89.418077, 48.057831], [-89.417821, 48.057917], [-89.417491, 48.058045], [-89.417086, 48.058216], [-89.416766, 48.058342], [-89.41653, 48.058423], [-89.416379, 48.058459], [-89.416311, 48.05845], [-89.416318, 48.058425]]]}}, {"type": "Feature", "properties": {"lead": 72, "temp": "t12far"}, "geometry": {"type": "Polygon", "coordinates": [[[-89.44526, 48.061168], [-89.445691, 48.060961], [-89.446143, 48.060772], [-89.446615, 48.060601], [-89.447225, 48.060441], [-89.447973, 48.060293], [-89.448859, 48.060155], [-89.449884, 48.060029], [-89.450635, 48.059899], [-89.451114, 48.059764], [-89.451319, 48.059624], [-89.451252, 48.05948], [-89.451262, 48.059348], [-89.45135, 48.059226], [-89.451515, 48.059116], [-89.451757, 48.059017], [-89.451953, 48.058988], [-89.452101, 48.059028], [-89.452202, 48.059138], [-89.452256, 48.059318], [-89.452364, 48.059474], [-89.452526, 48.059604], [-89.452741, 48.05971], [-89.453011, 48.059791], [-89.453156, 48.059879], [-89.453176, 48.059973], [-89.453072, 48.060074], [-89.452843, 48.060182], [-89.452535, 48.060284], [-89.452455, 48.060304], [-89.451919, 48.060412], [-89.451245, 48.060529], [-89.450531, 48.060623], [-89.449776, 48.060695], [-89.449764, 48.060696], [-89.449041, 48.060731], [-89.448246, 48.060749], [-89.44745, 48.060839], [-89.446655, 48.061001], [-89.446644, 48.061005], [-89.446493, 48.061035], [-89.445678, 48.061271], [-89.444869, 48.061577], [-89.444537, 48.061714], [-89.444363, 48.061741], [-89.444458, 48.061636], [-89.444849, 48.061393], [-89.44526, 48.061168]]]}}, {"type": "Feature", "properties": {"lead": 72, "temp": "t12far"}, "geometry": {"type": "Polygon", "coordinates": [[[-89.419118, 48.064317], [-89.418195, 48.064056], [-89.417336, 48.063773], [-89.41654, 48.063467], [-89.415816, 48.063233], [-89.415162, 48.063071], [-89.414579, 48.062981], [-89.414562, 48.06298], [-89.414276, 48.062936], [-89.413885, 48.062936], [-89.413883, 48.062936], [-89.413683, 48.062907], [-89.413426, 48.062812], [-89.413298, 48.06268], [-89.413298, 48.062509], [-89.413423, 48.062385], [-89.413672, 48.062308], [-89.414047, 48.062279], [-89.414545, 48.062297], [-89.415125, 48.062385], [-89.415785, 48.062542], [-89.416527, 48.06277], [-89.417349, 48.063067], [-89.418215, 48.063346], [-89.419125, 48.063606], [-89.420079, 48.063849], [-89.421076, 48.064074], [-89.422054, 48.064194], [-89.423011, 48.064207], [-89.423948, 48.064115], [-89.424864, 48.063917], [-89.425673, 48.063762], [-89.426374, 48.063649], [-89.426967, 48.063579], [-89.427453, 48.063552], [-89.427914, 48.063498], [-89.428352, 48.063417], [-89.428767, 48.06331], [-89.429158, 48.063175], [-89.429734, 48.063022], [-89.430496, 48.062851], [-89.431443, 48.062662], [-89.432575, 48.062455], [-89.433448, 48.062286], [-89.434061, 48.062155], [-89.434415, 48.062063], [-89.434509, 48.062009], [-89.434627, 48.061969], [-89.434769, 48.061942], [-89.434934, 48.061928], [-89.435123, 48.061928], [-89.435419, 48.061863], [-89.435824, 48.061732], [-89.436336, 48.061537], [-89.436956, 48.061276], [-89.437536, 48.06108], [-89.438075, 48.06095], [-89.438574, 48.060884], [-89.439032, 48.060884], [-89.439423, 48.060925], [-89.439746, 48.061006], [-89.440003, 48.061127], [-89.440191, 48.061289], [-89.440343, 48.061478], [-89.440458, 48.061694], [-89.440535, 48.061937], [-89.440576, 48.062207], [-89.440633, 48.062412], [-89.440707, 48.062551], [-89.440798, 48.062626], [-89.440906, 48.062635], [-89.441034, 48.062619], [-89.441182, 48.062578], [-89.441351, 48.062513], [-89.441539, 48.062423], [-89.441755, 48.062362], [-89.441998, 48.062331], [-89.442267, 48.062329], [-89.442564, 48.062356], [-89.442769, 48.062398], [-89.442884, 48.062457], [-89.442908, 48.062531], [-89.44284, 48.062621], [-89.442702, 48.062725], [-89.442532, 48.06282], [-89.442213, 48.062972], [-89.441863, 48.063116], [-89.441529, 48.063222], [-89.441212, 48.063289], [-89.440913, 48.063319], [-89.440629, 48.06331], [-89.4404, 48.063287], [-89.440225, 48.063251], [-89.440104, 48.063202], [-89.440036, 48.063139], [-89.439932, 48.06308], [-89.43979, 48.063026], [-89.439612, 48.062977], [-89.439396, 48.062932], [-89.439265, 48.062871], [-89.439217, 48.062794], [-89.439254, 48.062702], [-89.439376, 48.062594], [-89.439467, 48.062475], [-89.439527, 48.062344], [-89.439558, 48.062203], [-89.439558, 48.06205], [-89.439531, 48.06191], [-89.439477, 48.061784], [-89.439396, 48.061672], [-89.439288, 48.061573], [-89.439163, 48.061487], [-89.439022, 48.061415], [-89.438864, 48.061357], [-89.438688, 48.061312], [-89.438516, 48.061296], [-89.438506, 48.061294], [-89.438277, 48.061267], [-89.438035, 48.061258], [-89.437694, 48.061316], [-89.437256, 48.061442], [-89.437189, 48.061467], [-89.437168, 48.061472], [-89.436757, 48.061602], [-89.436316, 48.061771], [-89.435844, 48.061978], [-89.435456, 48.062162], [-89.435153, 48.062324], [-89.434934, 48.062464], [-89.434799, 48.062581], [-89.434641, 48.062668], [-89.434459, 48.062727], [-89.434253, 48.062756], [-89.434024, 48.062756], [-89.433771, 48.062788], [-89.433495, 48.062851], [-89.433195, 48.062945], [-89.432872, 48.063071], [-89.432471, 48.06319], [-89.431992, 48.063303], [-89.431436, 48.063408], [-89.430802, 48.063507], [-89.43024, 48.063613], [-89.429748, 48.063726], [-89.429326, 48.063845], [-89.428976, 48.063971], [-89.428592, 48.064072], [-89.428174, 48.064149], [-89.427722, 48.0642], [-89.427237, 48.064227], [-89.426637, 48.064299], [-89.425923, 48.064416], [-89.425094, 48.064578], [-89.42415, 48.064785], [-89.423179, 48.064886], [-89.422182, 48.064882], [-89.421157, 48.064772], [-89.420106, 48.064556], [-89.419118, 48.064317]]]}}, {"type": "Feature", "properties": {"lead": 72, "temp": "t12far"}, "geometry": {"type": "Polygon", "coordinates": [[[-89.413339, 48.067856], [-89.413393, 48.067725], [-89.41348, 48.067575], [-89.413602, 48.067404], [-89.413662, 48.067224], [-89.413662, 48.067035], [-89.413602, 48.066837], [-89.41348, 48.06663], [-89.41345, 48.066551], [-89.413511, 48.066601], [-89.413662, 48.066778], [-89.413905, 48.067084], [-89.414026, 48.067354], [-89.414026, 48.067588], [-89.413905, 48.067786], [-89.413662, 48.067948], [-89.413618, 48.067992], [-89.413521, 48.068047], [-89.413399, 48.068083], [-89.413332, 48.068056], [-89.413319, 48.067966], [-89.413339, 48.067856]]]}}, {"type": "Feature", "properties": {"lead": 72, "temp": "t12far"}, "geometry": {"type": "Polygon", "coordinates": [[[-89.438874, 48.070058], [-89.438934, 48.069995], [-89.439099, 48.069914], [-89.439369, 48.069815], [-89.439568, 48.069759], [-89.439696, 48.069745], [-89.439753, 48.069775], [-89.43974, 48.069847], [-89.439703, 48.069914], [-89.439642, 48.069977], [-89.439558, 48.070036], [-89.43945, 48.07009], [-89.439332, 48.070123], [-89.439204, 48.070137], [-89.439066, 48.07013], [-89.438917, 48.070103], [-89.438874, 48.070058]]]}}, {"type": "Feature", "properties": {"lead": 72, "temp": "t12far"}, "geometry": {"type": "Polygon", "coordinates": [[[-89.423098, 48.073781], [-89.422775, 48.073767], [-89.422445, 48.073774], [-89.422108, 48.073801], [-89.421828, 48.073808], [-89.421606, 48.073794], [-89.42144, 48.07376], [-89.421333, 48.073706], [-89.421248, 48.073639], [-89.421188, 48.073558], [-89.421151, 48.073463], [-89.421137, 48.073355], [-89.42109, 48.073259], [-89.421009, 48.073173], [-89.420894, 48.073099], [-89.420746, 48.073036], [-89.420183, 48.072917], [-89.419206, 48.072741], [-89.417814, 48.07251], [-89.416008, 48.072222], [-89.415014, 48.072033], [-89.414832, 48.071943], [-89.415462, 48.071952], [-89.416904, 48.07206], [-89.418053, 48.072179], [-89.418909, 48.07231], [-89.419472, 48.072451], [-89.419742, 48.072604], [-89.419995, 48.072719], [-89.420231, 48.072795], [-89.42045, 48.072834], [-89.420652, 48.072834], [-89.420884, 48.072863], [-89.421147, 48.072921], [-89.42144, 48.073009], [-89.421764, 48.073126], [-89.422114, 48.073216], [-89.422492, 48.073279], [-89.422896, 48.073315], [-89.423328, 48.073324], [-89.423772, 48.073288], [-89.424231, 48.073207], [-89.424703, 48.073081], [-89.425188, 48.07291], [-89.425569, 48.072728], [-89.425845, 48.072534], [-89.426017, 48.07233], [-89.426084, 48.072114], [-89.426435, 48.071857], [-89.426736, 48.071716], [-89.426792, 48.071723], [-89.426832, 48.07175], [-89.426832, 48.071794], [-89.426856, 48.071828], [-89.426903, 48.071851], [-89.426974, 48.071862], [-89.427068, 48.071862], [-89.427129, 48.071844], [-89.427156, 48.071808], [-89.427149, 48.071754], [-89.427109, 48.071682], [-89.427324, 48.071547], [-89.427796, 48.071349], [-89.428524, 48.071088], [-89.429508, 48.070764], [-89.430371, 48.070512], [-89.431099, 48.070332], [-89.431813, 48.070197], [-89.432366, 48.070143], [-89.432872, 48.070125], [-89.43333, 48.070143], [-89.433741, 48.070197], [-89.434105, 48.070287], [-89.434466, 48.070359], [-89.434823, 48.070413], [-89.435177, 48.070449], [-89.435527, 48.070467], [-89.435719, 48.07049], [-89.435753, 48.070517], [-89.435628, 48.070548], [-89.435345, 48.070584], [-89.435092, 48.070634], [-89.43487, 48.070697], [-89.434678, 48.070773], [-89.434516, 48.070863], [-89.434284, 48.070915], [-89.43398, 48.070929], [-89.433606, 48.070904], [-89.433161, 48.070841], [-89.432669, 48.07083], [-89.43213, 48.07087], [-89.431544, 48.070962], [-89.43091, 48.071106], [-89.43026, 48.071275], [-89.429593, 48.071468], [-89.428908, 48.071687], [-89.428207, 48.071929], [-89.427628, 48.072177], [-89.427169, 48.072429], [-89.426832, 48.072685], [-89.426617, 48.072946], [-89.426324, 48.07318], [-89.425953, 48.073387], [-89.425505, 48.073567], [-89.424979, 48.07372], [-89.424507, 48.073821], [-89.424089, 48.073871], [-89.423725, 48.073868], [-89.423415, 48.073814], [-89.423098, 48.073781]]]}}, {"type": "Feature", "properties": {"lead": 72, "temp": "t12far"}, "geometry": {"type": "Polygon", "coordinates": [[[-89.42971, 48.081169], [-89.429414, 48.080989], [-89.429158, 48.080764], [-89.428969, 48.080539], [-89.428848, 48.080314], [-89.428794, 48.080089], [-89.428807, 48.079864], [-89.428898, 48.079628], [-89.429067, 48.079381], [-89.429313, 48.079122], [-89.429636, 48.078852], [-89.430081, 48.078562], [-89.430647, 48.078252], [-89.431335, 48.077921], [-89.432144, 48.07757], [-89.432922, 48.077271], [-89.43367, 48.077024], [-89.434388, 48.076828], [-89.435076, 48.076684], [-89.435766, 48.076493], [-89.436461, 48.076255], [-89.437158, 48.075969], [-89.437859, 48.075636], [-89.438634, 48.075301], [-89.439484, 48.074964], [-89.440407, 48.074624], [-89.441405, 48.074282], [-89.442385, 48.073907], [-89.443349, 48.073497], [-89.444296, 48.073054], [-89.445226, 48.072577], [-89.446015, 48.072204], [-89.446662, 48.071934], [-89.447167, 48.071767], [-89.447531, 48.071705], [-89.447932, 48.071556], [-89.44837, 48.071322], [-89.448846, 48.071003], [-89.449358, 48.070598], [-89.450002, 48.07017], [-89.450777, 48.069721], [-89.451683, 48.069248], [-89.452721, 48.068753], [-89.453655, 48.068344], [-89.454484, 48.06802], [-89.455208, 48.067782], [-89.455828, 48.067629], [-89.456368, 48.067482], [-89.456826, 48.067343], [-89.457203, 48.06721], [-89.4575, 48.067084], [-89.457978, 48.06697], [-89.458639, 48.066866], [-89.459481, 48.066774], [-89.460506, 48.066693], [-89.461419, 48.066556], [-89.462221, 48.066362], [-89.462912, 48.066112], [-89.463492, 48.065807], [-89.464085, 48.065546], [-89.464692, 48.06533], [-89.465312, 48.065159], [-89.465945, 48.065033], [-89.466404, 48.064916], [-89.466687, 48.064808], [-89.466795, 48.064709], [-89.466727, 48.064619], [-89.4664, 48.064524], [-89.465814, 48.064425], [-89.464968, 48.064322], [-89.463863, 48.064214], [-89.462835, 48.064185], [-89.461884, 48.064234], [-89.461012, 48.064362], [-89.460216, 48.064569], [-89.459121, 48.064761], [-89.457726, 48.064936], [-89.456031, 48.065096], [-89.454036, 48.06524], [-89.452425, 48.065397], [-89.451198, 48.065568], [-89.450355, 48.065753], [-89.449897, 48.065951], [-89.449432, 48.066121], [-89.44896, 48.066265], [-89.448482, 48.066382], [-89.447996, 48.066472], [-89.447289, 48.066544], [-89.446359, 48.066598], [-89.445206, 48.066634], [-89.443831, 48.066652], [-89.442736, 48.066684], [-89.44192, 48.066729], [-89.441384, 48.066787], [-89.441128, 48.066859], [-89.440977, 48.067001], [-89.440929, 48.067213], [-89.440987, 48.067494], [-89.441148, 48.067845], [-89.441236, 48.068124], [-89.44125, 48.06833], [-89.441189, 48.068465], [-89.441054, 48.068528], [-89.44095, 48.068609], [-89.440875, 48.068708], [-89.440832, 48.068825], [-89.440818, 48.06896], [-89.440778, 48.06908], [-89.44071, 48.069183], [-89.440616, 48.069271], [-89.440495, 48.069343], [-89.44039, 48.069388], [-89.440303, 48.069406], [-89.440232, 48.069397], [-89.440178, 48.069361], [-89.440154, 48.069316], [-89.440161, 48.069262], [-89.440179, 48.069231], [-89.440198, 48.069221], [-89.440265, 48.06914], [-89.440316, 48.069028], [-89.44035, 48.068884], [-89.440367, 48.068708], [-89.440367, 48.068501], [-89.440323, 48.068254], [-89.440235, 48.067966], [-89.440104, 48.067638], [-89.439928, 48.067269], [-89.439928, 48.066945], [-89.440104, 48.066666], [-89.440454, 48.066432], [-89.44098, 48.066243], [-89.441718, 48.066099], [-89.442668, 48.066], [-89.443831, 48.065946], [-89.445206, 48.065937], [-89.446332, 48.065912], [-89.447208, 48.065872], [-89.447835, 48.065816], [-89.448212, 48.065744], [-89.448623, 48.065636], [-89.449068, 48.065492], [-89.449547, 48.065312], [-89.450059, 48.065096], [-89.450955, 48.064898], [-89.452236, 48.064718], [-89.453901, 48.064556], [-89.45595, 48.064412], [-89.457705, 48.06425], [-89.459168, 48.06407], [-89.460337, 48.063872], [-89.461214, 48.063656], [-89.462026, 48.063521], [-89.462774, 48.063467], [-89.463458, 48.063494], [-89.464078, 48.063602], [-89.464688, 48.063687], [-89.465288, 48.06375], [-89.465878, 48.063791], [-89.466457, 48.063809], [-89.466929, 48.063883], [-89.467293, 48.064014], [-89.467549, 48.0642], [-89.467698, 48.064443], [-89.467806, 48.064662], [-89.467873, 48.064855], [-89.4679, 48.065024], [-89.467886, 48.065168], [-89.467846, 48.065291], [-89.467779, 48.065395], [-89.467684, 48.065478], [-89.467563, 48.065541], [-89.467364, 48.065591], [-89.467088, 48.065627], [-89.466734, 48.065649], [-89.466302, 48.065658], [-89.465773, 48.065764], [-89.465147, 48.065966], [-89.464422, 48.066265], [-89.4636, 48.066661], [-89.462868, 48.066958], [-89.462228, 48.067156], [-89.461679, 48.067255], [-89.46122, 48.067255], [-89.460816, 48.067273], [-89.460466, 48.067309], [-89.460169, 48.067363], [-89.459926, 48.067435], [-89.45966, 48.067489], [-89.45937, 48.067525], [-89.459057, 48.067543], [-89.45872, 48.067543], [-89.458403, 48.067572], [-89.458107, 48.067631], [-89.45783, 48.067719], [-89.457792, 48.067736], [-89.457409, 48.067833], [-89.456435, 48.068124], [-89.455249, 48.06851], [-89.454187, 48.068891], [-89.45325, 48.069264], [-89.452438, 48.069631], [-89.451751, 48.069991], [-89.451104, 48.070373], [-89.450497, 48.070778], [-89.449931, 48.071205], [-89.449405, 48.071655], [-89.448913, 48.072001], [-89.448455, 48.072244], [-89.44803, 48.072384], [-89.447639, 48.07242], [-89.44712, 48.072564], [-89.446473, 48.072816], [-89.445698, 48.073176], [-89.444795, 48.073643], [-89.443861, 48.074082], [-89.442897, 48.074491], [-89.441903, 48.074871], [-89.440879, 48.075222], [-89.439942, 48.075566], [-89.439093, 48.075904], [-89.438331, 48.076234], [-89.437657, 48.076558], [-89.437088, 48.076821], [-89.436622, 48.077024], [-89.436262, 48.077165], [-89.436006, 48.077246], [-89.435733, 48.077314], [-89.435443, 48.077368], [-89.435136, 48.077408], [-89.434813, 48.077435], [-89.434344, 48.07755], [-89.433731, 48.077752], [-89.432973, 48.078043], [-89.43207, 48.07842], [-89.431348, 48.078733], [-89.430809, 48.07898], [-89.430452, 48.079163], [-89.430277, 48.07928], [-89.430128, 48.079417], [-89.430007, 48.079574], [-89.429913, 48.079752], [-89.429904, 48.079778], [-89.429845, 48.079898], [-89.429825, 48.080085], [-89.429829, 48.080096], [-89.429825, 48.080127], [-89.429852, 48.080285], [-89.429926, 48.080422], [-89.430047, 48.080539], [-89.430063, 48.080547], [-89.430182, 48.080642], [-89.430331, 48.080714], [-89.430499, 48.080768], [-89.430688, 48.080804], [-89.430897, 48.080822], [-89.431126, 48.080822], [-89.431547, 48.080771], [-89.432161, 48.080667], [-89.432966, 48.080512], [-89.433963, 48.080305], [-89.434732, 48.08015], [-89.435271, 48.080046], [-89.435581, 48.079995], [-89.435662, 48.079995], [-89.435723, 48.080017], [-89.435763, 48.080062], [-89.435783, 48.08013], [-89.435783, 48.08022], [-89.43581, 48.080294], [-89.435864, 48.080352], [-89.435945, 48.080395], [-89.436053, 48.080422], [-89.436012, 48.080478], [-89.435824, 48.080564], [-89.435487, 48.080678], [-89.435001, 48.080822], [-89.434462, 48.080959], [-89.433869, 48.08109], [-89.433222, 48.081214], [-89.432521, 48.081331], [-89.431891, 48.081407], [-89.431331, 48.081443], [-89.430843, 48.081438], [-89.430425, 48.081394], [-89.430047, 48.081304], [-89.42971, 48.081169]]]}}, {"type": "Feature", "properties": {"lead": 72, "temp": "t12far"}, "geometry": {"type": "Polygon", "coordinates": [[[-89.420706, 48.087636], [-89.42018, 48.087213], [-89.419772, 48.086851], [-89.419482, 48.08655], [-89.419311, 48.086309], [-89.419257, 48.086129], [-89.41928, 48.085945], [-89.419381, 48.085756], [-89.41956, 48.085563], [-89.419816, 48.085365], [-89.420106, 48.085201], [-89.420429, 48.08507], [-89.420787, 48.084974], [-89.421178, 48.084911], [-89.421575, 48.084818], [-89.42198, 48.084697], [-89.422391, 48.084546], [-89.422809, 48.084366], [-89.423159, 48.084162], [-89.423442, 48.083932], [-89.423658, 48.083678], [-89.423806, 48.083399], [-89.423917, 48.083157], [-89.423992, 48.08295], [-89.424029, 48.082779], [-89.424029, 48.082644], [-89.424005, 48.08252], [-89.423958, 48.082408], [-89.423887, 48.082307], [-89.423793, 48.082217], [-89.423604, 48.082113], [-89.423321, 48.081996], [-89.422943, 48.081866], [-89.422472, 48.081722], [-89.422077, 48.081614], [-89.421761, 48.081542], [-89.421521, 48.081506], [-89.42136, 48.081506], [-89.420921, 48.081576], [-89.420207, 48.081715], [-89.419216, 48.081924], [-89.417949, 48.082203], [-89.416908, 48.082459], [-89.416092, 48.082693], [-89.415502, 48.082905], [-89.415138, 48.083094], [-89.414785, 48.083256], [-89.414441, 48.08339], [-89.414107, 48.083498], [-89.413784, 48.083579], [-89.413777, 48.083582], [-89.413581, 48.083595], [-89.41342, 48.083546], [-89.413332, 48.083431], [-89.413319, 48.083251], [-89.413379, 48.083096], [-89.413514, 48.082965], [-89.413723, 48.08286], [-89.414006, 48.082779], [-89.414293, 48.082678], [-89.414582, 48.082556], [-89.414876, 48.082414], [-89.415172, 48.082253], [-89.415489, 48.082127], [-89.415826, 48.082037], [-89.416183, 48.081983], [-89.416561, 48.081965], [-89.417059, 48.081897], [-89.417679, 48.08178], [-89.418421, 48.081614], [-89.419284, 48.081398], [-89.420038, 48.081229], [-89.420686, 48.081108], [-89.421225, 48.081034], [-89.421656, 48.081007], [-89.422101, 48.081022], [-89.422559, 48.081081], [-89.423031, 48.081182], [-89.423516, 48.081326], [-89.423931, 48.08149], [-89.424275, 48.081675], [-89.424548, 48.081879], [-89.42475, 48.082104], [-89.424895, 48.082334], [-89.424982, 48.082567], [-89.425013, 48.082806], [-89.424986, 48.083049], [-89.424935, 48.083285], [-89.424861, 48.083514], [-89.424763, 48.083737], [-89.424642, 48.083953], [-89.424487, 48.084157], [-89.424298, 48.084351], [-89.424076, 48.084533], [-89.42382, 48.084704], [-89.42355, 48.084861], [-89.423267, 48.085005], [-89.42297, 48.085135], [-89.42266, 48.085252], [-89.42234, 48.085354], [-89.42201, 48.085439], [-89.42167, 48.085509], [-89.421319, 48.085563], [-89.421026, 48.085626], [-89.42079, 48.085698], [-89.420611, 48.085779], [-89.42049, 48.085869], [-89.420402, 48.085956], [-89.420348, 48.086042], [-89.420328, 48.086125], [-89.420342, 48.086206], [-89.420426, 48.086334], [-89.420581, 48.086509], [-89.420807, 48.086732], [-89.421103, 48.087002], [-89.42142, 48.087256], [-89.421757, 48.087494], [-89.422114, 48.087717], [-89.422492, 48.087924], [-89.422839, 48.08809], [-89.423156, 48.088216], [-89.423442, 48.088302], [-89.423698, 48.088347], [-89.424126, 48.088358], [-89.424726, 48.088335], [-89.425498, 48.088279], [-89.426442, 48.088189], [-89.427207, 48.088104], [-89.427793, 48.088023], [-89.428201, 48.087946], [-89.42843, 48.087874], [-89.428794, 48.087809], [-89.429293, 48.087751], [-89.429926, 48.087699], [-89.430695, 48.087654], [-89.431409, 48.087562], [-89.43207, 48.087422], [-89.432676, 48.087236], [-89.433229, 48.087002], [-89.433771, 48.08679], [-89.434304, 48.086602], [-89.434826, 48.086435], [-89.435338, 48.086291], [-89.435797, 48.086143], [-89.436201, 48.08599], [-89.436552, 48.085833], [-89.436848, 48.085671], [-89.437061, 48.085608], [-89.437189, 48.085644], [-89.437232, 48.085779], [-89.437192, 48.086012], [-89.437145, 48.086199], [-89.437091, 48.086339], [-89.43703, 48.086431], [-89.436963, 48.086476], [-89.436764, 48.086554], [-89.436434, 48.086667], [-89.436287, 48.086713], [-89.436201, 48.086739], [-89.436152, 48.086756], [-89.435972, 48.086813], [-89.435379, 48.086993], [-89.434819, 48.08718], [-89.434294, 48.087373], [-89.433802, 48.087573], [-89.433448, 48.087733], [-89.433063, 48.087865], [-89.432757, 48.087958], [-89.432043, 48.088106], [-89.4312, 48.088225], [-89.430229, 48.088315], [-89.429464, 48.0884], [-89.428905, 48.088481], [-89.428551, 48.088558], [-89.428477, 48.088594], [-89.428201, 48.088639], [-89.42785, 48.088702], [-89.427702, 48.088738], [-89.427756, 48.088747], [-89.428012, 48.088729], [-89.428144, 48.088713], [-89.428066, 48.088733], [-89.427877, 48.088765], [-89.427675, 48.088783], [-89.427449, 48.088783], [-89.4272, 48.088765], [-89.426927, 48.088729], [-89.42663, 48.088675], [-89.426408, 48.088648], [-89.42626, 48.088648], [-89.426185, 48.088675], [-89.426185, 48.088729], [-89.426121, 48.088787], [-89.425993, 48.08885], [-89.425801, 48.088918], [-89.425545, 48.08899], [-89.425198, 48.08903], [-89.42476, 48.089039], [-89.424231, 48.089017], [-89.423611, 48.088963], [-89.422984, 48.088823], [-89.42235, 48.088598], [-89.42171, 48.088288], [-89.421063, 48.087892], [-89.420933, 48.087808], [-89.420706, 48.087636]]]}}, {"type": "Feature", "properties": {"lead": 96, "temp": "t12"}, "geometry": {"type": "Polygon", "coordinates": [[[-89.423395, 48.065447], [-89.42326, 48.065393], [-89.423102, 48.065359], [-89.42292, 48.065345], [-89.422714, 48.065352], [-89.422485, 48.065379], [-89.422296, 48.065386], [-89.422148, 48.065372], [-89.42204, 48.065339], [-89.421973, 48.065285], [-89.421848, 48.065255], [-89.421666, 48.065251], [-89.421427, 48.065271], [-89.42113, 48.065316], [-89.420884, 48.06533], [-89.420689, 48.065312], [-89.420544, 48.065262], [-89.42045, 48.065181], [-89.420295, 48.065107], [-89.420079, 48.065039], [-89.419803, 48.064979], [-89.419466, 48.064925], [-89.419061, 48.064826], [-89.418589, 48.064682], [-89.41805, 48.064493], [-89.417444, 48.064259], [-89.416958, 48.064083], [-89.416594, 48.063966], [-89.416352, 48.063908], [-89.41623, 48.063908], [-89.416139, 48.063888], [-89.416079, 48.063847], [-89.416048, 48.063786], [-89.416048, 48.063705], [-89.416011, 48.063638], [-89.415937, 48.063584], [-89.415826, 48.063543], [-89.415678, 48.063516], [-89.41557, 48.06348], [-89.415502, 48.063435], [-89.415475, 48.063381], [-89.415489, 48.063319], [-89.415459, 48.063265], [-89.415384, 48.06322], [-89.415266, 48.063184], [-89.415105, 48.063157], [-89.414929, 48.063166], [-89.414741, 48.063211], [-89.414539, 48.063292], [-89.414323, 48.063408], [-89.414117, 48.063489], [-89.413922, 48.063534], [-89.413736, 48.063543], [-89.413561, 48.063516], [-89.41343, 48.063462], [-89.413342, 48.063381], [-89.413298, 48.063274], [-89.413298, 48.063139], [-89.413396, 48.063037], [-89.413592, 48.06297], [-89.413885, 48.062936], [-89.414276, 48.062936], [-89.414798, 48.063017], [-89.415452, 48.063179], [-89.416237, 48.063422], [-89.417154, 48.063746], [-89.418104, 48.064043], [-89.419088, 48.064313], [-89.420106, 48.064556], [-89.421157, 48.064772], [-89.422182, 48.064882], [-89.423179, 48.064886], [-89.42415, 48.064785], [-89.425094, 48.064578], [-89.425923, 48.064416], [-89.426637, 48.064299], [-89.427237, 48.064227], [-89.427722, 48.0642], [-89.428174, 48.064149], [-89.428592, 48.064072], [-89.428976, 48.063971], [-89.429326, 48.063845], [-89.429748, 48.063726], [-89.43024, 48.063613], [-89.430802, 48.063507], [-89.431436, 48.063408], [-89.431992, 48.063303], [-89.432471, 48.06319], [-89.432872, 48.063071], [-89.433195, 48.062945], [-89.433495, 48.062851], [-89.433771, 48.062788], [-89.434024, 48.062756], [-89.434253, 48.062756], [-89.434459, 48.062727], [-89.434641, 48.062668], [-89.434799, 48.062581], [-89.434934, 48.062464], [-89.435153, 48.062324], [-89.435456, 48.062162], [-89.435844, 48.061978], [-89.436316, 48.061771], [-89.436757, 48.061602], [-89.437168, 48.061472], [-89.437549, 48.061379], [-89.4379, 48.061325], [-89.438206, 48.061296], [-89.438469, 48.061292], [-89.438688, 48.061312], [-89.438864, 48.061357], [-89.439022, 48.061415], [-89.439163, 48.061487], [-89.439288, 48.061573], [-89.439396, 48.061672], [-89.439477, 48.061784], [-89.439531, 48.06191], [-89.439558, 48.06205], [-89.439558, 48.062203], [-89.439527, 48.062344], [-89.439467, 48.062475], [-89.439376, 48.062594], [-89.439254, 48.062702], [-89.439217, 48.062794], [-89.439265, 48.062871], [-89.439396, 48.062932], [-89.439612, 48.062977], [-89.43979, 48.063026], [-89.439932, 48.06308], [-89.440036, 48.063139], [-89.440104, 48.063202], [-89.440225, 48.063251], [-89.4404, 48.063287], [-89.440629, 48.06331], [-89.440913, 48.063319], [-89.441212, 48.063289], [-89.441529, 48.063222], [-89.441863, 48.063116], [-89.442213, 48.062972], [-89.442534, 48.062819], [-89.442823, 48.062657], [-89.443083, 48.062486], [-89.443312, 48.062306], [-89.443686, 48.062095], [-89.444205, 48.061852], [-89.444869, 48.061577], [-89.445678, 48.061271], [-89.446493, 48.061035], [-89.447316, 48.060869], [-89.448145, 48.060772], [-89.44898, 48.060745], [-89.449776, 48.060695], [-89.450531, 48.060623], [-89.451245, 48.060529], [-89.451919, 48.060412], [-89.452455, 48.060304], [-89.452853, 48.060205], [-89.453112, 48.060115], [-89.453233, 48.060034], [-89.453257, 48.059953], [-89.453183, 48.059872], [-89.453011, 48.059791], [-89.452741, 48.05971], [-89.452539, 48.059595], [-89.452404, 48.059447], [-89.452337, 48.059264], [-89.452337, 48.059048], [-89.452398, 48.058871], [-89.452519, 48.058731], [-89.452701, 48.05863], [-89.452944, 48.058567], [-89.453193, 48.058473], [-89.453449, 48.058347], [-89.453712, 48.058189], [-89.453982, 48.058], [-89.454211, 48.057854], [-89.454399, 48.05775], [-89.454548, 48.05769], [-89.454656, 48.057672], [-89.454753, 48.057633], [-89.454841, 48.057575], [-89.454918, 48.057496], [-89.454986, 48.057397], [-89.455138, 48.057287], [-89.455373, 48.057165], [-89.455694, 48.057033], [-89.456098, 48.056889], [-89.456506, 48.056713], [-89.456917, 48.056506], [-89.457331, 48.056268], [-89.457749, 48.055998], [-89.458198, 48.055755], [-89.458676, 48.055539], [-89.459185, 48.05535], [-89.459724, 48.055188], [-89.460206, 48.055062], [-89.460631, 48.054972], [-89.460998, 48.054918], [-89.461308, 48.0549], [-89.461625, 48.054918], [-89.461948, 48.054972], [-89.462279, 48.055062], [-89.462616, 48.055188], [-89.462909, 48.055332], [-89.463158, 48.055494], [-89.463364, 48.055674], [-89.463526, 48.055872], [-89.463708, 48.05602], [-89.46391, 48.056119], [-89.464132, 48.056169], [-89.464375, 48.056169], [-89.464705, 48.056124], [-89.465123, 48.056034], [-89.465628, 48.055899], [-89.466222, 48.055719], [-89.466808, 48.05557], [-89.467388, 48.055453], [-89.467961, 48.055368], [-89.468527, 48.055314], [-89.468985, 48.055284], [-89.469336, 48.05528], [-89.469578, 48.0553], [-89.469713, 48.055345], [-89.469814, 48.055363], [-89.469881, 48.055354], [-89.469915, 48.055318], [-89.469915, 48.055255], [-89.469942, 48.055203], [-89.469996, 48.055163], [-89.470077, 48.055134], [-89.470185, 48.055116], [-89.470566, 48.055093], [-89.471219, 48.055066], [-89.472146, 48.055035], [-89.473346, 48.054999], [-89.474475, 48.054945], [-89.475533, 48.054873], [-89.47652, 48.054783], [-89.477437, 48.054675], [-89.478125, 48.05458], [-89.478583, 48.054499], [-89.478812, 48.054432], [-89.478812, 48.054378], [-89.47889, 48.05431], [-89.479045, 48.054229], [-89.479277, 48.054135], [-89.479587, 48.054027], [-89.479837, 48.053856], [-89.480025, 48.053622], [-89.480153, 48.053325], [-89.480221, 48.052965], [-89.480167, 48.052614], [-89.479992, 48.052272], [-89.479695, 48.051939], [-89.479277, 48.051615], [-89.47895, 48.051344], [-89.478714, 48.051128], [-89.478569, 48.050966], [-89.478516, 48.050858], [-89.478216, 48.050755], [-89.47767, 48.050656], [-89.476878, 48.050561], [-89.47584, 48.050471], [-89.474947, 48.05035], [-89.474198, 48.050197], [-89.473595, 48.050012], [-89.473137, 48.049796], [-89.472658, 48.049605], [-89.47216, 48.049439], [-89.471641, 48.049297], [-89.471101, 48.04918], [-89.470599, 48.049056], [-89.470134, 48.048925], [-89.469706, 48.048788], [-89.469315, 48.048644], [-89.468999, 48.0485], [-89.468756, 48.048356], [-89.468587, 48.048212], [-89.468493, 48.048068], [-89.468537, 48.04796], [-89.468719, 48.047888], [-89.469039, 48.047852], [-89.469497, 48.047852], [-89.469888, 48.047888], [-89.470212, 48.04796], [-89.470468, 48.048068], [-89.470657, 48.048212], [-89.47096, 48.048356], [-89.471378, 48.0485], [-89.47191, 48.048644], [-89.472557, 48.048788], [-89.47311, 48.048932], [-89.473568, 48.049076], [-89.473932, 48.04922], [-89.474202, 48.049364], [-89.474539, 48.049472], [-89.474943, 48.049544], [-89.475415, 48.04958], [-89.475954, 48.04958], [-89.476369, 48.049594], [-89.476659, 48.049621], [-89.476824, 48.049661], [-89.476864, 48.049715], [-89.476928, 48.04976], [-89.477016, 48.049796], [-89.477127, 48.049823], [-89.477262, 48.049841], [-89.477383, 48.049844], [-89.477491, 48.04983], [-89.477585, 48.049801], [-89.477666, 48.049756], [-89.477761, 48.049736], [-89.477868, 48.04974], [-89.47799, 48.049769], [-89.478125, 48.049823], [-89.478246, 48.049857], [-89.478354, 48.049871], [-89.478448, 48.049864], [-89.478529, 48.049837], [-89.478623, 48.049846], [-89.478731, 48.049891], [-89.478853, 48.049972], [-89.478987, 48.050089], [-89.479119, 48.050183], [-89.479247, 48.050255], [-89.479372, 48.050305], [-89.479493, 48.050332], [-89.479621, 48.050402], [-89.479756, 48.050514], [-89.479897, 48.050669], [-89.480046, 48.050867], [-89.480174, 48.051009], [-89.480281, 48.051095], [-89.480369, 48.051124], [-89.480436, 48.051097], [-89.480511, 48.051126], [-89.480591, 48.051212], [-89.480679, 48.051353], [-89.480773, 48.051551], [-89.480868, 48.051702], [-89.480962, 48.051806], [-89.481057, 48.051862], [-89.481151, 48.051871], [-89.481218, 48.051979], [-89.481259, 48.052186], [-89.481272, 48.052492], [-89.481259, 48.052897], [-89.481228, 48.05325], [-89.481181, 48.053552], [-89.481117, 48.053802], [-89.481036, 48.054], [-89.480912, 48.054191], [-89.480743, 48.054375], [-89.480531, 48.054553], [-89.480275, 48.054724], [-89.479995, 48.054866], [-89.479692, 48.054978], [-89.479365, 48.055062], [-89.479014, 48.055116], [-89.478731, 48.055179], [-89.478516, 48.055251], [-89.478367, 48.055332], [-89.478286, 48.055422], [-89.477643, 48.055516], [-89.476436, 48.055615], [-89.474667, 48.055719], [-89.472335, 48.055827], [-89.470451, 48.055923], [-89.469015, 48.056009], [-89.468028, 48.056083], [-89.467489, 48.056146], [-89.466966, 48.056236], [-89.466461, 48.056353], [-89.465972, 48.056497], [-89.4655, 48.056668], [-89.465056, 48.056796], [-89.464638, 48.056882], [-89.464247, 48.056925], [-89.463883, 48.056925], [-89.463549, 48.056846], [-89.463246, 48.056688], [-89.462973, 48.056452], [-89.46273, 48.056137], [-89.46242, 48.055901], [-89.462043, 48.055743], [-89.461598, 48.055665], [-89.461086, 48.055665], [-89.460658, 48.055685], [-89.460314, 48.055725], [-89.460054, 48.055786], [-89.459879, 48.055867], [-89.459748, 48.055944], [-89.45966, 48.056016], [-89.459616, 48.056083], [-89.459616, 48.056146], [-89.459562, 48.0562], [-89.459455, 48.056245], [-89.459293, 48.056281], [-89.459077, 48.056308], [-89.458905, 48.056351], [-89.458777, 48.056409], [-89.458693, 48.056484], [-89.458652, 48.056574], [-89.458568, 48.056648], [-89.45844, 48.056706], [-89.458268, 48.056749], [-89.458053, 48.056776], [-89.457773, 48.056868], [-89.457429, 48.057026], [-89.457021, 48.057249], [-89.45655, 48.057537], [-89.456078, 48.057795], [-89.455606, 48.058025], [-89.455134, 48.058225], [-89.454662, 48.058396], [-89.454319, 48.058554], [-89.454103, 48.058698], [-89.454015, 48.058828], [-89.454056, 48.058945], [-89.454103, 48.059028], [-89.454157, 48.059078], [-89.454217, 48.059093], [-89.454285, 48.059075], [-89.454362, 48.059087], [-89.45445, 48.059127], [-89.454548, 48.059197], [-89.454656, 48.059296], [-89.454736, 48.059393], [-89.45479, 48.059487], [-89.454817, 48.059579], [-89.454817, 48.059669], [-89.454763, 48.059786], [-89.454656, 48.05993], [-89.454494, 48.060101], [-89.454278, 48.060299], [-89.454073, 48.060455], [-89.453877, 48.060567], [-89.453692, 48.060637], [-89.453517, 48.060664], [-89.453382, 48.060695], [-89.453287, 48.060731], [-89.453233, 48.060772], [-89.45322, 48.060817], [-89.453173, 48.060846], [-89.453092, 48.06086], [-89.452977, 48.060857], [-89.452829, 48.060839], [-89.452694, 48.060844], [-89.452573, 48.060871], [-89.452465, 48.06092], [-89.452371, 48.060992], [-89.452131, 48.061067], [-89.451747, 48.061143], [-89.451218, 48.061222], [-89.450544, 48.061303], [-89.449981, 48.061364], [-89.44953, 48.061404], [-89.449189, 48.061424], [-89.44896, 48.061424], [-89.448768, 48.061409], [-89.448613, 48.061377], [-89.448495, 48.06133], [-89.448414, 48.061267], [-89.448343, 48.061233], [-89.448283, 48.061229], [-89.448232, 48.061253], [-89.448192, 48.061307], [-89.448128, 48.061341], [-89.44804, 48.061355], [-89.447929, 48.061348], [-89.447794, 48.061321], [-89.447609, 48.061339], [-89.447373, 48.061402], [-89.447086, 48.06151], [-89.446749, 48.061663], [-89.446476, 48.061775], [-89.446268, 48.061847], [-89.446123, 48.061879], [-89.446042, 48.06187], [-89.445957, 48.061885], [-89.44587, 48.061926], [-89.445779, 48.061991], [-89.445685, 48.062081], [-89.44557, 48.062155], [-89.445435, 48.062214], [-89.44528, 48.062257], [-89.445105, 48.062284], [-89.444855, 48.062376], [-89.444532, 48.062533], [-89.444134, 48.062756], [-89.443662, 48.063044], [-89.443258, 48.063267], [-89.442921, 48.063424], [-89.442651, 48.063516], [-89.442449, 48.063543], [-89.442294, 48.063577], [-89.442186, 48.063618], [-89.442126, 48.063665], [-89.442112, 48.063719], [-89.442082, 48.063753], [-89.442035, 48.063766], [-89.441971, 48.063759], [-89.44189, 48.063732], [-89.441829, 48.063726], [-89.441789, 48.063739], [-89.441769, 48.063773], [-89.441769, 48.063827], [-89.441748, 48.063861], [-89.441708, 48.063874], [-89.441647, 48.063867], [-89.441566, 48.06384], [-89.441506, 48.063834], [-89.441465, 48.063847], [-89.441445, 48.063881], [-89.441445, 48.063935], [-89.441391, 48.063971], [-89.441283, 48.063989], [-89.441121, 48.063989], [-89.440906, 48.063971], [-89.440744, 48.063948], [-89.440636, 48.063921], [-89.440582, 48.06389], [-89.440582, 48.063854], [-89.440549, 48.063836], [-89.440481, 48.063836], [-89.44038, 48.063854], [-89.440245, 48.06389], [-89.440144, 48.063901], [-89.440077, 48.063888], [-89.440043, 48.063849], [-89.440043, 48.063786], [-89.440006, 48.063746], [-89.439932, 48.063728], [-89.439821, 48.063732], [-89.439672, 48.063759], [-89.439558, 48.063759], [-89.439477, 48.063732], [-89.43943, 48.063678], [-89.439416, 48.063597], [-89.439329, 48.06353], [-89.439167, 48.063476], [-89.438931, 48.063435], [-89.438621, 48.063408], [-89.438402, 48.063366], [-89.438274, 48.063307], [-89.438237, 48.063233], [-89.438291, 48.063143], [-89.438297, 48.063069], [-89.438257, 48.06301], [-89.438169, 48.062968], [-89.438035, 48.062941], [-89.437937, 48.062898], [-89.437876, 48.062839], [-89.437853, 48.062765], [-89.437866, 48.062675], [-89.437917, 48.062601], [-89.438004, 48.062542], [-89.438129, 48.0625], [-89.438291, 48.062473], [-89.438422, 48.062423], [-89.438523, 48.062351], [-89.438594, 48.062257], [-89.438634, 48.06214], [-89.438621, 48.062045], [-89.438553, 48.061973], [-89.438432, 48.061924], [-89.438257, 48.061897], [-89.438031, 48.061926], [-89.437755, 48.062011], [-89.437428, 48.062153], [-89.43705, 48.062351], [-89.4367, 48.062515], [-89.436376, 48.062646], [-89.43608, 48.062743], [-89.43581, 48.062806], [-89.435598, 48.062878], [-89.435443, 48.062959], [-89.435345, 48.063049], [-89.435305, 48.063148], [-89.435231, 48.063211], [-89.435123, 48.063238], [-89.434981, 48.063229], [-89.434806, 48.063184], [-89.434671, 48.063168], [-89.434577, 48.063181], [-89.434523, 48.063224], [-89.434509, 48.063296], [-89.434425, 48.063348], [-89.43427, 48.063379], [-89.434044, 48.06339], [-89.433748, 48.063381], [-89.433519, 48.063395], [-89.433357, 48.063431], [-89.433263, 48.063489], [-89.433236, 48.06357], [-89.433185, 48.063618], [-89.433111, 48.063631], [-89.433013, 48.063611], [-89.432892, 48.063557], [-89.432804, 48.063541], [-89.43275, 48.063564], [-89.43273, 48.063624], [-89.432744, 48.063723], [-89.432673, 48.0638], [-89.432518, 48.063854], [-89.432278, 48.063885], [-89.431955, 48.063894], [-89.431706, 48.063915], [-89.43153, 48.063946], [-89.431429, 48.063989], [-89.431402, 48.064043], [-89.431358, 48.06407], [-89.431298, 48.06407], [-89.43122, 48.064043], [-89.431126, 48.063989], [-89.431038, 48.063969], [-89.430957, 48.063982], [-89.430883, 48.064029], [-89.430816, 48.06411], [-89.430684, 48.064173], [-89.430489, 48.064218], [-89.430229, 48.064245], [-89.429906, 48.064254], [-89.429643, 48.064281], [-89.429441, 48.064326], [-89.429299, 48.064389], [-89.429218, 48.06447], [-89.429124, 48.064524], [-89.429016, 48.064551], [-89.428895, 48.064551], [-89.42876, 48.064524], [-89.428639, 48.06452], [-89.428531, 48.064538], [-89.428437, 48.064578], [-89.428356, 48.064641], [-89.428261, 48.064693], [-89.428154, 48.064734], [-89.428032, 48.064763], [-89.427897, 48.064781], [-89.427786, 48.064774], [-89.427699, 48.064743], [-89.427635, 48.064686], [-89.427594, 48.064605], [-89.427544, 48.064545], [-89.427483, 48.064504], [-89.427412, 48.064484], [-89.427331, 48.064484], [-89.42726, 48.0645], [-89.4272, 48.064531], [-89.427149, 48.064578], [-89.427109, 48.064641], [-89.427055, 48.064689], [-89.426987, 48.06472], [-89.426907, 48.064736], [-89.426812, 48.064736], [-89.426741, 48.064749], [-89.426694, 48.064776], [-89.426671, 48.064817], [-89.426671, 48.064871], [-89.426533, 48.064911], [-89.426256, 48.064938], [-89.425842, 48.064952], [-89.425289, 48.064952], [-89.424874, 48.064967], [-89.424598, 48.064999], [-89.42446, 48.065046], [-89.42446, 48.065109], [-89.424436, 48.065156], [-89.424389, 48.065188], [-89.424318, 48.065204], [-89.424224, 48.065204], [-89.424153, 48.065217], [-89.424106, 48.065244], [-89.424083, 48.065285], [-89.424083, 48.065339], [-89.424052, 48.065372], [-89.423992, 48.065386], [-89.423901, 48.065379], [-89.423779, 48.065352], [-89.423688, 48.065345], [-89.423628, 48.065359], [-89.423597, 48.065393], [-89.423597, 48.065447], [-89.423564, 48.065474], [-89.423496, 48.065474], [-89.423395, 48.065447]], [[-89.453193, 48.05912], [-89.453153, 48.05912], [-89.453122, 48.059127], [-89.453102, 48.059141], [-89.453092, 48.059161], [-89.453092, 48.059188], [-89.453102, 48.059201], [-89.453122, 48.059201], [-89.453153, 48.059188], [-89.453193, 48.059161], [-89.453213, 48.059141], [-89.453213, 48.059127], [-89.453193, 48.05912]], [[-89.453955, 48.058936], [-89.453955, 48.058909], [-89.453924, 48.058896], [-89.453864, 48.058896], [-89.453773, 48.058909], [-89.453651, 48.058936], [-89.453591, 48.058956], [-89.453591, 48.05897], [-89.453651, 48.058976], [-89.453773, 48.058976], [-89.453864, 48.05897], [-89.453924, 48.058956], [-89.453955, 48.058936]], [[-89.453611, 48.058833], [-89.453597, 48.058833], [-89.453587, 48.058835], [-89.453581, 48.058839], [-89.453577, 48.058846], [-89.453577, 48.058855], [-89.453581, 48.05886], [-89.453587, 48.05886], [-89.453597, 48.058855], [-89.453611, 48.058846], [-89.453618, 48.058839], [-89.453618, 48.058835], [-89.453611, 48.058833]], [[-89.453773, 48.058725], [-89.453759, 48.058725], [-89.453749, 48.058727], [-89.453742, 48.058731], [-89.453739, 48.058738], [-89.453739, 48.058747], [-89.453742, 48.058752], [-89.453749, 48.058752], [-89.453759, 48.058747], [-89.453773, 48.058738], [-89.453779, 48.058731], [-89.453779, 48.058727], [-89.453773, 48.058725]], [[-89.454096, 48.058509], [-89.454083, 48.058509], [-89.454073, 48.058511], [-89.454066, 48.058515], [-89.454062, 48.058522], [-89.454062, 48.058531], [-89.454066, 48.058536], [-89.454073, 48.058536], [-89.454083, 48.058531], [-89.454096, 48.058522], [-89.454103, 48.058515], [-89.454103, 48.058511], [-89.454096, 48.058509]]]}}, {"type": "Feature", "properties": {"lead": 96, "temp": "t12"}, "geometry": {"type": "Polygon", "coordinates": [[[-89.436484, 48.070184], [-89.436484, 48.070049], [-89.436562, 48.069939], [-89.436717, 48.069853], [-89.436949, 48.069793], [-89.437259, 48.069757], [-89.437489, 48.069752], [-89.437637, 48.069779], [-89.437704, 48.069838], [-89.437691, 48.069928], [-89.437607, 48.070015], [-89.437451, 48.070101], [-89.437226, 48.070184], [-89.436929, 48.070265], [-89.436707, 48.070292], [-89.436558, 48.070265], [-89.436484, 48.070184]]]}}, {"type": "Feature", "properties": {"lead": 96, "temp": "t12"}, "geometry": {"type": "Polygon", "coordinates": [[[-89.431005, 48.080782], [-89.430695, 48.080755], [-89.430432, 48.080705], [-89.430216, 48.080633], [-89.430047, 48.080539], [-89.429926, 48.080422], [-89.429852, 48.080285], [-89.429825, 48.080127], [-89.429845, 48.07995], [-89.429913, 48.079752], [-89.430007, 48.079574], [-89.430128, 48.079417], [-89.430277, 48.07928], [-89.430452, 48.079163], [-89.430809, 48.07898], [-89.431348, 48.078733], [-89.43207, 48.07842], [-89.432973, 48.078043], [-89.433731, 48.077752], [-89.434344, 48.07755], [-89.434813, 48.077435], [-89.435136, 48.077408], [-89.435443, 48.077368], [-89.435733, 48.077314], [-89.436006, 48.077246], [-89.436262, 48.077165], [-89.436622, 48.077024], [-89.437088, 48.076821], [-89.437657, 48.076558], [-89.438331, 48.076234], [-89.439093, 48.075904], [-89.439942, 48.075566], [-89.440879, 48.075222], [-89.441903, 48.074871], [-89.442897, 48.074491], [-89.443861, 48.074082], [-89.444795, 48.073643], [-89.445698, 48.073176], [-89.446473, 48.072816], [-89.44712, 48.072564], [-89.447639, 48.07242], [-89.44803, 48.072384], [-89.448455, 48.072244], [-89.448913, 48.072001], [-89.449405, 48.071655], [-89.449931, 48.071205], [-89.450497, 48.070778], [-89.451104, 48.070373], [-89.451751, 48.069991], [-89.452438, 48.069631], [-89.45325, 48.069264], [-89.454187, 48.068891], [-89.455249, 48.06851], [-89.456435, 48.068124], [-89.457409, 48.067833], [-89.458171, 48.06764], [-89.45872, 48.067543], [-89.459057, 48.067543], [-89.45937, 48.067525], [-89.45966, 48.067489], [-89.459926, 48.067435], [-89.460169, 48.067363], [-89.460466, 48.067309], [-89.460816, 48.067273], [-89.46122, 48.067255], [-89.461679, 48.067255], [-89.462228, 48.067156], [-89.462868, 48.066958], [-89.4636, 48.066661], [-89.464422, 48.066265], [-89.465147, 48.065966], [-89.465773, 48.065764], [-89.466302, 48.065658], [-89.466734, 48.065649], [-89.467088, 48.065627], [-89.467364, 48.065591], [-89.467563, 48.065541], [-89.467684, 48.065478], [-89.467779, 48.065395], [-89.467846, 48.065291], [-89.467886, 48.065168], [-89.4679, 48.065024], [-89.467873, 48.064855], [-89.467806, 48.064662], [-89.467698, 48.064443], [-89.467549, 48.0642], [-89.467293, 48.064014], [-89.466929, 48.063883], [-89.466457, 48.063809], [-89.465878, 48.063791], [-89.465288, 48.06375], [-89.464688, 48.063687], [-89.464078, 48.063602], [-89.463458, 48.063494], [-89.462774, 48.063467], [-89.462026, 48.063521], [-89.461214, 48.063656], [-89.460337, 48.063872], [-89.459168, 48.06407], [-89.457705, 48.06425], [-89.45595, 48.064412], [-89.453901, 48.064556], [-89.452236, 48.064718], [-89.450955, 48.064898], [-89.450059, 48.065096], [-89.449547, 48.065312], [-89.449068, 48.065492], [-89.448623, 48.065636], [-89.448212, 48.065744], [-89.447835, 48.065816], [-89.447208, 48.065872], [-89.446332, 48.065912], [-89.445206, 48.065937], [-89.443831, 48.065946], [-89.442668, 48.066], [-89.441718, 48.066099], [-89.44098, 48.066243], [-89.440454, 48.066432], [-89.440104, 48.066666], [-89.439928, 48.066945], [-89.439928, 48.067269], [-89.440104, 48.067638], [-89.440235, 48.067966], [-89.440323, 48.068254], [-89.440367, 48.068501], [-89.440367, 48.068708], [-89.44035, 48.068884], [-89.440316, 48.069028], [-89.440265, 48.06914], [-89.440198, 48.069221], [-89.4401, 48.069273], [-89.439972, 48.069295], [-89.439814, 48.069289], [-89.439625, 48.069253], [-89.439504, 48.069255], [-89.43945, 48.069295], [-89.439463, 48.069374], [-89.439544, 48.069491], [-89.439541, 48.069604], [-89.439453, 48.069712], [-89.439281, 48.069815], [-89.439025, 48.069914], [-89.43882, 48.069948], [-89.438665, 48.069916], [-89.43856, 48.06982], [-89.438506, 48.069658], [-89.438527, 48.0695], [-89.438621, 48.069347], [-89.438789, 48.069199], [-89.439032, 48.069055], [-89.439214, 48.068904], [-89.439335, 48.068747], [-89.439396, 48.068582], [-89.439396, 48.068411], [-89.439372, 48.068263], [-89.439325, 48.068137], [-89.439254, 48.068034], [-89.43916, 48.067953], [-89.439079, 48.067833], [-89.439012, 48.067676], [-89.438958, 48.06748], [-89.438917, 48.067246], [-89.438874, 48.067071], [-89.438826, 48.066954], [-89.438776, 48.066895], [-89.438722, 48.066895], [-89.438685, 48.066846], [-89.438665, 48.066747], [-89.438661, 48.066598], [-89.438675, 48.0664], [-89.438715, 48.066229], [-89.438783, 48.066086], [-89.438877, 48.065969], [-89.438998, 48.065879], [-89.439143, 48.065811], [-89.439312, 48.065766], [-89.439504, 48.065744], [-89.43972, 48.065744], [-89.439969, 48.06571], [-89.440252, 48.065642], [-89.440569, 48.065541], [-89.440919, 48.065406], [-89.441526, 48.065296], [-89.442389, 48.06521], [-89.443507, 48.06515], [-89.444882, 48.065114], [-89.446008, 48.06506], [-89.446884, 48.064988], [-89.447511, 48.064898], [-89.447889, 48.06479], [-89.448205, 48.064716], [-89.448461, 48.064675], [-89.448657, 48.064668], [-89.448792, 48.064695], [-89.448923, 48.064686], [-89.449051, 48.064641], [-89.449176, 48.06456], [-89.449297, 48.064443], [-89.449452, 48.064342], [-89.449641, 48.064257], [-89.449863, 48.064187], [-89.45012, 48.064133], [-89.450443, 48.064092], [-89.450834, 48.064065], [-89.451292, 48.064052], [-89.451818, 48.064052], [-89.452243, 48.064029], [-89.452566, 48.063984], [-89.452789, 48.063917], [-89.45291, 48.063827], [-89.453227, 48.063746], [-89.453739, 48.063674], [-89.454447, 48.063611], [-89.45535, 48.063557], [-89.456111, 48.063523], [-89.456732, 48.06351], [-89.45721, 48.063516], [-89.457547, 48.063543], [-89.457867, 48.06355], [-89.458171, 48.063537], [-89.458457, 48.063503], [-89.458727, 48.063449], [-89.458949, 48.063393], [-89.459124, 48.063334], [-89.459252, 48.063274], [-89.459333, 48.063211], [-89.459414, 48.06317], [-89.459495, 48.063152], [-89.459576, 48.063157], [-89.459657, 48.063184], [-89.459761, 48.063184], [-89.459889, 48.063157], [-89.460041, 48.063103], [-89.460216, 48.063022], [-89.460445, 48.062945], [-89.460728, 48.062873], [-89.461065, 48.062806], [-89.461456, 48.062743], [-89.46176, 48.062704], [-89.461975, 48.062691], [-89.462103, 48.062702], [-89.462144, 48.062738], [-89.462282, 48.062765], [-89.462518, 48.062783], [-89.462852, 48.062792], [-89.463283, 48.062792], [-89.46367, 48.062812], [-89.464014, 48.062853], [-89.464314, 48.062914], [-89.46457, 48.062995], [-89.464921, 48.063055], [-89.465366, 48.063096], [-89.465905, 48.063116], [-89.466538, 48.063116], [-89.467081, 48.063152], [-89.467533, 48.063224], [-89.467893, 48.063332], [-89.468163, 48.063476], [-89.468395, 48.063699], [-89.468591, 48.064], [-89.468749, 48.06438], [-89.46887, 48.064839], [-89.468918, 48.065219], [-89.468891, 48.065521], [-89.46879, 48.065744], [-89.468614, 48.065888], [-89.468355, 48.066009], [-89.468011, 48.066108], [-89.467583, 48.066184], [-89.467071, 48.066238], [-89.466666, 48.066295], [-89.46637, 48.066353], [-89.466181, 48.066414], [-89.4661, 48.066477], [-89.465986, 48.066531], [-89.465837, 48.066576], [-89.465655, 48.066612], [-89.46544, 48.066639], [-89.465234, 48.066702], [-89.465039, 48.066801], [-89.464853, 48.066936], [-89.464678, 48.067107], [-89.464503, 48.067242], [-89.464328, 48.067341], [-89.464152, 48.067404], [-89.463977, 48.067431], [-89.463825, 48.067473], [-89.463697, 48.067532], [-89.463593, 48.067606], [-89.463512, 48.067696], [-89.463408, 48.067777], [-89.46328, 48.067849], [-89.463128, 48.067912], [-89.462953, 48.067966], [-89.462767, 48.068], [-89.462572, 48.068013], [-89.462366, 48.068007], [-89.462151, 48.06798], [-89.461958, 48.067966], [-89.46179, 48.067966], [-89.461645, 48.06798], [-89.461524, 48.068007], [-89.461433, 48.068043], [-89.461372, 48.068088], [-89.461342, 48.068142], [-89.461342, 48.068205], [-89.461332, 48.068243], [-89.461311, 48.068256], [-89.461281, 48.068245], [-89.461241, 48.068209], [-89.461123, 48.068182], [-89.460927, 48.068164], [-89.460654, 48.068155], [-89.460304, 48.068155], [-89.460041, 48.068164], [-89.459866, 48.068182], [-89.459778, 48.068209], [-89.459778, 48.068245], [-89.459714, 48.068272], [-89.459586, 48.06829], [-89.459394, 48.068299], [-89.459138, 48.068299], [-89.458925, 48.068312], [-89.458757, 48.068339], [-89.458632, 48.06838], [-89.458551, 48.068434], [-89.458447, 48.068474], [-89.458319, 48.068501], [-89.458167, 48.068515], [-89.457992, 48.068515], [-89.457786, 48.068551], [-89.45755, 48.068623], [-89.457284, 48.068731], [-89.456988, 48.068875], [-89.456732, 48.068983], [-89.456516, 48.069055], [-89.456341, 48.069091], [-89.456206, 48.069091], [-89.456031, 48.069127], [-89.455815, 48.069199], [-89.455559, 48.069307], [-89.455262, 48.069451], [-89.454966, 48.069572], [-89.454669, 48.069671], [-89.454373, 48.069748], [-89.454076, 48.069802], [-89.453843, 48.069858], [-89.453675, 48.069916], [-89.45357, 48.069977], [-89.45353, 48.07004], [-89.453446, 48.070101], [-89.453318, 48.070159], [-89.453146, 48.070215], [-89.45293, 48.070269], [-89.452681, 48.070359], [-89.452398, 48.070485], [-89.452081, 48.070647], [-89.45173, 48.070845], [-89.451393, 48.071066], [-89.45107, 48.071309], [-89.45076, 48.071574], [-89.450463, 48.071862], [-89.450187, 48.0721], [-89.449931, 48.072289], [-89.449695, 48.072429], [-89.449479, 48.072519], [-89.449324, 48.0726], [-89.44923, 48.072672], [-89.449196, 48.072735], [-89.449223, 48.072789], [-89.449226, 48.072838], [-89.449206, 48.072883], [-89.449162, 48.072924], [-89.449095, 48.07296], [-89.449011, 48.072978], [-89.44891, 48.072978], [-89.448792, 48.07296], [-89.448657, 48.072924], [-89.448536, 48.072912], [-89.448428, 48.072926], [-89.448333, 48.072964], [-89.448252, 48.073027], [-89.448104, 48.073088], [-89.447889, 48.073146], [-89.447605, 48.073203], [-89.447255, 48.073256], [-89.446942, 48.073333], [-89.446665, 48.073432], [-89.446426, 48.073553], [-89.446224, 48.073697], [-89.446048, 48.073805], [-89.4459, 48.073877], [-89.445779, 48.073913], [-89.445685, 48.073913], [-89.445604, 48.073931], [-89.445536, 48.073967], [-89.445482, 48.074021], [-89.445442, 48.074093], [-89.445378, 48.074149], [-89.44529, 48.07419], [-89.445179, 48.074215], [-89.445044, 48.074224], [-89.444903, 48.074266], [-89.444754, 48.074343], [-89.444599, 48.074453], [-89.444438, 48.074597], [-89.444293, 48.074705], [-89.444165, 48.074777], [-89.444053, 48.074813], [-89.443959, 48.074813], [-89.443868, 48.074835], [-89.44378, 48.07488], [-89.443696, 48.074948], [-89.443615, 48.075038], [-89.443501, 48.075119], [-89.443352, 48.075191], [-89.44317, 48.075254], [-89.442955, 48.075308], [-89.442773, 48.075371], [-89.442625, 48.075443], [-89.44251, 48.075524], [-89.442429, 48.075614], [-89.442335, 48.075681], [-89.442227, 48.075726], [-89.442106, 48.075749], [-89.441971, 48.075749], [-89.441839, 48.075771], [-89.441711, 48.075816], [-89.441587, 48.075884], [-89.441465, 48.075973], [-89.441256, 48.076068], [-89.44096, 48.076167], [-89.440576, 48.07627], [-89.440104, 48.076378], [-89.439736, 48.076475], [-89.439474, 48.07656], [-89.439315, 48.076635], [-89.439261, 48.076698], [-89.439147, 48.076765], [-89.438971, 48.076837], [-89.438735, 48.076914], [-89.438439, 48.076995], [-89.438206, 48.077071], [-89.438038, 48.077143], [-89.437933, 48.07721], [-89.437893, 48.077273], [-89.437788, 48.077341], [-89.43762, 48.077413], [-89.437387, 48.077489], [-89.437091, 48.07757], [-89.436858, 48.077647], [-89.43669, 48.077719], [-89.436585, 48.077786], [-89.436545, 48.077849], [-89.436363, 48.077923], [-89.436039, 48.078009], [-89.435574, 48.078106], [-89.434968, 48.078214], [-89.434503, 48.07831], [-89.434179, 48.078396], [-89.433997, 48.07847], [-89.433957, 48.078533], [-89.433744, 48.078643], [-89.43336, 48.078801], [-89.432804, 48.079005], [-89.432076, 48.079257], [-89.431497, 48.079468], [-89.431065, 48.079639], [-89.430782, 48.07977], [-89.430647, 48.07986], [-89.430546, 48.079941], [-89.430479, 48.080013], [-89.430445, 48.080076], [-89.430445, 48.08013], [-89.430469, 48.080163], [-89.430516, 48.080177], [-89.430587, 48.08017], [-89.430681, 48.080143], [-89.430752, 48.080141], [-89.430799, 48.080163], [-89.430823, 48.080211], [-89.430823, 48.080283], [-89.430843, 48.080319], [-89.430883, 48.080319], [-89.430944, 48.080283], [-89.431025, 48.080211], [-89.431139, 48.080148], [-89.431288, 48.080094], [-89.43147, 48.080049], [-89.431685, 48.080013], [-89.431921, 48.079995], [-89.432177, 48.079995], [-89.432454, 48.080013], [-89.43275, 48.080049], [-89.432973, 48.080055], [-89.433121, 48.080033], [-89.433195, 48.079981], [-89.433195, 48.0799], [-89.433239, 48.079846], [-89.433327, 48.079819], [-89.433458, 48.079819], [-89.433633, 48.079846], [-89.433808, 48.079837], [-89.433984, 48.079792], [-89.434159, 48.079711], [-89.434334, 48.079594], [-89.43452, 48.079543], [-89.434715, 48.079556], [-89.434921, 48.079635], [-89.435136, 48.079779], [-89.435049, 48.079938], [-89.434658, 48.080114], [-89.433963, 48.080305], [-89.432966, 48.080512], [-89.43214, 48.08066], [-89.431487, 48.08075], [-89.431005, 48.080782]]]}}, {"type": "Feature", "properties": {"lead": 96, "temp": "t12"}, "geometry": {"type": "Polygon", "coordinates": [[[-89.431166, 48.088634], [-89.431075, 48.088601], [-89.431015, 48.08856], [-89.430984, 48.088513], [-89.430984, 48.088459], [-89.430947, 48.088416], [-89.430873, 48.088385], [-89.430762, 48.088365], [-89.430614, 48.088356], [-89.430614, 48.088342], [-89.430762, 48.088324], [-89.431059, 48.088302], [-89.431503, 48.088275], [-89.432147, 48.088137], [-89.43299, 48.08789], [-89.434031, 48.087533], [-89.435271, 48.087065], [-89.436201, 48.086739], [-89.436821, 48.086554], [-89.437131, 48.086512], [-89.437131, 48.086611], [-89.437091, 48.086714], [-89.43701, 48.086822], [-89.436889, 48.086934], [-89.436727, 48.087051], [-89.436582, 48.087139], [-89.436454, 48.087197], [-89.436343, 48.087227], [-89.436248, 48.087227], [-89.436039, 48.087296], [-89.435716, 48.087436], [-89.435278, 48.087645], [-89.434725, 48.087924], [-89.434257, 48.088128], [-89.433873, 48.088259], [-89.433573, 48.088315], [-89.433357, 48.088297], [-89.433185, 48.088297], [-89.433057, 48.088315], [-89.432973, 48.088351], [-89.432932, 48.088405], [-89.432824, 48.088445], [-89.432649, 48.088472], [-89.432407, 48.088486], [-89.432096, 48.088486], [-89.431854, 48.088499], [-89.431679, 48.088526], [-89.431571, 48.088567], [-89.43153, 48.088621], [-89.43147, 48.088655], [-89.431389, 48.088668], [-89.431288, 48.088661], [-89.431166, 48.088634]]]}}, {"type": "Feature", "properties": {"lead": 96, "temp": "t12"}, "geometry": {"type": "Polygon", "coordinates": [[[-89.428753, 48.088549], [-89.429094, 48.088499], [-89.429222, 48.08849], [-89.429138, 48.088522], [-89.428841, 48.088594], [-89.428555, 48.088652], [-89.428278, 48.088697], [-89.428012, 48.088729], [-89.427756, 48.088747], [-89.427702, 48.088738], [-89.42785, 48.088702], [-89.428201, 48.088639], [-89.428753, 48.088549]]]}}, {"type": "Feature", "properties": {"lead": 96, "temp": "t12"}, "geometry": {"type": "Polygon", "coordinates": [[[-89.427149, 48.0889], [-89.427109, 48.088864], [-89.427045, 48.088834], [-89.426957, 48.088812], [-89.426846, 48.088796], [-89.426711, 48.088787], [-89.426654, 48.08878], [-89.426674, 48.088776], [-89.426772, 48.088774], [-89.426947, 48.088774], [-89.427078, 48.088785], [-89.427166, 48.088807], [-89.42721, 48.088841], [-89.42721, 48.088886], [-89.4272, 48.088911], [-89.42718, 48.088915], [-89.427149, 48.0889]]]}}, {"type": "Feature", "properties": {"lead": 96, "temp": "t12"}, "geometry": {"type": "Polygon", "coordinates": [[[-89.413298, 48.05899], [-89.413383, 48.058846], [-89.413551, 48.058711], [-89.413804, 48.058585], [-89.414141, 48.058468], [-89.414427, 48.058396], [-89.414663, 48.058369], [-89.414849, 48.058387], [-89.414983, 48.05845], [-89.415084, 48.058475], [-89.415152, 48.058461], [-89.415186, 48.05841], [-89.415186, 48.05832], [-89.415219, 48.058245], [-89.415287, 48.058187], [-89.415388, 48.058144], [-89.415523, 48.058117], [-89.415634, 48.058077], [-89.415721, 48.058023], [-89.415785, 48.057955], [-89.415826, 48.057874], [-89.415876, 48.057818], [-89.415937, 48.057786], [-89.416008, 48.05778], [-89.416089, 48.057798], [-89.41617, 48.057784], [-89.416251, 48.057739], [-89.416331, 48.057663], [-89.416412, 48.057555], [-89.416422, 48.057467], [-89.416362, 48.057399], [-89.41623, 48.057352], [-89.416028, 48.057325], [-89.415725, 48.057339], [-89.41532, 48.057393], [-89.414815, 48.057487], [-89.414208, 48.057622], [-89.413753, 48.057678], [-89.41345, 48.057656], [-89.413298, 48.057555], [-89.413298, 48.057375], [-89.413447, 48.057213], [-89.413743, 48.057069], [-89.414188, 48.056943], [-89.414781, 48.056835], [-89.415293, 48.05676], [-89.415725, 48.05672], [-89.416075, 48.056713], [-89.416345, 48.05674], [-89.416594, 48.056799], [-89.416823, 48.056889], [-89.417032, 48.05701], [-89.417221, 48.057163], [-89.417353, 48.057316], [-89.417427, 48.057469], [-89.417444, 48.057622], [-89.417403, 48.057775], [-89.41712, 48.057975], [-89.416594, 48.058223], [-89.415826, 48.058518], [-89.414815, 48.05886], [-89.414057, 48.059078], [-89.413551, 48.059172], [-89.413298, 48.059143], [-89.413298, 48.05899]]]}}, {"type": "Feature", "properties": {"lead": 96, "temp": "t12"}, "geometry": {"type": "Polygon", "coordinates": [[[-89.413838, 48.065568], [-89.413848, 48.065548], [-89.413868, 48.065534], [-89.413898, 48.065528], [-89.413939, 48.065528], [-89.413959, 48.065534], [-89.413959, 48.065548], [-89.413939, 48.065568], [-89.413898, 48.065595], [-89.413868, 48.065609], [-89.413848, 48.065609], [-89.413838, 48.065595], [-89.413838, 48.065568]]]}}, {"type": "Feature", "properties": {"lead": 96, "temp": "t12"}, "geometry": {"type": "Polygon", "coordinates": [[[-89.413399, 48.068686], [-89.413359, 48.068488], [-89.413389, 48.068299], [-89.41349, 48.068119], [-89.413662, 48.067948], [-89.413905, 48.067786], [-89.414026, 48.067588], [-89.414026, 48.067354], [-89.413905, 48.067084], [-89.413662, 48.066778], [-89.41348, 48.066486], [-89.413359, 48.066207], [-89.413298, 48.065942], [-89.413298, 48.06569], [-89.413352, 48.065537], [-89.41346, 48.065483], [-89.413622, 48.065528], [-89.413838, 48.065672], [-89.41403, 48.065843], [-89.414198, 48.066041], [-89.414343, 48.066265], [-89.414464, 48.066517], [-89.414589, 48.066729], [-89.414717, 48.0669], [-89.414849, 48.06703], [-89.414983, 48.06712], [-89.415091, 48.067222], [-89.415172, 48.067334], [-89.415226, 48.067458], [-89.415253, 48.067593], [-89.415213, 48.067746], [-89.415105, 48.067917], [-89.414929, 48.068106], [-89.414687, 48.068312], [-89.414451, 48.06849], [-89.414222, 48.068639], [-89.413999, 48.068758], [-89.413784, 48.068848], [-89.413612, 48.068866], [-89.413484, 48.068812], [-89.413399, 48.068686]]]}}, {"type": "Feature", "properties": {"lead": 96, "temp": "t12"}, "geometry": {"type": "Polygon", "coordinates": [[[-89.422896, 48.073315], [-89.422492, 48.073279], [-89.422114, 48.073216], [-89.421764, 48.073126], [-89.42144, 48.073009], [-89.421147, 48.072921], [-89.420884, 48.072863], [-89.420652, 48.072834], [-89.42045, 48.072834], [-89.420231, 48.072795], [-89.419995, 48.072719], [-89.419742, 48.072604], [-89.419472, 48.072451], [-89.418909, 48.07231], [-89.418053, 48.072179], [-89.416904, 48.07206], [-89.415462, 48.071952], [-89.41438, 48.071839], [-89.413659, 48.071723], [-89.413298, 48.071601], [-89.413298, 48.071475], [-89.413386, 48.071378], [-89.413561, 48.071311], [-89.413824, 48.071273], [-89.414175, 48.071264], [-89.414488, 48.071273], [-89.414764, 48.0713], [-89.415004, 48.071345], [-89.415206, 48.071408], [-89.415401, 48.071448], [-89.41559, 48.071466], [-89.415772, 48.071462], [-89.415947, 48.071435], [-89.416079, 48.071428], [-89.416166, 48.071441], [-89.41621, 48.071475], [-89.41621, 48.071529], [-89.416244, 48.071576], [-89.416311, 48.071617], [-89.416412, 48.071651], [-89.416547, 48.071678], [-89.416692, 48.07168], [-89.416847, 48.071657], [-89.417012, 48.07161], [-89.417187, 48.071538], [-89.417359, 48.071486], [-89.417528, 48.071455], [-89.417693, 48.071444], [-89.417855, 48.071453], [-89.417986, 48.071484], [-89.418087, 48.071538], [-89.418158, 48.071615], [-89.418198, 48.071714], [-89.418293, 48.071788], [-89.418441, 48.071837], [-89.418643, 48.071862], [-89.418899, 48.071862], [-89.419125, 48.071882], [-89.419321, 48.071923], [-89.419486, 48.071983], [-89.419621, 48.072064], [-89.419742, 48.072118], [-89.41985, 48.072145], [-89.419944, 48.072145], [-89.420025, 48.072118], [-89.420086, 48.072112], [-89.420126, 48.072125], [-89.420146, 48.072159], [-89.420146, 48.072213], [-89.4202, 48.072253], [-89.420308, 48.07228], [-89.42047, 48.072294], [-89.420686, 48.072294], [-89.420911, 48.07233], [-89.421147, 48.072402], [-89.421393, 48.07251], [-89.421649, 48.072654], [-89.421939, 48.072768], [-89.422263, 48.072854], [-89.42262, 48.07291], [-89.423011, 48.072937], [-89.423304, 48.072946], [-89.423499, 48.072937], [-89.423597, 48.07291], [-89.423597, 48.072865], [-89.423695, 48.072816], [-89.42389, 48.072762], [-89.424184, 48.072703], [-89.424575, 48.07264], [-89.424878, 48.07255], [-89.425094, 48.072433], [-89.425222, 48.072289], [-89.425262, 48.072118], [-89.425356, 48.071954], [-89.425505, 48.071797], [-89.425707, 48.071646], [-89.425963, 48.071502], [-89.426229, 48.071385], [-89.426506, 48.071295], [-89.426792, 48.071232], [-89.427089, 48.071196], [-89.427375, 48.071126], [-89.427651, 48.071023], [-89.427918, 48.070886], [-89.428174, 48.070715], [-89.428453, 48.070573], [-89.428757, 48.070461], [-89.429084, 48.070377], [-89.429434, 48.070323], [-89.429694, 48.070267], [-89.429862, 48.070209], [-89.42994, 48.070148], [-89.429926, 48.070085], [-89.42994, 48.070047], [-89.42998, 48.070033], [-89.430047, 48.070045], [-89.430142, 48.070081], [-89.430213, 48.070099], [-89.43026, 48.070099], [-89.430283, 48.070081], [-89.430283, 48.070045], [-89.430327, 48.070011], [-89.430415, 48.069979], [-89.430546, 48.06995], [-89.430722, 48.069923], [-89.430853, 48.069885], [-89.430941, 48.069835], [-89.430984, 48.069775], [-89.430984, 48.069703], [-89.431001, 48.06966], [-89.431035, 48.069646], [-89.431085, 48.069662], [-89.431153, 48.069707], [-89.431237, 48.069723], [-89.431338, 48.069709], [-89.431456, 48.069667], [-89.431591, 48.069595], [-89.431749, 48.069552], [-89.431931, 48.069538], [-89.432137, 48.069554], [-89.432366, 48.069599], [-89.432548, 48.069615], [-89.432683, 48.069601], [-89.43277, 48.069559], [-89.432811, 48.069487], [-89.432841, 48.069451], [-89.432861, 48.069451], [-89.432872, 48.069487], [-89.432872, 48.069559], [-89.432912, 48.069613], [-89.432993, 48.069649], [-89.433114, 48.069667], [-89.433276, 48.069667], [-89.433397, 48.06968], [-89.433478, 48.069707], [-89.433519, 48.069748], [-89.433519, 48.069802], [-89.433546, 48.069817], [-89.4336, 48.069795], [-89.43368, 48.069734], [-89.433788, 48.069635], [-89.433876, 48.069586], [-89.433943, 48.069586], [-89.43399, 48.069635], [-89.434017, 48.069734], [-89.434176, 48.069808], [-89.434466, 48.069858], [-89.434887, 48.069883], [-89.43544, 48.069883], [-89.435851, 48.069921], [-89.43612, 48.069997], [-89.436248, 48.070112], [-89.436235, 48.070265], [-89.436127, 48.070375], [-89.435925, 48.070443], [-89.435628, 48.070467], [-89.435237, 48.070449], [-89.434853, 48.070413], [-89.434476, 48.070359], [-89.434105, 48.070287], [-89.433741, 48.070197], [-89.43333, 48.070143], [-89.432872, 48.070125], [-89.432366, 48.070143], [-89.431813, 48.070197], [-89.431099, 48.070332], [-89.430223, 48.070548], [-89.429185, 48.070845], [-89.427985, 48.071223], [-89.427068, 48.071561], [-89.426435, 48.071857], [-89.426084, 48.072114], [-89.426017, 48.07233], [-89.425845, 48.072534], [-89.425569, 48.072728], [-89.425188, 48.07291], [-89.424703, 48.073081], [-89.424231, 48.073207], [-89.423772, 48.073288], [-89.423328, 48.073324], [-89.422896, 48.073315]]]}}, {"type": "Feature", "properties": {"lead": 96, "temp": "t12"}, "geometry": {"type": "Polygon", "coordinates": [[[-89.423961, 48.089745], [-89.423621, 48.089716], [-89.423291, 48.089657], [-89.42297, 48.08957], [-89.42266, 48.089453], [-89.422428, 48.089352], [-89.422273, 48.089266], [-89.422195, 48.089196], [-89.422195, 48.089142], [-89.422165, 48.089095], [-89.422104, 48.089055], [-89.422013, 48.089021], [-89.421892, 48.088994], [-89.421683, 48.088886], [-89.421386, 48.088697], [-89.421002, 48.088427], [-89.42053, 48.088077], [-89.420123, 48.087721], [-89.419779, 48.087362], [-89.419499, 48.086997], [-89.419284, 48.086629], [-89.419122, 48.086309], [-89.419014, 48.086039], [-89.41896, 48.085819], [-89.41896, 48.085648], [-89.41898, 48.085491], [-89.419021, 48.085347], [-89.419081, 48.085216], [-89.419162, 48.0851], [-89.419277, 48.084989], [-89.419425, 48.084886], [-89.419607, 48.084789], [-89.419823, 48.084699], [-89.420018, 48.084645], [-89.420193, 48.084627], [-89.420348, 48.084645], [-89.420483, 48.084699], [-89.420605, 48.084719], [-89.420712, 48.084706], [-89.420807, 48.084659], [-89.420888, 48.084578], [-89.421036, 48.08449], [-89.421252, 48.084396], [-89.421535, 48.084294], [-89.421885, 48.084187], [-89.422158, 48.084083], [-89.422354, 48.083984], [-89.422472, 48.08389], [-89.422512, 48.0838], [-89.422573, 48.083719], [-89.422654, 48.083647], [-89.422755, 48.083584], [-89.422876, 48.08353], [-89.422957, 48.083474], [-89.422997, 48.083415], [-89.422997, 48.083354], [-89.422957, 48.083292], [-89.42295, 48.083231], [-89.422977, 48.083172], [-89.423038, 48.083116], [-89.423132, 48.083062], [-89.423173, 48.083004], [-89.423159, 48.082941], [-89.423092, 48.082873], [-89.42297, 48.082801], [-89.422886, 48.082736], [-89.422839, 48.082678], [-89.422829, 48.082626], [-89.422856, 48.082581], [-89.422822, 48.082527], [-89.422728, 48.082464], [-89.422573, 48.082392], [-89.422357, 48.082311], [-89.422037, 48.082264], [-89.421612, 48.08225], [-89.421083, 48.082271], [-89.42045, 48.082325], [-89.419974, 48.082379], [-89.419658, 48.082432], [-89.419499, 48.082486], [-89.419499, 48.08254], [-89.419466, 48.082574], [-89.419398, 48.082588], [-89.419297, 48.082581], [-89.419162, 48.082554], [-89.419041, 48.082547], [-89.418933, 48.082561], [-89.418839, 48.082594], [-89.418758, 48.082648], [-89.418663, 48.082689], [-89.418556, 48.082716], [-89.418434, 48.082729], [-89.4183, 48.082729], [-89.418185, 48.082747], [-89.418091, 48.082783], [-89.418016, 48.082837], [-89.417963, 48.082909], [-89.417807, 48.082981], [-89.417551, 48.083053], [-89.417194, 48.083125], [-89.416736, 48.083197], [-89.416389, 48.083262], [-89.416153, 48.083321], [-89.416028, 48.083372], [-89.416015, 48.083417], [-89.41589, 48.083485], [-89.415654, 48.083575], [-89.415307, 48.083687], [-89.414849, 48.083822], [-89.414505, 48.083935], [-89.414276, 48.084025], [-89.414161, 48.084092], [-89.414161, 48.084137], [-89.414141, 48.084166], [-89.4141, 48.08418], [-89.41404, 48.084178], [-89.413959, 48.08416], [-89.413895, 48.084157], [-89.413848, 48.084171], [-89.413817, 48.0842], [-89.413804, 48.084245], [-89.413763, 48.084274], [-89.413696, 48.084288], [-89.413602, 48.084285], [-89.41348, 48.084267], [-89.413389, 48.08422], [-89.413329, 48.084144], [-89.413298, 48.084038], [-89.413298, 48.083903], [-89.413379, 48.083782], [-89.413541, 48.083674], [-89.413784, 48.083579], [-89.414107, 48.083498], [-89.414441, 48.08339], [-89.414785, 48.083256], [-89.415138, 48.083094], [-89.415502, 48.082905], [-89.416092, 48.082693], [-89.416908, 48.082459], [-89.417949, 48.082203], [-89.419216, 48.081924], [-89.420207, 48.081715], [-89.420921, 48.081576], [-89.42136, 48.081506], [-89.421521, 48.081506], [-89.421761, 48.081542], [-89.422077, 48.081614], [-89.422472, 48.081722], [-89.422943, 48.081866], [-89.423321, 48.081996], [-89.423604, 48.082113], [-89.423793, 48.082217], [-89.423887, 48.082307], [-89.423958, 48.082408], [-89.424005, 48.08252], [-89.424029, 48.082644], [-89.424029, 48.082779], [-89.423992, 48.08295], [-89.423917, 48.083157], [-89.423806, 48.083399], [-89.423658, 48.083678], [-89.423442, 48.083932], [-89.423159, 48.084162], [-89.422809, 48.084366], [-89.422391, 48.084546], [-89.42198, 48.084697], [-89.421575, 48.084818], [-89.421178, 48.084911], [-89.420787, 48.084974], [-89.420429, 48.08507], [-89.420106, 48.085201], [-89.419816, 48.085365], [-89.41956, 48.085563], [-89.419381, 48.085756], [-89.41928, 48.085945], [-89.419257, 48.086129], [-89.419311, 48.086309], [-89.419395, 48.086489], [-89.419509, 48.086669], [-89.419654, 48.086849], [-89.41983, 48.087029], [-89.420123, 48.087263], [-89.420534, 48.087551], [-89.421063, 48.087892], [-89.42171, 48.088288], [-89.42235, 48.088598], [-89.422984, 48.088823], [-89.423611, 48.088963], [-89.424231, 48.089017], [-89.424757, 48.089041], [-89.425188, 48.089037], [-89.425525, 48.089003], [-89.425768, 48.08894], [-89.42599, 48.088922], [-89.426192, 48.088949], [-89.426374, 48.089021], [-89.426536, 48.089138], [-89.426536, 48.089253], [-89.426374, 48.089365], [-89.426051, 48.089475], [-89.425565, 48.089583], [-89.425114, 48.089664], [-89.424696, 48.089718], [-89.424312, 48.089745], [-89.423961, 48.089745]]]}}, {"type": "Feature", "properties": {"lead": 96, "temp": "t10"}, "geometry": {"type": "Polygon", "coordinates": [[[-89.42326, 48.065393], [-89.423102, 48.065359], [-89.42292, 48.065345], [-89.422714, 48.065352], [-89.422485, 48.065379], [-89.422296, 48.065386], [-89.422148, 48.065372], [-89.42204, 48.065339], [-89.421973, 48.065285], [-89.421848, 48.065255], [-89.421666, 48.065251], [-89.421427, 48.065271], [-89.42113, 48.065316], [-89.420884, 48.06533], [-89.420689, 48.065312], [-89.420544, 48.065262], [-89.42045, 48.065181], [-89.420295, 48.065107], [-89.420079, 48.065039], [-89.419803, 48.064979], [-89.419466, 48.064925], [-89.419061, 48.064826], [-89.418589, 48.064682], [-89.41805, 48.064493], [-89.417444, 48.064259], [-89.416958, 48.064083], [-89.416594, 48.063966], [-89.416352, 48.063908], [-89.41623, 48.063908], [-89.416139, 48.063888], [-89.416079, 48.063847], [-89.416048, 48.063786], [-89.416048, 48.063705], [-89.416011, 48.063638], [-89.415937, 48.063584], [-89.415826, 48.063543], [-89.415678, 48.063516], [-89.41557, 48.06348], [-89.415502, 48.063435], [-89.415475, 48.063381], [-89.415489, 48.063319], [-89.415459, 48.063265], [-89.415384, 48.06322], [-89.415266, 48.063184], [-89.415105, 48.063157], [-89.414929, 48.063166], [-89.414741, 48.063211], [-89.414539, 48.063292], [-89.414323, 48.063408], [-89.414117, 48.063489], [-89.413922, 48.063534], [-89.413736, 48.063543], [-89.413561, 48.063516], [-89.41343, 48.063462], [-89.413342, 48.063381], [-89.413298, 48.063274], [-89.413298, 48.063139], [-89.413396, 48.063037], [-89.413592, 48.06297], [-89.413885, 48.062936], [-89.414276, 48.062936], [-89.414798, 48.063017], [-89.415452, 48.063179], [-89.416237, 48.063422], [-89.417154, 48.063746], [-89.418104, 48.064043], [-89.419088, 48.064313], [-89.420106, 48.064556], [-89.421157, 48.064772], [-89.422182, 48.064882], [-89.423179, 48.064886], [-89.42415, 48.064785], [-89.425094, 48.064578], [-89.425923, 48.064416], [-89.426637, 48.064299], [-89.427237, 48.064227], [-89.427722, 48.0642], [-89.428174, 48.064149], [-89.428592, 48.064072], [-89.428976, 48.063971], [-89.429326, 48.063845], [-89.429748, 48.063726], [-89.43024, 48.063613], [-89.430802, 48.063507], [-89.431436, 48.063408], [-89.431992, 48.063303], [-89.432471, 48.06319], [-89.432872, 48.063071], [-89.433195, 48.062945], [-89.433495, 48.062851], [-89.433771, 48.062788], [-89.434024, 48.062756], [-89.434253, 48.062756], [-89.434459, 48.062727], [-89.434641, 48.062668], [-89.434799, 48.062581], [-89.434934, 48.062464], [-89.435153, 48.062324], [-89.435456, 48.062162], [-89.435844, 48.061978], [-89.436316, 48.061771], [-89.436757, 48.061602], [-89.437168, 48.061472], [-89.437549, 48.061379], [-89.4379, 48.061325], [-89.438206, 48.061296], [-89.438469, 48.061292], [-89.438688, 48.061312], [-89.438864, 48.061357], [-89.439022, 48.061415], [-89.439163, 48.061487], [-89.439288, 48.061573], [-89.439396, 48.061672], [-89.439477, 48.061784], [-89.439531, 48.06191], [-89.439558, 48.06205], [-89.439558, 48.062203], [-89.439527, 48.062344], [-89.439467, 48.062475], [-89.439376, 48.062594], [-89.439254, 48.062702], [-89.439217, 48.062794], [-89.439265, 48.062871], [-89.439396, 48.062932], [-89.439612, 48.062977], [-89.43979, 48.063026], [-89.439932, 48.06308], [-89.440036, 48.063139], [-89.440104, 48.063202], [-89.440225, 48.063251], [-89.4404, 48.063287], [-89.440629, 48.06331], [-89.440913, 48.063319], [-89.441212, 48.063289], [-89.441529, 48.063222], [-89.441863, 48.063116], [-89.442213, 48.062972], [-89.442534, 48.062819], [-89.442823, 48.062657], [-89.443083, 48.062486], [-89.443312, 48.062306], [-89.443686, 48.062095], [-89.444205, 48.061852], [-89.444869, 48.061577], [-89.445678, 48.061271], [-89.446493, 48.061035], [-89.447316, 48.060869], [-89.448145, 48.060772], [-89.44898, 48.060745], [-89.449776, 48.060695], [-89.450531, 48.060623], [-89.451245, 48.060529], [-89.451919, 48.060412], [-89.452455, 48.060304], [-89.452853, 48.060205], [-89.453112, 48.060115], [-89.453233, 48.060034], [-89.453257, 48.059953], [-89.453183, 48.059872], [-89.453011, 48.059791], [-89.452741, 48.05971], [-89.452539, 48.059595], [-89.452404, 48.059447], [-89.452337, 48.059264], [-89.452337, 48.059048], [-89.452398, 48.058871], [-89.452519, 48.058731], [-89.452701, 48.05863], [-89.452944, 48.058567], [-89.453193, 48.058473], [-89.453449, 48.058347], [-89.453712, 48.058189], [-89.453982, 48.058], [-89.454211, 48.057854], [-89.454399, 48.05775], [-89.454548, 48.05769], [-89.454656, 48.057672], [-89.454753, 48.057633], [-89.454841, 48.057575], [-89.454918, 48.057496], [-89.454986, 48.057397], [-89.455138, 48.057287], [-89.455373, 48.057165], [-89.455694, 48.057033], [-89.456098, 48.056889], [-89.456506, 48.056713], [-89.456917, 48.056506], [-89.457331, 48.056268], [-89.457749, 48.055998], [-89.458198, 48.055755], [-89.458676, 48.055539], [-89.459185, 48.05535], [-89.459724, 48.055188], [-89.460206, 48.055062], [-89.460631, 48.054972], [-89.460998, 48.054918], [-89.461308, 48.0549], [-89.461625, 48.054918], [-89.461948, 48.054972], [-89.462279, 48.055062], [-89.462616, 48.055188], [-89.462909, 48.055332], [-89.463158, 48.055494], [-89.463364, 48.055674], [-89.463526, 48.055872], [-89.463708, 48.05602], [-89.46391, 48.056119], [-89.464132, 48.056169], [-89.464375, 48.056169], [-89.464705, 48.056124], [-89.465123, 48.056034], [-89.465628, 48.055899], [-89.466222, 48.055719], [-89.466808, 48.05557], [-89.467388, 48.055453], [-89.467961, 48.055368], [-89.468527, 48.055314], [-89.468985, 48.055284], [-89.469336, 48.05528], [-89.469578, 48.0553], [-89.469713, 48.055345], [-89.469814, 48.055363], [-89.469881, 48.055354], [-89.469915, 48.055318], [-89.469915, 48.055255], [-89.469942, 48.055203], [-89.469996, 48.055163], [-89.470077, 48.055134], [-89.470185, 48.055116], [-89.470566, 48.055093], [-89.471219, 48.055066], [-89.472146, 48.055035], [-89.473346, 48.054999], [-89.474475, 48.054945], [-89.475533, 48.054873], [-89.47652, 48.054783], [-89.477437, 48.054675], [-89.478125, 48.05458], [-89.478583, 48.054499], [-89.478812, 48.054432], [-89.478812, 48.054378], [-89.47889, 48.05431], [-89.479045, 48.054229], [-89.479277, 48.054135], [-89.479587, 48.054027], [-89.479837, 48.053856], [-89.480025, 48.053622], [-89.480153, 48.053325], [-89.480221, 48.052965], [-89.480167, 48.052614], [-89.479992, 48.052272], [-89.479695, 48.051939], [-89.479277, 48.051615], [-89.47895, 48.051344], [-89.478714, 48.051128], [-89.478569, 48.050966], [-89.478516, 48.050858], [-89.478216, 48.050755], [-89.47767, 48.050656], [-89.476878, 48.050561], [-89.47584, 48.050471], [-89.474947, 48.05035], [-89.474198, 48.050197], [-89.473595, 48.050012], [-89.473137, 48.049796], [-89.472658, 48.049605], [-89.47216, 48.049439], [-89.471641, 48.049297], [-89.471101, 48.04918], [-89.470599, 48.049056], [-89.470134, 48.048925], [-89.469706, 48.048788], [-89.469315, 48.048644], [-89.468999, 48.0485], [-89.468756, 48.048356], [-89.468587, 48.048212], [-89.468493, 48.048068], [-89.468537, 48.04796], [-89.468719, 48.047888], [-89.469039, 48.047852], [-89.469228, 48.047852], [-89.469619, 48.047911], [-89.47005, 48.048028], [-89.470522, 48.048203], [-89.471034, 48.048437], [-89.471442, 48.048608], [-89.471745, 48.048716], [-89.471944, 48.048761], [-89.472038, 48.048743], [-89.472119, 48.048741], [-89.472187, 48.048754], [-89.472241, 48.048784], [-89.472281, 48.048829], [-89.472396, 48.048876], [-89.472584, 48.048925], [-89.472847, 48.048977], [-89.473184, 48.049031], [-89.473457, 48.049094], [-89.473666, 48.049166], [-89.473811, 48.049247], [-89.473892, 48.049337], [-89.473996, 48.049418], [-89.474124, 48.04949], [-89.474276, 48.049553], [-89.474451, 48.049607], [-89.474603, 48.049634], [-89.474731, 48.049634], [-89.474835, 48.049607], [-89.474916, 48.049553], [-89.474938, 48.049543], [-89.474943, 48.049544], [-89.475036, 48.049551], [-89.475038, 48.049553], [-89.475038, 48.049607], [-89.475081, 48.049655], [-89.475169, 48.049695], [-89.475301, 48.049729], [-89.475476, 48.049756], [-89.475789, 48.049783], [-89.476241, 48.04981], [-89.476831, 48.049837], [-89.477558, 48.049864], [-89.478168, 48.04992], [-89.47866, 48.050006], [-89.479029, 48.050119], [-89.479119, 48.050183], [-89.479247, 48.050255], [-89.479325, 48.050286], [-89.479483, 48.050388], [-89.479611, 48.050492], [-89.479675, 48.050575], [-89.479675, 48.050638], [-89.479752, 48.050741], [-89.479907, 48.050885], [-89.48014, 48.05107], [-89.48045, 48.051295], [-89.480682, 48.051477], [-89.480784, 48.051569], [-89.480868, 48.051702], [-89.480915, 48.051754], [-89.480915, 48.051768], [-89.480939, 48.05181], [-89.480986, 48.051842], [-89.481057, 48.051862], [-89.481151, 48.051871], [-89.481198, 48.052029], [-89.481198, 48.052335], [-89.481151, 48.052789], [-89.481057, 48.053392], [-89.480922, 48.05388], [-89.480747, 48.054254], [-89.480531, 48.054513], [-89.480275, 48.054657], [-89.479975, 48.054792], [-89.479631, 48.054918], [-89.479243, 48.055035], [-89.478812, 48.055143], [-89.478489, 48.055239], [-89.478273, 48.055325], [-89.478165, 48.055399], [-89.478165, 48.055439], [-89.477757, 48.055499], [-89.477525, 48.055467], [-89.477333, 48.055449], [-89.477205, 48.055449], [-89.477141, 48.055467], [-89.477141, 48.055503], [-89.477043, 48.055536], [-89.476847, 48.055568], [-89.476554, 48.055597], [-89.476163, 48.055624], [-89.475644, 48.055644], [-89.474997, 48.055658], [-89.474222, 48.055665], [-89.473319, 48.055665], [-89.472503, 48.055685], [-89.471775, 48.055725], [-89.471135, 48.055786], [-89.470582, 48.055867], [-89.470124, 48.055921], [-89.46976, 48.055948], [-89.469491, 48.055948], [-89.469315, 48.055921], [-89.46913, 48.055908], [-89.468934, 48.055908], [-89.468729, 48.055921], [-89.468513, 48.055948], [-89.468351, 48.055977], [-89.468244, 48.056009], [-89.46819, 48.056043], [-89.46819, 48.056071], [-89.468028, 48.056083], [-89.467489, 48.056146], [-89.467212, 48.056194], [-89.467111, 48.0562], [-89.466683, 48.056263], [-89.466259, 48.056362], [-89.465837, 48.056497], [-89.46542, 48.056668], [-89.465015, 48.056796], [-89.464624, 48.056882], [-89.464247, 48.056925], [-89.463883, 48.056925], [-89.463549, 48.056846], [-89.463246, 48.056688], [-89.462973, 48.056452], [-89.46273, 48.056137], [-89.46242, 48.055901], [-89.462043, 48.055743], [-89.461598, 48.055665], [-89.461086, 48.055665], [-89.460658, 48.055685], [-89.460314, 48.055725], [-89.460054, 48.055786], [-89.459879, 48.055867], [-89.459748, 48.055944], [-89.45966, 48.056016], [-89.459616, 48.056083], [-89.459616, 48.056146], [-89.459562, 48.0562], [-89.459455, 48.056245], [-89.459293, 48.056281], [-89.459077, 48.056308], [-89.458905, 48.056351], [-89.458777, 48.056409], [-89.458693, 48.056484], [-89.458652, 48.056574], [-89.458568, 48.056648], [-89.45844, 48.056706], [-89.458268, 48.056749], [-89.458053, 48.056776], [-89.457773, 48.056868], [-89.457429, 48.057026], [-89.457021, 48.057249], [-89.45655, 48.057537], [-89.456078, 48.057795], [-89.455606, 48.058025], [-89.455134, 48.058225], [-89.454662, 48.058396], [-89.454319, 48.058554], [-89.454103, 48.058698], [-89.454015, 48.058828], [-89.454056, 48.058945], [-89.454103, 48.059028], [-89.454157, 48.059078], [-89.454217, 48.059093], [-89.454285, 48.059075], [-89.454362, 48.059087], [-89.45445, 48.059127], [-89.454548, 48.059197], [-89.454656, 48.059296], [-89.454736, 48.059393], [-89.45479, 48.059487], [-89.454817, 48.059579], [-89.454817, 48.059669], [-89.454763, 48.059786], [-89.454656, 48.05993], [-89.454494, 48.060101], [-89.454278, 48.060299], [-89.454073, 48.060455], [-89.453877, 48.060567], [-89.453692, 48.060637], [-89.453517, 48.060664], [-89.453382, 48.060695], [-89.453287, 48.060731], [-89.453233, 48.060772], [-89.45322, 48.060817], [-89.453173, 48.060846], [-89.453092, 48.06086], [-89.452977, 48.060857], [-89.452829, 48.060839], [-89.452694, 48.060844], [-89.452573, 48.060871], [-89.452465, 48.06092], [-89.452371, 48.060992], [-89.452131, 48.061067], [-89.451747, 48.061143], [-89.451218, 48.061222], [-89.450544, 48.061303], [-89.449981, 48.061364], [-89.44953, 48.061404], [-89.449189, 48.061424], [-89.44896, 48.061424], [-89.448768, 48.061409], [-89.448613, 48.061377], [-89.448495, 48.06133], [-89.448414, 48.061267], [-89.448343, 48.061233], [-89.448283, 48.061229], [-89.448232, 48.061253], [-89.448192, 48.061307], [-89.448128, 48.061341], [-89.44804, 48.061355], [-89.447929, 48.061348], [-89.447794, 48.061321], [-89.447609, 48.061339], [-89.447373, 48.061402], [-89.447086, 48.06151], [-89.446749, 48.061663], [-89.446476, 48.061775], [-89.446268, 48.061847], [-89.446123, 48.061879], [-89.446042, 48.06187], [-89.445957, 48.061885], [-89.44587, 48.061926], [-89.445779, 48.061991], [-89.445685, 48.062081], [-89.44557, 48.062155], [-89.445435, 48.062214], [-89.44528, 48.062257], [-89.445105, 48.062284], [-89.444855, 48.062376], [-89.444532, 48.062533], [-89.444134, 48.062756], [-89.443662, 48.063044], [-89.443258, 48.063267], [-89.442921, 48.063424], [-89.442651, 48.063516], [-89.442449, 48.063543], [-89.442294, 48.063577], [-89.442186, 48.063618], [-89.442126, 48.063665], [-89.442112, 48.063719], [-89.442082, 48.063753], [-89.442035, 48.063766], [-89.441971, 48.063759], [-89.44189, 48.063732], [-89.441829, 48.063726], [-89.441789, 48.063739], [-89.441769, 48.063773], [-89.441769, 48.063827], [-89.441748, 48.063861], [-89.441708, 48.063874], [-89.441647, 48.063867], [-89.441566, 48.06384], [-89.441506, 48.063834], [-89.441465, 48.063847], [-89.441445, 48.063881], [-89.441445, 48.063935], [-89.441391, 48.063971], [-89.441283, 48.063989], [-89.441121, 48.063989], [-89.440906, 48.063971], [-89.440744, 48.063948], [-89.440636, 48.063921], [-89.440582, 48.06389], [-89.440582, 48.063854], [-89.440549, 48.063836], [-89.440481, 48.063836], [-89.44038, 48.063854], [-89.440245, 48.06389], [-89.440144, 48.063901], [-89.440077, 48.063888], [-89.440043, 48.063849], [-89.440043, 48.063786], [-89.440006, 48.063746], [-89.439932, 48.063728], [-89.439821, 48.063732], [-89.439672, 48.063759], [-89.439558, 48.063759], [-89.439477, 48.063732], [-89.43943, 48.063678], [-89.439416, 48.063597], [-89.439329, 48.06353], [-89.439167, 48.063476], [-89.438931, 48.063435], [-89.438621, 48.063408], [-89.438402, 48.063366], [-89.438274, 48.063307], [-89.438237, 48.063233], [-89.438291, 48.063143], [-89.438297, 48.063069], [-89.438257, 48.06301], [-89.438169, 48.062968], [-89.438035, 48.062941], [-89.437937, 48.062898], [-89.437876, 48.062839], [-89.437853, 48.062765], [-89.437866, 48.062675], [-89.437917, 48.062601], [-89.438004, 48.062542], [-89.438129, 48.0625], [-89.438291, 48.062473], [-89.438422, 48.062423], [-89.438523, 48.062351], [-89.438594, 48.062257], [-89.438634, 48.06214], [-89.438621, 48.062045], [-89.438553, 48.061973], [-89.438432, 48.061924], [-89.438257, 48.061897], [-89.438031, 48.061926], [-89.437755, 48.062011], [-89.437428, 48.062153], [-89.43705, 48.062351], [-89.4367, 48.062515], [-89.436376, 48.062646], [-89.43608, 48.062743], [-89.43581, 48.062806], [-89.435598, 48.062878], [-89.435443, 48.062959], [-89.435345, 48.063049], [-89.435305, 48.063148], [-89.435231, 48.063211], [-89.435123, 48.063238], [-89.434981, 48.063229], [-89.434806, 48.063184], [-89.434671, 48.063168], [-89.434577, 48.063181], [-89.434523, 48.063224], [-89.434509, 48.063296], [-89.434425, 48.063348], [-89.43427, 48.063379], [-89.434044, 48.06339], [-89.433748, 48.063381], [-89.433519, 48.063395], [-89.433357, 48.063431], [-89.433263, 48.063489], [-89.433236, 48.06357], [-89.433185, 48.063618], [-89.433111, 48.063631], [-89.433013, 48.063611], [-89.432892, 48.063557], [-89.432804, 48.063541], [-89.43275, 48.063564], [-89.43273, 48.063624], [-89.432744, 48.063723], [-89.432673, 48.0638], [-89.432518, 48.063854], [-89.432278, 48.063885], [-89.431955, 48.063894], [-89.431706, 48.063915], [-89.43153, 48.063946], [-89.431429, 48.063989], [-89.431402, 48.064043], [-89.431358, 48.06407], [-89.431298, 48.06407], [-89.43122, 48.064043], [-89.431126, 48.063989], [-89.431038, 48.063969], [-89.430957, 48.063982], [-89.430883, 48.064029], [-89.430816, 48.06411], [-89.430684, 48.064173], [-89.430489, 48.064218], [-89.430229, 48.064245], [-89.429906, 48.064254], [-89.429643, 48.064281], [-89.429441, 48.064326], [-89.429299, 48.064389], [-89.429218, 48.06447], [-89.429124, 48.064524], [-89.429016, 48.064551], [-89.428895, 48.064551], [-89.42876, 48.064524], [-89.428639, 48.06452], [-89.428531, 48.064538], [-89.428437, 48.064578], [-89.428356, 48.064641], [-89.428261, 48.064693], [-89.428154, 48.064734], [-89.428032, 48.064763], [-89.427897, 48.064781], [-89.427786, 48.064774], [-89.427699, 48.064743], [-89.427635, 48.064686], [-89.427594, 48.064605], [-89.427544, 48.064545], [-89.427483, 48.064504], [-89.427412, 48.064484], [-89.427331, 48.064484], [-89.42726, 48.0645], [-89.4272, 48.064531], [-89.427149, 48.064578], [-89.427109, 48.064641], [-89.427055, 48.064689], [-89.426987, 48.06472], [-89.426907, 48.064736], [-89.426812, 48.064736], [-89.426741, 48.064749], [-89.426694, 48.064776], [-89.426671, 48.064817], [-89.426671, 48.064871], [-89.426533, 48.064911], [-89.426256, 48.064938], [-89.425842, 48.064952], [-89.425289, 48.064952], [-89.424874, 48.064967], [-89.424598, 48.064999], [-89.42446, 48.065046], [-89.42446, 48.065109], [-89.424436, 48.065156], [-89.424389, 48.065188], [-89.424318, 48.065204], [-89.424224, 48.065204], [-89.424153, 48.065217], [-89.424106, 48.065244], [-89.424083, 48.065285], [-89.424083, 48.065339], [-89.424052, 48.065372], [-89.423992, 48.065386], [-89.423901, 48.065379], [-89.423779, 48.065352], [-89.423688, 48.065345], [-89.423628, 48.065359], [-89.423597, 48.065393], [-89.423597, 48.065447], [-89.423564, 48.065474], [-89.423496, 48.065474], [-89.423395, 48.065447], [-89.42326, 48.065393]], [[-89.453153, 48.05912], [-89.453122, 48.059127], [-89.453102, 48.059141], [-89.453092, 48.059161], [-89.453092, 48.059188], [-89.453102, 48.059201], [-89.453122, 48.059201], [-89.453153, 48.059188], [-89.453193, 48.059161], [-89.453213, 48.059141], [-89.453213, 48.059127], [-89.453193, 48.05912], [-89.453153, 48.05912]], [[-89.453955, 48.058909], [-89.453924, 48.058896], [-89.453864, 48.058896], [-89.453773, 48.058909], [-89.453651, 48.058936], [-89.453591, 48.058956], [-89.453591, 48.05897], [-89.453651, 48.058976], [-89.453773, 48.058976], [-89.453864, 48.05897], [-89.453924, 48.058956], [-89.453955, 48.058936], [-89.453955, 48.058909]], [[-89.453597, 48.058833], [-89.453587, 48.058835], [-89.453581, 48.058839], [-89.453577, 48.058846], [-89.453577, 48.058855], [-89.453581, 48.05886], [-89.453587, 48.05886], [-89.453597, 48.058855], [-89.453611, 48.058846], [-89.453618, 48.058839], [-89.453618, 48.058835], [-89.453611, 48.058833], [-89.453597, 48.058833]], [[-89.453759, 48.058725], [-89.453749, 48.058727], [-89.453742, 48.058731], [-89.453739, 48.058738], [-89.453739, 48.058747], [-89.453742, 48.058752], [-89.453749, 48.058752], [-89.453759, 48.058747], [-89.453773, 48.058738], [-89.453779, 48.058731], [-89.453779, 48.058727], [-89.453773, 48.058725], [-89.453759, 48.058725]], [[-89.454083, 48.058509], [-89.454073, 48.058511], [-89.454066, 48.058515], [-89.454062, 48.058522], [-89.454062, 48.058531], [-89.454066, 48.058536], [-89.454073, 48.058536], [-89.454083, 48.058531], [-89.454096, 48.058522], [-89.454103, 48.058515], [-89.454103, 48.058511], [-89.454096, 48.058509], [-89.454083, 48.058509]]]}}, {"type": "Feature", "properties": {"lead": 96, "temp": "t10"}, "geometry": {"type": "Polygon", "coordinates": [[[-89.436484, 48.070049], [-89.436562, 48.069939], [-89.436717, 48.069853], [-89.436949, 48.069793], [-89.437259, 48.069757], [-89.437489, 48.069752], [-89.437637, 48.069779], [-89.437704, 48.069838], [-89.437691, 48.069928], [-89.437607, 48.070015], [-89.437451, 48.070101], [-89.437226, 48.070184], [-89.436929, 48.070265], [-89.436707, 48.070292], [-89.436558, 48.070265], [-89.436484, 48.070184], [-89.436484, 48.070049]]]}}, {"type": "Feature", "properties": {"lead": 96, "temp": "t10"}, "geometry": {"type": "Polygon", "coordinates": [[[-89.430695, 48.080755], [-89.430432, 48.080705], [-89.430216, 48.080633], [-89.430047, 48.080539], [-89.429926, 48.080422], [-89.429852, 48.080285], [-89.429825, 48.080127], [-89.429845, 48.07995], [-89.429913, 48.079752], [-89.430007, 48.079574], [-89.430128, 48.079417], [-89.430277, 48.07928], [-89.430452, 48.079163], [-89.430809, 48.07898], [-89.431348, 48.078733], [-89.43207, 48.07842], [-89.432973, 48.078043], [-89.433731, 48.077752], [-89.434344, 48.07755], [-89.434813, 48.077435], [-89.435136, 48.077408], [-89.435443, 48.077368], [-89.435733, 48.077314], [-89.436006, 48.077246], [-89.436262, 48.077165], [-89.436622, 48.077024], [-89.437088, 48.076821], [-89.437657, 48.076558], [-89.438331, 48.076234], [-89.439093, 48.075904], [-89.439942, 48.075566], [-89.440879, 48.075222], [-89.441903, 48.074871], [-89.442897, 48.074491], [-89.443861, 48.074082], [-89.444795, 48.073643], [-89.445698, 48.073176], [-89.446473, 48.072816], [-89.44712, 48.072564], [-89.447639, 48.07242], [-89.44803, 48.072384], [-89.448455, 48.072244], [-89.448913, 48.072001], [-89.449405, 48.071655], [-89.449931, 48.071205], [-89.450497, 48.070778], [-89.451104, 48.070373], [-89.451751, 48.069991], [-89.452438, 48.069631], [-89.45325, 48.069264], [-89.454187, 48.068891], [-89.455249, 48.06851], [-89.456435, 48.068124], [-89.457409, 48.067833], [-89.458171, 48.06764], [-89.45872, 48.067543], [-89.459057, 48.067543], [-89.45937, 48.067525], [-89.45966, 48.067489], [-89.459926, 48.067435], [-89.460169, 48.067363], [-89.460466, 48.067309], [-89.460816, 48.067273], [-89.46122, 48.067255], [-89.461679, 48.067255], [-89.462228, 48.067156], [-89.462868, 48.066958], [-89.4636, 48.066661], [-89.464422, 48.066265], [-89.465147, 48.065966], [-89.465773, 48.065764], [-89.466302, 48.065658], [-89.466734, 48.065649], [-89.467088, 48.065627], [-89.467364, 48.065591], [-89.467563, 48.065541], [-89.467684, 48.065478], [-89.467779, 48.065395], [-89.467846, 48.065291], [-89.467886, 48.065168], [-89.4679, 48.065024], [-89.467873, 48.064855], [-89.467806, 48.064662], [-89.467698, 48.064443], [-89.467549, 48.0642], [-89.467293, 48.064014], [-89.466929, 48.063883], [-89.466457, 48.063809], [-89.465878, 48.063791], [-89.465288, 48.06375], [-89.464688, 48.063687], [-89.464078, 48.063602], [-89.463458, 48.063494], [-89.462774, 48.063467], [-89.462026, 48.063521], [-89.461214, 48.063656], [-89.460337, 48.063872], [-89.459168, 48.06407], [-89.457705, 48.06425], [-89.45595, 48.064412], [-89.453901, 48.064556], [-89.452236, 48.064718], [-89.450955, 48.064898], [-89.450059, 48.065096], [-89.449547, 48.065312], [-89.449068, 48.065492], [-89.448623, 48.065636], [-89.448212, 48.065744], [-89.447835, 48.065816], [-89.447208, 48.065872], [-89.446332, 48.065912], [-89.445206, 48.065937], [-89.443831, 48.065946], [-89.442668, 48.066], [-89.441718, 48.066099], [-89.44098, 48.066243], [-89.440454, 48.066432], [-89.440104, 48.066666], [-89.439928, 48.066945], [-89.439928, 48.067269], [-89.440104, 48.067638], [-89.440235, 48.067966], [-89.440323, 48.068254], [-89.440367, 48.068501], [-89.440367, 48.068708], [-89.44035, 48.068884], [-89.440316, 48.069028], [-89.440265, 48.06914], [-89.440198, 48.069221], [-89.4401, 48.069273], [-89.439972, 48.069295], [-89.439814, 48.069289], [-89.439625, 48.069253], [-89.439504, 48.069255], [-89.43945, 48.069295], [-89.439463, 48.069374], [-89.439544, 48.069491], [-89.439541, 48.069604], [-89.439453, 48.069712], [-89.439281, 48.069815], [-89.439025, 48.069914], [-89.43882, 48.069948], [-89.438665, 48.069916], [-89.43856, 48.06982], [-89.438506, 48.069658], [-89.438527, 48.0695], [-89.438621, 48.069347], [-89.438789, 48.069199], [-89.439032, 48.069055], [-89.439214, 48.068904], [-89.439335, 48.068747], [-89.439396, 48.068582], [-89.439396, 48.068411], [-89.439372, 48.068263], [-89.439325, 48.068137], [-89.439254, 48.068034], [-89.43916, 48.067953], [-89.439079, 48.067833], [-89.439012, 48.067676], [-89.438958, 48.06748], [-89.438917, 48.067246], [-89.438874, 48.067071], [-89.438826, 48.066954], [-89.438776, 48.066895], [-89.438722, 48.066895], [-89.438685, 48.066846], [-89.438665, 48.066747], [-89.438661, 48.066598], [-89.438675, 48.0664], [-89.438715, 48.066229], [-89.438783, 48.066086], [-89.438877, 48.065969], [-89.438998, 48.065879], [-89.439143, 48.065811], [-89.439312, 48.065766], [-89.439504, 48.065744], [-89.43972, 48.065744], [-89.439969, 48.06571], [-89.440252, 48.065642], [-89.440569, 48.065541], [-89.440919, 48.065406], [-89.441526, 48.065296], [-89.442389, 48.06521], [-89.443507, 48.06515], [-89.444882, 48.065114], [-89.446008, 48.06506], [-89.446884, 48.064988], [-89.447511, 48.064898], [-89.447889, 48.06479], [-89.448205, 48.064716], [-89.448461, 48.064675], [-89.448657, 48.064668], [-89.448792, 48.064695], [-89.448923, 48.064686], [-89.449051, 48.064641], [-89.449176, 48.06456], [-89.449297, 48.064443], [-89.449452, 48.064342], [-89.449641, 48.064257], [-89.449863, 48.064187], [-89.45012, 48.064133], [-89.450443, 48.064092], [-89.450834, 48.064065], [-89.451292, 48.064052], [-89.451818, 48.064052], [-89.452243, 48.064029], [-89.452566, 48.063984], [-89.452789, 48.063917], [-89.45291, 48.063827], [-89.453227, 48.063746], [-89.453739, 48.063674], [-89.454447, 48.063611], [-89.45535, 48.063557], [-89.456111, 48.063523], [-89.456732, 48.06351], [-89.45721, 48.063516], [-89.457547, 48.063543], [-89.457867, 48.06355], [-89.458171, 48.063537], [-89.458457, 48.063503], [-89.458727, 48.063449], [-89.458949, 48.063393], [-89.459124, 48.063334], [-89.459252, 48.063274], [-89.459333, 48.063211], [-89.459414, 48.06317], [-89.459495, 48.063152], [-89.459576, 48.063157], [-89.459657, 48.063184], [-89.459761, 48.063184], [-89.459889, 48.063157], [-89.460041, 48.063103], [-89.460216, 48.063022], [-89.460445, 48.062945], [-89.460728, 48.062873], [-89.461065, 48.062806], [-89.461456, 48.062743], [-89.46176, 48.062704], [-89.461975, 48.062691], [-89.462103, 48.062702], [-89.462144, 48.062738], [-89.462282, 48.062765], [-89.462518, 48.062783], [-89.462852, 48.062792], [-89.463283, 48.062792], [-89.46367, 48.062812], [-89.464014, 48.062853], [-89.464314, 48.062914], [-89.46457, 48.062995], [-89.464921, 48.063055], [-89.465366, 48.063096], [-89.465905, 48.063116], [-89.466538, 48.063116], [-89.467081, 48.063152], [-89.467533, 48.063224], [-89.467893, 48.063332], [-89.468163, 48.063476], [-89.468395, 48.063699], [-89.468591, 48.064], [-89.468749, 48.06438], [-89.46887, 48.064839], [-89.468918, 48.065219], [-89.468891, 48.065521], [-89.46879, 48.065744], [-89.468614, 48.065888], [-89.468355, 48.066009], [-89.468011, 48.066108], [-89.467583, 48.066184], [-89.467071, 48.066238], [-89.466666, 48.066295], [-89.46637, 48.066353], [-89.466181, 48.066414], [-89.4661, 48.066477], [-89.465986, 48.066531], [-89.465837, 48.066576], [-89.465655, 48.066612], [-89.46544, 48.066639], [-89.465234, 48.066702], [-89.465039, 48.066801], [-89.464853, 48.066936], [-89.464678, 48.067107], [-89.464503, 48.067242], [-89.464328, 48.067341], [-89.464152, 48.067404], [-89.463977, 48.067431], [-89.463825, 48.067473], [-89.463697, 48.067532], [-89.463593, 48.067606], [-89.463512, 48.067696], [-89.463408, 48.067777], [-89.46328, 48.067849], [-89.463128, 48.067912], [-89.462953, 48.067966], [-89.462767, 48.068], [-89.462572, 48.068013], [-89.462366, 48.068007], [-89.462151, 48.06798], [-89.461958, 48.067966], [-89.46179, 48.067966], [-89.461645, 48.06798], [-89.461524, 48.068007], [-89.461433, 48.068043], [-89.461372, 48.068088], [-89.461342, 48.068142], [-89.461342, 48.068205], [-89.461332, 48.068243], [-89.461311, 48.068256], [-89.461281, 48.068245], [-89.461241, 48.068209], [-89.461123, 48.068182], [-89.460927, 48.068164], [-89.460654, 48.068155], [-89.460304, 48.068155], [-89.460041, 48.068164], [-89.459866, 48.068182], [-89.459778, 48.068209], [-89.459778, 48.068245], [-89.459714, 48.068272], [-89.459586, 48.06829], [-89.459394, 48.068299], [-89.459138, 48.068299], [-89.458925, 48.068312], [-89.458757, 48.068339], [-89.458632, 48.06838], [-89.458551, 48.068434], [-89.458447, 48.068474], [-89.458319, 48.068501], [-89.458167, 48.068515], [-89.457992, 48.068515], [-89.457786, 48.068551], [-89.45755, 48.068623], [-89.457284, 48.068731], [-89.456988, 48.068875], [-89.456732, 48.068983], [-89.456516, 48.069055], [-89.456341, 48.069091], [-89.456206, 48.069091], [-89.456031, 48.069127], [-89.455815, 48.069199], [-89.455559, 48.069307], [-89.455262, 48.069451], [-89.454966, 48.069572], [-89.454669, 48.069671], [-89.454373, 48.069748], [-89.454076, 48.069802], [-89.453843, 48.069858], [-89.453675, 48.069916], [-89.45357, 48.069977], [-89.45353, 48.07004], [-89.453446, 48.070101], [-89.453318, 48.070159], [-89.453146, 48.070215], [-89.45293, 48.070269], [-89.452681, 48.070359], [-89.452398, 48.070485], [-89.452081, 48.070647], [-89.45173, 48.070845], [-89.451393, 48.071066], [-89.45107, 48.071309], [-89.45076, 48.071574], [-89.450463, 48.071862], [-89.450187, 48.0721], [-89.449931, 48.072289], [-89.449695, 48.072429], [-89.449479, 48.072519], [-89.449324, 48.0726], [-89.44923, 48.072672], [-89.449196, 48.072735], [-89.449223, 48.072789], [-89.449226, 48.072838], [-89.449206, 48.072883], [-89.449162, 48.072924], [-89.449095, 48.07296], [-89.449011, 48.072978], [-89.44891, 48.072978], [-89.448792, 48.07296], [-89.448657, 48.072924], [-89.448536, 48.072912], [-89.448428, 48.072926], [-89.448333, 48.072964], [-89.448252, 48.073027], [-89.448104, 48.073088], [-89.447889, 48.073146], [-89.447605, 48.073203], [-89.447255, 48.073256], [-89.446942, 48.073333], [-89.446665, 48.073432], [-89.446426, 48.073553], [-89.446224, 48.073697], [-89.446048, 48.073805], [-89.4459, 48.073877], [-89.445779, 48.073913], [-89.445685, 48.073913], [-89.445604, 48.073931], [-89.445536, 48.073967], [-89.445482, 48.074021], [-89.445442, 48.074093], [-89.445378, 48.074149], [-89.44529, 48.07419], [-89.445179, 48.074215], [-89.445044, 48.074224], [-89.444903, 48.074266], [-89.444754, 48.074343], [-89.444599, 48.074453], [-89.444438, 48.074597], [-89.444293, 48.074705], [-89.444165, 48.074777], [-89.444053, 48.074813], [-89.443959, 48.074813], [-89.443868, 48.074835], [-89.44378, 48.07488], [-89.443696, 48.074948], [-89.443615, 48.075038], [-89.443501, 48.075119], [-89.443352, 48.075191], [-89.44317, 48.075254], [-89.442955, 48.075308], [-89.442773, 48.075371], [-89.442625, 48.075443], [-89.44251, 48.075524], [-89.442429, 48.075614], [-89.442335, 48.075681], [-89.442227, 48.075726], [-89.442106, 48.075749], [-89.441971, 48.075749], [-89.441839, 48.075771], [-89.441711, 48.075816], [-89.441587, 48.075884], [-89.441465, 48.075973], [-89.441256, 48.076068], [-89.44096, 48.076167], [-89.440576, 48.07627], [-89.440104, 48.076378], [-89.439736, 48.076475], [-89.439474, 48.07656], [-89.439315, 48.076635], [-89.439261, 48.076698], [-89.439147, 48.076765], [-89.438971, 48.076837], [-89.438735, 48.076914], [-89.438439, 48.076995], [-89.438206, 48.077071], [-89.438038, 48.077143], [-89.437933, 48.07721], [-89.437893, 48.077273], [-89.437788, 48.077341], [-89.43762, 48.077413], [-89.437387, 48.077489], [-89.437091, 48.07757], [-89.436858, 48.077647], [-89.43669, 48.077719], [-89.436585, 48.077786], [-89.436545, 48.077849], [-89.436363, 48.077923], [-89.436039, 48.078009], [-89.435574, 48.078106], [-89.434968, 48.078214], [-89.434503, 48.07831], [-89.434179, 48.078396], [-89.433997, 48.07847], [-89.433957, 48.078533], [-89.433744, 48.078643], [-89.43336, 48.078801], [-89.432804, 48.079005], [-89.432076, 48.079257], [-89.431497, 48.079468], [-89.431065, 48.079639], [-89.430782, 48.07977], [-89.430647, 48.07986], [-89.430546, 48.079941], [-89.430479, 48.080013], [-89.430445, 48.080076], [-89.430445, 48.08013], [-89.430469, 48.080163], [-89.430516, 48.080177], [-89.430587, 48.08017], [-89.430681, 48.080143], [-89.430752, 48.080141], [-89.430799, 48.080163], [-89.430823, 48.080211], [-89.430823, 48.080283], [-89.430843, 48.080319], [-89.430883, 48.080319], [-89.430944, 48.080283], [-89.431025, 48.080211], [-89.431139, 48.080148], [-89.431288, 48.080094], [-89.43147, 48.080049], [-89.431685, 48.080013], [-89.431921, 48.079995], [-89.432177, 48.079995], [-89.432454, 48.080013], [-89.43275, 48.080049], [-89.432973, 48.080055], [-89.433121, 48.080033], [-89.433195, 48.079981], [-89.433195, 48.0799], [-89.433239, 48.079846], [-89.433327, 48.079819], [-89.433458, 48.079819], [-89.433633, 48.079846], [-89.433808, 48.079837], [-89.433984, 48.079792], [-89.434159, 48.079711], [-89.434334, 48.079594], [-89.43452, 48.079543], [-89.434715, 48.079556], [-89.434921, 48.079635], [-89.435136, 48.079779], [-89.435049, 48.079938], [-89.434658, 48.080114], [-89.433963, 48.080305], [-89.432966, 48.080512], [-89.43214, 48.08066], [-89.431487, 48.08075], [-89.431005, 48.080782], [-89.430695, 48.080755]]]}}, {"type": "Feature", "properties": {"lead": 96, "temp": "t10"}, "geometry": {"type": "Polygon", "coordinates": [[[-89.431075, 48.088601], [-89.431015, 48.08856], [-89.430984, 48.088513], [-89.430984, 48.088459], [-89.430947, 48.088416], [-89.430873, 48.088385], [-89.430762, 48.088365], [-89.430614, 48.088356], [-89.430614, 48.088342], [-89.430762, 48.088324], [-89.431059, 48.088302], [-89.431503, 48.088275], [-89.432147, 48.088137], [-89.43299, 48.08789], [-89.434031, 48.087533], [-89.435271, 48.087065], [-89.436201, 48.086739], [-89.436821, 48.086554], [-89.437131, 48.086512], [-89.437131, 48.086611], [-89.437091, 48.086714], [-89.43701, 48.086822], [-89.436889, 48.086934], [-89.436727, 48.087051], [-89.436582, 48.087139], [-89.436454, 48.087197], [-89.436343, 48.087227], [-89.436248, 48.087227], [-89.436039, 48.087296], [-89.435716, 48.087436], [-89.435278, 48.087645], [-89.434725, 48.087924], [-89.434257, 48.088128], [-89.433873, 48.088259], [-89.433573, 48.088315], [-89.433357, 48.088297], [-89.433185, 48.088297], [-89.433057, 48.088315], [-89.432973, 48.088351], [-89.432932, 48.088405], [-89.432824, 48.088445], [-89.432649, 48.088472], [-89.432407, 48.088486], [-89.432096, 48.088486], [-89.431854, 48.088499], [-89.431679, 48.088526], [-89.431571, 48.088567], [-89.43153, 48.088621], [-89.43147, 48.088655], [-89.431389, 48.088668], [-89.431288, 48.088661], [-89.431166, 48.088634], [-89.431075, 48.088601]]]}}, {"type": "Feature", "properties": {"lead": 96, "temp": "t10"}, "geometry": {"type": "Polygon", "coordinates": [[[-89.429094, 48.088499], [-89.429222, 48.08849], [-89.429138, 48.088522], [-89.428841, 48.088594], [-89.428555, 48.088652], [-89.428278, 48.088697], [-89.428012, 48.088729], [-89.427756, 48.088747], [-89.427702, 48.088738], [-89.42785, 48.088702], [-89.428201, 48.088639], [-89.428753, 48.088549], [-89.429094, 48.088499]]]}}, {"type": "Feature", "properties": {"lead": 96, "temp": "t10"}, "geometry": {"type": "Polygon", "coordinates": [[[-89.427109, 48.088864], [-89.427045, 48.088834], [-89.426957, 48.088812], [-89.426846, 48.088796], [-89.426711, 48.088787], [-89.426654, 48.08878], [-89.426674, 48.088776], [-89.426772, 48.088774], [-89.426947, 48.088774], [-89.427078, 48.088785], [-89.427166, 48.088807], [-89.42721, 48.088841], [-89.42721, 48.088886], [-89.4272, 48.088911], [-89.42718, 48.088915], [-89.427149, 48.0889], [-89.427109, 48.088864]]]}}, {"type": "Feature", "properties": {"lead": 96, "temp": "t10"}, "geometry": {"type": "Polygon", "coordinates": [[[-89.413383, 48.058846], [-89.413551, 48.058711], [-89.413804, 48.058585], [-89.414141, 48.058468], [-89.414427, 48.058396], [-89.414663, 48.058369], [-89.414849, 48.058387], [-89.414983, 48.05845], [-89.415084, 48.058475], [-89.415152, 48.058461], [-89.415186, 48.05841], [-89.415186, 48.05832], [-89.415219, 48.058245], [-89.415287, 48.058187], [-89.415388, 48.058144], [-89.415523, 48.058117], [-89.415634, 48.058077], [-89.415721, 48.058023], [-89.415785, 48.057955], [-89.415826, 48.057874], [-89.415876, 48.057818], [-89.415937, 48.057786], [-89.416008, 48.05778], [-89.416089, 48.057798], [-89.41617, 48.057784], [-89.416251, 48.057739], [-89.416331, 48.057663], [-89.416412, 48.057555], [-89.416422, 48.057467], [-89.416362, 48.057399], [-89.41623, 48.057352], [-89.416028, 48.057325], [-89.415725, 48.057339], [-89.41532, 48.057393], [-89.414815, 48.057487], [-89.414208, 48.057622], [-89.413753, 48.057678], [-89.41345, 48.057656], [-89.413298, 48.057555], [-89.413298, 48.057375], [-89.413447, 48.057213], [-89.413743, 48.057069], [-89.414188, 48.056943], [-89.414781, 48.056835], [-89.415293, 48.05676], [-89.415725, 48.05672], [-89.416075, 48.056713], [-89.416345, 48.05674], [-89.416594, 48.056799], [-89.416823, 48.056889], [-89.417032, 48.05701], [-89.417221, 48.057163], [-89.417353, 48.057316], [-89.417427, 48.057469], [-89.417444, 48.057622], [-89.417403, 48.057775], [-89.41712, 48.057975], [-89.416594, 48.058223], [-89.415826, 48.058518], [-89.414815, 48.05886], [-89.414057, 48.059078], [-89.413551, 48.059172], [-89.413298, 48.059143], [-89.413298, 48.05899], [-89.413383, 48.058846]]]}}, {"type": "Feature", "properties": {"lead": 96, "temp": "t10"}, "geometry": {"type": "Polygon", "coordinates": [[[-89.413848, 48.065548], [-89.413868, 48.065534], [-89.413898, 48.065528], [-89.413939, 48.065528], [-89.413959, 48.065534], [-89.413959, 48.065548], [-89.413939, 48.065568], [-89.413898, 48.065595], [-89.413868, 48.065609], [-89.413848, 48.065609], [-89.413838, 48.065595], [-89.413838, 48.065568], [-89.413848, 48.065548]]]}}, {"type": "Feature", "properties": {"lead": 96, "temp": "t10"}, "geometry": {"type": "Polygon", "coordinates": [[[-89.413359, 48.068488], [-89.413389, 48.068299], [-89.41349, 48.068119], [-89.413662, 48.067948], [-89.413905, 48.067786], [-89.414026, 48.067588], [-89.414026, 48.067354], [-89.413905, 48.067084], [-89.413662, 48.066778], [-89.41348, 48.066486], [-89.413359, 48.066207], [-89.413298, 48.065942], [-89.413298, 48.06569], [-89.413352, 48.065537], [-89.41346, 48.065483], [-89.413622, 48.065528], [-89.413838, 48.065672], [-89.41403, 48.065843], [-89.414198, 48.066041], [-89.414343, 48.066265], [-89.414464, 48.066517], [-89.414589, 48.066729], [-89.414717, 48.0669], [-89.414849, 48.06703], [-89.414983, 48.06712], [-89.415091, 48.067222], [-89.415172, 48.067334], [-89.415226, 48.067458], [-89.415253, 48.067593], [-89.415213, 48.067746], [-89.415105, 48.067917], [-89.414929, 48.068106], [-89.414687, 48.068312], [-89.414451, 48.06849], [-89.414222, 48.068639], [-89.413999, 48.068758], [-89.413784, 48.068848], [-89.413612, 48.068866], [-89.413484, 48.068812], [-89.413399, 48.068686], [-89.413359, 48.068488]]]}}, {"type": "Feature", "properties": {"lead": 96, "temp": "t10"}, "geometry": {"type": "Polygon", "coordinates": [[[-89.422492, 48.073279], [-89.422114, 48.073216], [-89.421764, 48.073126], [-89.42144, 48.073009], [-89.421147, 48.072921], [-89.420884, 48.072863], [-89.420652, 48.072834], [-89.42045, 48.072834], [-89.420231, 48.072795], [-89.419995, 48.072719], [-89.419742, 48.072604], [-89.419472, 48.072451], [-89.418909, 48.07231], [-89.418053, 48.072179], [-89.416904, 48.07206], [-89.415462, 48.071952], [-89.41438, 48.071839], [-89.413659, 48.071723], [-89.413298, 48.071601], [-89.413298, 48.071475], [-89.413386, 48.071378], [-89.413561, 48.071311], [-89.413824, 48.071273], [-89.414175, 48.071264], [-89.414488, 48.071273], [-89.414764, 48.0713], [-89.415004, 48.071345], [-89.415206, 48.071408], [-89.415401, 48.071448], [-89.41559, 48.071466], [-89.415772, 48.071462], [-89.415947, 48.071435], [-89.416079, 48.071428], [-89.416166, 48.071441], [-89.41621, 48.071475], [-89.41621, 48.071529], [-89.416244, 48.071576], [-89.416311, 48.071617], [-89.416412, 48.071651], [-89.416547, 48.071678], [-89.416692, 48.07168], [-89.416847, 48.071657], [-89.417012, 48.07161], [-89.417187, 48.071538], [-89.417359, 48.071486], [-89.417528, 48.071455], [-89.417693, 48.071444], [-89.417855, 48.071453], [-89.417986, 48.071484], [-89.418087, 48.071538], [-89.418158, 48.071615], [-89.418198, 48.071714], [-89.418293, 48.071788], [-89.418441, 48.071837], [-89.418643, 48.071862], [-89.418899, 48.071862], [-89.419125, 48.071882], [-89.419321, 48.071923], [-89.419486, 48.071983], [-89.419621, 48.072064], [-89.419742, 48.072118], [-89.41985, 48.072145], [-89.419944, 48.072145], [-89.420025, 48.072118], [-89.420086, 48.072112], [-89.420126, 48.072125], [-89.420146, 48.072159], [-89.420146, 48.072213], [-89.4202, 48.072253], [-89.420308, 48.07228], [-89.42047, 48.072294], [-89.420686, 48.072294], [-89.420911, 48.07233], [-89.421147, 48.072402], [-89.421393, 48.07251], [-89.421649, 48.072654], [-89.421939, 48.072768], [-89.422263, 48.072854], [-89.42262, 48.07291], [-89.423011, 48.072937], [-89.423304, 48.072946], [-89.423499, 48.072937], [-89.423597, 48.07291], [-89.423597, 48.072865], [-89.423695, 48.072816], [-89.42389, 48.072762], [-89.424184, 48.072703], [-89.424575, 48.07264], [-89.424878, 48.07255], [-89.425094, 48.072433], [-89.425222, 48.072289], [-89.425262, 48.072118], [-89.425356, 48.071954], [-89.425505, 48.071797], [-89.425707, 48.071646], [-89.425963, 48.071502], [-89.426229, 48.071385], [-89.426506, 48.071295], [-89.426792, 48.071232], [-89.427089, 48.071196], [-89.427375, 48.071126], [-89.427651, 48.071023], [-89.427918, 48.070886], [-89.428174, 48.070715], [-89.428453, 48.070573], [-89.428757, 48.070461], [-89.429084, 48.070377], [-89.429434, 48.070323], [-89.429694, 48.070267], [-89.429862, 48.070209], [-89.42994, 48.070148], [-89.429926, 48.070085], [-89.42994, 48.070047], [-89.42998, 48.070033], [-89.430047, 48.070045], [-89.430142, 48.070081], [-89.430213, 48.070099], [-89.43026, 48.070099], [-89.430283, 48.070081], [-89.430283, 48.070045], [-89.430327, 48.070011], [-89.430415, 48.069979], [-89.430546, 48.06995], [-89.430722, 48.069923], [-89.430853, 48.069885], [-89.430941, 48.069835], [-89.430984, 48.069775], [-89.430984, 48.069703], [-89.431001, 48.06966], [-89.431035, 48.069646], [-89.431085, 48.069662], [-89.431153, 48.069707], [-89.431237, 48.069723], [-89.431338, 48.069709], [-89.431456, 48.069667], [-89.431591, 48.069595], [-89.431749, 48.069552], [-89.431931, 48.069538], [-89.432137, 48.069554], [-89.432366, 48.069599], [-89.432548, 48.069615], [-89.432683, 48.069601], [-89.43277, 48.069559], [-89.432811, 48.069487], [-89.432841, 48.069451], [-89.432861, 48.069451], [-89.432872, 48.069487], [-89.432872, 48.069559], [-89.432912, 48.069613], [-89.432993, 48.069649], [-89.433114, 48.069667], [-89.433276, 48.069667], [-89.433397, 48.06968], [-89.433478, 48.069707], [-89.433519, 48.069748], [-89.433519, 48.069802], [-89.433546, 48.069817], [-89.4336, 48.069795], [-89.43368, 48.069734], [-89.433788, 48.069635], [-89.433876, 48.069586], [-89.433943, 48.069586], [-89.43399, 48.069635], [-89.434017, 48.069734], [-89.434176, 48.069808], [-89.434466, 48.069858], [-89.434887, 48.069883], [-89.43544, 48.069883], [-89.435851, 48.069921], [-89.43612, 48.069997], [-89.436248, 48.070112], [-89.436235, 48.070265], [-89.436127, 48.070375], [-89.435925, 48.070443], [-89.435628, 48.070467], [-89.435237, 48.070449], [-89.434853, 48.070413], [-89.434476, 48.070359], [-89.434105, 48.070287], [-89.433741, 48.070197], [-89.43333, 48.070143], [-89.432872, 48.070125], [-89.432366, 48.070143], [-89.431813, 48.070197], [-89.431099, 48.070332], [-89.430223, 48.070548], [-89.429185, 48.070845], [-89.427985, 48.071223], [-89.427068, 48.071561], [-89.426435, 48.071857], [-89.426084, 48.072114], [-89.426017, 48.07233], [-89.425845, 48.072534], [-89.425569, 48.072728], [-89.425188, 48.07291], [-89.424703, 48.073081], [-89.424231, 48.073207], [-89.423772, 48.073288], [-89.423328, 48.073324], [-89.422896, 48.073315], [-89.422492, 48.073279]]]}}, {"type": "Feature", "properties": {"lead": 96, "temp": "t10"}, "geometry": {"type": "Polygon", "coordinates": [[[-89.423621, 48.089716], [-89.423291, 48.089657], [-89.42297, 48.08957], [-89.42266, 48.089453], [-89.422428, 48.089352], [-89.422273, 48.089266], [-89.422195, 48.089196], [-89.422195, 48.089142], [-89.422165, 48.089095], [-89.422104, 48.089055], [-89.422013, 48.089021], [-89.421892, 48.088994], [-89.421683, 48.088886], [-89.421386, 48.088697], [-89.421002, 48.088427], [-89.42053, 48.088077], [-89.420123, 48.087721], [-89.419779, 48.087362], [-89.419499, 48.086997], [-89.419284, 48.086629], [-89.419122, 48.086309], [-89.419014, 48.086039], [-89.41896, 48.085819], [-89.41896, 48.085648], [-89.41898, 48.085491], [-89.419021, 48.085347], [-89.419081, 48.085216], [-89.419162, 48.0851], [-89.419277, 48.084989], [-89.419425, 48.084886], [-89.419607, 48.084789], [-89.419823, 48.084699], [-89.420018, 48.084645], [-89.420193, 48.084627], [-89.420348, 48.084645], [-89.420483, 48.084699], [-89.420605, 48.084719], [-89.420712, 48.084706], [-89.420807, 48.084659], [-89.420888, 48.084578], [-89.421036, 48.08449], [-89.421252, 48.084396], [-89.421535, 48.084294], [-89.421885, 48.084187], [-89.422158, 48.084083], [-89.422354, 48.083984], [-89.422472, 48.08389], [-89.422512, 48.0838], [-89.422573, 48.083719], [-89.422654, 48.083647], [-89.422755, 48.083584], [-89.422876, 48.08353], [-89.422957, 48.083474], [-89.422997, 48.083415], [-89.422997, 48.083354], [-89.422957, 48.083292], [-89.42295, 48.083231], [-89.422977, 48.083172], [-89.423038, 48.083116], [-89.423132, 48.083062], [-89.423173, 48.083004], [-89.423159, 48.082941], [-89.423092, 48.082873], [-89.42297, 48.082801], [-89.422886, 48.082736], [-89.422839, 48.082678], [-89.422829, 48.082626], [-89.422856, 48.082581], [-89.422822, 48.082527], [-89.422728, 48.082464], [-89.422573, 48.082392], [-89.422357, 48.082311], [-89.422037, 48.082264], [-89.421612, 48.08225], [-89.421083, 48.082271], [-89.42045, 48.082325], [-89.419974, 48.082379], [-89.419658, 48.082432], [-89.419499, 48.082486], [-89.419499, 48.08254], [-89.419466, 48.082574], [-89.419398, 48.082588], [-89.419297, 48.082581], [-89.419162, 48.082554], [-89.419041, 48.082547], [-89.418933, 48.082561], [-89.418839, 48.082594], [-89.418758, 48.082648], [-89.418663, 48.082689], [-89.418556, 48.082716], [-89.418434, 48.082729], [-89.4183, 48.082729], [-89.418185, 48.082747], [-89.418091, 48.082783], [-89.418016, 48.082837], [-89.417963, 48.082909], [-89.417807, 48.082981], [-89.417551, 48.083053], [-89.417194, 48.083125], [-89.416736, 48.083197], [-89.416389, 48.083262], [-89.416153, 48.083321], [-89.416028, 48.083372], [-89.416015, 48.083417], [-89.41589, 48.083485], [-89.415654, 48.083575], [-89.415307, 48.083687], [-89.414849, 48.083822], [-89.414505, 48.083935], [-89.414276, 48.084025], [-89.414161, 48.084092], [-89.414161, 48.084137], [-89.414141, 48.084166], [-89.4141, 48.08418], [-89.41404, 48.084178], [-89.413959, 48.08416], [-89.413895, 48.084157], [-89.413848, 48.084171], [-89.413817, 48.0842], [-89.413804, 48.084245], [-89.413763, 48.084274], [-89.413696, 48.084288], [-89.413602, 48.084285], [-89.41348, 48.084267], [-89.413389, 48.08422], [-89.413329, 48.084144], [-89.413298, 48.084038], [-89.413298, 48.083903], [-89.413379, 48.083782], [-89.413541, 48.083674], [-89.413784, 48.083579], [-89.414107, 48.083498], [-89.414441, 48.08339], [-89.414785, 48.083256], [-89.415138, 48.083094], [-89.415502, 48.082905], [-89.416092, 48.082693], [-89.416908, 48.082459], [-89.417949, 48.082203], [-89.419216, 48.081924], [-89.420207, 48.081715], [-89.420921, 48.081576], [-89.42136, 48.081506], [-89.421521, 48.081506], [-89.421761, 48.081542], [-89.422077, 48.081614], [-89.422472, 48.081722], [-89.422943, 48.081866], [-89.423321, 48.081996], [-89.423604, 48.082113], [-89.423793, 48.082217], [-89.423887, 48.082307], [-89.423958, 48.082408], [-89.424005, 48.08252], [-89.424029, 48.082644], [-89.424029, 48.082779], [-89.423992, 48.08295], [-89.423917, 48.083157], [-89.423806, 48.083399], [-89.423658, 48.083678], [-89.423442, 48.083932], [-89.423159, 48.084162], [-89.422809, 48.084366], [-89.422391, 48.084546], [-89.42198, 48.084697], [-89.421575, 48.084818], [-89.421178, 48.084911], [-89.420787, 48.084974], [-89.420429, 48.08507], [-89.420106, 48.085201], [-89.419816, 48.085365], [-89.41956, 48.085563], [-89.419381, 48.085756], [-89.41928, 48.085945], [-89.419257, 48.086129], [-89.419311, 48.086309], [-89.419395, 48.086489], [-89.419509, 48.086669], [-89.419654, 48.086849], [-89.41983, 48.087029], [-89.420123, 48.087263], [-89.420534, 48.087551], [-89.421063, 48.087892], [-89.42171, 48.088288], [-89.42235, 48.088598], [-89.422984, 48.088823], [-89.423611, 48.088963], [-89.424231, 48.089017], [-89.424757, 48.089041], [-89.425188, 48.089037], [-89.425525, 48.089003], [-89.425768, 48.08894], [-89.42599, 48.088922], [-89.426192, 48.088949], [-89.426374, 48.089021], [-89.426536, 48.089138], [-89.426536, 48.089253], [-89.426374, 48.089365], [-89.426051, 48.089475], [-89.425565, 48.089583], [-89.425114, 48.089664], [-89.424696, 48.089718], [-89.424312, 48.089745], [-89.423961, 48.089745], [-89.423621, 48.089716]]]}}, {"type": "Feature", "properties": {"lead": 96, "temp": "t8"}, "geometry": {"type": "Polygon", "coordinates": [[[-89.425639, 48.064515], [-89.42565, 48.06447], [-89.425652, 48.064469], [-89.425923, 48.064416], [-89.426637, 48.064299], [-89.427237, 48.064227], [-89.427722, 48.0642], [-89.428174, 48.064149], [-89.428592, 48.064072], [-89.428976, 48.063971], [-89.429326, 48.063845], [-89.429748, 48.063726], [-89.43024, 48.063613], [-89.430802, 48.063507], [-89.431436, 48.063408], [-89.431992, 48.063303], [-89.432471, 48.06319], [-89.432872, 48.063071], [-89.433195, 48.062945], [-89.433495, 48.062851], [-89.433771, 48.062788], [-89.434024, 48.062756], [-89.434253, 48.062756], [-89.434459, 48.062727], [-89.434641, 48.062668], [-89.434799, 48.062581], [-89.434934, 48.062464], [-89.435194, 48.062311], [-89.435578, 48.062122], [-89.436087, 48.061897], [-89.43672, 48.061636], [-89.437189, 48.061467], [-89.437549, 48.061379], [-89.4379, 48.061325], [-89.438206, 48.061296], [-89.438469, 48.061292], [-89.438516, 48.061296], [-89.438722, 48.061339], [-89.438924, 48.061402], [-89.439113, 48.061483], [-89.439265, 48.061595], [-89.439379, 48.061739], [-89.439457, 48.061915], [-89.439497, 48.062122], [-89.4395, 48.062306], [-89.439467, 48.062468], [-89.439457, 48.062488], [-89.439376, 48.062594], [-89.439254, 48.062702], [-89.439217, 48.062794], [-89.439265, 48.062871], [-89.439298, 48.062886], [-89.439305, 48.062898], [-89.43943, 48.062954], [-89.439632, 48.06299], [-89.4398, 48.063033], [-89.439935, 48.063082], [-89.440036, 48.063139], [-89.440104, 48.063202], [-89.440225, 48.063251], [-89.4404, 48.063287], [-89.440629, 48.06331], [-89.440913, 48.063319], [-89.441212, 48.063289], [-89.441529, 48.063222], [-89.441863, 48.063116], [-89.442213, 48.062972], [-89.442534, 48.062819], [-89.442823, 48.062657], [-89.443083, 48.062486], [-89.443312, 48.062306], [-89.443686, 48.062095], [-89.444205, 48.061852], [-89.444869, 48.061577], [-89.445678, 48.061271], [-89.446493, 48.061035], [-89.447316, 48.060869], [-89.448145, 48.060772], [-89.44898, 48.060745], [-89.449776, 48.060695], [-89.450531, 48.060623], [-89.451245, 48.060529], [-89.451919, 48.060412], [-89.452455, 48.060304], [-89.452853, 48.060205], [-89.453112, 48.060115], [-89.453233, 48.060034], [-89.453257, 48.059953], [-89.453183, 48.059872], [-89.453011, 48.059791], [-89.452741, 48.05971], [-89.452539, 48.059595], [-89.452404, 48.059447], [-89.452337, 48.059264], [-89.452337, 48.059048], [-89.452398, 48.058871], [-89.452519, 48.058731], [-89.452701, 48.05863], [-89.452944, 48.058567], [-89.453193, 48.058473], [-89.453449, 48.058347], [-89.453712, 48.058189], [-89.453982, 48.058], [-89.454211, 48.057854], [-89.454399, 48.05775], [-89.454548, 48.05769], [-89.454656, 48.057672], [-89.454753, 48.057633], [-89.454841, 48.057575], [-89.454918, 48.057496], [-89.454986, 48.057397], [-89.455138, 48.057287], [-89.455373, 48.057165], [-89.455694, 48.057033], [-89.456098, 48.056889], [-89.456506, 48.056713], [-89.456917, 48.056506], [-89.457331, 48.056268], [-89.457749, 48.055998], [-89.458208, 48.055752], [-89.458706, 48.055532], [-89.459246, 48.055336], [-89.459825, 48.055165], [-89.460301, 48.055042], [-89.460631, 48.054972], [-89.460998, 48.054918], [-89.461308, 48.0549], [-89.461625, 48.054918], [-89.461948, 48.054972], [-89.462279, 48.055062], [-89.462616, 48.055188], [-89.462909, 48.055332], [-89.463158, 48.055494], [-89.463364, 48.055674], [-89.463526, 48.055872], [-89.463708, 48.05602], [-89.46391, 48.056119], [-89.464132, 48.056169], [-89.464375, 48.056169], [-89.464705, 48.056124], [-89.465123, 48.056034], [-89.465628, 48.055899], [-89.466222, 48.055719], [-89.466808, 48.05557], [-89.467388, 48.055453], [-89.467961, 48.055368], [-89.468527, 48.055314], [-89.468985, 48.055284], [-89.469336, 48.05528], [-89.469578, 48.0553], [-89.469713, 48.055345], [-89.469814, 48.055363], [-89.469881, 48.055354], [-89.469915, 48.055318], [-89.469915, 48.055255], [-89.469942, 48.055203], [-89.469996, 48.055163], [-89.470077, 48.055134], [-89.470185, 48.055116], [-89.470566, 48.055093], [-89.471219, 48.055066], [-89.472146, 48.055035], [-89.473346, 48.054999], [-89.474475, 48.054945], [-89.475533, 48.054873], [-89.47652, 48.054783], [-89.477437, 48.054675], [-89.478125, 48.05458], [-89.478583, 48.054499], [-89.478812, 48.054432], [-89.478812, 48.054378], [-89.47889, 48.05431], [-89.479045, 48.054229], [-89.479277, 48.054135], [-89.479587, 48.054027], [-89.479837, 48.053856], [-89.480025, 48.053622], [-89.480153, 48.053325], [-89.480221, 48.052965], [-89.480167, 48.052614], [-89.479992, 48.052272], [-89.479695, 48.051939], [-89.479277, 48.051615], [-89.47895, 48.051344], [-89.478714, 48.051128], [-89.478569, 48.050966], [-89.478516, 48.050858], [-89.478216, 48.050755], [-89.47767, 48.050656], [-89.476878, 48.050561], [-89.47584, 48.050471], [-89.474947, 48.05035], [-89.474198, 48.050197], [-89.473595, 48.050012], [-89.473137, 48.049796], [-89.472658, 48.049605], [-89.47216, 48.049439], [-89.471641, 48.049297], [-89.471101, 48.04918], [-89.470599, 48.049056], [-89.470134, 48.048925], [-89.469706, 48.048788], [-89.469315, 48.048644], [-89.468999, 48.0485], [-89.468756, 48.048356], [-89.468587, 48.048212], [-89.468493, 48.048068], [-89.468537, 48.04796], [-89.468674, 48.047906], [-89.468877, 48.047893], [-89.469228, 48.04792], [-89.469585, 48.047992], [-89.469949, 48.048109], [-89.47032, 48.048271], [-89.470697, 48.048478], [-89.471112, 48.048653], [-89.471563, 48.048797], [-89.472052, 48.04891], [-89.472578, 48.048991], [-89.473056, 48.049094], [-89.473487, 48.04922], [-89.473872, 48.049369], [-89.474209, 48.04954], [-89.474687, 48.049675], [-89.475307, 48.049774], [-89.476069, 48.049837], [-89.476972, 48.049864], [-89.477724, 48.04992], [-89.478323, 48.050006], [-89.478772, 48.05012], [-89.479068, 48.050264], [-89.479291, 48.050388], [-89.479439, 48.050492], [-89.479513, 48.050575], [-89.479513, 48.050638], [-89.479557, 48.050705], [-89.479644, 48.050777], [-89.479776, 48.050854], [-89.479951, 48.050935], [-89.480102, 48.05104], [-89.480119, 48.051054], [-89.480261, 48.051191], [-89.480396, 48.051367], [-89.480517, 48.051574], [-89.480642, 48.05175], [-89.48077, 48.051894], [-89.480902, 48.052006], [-89.481036, 48.052087], [-89.481117, 48.052269], [-89.481144, 48.052553], [-89.481117, 48.052938], [-89.481036, 48.053424], [-89.480898, 48.053833], [-89.480703, 48.054166], [-89.48045, 48.054423], [-89.48014, 48.054603], [-89.479853, 48.054744], [-89.479591, 48.054848], [-89.479351, 48.054913], [-89.479136, 48.05494], [-89.478933, 48.054981], [-89.478745, 48.055035], [-89.478569, 48.055102], [-89.478408, 48.055183], [-89.477589, 48.055287], [-89.476113, 48.055413], [-89.473979, 48.055561], [-89.471189, 48.055732], [-89.469096, 48.055869], [-89.467701, 48.055973], [-89.467003, 48.056043], [-89.467003, 48.056079], [-89.46696, 48.056106], [-89.466872, 48.056124], [-89.466741, 48.056133], [-89.466565, 48.056133], [-89.466326, 48.056175], [-89.466023, 48.056261], [-89.465655, 48.056389], [-89.465224, 48.05656], [-89.464816, 48.056673], [-89.464432, 48.056727], [-89.464072, 48.056722], [-89.463734, 48.056659], [-89.463448, 48.056556], [-89.463212, 48.056412], [-89.463027, 48.056227], [-89.462892, 48.056002], [-89.46275, 48.055818], [-89.462602, 48.055674], [-89.462447, 48.05557], [-89.462285, 48.055507], [-89.4621, 48.05546], [-89.461891, 48.055428], [-89.461659, 48.055413], [-89.461402, 48.055413], [-89.461156, 48.055435], [-89.460921, 48.05548], [-89.460695, 48.055548], [-89.460479, 48.055638], [-89.460284, 48.055701], [-89.460108, 48.055737], [-89.459953, 48.055746], [-89.459819, 48.055728], [-89.459697, 48.055741], [-89.459589, 48.055786], [-89.459495, 48.055863], [-89.459414, 48.055971], [-89.45931, 48.056058], [-89.459182, 48.056126], [-89.45903, 48.056173], [-89.458855, 48.0562], [-89.458703, 48.05625], [-89.458575, 48.056322], [-89.45847, 48.056416], [-89.45839, 48.056533], [-89.458241, 48.056641], [-89.458026, 48.05674], [-89.457743, 48.05683], [-89.457392, 48.056911], [-89.457099, 48.057001], [-89.456863, 48.0571], [-89.456684, 48.057208], [-89.456563, 48.057325], [-89.456418, 48.057433], [-89.45625, 48.057532], [-89.456058, 48.057622], [-89.455842, 48.057703], [-89.45568, 48.05778], [-89.455572, 48.057852], [-89.455518, 48.057919], [-89.455518, 48.057982], [-89.455431, 48.058059], [-89.455255, 48.058149], [-89.454993, 48.058252], [-89.454642, 48.058369], [-89.454349, 48.058484], [-89.454113, 48.058596], [-89.453934, 48.058707], [-89.453813, 48.058815], [-89.453698, 48.058896], [-89.453591, 48.05895], [-89.45349, 48.058976], [-89.453395, 48.058976], [-89.453324, 48.058999], [-89.453277, 48.059044], [-89.453254, 48.059111], [-89.453254, 48.059201], [-89.453277, 48.059255], [-89.453324, 48.059273], [-89.453395, 48.059255], [-89.45349, 48.059201], [-89.453624, 48.059174], [-89.4538, 48.059174], [-89.454015, 48.059201], [-89.454271, 48.059255], [-89.454463, 48.059332], [-89.454592, 48.059431], [-89.454656, 48.059552], [-89.454656, 48.059696], [-89.454622, 48.059834], [-89.454554, 48.059964], [-89.454453, 48.060088], [-89.454319, 48.060205], [-89.453992, 48.060335], [-89.453473, 48.060479], [-89.452762, 48.060637], [-89.451858, 48.060808], [-89.450989, 48.060943], [-89.450153, 48.061042], [-89.449351, 48.061105], [-89.448583, 48.061132], [-89.447899, 48.061188], [-89.447299, 48.061274], [-89.446783, 48.061388], [-89.446352, 48.061532], [-89.445961, 48.061687], [-89.44561, 48.061854], [-89.4453, 48.062032], [-89.445031, 48.062221], [-89.444791, 48.062371], [-89.444583, 48.062484], [-89.444404, 48.062558], [-89.444256, 48.062594], [-89.444101, 48.062662], [-89.443939, 48.062761], [-89.44377, 48.062891], [-89.443595, 48.063053], [-89.443457, 48.063157], [-89.443301, 48.063243], [-89.443191, 48.063269], [-89.443096, 48.063251], [-89.442985, 48.06326], [-89.442857, 48.063296], [-89.442712, 48.063359], [-89.44255, 48.063449], [-89.442311, 48.063523], [-89.441994, 48.063582], [-89.4416, 48.063624], [-89.441128, 48.063651], [-89.440677, 48.063642], [-89.440245, 48.063597], [-89.439834, 48.063516], [-89.439443, 48.063399], [-89.43913, 48.063276], [-89.438894, 48.063145], [-89.438735, 48.063008], [-89.438655, 48.062864], [-89.438624, 48.062713], [-89.438644, 48.062556], [-89.438715, 48.062392], [-89.438837, 48.062221], [-89.438907, 48.062072], [-89.438928, 48.061946], [-89.438897, 48.061843], [-89.438816, 48.061762], [-89.438682, 48.061721], [-89.438493, 48.061721], [-89.43825, 48.061762], [-89.437954, 48.061843], [-89.437667, 48.061946], [-89.437391, 48.062072], [-89.437125, 48.062221], [-89.436868, 48.062392], [-89.436599, 48.062536], [-89.436316, 48.062653], [-89.436019, 48.062743], [-89.435709, 48.062806], [-89.435467, 48.062873], [-89.435291, 48.062945], [-89.435183, 48.063022], [-89.435143, 48.063103], [-89.435079, 48.063157], [-89.434991, 48.063184], [-89.43488, 48.063184], [-89.434745, 48.063157], [-89.434641, 48.063154], [-89.434567, 48.063177], [-89.434523, 48.063224], [-89.434509, 48.063296], [-89.434431, 48.063344], [-89.434381, 48.063352], [-89.434267, 48.063337], [-89.434119, 48.063292], [-89.434007, 48.063271], [-89.433933, 48.063276], [-89.433896, 48.063305], [-89.433896, 48.063359], [-89.433869, 48.063385], [-89.433748, 48.063381], [-89.433519, 48.063395], [-89.433516, 48.063396], [-89.433407, 48.063402], [-89.43332, 48.063433], [-89.433263, 48.063489], [-89.433236, 48.06357], [-89.433185, 48.063618], [-89.433111, 48.063631], [-89.433013, 48.063611], [-89.432892, 48.063557], [-89.432801, 48.063532], [-89.43274, 48.063537], [-89.43271, 48.06357], [-89.43271, 48.063633], [-89.432686, 48.063672], [-89.432639, 48.063685], [-89.432568, 48.063674], [-89.432474, 48.063638], [-89.432393, 48.063624], [-89.432326, 48.063633], [-89.432272, 48.063665], [-89.432231, 48.063719], [-89.432117, 48.063759], [-89.431928, 48.063786], [-89.431665, 48.0638], [-89.431328, 48.0638], [-89.431032, 48.063822], [-89.430775, 48.063867], [-89.43056, 48.063935], [-89.430385, 48.064025], [-89.430125, 48.064106], [-89.429781, 48.064178], [-89.429353, 48.064241], [-89.428841, 48.064295], [-89.428403, 48.064329], [-89.428039, 48.064342], [-89.427749, 48.064335], [-89.427533, 48.064308], [-89.427338, 48.064302], [-89.427163, 48.064315], [-89.427008, 48.064349], [-89.426873, 48.064403], [-89.426718, 48.064443], [-89.426543, 48.06447], [-89.426347, 48.064484], [-89.426132, 48.064484], [-89.42597, 48.064493], [-89.425862, 48.064511], [-89.425808, 48.064538], [-89.425808, 48.064574], [-89.425791, 48.06459], [-89.425757, 48.064585], [-89.425707, 48.06456], [-89.425639, 48.064515]], [[-89.453597, 48.058833], [-89.453587, 48.058835], [-89.453581, 48.058839], [-89.453577, 48.058846], [-89.453577, 48.058855], [-89.453581, 48.05886], [-89.453587, 48.05886], [-89.453597, 48.058855], [-89.453611, 48.058846], [-89.453618, 48.058839], [-89.453618, 48.058835], [-89.453611, 48.058833], [-89.453597, 48.058833]], [[-89.453759, 48.058725], [-89.453749, 48.058727], [-89.453742, 48.058731], [-89.453739, 48.058738], [-89.453739, 48.058747], [-89.453742, 48.058752], [-89.453749, 48.058752], [-89.453759, 48.058747], [-89.453773, 48.058738], [-89.453779, 48.058731], [-89.453779, 48.058727], [-89.453773, 48.058725], [-89.453759, 48.058725]], [[-89.454083, 48.058509], [-89.454073, 48.058511], [-89.454066, 48.058515], [-89.454062, 48.058522], [-89.454062, 48.058531], [-89.454066, 48.058536], [-89.454073, 48.058536], [-89.454083, 48.058531], [-89.454096, 48.058522], [-89.454103, 48.058515], [-89.454103, 48.058511], [-89.454096, 48.058509], [-89.454083, 48.058509]], [[-89.453122, 48.059127], [-89.453102, 48.059141], [-89.453092, 48.059161], [-89.453092, 48.059188], [-89.453102, 48.059201], [-89.453122, 48.059201], [-89.453153, 48.059188], [-89.453193, 48.059161], [-89.453213, 48.059141], [-89.453213, 48.059127], [-89.453193, 48.05912], [-89.453153, 48.05912], [-89.453122, 48.059127]]]}}, {"type": "Feature", "properties": {"lead": 96, "temp": "t8"}, "geometry": {"type": "Polygon", "coordinates": [[[-89.425046, 48.064626], [-89.424979, 48.064621], [-89.424945, 48.064614], [-89.424945, 48.064611], [-89.425094, 48.064578], [-89.425416, 48.064515], [-89.425451, 48.064518], [-89.425484, 48.064538], [-89.425484, 48.064574], [-89.425451, 48.064601], [-89.425383, 48.064619], [-89.425282, 48.064628], [-89.425147, 48.064628], [-89.425046, 48.064626]]]}}, {"type": "Feature", "properties": {"lead": 96, "temp": "t8"}, "geometry": {"type": "Polygon", "coordinates": [[[-89.438897, 48.069145], [-89.439072, 48.069064], [-89.439234, 48.06901], [-89.439383, 48.068983], [-89.439517, 48.068983], [-89.439575, 48.068868], [-89.439554, 48.068639], [-89.439457, 48.068294], [-89.439281, 48.067836], [-89.439133, 48.067491], [-89.439012, 48.067262], [-89.438917, 48.067147], [-89.438893, 48.067147], [-89.438874, 48.067071], [-89.438826, 48.066954], [-89.438787, 48.066908], [-89.438789, 48.066756], [-89.438816, 48.066495], [-89.439019, 48.066243], [-89.439396, 48.066], [-89.439949, 48.065766], [-89.440677, 48.065541], [-89.441351, 48.065379], [-89.441971, 48.06528], [-89.442537, 48.065244], [-89.443049, 48.065271], [-89.443575, 48.065285], [-89.444114, 48.065285], [-89.444667, 48.065271], [-89.445233, 48.065244], [-89.445668, 48.065215], [-89.445971, 48.065183], [-89.446143, 48.06515], [-89.446183, 48.065114], [-89.446224, 48.065096], [-89.446264, 48.065096], [-89.446305, 48.065114], [-89.446345, 48.06515], [-89.446375, 48.065168], [-89.446396, 48.065168], [-89.446406, 48.06515], [-89.446406, 48.065114], [-89.446544, 48.065073], [-89.44682, 48.065028], [-89.447235, 48.064979], [-89.447787, 48.064925], [-89.448192, 48.064871], [-89.448448, 48.064817], [-89.448556, 48.064763], [-89.448515, 48.064709], [-89.448519, 48.064675], [-89.448527, 48.064673], [-89.448657, 48.064668], [-89.448792, 48.064695], [-89.448923, 48.064686], [-89.448934, 48.064682], [-89.448967, 48.06468], [-89.449183, 48.064621], [-89.449439, 48.06452], [-89.449735, 48.064376], [-89.450086, 48.064268], [-89.45049, 48.064196], [-89.450949, 48.06416], [-89.451461, 48.06416], [-89.451899, 48.064137], [-89.452263, 48.064092], [-89.452553, 48.064025], [-89.452768, 48.063935], [-89.453028, 48.063867], [-89.453331, 48.063822], [-89.453678, 48.0638], [-89.454069, 48.0638], [-89.454393, 48.063786], [-89.454649, 48.063759], [-89.454838, 48.063719], [-89.454959, 48.063665], [-89.455222, 48.063631], [-89.455626, 48.063618], [-89.456172, 48.063624], [-89.45686, 48.063651], [-89.457611, 48.063613], [-89.458427, 48.06351], [-89.459306, 48.063341], [-89.46025, 48.063107], [-89.461109, 48.062941], [-89.461884, 48.062842], [-89.462575, 48.06281], [-89.463182, 48.062846], [-89.463711, 48.062893], [-89.464162, 48.062952], [-89.464537, 48.063022], [-89.464833, 48.063103], [-89.465184, 48.063163], [-89.465588, 48.063204], [-89.466046, 48.063224], [-89.466559, 48.063224], [-89.466997, 48.063247], [-89.467361, 48.063292], [-89.46765, 48.063359], [-89.467866, 48.063449], [-89.468062, 48.063582], [-89.468237, 48.063757], [-89.468392, 48.063975], [-89.468527, 48.064236], [-89.468618, 48.064502], [-89.468665, 48.064772], [-89.468668, 48.065046], [-89.468628, 48.065325], [-89.468426, 48.065564], [-89.468062, 48.065762], [-89.467536, 48.065919], [-89.466848, 48.066036], [-89.466255, 48.06616], [-89.465757, 48.06629], [-89.465352, 48.066427], [-89.465042, 48.066571], [-89.464715, 48.066702], [-89.464371, 48.066819], [-89.464011, 48.066922], [-89.463633, 48.067012], [-89.46332, 48.067078], [-89.463071, 48.067118], [-89.462885, 48.067134], [-89.462764, 48.067125], [-89.462811, 48.067046], [-89.463027, 48.066898], [-89.463049, 48.066885], [-89.4636, 48.066661], [-89.464422, 48.066265], [-89.465147, 48.065966], [-89.465773, 48.065764], [-89.466302, 48.065658], [-89.466734, 48.065649], [-89.467088, 48.065627], [-89.467364, 48.065591], [-89.467372, 48.065589], [-89.467374, 48.065588], [-89.467563, 48.065541], [-89.467684, 48.065478], [-89.467779, 48.065395], [-89.467846, 48.065291], [-89.467886, 48.065168], [-89.4679, 48.065024], [-89.467873, 48.064855], [-89.467806, 48.064662], [-89.467698, 48.064443], [-89.467549, 48.0642], [-89.467293, 48.064014], [-89.466929, 48.063883], [-89.466457, 48.063809], [-89.465878, 48.063791], [-89.465288, 48.06375], [-89.464688, 48.063687], [-89.464078, 48.063602], [-89.463458, 48.063494], [-89.462774, 48.063467], [-89.462026, 48.063521], [-89.461214, 48.063656], [-89.460337, 48.063872], [-89.459168, 48.06407], [-89.457705, 48.06425], [-89.45595, 48.064412], [-89.453901, 48.064556], [-89.452236, 48.064718], [-89.450955, 48.064898], [-89.450059, 48.065096], [-89.449547, 48.065312], [-89.449068, 48.065492], [-89.448623, 48.065636], [-89.448212, 48.065744], [-89.447835, 48.065816], [-89.447208, 48.065872], [-89.446332, 48.065912], [-89.445206, 48.065937], [-89.443831, 48.065946], [-89.442668, 48.066], [-89.441718, 48.066099], [-89.44098, 48.066243], [-89.440454, 48.066432], [-89.440104, 48.066666], [-89.439928, 48.066945], [-89.439928, 48.067269], [-89.440104, 48.067638], [-89.440235, 48.067966], [-89.440323, 48.068254], [-89.440367, 48.068501], [-89.440367, 48.068708], [-89.44035, 48.068884], [-89.440316, 48.069028], [-89.440265, 48.06914], [-89.440198, 48.069221], [-89.4401, 48.069273], [-89.439972, 48.069295], [-89.439814, 48.069289], [-89.439625, 48.069253], [-89.439504, 48.069255], [-89.43945, 48.069295], [-89.439463, 48.069374], [-89.439544, 48.069491], [-89.439541, 48.069604], [-89.439453, 48.069712], [-89.439281, 48.069815], [-89.439025, 48.069914], [-89.43882, 48.069948], [-89.438665, 48.069916], [-89.43856, 48.06982], [-89.438506, 48.069658], [-89.438527, 48.0695], [-89.438621, 48.069347], [-89.438764, 48.069221], [-89.438897, 48.069145]]]}}, {"type": "Feature", "properties": {"lead": 96, "temp": "t8"}, "geometry": {"type": "Polygon", "coordinates": [[[-89.427392, 48.071367], [-89.427402, 48.071327], [-89.427436, 48.0713], [-89.427493, 48.071286], [-89.427574, 48.071286], [-89.427712, 48.071234], [-89.427908, 48.071131], [-89.42816, 48.070976], [-89.42847, 48.070769], [-89.428885, 48.070571], [-89.429404, 48.070382], [-89.430027, 48.070202], [-89.430755, 48.070031], [-89.431301, 48.069885], [-89.431665, 48.069763], [-89.431847, 48.069667], [-89.431847, 48.069595], [-89.431941, 48.069565], [-89.43213, 48.069579], [-89.432413, 48.069635], [-89.432791, 48.069734], [-89.433192, 48.069815], [-89.433616, 48.069878], [-89.434065, 48.069923], [-89.434536, 48.06995], [-89.434907, 48.069959], [-89.435177, 48.06995], [-89.435345, 48.069923], [-89.435406, 48.069883], [-89.43544, 48.069883], [-89.435569, 48.069895], [-89.435659, 48.069923], [-89.435837, 48.070013], [-89.436053, 48.070148], [-89.436144, 48.070258], [-89.43611, 48.070344], [-89.435952, 48.070404], [-89.435669, 48.07044], [-89.435274, 48.07044], [-89.434811, 48.070407], [-89.434476, 48.070359], [-89.434105, 48.070287], [-89.433741, 48.070197], [-89.43333, 48.070143], [-89.432872, 48.070125], [-89.432461, 48.07014], [-89.432262, 48.07013], [-89.431827, 48.070143], [-89.43149, 48.070197], [-89.431015, 48.070314], [-89.430401, 48.070494], [-89.430272, 48.070536], [-89.430223, 48.070548], [-89.429185, 48.070845], [-89.427985, 48.071223], [-89.427478, 48.07141], [-89.427405, 48.071421], [-89.427392, 48.071367]]]}}, {"type": "Feature", "properties": {"lead": 96, "temp": "t8"}, "geometry": {"type": "Polygon", "coordinates": [[[-89.422492, 48.073279], [-89.422114, 48.073216], [-89.421764, 48.073126], [-89.42144, 48.073009], [-89.421147, 48.072921], [-89.420884, 48.072863], [-89.420652, 48.072834], [-89.42045, 48.072834], [-89.420231, 48.072795], [-89.419995, 48.072719], [-89.419742, 48.072604], [-89.419472, 48.072451], [-89.418909, 48.07231], [-89.418053, 48.072179], [-89.416904, 48.07206], [-89.415462, 48.071952], [-89.41438, 48.071839], [-89.413659, 48.071723], [-89.413298, 48.071601], [-89.413298, 48.071475], [-89.413426, 48.071387], [-89.413683, 48.071338], [-89.414067, 48.071327], [-89.414579, 48.071354], [-89.415051, 48.071394], [-89.415278, 48.071423], [-89.415401, 48.071448], [-89.415582, 48.071465], [-89.415873, 48.071516], [-89.416224, 48.071597], [-89.416296, 48.071608], [-89.416311, 48.071617], [-89.416412, 48.071651], [-89.416547, 48.071678], [-89.416692, 48.07168], [-89.416847, 48.071657], [-89.41688, 48.071648], [-89.416992, 48.071637], [-89.417154, 48.071583], [-89.417275, 48.071565], [-89.417356, 48.071583], [-89.417396, 48.071637], [-89.417396, 48.071727], [-89.417514, 48.071794], [-89.41775, 48.071839], [-89.418104, 48.071862], [-89.418576, 48.071862], [-89.418974, 48.071889], [-89.419297, 48.071943], [-89.419546, 48.072024], [-89.419722, 48.072132], [-89.419941, 48.07222], [-89.420204, 48.072287], [-89.42051, 48.072334], [-89.420861, 48.072361], [-89.421154, 48.072411], [-89.421199, 48.072425], [-89.421393, 48.07251], [-89.421646, 48.072652], [-89.42169, 48.072694], [-89.421814, 48.072789], [-89.421943, 48.072861], [-89.422074, 48.07291], [-89.422209, 48.072937], [-89.422428, 48.072951], [-89.422731, 48.072951], [-89.423068, 48.072939], [-89.423304, 48.072946], [-89.423499, 48.072937], [-89.423597, 48.07291], [-89.423597, 48.072909], [-89.423998, 48.07287], [-89.424342, 48.072816], [-89.424622, 48.072748], [-89.424837, 48.072667], [-89.425029, 48.072564], [-89.425198, 48.072438], [-89.425343, 48.072289], [-89.425464, 48.072118], [-89.425609, 48.071981], [-89.425778, 48.071878], [-89.42597, 48.071808], [-89.426185, 48.071772], [-89.426324, 48.071752], [-89.426384, 48.071747], [-89.426367, 48.071758], [-89.426273, 48.071785], [-89.426202, 48.071839], [-89.426155, 48.07192], [-89.426132, 48.072028], [-89.426132, 48.072079], [-89.426084, 48.072114], [-89.426017, 48.07233], [-89.425845, 48.072534], [-89.425569, 48.072728], [-89.425188, 48.07291], [-89.424703, 48.073081], [-89.424231, 48.073207], [-89.423772, 48.073288], [-89.423328, 48.073324], [-89.422896, 48.073315], [-89.422492, 48.073279]]]}}, {"type": "Feature", "properties": {"lead": 96, "temp": "t8"}, "geometry": {"type": "Polygon", "coordinates": [[[-89.430432, 48.080705], [-89.430216, 48.080633], [-89.430047, 48.080539], [-89.429926, 48.080422], [-89.429852, 48.080285], [-89.429825, 48.080127], [-89.429845, 48.07995], [-89.429913, 48.079752], [-89.430007, 48.079574], [-89.430128, 48.079417], [-89.430277, 48.07928], [-89.430452, 48.079163], [-89.430809, 48.07898], [-89.431348, 48.078733], [-89.43207, 48.07842], [-89.432973, 48.078043], [-89.433731, 48.077752], [-89.434344, 48.07755], [-89.434813, 48.077435], [-89.435136, 48.077408], [-89.435443, 48.077368], [-89.435733, 48.077314], [-89.436006, 48.077246], [-89.436262, 48.077165], [-89.436622, 48.077024], [-89.437088, 48.076821], [-89.437657, 48.076558], [-89.438331, 48.076234], [-89.439093, 48.075904], [-89.439942, 48.075566], [-89.440879, 48.075222], [-89.441903, 48.074871], [-89.442897, 48.074491], [-89.443861, 48.074082], [-89.444795, 48.073643], [-89.445698, 48.073176], [-89.446473, 48.072816], [-89.44712, 48.072564], [-89.447639, 48.07242], [-89.44803, 48.072384], [-89.448455, 48.072244], [-89.448913, 48.072001], [-89.449405, 48.071655], [-89.449931, 48.071205], [-89.450497, 48.070778], [-89.451104, 48.070373], [-89.451751, 48.069991], [-89.452438, 48.069631], [-89.45325, 48.069264], [-89.454187, 48.068891], [-89.455249, 48.06851], [-89.456435, 48.068124], [-89.45754, 48.067818], [-89.458565, 48.067593], [-89.458889, 48.067543], [-89.459057, 48.067543], [-89.45937, 48.067525], [-89.45966, 48.067489], [-89.459926, 48.067435], [-89.460002, 48.067413], [-89.460371, 48.067386], [-89.460792, 48.067386], [-89.460772, 48.067449], [-89.460311, 48.067575], [-89.459407, 48.067764], [-89.458602, 48.067971], [-89.457894, 48.068196], [-89.457284, 48.068438], [-89.456772, 48.068699], [-89.45627, 48.068924], [-89.455778, 48.069113], [-89.455296, 48.069266], [-89.454824, 48.069383], [-89.454332, 48.069534], [-89.45382, 48.069718], [-89.453287, 48.069937], [-89.452735, 48.070188], [-89.452168, 48.070479], [-89.451589, 48.070807], [-89.450996, 48.071174], [-89.450389, 48.071579], [-89.449904, 48.071918], [-89.44954, 48.072193], [-89.449297, 48.072402], [-89.449176, 48.072546], [-89.448933, 48.07269], [-89.448569, 48.072834], [-89.448084, 48.072978], [-89.447477, 48.073122], [-89.446746, 48.07338], [-89.44589, 48.073754], [-89.444909, 48.074242], [-89.443804, 48.074844], [-89.44279, 48.075346], [-89.441866, 48.075746], [-89.441034, 48.076045], [-89.440292, 48.076243], [-89.439726, 48.076408], [-89.439335, 48.076538], [-89.43912, 48.076635], [-89.439079, 48.076698], [-89.438975, 48.076765], [-89.438806, 48.076837], [-89.438574, 48.076914], [-89.438277, 48.076995], [-89.438045, 48.077071], [-89.437876, 48.077143], [-89.437772, 48.07721], [-89.437731, 48.077273], [-89.437677, 48.077321], [-89.43761, 48.077352], [-89.437529, 48.077368], [-89.437435, 48.077368], [-89.4373, 48.077404], [-89.437125, 48.077476], [-89.436909, 48.077584], [-89.436653, 48.077728], [-89.436333, 48.077856], [-89.435948, 48.077968], [-89.4355, 48.078065], [-89.434988, 48.078146], [-89.434573, 48.078229], [-89.434257, 48.078315], [-89.434038, 48.078402], [-89.433916, 48.078492], [-89.433643, 48.078623], [-89.433219, 48.078794], [-89.432642, 48.079005], [-89.431915, 48.079257], [-89.431345, 48.079462], [-89.430934, 48.079619], [-89.430681, 48.079729], [-89.430587, 48.079792], [-89.430526, 48.079869], [-89.430499, 48.079959], [-89.430501, 48.079989], [-89.430479, 48.080013], [-89.430445, 48.080076], [-89.430445, 48.08013], [-89.430469, 48.080163], [-89.430516, 48.080177], [-89.430545, 48.080174], [-89.430546, 48.080179], [-89.43061, 48.080267], [-89.430698, 48.080325], [-89.430809, 48.080355], [-89.430944, 48.080355], [-89.431075, 48.080337], [-89.431203, 48.080301], [-89.431328, 48.080247], [-89.431449, 48.080175], [-89.431554, 48.080139], [-89.431642, 48.080139], [-89.431712, 48.080175], [-89.431766, 48.080247], [-89.431911, 48.080301], [-89.432147, 48.080337], [-89.432474, 48.080355], [-89.432892, 48.080355], [-89.433077, 48.080384], [-89.43303, 48.080442], [-89.43275, 48.08053], [-89.432322, 48.080628], [-89.43214, 48.08066], [-89.431487, 48.08075], [-89.431005, 48.080782], [-89.430695, 48.080755], [-89.430432, 48.080705]]]}}, {"type": "Feature", "properties": {"lead": 96, "temp": "t8"}, "geometry": {"type": "Polygon", "coordinates": [[[-89.43366, 48.08778], [-89.433707, 48.087726], [-89.433896, 48.087627], [-89.434226, 48.087483], [-89.434698, 48.087294], [-89.435012, 48.087186], [-89.435167, 48.087159], [-89.435163, 48.087213], [-89.435001, 48.087348], [-89.434846, 48.087449], [-89.434698, 48.087517], [-89.434557, 48.087551], [-89.434422, 48.087551], [-89.4343, 48.087566], [-89.434193, 48.087598], [-89.434098, 48.087645], [-89.434017, 48.087708], [-89.433933, 48.087753], [-89.433846, 48.08778], [-89.433755, 48.087789], [-89.43366, 48.08778]]]}}, {"type": "Feature", "properties": {"lead": 96, "temp": "t8"}, "geometry": {"type": "Polygon", "coordinates": [[[-89.413622, 48.05872], [-89.413838, 48.058693], [-89.41403, 48.05865], [-89.414198, 48.058592], [-89.414343, 48.058518], [-89.414464, 48.058428], [-89.414583, 48.058378], [-89.414663, 48.058369], [-89.414849, 48.058387], [-89.414983, 48.05845], [-89.415084, 48.058475], [-89.415152, 48.058461], [-89.415186, 48.05841], [-89.415186, 48.05832], [-89.415217, 48.05825], [-89.415246, 48.058227], [-89.415307, 48.058225], [-89.415388, 48.058252], [-89.415472, 48.058239], [-89.41556, 48.058185], [-89.415651, 48.05809], [-89.41568, 48.058048], [-89.415721, 48.058023], [-89.415785, 48.057955], [-89.415822, 48.057881], [-89.415846, 48.057858], [-89.415954, 48.0578], [-89.416035, 48.057786], [-89.416089, 48.057798], [-89.416136, 48.05779], [-89.41619, 48.057798], [-89.416284, 48.057798], [-89.416352, 48.05778], [-89.416392, 48.057744], [-89.416406, 48.05769], [-89.416446, 48.057642], [-89.416513, 48.057602], [-89.416608, 48.057568], [-89.416729, 48.057541], [-89.416732, 48.057507], [-89.416618, 48.057467], [-89.416385, 48.05742], [-89.416379, 48.057419], [-89.416362, 48.057399], [-89.41623, 48.057352], [-89.416028, 48.057325], [-89.415725, 48.057339], [-89.415449, 48.057375], [-89.415182, 48.057399], [-89.41468, 48.057487], [-89.414127, 48.057622], [-89.413727, 48.057676], [-89.41345, 48.057656], [-89.413298, 48.057555], [-89.413298, 48.057375], [-89.413447, 48.057213], [-89.413743, 48.057069], [-89.414188, 48.056943], [-89.414781, 48.056835], [-89.415293, 48.05676], [-89.415725, 48.05672], [-89.416075, 48.056713], [-89.416345, 48.05674], [-89.416594, 48.056799], [-89.416823, 48.056889], [-89.417032, 48.05701], [-89.417221, 48.057163], [-89.417353, 48.057316], [-89.417427, 48.057469], [-89.417444, 48.057622], [-89.417403, 48.057775], [-89.41712, 48.057975], [-89.416594, 48.058223], [-89.415826, 48.058518], [-89.414815, 48.05886], [-89.414057, 48.059078], [-89.413551, 48.059172], [-89.413298, 48.059143], [-89.413298, 48.05899], [-89.413383, 48.058846], [-89.413472, 48.058774], [-89.413622, 48.05872]]]}}, {"type": "Feature", "properties": {"lead": 96, "temp": "t8"}, "geometry": {"type": "Polygon", "coordinates": [[[-89.41346, 48.063206], [-89.413352, 48.06317], [-89.413309, 48.063127], [-89.413396, 48.063037], [-89.413592, 48.06297], [-89.413696, 48.062958], [-89.413925, 48.06295], [-89.414343, 48.062959], [-89.414442, 48.062962], [-89.41463, 48.062991], [-89.414565, 48.062995], [-89.414434, 48.063015], [-89.414333, 48.063046], [-89.414262, 48.063089], [-89.414222, 48.063143], [-89.414138, 48.063184], [-89.414009, 48.063211], [-89.413838, 48.063224], [-89.413622, 48.063224], [-89.41346, 48.063206]]]}}, {"type": "Feature", "properties": {"lead": 96, "temp": "t8"}, "geometry": {"type": "Polygon", "coordinates": [[[-89.416564, 48.063825], [-89.416436, 48.063748], [-89.416372, 48.063665], [-89.416372, 48.063575], [-89.416439, 48.063532], [-89.41656, 48.063536], [-89.417154, 48.063746], [-89.417238, 48.063772], [-89.417245, 48.063775], [-89.417373, 48.063852], [-89.41743, 48.063917], [-89.417417, 48.063971], [-89.417342, 48.063996], [-89.417208, 48.063991], [-89.417012, 48.063957], [-89.416756, 48.063894], [-89.416564, 48.063825]]]}}, {"type": "Feature", "properties": {"lead": 96, "temp": "t8"}, "geometry": {"type": "Polygon", "coordinates": [[[-89.419139, 48.06472], [-89.418768, 48.064617], [-89.418556, 48.064533], [-89.418502, 48.06447], [-89.418411, 48.06441], [-89.418283, 48.064351], [-89.418118, 48.064295], [-89.417915, 48.064241], [-89.417764, 48.064187], [-89.417663, 48.064133], [-89.417612, 48.064079], [-89.417612, 48.064025], [-89.417797, 48.064036], [-89.418168, 48.064113], [-89.418724, 48.064254], [-89.419466, 48.064461], [-89.420129, 48.064632], [-89.420716, 48.064767], [-89.421225, 48.064866], [-89.421656, 48.064929], [-89.421922, 48.064979], [-89.422023, 48.065015], [-89.421959, 48.065037], [-89.42173, 48.065046], [-89.421558, 48.065062], [-89.421444, 48.065084], [-89.421386, 48.065114], [-89.421386, 48.06515], [-89.421215, 48.065141], [-89.420871, 48.065087], [-89.420355, 48.064988], [-89.419668, 48.064844], [-89.419139, 48.06472]]]}}, {"type": "Feature", "properties": {"lead": 96, "temp": "t8"}, "geometry": {"type": "Polygon", "coordinates": [[[-89.413905, 48.067786], [-89.414026, 48.067588], [-89.414026, 48.067354], [-89.413905, 48.067084], [-89.413662, 48.066778], [-89.41348, 48.066486], [-89.413359, 48.066207], [-89.413298, 48.065942], [-89.413298, 48.065757], [-89.413342, 48.065609], [-89.41343, 48.065537], [-89.413561, 48.065541], [-89.413736, 48.065622], [-89.413868, 48.065705], [-89.413956, 48.065791], [-89.413999, 48.065879], [-89.413999, 48.065969], [-89.41402, 48.066043], [-89.41406, 48.066101], [-89.414121, 48.066144], [-89.414202, 48.066171], [-89.414272, 48.066227], [-89.414333, 48.066313], [-89.414384, 48.066427], [-89.414424, 48.066571], [-89.414478, 48.066686], [-89.414545, 48.066772], [-89.414626, 48.066828], [-89.414673, 48.066841], [-89.414717, 48.0669], [-89.414849, 48.06703], [-89.414983, 48.06712], [-89.414994, 48.06713], [-89.415064, 48.067255], [-89.415091, 48.067415], [-89.415064, 48.06759], [-89.414983, 48.067782], [-89.414849, 48.067989], [-89.414663, 48.06818], [-89.414427, 48.068355], [-89.414141, 48.068515], [-89.413804, 48.068659], [-89.413551, 48.068724], [-89.413418, 48.068713], [-89.413399, 48.068686], [-89.413359, 48.068488], [-89.413389, 48.068299], [-89.41349, 48.068119], [-89.413662, 48.067948], [-89.413905, 48.067786]]]}}, {"type": "Feature", "properties": {"lead": 96, "temp": "t8"}, "geometry": {"type": "Polygon", "coordinates": [[[-89.422866, 48.08375], [-89.422967, 48.083561], [-89.422997, 48.083422], [-89.422996, 48.083418], [-89.422997, 48.083415], [-89.422997, 48.083354], [-89.422957, 48.083292], [-89.422953, 48.083259], [-89.422977, 48.08322], [-89.423038, 48.083197], [-89.423132, 48.083197], [-89.423203, 48.083184], [-89.42325, 48.083157], [-89.423274, 48.083116], [-89.423274, 48.083062], [-89.42323, 48.082979], [-89.423142, 48.082866], [-89.423011, 48.082725], [-89.422844, 48.082562], [-89.422822, 48.082527], [-89.422728, 48.082464], [-89.422659, 48.082432], [-89.42264, 48.082419], [-89.422424, 48.08232], [-89.422189, 48.082257], [-89.421932, 48.08223], [-89.42174, 48.082201], [-89.421612, 48.082169], [-89.421548, 48.082136], [-89.421548, 48.0821], [-89.421343, 48.082109], [-89.420932, 48.082163], [-89.420315, 48.082262], [-89.419493, 48.082405], [-89.418856, 48.082529], [-89.418404, 48.082633], [-89.418138, 48.082716], [-89.418057, 48.082779], [-89.417909, 48.08284], [-89.417693, 48.082898], [-89.41741, 48.082954], [-89.417059, 48.083008], [-89.416628, 48.083114], [-89.416116, 48.083271], [-89.415523, 48.08348], [-89.414849, 48.083741], [-89.414309, 48.083937], [-89.413905, 48.084067], [-89.413635, 48.084133], [-89.413501, 48.084133], [-89.413399, 48.084106], [-89.413332, 48.084052], [-89.413298, 48.083971], [-89.413298, 48.083903], [-89.413379, 48.083782], [-89.413541, 48.083674], [-89.413784, 48.083579], [-89.414107, 48.083498], [-89.414441, 48.08339], [-89.414785, 48.083256], [-89.415138, 48.083094], [-89.415502, 48.082905], [-89.416133, 48.082693], [-89.417029, 48.082459], [-89.418192, 48.082203], [-89.419621, 48.081924], [-89.42081, 48.081751], [-89.421761, 48.081684], [-89.422472, 48.081722], [-89.422943, 48.081866], [-89.423321, 48.081996], [-89.423604, 48.082113], [-89.423793, 48.082217], [-89.423887, 48.082307], [-89.423954, 48.082423], [-89.423995, 48.082567], [-89.424008, 48.082738], [-89.423995, 48.082933], [-89.423992, 48.08295], [-89.423917, 48.083157], [-89.423806, 48.083399], [-89.423658, 48.083678], [-89.423442, 48.083932], [-89.423167, 48.084156], [-89.423093, 48.0842], [-89.422972, 48.084271], [-89.422633, 48.084438], [-89.422421, 48.084501], [-89.42236, 48.084447], [-89.422451, 48.084276], [-89.422694, 48.083989], [-89.422866, 48.08375]]]}}, {"type": "Feature", "properties": {"lead": 96, "temp": "t12far"}, "geometry": {"type": "Polygon", "coordinates": [[[-89.474286, 48.050996], [-89.474185, 48.050946], [-89.474087, 48.050872], [-89.473993, 48.050773], [-89.473909, 48.050714], [-89.473835, 48.050696], [-89.473771, 48.050719], [-89.473717, 48.050782], [-89.473669, 48.050813], [-89.473629, 48.050813], [-89.473595, 48.050782], [-89.473568, 48.050719], [-89.473518, 48.050674], [-89.473444, 48.050647], [-89.473346, 48.050638], [-89.473225, 48.050647], [-89.473073, 48.05062], [-89.472891, 48.050557], [-89.472679, 48.050458], [-89.472436, 48.050323], [-89.472018, 48.050154], [-89.471425, 48.049952], [-89.470657, 48.049715], [-89.469713, 48.049445], [-89.468961, 48.049214], [-89.468402, 48.04902], [-89.468035, 48.048865], [-89.467859, 48.048748], [-89.467711, 48.048615], [-89.46759, 48.048466], [-89.467495, 48.048302], [-89.467428, 48.048122], [-89.467442, 48.047987], [-89.467536, 48.047897], [-89.467711, 48.047852], [-89.467967, 48.047852], [-89.468183, 48.047888], [-89.468358, 48.04796], [-89.468493, 48.048068], [-89.468587, 48.048212], [-89.468756, 48.048356], [-89.468999, 48.0485], [-89.469315, 48.048644], [-89.469706, 48.048788], [-89.470134, 48.048925], [-89.470599, 48.049056], [-89.471101, 48.04918], [-89.471641, 48.049297], [-89.47216, 48.049439], [-89.472658, 48.049605], [-89.473137, 48.049796], [-89.473595, 48.050012], [-89.474027, 48.050181], [-89.474431, 48.050303], [-89.474808, 48.050377], [-89.475159, 48.050404], [-89.475398, 48.050426], [-89.475526, 48.050444], [-89.475543, 48.050458], [-89.475449, 48.050467], [-89.475338, 48.050507], [-89.47521, 48.050579], [-89.475065, 48.050683], [-89.474903, 48.050818], [-89.474755, 48.050919], [-89.47462, 48.050987], [-89.474498, 48.05102], [-89.474391, 48.05102], [-89.474286, 48.050996]]]}}, {"type": "Feature", "properties": {"lead": 96, "temp": "t12far"}, "geometry": {"type": "Polygon", "coordinates": [[[-89.475971, 48.050631], [-89.475924, 48.050609], [-89.4759, 48.050584], [-89.4759, 48.050557], [-89.475924, 48.050539], [-89.475971, 48.05053], [-89.476042, 48.05053], [-89.476136, 48.050539], [-89.476207, 48.050555], [-89.476254, 48.050577], [-89.476278, 48.050606], [-89.476278, 48.050642], [-89.476254, 48.050665], [-89.476207, 48.050674], [-89.476136, 48.050669], [-89.476042, 48.050651], [-89.475971, 48.050631]]]}}, {"type": "Feature", "properties": {"lead": 96, "temp": "t12far"}, "geometry": {"type": "Polygon", "coordinates": [[[-89.476318, 48.050942], [-89.476372, 48.050892], [-89.47646, 48.050845], [-89.476581, 48.0508], [-89.476672, 48.050773], [-89.476733, 48.050764], [-89.476763, 48.050773], [-89.476763, 48.0508], [-89.476736, 48.050838], [-89.476682, 48.050888], [-89.476601, 48.050948], [-89.476494, 48.05102], [-89.476409, 48.051061], [-89.476349, 48.05107], [-89.476312, 48.051047], [-89.476298, 48.050993], [-89.476318, 48.050942]]]}}, {"type": "Feature", "properties": {"lead": 96, "temp": "t12far"}, "geometry": {"type": "Polygon", "coordinates": [[[-89.47829, 48.053892], [-89.478323, 48.053784], [-89.478482, 48.05368], [-89.478765, 48.053581], [-89.478984, 48.053462], [-89.479139, 48.053322], [-89.47923, 48.053163], [-89.479257, 48.052983], [-89.479227, 48.052803], [-89.479139, 48.052623], [-89.478994, 48.052443], [-89.478792, 48.052263], [-89.47863, 48.052098], [-89.478509, 48.05195], [-89.478428, 48.051817], [-89.478387, 48.0517], [-89.478239, 48.051554], [-89.477983, 48.051378], [-89.477619, 48.051173], [-89.477147, 48.050939], [-89.476918, 48.050771], [-89.476932, 48.050667], [-89.477188, 48.050629], [-89.477656, 48.050654], [-89.47767, 48.050656], [-89.478216, 48.050755], [-89.478516, 48.050858], [-89.478569, 48.050966], [-89.478714, 48.051128], [-89.47895, 48.051344], [-89.479277, 48.051615], [-89.479695, 48.051939], [-89.479992, 48.052272], [-89.480167, 48.052614], [-89.480221, 48.052965], [-89.480153, 48.053325], [-89.480025, 48.053622], [-89.479837, 48.053856], [-89.479587, 48.054027], [-89.479277, 48.054135], [-89.479215, 48.05416], [-89.479078, 48.054186], [-89.478829, 48.054182], [-89.478596, 48.054121], [-89.478381, 48.054004], [-89.47829, 48.053892]], [[-89.477353, 48.050847], [-89.477319, 48.050861], [-89.477302, 48.050881], [-89.477302, 48.050908], [-89.477319, 48.050921], [-89.477353, 48.050921], [-89.477403, 48.050908], [-89.477471, 48.050881], [-89.477505, 48.050861], [-89.477505, 48.050847], [-89.477471, 48.05084], [-89.477403, 48.05084], [-89.477353, 48.050847]]]}}, {"type": "Feature", "properties": {"lead": 96, "temp": "t12far"}, "geometry": {"type": "Polygon", "coordinates": [[[-89.477683, 48.054596], [-89.47769, 48.0546], [-89.477646, 48.054612], [-89.477552, 48.05463], [-89.477478, 48.054641], [-89.477424, 48.054645], [-89.47739, 48.054643], [-89.477376, 48.054634], [-89.477393, 48.054625], [-89.47744, 48.054616], [-89.477518, 48.054607], [-89.477626, 48.054598], [-89.477683, 48.054596]]]}}, {"type": "Feature", "properties": {"lead": 96, "temp": "t12far"}, "geometry": {"type": "Polygon", "coordinates": [[[-89.476413, 48.054758], [-89.476763, 48.054744], [-89.476774, 48.054753], [-89.47652, 48.054783], [-89.475533, 48.054873], [-89.474913, 48.054915], [-89.474256, 48.05494], [-89.473983, 48.054942], [-89.474138, 48.05492], [-89.474721, 48.054873], [-89.475732, 48.054801], [-89.476413, 48.054758]]]}}, {"type": "Feature", "properties": {"lead": 96, "temp": "t12far"}, "geometry": {"type": "Polygon", "coordinates": [[[-89.470131, 48.054963], [-89.470508, 48.054945], [-89.471088, 48.054949], [-89.47187, 48.054976], [-89.472311, 48.054999], [-89.472412, 48.055017], [-89.472173, 48.05503], [-89.471593, 48.055039], [-89.471115, 48.055053], [-89.470737, 48.055071], [-89.470461, 48.055093], [-89.470396, 48.055103], [-89.470185, 48.055116], [-89.47014, 48.055123], [-89.470047, 48.055107], [-89.469983, 48.055066], [-89.469956, 48.055003], [-89.470131, 48.054963]]]}}, {"type": "Feature", "properties": {"lead": 96, "temp": "t12far"}, "geometry": {"type": "Polygon", "coordinates": [[[-89.463708, 48.05602], [-89.463526, 48.055872], [-89.463364, 48.055674], [-89.463158, 48.055494], [-89.462909, 48.055332], [-89.462616, 48.055188], [-89.462279, 48.055062], [-89.461982, 48.054965], [-89.461726, 48.054897], [-89.46151, 48.054859], [-89.461335, 48.05485], [-89.461244, 48.054828], [-89.461237, 48.054792], [-89.461315, 48.054742], [-89.461477, 48.054679], [-89.461679, 48.054632], [-89.461921, 48.0546], [-89.462204, 48.054585], [-89.462528, 48.054585], [-89.462814, 48.0546], [-89.463064, 48.054632], [-89.463276, 48.054679], [-89.463451, 48.054742], [-89.463627, 48.05483], [-89.463802, 48.054942], [-89.463977, 48.05508], [-89.464152, 48.055242], [-89.464371, 48.055334], [-89.464634, 48.055356], [-89.464941, 48.055309], [-89.465291, 48.055192], [-89.465602, 48.055116], [-89.465871, 48.05508], [-89.4661, 48.055084], [-89.466289, 48.055129], [-89.466495, 48.055152], [-89.466717, 48.055152], [-89.466956, 48.055129], [-89.467212, 48.055084], [-89.467516, 48.05505], [-89.467866, 48.055028], [-89.468264, 48.055017], [-89.468709, 48.055017], [-89.469049, 48.055026], [-89.469285, 48.055044], [-89.469416, 48.055071], [-89.469443, 48.055107], [-89.469275, 48.055158], [-89.468911, 48.055226], [-89.468351, 48.055309], [-89.467597, 48.055408], [-89.466923, 48.055521], [-89.466329, 48.055647], [-89.465817, 48.055786], [-89.465386, 48.055939], [-89.465002, 48.056054], [-89.464678, 48.056127], [-89.464375, 48.056169], [-89.464132, 48.056169], [-89.46391, 48.056119], [-89.463708, 48.05602]]]}}, {"type": "Feature", "properties": {"lead": 96, "temp": "t12far"}, "geometry": {"type": "Polygon", "coordinates": [[[-89.457176, 48.056137], [-89.45748, 48.055989], [-89.457817, 48.055845], [-89.458046, 48.055761], [-89.458167, 48.055739], [-89.458177, 48.055766], [-89.457749, 48.055998], [-89.457331, 48.056268], [-89.456946, 48.056489], [-89.456833, 48.056542], [-89.45655, 48.056657], [-89.456428, 48.056679], [-89.456469, 48.05661], [-89.456671, 48.056448], [-89.456907, 48.05629], [-89.457176, 48.056137]]]}}, {"type": "Feature", "properties": {"lead": 96, "temp": "t12far"}, "geometry": {"type": "Polygon", "coordinates": [[[-89.455822, 48.056952], [-89.455835, 48.056952], [-89.455815, 48.056965], [-89.455761, 48.056992], [-89.455714, 48.057012], [-89.455673, 48.057026], [-89.45564, 48.057033], [-89.455613, 48.057033], [-89.455613, 48.057026], [-89.45564, 48.057012], [-89.455694, 48.056992], [-89.455774, 48.056965], [-89.455822, 48.056952]]]}}, {"type": "Feature", "properties": {"lead": 96, "temp": "t12far"}, "geometry": {"type": "Polygon", "coordinates": [[[-89.416318, 48.058425], [-89.416399, 48.058385], [-89.416554, 48.058329], [-89.416783, 48.058257], [-89.416978, 48.05818], [-89.41714, 48.058099], [-89.417268, 48.058014], [-89.417363, 48.057924], [-89.417423, 48.057818], [-89.41745, 48.057696], [-89.417444, 48.057559], [-89.417432, 48.057514], [-89.417427, 48.057469], [-89.417411, 48.057438], [-89.417403, 48.057406], [-89.417367, 48.057346], [-89.417353, 48.057316], [-89.417341, 48.057303], [-89.417315, 48.05726], [-89.417181, 48.05712], [-89.417058, 48.057031], [-89.417032, 48.05701], [-89.417018, 48.057002], [-89.416999, 48.056988], [-89.416907, 48.056937], [-89.416823, 48.056889], [-89.416807, 48.056882], [-89.41677, 48.056862], [-89.416703, 48.056841], [-89.416594, 48.056799], [-89.416345, 48.05674], [-89.416075, 48.056713], [-89.415725, 48.05672], [-89.415293, 48.05676], [-89.415021, 48.0568], [-89.415031, 48.056772], [-89.415179, 48.056718], [-89.415432, 48.056666], [-89.415789, 48.056616], [-89.416251, 48.056569], [-89.416817, 48.056524], [-89.417288, 48.056531], [-89.417666, 48.056589], [-89.417949, 48.0567], [-89.418138, 48.056862], [-89.418286, 48.057026], [-89.418394, 48.057192], [-89.418461, 48.057361], [-89.418488, 48.057532], [-89.418481, 48.05766], [-89.418441, 48.057746], [-89.418367, 48.057789], [-89.418259, 48.057789], [-89.418077, 48.057831], [-89.417821, 48.057917], [-89.417491, 48.058045], [-89.417086, 48.058216], [-89.416766, 48.058342], [-89.41653, 48.058423], [-89.416379, 48.058459], [-89.416311, 48.05845], [-89.416318, 48.058425]]]}}, {"type": "Feature", "properties": {"lead": 96, "temp": "t12far"}, "geometry": {"type": "Polygon", "coordinates": [[[-89.44526, 48.061168], [-89.445691, 48.060961], [-89.446143, 48.060772], [-89.446615, 48.060601], [-89.447225, 48.060441], [-89.447973, 48.060293], [-89.448859, 48.060155], [-89.449884, 48.060029], [-89.450635, 48.059899], [-89.451114, 48.059764], [-89.451319, 48.059624], [-89.451252, 48.05948], [-89.451262, 48.059348], [-89.45135, 48.059226], [-89.451515, 48.059116], [-89.451757, 48.059017], [-89.451953, 48.058988], [-89.452101, 48.059028], [-89.452202, 48.059138], [-89.452256, 48.059318], [-89.452364, 48.059474], [-89.452526, 48.059604], [-89.452741, 48.05971], [-89.453011, 48.059791], [-89.453156, 48.059879], [-89.453176, 48.059973], [-89.453072, 48.060074], [-89.452843, 48.060182], [-89.452535, 48.060284], [-89.452455, 48.060304], [-89.451919, 48.060412], [-89.451245, 48.060529], [-89.450531, 48.060623], [-89.449776, 48.060695], [-89.449764, 48.060696], [-89.449041, 48.060731], [-89.448246, 48.060749], [-89.44745, 48.060839], [-89.446655, 48.061001], [-89.446644, 48.061005], [-89.446493, 48.061035], [-89.445678, 48.061271], [-89.444869, 48.061577], [-89.444537, 48.061714], [-89.444363, 48.061741], [-89.444458, 48.061636], [-89.444849, 48.061393], [-89.44526, 48.061168]]]}}, {"type": "Feature", "properties": {"lead": 96, "temp": "t12far"}, "geometry": {"type": "Polygon", "coordinates": [[[-89.419118, 48.064317], [-89.418195, 48.064056], [-89.417336, 48.063773], [-89.41654, 48.063467], [-89.415816, 48.063233], [-89.415162, 48.063071], [-89.414579, 48.062981], [-89.414562, 48.06298], [-89.414276, 48.062936], [-89.413885, 48.062936], [-89.413883, 48.062936], [-89.413683, 48.062907], [-89.413426, 48.062812], [-89.413298, 48.06268], [-89.413298, 48.062509], [-89.413423, 48.062385], [-89.413672, 48.062308], [-89.414047, 48.062279], [-89.414545, 48.062297], [-89.415125, 48.062385], [-89.415785, 48.062542], [-89.416527, 48.06277], [-89.417349, 48.063067], [-89.418215, 48.063346], [-89.419125, 48.063606], [-89.420079, 48.063849], [-89.421076, 48.064074], [-89.422054, 48.064194], [-89.423011, 48.064207], [-89.423948, 48.064115], [-89.424864, 48.063917], [-89.425673, 48.063762], [-89.426374, 48.063649], [-89.426967, 48.063579], [-89.427453, 48.063552], [-89.427914, 48.063498], [-89.428352, 48.063417], [-89.428767, 48.06331], [-89.429158, 48.063175], [-89.429734, 48.063022], [-89.430496, 48.062851], [-89.431443, 48.062662], [-89.432575, 48.062455], [-89.433448, 48.062286], [-89.434061, 48.062155], [-89.434415, 48.062063], [-89.434509, 48.062009], [-89.434627, 48.061969], [-89.434769, 48.061942], [-89.434934, 48.061928], [-89.435123, 48.061928], [-89.435419, 48.061863], [-89.435824, 48.061732], [-89.436336, 48.061537], [-89.436956, 48.061276], [-89.437536, 48.06108], [-89.438075, 48.06095], [-89.438574, 48.060884], [-89.439032, 48.060884], [-89.439423, 48.060925], [-89.439746, 48.061006], [-89.440003, 48.061127], [-89.440191, 48.061289], [-89.440343, 48.061478], [-89.440458, 48.061694], [-89.440535, 48.061937], [-89.440576, 48.062207], [-89.440633, 48.062412], [-89.440707, 48.062551], [-89.440798, 48.062626], [-89.440906, 48.062635], [-89.441034, 48.062619], [-89.441182, 48.062578], [-89.441351, 48.062513], [-89.441539, 48.062423], [-89.441755, 48.062362], [-89.441998, 48.062331], [-89.442267, 48.062329], [-89.442564, 48.062356], [-89.442769, 48.062398], [-89.442884, 48.062457], [-89.442908, 48.062531], [-89.44284, 48.062621], [-89.442702, 48.062725], [-89.442532, 48.06282], [-89.442213, 48.062972], [-89.441863, 48.063116], [-89.441529, 48.063222], [-89.441212, 48.063289], [-89.440913, 48.063319], [-89.440629, 48.06331], [-89.4404, 48.063287], [-89.440225, 48.063251], [-89.440104, 48.063202], [-89.440036, 48.063139], [-89.439932, 48.06308], [-89.43979, 48.063026], [-89.439612, 48.062977], [-89.439396, 48.062932], [-89.439265, 48.062871], [-89.439217, 48.062794], [-89.439254, 48.062702], [-89.439376, 48.062594], [-89.439467, 48.062475], [-89.439527, 48.062344], [-89.439558, 48.062203], [-89.439558, 48.06205], [-89.439531, 48.06191], [-89.439477, 48.061784], [-89.439396, 48.061672], [-89.439288, 48.061573], [-89.439163, 48.061487], [-89.439022, 48.061415], [-89.438864, 48.061357], [-89.438688, 48.061312], [-89.438516, 48.061296], [-89.438506, 48.061294], [-89.438277, 48.061267], [-89.438035, 48.061258], [-89.437694, 48.061316], [-89.437256, 48.061442], [-89.437189, 48.061467], [-89.437168, 48.061472], [-89.436757, 48.061602], [-89.436316, 48.061771], [-89.435844, 48.061978], [-89.435456, 48.062162], [-89.435153, 48.062324], [-89.434934, 48.062464], [-89.434799, 48.062581], [-89.434641, 48.062668], [-89.434459, 48.062727], [-89.434253, 48.062756], [-89.434024, 48.062756], [-89.433771, 48.062788], [-89.433495, 48.062851], [-89.433195, 48.062945], [-89.432872, 48.063071], [-89.432471, 48.06319], [-89.431992, 48.063303], [-89.431436, 48.063408], [-89.430802, 48.063507], [-89.43024, 48.063613], [-89.429748, 48.063726], [-89.429326, 48.063845], [-89.428976, 48.063971], [-89.428592, 48.064072], [-89.428174, 48.064149], [-89.427722, 48.0642], [-89.427237, 48.064227], [-89.426637, 48.064299], [-89.425923, 48.064416], [-89.425094, 48.064578], [-89.42415, 48.064785], [-89.423179, 48.064886], [-89.422182, 48.064882], [-89.421157, 48.064772], [-89.420106, 48.064556], [-89.419118, 48.064317]]]}}, {"type": "Feature", "properties": {"lead": 96, "temp": "t12far"}, "geometry": {"type": "Polygon", "coordinates": [[[-89.413339, 48.067856], [-89.413393, 48.067725], [-89.41348, 48.067575], [-89.413602, 48.067404], [-89.413662, 48.067224], [-89.413662, 48.067035], [-89.413602, 48.066837], [-89.41348, 48.06663], [-89.41345, 48.066551], [-89.413511, 48.066601], [-89.413662, 48.066778], [-89.413905, 48.067084], [-89.414026, 48.067354], [-89.414026, 48.067588], [-89.413905, 48.067786], [-89.413662, 48.067948], [-89.413618, 48.067992], [-89.413521, 48.068047], [-89.413399, 48.068083], [-89.413332, 48.068056], [-89.413319, 48.067966], [-89.413339, 48.067856]]]}}, {"type": "Feature", "properties": {"lead": 96, "temp": "t12far"}, "geometry": {"type": "Polygon", "coordinates": [[[-89.438874, 48.070058], [-89.438934, 48.069995], [-89.439099, 48.069914], [-89.439369, 48.069815], [-89.439568, 48.069759], [-89.439696, 48.069745], [-89.439753, 48.069775], [-89.43974, 48.069847], [-89.439703, 48.069914], [-89.439642, 48.069977], [-89.439558, 48.070036], [-89.43945, 48.07009], [-89.439332, 48.070123], [-89.439204, 48.070137], [-89.439066, 48.07013], [-89.438917, 48.070103], [-89.438874, 48.070058]]]}}, {"type": "Feature", "properties": {"lead": 96, "temp": "t12far"}, "geometry": {"type": "Polygon", "coordinates": [[[-89.423098, 48.073781], [-89.422775, 48.073767], [-89.422445, 48.073774], [-89.422108, 48.073801], [-89.421828, 48.073808], [-89.421606, 48.073794], [-89.42144, 48.07376], [-89.421333, 48.073706], [-89.421248, 48.073639], [-89.421188, 48.073558], [-89.421151, 48.073463], [-89.421137, 48.073355], [-89.42109, 48.073259], [-89.421009, 48.073173], [-89.420894, 48.073099], [-89.420746, 48.073036], [-89.420183, 48.072917], [-89.419206, 48.072741], [-89.417814, 48.07251], [-89.416008, 48.072222], [-89.415014, 48.072033], [-89.414832, 48.071943], [-89.415462, 48.071952], [-89.416904, 48.07206], [-89.418053, 48.072179], [-89.418909, 48.07231], [-89.419472, 48.072451], [-89.419742, 48.072604], [-89.419995, 48.072719], [-89.420231, 48.072795], [-89.42045, 48.072834], [-89.420652, 48.072834], [-89.420884, 48.072863], [-89.421147, 48.072921], [-89.42144, 48.073009], [-89.421764, 48.073126], [-89.422114, 48.073216], [-89.422492, 48.073279], [-89.422896, 48.073315], [-89.423328, 48.073324], [-89.423772, 48.073288], [-89.424231, 48.073207], [-89.424703, 48.073081], [-89.425188, 48.07291], [-89.425569, 48.072728], [-89.425845, 48.072534], [-89.426017, 48.07233], [-89.426084, 48.072114], [-89.426435, 48.071857], [-89.426736, 48.071716], [-89.426792, 48.071723], [-89.426832, 48.07175], [-89.426832, 48.071794], [-89.426856, 48.071828], [-89.426903, 48.071851], [-89.426974, 48.071862], [-89.427068, 48.071862], [-89.427129, 48.071844], [-89.427156, 48.071808], [-89.427149, 48.071754], [-89.427109, 48.071682], [-89.427324, 48.071547], [-89.427796, 48.071349], [-89.428524, 48.071088], [-89.429508, 48.070764], [-89.430371, 48.070512], [-89.431099, 48.070332], [-89.431813, 48.070197], [-89.432366, 48.070143], [-89.432872, 48.070125], [-89.43333, 48.070143], [-89.433741, 48.070197], [-89.434105, 48.070287], [-89.434466, 48.070359], [-89.434823, 48.070413], [-89.435177, 48.070449], [-89.435527, 48.070467], [-89.435719, 48.07049], [-89.435753, 48.070517], [-89.435628, 48.070548], [-89.435345, 48.070584], [-89.435092, 48.070634], [-89.43487, 48.070697], [-89.434678, 48.070773], [-89.434516, 48.070863], [-89.434284, 48.070915], [-89.43398, 48.070929], [-89.433606, 48.070904], [-89.433161, 48.070841], [-89.432669, 48.07083], [-89.43213, 48.07087], [-89.431544, 48.070962], [-89.43091, 48.071106], [-89.43026, 48.071275], [-89.429593, 48.071468], [-89.428908, 48.071687], [-89.428207, 48.071929], [-89.427628, 48.072177], [-89.427169, 48.072429], [-89.426832, 48.072685], [-89.426617, 48.072946], [-89.426324, 48.07318], [-89.425953, 48.073387], [-89.425505, 48.073567], [-89.424979, 48.07372], [-89.424507, 48.073821], [-89.424089, 48.073871], [-89.423725, 48.073868], [-89.423415, 48.073814], [-89.423098, 48.073781]]]}}, {"type": "Feature", "properties": {"lead": 96, "temp": "t12far"}, "geometry": {"type": "Polygon", "coordinates": [[[-89.42971, 48.081169], [-89.429414, 48.080989], [-89.429158, 48.080764], [-89.428969, 48.080539], [-89.428848, 48.080314], [-89.428794, 48.080089], [-89.428807, 48.079864], [-89.428898, 48.079628], [-89.429067, 48.079381], [-89.429313, 48.079122], [-89.429636, 48.078852], [-89.430081, 48.078562], [-89.430647, 48.078252], [-89.431335, 48.077921], [-89.432144, 48.07757], [-89.432922, 48.077271], [-89.43367, 48.077024], [-89.434388, 48.076828], [-89.435076, 48.076684], [-89.435766, 48.076493], [-89.436461, 48.076255], [-89.437158, 48.075969], [-89.437859, 48.075636], [-89.438634, 48.075301], [-89.439484, 48.074964], [-89.440407, 48.074624], [-89.441405, 48.074282], [-89.442385, 48.073907], [-89.443349, 48.073497], [-89.444296, 48.073054], [-89.445226, 48.072577], [-89.446015, 48.072204], [-89.446662, 48.071934], [-89.447167, 48.071767], [-89.447531, 48.071705], [-89.447932, 48.071556], [-89.44837, 48.071322], [-89.448846, 48.071003], [-89.449358, 48.070598], [-89.450002, 48.07017], [-89.450777, 48.069721], [-89.451683, 48.069248], [-89.452721, 48.068753], [-89.453655, 48.068344], [-89.454484, 48.06802], [-89.455208, 48.067782], [-89.455828, 48.067629], [-89.456368, 48.067482], [-89.456826, 48.067343], [-89.457203, 48.06721], [-89.4575, 48.067084], [-89.457978, 48.06697], [-89.458639, 48.066866], [-89.459481, 48.066774], [-89.460506, 48.066693], [-89.461419, 48.066556], [-89.462221, 48.066362], [-89.462912, 48.066112], [-89.463492, 48.065807], [-89.464085, 48.065546], [-89.464692, 48.06533], [-89.465312, 48.065159], [-89.465945, 48.065033], [-89.466404, 48.064916], [-89.466687, 48.064808], [-89.466795, 48.064709], [-89.466727, 48.064619], [-89.4664, 48.064524], [-89.465814, 48.064425], [-89.464968, 48.064322], [-89.463863, 48.064214], [-89.462835, 48.064185], [-89.461884, 48.064234], [-89.461012, 48.064362], [-89.460216, 48.064569], [-89.459121, 48.064761], [-89.457726, 48.064936], [-89.456031, 48.065096], [-89.454036, 48.06524], [-89.452425, 48.065397], [-89.451198, 48.065568], [-89.450355, 48.065753], [-89.449897, 48.065951], [-89.449432, 48.066121], [-89.44896, 48.066265], [-89.448482, 48.066382], [-89.447996, 48.066472], [-89.447289, 48.066544], [-89.446359, 48.066598], [-89.445206, 48.066634], [-89.443831, 48.066652], [-89.442736, 48.066684], [-89.44192, 48.066729], [-89.441384, 48.066787], [-89.441128, 48.066859], [-89.440977, 48.067001], [-89.440929, 48.067213], [-89.440987, 48.067494], [-89.441148, 48.067845], [-89.441236, 48.068124], [-89.44125, 48.06833], [-89.441189, 48.068465], [-89.441054, 48.068528], [-89.44095, 48.068609], [-89.440875, 48.068708], [-89.440832, 48.068825], [-89.440818, 48.06896], [-89.440778, 48.06908], [-89.44071, 48.069183], [-89.440616, 48.069271], [-89.440495, 48.069343], [-89.44039, 48.069388], [-89.440303, 48.069406], [-89.440232, 48.069397], [-89.440178, 48.069361], [-89.440154, 48.069316], [-89.440161, 48.069262], [-89.440179, 48.069231], [-89.440198, 48.069221], [-89.440265, 48.06914], [-89.440316, 48.069028], [-89.44035, 48.068884], [-89.440367, 48.068708], [-89.440367, 48.068501], [-89.440323, 48.068254], [-89.440235, 48.067966], [-89.440104, 48.067638], [-89.439928, 48.067269], [-89.439928, 48.066945], [-89.440104, 48.066666], [-89.440454, 48.066432], [-89.44098, 48.066243], [-89.441718, 48.066099], [-89.442668, 48.066], [-89.443831, 48.065946], [-89.445206, 48.065937], [-89.446332, 48.065912], [-89.447208, 48.065872], [-89.447835, 48.065816], [-89.448212, 48.065744], [-89.448623, 48.065636], [-89.449068, 48.065492], [-89.449547, 48.065312], [-89.450059, 48.065096], [-89.450955, 48.064898], [-89.452236, 48.064718], [-89.453901, 48.064556], [-89.45595, 48.064412], [-89.457705, 48.06425], [-89.459168, 48.06407], [-89.460337, 48.063872], [-89.461214, 48.063656], [-89.462026, 48.063521], [-89.462774, 48.063467], [-89.463458, 48.063494], [-89.464078, 48.063602], [-89.464688, 48.063687], [-89.465288, 48.06375], [-89.465878, 48.063791], [-89.466457, 48.063809], [-89.466929, 48.063883], [-89.467293, 48.064014], [-89.467549, 48.0642], [-89.467698, 48.064443], [-89.467806, 48.064662], [-89.467873, 48.064855], [-89.4679, 48.065024], [-89.467886, 48.065168], [-89.467846, 48.065291], [-89.467779, 48.065395], [-89.467684, 48.065478], [-89.467563, 48.065541], [-89.467364, 48.065591], [-89.467088, 48.065627], [-89.466734, 48.065649], [-89.466302, 48.065658], [-89.465773, 48.065764], [-89.465147, 48.065966], [-89.464422, 48.066265], [-89.4636, 48.066661], [-89.462868, 48.066958], [-89.462228, 48.067156], [-89.461679, 48.067255], [-89.46122, 48.067255], [-89.460816, 48.067273], [-89.460466, 48.067309], [-89.460169, 48.067363], [-89.459926, 48.067435], [-89.45966, 48.067489], [-89.45937, 48.067525], [-89.459057, 48.067543], [-89.45872, 48.067543], [-89.458403, 48.067572], [-89.458107, 48.067631], [-89.45783, 48.067719], [-89.457792, 48.067736], [-89.457409, 48.067833], [-89.456435, 48.068124], [-89.455249, 48.06851], [-89.454187, 48.068891], [-89.45325, 48.069264], [-89.452438, 48.069631], [-89.451751, 48.069991], [-89.451104, 48.070373], [-89.450497, 48.070778], [-89.449931, 48.071205], [-89.449405, 48.071655], [-89.448913, 48.072001], [-89.448455, 48.072244], [-89.44803, 48.072384], [-89.447639, 48.07242], [-89.44712, 48.072564], [-89.446473, 48.072816], [-89.445698, 48.073176], [-89.444795, 48.073643], [-89.443861, 48.074082], [-89.442897, 48.074491], [-89.441903, 48.074871], [-89.440879, 48.075222], [-89.439942, 48.075566], [-89.439093, 48.075904], [-89.438331, 48.076234], [-89.437657, 48.076558], [-89.437088, 48.076821], [-89.436622, 48.077024], [-89.436262, 48.077165], [-89.436006, 48.077246], [-89.435733, 48.077314], [-89.435443, 48.077368], [-89.435136, 48.077408], [-89.434813, 48.077435], [-89.434344, 48.07755], [-89.433731, 48.077752], [-89.432973, 48.078043], [-89.43207, 48.07842], [-89.431348, 48.078733], [-89.430809, 48.07898], [-89.430452, 48.079163], [-89.430277, 48.07928], [-89.430128, 48.079417], [-89.430007, 48.079574], [-89.429913, 48.079752], [-89.429904, 48.079778], [-89.429845, 48.079898], [-89.429825, 48.080085], [-89.429829, 48.080096], [-89.429825, 48.080127], [-89.429852, 48.080285], [-89.429926, 48.080422], [-89.430047, 48.080539], [-89.430063, 48.080547], [-89.430182, 48.080642], [-89.430331, 48.080714], [-89.430499, 48.080768], [-89.430688, 48.080804], [-89.430897, 48.080822], [-89.431126, 48.080822], [-89.431547, 48.080771], [-89.432161, 48.080667], [-89.432966, 48.080512], [-89.433963, 48.080305], [-89.434732, 48.08015], [-89.435271, 48.080046], [-89.435581, 48.079995], [-89.435662, 48.079995], [-89.435723, 48.080017], [-89.435763, 48.080062], [-89.435783, 48.08013], [-89.435783, 48.08022], [-89.43581, 48.080294], [-89.435864, 48.080352], [-89.435945, 48.080395], [-89.436053, 48.080422], [-89.436012, 48.080478], [-89.435824, 48.080564], [-89.435487, 48.080678], [-89.435001, 48.080822], [-89.434462, 48.080959], [-89.433869, 48.08109], [-89.433222, 48.081214], [-89.432521, 48.081331], [-89.431891, 48.081407], [-89.431331, 48.081443], [-89.430843, 48.081438], [-89.430425, 48.081394], [-89.430047, 48.081304], [-89.42971, 48.081169]]]}}, {"type": "Feature", "properties": {"lead": 96, "temp": "t12far"}, "geometry": {"type": "Polygon", "coordinates": [[[-89.420706, 48.087636], [-89.42018, 48.087213], [-89.419772, 48.086851], [-89.419482, 48.08655], [-89.419311, 48.086309], [-89.419257, 48.086129], [-89.41928, 48.085945], [-89.419381, 48.085756], [-89.41956, 48.085563], [-89.419816, 48.085365], [-89.420106, 48.085201], [-89.420429, 48.08507], [-89.420787, 48.084974], [-89.421178, 48.084911], [-89.421575, 48.084818], [-89.42198, 48.084697], [-89.422391, 48.084546], [-89.422809, 48.084366], [-89.423159, 48.084162], [-89.423442, 48.083932], [-89.423658, 48.083678], [-89.423806, 48.083399], [-89.423917, 48.083157], [-89.423992, 48.08295], [-89.424029, 48.082779], [-89.424029, 48.082644], [-89.424005, 48.08252], [-89.423958, 48.082408], [-89.423887, 48.082307], [-89.423793, 48.082217], [-89.423604, 48.082113], [-89.423321, 48.081996], [-89.422943, 48.081866], [-89.422472, 48.081722], [-89.422077, 48.081614], [-89.421761, 48.081542], [-89.421521, 48.081506], [-89.42136, 48.081506], [-89.420921, 48.081576], [-89.420207, 48.081715], [-89.419216, 48.081924], [-89.417949, 48.082203], [-89.416908, 48.082459], [-89.416092, 48.082693], [-89.415502, 48.082905], [-89.415138, 48.083094], [-89.414785, 48.083256], [-89.414441, 48.08339], [-89.414107, 48.083498], [-89.413784, 48.083579], [-89.413777, 48.083582], [-89.413581, 48.083595], [-89.41342, 48.083546], [-89.413332, 48.083431], [-89.413319, 48.083251], [-89.413379, 48.083096], [-89.413514, 48.082965], [-89.413723, 48.08286], [-89.414006, 48.082779], [-89.414293, 48.082678], [-89.414582, 48.082556], [-89.414876, 48.082414], [-89.415172, 48.082253], [-89.415489, 48.082127], [-89.415826, 48.082037], [-89.416183, 48.081983], [-89.416561, 48.081965], [-89.417059, 48.081897], [-89.417679, 48.08178], [-89.418421, 48.081614], [-89.419284, 48.081398], [-89.420038, 48.081229], [-89.420686, 48.081108], [-89.421225, 48.081034], [-89.421656, 48.081007], [-89.422101, 48.081022], [-89.422559, 48.081081], [-89.423031, 48.081182], [-89.423516, 48.081326], [-89.423931, 48.08149], [-89.424275, 48.081675], [-89.424548, 48.081879], [-89.42475, 48.082104], [-89.424895, 48.082334], [-89.424982, 48.082567], [-89.425013, 48.082806], [-89.424986, 48.083049], [-89.424935, 48.083285], [-89.424861, 48.083514], [-89.424763, 48.083737], [-89.424642, 48.083953], [-89.424487, 48.084157], [-89.424298, 48.084351], [-89.424076, 48.084533], [-89.42382, 48.084704], [-89.42355, 48.084861], [-89.423267, 48.085005], [-89.42297, 48.085135], [-89.42266, 48.085252], [-89.42234, 48.085354], [-89.42201, 48.085439], [-89.42167, 48.085509], [-89.421319, 48.085563], [-89.421026, 48.085626], [-89.42079, 48.085698], [-89.420611, 48.085779], [-89.42049, 48.085869], [-89.420402, 48.085956], [-89.420348, 48.086042], [-89.420328, 48.086125], [-89.420342, 48.086206], [-89.420426, 48.086334], [-89.420581, 48.086509], [-89.420807, 48.086732], [-89.421103, 48.087002], [-89.42142, 48.087256], [-89.421757, 48.087494], [-89.422114, 48.087717], [-89.422492, 48.087924], [-89.422839, 48.08809], [-89.423156, 48.088216], [-89.423442, 48.088302], [-89.423698, 48.088347], [-89.424126, 48.088358], [-89.424726, 48.088335], [-89.425498, 48.088279], [-89.426442, 48.088189], [-89.427207, 48.088104], [-89.427793, 48.088023], [-89.428201, 48.087946], [-89.42843, 48.087874], [-89.428794, 48.087809], [-89.429293, 48.087751], [-89.429926, 48.087699], [-89.430695, 48.087654], [-89.431409, 48.087562], [-89.43207, 48.087422], [-89.432676, 48.087236], [-89.433229, 48.087002], [-89.433771, 48.08679], [-89.434304, 48.086602], [-89.434826, 48.086435], [-89.435338, 48.086291], [-89.435797, 48.086143], [-89.436201, 48.08599], [-89.436552, 48.085833], [-89.436848, 48.085671], [-89.437061, 48.085608], [-89.437189, 48.085644], [-89.437232, 48.085779], [-89.437192, 48.086012], [-89.437145, 48.086199], [-89.437091, 48.086339], [-89.43703, 48.086431], [-89.436963, 48.086476], [-89.436764, 48.086554], [-89.436434, 48.086667], [-89.436287, 48.086713], [-89.436201, 48.086739], [-89.436152, 48.086756], [-89.435972, 48.086813], [-89.435379, 48.086993], [-89.434819, 48.08718], [-89.434294, 48.087373], [-89.433802, 48.087573], [-89.433448, 48.087733], [-89.433063, 48.087865], [-89.432757, 48.087958], [-89.432043, 48.088106], [-89.4312, 48.088225], [-89.430229, 48.088315], [-89.429464, 48.0884], [-89.428905, 48.088481], [-89.428551, 48.088558], [-89.428477, 48.088594], [-89.428201, 48.088639], [-89.42785, 48.088702], [-89.427702, 48.088738], [-89.427756, 48.088747], [-89.428012, 48.088729], [-89.428144, 48.088713], [-89.428066, 48.088733], [-89.427877, 48.088765], [-89.427675, 48.088783], [-89.427449, 48.088783], [-89.4272, 48.088765], [-89.426927, 48.088729], [-89.42663, 48.088675], [-89.426408, 48.088648], [-89.42626, 48.088648], [-89.426185, 48.088675], [-89.426185, 48.088729], [-89.426121, 48.088787], [-89.425993, 48.08885], [-89.425801, 48.088918], [-89.425545, 48.08899], [-89.425198, 48.08903], [-89.42476, 48.089039], [-89.424231, 48.089017], [-89.423611, 48.088963], [-89.422984, 48.088823], [-89.42235, 48.088598], [-89.42171, 48.088288], [-89.421063, 48.087892], [-89.420933, 48.087808], [-89.420706, 48.087636]]]}}, {"type": "Feature", "properties": {"lead": 120, "temp": "t12"}, "geometry": {"type": "Polygon", "coordinates": [[[-89.423395, 48.065447], [-89.42326, 48.065393], [-89.423102, 48.065359], [-89.42292, 48.065345], [-89.422714, 48.065352], [-89.422485, 48.065379], [-89.422296, 48.065386], [-89.422148, 48.065372], [-89.42204, 48.065339], [-89.421973, 48.065285], [-89.421848, 48.065255], [-89.421666, 48.065251], [-89.421427, 48.065271], [-89.42113, 48.065316], [-89.420884, 48.06533], [-89.420689, 48.065312], [-89.420544, 48.065262], [-89.42045, 48.065181], [-89.420295, 48.065107], [-89.420079, 48.065039], [-89.419803, 48.064979], [-89.419466, 48.064925], [-89.419061, 48.064826], [-89.418589, 48.064682], [-89.41805, 48.064493], [-89.417444, 48.064259], [-89.416958, 48.064083], [-89.416594, 48.063966], [-89.416352, 48.063908], [-89.41623, 48.063908], [-89.416139, 48.063888], [-89.416079, 48.063847], [-89.416048, 48.063786], [-89.416048, 48.063705], [-89.416011, 48.063638], [-89.415937, 48.063584], [-89.415826, 48.063543], [-89.415678, 48.063516], [-89.41557, 48.06348], [-89.415502, 48.063435], [-89.415475, 48.063381], [-89.415489, 48.063319], [-89.415459, 48.063265], [-89.415384, 48.06322], [-89.415266, 48.063184], [-89.415105, 48.063157], [-89.414929, 48.063166], [-89.414741, 48.063211], [-89.414539, 48.063292], [-89.414323, 48.063408], [-89.414117, 48.063489], [-89.413922, 48.063534], [-89.413736, 48.063543], [-89.413561, 48.063516], [-89.41343, 48.063462], [-89.413342, 48.063381], [-89.413298, 48.063274], [-89.413298, 48.063139], [-89.413396, 48.063037], [-89.413592, 48.06297], [-89.413885, 48.062936], [-89.414276, 48.062936], [-89.414798, 48.063017], [-89.415452, 48.063179], [-89.416237, 48.063422], [-89.417154, 48.063746], [-89.418104, 48.064043], [-89.419088, 48.064313], [-89.420106, 48.064556], [-89.421157, 48.064772], [-89.422182, 48.064882], [-89.423179, 48.064886], [-89.42415, 48.064785], [-89.425094, 48.064578], [-89.425923, 48.064416], [-89.426637, 48.064299], [-89.427237, 48.064227], [-89.427722, 48.0642], [-89.428174, 48.064149], [-89.428592, 48.064072], [-89.428976, 48.063971], [-89.429326, 48.063845], [-89.429748, 48.063726], [-89.43024, 48.063613], [-89.430802, 48.063507], [-89.431436, 48.063408], [-89.431992, 48.063303], [-89.432471, 48.06319], [-89.432872, 48.063071], [-89.433195, 48.062945], [-89.433495, 48.062851], [-89.433771, 48.062788], [-89.434024, 48.062756], [-89.434253, 48.062756], [-89.434459, 48.062727], [-89.434641, 48.062668], [-89.434799, 48.062581], [-89.434934, 48.062464], [-89.435153, 48.062324], [-89.435456, 48.062162], [-89.435844, 48.061978], [-89.436316, 48.061771], [-89.436757, 48.061602], [-89.437168, 48.061472], [-89.437549, 48.061379], [-89.4379, 48.061325], [-89.438206, 48.061296], [-89.438469, 48.061292], [-89.438688, 48.061312], [-89.438864, 48.061357], [-89.439022, 48.061415], [-89.439163, 48.061487], [-89.439288, 48.061573], [-89.439396, 48.061672], [-89.439477, 48.061784], [-89.439531, 48.06191], [-89.439558, 48.06205], [-89.439558, 48.062203], [-89.439527, 48.062344], [-89.439467, 48.062475], [-89.439376, 48.062594], [-89.439254, 48.062702], [-89.439217, 48.062794], [-89.439265, 48.062871], [-89.439396, 48.062932], [-89.439612, 48.062977], [-89.43979, 48.063026], [-89.439932, 48.06308], [-89.440036, 48.063139], [-89.440104, 48.063202], [-89.440225, 48.063251], [-89.4404, 48.063287], [-89.440629, 48.06331], [-89.440913, 48.063319], [-89.441212, 48.063289], [-89.441529, 48.063222], [-89.441863, 48.063116], [-89.442213, 48.062972], [-89.442534, 48.062819], [-89.442823, 48.062657], [-89.443083, 48.062486], [-89.443312, 48.062306], [-89.443686, 48.062095], [-89.444205, 48.061852], [-89.444869, 48.061577], [-89.445678, 48.061271], [-89.446493, 48.061035], [-89.447316, 48.060869], [-89.448145, 48.060772], [-89.44898, 48.060745], [-89.449776, 48.060695], [-89.450531, 48.060623], [-89.451245, 48.060529], [-89.451919, 48.060412], [-89.452455, 48.060304], [-89.452853, 48.060205], [-89.453112, 48.060115], [-89.453233, 48.060034], [-89.453257, 48.059953], [-89.453183, 48.059872], [-89.453011, 48.059791], [-89.452741, 48.05971], [-89.452539, 48.059595], [-89.452404, 48.059447], [-89.452337, 48.059264], [-89.452337, 48.059048], [-89.452398, 48.058871], [-89.452519, 48.058731], [-89.452701, 48.05863], [-89.452944, 48.058567], [-89.453193, 48.058473], [-89.453449, 48.058347], [-89.453712, 48.058189], [-89.453982, 48.058], [-89.454211, 48.057854], [-89.454399, 48.05775], [-89.454548, 48.05769], [-89.454656, 48.057672], [-89.454753, 48.057633], [-89.454841, 48.057575], [-89.454918, 48.057496], [-89.454986, 48.057397], [-89.455138, 48.057287], [-89.455373, 48.057165], [-89.455694, 48.057033], [-89.456098, 48.056889], [-89.456506, 48.056713], [-89.456917, 48.056506], [-89.457331, 48.056268], [-89.457749, 48.055998], [-89.458198, 48.055755], [-89.458676, 48.055539], [-89.459185, 48.05535], [-89.459724, 48.055188], [-89.460206, 48.055062], [-89.460631, 48.054972], [-89.460998, 48.054918], [-89.461308, 48.0549], [-89.461625, 48.054918], [-89.461948, 48.054972], [-89.462279, 48.055062], [-89.462616, 48.055188], [-89.462909, 48.055332], [-89.463158, 48.055494], [-89.463364, 48.055674], [-89.463526, 48.055872], [-89.463708, 48.05602], [-89.46391, 48.056119], [-89.464132, 48.056169], [-89.464375, 48.056169], [-89.464705, 48.056124], [-89.465123, 48.056034], [-89.465628, 48.055899], [-89.466222, 48.055719], [-89.466808, 48.05557], [-89.467388, 48.055453], [-89.467961, 48.055368], [-89.468527, 48.055314], [-89.468985, 48.055284], [-89.469336, 48.05528], [-89.469578, 48.0553], [-89.469713, 48.055345], [-89.469814, 48.055363], [-89.469881, 48.055354], [-89.469915, 48.055318], [-89.469915, 48.055255], [-89.469942, 48.055203], [-89.469996, 48.055163], [-89.470077, 48.055134], [-89.470185, 48.055116], [-89.470566, 48.055093], [-89.471219, 48.055066], [-89.472146, 48.055035], [-89.473346, 48.054999], [-89.474475, 48.054945], [-89.475533, 48.054873], [-89.47652, 48.054783], [-89.477437, 48.054675], [-89.478125, 48.05458], [-89.478583, 48.054499], [-89.478812, 48.054432], [-89.478812, 48.054378], [-89.47889, 48.05431], [-89.479045, 48.054229], [-89.479277, 48.054135], [-89.479587, 48.054027], [-89.479837, 48.053856], [-89.480025, 48.053622], [-89.480153, 48.053325], [-89.480221, 48.052965], [-89.480167, 48.052614], [-89.479992, 48.052272], [-89.479695, 48.051939], [-89.479277, 48.051615], [-89.47895, 48.051344], [-89.478714, 48.051128], [-89.478569, 48.050966], [-89.478516, 48.050858], [-89.478216, 48.050755], [-89.47767, 48.050656], [-89.476878, 48.050561], [-89.47584, 48.050471], [-89.474947, 48.05035], [-89.474198, 48.050197], [-89.473595, 48.050012], [-89.473137, 48.049796], [-89.472658, 48.049605], [-89.47216, 48.049439], [-89.471641, 48.049297], [-89.471101, 48.04918], [-89.470599, 48.049056], [-89.470134, 48.048925], [-89.469706, 48.048788], [-89.469315, 48.048644], [-89.468999, 48.0485], [-89.468756, 48.048356], [-89.468587, 48.048212], [-89.468493, 48.048068], [-89.468537, 48.04796], [-89.468719, 48.047888], [-89.469039, 48.047852], [-89.469497, 48.047852], [-89.469888, 48.047888], [-89.470212, 48.04796], [-89.470468, 48.048068], [-89.470657, 48.048212], [-89.47096, 48.048356], [-89.471378, 48.0485], [-89.47191, 48.048644], [-89.472557, 48.048788], [-89.47311, 48.048932], [-89.473568, 48.049076], [-89.473932, 48.04922], [-89.474202, 48.049364], [-89.474539, 48.049472], [-89.474943, 48.049544], [-89.475415, 48.04958], [-89.475954, 48.04958], [-89.476369, 48.049594], [-89.476659, 48.049621], [-89.476824, 48.049661], [-89.476864, 48.049715], [-89.476928, 48.04976], [-89.477016, 48.049796], [-89.477127, 48.049823], [-89.477262, 48.049841], [-89.477383, 48.049844], [-89.477491, 48.04983], [-89.477585, 48.049801], [-89.477666, 48.049756], [-89.477761, 48.049736], [-89.477868, 48.04974], [-89.47799, 48.049769], [-89.478125, 48.049823], [-89.478246, 48.049857], [-89.478354, 48.049871], [-89.478448, 48.049864], [-89.478529, 48.049837], [-89.478623, 48.049846], [-89.478731, 48.049891], [-89.478853, 48.049972], [-89.478987, 48.050089], [-89.479119, 48.050183], [-89.479247, 48.050255], [-89.479372, 48.050305], [-89.479493, 48.050332], [-89.479621, 48.050402], [-89.479756, 48.050514], [-89.479897, 48.050669], [-89.480046, 48.050867], [-89.480174, 48.051009], [-89.480281, 48.051095], [-89.480369, 48.051124], [-89.480436, 48.051097], [-89.480511, 48.051126], [-89.480591, 48.051212], [-89.480679, 48.051353], [-89.480773, 48.051551], [-89.480868, 48.051702], [-89.480962, 48.051806], [-89.481057, 48.051862], [-89.481151, 48.051871], [-89.481218, 48.051979], [-89.481259, 48.052186], [-89.481272, 48.052492], [-89.481259, 48.052897], [-89.481228, 48.05325], [-89.481181, 48.053552], [-89.481117, 48.053802], [-89.481036, 48.054], [-89.480912, 48.054191], [-89.480743, 48.054375], [-89.480531, 48.054553], [-89.480275, 48.054724], [-89.479995, 48.054866], [-89.479692, 48.054978], [-89.479365, 48.055062], [-89.479014, 48.055116], [-89.478731, 48.055179], [-89.478516, 48.055251], [-89.478367, 48.055332], [-89.478286, 48.055422], [-89.477643, 48.055516], [-89.476436, 48.055615], [-89.474667, 48.055719], [-89.472335, 48.055827], [-89.470451, 48.055923], [-89.469015, 48.056009], [-89.468028, 48.056083], [-89.467489, 48.056146], [-89.466966, 48.056236], [-89.466461, 48.056353], [-89.465972, 48.056497], [-89.4655, 48.056668], [-89.465056, 48.056796], [-89.464638, 48.056882], [-89.464247, 48.056925], [-89.463883, 48.056925], [-89.463549, 48.056846], [-89.463246, 48.056688], [-89.462973, 48.056452], [-89.46273, 48.056137], [-89.46242, 48.055901], [-89.462043, 48.055743], [-89.461598, 48.055665], [-89.461086, 48.055665], [-89.460658, 48.055685], [-89.460314, 48.055725], [-89.460054, 48.055786], [-89.459879, 48.055867], [-89.459748, 48.055944], [-89.45966, 48.056016], [-89.459616, 48.056083], [-89.459616, 48.056146], [-89.459562, 48.0562], [-89.459455, 48.056245], [-89.459293, 48.056281], [-89.459077, 48.056308], [-89.458905, 48.056351], [-89.458777, 48.056409], [-89.458693, 48.056484], [-89.458652, 48.056574], [-89.458568, 48.056648], [-89.45844, 48.056706], [-89.458268, 48.056749], [-89.458053, 48.056776], [-89.457773, 48.056868], [-89.457429, 48.057026], [-89.457021, 48.057249], [-89.45655, 48.057537], [-89.456078, 48.057795], [-89.455606, 48.058025], [-89.455134, 48.058225], [-89.454662, 48.058396], [-89.454319, 48.058554], [-89.454103, 48.058698], [-89.454015, 48.058828], [-89.454056, 48.058945], [-89.454103, 48.059028], [-89.454157, 48.059078], [-89.454217, 48.059093], [-89.454285, 48.059075], [-89.454362, 48.059087], [-89.45445, 48.059127], [-89.454548, 48.059197], [-89.454656, 48.059296], [-89.454736, 48.059393], [-89.45479, 48.059487], [-89.454817, 48.059579], [-89.454817, 48.059669], [-89.454763, 48.059786], [-89.454656, 48.05993], [-89.454494, 48.060101], [-89.454278, 48.060299], [-89.454073, 48.060455], [-89.453877, 48.060567], [-89.453692, 48.060637], [-89.453517, 48.060664], [-89.453382, 48.060695], [-89.453287, 48.060731], [-89.453233, 48.060772], [-89.45322, 48.060817], [-89.453173, 48.060846], [-89.453092, 48.06086], [-89.452977, 48.060857], [-89.452829, 48.060839], [-89.452694, 48.060844], [-89.452573, 48.060871], [-89.452465, 48.06092], [-89.452371, 48.060992], [-89.452131, 48.061067], [-89.451747, 48.061143], [-89.451218, 48.061222], [-89.450544, 48.061303], [-89.449981, 48.061364], [-89.44953, 48.061404], [-89.449189, 48.061424], [-89.44896, 48.061424], [-89.448768, 48.061409], [-89.448613, 48.061377], [-89.448495, 48.06133], [-89.448414, 48.061267], [-89.448343, 48.061233], [-89.448283, 48.061229], [-89.448232, 48.061253], [-89.448192, 48.061307], [-89.448128, 48.061341], [-89.44804, 48.061355], [-89.447929, 48.061348], [-89.447794, 48.061321], [-89.447609, 48.061339], [-89.447373, 48.061402], [-89.447086, 48.06151], [-89.446749, 48.061663], [-89.446476, 48.061775], [-89.446268, 48.061847], [-89.446123, 48.061879], [-89.446042, 48.06187], [-89.445957, 48.061885], [-89.44587, 48.061926], [-89.445779, 48.061991], [-89.445685, 48.062081], [-89.44557, 48.062155], [-89.445435, 48.062214], [-89.44528, 48.062257], [-89.445105, 48.062284], [-89.444855, 48.062376], [-89.444532, 48.062533], [-89.444134, 48.062756], [-89.443662, 48.063044], [-89.443258, 48.063267], [-89.442921, 48.063424], [-89.442651, 48.063516], [-89.442449, 48.063543], [-89.442294, 48.063577], [-89.442186, 48.063618], [-89.442126, 48.063665], [-89.442112, 48.063719], [-89.442082, 48.063753], [-89.442035, 48.063766], [-89.441971, 48.063759], [-89.44189, 48.063732], [-89.441829, 48.063726], [-89.441789, 48.063739], [-89.441769, 48.063773], [-89.441769, 48.063827], [-89.441748, 48.063861], [-89.441708, 48.063874], [-89.441647, 48.063867], [-89.441566, 48.06384], [-89.441506, 48.063834], [-89.441465, 48.063847], [-89.441445, 48.063881], [-89.441445, 48.063935], [-89.441391, 48.063971], [-89.441283, 48.063989], [-89.441121, 48.063989], [-89.440906, 48.063971], [-89.440744, 48.063948], [-89.440636, 48.063921], [-89.440582, 48.06389], [-89.440582, 48.063854], [-89.440549, 48.063836], [-89.440481, 48.063836], [-89.44038, 48.063854], [-89.440245, 48.06389], [-89.440144, 48.063901], [-89.440077, 48.063888], [-89.440043, 48.063849], [-89.440043, 48.063786], [-89.440006, 48.063746], [-89.439932, 48.063728], [-89.439821, 48.063732], [-89.439672, 48.063759], [-89.439558, 48.063759], [-89.439477, 48.063732], [-89.43943, 48.063678], [-89.439416, 48.063597], [-89.439329, 48.06353], [-89.439167, 48.063476], [-89.438931, 48.063435], [-89.438621, 48.063408], [-89.438402, 48.063366], [-89.438274, 48.063307], [-89.438237, 48.063233], [-89.438291, 48.063143], [-89.438297, 48.063069], [-89.438257, 48.06301], [-89.438169, 48.062968], [-89.438035, 48.062941], [-89.437937, 48.062898], [-89.437876, 48.062839], [-89.437853, 48.062765], [-89.437866, 48.062675], [-89.437917, 48.062601], [-89.438004, 48.062542], [-89.438129, 48.0625], [-89.438291, 48.062473], [-89.438422, 48.062423], [-89.438523, 48.062351], [-89.438594, 48.062257], [-89.438634, 48.06214], [-89.438621, 48.062045], [-89.438553, 48.061973], [-89.438432, 48.061924], [-89.438257, 48.061897], [-89.438031, 48.061926], [-89.437755, 48.062011], [-89.437428, 48.062153], [-89.43705, 48.062351], [-89.4367, 48.062515], [-89.436376, 48.062646], [-89.43608, 48.062743], [-89.43581, 48.062806], [-89.435598, 48.062878], [-89.435443, 48.062959], [-89.435345, 48.063049], [-89.435305, 48.063148], [-89.435231, 48.063211], [-89.435123, 48.063238], [-89.434981, 48.063229], [-89.434806, 48.063184], [-89.434671, 48.063168], [-89.434577, 48.063181], [-89.434523, 48.063224], [-89.434509, 48.063296], [-89.434425, 48.063348], [-89.43427, 48.063379], [-89.434044, 48.06339], [-89.433748, 48.063381], [-89.433519, 48.063395], [-89.433357, 48.063431], [-89.433263, 48.063489], [-89.433236, 48.06357], [-89.433185, 48.063618], [-89.433111, 48.063631], [-89.433013, 48.063611], [-89.432892, 48.063557], [-89.432804, 48.063541], [-89.43275, 48.063564], [-89.43273, 48.063624], [-89.432744, 48.063723], [-89.432673, 48.0638], [-89.432518, 48.063854], [-89.432278, 48.063885], [-89.431955, 48.063894], [-89.431706, 48.063915], [-89.43153, 48.063946], [-89.431429, 48.063989], [-89.431402, 48.064043], [-89.431358, 48.06407], [-89.431298, 48.06407], [-89.43122, 48.064043], [-89.431126, 48.063989], [-89.431038, 48.063969], [-89.430957, 48.063982], [-89.430883, 48.064029], [-89.430816, 48.06411], [-89.430684, 48.064173], [-89.430489, 48.064218], [-89.430229, 48.064245], [-89.429906, 48.064254], [-89.429643, 48.064281], [-89.429441, 48.064326], [-89.429299, 48.064389], [-89.429218, 48.06447], [-89.429124, 48.064524], [-89.429016, 48.064551], [-89.428895, 48.064551], [-89.42876, 48.064524], [-89.428639, 48.06452], [-89.428531, 48.064538], [-89.428437, 48.064578], [-89.428356, 48.064641], [-89.428261, 48.064693], [-89.428154, 48.064734], [-89.428032, 48.064763], [-89.427897, 48.064781], [-89.427786, 48.064774], [-89.427699, 48.064743], [-89.427635, 48.064686], [-89.427594, 48.064605], [-89.427544, 48.064545], [-89.427483, 48.064504], [-89.427412, 48.064484], [-89.427331, 48.064484], [-89.42726, 48.0645], [-89.4272, 48.064531], [-89.427149, 48.064578], [-89.427109, 48.064641], [-89.427055, 48.064689], [-89.426987, 48.06472], [-89.426907, 48.064736], [-89.426812, 48.064736], [-89.426741, 48.064749], [-89.426694, 48.064776], [-89.426671, 48.064817], [-89.426671, 48.064871], [-89.426533, 48.064911], [-89.426256, 48.064938], [-89.425842, 48.064952], [-89.425289, 48.064952], [-89.424874, 48.064967], [-89.424598, 48.064999], [-89.42446, 48.065046], [-89.42446, 48.065109], [-89.424436, 48.065156], [-89.424389, 48.065188], [-89.424318, 48.065204], [-89.424224, 48.065204], [-89.424153, 48.065217], [-89.424106, 48.065244], [-89.424083, 48.065285], [-89.424083, 48.065339], [-89.424052, 48.065372], [-89.423992, 48.065386], [-89.423901, 48.065379], [-89.423779, 48.065352], [-89.423688, 48.065345], [-89.423628, 48.065359], [-89.423597, 48.065393], [-89.423597, 48.065447], [-89.423564, 48.065474], [-89.423496, 48.065474], [-89.423395, 48.065447]], [[-89.453193, 48.05912], [-89.453153, 48.05912], [-89.453122, 48.059127], [-89.453102, 48.059141], [-89.453092, 48.059161], [-89.453092, 48.059188], [-89.453102, 48.059201], [-89.453122, 48.059201], [-89.453153, 48.059188], [-89.453193, 48.059161], [-89.453213, 48.059141], [-89.453213, 48.059127], [-89.453193, 48.05912]], [[-89.453955, 48.058936], [-89.453955, 48.058909], [-89.453924, 48.058896], [-89.453864, 48.058896], [-89.453773, 48.058909], [-89.453651, 48.058936], [-89.453591, 48.058956], [-89.453591, 48.05897], [-89.453651, 48.058976], [-89.453773, 48.058976], [-89.453864, 48.05897], [-89.453924, 48.058956], [-89.453955, 48.058936]], [[-89.453611, 48.058833], [-89.453597, 48.058833], [-89.453587, 48.058835], [-89.453581, 48.058839], [-89.453577, 48.058846], [-89.453577, 48.058855], [-89.453581, 48.05886], [-89.453587, 48.05886], [-89.453597, 48.058855], [-89.453611, 48.058846], [-89.453618, 48.058839], [-89.453618, 48.058835], [-89.453611, 48.058833]], [[-89.453773, 48.058725], [-89.453759, 48.058725], [-89.453749, 48.058727], [-89.453742, 48.058731], [-89.453739, 48.058738], [-89.453739, 48.058747], [-89.453742, 48.058752], [-89.453749, 48.058752], [-89.453759, 48.058747], [-89.453773, 48.058738], [-89.453779, 48.058731], [-89.453779, 48.058727], [-89.453773, 48.058725]], [[-89.454096, 48.058509], [-89.454083, 48.058509], [-89.454073, 48.058511], [-89.454066, 48.058515], [-89.454062, 48.058522], [-89.454062, 48.058531], [-89.454066, 48.058536], [-89.454073, 48.058536], [-89.454083, 48.058531], [-89.454096, 48.058522], [-89.454103, 48.058515], [-89.454103, 48.058511], [-89.454096, 48.058509]]]}}, {"type": "Feature", "properties": {"lead": 120, "temp": "t12"}, "geometry": {"type": "Polygon", "coordinates": [[[-89.436484, 48.070184], [-89.436484, 48.070049], [-89.436562, 48.069939], [-89.436717, 48.069853], [-89.436949, 48.069793], [-89.437259, 48.069757], [-89.437489, 48.069752], [-89.437637, 48.069779], [-89.437704, 48.069838], [-89.437691, 48.069928], [-89.437607, 48.070015], [-89.437451, 48.070101], [-89.437226, 48.070184], [-89.436929, 48.070265], [-89.436707, 48.070292], [-89.436558, 48.070265], [-89.436484, 48.070184]]]}}, {"type": "Feature", "properties": {"lead": 120, "temp": "t12"}, "geometry": {"type": "Polygon", "coordinates": [[[-89.431005, 48.080782], [-89.430695, 48.080755], [-89.430432, 48.080705], [-89.430216, 48.080633], [-89.430047, 48.080539], [-89.429926, 48.080422], [-89.429852, 48.080285], [-89.429825, 48.080127], [-89.429845, 48.07995], [-89.429913, 48.079752], [-89.430007, 48.079574], [-89.430128, 48.079417], [-89.430277, 48.07928], [-89.430452, 48.079163], [-89.430809, 48.07898], [-89.431348, 48.078733], [-89.43207, 48.07842], [-89.432973, 48.078043], [-89.433731, 48.077752], [-89.434344, 48.07755], [-89.434813, 48.077435], [-89.435136, 48.077408], [-89.435443, 48.077368], [-89.435733, 48.077314], [-89.436006, 48.077246], [-89.436262, 48.077165], [-89.436622, 48.077024], [-89.437088, 48.076821], [-89.437657, 48.076558], [-89.438331, 48.076234], [-89.439093, 48.075904], [-89.439942, 48.075566], [-89.440879, 48.075222], [-89.441903, 48.074871], [-89.442897, 48.074491], [-89.443861, 48.074082], [-89.444795, 48.073643], [-89.445698, 48.073176], [-89.446473, 48.072816], [-89.44712, 48.072564], [-89.447639, 48.07242], [-89.44803, 48.072384], [-89.448455, 48.072244], [-89.448913, 48.072001], [-89.449405, 48.071655], [-89.449931, 48.071205], [-89.450497, 48.070778], [-89.451104, 48.070373], [-89.451751, 48.069991], [-89.452438, 48.069631], [-89.45325, 48.069264], [-89.454187, 48.068891], [-89.455249, 48.06851], [-89.456435, 48.068124], [-89.457409, 48.067833], [-89.458171, 48.06764], [-89.45872, 48.067543], [-89.459057, 48.067543], [-89.45937, 48.067525], [-89.45966, 48.067489], [-89.459926, 48.067435], [-89.460169, 48.067363], [-89.460466, 48.067309], [-89.460816, 48.067273], [-89.46122, 48.067255], [-89.461679, 48.067255], [-89.462228, 48.067156], [-89.462868, 48.066958], [-89.4636, 48.066661], [-89.464422, 48.066265], [-89.465147, 48.065966], [-89.465773, 48.065764], [-89.466302, 48.065658], [-89.466734, 48.065649], [-89.467088, 48.065627], [-89.467364, 48.065591], [-89.467563, 48.065541], [-89.467684, 48.065478], [-89.467779, 48.065395], [-89.467846, 48.065291], [-89.467886, 48.065168], [-89.4679, 48.065024], [-89.467873, 48.064855], [-89.467806, 48.064662], [-89.467698, 48.064443], [-89.467549, 48.0642], [-89.467293, 48.064014], [-89.466929, 48.063883], [-89.466457, 48.063809], [-89.465878, 48.063791], [-89.465288, 48.06375], [-89.464688, 48.063687], [-89.464078, 48.063602], [-89.463458, 48.063494], [-89.462774, 48.063467], [-89.462026, 48.063521], [-89.461214, 48.063656], [-89.460337, 48.063872], [-89.459168, 48.06407], [-89.457705, 48.06425], [-89.45595, 48.064412], [-89.453901, 48.064556], [-89.452236, 48.064718], [-89.450955, 48.064898], [-89.450059, 48.065096], [-89.449547, 48.065312], [-89.449068, 48.065492], [-89.448623, 48.065636], [-89.448212, 48.065744], [-89.447835, 48.065816], [-89.447208, 48.065872], [-89.446332, 48.065912], [-89.445206, 48.065937], [-89.443831, 48.065946], [-89.442668, 48.066], [-89.441718, 48.066099], [-89.44098, 48.066243], [-89.440454, 48.066432], [-89.440104, 48.066666], [-89.439928, 48.066945], [-89.439928, 48.067269], [-89.440104, 48.067638], [-89.440235, 48.067966], [-89.440323, 48.068254], [-89.440367, 48.068501], [-89.440367, 48.068708], [-89.44035, 48.068884], [-89.440316, 48.069028], [-89.440265, 48.06914], [-89.440198, 48.069221], [-89.4401, 48.069273], [-89.439972, 48.069295], [-89.439814, 48.069289], [-89.439625, 48.069253], [-89.439504, 48.069255], [-89.43945, 48.069295], [-89.439463, 48.069374], [-89.439544, 48.069491], [-89.439541, 48.069604], [-89.439453, 48.069712], [-89.439281, 48.069815], [-89.439025, 48.069914], [-89.43882, 48.069948], [-89.438665, 48.069916], [-89.43856, 48.06982], [-89.438506, 48.069658], [-89.438527, 48.0695], [-89.438621, 48.069347], [-89.438789, 48.069199], [-89.439032, 48.069055], [-89.439214, 48.068904], [-89.439335, 48.068747], [-89.439396, 48.068582], [-89.439396, 48.068411], [-89.439372, 48.068263], [-89.439325, 48.068137], [-89.439254, 48.068034], [-89.43916, 48.067953], [-89.439079, 48.067833], [-89.439012, 48.067676], [-89.438958, 48.06748], [-89.438917, 48.067246], [-89.438874, 48.067071], [-89.438826, 48.066954], [-89.438776, 48.066895], [-89.438722, 48.066895], [-89.438685, 48.066846], [-89.438665, 48.066747], [-89.438661, 48.066598], [-89.438675, 48.0664], [-89.438715, 48.066229], [-89.438783, 48.066086], [-89.438877, 48.065969], [-89.438998, 48.065879], [-89.439143, 48.065811], [-89.439312, 48.065766], [-89.439504, 48.065744], [-89.43972, 48.065744], [-89.439969, 48.06571], [-89.440252, 48.065642], [-89.440569, 48.065541], [-89.440919, 48.065406], [-89.441526, 48.065296], [-89.442389, 48.06521], [-89.443507, 48.06515], [-89.444882, 48.065114], [-89.446008, 48.06506], [-89.446884, 48.064988], [-89.447511, 48.064898], [-89.447889, 48.06479], [-89.448205, 48.064716], [-89.448461, 48.064675], [-89.448657, 48.064668], [-89.448792, 48.064695], [-89.448923, 48.064686], [-89.449051, 48.064641], [-89.449176, 48.06456], [-89.449297, 48.064443], [-89.449452, 48.064342], [-89.449641, 48.064257], [-89.449863, 48.064187], [-89.45012, 48.064133], [-89.450443, 48.064092], [-89.450834, 48.064065], [-89.451292, 48.064052], [-89.451818, 48.064052], [-89.452243, 48.064029], [-89.452566, 48.063984], [-89.452789, 48.063917], [-89.45291, 48.063827], [-89.453227, 48.063746], [-89.453739, 48.063674], [-89.454447, 48.063611], [-89.45535, 48.063557], [-89.456111, 48.063523], [-89.456732, 48.06351], [-89.45721, 48.063516], [-89.457547, 48.063543], [-89.457867, 48.06355], [-89.458171, 48.063537], [-89.458457, 48.063503], [-89.458727, 48.063449], [-89.458949, 48.063393], [-89.459124, 48.063334], [-89.459252, 48.063274], [-89.459333, 48.063211], [-89.459414, 48.06317], [-89.459495, 48.063152], [-89.459576, 48.063157], [-89.459657, 48.063184], [-89.459761, 48.063184], [-89.459889, 48.063157], [-89.460041, 48.063103], [-89.460216, 48.063022], [-89.460445, 48.062945], [-89.460728, 48.062873], [-89.461065, 48.062806], [-89.461456, 48.062743], [-89.46176, 48.062704], [-89.461975, 48.062691], [-89.462103, 48.062702], [-89.462144, 48.062738], [-89.462282, 48.062765], [-89.462518, 48.062783], [-89.462852, 48.062792], [-89.463283, 48.062792], [-89.46367, 48.062812], [-89.464014, 48.062853], [-89.464314, 48.062914], [-89.46457, 48.062995], [-89.464921, 48.063055], [-89.465366, 48.063096], [-89.465905, 48.063116], [-89.466538, 48.063116], [-89.467081, 48.063152], [-89.467533, 48.063224], [-89.467893, 48.063332], [-89.468163, 48.063476], [-89.468395, 48.063699], [-89.468591, 48.064], [-89.468749, 48.06438], [-89.46887, 48.064839], [-89.468918, 48.065219], [-89.468891, 48.065521], [-89.46879, 48.065744], [-89.468614, 48.065888], [-89.468355, 48.066009], [-89.468011, 48.066108], [-89.467583, 48.066184], [-89.467071, 48.066238], [-89.466666, 48.066295], [-89.46637, 48.066353], [-89.466181, 48.066414], [-89.4661, 48.066477], [-89.465986, 48.066531], [-89.465837, 48.066576], [-89.465655, 48.066612], [-89.46544, 48.066639], [-89.465234, 48.066702], [-89.465039, 48.066801], [-89.464853, 48.066936], [-89.464678, 48.067107], [-89.464503, 48.067242], [-89.464328, 48.067341], [-89.464152, 48.067404], [-89.463977, 48.067431], [-89.463825, 48.067473], [-89.463697, 48.067532], [-89.463593, 48.067606], [-89.463512, 48.067696], [-89.463408, 48.067777], [-89.46328, 48.067849], [-89.463128, 48.067912], [-89.462953, 48.067966], [-89.462767, 48.068], [-89.462572, 48.068013], [-89.462366, 48.068007], [-89.462151, 48.06798], [-89.461958, 48.067966], [-89.46179, 48.067966], [-89.461645, 48.06798], [-89.461524, 48.068007], [-89.461433, 48.068043], [-89.461372, 48.068088], [-89.461342, 48.068142], [-89.461342, 48.068205], [-89.461332, 48.068243], [-89.461311, 48.068256], [-89.461281, 48.068245], [-89.461241, 48.068209], [-89.461123, 48.068182], [-89.460927, 48.068164], [-89.460654, 48.068155], [-89.460304, 48.068155], [-89.460041, 48.068164], [-89.459866, 48.068182], [-89.459778, 48.068209], [-89.459778, 48.068245], [-89.459714, 48.068272], [-89.459586, 48.06829], [-89.459394, 48.068299], [-89.459138, 48.068299], [-89.458925, 48.068312], [-89.458757, 48.068339], [-89.458632, 48.06838], [-89.458551, 48.068434], [-89.458447, 48.068474], [-89.458319, 48.068501], [-89.458167, 48.068515], [-89.457992, 48.068515], [-89.457786, 48.068551], [-89.45755, 48.068623], [-89.457284, 48.068731], [-89.456988, 48.068875], [-89.456732, 48.068983], [-89.456516, 48.069055], [-89.456341, 48.069091], [-89.456206, 48.069091], [-89.456031, 48.069127], [-89.455815, 48.069199], [-89.455559, 48.069307], [-89.455262, 48.069451], [-89.454966, 48.069572], [-89.454669, 48.069671], [-89.454373, 48.069748], [-89.454076, 48.069802], [-89.453843, 48.069858], [-89.453675, 48.069916], [-89.45357, 48.069977], [-89.45353, 48.07004], [-89.453446, 48.070101], [-89.453318, 48.070159], [-89.453146, 48.070215], [-89.45293, 48.070269], [-89.452681, 48.070359], [-89.452398, 48.070485], [-89.452081, 48.070647], [-89.45173, 48.070845], [-89.451393, 48.071066], [-89.45107, 48.071309], [-89.45076, 48.071574], [-89.450463, 48.071862], [-89.450187, 48.0721], [-89.449931, 48.072289], [-89.449695, 48.072429], [-89.449479, 48.072519], [-89.449324, 48.0726], [-89.44923, 48.072672], [-89.449196, 48.072735], [-89.449223, 48.072789], [-89.449226, 48.072838], [-89.449206, 48.072883], [-89.449162, 48.072924], [-89.449095, 48.07296], [-89.449011, 48.072978], [-89.44891, 48.072978], [-89.448792, 48.07296], [-89.448657, 48.072924], [-89.448536, 48.072912], [-89.448428, 48.072926], [-89.448333, 48.072964], [-89.448252, 48.073027], [-89.448104, 48.073088], [-89.447889, 48.073146], [-89.447605, 48.073203], [-89.447255, 48.073256], [-89.446942, 48.073333], [-89.446665, 48.073432], [-89.446426, 48.073553], [-89.446224, 48.073697], [-89.446048, 48.073805], [-89.4459, 48.073877], [-89.445779, 48.073913], [-89.445685, 48.073913], [-89.445604, 48.073931], [-89.445536, 48.073967], [-89.445482, 48.074021], [-89.445442, 48.074093], [-89.445378, 48.074149], [-89.44529, 48.07419], [-89.445179, 48.074215], [-89.445044, 48.074224], [-89.444903, 48.074266], [-89.444754, 48.074343], [-89.444599, 48.074453], [-89.444438, 48.074597], [-89.444293, 48.074705], [-89.444165, 48.074777], [-89.444053, 48.074813], [-89.443959, 48.074813], [-89.443868, 48.074835], [-89.44378, 48.07488], [-89.443696, 48.074948], [-89.443615, 48.075038], [-89.443501, 48.075119], [-89.443352, 48.075191], [-89.44317, 48.075254], [-89.442955, 48.075308], [-89.442773, 48.075371], [-89.442625, 48.075443], [-89.44251, 48.075524], [-89.442429, 48.075614], [-89.442335, 48.075681], [-89.442227, 48.075726], [-89.442106, 48.075749], [-89.441971, 48.075749], [-89.441839, 48.075771], [-89.441711, 48.075816], [-89.441587, 48.075884], [-89.441465, 48.075973], [-89.441256, 48.076068], [-89.44096, 48.076167], [-89.440576, 48.07627], [-89.440104, 48.076378], [-89.439736, 48.076475], [-89.439474, 48.07656], [-89.439315, 48.076635], [-89.439261, 48.076698], [-89.439147, 48.076765], [-89.438971, 48.076837], [-89.438735, 48.076914], [-89.438439, 48.076995], [-89.438206, 48.077071], [-89.438038, 48.077143], [-89.437933, 48.07721], [-89.437893, 48.077273], [-89.437788, 48.077341], [-89.43762, 48.077413], [-89.437387, 48.077489], [-89.437091, 48.07757], [-89.436858, 48.077647], [-89.43669, 48.077719], [-89.436585, 48.077786], [-89.436545, 48.077849], [-89.436363, 48.077923], [-89.436039, 48.078009], [-89.435574, 48.078106], [-89.434968, 48.078214], [-89.434503, 48.07831], [-89.434179, 48.078396], [-89.433997, 48.07847], [-89.433957, 48.078533], [-89.433744, 48.078643], [-89.43336, 48.078801], [-89.432804, 48.079005], [-89.432076, 48.079257], [-89.431497, 48.079468], [-89.431065, 48.079639], [-89.430782, 48.07977], [-89.430647, 48.07986], [-89.430546, 48.079941], [-89.430479, 48.080013], [-89.430445, 48.080076], [-89.430445, 48.08013], [-89.430469, 48.080163], [-89.430516, 48.080177], [-89.430587, 48.08017], [-89.430681, 48.080143], [-89.430752, 48.080141], [-89.430799, 48.080163], [-89.430823, 48.080211], [-89.430823, 48.080283], [-89.430843, 48.080319], [-89.430883, 48.080319], [-89.430944, 48.080283], [-89.431025, 48.080211], [-89.431139, 48.080148], [-89.431288, 48.080094], [-89.43147, 48.080049], [-89.431685, 48.080013], [-89.431921, 48.079995], [-89.432177, 48.079995], [-89.432454, 48.080013], [-89.43275, 48.080049], [-89.432973, 48.080055], [-89.433121, 48.080033], [-89.433195, 48.079981], [-89.433195, 48.0799], [-89.433239, 48.079846], [-89.433327, 48.079819], [-89.433458, 48.079819], [-89.433633, 48.079846], [-89.433808, 48.079837], [-89.433984, 48.079792], [-89.434159, 48.079711], [-89.434334, 48.079594], [-89.43452, 48.079543], [-89.434715, 48.079556], [-89.434921, 48.079635], [-89.435136, 48.079779], [-89.435049, 48.079938], [-89.434658, 48.080114], [-89.433963, 48.080305], [-89.432966, 48.080512], [-89.43214, 48.08066], [-89.431487, 48.08075], [-89.431005, 48.080782]]]}}, {"type": "Feature", "properties": {"lead": 120, "temp": "t12"}, "geometry": {"type": "Polygon", "coordinates": [[[-89.431166, 48.088634], [-89.431075, 48.088601], [-89.431015, 48.08856], [-89.430984, 48.088513], [-89.430984, 48.088459], [-89.430947, 48.088416], [-89.430873, 48.088385], [-89.430762, 48.088365], [-89.430614, 48.088356], [-89.430614, 48.088342], [-89.430762, 48.088324], [-89.431059, 48.088302], [-89.431503, 48.088275], [-89.432147, 48.088137], [-89.43299, 48.08789], [-89.434031, 48.087533], [-89.435271, 48.087065], [-89.436201, 48.086739], [-89.436821, 48.086554], [-89.437131, 48.086512], [-89.437131, 48.086611], [-89.437091, 48.086714], [-89.43701, 48.086822], [-89.436889, 48.086934], [-89.436727, 48.087051], [-89.436582, 48.087139], [-89.436454, 48.087197], [-89.436343, 48.087227], [-89.436248, 48.087227], [-89.436039, 48.087296], [-89.435716, 48.087436], [-89.435278, 48.087645], [-89.434725, 48.087924], [-89.434257, 48.088128], [-89.433873, 48.088259], [-89.433573, 48.088315], [-89.433357, 48.088297], [-89.433185, 48.088297], [-89.433057, 48.088315], [-89.432973, 48.088351], [-89.432932, 48.088405], [-89.432824, 48.088445], [-89.432649, 48.088472], [-89.432407, 48.088486], [-89.432096, 48.088486], [-89.431854, 48.088499], [-89.431679, 48.088526], [-89.431571, 48.088567], [-89.43153, 48.088621], [-89.43147, 48.088655], [-89.431389, 48.088668], [-89.431288, 48.088661], [-89.431166, 48.088634]]]}}, {"type": "Feature", "properties": {"lead": 120, "temp": "t12"}, "geometry": {"type": "Polygon", "coordinates": [[[-89.428753, 48.088549], [-89.429094, 48.088499], [-89.429222, 48.08849], [-89.429138, 48.088522], [-89.428841, 48.088594], [-89.428555, 48.088652], [-89.428278, 48.088697], [-89.428012, 48.088729], [-89.427756, 48.088747], [-89.427702, 48.088738], [-89.42785, 48.088702], [-89.428201, 48.088639], [-89.428753, 48.088549]]]}}, {"type": "Feature", "properties": {"lead": 120, "temp": "t12"}, "geometry": {"type": "Polygon", "coordinates": [[[-89.427149, 48.0889], [-89.427109, 48.088864], [-89.427045, 48.088834], [-89.426957, 48.088812], [-89.426846, 48.088796], [-89.426711, 48.088787], [-89.426654, 48.08878], [-89.426674, 48.088776], [-89.426772, 48.088774], [-89.426947, 48.088774], [-89.427078, 48.088785], [-89.427166, 48.088807], [-89.42721, 48.088841], [-89.42721, 48.088886], [-89.4272, 48.088911], [-89.42718, 48.088915], [-89.427149, 48.0889]]]}}, {"type": "Feature", "properties": {"lead": 120, "temp": "t12"}, "geometry": {"type": "Polygon", "coordinates": [[[-89.413298, 48.05899], [-89.413383, 48.058846], [-89.413551, 48.058711], [-89.413804, 48.058585], [-89.414141, 48.058468], [-89.414427, 48.058396], [-89.414663, 48.058369], [-89.414849, 48.058387], [-89.414983, 48.05845], [-89.415084, 48.058475], [-89.415152, 48.058461], [-89.415186, 48.05841], [-89.415186, 48.05832], [-89.415219, 48.058245], [-89.415287, 48.058187], [-89.415388, 48.058144], [-89.415523, 48.058117], [-89.415634, 48.058077], [-89.415721, 48.058023], [-89.415785, 48.057955], [-89.415826, 48.057874], [-89.415876, 48.057818], [-89.415937, 48.057786], [-89.416008, 48.05778], [-89.416089, 48.057798], [-89.41617, 48.057784], [-89.416251, 48.057739], [-89.416331, 48.057663], [-89.416412, 48.057555], [-89.416422, 48.057467], [-89.416362, 48.057399], [-89.41623, 48.057352], [-89.416028, 48.057325], [-89.415725, 48.057339], [-89.41532, 48.057393], [-89.414815, 48.057487], [-89.414208, 48.057622], [-89.413753, 48.057678], [-89.41345, 48.057656], [-89.413298, 48.057555], [-89.413298, 48.057375], [-89.413447, 48.057213], [-89.413743, 48.057069], [-89.414188, 48.056943], [-89.414781, 48.056835], [-89.415293, 48.05676], [-89.415725, 48.05672], [-89.416075, 48.056713], [-89.416345, 48.05674], [-89.416594, 48.056799], [-89.416823, 48.056889], [-89.417032, 48.05701], [-89.417221, 48.057163], [-89.417353, 48.057316], [-89.417427, 48.057469], [-89.417444, 48.057622], [-89.417403, 48.057775], [-89.41712, 48.057975], [-89.416594, 48.058223], [-89.415826, 48.058518], [-89.414815, 48.05886], [-89.414057, 48.059078], [-89.413551, 48.059172], [-89.413298, 48.059143], [-89.413298, 48.05899]]]}}, {"type": "Feature", "properties": {"lead": 120, "temp": "t12"}, "geometry": {"type": "Polygon", "coordinates": [[[-89.413838, 48.065568], [-89.413848, 48.065548], [-89.413868, 48.065534], [-89.413898, 48.065528], [-89.413939, 48.065528], [-89.413959, 48.065534], [-89.413959, 48.065548], [-89.413939, 48.065568], [-89.413898, 48.065595], [-89.413868, 48.065609], [-89.413848, 48.065609], [-89.413838, 48.065595], [-89.413838, 48.065568]]]}}, {"type": "Feature", "properties": {"lead": 120, "temp": "t12"}, "geometry": {"type": "Polygon", "coordinates": [[[-89.413399, 48.068686], [-89.413359, 48.068488], [-89.413389, 48.068299], [-89.41349, 48.068119], [-89.413662, 48.067948], [-89.413905, 48.067786], [-89.414026, 48.067588], [-89.414026, 48.067354], [-89.413905, 48.067084], [-89.413662, 48.066778], [-89.41348, 48.066486], [-89.413359, 48.066207], [-89.413298, 48.065942], [-89.413298, 48.06569], [-89.413352, 48.065537], [-89.41346, 48.065483], [-89.413622, 48.065528], [-89.413838, 48.065672], [-89.41403, 48.065843], [-89.414198, 48.066041], [-89.414343, 48.066265], [-89.414464, 48.066517], [-89.414589, 48.066729], [-89.414717, 48.0669], [-89.414849, 48.06703], [-89.414983, 48.06712], [-89.415091, 48.067222], [-89.415172, 48.067334], [-89.415226, 48.067458], [-89.415253, 48.067593], [-89.415213, 48.067746], [-89.415105, 48.067917], [-89.414929, 48.068106], [-89.414687, 48.068312], [-89.414451, 48.06849], [-89.414222, 48.068639], [-89.413999, 48.068758], [-89.413784, 48.068848], [-89.413612, 48.068866], [-89.413484, 48.068812], [-89.413399, 48.068686]]]}}, {"type": "Feature", "properties": {"lead": 120, "temp": "t12"}, "geometry": {"type": "Polygon", "coordinates": [[[-89.422896, 48.073315], [-89.422492, 48.073279], [-89.422114, 48.073216], [-89.421764, 48.073126], [-89.42144, 48.073009], [-89.421147, 48.072921], [-89.420884, 48.072863], [-89.420652, 48.072834], [-89.42045, 48.072834], [-89.420231, 48.072795], [-89.419995, 48.072719], [-89.419742, 48.072604], [-89.419472, 48.072451], [-89.418909, 48.07231], [-89.418053, 48.072179], [-89.416904, 48.07206], [-89.415462, 48.071952], [-89.41438, 48.071839], [-89.413659, 48.071723], [-89.413298, 48.071601], [-89.413298, 48.071475], [-89.413386, 48.071378], [-89.413561, 48.071311], [-89.413824, 48.071273], [-89.414175, 48.071264], [-89.414488, 48.071273], [-89.414764, 48.0713], [-89.415004, 48.071345], [-89.415206, 48.071408], [-89.415401, 48.071448], [-89.41559, 48.071466], [-89.415772, 48.071462], [-89.415947, 48.071435], [-89.416079, 48.071428], [-89.416166, 48.071441], [-89.41621, 48.071475], [-89.41621, 48.071529], [-89.416244, 48.071576], [-89.416311, 48.071617], [-89.416412, 48.071651], [-89.416547, 48.071678], [-89.416692, 48.07168], [-89.416847, 48.071657], [-89.417012, 48.07161], [-89.417187, 48.071538], [-89.417359, 48.071486], [-89.417528, 48.071455], [-89.417693, 48.071444], [-89.417855, 48.071453], [-89.417986, 48.071484], [-89.418087, 48.071538], [-89.418158, 48.071615], [-89.418198, 48.071714], [-89.418293, 48.071788], [-89.418441, 48.071837], [-89.418643, 48.071862], [-89.418899, 48.071862], [-89.419125, 48.071882], [-89.419321, 48.071923], [-89.419486, 48.071983], [-89.419621, 48.072064], [-89.419742, 48.072118], [-89.41985, 48.072145], [-89.419944, 48.072145], [-89.420025, 48.072118], [-89.420086, 48.072112], [-89.420126, 48.072125], [-89.420146, 48.072159], [-89.420146, 48.072213], [-89.4202, 48.072253], [-89.420308, 48.07228], [-89.42047, 48.072294], [-89.420686, 48.072294], [-89.420911, 48.07233], [-89.421147, 48.072402], [-89.421393, 48.07251], [-89.421649, 48.072654], [-89.421939, 48.072768], [-89.422263, 48.072854], [-89.42262, 48.07291], [-89.423011, 48.072937], [-89.423304, 48.072946], [-89.423499, 48.072937], [-89.423597, 48.07291], [-89.423597, 48.072865], [-89.423695, 48.072816], [-89.42389, 48.072762], [-89.424184, 48.072703], [-89.424575, 48.07264], [-89.424878, 48.07255], [-89.425094, 48.072433], [-89.425222, 48.072289], [-89.425262, 48.072118], [-89.425356, 48.071954], [-89.425505, 48.071797], [-89.425707, 48.071646], [-89.425963, 48.071502], [-89.426229, 48.071385], [-89.426506, 48.071295], [-89.426792, 48.071232], [-89.427089, 48.071196], [-89.427375, 48.071126], [-89.427651, 48.071023], [-89.427918, 48.070886], [-89.428174, 48.070715], [-89.428453, 48.070573], [-89.428757, 48.070461], [-89.429084, 48.070377], [-89.429434, 48.070323], [-89.429694, 48.070267], [-89.429862, 48.070209], [-89.42994, 48.070148], [-89.429926, 48.070085], [-89.42994, 48.070047], [-89.42998, 48.070033], [-89.430047, 48.070045], [-89.430142, 48.070081], [-89.430213, 48.070099], [-89.43026, 48.070099], [-89.430283, 48.070081], [-89.430283, 48.070045], [-89.430327, 48.070011], [-89.430415, 48.069979], [-89.430546, 48.06995], [-89.430722, 48.069923], [-89.430853, 48.069885], [-89.430941, 48.069835], [-89.430984, 48.069775], [-89.430984, 48.069703], [-89.431001, 48.06966], [-89.431035, 48.069646], [-89.431085, 48.069662], [-89.431153, 48.069707], [-89.431237, 48.069723], [-89.431338, 48.069709], [-89.431456, 48.069667], [-89.431591, 48.069595], [-89.431749, 48.069552], [-89.431931, 48.069538], [-89.432137, 48.069554], [-89.432366, 48.069599], [-89.432548, 48.069615], [-89.432683, 48.069601], [-89.43277, 48.069559], [-89.432811, 48.069487], [-89.432841, 48.069451], [-89.432861, 48.069451], [-89.432872, 48.069487], [-89.432872, 48.069559], [-89.432912, 48.069613], [-89.432993, 48.069649], [-89.433114, 48.069667], [-89.433276, 48.069667], [-89.433397, 48.06968], [-89.433478, 48.069707], [-89.433519, 48.069748], [-89.433519, 48.069802], [-89.433546, 48.069817], [-89.4336, 48.069795], [-89.43368, 48.069734], [-89.433788, 48.069635], [-89.433876, 48.069586], [-89.433943, 48.069586], [-89.43399, 48.069635], [-89.434017, 48.069734], [-89.434176, 48.069808], [-89.434466, 48.069858], [-89.434887, 48.069883], [-89.43544, 48.069883], [-89.435851, 48.069921], [-89.43612, 48.069997], [-89.436248, 48.070112], [-89.436235, 48.070265], [-89.436127, 48.070375], [-89.435925, 48.070443], [-89.435628, 48.070467], [-89.435237, 48.070449], [-89.434853, 48.070413], [-89.434476, 48.070359], [-89.434105, 48.070287], [-89.433741, 48.070197], [-89.43333, 48.070143], [-89.432872, 48.070125], [-89.432366, 48.070143], [-89.431813, 48.070197], [-89.431099, 48.070332], [-89.430223, 48.070548], [-89.429185, 48.070845], [-89.427985, 48.071223], [-89.427068, 48.071561], [-89.426435, 48.071857], [-89.426084, 48.072114], [-89.426017, 48.07233], [-89.425845, 48.072534], [-89.425569, 48.072728], [-89.425188, 48.07291], [-89.424703, 48.073081], [-89.424231, 48.073207], [-89.423772, 48.073288], [-89.423328, 48.073324], [-89.422896, 48.073315]]]}}, {"type": "Feature", "properties": {"lead": 120, "temp": "t12"}, "geometry": {"type": "Polygon", "coordinates": [[[-89.423961, 48.089745], [-89.423621, 48.089716], [-89.423291, 48.089657], [-89.42297, 48.08957], [-89.42266, 48.089453], [-89.422428, 48.089352], [-89.422273, 48.089266], [-89.422195, 48.089196], [-89.422195, 48.089142], [-89.422165, 48.089095], [-89.422104, 48.089055], [-89.422013, 48.089021], [-89.421892, 48.088994], [-89.421683, 48.088886], [-89.421386, 48.088697], [-89.421002, 48.088427], [-89.42053, 48.088077], [-89.420123, 48.087721], [-89.419779, 48.087362], [-89.419499, 48.086997], [-89.419284, 48.086629], [-89.419122, 48.086309], [-89.419014, 48.086039], [-89.41896, 48.085819], [-89.41896, 48.085648], [-89.41898, 48.085491], [-89.419021, 48.085347], [-89.419081, 48.085216], [-89.419162, 48.0851], [-89.419277, 48.084989], [-89.419425, 48.084886], [-89.419607, 48.084789], [-89.419823, 48.084699], [-89.420018, 48.084645], [-89.420193, 48.084627], [-89.420348, 48.084645], [-89.420483, 48.084699], [-89.420605, 48.084719], [-89.420712, 48.084706], [-89.420807, 48.084659], [-89.420888, 48.084578], [-89.421036, 48.08449], [-89.421252, 48.084396], [-89.421535, 48.084294], [-89.421885, 48.084187], [-89.422158, 48.084083], [-89.422354, 48.083984], [-89.422472, 48.08389], [-89.422512, 48.0838], [-89.422573, 48.083719], [-89.422654, 48.083647], [-89.422755, 48.083584], [-89.422876, 48.08353], [-89.422957, 48.083474], [-89.422997, 48.083415], [-89.422997, 48.083354], [-89.422957, 48.083292], [-89.42295, 48.083231], [-89.422977, 48.083172], [-89.423038, 48.083116], [-89.423132, 48.083062], [-89.423173, 48.083004], [-89.423159, 48.082941], [-89.423092, 48.082873], [-89.42297, 48.082801], [-89.422886, 48.082736], [-89.422839, 48.082678], [-89.422829, 48.082626], [-89.422856, 48.082581], [-89.422822, 48.082527], [-89.422728, 48.082464], [-89.422573, 48.082392], [-89.422357, 48.082311], [-89.422037, 48.082264], [-89.421612, 48.08225], [-89.421083, 48.082271], [-89.42045, 48.082325], [-89.419974, 48.082379], [-89.419658, 48.082432], [-89.419499, 48.082486], [-89.419499, 48.08254], [-89.419466, 48.082574], [-89.419398, 48.082588], [-89.419297, 48.082581], [-89.419162, 48.082554], [-89.419041, 48.082547], [-89.418933, 48.082561], [-89.418839, 48.082594], [-89.418758, 48.082648], [-89.418663, 48.082689], [-89.418556, 48.082716], [-89.418434, 48.082729], [-89.4183, 48.082729], [-89.418185, 48.082747], [-89.418091, 48.082783], [-89.418016, 48.082837], [-89.417963, 48.082909], [-89.417807, 48.082981], [-89.417551, 48.083053], [-89.417194, 48.083125], [-89.416736, 48.083197], [-89.416389, 48.083262], [-89.416153, 48.083321], [-89.416028, 48.083372], [-89.416015, 48.083417], [-89.41589, 48.083485], [-89.415654, 48.083575], [-89.415307, 48.083687], [-89.414849, 48.083822], [-89.414505, 48.083935], [-89.414276, 48.084025], [-89.414161, 48.084092], [-89.414161, 48.084137], [-89.414141, 48.084166], [-89.4141, 48.08418], [-89.41404, 48.084178], [-89.413959, 48.08416], [-89.413895, 48.084157], [-89.413848, 48.084171], [-89.413817, 48.0842], [-89.413804, 48.084245], [-89.413763, 48.084274], [-89.413696, 48.084288], [-89.413602, 48.084285], [-89.41348, 48.084267], [-89.413389, 48.08422], [-89.413329, 48.084144], [-89.413298, 48.084038], [-89.413298, 48.083903], [-89.413379, 48.083782], [-89.413541, 48.083674], [-89.413784, 48.083579], [-89.414107, 48.083498], [-89.414441, 48.08339], [-89.414785, 48.083256], [-89.415138, 48.083094], [-89.415502, 48.082905], [-89.416092, 48.082693], [-89.416908, 48.082459], [-89.417949, 48.082203], [-89.419216, 48.081924], [-89.420207, 48.081715], [-89.420921, 48.081576], [-89.42136, 48.081506], [-89.421521, 48.081506], [-89.421761, 48.081542], [-89.422077, 48.081614], [-89.422472, 48.081722], [-89.422943, 48.081866], [-89.423321, 48.081996], [-89.423604, 48.082113], [-89.423793, 48.082217], [-89.423887, 48.082307], [-89.423958, 48.082408], [-89.424005, 48.08252], [-89.424029, 48.082644], [-89.424029, 48.082779], [-89.423992, 48.08295], [-89.423917, 48.083157], [-89.423806, 48.083399], [-89.423658, 48.083678], [-89.423442, 48.083932], [-89.423159, 48.084162], [-89.422809, 48.084366], [-89.422391, 48.084546], [-89.42198, 48.084697], [-89.421575, 48.084818], [-89.421178, 48.084911], [-89.420787, 48.084974], [-89.420429, 48.08507], [-89.420106, 48.085201], [-89.419816, 48.085365], [-89.41956, 48.085563], [-89.419381, 48.085756], [-89.41928, 48.085945], [-89.419257, 48.086129], [-89.419311, 48.086309], [-89.419395, 48.086489], [-89.419509, 48.086669], [-89.419654, 48.086849], [-89.41983, 48.087029], [-89.420123, 48.087263], [-89.420534, 48.087551], [-89.421063, 48.087892], [-89.42171, 48.088288], [-89.42235, 48.088598], [-89.422984, 48.088823], [-89.423611, 48.088963], [-89.424231, 48.089017], [-89.424757, 48.089041], [-89.425188, 48.089037], [-89.425525, 48.089003], [-89.425768, 48.08894], [-89.42599, 48.088922], [-89.426192, 48.088949], [-89.426374, 48.089021], [-89.426536, 48.089138], [-89.426536, 48.089253], [-89.426374, 48.089365], [-89.426051, 48.089475], [-89.425565, 48.089583], [-89.425114, 48.089664], [-89.424696, 48.089718], [-89.424312, 48.089745], [-89.423961, 48.089745]]]}}, {"type": "Feature", "properties": {"lead": 120, "temp": "t10"}, "geometry": {"type": "Polygon", "coordinates": [[[-89.427938, 48.06447], [-89.427847, 48.064423], [-89.427719, 48.064392], [-89.427554, 48.064376], [-89.427351, 48.064376], [-89.427176, 48.064392], [-89.427028, 48.064423], [-89.426907, 48.06447], [-89.426812, 48.064533], [-89.426634, 48.064578], [-89.426371, 48.064605], [-89.426024, 48.064614], [-89.425592, 48.064605], [-89.425367, 48.064578], [-89.425346, 48.064533], [-89.425377, 48.064523], [-89.425923, 48.064416], [-89.426637, 48.064299], [-89.427237, 48.064227], [-89.427722, 48.0642], [-89.428174, 48.064149], [-89.428592, 48.064072], [-89.428976, 48.063971], [-89.429326, 48.063845], [-89.429748, 48.063726], [-89.43024, 48.063613], [-89.430802, 48.063507], [-89.431436, 48.063408], [-89.431992, 48.063303], [-89.432471, 48.06319], [-89.432872, 48.063071], [-89.433195, 48.062945], [-89.433495, 48.062851], [-89.433771, 48.062788], [-89.434024, 48.062756], [-89.434253, 48.062756], [-89.434459, 48.062727], [-89.434641, 48.062668], [-89.434799, 48.062581], [-89.434934, 48.062464], [-89.435194, 48.062311], [-89.435578, 48.062122], [-89.436087, 48.061897], [-89.43672, 48.061636], [-89.437189, 48.061467], [-89.437549, 48.061379], [-89.4379, 48.061325], [-89.438206, 48.061296], [-89.438469, 48.061292], [-89.438516, 48.061296], [-89.438722, 48.061339], [-89.438924, 48.061402], [-89.439113, 48.061483], [-89.439265, 48.061595], [-89.439379, 48.061739], [-89.439457, 48.061915], [-89.439497, 48.062122], [-89.4395, 48.062306], [-89.439467, 48.062468], [-89.439457, 48.062488], [-89.439376, 48.062594], [-89.439254, 48.062702], [-89.439217, 48.062794], [-89.439265, 48.062871], [-89.439298, 48.062886], [-89.439305, 48.062898], [-89.43943, 48.062954], [-89.439632, 48.06299], [-89.4398, 48.063033], [-89.439935, 48.063082], [-89.440036, 48.063139], [-89.440104, 48.063202], [-89.440225, 48.063251], [-89.4404, 48.063287], [-89.440629, 48.06331], [-89.440913, 48.063319], [-89.441212, 48.063289], [-89.441529, 48.063222], [-89.441863, 48.063116], [-89.442213, 48.062972], [-89.442534, 48.062819], [-89.442823, 48.062657], [-89.443083, 48.062486], [-89.443312, 48.062306], [-89.443686, 48.062095], [-89.444205, 48.061852], [-89.444869, 48.061577], [-89.445678, 48.061271], [-89.446493, 48.061035], [-89.447316, 48.060869], [-89.448145, 48.060772], [-89.44898, 48.060745], [-89.449776, 48.060695], [-89.450531, 48.060623], [-89.451245, 48.060529], [-89.451919, 48.060412], [-89.452455, 48.060304], [-89.452853, 48.060205], [-89.453112, 48.060115], [-89.453233, 48.060034], [-89.453257, 48.059953], [-89.453183, 48.059872], [-89.453011, 48.059791], [-89.452741, 48.05971], [-89.452539, 48.059595], [-89.452404, 48.059447], [-89.452337, 48.059264], [-89.452337, 48.059048], [-89.452398, 48.058871], [-89.452519, 48.058731], [-89.452701, 48.05863], [-89.452944, 48.058567], [-89.453193, 48.058473], [-89.453449, 48.058347], [-89.453712, 48.058189], [-89.453982, 48.058], [-89.454211, 48.057854], [-89.454399, 48.05775], [-89.454548, 48.05769], [-89.454656, 48.057672], [-89.454753, 48.057633], [-89.454841, 48.057575], [-89.454918, 48.057496], [-89.454986, 48.057397], [-89.455138, 48.057287], [-89.455373, 48.057165], [-89.455694, 48.057033], [-89.456098, 48.056889], [-89.456506, 48.056713], [-89.456917, 48.056506], [-89.457331, 48.056268], [-89.457749, 48.055998], [-89.458208, 48.055752], [-89.458706, 48.055532], [-89.459246, 48.055336], [-89.459825, 48.055165], [-89.460301, 48.055042], [-89.460631, 48.054972], [-89.460998, 48.054918], [-89.461308, 48.0549], [-89.461625, 48.054918], [-89.461948, 48.054972], [-89.462279, 48.055062], [-89.462616, 48.055188], [-89.462909, 48.055332], [-89.463158, 48.055494], [-89.463364, 48.055674], [-89.463526, 48.055872], [-89.463708, 48.05602], [-89.46391, 48.056119], [-89.464132, 48.056169], [-89.464375, 48.056169], [-89.464705, 48.056124], [-89.465123, 48.056034], [-89.465628, 48.055899], [-89.466222, 48.055719], [-89.466808, 48.05557], [-89.467388, 48.055453], [-89.467961, 48.055368], [-89.468527, 48.055314], [-89.468985, 48.055284], [-89.469336, 48.05528], [-89.469578, 48.0553], [-89.469713, 48.055345], [-89.469814, 48.055363], [-89.469881, 48.055354], [-89.469915, 48.055318], [-89.469915, 48.055255], [-89.469942, 48.055203], [-89.469996, 48.055163], [-89.470077, 48.055134], [-89.470185, 48.055116], [-89.470566, 48.055093], [-89.471219, 48.055066], [-89.472146, 48.055035], [-89.473346, 48.054999], [-89.474475, 48.054945], [-89.475533, 48.054873], [-89.47652, 48.054783], [-89.477437, 48.054675], [-89.478125, 48.05458], [-89.478583, 48.054499], [-89.478812, 48.054432], [-89.478812, 48.054378], [-89.47889, 48.05431], [-89.479045, 48.054229], [-89.479277, 48.054135], [-89.479587, 48.054027], [-89.479837, 48.053856], [-89.480025, 48.053622], [-89.480153, 48.053325], [-89.480221, 48.052965], [-89.480167, 48.052614], [-89.479992, 48.052272], [-89.479695, 48.051939], [-89.479277, 48.051615], [-89.47895, 48.051344], [-89.478714, 48.051128], [-89.478569, 48.050966], [-89.478516, 48.050858], [-89.478216, 48.050755], [-89.47767, 48.050656], [-89.476878, 48.050561], [-89.47584, 48.050471], [-89.474947, 48.05035], [-89.474198, 48.050197], [-89.473595, 48.050012], [-89.473137, 48.049796], [-89.472658, 48.049605], [-89.47216, 48.049439], [-89.471641, 48.049297], [-89.471101, 48.04918], [-89.470599, 48.049056], [-89.470134, 48.048925], [-89.469706, 48.048788], [-89.469315, 48.048644], [-89.468999, 48.0485], [-89.468756, 48.048356], [-89.468587, 48.048212], [-89.468493, 48.048068], [-89.468537, 48.047962], [-89.468719, 48.047895], [-89.469039, 48.047866], [-89.469497, 48.047875], [-89.469858, 48.047902], [-89.470121, 48.047947], [-89.470286, 48.04801], [-89.470353, 48.048091], [-89.470488, 48.048187], [-89.47069, 48.0483], [-89.47096, 48.048428], [-89.471297, 48.048572], [-89.471647, 48.048694], [-89.472011, 48.048793], [-89.472389, 48.048869], [-89.47278, 48.048923], [-89.473157, 48.049006], [-89.473521, 48.049119], [-89.473872, 48.049261], [-89.474209, 48.049432], [-89.474482, 48.049547], [-89.474691, 48.049605], [-89.474835, 48.049607], [-89.474916, 48.049553], [-89.474938, 48.049543], [-89.474943, 48.049544], [-89.475036, 48.049551], [-89.475038, 48.049553], [-89.475038, 48.049607], [-89.475092, 48.049655], [-89.475199, 48.049695], [-89.475361, 48.049729], [-89.475577, 48.049756], [-89.475803, 48.049769], [-89.476039, 48.049769], [-89.476285, 48.049756], [-89.476541, 48.049729], [-89.476756, 48.049722], [-89.476888, 48.049732], [-89.476928, 48.04976], [-89.477016, 48.049796], [-89.477127, 48.049823], [-89.477196, 48.049833], [-89.477316, 48.049864], [-89.477531, 48.049891], [-89.477808, 48.049904], [-89.478145, 48.049904], [-89.478462, 48.04994], [-89.478758, 48.050012], [-89.479027, 48.050117], [-89.479119, 48.050183], [-89.479247, 48.050255], [-89.479322, 48.050285], [-89.479496, 48.050402], [-89.479651, 48.050532], [-89.479756, 48.050656], [-89.47981, 48.050773], [-89.47987, 48.050861], [-89.479938, 48.050919], [-89.480012, 48.050948], [-89.480093, 48.050948], [-89.480125, 48.050955], [-89.480174, 48.051009], [-89.480243, 48.051064], [-89.480248, 48.051083], [-89.480275, 48.051117], [-89.480315, 48.051131], [-89.480369, 48.051124], [-89.480436, 48.051097], [-89.480509, 48.051126], [-89.480551, 48.051171], [-89.480598, 48.051272], [-89.480639, 48.051416], [-89.480706, 48.05154], [-89.4808, 48.051644], [-89.480854, 48.051681], [-89.480868, 48.051702], [-89.480962, 48.051806], [-89.481057, 48.051862], [-89.481104, 48.051867], [-89.481158, 48.051988], [-89.481185, 48.052321], [-89.481151, 48.052789], [-89.481057, 48.053392], [-89.480922, 48.05388], [-89.480747, 48.054254], [-89.480531, 48.054513], [-89.480275, 48.054657], [-89.479975, 48.054792], [-89.479631, 48.054918], [-89.479243, 48.055035], [-89.478812, 48.055143], [-89.478489, 48.055239], [-89.478273, 48.055325], [-89.478165, 48.055399], [-89.478165, 48.055439], [-89.477757, 48.055499], [-89.477525, 48.055467], [-89.477333, 48.055449], [-89.477205, 48.055449], [-89.477141, 48.055467], [-89.477141, 48.055503], [-89.477043, 48.05553], [-89.476847, 48.055548], [-89.476554, 48.055557], [-89.476163, 48.055557], [-89.47585, 48.05557], [-89.475614, 48.055597], [-89.475456, 48.055638], [-89.475398, 48.055676], [-89.474667, 48.055719], [-89.473501, 48.055773], [-89.472355, 48.055773], [-89.471442, 48.055786], [-89.470775, 48.055813], [-89.470353, 48.055854], [-89.470178, 48.055908], [-89.469885, 48.055957], [-89.469015, 48.056009], [-89.468028, 48.056083], [-89.467489, 48.056146], [-89.466966, 48.056236], [-89.466461, 48.056353], [-89.465972, 48.056497], [-89.4655, 48.056668], [-89.465056, 48.056796], [-89.464638, 48.056882], [-89.464247, 48.056925], [-89.463883, 48.056925], [-89.463549, 48.056846], [-89.463246, 48.056688], [-89.462983, 48.056461], [-89.463007, 48.05643], [-89.463017, 48.056389], [-89.462996, 48.056362], [-89.462946, 48.056349], [-89.462893, 48.056349], [-89.462817, 48.05625], [-89.462845, 48.056214], [-89.462855, 48.056171], [-89.462835, 48.056139], [-89.462784, 48.056119], [-89.462703, 48.05611], [-89.462687, 48.056104], [-89.462622, 48.056055], [-89.462622, 48.056016], [-89.462649, 48.055962], [-89.462649, 48.055908], [-89.462622, 48.055854], [-89.462568, 48.0558], [-89.462488, 48.055746], [-89.462407, 48.05571], [-89.462326, 48.055692], [-89.462245, 48.055692], [-89.462164, 48.05571], [-89.462103, 48.055712], [-89.462063, 48.055698], [-89.462043, 48.055669], [-89.462043, 48.055624], [-89.461925, 48.055597], [-89.461689, 48.055588], [-89.461335, 48.055597], [-89.460863, 48.055624], [-89.460476, 48.055658], [-89.460172, 48.055698], [-89.459953, 48.055746], [-89.459819, 48.0558], [-89.459717, 48.055856], [-89.45965, 48.055914], [-89.459616, 48.055975], [-89.459616, 48.056038], [-89.459562, 48.056099], [-89.459455, 48.056157], [-89.459293, 48.056214], [-89.459077, 48.056268], [-89.458895, 48.056331], [-89.458747, 48.056403], [-89.458632, 48.056484], [-89.458551, 48.056574], [-89.458447, 48.056648], [-89.458319, 48.056706], [-89.458167, 48.056749], [-89.457992, 48.056776], [-89.45784, 48.056817], [-89.457712, 48.056871], [-89.457608, 48.056938], [-89.457597, 48.056949], [-89.457429, 48.057026], [-89.457226, 48.057137], [-89.457203, 48.057141], [-89.457069, 48.057141], [-89.456873, 48.057206], [-89.456617, 48.057336], [-89.4563, 48.057532], [-89.455923, 48.057793], [-89.455522, 48.058038], [-89.45533, 48.058142], [-89.455134, 48.058225], [-89.454662, 48.058396], [-89.454319, 48.058554], [-89.454103, 48.058698], [-89.454088, 48.058719], [-89.453837, 48.058833], [-89.453628, 48.058941], [-89.453621, 48.058946], [-89.453591, 48.058956], [-89.453591, 48.05897], [-89.453592, 48.05897], [-89.45355, 48.059003], [-89.453604, 48.059021], [-89.453672, 48.059024], [-89.453752, 48.05901], [-89.453847, 48.058981], [-89.453885, 48.058965], [-89.453924, 48.058956], [-89.453955, 48.058936], [-89.454046, 48.058925], [-89.454049, 48.058926], [-89.454056, 48.058945], [-89.454103, 48.059028], [-89.454157, 48.059078], [-89.454217, 48.059093], [-89.454271, 48.059161], [-89.454339, 48.059206], [-89.45442, 48.059228], [-89.454514, 48.059228], [-89.454585, 48.059285], [-89.454632, 48.059397], [-89.454656, 48.059566], [-89.454656, 48.059791], [-89.454588, 48.059998], [-89.454577, 48.060013], [-89.454494, 48.060101], [-89.454278, 48.060299], [-89.454073, 48.060455], [-89.453965, 48.060517], [-89.453558, 48.060657], [-89.453517, 48.060664], [-89.453382, 48.060695], [-89.453307, 48.060724], [-89.452886, 48.06083], [-89.452837, 48.06084], [-89.452829, 48.060839], [-89.452694, 48.060844], [-89.452573, 48.060871], [-89.452485, 48.060911], [-89.452061, 48.060997], [-89.45105, 48.061168], [-89.450194, 48.06128], [-89.449493, 48.061334], [-89.448947, 48.06133], [-89.448556, 48.061267], [-89.448398, 48.061259], [-89.448343, 48.061233], [-89.448283, 48.061229], [-89.448237, 48.061251], [-89.448199, 48.061249], [-89.447875, 48.061276], [-89.44763, 48.061337], [-89.447609, 48.061339], [-89.447373, 48.061402], [-89.447086, 48.06151], [-89.446792, 48.061643], [-89.446621, 48.061681], [-89.446406, 48.061708], [-89.44619, 48.061764], [-89.445974, 48.061849], [-89.445759, 48.061964], [-89.445543, 48.062108], [-89.445327, 48.06223], [-89.445263, 48.062259], [-89.445105, 48.062284], [-89.444855, 48.062376], [-89.444689, 48.062457], [-89.44468, 48.062459], [-89.444461, 48.062545], [-89.444239, 48.062662], [-89.444013, 48.06281], [-89.443898, 48.0629], [-89.443662, 48.063044], [-89.443258, 48.063267], [-89.442921, 48.063424], [-89.442651, 48.063516], [-89.442449, 48.063543], [-89.442294, 48.063577], [-89.442276, 48.063584], [-89.442193, 48.063584], [-89.442052, 48.063604], [-89.441944, 48.063645], [-89.44187, 48.063705], [-89.441858, 48.063729], [-89.441829, 48.063726], [-89.441789, 48.063739], [-89.441769, 48.063773], [-89.441769, 48.063827], [-89.441754, 48.063851], [-89.441718, 48.063867], [-89.441647, 48.063867], [-89.441566, 48.06384], [-89.441506, 48.063834], [-89.441465, 48.063847], [-89.441445, 48.063881], [-89.441445, 48.063935], [-89.441391, 48.063971], [-89.441283, 48.063989], [-89.441121, 48.063989], [-89.441114, 48.063988], [-89.441091, 48.063975], [-89.441068, 48.063935], [-89.441068, 48.063881], [-89.441017, 48.063845], [-89.440916, 48.063827], [-89.440764, 48.063827], [-89.440565, 48.063845], [-89.440549, 48.063836], [-89.440481, 48.063836], [-89.440419, 48.063847], [-89.44041, 48.063847], [-89.440309, 48.063834], [-89.440259, 48.063804], [-89.440259, 48.063759], [-89.440208, 48.063732], [-89.440107, 48.063723], [-89.439955, 48.063732], [-89.439952, 48.063733], [-89.439932, 48.063728], [-89.439821, 48.063732], [-89.439672, 48.063759], [-89.439608, 48.063759], [-89.439521, 48.063732], [-89.43949, 48.063678], [-89.439517, 48.063597], [-89.439494, 48.063537], [-89.43942, 48.063496], [-89.439295, 48.063476], [-89.439167, 48.063476], [-89.438931, 48.063435], [-89.438904, 48.063433], [-89.438769, 48.063388], [-89.438594, 48.063301], [-89.438419, 48.063184], [-89.438297, 48.063075], [-89.438297, 48.063069], [-89.438257, 48.06301], [-89.438238, 48.063001], [-89.4382, 48.06295], [-89.438156, 48.062833], [-89.438156, 48.062716], [-89.438179, 48.062621], [-89.438227, 48.062549], [-89.438297, 48.0625], [-89.438392, 48.062473], [-89.438483, 48.062423], [-89.43857, 48.062351], [-89.438655, 48.062257], [-89.438735, 48.06214], [-89.438742, 48.062045], [-89.438675, 48.061973], [-89.438533, 48.061924], [-89.438318, 48.061897], [-89.438261, 48.061897], [-89.438257, 48.061897], [-89.438252, 48.061897], [-89.438092, 48.061899], [-89.437856, 48.06193], [-89.43761, 48.061991], [-89.437354, 48.062081], [-89.437131, 48.062176], [-89.436943, 48.062275], [-89.436788, 48.062378], [-89.436666, 48.062486], [-89.436508, 48.062583], [-89.436327, 48.062662], [-89.43608, 48.062743], [-89.43581, 48.062806], [-89.435598, 48.062878], [-89.435443, 48.062959], [-89.435345, 48.063049], [-89.435305, 48.063148], [-89.435231, 48.063211], [-89.435123, 48.063238], [-89.434981, 48.063229], [-89.434806, 48.063184], [-89.434671, 48.063168], [-89.434577, 48.063181], [-89.434523, 48.063224], [-89.434509, 48.063296], [-89.434425, 48.063348], [-89.43427, 48.063379], [-89.434044, 48.06339], [-89.433748, 48.063381], [-89.433519, 48.063395], [-89.433357, 48.063431], [-89.433263, 48.063489], [-89.433236, 48.06357], [-89.433185, 48.063618], [-89.433111, 48.063631], [-89.433013, 48.063611], [-89.432892, 48.063557], [-89.432804, 48.063541], [-89.43275, 48.063564], [-89.43273, 48.063624], [-89.432744, 48.063723], [-89.432673, 48.0638], [-89.432637, 48.063812], [-89.432541, 48.063804], [-89.432393, 48.063759], [-89.432272, 48.063746], [-89.432177, 48.063764], [-89.43211, 48.063813], [-89.432071, 48.063891], [-89.431955, 48.063894], [-89.431706, 48.063915], [-89.43153, 48.063946], [-89.431479, 48.063968], [-89.431267, 48.063948], [-89.430991, 48.063951], [-89.430735, 48.063982], [-89.430499, 48.064043], [-89.430283, 48.064133], [-89.430014, 48.064207], [-89.42969, 48.064266], [-89.429313, 48.064308], [-89.428881, 48.064335], [-89.428548, 48.064371], [-89.428312, 48.064416], [-89.428174, 48.06447], [-89.428133, 48.064533], [-89.428089, 48.064565], [-89.428042, 48.064565], [-89.427992, 48.064533], [-89.427938, 48.06447]], [[-89.453153, 48.05912], [-89.453122, 48.059127], [-89.453102, 48.059141], [-89.453092, 48.059161], [-89.453092, 48.059188], [-89.453102, 48.059201], [-89.453122, 48.059201], [-89.453153, 48.059188], [-89.453193, 48.059161], [-89.453213, 48.059141], [-89.453213, 48.059127], [-89.453193, 48.05912], [-89.453153, 48.05912]], [[-89.453597, 48.058833], [-89.453587, 48.058835], [-89.453581, 48.058839], [-89.453577, 48.058846], [-89.453577, 48.058855], [-89.453581, 48.05886], [-89.453587, 48.05886], [-89.453597, 48.058855], [-89.453611, 48.058846], [-89.453618, 48.058839], [-89.453618, 48.058835], [-89.453611, 48.058833], [-89.453597, 48.058833]], [[-89.453759, 48.058725], [-89.453749, 48.058727], [-89.453742, 48.058731], [-89.453739, 48.058738], [-89.453739, 48.058747], [-89.453742, 48.058752], [-89.453749, 48.058752], [-89.453759, 48.058747], [-89.453773, 48.058738], [-89.453779, 48.058731], [-89.453779, 48.058727], [-89.453773, 48.058725], [-89.453759, 48.058725]], [[-89.454083, 48.058509], [-89.454073, 48.058511], [-89.454066, 48.058515], [-89.454062, 48.058522], [-89.454062, 48.058531], [-89.454066, 48.058536], [-89.454073, 48.058536], [-89.454083, 48.058531], [-89.454096, 48.058522], [-89.454103, 48.058515], [-89.454103, 48.058511], [-89.454096, 48.058509], [-89.454083, 48.058509]]]}}, {"type": "Feature", "properties": {"lead": 120, "temp": "t10"}, "geometry": {"type": "Polygon", "coordinates": [[[-89.421737, 48.065107], [-89.421548, 48.065075], [-89.421326, 48.06506], [-89.42107, 48.06506], [-89.42076, 48.065033], [-89.420396, 48.064979], [-89.419978, 48.064898], [-89.419506, 48.06479], [-89.419078, 48.06468], [-89.418694, 48.064567], [-89.418353, 48.064452], [-89.418057, 48.064335], [-89.417834, 48.064234], [-89.417686, 48.064149], [-89.417612, 48.064079], [-89.417612, 48.064025], [-89.417919, 48.064056], [-89.418532, 48.064173], [-89.418773, 48.064226], [-89.419088, 48.064313], [-89.420106, 48.064556], [-89.421157, 48.064772], [-89.421527, 48.064811], [-89.42175, 48.06485], [-89.422667, 48.064936], [-89.423429, 48.06492], [-89.424035, 48.064803], [-89.424138, 48.064786], [-89.42415, 48.064785], [-89.424162, 48.064783], [-89.42449, 48.064729], [-89.424794, 48.064698], [-89.424945, 48.064709], [-89.424945, 48.064763], [-89.424861, 48.064817], [-89.424692, 48.064871], [-89.42444, 48.064925], [-89.424103, 48.064979], [-89.42385, 48.065028], [-89.423681, 48.065073], [-89.423597, 48.065114], [-89.423597, 48.06515], [-89.42351, 48.065183], [-89.423334, 48.065215], [-89.423071, 48.065244], [-89.422721, 48.065271], [-89.422428, 48.065276], [-89.422192, 48.065258], [-89.422013, 48.065217], [-89.421892, 48.065154], [-89.421737, 48.065107]]]}}, {"type": "Feature", "properties": {"lead": 120, "temp": "t10"}, "geometry": {"type": "Polygon", "coordinates": [[[-89.43668, 48.069943], [-89.436747, 48.069921], [-89.436848, 48.069959], [-89.436983, 48.070058], [-89.43705, 48.070143], [-89.43705, 48.070215], [-89.437023, 48.070239], [-89.436929, 48.070265], [-89.436712, 48.070291], [-89.43668, 48.070267], [-89.436646, 48.07017], [-89.436646, 48.070027], [-89.43668, 48.069943]]]}}, {"type": "Feature", "properties": {"lead": 120, "temp": "t10"}, "geometry": {"type": "Polygon", "coordinates": [[[-89.428133, 48.071075], [-89.428356, 48.070924], [-89.428517, 48.070794], [-89.428619, 48.070683], [-89.428659, 48.070593], [-89.428777, 48.070512], [-89.428972, 48.07044], [-89.429245, 48.070377], [-89.429596, 48.070323], [-89.429889, 48.07026], [-89.430125, 48.070188], [-89.430304, 48.070108], [-89.430425, 48.070018], [-89.43055, 48.06995], [-89.430552, 48.069949], [-89.430722, 48.069923], [-89.430853, 48.069885], [-89.430857, 48.069883], [-89.430944, 48.069883], [-89.431045, 48.069871], [-89.431112, 48.069849], [-89.431146, 48.069815], [-89.431146, 48.06977], [-89.431176, 48.069741], [-89.431237, 48.069727], [-89.431328, 48.06973], [-89.431449, 48.069748], [-89.431551, 48.069743], [-89.431631, 48.069716], [-89.431692, 48.069667], [-89.431733, 48.069595], [-89.431783, 48.069552], [-89.4318, 48.069548], [-89.431866, 48.069543], [-89.431915, 48.069554], [-89.431995, 48.069599], [-89.432123, 48.069626], [-89.432299, 48.069635], [-89.432521, 48.069626], [-89.432791, 48.069599], [-89.432902, 48.069599], [-89.432912, 48.069613], [-89.432993, 48.069649], [-89.433114, 48.069667], [-89.433276, 48.069667], [-89.433287, 48.069668], [-89.433316, 48.06968], [-89.433397, 48.069761], [-89.433566, 48.069829], [-89.433822, 48.069883], [-89.434166, 48.069923], [-89.434597, 48.06995], [-89.434937, 48.069959], [-89.435187, 48.06995], [-89.435345, 48.069923], [-89.435406, 48.069883], [-89.43544, 48.069883], [-89.435701, 48.069907], [-89.435736, 48.069919], [-89.435884, 48.069991], [-89.436006, 48.070031], [-89.4361, 48.07004], [-89.43615, 48.070024], [-89.436248, 48.070112], [-89.436235, 48.070265], [-89.435982, 48.070353], [-89.43549, 48.070375], [-89.434759, 48.070332], [-89.433901, 48.070237], [-89.433741, 48.070197], [-89.43333, 48.070143], [-89.432872, 48.070125], [-89.432518, 48.070138], [-89.432322, 48.07013], [-89.431827, 48.070143], [-89.43149, 48.070197], [-89.431015, 48.070314], [-89.430401, 48.070494], [-89.430272, 48.070536], [-89.430223, 48.070548], [-89.429185, 48.070845], [-89.427985, 48.071223], [-89.427855, 48.071271], [-89.42785, 48.071246], [-89.428133, 48.071075]]]}}, {"type": "Feature", "properties": {"lead": 120, "temp": "t10"}, "geometry": {"type": "Polygon", "coordinates": [[[-89.426438, 48.07172], [-89.426458, 48.071725], [-89.426448, 48.071732], [-89.426408, 48.071741], [-89.426367, 48.071745], [-89.426327, 48.071745], [-89.426287, 48.071741], [-89.426246, 48.071732], [-89.426236, 48.071725], [-89.426256, 48.07172], [-89.426307, 48.071718], [-89.426388, 48.071718], [-89.426438, 48.07172]]]}}, {"type": "Feature", "properties": {"lead": 120, "temp": "t10"}, "geometry": {"type": "Polygon", "coordinates": [[[-89.430432, 48.080705], [-89.430216, 48.080633], [-89.430047, 48.080539], [-89.429926, 48.080422], [-89.429852, 48.080285], [-89.429825, 48.080127], [-89.429845, 48.07995], [-89.429913, 48.079752], [-89.430007, 48.079574], [-89.430036, 48.079537], [-89.430216, 48.079365], [-89.430388, 48.079228], [-89.430543, 48.079133], [-89.430681, 48.079082], [-89.430802, 48.079073], [-89.431069, 48.078978], [-89.43148, 48.078798], [-89.432036, 48.078533], [-89.432737, 48.078182], [-89.433441, 48.077881], [-89.434149, 48.077629], [-89.434835, 48.077434], [-89.435136, 48.077408], [-89.435443, 48.077368], [-89.435733, 48.077314], [-89.436006, 48.077246], [-89.436262, 48.077165], [-89.436622, 48.077024], [-89.437088, 48.076821], [-89.437657, 48.076558], [-89.438331, 48.076234], [-89.439093, 48.075904], [-89.439942, 48.075566], [-89.440879, 48.075222], [-89.441903, 48.074871], [-89.442897, 48.074491], [-89.443861, 48.074082], [-89.444795, 48.073643], [-89.445698, 48.073176], [-89.446473, 48.072816], [-89.44712, 48.072564], [-89.447639, 48.07242], [-89.44803, 48.072384], [-89.448455, 48.072244], [-89.448913, 48.072001], [-89.449405, 48.071655], [-89.449931, 48.071205], [-89.450497, 48.070778], [-89.451104, 48.070373], [-89.451751, 48.069991], [-89.452438, 48.069631], [-89.45325, 48.069264], [-89.454187, 48.068891], [-89.455249, 48.06851], [-89.456435, 48.068124], [-89.457409, 48.067833], [-89.458171, 48.06764], [-89.45872, 48.067543], [-89.459057, 48.067543], [-89.45937, 48.067525], [-89.45966, 48.067489], [-89.459926, 48.067435], [-89.460169, 48.067363], [-89.460466, 48.067309], [-89.460816, 48.067273], [-89.46122, 48.067255], [-89.461679, 48.067255], [-89.462228, 48.067156], [-89.462868, 48.066958], [-89.4636, 48.066661], [-89.464422, 48.066265], [-89.465147, 48.065966], [-89.465773, 48.065764], [-89.466302, 48.065658], [-89.466734, 48.065649], [-89.467088, 48.065627], [-89.467364, 48.065591], [-89.467563, 48.065541], [-89.467684, 48.065478], [-89.467779, 48.065395], [-89.467846, 48.065291], [-89.467886, 48.065168], [-89.4679, 48.065024], [-89.467873, 48.064855], [-89.467806, 48.064662], [-89.467698, 48.064443], [-89.467549, 48.0642], [-89.467293, 48.064014], [-89.466929, 48.063883], [-89.466457, 48.063809], [-89.465878, 48.063791], [-89.465288, 48.06375], [-89.464688, 48.063687], [-89.464078, 48.063602], [-89.463458, 48.063494], [-89.462774, 48.063467], [-89.462026, 48.063521], [-89.461214, 48.063656], [-89.460337, 48.063872], [-89.459168, 48.06407], [-89.457705, 48.06425], [-89.45595, 48.064412], [-89.453901, 48.064556], [-89.452236, 48.064718], [-89.450955, 48.064898], [-89.450059, 48.065096], [-89.449547, 48.065312], [-89.449068, 48.065492], [-89.448623, 48.065636], [-89.448212, 48.065744], [-89.447835, 48.065816], [-89.447208, 48.065872], [-89.446332, 48.065912], [-89.445206, 48.065937], [-89.443831, 48.065946], [-89.442668, 48.066], [-89.441718, 48.066099], [-89.44098, 48.066243], [-89.440454, 48.066432], [-89.440104, 48.066666], [-89.439928, 48.066945], [-89.439928, 48.067269], [-89.440104, 48.067638], [-89.440235, 48.067966], [-89.440323, 48.068254], [-89.440367, 48.068501], [-89.440367, 48.068708], [-89.44035, 48.068884], [-89.440316, 48.069028], [-89.440265, 48.06914], [-89.440198, 48.069221], [-89.4401, 48.069273], [-89.439972, 48.069295], [-89.439814, 48.069289], [-89.439625, 48.069253], [-89.439504, 48.069255], [-89.43945, 48.069295], [-89.439463, 48.069374], [-89.439544, 48.069491], [-89.439541, 48.069604], [-89.439453, 48.069712], [-89.439281, 48.069815], [-89.439025, 48.069914], [-89.43882, 48.069948], [-89.438665, 48.069916], [-89.43856, 48.06982], [-89.438506, 48.069658], [-89.438527, 48.0695], [-89.438615, 48.069358], [-89.438769, 48.069226], [-89.438998, 48.0691], [-89.439184, 48.068974], [-89.439325, 48.068848], [-89.439423, 48.068722], [-89.439477, 48.068596], [-89.43948, 48.068456], [-89.439433, 48.068303], [-89.439335, 48.068137], [-89.439276, 48.068065], [-89.439254, 48.068034], [-89.43924, 48.068021], [-89.439187, 48.067957], [-89.439079, 48.067788], [-89.439012, 48.067631], [-89.438985, 48.067485], [-89.438998, 48.06735], [-89.438992, 48.067248], [-89.438965, 48.067181], [-89.438917, 48.067147], [-89.438893, 48.067147], [-89.438874, 48.067071], [-89.438826, 48.066954], [-89.438822, 48.066949], [-89.438823, 48.066943], [-89.43881, 48.066911], [-89.438776, 48.066895], [-89.438722, 48.066895], [-89.438685, 48.066846], [-89.438665, 48.066747], [-89.438661, 48.066598], [-89.438675, 48.0664], [-89.438715, 48.066229], [-89.438783, 48.066086], [-89.438853, 48.065998], [-89.438897, 48.065969], [-89.439056, 48.065912], [-89.439292, 48.065854], [-89.439605, 48.065793], [-89.439996, 48.06573], [-89.440343, 48.065656], [-89.440646, 48.06557], [-89.440906, 48.065474], [-89.44111, 48.065372], [-89.441526, 48.065296], [-89.442389, 48.06521], [-89.443507, 48.06515], [-89.444882, 48.065114], [-89.446008, 48.06506], [-89.446884, 48.064988], [-89.447511, 48.064898], [-89.447889, 48.06479], [-89.448205, 48.064716], [-89.448461, 48.064675], [-89.448657, 48.064668], [-89.448792, 48.064695], [-89.448923, 48.064686], [-89.448949, 48.064677], [-89.448987, 48.064673], [-89.449243, 48.064601], [-89.44956, 48.064479], [-89.449938, 48.064308], [-89.450352, 48.06418], [-89.450804, 48.064095], [-89.451292, 48.064052], [-89.451818, 48.064052], [-89.452243, 48.064029], [-89.452566, 48.063984], [-89.452789, 48.063917], [-89.45291, 48.063827], [-89.453311, 48.063753], [-89.453992, 48.063694], [-89.454952, 48.063651], [-89.456192, 48.063624], [-89.45719, 48.063591], [-89.457945, 48.06355], [-89.458017, 48.063544], [-89.458171, 48.063537], [-89.458457, 48.063503], [-89.458727, 48.063449], [-89.458949, 48.063393], [-89.459124, 48.063334], [-89.459252, 48.063274], [-89.459333, 48.063211], [-89.459414, 48.06317], [-89.459495, 48.063152], [-89.459576, 48.063157], [-89.459657, 48.063184], [-89.459761, 48.063184], [-89.459889, 48.063157], [-89.460041, 48.063103], [-89.460216, 48.063022], [-89.460445, 48.062945], [-89.460728, 48.062873], [-89.461065, 48.062806], [-89.461456, 48.062743], [-89.461898, 48.062711], [-89.462114, 48.062711], [-89.462144, 48.062738], [-89.462282, 48.062765], [-89.462518, 48.062783], [-89.462852, 48.062792], [-89.463283, 48.062792], [-89.46351, 48.062804], [-89.463526, 48.062806], [-89.463994, 48.062866], [-89.464338, 48.062925], [-89.464401, 48.062941], [-89.46457, 48.062995], [-89.464585, 48.062997], [-89.464651, 48.063035], [-89.464897, 48.06308], [-89.465295, 48.063116], [-89.465844, 48.063143], [-89.466545, 48.063161], [-89.467118, 48.063199], [-89.467563, 48.063258], [-89.46788, 48.063337], [-89.468068, 48.063435], [-89.468244, 48.063559], [-89.468388, 48.063692], [-89.468395, 48.063699], [-89.468591, 48.064], [-89.468749, 48.06438], [-89.46887, 48.064839], [-89.468918, 48.065219], [-89.468891, 48.065521], [-89.46879, 48.065744], [-89.468614, 48.065888], [-89.468355, 48.066009], [-89.468011, 48.066108], [-89.467583, 48.066184], [-89.467071, 48.066238], [-89.466687, 48.066288], [-89.466431, 48.066333], [-89.466302, 48.066373], [-89.466302, 48.066375], [-89.466181, 48.066414], [-89.4661, 48.066477], [-89.466046, 48.066502], [-89.465858, 48.066544], [-89.465561, 48.066598], [-89.465275, 48.066688], [-89.465267, 48.066692], [-89.465234, 48.066702], [-89.465136, 48.066751], [-89.464998, 48.066814], [-89.464732, 48.066976], [-89.464476, 48.067174], [-89.464186, 48.067359], [-89.46408, 48.067415], [-89.463977, 48.067431], [-89.463825, 48.067473], [-89.463697, 48.067532], [-89.463593, 48.067606], [-89.46353, 48.067676], [-89.463505, 48.067687], [-89.463114, 48.067831], [-89.462767, 48.067932], [-89.462464, 48.067991], [-89.462313, 48.068], [-89.462151, 48.06798], [-89.461958, 48.067966], [-89.46179, 48.067966], [-89.46171, 48.067974], [-89.461679, 48.067973], [-89.461274, 48.067986], [-89.460776, 48.06802], [-89.460182, 48.068074], [-89.459738, 48.068124], [-89.459441, 48.068169], [-89.459293, 48.068209], [-89.459293, 48.068245], [-89.459195, 48.068285], [-89.459136, 48.068299], [-89.458925, 48.068312], [-89.458757, 48.068339], [-89.458632, 48.06838], [-89.458613, 48.068393], [-89.458315, 48.068434], [-89.457992, 48.068497], [-89.457822, 48.068545], [-89.457786, 48.068551], [-89.45755, 48.068623], [-89.457284, 48.068731], [-89.456988, 48.068875], [-89.456907, 48.068875], [-89.456796, 48.068888], [-89.456708, 48.068915], [-89.456644, 48.068956], [-89.456603, 48.06901], [-89.456551, 48.069043], [-89.456516, 48.069055], [-89.456341, 48.069091], [-89.456206, 48.069091], [-89.45602, 48.069127], [-89.455785, 48.069199], [-89.455498, 48.069307], [-89.455161, 48.069451], [-89.454875, 48.069559], [-89.454639, 48.069631], [-89.454453, 48.069667], [-89.454319, 48.069667], [-89.454046, 48.069752], [-89.453634, 48.069923], [-89.453085, 48.070179], [-89.452836, 48.070303], [-89.452681, 48.070359], [-89.452398, 48.070485], [-89.452081, 48.070647], [-89.45173, 48.070845], [-89.451393, 48.071066], [-89.45107, 48.071309], [-89.451066, 48.071312], [-89.450477, 48.071723], [-89.449884, 48.072181], [-89.449405, 48.072519], [-89.449041, 48.072735], [-89.448792, 48.072829], [-89.448657, 48.072802], [-89.448556, 48.072795], [-89.448488, 48.072809], [-89.448455, 48.072843], [-89.448455, 48.072897], [-89.448327, 48.072966], [-89.448071, 48.073052], [-89.447686, 48.073153], [-89.447174, 48.07327], [-89.447119, 48.07329], [-89.446942, 48.073333], [-89.446665, 48.073432], [-89.446522, 48.073505], [-89.445796, 48.073828], [-89.44498, 48.074243], [-89.444903, 48.074266], [-89.444754, 48.074343], [-89.444601, 48.074452], [-89.443949, 48.074815], [-89.443868, 48.074835], [-89.44378, 48.07488], [-89.443714, 48.074933], [-89.443026, 48.075279], [-89.442964, 48.075306], [-89.442955, 48.075308], [-89.442773, 48.075371], [-89.442625, 48.075443], [-89.442585, 48.075471], [-89.44217, 48.075652], [-89.44183, 48.075774], [-89.441711, 48.075816], [-89.441705, 48.075819], [-89.441378, 48.075937], [-89.44065, 48.076135], [-89.44006, 48.076313], [-89.439608, 48.076471], [-89.439295, 48.076608], [-89.43912, 48.076725], [-89.438944, 48.076819], [-89.438769, 48.076891], [-89.438594, 48.076941], [-89.438419, 48.076968], [-89.438139, 48.077053], [-89.437755, 48.077197], [-89.437266, 48.077399], [-89.436673, 48.07766], [-89.43613, 48.077869], [-89.435638, 48.078027], [-89.435197, 48.078133], [-89.434806, 48.078187], [-89.434482, 48.07825], [-89.434226, 48.078321], [-89.434038, 48.078402], [-89.433916, 48.078492], [-89.433792, 48.07856], [-89.433664, 48.078605], [-89.433532, 48.078627], [-89.433397, 48.078627], [-89.433252, 48.078654], [-89.433097, 48.078708], [-89.432932, 48.078789], [-89.432757, 48.078897], [-89.432595, 48.078978], [-89.432447, 48.079032], [-89.432312, 48.079059], [-89.432191, 48.079059], [-89.43209, 48.079075], [-89.432009, 48.079106], [-89.431948, 48.079154], [-89.431908, 48.079217], [-89.431813, 48.079277], [-89.431665, 48.079336], [-89.431463, 48.079392], [-89.431207, 48.079446], [-89.430981, 48.079516], [-89.430786, 48.079601], [-89.43062, 48.079702], [-89.430486, 48.079819], [-89.430405, 48.079929], [-89.430378, 48.080033], [-89.430405, 48.08013], [-89.430486, 48.08022], [-89.4306, 48.080278], [-89.430748, 48.080305], [-89.430834, 48.080303], [-89.430843, 48.080319], [-89.430883, 48.080319], [-89.430913, 48.080301], [-89.43093, 48.080301], [-89.431146, 48.080265], [-89.431308, 48.080247], [-89.431416, 48.080247], [-89.43147, 48.080265], [-89.43147, 48.080301], [-89.431564, 48.080334], [-89.431753, 48.080366], [-89.432036, 48.080395], [-89.432413, 48.080422], [-89.432602, 48.080465], [-89.432602, 48.080523], [-89.432413, 48.080597], [-89.432176, 48.080654], [-89.43214, 48.08066], [-89.431487, 48.08075], [-89.431005, 48.080782], [-89.430695, 48.080755], [-89.430432, 48.080705]]]}}, {"type": "Feature", "properties": {"lead": 120, "temp": "t10"}, "geometry": {"type": "Polygon", "coordinates": [[[-89.422896, 48.073315], [-89.422492, 48.073279], [-89.422114, 48.073216], [-89.421764, 48.073126], [-89.42144, 48.073009], [-89.421147, 48.072921], [-89.420884, 48.072863], [-89.420652, 48.072834], [-89.42045, 48.072834], [-89.420231, 48.072795], [-89.419995, 48.072719], [-89.419742, 48.072604], [-89.419472, 48.072451], [-89.418909, 48.07231], [-89.418053, 48.072179], [-89.416904, 48.07206], [-89.415462, 48.071952], [-89.41438, 48.071839], [-89.413659, 48.071723], [-89.413298, 48.071601], [-89.413298, 48.071475], [-89.41347, 48.071394], [-89.413814, 48.071358], [-89.41433, 48.071367], [-89.415017, 48.071421], [-89.415563, 48.071475], [-89.415967, 48.071529], [-89.41623, 48.071583], [-89.416352, 48.071637], [-89.416486, 48.071671], [-89.416536, 48.071675], [-89.416547, 48.071678], [-89.416563, 48.071678], [-89.416635, 48.071684], [-89.416796, 48.071678], [-89.416972, 48.071651], [-89.417103, 48.071646], [-89.417191, 48.071664], [-89.417235, 48.071705], [-89.417235, 48.071767], [-89.417363, 48.071815], [-89.417619, 48.071846], [-89.418003, 48.071862], [-89.418515, 48.071862], [-89.418943, 48.071889], [-89.419287, 48.071943], [-89.419546, 48.072024], [-89.419722, 48.072132], [-89.419917, 48.072213], [-89.420133, 48.072267], [-89.420369, 48.072294], [-89.42047, 48.072294], [-89.420625, 48.072294], [-89.420881, 48.072337], [-89.421137, 48.072422], [-89.421393, 48.07255], [-89.421649, 48.072721], [-89.421905, 48.072849], [-89.422162, 48.072935], [-89.422418, 48.072978], [-89.422674, 48.072978], [-89.422866, 48.072987], [-89.422994, 48.073005], [-89.423058, 48.073032], [-89.423058, 48.073068], [-89.423176, 48.073065], [-89.423412, 48.073025], [-89.423766, 48.072946], [-89.424238, 48.072829], [-89.424645, 48.072692], [-89.424989, 48.072534], [-89.425269, 48.072357], [-89.425484, 48.072159], [-89.425666, 48.07201], [-89.425815, 48.071911], [-89.425929, 48.071862], [-89.42601, 48.071862], [-89.426057, 48.071911], [-89.426071, 48.07201], [-89.426051, 48.072159], [-89.425998, 48.072352], [-89.425845, 48.072534], [-89.425569, 48.072728], [-89.425188, 48.07291], [-89.424703, 48.073081], [-89.424231, 48.073207], [-89.423772, 48.073288], [-89.423328, 48.073324], [-89.422896, 48.073315]]]}}, {"type": "Feature", "properties": {"lead": 120, "temp": "t10"}, "geometry": {"type": "Polygon", "coordinates": [[[-89.413622, 48.05872], [-89.413838, 48.058693], [-89.41403, 48.05865], [-89.414198, 48.058592], [-89.414343, 48.058518], [-89.414464, 48.058428], [-89.414583, 48.058378], [-89.414663, 48.058369], [-89.414849, 48.058387], [-89.414983, 48.05845], [-89.415084, 48.058475], [-89.415152, 48.058461], [-89.415186, 48.05841], [-89.415186, 48.05832], [-89.415217, 48.05825], [-89.415246, 48.058227], [-89.415307, 48.058225], [-89.415388, 48.058252], [-89.415472, 48.058239], [-89.41556, 48.058185], [-89.415651, 48.05809], [-89.41568, 48.058048], [-89.415721, 48.058023], [-89.415785, 48.057955], [-89.415822, 48.057881], [-89.415846, 48.057858], [-89.415954, 48.0578], [-89.416035, 48.057786], [-89.416089, 48.057798], [-89.416136, 48.05779], [-89.41619, 48.057798], [-89.416284, 48.057798], [-89.416352, 48.05778], [-89.416392, 48.057744], [-89.416406, 48.05769], [-89.416446, 48.057642], [-89.416513, 48.057602], [-89.416608, 48.057568], [-89.416729, 48.057541], [-89.416732, 48.057507], [-89.416618, 48.057467], [-89.416385, 48.05742], [-89.416379, 48.057419], [-89.416362, 48.057399], [-89.41623, 48.057352], [-89.416028, 48.057325], [-89.415725, 48.057339], [-89.415449, 48.057375], [-89.415182, 48.057399], [-89.41468, 48.057487], [-89.414127, 48.057622], [-89.413727, 48.057676], [-89.41345, 48.057656], [-89.413298, 48.057555], [-89.413298, 48.057375], [-89.413447, 48.057213], [-89.413743, 48.057069], [-89.414188, 48.056943], [-89.414781, 48.056835], [-89.415293, 48.05676], [-89.415725, 48.05672], [-89.416075, 48.056713], [-89.416345, 48.05674], [-89.416594, 48.056799], [-89.416823, 48.056889], [-89.417032, 48.05701], [-89.417221, 48.057163], [-89.417353, 48.057316], [-89.417427, 48.057469], [-89.417444, 48.057622], [-89.417403, 48.057775], [-89.41712, 48.057975], [-89.416594, 48.058223], [-89.415826, 48.058518], [-89.414815, 48.05886], [-89.414057, 48.059078], [-89.413551, 48.059172], [-89.413298, 48.059143], [-89.413298, 48.05899], [-89.413383, 48.058846], [-89.413472, 48.058774], [-89.413622, 48.05872]]]}}, {"type": "Feature", "properties": {"lead": 120, "temp": "t10"}, "geometry": {"type": "Polygon", "coordinates": [[[-89.41343, 48.063125], [-89.413345, 48.06309], [-89.413396, 48.063037], [-89.413592, 48.06297], [-89.413885, 48.062936], [-89.41404, 48.062936], [-89.414232, 48.062941], [-89.414319, 48.06295], [-89.414303, 48.062963], [-89.414181, 48.062981], [-89.41409, 48.063008], [-89.41403, 48.063044], [-89.413999, 48.063089], [-89.413999, 48.063143], [-89.413956, 48.063177], [-89.413868, 48.06319], [-89.413736, 48.063184], [-89.413561, 48.063157], [-89.41343, 48.063125]]]}}, {"type": "Feature", "properties": {"lead": 120, "temp": "t10"}, "geometry": {"type": "Polygon", "coordinates": [[[-89.417133, 48.063894], [-89.417039, 48.063867], [-89.416951, 48.063827], [-89.416871, 48.063773], [-89.416827, 48.06373], [-89.41682, 48.063699], [-89.41685, 48.063678], [-89.416918, 48.063669], [-89.416946, 48.063673], [-89.417154, 48.063746], [-89.41725, 48.063776], [-89.417322, 48.063813], [-89.417386, 48.063861], [-89.417393, 48.063892], [-89.417342, 48.063908], [-89.417235, 48.063908], [-89.417133, 48.063894]]]}}, {"type": "Feature", "properties": {"lead": 120, "temp": "t10"}, "geometry": {"type": "Polygon", "coordinates": [[[-89.413905, 48.067786], [-89.414026, 48.067588], [-89.414026, 48.067354], [-89.413905, 48.067084], [-89.413662, 48.066778], [-89.41348, 48.066486], [-89.413359, 48.066207], [-89.413298, 48.065942], [-89.413298, 48.065825], [-89.413342, 48.065699], [-89.41343, 48.065645], [-89.413561, 48.065663], [-89.413736, 48.065753], [-89.413908, 48.065892], [-89.414077, 48.066081], [-89.414242, 48.066319], [-89.414404, 48.066607], [-89.414549, 48.06683], [-89.414677, 48.066988], [-89.414788, 48.06708], [-89.414882, 48.067107], [-89.414953, 48.06717], [-89.415, 48.067269], [-89.415024, 48.067404], [-89.415024, 48.067575], [-89.414936, 48.067768], [-89.414761, 48.067984], [-89.414498, 48.068223], [-89.414148, 48.068483], [-89.413865, 48.068679], [-89.413649, 48.06881], [-89.413565, 48.068846], [-89.413484, 48.068812], [-89.413399, 48.068686], [-89.413359, 48.068488], [-89.413389, 48.068299], [-89.41349, 48.068119], [-89.413662, 48.067948], [-89.413905, 48.067786]]]}}, {"type": "Feature", "properties": {"lead": 120, "temp": "t10"}, "geometry": {"type": "Polygon", "coordinates": [[[-89.423169, 48.083163], [-89.423203, 48.08297], [-89.423193, 48.082873], [-89.423139, 48.082873], [-89.423088, 48.082844], [-89.423041, 48.082786], [-89.422997, 48.082698], [-89.422957, 48.082581], [-89.422863, 48.08248], [-89.422714, 48.082394], [-89.422512, 48.082325], [-89.422256, 48.082271], [-89.422064, 48.082221], [-89.421936, 48.082176], [-89.421872, 48.082136], [-89.421872, 48.0821], [-89.421818, 48.082073], [-89.42171, 48.082055], [-89.421548, 48.082046], [-89.421333, 48.082046], [-89.421171, 48.082055], [-89.421063, 48.082073], [-89.421009, 48.0821], [-89.421009, 48.082136], [-89.420837, 48.08219], [-89.420493, 48.082262], [-89.419978, 48.082352], [-89.41929, 48.082459], [-89.418754, 48.082556], [-89.41837, 48.082642], [-89.418138, 48.082716], [-89.418057, 48.082779], [-89.417888, 48.082846], [-89.417632, 48.082918], [-89.417288, 48.082995], [-89.416857, 48.083076], [-89.416362, 48.083202], [-89.415802, 48.083372], [-89.415179, 48.083588], [-89.414491, 48.083849], [-89.413966, 48.084011], [-89.413602, 48.084074], [-89.413399, 48.084038], [-89.413359, 48.083903], [-89.41341, 48.083782], [-89.413551, 48.083674], [-89.413784, 48.083579], [-89.414107, 48.083498], [-89.414441, 48.08339], [-89.414785, 48.083256], [-89.415138, 48.083094], [-89.415502, 48.082905], [-89.416133, 48.082693], [-89.417029, 48.082459], [-89.418192, 48.082203], [-89.419621, 48.081924], [-89.42081, 48.081751], [-89.421761, 48.081684], [-89.422472, 48.081722], [-89.422943, 48.081866], [-89.423321, 48.081996], [-89.423604, 48.082113], [-89.423793, 48.082217], [-89.423887, 48.082307], [-89.423944, 48.082448], [-89.423965, 48.082642], [-89.423948, 48.082887], [-89.423894, 48.083184], [-89.423835, 48.083335], [-89.423806, 48.083399], [-89.423703, 48.083593], [-89.423634, 48.083703], [-89.423429, 48.083926], [-89.423173, 48.084124], [-89.423011, 48.084175], [-89.422943, 48.084081], [-89.42297, 48.08384], [-89.423092, 48.083453], [-89.423169, 48.083163]]]}}, {"type": "Feature", "properties": {"lead": 120, "temp": "t8"}, "geometry": {"type": "Polygon", "coordinates": [[[-89.426212, 48.064394], [-89.42622, 48.064368], [-89.426637, 48.064299], [-89.427237, 48.064227], [-89.427722, 48.0642], [-89.427809, 48.06419], [-89.427884, 48.064187], [-89.428255, 48.064142], [-89.428619, 48.06407], [-89.428976, 48.063971], [-89.429326, 48.063845], [-89.429748, 48.063726], [-89.43024, 48.063613], [-89.430802, 48.063507], [-89.431436, 48.063408], [-89.431992, 48.063303], [-89.432471, 48.06319], [-89.432872, 48.063071], [-89.433195, 48.062945], [-89.433495, 48.062851], [-89.433771, 48.062788], [-89.434024, 48.062756], [-89.434253, 48.062756], [-89.434459, 48.062727], [-89.434641, 48.062668], [-89.434799, 48.062581], [-89.434934, 48.062464], [-89.435194, 48.062311], [-89.435578, 48.062122], [-89.436087, 48.061897], [-89.43672, 48.061636], [-89.437189, 48.061467], [-89.437549, 48.061379], [-89.4379, 48.061325], [-89.438206, 48.061296], [-89.438469, 48.061292], [-89.438516, 48.061296], [-89.438722, 48.061339], [-89.438924, 48.061402], [-89.439113, 48.061483], [-89.439265, 48.061595], [-89.439379, 48.061739], [-89.439457, 48.061915], [-89.439497, 48.062122], [-89.4395, 48.062306], [-89.439467, 48.062468], [-89.439457, 48.062488], [-89.439376, 48.062594], [-89.439254, 48.062702], [-89.439217, 48.062794], [-89.439265, 48.062871], [-89.439298, 48.062886], [-89.439305, 48.062898], [-89.43943, 48.062954], [-89.439632, 48.06299], [-89.4398, 48.063033], [-89.439935, 48.063082], [-89.440036, 48.063139], [-89.440104, 48.063202], [-89.440225, 48.063251], [-89.4404, 48.063287], [-89.440629, 48.06331], [-89.440913, 48.063319], [-89.441212, 48.063289], [-89.441529, 48.063222], [-89.441863, 48.063116], [-89.442213, 48.062972], [-89.442534, 48.062819], [-89.442823, 48.062657], [-89.443083, 48.062486], [-89.443312, 48.062306], [-89.443686, 48.062095], [-89.444205, 48.061852], [-89.444869, 48.061577], [-89.445678, 48.061271], [-89.446493, 48.061035], [-89.447316, 48.060869], [-89.448145, 48.060772], [-89.44898, 48.060745], [-89.449776, 48.060695], [-89.450531, 48.060623], [-89.451245, 48.060529], [-89.451919, 48.060412], [-89.452455, 48.060304], [-89.452853, 48.060205], [-89.453112, 48.060115], [-89.453233, 48.060034], [-89.453257, 48.059953], [-89.453183, 48.059872], [-89.453011, 48.059791], [-89.452741, 48.05971], [-89.452539, 48.059595], [-89.452404, 48.059447], [-89.452337, 48.059264], [-89.452337, 48.059048], [-89.452398, 48.058871], [-89.452519, 48.058731], [-89.452701, 48.05863], [-89.452944, 48.058567], [-89.453193, 48.058473], [-89.453449, 48.058347], [-89.453712, 48.058189], [-89.453982, 48.058], [-89.454211, 48.057854], [-89.454399, 48.05775], [-89.454548, 48.05769], [-89.454656, 48.057672], [-89.454753, 48.057633], [-89.454841, 48.057575], [-89.454918, 48.057496], [-89.454986, 48.057397], [-89.455138, 48.057287], [-89.455373, 48.057165], [-89.455694, 48.057033], [-89.456098, 48.056889], [-89.456506, 48.056713], [-89.456917, 48.056506], [-89.457331, 48.056268], [-89.457749, 48.055998], [-89.458208, 48.055752], [-89.458706, 48.055532], [-89.459246, 48.055336], [-89.459825, 48.055165], [-89.460301, 48.055042], [-89.460631, 48.054972], [-89.460998, 48.054918], [-89.461308, 48.0549], [-89.461625, 48.054918], [-89.461948, 48.054972], [-89.462279, 48.055062], [-89.462616, 48.055188], [-89.462909, 48.055332], [-89.463158, 48.055494], [-89.463364, 48.055674], [-89.463526, 48.055872], [-89.463708, 48.05602], [-89.46391, 48.056119], [-89.464132, 48.056169], [-89.464375, 48.056169], [-89.464705, 48.056124], [-89.465123, 48.056034], [-89.465628, 48.055899], [-89.466222, 48.055719], [-89.466808, 48.05557], [-89.467388, 48.055453], [-89.467961, 48.055368], [-89.468527, 48.055314], [-89.468985, 48.055284], [-89.469336, 48.05528], [-89.469578, 48.0553], [-89.469713, 48.055345], [-89.469814, 48.055363], [-89.469881, 48.055354], [-89.469915, 48.055318], [-89.469915, 48.055255], [-89.469942, 48.055203], [-89.469996, 48.055163], [-89.470077, 48.055134], [-89.470185, 48.055116], [-89.470566, 48.055093], [-89.471219, 48.055066], [-89.472146, 48.055035], [-89.473346, 48.054999], [-89.474475, 48.054945], [-89.475533, 48.054873], [-89.47652, 48.054783], [-89.477437, 48.054675], [-89.478125, 48.05458], [-89.478583, 48.054499], [-89.478812, 48.054432], [-89.478812, 48.054378], [-89.47889, 48.05431], [-89.479045, 48.054229], [-89.479277, 48.054135], [-89.479587, 48.054027], [-89.479837, 48.053856], [-89.480025, 48.053622], [-89.480153, 48.053325], [-89.480221, 48.052965], [-89.480167, 48.052614], [-89.479992, 48.052272], [-89.479695, 48.051939], [-89.479277, 48.051615], [-89.47895, 48.051344], [-89.478714, 48.051128], [-89.478569, 48.050966], [-89.478516, 48.050858], [-89.478216, 48.050755], [-89.47767, 48.050656], [-89.476878, 48.050561], [-89.47584, 48.050471], [-89.474947, 48.05035], [-89.474198, 48.050197], [-89.473595, 48.050012], [-89.473137, 48.049796], [-89.472658, 48.049605], [-89.47216, 48.049439], [-89.471641, 48.049297], [-89.471101, 48.04918], [-89.470599, 48.049056], [-89.470134, 48.048925], [-89.469706, 48.048788], [-89.469315, 48.048644], [-89.468999, 48.0485], [-89.468756, 48.048356], [-89.468587, 48.048212], [-89.468493, 48.048068], [-89.468537, 48.047962], [-89.468719, 48.047895], [-89.469039, 48.047866], [-89.469497, 48.047875], [-89.469838, 48.0479], [-89.470016, 48.047933], [-89.470192, 48.047987], [-89.470307, 48.048035], [-89.470353, 48.048091], [-89.470488, 48.048187], [-89.470635, 48.048269], [-89.470657, 48.048293], [-89.470781, 48.048374], [-89.47095, 48.048446], [-89.471121, 48.048497], [-89.471297, 48.048572], [-89.471647, 48.048694], [-89.471804, 48.048736], [-89.471823, 48.048757], [-89.471863, 48.048766], [-89.471902, 48.048763], [-89.472011, 48.048793], [-89.472126, 48.048816], [-89.472126, 48.048829], [-89.472203, 48.048869], [-89.472358, 48.048905], [-89.472591, 48.048937], [-89.472901, 48.048964], [-89.473218, 48.049027], [-89.473527, 48.049121], [-89.473872, 48.049261], [-89.474209, 48.049432], [-89.474482, 48.049547], [-89.474691, 48.049605], [-89.474835, 48.049607], [-89.47485, 48.049598], [-89.47507, 48.049635], [-89.475092, 48.049655], [-89.475199, 48.049695], [-89.475361, 48.049729], [-89.475577, 48.049756], [-89.475803, 48.049769], [-89.476039, 48.049769], [-89.476137, 48.049764], [-89.47619, 48.049769], [-89.477113, 48.04982], [-89.477127, 48.049823], [-89.477196, 48.049833], [-89.477316, 48.049864], [-89.477531, 48.049891], [-89.477808, 48.049904], [-89.478005, 48.049904], [-89.478596, 48.049999], [-89.479029, 48.050119], [-89.479119, 48.050183], [-89.479247, 48.050255], [-89.479316, 48.050283], [-89.479547, 48.050451], [-89.479695, 48.050584], [-89.479756, 48.050656], [-89.47981, 48.050773], [-89.47987, 48.050861], [-89.479938, 48.050919], [-89.480012, 48.050948], [-89.480055, 48.050948], [-89.480059, 48.050953], [-89.480315, 48.051268], [-89.480544, 48.051513], [-89.480747, 48.051689], [-89.480922, 48.051795], [-89.480961, 48.051804], [-89.480962, 48.051806], [-89.481057, 48.051862], [-89.481097, 48.051866], [-89.481113, 48.051887], [-89.481158, 48.051988], [-89.481185, 48.052321], [-89.481151, 48.052789], [-89.481057, 48.053392], [-89.480922, 48.05388], [-89.480747, 48.054254], [-89.480657, 48.054361], [-89.480639, 48.054378], [-89.480517, 48.054445], [-89.480396, 48.054472], [-89.480285, 48.054515], [-89.480184, 48.054573], [-89.480093, 48.054648], [-89.480012, 48.054738], [-89.479897, 48.054812], [-89.479749, 48.05487], [-89.479567, 48.054913], [-89.479351, 48.05494], [-89.479136, 48.054987], [-89.47892, 48.055055], [-89.478704, 48.055143], [-89.478544, 48.055223], [-89.478489, 48.055239], [-89.478373, 48.055285], [-89.478165, 48.055347], [-89.477734, 48.055433], [-89.477503, 48.055465], [-89.477333, 48.055449], [-89.477205, 48.055449], [-89.477141, 48.055467], [-89.477141, 48.055503], [-89.477086, 48.055518], [-89.476747, 48.055551], [-89.476554, 48.055557], [-89.476163, 48.055557], [-89.47585, 48.05557], [-89.475614, 48.055597], [-89.475478, 48.055632], [-89.475061, 48.055649], [-89.474222, 48.055665], [-89.473319, 48.055665], [-89.472513, 48.055685], [-89.471806, 48.055725], [-89.471196, 48.055786], [-89.471111, 48.0558], [-89.470775, 48.055813], [-89.470353, 48.055854], [-89.470178, 48.055908], [-89.469982, 48.055941], [-89.469881, 48.055948], [-89.469592, 48.055948], [-89.469376, 48.055921], [-89.46917, 48.055917], [-89.468975, 48.055935], [-89.46879, 48.055975], [-89.468614, 48.056038], [-89.468608, 48.056039], [-89.468028, 48.056083], [-89.467489, 48.056146], [-89.466966, 48.056236], [-89.466738, 48.056289], [-89.466582, 48.056322], [-89.466538, 48.056335], [-89.466461, 48.056353], [-89.465972, 48.056497], [-89.465541, 48.056654], [-89.46548, 48.056655], [-89.465399, 48.056619], [-89.465318, 48.056607], [-89.465238, 48.056621], [-89.465157, 48.056659], [-89.465076, 48.056722], [-89.464938, 48.056769], [-89.464742, 48.056801], [-89.464489, 48.056817], [-89.464179, 48.056817], [-89.463906, 48.056794], [-89.46367, 48.056749], [-89.463472, 48.056682], [-89.46331, 48.056592], [-89.463145, 48.056468], [-89.462976, 48.05631], [-89.462854, 48.056174], [-89.462855, 48.056171], [-89.462835, 48.056139], [-89.462816, 48.056132], [-89.462804, 48.056119], [-89.462649, 48.05592], [-89.462649, 48.055908], [-89.462622, 48.055854], [-89.462568, 48.0558], [-89.462488, 48.055746], [-89.462425, 48.055718], [-89.462424, 48.055716], [-89.462188, 48.055586], [-89.461921, 48.055503], [-89.461625, 48.055467], [-89.461402, 48.055449], [-89.461254, 48.055449], [-89.46118, 48.055467], [-89.46118, 48.055503], [-89.461072, 48.05555], [-89.460856, 48.055608], [-89.460729, 48.055636], [-89.460476, 48.055658], [-89.460172, 48.055698], [-89.459953, 48.055746], [-89.459819, 48.0558], [-89.459717, 48.055856], [-89.459695, 48.055875], [-89.45934, 48.056016], [-89.45901, 48.056191], [-89.458713, 48.056398], [-89.458447, 48.05656], [-89.458211, 48.056677], [-89.458005, 48.056749], [-89.45783, 48.056776], [-89.457689, 48.056817], [-89.457581, 48.056871], [-89.457507, 48.056938], [-89.457473, 48.057006], [-89.457429, 48.057026], [-89.457293, 48.0571], [-89.457264, 48.0571], [-89.45717, 48.057073], [-89.456994, 48.057125], [-89.456738, 48.057255], [-89.456401, 48.057465], [-89.456331, 48.057513], [-89.4563, 48.057532], [-89.455955, 48.057771], [-89.455868, 48.057827], [-89.455522, 48.058038], [-89.455365, 48.058123], [-89.455215, 48.058185], [-89.455121, 48.058185], [-89.454956, 48.058234], [-89.45472, 48.058333], [-89.454413, 48.058482], [-89.454036, 48.05868], [-89.453863, 48.058821], [-89.453837, 48.058833], [-89.453628, 48.058941], [-89.453621, 48.058946], [-89.453591, 48.058956], [-89.453591, 48.05897], [-89.453592, 48.05897], [-89.45355, 48.059003], [-89.453604, 48.059021], [-89.453672, 48.059024], [-89.453752, 48.05901], [-89.45379, 48.058998], [-89.453914, 48.059111], [-89.454211, 48.059201], [-89.454433, 48.059312], [-89.454581, 48.059442], [-89.454656, 48.059593], [-89.454656, 48.059764], [-89.454612, 48.059921], [-89.454524, 48.060065], [-89.454415, 48.060174], [-89.454386, 48.0602], [-89.454217, 48.060313], [-89.453938, 48.060437], [-89.453554, 48.060567], [-89.453065, 48.060704], [-89.452472, 48.060848], [-89.451949, 48.060956], [-89.451498, 48.061028], [-89.451117, 48.061064], [-89.450807, 48.061064], [-89.450534, 48.061078], [-89.450298, 48.061105], [-89.450099, 48.061145], [-89.449938, 48.061199], [-89.449708, 48.061233], [-89.449412, 48.061247], [-89.449048, 48.06124], [-89.448616, 48.061213], [-89.448236, 48.061215], [-89.447905, 48.061247], [-89.447626, 48.061307], [-89.447411, 48.061392], [-89.447373, 48.061402], [-89.447316, 48.061423], [-89.447194, 48.061463], [-89.447019, 48.061503], [-89.446871, 48.061519], [-89.446749, 48.06151], [-89.446648, 48.061519], [-89.446567, 48.061546], [-89.446507, 48.061591], [-89.446466, 48.061654], [-89.446382, 48.061708], [-89.446314, 48.061732], [-89.44619, 48.061764], [-89.446178, 48.061769], [-89.446082, 48.061789], [-89.445867, 48.061816], [-89.445674, 48.061865], [-89.445506, 48.061937], [-89.445361, 48.062032], [-89.44524, 48.062149], [-89.445125, 48.062236], [-89.445017, 48.062295], [-89.444916, 48.062324], [-89.444822, 48.062324], [-89.444721, 48.062353], [-89.444613, 48.062412], [-89.444498, 48.0625], [-89.44444, 48.062556], [-89.444239, 48.062662], [-89.44404, 48.062792], [-89.443959, 48.062792], [-89.443858, 48.062824], [-89.44375, 48.062887], [-89.443636, 48.062981], [-89.443514, 48.063107], [-89.443435, 48.06317], [-89.443284, 48.063252], [-89.443191, 48.063269], [-89.443096, 48.063251], [-89.443015, 48.063253], [-89.442948, 48.063276], [-89.442894, 48.063319], [-89.442854, 48.063381], [-89.442749, 48.063449], [-89.442581, 48.063521], [-89.442555, 48.063529], [-89.442449, 48.063543], [-89.442294, 48.063577], [-89.442276, 48.063584], [-89.442193, 48.063584], [-89.442052, 48.063604], [-89.441944, 48.063645], [-89.44187, 48.063705], [-89.441868, 48.063709], [-89.441731, 48.063732], [-89.441388, 48.063759], [-89.44102, 48.063759], [-89.440629, 48.063732], [-89.440252, 48.063683], [-89.439888, 48.063611], [-89.439538, 48.063516], [-89.439201, 48.063399], [-89.438928, 48.063276], [-89.438719, 48.063145], [-89.438574, 48.063008], [-89.438493, 48.062864], [-89.438473, 48.062713], [-89.438513, 48.062556], [-89.438614, 48.062392], [-89.438776, 48.062221], [-89.438857, 48.062079], [-89.438857, 48.061966], [-89.438776, 48.061883], [-89.438614, 48.061829], [-89.438489, 48.0618], [-89.438402, 48.061795], [-89.438351, 48.061816], [-89.438338, 48.061861], [-89.438297, 48.06189], [-89.438261, 48.061897], [-89.438261, 48.061897], [-89.438257, 48.061897], [-89.438252, 48.061897], [-89.438119, 48.061899], [-89.438014, 48.061883], [-89.437913, 48.061883], [-89.437832, 48.061901], [-89.437772, 48.061937], [-89.437759, 48.061954], [-89.43761, 48.061991], [-89.437354, 48.062081], [-89.437131, 48.062176], [-89.436943, 48.062275], [-89.436788, 48.062378], [-89.436666, 48.062486], [-89.436498, 48.062583], [-89.436282, 48.062668], [-89.436019, 48.062743], [-89.435709, 48.062806], [-89.435467, 48.062873], [-89.435291, 48.062945], [-89.435183, 48.063022], [-89.435143, 48.063103], [-89.435079, 48.063157], [-89.434991, 48.063184], [-89.43488, 48.063184], [-89.434745, 48.063157], [-89.434641, 48.063154], [-89.434567, 48.063177], [-89.434523, 48.063224], [-89.434509, 48.063296], [-89.434436, 48.063341], [-89.434351, 48.063352], [-89.434206, 48.063337], [-89.434017, 48.063292], [-89.433876, 48.063267], [-89.433782, 48.063262], [-89.433734, 48.063278], [-89.433734, 48.063314], [-89.433707, 48.063341], [-89.433653, 48.063359], [-89.433573, 48.063368], [-89.433465, 48.063368], [-89.433377, 48.063388], [-89.43331, 48.063429], [-89.433263, 48.063489], [-89.433236, 48.06357], [-89.433185, 48.063618], [-89.433111, 48.063631], [-89.433013, 48.063611], [-89.432892, 48.063557], [-89.432801, 48.063532], [-89.43274, 48.063537], [-89.43271, 48.06357], [-89.43271, 48.063633], [-89.432686, 48.063672], [-89.432639, 48.063685], [-89.432568, 48.063674], [-89.432474, 48.063638], [-89.432393, 48.063624], [-89.432326, 48.063633], [-89.432272, 48.063665], [-89.432231, 48.063719], [-89.432103, 48.063759], [-89.431888, 48.063786], [-89.431584, 48.0638], [-89.431193, 48.0638], [-89.43087, 48.063816], [-89.430614, 48.063847], [-89.430425, 48.063894], [-89.430304, 48.063957], [-89.430115, 48.064018], [-89.429859, 48.064077], [-89.429535, 48.064133], [-89.429144, 48.064187], [-89.428757, 48.064227], [-89.428373, 48.064254], [-89.427992, 48.064268], [-89.427614, 48.064268], [-89.427287, 48.064281], [-89.427011, 48.064308], [-89.426785, 48.064349], [-89.42661, 48.064403], [-89.426465, 48.064434], [-89.426351, 48.064443], [-89.426266, 48.06443], [-89.426212, 48.064394]], [[-89.453153, 48.05912], [-89.453122, 48.059127], [-89.453102, 48.059141], [-89.453092, 48.059161], [-89.453092, 48.059188], [-89.453102, 48.059201], [-89.453122, 48.059201], [-89.453153, 48.059188], [-89.453193, 48.059161], [-89.453213, 48.059141], [-89.453213, 48.059127], [-89.453193, 48.05912], [-89.453153, 48.05912]], [[-89.453597, 48.058833], [-89.453587, 48.058835], [-89.453581, 48.058839], [-89.453577, 48.058846], [-89.453577, 48.058855], [-89.453581, 48.05886], [-89.453587, 48.05886], [-89.453597, 48.058855], [-89.453611, 48.058846], [-89.453618, 48.058839], [-89.453618, 48.058835], [-89.453611, 48.058833], [-89.453597, 48.058833]], [[-89.453759, 48.058725], [-89.453749, 48.058727], [-89.453742, 48.058731], [-89.453739, 48.058738], [-89.453739, 48.058747], [-89.453742, 48.058752], [-89.453749, 48.058752], [-89.453759, 48.058747], [-89.453773, 48.058738], [-89.453779, 48.058731], [-89.453779, 48.058727], [-89.453773, 48.058725], [-89.453759, 48.058725]], [[-89.454083, 48.058509], [-89.454073, 48.058511], [-89.454066, 48.058515], [-89.454062, 48.058522], [-89.454062, 48.058531], [-89.454066, 48.058536], [-89.454073, 48.058536], [-89.454083, 48.058531], [-89.454096, 48.058522], [-89.454103, 48.058515], [-89.454103, 48.058511], [-89.454096, 48.058509], [-89.454083, 48.058509]]]}}, {"type": "Feature", "properties": {"lead": 120, "temp": "t8"}, "geometry": {"type": "Polygon", "coordinates": [[[-89.421589, 48.06497], [-89.421602, 48.064947], [-89.421656, 48.064938], [-89.42175, 48.064943], [-89.421885, 48.064961], [-89.421959, 48.064979], [-89.421973, 48.064997], [-89.421926, 48.065015], [-89.421818, 48.065033], [-89.42173, 48.065037], [-89.421663, 48.065028], [-89.421616, 48.065006], [-89.421589, 48.06497]]]}}, {"type": "Feature", "properties": {"lead": 120, "temp": "t8"}, "geometry": {"type": "Polygon", "coordinates": [[[-89.428848, 48.07062], [-89.428969, 48.070548], [-89.429185, 48.070485], [-89.429495, 48.070431], [-89.429781, 48.070362], [-89.430044, 48.070276], [-89.430283, 48.070175], [-89.430499, 48.070058], [-89.430735, 48.069964], [-89.430991, 48.069892], [-89.431267, 48.069842], [-89.431564, 48.069815], [-89.431786, 48.069784], [-89.431935, 48.069748], [-89.432009, 48.069707], [-89.432009, 48.069662], [-89.432171, 48.069653], [-89.432494, 48.06968], [-89.432979, 48.069743], [-89.433626, 48.069842], [-89.433634, 48.069843], [-89.433822, 48.069883], [-89.434166, 48.069923], [-89.434597, 48.06995], [-89.434937, 48.069959], [-89.435187, 48.06995], [-89.435345, 48.069923], [-89.435406, 48.069883], [-89.435418, 48.069883], [-89.435618, 48.069923], [-89.435837, 48.070013], [-89.436053, 48.070148], [-89.436144, 48.070258], [-89.436126, 48.070303], [-89.435982, 48.070353], [-89.43549, 48.070375], [-89.434759, 48.070332], [-89.433901, 48.070237], [-89.433741, 48.070197], [-89.43333, 48.070143], [-89.432872, 48.070125], [-89.432518, 48.070138], [-89.432322, 48.07013], [-89.431827, 48.070143], [-89.43149, 48.070197], [-89.431015, 48.070314], [-89.430401, 48.070494], [-89.430272, 48.070536], [-89.430223, 48.070548], [-89.429496, 48.070756], [-89.429148, 48.070805], [-89.428888, 48.070791], [-89.428821, 48.070701], [-89.428848, 48.07062]]]}}, {"type": "Feature", "properties": {"lead": 120, "temp": "t8"}, "geometry": {"type": "Polygon", "coordinates": [[[-89.433003, 48.078164], [-89.433077, 48.078065], [-89.433262, 48.077957], [-89.433441, 48.077881], [-89.434149, 48.077629], [-89.434835, 48.077434], [-89.435136, 48.077408], [-89.435443, 48.077368], [-89.435733, 48.077314], [-89.436006, 48.077246], [-89.436262, 48.077165], [-89.436622, 48.077024], [-89.437088, 48.076821], [-89.437657, 48.076558], [-89.438331, 48.076234], [-89.439093, 48.075904], [-89.439942, 48.075566], [-89.440879, 48.075222], [-89.441903, 48.074871], [-89.442897, 48.074491], [-89.443861, 48.074082], [-89.444795, 48.073643], [-89.445698, 48.073176], [-89.446473, 48.072816], [-89.44712, 48.072564], [-89.447639, 48.07242], [-89.44803, 48.072384], [-89.448455, 48.072244], [-89.448913, 48.072001], [-89.449405, 48.071655], [-89.449931, 48.071205], [-89.450497, 48.070778], [-89.451104, 48.070373], [-89.451751, 48.069991], [-89.452438, 48.069631], [-89.45325, 48.069264], [-89.454187, 48.068891], [-89.455249, 48.06851], [-89.456435, 48.068124], [-89.457409, 48.067833], [-89.458171, 48.06764], [-89.45872, 48.067543], [-89.459057, 48.067543], [-89.45937, 48.067525], [-89.45966, 48.067489], [-89.459926, 48.067435], [-89.460169, 48.067363], [-89.460466, 48.067309], [-89.460816, 48.067273], [-89.46122, 48.067255], [-89.461679, 48.067255], [-89.462228, 48.067156], [-89.462868, 48.066958], [-89.4636, 48.066661], [-89.464422, 48.066265], [-89.465147, 48.065966], [-89.465773, 48.065764], [-89.466302, 48.065658], [-89.466734, 48.065649], [-89.467088, 48.065627], [-89.467364, 48.065591], [-89.467563, 48.065541], [-89.467684, 48.065478], [-89.467779, 48.065395], [-89.467846, 48.065291], [-89.467886, 48.065168], [-89.4679, 48.065024], [-89.467873, 48.064855], [-89.467806, 48.064662], [-89.467698, 48.064443], [-89.467549, 48.0642], [-89.467293, 48.064014], [-89.466929, 48.063883], [-89.466457, 48.063809], [-89.465878, 48.063791], [-89.465288, 48.06375], [-89.464688, 48.063687], [-89.464078, 48.063602], [-89.463458, 48.063494], [-89.462774, 48.063467], [-89.462026, 48.063521], [-89.461214, 48.063656], [-89.460337, 48.063872], [-89.459168, 48.06407], [-89.457705, 48.06425], [-89.45595, 48.064412], [-89.453901, 48.064556], [-89.452236, 48.064718], [-89.450955, 48.064898], [-89.450059, 48.065096], [-89.449547, 48.065312], [-89.449068, 48.065492], [-89.448623, 48.065636], [-89.448212, 48.065744], [-89.447835, 48.065816], [-89.447208, 48.065872], [-89.446332, 48.065912], [-89.445206, 48.065937], [-89.443831, 48.065946], [-89.442668, 48.066], [-89.441718, 48.066099], [-89.44098, 48.066243], [-89.440454, 48.066432], [-89.440104, 48.066666], [-89.439928, 48.066945], [-89.439928, 48.067269], [-89.440104, 48.067638], [-89.440235, 48.067966], [-89.440323, 48.068254], [-89.440367, 48.068501], [-89.440367, 48.068708], [-89.44035, 48.068884], [-89.440316, 48.069028], [-89.440265, 48.06914], [-89.440198, 48.069221], [-89.4401, 48.069273], [-89.439972, 48.069295], [-89.439814, 48.069289], [-89.439625, 48.069253], [-89.439504, 48.069255], [-89.43945, 48.069295], [-89.439463, 48.069374], [-89.439544, 48.069491], [-89.439541, 48.069604], [-89.439453, 48.069712], [-89.439281, 48.069815], [-89.439025, 48.069914], [-89.43882, 48.069948], [-89.438665, 48.069916], [-89.43856, 48.06982], [-89.438506, 48.069658], [-89.438527, 48.0695], [-89.438615, 48.069358], [-89.438769, 48.069226], [-89.438998, 48.0691], [-89.439006, 48.069094], [-89.439072, 48.069064], [-89.439234, 48.06901], [-89.439383, 48.068983], [-89.439517, 48.068983], [-89.439575, 48.068868], [-89.439554, 48.068639], [-89.439457, 48.068294], [-89.439281, 48.067836], [-89.439133, 48.067491], [-89.439012, 48.067262], [-89.438983, 48.067227], [-89.438965, 48.067181], [-89.438917, 48.067147], [-89.438893, 48.067147], [-89.438874, 48.067071], [-89.438826, 48.066954], [-89.438822, 48.066949], [-89.438823, 48.066943], [-89.43881, 48.066911], [-89.438776, 48.066895], [-89.438744, 48.066895], [-89.438729, 48.066796], [-89.438715, 48.066562], [-89.438725, 48.066367], [-89.438759, 48.066209], [-89.438816, 48.06609], [-89.438897, 48.066009], [-89.439035, 48.065939], [-89.439231, 48.065881], [-89.439484, 48.065834], [-89.439794, 48.065798], [-89.440121, 48.065737], [-89.440464, 48.065651], [-89.440825, 48.065541], [-89.441202, 48.065406], [-89.441593, 48.065312], [-89.441998, 48.065258], [-89.442416, 48.065244], [-89.442847, 48.065271], [-89.443406, 48.065276], [-89.444094, 48.065258], [-89.444909, 48.065217], [-89.445853, 48.065154], [-89.446635, 48.06508], [-89.447255, 48.064994], [-89.447713, 48.064898], [-89.44801, 48.06479], [-89.448266, 48.064716], [-89.448482, 48.064675], [-89.448657, 48.064668], [-89.448792, 48.064695], [-89.448923, 48.064686], [-89.448934, 48.064682], [-89.448967, 48.06468], [-89.449183, 48.064621], [-89.449211, 48.06461], [-89.449243, 48.064601], [-89.44956, 48.064479], [-89.4499, 48.064325], [-89.450109, 48.064261], [-89.450561, 48.064176], [-89.45109, 48.064119], [-89.451697, 48.064092], [-89.452182, 48.06405], [-89.452546, 48.063991], [-89.452789, 48.063917], [-89.45291, 48.063827], [-89.453335, 48.063753], [-89.454062, 48.063694], [-89.455094, 48.063651], [-89.456428, 48.063624], [-89.456735, 48.063606], [-89.45719, 48.063591], [-89.457945, 48.06355], [-89.458017, 48.063544], [-89.458171, 48.063537], [-89.458457, 48.063503], [-89.458727, 48.063449], [-89.458945, 48.063394], [-89.459643, 48.063274], [-89.460452, 48.063067], [-89.461187, 48.062914], [-89.461847, 48.062815], [-89.462387, 48.062773], [-89.462518, 48.062783], [-89.462852, 48.062792], [-89.463147, 48.062792], [-89.463448, 48.062812], [-89.46394, 48.062871], [-89.464422, 48.062954], [-89.464495, 48.062971], [-89.46457, 48.062995], [-89.464585, 48.062997], [-89.464651, 48.063035], [-89.464897, 48.06308], [-89.465112, 48.063099], [-89.465366, 48.063143], [-89.465837, 48.063197], [-89.466309, 48.063224], [-89.466781, 48.063224], [-89.467202, 48.063267], [-89.467573, 48.063352], [-89.467893, 48.06348], [-89.468163, 48.063651], [-89.468389, 48.063885], [-89.468571, 48.064182], [-89.468709, 48.064542], [-89.468803, 48.064965], [-89.468837, 48.065307], [-89.46881, 48.065568], [-89.468722, 48.065748], [-89.468574, 48.065847], [-89.468314, 48.065942], [-89.467944, 48.066032], [-89.467462, 48.066117], [-89.466869, 48.066198], [-89.466424, 48.066268], [-89.466127, 48.066326], [-89.465979, 48.066373], [-89.465979, 48.066409], [-89.465915, 48.06645], [-89.465787, 48.066495], [-89.465595, 48.066544], [-89.465339, 48.066598], [-89.465113, 48.066668], [-89.464917, 48.066754], [-89.464752, 48.066855], [-89.464617, 48.066972], [-89.464452, 48.067066], [-89.464257, 48.067138], [-89.464031, 48.067188], [-89.463775, 48.067215], [-89.463519, 48.067264], [-89.463263, 48.067336], [-89.463007, 48.067431], [-89.46275, 48.067548], [-89.46244, 48.067635], [-89.462076, 48.067694], [-89.461659, 48.067723], [-89.461187, 48.067723], [-89.460813, 48.067737], [-89.460536, 48.067764], [-89.460358, 48.067804], [-89.460277, 48.067858], [-89.460118, 48.067905], [-89.459883, 48.067946], [-89.459569, 48.06798], [-89.459178, 48.068007], [-89.458865, 48.068049], [-89.458629, 48.068108], [-89.45847, 48.068182], [-89.45839, 48.068272], [-89.458251, 48.068353], [-89.458056, 48.068425], [-89.457803, 48.068488], [-89.457493, 48.068542], [-89.457251, 48.068598], [-89.457075, 48.068657], [-89.456967, 48.068717], [-89.456927, 48.06878], [-89.456789, 48.068855], [-89.456553, 48.06894], [-89.456219, 48.069037], [-89.455788, 48.069145], [-89.455424, 48.069248], [-89.455127, 48.069347], [-89.454898, 48.069442], [-89.454736, 48.069532], [-89.454581, 48.069599], [-89.454433, 48.069644], [-89.454292, 48.069667], [-89.454157, 48.069667], [-89.453894, 48.069745], [-89.453503, 48.069903], [-89.452984, 48.070139], [-89.452337, 48.070454], [-89.451821, 48.070726], [-89.451437, 48.070955], [-89.451184, 48.071142], [-89.451063, 48.071286], [-89.450902, 48.071426], [-89.450477, 48.071723], [-89.450464, 48.071733], [-89.450295, 48.071839], [-89.449904, 48.072064], [-89.44959, 48.072262], [-89.449355, 48.072433], [-89.449196, 48.072577], [-89.449119, 48.072688], [-89.449041, 48.072735], [-89.448792, 48.072829], [-89.448657, 48.072802], [-89.448556, 48.072795], [-89.448488, 48.072809], [-89.448483, 48.072815], [-89.448438, 48.072818], [-89.448135, 48.072876], [-89.447747, 48.072978], [-89.447275, 48.073122], [-89.446881, 48.073259], [-89.446564, 48.073389], [-89.446325, 48.073513], [-89.446163, 48.07363], [-89.445974, 48.073738], [-89.445759, 48.073837], [-89.445516, 48.073927], [-89.445246, 48.074008], [-89.44498, 48.07412], [-89.444717, 48.074264], [-89.444458, 48.07444], [-89.444202, 48.074646], [-89.443981, 48.074798], [-89.443949, 48.074815], [-89.443868, 48.074835], [-89.44378, 48.07488], [-89.443714, 48.074933], [-89.443411, 48.075085], [-89.443177, 48.075159], [-89.442975, 48.075236], [-89.442827, 48.075308], [-89.442732, 48.075375], [-89.442718, 48.075397], [-89.442625, 48.075443], [-89.442585, 48.075471], [-89.442251, 48.075616], [-89.441994, 48.075706], [-89.441337, 48.075911], [-89.440474, 48.076162], [-89.439817, 48.076367], [-89.439366, 48.076525], [-89.43912, 48.076635], [-89.439079, 48.076698], [-89.438985, 48.076758], [-89.438837, 48.076817], [-89.438634, 48.076873], [-89.438378, 48.076927], [-89.438142, 48.076997], [-89.437927, 48.077082], [-89.437731, 48.077183], [-89.437639, 48.077245], [-89.437266, 48.077399], [-89.43716, 48.077446], [-89.437091, 48.077431], [-89.437, 48.077435], [-89.436899, 48.077462], [-89.436788, 48.077512], [-89.436666, 48.077584], [-89.436521, 48.077645], [-89.436353, 48.077694], [-89.436161, 48.077732], [-89.435945, 48.077759], [-89.43577, 48.077795], [-89.435635, 48.07784], [-89.435541, 48.077894], [-89.435487, 48.077957], [-89.435342, 48.078018], [-89.435106, 48.078076], [-89.434779, 48.078133], [-89.434361, 48.078187], [-89.433984, 48.078223], [-89.433647, 48.078241], [-89.43335, 48.078241], [-89.433094, 48.078223], [-89.433003, 48.078164]], [[-89.448485, 48.064743], [-89.448465, 48.064756], [-89.448455, 48.064776], [-89.448455, 48.064803], [-89.448465, 48.064817], [-89.448485, 48.064817], [-89.448515, 48.064803], [-89.448556, 48.064776], [-89.448576, 48.064756], [-89.448576, 48.064743], [-89.448556, 48.064736], [-89.448515, 48.064736], [-89.448485, 48.064743]]]}}, {"type": "Feature", "properties": {"lead": 120, "temp": "t8"}, "geometry": {"type": "Polygon", "coordinates": [[[-89.430061, 48.080541], [-89.429967, 48.080411], [-89.429899, 48.080251], [-89.429859, 48.080062], [-89.429842, 48.079976], [-89.429845, 48.079953], [-89.429859, 48.079995], [-89.429899, 48.080139], [-89.429983, 48.080247], [-89.430112, 48.080319], [-89.430283, 48.080355], [-89.430499, 48.080355], [-89.430681, 48.080384], [-89.430829, 48.080442], [-89.430944, 48.08053], [-89.431025, 48.080647], [-89.431048, 48.080735], [-89.431022, 48.080781], [-89.431005, 48.080782], [-89.430695, 48.080755], [-89.430432, 48.080705], [-89.430216, 48.080633], [-89.43008, 48.080557], [-89.430061, 48.080541]]]}}, {"type": "Feature", "properties": {"lead": 120, "temp": "t8"}, "geometry": {"type": "Polygon", "coordinates": [[[-89.415624, 48.058155], [-89.415691, 48.058061], [-89.415833, 48.057982], [-89.416048, 48.057919], [-89.41621, 48.057861], [-89.416318, 48.057807], [-89.416346, 48.057781], [-89.416352, 48.05778], [-89.416392, 48.057744], [-89.416406, 48.05769], [-89.416416, 48.057677], [-89.416443, 48.057669], [-89.416513, 48.057672], [-89.416608, 48.05769], [-89.416689, 48.057683], [-89.416756, 48.057651], [-89.41681, 48.057595], [-89.41685, 48.057514], [-89.416847, 48.057453], [-89.4168, 48.057413], [-89.416709, 48.057393], [-89.416574, 48.057393], [-89.416453, 48.057377], [-89.416345, 48.057345], [-89.416251, 48.057298], [-89.41617, 48.057235], [-89.416109, 48.057197], [-89.416069, 48.057183], [-89.416048, 48.057195], [-89.416048, 48.057231], [-89.415961, 48.057264], [-89.415785, 48.057296], [-89.415523, 48.057325], [-89.415172, 48.057352], [-89.414869, 48.057393], [-89.414613, 48.057447], [-89.414404, 48.057514], [-89.414246, 48.057593], [-89.414127, 48.057622], [-89.413727, 48.057676], [-89.41345, 48.057656], [-89.413333, 48.057578], [-89.413298, 48.057487], [-89.413298, 48.057375], [-89.413447, 48.057213], [-89.413743, 48.057069], [-89.414188, 48.056943], [-89.414781, 48.056835], [-89.415293, 48.05676], [-89.415725, 48.05672], [-89.416075, 48.056713], [-89.416345, 48.05674], [-89.416594, 48.056799], [-89.416823, 48.056889], [-89.417032, 48.05701], [-89.417221, 48.057163], [-89.417353, 48.057316], [-89.417427, 48.057469], [-89.417444, 48.057622], [-89.417403, 48.057775], [-89.41712, 48.057975], [-89.416594, 48.058223], [-89.415965, 48.058464], [-89.415853, 48.058459], [-89.415711, 48.058392], [-89.41563, 48.058266], [-89.415624, 48.058155]]]}}, {"type": "Feature", "properties": {"lead": 120, "temp": "t8"}, "geometry": {"type": "Polygon", "coordinates": [[[-89.413635, 48.058761], [-89.4138, 48.058731], [-89.413996, 48.058673], [-89.414222, 48.058585], [-89.414478, 48.058468], [-89.41469, 48.058414], [-89.414859, 48.058423], [-89.414983, 48.058495], [-89.415064, 48.05863], [-89.415007, 48.058765], [-89.414923, 48.058823], [-89.414815, 48.05886], [-89.414057, 48.059078], [-89.413551, 48.059172], [-89.413298, 48.059143], [-89.413298, 48.05899], [-89.413383, 48.058846], [-89.413472, 48.058774], [-89.41351, 48.058761], [-89.413635, 48.058761]]]}}, {"type": "Feature", "properties": {"lead": 120, "temp": "t8"}, "geometry": {"type": "Polygon", "coordinates": [[[-89.413363, 48.068464], [-89.413389, 48.068299], [-89.41349, 48.068119], [-89.413662, 48.067948], [-89.413905, 48.067786], [-89.414026, 48.067588], [-89.414026, 48.067354], [-89.413905, 48.067084], [-89.413662, 48.066778], [-89.41348, 48.066486], [-89.413359, 48.066207], [-89.413298, 48.065942], [-89.413298, 48.065892], [-89.413342, 48.065786], [-89.41343, 48.065746], [-89.413561, 48.065771], [-89.413736, 48.065861], [-89.413878, 48.065964], [-89.413986, 48.066081], [-89.41406, 48.066211], [-89.4141, 48.066355], [-89.414185, 48.066506], [-89.414313, 48.066664], [-89.414485, 48.066828], [-89.41466, 48.066967], [-89.414677, 48.066988], [-89.414733, 48.067034], [-89.414852, 48.067163], [-89.41494, 48.06732], [-89.414963, 48.067471], [-89.414923, 48.067615], [-89.414805, 48.067788], [-89.414609, 48.067991], [-89.414336, 48.068223], [-89.413986, 48.068483], [-89.413713, 48.068636], [-89.413517, 48.068681], [-89.413399, 48.068618], [-89.413363, 48.068464]]]}}, {"type": "Feature", "properties": {"lead": 120, "temp": "t8"}, "geometry": {"type": "Polygon", "coordinates": [[[-89.422492, 48.073279], [-89.422114, 48.073216], [-89.421764, 48.073126], [-89.42144, 48.073009], [-89.421147, 48.072921], [-89.420884, 48.072863], [-89.420652, 48.072834], [-89.42045, 48.072834], [-89.420231, 48.072795], [-89.419995, 48.072719], [-89.419742, 48.072604], [-89.419472, 48.072451], [-89.418909, 48.07231], [-89.418053, 48.072179], [-89.416904, 48.07206], [-89.415462, 48.071952], [-89.41438, 48.071839], [-89.413659, 48.071723], [-89.413298, 48.071601], [-89.413298, 48.071543], [-89.413342, 48.071462], [-89.413371, 48.071441], [-89.41347, 48.071394], [-89.413814, 48.071358], [-89.414234, 48.071365], [-89.414242, 48.071367], [-89.414404, 48.071421], [-89.414592, 48.071462], [-89.414808, 48.071489], [-89.415051, 48.071502], [-89.41532, 48.071502], [-89.415587, 48.071516], [-89.415849, 48.071543], [-89.416109, 48.071583], [-89.416339, 48.071632], [-89.416352, 48.071637], [-89.416486, 48.071671], [-89.416501, 48.071672], [-89.416557, 48.071687], [-89.416685, 48.071732], [-89.416749, 48.071772], [-89.416749, 48.071808], [-89.416877, 48.071835], [-89.417133, 48.071853], [-89.417518, 48.071862], [-89.418003, 48.071862], [-89.41803, 48.071862], [-89.418498, 48.071896], [-89.418923, 48.071963], [-89.419304, 48.072064], [-89.419641, 48.072199], [-89.419971, 48.07231], [-89.420295, 48.072395], [-89.420611, 48.072456], [-89.420921, 48.072492], [-89.421194, 48.072555], [-89.42143, 48.072645], [-89.421629, 48.072762], [-89.421791, 48.072906], [-89.42199, 48.07302], [-89.422226, 48.073106], [-89.422499, 48.073162], [-89.422809, 48.073189], [-89.42322, 48.073144], [-89.423732, 48.073027], [-89.424345, 48.072838], [-89.42506, 48.072577], [-89.425569, 48.07242], [-89.425872, 48.072366], [-89.425952, 48.072407], [-89.425845, 48.072534], [-89.425569, 48.072728], [-89.425188, 48.07291], [-89.424703, 48.073081], [-89.424231, 48.073207], [-89.423772, 48.073288], [-89.423328, 48.073324], [-89.422896, 48.073315], [-89.422492, 48.073279]]]}}, {"type": "Feature", "properties": {"lead": 120, "temp": "t8"}, "geometry": {"type": "Polygon", "coordinates": [[[-89.413435, 48.083762], [-89.413551, 48.083674], [-89.413784, 48.083579], [-89.414107, 48.083498], [-89.414441, 48.08339], [-89.414785, 48.083256], [-89.415138, 48.083094], [-89.415502, 48.082905], [-89.416059, 48.082718], [-89.41627, 48.082657], [-89.417029, 48.082459], [-89.418192, 48.082203], [-89.419621, 48.081924], [-89.42081, 48.081751], [-89.421761, 48.081684], [-89.422231, 48.081709], [-89.422633, 48.081807], [-89.422997, 48.081924], [-89.423321, 48.082059], [-89.423604, 48.082212], [-89.42381, 48.082367], [-89.423938, 48.082525], [-89.42396, 48.082594], [-89.423965, 48.082642], [-89.423949, 48.082873], [-89.423911, 48.082954], [-89.423836, 48.083008], [-89.423739, 48.083008], [-89.423617, 48.082954], [-89.423516, 48.082878], [-89.423435, 48.082779], [-89.423375, 48.082657], [-89.423334, 48.082513], [-89.42328, 48.082405], [-89.423213, 48.082334], [-89.423132, 48.082298], [-89.423038, 48.082298], [-89.422957, 48.082282], [-89.42289, 48.08225], [-89.422836, 48.082203], [-89.422795, 48.08214], [-89.422613, 48.082093], [-89.42229, 48.082061], [-89.421825, 48.082046], [-89.421548, 48.082046], [-89.421333, 48.082046], [-89.421218, 48.082046], [-89.420763, 48.082055], [-89.42046, 48.082073], [-89.420308, 48.0821], [-89.420308, 48.082136], [-89.42019, 48.082183], [-89.419954, 48.082241], [-89.4196, 48.082311], [-89.419129, 48.082392], [-89.418744, 48.082475], [-89.418448, 48.082561], [-89.418239, 48.082648], [-89.418155, 48.08271], [-89.418138, 48.082716], [-89.418099, 48.082746], [-89.417919, 48.082819], [-89.417642, 48.082891], [-89.417288, 48.082954], [-89.416857, 48.083008], [-89.416362, 48.083114], [-89.415802, 48.083271], [-89.415179, 48.08348], [-89.414491, 48.083741], [-89.413969, 48.083908], [-89.413612, 48.08398], [-89.41342, 48.083957], [-89.413393, 48.08384], [-89.413435, 48.083762]]]}}, {"type": "Feature", "properties": {"lead": 120, "temp": "t12far"}, "geometry": {"type": "Polygon", "coordinates": [[[-89.474286, 48.050996], [-89.474185, 48.050946], [-89.474087, 48.050872], [-89.473993, 48.050773], [-89.473909, 48.050714], [-89.473835, 48.050696], [-89.473771, 48.050719], [-89.473717, 48.050782], [-89.473669, 48.050813], [-89.473629, 48.050813], [-89.473595, 48.050782], [-89.473568, 48.050719], [-89.473518, 48.050674], [-89.473444, 48.050647], [-89.473346, 48.050638], [-89.473225, 48.050647], [-89.473073, 48.05062], [-89.472891, 48.050557], [-89.472679, 48.050458], [-89.472436, 48.050323], [-89.472018, 48.050154], [-89.471425, 48.049952], [-89.470657, 48.049715], [-89.469713, 48.049445], [-89.468961, 48.049214], [-89.468402, 48.04902], [-89.468035, 48.048865], [-89.467859, 48.048748], [-89.467711, 48.048615], [-89.46759, 48.048466], [-89.467495, 48.048302], [-89.467428, 48.048122], [-89.467442, 48.047987], [-89.467536, 48.047897], [-89.467711, 48.047852], [-89.467967, 48.047852], [-89.468183, 48.047888], [-89.468358, 48.04796], [-89.468493, 48.048068], [-89.468587, 48.048212], [-89.468756, 48.048356], [-89.468999, 48.0485], [-89.469315, 48.048644], [-89.469706, 48.048788], [-89.470134, 48.048925], [-89.470599, 48.049056], [-89.471101, 48.04918], [-89.471641, 48.049297], [-89.47216, 48.049439], [-89.472658, 48.049605], [-89.473137, 48.049796], [-89.473595, 48.050012], [-89.474027, 48.050181], [-89.474431, 48.050303], [-89.474808, 48.050377], [-89.475159, 48.050404], [-89.475398, 48.050426], [-89.475526, 48.050444], [-89.475543, 48.050458], [-89.475449, 48.050467], [-89.475338, 48.050507], [-89.47521, 48.050579], [-89.475065, 48.050683], [-89.474903, 48.050818], [-89.474755, 48.050919], [-89.47462, 48.050987], [-89.474498, 48.05102], [-89.474391, 48.05102], [-89.474286, 48.050996]]]}}, {"type": "Feature", "properties": {"lead": 120, "temp": "t12far"}, "geometry": {"type": "Polygon", "coordinates": [[[-89.475971, 48.050631], [-89.475924, 48.050609], [-89.4759, 48.050584], [-89.4759, 48.050557], [-89.475924, 48.050539], [-89.475971, 48.05053], [-89.476042, 48.05053], [-89.476136, 48.050539], [-89.476207, 48.050555], [-89.476254, 48.050577], [-89.476278, 48.050606], [-89.476278, 48.050642], [-89.476254, 48.050665], [-89.476207, 48.050674], [-89.476136, 48.050669], [-89.476042, 48.050651], [-89.475971, 48.050631]]]}}, {"type": "Feature", "properties": {"lead": 120, "temp": "t12far"}, "geometry": {"type": "Polygon", "coordinates": [[[-89.476318, 48.050942], [-89.476372, 48.050892], [-89.47646, 48.050845], [-89.476581, 48.0508], [-89.476672, 48.050773], [-89.476733, 48.050764], [-89.476763, 48.050773], [-89.476763, 48.0508], [-89.476736, 48.050838], [-89.476682, 48.050888], [-89.476601, 48.050948], [-89.476494, 48.05102], [-89.476409, 48.051061], [-89.476349, 48.05107], [-89.476312, 48.051047], [-89.476298, 48.050993], [-89.476318, 48.050942]]]}}, {"type": "Feature", "properties": {"lead": 120, "temp": "t12far"}, "geometry": {"type": "Polygon", "coordinates": [[[-89.47829, 48.053892], [-89.478323, 48.053784], [-89.478482, 48.05368], [-89.478765, 48.053581], [-89.478984, 48.053462], [-89.479139, 48.053322], [-89.47923, 48.053163], [-89.479257, 48.052983], [-89.479227, 48.052803], [-89.479139, 48.052623], [-89.478994, 48.052443], [-89.478792, 48.052263], [-89.47863, 48.052098], [-89.478509, 48.05195], [-89.478428, 48.051817], [-89.478387, 48.0517], [-89.478239, 48.051554], [-89.477983, 48.051378], [-89.477619, 48.051173], [-89.477147, 48.050939], [-89.476918, 48.050771], [-89.476932, 48.050667], [-89.477188, 48.050629], [-89.477656, 48.050654], [-89.47767, 48.050656], [-89.478216, 48.050755], [-89.478516, 48.050858], [-89.478569, 48.050966], [-89.478714, 48.051128], [-89.47895, 48.051344], [-89.479277, 48.051615], [-89.479695, 48.051939], [-89.479992, 48.052272], [-89.480167, 48.052614], [-89.480221, 48.052965], [-89.480153, 48.053325], [-89.480025, 48.053622], [-89.479837, 48.053856], [-89.479587, 48.054027], [-89.479277, 48.054135], [-89.479215, 48.05416], [-89.479078, 48.054186], [-89.478829, 48.054182], [-89.478596, 48.054121], [-89.478381, 48.054004], [-89.47829, 48.053892]], [[-89.477353, 48.050847], [-89.477319, 48.050861], [-89.477302, 48.050881], [-89.477302, 48.050908], [-89.477319, 48.050921], [-89.477353, 48.050921], [-89.477403, 48.050908], [-89.477471, 48.050881], [-89.477505, 48.050861], [-89.477505, 48.050847], [-89.477471, 48.05084], [-89.477403, 48.05084], [-89.477353, 48.050847]]]}}, {"type": "Feature", "properties": {"lead": 120, "temp": "t12far"}, "geometry": {"type": "Polygon", "coordinates": [[[-89.477683, 48.054596], [-89.47769, 48.0546], [-89.477646, 48.054612], [-89.477552, 48.05463], [-89.477478, 48.054641], [-89.477424, 48.054645], [-89.47739, 48.054643], [-89.477376, 48.054634], [-89.477393, 48.054625], [-89.47744, 48.054616], [-89.477518, 48.054607], [-89.477626, 48.054598], [-89.477683, 48.054596]]]}}, {"type": "Feature", "properties": {"lead": 120, "temp": "t12far"}, "geometry": {"type": "Polygon", "coordinates": [[[-89.476413, 48.054758], [-89.476763, 48.054744], [-89.476774, 48.054753], [-89.47652, 48.054783], [-89.475533, 48.054873], [-89.474913, 48.054915], [-89.474256, 48.05494], [-89.473983, 48.054942], [-89.474138, 48.05492], [-89.474721, 48.054873], [-89.475732, 48.054801], [-89.476413, 48.054758]]]}}, {"type": "Feature", "properties": {"lead": 120, "temp": "t12far"}, "geometry": {"type": "Polygon", "coordinates": [[[-89.470131, 48.054963], [-89.470508, 48.054945], [-89.471088, 48.054949], [-89.47187, 48.054976], [-89.472311, 48.054999], [-89.472412, 48.055017], [-89.472173, 48.05503], [-89.471593, 48.055039], [-89.471115, 48.055053], [-89.470737, 48.055071], [-89.470461, 48.055093], [-89.470396, 48.055103], [-89.470185, 48.055116], [-89.47014, 48.055123], [-89.470047, 48.055107], [-89.469983, 48.055066], [-89.469956, 48.055003], [-89.470131, 48.054963]]]}}, {"type": "Feature", "properties": {"lead": 120, "temp": "t12far"}, "geometry": {"type": "Polygon", "coordinates": [[[-89.463708, 48.05602], [-89.463526, 48.055872], [-89.463364, 48.055674], [-89.463158, 48.055494], [-89.462909, 48.055332], [-89.462616, 48.055188], [-89.462279, 48.055062], [-89.461982, 48.054965], [-89.461726, 48.054897], [-89.46151, 48.054859], [-89.461335, 48.05485], [-89.461244, 48.054828], [-89.461237, 48.054792], [-89.461315, 48.054742], [-89.461477, 48.054679], [-89.461679, 48.054632], [-89.461921, 48.0546], [-89.462204, 48.054585], [-89.462528, 48.054585], [-89.462814, 48.0546], [-89.463064, 48.054632], [-89.463276, 48.054679], [-89.463451, 48.054742], [-89.463627, 48.05483], [-89.463802, 48.054942], [-89.463977, 48.05508], [-89.464152, 48.055242], [-89.464371, 48.055334], [-89.464634, 48.055356], [-89.464941, 48.055309], [-89.465291, 48.055192], [-89.465602, 48.055116], [-89.465871, 48.05508], [-89.4661, 48.055084], [-89.466289, 48.055129], [-89.466495, 48.055152], [-89.466717, 48.055152], [-89.466956, 48.055129], [-89.467212, 48.055084], [-89.467516, 48.05505], [-89.467866, 48.055028], [-89.468264, 48.055017], [-89.468709, 48.055017], [-89.469049, 48.055026], [-89.469285, 48.055044], [-89.469416, 48.055071], [-89.469443, 48.055107], [-89.469275, 48.055158], [-89.468911, 48.055226], [-89.468351, 48.055309], [-89.467597, 48.055408], [-89.466923, 48.055521], [-89.466329, 48.055647], [-89.465817, 48.055786], [-89.465386, 48.055939], [-89.465002, 48.056054], [-89.464678, 48.056127], [-89.464375, 48.056169], [-89.464132, 48.056169], [-89.46391, 48.056119], [-89.463708, 48.05602]]]}}, {"type": "Feature", "properties": {"lead": 120, "temp": "t12far"}, "geometry": {"type": "Polygon", "coordinates": [[[-89.457176, 48.056137], [-89.45748, 48.055989], [-89.457817, 48.055845], [-89.458046, 48.055761], [-89.458167, 48.055739], [-89.458177, 48.055766], [-89.457749, 48.055998], [-89.457331, 48.056268], [-89.456946, 48.056489], [-89.456833, 48.056542], [-89.45655, 48.056657], [-89.456428, 48.056679], [-89.456469, 48.05661], [-89.456671, 48.056448], [-89.456907, 48.05629], [-89.457176, 48.056137]]]}}, {"type": "Feature", "properties": {"lead": 120, "temp": "t12far"}, "geometry": {"type": "Polygon", "coordinates": [[[-89.455822, 48.056952], [-89.455835, 48.056952], [-89.455815, 48.056965], [-89.455761, 48.056992], [-89.455714, 48.057012], [-89.455673, 48.057026], [-89.45564, 48.057033], [-89.455613, 48.057033], [-89.455613, 48.057026], [-89.45564, 48.057012], [-89.455694, 48.056992], [-89.455774, 48.056965], [-89.455822, 48.056952]]]}}, {"type": "Feature", "properties": {"lead": 120, "temp": "t12far"}, "geometry": {"type": "Polygon", "coordinates": [[[-89.416318, 48.058425], [-89.416399, 48.058385], [-89.416554, 48.058329], [-89.416783, 48.058257], [-89.416978, 48.05818], [-89.41714, 48.058099], [-89.417268, 48.058014], [-89.417363, 48.057924], [-89.417423, 48.057818], [-89.41745, 48.057696], [-89.417444, 48.057559], [-89.417432, 48.057514], [-89.417427, 48.057469], [-89.417411, 48.057438], [-89.417403, 48.057406], [-89.417367, 48.057346], [-89.417353, 48.057316], [-89.417341, 48.057303], [-89.417315, 48.05726], [-89.417181, 48.05712], [-89.417058, 48.057031], [-89.417032, 48.05701], [-89.417018, 48.057002], [-89.416999, 48.056988], [-89.416907, 48.056937], [-89.416823, 48.056889], [-89.416807, 48.056882], [-89.41677, 48.056862], [-89.416703, 48.056841], [-89.416594, 48.056799], [-89.416345, 48.05674], [-89.416075, 48.056713], [-89.415725, 48.05672], [-89.415293, 48.05676], [-89.415021, 48.0568], [-89.415031, 48.056772], [-89.415179, 48.056718], [-89.415432, 48.056666], [-89.415789, 48.056616], [-89.416251, 48.056569], [-89.416817, 48.056524], [-89.417288, 48.056531], [-89.417666, 48.056589], [-89.417949, 48.0567], [-89.418138, 48.056862], [-89.418286, 48.057026], [-89.418394, 48.057192], [-89.418461, 48.057361], [-89.418488, 48.057532], [-89.418481, 48.05766], [-89.418441, 48.057746], [-89.418367, 48.057789], [-89.418259, 48.057789], [-89.418077, 48.057831], [-89.417821, 48.057917], [-89.417491, 48.058045], [-89.417086, 48.058216], [-89.416766, 48.058342], [-89.41653, 48.058423], [-89.416379, 48.058459], [-89.416311, 48.05845], [-89.416318, 48.058425]]]}}, {"type": "Feature", "properties": {"lead": 120, "temp": "t12far"}, "geometry": {"type": "Polygon", "coordinates": [[[-89.44526, 48.061168], [-89.445691, 48.060961], [-89.446143, 48.060772], [-89.446615, 48.060601], [-89.447225, 48.060441], [-89.447973, 48.060293], [-89.448859, 48.060155], [-89.449884, 48.060029], [-89.450635, 48.059899], [-89.451114, 48.059764], [-89.451319, 48.059624], [-89.451252, 48.05948], [-89.451262, 48.059348], [-89.45135, 48.059226], [-89.451515, 48.059116], [-89.451757, 48.059017], [-89.451953, 48.058988], [-89.452101, 48.059028], [-89.452202, 48.059138], [-89.452256, 48.059318], [-89.452364, 48.059474], [-89.452526, 48.059604], [-89.452741, 48.05971], [-89.453011, 48.059791], [-89.453156, 48.059879], [-89.453176, 48.059973], [-89.453072, 48.060074], [-89.452843, 48.060182], [-89.452535, 48.060284], [-89.452455, 48.060304], [-89.451919, 48.060412], [-89.451245, 48.060529], [-89.450531, 48.060623], [-89.449776, 48.060695], [-89.449764, 48.060696], [-89.449041, 48.060731], [-89.448246, 48.060749], [-89.44745, 48.060839], [-89.446655, 48.061001], [-89.446644, 48.061005], [-89.446493, 48.061035], [-89.445678, 48.061271], [-89.444869, 48.061577], [-89.444537, 48.061714], [-89.444363, 48.061741], [-89.444458, 48.061636], [-89.444849, 48.061393], [-89.44526, 48.061168]]]}}, {"type": "Feature", "properties": {"lead": 120, "temp": "t12far"}, "geometry": {"type": "Polygon", "coordinates": [[[-89.419118, 48.064317], [-89.418195, 48.064056], [-89.417336, 48.063773], [-89.41654, 48.063467], [-89.415816, 48.063233], [-89.415162, 48.063071], [-89.414579, 48.062981], [-89.414562, 48.06298], [-89.414276, 48.062936], [-89.413885, 48.062936], [-89.413883, 48.062936], [-89.413683, 48.062907], [-89.413426, 48.062812], [-89.413298, 48.06268], [-89.413298, 48.062509], [-89.413423, 48.062385], [-89.413672, 48.062308], [-89.414047, 48.062279], [-89.414545, 48.062297], [-89.415125, 48.062385], [-89.415785, 48.062542], [-89.416527, 48.06277], [-89.417349, 48.063067], [-89.418215, 48.063346], [-89.419125, 48.063606], [-89.420079, 48.063849], [-89.421076, 48.064074], [-89.422054, 48.064194], [-89.423011, 48.064207], [-89.423948, 48.064115], [-89.424864, 48.063917], [-89.425673, 48.063762], [-89.426374, 48.063649], [-89.426967, 48.063579], [-89.427453, 48.063552], [-89.427914, 48.063498], [-89.428352, 48.063417], [-89.428767, 48.06331], [-89.429158, 48.063175], [-89.429734, 48.063022], [-89.430496, 48.062851], [-89.431443, 48.062662], [-89.432575, 48.062455], [-89.433448, 48.062286], [-89.434061, 48.062155], [-89.434415, 48.062063], [-89.434509, 48.062009], [-89.434627, 48.061969], [-89.434769, 48.061942], [-89.434934, 48.061928], [-89.435123, 48.061928], [-89.435419, 48.061863], [-89.435824, 48.061732], [-89.436336, 48.061537], [-89.436956, 48.061276], [-89.437536, 48.06108], [-89.438075, 48.06095], [-89.438574, 48.060884], [-89.439032, 48.060884], [-89.439423, 48.060925], [-89.439746, 48.061006], [-89.440003, 48.061127], [-89.440191, 48.061289], [-89.440343, 48.061478], [-89.440458, 48.061694], [-89.440535, 48.061937], [-89.440576, 48.062207], [-89.440633, 48.062412], [-89.440707, 48.062551], [-89.440798, 48.062626], [-89.440906, 48.062635], [-89.441034, 48.062619], [-89.441182, 48.062578], [-89.441351, 48.062513], [-89.441539, 48.062423], [-89.441755, 48.062362], [-89.441998, 48.062331], [-89.442267, 48.062329], [-89.442564, 48.062356], [-89.442769, 48.062398], [-89.442884, 48.062457], [-89.442908, 48.062531], [-89.44284, 48.062621], [-89.442702, 48.062725], [-89.442532, 48.06282], [-89.442213, 48.062972], [-89.441863, 48.063116], [-89.441529, 48.063222], [-89.441212, 48.063289], [-89.440913, 48.063319], [-89.440629, 48.06331], [-89.4404, 48.063287], [-89.440225, 48.063251], [-89.440104, 48.063202], [-89.440036, 48.063139], [-89.439932, 48.06308], [-89.43979, 48.063026], [-89.439612, 48.062977], [-89.439396, 48.062932], [-89.439265, 48.062871], [-89.439217, 48.062794], [-89.439254, 48.062702], [-89.439376, 48.062594], [-89.439467, 48.062475], [-89.439527, 48.062344], [-89.439558, 48.062203], [-89.439558, 48.06205], [-89.439531, 48.06191], [-89.439477, 48.061784], [-89.439396, 48.061672], [-89.439288, 48.061573], [-89.439163, 48.061487], [-89.439022, 48.061415], [-89.438864, 48.061357], [-89.438688, 48.061312], [-89.438516, 48.061296], [-89.438506, 48.061294], [-89.438277, 48.061267], [-89.438035, 48.061258], [-89.437694, 48.061316], [-89.437256, 48.061442], [-89.437189, 48.061467], [-89.437168, 48.061472], [-89.436757, 48.061602], [-89.436316, 48.061771], [-89.435844, 48.061978], [-89.435456, 48.062162], [-89.435153, 48.062324], [-89.434934, 48.062464], [-89.434799, 48.062581], [-89.434641, 48.062668], [-89.434459, 48.062727], [-89.434253, 48.062756], [-89.434024, 48.062756], [-89.433771, 48.062788], [-89.433495, 48.062851], [-89.433195, 48.062945], [-89.432872, 48.063071], [-89.432471, 48.06319], [-89.431992, 48.063303], [-89.431436, 48.063408], [-89.430802, 48.063507], [-89.43024, 48.063613], [-89.429748, 48.063726], [-89.429326, 48.063845], [-89.428976, 48.063971], [-89.428592, 48.064072], [-89.428174, 48.064149], [-89.427722, 48.0642], [-89.427237, 48.064227], [-89.426637, 48.064299], [-89.425923, 48.064416], [-89.425094, 48.064578], [-89.42415, 48.064785], [-89.423179, 48.064886], [-89.422182, 48.064882], [-89.421157, 48.064772], [-89.420106, 48.064556], [-89.419118, 48.064317]]]}}, {"type": "Feature", "properties": {"lead": 120, "temp": "t12far"}, "geometry": {"type": "Polygon", "coordinates": [[[-89.413339, 48.067856], [-89.413393, 48.067725], [-89.41348, 48.067575], [-89.413602, 48.067404], [-89.413662, 48.067224], [-89.413662, 48.067035], [-89.413602, 48.066837], [-89.41348, 48.06663], [-89.41345, 48.066551], [-89.413511, 48.066601], [-89.413662, 48.066778], [-89.413905, 48.067084], [-89.414026, 48.067354], [-89.414026, 48.067588], [-89.413905, 48.067786], [-89.413662, 48.067948], [-89.413618, 48.067992], [-89.413521, 48.068047], [-89.413399, 48.068083], [-89.413332, 48.068056], [-89.413319, 48.067966], [-89.413339, 48.067856]]]}}, {"type": "Feature", "properties": {"lead": 120, "temp": "t12far"}, "geometry": {"type": "Polygon", "coordinates": [[[-89.438874, 48.070058], [-89.438934, 48.069995], [-89.439099, 48.069914], [-89.439369, 48.069815], [-89.439568, 48.069759], [-89.439696, 48.069745], [-89.439753, 48.069775], [-89.43974, 48.069847], [-89.439703, 48.069914], [-89.439642, 48.069977], [-89.439558, 48.070036], [-89.43945, 48.07009], [-89.439332, 48.070123], [-89.439204, 48.070137], [-89.439066, 48.07013], [-89.438917, 48.070103], [-89.438874, 48.070058]]]}}, {"type": "Feature", "properties": {"lead": 120, "temp": "t12far"}, "geometry": {"type": "Polygon", "coordinates": [[[-89.423098, 48.073781], [-89.422775, 48.073767], [-89.422445, 48.073774], [-89.422108, 48.073801], [-89.421828, 48.073808], [-89.421606, 48.073794], [-89.42144, 48.07376], [-89.421333, 48.073706], [-89.421248, 48.073639], [-89.421188, 48.073558], [-89.421151, 48.073463], [-89.421137, 48.073355], [-89.42109, 48.073259], [-89.421009, 48.073173], [-89.420894, 48.073099], [-89.420746, 48.073036], [-89.420183, 48.072917], [-89.419206, 48.072741], [-89.417814, 48.07251], [-89.416008, 48.072222], [-89.415014, 48.072033], [-89.414832, 48.071943], [-89.415462, 48.071952], [-89.416904, 48.07206], [-89.418053, 48.072179], [-89.418909, 48.07231], [-89.419472, 48.072451], [-89.419742, 48.072604], [-89.419995, 48.072719], [-89.420231, 48.072795], [-89.42045, 48.072834], [-89.420652, 48.072834], [-89.420884, 48.072863], [-89.421147, 48.072921], [-89.42144, 48.073009], [-89.421764, 48.073126], [-89.422114, 48.073216], [-89.422492, 48.073279], [-89.422896, 48.073315], [-89.423328, 48.073324], [-89.423772, 48.073288], [-89.424231, 48.073207], [-89.424703, 48.073081], [-89.425188, 48.07291], [-89.425569, 48.072728], [-89.425845, 48.072534], [-89.426017, 48.07233], [-89.426084, 48.072114], [-89.426435, 48.071857], [-89.426736, 48.071716], [-89.426792, 48.071723], [-89.426832, 48.07175], [-89.426832, 48.071794], [-89.426856, 48.071828], [-89.426903, 48.071851], [-89.426974, 48.071862], [-89.427068, 48.071862], [-89.427129, 48.071844], [-89.427156, 48.071808], [-89.427149, 48.071754], [-89.427109, 48.071682], [-89.427324, 48.071547], [-89.427796, 48.071349], [-89.428524, 48.071088], [-89.429508, 48.070764], [-89.430371, 48.070512], [-89.431099, 48.070332], [-89.431813, 48.070197], [-89.432366, 48.070143], [-89.432872, 48.070125], [-89.43333, 48.070143], [-89.433741, 48.070197], [-89.434105, 48.070287], [-89.434466, 48.070359], [-89.434823, 48.070413], [-89.435177, 48.070449], [-89.435527, 48.070467], [-89.435719, 48.07049], [-89.435753, 48.070517], [-89.435628, 48.070548], [-89.435345, 48.070584], [-89.435092, 48.070634], [-89.43487, 48.070697], [-89.434678, 48.070773], [-89.434516, 48.070863], [-89.434284, 48.070915], [-89.43398, 48.070929], [-89.433606, 48.070904], [-89.433161, 48.070841], [-89.432669, 48.07083], [-89.43213, 48.07087], [-89.431544, 48.070962], [-89.43091, 48.071106], [-89.43026, 48.071275], [-89.429593, 48.071468], [-89.428908, 48.071687], [-89.428207, 48.071929], [-89.427628, 48.072177], [-89.427169, 48.072429], [-89.426832, 48.072685], [-89.426617, 48.072946], [-89.426324, 48.07318], [-89.425953, 48.073387], [-89.425505, 48.073567], [-89.424979, 48.07372], [-89.424507, 48.073821], [-89.424089, 48.073871], [-89.423725, 48.073868], [-89.423415, 48.073814], [-89.423098, 48.073781]]]}}, {"type": "Feature", "properties": {"lead": 120, "temp": "t12far"}, "geometry": {"type": "Polygon", "coordinates": [[[-89.42971, 48.081169], [-89.429414, 48.080989], [-89.429158, 48.080764], [-89.428969, 48.080539], [-89.428848, 48.080314], [-89.428794, 48.080089], [-89.428807, 48.079864], [-89.428898, 48.079628], [-89.429067, 48.079381], [-89.429313, 48.079122], [-89.429636, 48.078852], [-89.430081, 48.078562], [-89.430647, 48.078252], [-89.431335, 48.077921], [-89.432144, 48.07757], [-89.432922, 48.077271], [-89.43367, 48.077024], [-89.434388, 48.076828], [-89.435076, 48.076684], [-89.435766, 48.076493], [-89.436461, 48.076255], [-89.437158, 48.075969], [-89.437859, 48.075636], [-89.438634, 48.075301], [-89.439484, 48.074964], [-89.440407, 48.074624], [-89.441405, 48.074282], [-89.442385, 48.073907], [-89.443349, 48.073497], [-89.444296, 48.073054], [-89.445226, 48.072577], [-89.446015, 48.072204], [-89.446662, 48.071934], [-89.447167, 48.071767], [-89.447531, 48.071705], [-89.447932, 48.071556], [-89.44837, 48.071322], [-89.448846, 48.071003], [-89.449358, 48.070598], [-89.450002, 48.07017], [-89.450777, 48.069721], [-89.451683, 48.069248], [-89.452721, 48.068753], [-89.453655, 48.068344], [-89.454484, 48.06802], [-89.455208, 48.067782], [-89.455828, 48.067629], [-89.456368, 48.067482], [-89.456826, 48.067343], [-89.457203, 48.06721], [-89.4575, 48.067084], [-89.457978, 48.06697], [-89.458639, 48.066866], [-89.459481, 48.066774], [-89.460506, 48.066693], [-89.461419, 48.066556], [-89.462221, 48.066362], [-89.462912, 48.066112], [-89.463492, 48.065807], [-89.464085, 48.065546], [-89.464692, 48.06533], [-89.465312, 48.065159], [-89.465945, 48.065033], [-89.466404, 48.064916], [-89.466687, 48.064808], [-89.466795, 48.064709], [-89.466727, 48.064619], [-89.4664, 48.064524], [-89.465814, 48.064425], [-89.464968, 48.064322], [-89.463863, 48.064214], [-89.462835, 48.064185], [-89.461884, 48.064234], [-89.461012, 48.064362], [-89.460216, 48.064569], [-89.459121, 48.064761], [-89.457726, 48.064936], [-89.456031, 48.065096], [-89.454036, 48.06524], [-89.452425, 48.065397], [-89.451198, 48.065568], [-89.450355, 48.065753], [-89.449897, 48.065951], [-89.449432, 48.066121], [-89.44896, 48.066265], [-89.448482, 48.066382], [-89.447996, 48.066472], [-89.447289, 48.066544], [-89.446359, 48.066598], [-89.445206, 48.066634], [-89.443831, 48.066652], [-89.442736, 48.066684], [-89.44192, 48.066729], [-89.441384, 48.066787], [-89.441128, 48.066859], [-89.440977, 48.067001], [-89.440929, 48.067213], [-89.440987, 48.067494], [-89.441148, 48.067845], [-89.441236, 48.068124], [-89.44125, 48.06833], [-89.441189, 48.068465], [-89.441054, 48.068528], [-89.44095, 48.068609], [-89.440875, 48.068708], [-89.440832, 48.068825], [-89.440818, 48.06896], [-89.440778, 48.06908], [-89.44071, 48.069183], [-89.440616, 48.069271], [-89.440495, 48.069343], [-89.44039, 48.069388], [-89.440303, 48.069406], [-89.440232, 48.069397], [-89.440178, 48.069361], [-89.440154, 48.069316], [-89.440161, 48.069262], [-89.440179, 48.069231], [-89.440198, 48.069221], [-89.440265, 48.06914], [-89.440316, 48.069028], [-89.44035, 48.068884], [-89.440367, 48.068708], [-89.440367, 48.068501], [-89.440323, 48.068254], [-89.440235, 48.067966], [-89.440104, 48.067638], [-89.439928, 48.067269], [-89.439928, 48.066945], [-89.440104, 48.066666], [-89.440454, 48.066432], [-89.44098, 48.066243], [-89.441718, 48.066099], [-89.442668, 48.066], [-89.443831, 48.065946], [-89.445206, 48.065937], [-89.446332, 48.065912], [-89.447208, 48.065872], [-89.447835, 48.065816], [-89.448212, 48.065744], [-89.448623, 48.065636], [-89.449068, 48.065492], [-89.449547, 48.065312], [-89.450059, 48.065096], [-89.450955, 48.064898], [-89.452236, 48.064718], [-89.453901, 48.064556], [-89.45595, 48.064412], [-89.457705, 48.06425], [-89.459168, 48.06407], [-89.460337, 48.063872], [-89.461214, 48.063656], [-89.462026, 48.063521], [-89.462774, 48.063467], [-89.463458, 48.063494], [-89.464078, 48.063602], [-89.464688, 48.063687], [-89.465288, 48.06375], [-89.465878, 48.063791], [-89.466457, 48.063809], [-89.466929, 48.063883], [-89.467293, 48.064014], [-89.467549, 48.0642], [-89.467698, 48.064443], [-89.467806, 48.064662], [-89.467873, 48.064855], [-89.4679, 48.065024], [-89.467886, 48.065168], [-89.467846, 48.065291], [-89.467779, 48.065395], [-89.467684, 48.065478], [-89.467563, 48.065541], [-89.467364, 48.065591], [-89.467088, 48.065627], [-89.466734, 48.065649], [-89.466302, 48.065658], [-89.465773, 48.065764], [-89.465147, 48.065966], [-89.464422, 48.066265], [-89.4636, 48.066661], [-89.462868, 48.066958], [-89.462228, 48.067156], [-89.461679, 48.067255], [-89.46122, 48.067255], [-89.460816, 48.067273], [-89.460466, 48.067309], [-89.460169, 48.067363], [-89.459926, 48.067435], [-89.45966, 48.067489], [-89.45937, 48.067525], [-89.459057, 48.067543], [-89.45872, 48.067543], [-89.458403, 48.067572], [-89.458107, 48.067631], [-89.45783, 48.067719], [-89.457792, 48.067736], [-89.457409, 48.067833], [-89.456435, 48.068124], [-89.455249, 48.06851], [-89.454187, 48.068891], [-89.45325, 48.069264], [-89.452438, 48.069631], [-89.451751, 48.069991], [-89.451104, 48.070373], [-89.450497, 48.070778], [-89.449931, 48.071205], [-89.449405, 48.071655], [-89.448913, 48.072001], [-89.448455, 48.072244], [-89.44803, 48.072384], [-89.447639, 48.07242], [-89.44712, 48.072564], [-89.446473, 48.072816], [-89.445698, 48.073176], [-89.444795, 48.073643], [-89.443861, 48.074082], [-89.442897, 48.074491], [-89.441903, 48.074871], [-89.440879, 48.075222], [-89.439942, 48.075566], [-89.439093, 48.075904], [-89.438331, 48.076234], [-89.437657, 48.076558], [-89.437088, 48.076821], [-89.436622, 48.077024], [-89.436262, 48.077165], [-89.436006, 48.077246], [-89.435733, 48.077314], [-89.435443, 48.077368], [-89.435136, 48.077408], [-89.434813, 48.077435], [-89.434344, 48.07755], [-89.433731, 48.077752], [-89.432973, 48.078043], [-89.43207, 48.07842], [-89.431348, 48.078733], [-89.430809, 48.07898], [-89.430452, 48.079163], [-89.430277, 48.07928], [-89.430128, 48.079417], [-89.430007, 48.079574], [-89.429913, 48.079752], [-89.429904, 48.079778], [-89.429845, 48.079898], [-89.429825, 48.080085], [-89.429829, 48.080096], [-89.429825, 48.080127], [-89.429852, 48.080285], [-89.429926, 48.080422], [-89.430047, 48.080539], [-89.430063, 48.080547], [-89.430182, 48.080642], [-89.430331, 48.080714], [-89.430499, 48.080768], [-89.430688, 48.080804], [-89.430897, 48.080822], [-89.431126, 48.080822], [-89.431547, 48.080771], [-89.432161, 48.080667], [-89.432966, 48.080512], [-89.433963, 48.080305], [-89.434732, 48.08015], [-89.435271, 48.080046], [-89.435581, 48.079995], [-89.435662, 48.079995], [-89.435723, 48.080017], [-89.435763, 48.080062], [-89.435783, 48.08013], [-89.435783, 48.08022], [-89.43581, 48.080294], [-89.435864, 48.080352], [-89.435945, 48.080395], [-89.436053, 48.080422], [-89.436012, 48.080478], [-89.435824, 48.080564], [-89.435487, 48.080678], [-89.435001, 48.080822], [-89.434462, 48.080959], [-89.433869, 48.08109], [-89.433222, 48.081214], [-89.432521, 48.081331], [-89.431891, 48.081407], [-89.431331, 48.081443], [-89.430843, 48.081438], [-89.430425, 48.081394], [-89.430047, 48.081304], [-89.42971, 48.081169]]]}}, {"type": "Feature", "properties": {"lead": 120, "temp": "t12far"}, "geometry": {"type": "Polygon", "coordinates": [[[-89.420706, 48.087636], [-89.42018, 48.087213], [-89.419772, 48.086851], [-89.419482, 48.08655], [-89.419311, 48.086309], [-89.419257, 48.086129], [-89.41928, 48.085945], [-89.419381, 48.085756], [-89.41956, 48.085563], [-89.419816, 48.085365], [-89.420106, 48.085201], [-89.420429, 48.08507], [-89.420787, 48.084974], [-89.421178, 48.084911], [-89.421575, 48.084818], [-89.42198, 48.084697], [-89.422391, 48.084546], [-89.422809, 48.084366], [-89.423159, 48.084162], [-89.423442, 48.083932], [-89.423658, 48.083678], [-89.423806, 48.083399], [-89.423917, 48.083157], [-89.423992, 48.08295], [-89.424029, 48.082779], [-89.424029, 48.082644], [-89.424005, 48.08252], [-89.423958, 48.082408], [-89.423887, 48.082307], [-89.423793, 48.082217], [-89.423604, 48.082113], [-89.423321, 48.081996], [-89.422943, 48.081866], [-89.422472, 48.081722], [-89.422077, 48.081614], [-89.421761, 48.081542], [-89.421521, 48.081506], [-89.42136, 48.081506], [-89.420921, 48.081576], [-89.420207, 48.081715], [-89.419216, 48.081924], [-89.417949, 48.082203], [-89.416908, 48.082459], [-89.416092, 48.082693], [-89.415502, 48.082905], [-89.415138, 48.083094], [-89.414785, 48.083256], [-89.414441, 48.08339], [-89.414107, 48.083498], [-89.413784, 48.083579], [-89.413777, 48.083582], [-89.413581, 48.083595], [-89.41342, 48.083546], [-89.413332, 48.083431], [-89.413319, 48.083251], [-89.413379, 48.083096], [-89.413514, 48.082965], [-89.413723, 48.08286], [-89.414006, 48.082779], [-89.414293, 48.082678], [-89.414582, 48.082556], [-89.414876, 48.082414], [-89.415172, 48.082253], [-89.415489, 48.082127], [-89.415826, 48.082037], [-89.416183, 48.081983], [-89.416561, 48.081965], [-89.417059, 48.081897], [-89.417679, 48.08178], [-89.418421, 48.081614], [-89.419284, 48.081398], [-89.420038, 48.081229], [-89.420686, 48.081108], [-89.421225, 48.081034], [-89.421656, 48.081007], [-89.422101, 48.081022], [-89.422559, 48.081081], [-89.423031, 48.081182], [-89.423516, 48.081326], [-89.423931, 48.08149], [-89.424275, 48.081675], [-89.424548, 48.081879], [-89.42475, 48.082104], [-89.424895, 48.082334], [-89.424982, 48.082567], [-89.425013, 48.082806], [-89.424986, 48.083049], [-89.424935, 48.083285], [-89.424861, 48.083514], [-89.424763, 48.083737], [-89.424642, 48.083953], [-89.424487, 48.084157], [-89.424298, 48.084351], [-89.424076, 48.084533], [-89.42382, 48.084704], [-89.42355, 48.084861], [-89.423267, 48.085005], [-89.42297, 48.085135], [-89.42266, 48.085252], [-89.42234, 48.085354], [-89.42201, 48.085439], [-89.42167, 48.085509], [-89.421319, 48.085563], [-89.421026, 48.085626], [-89.42079, 48.085698], [-89.420611, 48.085779], [-89.42049, 48.085869], [-89.420402, 48.085956], [-89.420348, 48.086042], [-89.420328, 48.086125], [-89.420342, 48.086206], [-89.420426, 48.086334], [-89.420581, 48.086509], [-89.420807, 48.086732], [-89.421103, 48.087002], [-89.42142, 48.087256], [-89.421757, 48.087494], [-89.422114, 48.087717], [-89.422492, 48.087924], [-89.422839, 48.08809], [-89.423156, 48.088216], [-89.423442, 48.088302], [-89.423698, 48.088347], [-89.424126, 48.088358], [-89.424726, 48.088335], [-89.425498, 48.088279], [-89.426442, 48.088189], [-89.427207, 48.088104], [-89.427793, 48.088023], [-89.428201, 48.087946], [-89.42843, 48.087874], [-89.428794, 48.087809], [-89.429293, 48.087751], [-89.429926, 48.087699], [-89.430695, 48.087654], [-89.431409, 48.087562], [-89.43207, 48.087422], [-89.432676, 48.087236], [-89.433229, 48.087002], [-89.433771, 48.08679], [-89.434304, 48.086602], [-89.434826, 48.086435], [-89.435338, 48.086291], [-89.435797, 48.086143], [-89.436201, 48.08599], [-89.436552, 48.085833], [-89.436848, 48.085671], [-89.437061, 48.085608], [-89.437189, 48.085644], [-89.437232, 48.085779], [-89.437192, 48.086012], [-89.437145, 48.086199], [-89.437091, 48.086339], [-89.43703, 48.086431], [-89.436963, 48.086476], [-89.436764, 48.086554], [-89.436434, 48.086667], [-89.436287, 48.086713], [-89.436201, 48.086739], [-89.436152, 48.086756], [-89.435972, 48.086813], [-89.435379, 48.086993], [-89.434819, 48.08718], [-89.434294, 48.087373], [-89.433802, 48.087573], [-89.433448, 48.087733], [-89.43299, 48.08789], [-89.432209, 48.088119], [-89.431807, 48.088198], [-89.43124, 48.08827], [-89.430789, 48.088317], [-89.430452, 48.08834], [-89.430229, 48.088338], [-89.430122, 48.088311], [-89.429879, 48.088324], [-89.429502, 48.088378], [-89.428989, 48.088472], [-89.428342, 48.088607], [-89.427783, 48.088695], [-89.427311, 48.088736], [-89.426927, 48.088729], [-89.42663, 48.088675], [-89.426408, 48.088648], [-89.42626, 48.088648], [-89.426185, 48.088675], [-89.426185, 48.088729], [-89.426121, 48.088787], [-89.425993, 48.08885], [-89.425801, 48.088918], [-89.425545, 48.08899], [-89.425198, 48.08903], [-89.42476, 48.089039], [-89.424231, 48.089017], [-89.423611, 48.088963], [-89.422984, 48.088823], [-89.42235, 48.088598], [-89.42171, 48.088288], [-89.421063, 48.087892], [-89.420933, 48.087808], [-89.420706, 48.087636]]]}}]}