{"type": "FeatureCollection", "features": [{"type": "Feature", "properties": {"lead": 0, "temp": "sp:lake_trout"}, "geometry": {"type": "Polygon", "coordinates": [[[-88.997245, 48.512387], [-88.997043, 48.512396], [-88.996774, 48.512396], [-88.996573, 48.512387], [-88.996438, 48.512369], [-88.996371, 48.512343], [-88.996371, 48.512307], [-88.996445, 48.512271], [-88.996593, 48.512236], [-88.996815, 48.5122], [-88.997111, 48.512164], [-88.997396, 48.512097], [-88.997672, 48.511999], [-88.997938, 48.51187], [-88.998193, 48.511709], [-88.998452, 48.511578], [-88.998714, 48.511475], [-88.99898, 48.511402], [-88.999249, 48.511357], [-88.999441, 48.511348], [-88.999555, 48.511375], [-88.999592, 48.511437], [-88.999552, 48.511535], [-88.999478, 48.511618], [-88.99937, 48.511685], [-88.999229, 48.511736], [-88.999054, 48.511772], [-88.998903, 48.511819], [-88.998775, 48.511877], [-88.998671, 48.511946], [-88.99859, 48.512026], [-88.998466, 48.512093], [-88.998297, 48.512146], [-88.998086, 48.512187], [-88.99783, 48.512213], [-88.997638, 48.512242], [-88.997511, 48.512274], [-88.997447, 48.512307], [-88.997447, 48.512343], [-88.99738, 48.512369], [-88.997245, 48.512387]]]}}, {"type": "Feature", "properties": {"lead": 0, "temp": "sp:lake_trout"}, "geometry": {"type": "Polygon", "coordinates": [[[-88.953164, 48.516388], [-88.95305, 48.516423], [-88.952969, 48.516397], [-88.952905, 48.516341], [-88.952858, 48.516256], [-88.952828, 48.516142], [-88.952814, 48.516], [-88.952858, 48.51579], [-88.952959, 48.515514], [-88.953117, 48.51517], [-88.953332, 48.51476], [-88.953564, 48.514414], [-88.953813, 48.514133], [-88.954079, 48.513917], [-88.954361, 48.513765], [-88.95465, 48.51358], [-88.954946, 48.513362], [-88.955249, 48.51311], [-88.955558, 48.512824], [-88.955968, 48.512541], [-88.956479, 48.51226], [-88.957091, 48.511981], [-88.957804, 48.511705], [-88.958423, 48.511477], [-88.958947, 48.511299], [-88.959378, 48.51117], [-88.959714, 48.511089], [-88.960057, 48.51104], [-88.960407, 48.511023], [-88.960763, 48.511036], [-88.961126, 48.51108], [-88.961442, 48.511085], [-88.961711, 48.511049], [-88.961933, 48.510973], [-88.962108, 48.510857], [-88.962306, 48.51075], [-88.962528, 48.510652], [-88.962774, 48.510563], [-88.963043, 48.510483], [-88.963342, 48.510414], [-88.963672, 48.510356], [-88.964031, 48.510309], [-88.964421, 48.510273], [-88.964748, 48.510226], [-88.96501, 48.510168], [-88.965208, 48.510099], [-88.965343, 48.510019], [-88.965605, 48.50993], [-88.965995, 48.509832], [-88.966513, 48.509725], [-88.967158, 48.509609], [-88.967794, 48.509497], [-88.968419, 48.50939], [-88.969035, 48.509288], [-88.96964, 48.509189], [-88.970262, 48.509109], [-88.970901, 48.509047], [-88.971556, 48.509002], [-88.972229, 48.508975], [-88.97274, 48.508926], [-88.97309, 48.508855], [-88.973278, 48.508761], [-88.973305, 48.508645], [-88.973379, 48.508536], [-88.9735, 48.508433], [-88.973668, 48.508338], [-88.973883, 48.508248], [-88.974135, 48.50819], [-88.974425, 48.508164], [-88.974751, 48.508168], [-88.975114, 48.508204], [-88.97543, 48.508255], [-88.975699, 48.508322], [-88.975921, 48.508404], [-88.976096, 48.508503], [-88.976223, 48.508603], [-88.976304, 48.508705], [-88.976338, 48.50881], [-88.976324, 48.508917], [-88.976284, 48.508998], [-88.976217, 48.509051], [-88.976123, 48.509078], [-88.976001, 48.509078], [-88.975887, 48.509056], [-88.97578, 48.509011], [-88.975679, 48.508944], [-88.975585, 48.508855], [-88.97542, 48.508788], [-88.975184, 48.508743], [-88.974878, 48.508721], [-88.974502, 48.508721], [-88.974229, 48.508743], [-88.974061, 48.508788], [-88.973997, 48.508855], [-88.974038, 48.508944], [-88.974112, 48.509024], [-88.974219, 48.509096], [-88.974361, 48.509158], [-88.974535, 48.509212], [-88.974633, 48.509267], [-88.974653, 48.509325], [-88.974596, 48.509386], [-88.974461, 48.509448], [-88.974189, 48.509495], [-88.973779, 48.509526], [-88.973231, 48.509542], [-88.972545, 48.509542], [-88.971997, 48.509555], [-88.971587, 48.509582], [-88.971314, 48.509622], [-88.97118, 48.509676], [-88.970907, 48.509722], [-88.970497, 48.509763], [-88.969949, 48.509796], [-88.969263, 48.509823], [-88.968729, 48.509858], [-88.968345, 48.509903], [-88.968113, 48.509957], [-88.968033, 48.510019], [-88.967938, 48.510066], [-88.967831, 48.510097], [-88.96771, 48.510113], [-88.967575, 48.510113], [-88.9674, 48.510142], [-88.967185, 48.5102], [-88.96693, 48.510287], [-88.966634, 48.510403], [-88.966368, 48.51049], [-88.966133, 48.510548], [-88.965928, 48.510577], [-88.965753, 48.510577], [-88.965581, 48.510597], [-88.965413, 48.510637], [-88.965249, 48.510697], [-88.965087, 48.510777], [-88.964848, 48.510851], [-88.964532, 48.510918], [-88.964139, 48.510978], [-88.963668, 48.511031], [-88.963248, 48.511107], [-88.962878, 48.511205], [-88.962559, 48.511326], [-88.96229, 48.511469], [-88.962058, 48.511562], [-88.961863, 48.511607], [-88.961705, 48.511602], [-88.961584, 48.511549], [-88.961419, 48.511509], [-88.96121, 48.511482], [-88.960958, 48.511469], [-88.960662, 48.511469], [-88.960343, 48.511504], [-88.96, 48.511576], [-88.959633, 48.511683], [-88.959243, 48.511825], [-88.958887, 48.511926], [-88.958564, 48.511984], [-88.958275, 48.511999], [-88.958019, 48.511972], [-88.957784, 48.511966], [-88.957569, 48.511979], [-88.957374, 48.512013], [-88.957199, 48.512066], [-88.957014, 48.512164], [-88.956819, 48.512307], [-88.956614, 48.512494], [-88.956399, 48.512726], [-88.956194, 48.512914], [-88.955999, 48.513056], [-88.955814, 48.513154], [-88.955639, 48.513208], [-88.955518, 48.513277], [-88.955451, 48.513362], [-88.955437, 48.513462], [-88.955477, 48.513578], [-88.955454, 48.513694], [-88.955366, 48.51381], [-88.955215, 48.513926], [-88.955, 48.514042], [-88.954798, 48.514214], [-88.95461, 48.514441], [-88.954435, 48.514724], [-88.954274, 48.515063], [-88.954099, 48.515373], [-88.953911, 48.515654], [-88.953709, 48.515906], [-88.953494, 48.516129], [-88.953312, 48.51629], [-88.953164, 48.516388]]]}}, {"type": "Feature", "properties": {"lead": 0, "temp": "sp:lake_trout"}, "geometry": {"type": "Polygon", "coordinates": [[[-88.924658, 48.520477], [-88.924476, 48.520379], [-88.924463, 48.520183], [-88.924648, 48.519984], [-88.925031, 48.519783], [-88.925613, 48.519581], [-88.926393, 48.519375], [-88.927025, 48.519197], [-88.927509, 48.519045], [-88.927845, 48.518921], [-88.928034, 48.518823], [-88.928239, 48.518751], [-88.928461, 48.518707], [-88.928699, 48.518689], [-88.928955, 48.518698], [-88.929194, 48.518729], [-88.929416, 48.518782], [-88.929621, 48.518858], [-88.929809, 48.518956], [-88.929987, 48.519059], [-88.930155, 48.519166], [-88.930313, 48.519277], [-88.930461, 48.519393], [-88.930589, 48.519523], [-88.930697, 48.519665], [-88.930784, 48.519821], [-88.930851, 48.519991], [-88.930902, 48.520138], [-88.930935, 48.520263], [-88.930952, 48.520365], [-88.930952, 48.520446], [-88.930935, 48.520506], [-88.930902, 48.520546], [-88.930851, 48.520566], [-88.930784, 48.520566], [-88.9307, 48.520495], [-88.930599, 48.520352], [-88.930481, 48.520138], [-88.930347, 48.519853], [-88.930172, 48.519612], [-88.929957, 48.519416], [-88.929701, 48.519264], [-88.929405, 48.519157], [-88.929076, 48.519132], [-88.928713, 48.51919], [-88.928316, 48.519331], [-88.927886, 48.519554], [-88.927391, 48.51977], [-88.926833, 48.51998], [-88.926211, 48.520183], [-88.925525, 48.520379], [-88.925007, 48.520477], [-88.924658, 48.520477]]]}}, {"type": "Feature", "properties": {"lead": 0, "temp": "sp:lake_trout"}, "geometry": {"type": "Polygon", "coordinates": [[[-88.931174, 48.523228], [-88.931107, 48.523219], [-88.931056, 48.52319], [-88.931023, 48.523141], [-88.931006, 48.523072], [-88.931006, 48.522983], [-88.93103, 48.522894], [-88.931077, 48.522805], [-88.931147, 48.522715], [-88.931241, 48.522626], [-88.931302, 48.522468], [-88.931329, 48.52224], [-88.931322, 48.521944], [-88.931282, 48.521578], [-88.931268, 48.521297], [-88.931282, 48.521101], [-88.931322, 48.52099], [-88.931389, 48.520963], [-88.931467, 48.521057], [-88.931554, 48.521271], [-88.931652, 48.521605], [-88.931759, 48.52206], [-88.9318, 48.522432], [-88.931773, 48.522722], [-88.931678, 48.522929], [-88.931517, 48.523054], [-88.931379, 48.523146], [-88.931265, 48.523204], [-88.931174, 48.523228]]]}}, {"type": "Feature", "properties": {"lead": 0, "temp": "sp:lake_trout"}, "geometry": {"type": "Polygon", "coordinates": [[[-88.942357, 48.523843], [-88.94225, 48.523745], [-88.942169, 48.523641], [-88.942115, 48.523529], [-88.942088, 48.523411], [-88.942088, 48.523286], [-88.942105, 48.523159], [-88.942139, 48.52303], [-88.942189, 48.522898], [-88.942257, 48.522764], [-88.942354, 48.522631], [-88.942482, 48.522497], [-88.94264, 48.522363], [-88.942828, 48.522229], [-88.94306, 48.52212], [-88.943336, 48.522035], [-88.943655, 48.521975], [-88.944018, 48.521939], [-88.944378, 48.521937], [-88.944735, 48.521968], [-88.945088, 48.522033], [-88.945437, 48.522131], [-88.945676, 48.522211], [-88.945804, 48.522274], [-88.945821, 48.522319], [-88.945727, 48.522345], [-88.945656, 48.522381], [-88.945609, 48.522426], [-88.945585, 48.522479], [-88.945585, 48.522541], [-88.945458, 48.522579], [-88.945202, 48.522593], [-88.944819, 48.522582], [-88.944308, 48.522546], [-88.943881, 48.522535], [-88.943538, 48.522548], [-88.943279, 48.522586], [-88.943104, 48.522648], [-88.942973, 48.522715], [-88.942885, 48.522787], [-88.942842, 48.522863], [-88.942842, 48.522943], [-88.942821, 48.523003], [-88.942781, 48.523043], [-88.942721, 48.523063], [-88.94264, 48.523063], [-88.942579, 48.523121], [-88.942539, 48.523237], [-88.942519, 48.523411], [-88.942519, 48.523643], [-88.942492, 48.523792], [-88.942438, 48.523859], [-88.942357, 48.523843]]]}}, {"type": "Feature", "properties": {"lead": 0, "temp": "sp:brook_trout"}, "geometry": {"type": "Polygon", "coordinates": [[[-88.98588, 48.508003], [-88.985655, 48.507905], [-88.98542, 48.507825], [-88.985174, 48.507762], [-88.984919, 48.507718], [-88.984814, 48.507684], [-88.984861, 48.507662], [-88.98506, 48.507651], [-88.985409, 48.507651], [-88.985702, 48.507691], [-88.985937, 48.507771], [-88.986116, 48.507891], [-88.986237, 48.508052], [-88.986274, 48.508143], [-88.986226, 48.508166], [-88.986095, 48.508119], [-88.98588, 48.508003]]]}}, {"type": "Feature", "properties": {"lead": 0, "temp": "sp:brook_trout"}, "geometry": {"type": "Polygon", "coordinates": [[[-88.984922, 48.50842], [-88.984942, 48.508407], [-88.984972, 48.5084], [-88.985013, 48.5084], [-88.985033, 48.508407], [-88.985033, 48.50842], [-88.985013, 48.50844], [-88.984972, 48.508467], [-88.984942, 48.50848], [-88.984922, 48.50848], [-88.984912, 48.508467], [-88.984912, 48.50844], [-88.984922, 48.50842]]]}}, {"type": "Feature", "properties": {"lead": 0, "temp": "sp:brook_trout"}, "geometry": {"type": "Polygon", "coordinates": [[[-88.96737, 48.510086], [-88.967498, 48.509979], [-88.967737, 48.509832], [-88.968086, 48.509644], [-88.96847, 48.509484], [-88.968887, 48.50935], [-88.969337, 48.509243], [-88.969821, 48.509163], [-88.970353, 48.509096], [-88.970931, 48.509042], [-88.971556, 48.509002], [-88.972229, 48.508975], [-88.97274, 48.508926], [-88.97309, 48.508855], [-88.973278, 48.508761], [-88.973305, 48.508645], [-88.973379, 48.508536], [-88.9735, 48.508433], [-88.973668, 48.508338], [-88.973883, 48.508248], [-88.974149, 48.508195], [-88.974465, 48.508177], [-88.974831, 48.508195], [-88.975248, 48.508248], [-88.975611, 48.508329], [-88.975921, 48.508436], [-88.976176, 48.508569], [-88.976378, 48.50873], [-88.976613, 48.508846], [-88.976882, 48.508917], [-88.977185, 48.508944], [-88.977521, 48.508926], [-88.97772, 48.508937], [-88.97778, 48.508978], [-88.977703, 48.509047], [-88.977488, 48.509145], [-88.977283, 48.509205], [-88.977088, 48.509227], [-88.976903, 48.509212], [-88.976728, 48.509158], [-88.976556, 48.509131], [-88.976388, 48.509131], [-88.976223, 48.509158], [-88.976062, 48.509212], [-88.975931, 48.509225], [-88.97583, 48.509198], [-88.975759, 48.509131], [-88.975719, 48.509024], [-88.975591, 48.508935], [-88.975376, 48.508864], [-88.975073, 48.50881], [-88.974683, 48.508775], [-88.974391, 48.50877], [-88.974196, 48.508797], [-88.974098, 48.508855], [-88.974098, 48.508944], [-88.974162, 48.509024], [-88.97429, 48.509096], [-88.974482, 48.509158], [-88.974737, 48.509212], [-88.974909, 48.50925], [-88.974996, 48.509272], [-88.974999, 48.509279], [-88.974919, 48.50927], [-88.974845, 48.509281], [-88.974778, 48.509312], [-88.974717, 48.509363], [-88.974663, 48.509435], [-88.974398, 48.509495], [-88.97392, 48.509544], [-88.973231, 48.509582], [-88.97233, 48.509609], [-88.971614, 48.509647], [-88.971082, 48.509696], [-88.970736, 48.509756], [-88.970575, 48.509827], [-88.970346, 48.509876], [-88.97005, 48.509903], [-88.969687, 48.509907], [-88.969257, 48.50989], [-88.968934, 48.509885], [-88.968719, 48.509894], [-88.968611, 48.509916], [-88.968611, 48.509952], [-88.968547, 48.509992], [-88.968419, 48.510037], [-88.968228, 48.510086], [-88.967972, 48.510139], [-88.967757, 48.510173], [-88.967582, 48.510186], [-88.967448, 48.51018], [-88.967353, 48.510153], [-88.96737, 48.510086]]]}}, {"type": "Feature", "properties": {"lead": 0, "temp": "sp:brook_trout"}, "geometry": {"type": "Polygon", "coordinates": [[[-88.975121, 48.509346], [-88.975131, 48.509319], [-88.975151, 48.509301], [-88.975181, 48.509292], [-88.975221, 48.509292], [-88.975242, 48.509301], [-88.975242, 48.509319], [-88.975221, 48.509346], [-88.975181, 48.509381], [-88.975151, 48.509399], [-88.975131, 48.509399], [-88.975121, 48.509381], [-88.975121, 48.509346]]]}}, {"type": "Feature", "properties": {"lead": 0, "temp": "sp:brook_trout"}, "geometry": {"type": "Polygon", "coordinates": [[[-88.966758, 48.51024], [-88.966819, 48.510226], [-88.96691, 48.51022], [-88.967031, 48.51022], [-88.967091, 48.510226], [-88.967091, 48.51024], [-88.967031, 48.51026], [-88.96691, 48.510287], [-88.966819, 48.5103], [-88.966758, 48.5103], [-88.966728, 48.510287], [-88.966728, 48.51026], [-88.966758, 48.51024]]]}}, {"type": "Feature", "properties": {"lead": 0, "temp": "sp:brook_trout"}, "geometry": {"type": "Polygon", "coordinates": [[[-88.966657, 48.510333], [-88.966704, 48.510347], [-88.966728, 48.510367], [-88.966728, 48.510394], [-88.966704, 48.510407], [-88.966657, 48.510407], [-88.966587, 48.510394], [-88.966493, 48.510367], [-88.966446, 48.510347], [-88.966446, 48.510333], [-88.966493, 48.510327], [-88.966587, 48.510327], [-88.966657, 48.510333]]]}}, {"type": "Feature", "properties": {"lead": 0, "temp": "sp:brook_trout"}, "geometry": {"type": "Polygon", "coordinates": [[[-88.965867, 48.510487], [-88.965887, 48.510461], [-88.965928, 48.510443], [-88.965988, 48.510434], [-88.966069, 48.510434], [-88.966109, 48.510443], [-88.966109, 48.510461], [-88.966069, 48.510487], [-88.965988, 48.510523], [-88.965928, 48.510541], [-88.965887, 48.510541], [-88.965867, 48.510523], [-88.965867, 48.510487]]]}}, {"type": "Feature", "properties": {"lead": 0, "temp": "sp:brook_trout"}, "geometry": {"type": "Polygon", "coordinates": [[[-88.965339, 48.510597], [-88.96536, 48.510583], [-88.96539, 48.510577], [-88.96543, 48.510577], [-88.96545, 48.510583], [-88.96545, 48.510597], [-88.96543, 48.510617], [-88.96539, 48.510643], [-88.96536, 48.510657], [-88.965339, 48.510657], [-88.965329, 48.510643], [-88.965329, 48.510617], [-88.965339, 48.510597]]]}}, {"type": "Feature", "properties": {"lead": 0, "temp": "sp:brook_trout"}, "geometry": {"type": "Polygon", "coordinates": [[[-88.964875, 48.510704], [-88.964936, 48.51069], [-88.965027, 48.510684], [-88.965148, 48.510684], [-88.965208, 48.51069], [-88.965208, 48.510704], [-88.965148, 48.510724], [-88.965027, 48.51075], [-88.964936, 48.510764], [-88.964875, 48.510764], [-88.964845, 48.51075], [-88.964845, 48.510724], [-88.964875, 48.510704]]]}}, {"type": "Feature", "properties": {"lead": 0, "temp": "sp:brook_trout"}, "geometry": {"type": "Polygon", "coordinates": [[[-88.964492, 48.510811], [-88.964539, 48.510797], [-88.96461, 48.510791], [-88.964704, 48.510791], [-88.964751, 48.510797], [-88.964751, 48.510811], [-88.964704, 48.510831], [-88.96461, 48.510857], [-88.964539, 48.510871], [-88.964492, 48.510871], [-88.964468, 48.510857], [-88.964468, 48.510831], [-88.964492, 48.510811]]]}}, {"type": "Feature", "properties": {"lead": 0, "temp": "sp:brook_trout"}, "geometry": {"type": "Polygon", "coordinates": [[[-88.964317, 48.510918], [-88.964337, 48.510904], [-88.964368, 48.510898], [-88.964408, 48.510898], [-88.964428, 48.510904], [-88.964428, 48.510918], [-88.964408, 48.510938], [-88.964368, 48.510965], [-88.964337, 48.510978], [-88.964317, 48.510978], [-88.964307, 48.510965], [-88.964307, 48.510938], [-88.964317, 48.510918]]]}}, {"type": "Feature", "properties": {"lead": 0, "temp": "sp:brook_trout"}, "geometry": {"type": "Polygon", "coordinates": [[[-88.963783, 48.510918], [-88.963809, 48.510904], [-88.96385, 48.510898], [-88.963904, 48.510898], [-88.96393, 48.510904], [-88.96393, 48.510918], [-88.963904, 48.510938], [-88.96385, 48.510965], [-88.963809, 48.510978], [-88.963783, 48.510978], [-88.963769, 48.510965], [-88.963769, 48.510938], [-88.963783, 48.510918]]]}}, {"type": "Feature", "properties": {"lead": 0, "temp": "sp:brook_trout"}, "geometry": {"type": "Polygon", "coordinates": [[[-88.963144, 48.511025], [-88.963184, 48.511011], [-88.963245, 48.511005], [-88.963325, 48.511005], [-88.963366, 48.511011], [-88.963366, 48.511025], [-88.963325, 48.511045], [-88.963245, 48.511072], [-88.963184, 48.511085], [-88.963144, 48.511085], [-88.963124, 48.511072], [-88.963124, 48.511045], [-88.963144, 48.511025]]]}}, {"type": "Feature", "properties": {"lead": 0, "temp": "sp:brook_trout"}, "geometry": {"type": "Polygon", "coordinates": [[[-88.996236, 48.512561], [-88.996142, 48.512492], [-88.996223, 48.512416], [-88.996478, 48.512334], [-88.996909, 48.512245], [-88.997295, 48.512138], [-88.997638, 48.512013], [-88.997938, 48.51187], [-88.998193, 48.511709], [-88.998452, 48.511578], [-88.998714, 48.511475], [-88.99898, 48.511402], [-88.999249, 48.511357], [-88.999441, 48.511364], [-88.999555, 48.511422], [-88.999592, 48.511531], [-88.999552, 48.511692], [-88.999488, 48.511812], [-88.9994, 48.511892], [-88.999289, 48.511932], [-88.999155, 48.511932], [-88.999024, 48.511961], [-88.998896, 48.512019], [-88.998772, 48.512106], [-88.998651, 48.512222], [-88.998506, 48.512309], [-88.998338, 48.512367], [-88.998146, 48.512396], [-88.997931, 48.512396], [-88.997726, 48.512416], [-88.997531, 48.512456], [-88.997346, 48.512517], [-88.997171, 48.512597], [-88.996973, 48.512641], [-88.996751, 48.51265], [-88.996505, 48.512624], [-88.996236, 48.512561]]]}}, {"type": "Feature", "properties": {"lead": 0, "temp": "sp:brook_trout"}, "geometry": {"type": "Polygon", "coordinates": [[[-88.962892, 48.511147], [-88.962939, 48.511147], [-88.962962, 48.511165], [-88.962962, 48.511201], [-88.962939, 48.511228], [-88.962892, 48.511246], [-88.962821, 48.511254], [-88.962727, 48.511254], [-88.96268, 48.511246], [-88.96268, 48.511228], [-88.962727, 48.511201], [-88.962821, 48.511165], [-88.962892, 48.511147]]]}}, {"type": "Feature", "properties": {"lead": 0, "temp": "sp:brook_trout"}, "geometry": {"type": "Polygon", "coordinates": [[[-88.962273, 48.511382], [-88.962293, 48.511368], [-88.962323, 48.511361], [-88.962364, 48.511361], [-88.962384, 48.511368], [-88.962384, 48.511382], [-88.962364, 48.511402], [-88.962323, 48.511428], [-88.962293, 48.511442], [-88.962273, 48.511442], [-88.962263, 48.511428], [-88.962263, 48.511402], [-88.962273, 48.511382]]]}}, {"type": "Feature", "properties": {"lead": 0, "temp": "sp:brook_trout"}, "geometry": {"type": "Polygon", "coordinates": [[[-88.959943, 48.511582], [-88.959875, 48.51156], [-88.959842, 48.511535], [-88.959842, 48.511509], [-88.959875, 48.511489], [-88.959943, 48.511475], [-88.960044, 48.511469], [-88.960178, 48.511469], [-88.960279, 48.51148], [-88.960346, 48.511502], [-88.96038, 48.511535], [-88.96038, 48.51158], [-88.960346, 48.511609], [-88.960279, 48.511622], [-88.960178, 48.51162], [-88.960044, 48.511602], [-88.959943, 48.511582]]]}}, {"type": "Feature", "properties": {"lead": 0, "temp": "sp:brook_trout"}, "geometry": {"type": "Polygon", "coordinates": [[[-88.960827, 48.511448], [-88.960807, 48.51139], [-88.960925, 48.511361], [-88.96118, 48.511361], [-88.961382, 48.511375], [-88.96153, 48.511402], [-88.961624, 48.511442], [-88.961664, 48.511495], [-88.961728, 48.511529], [-88.961816, 48.511542], [-88.961927, 48.511535], [-88.962061, 48.511509], [-88.962152, 48.511506], [-88.962199, 48.511529], [-88.962202, 48.511576], [-88.962162, 48.511647], [-88.962108, 48.511696], [-88.962041, 48.511723], [-88.96196, 48.511727], [-88.961866, 48.511709], [-88.961795, 48.511705], [-88.961748, 48.511714], [-88.961725, 48.511736], [-88.961725, 48.511772], [-88.961651, 48.51177], [-88.961503, 48.511729], [-88.961281, 48.511651], [-88.960985, 48.511535], [-88.960827, 48.511448]]]}}, {"type": "Feature", "properties": {"lead": 0, "temp": "sp:brook_trout"}, "geometry": {"type": "Polygon", "coordinates": [[[-88.95958, 48.511689], [-88.959539, 48.511667], [-88.959519, 48.511642], [-88.959519, 48.511616], [-88.959539, 48.511596], [-88.95958, 48.511582], [-88.95964, 48.511576], [-88.959721, 48.511576], [-88.959781, 48.511587], [-88.959822, 48.511609], [-88.959842, 48.511642], [-88.959842, 48.511687], [-88.959822, 48.511716], [-88.959781, 48.511729], [-88.959721, 48.511727], [-88.95964, 48.511709], [-88.95958, 48.511689]]]}}, {"type": "Feature", "properties": {"lead": 0, "temp": "sp:brook_trout"}, "geometry": {"type": "Polygon", "coordinates": [[[-88.959005, 48.511709], [-88.959052, 48.511692], [-88.959122, 48.511683], [-88.959216, 48.511683], [-88.959263, 48.511692], [-88.959263, 48.511709], [-88.959216, 48.511736], [-88.959122, 48.511772], [-88.959052, 48.51179], [-88.959005, 48.51179], [-88.958981, 48.511772], [-88.958981, 48.511736], [-88.959005, 48.511709]]]}}, {"type": "Feature", "properties": {"lead": 0, "temp": "sp:brook_trout"}, "geometry": {"type": "Polygon", "coordinates": [[[-88.953057, 48.516423], [-88.952956, 48.516236], [-88.952929, 48.515977], [-88.952976, 48.515647], [-88.953097, 48.515246], [-88.953265, 48.514923], [-88.95348, 48.514677], [-88.953742, 48.51451], [-88.954052, 48.514421], [-88.954317, 48.514314], [-88.954539, 48.514189], [-88.954718, 48.514046], [-88.954852, 48.513886], [-88.954953, 48.513736], [-88.95502, 48.513598], [-88.955054, 48.513471], [-88.955054, 48.513355], [-88.955118, 48.513246], [-88.955245, 48.513143], [-88.955437, 48.513047], [-88.955693, 48.512958], [-88.955864, 48.512876], [-88.955952, 48.5128], [-88.955955, 48.512731], [-88.955874, 48.512668], [-88.955847, 48.512601], [-88.955874, 48.51253], [-88.955955, 48.512454], [-88.956089, 48.512374], [-88.956295, 48.512278], [-88.95657, 48.512166], [-88.956917, 48.512039], [-88.957333, 48.511897], [-88.95771, 48.511799], [-88.958046, 48.511745], [-88.958342, 48.511736], [-88.958598, 48.511772], [-88.958759, 48.511819], [-88.958826, 48.511877], [-88.958799, 48.511946], [-88.958678, 48.512026], [-88.958544, 48.51208], [-88.958396, 48.512106], [-88.958235, 48.512106], [-88.95806, 48.51208], [-88.957875, 48.512073], [-88.95768, 48.512086], [-88.957475, 48.51212], [-88.95726, 48.512173], [-88.957098, 48.512236], [-88.956991, 48.512307], [-88.956937, 48.512387], [-88.956937, 48.512476], [-88.956883, 48.512563], [-88.956775, 48.512648], [-88.956614, 48.512731], [-88.956399, 48.512811], [-88.956217, 48.512916], [-88.956069, 48.513045], [-88.955955, 48.513199], [-88.955874, 48.513377], [-88.955736, 48.513567], [-88.955541, 48.513768], [-88.955289, 48.513979], [-88.95498, 48.514202], [-88.954684, 48.514506], [-88.954401, 48.514889], [-88.954132, 48.515353], [-88.953877, 48.515897], [-88.953642, 48.516276], [-88.953426, 48.51649], [-88.953231, 48.516539], [-88.953057, 48.516423]]]}}, {"type": "Feature", "properties": {"lead": 0, "temp": "sp:brook_trout"}, "geometry": {"type": "Polygon", "coordinates": [[[-88.930223, 48.519746], [-88.930028, 48.519532], [-88.929822, 48.519371], [-88.929607, 48.519264], [-88.929395, 48.51919], [-88.929187, 48.51915], [-88.928982, 48.519144], [-88.92878, 48.51917], [-88.928595, 48.519219], [-88.928427, 48.519291], [-88.928276, 48.519384], [-88.928141, 48.5195], [-88.927902, 48.519623], [-88.92756, 48.519752], [-88.927112, 48.519888], [-88.926561, 48.520031], [-88.926141, 48.520149], [-88.925851, 48.520243], [-88.925693, 48.520312], [-88.925667, 48.520356], [-88.925619, 48.520385], [-88.925552, 48.520399], [-88.925465, 48.520397], [-88.925357, 48.520379], [-88.925243, 48.520385], [-88.925122, 48.520417], [-88.924994, 48.520472], [-88.92486, 48.520553], [-88.924738, 48.520613], [-88.924631, 48.520653], [-88.924537, 48.520673], [-88.924456, 48.520673], [-88.924396, 48.52066], [-88.924355, 48.520633], [-88.924335, 48.520593], [-88.924335, 48.520539], [-88.924379, 48.520477], [-88.924466, 48.520406], [-88.924597, 48.520325], [-88.924772, 48.520236], [-88.925021, 48.520149], [-88.925344, 48.520064], [-88.92574, 48.519982], [-88.926211, 48.519902], [-88.926682, 48.519777], [-88.927153, 48.519607], [-88.927623, 48.519393], [-88.928094, 48.519135], [-88.928491, 48.518947], [-88.928814, 48.518831], [-88.929063, 48.518787], [-88.929237, 48.518814], [-88.929446, 48.518885], [-88.929688, 48.519001], [-88.929964, 48.519161], [-88.930273, 48.519367], [-88.930525, 48.519581], [-88.93072, 48.519804], [-88.930858, 48.520035], [-88.930939, 48.520276], [-88.930986, 48.520468], [-88.930999, 48.520611], [-88.930979, 48.520704], [-88.930925, 48.520749], [-88.930841, 48.520702], [-88.930727, 48.520564], [-88.930582, 48.520334], [-88.930407, 48.520013], [-88.930223, 48.519746]]]}}, {"type": "Feature", "properties": {"lead": 0, "temp": "sp:brook_trout"}, "geometry": {"type": "Polygon", "coordinates": [[[-88.950736, 48.522305], [-88.950952, 48.522198], [-88.951322, 48.522042], [-88.951846, 48.521837], [-88.952239, 48.521694], [-88.952502, 48.521614], [-88.952633, 48.521596], [-88.952633, 48.521641], [-88.952525, 48.521717], [-88.95231, 48.521824], [-88.951987, 48.521962], [-88.951557, 48.522131], [-88.951211, 48.522256], [-88.950948, 48.522336], [-88.95077, 48.522372], [-88.950676, 48.522363], [-88.950736, 48.522305]]]}}, {"type": "Feature", "properties": {"lead": 0, "temp": "sp:brook_trout"}, "geometry": {"type": "Polygon", "coordinates": [[[-88.930989, 48.522762], [-88.931036, 48.522677], [-88.931087, 48.522635], [-88.93114, 48.522635], [-88.931167, 48.522555], [-88.931167, 48.522394], [-88.93114, 48.522154], [-88.931087, 48.521832], [-88.931073, 48.521563], [-88.9311, 48.521344], [-88.931167, 48.521177], [-88.931275, 48.521061], [-88.931386, 48.52109], [-88.9315, 48.521264], [-88.931618, 48.521583], [-88.931739, 48.522047], [-88.931763, 48.52243], [-88.931689, 48.522733], [-88.931517, 48.522956], [-88.931248, 48.523099], [-88.931056, 48.523163], [-88.930942, 48.52315], [-88.930905, 48.523059], [-88.930945, 48.522889], [-88.930989, 48.522762]]]}}, {"type": "Feature", "properties": {"lead": 0, "temp": "sp:brook_trout"}, "geometry": {"type": "Polygon", "coordinates": [[[-88.94228, 48.523841], [-88.942206, 48.523703], [-88.942156, 48.523545], [-88.942129, 48.523366], [-88.942125, 48.523199], [-88.942146, 48.523043], [-88.942189, 48.522898], [-88.942257, 48.522764], [-88.942354, 48.522631], [-88.942482, 48.522497], [-88.94264, 48.522363], [-88.942828, 48.522229], [-88.942986, 48.522138], [-88.943114, 48.522089], [-88.943211, 48.522082], [-88.943279, 48.522118], [-88.94346, 48.522138], [-88.943756, 48.522142], [-88.944166, 48.522131], [-88.944691, 48.522104], [-88.945128, 48.522102], [-88.945478, 48.522125], [-88.94574, 48.522171], [-88.945915, 48.522243], [-88.946009, 48.522321], [-88.946022, 48.522405], [-88.945955, 48.522497], [-88.945807, 48.522595], [-88.945579, 48.522653], [-88.945269, 48.522671], [-88.944879, 48.522648], [-88.944408, 48.522586], [-88.944002, 48.522562], [-88.943659, 48.522575], [-88.94338, 48.522626], [-88.943164, 48.522715], [-88.943016, 48.522847], [-88.942936, 48.523021], [-88.942922, 48.523237], [-88.942976, 48.523496], [-88.942993, 48.52371], [-88.942973, 48.523879], [-88.942916, 48.524004], [-88.942821, 48.524084], [-88.942721, 48.52412], [-88.942613, 48.524111], [-88.942499, 48.524058], [-88.942378, 48.523959], [-88.94228, 48.523841]]]}}, {"type": "Feature", "properties": {"lead": 0, "temp": "sp:brook_trout"}, "geometry": {"type": "Polygon", "coordinates": [[[-88.94339, 48.52309], [-88.94341, 48.523072], [-88.94344, 48.523063], [-88.94348, 48.523063], [-88.943501, 48.523072], [-88.943501, 48.52309], [-88.94348, 48.523117], [-88.94344, 48.523152], [-88.94341, 48.52317], [-88.94339, 48.52317], [-88.94338, 48.523152], [-88.94338, 48.523117], [-88.94339, 48.52309]]]}}, {"type": "Feature", "properties": {"lead": 0, "temp": "sp:brook_trout"}, "geometry": {"type": "Polygon", "coordinates": [[[-88.947256, 48.523317], [-88.947129, 48.523219], [-88.947024, 48.523099], [-88.946944, 48.522956], [-88.946977, 48.52288], [-88.947125, 48.522871], [-88.947388, 48.522929], [-88.947764, 48.523054], [-88.948016, 48.523166], [-88.948144, 48.523264], [-88.948147, 48.523349], [-88.948026, 48.52342], [-88.947892, 48.52346], [-88.947744, 48.523469], [-88.947583, 48.523447], [-88.947408, 48.523393], [-88.947256, 48.523317]]]}}, {"type": "Feature", "properties": {"lead": 0, "temp": "sp:salmon"}, "geometry": {"type": "Polygon", "coordinates": [[[-88.985655, 48.507905], [-88.98542, 48.507825], [-88.985174, 48.507762], [-88.984919, 48.507718], [-88.984814, 48.507684], [-88.984861, 48.507662], [-88.98506, 48.507651], [-88.985409, 48.507651], [-88.985702, 48.507691], [-88.985937, 48.507771], [-88.986116, 48.507891], [-88.986237, 48.508052], [-88.986274, 48.508143], [-88.986226, 48.508166], [-88.986095, 48.508119], [-88.98588, 48.508003], [-88.985655, 48.507905]]]}}, {"type": "Feature", "properties": {"lead": 0, "temp": "sp:salmon"}, "geometry": {"type": "Polygon", "coordinates": [[[-88.984922, 48.50842], [-88.984942, 48.508407], [-88.984972, 48.5084], [-88.985013, 48.5084], [-88.985033, 48.508407], [-88.985033, 48.50842], [-88.985013, 48.50844], [-88.984972, 48.508467], [-88.984942, 48.50848], [-88.984922, 48.50848], [-88.984912, 48.508467], [-88.984912, 48.50844], [-88.984922, 48.50842]]]}}, {"type": "Feature", "properties": {"lead": 0, "temp": "sp:salmon"}, "geometry": {"type": "Polygon", "coordinates": [[[-88.96849, 48.509497], [-88.968893, 48.509354], [-88.969337, 48.509243], [-88.969821, 48.509163], [-88.970353, 48.509096], [-88.970931, 48.509042], [-88.971556, 48.509002], [-88.972229, 48.508975], [-88.97274, 48.508926], [-88.97309, 48.508855], [-88.973278, 48.508761], [-88.973305, 48.508645], [-88.973379, 48.508536], [-88.9735, 48.508433], [-88.973668, 48.508338], [-88.973883, 48.508248], [-88.974149, 48.508195], [-88.974465, 48.508177], [-88.974831, 48.508195], [-88.975248, 48.508248], [-88.975611, 48.508329], [-88.975921, 48.508436], [-88.976176, 48.508569], [-88.976378, 48.50873], [-88.976613, 48.508846], [-88.976882, 48.508917], [-88.977185, 48.508944], [-88.977521, 48.508926], [-88.97772, 48.508937], [-88.97778, 48.508978], [-88.977703, 48.509047], [-88.977488, 48.509145], [-88.977283, 48.509205], [-88.977088, 48.509227], [-88.976903, 48.509212], [-88.976728, 48.509158], [-88.976556, 48.509131], [-88.976388, 48.509131], [-88.976223, 48.509158], [-88.976062, 48.509212], [-88.975931, 48.509225], [-88.97583, 48.509198], [-88.975759, 48.509131], [-88.975719, 48.509024], [-88.975591, 48.508935], [-88.975376, 48.508864], [-88.975073, 48.50881], [-88.974683, 48.508775], [-88.974391, 48.50877], [-88.974196, 48.508797], [-88.974098, 48.508855], [-88.974098, 48.508944], [-88.974162, 48.509024], [-88.97429, 48.509096], [-88.974482, 48.509158], [-88.974737, 48.509212], [-88.974909, 48.50925], [-88.974996, 48.509272], [-88.974999, 48.509279], [-88.974919, 48.50927], [-88.974845, 48.509281], [-88.974778, 48.509312], [-88.974717, 48.509363], [-88.974663, 48.509435], [-88.974398, 48.509495], [-88.97392, 48.509544], [-88.973231, 48.509582], [-88.97233, 48.509609], [-88.971614, 48.509647], [-88.971082, 48.509696], [-88.970736, 48.509756], [-88.970575, 48.509827], [-88.970346, 48.509876], [-88.97005, 48.509903], [-88.969687, 48.509907], [-88.969257, 48.50989], [-88.968934, 48.509885], [-88.968719, 48.509894], [-88.968611, 48.509916], [-88.968611, 48.509952], [-88.96853, 48.50999], [-88.968369, 48.51003], [-88.968127, 48.510073], [-88.967804, 48.510117], [-88.967643, 48.510099], [-88.967643, 48.510019], [-88.967804, 48.509876], [-88.968127, 48.509671], [-88.96849, 48.509497]]]}}, {"type": "Feature", "properties": {"lead": 0, "temp": "sp:salmon"}, "geometry": {"type": "Polygon", "coordinates": [[[-88.975151, 48.509301], [-88.975181, 48.509292], [-88.975221, 48.509292], [-88.975242, 48.509301], [-88.975242, 48.509319], [-88.975221, 48.509346], [-88.975181, 48.509381], [-88.975151, 48.509399], [-88.975131, 48.509399], [-88.975121, 48.509381], [-88.975121, 48.509346], [-88.975131, 48.509319], [-88.975151, 48.509301]]]}}, {"type": "Feature", "properties": {"lead": 0, "temp": "sp:salmon"}, "geometry": {"type": "Polygon", "coordinates": [[[-88.96695, 48.510226], [-88.96701, 48.51022], [-88.967091, 48.51022], [-88.967131, 48.510226], [-88.967131, 48.51024], [-88.967091, 48.51026], [-88.96701, 48.510287], [-88.96695, 48.5103], [-88.96691, 48.5103], [-88.966889, 48.510287], [-88.966889, 48.51026], [-88.96691, 48.51024], [-88.96695, 48.510226]]]}}, {"type": "Feature", "properties": {"lead": 0, "temp": "sp:salmon"}, "geometry": {"type": "Polygon", "coordinates": [[[-88.966577, 48.510347], [-88.966597, 48.510333], [-88.966627, 48.510327], [-88.966667, 48.510327], [-88.966688, 48.510333], [-88.966688, 48.510347], [-88.966667, 48.510367], [-88.966627, 48.510394], [-88.966597, 48.510407], [-88.966577, 48.510407], [-88.966567, 48.510394], [-88.966567, 48.510367], [-88.966577, 48.510347]]]}}, {"type": "Feature", "properties": {"lead": 0, "temp": "sp:salmon"}, "geometry": {"type": "Polygon", "coordinates": [[[-88.965887, 48.510461], [-88.965928, 48.510443], [-88.965988, 48.510434], [-88.966069, 48.510434], [-88.966109, 48.510443], [-88.966109, 48.510461], [-88.966069, 48.510487], [-88.965988, 48.510523], [-88.965928, 48.510541], [-88.965887, 48.510541], [-88.965867, 48.510523], [-88.965867, 48.510487], [-88.965887, 48.510461]]]}}, {"type": "Feature", "properties": {"lead": 0, "temp": "sp:salmon"}, "geometry": {"type": "Polygon", "coordinates": [[[-88.965027, 48.510704], [-88.965067, 48.51069], [-88.965128, 48.510684], [-88.965208, 48.510684], [-88.965249, 48.51069], [-88.965249, 48.510704], [-88.965208, 48.510724], [-88.965128, 48.51075], [-88.965067, 48.510764], [-88.965027, 48.510764], [-88.965006, 48.51075], [-88.965006, 48.510724], [-88.965027, 48.510704]]]}}, {"type": "Feature", "properties": {"lead": 0, "temp": "sp:salmon"}, "geometry": {"type": "Polygon", "coordinates": [[[-88.964539, 48.510797], [-88.96461, 48.510791], [-88.964704, 48.510791], [-88.964751, 48.510797], [-88.964751, 48.510811], [-88.964704, 48.510831], [-88.96461, 48.510857], [-88.964539, 48.510871], [-88.964492, 48.510871], [-88.964468, 48.510857], [-88.964468, 48.510831], [-88.964492, 48.510811], [-88.964539, 48.510797]]]}}, {"type": "Feature", "properties": {"lead": 0, "temp": "sp:salmon"}, "geometry": {"type": "Polygon", "coordinates": [[[-88.964337, 48.510904], [-88.964368, 48.510898], [-88.964408, 48.510898], [-88.964428, 48.510904], [-88.964428, 48.510918], [-88.964408, 48.510938], [-88.964368, 48.510965], [-88.964337, 48.510978], [-88.964317, 48.510978], [-88.964307, 48.510965], [-88.964307, 48.510938], [-88.964317, 48.510918], [-88.964337, 48.510904]]]}}, {"type": "Feature", "properties": {"lead": 0, "temp": "sp:salmon"}, "geometry": {"type": "Polygon", "coordinates": [[[-88.963783, 48.510918], [-88.963809, 48.510904], [-88.96385, 48.510898], [-88.963904, 48.510898], [-88.96393, 48.510904], [-88.96393, 48.510918], [-88.963904, 48.510938], [-88.96385, 48.510965], [-88.963809, 48.510978], [-88.963783, 48.510978], [-88.963769, 48.510965], [-88.963769, 48.510938], [-88.963783, 48.510918]]]}}, {"type": "Feature", "properties": {"lead": 0, "temp": "sp:salmon"}, "geometry": {"type": "Polygon", "coordinates": [[[-88.963295, 48.511031], [-88.963315, 48.511014], [-88.963345, 48.511005], [-88.963386, 48.511005], [-88.963406, 48.511014], [-88.963406, 48.511031], [-88.963386, 48.511058], [-88.963345, 48.511094], [-88.963315, 48.511112], [-88.963295, 48.511112], [-88.963285, 48.511094], [-88.963285, 48.511058], [-88.963295, 48.511031]]]}}, {"type": "Feature", "properties": {"lead": 0, "temp": "sp:salmon"}, "geometry": {"type": "Polygon", "coordinates": [[[-88.962892, 48.511147], [-88.962939, 48.511147], [-88.962962, 48.511165], [-88.962962, 48.511201], [-88.962939, 48.511228], [-88.962892, 48.511246], [-88.962821, 48.511254], [-88.962727, 48.511254], [-88.96268, 48.511246], [-88.96268, 48.511228], [-88.962727, 48.511201], [-88.962821, 48.511165], [-88.962892, 48.511147]]]}}, {"type": "Feature", "properties": {"lead": 0, "temp": "sp:salmon"}, "geometry": {"type": "Polygon", "coordinates": [[[-88.996223, 48.512416], [-88.996478, 48.512334], [-88.996909, 48.512245], [-88.997295, 48.512138], [-88.997638, 48.512013], [-88.997938, 48.51187], [-88.998193, 48.511709], [-88.998452, 48.511578], [-88.998714, 48.511475], [-88.99898, 48.511402], [-88.999249, 48.511357], [-88.999441, 48.511364], [-88.999555, 48.511422], [-88.999592, 48.511531], [-88.999552, 48.511692], [-88.999488, 48.511812], [-88.9994, 48.511892], [-88.999289, 48.511932], [-88.999155, 48.511932], [-88.999024, 48.511961], [-88.998896, 48.512019], [-88.998772, 48.512106], [-88.998651, 48.512222], [-88.998506, 48.512309], [-88.998338, 48.512367], [-88.998146, 48.512396], [-88.997931, 48.512396], [-88.997726, 48.512416], [-88.997531, 48.512456], [-88.997346, 48.512517], [-88.997171, 48.512597], [-88.996973, 48.512641], [-88.996751, 48.51265], [-88.996505, 48.512624], [-88.996236, 48.512561], [-88.996142, 48.512492], [-88.996223, 48.512416]]]}}, {"type": "Feature", "properties": {"lead": 0, "temp": "sp:salmon"}, "geometry": {"type": "Polygon", "coordinates": [[[-88.962132, 48.511475], [-88.962162, 48.511469], [-88.962202, 48.511469], [-88.962222, 48.511475], [-88.962222, 48.511489], [-88.962202, 48.511509], [-88.962162, 48.511535], [-88.962132, 48.511549], [-88.962111, 48.511549], [-88.962101, 48.511535], [-88.962101, 48.511509], [-88.962111, 48.511489], [-88.962132, 48.511475]]]}}, {"type": "Feature", "properties": {"lead": 0, "temp": "sp:salmon"}, "geometry": {"type": "Polygon", "coordinates": [[[-88.960074, 48.511582], [-88.960027, 48.51156], [-88.960003, 48.511535], [-88.960003, 48.511509], [-88.960027, 48.511489], [-88.960074, 48.511475], [-88.960144, 48.511469], [-88.960239, 48.511469], [-88.960309, 48.51148], [-88.960356, 48.511502], [-88.96038, 48.511535], [-88.96038, 48.51158], [-88.960356, 48.511609], [-88.960309, 48.511622], [-88.960239, 48.51162], [-88.960144, 48.511602], [-88.960074, 48.511582]]]}}, {"type": "Feature", "properties": {"lead": 0, "temp": "sp:salmon"}, "geometry": {"type": "Polygon", "coordinates": [[[-88.961271, 48.511511], [-88.961429, 48.511509], [-88.961698, 48.511535], [-88.9619, 48.511567], [-88.962034, 48.511602], [-88.962101, 48.511642], [-88.962101, 48.511687], [-88.962078, 48.511716], [-88.962031, 48.511729], [-88.96196, 48.511727], [-88.961866, 48.511709], [-88.961795, 48.511705], [-88.961748, 48.511714], [-88.961725, 48.511736], [-88.961725, 48.511772], [-88.961681, 48.511776], [-88.961594, 48.511749], [-88.961462, 48.511692], [-88.961288, 48.511602], [-88.961224, 48.511542], [-88.961271, 48.511511]]]}}, {"type": "Feature", "properties": {"lead": 0, "temp": "sp:salmon"}, "geometry": {"type": "Polygon", "coordinates": [[[-88.959539, 48.511667], [-88.959519, 48.511642], [-88.959519, 48.511616], [-88.959539, 48.511596], [-88.95958, 48.511582], [-88.95964, 48.511576], [-88.959721, 48.511576], [-88.959781, 48.511587], [-88.959822, 48.511609], [-88.959842, 48.511642], [-88.959842, 48.511687], [-88.959822, 48.511716], [-88.959781, 48.511729], [-88.959721, 48.511727], [-88.95964, 48.511709], [-88.95958, 48.511689], [-88.959539, 48.511667]]]}}, {"type": "Feature", "properties": {"lead": 0, "temp": "sp:salmon"}, "geometry": {"type": "Polygon", "coordinates": [[[-88.95883, 48.511845], [-88.95885, 48.511832], [-88.95888, 48.511825], [-88.958921, 48.511825], [-88.958941, 48.511832], [-88.958941, 48.511845], [-88.958921, 48.511865], [-88.95888, 48.511892], [-88.95885, 48.511906], [-88.95883, 48.511906], [-88.95882, 48.511892], [-88.95882, 48.511865], [-88.95883, 48.511845]]]}}, {"type": "Feature", "properties": {"lead": 0, "temp": "sp:salmon"}, "geometry": {"type": "Polygon", "coordinates": [[[-88.956177, 48.51251], [-88.956278, 48.512463], [-88.956412, 48.512436], [-88.956533, 48.512394], [-88.956641, 48.512336], [-88.956735, 48.512262], [-88.956816, 48.512173], [-88.956917, 48.512093], [-88.957038, 48.512022], [-88.957179, 48.511959], [-88.95734, 48.511906], [-88.957539, 48.511872], [-88.957774, 48.511859], [-88.958046, 48.511865], [-88.958356, 48.511892], [-88.958567, 48.511926], [-88.958682, 48.511966], [-88.958699, 48.512013], [-88.958618, 48.512066], [-88.958514, 48.5121], [-88.958386, 48.512113], [-88.958235, 48.512106], [-88.95806, 48.51208], [-88.957875, 48.512073], [-88.95768, 48.512086], [-88.957475, 48.51212], [-88.95726, 48.512173], [-88.957098, 48.512236], [-88.956991, 48.512307], [-88.956937, 48.512387], [-88.956937, 48.512476], [-88.956883, 48.512563], [-88.956775, 48.512648], [-88.956614, 48.512731], [-88.956399, 48.512811], [-88.956237, 48.512844], [-88.95613, 48.512831], [-88.956076, 48.512771], [-88.956076, 48.512664], [-88.95611, 48.512577], [-88.956177, 48.51251]]]}}, {"type": "Feature", "properties": {"lead": 0, "temp": "sp:salmon"}, "geometry": {"type": "Polygon", "coordinates": [[[-88.952888, 48.516031], [-88.952895, 48.515754], [-88.952962, 48.515424], [-88.95303, 48.515157], [-88.953097, 48.514952], [-88.953164, 48.514809], [-88.953231, 48.514729], [-88.953379, 48.514642], [-88.953608, 48.514548], [-88.953917, 48.514448], [-88.954307, 48.514341], [-88.9546, 48.514247], [-88.954795, 48.514167], [-88.954892, 48.5141], [-88.954892, 48.514046], [-88.954923, 48.513993], [-88.954983, 48.513939], [-88.955074, 48.513886], [-88.955195, 48.513832], [-88.955276, 48.513756], [-88.955316, 48.513658], [-88.955316, 48.513538], [-88.955276, 48.513395], [-88.955299, 48.513273], [-88.955387, 48.51317], [-88.955538, 48.513087], [-88.955753, 48.513025], [-88.955894, 48.513023], [-88.955962, 48.513081], [-88.955955, 48.513199], [-88.955874, 48.513377], [-88.955736, 48.513567], [-88.955541, 48.513768], [-88.955289, 48.513979], [-88.95498, 48.514202], [-88.954684, 48.514506], [-88.954401, 48.514889], [-88.954132, 48.515353], [-88.953877, 48.515897], [-88.953642, 48.516276], [-88.953426, 48.51649], [-88.953231, 48.516539], [-88.953057, 48.516423], [-88.952942, 48.516254], [-88.952888, 48.516031]]]}}, {"type": "Feature", "properties": {"lead": 0, "temp": "sp:salmon"}, "geometry": {"type": "Polygon", "coordinates": [[[-88.930485, 48.520076], [-88.930492, 48.519986], [-88.930562, 48.519969], [-88.930697, 48.520022], [-88.930808, 48.520098], [-88.930895, 48.520196], [-88.930959, 48.520316], [-88.930999, 48.520459], [-88.931016, 48.520575], [-88.931009, 48.520664], [-88.930979, 48.520727], [-88.930925, 48.520762], [-88.930855, 48.520731], [-88.930767, 48.520633], [-88.930663, 48.520468], [-88.930542, 48.520236], [-88.930485, 48.520076]]]}}, {"type": "Feature", "properties": {"lead": 0, "temp": "sp:salmon"}, "geometry": {"type": "Polygon", "coordinates": [[[-88.950736, 48.522305], [-88.950952, 48.522198], [-88.951322, 48.522042], [-88.951846, 48.521837], [-88.952239, 48.521694], [-88.952502, 48.521614], [-88.952633, 48.521596], [-88.952633, 48.521641], [-88.952525, 48.521717], [-88.95231, 48.521824], [-88.951987, 48.521962], [-88.951557, 48.522131], [-88.951211, 48.522256], [-88.950948, 48.522336], [-88.95077, 48.522372], [-88.950676, 48.522363], [-88.950736, 48.522305]]]}}, {"type": "Feature", "properties": {"lead": 0, "temp": "sp:salmon"}, "geometry": {"type": "Polygon", "coordinates": [[[-88.930989, 48.522762], [-88.931036, 48.522677], [-88.931087, 48.522635], [-88.93114, 48.522635], [-88.931167, 48.522555], [-88.931167, 48.522394], [-88.93114, 48.522154], [-88.931087, 48.521832], [-88.931073, 48.521563], [-88.9311, 48.521344], [-88.931167, 48.521177], [-88.931275, 48.521061], [-88.931352, 48.521039], [-88.931399, 48.52111], [-88.931416, 48.521275], [-88.931403, 48.521534], [-88.931416, 48.521728], [-88.931457, 48.521857], [-88.931524, 48.521922], [-88.931618, 48.521922], [-88.931699, 48.521962], [-88.931766, 48.522042], [-88.93182, 48.522162], [-88.93186, 48.522323], [-88.931857, 48.522455], [-88.93181, 48.522557], [-88.931719, 48.522631], [-88.931584, 48.522675], [-88.931494, 48.522731], [-88.931446, 48.522798], [-88.931443, 48.522876], [-88.931483, 48.522965], [-88.93147, 48.523045], [-88.931403, 48.523117], [-88.931282, 48.523179], [-88.931107, 48.523233], [-88.930986, 48.52323], [-88.930919, 48.523172], [-88.930905, 48.523059], [-88.930945, 48.522889], [-88.930989, 48.522762]]]}}, {"type": "Feature", "properties": {"lead": 0, "temp": "sp:salmon"}, "geometry": {"type": "Polygon", "coordinates": [[[-88.944102, 48.522595], [-88.943938, 48.522541], [-88.943844, 48.522479], [-88.943881, 48.522439], [-88.944049, 48.522421], [-88.944348, 48.522426], [-88.944778, 48.522452], [-88.945111, 48.522459], [-88.945347, 48.522446], [-88.945484, 48.522412], [-88.945525, 48.522359], [-88.945592, 48.522323], [-88.945686, 48.522305], [-88.945807, 48.522305], [-88.945955, 48.522323], [-88.946029, 48.522361], [-88.946029, 48.522419], [-88.945955, 48.522497], [-88.945807, 48.522595], [-88.945602, 48.522662], [-88.94534, 48.522698], [-88.94502, 48.522702], [-88.944644, 48.522675], [-88.944338, 48.52264], [-88.944102, 48.522595]]]}}, {"type": "Feature", "properties": {"lead": 0, "temp": "sp:salmon"}, "geometry": {"type": "Polygon", "coordinates": [[[-88.94341, 48.523072], [-88.94344, 48.523063], [-88.94348, 48.523063], [-88.943501, 48.523072], [-88.943501, 48.52309], [-88.94348, 48.523117], [-88.94344, 48.523152], [-88.94341, 48.52317], [-88.94339, 48.52317], [-88.94338, 48.523152], [-88.94338, 48.523117], [-88.94339, 48.52309], [-88.94341, 48.523072]]]}}, {"type": "Feature", "properties": {"lead": 0, "temp": "sp:salmon"}, "geometry": {"type": "Polygon", "coordinates": [[[-88.947256, 48.523317], [-88.947129, 48.523219], [-88.947024, 48.523099], [-88.946944, 48.522956], [-88.946977, 48.52288], [-88.947125, 48.522871], [-88.947388, 48.522929], [-88.947764, 48.523054], [-88.948016, 48.523166], [-88.948144, 48.523264], [-88.948147, 48.523349], [-88.948026, 48.52342], [-88.947892, 48.52346], [-88.947744, 48.523469], [-88.947583, 48.523447], [-88.947408, 48.523393], [-88.947256, 48.523317]]]}}, {"type": "Feature", "properties": {"lead": 0, "temp": "sp:salmon"}, "geometry": {"type": "Polygon", "coordinates": [[[-88.94228, 48.523848], [-88.942206, 48.523723], [-88.942156, 48.523585], [-88.942129, 48.523433], [-88.942125, 48.52332], [-88.942146, 48.523244], [-88.942189, 48.523206], [-88.942257, 48.523206], [-88.942337, 48.52317], [-88.942431, 48.523099], [-88.942539, 48.522992], [-88.94266, 48.522849], [-88.942805, 48.522733], [-88.942973, 48.522644], [-88.943164, 48.522582], [-88.94338, 48.522546], [-88.943487, 48.522541], [-88.943487, 48.522568], [-88.94338, 48.522626], [-88.943164, 48.522715], [-88.943016, 48.522847], [-88.942936, 48.523021], [-88.942922, 48.523237], [-88.942976, 48.523496], [-88.942993, 48.52371], [-88.942973, 48.523879], [-88.942916, 48.524004], [-88.942821, 48.524084], [-88.942721, 48.52412], [-88.942613, 48.524111], [-88.942499, 48.524058], [-88.942378, 48.523959], [-88.94228, 48.523848]]]}}, {"type": "Feature", "properties": {"lead": 0, "temp": "sp:salmon"}, "geometry": {"type": "Polygon", "coordinates": [[[-88.929103, 48.519023], [-88.929143, 48.519023], [-88.929103, 48.519037], [-88.928982, 48.519063], [-88.928871, 48.519083], [-88.92877, 48.519097], [-88.928679, 48.519103], [-88.928599, 48.519103], [-88.928588, 48.519097], [-88.928649, 48.519083], [-88.92878, 48.519063], [-88.928982, 48.519037], [-88.929103, 48.519023]]]}}, {"type": "Feature", "properties": {"lead": 0, "temp": "sp:salmon"}, "geometry": {"type": "Polygon", "coordinates": [[[-88.929479, 48.519277], [-88.929419, 48.519237], [-88.929365, 48.519184], [-88.929348, 48.519144], [-88.929368, 48.519117], [-88.929426, 48.519103], [-88.92952, 48.519103], [-88.9296, 48.519117], [-88.929668, 48.519144], [-88.929722, 48.519184], [-88.929762, 48.519237], [-88.929772, 48.519277], [-88.929752, 48.519304], [-88.929701, 48.519317], [-88.929621, 48.519317], [-88.929547, 48.519304], [-88.929479, 48.519277]]]}}, {"type": "Feature", "properties": {"lead": 0, "temp": "sp:salmon"}, "geometry": {"type": "Polygon", "coordinates": [[[-88.929843, 48.519411], [-88.929822, 48.519384], [-88.929822, 48.519358], [-88.929843, 48.519338], [-88.929883, 48.519324], [-88.929943, 48.519317], [-88.930024, 48.519317], [-88.930085, 48.519331], [-88.930125, 48.519358], [-88.930145, 48.519398], [-88.930145, 48.519451], [-88.930125, 48.519485], [-88.930085, 48.519498], [-88.930024, 48.519491], [-88.929943, 48.519465], [-88.929883, 48.519438], [-88.929843, 48.519411]]]}}, {"type": "Feature", "properties": {"lead": 0, "temp": "sp:salmon"}, "geometry": {"type": "Polygon", "coordinates": [[[-88.927731, 48.519538], [-88.927798, 48.51948], [-88.927939, 48.519411], [-88.928155, 48.519331], [-88.928282, 48.519291], [-88.928323, 48.519291], [-88.928276, 48.519331], [-88.928141, 48.519411], [-88.92804, 48.51948], [-88.927973, 48.519538], [-88.927939, 48.519585], [-88.927939, 48.519621], [-88.927919, 48.519639], [-88.927879, 48.519639], [-88.927818, 48.519621], [-88.927738, 48.519585], [-88.927731, 48.519538]]]}}, {"type": "Feature", "properties": {"lead": 0, "temp": "sp:salmon"}, "geometry": {"type": "Polygon", "coordinates": [[[-88.930186, 48.519866], [-88.930159, 48.519821], [-88.930145, 48.519754], [-88.930145, 48.519665], [-88.930159, 48.519598], [-88.930186, 48.519554], [-88.930226, 48.519532], [-88.93028, 48.519532], [-88.93032, 48.519554], [-88.930347, 48.519598], [-88.93036, 48.519665], [-88.93036, 48.519754], [-88.930347, 48.519821], [-88.93032, 48.519866], [-88.93028, 48.519888], [-88.930226, 48.519888], [-88.930186, 48.519866]]]}}, {"type": "Feature", "properties": {"lead": 0, "temp": "sp:salmon"}, "geometry": {"type": "Polygon", "coordinates": [[[-88.927415, 48.519694], [-88.927442, 48.519681], [-88.927482, 48.519674], [-88.927536, 48.519674], [-88.927563, 48.519681], [-88.927563, 48.519694], [-88.927536, 48.519714], [-88.927482, 48.519741], [-88.927442, 48.519754], [-88.927415, 48.519754], [-88.927401, 48.519741], [-88.927401, 48.519714], [-88.927415, 48.519694]]]}}, {"type": "Feature", "properties": {"lead": 0, "temp": "sp:salmon"}, "geometry": {"type": "Polygon", "coordinates": [[[-88.927109, 48.519788], [-88.927139, 48.519781], [-88.92718, 48.519781], [-88.9272, 48.519788], [-88.9272, 48.519801], [-88.92718, 48.519821], [-88.927139, 48.519848], [-88.927109, 48.519862], [-88.927089, 48.519862], [-88.927079, 48.519848], [-88.927079, 48.519821], [-88.927089, 48.519801], [-88.927109, 48.519788]]]}}, {"type": "Feature", "properties": {"lead": 0, "temp": "sp:salmon"}, "geometry": {"type": "Polygon", "coordinates": [[[-88.926786, 48.519895], [-88.926816, 48.519888], [-88.926857, 48.519888], [-88.926877, 48.519895], [-88.926877, 48.519908], [-88.926857, 48.519928], [-88.926816, 48.519955], [-88.926786, 48.519969], [-88.926766, 48.519969], [-88.926756, 48.519955], [-88.926756, 48.519928], [-88.926766, 48.519908], [-88.926786, 48.519895]]]}}, {"type": "Feature", "properties": {"lead": 0, "temp": "sp:salmon"}, "geometry": {"type": "Polygon", "coordinates": [[[-88.926252, 48.520015], [-88.926319, 48.520002], [-88.92642, 48.519995], [-88.926554, 48.519995], [-88.926621, 48.520002], [-88.926621, 48.520015], [-88.926554, 48.520035], [-88.92642, 48.520062], [-88.926319, 48.520076], [-88.926252, 48.520076], [-88.926218, 48.520062], [-88.926218, 48.520035], [-88.926252, 48.520015]]]}}, {"type": "Feature", "properties": {"lead": 0, "temp": "sp:salmon"}, "geometry": {"type": "Polygon", "coordinates": [[[-88.925764, 48.520218], [-88.925734, 48.520192], [-88.925734, 48.520156], [-88.925764, 48.520129], [-88.925825, 48.520111], [-88.925915, 48.520102], [-88.926036, 48.520102], [-88.926127, 48.520111], [-88.926188, 48.520129], [-88.926218, 48.520156], [-88.926218, 48.520192], [-88.926188, 48.520218], [-88.926127, 48.520236], [-88.926036, 48.520245], [-88.925915, 48.520245], [-88.925825, 48.520236], [-88.925764, 48.520218]]]}}, {"type": "Feature", "properties": {"lead": 0, "temp": "sp:salmon"}, "geometry": {"type": "Polygon", "coordinates": [[[-88.925223, 48.520336], [-88.925196, 48.520312], [-88.925196, 48.520285], [-88.925229, 48.520265], [-88.925297, 48.520252], [-88.925398, 48.520245], [-88.925532, 48.520245], [-88.925626, 48.520256], [-88.92568, 48.520278], [-88.925693, 48.520312], [-88.925667, 48.520356], [-88.925619, 48.520385], [-88.925552, 48.520399], [-88.925465, 48.520397], [-88.925357, 48.520379], [-88.925276, 48.520359], [-88.925223, 48.520336]]]}}, {"type": "Feature", "properties": {"lead": 0, "temp": "sp:salmon"}, "geometry": {"type": "Polygon", "coordinates": [[[-88.924893, 48.520372], [-88.924934, 48.520359], [-88.924994, 48.520352], [-88.925075, 48.520352], [-88.925115, 48.520359], [-88.925115, 48.520372], [-88.925075, 48.520392], [-88.924994, 48.520419], [-88.924934, 48.520432], [-88.924893, 48.520432], [-88.924873, 48.520419], [-88.924873, 48.520392], [-88.924893, 48.520372]]]}}, {"type": "Feature", "properties": {"lead": 0, "temp": "sp:salmon"}, "geometry": {"type": "Polygon", "coordinates": [[[-88.924698, 48.520466], [-88.924738, 48.520459], [-88.924792, 48.520459], [-88.924819, 48.520466], [-88.924819, 48.520479], [-88.924792, 48.520499], [-88.924738, 48.520526], [-88.924698, 48.520539], [-88.924671, 48.520539], [-88.924658, 48.520526], [-88.924658, 48.520499], [-88.924671, 48.520479], [-88.924698, 48.520466]]]}}, {"type": "Feature", "properties": {"lead": 0, "temp": "sp:salmon"}, "geometry": {"type": "Polygon", "coordinates": [[[-88.924396, 48.520573], [-88.924456, 48.520566], [-88.924537, 48.520566], [-88.924577, 48.520573], [-88.924577, 48.520586], [-88.924537, 48.520606], [-88.924456, 48.520633], [-88.924396, 48.520646], [-88.924355, 48.520646], [-88.924335, 48.520633], [-88.924335, 48.520606], [-88.924355, 48.520586], [-88.924396, 48.520573]]]}}, {"type": "Feature", "properties": {"lead": 0, "temp": "sp:steelhead"}, "geometry": {"type": "Polygon", "coordinates": [[[-88.985884, 48.508447], [-88.98581, 48.50838], [-88.985773, 48.50832], [-88.985773, 48.508266], [-88.985655, 48.508233], [-88.98542, 48.508219], [-88.985066, 48.508226], [-88.984596, 48.508253], [-88.984243, 48.508282], [-88.984007, 48.508313], [-88.98389, 48.508346], [-88.98389, 48.508382], [-88.983846, 48.508407], [-88.983758, 48.50842], [-88.983627, 48.508422], [-88.983453, 48.508413], [-88.983288, 48.50842], [-88.983133, 48.508442], [-88.982989, 48.50848], [-88.982854, 48.508534], [-88.982713, 48.508574], [-88.982565, 48.508601], [-88.98241, 48.508614], [-88.982249, 48.508614], [-88.982128, 48.508598], [-88.982047, 48.508567], [-88.982007, 48.50852], [-88.982007, 48.508458], [-88.982097, 48.508375], [-88.982279, 48.508273], [-88.982551, 48.50815], [-88.982915, 48.508007], [-88.983325, 48.507887], [-88.983782, 48.507789], [-88.984286, 48.507713], [-88.984838, 48.50766], [-88.985292, 48.507642], [-88.985648, 48.50766], [-88.985907, 48.507713], [-88.986068, 48.507802], [-88.986193, 48.507918], [-88.98628, 48.508061], [-88.986331, 48.50823], [-88.986344, 48.508427], [-88.986317, 48.508554], [-88.98625, 48.508612], [-88.986142, 48.508601], [-88.985994, 48.50852], [-88.985884, 48.508447]]]}}, {"type": "Feature", "properties": {"lead": 0, "temp": "sp:steelhead"}, "geometry": {"type": "Polygon", "coordinates": [[[-88.984942, 48.508407], [-88.984972, 48.5084], [-88.985013, 48.5084], [-88.985033, 48.508407], [-88.985033, 48.50842], [-88.985013, 48.50844], [-88.984972, 48.508467], [-88.984942, 48.50848], [-88.984922, 48.50848], [-88.984912, 48.508467], [-88.984912, 48.50844], [-88.984922, 48.50842], [-88.984942, 48.508407]]]}}, {"type": "Feature", "properties": {"lead": 0, "temp": "sp:steelhead"}, "geometry": {"type": "Polygon", "coordinates": [[[-88.97505, 48.508732], [-88.975141, 48.508721], [-88.975262, 48.508721], [-88.975322, 48.508732], [-88.975322, 48.508755], [-88.975262, 48.508788], [-88.975141, 48.508833], [-88.97505, 48.508855], [-88.974989, 48.508855], [-88.974959, 48.508833], [-88.974959, 48.508788], [-88.974989, 48.508755], [-88.97505, 48.508732]]]}}, {"type": "Feature", "properties": {"lead": 0, "temp": "sp:steelhead"}, "geometry": {"type": "Polygon", "coordinates": [[[-88.973967, 48.508737], [-88.973997, 48.508721], [-88.974038, 48.508721], [-88.974058, 48.508737], [-88.974058, 48.508768], [-88.974038, 48.508815], [-88.973997, 48.508877], [-88.973967, 48.508908], [-88.973947, 48.508908], [-88.973937, 48.508877], [-88.973937, 48.508815], [-88.973947, 48.508768], [-88.973967, 48.508737]]]}}, {"type": "Feature", "properties": {"lead": 0, "temp": "sp:steelhead"}, "geometry": {"type": "Polygon", "coordinates": [[[-88.975601, 48.509004], [-88.975652, 48.508993], [-88.975719, 48.508984], [-88.975753, 48.508984], [-88.975753, 48.508993], [-88.975719, 48.509011], [-88.975652, 48.509038], [-88.975601, 48.509053], [-88.975568, 48.509058], [-88.975551, 48.509051], [-88.975551, 48.509033], [-88.975568, 48.509018], [-88.975601, 48.509004]]]}}, {"type": "Feature", "properties": {"lead": 0, "temp": "sp:steelhead"}, "geometry": {"type": "Polygon", "coordinates": [[[-88.974757, 48.509368], [-88.974657, 48.509301], [-88.974562, 48.509212], [-88.974519, 48.509145], [-88.974525, 48.5091], [-88.974583, 48.509078], [-88.97469, 48.509078], [-88.974771, 48.509089], [-88.974825, 48.509111], [-88.974852, 48.509145], [-88.974852, 48.509189], [-88.974868, 48.509212], [-88.974902, 48.509212], [-88.974952, 48.509189], [-88.97502, 48.509145], [-88.975097, 48.509118], [-88.975184, 48.509109], [-88.975282, 48.509118], [-88.97539, 48.509145], [-88.975453, 48.50918], [-88.975474, 48.509225], [-88.97545, 48.509279], [-88.975383, 48.509341], [-88.975302, 48.509388], [-88.975208, 48.509419], [-88.9751, 48.509435], [-88.974979, 48.509435], [-88.974865, 48.509412], [-88.974757, 48.509368]], [[-88.97507, 48.509263], [-88.975067, 48.50927], [-88.975067, 48.509279], [-88.97507, 48.509283], [-88.975077, 48.509283], [-88.975087, 48.509279], [-88.9751, 48.50927], [-88.975107, 48.509263], [-88.975107, 48.509259], [-88.9751, 48.509256], [-88.975087, 48.509256], [-88.975077, 48.509259], [-88.97507, 48.509263]]]}}, {"type": "Feature", "properties": {"lead": 0, "temp": "sp:steelhead"}, "geometry": {"type": "Polygon", "coordinates": [[[-88.978372, 48.509555], [-88.9781, 48.509542], [-88.97779, 48.509542], [-88.977558, 48.509526], [-88.977404, 48.509495], [-88.977326, 48.509448], [-88.977326, 48.509386], [-88.977272, 48.509348], [-88.977165, 48.509334], [-88.977003, 48.509346], [-88.976788, 48.509381], [-88.976627, 48.509399], [-88.976519, 48.509399], [-88.976465, 48.509381], [-88.976465, 48.509346], [-88.976425, 48.509319], [-88.976344, 48.509301], [-88.976223, 48.509292], [-88.976062, 48.509292], [-88.975941, 48.509279], [-88.97586, 48.509252], [-88.97582, 48.509212], [-88.97582, 48.509158], [-88.97585, 48.509118], [-88.975911, 48.509091], [-88.976001, 48.509078], [-88.976123, 48.509078], [-88.976223, 48.509065], [-88.976304, 48.509038], [-88.976365, 48.508998], [-88.976405, 48.508944], [-88.97655, 48.508906], [-88.976798, 48.508884], [-88.977151, 48.508877], [-88.977609, 48.508886], [-88.978016, 48.508922], [-88.978372, 48.508984], [-88.978678, 48.509073], [-88.978933, 48.509189], [-88.979118, 48.509301], [-88.979233, 48.509408], [-88.979276, 48.509511], [-88.97925, 48.509609], [-88.979189, 48.509669], [-88.979095, 48.509691], [-88.978967, 48.509676], [-88.978806, 48.509622], [-88.978607, 48.509582], [-88.978372, 48.509555]]]}}, {"type": "Feature", "properties": {"lead": 0, "temp": "sp:steelhead"}, "geometry": {"type": "Polygon", "coordinates": [[[-88.974361, 48.509441], [-88.974461, 48.509435], [-88.974596, 48.509435], [-88.974663, 48.509441], [-88.974663, 48.509455], [-88.974596, 48.509475], [-88.974461, 48.509502], [-88.974361, 48.509515], [-88.974293, 48.509515], [-88.97426, 48.509502], [-88.97426, 48.509475], [-88.974293, 48.509455], [-88.974361, 48.509441]]]}}, {"type": "Feature", "properties": {"lead": 0, "temp": "sp:steelhead"}, "geometry": {"type": "Polygon", "coordinates": [[[-88.972323, 48.509562], [-88.972377, 48.509582], [-88.972377, 48.509609], [-88.972323, 48.509622], [-88.972215, 48.509622], [-88.972054, 48.509609], [-88.971839, 48.509582], [-88.971731, 48.509562], [-88.971731, 48.509548], [-88.971839, 48.509542], [-88.972054, 48.509542], [-88.972215, 48.509548], [-88.972323, 48.509562]]]}}, {"type": "Feature", "properties": {"lead": 0, "temp": "sp:steelhead"}, "geometry": {"type": "Polygon", "coordinates": [[[-88.973106, 48.509548], [-88.973137, 48.509542], [-88.973177, 48.509542], [-88.973197, 48.509548], [-88.973197, 48.509562], [-88.973177, 48.509582], [-88.973137, 48.509609], [-88.973106, 48.509622], [-88.973086, 48.509622], [-88.973076, 48.509609], [-88.973076, 48.509582], [-88.973086, 48.509562], [-88.973106, 48.509548]]]}}, {"type": "Feature", "properties": {"lead": 0, "temp": "sp:steelhead"}, "geometry": {"type": "Polygon", "coordinates": [[[-88.969697, 48.509852], [-88.969633, 48.509823], [-88.969633, 48.509796], [-88.969697, 48.509776], [-88.969825, 48.509763], [-88.970016, 48.509756], [-88.970272, 48.509756], [-88.970464, 48.509771], [-88.970591, 48.509803], [-88.970655, 48.50985], [-88.970655, 48.509912], [-88.970591, 48.50995], [-88.970464, 48.509963], [-88.970272, 48.509952], [-88.970016, 48.509916], [-88.969825, 48.509883], [-88.969697, 48.509852]]]}}, {"type": "Feature", "properties": {"lead": 0, "temp": "sp:steelhead"}, "geometry": {"type": "Polygon", "coordinates": [[[-88.968275, 48.509981], [-88.968234, 48.509952], [-88.968234, 48.509916], [-88.968278, 48.50989], [-88.968365, 48.509872], [-88.968497, 48.509863], [-88.968671, 48.509863], [-88.968799, 48.509874], [-88.96888, 48.509896], [-88.968914, 48.50993], [-88.9689, 48.509974], [-88.96885, 48.510006], [-88.968762, 48.510023], [-88.968638, 48.510028], [-88.968476, 48.510019], [-88.968355, 48.510003], [-88.968275, 48.509981]]]}}, {"type": "Feature", "properties": {"lead": 0, "temp": "sp:steelhead"}, "geometry": {"type": "Polygon", "coordinates": [[[-88.96813, 48.510059], [-88.968174, 48.510086], [-88.968133, 48.510139], [-88.968039, 48.51018], [-88.967891, 48.510206], [-88.96769, 48.51022], [-88.967434, 48.51022], [-88.967316, 48.510206], [-88.967337, 48.51018], [-88.967495, 48.510139], [-88.967791, 48.510086], [-88.968002, 48.510059], [-88.96813, 48.510059]]]}}, {"type": "Feature", "properties": {"lead": 0, "temp": "sp:steelhead"}, "geometry": {"type": "Polygon", "coordinates": [[[-88.966789, 48.510333], [-88.966849, 48.510327], [-88.96693, 48.510327], [-88.96697, 48.510333], [-88.96697, 48.510347], [-88.96693, 48.510367], [-88.966849, 48.510394], [-88.966789, 48.510407], [-88.966748, 48.510407], [-88.966728, 48.510394], [-88.966728, 48.510367], [-88.966748, 48.510347], [-88.966789, 48.510333]]]}}, {"type": "Feature", "properties": {"lead": 0, "temp": "sp:steelhead"}, "geometry": {"type": "Polygon", "coordinates": [[[-88.96622, 48.510443], [-88.966251, 48.510434], [-88.966291, 48.510434], [-88.966311, 48.510443], [-88.966311, 48.510461], [-88.966291, 48.510487], [-88.966251, 48.510523], [-88.96622, 48.510541], [-88.9662, 48.510541], [-88.96619, 48.510523], [-88.96619, 48.510487], [-88.9662, 48.510461], [-88.96622, 48.510443]]]}}, {"type": "Feature", "properties": {"lead": 0, "temp": "sp:steelhead"}, "geometry": {"type": "Polygon", "coordinates": [[[-88.965824, 48.510603], [-88.965867, 48.510617], [-88.965867, 48.510643], [-88.965824, 48.510663], [-88.965736, 48.510677], [-88.965605, 48.510684], [-88.96543, 48.510684], [-88.965343, 48.510677], [-88.965343, 48.510663], [-88.96543, 48.510643], [-88.965605, 48.510617], [-88.965736, 48.510603], [-88.965824, 48.510603]]]}}, {"type": "Feature", "properties": {"lead": 0, "temp": "sp:steelhead"}, "geometry": {"type": "Polygon", "coordinates": [[[-88.964875, 48.510797], [-88.964906, 48.510791], [-88.964946, 48.510791], [-88.964966, 48.510797], [-88.964966, 48.510811], [-88.964946, 48.510831], [-88.964906, 48.510857], [-88.964875, 48.510871], [-88.964855, 48.510871], [-88.964845, 48.510857], [-88.964845, 48.510831], [-88.964855, 48.510811], [-88.964875, 48.510797]]]}}, {"type": "Feature", "properties": {"lead": 0, "temp": "sp:steelhead"}, "geometry": {"type": "Polygon", "coordinates": [[[-88.964368, 48.510904], [-88.964428, 48.510898], [-88.964509, 48.510898], [-88.964549, 48.510904], [-88.964549, 48.510918], [-88.964509, 48.510938], [-88.964428, 48.510965], [-88.964368, 48.510978], [-88.964327, 48.510978], [-88.964307, 48.510965], [-88.964307, 48.510938], [-88.964327, 48.510918], [-88.964368, 48.510904]]]}}, {"type": "Feature", "properties": {"lead": 0, "temp": "sp:steelhead"}, "geometry": {"type": "Polygon", "coordinates": [[[-88.963809, 48.510904], [-88.96385, 48.510898], [-88.963904, 48.510898], [-88.96393, 48.510904], [-88.96393, 48.510918], [-88.963904, 48.510938], [-88.96385, 48.510965], [-88.963809, 48.510978], [-88.963783, 48.510978], [-88.963769, 48.510965], [-88.963769, 48.510938], [-88.963783, 48.510918], [-88.963809, 48.510904]]]}}, {"type": "Feature", "properties": {"lead": 0, "temp": "sp:steelhead"}, "geometry": {"type": "Polygon", "coordinates": [[[-88.962616, 48.511261], [-88.962646, 48.511254], [-88.962686, 48.511254], [-88.962707, 48.511261], [-88.962707, 48.511275], [-88.962686, 48.511295], [-88.962646, 48.511321], [-88.962616, 48.511335], [-88.962596, 48.511335], [-88.962586, 48.511321], [-88.962586, 48.511295], [-88.962596, 48.511275], [-88.962616, 48.511261]]]}}, {"type": "Feature", "properties": {"lead": 0, "temp": "sp:steelhead"}, "geometry": {"type": "Polygon", "coordinates": [[[-88.99507, 48.512686], [-88.995288, 48.512579], [-88.995678, 48.512463], [-88.996045, 48.512383], [-88.996388, 48.512338], [-88.996707, 48.512329], [-88.997003, 48.512356], [-88.997363, 48.512325], [-88.997786, 48.512236], [-88.998274, 48.512088], [-88.998825, 48.511883], [-88.999239, 48.511752], [-88.999515, 48.511694], [-88.999653, 48.511709], [-88.999653, 48.511799], [-88.999599, 48.511879], [-88.999491, 48.51195], [-88.99933, 48.512013], [-88.999115, 48.512066], [-88.998933, 48.512129], [-88.998785, 48.5122], [-88.998671, 48.51228], [-88.99859, 48.512369], [-88.998368, 48.512463], [-88.998005, 48.512561], [-88.997501, 48.512664], [-88.996855, 48.512771], [-88.996371, 48.51286], [-88.996048, 48.512931], [-88.995887, 48.512985], [-88.995887, 48.513021], [-88.995813, 48.513027], [-88.995665, 48.513005], [-88.995443, 48.512954], [-88.995147, 48.512873], [-88.995023, 48.512784], [-88.99507, 48.512686]]]}}, {"type": "Feature", "properties": {"lead": 0, "temp": "sp:steelhead"}, "geometry": {"type": "Polygon", "coordinates": [[[-88.962125, 48.51156], [-88.962101, 48.511535], [-88.962101, 48.511509], [-88.962132, 48.511482], [-88.962192, 48.511455], [-88.962283, 48.511428], [-88.962404, 48.511402], [-88.962488, 48.511399], [-88.962535, 48.511422], [-88.962545, 48.511469], [-88.962518, 48.51154], [-88.962475, 48.511589], [-88.962414, 48.511616], [-88.962337, 48.51162], [-88.962243, 48.511602], [-88.962172, 48.511582], [-88.962125, 48.51156]]]}}, {"type": "Feature", "properties": {"lead": 0, "temp": "sp:steelhead"}, "geometry": {"type": "Polygon", "coordinates": [[[-88.96116, 48.511792], [-88.96114, 48.511732], [-88.96118, 48.511669], [-88.961113, 48.511634], [-88.960938, 48.511625], [-88.960656, 48.511642], [-88.960265, 48.511687], [-88.959973, 48.511709], [-88.959778, 48.511709], [-88.95968, 48.511687], [-88.95968, 48.511642], [-88.959788, 48.511602], [-88.960003, 48.511567], [-88.960326, 48.511535], [-88.960756, 48.511509], [-88.961109, 48.511502], [-88.961385, 48.511515], [-88.961584, 48.511549], [-88.961705, 48.511602], [-88.961809, 48.511636], [-88.961896, 48.511649], [-88.961967, 48.511642], [-88.962021, 48.511616], [-88.962048, 48.511625], [-88.962048, 48.511669], [-88.962021, 48.511749], [-88.961967, 48.511865], [-88.961876, 48.511939], [-88.961748, 48.51197], [-88.961584, 48.511959], [-88.961382, 48.511906], [-88.961241, 48.51185], [-88.96116, 48.511792]]]}}, {"type": "Feature", "properties": {"lead": 0, "temp": "sp:steelhead"}, "geometry": {"type": "Polygon", "coordinates": [[[-88.959388, 48.511694], [-88.959418, 48.511683], [-88.959459, 48.511683], [-88.959479, 48.511694], [-88.959479, 48.511716], [-88.959459, 48.511749], [-88.959418, 48.511794], [-88.959388, 48.511816], [-88.959368, 48.511816], [-88.959358, 48.511794], [-88.959358, 48.511749], [-88.959368, 48.511716], [-88.959388, 48.511694]]]}}, {"type": "Feature", "properties": {"lead": 0, "temp": "sp:steelhead"}, "geometry": {"type": "Polygon", "coordinates": [[[-88.956392, 48.512704], [-88.9565, 48.51257], [-88.956674, 48.512401], [-88.956849, 48.51226], [-88.957024, 48.512149], [-88.957199, 48.512066], [-88.957374, 48.512013], [-88.957569, 48.511979], [-88.957784, 48.511966], [-88.958019, 48.511972], [-88.958275, 48.511999], [-88.958497, 48.512006], [-88.958685, 48.511993], [-88.95884, 48.511959], [-88.958961, 48.511906], [-88.959048, 48.511879], [-88.959102, 48.511879], [-88.959122, 48.511906], [-88.959109, 48.511959], [-88.959062, 48.512006], [-88.958981, 48.512046], [-88.958867, 48.51208], [-88.958719, 48.512106], [-88.958594, 48.512142], [-88.958494, 48.512187], [-88.958416, 48.51224], [-88.958362, 48.512303], [-88.958258, 48.512356], [-88.958103, 48.512401], [-88.957898, 48.512436], [-88.957643, 48.512463], [-88.957411, 48.51251], [-88.957202, 48.512577], [-88.957017, 48.512664], [-88.956856, 48.512771], [-88.956711, 48.512844], [-88.956584, 48.512885], [-88.956473, 48.512891], [-88.956379, 48.512864], [-88.956352, 48.512802], [-88.956392, 48.512704]]]}}, {"type": "Feature", "properties": {"lead": 0, "temp": "sp:steelhead"}, "geometry": {"type": "Polygon", "coordinates": [[[-88.955562, 48.51325], [-88.955699, 48.513154], [-88.955915, 48.513065], [-88.956066, 48.513027], [-88.956153, 48.513041], [-88.956177, 48.513105], [-88.956136, 48.513221], [-88.956086, 48.513315], [-88.956026, 48.513386], [-88.955955, 48.513435], [-88.955874, 48.513462], [-88.955814, 48.513498], [-88.955773, 48.513542], [-88.955753, 48.513596], [-88.955753, 48.513658], [-88.95573, 48.513676], [-88.955683, 48.513649], [-88.955612, 48.513578], [-88.955518, 48.513462], [-88.955501, 48.513353], [-88.955562, 48.51325]]]}}, {"type": "Feature", "properties": {"lead": 0, "temp": "sp:steelhead"}, "geometry": {"type": "Polygon", "coordinates": [[[-88.955034, 48.514022], [-88.955134, 48.513953], [-88.955296, 48.513872], [-88.955417, 48.513826], [-88.955498, 48.513812], [-88.955538, 48.513832], [-88.955538, 48.513886], [-88.955518, 48.513942], [-88.955477, 48.513999], [-88.955417, 48.51406], [-88.955336, 48.514122], [-88.955256, 48.51416], [-88.955175, 48.514173], [-88.955094, 48.514162], [-88.955013, 48.514127], [-88.954993, 48.51408], [-88.955034, 48.514022]]]}}, {"type": "Feature", "properties": {"lead": 0, "temp": "sp:steelhead"}, "geometry": {"type": "Polygon", "coordinates": [[[-88.954718, 48.514229], [-88.954758, 48.514216], [-88.954812, 48.514216], [-88.954839, 48.514229], [-88.954839, 48.514256], [-88.954812, 48.514296], [-88.954758, 48.51435], [-88.954718, 48.514376], [-88.954691, 48.514376], [-88.954677, 48.51435], [-88.954677, 48.514296], [-88.954691, 48.514256], [-88.954718, 48.514229]]]}}, {"type": "Feature", "properties": {"lead": 0, "temp": "sp:steelhead"}, "geometry": {"type": "Polygon", "coordinates": [[[-88.954546, 48.514443], [-88.954576, 48.51443], [-88.954617, 48.51443], [-88.954637, 48.514443], [-88.954637, 48.51447], [-88.954617, 48.51451], [-88.954576, 48.514564], [-88.954546, 48.51459], [-88.954526, 48.51459], [-88.954516, 48.514564], [-88.954516, 48.51451], [-88.954526, 48.51447], [-88.954546, 48.514443]]]}}, {"type": "Feature", "properties": {"lead": 0, "temp": "sp:steelhead"}, "geometry": {"type": "Polygon", "coordinates": [[[-88.954385, 48.5148], [-88.954415, 48.514787], [-88.954455, 48.514787], [-88.954475, 48.5148], [-88.954475, 48.514827], [-88.954455, 48.514867], [-88.954415, 48.51492], [-88.954385, 48.514947], [-88.954364, 48.514947], [-88.954354, 48.51492], [-88.954354, 48.514867], [-88.954364, 48.514827], [-88.954385, 48.5148]]]}}, {"type": "Feature", "properties": {"lead": 0, "temp": "sp:steelhead"}, "geometry": {"type": "Polygon", "coordinates": [[[-88.954223, 48.515021], [-88.954254, 48.515001], [-88.954294, 48.515001], [-88.954314, 48.515021], [-88.954314, 48.515061], [-88.954294, 48.515121], [-88.954254, 48.515201], [-88.954223, 48.515242], [-88.954203, 48.515242], [-88.954193, 48.515201], [-88.954193, 48.515121], [-88.954203, 48.515061], [-88.954223, 48.515021]]]}}, {"type": "Feature", "properties": {"lead": 0, "temp": "sp:steelhead"}, "geometry": {"type": "Polygon", "coordinates": [[[-88.954062, 48.515337], [-88.954092, 48.515322], [-88.954132, 48.515322], [-88.954153, 48.515337], [-88.954153, 48.515369], [-88.954132, 48.515415], [-88.954092, 48.515478], [-88.954062, 48.515509], [-88.954042, 48.515509], [-88.954032, 48.515478], [-88.954032, 48.515415], [-88.954042, 48.515369], [-88.954062, 48.515337]]]}}, {"type": "Feature", "properties": {"lead": 0, "temp": "sp:steelhead"}, "geometry": {"type": "Polygon", "coordinates": [[[-88.953164, 48.516521], [-88.953191, 48.516468], [-88.953312, 48.516423], [-88.953426, 48.516341], [-88.953534, 48.51622], [-88.953635, 48.516062], [-88.953729, 48.515866], [-88.95381, 48.515719], [-88.953877, 48.515621], [-88.953931, 48.515572], [-88.953971, 48.515572], [-88.954001, 48.515652], [-88.954022, 48.515812], [-88.954032, 48.516053], [-88.954032, 48.516374], [-88.953968, 48.516595], [-88.95384, 48.516715], [-88.953648, 48.516735], [-88.953393, 48.516655], [-88.953231, 48.516584], [-88.953164, 48.516521]]]}}, {"type": "Feature", "properties": {"lead": 0, "temp": "sp:steelhead"}, "geometry": {"type": "Polygon", "coordinates": [[[-88.947431, 48.523681], [-88.94726, 48.523621], [-88.947085, 48.52354], [-88.946954, 48.523451], [-88.946866, 48.523353], [-88.946823, 48.523246], [-88.946823, 48.52313], [-88.946799, 48.523023], [-88.946752, 48.522925], [-88.946681, 48.522836], [-88.946587, 48.522755], [-88.946443, 48.522709], [-88.946248, 48.522695], [-88.946002, 48.522715], [-88.945706, 48.522769], [-88.945431, 48.522796], [-88.945175, 48.522796], [-88.94494, 48.522769], [-88.944725, 48.522715], [-88.944637, 48.522675], [-88.944677, 48.522648], [-88.944846, 48.522635], [-88.945141, 48.522635], [-88.945363, 48.522619], [-88.945511, 48.522588], [-88.945585, 48.522541], [-88.945585, 48.522479], [-88.945616, 48.522428], [-88.945676, 48.522388], [-88.945767, 48.522359], [-88.945888, 48.522341], [-88.946113, 48.522388], [-88.946443, 48.522499], [-88.946876, 48.522675], [-88.947414, 48.522916], [-88.94805, 48.523001], [-88.948783, 48.522929], [-88.949613, 48.522702], [-88.950541, 48.522319], [-88.951389, 48.521989], [-88.952155, 48.521712], [-88.952841, 48.521489], [-88.953447, 48.52132], [-88.95389, 48.521219], [-88.954173, 48.521188], [-88.954294, 48.521226], [-88.954254, 48.521333], [-88.954159, 48.521433], [-88.954011, 48.521527], [-88.95381, 48.521614], [-88.953554, 48.521694], [-88.953339, 48.521777], [-88.953164, 48.521861], [-88.95303, 48.521948], [-88.952935, 48.522038], [-88.952673, 48.522154], [-88.952243, 48.522296], [-88.951644, 48.522466], [-88.950878, 48.522662], [-88.950283, 48.522831], [-88.949859, 48.522974], [-88.949607, 48.52309], [-88.949526, 48.523179], [-88.949388, 48.523273], [-88.949193, 48.523371], [-88.948941, 48.523473], [-88.948632, 48.52358], [-88.948359, 48.523661], [-88.948124, 48.523714], [-88.947926, 48.523741], [-88.947764, 48.523741], [-88.947599, 48.523721], [-88.947431, 48.523681]]]}}, {"type": "Feature", "properties": {"lead": 0, "temp": "sp:steelhead"}, "geometry": {"type": "Polygon", "coordinates": [[[-88.943595, 48.522608], [-88.943541, 48.522582], [-88.943541, 48.522546], [-88.943595, 48.522519], [-88.943702, 48.522501], [-88.943864, 48.522492], [-88.944079, 48.522492], [-88.94424, 48.522501], [-88.944348, 48.522519], [-88.944402, 48.522546], [-88.944402, 48.522582], [-88.944348, 48.522608], [-88.94424, 48.522626], [-88.944079, 48.522635], [-88.943864, 48.522635], [-88.943702, 48.522626], [-88.943595, 48.522608]]]}}, {"type": "Feature", "properties": {"lead": 0, "temp": "sp:steelhead"}, "geometry": {"type": "Polygon", "coordinates": [[[-88.950296, 48.522963], [-88.950326, 48.522956], [-88.950367, 48.522956], [-88.950387, 48.522963], [-88.950387, 48.522976], [-88.950367, 48.522996], [-88.950326, 48.523023], [-88.950296, 48.523036], [-88.950276, 48.523036], [-88.950266, 48.523023], [-88.950266, 48.522996], [-88.950276, 48.522976], [-88.950296, 48.522963]]]}}, {"type": "Feature", "properties": {"lead": 0, "temp": "sp:steelhead"}, "geometry": {"type": "Polygon", "coordinates": [[[-88.950091, 48.523072], [-88.950131, 48.523063], [-88.950185, 48.523063], [-88.950212, 48.523072], [-88.950212, 48.52309], [-88.950185, 48.523117], [-88.950131, 48.523152], [-88.950091, 48.52317], [-88.950064, 48.52317], [-88.950051, 48.523152], [-88.950051, 48.523117], [-88.950064, 48.52309], [-88.950091, 48.523072]]]}}, {"type": "Feature", "properties": {"lead": 0, "temp": "sp:steelhead"}, "geometry": {"type": "Polygon", "coordinates": [[[-88.94341, 48.523072], [-88.94344, 48.523063], [-88.94348, 48.523063], [-88.943501, 48.523072], [-88.943501, 48.52309], [-88.94348, 48.523117], [-88.94344, 48.523152], [-88.94341, 48.52317], [-88.94339, 48.52317], [-88.94338, 48.523152], [-88.94338, 48.523117], [-88.94339, 48.52309], [-88.94341, 48.523072]]]}}, {"type": "Feature", "properties": {"lead": 0, "temp": "sp:steelhead"}, "geometry": {"type": "Polygon", "coordinates": [[[-88.942489, 48.524026], [-88.942512, 48.523973], [-88.942579, 48.523937], [-88.94262, 48.523859], [-88.942633, 48.523739], [-88.94262, 48.523576], [-88.942579, 48.523371], [-88.942569, 48.523217], [-88.942589, 48.523114], [-88.94264, 48.523063], [-88.942721, 48.523063], [-88.942795, 48.523036], [-88.942862, 48.522983], [-88.942922, 48.522903], [-88.942976, 48.522796], [-88.943047, 48.522715], [-88.943134, 48.522662], [-88.943238, 48.522635], [-88.943359, 48.522635], [-88.94342, 48.522648], [-88.94342, 48.522675], [-88.943359, 48.522715], [-88.943238, 48.522769], [-88.943151, 48.522831], [-88.943097, 48.522903], [-88.943077, 48.522983], [-88.94309, 48.523072], [-88.943084, 48.523139], [-88.943057, 48.523184], [-88.94301, 48.523206], [-88.942942, 48.523206], [-88.942916, 48.523268], [-88.942929, 48.523393], [-88.942983, 48.52358], [-88.943077, 48.52383], [-88.943124, 48.524033], [-88.943124, 48.524189], [-88.943077, 48.524298], [-88.942983, 48.524361], [-88.942885, 48.524381], [-88.942784, 48.524358], [-88.94268, 48.524294], [-88.942573, 48.524187], [-88.942509, 48.524098], [-88.942489, 48.524026]]]}}, {"type": "Feature", "properties": {"lead": 0, "temp": "sp:steelhead"}, "geometry": {"type": "Polygon", "coordinates": [[[-88.937223, 48.525353], [-88.937253, 48.525346], [-88.937294, 48.525346], [-88.937314, 48.525353], [-88.937314, 48.525366], [-88.937294, 48.525386], [-88.937253, 48.525413], [-88.937223, 48.525426], [-88.937203, 48.525426], [-88.937193, 48.525413], [-88.937193, 48.525386], [-88.937203, 48.525366], [-88.937223, 48.525353]]]}}, {"type": "Feature", "properties": {"lead": 0, "temp": "sp:steelhead"}, "geometry": {"type": "Polygon", "coordinates": [[[-88.940296, 48.52583], [-88.940111, 48.525743], [-88.939977, 48.525627], [-88.939778, 48.52554], [-88.939516, 48.525482], [-88.93919, 48.525453], [-88.9388, 48.525453], [-88.938467, 48.52544], [-88.938191, 48.525413], [-88.937973, 48.525373], [-88.937811, 48.525319], [-88.937892, 48.525295], [-88.938215, 48.525299], [-88.93878, 48.525333], [-88.939587, 48.525395], [-88.940226, 48.525449], [-88.940696, 48.525493], [-88.940999, 48.525529], [-88.941133, 48.525556], [-88.941255, 48.525596], [-88.941362, 48.525649], [-88.941456, 48.525716], [-88.941537, 48.525796], [-88.941513, 48.525857], [-88.941386, 48.525897], [-88.941154, 48.525917], [-88.940817, 48.525917], [-88.940532, 48.525888], [-88.940296, 48.52583]]]}}, {"type": "Feature", "properties": {"lead": 0, "temp": "sp:steelhead"}, "geometry": {"type": "Polygon", "coordinates": [[[-88.939644, 48.525816], [-88.939674, 48.52581], [-88.939715, 48.52581], [-88.939735, 48.525816], [-88.939735, 48.52583], [-88.939715, 48.52585], [-88.939674, 48.525877], [-88.939644, 48.52589], [-88.939624, 48.52589], [-88.939614, 48.525877], [-88.939614, 48.52585], [-88.939624, 48.52583], [-88.939644, 48.525816]]]}}, {"type": "Feature", "properties": {"lead": 0, "temp": "sp:steelhead"}, "geometry": {"type": "Polygon", "coordinates": [[[-88.92802, 48.51944], [-88.928222, 48.519331], [-88.928518, 48.519197], [-88.928783, 48.51911], [-88.929019, 48.51907], [-88.929224, 48.519077], [-88.929399, 48.51913], [-88.929506, 48.519186], [-88.929547, 48.519244], [-88.92952, 48.519304], [-88.929426, 48.519367], [-88.929355, 48.519398], [-88.929308, 48.519398], [-88.929284, 48.519367], [-88.929284, 48.519304], [-88.929254, 48.519257], [-88.929194, 48.519226], [-88.929103, 48.51921], [-88.928982, 48.51921], [-88.928847, 48.519239], [-88.928699, 48.519297], [-88.928538, 48.519384], [-88.928363, 48.5195], [-88.928212, 48.519578], [-88.928084, 48.519618], [-88.92798, 48.519621], [-88.927899, 48.519585], [-88.927913, 48.519525], [-88.92802, 48.51944]]]}}, {"type": "Feature", "properties": {"lead": 0, "temp": "sp:steelhead"}, "geometry": {"type": "Polygon", "coordinates": [[[-88.929691, 48.519694], [-88.929661, 48.519607], [-88.929661, 48.519491], [-88.929691, 48.519411], [-88.929752, 48.519367], [-88.929843, 48.519358], [-88.929964, 48.519384], [-88.930054, 48.519427], [-88.930115, 48.519485], [-88.930145, 48.519558], [-88.930145, 48.519647], [-88.930115, 48.519714], [-88.930054, 48.519759], [-88.929964, 48.519781], [-88.929843, 48.519781], [-88.929752, 48.519752], [-88.929691, 48.519694]]]}}, {"type": "Feature", "properties": {"lead": 0, "temp": "sp:steelhead"}, "geometry": {"type": "Polygon", "coordinates": [[[-88.927472, 48.519681], [-88.927543, 48.519674], [-88.927637, 48.519674], [-88.927684, 48.519681], [-88.927684, 48.519694], [-88.927637, 48.519714], [-88.927543, 48.519741], [-88.927472, 48.519754], [-88.927425, 48.519754], [-88.927401, 48.519741], [-88.927401, 48.519714], [-88.927425, 48.519694], [-88.927472, 48.519681]]]}}, {"type": "Feature", "properties": {"lead": 0, "temp": "sp:steelhead"}, "geometry": {"type": "Polygon", "coordinates": [[[-88.92727, 48.519788], [-88.927301, 48.519781], [-88.927341, 48.519781], [-88.927361, 48.519788], [-88.927361, 48.519801], [-88.927341, 48.519821], [-88.927301, 48.519848], [-88.92727, 48.519862], [-88.92725, 48.519862], [-88.92724, 48.519848], [-88.92724, 48.519821], [-88.92725, 48.519801], [-88.92727, 48.519788]]]}}, {"type": "Feature", "properties": {"lead": 0, "temp": "sp:steelhead"}, "geometry": {"type": "Polygon", "coordinates": [[[-88.930038, 48.519955], [-88.930044, 48.519915], [-88.930085, 48.519862], [-88.930128, 48.519821], [-88.930175, 48.519795], [-88.930226, 48.519781], [-88.93028, 48.519781], [-88.93032, 48.519795], [-88.930347, 48.519821], [-88.93036, 48.519862], [-88.93036, 48.519915], [-88.930337, 48.519955], [-88.93029, 48.519982], [-88.930219, 48.519995], [-88.930125, 48.519995], [-88.930065, 48.519982], [-88.930038, 48.519955]]]}}, {"type": "Feature", "properties": {"lead": 0, "temp": "sp:steelhead"}, "geometry": {"type": "Polygon", "coordinates": [[[-88.926978, 48.519895], [-88.927038, 48.519888], [-88.927119, 48.519888], [-88.927159, 48.519895], [-88.927159, 48.519908], [-88.927119, 48.519928], [-88.927038, 48.519955], [-88.926978, 48.519969], [-88.926937, 48.519969], [-88.926917, 48.519955], [-88.926917, 48.519928], [-88.926937, 48.519908], [-88.926978, 48.519895]]]}}, {"type": "Feature", "properties": {"lead": 0, "temp": "sp:steelhead"}, "geometry": {"type": "Polygon", "coordinates": [[[-88.926581, 48.520011], [-88.926621, 48.519995], [-88.926675, 48.519995], [-88.926702, 48.520011], [-88.926702, 48.520042], [-88.926675, 48.520089], [-88.926621, 48.520151], [-88.926581, 48.520183], [-88.926554, 48.520183], [-88.926541, 48.520151], [-88.926541, 48.520089], [-88.926554, 48.520042], [-88.926581, 48.520011]]]}}, {"type": "Feature", "properties": {"lead": 0, "temp": "sp:steelhead"}, "geometry": {"type": "Polygon", "coordinates": [[[-88.926073, 48.52022], [-88.926057, 48.520192], [-88.926057, 48.520156], [-88.926077, 48.520129], [-88.926117, 48.520111], [-88.926178, 48.520102], [-88.926258, 48.520102], [-88.926315, 48.520113], [-88.926349, 48.520136], [-88.926359, 48.520169], [-88.926346, 48.520214], [-88.926319, 48.520245], [-88.926278, 48.520263], [-88.926225, 48.520267], [-88.926157, 48.520258], [-88.926107, 48.520243], [-88.926073, 48.52022]]]}}, {"type": "Feature", "properties": {"lead": 0, "temp": "sp:steelhead"}, "geometry": {"type": "Polygon", "coordinates": [[[-88.92727, 48.520118], [-88.927301, 48.520102], [-88.927341, 48.520102], [-88.927361, 48.520118], [-88.927361, 48.520149], [-88.927341, 48.520196], [-88.927301, 48.520258], [-88.92727, 48.52029], [-88.92725, 48.52029], [-88.92724, 48.520258], [-88.92724, 48.520196], [-88.92725, 48.520149], [-88.92727, 48.520118]]]}}, {"type": "Feature", "properties": {"lead": 0, "temp": "sp:steelhead"}, "geometry": {"type": "Polygon", "coordinates": [[[-88.925596, 48.520256], [-88.92566, 48.520245], [-88.925754, 48.520245], [-88.925825, 48.520252], [-88.925872, 48.520265], [-88.925895, 48.520285], [-88.925895, 48.520312], [-88.925878, 48.520336], [-88.925845, 48.520359], [-88.925794, 48.520379], [-88.925727, 48.520397], [-88.92567, 48.520399], [-88.925623, 48.520385], [-88.925586, 48.520356], [-88.925559, 48.520312], [-88.925562, 48.520278], [-88.925596, 48.520256]]]}}, {"type": "Feature", "properties": {"lead": 0, "temp": "sp:steelhead"}, "geometry": {"type": "Polygon", "coordinates": [[[-88.925226, 48.520359], [-88.925256, 48.520352], [-88.925297, 48.520352], [-88.925317, 48.520359], [-88.925317, 48.520372], [-88.925297, 48.520392], [-88.925256, 48.520419], [-88.925226, 48.520432], [-88.925206, 48.520432], [-88.925196, 48.520419], [-88.925196, 48.520392], [-88.925206, 48.520372], [-88.925226, 48.520359]]]}}, {"type": "Feature", "properties": {"lead": 0, "temp": "sp:steelhead"}, "geometry": {"type": "Polygon", "coordinates": [[[-88.926978, 48.520359], [-88.927038, 48.520352], [-88.927119, 48.520352], [-88.927159, 48.520359], [-88.927159, 48.520372], [-88.927119, 48.520392], [-88.927038, 48.520419], [-88.926978, 48.520432], [-88.926937, 48.520432], [-88.926917, 48.520419], [-88.926917, 48.520392], [-88.926937, 48.520372], [-88.926978, 48.520359]]]}}, {"type": "Feature", "properties": {"lead": 0, "temp": "sp:steelhead"}, "geometry": {"type": "Polygon", "coordinates": [[[-88.924903, 48.520466], [-88.924934, 48.520459], [-88.924974, 48.520459], [-88.924994, 48.520466], [-88.924994, 48.520479], [-88.924974, 48.520499], [-88.924934, 48.520526], [-88.924903, 48.520539], [-88.924883, 48.520539], [-88.924873, 48.520526], [-88.924873, 48.520499], [-88.924883, 48.520479], [-88.924903, 48.520466]]]}}, {"type": "Feature", "properties": {"lead": 0, "temp": "sp:steelhead"}, "geometry": {"type": "Polygon", "coordinates": [[[-88.930414, 48.520802], [-88.930387, 48.520762], [-88.930441, 48.520727], [-88.930471, 48.520657], [-88.930478, 48.520555], [-88.930461, 48.520419], [-88.930421, 48.520249], [-88.930411, 48.520158], [-88.930431, 48.520145], [-88.930481, 48.520209], [-88.930562, 48.520352], [-88.93067, 48.520479], [-88.930804, 48.520591], [-88.930966, 48.520686], [-88.931154, 48.520767], [-88.931292, 48.520836], [-88.931379, 48.520894], [-88.931416, 48.520941], [-88.931403, 48.520976], [-88.931325, 48.52099], [-88.931184, 48.520981], [-88.930979, 48.52095], [-88.93071, 48.520896], [-88.930522, 48.520847], [-88.930414, 48.520802]]]}}, {"type": "Feature", "properties": {"lead": 0, "temp": "sp:steelhead"}, "geometry": {"type": "Polygon", "coordinates": [[[-88.925966, 48.520582], [-88.926016, 48.520566], [-88.926097, 48.520566], [-88.926147, 48.520582], [-88.926168, 48.520613], [-88.926157, 48.52066], [-88.926117, 48.520722], [-88.926077, 48.520753], [-88.926036, 48.520753], [-88.925996, 48.520722], [-88.925956, 48.52066], [-88.925946, 48.520613], [-88.925966, 48.520582]]]}}, {"type": "Feature", "properties": {"lead": 0, "temp": "sp:steelhead"}, "geometry": {"type": "Polygon", "coordinates": [[[-88.924456, 48.520662], [-88.924537, 48.520633], [-88.924671, 48.520606], [-88.924759, 48.520593], [-88.924799, 48.520593], [-88.924792, 48.520606], [-88.924738, 48.520633], [-88.924698, 48.520662], [-88.924671, 48.520693], [-88.924658, 48.520727], [-88.924658, 48.520762], [-88.924638, 48.52078], [-88.924597, 48.52078], [-88.924537, 48.520762], [-88.924456, 48.520727], [-88.924429, 48.520693], [-88.924456, 48.520662]]]}}, {"type": "Feature", "properties": {"lead": 0, "temp": "sp:steelhead"}, "geometry": {"type": "Polygon", "coordinates": [[[-88.931009, 48.522018], [-88.930966, 48.521824], [-88.930939, 48.521592], [-88.930939, 48.521418], [-88.930966, 48.521302], [-88.931019, 48.521244], [-88.9311, 48.521244], [-88.931171, 48.521322], [-88.931231, 48.521478], [-88.931282, 48.521712], [-88.931322, 48.522024], [-88.931329, 48.522238], [-88.931302, 48.522354], [-88.931241, 48.522372], [-88.931147, 48.522292], [-88.93107, 48.522174], [-88.931009, 48.522018]]]}}, {"type": "Feature", "properties": {"lead": 0, "temp": "sp:steelhead"}, "geometry": {"type": "Polygon", "coordinates": [[[-88.931009, 48.522782], [-88.930986, 48.522715], [-88.930972, 48.522626], [-88.930979, 48.522559], [-88.931006, 48.522515], [-88.931053, 48.522492], [-88.93112, 48.522492], [-88.931171, 48.522515], [-88.931204, 48.522559], [-88.931221, 48.522626], [-88.931221, 48.522715], [-88.931208, 48.522782], [-88.931181, 48.522827], [-88.93114, 48.522849], [-88.931087, 48.522849], [-88.931043, 48.522827], [-88.931009, 48.522782]]]}}, {"type": "Feature", "properties": {"lead": 0, "temp": "sp:steelhead"}, "geometry": {"type": "Polygon", "coordinates": [[[-88.930626, 48.523264], [-88.930703, 48.523179], [-88.930824, 48.52309], [-88.930929, 48.523043], [-88.931016, 48.523039], [-88.931087, 48.523077], [-88.93114, 48.523157], [-88.931151, 48.523237], [-88.931117, 48.523317], [-88.93104, 48.523398], [-88.930919, 48.523478], [-88.930814, 48.52352], [-88.930727, 48.523525], [-88.930656, 48.523491], [-88.930602, 48.52342], [-88.930592, 48.523344], [-88.930626, 48.523264]]]}}, {"type": "Feature", "properties": {"lead": 0, "temp": "sp:steelhead"}, "geometry": {"type": "Polygon", "coordinates": [[[-88.932496, 48.524938], [-88.932586, 48.524945], [-88.932707, 48.524963], [-88.932768, 48.524978], [-88.932768, 48.524992], [-88.932707, 48.525003], [-88.932586, 48.525012], [-88.932496, 48.525012], [-88.932435, 48.525003], [-88.932405, 48.524985], [-88.932405, 48.524958], [-88.932435, 48.524943], [-88.932496, 48.524938]]]}}, {"type": "Feature", "properties": {"lead": 0, "temp": "sp:steelhead"}, "geometry": {"type": "Polygon", "coordinates": [[[-88.933891, 48.525099], [-88.934032, 48.525096], [-88.93422, 48.525096], [-88.934315, 48.525099], [-88.934315, 48.525103], [-88.93422, 48.52511], [-88.934032, 48.525119], [-88.933891, 48.525123], [-88.933797, 48.525123], [-88.93375, 48.525119], [-88.93375, 48.52511], [-88.933797, 48.525103], [-88.933891, 48.525099]]]}}, {"type": "Feature", "properties": {"lead": 24, "temp": "sp:lake_trout"}, "geometry": {"type": "Polygon", "coordinates": [[[-88.958376, 48.511919], [-88.957972, 48.51191], [-88.957821, 48.51185], [-88.957922, 48.511738], [-88.958275, 48.511576], [-88.95888, 48.511361], [-88.959462, 48.511205], [-88.96002, 48.511107], [-88.960555, 48.511067], [-88.961066, 48.511085], [-88.96151, 48.511063], [-88.961886, 48.511], [-88.962195, 48.510898], [-88.962438, 48.510755], [-88.962757, 48.510628], [-88.963154, 48.510516], [-88.963628, 48.51042], [-88.964179, 48.51034], [-88.964667, 48.510251], [-88.965091, 48.510153], [-88.96545, 48.510046], [-88.965746, 48.50993], [-88.96624, 48.509798], [-88.966933, 48.509651], [-88.967824, 48.509488], [-88.968914, 48.50931], [-88.969899, 48.509169], [-88.97078, 48.509067], [-88.971556, 48.509002], [-88.972229, 48.508975], [-88.97274, 48.508926], [-88.97309, 48.508855], [-88.973278, 48.508761], [-88.973305, 48.508645], [-88.973379, 48.508536], [-88.9735, 48.508433], [-88.973668, 48.508338], [-88.973883, 48.508248], [-88.974135, 48.50819], [-88.974425, 48.508164], [-88.974751, 48.508168], [-88.975114, 48.508204], [-88.975437, 48.508264], [-88.975719, 48.508349], [-88.975961, 48.508458], [-88.976163, 48.508592], [-88.976274, 48.508703], [-88.976294, 48.508792], [-88.976223, 48.508859], [-88.976062, 48.508904], [-88.975931, 48.508922], [-88.97583, 48.508913], [-88.975759, 48.508877], [-88.975719, 48.508815], [-88.975601, 48.508761], [-88.975406, 48.508717], [-88.975134, 48.508681], [-88.974784, 48.508654], [-88.974502, 48.508641], [-88.974287, 48.508641], [-88.974139, 48.508654], [-88.974058, 48.508681], [-88.973997, 48.508717], [-88.973957, 48.508761], [-88.973937, 48.508815], [-88.973937, 48.508877], [-88.973977, 48.508937], [-88.974058, 48.508995], [-88.974179, 48.509051], [-88.97434, 48.509105], [-88.974461, 48.50916], [-88.974542, 48.509218], [-88.974583, 48.509279], [-88.974583, 48.509341], [-88.974445, 48.509388], [-88.974169, 48.509419], [-88.973755, 48.509435], [-88.973204, 48.509435], [-88.972703, 48.509441], [-88.972252, 48.509455], [-88.971852, 48.509475], [-88.971503, 48.509502], [-88.97123, 48.509535], [-88.971035, 48.509575], [-88.970918, 48.509622], [-88.970877, 48.509676], [-88.970686, 48.509722], [-88.970343, 48.509763], [-88.969848, 48.509796], [-88.969203, 48.509823], [-88.968698, 48.509858], [-88.968335, 48.509903], [-88.968113, 48.509957], [-88.968033, 48.510019], [-88.967908, 48.510073], [-88.96774, 48.510117], [-88.967528, 48.510153], [-88.967273, 48.51018], [-88.967027, 48.510222], [-88.966792, 48.51028], [-88.966567, 48.510354], [-88.966351, 48.510443], [-88.966019, 48.510536], [-88.965568, 48.510634], [-88.965, 48.510737], [-88.964314, 48.510844], [-88.963712, 48.510967], [-88.963194, 48.511105], [-88.96276, 48.511259], [-88.962411, 48.511428], [-88.962128, 48.511542], [-88.961913, 48.5116], [-88.961765, 48.511602], [-88.961684, 48.511549], [-88.96154, 48.511509], [-88.961331, 48.511482], [-88.961059, 48.511469], [-88.960723, 48.511469], [-88.960393, 48.511498], [-88.96007, 48.511555], [-88.959754, 48.511642], [-88.959445, 48.511758], [-88.959112, 48.511843], [-88.958756, 48.511897], [-88.958376, 48.511919]]]}}, {"type": "Feature", "properties": {"lead": 24, "temp": "sp:lake_trout"}, "geometry": {"type": "Polygon", "coordinates": [[[-88.997736, 48.51187], [-88.998072, 48.511709], [-88.998392, 48.511578], [-88.998694, 48.511475], [-88.99898, 48.511402], [-88.999249, 48.511357], [-88.999441, 48.511341], [-88.999555, 48.511355], [-88.999592, 48.511397], [-88.999552, 48.511469], [-88.999478, 48.511529], [-88.99937, 48.511578], [-88.999229, 48.511616], [-88.999054, 48.511642], [-88.998913, 48.511678], [-88.998805, 48.511723], [-88.998731, 48.511776], [-88.998691, 48.511839], [-88.998573, 48.511897], [-88.998378, 48.51195], [-88.998106, 48.511999], [-88.997756, 48.512044], [-88.997578, 48.512037], [-88.997571, 48.511979], [-88.997736, 48.51187]]]}}, {"type": "Feature", "properties": {"lead": 24, "temp": "sp:lake_trout"}, "geometry": {"type": "Polygon", "coordinates": [[[-88.996478, 48.51224], [-88.996478, 48.512231], [-88.996515, 48.51222], [-88.996589, 48.512207], [-88.9967, 48.512191], [-88.996848, 48.512173], [-88.996922, 48.512166], [-88.996922, 48.512171], [-88.996848, 48.512187], [-88.9967, 48.512213], [-88.996589, 48.512231], [-88.996515, 48.51224], [-88.996478, 48.51224]]]}}, {"type": "Feature", "properties": {"lead": 24, "temp": "sp:lake_trout"}, "geometry": {"type": "Polygon", "coordinates": [[[-88.953373, 48.516035], [-88.953292, 48.516035], [-88.953211, 48.516006], [-88.95313, 48.515948], [-88.95305, 48.515861], [-88.952969, 48.515745], [-88.952959, 48.515569], [-88.95302, 48.515333], [-88.953151, 48.515036], [-88.953352, 48.51468], [-88.953574, 48.514374], [-88.953816, 48.51412], [-88.954079, 48.513917], [-88.954361, 48.513765], [-88.95465, 48.51358], [-88.954946, 48.513362], [-88.955249, 48.51311], [-88.955558, 48.512824], [-88.955867, 48.512583], [-88.956177, 48.512387], [-88.956486, 48.512236], [-88.956796, 48.512129], [-88.956987, 48.512066], [-88.957061, 48.512048], [-88.957017, 48.512075], [-88.956856, 48.512146], [-88.956735, 48.512216], [-88.956654, 48.512282], [-88.956614, 48.512347], [-88.956614, 48.51241], [-88.95659, 48.512456], [-88.956543, 48.512488], [-88.956473, 48.512503], [-88.956379, 48.512503], [-88.956308, 48.51253], [-88.956261, 48.512583], [-88.956237, 48.512664], [-88.956237, 48.512771], [-88.956173, 48.512873], [-88.956046, 48.512972], [-88.955854, 48.513065], [-88.955598, 48.513154], [-88.955417, 48.51325], [-88.955309, 48.513353], [-88.955276, 48.513462], [-88.955316, 48.513578], [-88.955303, 48.513694], [-88.955235, 48.51381], [-88.955114, 48.513926], [-88.954939, 48.514042], [-88.954778, 48.514191], [-88.95463, 48.514374], [-88.954496, 48.51459], [-88.954375, 48.51484], [-88.95423, 48.51507], [-88.954062, 48.515279], [-88.95387, 48.515469], [-88.953655, 48.515638], [-88.953504, 48.515774], [-88.953416, 48.515877], [-88.953393, 48.515946], [-88.953433, 48.515982], [-88.953443, 48.516009], [-88.953423, 48.516026], [-88.953373, 48.516035]]]}}, {"type": "Feature", "properties": {"lead": 24, "temp": "sp:lake_trout"}, "geometry": {"type": "Polygon", "coordinates": [[[-88.95303, 48.516102], [-88.953043, 48.516075], [-88.95306, 48.516055], [-88.95308, 48.516042], [-88.953104, 48.516035], [-88.95313, 48.516035], [-88.953141, 48.516042], [-88.953134, 48.516055], [-88.95311, 48.516075], [-88.95307, 48.516102], [-88.953043, 48.516116], [-88.95303, 48.516116], [-88.95303, 48.516102]]]}}, {"type": "Feature", "properties": {"lead": 24, "temp": "sp:lake_trout"}, "geometry": {"type": "Polygon", "coordinates": [[[-88.924375, 48.520312], [-88.924402, 48.520142], [-88.924617, 48.519964], [-88.925021, 48.519777], [-88.925613, 48.519581], [-88.926393, 48.519375], [-88.927025, 48.519197], [-88.927509, 48.519045], [-88.927845, 48.518921], [-88.928034, 48.518823], [-88.928259, 48.51876], [-88.928521, 48.518733], [-88.92882, 48.518742], [-88.929157, 48.518787], [-88.929466, 48.518856], [-88.929748, 48.51895], [-88.930004, 48.519068], [-88.930233, 48.51921], [-88.930421, 48.519351], [-88.930569, 48.519489], [-88.930676, 48.519625], [-88.930744, 48.519759], [-88.930784, 48.519877], [-88.930798, 48.51998], [-88.930784, 48.520067], [-88.930744, 48.520138], [-88.930693, 48.520147], [-88.930633, 48.520093], [-88.930562, 48.519977], [-88.930481, 48.519799], [-88.930354, 48.519632], [-88.930179, 48.519476], [-88.929957, 48.519331], [-88.929688, 48.519197], [-88.929446, 48.519097], [-88.929231, 48.51903], [-88.929042, 48.518996], [-88.928881, 48.518996], [-88.928683, 48.519045], [-88.928447, 48.519144], [-88.928175, 48.519291], [-88.927866, 48.519487], [-88.927539, 48.519654], [-88.927196, 48.519792], [-88.926837, 48.519902], [-88.92646, 48.519982], [-88.926178, 48.520051], [-88.925989, 48.520109], [-88.925895, 48.520156], [-88.925895, 48.520192], [-88.925851, 48.520218], [-88.925764, 48.520236], [-88.925633, 48.520245], [-88.925458, 48.520245], [-88.925273, 48.520265], [-88.925078, 48.520305], [-88.924873, 48.520365], [-88.924658, 48.520446], [-88.924503, 48.520464], [-88.924409, 48.520419], [-88.924375, 48.520312]]]}}, {"type": "Feature", "properties": {"lead": 24, "temp": "sp:lake_trout"}, "geometry": {"type": "Polygon", "coordinates": [[[-88.931356, 48.52309], [-88.931302, 48.523036], [-88.931282, 48.522954], [-88.931295, 48.522842], [-88.931342, 48.522702], [-88.931423, 48.522533], [-88.931463, 48.522341], [-88.931463, 48.522127], [-88.931423, 48.52189], [-88.931342, 48.521632], [-88.931302, 48.521424], [-88.931302, 48.521268], [-88.931342, 48.521164], [-88.931423, 48.52111], [-88.931507, 48.521177], [-88.931594, 48.521364], [-88.931685, 48.521672], [-88.931779, 48.5221], [-88.93182, 48.522448], [-88.931806, 48.522715], [-88.931739, 48.522903], [-88.931618, 48.52301], [-88.931514, 48.523077], [-88.931426, 48.523103], [-88.931356, 48.52309]]]}}, {"type": "Feature", "properties": {"lead": 24, "temp": "sp:lake_trout"}, "geometry": {"type": "Polygon", "coordinates": [[[-88.942216, 48.523219], [-88.94223, 48.523014], [-88.942294, 48.522818], [-88.942408, 48.522631], [-88.942573, 48.522452], [-88.942788, 48.522283], [-88.94304, 48.522147], [-88.943329, 48.522044], [-88.943655, 48.521975], [-88.944018, 48.521939], [-88.944371, 48.521935], [-88.944714, 48.521962], [-88.945047, 48.52202], [-88.94537, 48.522109], [-88.945595, 48.522191], [-88.945723, 48.522267], [-88.945753, 48.522336], [-88.945686, 48.522399], [-88.945488, 48.522446], [-88.945158, 48.522477], [-88.944698, 48.522492], [-88.944106, 48.522492], [-88.943618, 48.522521], [-88.943235, 48.522579], [-88.942956, 48.522666], [-88.942781, 48.522782], [-88.94263, 48.522905], [-88.942502, 48.523034], [-88.942398, 48.52317], [-88.942317, 48.523313], [-88.94226, 48.523369], [-88.942226, 48.523337], [-88.942216, 48.523219]]]}}, {"type": "Feature", "properties": {"lead": 24, "temp": "sp:brook_trout"}, "geometry": {"type": "Polygon", "coordinates": [[[-88.98582, 48.507972], [-88.985457, 48.507829], [-88.985248, 48.507724], [-88.985194, 48.507657], [-88.985295, 48.507628], [-88.985551, 48.507637], [-88.985762, 48.507657], [-88.985931, 48.507689], [-88.986055, 48.507731], [-88.986136, 48.507784], [-88.986203, 48.507845], [-88.986257, 48.507912], [-88.986297, 48.507985], [-88.986324, 48.508065], [-88.986253, 48.50809], [-88.986085, 48.508059], [-88.98582, 48.507972]]]}}, {"type": "Feature", "properties": {"lead": 24, "temp": "sp:brook_trout"}, "geometry": {"type": "Polygon", "coordinates": [[[-88.984912, 48.508467], [-88.984912, 48.50844], [-88.984922, 48.50842], [-88.984942, 48.508407], [-88.984972, 48.5084], [-88.985013, 48.5084], [-88.985033, 48.508407], [-88.985033, 48.50842], [-88.985013, 48.50844], [-88.984972, 48.508467], [-88.984942, 48.50848], [-88.984922, 48.50848], [-88.984912, 48.508467]]]}}, {"type": "Feature", "properties": {"lead": 24, "temp": "sp:brook_trout"}, "geometry": {"type": "Polygon", "coordinates": [[[-88.976802, 48.509024], [-88.976775, 48.508989], [-88.976815, 48.508962], [-88.976923, 48.508944], [-88.977098, 48.508935], [-88.97734, 48.508935], [-88.977467, 48.508944], [-88.977481, 48.508962], [-88.97738, 48.508989], [-88.977165, 48.509024], [-88.976997, 48.509042], [-88.976876, 48.509042], [-88.976802, 48.509024]]]}}, {"type": "Feature", "properties": {"lead": 24, "temp": "sp:brook_trout"}, "geometry": {"type": "Polygon", "coordinates": [[[-88.974872, 48.509225], [-88.974878, 48.509205], [-88.974905, 48.509192], [-88.974952, 48.509185], [-88.97502, 48.509185], [-88.975057, 48.509192], [-88.975063, 48.509205], [-88.97504, 48.509225], [-88.974986, 48.509252], [-88.974942, 48.509265], [-88.974909, 48.509265], [-88.974885, 48.509252], [-88.974872, 48.509225]]]}}, {"type": "Feature", "properties": {"lead": 24, "temp": "sp:brook_trout"}, "geometry": {"type": "Polygon", "coordinates": [[[-88.996694, 48.51261], [-88.996512, 48.512597], [-88.996364, 48.51257], [-88.99625, 48.51253], [-88.996169, 48.512476], [-88.996203, 48.512418], [-88.996351, 48.512356], [-88.996613, 48.512289], [-88.99699, 48.512218], [-88.997336, 48.512124], [-88.997652, 48.512008], [-88.997938, 48.51187], [-88.998193, 48.511709], [-88.998452, 48.511578], [-88.998714, 48.511475], [-88.99898, 48.511402], [-88.999249, 48.511357], [-88.999451, 48.511357], [-88.999585, 48.511402], [-88.999653, 48.511491], [-88.999653, 48.511625], [-88.999609, 48.511725], [-88.999521, 48.511792], [-88.99939, 48.511825], [-88.999215, 48.511825], [-88.999054, 48.511861], [-88.998906, 48.511932], [-88.998772, 48.512039], [-88.998651, 48.512182], [-88.998516, 48.51228], [-88.998368, 48.512334], [-88.998207, 48.512343], [-88.998032, 48.512307], [-88.997867, 48.512303], [-88.997712, 48.512329], [-88.997568, 48.512387], [-88.997433, 48.512476], [-88.997279, 48.512543], [-88.997104, 48.512588], [-88.996909, 48.51261], [-88.996694, 48.51261]]]}}, {"type": "Feature", "properties": {"lead": 24, "temp": "sp:brook_trout"}, "geometry": {"type": "Polygon", "coordinates": [[[-88.953151, 48.516513], [-88.95303, 48.51645], [-88.952935, 48.516368], [-88.952868, 48.516265], [-88.952828, 48.516142], [-88.952814, 48.516], [-88.952858, 48.51579], [-88.952959, 48.515514], [-88.953117, 48.51517], [-88.953332, 48.51476], [-88.953564, 48.514414], [-88.953813, 48.514133], [-88.954079, 48.513917], [-88.954361, 48.513765], [-88.954667, 48.513571], [-88.954997, 48.513335], [-88.95535, 48.513056], [-88.955726, 48.512735], [-88.956197, 48.512425], [-88.956762, 48.512126], [-88.957421, 48.511839], [-88.958174, 48.511562], [-88.95886, 48.511344], [-88.959479, 48.511183], [-88.96003, 48.51108], [-88.960514, 48.511036], [-88.960904, 48.511014], [-88.9612, 48.511014], [-88.961402, 48.511036], [-88.96151, 48.51108], [-88.961661, 48.511076], [-88.961856, 48.511023], [-88.962095, 48.51092], [-88.962377, 48.510768], [-88.962727, 48.510634], [-88.963144, 48.510519], [-88.963628, 48.51042], [-88.964179, 48.51034], [-88.964667, 48.510251], [-88.965091, 48.510153], [-88.96545, 48.510046], [-88.965746, 48.50993], [-88.96624, 48.509798], [-88.966933, 48.509651], [-88.967824, 48.509488], [-88.968914, 48.50931], [-88.969899, 48.509169], [-88.97078, 48.509067], [-88.971556, 48.509002], [-88.972229, 48.508975], [-88.97274, 48.508926], [-88.97309, 48.508855], [-88.973278, 48.508761], [-88.973305, 48.508645], [-88.973379, 48.508536], [-88.9735, 48.508433], [-88.973668, 48.508338], [-88.973883, 48.508248], [-88.974149, 48.508195], [-88.974465, 48.508177], [-88.974831, 48.508195], [-88.975248, 48.508248], [-88.975611, 48.508326], [-88.975921, 48.508429], [-88.976176, 48.508556], [-88.976378, 48.508708], [-88.976529, 48.50883], [-88.97663, 48.508924], [-88.976681, 48.508989], [-88.976681, 48.509024], [-88.976627, 48.509058], [-88.976519, 48.509089], [-88.976358, 48.509118], [-88.976143, 48.509145], [-88.975971, 48.509145], [-88.975843, 48.509118], [-88.975759, 48.509065], [-88.975719, 48.508984], [-88.975655, 48.508926], [-88.975568, 48.508891], [-88.975457, 48.508877], [-88.975322, 48.508886], [-88.975221, 48.508882], [-88.975154, 48.508864], [-88.975121, 48.508833], [-88.975121, 48.508788], [-88.975047, 48.508755], [-88.974899, 48.508732], [-88.974677, 48.508721], [-88.974381, 48.508721], [-88.974169, 48.508743], [-88.974041, 48.508788], [-88.973997, 48.508855], [-88.974038, 48.508944], [-88.974098, 48.509011], [-88.974179, 48.509056], [-88.97428, 48.509078], [-88.974401, 48.509078], [-88.974505, 48.509091], [-88.974593, 48.509118], [-88.974663, 48.509158], [-88.974717, 48.509212], [-88.974744, 48.509267], [-88.974744, 48.509325], [-88.974717, 48.509386], [-88.974663, 48.509448], [-88.974451, 48.509495], [-88.974082, 48.509526], [-88.973554, 48.509542], [-88.972868, 48.509542], [-88.972353, 48.509551], [-88.97201, 48.509569], [-88.971839, 48.509595], [-88.971839, 48.509631], [-88.971785, 48.509655], [-88.971677, 48.509669], [-88.971516, 48.509671], [-88.971301, 48.509662], [-88.971099, 48.509673], [-88.970911, 48.509705], [-88.970736, 48.509756], [-88.970575, 48.509827], [-88.97044, 48.50987], [-88.970332, 48.509883], [-88.970252, 48.509867], [-88.970198, 48.509823], [-88.970053, 48.509796], [-88.969818, 48.509787], [-88.969492, 48.509796], [-88.969075, 48.509823], [-88.968762, 48.509852], [-88.968554, 48.509883], [-88.96845, 48.509916], [-88.96845, 48.509952], [-88.968382, 48.509986], [-88.968248, 48.510017], [-88.968046, 48.510046], [-88.967777, 48.510073], [-88.967501, 48.510122], [-88.967219, 48.510193], [-88.96693, 48.510287], [-88.966634, 48.510403], [-88.966368, 48.51049], [-88.966133, 48.510548], [-88.965928, 48.510577], [-88.965753, 48.510577], [-88.965581, 48.510597], [-88.965413, 48.510637], [-88.965249, 48.510697], [-88.965087, 48.510777], [-88.964848, 48.510851], [-88.964532, 48.510918], [-88.964139, 48.510978], [-88.963668, 48.511031], [-88.963255, 48.511114], [-88.962898, 48.511225], [-88.962599, 48.511366], [-88.962357, 48.511535], [-88.962128, 48.511642], [-88.961913, 48.511687], [-88.961711, 48.511669], [-88.961523, 48.511589], [-88.961328, 48.511529], [-88.961126, 48.511489], [-88.960918, 48.511469], [-88.960703, 48.511469], [-88.960541, 48.51148], [-88.960434, 48.511502], [-88.96038, 48.511535], [-88.96038, 48.51158], [-88.960336, 48.511609], [-88.960249, 48.511622], [-88.960118, 48.51162], [-88.959943, 48.511602], [-88.959758, 48.511618], [-88.959563, 48.511667], [-88.959358, 48.511749], [-88.959142, 48.511865], [-88.958894, 48.511952], [-88.958611, 48.51201], [-88.958295, 48.512039], [-88.957945, 48.512039], [-88.957643, 48.512062], [-88.957387, 48.512106], [-88.957179, 48.512173], [-88.957017, 48.512262], [-88.956896, 48.512349], [-88.956816, 48.512434], [-88.956775, 48.512517], [-88.956775, 48.512597], [-88.956711, 48.512686], [-88.956584, 48.512784], [-88.956392, 48.512891], [-88.956136, 48.513007], [-88.955911, 48.51315], [-88.955716, 48.513319], [-88.955551, 48.513516], [-88.955417, 48.513739], [-88.955282, 48.513915], [-88.955148, 48.514044], [-88.955013, 48.514127], [-88.954879, 48.514162], [-88.954748, 48.514267], [-88.95462, 48.514441], [-88.954496, 48.514684], [-88.954375, 48.514996], [-88.95425, 48.515257], [-88.954122, 48.515467], [-88.953991, 48.515625], [-88.953857, 48.515732], [-88.953756, 48.515841], [-88.953689, 48.515953], [-88.953655, 48.516067], [-88.953655, 48.516183], [-88.953635, 48.516285], [-88.953595, 48.516374], [-88.953534, 48.51645], [-88.953453, 48.516513], [-88.953363, 48.516544], [-88.953262, 48.516544], [-88.953151, 48.516513]]]}}, {"type": "Feature", "properties": {"lead": 24, "temp": "sp:brook_trout"}, "geometry": {"type": "Polygon", "coordinates": [[[-88.930703, 48.520539], [-88.930589, 48.520435], [-88.930481, 48.520278], [-88.930381, 48.520071], [-88.930286, 48.519812], [-88.930162, 48.519598], [-88.930007, 48.519429], [-88.929822, 48.519304], [-88.929607, 48.519224], [-88.929405, 48.519164], [-88.929217, 48.519124], [-88.929042, 48.519103], [-88.928881, 48.519103], [-88.928696, 48.519146], [-88.928488, 48.519231], [-88.928256, 48.519358], [-88.928, 48.519527], [-88.927721, 48.519674], [-88.927418, 48.519799], [-88.927092, 48.519902], [-88.926742, 48.519982], [-88.92648, 48.520051], [-88.926305, 48.520109], [-88.926218, 48.520156], [-88.926218, 48.520192], [-88.926174, 48.520218], [-88.926087, 48.520236], [-88.925956, 48.520245], [-88.925781, 48.520245], [-88.925596, 48.520272], [-88.925401, 48.520325], [-88.925196, 48.520406], [-88.924981, 48.520513], [-88.924799, 48.520593], [-88.924651, 48.520646], [-88.924537, 48.520673], [-88.924456, 48.520673], [-88.924396, 48.520629], [-88.924355, 48.520539], [-88.924335, 48.520406], [-88.924335, 48.520227], [-88.924537, 48.520038], [-88.92494, 48.519837], [-88.925545, 48.519625], [-88.926352, 48.519402], [-88.926995, 48.519213], [-88.927472, 48.519057], [-88.927785, 48.518934], [-88.927933, 48.518845], [-88.928108, 48.518776], [-88.928309, 48.518727], [-88.928538, 48.518698], [-88.928794, 48.518689], [-88.929073, 48.518729], [-88.929375, 48.518818], [-88.929701, 48.518956], [-88.930051, 48.519144], [-88.93034, 48.519362], [-88.930569, 48.519612], [-88.930737, 48.519893], [-88.930845, 48.520205], [-88.930895, 48.520426], [-88.930888, 48.520555], [-88.930824, 48.520593], [-88.930703, 48.520539]]]}}, {"type": "Feature", "properties": {"lead": 24, "temp": "sp:brook_trout"}, "geometry": {"type": "Polygon", "coordinates": [[[-88.95118, 48.522042], [-88.951197, 48.522031], [-88.951231, 48.522018], [-88.951281, 48.522002], [-88.951348, 48.521984], [-88.951382, 48.521977], [-88.951382, 48.521982], [-88.951348, 48.521997], [-88.951281, 48.522024], [-88.951231, 48.522042], [-88.951197, 48.522051], [-88.95118, 48.522051], [-88.95118, 48.522042]]]}}, {"type": "Feature", "properties": {"lead": 24, "temp": "sp:brook_trout"}, "geometry": {"type": "Polygon", "coordinates": [[[-88.931046, 48.523219], [-88.930966, 48.523157], [-88.930929, 48.523097], [-88.930935, 48.523039], [-88.930986, 48.522983], [-88.93108, 48.522929], [-88.931161, 48.52284], [-88.931228, 48.522715], [-88.931282, 48.522555], [-88.931322, 48.522359], [-88.931329, 48.522196], [-88.931302, 48.522067], [-88.931241, 48.521971], [-88.931147, 48.521908], [-88.931077, 48.521832], [-88.93103, 48.521743], [-88.931006, 48.521641], [-88.931006, 48.521525], [-88.931033, 48.521409], [-88.931087, 48.521293], [-88.931167, 48.521177], [-88.931275, 48.521061], [-88.931386, 48.52109], [-88.9315, 48.521264], [-88.931618, 48.521583], [-88.931739, 48.522047], [-88.931783, 48.52243], [-88.931749, 48.522733], [-88.931638, 48.522956], [-88.93145, 48.523099], [-88.931288, 48.52319], [-88.931154, 48.52323], [-88.931046, 48.523219]]]}}, {"type": "Feature", "properties": {"lead": 24, "temp": "sp:brook_trout"}, "geometry": {"type": "Polygon", "coordinates": [[[-88.94225, 48.523772], [-88.942169, 48.523654], [-88.942115, 48.523534], [-88.942088, 48.523411], [-88.942088, 48.523286], [-88.942105, 48.523159], [-88.942139, 48.52303], [-88.942189, 48.522898], [-88.942257, 48.522764], [-88.942354, 48.522631], [-88.942482, 48.522497], [-88.94264, 48.522363], [-88.942828, 48.522229], [-88.94306, 48.52212], [-88.943336, 48.522035], [-88.943655, 48.521975], [-88.944018, 48.521939], [-88.944392, 48.521942], [-88.944775, 48.521982], [-88.945168, 48.52206], [-88.945572, 48.522176], [-88.945837, 48.522281], [-88.945965, 48.522374], [-88.945955, 48.522457], [-88.945807, 48.522528], [-88.945568, 48.522573], [-88.945239, 48.522591], [-88.944819, 48.522582], [-88.944308, 48.522546], [-88.943904, 48.522528], [-88.943608, 48.522528], [-88.94342, 48.522546], [-88.943339, 48.522582], [-88.943255, 48.522622], [-88.943168, 48.522666], [-88.943077, 48.522715], [-88.942983, 48.522769], [-88.942912, 48.522874], [-88.942865, 48.52303], [-88.942842, 48.523237], [-88.942842, 48.523496], [-88.942821, 48.523701], [-88.942781, 48.523852], [-88.942721, 48.52395], [-88.94264, 48.523995], [-88.942552, 48.524], [-88.942458, 48.523964], [-88.942357, 48.523888], [-88.94225, 48.523772]]]}}, {"type": "Feature", "properties": {"lead": 24, "temp": "sp:brook_trout"}, "geometry": {"type": "Polygon", "coordinates": [[[-88.947287, 48.523246], [-88.947206, 48.523201], [-88.947139, 48.523139], [-88.947085, 48.523059], [-88.947045, 48.522961], [-88.947068, 48.522905], [-88.947156, 48.522891], [-88.947307, 48.52292], [-88.947522, 48.522992], [-88.947663, 48.523059], [-88.947731, 48.523121], [-88.947724, 48.523179], [-88.947643, 48.523233], [-88.947559, 48.523266], [-88.947472, 48.523279], [-88.947381, 48.523273], [-88.947287, 48.523246]]]}}, {"type": "Feature", "properties": {"lead": 24, "temp": "sp:salmon"}, "geometry": {"type": "Polygon", "coordinates": [[[-88.985457, 48.507829], [-88.985248, 48.507724], [-88.985194, 48.507657], [-88.985295, 48.507628], [-88.985551, 48.507637], [-88.985762, 48.507657], [-88.985931, 48.507689], [-88.986055, 48.507731], [-88.986136, 48.507784], [-88.986203, 48.507845], [-88.986257, 48.507912], [-88.986297, 48.507985], [-88.986324, 48.508065], [-88.986253, 48.50809], [-88.986085, 48.508059], [-88.98582, 48.507972], [-88.985457, 48.507829]]]}}, {"type": "Feature", "properties": {"lead": 24, "temp": "sp:salmon"}, "geometry": {"type": "Polygon", "coordinates": [[[-88.984922, 48.50842], [-88.984942, 48.508407], [-88.984972, 48.5084], [-88.985013, 48.5084], [-88.985033, 48.508407], [-88.985033, 48.50842], [-88.985013, 48.50844], [-88.984972, 48.508467], [-88.984942, 48.50848], [-88.984922, 48.50848], [-88.984912, 48.508467], [-88.984912, 48.50844], [-88.984922, 48.50842]]]}}, {"type": "Feature", "properties": {"lead": 24, "temp": "sp:salmon"}, "geometry": {"type": "Polygon", "coordinates": [[[-88.976815, 48.508962], [-88.976923, 48.508944], [-88.977098, 48.508935], [-88.97734, 48.508935], [-88.977467, 48.508944], [-88.977481, 48.508962], [-88.97738, 48.508989], [-88.977165, 48.509024], [-88.976997, 48.509042], [-88.976876, 48.509042], [-88.976802, 48.509024], [-88.976775, 48.508989], [-88.976815, 48.508962]]]}}, {"type": "Feature", "properties": {"lead": 24, "temp": "sp:salmon"}, "geometry": {"type": "Polygon", "coordinates": [[[-88.967703, 48.510039], [-88.96777, 48.509945], [-88.967938, 48.509809], [-88.968207, 48.509631], [-88.96853, 48.509477], [-88.968907, 48.509348], [-88.969337, 48.509243], [-88.969821, 48.509163], [-88.970353, 48.509096], [-88.970931, 48.509042], [-88.971556, 48.509002], [-88.972229, 48.508975], [-88.97274, 48.508926], [-88.97309, 48.508855], [-88.973278, 48.508761], [-88.973305, 48.508645], [-88.973379, 48.508536], [-88.9735, 48.508433], [-88.973668, 48.508338], [-88.973883, 48.508248], [-88.974149, 48.508195], [-88.974465, 48.508177], [-88.974831, 48.508195], [-88.975248, 48.508248], [-88.975611, 48.508326], [-88.975921, 48.508429], [-88.976176, 48.508556], [-88.976378, 48.508708], [-88.976529, 48.50883], [-88.97663, 48.508924], [-88.976681, 48.508989], [-88.976681, 48.509024], [-88.976627, 48.509058], [-88.976519, 48.509089], [-88.976358, 48.509118], [-88.976143, 48.509145], [-88.975971, 48.509145], [-88.975843, 48.509118], [-88.975759, 48.509065], [-88.975719, 48.508984], [-88.975655, 48.508926], [-88.975568, 48.508891], [-88.975457, 48.508877], [-88.975322, 48.508886], [-88.975221, 48.508882], [-88.975154, 48.508864], [-88.975121, 48.508833], [-88.975121, 48.508788], [-88.975047, 48.508755], [-88.974899, 48.508732], [-88.974677, 48.508721], [-88.974381, 48.508721], [-88.974169, 48.508743], [-88.974041, 48.508788], [-88.973997, 48.508855], [-88.974038, 48.508944], [-88.974098, 48.509011], [-88.974179, 48.509056], [-88.97428, 48.509078], [-88.974401, 48.509078], [-88.974505, 48.509091], [-88.974593, 48.509118], [-88.974663, 48.509158], [-88.974717, 48.509212], [-88.974744, 48.509267], [-88.974744, 48.509325], [-88.974717, 48.509386], [-88.974663, 48.509448], [-88.974451, 48.509495], [-88.974082, 48.509526], [-88.973554, 48.509542], [-88.972868, 48.509542], [-88.972353, 48.509551], [-88.97201, 48.509569], [-88.971839, 48.509595], [-88.971839, 48.509631], [-88.971785, 48.509655], [-88.971677, 48.509669], [-88.971516, 48.509671], [-88.971301, 48.509662], [-88.971099, 48.509673], [-88.970911, 48.509705], [-88.970736, 48.509756], [-88.970575, 48.509827], [-88.97044, 48.50987], [-88.970332, 48.509883], [-88.970252, 48.509867], [-88.970198, 48.509823], [-88.970053, 48.509796], [-88.969818, 48.509787], [-88.969492, 48.509796], [-88.969075, 48.509823], [-88.968739, 48.509858], [-88.968483, 48.509903], [-88.968308, 48.509957], [-88.968214, 48.510019], [-88.96811, 48.510064], [-88.967996, 48.51009], [-88.967871, 48.510099], [-88.967737, 48.51009], [-88.967703, 48.510039]]]}}, {"type": "Feature", "properties": {"lead": 24, "temp": "sp:salmon"}, "geometry": {"type": "Polygon", "coordinates": [[[-88.974878, 48.509205], [-88.974905, 48.509192], [-88.974952, 48.509185], [-88.97502, 48.509185], [-88.975057, 48.509192], [-88.975063, 48.509205], [-88.97504, 48.509225], [-88.974986, 48.509252], [-88.974942, 48.509265], [-88.974909, 48.509265], [-88.974885, 48.509252], [-88.974872, 48.509225], [-88.974878, 48.509205]]]}}, {"type": "Feature", "properties": {"lead": 24, "temp": "sp:salmon"}, "geometry": {"type": "Polygon", "coordinates": [[[-88.967222, 48.510133], [-88.967242, 48.510119], [-88.967273, 48.510113], [-88.967313, 48.510113], [-88.967333, 48.510119], [-88.967333, 48.510133], [-88.967313, 48.510153], [-88.967273, 48.51018], [-88.967242, 48.510193], [-88.967222, 48.510193], [-88.967212, 48.51018], [-88.967212, 48.510153], [-88.967222, 48.510133]]]}}, {"type": "Feature", "properties": {"lead": 24, "temp": "sp:salmon"}, "geometry": {"type": "Polygon", "coordinates": [[[-88.966899, 48.51024], [-88.96692, 48.510226], [-88.96695, 48.51022], [-88.96699, 48.51022], [-88.96701, 48.510226], [-88.96701, 48.51024], [-88.96699, 48.51026], [-88.96695, 48.510287], [-88.96692, 48.5103], [-88.966899, 48.5103], [-88.966889, 48.510287], [-88.966889, 48.51026], [-88.966899, 48.51024]]]}}, {"type": "Feature", "properties": {"lead": 24, "temp": "sp:salmon"}, "geometry": {"type": "Polygon", "coordinates": [[[-88.966587, 48.510327], [-88.966657, 48.510333], [-88.966704, 48.510347], [-88.966728, 48.510367], [-88.966728, 48.510394], [-88.966704, 48.510407], [-88.966657, 48.510407], [-88.966587, 48.510394], [-88.966493, 48.510367], [-88.966446, 48.510347], [-88.966446, 48.510333], [-88.966493, 48.510327], [-88.966587, 48.510327]]]}}, {"type": "Feature", "properties": {"lead": 24, "temp": "sp:salmon"}, "geometry": {"type": "Polygon", "coordinates": [[[-88.965887, 48.510461], [-88.965928, 48.510443], [-88.965988, 48.510434], [-88.966069, 48.510434], [-88.966109, 48.510443], [-88.966109, 48.510461], [-88.966069, 48.510487], [-88.965988, 48.510523], [-88.965928, 48.510541], [-88.965887, 48.510541], [-88.965867, 48.510523], [-88.965867, 48.510487], [-88.965887, 48.510461]]]}}, {"type": "Feature", "properties": {"lead": 24, "temp": "sp:salmon"}, "geometry": {"type": "Polygon", "coordinates": [[[-88.965339, 48.510597], [-88.96536, 48.510583], [-88.96539, 48.510577], [-88.96543, 48.510577], [-88.96545, 48.510583], [-88.96545, 48.510597], [-88.96543, 48.510617], [-88.96539, 48.510643], [-88.96536, 48.510657], [-88.965339, 48.510657], [-88.965329, 48.510643], [-88.965329, 48.510617], [-88.965339, 48.510597]]]}}, {"type": "Feature", "properties": {"lead": 24, "temp": "sp:salmon"}, "geometry": {"type": "Polygon", "coordinates": [[[-88.964865, 48.510704], [-88.964906, 48.51069], [-88.964966, 48.510684], [-88.965047, 48.510684], [-88.965087, 48.51069], [-88.965087, 48.510704], [-88.965047, 48.510724], [-88.964966, 48.51075], [-88.964906, 48.510764], [-88.964865, 48.510764], [-88.964845, 48.51075], [-88.964845, 48.510724], [-88.964865, 48.510704]]]}}, {"type": "Feature", "properties": {"lead": 24, "temp": "sp:salmon"}, "geometry": {"type": "Polygon", "coordinates": [[[-88.964492, 48.510811], [-88.964539, 48.510797], [-88.96461, 48.510791], [-88.964704, 48.510791], [-88.964751, 48.510797], [-88.964751, 48.510811], [-88.964704, 48.510831], [-88.96461, 48.510857], [-88.964539, 48.510871], [-88.964492, 48.510871], [-88.964468, 48.510857], [-88.964468, 48.510831], [-88.964492, 48.510811]]]}}, {"type": "Feature", "properties": {"lead": 24, "temp": "sp:salmon"}, "geometry": {"type": "Polygon", "coordinates": [[[-88.963144, 48.511025], [-88.963184, 48.511011], [-88.963245, 48.511005], [-88.963325, 48.511005], [-88.963366, 48.511011], [-88.963366, 48.511025], [-88.963325, 48.511045], [-88.963245, 48.511072], [-88.963184, 48.511085], [-88.963144, 48.511085], [-88.963124, 48.511072], [-88.963124, 48.511045], [-88.963144, 48.511025]]]}}, {"type": "Feature", "properties": {"lead": 24, "temp": "sp:salmon"}, "geometry": {"type": "Polygon", "coordinates": [[[-88.962922, 48.511121], [-88.962949, 48.511138], [-88.962962, 48.511165], [-88.962962, 48.511201], [-88.962949, 48.511219], [-88.962922, 48.511219], [-88.962881, 48.511201], [-88.962828, 48.511165], [-88.962801, 48.511138], [-88.962801, 48.511121], [-88.962828, 48.511112], [-88.962881, 48.511112], [-88.962922, 48.511121]]]}}, {"type": "Feature", "properties": {"lead": 24, "temp": "sp:salmon"}, "geometry": {"type": "Polygon", "coordinates": [[[-88.996694, 48.51261], [-88.996512, 48.512597], [-88.996364, 48.51257], [-88.99625, 48.51253], [-88.996169, 48.512476], [-88.996203, 48.512418], [-88.996351, 48.512356], [-88.996613, 48.512289], [-88.99699, 48.512218], [-88.997336, 48.512124], [-88.997652, 48.512008], [-88.997938, 48.51187], [-88.998193, 48.511709], [-88.998452, 48.511578], [-88.998714, 48.511475], [-88.99898, 48.511402], [-88.999249, 48.511357], [-88.999451, 48.511357], [-88.999585, 48.511402], [-88.999653, 48.511491], [-88.999653, 48.511625], [-88.999609, 48.511725], [-88.999521, 48.511792], [-88.99939, 48.511825], [-88.999215, 48.511825], [-88.999054, 48.511861], [-88.998906, 48.511932], [-88.998772, 48.512039], [-88.998651, 48.512182], [-88.998516, 48.51228], [-88.998368, 48.512334], [-88.998207, 48.512343], [-88.998032, 48.512307], [-88.997867, 48.512303], [-88.997712, 48.512329], [-88.997568, 48.512387], [-88.997433, 48.512476], [-88.997279, 48.512543], [-88.997104, 48.512588], [-88.996909, 48.51261], [-88.996694, 48.51261]]]}}, {"type": "Feature", "properties": {"lead": 24, "temp": "sp:salmon"}, "geometry": {"type": "Polygon", "coordinates": [[[-88.962273, 48.511382], [-88.962293, 48.511368], [-88.962323, 48.511361], [-88.962364, 48.511361], [-88.962384, 48.511368], [-88.962384, 48.511382], [-88.962364, 48.511402], [-88.962323, 48.511428], [-88.962293, 48.511442], [-88.962273, 48.511442], [-88.962263, 48.511428], [-88.962263, 48.511402], [-88.962273, 48.511382]]]}}, {"type": "Feature", "properties": {"lead": 24, "temp": "sp:salmon"}, "geometry": {"type": "Polygon", "coordinates": [[[-88.960585, 48.511382], [-88.960672, 48.511368], [-88.960803, 48.511361], [-88.960978, 48.511361], [-88.961066, 48.511368], [-88.961066, 48.511382], [-88.960978, 48.511402], [-88.960803, 48.511428], [-88.960672, 48.511442], [-88.960585, 48.511442], [-88.960541, 48.511428], [-88.960541, 48.511402], [-88.960585, 48.511382]]]}}, {"type": "Feature", "properties": {"lead": 24, "temp": "sp:salmon"}, "geometry": {"type": "Polygon", "coordinates": [[[-88.962111, 48.511489], [-88.962132, 48.511475], [-88.962162, 48.511469], [-88.962202, 48.511469], [-88.962222, 48.511475], [-88.962222, 48.511489], [-88.962202, 48.511509], [-88.962162, 48.511535], [-88.962132, 48.511549], [-88.962111, 48.511549], [-88.962101, 48.511535], [-88.962101, 48.511509], [-88.962111, 48.511489]]]}}, {"type": "Feature", "properties": {"lead": 24, "temp": "sp:salmon"}, "geometry": {"type": "Polygon", "coordinates": [[[-88.959943, 48.511582], [-88.959875, 48.51156], [-88.959842, 48.511535], [-88.959842, 48.511509], [-88.959875, 48.511489], [-88.959943, 48.511475], [-88.960044, 48.511469], [-88.960178, 48.511469], [-88.960279, 48.51148], [-88.960346, 48.511502], [-88.96038, 48.511535], [-88.96038, 48.51158], [-88.960346, 48.511609], [-88.960279, 48.511622], [-88.960178, 48.51162], [-88.960044, 48.511602], [-88.959943, 48.511582]]]}}, {"type": "Feature", "properties": {"lead": 24, "temp": "sp:salmon"}, "geometry": {"type": "Polygon", "coordinates": [[[-88.961382, 48.511609], [-88.961288, 48.511569], [-88.961241, 48.511535], [-88.961241, 48.511509], [-88.961294, 48.511495], [-88.961402, 48.511495], [-88.961563, 48.511509], [-88.961779, 48.511535], [-88.961933, 48.511569], [-88.962027, 48.511609], [-88.962061, 48.511656], [-88.962034, 48.511709], [-88.961967, 48.511736], [-88.961859, 48.511736], [-88.961711, 48.511709], [-88.961523, 48.511656], [-88.961382, 48.511609]]]}}, {"type": "Feature", "properties": {"lead": 24, "temp": "sp:salmon"}, "geometry": {"type": "Polygon", "coordinates": [[[-88.959529, 48.511596], [-88.959549, 48.511582], [-88.95958, 48.511576], [-88.95962, 48.511576], [-88.95964, 48.511582], [-88.95964, 48.511596], [-88.95962, 48.511616], [-88.95958, 48.511642], [-88.959549, 48.511656], [-88.959529, 48.511656], [-88.959519, 48.511642], [-88.959519, 48.511616], [-88.959529, 48.511596]]]}}, {"type": "Feature", "properties": {"lead": 24, "temp": "sp:salmon"}, "geometry": {"type": "Polygon", "coordinates": [[[-88.959156, 48.511709], [-88.959183, 48.511692], [-88.959223, 48.511683], [-88.959277, 48.511683], [-88.959304, 48.511692], [-88.959304, 48.511709], [-88.959277, 48.511736], [-88.959223, 48.511772], [-88.959183, 48.51179], [-88.959156, 48.51179], [-88.959142, 48.511772], [-88.959142, 48.511736], [-88.959156, 48.511709]]]}}, {"type": "Feature", "properties": {"lead": 24, "temp": "sp:salmon"}, "geometry": {"type": "Polygon", "coordinates": [[[-88.954751, 48.513993], [-88.954792, 48.513921], [-88.954879, 48.513846], [-88.955013, 48.513765], [-88.955104, 48.513683], [-88.955151, 48.513598], [-88.955155, 48.513511], [-88.955114, 48.513422], [-88.955148, 48.513326], [-88.955256, 48.513223], [-88.955437, 48.513114], [-88.955693, 48.512998], [-88.955881, 48.512885], [-88.956002, 48.512773], [-88.956056, 48.512664], [-88.956042, 48.512557], [-88.956153, 48.512432], [-88.956389, 48.512289], [-88.956748, 48.512129], [-88.957233, 48.51195], [-88.95766, 48.511825], [-88.958029, 48.511754], [-88.958342, 48.511736], [-88.958598, 48.511772], [-88.958779, 48.511812], [-88.958887, 48.511857], [-88.958921, 48.511906], [-88.95888, 48.511959], [-88.958742, 48.512006], [-88.958507, 48.512046], [-88.958174, 48.51208], [-88.957744, 48.512106], [-88.957401, 48.512162], [-88.957145, 48.512247], [-88.956977, 48.512361], [-88.956896, 48.512503], [-88.956772, 48.512639], [-88.956604, 48.512769], [-88.956392, 48.512891], [-88.956136, 48.513007], [-88.955945, 48.513114], [-88.955817, 48.513212], [-88.955753, 48.513302], [-88.955753, 48.513382], [-88.955699, 48.513487], [-88.955592, 48.513616], [-88.95543, 48.51377], [-88.955215, 48.513948], [-88.95504, 48.514066], [-88.954906, 48.514124], [-88.954812, 48.514122], [-88.954758, 48.51406], [-88.954751, 48.513993]]]}}, {"type": "Feature", "properties": {"lead": 24, "temp": "sp:salmon"}, "geometry": {"type": "Polygon", "coordinates": [[[-88.952912, 48.516234], [-88.952878, 48.516024], [-88.952895, 48.515754], [-88.952962, 48.515424], [-88.95303, 48.515157], [-88.953097, 48.514952], [-88.953164, 48.514809], [-88.953231, 48.514729], [-88.953366, 48.514644], [-88.953568, 48.514555], [-88.953837, 48.514461], [-88.954173, 48.514363], [-88.954395, 48.514367], [-88.954502, 48.514474], [-88.954496, 48.514684], [-88.954375, 48.514996], [-88.95425, 48.515257], [-88.954122, 48.515467], [-88.953991, 48.515625], [-88.953857, 48.515732], [-88.953756, 48.515841], [-88.953689, 48.515953], [-88.953655, 48.516067], [-88.953655, 48.516183], [-88.953635, 48.516285], [-88.953595, 48.516374], [-88.953534, 48.51645], [-88.953453, 48.516513], [-88.953359, 48.516537], [-88.953252, 48.516524], [-88.95313, 48.516472], [-88.952996, 48.516383], [-88.952912, 48.516234]]]}}, {"type": "Feature", "properties": {"lead": 24, "temp": "sp:salmon"}, "geometry": {"type": "Polygon", "coordinates": [[[-88.930589, 48.520435], [-88.930481, 48.520278], [-88.930381, 48.520071], [-88.930286, 48.519812], [-88.930162, 48.519598], [-88.930007, 48.519429], [-88.929822, 48.519304], [-88.929607, 48.519224], [-88.929405, 48.519164], [-88.929217, 48.519124], [-88.929042, 48.519103], [-88.928881, 48.519103], [-88.928642, 48.519166], [-88.928326, 48.519291], [-88.927933, 48.519478], [-88.927462, 48.519728], [-88.927032, 48.519924], [-88.926642, 48.520067], [-88.926292, 48.520156], [-88.925983, 48.520192], [-88.925697, 48.520245], [-88.925434, 48.520316], [-88.925196, 48.520406], [-88.924981, 48.520513], [-88.924799, 48.520593], [-88.924651, 48.520646], [-88.924537, 48.520673], [-88.924456, 48.520673], [-88.924396, 48.52066], [-88.924355, 48.520633], [-88.924335, 48.520593], [-88.924335, 48.520539], [-88.924517, 48.52045], [-88.92488, 48.520325], [-88.925424, 48.520165], [-88.926151, 48.519969], [-88.926773, 48.51977], [-88.927291, 48.519569], [-88.927704, 48.519367], [-88.928013, 48.519161], [-88.928296, 48.519008], [-88.928551, 48.518905], [-88.92878, 48.518854], [-88.928982, 48.518854], [-88.9292, 48.518883], [-88.929436, 48.518941], [-88.929688, 48.519028], [-88.929957, 48.519144], [-88.930169, 48.51926], [-88.930323, 48.519375], [-88.930421, 48.519491], [-88.930461, 48.519607], [-88.930505, 48.519688], [-88.930552, 48.519732], [-88.930602, 48.519741], [-88.930656, 48.519714], [-88.930713, 48.519757], [-88.930774, 48.519868], [-88.930838, 48.520049], [-88.930905, 48.520299], [-88.930925, 48.520472], [-88.930898, 48.520571], [-88.930824, 48.520593], [-88.930703, 48.520539], [-88.930589, 48.520435]]]}}, {"type": "Feature", "properties": {"lead": 24, "temp": "sp:salmon"}, "geometry": {"type": "Polygon", "coordinates": [[[-88.951197, 48.522031], [-88.951231, 48.522018], [-88.951281, 48.522002], [-88.951348, 48.521984], [-88.951382, 48.521977], [-88.951382, 48.521982], [-88.951348, 48.521997], [-88.951281, 48.522024], [-88.951231, 48.522042], [-88.951197, 48.522051], [-88.95118, 48.522051], [-88.95118, 48.522042], [-88.951197, 48.522031]]]}}, {"type": "Feature", "properties": {"lead": 24, "temp": "sp:salmon"}, "geometry": {"type": "Polygon", "coordinates": [[[-88.930929, 48.523097], [-88.930935, 48.523039], [-88.930986, 48.522983], [-88.93108, 48.522929], [-88.931161, 48.52284], [-88.931228, 48.522715], [-88.931282, 48.522555], [-88.931322, 48.522359], [-88.931329, 48.522196], [-88.931302, 48.522067], [-88.931241, 48.521971], [-88.931147, 48.521908], [-88.931077, 48.521832], [-88.93103, 48.521743], [-88.931006, 48.521641], [-88.931006, 48.521525], [-88.931033, 48.521409], [-88.931087, 48.521293], [-88.931167, 48.521177], [-88.931275, 48.521061], [-88.931386, 48.52109], [-88.9315, 48.521264], [-88.931618, 48.521583], [-88.931739, 48.522047], [-88.931783, 48.52243], [-88.931749, 48.522733], [-88.931638, 48.522956], [-88.93145, 48.523099], [-88.931288, 48.52319], [-88.931154, 48.52323], [-88.931046, 48.523219], [-88.930966, 48.523157], [-88.930929, 48.523097]]]}}, {"type": "Feature", "properties": {"lead": 24, "temp": "sp:salmon"}, "geometry": {"type": "Polygon", "coordinates": [[[-88.942169, 48.523654], [-88.942115, 48.523534], [-88.942088, 48.523411], [-88.942088, 48.523286], [-88.942105, 48.523159], [-88.942139, 48.52303], [-88.942189, 48.522898], [-88.942257, 48.522764], [-88.942354, 48.522631], [-88.942482, 48.522497], [-88.94264, 48.522363], [-88.942828, 48.522229], [-88.942986, 48.522129], [-88.943114, 48.522062], [-88.943211, 48.522029], [-88.943279, 48.522029], [-88.943332, 48.522044], [-88.943373, 48.522075], [-88.9434, 48.522122], [-88.943413, 48.522185], [-88.943551, 48.522218], [-88.943813, 48.522223], [-88.9442, 48.522198], [-88.944711, 48.522145], [-88.945138, 48.522122], [-88.945481, 48.522131], [-88.94574, 48.522171], [-88.945915, 48.522243], [-88.946009, 48.522314], [-88.946022, 48.522385], [-88.945955, 48.522457], [-88.945807, 48.522528], [-88.945568, 48.522573], [-88.945239, 48.522591], [-88.944819, 48.522582], [-88.944308, 48.522546], [-88.943904, 48.522528], [-88.943608, 48.522528], [-88.94342, 48.522546], [-88.943339, 48.522582], [-88.943255, 48.522622], [-88.943168, 48.522666], [-88.943077, 48.522715], [-88.942983, 48.522769], [-88.942912, 48.522874], [-88.942865, 48.52303], [-88.942842, 48.523237], [-88.942842, 48.523496], [-88.942821, 48.523701], [-88.942781, 48.523852], [-88.942721, 48.52395], [-88.94264, 48.523995], [-88.942552, 48.524], [-88.942458, 48.523964], [-88.942357, 48.523888], [-88.94225, 48.523772], [-88.942169, 48.523654]]]}}, {"type": "Feature", "properties": {"lead": 24, "temp": "sp:salmon"}, "geometry": {"type": "Polygon", "coordinates": [[[-88.947206, 48.523201], [-88.947139, 48.523139], [-88.947085, 48.523059], [-88.947045, 48.522961], [-88.947068, 48.522905], [-88.947156, 48.522891], [-88.947307, 48.52292], [-88.947522, 48.522992], [-88.947663, 48.523059], [-88.947731, 48.523121], [-88.947724, 48.523179], [-88.947643, 48.523233], [-88.947559, 48.523266], [-88.947472, 48.523279], [-88.947381, 48.523273], [-88.947287, 48.523246], [-88.947206, 48.523201]]]}}, {"type": "Feature", "properties": {"lead": 24, "temp": "sp:steelhead"}, "geometry": {"type": "Polygon", "coordinates": [[[-88.985396, 48.508206], [-88.984912, 48.508193], [-88.984307, 48.508257], [-88.98358, 48.5084], [-88.983005, 48.508491], [-88.982582, 48.508532], [-88.982309, 48.50852], [-88.982188, 48.508458], [-88.982118, 48.508413], [-88.982097, 48.508387], [-88.982128, 48.508378], [-88.982208, 48.508387], [-88.982279, 48.508371], [-88.98234, 48.508331], [-88.98239, 48.508266], [-88.98243, 48.508177], [-88.982521, 48.508094], [-88.982662, 48.508019], [-88.982854, 48.507949], [-88.983096, 48.507887], [-88.983416, 48.507827], [-88.983812, 48.507769], [-88.984286, 48.507713], [-88.984838, 48.50766], [-88.985292, 48.507642], [-88.985648, 48.50766], [-88.985907, 48.507713], [-88.986068, 48.507802], [-88.986193, 48.507918], [-88.98628, 48.508061], [-88.986331, 48.50823], [-88.986344, 48.508427], [-88.986294, 48.508532], [-88.986179, 48.508545], [-88.986001, 48.508467], [-88.985759, 48.508297], [-88.985396, 48.508206]]]}}, {"type": "Feature", "properties": {"lead": 24, "temp": "sp:steelhead"}, "geometry": {"type": "Polygon", "coordinates": [[[-88.984942, 48.508407], [-88.984972, 48.5084], [-88.985013, 48.5084], [-88.985033, 48.508407], [-88.985033, 48.50842], [-88.985013, 48.50844], [-88.984972, 48.508467], [-88.984942, 48.50848], [-88.984922, 48.50848], [-88.984912, 48.508467], [-88.984912, 48.50844], [-88.984922, 48.50842], [-88.984942, 48.508407]]]}}, {"type": "Feature", "properties": {"lead": 24, "temp": "sp:steelhead"}, "geometry": {"type": "Polygon", "coordinates": [[[-88.974361, 48.508621], [-88.974461, 48.508614], [-88.974596, 48.508614], [-88.974663, 48.508621], [-88.974663, 48.508634], [-88.974596, 48.508654], [-88.974461, 48.508681], [-88.974361, 48.508694], [-88.974293, 48.508694], [-88.97426, 48.508681], [-88.97426, 48.508654], [-88.974293, 48.508634], [-88.974361, 48.508621]]]}}, {"type": "Feature", "properties": {"lead": 24, "temp": "sp:steelhead"}, "geometry": {"type": "Polygon", "coordinates": [[[-88.975003, 48.508755], [-88.97509, 48.508732], [-88.975221, 48.508721], [-88.975396, 48.508721], [-88.975527, 48.50873], [-88.975615, 48.508748], [-88.975659, 48.508775], [-88.975659, 48.50881], [-88.975615, 48.508839], [-88.975527, 48.508862], [-88.975396, 48.508877], [-88.975221, 48.508886], [-88.97509, 48.508882], [-88.975003, 48.508864], [-88.974959, 48.508833], [-88.974959, 48.508788], [-88.975003, 48.508755]]]}}, {"type": "Feature", "properties": {"lead": 24, "temp": "sp:steelhead"}, "geometry": {"type": "Polygon", "coordinates": [[[-88.973967, 48.508737], [-88.973997, 48.508721], [-88.974038, 48.508721], [-88.974058, 48.508737], [-88.974058, 48.508768], [-88.974038, 48.508815], [-88.973997, 48.508877], [-88.973967, 48.508908], [-88.973947, 48.508908], [-88.973937, 48.508877], [-88.973937, 48.508815], [-88.973947, 48.508768], [-88.973967, 48.508737]]]}}, {"type": "Feature", "properties": {"lead": 24, "temp": "sp:steelhead"}, "geometry": {"type": "Polygon", "coordinates": [[[-88.97432, 48.509085], [-88.974381, 48.509078], [-88.974461, 48.509078], [-88.974502, 48.509085], [-88.974502, 48.509098], [-88.974461, 48.509118], [-88.974381, 48.509145], [-88.97432, 48.509158], [-88.97428, 48.509158], [-88.97426, 48.509145], [-88.97426, 48.509118], [-88.97428, 48.509098], [-88.97432, 48.509085]]]}}, {"type": "Feature", "properties": {"lead": 24, "temp": "sp:steelhead"}, "geometry": {"type": "Polygon", "coordinates": [[[-88.977286, 48.509348], [-88.977205, 48.509334], [-88.977084, 48.509346], [-88.976923, 48.509381], [-88.976802, 48.509399], [-88.976721, 48.509399], [-88.976681, 48.509381], [-88.976681, 48.509346], [-88.976627, 48.509319], [-88.976519, 48.509301], [-88.976358, 48.509292], [-88.976143, 48.509292], [-88.975964, 48.509274], [-88.975823, 48.509238], [-88.975719, 48.509185], [-88.975652, 48.509114], [-88.975608, 48.509051], [-88.975588, 48.508998], [-88.975591, 48.508953], [-88.975618, 48.508917], [-88.975803, 48.508893], [-88.976146, 48.508879], [-88.976647, 48.508877], [-88.977306, 48.508886], [-88.977864, 48.508922], [-88.978322, 48.508984], [-88.978678, 48.509073], [-88.978933, 48.509189], [-88.979132, 48.509288], [-88.979273, 48.509368], [-88.979357, 48.50943], [-88.979384, 48.509475], [-88.979273, 48.509508], [-88.979024, 48.509531], [-88.978638, 48.509542], [-88.978113, 48.509542], [-88.97772, 48.509526], [-88.977457, 48.509495], [-88.977326, 48.509448], [-88.977326, 48.509386], [-88.977286, 48.509348]]]}}, {"type": "Feature", "properties": {"lead": 24, "temp": "sp:steelhead"}, "geometry": {"type": "Polygon", "coordinates": [[[-88.972844, 48.509448], [-88.973204, 48.509435], [-88.973755, 48.509435], [-88.974169, 48.509419], [-88.974445, 48.509388], [-88.974583, 48.509341], [-88.974583, 48.509279], [-88.974643, 48.509232], [-88.974764, 48.509201], [-88.974946, 48.509185], [-88.975188, 48.509185], [-88.975322, 48.509207], [-88.975349, 48.509252], [-88.975268, 48.509319], [-88.97508, 48.509408], [-88.974841, 48.509482], [-88.974552, 48.50954], [-88.974213, 48.509582], [-88.973823, 48.509609], [-88.973476, 48.509615], [-88.973174, 48.509602], [-88.972915, 48.509569], [-88.9727, 48.509515], [-88.972676, 48.509475], [-88.972844, 48.509448]]]}}, {"type": "Feature", "properties": {"lead": 24, "temp": "sp:steelhead"}, "geometry": {"type": "Polygon", "coordinates": [[[-88.97124, 48.509548], [-88.971503, 48.509542], [-88.971852, 48.509542], [-88.972027, 48.509548], [-88.972027, 48.509562], [-88.971852, 48.509582], [-88.971503, 48.509609], [-88.97124, 48.509622], [-88.971065, 48.509622], [-88.970978, 48.509609], [-88.970978, 48.509582], [-88.971065, 48.509562], [-88.97124, 48.509548]]]}}, {"type": "Feature", "properties": {"lead": 24, "temp": "sp:steelhead"}, "geometry": {"type": "Polygon", "coordinates": [[[-88.970827, 48.509669], [-88.970847, 48.509655], [-88.970877, 48.509649], [-88.970918, 48.509649], [-88.970938, 48.509655], [-88.970938, 48.509669], [-88.970918, 48.509689], [-88.970877, 48.509716], [-88.970847, 48.509729], [-88.970827, 48.509729], [-88.970817, 48.509716], [-88.970817, 48.509689], [-88.970827, 48.509669]]]}}, {"type": "Feature", "properties": {"lead": 24, "temp": "sp:steelhead"}, "geometry": {"type": "Polygon", "coordinates": [[[-88.969021, 48.509847], [-88.968934, 48.509823], [-88.968934, 48.509796], [-88.969041, 48.509776], [-88.969257, 48.509763], [-88.969579, 48.509756], [-88.97001, 48.509756], [-88.970312, 48.509767], [-88.970487, 48.509789], [-88.970534, 48.509823], [-88.970454, 48.509867], [-88.970306, 48.509896], [-88.97009, 48.50991], [-88.969808, 48.509907], [-88.969458, 48.50989], [-88.969196, 48.50987], [-88.969021, 48.509847]]]}}, {"type": "Feature", "properties": {"lead": 24, "temp": "sp:steelhead"}, "geometry": {"type": "Polygon", "coordinates": [[[-88.968268, 48.509981], [-88.968234, 48.509952], [-88.968234, 48.509916], [-88.968268, 48.50989], [-88.968335, 48.509872], [-88.968436, 48.509863], [-88.968571, 48.509863], [-88.968671, 48.509874], [-88.968739, 48.509896], [-88.968772, 48.50993], [-88.968772, 48.509974], [-88.968739, 48.510006], [-88.968671, 48.510023], [-88.968571, 48.510028], [-88.968436, 48.510019], [-88.968335, 48.510003], [-88.968268, 48.509981]]]}}, {"type": "Feature", "properties": {"lead": 24, "temp": "sp:steelhead"}, "geometry": {"type": "Polygon", "coordinates": [[[-88.967932, 48.510026], [-88.967972, 48.510012], [-88.968033, 48.510006], [-88.968113, 48.510006], [-88.968154, 48.510012], [-88.968154, 48.510026], [-88.968113, 48.510046], [-88.968033, 48.510073], [-88.967972, 48.510086], [-88.967932, 48.510086], [-88.967912, 48.510073], [-88.967912, 48.510046], [-88.967932, 48.510026]]]}}, {"type": "Feature", "properties": {"lead": 24, "temp": "sp:steelhead"}, "geometry": {"type": "Polygon", "coordinates": [[[-88.966849, 48.510293], [-88.967071, 48.510246], [-88.967407, 48.510193], [-88.967656, 48.510162], [-88.967817, 48.510153], [-88.967891, 48.510166], [-88.967878, 48.510202], [-88.967817, 48.51024], [-88.96771, 48.51028], [-88.967555, 48.510322], [-88.967353, 48.510367], [-88.967172, 48.510394], [-88.96701, 48.510403], [-88.966869, 48.510394], [-88.966748, 48.510367], [-88.966741, 48.510333], [-88.966849, 48.510293]]]}}, {"type": "Feature", "properties": {"lead": 24, "temp": "sp:steelhead"}, "geometry": {"type": "Polygon", "coordinates": [[[-88.966089, 48.510443], [-88.96615, 48.510434], [-88.96623, 48.510434], [-88.966271, 48.510443], [-88.966271, 48.510461], [-88.96623, 48.510487], [-88.96615, 48.510523], [-88.966089, 48.510541], [-88.966049, 48.510541], [-88.966029, 48.510523], [-88.966029, 48.510487], [-88.966049, 48.510461], [-88.966089, 48.510443]]]}}, {"type": "Feature", "properties": {"lead": 24, "temp": "sp:steelhead"}, "geometry": {"type": "Polygon", "coordinates": [[[-88.96506, 48.510697], [-88.965168, 48.51067], [-88.965329, 48.510643], [-88.965544, 48.510617], [-88.965652, 48.51061], [-88.965652, 48.510623], [-88.965544, 48.510657], [-88.965329, 48.51071], [-88.965168, 48.510744], [-88.96506, 48.510757], [-88.965006, 48.51075], [-88.965006, 48.510724], [-88.96506, 48.510697]]]}}, {"type": "Feature", "properties": {"lead": 24, "temp": "sp:steelhead"}, "geometry": {"type": "Polygon", "coordinates": [[[-88.995456, 48.512891], [-88.995268, 48.512851], [-88.995107, 48.512798], [-88.99508, 48.512728], [-88.995187, 48.512644], [-88.995429, 48.512543], [-88.995806, 48.512427], [-88.996186, 48.512334], [-88.996569, 48.512262], [-88.996956, 48.512213], [-88.997346, 48.512187], [-88.997746, 48.512124], [-88.998156, 48.512026], [-88.998577, 48.511892], [-88.999007, 48.511723], [-88.99933, 48.511625], [-88.999545, 48.511598], [-88.999653, 48.511642], [-88.999653, 48.511758], [-88.999609, 48.511852], [-88.999521, 48.511923], [-88.99939, 48.511972], [-88.999215, 48.511999], [-88.999054, 48.512048], [-88.998906, 48.51212], [-88.998772, 48.512213], [-88.998651, 48.512329], [-88.998442, 48.512443], [-88.998146, 48.512555], [-88.997763, 48.512664], [-88.997292, 48.512771], [-88.996872, 48.512851], [-88.996502, 48.512905], [-88.996183, 48.512931], [-88.995914, 48.512931], [-88.995671, 48.512918], [-88.995456, 48.512891]]]}}, {"type": "Feature", "properties": {"lead": 24, "temp": "sp:steelhead"}, "geometry": {"type": "Polygon", "coordinates": [[[-88.96467, 48.510797], [-88.964711, 48.510791], [-88.964764, 48.510791], [-88.964791, 48.510797], [-88.964791, 48.510811], [-88.964764, 48.510831], [-88.964711, 48.510857], [-88.96467, 48.510871], [-88.964643, 48.510871], [-88.96463, 48.510857], [-88.96463, 48.510831], [-88.964643, 48.510811], [-88.96467, 48.510797]]]}}, {"type": "Feature", "properties": {"lead": 24, "temp": "sp:steelhead"}, "geometry": {"type": "Polygon", "coordinates": [[[-88.964327, 48.510918], [-88.964368, 48.510904], [-88.964428, 48.510898], [-88.964509, 48.510898], [-88.964549, 48.510904], [-88.964549, 48.510918], [-88.964509, 48.510938], [-88.964428, 48.510965], [-88.964368, 48.510978], [-88.964327, 48.510978], [-88.964307, 48.510965], [-88.964307, 48.510938], [-88.964327, 48.510918]]]}}, {"type": "Feature", "properties": {"lead": 24, "temp": "sp:steelhead"}, "geometry": {"type": "Polygon", "coordinates": [[[-88.963809, 48.510904], [-88.96385, 48.510898], [-88.963904, 48.510898], [-88.96393, 48.510904], [-88.96393, 48.510918], [-88.963904, 48.510938], [-88.96385, 48.510965], [-88.963809, 48.510978], [-88.963783, 48.510978], [-88.963769, 48.510965], [-88.963769, 48.510938], [-88.963783, 48.510918], [-88.963809, 48.510904]]]}}, {"type": "Feature", "properties": {"lead": 24, "temp": "sp:steelhead"}, "geometry": {"type": "Polygon", "coordinates": [[[-88.963315, 48.511014], [-88.963345, 48.511005], [-88.963386, 48.511005], [-88.963406, 48.511014], [-88.963406, 48.511031], [-88.963386, 48.511058], [-88.963345, 48.511094], [-88.963315, 48.511112], [-88.963295, 48.511112], [-88.963285, 48.511094], [-88.963285, 48.511058], [-88.963295, 48.511031], [-88.963315, 48.511014]]]}}, {"type": "Feature", "properties": {"lead": 24, "temp": "sp:steelhead"}, "geometry": {"type": "Polygon", "coordinates": [[[-88.962616, 48.511261], [-88.962646, 48.511254], [-88.962686, 48.511254], [-88.962707, 48.511261], [-88.962707, 48.511275], [-88.962686, 48.511295], [-88.962646, 48.511321], [-88.962616, 48.511335], [-88.962596, 48.511335], [-88.962586, 48.511321], [-88.962586, 48.511295], [-88.962596, 48.511275], [-88.962616, 48.511261]]]}}, {"type": "Feature", "properties": {"lead": 24, "temp": "sp:steelhead"}, "geometry": {"type": "Polygon", "coordinates": [[[-88.962125, 48.51156], [-88.962101, 48.511535], [-88.962101, 48.511509], [-88.962132, 48.511482], [-88.962192, 48.511455], [-88.962283, 48.511428], [-88.962404, 48.511402], [-88.962488, 48.511399], [-88.962535, 48.511422], [-88.962545, 48.511469], [-88.962518, 48.51154], [-88.962475, 48.511589], [-88.962414, 48.511616], [-88.962337, 48.51162], [-88.962243, 48.511602], [-88.962172, 48.511582], [-88.962125, 48.51156]]]}}, {"type": "Feature", "properties": {"lead": 24, "temp": "sp:steelhead"}, "geometry": {"type": "Polygon", "coordinates": [[[-88.959741, 48.511587], [-88.959801, 48.511576], [-88.959882, 48.511576], [-88.959923, 48.511587], [-88.959923, 48.511609], [-88.959882, 48.511642], [-88.959801, 48.511687], [-88.959741, 48.511709], [-88.959701, 48.511709], [-88.95968, 48.511687], [-88.95968, 48.511642], [-88.959701, 48.511609], [-88.959741, 48.511587]]]}}, {"type": "Feature", "properties": {"lead": 24, "temp": "sp:steelhead"}, "geometry": {"type": "Polygon", "coordinates": [[[-88.961402, 48.511872], [-88.961341, 48.511799], [-88.961301, 48.511709], [-88.96121, 48.511647], [-88.961069, 48.511611], [-88.960877, 48.511602], [-88.960635, 48.51162], [-88.96045, 48.511622], [-88.960323, 48.511609], [-88.960252, 48.51158], [-88.960239, 48.511535], [-88.960313, 48.511502], [-88.960474, 48.51148], [-88.960723, 48.511469], [-88.961059, 48.511469], [-88.961321, 48.511482], [-88.96151, 48.511509], [-88.961624, 48.511549], [-88.961664, 48.511602], [-88.961718, 48.511636], [-88.961785, 48.511649], [-88.961866, 48.511642], [-88.96196, 48.511616], [-88.962017, 48.511625], [-88.962037, 48.511669], [-88.962021, 48.511749], [-88.961967, 48.511865], [-88.961896, 48.511946], [-88.961809, 48.51199], [-88.961705, 48.511999], [-88.961584, 48.511972], [-88.961483, 48.51193], [-88.961402, 48.511872]]]}}, {"type": "Feature", "properties": {"lead": 24, "temp": "sp:steelhead"}, "geometry": {"type": "Polygon", "coordinates": [[[-88.959368, 48.511716], [-88.959388, 48.511694], [-88.959418, 48.511683], [-88.959459, 48.511683], [-88.959479, 48.511694], [-88.959479, 48.511716], [-88.959459, 48.511749], [-88.959418, 48.511794], [-88.959388, 48.511816], [-88.959368, 48.511816], [-88.959358, 48.511794], [-88.959358, 48.511749], [-88.959368, 48.511716]]]}}, {"type": "Feature", "properties": {"lead": 24, "temp": "sp:steelhead"}, "geometry": {"type": "Polygon", "coordinates": [[[-88.959011, 48.511834], [-88.959042, 48.511825], [-88.959082, 48.511825], [-88.959102, 48.511834], [-88.959102, 48.511852], [-88.959082, 48.511879], [-88.959042, 48.511915], [-88.959011, 48.511932], [-88.958991, 48.511932], [-88.958981, 48.511915], [-88.958981, 48.511879], [-88.958991, 48.511852], [-88.959011, 48.511834]]]}}, {"type": "Feature", "properties": {"lead": 24, "temp": "sp:steelhead"}, "geometry": {"type": "Polygon", "coordinates": [[[-88.956392, 48.512764], [-88.956338, 48.512704], [-88.956298, 48.512624], [-88.956291, 48.512563], [-88.956318, 48.512523], [-88.956379, 48.512503], [-88.956473, 48.512503], [-88.956543, 48.512488], [-88.95659, 48.512456], [-88.956614, 48.51241], [-88.956614, 48.512347], [-88.956634, 48.5123], [-88.956674, 48.512269], [-88.956735, 48.512253], [-88.956816, 48.512253], [-88.956896, 48.512233], [-88.956977, 48.512193], [-88.957058, 48.512133], [-88.957138, 48.512053], [-88.957296, 48.511993], [-88.957532, 48.511952], [-88.957845, 48.511932], [-88.958235, 48.511932], [-88.958527, 48.511946], [-88.958722, 48.511972], [-88.95882, 48.512013], [-88.95882, 48.512066], [-88.958776, 48.512113], [-88.958689, 48.512153], [-88.958557, 48.512187], [-88.958383, 48.512213], [-88.958235, 48.512251], [-88.958114, 48.5123], [-88.958019, 48.512361], [-88.957952, 48.512432], [-88.957875, 48.512476], [-88.957787, 48.512494], [-88.95769, 48.512485], [-88.957582, 48.51245], [-88.957461, 48.51245], [-88.957327, 48.512485], [-88.957179, 48.512557], [-88.957017, 48.512664], [-88.956873, 48.512744], [-88.956745, 48.512798], [-88.956634, 48.512824], [-88.95654, 48.512824], [-88.956459, 48.512804], [-88.956392, 48.512764]]]}}, {"type": "Feature", "properties": {"lead": 24, "temp": "sp:steelhead"}, "geometry": {"type": "Polygon", "coordinates": [[[-88.956247, 48.512844], [-88.956268, 48.512831], [-88.956298, 48.512824], [-88.956338, 48.512824], [-88.956358, 48.512831], [-88.956358, 48.512844], [-88.956338, 48.512864], [-88.956298, 48.512891], [-88.956268, 48.512905], [-88.956247, 48.512905], [-88.956237, 48.512891], [-88.956237, 48.512864], [-88.956247, 48.512844]]]}}, {"type": "Feature", "properties": {"lead": 24, "temp": "sp:steelhead"}, "geometry": {"type": "Polygon", "coordinates": [[[-88.955003, 48.514022], [-88.955074, 48.513953], [-88.955195, 48.513872], [-88.955276, 48.513783], [-88.955316, 48.513685], [-88.955316, 48.513578], [-88.955276, 48.513462], [-88.955309, 48.513353], [-88.955417, 48.51325], [-88.955598, 48.513154], [-88.955854, 48.513065], [-88.956046, 48.513014], [-88.956173, 48.513], [-88.956237, 48.513025], [-88.956237, 48.513087], [-88.956173, 48.513199], [-88.956046, 48.51336], [-88.955854, 48.513569], [-88.955598, 48.513828], [-88.955387, 48.514013], [-88.955219, 48.514124], [-88.955094, 48.514162], [-88.955013, 48.514127], [-88.954983, 48.51408], [-88.955003, 48.514022]]]}}, {"type": "Feature", "properties": {"lead": 24, "temp": "sp:steelhead"}, "geometry": {"type": "Polygon", "coordinates": [[[-88.954718, 48.514222], [-88.954758, 48.514216], [-88.954812, 48.514216], [-88.954839, 48.514222], [-88.954839, 48.514236], [-88.954812, 48.514256], [-88.954758, 48.514283], [-88.954718, 48.514296], [-88.954691, 48.514296], [-88.954677, 48.514283], [-88.954677, 48.514256], [-88.954691, 48.514236], [-88.954718, 48.514222]]]}}, {"type": "Feature", "properties": {"lead": 24, "temp": "sp:steelhead"}, "geometry": {"type": "Polygon", "coordinates": [[[-88.954526, 48.51447], [-88.954546, 48.514443], [-88.954576, 48.51443], [-88.954617, 48.51443], [-88.954637, 48.514443], [-88.954637, 48.51447], [-88.954617, 48.51451], [-88.954576, 48.514564], [-88.954546, 48.51459], [-88.954526, 48.51459], [-88.954516, 48.514564], [-88.954516, 48.51451], [-88.954526, 48.51447]]]}}, {"type": "Feature", "properties": {"lead": 24, "temp": "sp:steelhead"}, "geometry": {"type": "Polygon", "coordinates": [[[-88.954385, 48.51466], [-88.954415, 48.514644], [-88.954455, 48.514644], [-88.954475, 48.51466], [-88.954475, 48.514691], [-88.954455, 48.514738], [-88.954415, 48.5148], [-88.954385, 48.514831], [-88.954364, 48.514831], [-88.954354, 48.5148], [-88.954354, 48.514738], [-88.954364, 48.514691], [-88.954385, 48.51466]]]}}, {"type": "Feature", "properties": {"lead": 24, "temp": "sp:steelhead"}, "geometry": {"type": "Polygon", "coordinates": [[[-88.954223, 48.515014], [-88.954254, 48.515001], [-88.954294, 48.515001], [-88.954314, 48.515014], [-88.954314, 48.515041], [-88.954294, 48.515081], [-88.954254, 48.515134], [-88.954223, 48.515161], [-88.954203, 48.515161], [-88.954193, 48.515134], [-88.954193, 48.515081], [-88.954203, 48.515041], [-88.954223, 48.515014]]]}}, {"type": "Feature", "properties": {"lead": 24, "temp": "sp:steelhead"}, "geometry": {"type": "Polygon", "coordinates": [[[-88.9531, 48.514905], [-88.95312, 48.514874], [-88.953137, 48.514858], [-88.953151, 48.514858], [-88.953151, 48.514874], [-88.953137, 48.514905], [-88.95311, 48.514952], [-88.95307, 48.515014], [-88.953046, 48.515045], [-88.95304, 48.515045], [-88.95305, 48.515014], [-88.953077, 48.514952], [-88.9531, 48.514905]]]}}, {"type": "Feature", "properties": {"lead": 24, "temp": "sp:steelhead"}, "geometry": {"type": "Polygon", "coordinates": [[[-88.952962, 48.515204], [-88.952976, 48.515179], [-88.952989, 48.515179], [-88.952993, 48.515204], [-88.952986, 48.515253], [-88.952969, 48.515326], [-88.952942, 48.515424], [-88.952925, 48.515473], [-88.952919, 48.515473], [-88.952922, 48.515424], [-88.952935, 48.515326], [-88.952949, 48.515253], [-88.952962, 48.515204]]]}}, {"type": "Feature", "properties": {"lead": 24, "temp": "sp:steelhead"}, "geometry": {"type": "Polygon", "coordinates": [[[-88.952929, 48.516332], [-88.952862, 48.516187], [-88.952835, 48.516026], [-88.952858, 48.515922], [-88.952932, 48.515873], [-88.953057, 48.515879], [-88.953231, 48.515942], [-88.953352, 48.51598], [-88.95342, 48.515993], [-88.953433, 48.515982], [-88.953393, 48.515946], [-88.953416, 48.515877], [-88.953504, 48.515774], [-88.953655, 48.515638], [-88.95387, 48.515469], [-88.954011, 48.515378], [-88.954079, 48.515364], [-88.954072, 48.515429], [-88.953991, 48.515572], [-88.953931, 48.515737], [-88.95389, 48.515924], [-88.95387, 48.516133], [-88.95387, 48.516365], [-88.953857, 48.516546], [-88.95383, 48.516675], [-88.95379, 48.516753], [-88.953736, 48.51678], [-88.953648, 48.516776], [-88.953527, 48.51674], [-88.953373, 48.516673], [-88.953184, 48.516575], [-88.953036, 48.516461], [-88.952929, 48.516332]], [[-88.95302, 48.516082], [-88.953009, 48.516098], [-88.953009, 48.516116], [-88.95302, 48.516122], [-88.95304, 48.516118], [-88.95307, 48.516102], [-88.95311, 48.516075], [-88.95313, 48.516058], [-88.95313, 48.516049], [-88.95311, 48.516049], [-88.95307, 48.516058], [-88.95304, 48.516069], [-88.95302, 48.516082]]]}}, {"type": "Feature", "properties": {"lead": 24, "temp": "sp:steelhead"}, "geometry": {"type": "Polygon", "coordinates": [[[-88.927099, 48.519801], [-88.927139, 48.519788], [-88.9272, 48.519781], [-88.92728, 48.519781], [-88.927321, 48.519788], [-88.927321, 48.519801], [-88.92728, 48.519821], [-88.9272, 48.519848], [-88.927139, 48.519862], [-88.927099, 48.519862], [-88.927079, 48.519848], [-88.927079, 48.519821], [-88.927099, 48.519801]]]}}, {"type": "Feature", "properties": {"lead": 24, "temp": "sp:steelhead"}, "geometry": {"type": "Polygon", "coordinates": [[[-88.926816, 48.519895], [-88.926877, 48.519888], [-88.926958, 48.519888], [-88.926998, 48.519895], [-88.926998, 48.519908], [-88.926958, 48.519928], [-88.926877, 48.519955], [-88.926816, 48.519969], [-88.926776, 48.519969], [-88.926756, 48.519955], [-88.926756, 48.519928], [-88.926776, 48.519908], [-88.926816, 48.519895]]]}}, {"type": "Feature", "properties": {"lead": 24, "temp": "sp:steelhead"}, "geometry": {"type": "Polygon", "coordinates": [[[-88.93106, 48.520843], [-88.930878, 48.520816], [-88.93065, 48.520816], [-88.930492, 48.520787], [-88.930404, 48.520729], [-88.930387, 48.520642], [-88.930441, 48.520526], [-88.930471, 48.520417], [-88.930478, 48.520314], [-88.930461, 48.520218], [-88.930421, 48.520129], [-88.930367, 48.520062], [-88.9303, 48.520018], [-88.930219, 48.519995], [-88.930125, 48.519995], [-88.930065, 48.519975], [-88.930038, 48.519935], [-88.930044, 48.519875], [-88.930085, 48.519795], [-88.930085, 48.519739], [-88.930044, 48.519708], [-88.929964, 48.519701], [-88.929843, 48.519719], [-88.929752, 48.519705], [-88.929691, 48.519661], [-88.929661, 48.519585], [-88.929661, 48.519478], [-88.929637, 48.519407], [-88.92959, 48.519371], [-88.92952, 48.519371], [-88.929426, 48.519407], [-88.929355, 48.519418], [-88.929308, 48.519404], [-88.929284, 48.519367], [-88.929284, 48.519304], [-88.929254, 48.519257], [-88.929194, 48.519226], [-88.929103, 48.51921], [-88.928982, 48.51921], [-88.928827, 48.519246], [-88.928639, 48.519317], [-88.928417, 48.519425], [-88.928161, 48.519567], [-88.927946, 48.519668], [-88.927771, 48.519726], [-88.927637, 48.519741], [-88.927543, 48.519714], [-88.927549, 48.519652], [-88.927657, 48.519554], [-88.927866, 48.51942], [-88.928175, 48.519251], [-88.928447, 48.519124], [-88.928683, 48.519039], [-88.928881, 48.518996], [-88.929042, 48.518996], [-88.929231, 48.51903], [-88.929446, 48.519097], [-88.929688, 48.519197], [-88.929957, 48.519331], [-88.930179, 48.519476], [-88.930354, 48.519632], [-88.930481, 48.519799], [-88.930562, 48.519977], [-88.930636, 48.520102], [-88.930703, 48.520174], [-88.930764, 48.520192], [-88.930818, 48.520156], [-88.930861, 48.52016], [-88.930895, 48.520205], [-88.930919, 48.52029], [-88.930932, 48.520414], [-88.930979, 48.520533], [-88.93106, 48.520644], [-88.931174, 48.520749], [-88.931322, 48.520847], [-88.931423, 48.520936], [-88.931477, 48.521016], [-88.931483, 48.521088], [-88.931443, 48.52115], [-88.931403, 48.52117], [-88.931362, 48.521148], [-88.931322, 48.521083], [-88.931282, 48.520976], [-88.931194, 48.520896], [-88.93106, 48.520843]]]}}, {"type": "Feature", "properties": {"lead": 24, "temp": "sp:steelhead"}, "geometry": {"type": "Polygon", "coordinates": [[[-88.926433, 48.520042], [-88.92646, 48.520011], [-88.926521, 48.519995], [-88.926615, 48.519995], [-88.926672, 48.520011], [-88.926692, 48.520042], [-88.926675, 48.520089], [-88.926621, 48.520151], [-88.926571, 48.520183], [-88.926524, 48.520183], [-88.92648, 48.520151], [-88.92644, 48.520089], [-88.926433, 48.520042]]]}}, {"type": "Feature", "properties": {"lead": 24, "temp": "sp:steelhead"}, "geometry": {"type": "Polygon", "coordinates": [[[-88.925922, 48.52022], [-88.925895, 48.520192], [-88.925895, 48.520156], [-88.925925, 48.520129], [-88.925986, 48.520111], [-88.926077, 48.520102], [-88.926198, 48.520102], [-88.926285, 48.520113], [-88.926339, 48.520136], [-88.926359, 48.520169], [-88.926346, 48.520214], [-88.926309, 48.520245], [-88.926248, 48.520263], [-88.926164, 48.520267], [-88.926057, 48.520258], [-88.925976, 48.520243], [-88.925922, 48.52022]]]}}, {"type": "Feature", "properties": {"lead": 24, "temp": "sp:steelhead"}, "geometry": {"type": "Polygon", "coordinates": [[[-88.92727, 48.520118], [-88.927301, 48.520102], [-88.927341, 48.520102], [-88.927361, 48.520118], [-88.927361, 48.520149], [-88.927341, 48.520196], [-88.927301, 48.520258], [-88.92727, 48.52029], [-88.92725, 48.52029], [-88.92724, 48.520258], [-88.92724, 48.520196], [-88.92725, 48.520149], [-88.92727, 48.520118]]]}}, {"type": "Feature", "properties": {"lead": 24, "temp": "sp:steelhead"}, "geometry": {"type": "Polygon", "coordinates": [[[-88.924396, 48.5208], [-88.924355, 48.520769], [-88.924335, 48.520722], [-88.924335, 48.52066], [-88.924389, 48.520593], [-88.924496, 48.520521], [-88.924658, 48.520446], [-88.924873, 48.520365], [-88.925078, 48.520305], [-88.925273, 48.520265], [-88.925458, 48.520245], [-88.925633, 48.520245], [-88.92571, 48.520258], [-88.92569, 48.520285], [-88.925572, 48.520325], [-88.925357, 48.520379], [-88.925172, 48.520441], [-88.925018, 48.520513], [-88.924893, 48.520593], [-88.924799, 48.520682], [-88.924708, 48.520749], [-88.924621, 48.520793], [-88.924537, 48.520816], [-88.924456, 48.520816], [-88.924396, 48.5208]]]}}, {"type": "Feature", "properties": {"lead": 24, "temp": "sp:steelhead"}, "geometry": {"type": "Polygon", "coordinates": [[[-88.926087, 48.520682], [-88.926117, 48.520673], [-88.926157, 48.520673], [-88.926178, 48.520682], [-88.926178, 48.5207], [-88.926157, 48.520727], [-88.926117, 48.520762], [-88.926087, 48.52078], [-88.926067, 48.52078], [-88.926057, 48.520762], [-88.926057, 48.520727], [-88.926067, 48.5207], [-88.926087, 48.520682]]]}}, {"type": "Feature", "properties": {"lead": 24, "temp": "sp:steelhead"}, "geometry": {"type": "Polygon", "coordinates": [[[-88.930949, 48.522615], [-88.931019, 48.522537], [-88.9311, 48.522519], [-88.931137, 48.52243], [-88.93113, 48.522269], [-88.93108, 48.522038], [-88.930986, 48.521734], [-88.930939, 48.521505], [-88.930939, 48.521349], [-88.930986, 48.521266], [-88.93108, 48.521257], [-88.931171, 48.521338], [-88.931258, 48.521507], [-88.931342, 48.521766], [-88.931423, 48.522113], [-88.931463, 48.522394], [-88.931463, 48.522608], [-88.931423, 48.522755], [-88.931342, 48.522836], [-88.931292, 48.522909], [-88.931272, 48.522976], [-88.931282, 48.523036], [-88.931322, 48.52309], [-88.931312, 48.523157], [-88.931251, 48.523237], [-88.93114, 48.523331], [-88.930979, 48.523438], [-88.930868, 48.523453], [-88.930808, 48.523378], [-88.930798, 48.52321], [-88.930838, 48.522952], [-88.930888, 48.522753], [-88.930949, 48.522615]]]}}, {"type": "Feature", "properties": {"lead": 24, "temp": "sp:steelhead"}, "geometry": {"type": "Polygon", "coordinates": [[[-88.953648, 48.521614], [-88.953393, 48.521694], [-88.953178, 48.521777], [-88.953003, 48.521861], [-88.952868, 48.521948], [-88.952774, 48.522038], [-88.952542, 48.52214], [-88.952172, 48.522256], [-88.951664, 48.522385], [-88.951019, 48.522528], [-88.950407, 48.522698], [-88.949829, 48.522894], [-88.949284, 48.523117], [-88.948773, 48.523366], [-88.948316, 48.523534], [-88.947912, 48.523618], [-88.947562, 48.523621], [-88.947266, 48.52354], [-88.947034, 48.523431], [-88.946866, 48.523293], [-88.946762, 48.523126], [-88.946722, 48.522929], [-88.946789, 48.522822], [-88.946964, 48.522805], [-88.947246, 48.522876], [-88.947636, 48.523036], [-88.948292, 48.523019], [-88.949213, 48.522822], [-88.9504, 48.522448], [-88.951853, 48.521895], [-88.952942, 48.521507], [-88.95334, 48.521385], [-88.953332, 48.521404], [-88.953332, 48.52144], [-88.953342, 48.521458], [-88.953363, 48.521458], [-88.953393, 48.52144], [-88.953433, 48.521404], [-88.953453, 48.521378], [-88.953453, 48.52136], [-88.95344, 48.521354], [-88.953668, 48.521284], [-88.954032, 48.521226], [-88.954032, 48.521333], [-88.953968, 48.521433], [-88.95384, 48.521527], [-88.953648, 48.521614]]]}}, {"type": "Feature", "properties": {"lead": 24, "temp": "sp:steelhead"}, "geometry": {"type": "Polygon", "coordinates": [[[-88.94341, 48.523072], [-88.94344, 48.523063], [-88.94348, 48.523063], [-88.943501, 48.523072], [-88.943501, 48.52309], [-88.94348, 48.523117], [-88.94344, 48.523152], [-88.94341, 48.52317], [-88.94339, 48.52317], [-88.94338, 48.523152], [-88.94338, 48.523117], [-88.94339, 48.52309], [-88.94341, 48.523072]]]}}, {"type": "Feature", "properties": {"lead": 24, "temp": "sp:steelhead"}, "geometry": {"type": "Polygon", "coordinates": [[[-88.942216, 48.523545], [-88.94225, 48.523447], [-88.942357, 48.523393], [-88.942458, 48.523311], [-88.942552, 48.523199], [-88.94264, 48.523059], [-88.942721, 48.522889], [-88.942858, 48.522747], [-88.943053, 48.522631], [-88.943306, 48.522541], [-88.943615, 48.522479], [-88.943941, 48.522439], [-88.944284, 48.522421], [-88.944644, 48.522426], [-88.94502, 48.522452], [-88.945316, 48.522459], [-88.945531, 48.522446], [-88.945666, 48.522412], [-88.94572, 48.522359], [-88.945814, 48.522339], [-88.945948, 48.522352], [-88.946123, 48.522399], [-88.946338, 48.522479], [-88.946456, 48.522541], [-88.946476, 48.522586], [-88.946399, 48.522613], [-88.946224, 48.522622], [-88.946083, 48.522642], [-88.945975, 48.522673], [-88.945901, 48.522715], [-88.945861, 48.522769], [-88.945743, 48.522796], [-88.945548, 48.522796], [-88.945276, 48.522769], [-88.944926, 48.522715], [-88.94459, 48.522682], [-88.944267, 48.522669], [-88.943958, 48.522675], [-88.943662, 48.522702], [-88.943417, 48.522771], [-88.943222, 48.522883], [-88.943077, 48.523036], [-88.942983, 48.523233], [-88.942936, 48.523393], [-88.942936, 48.523518], [-88.942983, 48.523607], [-88.943077, 48.523661], [-88.943148, 48.523723], [-88.943195, 48.523794], [-88.943218, 48.523875], [-88.943218, 48.523964], [-88.943195, 48.524053], [-88.943148, 48.524142], [-88.943077, 48.524231], [-88.942983, 48.524321], [-88.942865, 48.524329], [-88.942724, 48.524258], [-88.942559, 48.524107], [-88.942371, 48.523875], [-88.942257, 48.523687], [-88.942216, 48.523545]]]}}, {"type": "Feature", "properties": {"lead": 24, "temp": "sp:steelhead"}, "geometry": {"type": "Polygon", "coordinates": [[[-88.940417, 48.52583], [-88.940212, 48.525743], [-88.940037, 48.525627], [-88.939863, 48.525533], [-88.939688, 48.525462], [-88.939513, 48.525413], [-88.939338, 48.525386], [-88.939348, 48.525382], [-88.939543, 48.5254], [-88.939923, 48.52544], [-88.940488, 48.525502], [-88.940932, 48.525569], [-88.941255, 48.52564], [-88.941456, 48.525716], [-88.941537, 48.525796], [-88.941524, 48.525857], [-88.941416, 48.525897], [-88.941214, 48.525917], [-88.940918, 48.525917], [-88.940653, 48.525888], [-88.940417, 48.52583]]]}}, {"type": "Feature", "properties": {"lead": 48, "temp": "sp:lake_trout"}, "geometry": {"type": "Polygon", "coordinates": [[[-88.958682, 48.511877], [-88.958396, 48.511879], [-88.958114, 48.511843], [-88.95806, 48.511765], [-88.958235, 48.511645], [-88.958638, 48.511482], [-88.95927, 48.511277], [-88.959845, 48.511132], [-88.960363, 48.511047], [-88.960824, 48.511023], [-88.961227, 48.511058], [-88.96159, 48.511049], [-88.961913, 48.510996], [-88.962195, 48.510898], [-88.962438, 48.510755], [-88.962757, 48.510628], [-88.963154, 48.510516], [-88.963628, 48.51042], [-88.964179, 48.51034], [-88.964667, 48.510251], [-88.965091, 48.510153], [-88.96545, 48.510046], [-88.965746, 48.50993], [-88.96624, 48.509798], [-88.966933, 48.509651], [-88.967824, 48.509488], [-88.968914, 48.50931], [-88.969899, 48.509169], [-88.97078, 48.509067], [-88.971556, 48.509002], [-88.972229, 48.508975], [-88.97274, 48.508926], [-88.97309, 48.508855], [-88.973278, 48.508761], [-88.973305, 48.508645], [-88.973365, 48.508538], [-88.97346, 48.50844], [-88.973587, 48.508351], [-88.973749, 48.508271], [-88.973954, 48.508213], [-88.974203, 48.508177], [-88.974495, 48.508164], [-88.974831, 48.508172], [-88.975147, 48.508208], [-88.975443, 48.508271], [-88.975719, 48.50836], [-88.975975, 48.508476], [-88.976123, 48.508576], [-88.976163, 48.508661], [-88.976096, 48.50873], [-88.975921, 48.508784], [-88.97579, 48.508815], [-88.975702, 48.508824], [-88.975659, 48.50881], [-88.975659, 48.508775], [-88.975561, 48.508741], [-88.975366, 48.50871], [-88.975073, 48.508681], [-88.974683, 48.508654], [-88.974381, 48.508663], [-88.974166, 48.508708], [-88.974038, 48.508788], [-88.973997, 48.508904], [-88.973987, 48.508998], [-88.974008, 48.509069], [-88.974058, 48.509118], [-88.974139, 48.509145], [-88.974199, 48.50918], [-88.97424, 48.509225], [-88.97426, 48.509279], [-88.97426, 48.509341], [-88.974108, 48.509388], [-88.973806, 48.509419], [-88.973352, 48.509435], [-88.972747, 48.509435], [-88.972239, 48.509441], [-88.971829, 48.509455], [-88.971516, 48.509475], [-88.971301, 48.509502], [-88.971129, 48.509535], [-88.971002, 48.509575], [-88.970918, 48.509622], [-88.970877, 48.509676], [-88.970719, 48.509716], [-88.970443, 48.509742], [-88.97005, 48.509756], [-88.969539, 48.509756], [-88.968897, 48.509827], [-88.968123, 48.50997], [-88.967219, 48.510184], [-88.966183, 48.510469], [-88.965323, 48.51069], [-88.964637, 48.510846], [-88.964126, 48.510938], [-88.963789, 48.510965], [-88.963463, 48.51102], [-88.963147, 48.511105], [-88.962841, 48.511219], [-88.962545, 48.511361], [-88.962192, 48.511462], [-88.961782, 48.51152], [-88.961315, 48.511535], [-88.96079, 48.511509], [-88.960323, 48.511518], [-88.959912, 48.511562], [-88.959559, 48.511642], [-88.959263, 48.511758], [-88.958971, 48.511836], [-88.958682, 48.511877]]]}}, {"type": "Feature", "properties": {"lead": 48, "temp": "sp:lake_trout"}, "geometry": {"type": "Polygon", "coordinates": [[[-88.998772, 48.511446], [-88.998973, 48.511384], [-88.999148, 48.511337], [-88.999296, 48.511306], [-88.999417, 48.51129], [-88.999511, 48.51129], [-88.999528, 48.511301], [-88.999468, 48.511324], [-88.99933, 48.511357], [-88.999115, 48.511402], [-88.998933, 48.51144], [-88.998785, 48.511471], [-88.998671, 48.511495], [-88.99859, 48.511513], [-88.99858, 48.511511], [-88.99864, 48.511489], [-88.998772, 48.511446]]]}}, {"type": "Feature", "properties": {"lead": 48, "temp": "sp:lake_trout"}, "geometry": {"type": "Polygon", "coordinates": [[[-88.953144, 48.515509], [-88.95309, 48.515349], [-88.95309, 48.515168], [-88.953144, 48.514967], [-88.953252, 48.514747], [-88.953413, 48.514506], [-88.953605, 48.514287], [-88.953827, 48.514091], [-88.954079, 48.513917], [-88.954361, 48.513765], [-88.95465, 48.51358], [-88.954946, 48.513362], [-88.955249, 48.51311], [-88.955558, 48.512824], [-88.955847, 48.51259], [-88.956116, 48.512407], [-88.956365, 48.512276], [-88.956594, 48.512195], [-88.956745, 48.512155], [-88.956819, 48.512155], [-88.956816, 48.512195], [-88.956735, 48.512276], [-88.956641, 48.512343], [-88.956533, 48.512396], [-88.956412, 48.512436], [-88.956278, 48.512463], [-88.956187, 48.512503], [-88.95614, 48.512557], [-88.956136, 48.512624], [-88.956177, 48.512704], [-88.956143, 48.512793], [-88.956036, 48.512891], [-88.955854, 48.512998], [-88.955598, 48.513114], [-88.955417, 48.51323], [-88.955309, 48.513346], [-88.955276, 48.513462], [-88.955316, 48.513578], [-88.955316, 48.513678], [-88.955276, 48.513763], [-88.955195, 48.513832], [-88.955074, 48.513886], [-88.954906, 48.514033], [-88.954691, 48.514274], [-88.954428, 48.514608], [-88.954119, 48.515036], [-88.95386, 48.515362], [-88.953652, 48.515585], [-88.953494, 48.515705], [-88.953386, 48.515723], [-88.953292, 48.515696], [-88.953211, 48.515625], [-88.953144, 48.515509]]]}}, {"type": "Feature", "properties": {"lead": 48, "temp": "sp:lake_trout"}, "geometry": {"type": "Polygon", "coordinates": [[[-88.924409, 48.520419], [-88.924375, 48.520312], [-88.924402, 48.520142], [-88.924617, 48.519964], [-88.925021, 48.519777], [-88.925613, 48.519581], [-88.926393, 48.519375], [-88.927025, 48.519197], [-88.927509, 48.519045], [-88.927845, 48.518921], [-88.928034, 48.518823], [-88.928259, 48.51876], [-88.928521, 48.518733], [-88.92882, 48.518742], [-88.929157, 48.518787], [-88.929466, 48.518856], [-88.929748, 48.51895], [-88.930004, 48.519068], [-88.930233, 48.51921], [-88.930421, 48.519351], [-88.930569, 48.519489], [-88.930676, 48.519625], [-88.930744, 48.519759], [-88.930784, 48.519868], [-88.930798, 48.519953], [-88.930784, 48.520013], [-88.930744, 48.520049], [-88.930693, 48.520062], [-88.930633, 48.520053], [-88.930562, 48.520022], [-88.930481, 48.519969], [-88.930421, 48.519899], [-88.930381, 48.519815], [-88.93036, 48.519714], [-88.93036, 48.519598], [-88.930253, 48.519476], [-88.930038, 48.519346], [-88.929715, 48.51921], [-88.929284, 48.519068], [-88.928898, 48.519012], [-88.928555, 48.519043], [-88.928256, 48.519161], [-88.928, 48.519367], [-88.927657, 48.519556], [-88.927227, 48.51973], [-88.926709, 48.519888], [-88.926104, 48.520031], [-88.925596, 48.520158], [-88.925186, 48.52027], [-88.924873, 48.520365], [-88.924658, 48.520446], [-88.924503, 48.520464], [-88.924409, 48.520419]]]}}, {"type": "Feature", "properties": {"lead": 48, "temp": "sp:lake_trout"}, "geometry": {"type": "Polygon", "coordinates": [[[-88.931517, 48.523063], [-88.931463, 48.523063], [-88.931433, 48.523007], [-88.931426, 48.522896], [-88.931443, 48.522729], [-88.931483, 48.522506], [-88.931494, 48.52231], [-88.931473, 48.52214], [-88.931423, 48.521997], [-88.931342, 48.521882], [-88.931302, 48.521757], [-88.931302, 48.521623], [-88.931342, 48.52148], [-88.931423, 48.521329], [-88.931507, 48.521288], [-88.931594, 48.52136], [-88.931685, 48.521543], [-88.931779, 48.521837], [-88.93183, 48.522107], [-88.931836, 48.522352], [-88.9318, 48.522573], [-88.931719, 48.522769], [-88.931645, 48.522916], [-88.931578, 48.523014], [-88.931517, 48.523063]]]}}, {"type": "Feature", "properties": {"lead": 48, "temp": "sp:lake_trout"}, "geometry": {"type": "Polygon", "coordinates": [[[-88.942277, 48.523023], [-88.942223, 48.522996], [-88.942196, 48.522952], [-88.942196, 48.522889], [-88.942223, 48.522809], [-88.942277, 48.522711], [-88.942371, 48.522602], [-88.942505, 48.522481], [-88.94268, 48.52235], [-88.942895, 48.522207], [-88.943141, 48.522093], [-88.943417, 48.522009], [-88.943723, 48.521953], [-88.944059, 48.521926], [-88.944392, 48.521928], [-88.944721, 48.52196], [-88.945047, 48.52202], [-88.94537, 48.522109], [-88.945585, 48.522191], [-88.945693, 48.522267], [-88.945693, 48.522336], [-88.945585, 48.522399], [-88.945357, 48.522446], [-88.945007, 48.522477], [-88.944536, 48.522492], [-88.943944, 48.522492], [-88.943457, 48.522528], [-88.943074, 48.522599], [-88.942795, 48.522706], [-88.94262, 48.522849], [-88.942475, 48.522949], [-88.942361, 48.523007], [-88.942277, 48.523023]]]}}, {"type": "Feature", "properties": {"lead": 48, "temp": "sp:brook_trout"}, "geometry": {"type": "Polygon", "coordinates": [[[-88.985934, 48.507776], [-88.985934, 48.50774], [-88.985954, 48.507724], [-88.985994, 48.507729], [-88.986055, 48.507753], [-88.986136, 48.507798], [-88.986176, 48.507829], [-88.986176, 48.507847], [-88.986136, 48.507851], [-88.986055, 48.507842], [-88.985994, 48.507827], [-88.985954, 48.507805], [-88.985934, 48.507776]]]}}, {"type": "Feature", "properties": {"lead": 48, "temp": "sp:brook_trout"}, "geometry": {"type": "Polygon", "coordinates": [[[-88.976734, 48.508957], [-88.976734, 48.508949], [-88.976771, 48.50894], [-88.976845, 48.508931], [-88.976956, 48.508922], [-88.977104, 48.508913], [-88.977178, 48.508911], [-88.977178, 48.508915], [-88.977104, 48.508926], [-88.976956, 48.508944], [-88.976845, 48.508955], [-88.976771, 48.50896], [-88.976734, 48.508957]]]}}, {"type": "Feature", "properties": {"lead": 48, "temp": "sp:brook_trout"}, "geometry": {"type": "Polygon", "coordinates": [[[-88.974885, 48.509252], [-88.974872, 48.509225], [-88.974878, 48.509205], [-88.974905, 48.509192], [-88.974952, 48.509185], [-88.97502, 48.509185], [-88.975057, 48.509192], [-88.975063, 48.509205], [-88.97504, 48.509225], [-88.974986, 48.509252], [-88.974942, 48.509265], [-88.974909, 48.509265], [-88.974885, 48.509252]]]}}, {"type": "Feature", "properties": {"lead": 48, "temp": "sp:brook_trout"}, "geometry": {"type": "Polygon", "coordinates": [[[-88.996942, 48.51245], [-88.996606, 48.512414], [-88.996445, 48.512372], [-88.996458, 48.512323], [-88.996647, 48.512267], [-88.99701, 48.512204], [-88.997346, 48.512117], [-88.997655, 48.512006], [-88.997938, 48.51187], [-88.998193, 48.511709], [-88.998452, 48.511578], [-88.998714, 48.511475], [-88.99898, 48.511402], [-88.999249, 48.511357], [-88.999451, 48.511348], [-88.999585, 48.511375], [-88.999653, 48.511437], [-88.999653, 48.511535], [-88.999609, 48.511618], [-88.999521, 48.511685], [-88.99939, 48.511736], [-88.999215, 48.511772], [-88.999054, 48.511825], [-88.998906, 48.511897], [-88.998772, 48.511986], [-88.998651, 48.512093], [-88.998506, 48.512173], [-88.998338, 48.512227], [-88.998146, 48.512253], [-88.997931, 48.512253], [-88.997759, 48.512269], [-88.997632, 48.5123], [-88.997548, 48.512347], [-88.997507, 48.51241], [-88.997393, 48.512447], [-88.997205, 48.512461], [-88.996942, 48.51245]]]}}, {"type": "Feature", "properties": {"lead": 48, "temp": "sp:brook_trout"}, "geometry": {"type": "Polygon", "coordinates": [[[-88.95303, 48.516472], [-88.952935, 48.516383], [-88.952865, 48.516287], [-88.952818, 48.516185], [-88.952794, 48.516075], [-88.952794, 48.51596], [-88.952848, 48.51577], [-88.952956, 48.515507], [-88.953117, 48.51517], [-88.953332, 48.51476], [-88.953564, 48.514414], [-88.953813, 48.514133], [-88.954079, 48.513917], [-88.954361, 48.513765], [-88.954667, 48.513571], [-88.954997, 48.513335], [-88.95535, 48.513056], [-88.955726, 48.512735], [-88.956197, 48.512425], [-88.956762, 48.512126], [-88.957421, 48.511839], [-88.958174, 48.511562], [-88.95886, 48.511344], [-88.959479, 48.511183], [-88.96003, 48.51108], [-88.960514, 48.511036], [-88.960904, 48.511014], [-88.9612, 48.511014], [-88.961402, 48.511036], [-88.96151, 48.51108], [-88.961661, 48.511076], [-88.961856, 48.511023], [-88.962095, 48.51092], [-88.962377, 48.510768], [-88.962727, 48.510634], [-88.963144, 48.510519], [-88.963628, 48.51042], [-88.964179, 48.51034], [-88.964667, 48.510251], [-88.965091, 48.510153], [-88.96545, 48.510046], [-88.965746, 48.50993], [-88.96624, 48.509798], [-88.966933, 48.509651], [-88.967824, 48.509488], [-88.968914, 48.50931], [-88.969899, 48.509169], [-88.97078, 48.509067], [-88.971556, 48.509002], [-88.972229, 48.508975], [-88.97274, 48.508926], [-88.97309, 48.508855], [-88.973278, 48.508761], [-88.973305, 48.508645], [-88.973379, 48.508536], [-88.9735, 48.508433], [-88.973668, 48.508338], [-88.973883, 48.508248], [-88.974149, 48.508195], [-88.974465, 48.508177], [-88.974831, 48.508195], [-88.975248, 48.508248], [-88.975611, 48.508326], [-88.975921, 48.508429], [-88.976176, 48.508556], [-88.976378, 48.508708], [-88.976506, 48.508837], [-88.97656, 48.508944], [-88.976539, 48.509029], [-88.976445, 48.509091], [-88.976344, 48.509138], [-88.976237, 48.509169], [-88.976123, 48.509185], [-88.976001, 48.509185], [-88.975901, 48.509165], [-88.97582, 48.509125], [-88.975759, 48.509065], [-88.975719, 48.508984], [-88.975655, 48.508926], [-88.975568, 48.508891], [-88.975457, 48.508877], [-88.975322, 48.508886], [-88.975221, 48.508882], [-88.975154, 48.508864], [-88.975121, 48.508833], [-88.975121, 48.508788], [-88.975047, 48.508755], [-88.974899, 48.508732], [-88.974677, 48.508721], [-88.974381, 48.508721], [-88.974169, 48.508743], [-88.974041, 48.508788], [-88.973997, 48.508855], [-88.974038, 48.508944], [-88.974098, 48.509011], [-88.974179, 48.509056], [-88.97428, 48.509078], [-88.974401, 48.509078], [-88.974505, 48.509091], [-88.974593, 48.509118], [-88.974663, 48.509158], [-88.974717, 48.509212], [-88.974744, 48.509267], [-88.974744, 48.509325], [-88.974717, 48.509386], [-88.974663, 48.509448], [-88.974451, 48.509495], [-88.974082, 48.509526], [-88.973554, 48.509542], [-88.972868, 48.509542], [-88.972353, 48.509551], [-88.97201, 48.509569], [-88.971839, 48.509595], [-88.971839, 48.509631], [-88.971785, 48.509655], [-88.971677, 48.509669], [-88.971516, 48.509671], [-88.971301, 48.509662], [-88.971119, 48.509669], [-88.970971, 48.509691], [-88.970857, 48.509729], [-88.970776, 48.509783], [-88.970696, 48.509816], [-88.970615, 48.509829], [-88.970534, 48.509823], [-88.970454, 48.509796], [-88.970393, 48.509787], [-88.970353, 48.509796], [-88.970332, 48.509823], [-88.970332, 48.509867], [-88.970319, 48.50989], [-88.970292, 48.50989], [-88.970252, 48.509867], [-88.970198, 48.509823], [-88.970053, 48.509796], [-88.969818, 48.509787], [-88.969492, 48.509796], [-88.969075, 48.509823], [-88.968739, 48.509858], [-88.968483, 48.509903], [-88.968308, 48.509957], [-88.968214, 48.510019], [-88.968026, 48.510086], [-88.967743, 48.510157], [-88.967367, 48.510233], [-88.966896, 48.510313], [-88.966543, 48.510382], [-88.966308, 48.51044], [-88.96619, 48.510487], [-88.96619, 48.510523], [-88.966146, 48.51055], [-88.966059, 48.510568], [-88.965928, 48.510577], [-88.965753, 48.510577], [-88.965612, 48.51059], [-88.965504, 48.510617], [-88.96543, 48.510657], [-88.96539, 48.51071], [-88.965212, 48.510771], [-88.964895, 48.510837], [-88.964442, 48.510911], [-88.96385, 48.510991], [-88.963345, 48.511094], [-88.962928, 48.511219], [-88.962599, 48.511366], [-88.962357, 48.511535], [-88.962128, 48.511642], [-88.961913, 48.511687], [-88.961711, 48.511669], [-88.961523, 48.511589], [-88.961318, 48.511529], [-88.961096, 48.511489], [-88.960857, 48.511469], [-88.960602, 48.511469], [-88.960333, 48.511491], [-88.96005, 48.511535], [-88.959754, 48.511602], [-88.959445, 48.511692], [-88.959203, 48.511772], [-88.959028, 48.511843], [-88.958921, 48.511906], [-88.95888, 48.511959], [-88.958762, 48.511999], [-88.958567, 48.512026], [-88.958295, 48.512039], [-88.957945, 48.512039], [-88.957643, 48.512062], [-88.957387, 48.512106], [-88.957179, 48.512173], [-88.957017, 48.512262], [-88.956886, 48.512356], [-88.956785, 48.512454], [-88.956715, 48.512557], [-88.956674, 48.512664], [-88.956621, 48.512744], [-88.956553, 48.512798], [-88.956473, 48.512824], [-88.956379, 48.512824], [-88.956298, 48.512847], [-88.956231, 48.512891], [-88.956177, 48.512958], [-88.956136, 48.513047], [-88.956086, 48.513114], [-88.956026, 48.513159], [-88.955955, 48.513181], [-88.955874, 48.513181], [-88.9558, 48.513217], [-88.955733, 48.513288], [-88.955672, 48.513395], [-88.955619, 48.513538], [-88.955525, 48.513674], [-88.95539, 48.513803], [-88.955215, 48.513926], [-88.955, 48.514042], [-88.954788, 48.514234], [-88.95458, 48.514501], [-88.954375, 48.514845], [-88.954173, 48.515264], [-88.953978, 48.515623], [-88.95379, 48.515922], [-88.953608, 48.51616], [-88.953433, 48.516339], [-88.953278, 48.51645], [-88.953144, 48.516495], [-88.95303, 48.516472]], [[-88.955572, 48.513288], [-88.955558, 48.513288], [-88.955548, 48.513293], [-88.955541, 48.513302], [-88.955538, 48.513315], [-88.955538, 48.513333], [-88.955541, 48.513342], [-88.955548, 48.513342], [-88.955558, 48.513333], [-88.955572, 48.513315], [-88.955578, 48.513302], [-88.955578, 48.513293], [-88.955572, 48.513288]]]}}, {"type": "Feature", "properties": {"lead": 48, "temp": "sp:brook_trout"}, "geometry": {"type": "Polygon", "coordinates": [[[-88.930582, 48.520205], [-88.930407, 48.519893], [-88.930256, 48.519659], [-88.930128, 48.519503], [-88.930024, 48.519425], [-88.929943, 48.519425], [-88.929863, 48.519404], [-88.929782, 48.519364], [-88.929701, 48.519304], [-88.929621, 48.519224], [-88.929483, 48.51917], [-88.929288, 48.519144], [-88.929036, 48.519144], [-88.928726, 48.51917], [-88.928454, 48.519226], [-88.928219, 48.519311], [-88.92802, 48.519425], [-88.927859, 48.519567], [-88.927543, 48.51973], [-88.927072, 48.519913], [-88.926447, 48.520116], [-88.925667, 48.520339], [-88.925071, 48.520461], [-88.924661, 48.520484], [-88.924436, 48.520406], [-88.924396, 48.520227], [-88.924567, 48.520038], [-88.92495, 48.519837], [-88.925545, 48.519625], [-88.926352, 48.519402], [-88.926995, 48.519213], [-88.927472, 48.519057], [-88.927785, 48.518934], [-88.927933, 48.518845], [-88.928108, 48.518776], [-88.928309, 48.518727], [-88.928538, 48.518698], [-88.928794, 48.518689], [-88.929073, 48.518729], [-88.929375, 48.518818], [-88.929701, 48.518956], [-88.930051, 48.519144], [-88.930337, 48.519335], [-88.930559, 48.519532], [-88.930717, 48.519732], [-88.930811, 48.519937], [-88.930875, 48.520118], [-88.930908, 48.520274], [-88.930912, 48.520406], [-88.930885, 48.520513], [-88.930821, 48.520515], [-88.93072, 48.520412], [-88.930582, 48.520205]]]}}, {"type": "Feature", "properties": {"lead": 48, "temp": "sp:brook_trout"}, "geometry": {"type": "Polygon", "coordinates": [[[-88.931174, 48.523228], [-88.931107, 48.523219], [-88.931056, 48.52319], [-88.931023, 48.523141], [-88.931006, 48.523072], [-88.931006, 48.522983], [-88.931019, 48.522916], [-88.931046, 48.522871], [-88.931087, 48.522849], [-88.93114, 48.522849], [-88.931191, 48.522791], [-88.931238, 48.522675], [-88.931282, 48.522501], [-88.931322, 48.522269], [-88.931329, 48.522069], [-88.931302, 48.521899], [-88.931241, 48.521761], [-88.931147, 48.521654], [-88.93109, 48.521574], [-88.93107, 48.52152], [-88.931087, 48.521494], [-88.93114, 48.521494], [-88.931194, 48.521456], [-88.931248, 48.52138], [-88.931302, 48.521266], [-88.931356, 48.521115], [-88.931426, 48.521117], [-88.931514, 48.521273], [-88.931618, 48.521583], [-88.931739, 48.522047], [-88.931789, 48.522426], [-88.931769, 48.52272], [-88.931678, 48.522929], [-88.931517, 48.523054], [-88.931379, 48.523146], [-88.931265, 48.523204], [-88.931174, 48.523228]]]}}, {"type": "Feature", "properties": {"lead": 48, "temp": "sp:brook_trout"}, "geometry": {"type": "Polygon", "coordinates": [[[-88.946984, 48.522867], [-88.947008, 48.522845], [-88.947055, 48.522836], [-88.947125, 48.52284], [-88.947219, 48.522858], [-88.947266, 48.522876], [-88.947266, 48.522894], [-88.947219, 48.522912], [-88.947125, 48.522929], [-88.947055, 48.522934], [-88.947008, 48.522925], [-88.946984, 48.522903], [-88.946984, 48.522867]]]}}, {"type": "Feature", "properties": {"lead": 48, "temp": "sp:brook_trout"}, "geometry": {"type": "Polygon", "coordinates": [[[-88.94225, 48.523745], [-88.942169, 48.523641], [-88.942115, 48.523529], [-88.942088, 48.523411], [-88.942088, 48.523286], [-88.942105, 48.523159], [-88.942139, 48.52303], [-88.942189, 48.522898], [-88.942257, 48.522764], [-88.942354, 48.522631], [-88.942482, 48.522497], [-88.94264, 48.522363], [-88.942828, 48.522229], [-88.94306, 48.52212], [-88.943336, 48.522035], [-88.943655, 48.521975], [-88.944018, 48.521939], [-88.944388, 48.521942], [-88.944765, 48.521982], [-88.945148, 48.52206], [-88.945538, 48.522176], [-88.945797, 48.522281], [-88.945925, 48.522374], [-88.945922, 48.522457], [-88.945787, 48.522528], [-88.945558, 48.522573], [-88.945236, 48.522591], [-88.944819, 48.522582], [-88.944308, 48.522546], [-88.943924, 48.522528], [-88.943669, 48.522528], [-88.943541, 48.522546], [-88.943541, 48.522582], [-88.943511, 48.522608], [-88.94345, 48.522626], [-88.943359, 48.522635], [-88.943238, 48.522635], [-88.943124, 48.522662], [-88.943016, 48.522715], [-88.942916, 48.522796], [-88.942821, 48.522903], [-88.942741, 48.523041], [-88.942673, 48.52321], [-88.94262, 48.523411], [-88.942579, 48.523643], [-88.942522, 48.523792], [-88.942448, 48.523859], [-88.942357, 48.523843], [-88.94225, 48.523745]]]}}, {"type": "Feature", "properties": {"lead": 48, "temp": "sp:salmon"}, "geometry": {"type": "Polygon", "coordinates": [[[-88.985934, 48.50774], [-88.985954, 48.507724], [-88.985994, 48.507729], [-88.986055, 48.507753], [-88.986136, 48.507798], [-88.986176, 48.507829], [-88.986176, 48.507847], [-88.986136, 48.507851], [-88.986055, 48.507842], [-88.985994, 48.507827], [-88.985954, 48.507805], [-88.985934, 48.507776], [-88.985934, 48.50774]]]}}, {"type": "Feature", "properties": {"lead": 48, "temp": "sp:salmon"}, "geometry": {"type": "Polygon", "coordinates": [[[-88.975901, 48.509165], [-88.97582, 48.509125], [-88.975759, 48.509065], [-88.975719, 48.508984], [-88.975655, 48.508926], [-88.975568, 48.508891], [-88.975457, 48.508877], [-88.975322, 48.508886], [-88.975221, 48.508882], [-88.975154, 48.508864], [-88.975121, 48.508833], [-88.975121, 48.508788], [-88.975047, 48.508748], [-88.974899, 48.508712], [-88.974677, 48.508681], [-88.974381, 48.508654], [-88.974287, 48.508621], [-88.974394, 48.508581], [-88.974704, 48.508534], [-88.975215, 48.50848], [-88.975642, 48.508474], [-88.975985, 48.508514], [-88.976244, 48.508601], [-88.976418, 48.508734], [-88.976526, 48.50885], [-88.976566, 48.508949], [-88.976539, 48.509029], [-88.976445, 48.509091], [-88.976344, 48.509138], [-88.976237, 48.509169], [-88.976123, 48.509185], [-88.976001, 48.509185], [-88.975901, 48.509165]]]}}, {"type": "Feature", "properties": {"lead": 48, "temp": "sp:salmon"}, "geometry": {"type": "Polygon", "coordinates": [[[-88.976771, 48.50894], [-88.976845, 48.508931], [-88.976956, 48.508922], [-88.977104, 48.508913], [-88.977178, 48.508911], [-88.977178, 48.508915], [-88.977104, 48.508926], [-88.976956, 48.508944], [-88.976845, 48.508955], [-88.976771, 48.50896], [-88.976734, 48.508957], [-88.976734, 48.508949], [-88.976771, 48.50894]]]}}, {"type": "Feature", "properties": {"lead": 48, "temp": "sp:salmon"}, "geometry": {"type": "Polygon", "coordinates": [[[-88.974878, 48.509205], [-88.974905, 48.509192], [-88.974952, 48.509185], [-88.97502, 48.509185], [-88.975057, 48.509192], [-88.975063, 48.509205], [-88.97504, 48.509225], [-88.974986, 48.509252], [-88.974942, 48.509265], [-88.974909, 48.509265], [-88.974885, 48.509252], [-88.974872, 48.509225], [-88.974878, 48.509205]]]}}, {"type": "Feature", "properties": {"lead": 48, "temp": "sp:salmon"}, "geometry": {"type": "Polygon", "coordinates": [[[-88.970454, 48.509736], [-88.970454, 48.509696], [-88.970487, 48.509653], [-88.970554, 48.509609], [-88.970733, 48.509553], [-88.971022, 48.509486], [-88.971422, 48.509408], [-88.971933, 48.509319], [-88.97239, 48.509223], [-88.972794, 48.50912], [-88.973143, 48.509011], [-88.973439, 48.508895], [-88.973675, 48.50883], [-88.97385, 48.508817], [-88.973964, 48.508855], [-88.974018, 48.508944], [-88.974088, 48.509011], [-88.974176, 48.509056], [-88.97428, 48.509078], [-88.974401, 48.509078], [-88.974505, 48.509091], [-88.974593, 48.509118], [-88.974663, 48.509158], [-88.974717, 48.509212], [-88.974744, 48.509267], [-88.974744, 48.509325], [-88.974717, 48.509386], [-88.974663, 48.509448], [-88.974451, 48.509495], [-88.974082, 48.509526], [-88.973554, 48.509542], [-88.972868, 48.509542], [-88.972353, 48.509551], [-88.97201, 48.509569], [-88.971839, 48.509595], [-88.971839, 48.509631], [-88.971785, 48.509655], [-88.971677, 48.509669], [-88.971516, 48.509671], [-88.971301, 48.509662], [-88.971119, 48.509669], [-88.970971, 48.509691], [-88.970857, 48.509729], [-88.970776, 48.509783], [-88.970699, 48.509814], [-88.970625, 48.509823], [-88.970554, 48.509809], [-88.970487, 48.509774], [-88.970454, 48.509736]]]}}, {"type": "Feature", "properties": {"lead": 48, "temp": "sp:salmon"}, "geometry": {"type": "Polygon", "coordinates": [[[-88.968863, 48.509856], [-88.968695, 48.509843], [-88.968611, 48.509823], [-88.968611, 48.509796], [-88.968641, 48.509769], [-88.968702, 48.509742], [-88.968793, 48.509716], [-88.968914, 48.509689], [-88.969058, 48.509682], [-88.969226, 48.509696], [-88.969418, 48.509729], [-88.969633, 48.509783], [-88.96971, 48.509823], [-88.96965, 48.50985], [-88.969452, 48.509863], [-88.969115, 48.509863], [-88.968863, 48.509856]]]}}, {"type": "Feature", "properties": {"lead": 48, "temp": "sp:salmon"}, "geometry": {"type": "Polygon", "coordinates": [[[-88.970252, 48.509731], [-88.970279, 48.5097], [-88.970299, 48.509684], [-88.970312, 48.509684], [-88.970309, 48.5097], [-88.970289, 48.509731], [-88.970252, 48.509778], [-88.970198, 48.509841], [-88.970168, 48.509872], [-88.970161, 48.509872], [-88.970178, 48.509841], [-88.970218, 48.509778], [-88.970252, 48.509731]]]}}, {"type": "Feature", "properties": {"lead": 48, "temp": "sp:salmon"}, "geometry": {"type": "Polygon", "coordinates": [[[-88.968073, 48.509916], [-88.968096, 48.50989], [-88.968144, 48.509872], [-88.968214, 48.509863], [-88.968308, 48.509863], [-88.968355, 48.509872], [-88.968355, 48.50989], [-88.968308, 48.509916], [-88.968214, 48.509952], [-88.968144, 48.50997], [-88.968096, 48.50997], [-88.968073, 48.509952], [-88.968073, 48.509916]]]}}, {"type": "Feature", "properties": {"lead": 48, "temp": "sp:salmon"}, "geometry": {"type": "Polygon", "coordinates": [[[-88.96777, 48.510026], [-88.967811, 48.510012], [-88.967871, 48.510006], [-88.967952, 48.510006], [-88.967992, 48.510012], [-88.967992, 48.510026], [-88.967952, 48.510046], [-88.967871, 48.510073], [-88.967811, 48.510086], [-88.96777, 48.510086], [-88.96775, 48.510073], [-88.96775, 48.510046], [-88.96777, 48.510026]]]}}, {"type": "Feature", "properties": {"lead": 48, "temp": "sp:salmon"}, "geometry": {"type": "Polygon", "coordinates": [[[-88.967222, 48.510133], [-88.967242, 48.510119], [-88.967273, 48.510113], [-88.967313, 48.510113], [-88.967333, 48.510119], [-88.967333, 48.510133], [-88.967313, 48.510153], [-88.967273, 48.51018], [-88.967242, 48.510193], [-88.967222, 48.510193], [-88.967212, 48.51018], [-88.967212, 48.510153], [-88.967222, 48.510133]]]}}, {"type": "Feature", "properties": {"lead": 48, "temp": "sp:salmon"}, "geometry": {"type": "Polygon", "coordinates": [[[-88.966748, 48.51024], [-88.966789, 48.510226], [-88.966849, 48.51022], [-88.96693, 48.51022], [-88.96697, 48.510226], [-88.96697, 48.51024], [-88.96693, 48.51026], [-88.966849, 48.510287], [-88.966789, 48.5103], [-88.966748, 48.5103], [-88.966728, 48.510287], [-88.966728, 48.51026], [-88.966748, 48.51024]]]}}, {"type": "Feature", "properties": {"lead": 48, "temp": "sp:salmon"}, "geometry": {"type": "Polygon", "coordinates": [[[-88.966657, 48.510333], [-88.966704, 48.510347], [-88.966728, 48.510367], [-88.966728, 48.510394], [-88.966704, 48.510407], [-88.966657, 48.510407], [-88.966587, 48.510394], [-88.966493, 48.510367], [-88.966446, 48.510347], [-88.966446, 48.510333], [-88.966493, 48.510327], [-88.966587, 48.510327], [-88.966657, 48.510333]]]}}, {"type": "Feature", "properties": {"lead": 48, "temp": "sp:salmon"}, "geometry": {"type": "Polygon", "coordinates": [[[-88.965887, 48.510461], [-88.965928, 48.510443], [-88.965988, 48.510434], [-88.966069, 48.510434], [-88.966109, 48.510443], [-88.966109, 48.510461], [-88.966069, 48.510487], [-88.965988, 48.510523], [-88.965928, 48.510541], [-88.965887, 48.510541], [-88.965867, 48.510523], [-88.965867, 48.510487], [-88.965887, 48.510461]]]}}, {"type": "Feature", "properties": {"lead": 48, "temp": "sp:salmon"}, "geometry": {"type": "Polygon", "coordinates": [[[-88.965339, 48.510597], [-88.96536, 48.510583], [-88.96539, 48.510577], [-88.96543, 48.510577], [-88.96545, 48.510583], [-88.96545, 48.510597], [-88.96543, 48.510617], [-88.96539, 48.510643], [-88.96536, 48.510657], [-88.965339, 48.510657], [-88.965329, 48.510643], [-88.965329, 48.510617], [-88.965339, 48.510597]]]}}, {"type": "Feature", "properties": {"lead": 48, "temp": "sp:salmon"}, "geometry": {"type": "Polygon", "coordinates": [[[-88.996606, 48.512414], [-88.996445, 48.512372], [-88.996458, 48.512323], [-88.996647, 48.512267], [-88.99701, 48.512204], [-88.997346, 48.512117], [-88.997655, 48.512006], [-88.997938, 48.51187], [-88.998193, 48.511709], [-88.998452, 48.511578], [-88.998714, 48.511475], [-88.99898, 48.511402], [-88.999249, 48.511357], [-88.999451, 48.511348], [-88.999585, 48.511375], [-88.999653, 48.511437], [-88.999653, 48.511535], [-88.999609, 48.511618], [-88.999521, 48.511685], [-88.99939, 48.511736], [-88.999215, 48.511772], [-88.999054, 48.511825], [-88.998906, 48.511897], [-88.998772, 48.511986], [-88.998651, 48.512093], [-88.998506, 48.512173], [-88.998338, 48.512227], [-88.998146, 48.512253], [-88.997931, 48.512253], [-88.997759, 48.512269], [-88.997632, 48.5123], [-88.997548, 48.512347], [-88.997507, 48.51241], [-88.997393, 48.512447], [-88.997205, 48.512461], [-88.996942, 48.51245], [-88.996606, 48.512414]]]}}, {"type": "Feature", "properties": {"lead": 48, "temp": "sp:salmon"}, "geometry": {"type": "Polygon", "coordinates": [[[-88.964875, 48.510704], [-88.964936, 48.51069], [-88.965027, 48.510684], [-88.965148, 48.510684], [-88.965208, 48.51069], [-88.965208, 48.510704], [-88.965148, 48.510724], [-88.965027, 48.51075], [-88.964936, 48.510764], [-88.964875, 48.510764], [-88.964845, 48.51075], [-88.964845, 48.510724], [-88.964875, 48.510704]]]}}, {"type": "Feature", "properties": {"lead": 48, "temp": "sp:salmon"}, "geometry": {"type": "Polygon", "coordinates": [[[-88.964492, 48.510811], [-88.964539, 48.510797], [-88.96461, 48.510791], [-88.964704, 48.510791], [-88.964751, 48.510797], [-88.964751, 48.510811], [-88.964704, 48.510831], [-88.96461, 48.510857], [-88.964539, 48.510871], [-88.964492, 48.510871], [-88.964468, 48.510857], [-88.964468, 48.510831], [-88.964492, 48.510811]]]}}, {"type": "Feature", "properties": {"lead": 48, "temp": "sp:salmon"}, "geometry": {"type": "Polygon", "coordinates": [[[-88.963144, 48.511025], [-88.963184, 48.511011], [-88.963245, 48.511005], [-88.963325, 48.511005], [-88.963366, 48.511011], [-88.963366, 48.511025], [-88.963325, 48.511045], [-88.963245, 48.511072], [-88.963184, 48.511085], [-88.963144, 48.511085], [-88.963124, 48.511072], [-88.963124, 48.511045], [-88.963144, 48.511025]]]}}, {"type": "Feature", "properties": {"lead": 48, "temp": "sp:salmon"}, "geometry": {"type": "Polygon", "coordinates": [[[-88.962922, 48.511121], [-88.962949, 48.511138], [-88.962962, 48.511165], [-88.962962, 48.511201], [-88.962949, 48.511219], [-88.962922, 48.511219], [-88.962881, 48.511201], [-88.962828, 48.511165], [-88.962801, 48.511138], [-88.962801, 48.511121], [-88.962828, 48.511112], [-88.962881, 48.511112], [-88.962922, 48.511121]]]}}, {"type": "Feature", "properties": {"lead": 48, "temp": "sp:salmon"}, "geometry": {"type": "Polygon", "coordinates": [[[-88.962273, 48.511382], [-88.962293, 48.511368], [-88.962323, 48.511361], [-88.962364, 48.511361], [-88.962384, 48.511368], [-88.962384, 48.511382], [-88.962364, 48.511402], [-88.962323, 48.511428], [-88.962293, 48.511442], [-88.962273, 48.511442], [-88.962263, 48.511428], [-88.962263, 48.511402], [-88.962273, 48.511382]]]}}, {"type": "Feature", "properties": {"lead": 48, "temp": "sp:salmon"}, "geometry": {"type": "Polygon", "coordinates": [[[-88.959865, 48.511489], [-88.959912, 48.511475], [-88.959983, 48.511469], [-88.960077, 48.511469], [-88.960124, 48.511475], [-88.960124, 48.511489], [-88.960077, 48.511509], [-88.959983, 48.511535], [-88.959912, 48.511549], [-88.959865, 48.511549], [-88.959842, 48.511535], [-88.959842, 48.511509], [-88.959865, 48.511489]]]}}, {"type": "Feature", "properties": {"lead": 48, "temp": "sp:salmon"}, "geometry": {"type": "Polygon", "coordinates": [[[-88.960877, 48.511442], [-88.960824, 48.511388], [-88.960925, 48.511361], [-88.96118, 48.511361], [-88.961382, 48.511375], [-88.96153, 48.511402], [-88.961624, 48.511442], [-88.961664, 48.511495], [-88.961728, 48.511529], [-88.961816, 48.511542], [-88.961927, 48.511535], [-88.962061, 48.511509], [-88.962145, 48.511509], [-88.962179, 48.511535], [-88.962162, 48.511589], [-88.962095, 48.511669], [-88.961953, 48.511703], [-88.961738, 48.511689], [-88.961449, 48.511629], [-88.961086, 48.511522], [-88.960877, 48.511442]]]}}, {"type": "Feature", "properties": {"lead": 48, "temp": "sp:salmon"}, "geometry": {"type": "Polygon", "coordinates": [[[-88.959529, 48.511596], [-88.959549, 48.511582], [-88.95958, 48.511576], [-88.95962, 48.511576], [-88.95964, 48.511582], [-88.95964, 48.511596], [-88.95962, 48.511616], [-88.95958, 48.511642], [-88.959549, 48.511656], [-88.959529, 48.511656], [-88.959519, 48.511642], [-88.959519, 48.511616], [-88.959529, 48.511596]]]}}, {"type": "Feature", "properties": {"lead": 48, "temp": "sp:salmon"}, "geometry": {"type": "Polygon", "coordinates": [[[-88.959005, 48.511709], [-88.959052, 48.511692], [-88.959122, 48.511683], [-88.959216, 48.511683], [-88.959263, 48.511692], [-88.959263, 48.511709], [-88.959216, 48.511736], [-88.959122, 48.511772], [-88.959052, 48.51179], [-88.959005, 48.51179], [-88.958981, 48.511772], [-88.958981, 48.511736], [-88.959005, 48.511709]]]}}, {"type": "Feature", "properties": {"lead": 48, "temp": "sp:salmon"}, "geometry": {"type": "Polygon", "coordinates": [[[-88.952865, 48.516287], [-88.952818, 48.516185], [-88.952794, 48.516075], [-88.952794, 48.51596], [-88.952825, 48.515801], [-88.952885, 48.515601], [-88.952976, 48.515357], [-88.953097, 48.515072], [-88.953191, 48.514867], [-88.953258, 48.514742], [-88.953299, 48.514697], [-88.953312, 48.514733], [-88.953366, 48.51476], [-88.95346, 48.514778], [-88.953595, 48.514787], [-88.953769, 48.514787], [-88.953931, 48.514764], [-88.954079, 48.51472], [-88.954213, 48.514653], [-88.954334, 48.514564], [-88.954435, 48.514461], [-88.954516, 48.514345], [-88.954576, 48.514216], [-88.954617, 48.514073], [-88.95467, 48.513959], [-88.954738, 48.513875], [-88.954818, 48.513819], [-88.954913, 48.513792], [-88.954983, 48.513736], [-88.95503, 48.513652], [-88.955054, 48.513538], [-88.955054, 48.513395], [-88.955118, 48.513266], [-88.955245, 48.51315], [-88.955437, 48.513047], [-88.955693, 48.512958], [-88.955864, 48.512878], [-88.955952, 48.512806], [-88.955955, 48.512744], [-88.955874, 48.512691], [-88.95583, 48.512637], [-88.955824, 48.512583], [-88.955854, 48.51253], [-88.955921, 48.512476], [-88.956093, 48.512392], [-88.956368, 48.512276], [-88.956748, 48.512129], [-88.957233, 48.51195], [-88.95765, 48.511816], [-88.957999, 48.511727], [-88.958282, 48.511683], [-88.958497, 48.511683], [-88.958658, 48.511705], [-88.958766, 48.511749], [-88.95882, 48.511816], [-88.95882, 48.511906], [-88.958756, 48.511966], [-88.958628, 48.511997], [-88.958436, 48.511999], [-88.958181, 48.511972], [-88.957945, 48.511966], [-88.95773, 48.511979], [-88.957535, 48.512013], [-88.95736, 48.512066], [-88.957199, 48.512149], [-88.957051, 48.51226], [-88.956917, 48.512401], [-88.956796, 48.51257], [-88.956681, 48.512697], [-88.956574, 48.512782], [-88.956473, 48.512824], [-88.956379, 48.512824], [-88.956298, 48.512847], [-88.956231, 48.512891], [-88.956177, 48.512958], [-88.956136, 48.513047], [-88.956086, 48.513114], [-88.956026, 48.513159], [-88.955955, 48.513181], [-88.955874, 48.513181], [-88.9558, 48.513217], [-88.955733, 48.513288], [-88.955672, 48.513395], [-88.955619, 48.513538], [-88.955525, 48.513674], [-88.95539, 48.513803], [-88.955215, 48.513926], [-88.955, 48.514042], [-88.954788, 48.514234], [-88.95458, 48.514501], [-88.954375, 48.514845], [-88.954173, 48.515264], [-88.953978, 48.515623], [-88.95379, 48.515922], [-88.953608, 48.51616], [-88.953433, 48.516339], [-88.953278, 48.51645], [-88.953144, 48.516495], [-88.95303, 48.516472], [-88.952935, 48.516383], [-88.952865, 48.516287]], [[-88.955548, 48.513293], [-88.955541, 48.513302], [-88.955538, 48.513315], [-88.955538, 48.513333], [-88.955541, 48.513342], [-88.955548, 48.513342], [-88.955558, 48.513333], [-88.955572, 48.513315], [-88.955578, 48.513302], [-88.955578, 48.513293], [-88.955572, 48.513288], [-88.955558, 48.513288], [-88.955548, 48.513293]]]}}, {"type": "Feature", "properties": {"lead": 48, "temp": "sp:salmon"}, "geometry": {"type": "Polygon", "coordinates": [[[-88.930256, 48.519659], [-88.930128, 48.519503], [-88.930024, 48.519425], [-88.929943, 48.519425], [-88.929863, 48.519404], [-88.929782, 48.519364], [-88.929701, 48.519304], [-88.929621, 48.519224], [-88.929483, 48.51917], [-88.929288, 48.519144], [-88.929036, 48.519144], [-88.928726, 48.51917], [-88.928454, 48.519226], [-88.928219, 48.519311], [-88.92802, 48.519425], [-88.927859, 48.519567], [-88.927543, 48.51973], [-88.927072, 48.519913], [-88.926447, 48.520116], [-88.925667, 48.520339], [-88.925071, 48.520479], [-88.924661, 48.520537], [-88.924436, 48.520513], [-88.924396, 48.520406], [-88.924483, 48.520303], [-88.924698, 48.520205], [-88.925041, 48.520111], [-88.925512, 48.520022], [-88.925875, 48.519942], [-88.926131, 48.51987], [-88.926278, 48.519808], [-88.926319, 48.519754], [-88.92648, 48.519672], [-88.926763, 48.519561], [-88.927166, 48.51942], [-88.927691, 48.519251], [-88.928094, 48.519108], [-88.928377, 48.518992], [-88.928538, 48.518903], [-88.928578, 48.51884], [-88.928659, 48.518794], [-88.92878, 48.518762], [-88.928941, 48.518747], [-88.929143, 48.518747], [-88.929372, 48.518798], [-88.929627, 48.518901], [-88.92991, 48.519054], [-88.930219, 48.51926], [-88.930461, 48.519482], [-88.930636, 48.519723], [-88.930744, 48.519982], [-88.930784, 48.520258], [-88.930771, 48.520388], [-88.930703, 48.52037], [-88.930582, 48.520205], [-88.930407, 48.519893], [-88.930256, 48.519659]], [[-88.926497, 48.519714], [-88.92649, 48.519723], [-88.926487, 48.519737], [-88.926487, 48.519754], [-88.92649, 48.519763], [-88.926497, 48.519763], [-88.926507, 48.519754], [-88.926521, 48.519737], [-88.926527, 48.519723], [-88.926527, 48.519714], [-88.926521, 48.51971], [-88.926507, 48.51971], [-88.926497, 48.519714]]]}}, {"type": "Feature", "properties": {"lead": 48, "temp": "sp:salmon"}, "geometry": {"type": "Polygon", "coordinates": [[[-88.931056, 48.52319], [-88.931023, 48.523141], [-88.931006, 48.523072], [-88.931006, 48.522983], [-88.931019, 48.522916], [-88.931046, 48.522871], [-88.931087, 48.522849], [-88.93114, 48.522849], [-88.931191, 48.522791], [-88.931238, 48.522675], [-88.931282, 48.522501], [-88.931322, 48.522269], [-88.931329, 48.522069], [-88.931302, 48.521899], [-88.931241, 48.521761], [-88.931147, 48.521654], [-88.93109, 48.521574], [-88.93107, 48.52152], [-88.931087, 48.521494], [-88.93114, 48.521494], [-88.931194, 48.521456], [-88.931248, 48.52138], [-88.931302, 48.521266], [-88.931356, 48.521115], [-88.931426, 48.521117], [-88.931514, 48.521273], [-88.931618, 48.521583], [-88.931739, 48.522047], [-88.931789, 48.522426], [-88.931769, 48.52272], [-88.931678, 48.522929], [-88.931517, 48.523054], [-88.931379, 48.523146], [-88.931265, 48.523204], [-88.931174, 48.523228], [-88.931107, 48.523219], [-88.931056, 48.52319]]]}}, {"type": "Feature", "properties": {"lead": 48, "temp": "sp:salmon"}, "geometry": {"type": "Polygon", "coordinates": [[[-88.947008, 48.522845], [-88.947055, 48.522836], [-88.947125, 48.52284], [-88.947219, 48.522858], [-88.947266, 48.522876], [-88.947266, 48.522894], [-88.947219, 48.522912], [-88.947125, 48.522929], [-88.947055, 48.522934], [-88.947008, 48.522925], [-88.946984, 48.522903], [-88.946984, 48.522867], [-88.947008, 48.522845]]]}}, {"type": "Feature", "properties": {"lead": 48, "temp": "sp:salmon"}, "geometry": {"type": "Polygon", "coordinates": [[[-88.942169, 48.523641], [-88.942115, 48.523529], [-88.942088, 48.523411], [-88.942088, 48.523286], [-88.942105, 48.523159], [-88.942139, 48.52303], [-88.942189, 48.522898], [-88.942257, 48.522764], [-88.942354, 48.522631], [-88.942482, 48.522497], [-88.94264, 48.522363], [-88.942828, 48.522229], [-88.942986, 48.522138], [-88.943114, 48.522089], [-88.943211, 48.522082], [-88.943279, 48.522118], [-88.94346, 48.522138], [-88.943756, 48.522142], [-88.944166, 48.522131], [-88.944691, 48.522104], [-88.945125, 48.522102], [-88.945468, 48.522125], [-88.94572, 48.522171], [-88.945881, 48.522243], [-88.945969, 48.522314], [-88.945982, 48.522385], [-88.945922, 48.522457], [-88.945787, 48.522528], [-88.945558, 48.522573], [-88.945236, 48.522591], [-88.944819, 48.522582], [-88.944308, 48.522546], [-88.943924, 48.522528], [-88.943669, 48.522528], [-88.943541, 48.522546], [-88.943541, 48.522582], [-88.943511, 48.522608], [-88.94345, 48.522626], [-88.943359, 48.522635], [-88.943238, 48.522635], [-88.943124, 48.522662], [-88.943016, 48.522715], [-88.942916, 48.522796], [-88.942821, 48.522903], [-88.942741, 48.523041], [-88.942673, 48.52321], [-88.94262, 48.523411], [-88.942579, 48.523643], [-88.942522, 48.523792], [-88.942448, 48.523859], [-88.942357, 48.523843], [-88.94225, 48.523745], [-88.942169, 48.523641]]]}}, {"type": "Feature", "properties": {"lead": 48, "temp": "sp:steelhead"}, "geometry": {"type": "Polygon", "coordinates": [[[-88.982827, 48.507983], [-88.982854, 48.50797], [-88.982894, 48.507958], [-88.982948, 48.507949], [-88.982975, 48.507949], [-88.982975, 48.507958], [-88.982948, 48.507976], [-88.982894, 48.508003], [-88.982854, 48.508019], [-88.982827, 48.508023], [-88.982814, 48.508016], [-88.982814, 48.507999], [-88.982827, 48.507983]]]}}, {"type": "Feature", "properties": {"lead": 48, "temp": "sp:steelhead"}, "geometry": {"type": "Polygon", "coordinates": [[[-88.986112, 48.508349], [-88.985984, 48.5083], [-88.985833, 48.508266], [-88.985658, 48.508248], [-88.985527, 48.508224], [-88.98544, 48.508193], [-88.985396, 48.508155], [-88.985396, 48.50811], [-88.985332, 48.508085], [-88.985204, 48.508081], [-88.985013, 48.508097], [-88.984757, 48.508132], [-88.984565, 48.508143], [-88.984438, 48.50813], [-88.984374, 48.508092], [-88.984374, 48.50803], [-88.98432, 48.50799], [-88.984212, 48.507972], [-88.984051, 48.507976], [-88.983836, 48.508003], [-88.983644, 48.508014], [-88.983476, 48.50801], [-88.983331, 48.50799], [-88.98321, 48.507954], [-88.983284, 48.507907], [-88.983553, 48.507849], [-88.984017, 48.50778], [-88.984676, 48.5077], [-88.985211, 48.507662], [-88.985621, 48.507666], [-88.985907, 48.507713], [-88.986068, 48.507802], [-88.986196, 48.507912], [-88.98629, 48.508041], [-88.986351, 48.50819], [-88.986378, 48.50836], [-88.986378, 48.508467], [-88.986351, 48.508511], [-88.986297, 48.508494], [-88.986216, 48.508413], [-88.986112, 48.508349]]]}}, {"type": "Feature", "properties": {"lead": 48, "temp": "sp:steelhead"}, "geometry": {"type": "Polygon", "coordinates": [[[-88.984922, 48.50842], [-88.984942, 48.508407], [-88.984972, 48.5084], [-88.985013, 48.5084], [-88.985033, 48.508407], [-88.985033, 48.50842], [-88.985013, 48.50844], [-88.984972, 48.508467], [-88.984942, 48.50848], [-88.984922, 48.50848], [-88.984912, 48.508467], [-88.984912, 48.50844], [-88.984922, 48.50842]]]}}, {"type": "Feature", "properties": {"lead": 48, "temp": "sp:steelhead"}, "geometry": {"type": "Polygon", "coordinates": [[[-88.974229, 48.508621], [-88.974361, 48.508614], [-88.974535, 48.508614], [-88.974623, 48.508621], [-88.974623, 48.508634], [-88.974535, 48.508654], [-88.974361, 48.508681], [-88.974229, 48.508694], [-88.974142, 48.508694], [-88.974098, 48.508681], [-88.974098, 48.508654], [-88.974142, 48.508634], [-88.974229, 48.508621]]]}}, {"type": "Feature", "properties": {"lead": 48, "temp": "sp:steelhead"}, "geometry": {"type": "Polygon", "coordinates": [[[-88.97509, 48.508732], [-88.975221, 48.508721], [-88.975396, 48.508721], [-88.975527, 48.50873], [-88.975615, 48.508748], [-88.975659, 48.508775], [-88.975659, 48.50881], [-88.975615, 48.508839], [-88.975527, 48.508862], [-88.975396, 48.508877], [-88.975221, 48.508886], [-88.97509, 48.508882], [-88.975003, 48.508864], [-88.974959, 48.508833], [-88.974959, 48.508788], [-88.975003, 48.508755], [-88.97509, 48.508732]]]}}, {"type": "Feature", "properties": {"lead": 48, "temp": "sp:steelhead"}, "geometry": {"type": "Polygon", "coordinates": [[[-88.973947, 48.508788], [-88.973967, 48.508743], [-88.973997, 48.508721], [-88.974038, 48.508721], [-88.974058, 48.508743], [-88.974058, 48.508788], [-88.974038, 48.508855], [-88.973997, 48.508944], [-88.973967, 48.508989], [-88.973947, 48.508989], [-88.973937, 48.508944], [-88.973937, 48.508855], [-88.973947, 48.508788]]]}}, {"type": "Feature", "properties": {"lead": 48, "temp": "sp:steelhead"}, "geometry": {"type": "Polygon", "coordinates": [[[-88.977296, 48.509254], [-88.977266, 48.509279], [-88.977225, 48.509341], [-88.977165, 48.509388], [-88.977084, 48.509419], [-88.976983, 48.509435], [-88.976862, 48.509435], [-88.976771, 48.509426], [-88.976711, 48.509408], [-88.976681, 48.509381], [-88.976681, 48.509346], [-88.976627, 48.509319], [-88.976519, 48.509301], [-88.976358, 48.509292], [-88.976143, 48.509292], [-88.975964, 48.509274], [-88.975823, 48.509238], [-88.975719, 48.509185], [-88.975652, 48.509114], [-88.975652, 48.50904], [-88.975719, 48.508964], [-88.975854, 48.508886], [-88.976055, 48.508806], [-88.976227, 48.508763], [-88.976368, 48.508759], [-88.976479, 48.508792], [-88.97656, 48.508864], [-88.976721, 48.508913], [-88.976963, 48.50894], [-88.977286, 48.508944], [-88.977689, 48.508926], [-88.978019, 48.508922], [-88.978274, 48.508931], [-88.978456, 48.508953], [-88.978564, 48.508989], [-88.978624, 48.50904], [-88.978638, 48.509107], [-88.978604, 48.509189], [-88.978523, 48.509288], [-88.978395, 48.509368], [-88.978221, 48.50943], [-88.977999, 48.509475], [-88.97773, 48.509502], [-88.977528, 48.509499], [-88.977393, 48.509468], [-88.977326, 48.509408], [-88.977326, 48.509319], [-88.977316, 48.509267], [-88.977296, 48.509254]], [[-88.976792, 48.509299], [-88.976788, 48.509305], [-88.976788, 48.509314], [-88.976792, 48.509319], [-88.976798, 48.509319], [-88.976808, 48.509314], [-88.976822, 48.509305], [-88.976829, 48.509299], [-88.976829, 48.509294], [-88.976822, 48.509292], [-88.976808, 48.509292], [-88.976798, 48.509294], [-88.976792, 48.509299]]]}}, {"type": "Feature", "properties": {"lead": 48, "temp": "sp:steelhead"}, "geometry": {"type": "Polygon", "coordinates": [[[-88.971647, 48.509531], [-88.972209, 48.509502], [-88.973029, 48.509475], [-88.973634, 48.509432], [-88.974024, 48.509375], [-88.974199, 48.509301], [-88.974159, 48.509212], [-88.974219, 48.509151], [-88.974381, 48.50912], [-88.974643, 48.509118], [-88.975006, 48.509145], [-88.975231, 48.509187], [-88.975319, 48.509245], [-88.975268, 48.509319], [-88.97508, 48.509408], [-88.974754, 48.509484], [-88.97429, 48.509546], [-88.973688, 48.509595], [-88.972948, 48.509631], [-88.97234, 48.509649], [-88.971862, 48.509649], [-88.971516, 48.509631], [-88.971301, 48.509595], [-88.971345, 48.509562], [-88.971647, 48.509531]]]}}, {"type": "Feature", "properties": {"lead": 48, "temp": "sp:steelhead"}, "geometry": {"type": "Polygon", "coordinates": [[[-88.970827, 48.509669], [-88.970847, 48.509655], [-88.970877, 48.509649], [-88.970918, 48.509649], [-88.970938, 48.509655], [-88.970938, 48.509669], [-88.970918, 48.509689], [-88.970877, 48.509716], [-88.970847, 48.509729], [-88.970827, 48.509729], [-88.970817, 48.509716], [-88.970817, 48.509689], [-88.970827, 48.509669]]]}}, {"type": "Feature", "properties": {"lead": 48, "temp": "sp:steelhead"}, "geometry": {"type": "Polygon", "coordinates": [[[-88.96887, 48.509847], [-88.968772, 48.509823], [-88.968772, 48.509796], [-88.96889, 48.509776], [-88.969125, 48.509763], [-88.969478, 48.509756], [-88.969949, 48.509756], [-88.970282, 48.509767], [-88.970477, 48.509789], [-88.970534, 48.509823], [-88.970454, 48.509867], [-88.970295, 48.509896], [-88.97006, 48.50991], [-88.969747, 48.509907], [-88.969357, 48.50989], [-88.969065, 48.50987], [-88.96887, 48.509847]]]}}, {"type": "Feature", "properties": {"lead": 48, "temp": "sp:steelhead"}, "geometry": {"type": "Polygon", "coordinates": [[[-88.968268, 48.509981], [-88.968234, 48.509952], [-88.968234, 48.509916], [-88.968268, 48.50989], [-88.968335, 48.509872], [-88.968436, 48.509863], [-88.968571, 48.509863], [-88.968671, 48.509874], [-88.968739, 48.509896], [-88.968772, 48.50993], [-88.968772, 48.509974], [-88.968739, 48.510006], [-88.968671, 48.510023], [-88.968571, 48.510028], [-88.968436, 48.510019], [-88.968335, 48.510003], [-88.968268, 48.509981]]]}}, {"type": "Feature", "properties": {"lead": 48, "temp": "sp:steelhead"}, "geometry": {"type": "Polygon", "coordinates": [[[-88.966762, 48.510327], [-88.96691, 48.510273], [-88.967192, 48.510206], [-88.967609, 48.510126], [-88.967898, 48.510081], [-88.96806, 48.510073], [-88.968093, 48.510099], [-88.967999, 48.510162], [-88.967878, 48.51022], [-88.96773, 48.510273], [-88.967555, 48.510322], [-88.967353, 48.510367], [-88.967172, 48.510394], [-88.96701, 48.510403], [-88.966869, 48.510394], [-88.966748, 48.510367], [-88.966762, 48.510327]]]}}, {"type": "Feature", "properties": {"lead": 48, "temp": "sp:steelhead"}, "geometry": {"type": "Polygon", "coordinates": [[[-88.966049, 48.510461], [-88.966089, 48.510443], [-88.96615, 48.510434], [-88.96623, 48.510434], [-88.966271, 48.510443], [-88.966271, 48.510461], [-88.96623, 48.510487], [-88.96615, 48.510523], [-88.966089, 48.510541], [-88.966049, 48.510541], [-88.966029, 48.510523], [-88.966029, 48.510487], [-88.966049, 48.510461]]]}}, {"type": "Feature", "properties": {"lead": 48, "temp": "sp:steelhead"}, "geometry": {"type": "Polygon", "coordinates": [[[-88.96506, 48.510697], [-88.965168, 48.51067], [-88.965329, 48.510643], [-88.965544, 48.510617], [-88.965652, 48.51061], [-88.965652, 48.510623], [-88.965544, 48.510657], [-88.965329, 48.51071], [-88.965168, 48.510744], [-88.96506, 48.510757], [-88.965006, 48.51075], [-88.965006, 48.510724], [-88.96506, 48.510697]]]}}, {"type": "Feature", "properties": {"lead": 48, "temp": "sp:steelhead"}, "geometry": {"type": "Polygon", "coordinates": [[[-88.995446, 48.512597], [-88.995611, 48.512494], [-88.996001, 48.512369], [-88.996354, 48.512271], [-88.99667, 48.5122], [-88.996949, 48.512155], [-88.997191, 48.512138], [-88.997427, 48.512091], [-88.997655, 48.512015], [-88.997877, 48.51191], [-88.998092, 48.511776], [-88.998331, 48.511663], [-88.998593, 48.511569], [-88.998879, 48.511495], [-88.999189, 48.511442], [-88.999421, 48.511437], [-88.999575, 48.511482], [-88.999653, 48.511576], [-88.999653, 48.511718], [-88.999599, 48.511832], [-88.999491, 48.511917], [-88.99933, 48.511972], [-88.999115, 48.511999], [-88.998933, 48.512048], [-88.998785, 48.51212], [-88.998671, 48.512213], [-88.99859, 48.512329], [-88.998442, 48.512436], [-88.998227, 48.512534], [-88.997944, 48.512624], [-88.997595, 48.512704], [-88.997205, 48.512755], [-88.996774, 48.512778], [-88.996304, 48.512771], [-88.995792, 48.512735], [-88.995507, 48.512677], [-88.995446, 48.512597]]]}}, {"type": "Feature", "properties": {"lead": 48, "temp": "sp:steelhead"}, "geometry": {"type": "Polygon", "coordinates": [[[-88.96467, 48.510797], [-88.964711, 48.510791], [-88.964764, 48.510791], [-88.964791, 48.510797], [-88.964791, 48.510811], [-88.964764, 48.510831], [-88.964711, 48.510857], [-88.96467, 48.510871], [-88.964643, 48.510871], [-88.96463, 48.510857], [-88.96463, 48.510831], [-88.964643, 48.510811], [-88.96467, 48.510797]]]}}, {"type": "Feature", "properties": {"lead": 48, "temp": "sp:steelhead"}, "geometry": {"type": "Polygon", "coordinates": [[[-88.964327, 48.510918], [-88.964368, 48.510904], [-88.964428, 48.510898], [-88.964509, 48.510898], [-88.964549, 48.510904], [-88.964549, 48.510918], [-88.964509, 48.510938], [-88.964428, 48.510965], [-88.964368, 48.510978], [-88.964327, 48.510978], [-88.964307, 48.510965], [-88.964307, 48.510938], [-88.964327, 48.510918]]]}}, {"type": "Feature", "properties": {"lead": 48, "temp": "sp:steelhead"}, "geometry": {"type": "Polygon", "coordinates": [[[-88.963809, 48.510904], [-88.96385, 48.510898], [-88.963904, 48.510898], [-88.96393, 48.510904], [-88.96393, 48.510918], [-88.963904, 48.510938], [-88.96385, 48.510965], [-88.963809, 48.510978], [-88.963783, 48.510978], [-88.963769, 48.510965], [-88.963769, 48.510938], [-88.963783, 48.510918], [-88.963809, 48.510904]]]}}, {"type": "Feature", "properties": {"lead": 48, "temp": "sp:steelhead"}, "geometry": {"type": "Polygon", "coordinates": [[[-88.963315, 48.511014], [-88.963345, 48.511005], [-88.963386, 48.511005], [-88.963406, 48.511014], [-88.963406, 48.511031], [-88.963386, 48.511058], [-88.963345, 48.511094], [-88.963315, 48.511112], [-88.963295, 48.511112], [-88.963285, 48.511094], [-88.963285, 48.511058], [-88.963295, 48.511031], [-88.963315, 48.511014]]]}}, {"type": "Feature", "properties": {"lead": 48, "temp": "sp:steelhead"}, "geometry": {"type": "Polygon", "coordinates": [[[-88.962596, 48.511275], [-88.962616, 48.511261], [-88.962646, 48.511254], [-88.962686, 48.511254], [-88.962707, 48.511261], [-88.962707, 48.511275], [-88.962686, 48.511295], [-88.962646, 48.511321], [-88.962616, 48.511335], [-88.962596, 48.511335], [-88.962586, 48.511321], [-88.962586, 48.511295], [-88.962596, 48.511275]]]}}, {"type": "Feature", "properties": {"lead": 48, "temp": "sp:steelhead"}, "geometry": {"type": "Polygon", "coordinates": [[[-88.962569, 48.511402], [-88.962586, 48.511428], [-88.962586, 48.511473], [-88.962569, 48.511502], [-88.962535, 48.511515], [-88.962485, 48.511513], [-88.962417, 48.511495], [-88.962384, 48.511475], [-88.962384, 48.511453], [-88.962417, 48.511428], [-88.962485, 48.511402], [-88.962535, 48.511393], [-88.962569, 48.511402]]]}}, {"type": "Feature", "properties": {"lead": 48, "temp": "sp:steelhead"}, "geometry": {"type": "Polygon", "coordinates": [[[-88.962132, 48.511475], [-88.962162, 48.511469], [-88.962202, 48.511469], [-88.962222, 48.511475], [-88.962222, 48.511489], [-88.962202, 48.511509], [-88.962162, 48.511535], [-88.962132, 48.511549], [-88.962111, 48.511549], [-88.962101, 48.511535], [-88.962101, 48.511509], [-88.962111, 48.511489], [-88.962132, 48.511475]]]}}, {"type": "Feature", "properties": {"lead": 48, "temp": "sp:steelhead"}, "geometry": {"type": "Polygon", "coordinates": [[[-88.959701, 48.511609], [-88.959741, 48.511587], [-88.959801, 48.511576], [-88.959882, 48.511576], [-88.959923, 48.511587], [-88.959923, 48.511609], [-88.959882, 48.511642], [-88.959801, 48.511687], [-88.959741, 48.511709], [-88.959701, 48.511709], [-88.95968, 48.511687], [-88.95968, 48.511642], [-88.959701, 48.511609]]]}}, {"type": "Feature", "properties": {"lead": 48, "temp": "sp:steelhead"}, "geometry": {"type": "Polygon", "coordinates": [[[-88.961483, 48.51193], [-88.961402, 48.511872], [-88.961341, 48.511799], [-88.961301, 48.511709], [-88.96121, 48.511647], [-88.961069, 48.511611], [-88.960877, 48.511602], [-88.960635, 48.51162], [-88.960437, 48.511622], [-88.960282, 48.511609], [-88.960171, 48.51158], [-88.960104, 48.511535], [-88.960185, 48.511509], [-88.960413, 48.5115], [-88.96079, 48.511509], [-88.961315, 48.511535], [-88.961695, 48.511584], [-88.96193, 48.511656], [-88.962021, 48.511749], [-88.961967, 48.511865], [-88.961896, 48.511946], [-88.961809, 48.51199], [-88.961705, 48.511999], [-88.961584, 48.511972], [-88.961483, 48.51193]]]}}, {"type": "Feature", "properties": {"lead": 48, "temp": "sp:steelhead"}, "geometry": {"type": "Polygon", "coordinates": [[[-88.959368, 48.511716], [-88.959388, 48.511694], [-88.959418, 48.511683], [-88.959459, 48.511683], [-88.959479, 48.511694], [-88.959479, 48.511716], [-88.959459, 48.511749], [-88.959418, 48.511794], [-88.959388, 48.511816], [-88.959368, 48.511816], [-88.959358, 48.511794], [-88.959358, 48.511749], [-88.959368, 48.511716]]]}}, {"type": "Feature", "properties": {"lead": 48, "temp": "sp:steelhead"}, "geometry": {"type": "Polygon", "coordinates": [[[-88.95884, 48.511917], [-88.95882, 48.511892], [-88.95882, 48.511865], [-88.95884, 48.511845], [-88.95888, 48.511832], [-88.958941, 48.511825], [-88.959021, 48.511825], [-88.959082, 48.511836], [-88.959122, 48.511859], [-88.959142, 48.511892], [-88.959142, 48.511937], [-88.959122, 48.511966], [-88.959082, 48.511979], [-88.959021, 48.511977], [-88.958941, 48.511959], [-88.95888, 48.511939], [-88.95884, 48.511917]]]}}, {"type": "Feature", "properties": {"lead": 48, "temp": "sp:steelhead"}, "geometry": {"type": "Polygon", "coordinates": [[[-88.954913, 48.514169], [-88.954892, 48.514122], [-88.954892, 48.51406], [-88.954923, 48.513999], [-88.954983, 48.513942], [-88.955074, 48.513886], [-88.955195, 48.513832], [-88.955276, 48.513763], [-88.955316, 48.513678], [-88.955316, 48.513578], [-88.955276, 48.513462], [-88.955309, 48.513346], [-88.955417, 48.51323], [-88.955598, 48.513114], [-88.955854, 48.512998], [-88.956046, 48.512885], [-88.956173, 48.512773], [-88.956237, 48.512664], [-88.956237, 48.512557], [-88.956261, 48.512476], [-88.956308, 48.512423], [-88.956379, 48.512396], [-88.956473, 48.512396], [-88.956604, 48.512361], [-88.956772, 48.512289], [-88.956977, 48.512182], [-88.957219, 48.512039], [-88.957478, 48.511939], [-88.957754, 48.511881], [-88.958046, 48.511865], [-88.958356, 48.511892], [-88.958534, 48.511948], [-88.958581, 48.512033], [-88.958497, 48.512146], [-88.958282, 48.512289], [-88.958087, 48.512389], [-88.957912, 48.512447], [-88.957757, 48.512463], [-88.957623, 48.512436], [-88.957512, 48.51243], [-88.957424, 48.512443], [-88.95736, 48.512476], [-88.95732, 48.51253], [-88.957236, 48.512583], [-88.957108, 48.512637], [-88.956937, 48.512691], [-88.956722, 48.512744], [-88.956486, 48.512871], [-88.956231, 48.513072], [-88.955955, 48.513346], [-88.955659, 48.513694], [-88.955417, 48.513955], [-88.955229, 48.514129], [-88.955094, 48.514216], [-88.955013, 48.514216], [-88.954953, 48.5142], [-88.954913, 48.514169]], [[-88.957108, 48.512416], [-88.957098, 48.512436], [-88.957098, 48.512463], [-88.957108, 48.512476], [-88.957128, 48.512476], [-88.957159, 48.512463], [-88.957199, 48.512436], [-88.957219, 48.512416], [-88.957219, 48.512403], [-88.957199, 48.512396], [-88.957159, 48.512396], [-88.957128, 48.512403], [-88.957108, 48.512416]]]}}, {"type": "Feature", "properties": {"lead": 48, "temp": "sp:steelhead"}, "geometry": {"type": "Polygon", "coordinates": [[[-88.954691, 48.514236], [-88.954718, 48.514222], [-88.954758, 48.514216], [-88.954812, 48.514216], [-88.954839, 48.514222], [-88.954839, 48.514236], [-88.954812, 48.514256], [-88.954758, 48.514283], [-88.954718, 48.514296], [-88.954691, 48.514296], [-88.954677, 48.514283], [-88.954677, 48.514256], [-88.954691, 48.514236]]]}}, {"type": "Feature", "properties": {"lead": 48, "temp": "sp:steelhead"}, "geometry": {"type": "Polygon", "coordinates": [[[-88.954546, 48.514443], [-88.954576, 48.51443], [-88.954617, 48.51443], [-88.954637, 48.514443], [-88.954637, 48.51447], [-88.954617, 48.51451], [-88.954576, 48.514564], [-88.954546, 48.51459], [-88.954526, 48.51459], [-88.954516, 48.514564], [-88.954516, 48.51451], [-88.954526, 48.51447], [-88.954546, 48.514443]]]}}, {"type": "Feature", "properties": {"lead": 48, "temp": "sp:steelhead"}, "geometry": {"type": "Polygon", "coordinates": [[[-88.954385, 48.51466], [-88.954415, 48.514644], [-88.954455, 48.514644], [-88.954475, 48.51466], [-88.954475, 48.514691], [-88.954455, 48.514738], [-88.954415, 48.5148], [-88.954385, 48.514831], [-88.954364, 48.514831], [-88.954354, 48.5148], [-88.954354, 48.514738], [-88.954364, 48.514691], [-88.954385, 48.51466]]]}}, {"type": "Feature", "properties": {"lead": 48, "temp": "sp:steelhead"}, "geometry": {"type": "Polygon", "coordinates": [[[-88.9531, 48.514905], [-88.95312, 48.514874], [-88.953137, 48.514858], [-88.953151, 48.514858], [-88.953151, 48.514874], [-88.953137, 48.514905], [-88.95311, 48.514952], [-88.95307, 48.515014], [-88.953046, 48.515045], [-88.95304, 48.515045], [-88.95305, 48.515014], [-88.953077, 48.514952], [-88.9531, 48.514905]]]}}, {"type": "Feature", "properties": {"lead": 48, "temp": "sp:steelhead"}, "geometry": {"type": "Polygon", "coordinates": [[[-88.952878, 48.516084], [-88.952855, 48.515848], [-88.952895, 48.51558], [-88.952942, 48.515415], [-88.952996, 48.515353], [-88.953057, 48.515393], [-88.953124, 48.515536], [-88.953201, 48.515638], [-88.953289, 48.515701], [-88.953386, 48.515723], [-88.953494, 48.515705], [-88.953618, 48.51565], [-88.953759, 48.515556], [-88.953917, 48.515424], [-88.954092, 48.515255], [-88.954193, 48.515177], [-88.95422, 48.51519], [-88.954173, 48.515295], [-88.954052, 48.515491], [-88.953948, 48.515703], [-88.95386, 48.515931], [-88.95379, 48.516174], [-88.953736, 48.516432], [-88.953642, 48.516591], [-88.953507, 48.516649], [-88.953332, 48.516606], [-88.953117, 48.516463], [-88.952966, 48.51629], [-88.952878, 48.516084]]]}}, {"type": "Feature", "properties": {"lead": 48, "temp": "sp:steelhead"}, "geometry": {"type": "Polygon", "coordinates": [[[-88.9272, 48.519768], [-88.92728, 48.519741], [-88.927415, 48.519714], [-88.92758, 48.519643], [-88.927775, 48.519527], [-88.928, 48.519367], [-88.928256, 48.519161], [-88.928521, 48.51903], [-88.928797, 48.518972], [-88.929083, 48.518987], [-88.929379, 48.519077], [-88.92958, 48.51915], [-88.929688, 48.519208], [-88.929701, 48.519251], [-88.929621, 48.519277], [-88.929506, 48.519291], [-88.929358, 48.519291], [-88.929177, 48.519277], [-88.928962, 48.519251], [-88.928767, 48.519244], [-88.928592, 48.519257], [-88.928437, 48.519291], [-88.928303, 48.519344], [-88.928202, 48.5194], [-88.928134, 48.519458], [-88.928101, 48.519518], [-88.928101, 48.519581], [-88.928057, 48.519641], [-88.92797, 48.519699], [-88.927839, 48.519754], [-88.927664, 48.519808], [-88.927512, 48.519841], [-88.927385, 48.519855], [-88.92728, 48.519848], [-88.9272, 48.519821], [-88.927173, 48.519795], [-88.9272, 48.519768]]]}}, {"type": "Feature", "properties": {"lead": 48, "temp": "sp:steelhead"}, "geometry": {"type": "Polygon", "coordinates": [[[-88.926776, 48.519908], [-88.926816, 48.519895], [-88.926877, 48.519888], [-88.926958, 48.519888], [-88.926998, 48.519895], [-88.926998, 48.519908], [-88.926958, 48.519928], [-88.926877, 48.519955], [-88.926816, 48.519969], [-88.926776, 48.519969], [-88.926756, 48.519955], [-88.926756, 48.519928], [-88.926776, 48.519908]]]}}, {"type": "Feature", "properties": {"lead": 48, "temp": "sp:steelhead"}, "geometry": {"type": "Polygon", "coordinates": [[[-88.93032, 48.520053], [-88.930219, 48.519995], [-88.930125, 48.519995], [-88.930065, 48.519966], [-88.930038, 48.519908], [-88.930044, 48.519821], [-88.930085, 48.519705], [-88.930095, 48.519605], [-88.930075, 48.51952], [-88.930024, 48.519451], [-88.929943, 48.519398], [-88.929917, 48.519364], [-88.929943, 48.519351], [-88.930024, 48.519358], [-88.930159, 48.519384], [-88.93026, 48.519433], [-88.930327, 48.519505], [-88.93036, 48.519598], [-88.93036, 48.519714], [-88.930394, 48.519815], [-88.930461, 48.519899], [-88.930562, 48.519969], [-88.930697, 48.520022], [-88.930801, 48.520093], [-88.930875, 48.520183], [-88.930919, 48.52029], [-88.930932, 48.520414], [-88.930962, 48.520521], [-88.931009, 48.520611], [-88.931073, 48.520682], [-88.931154, 48.520736], [-88.931188, 48.520782], [-88.931174, 48.520822], [-88.931114, 48.520856], [-88.931006, 48.520883], [-88.930895, 48.520845], [-88.930781, 48.520742], [-88.930663, 48.520575], [-88.930542, 48.520343], [-88.930428, 48.520169], [-88.93032, 48.520053]]]}}, {"type": "Feature", "properties": {"lead": 48, "temp": "sp:steelhead"}, "geometry": {"type": "Polygon", "coordinates": [[[-88.92727, 48.520252], [-88.927301, 48.520245], [-88.927341, 48.520245], [-88.927361, 48.520252], [-88.927361, 48.520265], [-88.927341, 48.520285], [-88.927301, 48.520312], [-88.92727, 48.520325], [-88.92725, 48.520325], [-88.92724, 48.520312], [-88.92724, 48.520285], [-88.92725, 48.520265], [-88.92727, 48.520252]]]}}, {"type": "Feature", "properties": {"lead": 48, "temp": "sp:steelhead"}, "geometry": {"type": "Polygon", "coordinates": [[[-88.924422, 48.520593], [-88.924597, 48.520521], [-88.92486, 48.520446], [-88.925209, 48.520365], [-88.925471, 48.520296], [-88.925646, 48.520238], [-88.925734, 48.520192], [-88.925734, 48.520156], [-88.925798, 48.520122], [-88.925925, 48.520091], [-88.926117, 48.520062], [-88.926373, 48.520035], [-88.926564, 48.520031], [-88.926692, 48.520049], [-88.926756, 48.520089], [-88.926756, 48.520151], [-88.926732, 48.520189], [-88.926685, 48.520203], [-88.926615, 48.520192], [-88.926521, 48.520156], [-88.926447, 48.52014], [-88.926393, 48.520145], [-88.926359, 48.520169], [-88.926346, 48.520214], [-88.926275, 48.520252], [-88.926147, 48.520283], [-88.925962, 48.520307], [-88.92572, 48.520325], [-88.925475, 48.520368], [-88.925226, 48.520435], [-88.924974, 48.520526], [-88.924718, 48.520642], [-88.924527, 48.520713], [-88.924399, 48.52074], [-88.924335, 48.520722], [-88.924335, 48.52066], [-88.924422, 48.520593]]]}}, {"type": "Feature", "properties": {"lead": 48, "temp": "sp:steelhead"}, "geometry": {"type": "Polygon", "coordinates": [[[-88.926087, 48.520682], [-88.926117, 48.520673], [-88.926157, 48.520673], [-88.926178, 48.520682], [-88.926178, 48.5207], [-88.926157, 48.520727], [-88.926117, 48.520762], [-88.926087, 48.52078], [-88.926067, 48.52078], [-88.926057, 48.520762], [-88.926057, 48.520727], [-88.926067, 48.5207], [-88.926087, 48.520682]]]}}, {"type": "Feature", "properties": {"lead": 48, "temp": "sp:steelhead"}, "geometry": {"type": "Polygon", "coordinates": [[[-88.953534, 48.521213], [-88.953601, 48.521168], [-88.953709, 48.521141], [-88.95379, 48.521146], [-88.953843, 48.521181], [-88.95387, 48.521248], [-88.95387, 48.521346], [-88.953857, 48.521427], [-88.95383, 48.521489], [-88.95379, 48.521534], [-88.953736, 48.52156], [-88.953682, 48.521556], [-88.953628, 48.52152], [-88.953574, 48.521453], [-88.953521, 48.521355], [-88.953507, 48.521275], [-88.953534, 48.521213]]]}}, {"type": "Feature", "properties": {"lead": 48, "temp": "sp:steelhead"}, "geometry": {"type": "Polygon", "coordinates": [[[-88.930744, 48.523237], [-88.930757, 48.523175], [-88.930804, 48.523112], [-88.930885, 48.52305], [-88.930939, 48.522978], [-88.930966, 48.522898], [-88.930966, 48.522809], [-88.930939, 48.522711], [-88.930939, 48.522633], [-88.930966, 48.522575], [-88.931019, 48.522537], [-88.9311, 48.522519], [-88.931161, 48.522479], [-88.931201, 48.522417], [-88.931221, 48.522332], [-88.931221, 48.522225], [-88.931208, 48.522145], [-88.931181, 48.522091], [-88.93114, 48.522064], [-88.931087, 48.522064], [-88.931036, 48.522015], [-88.930989, 48.521917], [-88.930945, 48.52177], [-88.930905, 48.521574], [-88.930898, 48.521424], [-88.930925, 48.521322], [-88.930986, 48.521266], [-88.93108, 48.521257], [-88.931164, 48.521228], [-88.931238, 48.521179], [-88.931302, 48.52111], [-88.931356, 48.521021], [-88.931383, 48.521005], [-88.931383, 48.521063], [-88.931356, 48.521195], [-88.931302, 48.5214], [-88.931282, 48.521583], [-88.931295, 48.521743], [-88.931342, 48.521882], [-88.931423, 48.521997], [-88.931483, 48.522142], [-88.931524, 48.522316], [-88.931544, 48.522519], [-88.931544, 48.522751], [-88.931504, 48.522947], [-88.931423, 48.523108], [-88.931302, 48.523233], [-88.93114, 48.523322], [-88.931006, 48.523373], [-88.930898, 48.523386], [-88.930818, 48.523362], [-88.930764, 48.523299], [-88.930744, 48.523237]]]}}, {"type": "Feature", "properties": {"lead": 48, "temp": "sp:steelhead"}, "geometry": {"type": "Polygon", "coordinates": [[[-88.946486, 48.522521], [-88.946527, 48.522533], [-88.946581, 48.522559], [-88.946607, 48.522582], [-88.946607, 48.522599], [-88.946581, 48.522613], [-88.946527, 48.522622], [-88.946486, 48.522619], [-88.94646, 48.522606], [-88.946446, 48.522582], [-88.946446, 48.522546], [-88.94646, 48.522526], [-88.946486, 48.522521]]]}}, {"type": "Feature", "properties": {"lead": 48, "temp": "sp:steelhead"}, "geometry": {"type": "Polygon", "coordinates": [[[-88.947431, 48.523574], [-88.94726, 48.523514], [-88.947085, 48.523433], [-88.946954, 48.523337], [-88.946866, 48.523226], [-88.946823, 48.523099], [-88.946823, 48.522956], [-88.94691, 48.522883], [-88.947085, 48.522878], [-88.947347, 48.522943], [-88.947697, 48.523077], [-88.948191, 48.523081], [-88.94883, 48.522956], [-88.949613, 48.522702], [-88.950541, 48.522319], [-88.951325, 48.522015], [-88.951964, 48.521792], [-88.952458, 48.52165], [-88.952808, 48.521587], [-88.95307, 48.521554], [-88.953245, 48.521549], [-88.953332, 48.521574], [-88.953332, 48.521627], [-88.953289, 48.521681], [-88.953201, 48.521734], [-88.95307, 48.521788], [-88.952895, 48.521841], [-88.952754, 48.521897], [-88.952646, 48.521955], [-88.952572, 48.522015], [-88.952532, 48.522078], [-88.952364, 48.522154], [-88.952068, 48.522243], [-88.951644, 48.522345], [-88.951093, 48.522461], [-88.950548, 48.522611], [-88.95001, 48.522793], [-88.949479, 48.52301], [-88.948954, 48.523259], [-88.948521, 48.523447], [-88.948178, 48.523571], [-88.947926, 48.523634], [-88.947764, 48.523634], [-88.947599, 48.523614], [-88.947431, 48.523574]]]}}, {"type": "Feature", "properties": {"lead": 48, "temp": "sp:steelhead"}, "geometry": {"type": "Polygon", "coordinates": [[[-88.94339, 48.52309], [-88.94341, 48.523072], [-88.94344, 48.523063], [-88.94348, 48.523063], [-88.943501, 48.523072], [-88.943501, 48.52309], [-88.94348, 48.523117], [-88.94344, 48.523152], [-88.94341, 48.52317], [-88.94339, 48.52317], [-88.94338, 48.523152], [-88.94338, 48.523117], [-88.94339, 48.52309]]]}}, {"type": "Feature", "properties": {"lead": 48, "temp": "sp:steelhead"}, "geometry": {"type": "Polygon", "coordinates": [[[-88.942216, 48.52371], [-88.942156, 48.523545], [-88.942129, 48.523366], [-88.942169, 48.523195], [-88.942277, 48.52303], [-88.942452, 48.522871], [-88.942694, 48.52272], [-88.943023, 48.522606], [-88.94344, 48.52253], [-88.943944, 48.522492], [-88.944536, 48.522492], [-88.94499, 48.522479], [-88.945306, 48.522452], [-88.945484, 48.522412], [-88.945525, 48.522359], [-88.945605, 48.52233], [-88.945727, 48.522325], [-88.945888, 48.522345], [-88.94609, 48.52239], [-88.946204, 48.522448], [-88.946231, 48.522519], [-88.94617, 48.522604], [-88.946022, 48.522702], [-88.945834, 48.522762], [-88.945605, 48.522784], [-88.945336, 48.522769], [-88.945027, 48.522715], [-88.944711, 48.522682], [-88.944388, 48.522669], [-88.944059, 48.522675], [-88.943723, 48.522702], [-88.943447, 48.522771], [-88.943232, 48.522883], [-88.943077, 48.523036], [-88.942983, 48.523233], [-88.942936, 48.523402], [-88.942936, 48.523545], [-88.942983, 48.523661], [-88.943077, 48.52375], [-88.943124, 48.523843], [-88.943124, 48.523942], [-88.943077, 48.524044], [-88.942983, 48.524151], [-88.942872, 48.5242], [-88.942744, 48.524191], [-88.942599, 48.524124], [-88.942438, 48.524], [-88.94231, 48.523861], [-88.942216, 48.52371]]]}}, {"type": "Feature", "properties": {"lead": 48, "temp": "sp:steelhead"}, "geometry": {"type": "Polygon", "coordinates": [[[-88.940185, 48.525669], [-88.940098, 48.525609], [-88.940098, 48.525547], [-88.940162, 48.525507], [-88.94029, 48.525489], [-88.940481, 48.525493], [-88.940737, 48.52552], [-88.940952, 48.525562], [-88.941127, 48.52562], [-88.941261, 48.525694], [-88.941355, 48.525783], [-88.941339, 48.525837], [-88.941211, 48.525854], [-88.940972, 48.525837], [-88.940622, 48.525783], [-88.94036, 48.525727], [-88.940185, 48.525669]]]}}, {"type": "Feature", "properties": {"lead": 72, "temp": "sp:lake_trout"}, "geometry": {"type": "Polygon", "coordinates": [[[-88.958756, 48.511897], [-88.958376, 48.511919], [-88.957972, 48.51191], [-88.957821, 48.51185], [-88.957922, 48.511738], [-88.958275, 48.511576], [-88.95888, 48.511361], [-88.959462, 48.511205], [-88.96002, 48.511107], [-88.960555, 48.511067], [-88.961066, 48.511085], [-88.96151, 48.511063], [-88.961886, 48.511], [-88.962195, 48.510898], [-88.962438, 48.510755], [-88.962757, 48.510628], [-88.963154, 48.510516], [-88.963628, 48.51042], [-88.964179, 48.51034], [-88.964667, 48.510251], [-88.965091, 48.510153], [-88.96545, 48.510046], [-88.965746, 48.50993], [-88.96624, 48.509798], [-88.966933, 48.509651], [-88.967824, 48.509488], [-88.968914, 48.50931], [-88.969899, 48.509169], [-88.97078, 48.509067], [-88.971556, 48.509002], [-88.972229, 48.508975], [-88.97274, 48.508926], [-88.97309, 48.508855], [-88.973278, 48.508761], [-88.973305, 48.508645], [-88.973379, 48.508536], [-88.9735, 48.508433], [-88.973668, 48.508338], [-88.973883, 48.508248], [-88.974135, 48.50819], [-88.974425, 48.508164], [-88.974751, 48.508168], [-88.975114, 48.508204], [-88.975437, 48.508264], [-88.975719, 48.508349], [-88.975961, 48.508458], [-88.976163, 48.508592], [-88.976274, 48.508703], [-88.976294, 48.508792], [-88.976223, 48.508859], [-88.976062, 48.508904], [-88.975917, 48.508922], [-88.97579, 48.508913], [-88.975679, 48.508877], [-88.975585, 48.508815], [-88.97544, 48.508761], [-88.975245, 48.508717], [-88.974999, 48.508681], [-88.974704, 48.508654], [-88.974461, 48.508641], [-88.974273, 48.508641], [-88.974139, 48.508654], [-88.974058, 48.508681], [-88.973997, 48.508717], [-88.973957, 48.508761], [-88.973937, 48.508815], [-88.973937, 48.508877], [-88.973977, 48.508937], [-88.974058, 48.508995], [-88.974179, 48.509051], [-88.97434, 48.509105], [-88.974461, 48.50916], [-88.974542, 48.509218], [-88.974583, 48.509279], [-88.974583, 48.509341], [-88.974552, 48.509395], [-88.974492, 48.509439], [-88.974401, 48.509475], [-88.97428, 48.509502], [-88.974082, 48.509515], [-88.973806, 48.509515], [-88.973453, 48.509502], [-88.973022, 48.509475], [-88.972626, 48.509461], [-88.972262, 48.509461], [-88.971933, 48.509475], [-88.971637, 48.509502], [-88.971402, 48.509535], [-88.971227, 48.509575], [-88.971113, 48.509622], [-88.971059, 48.509676], [-88.970847, 48.509722], [-88.970477, 48.509763], [-88.969949, 48.509796], [-88.969263, 48.509823], [-88.968729, 48.509858], [-88.968345, 48.509903], [-88.968113, 48.509957], [-88.968033, 48.510019], [-88.967908, 48.510073], [-88.96774, 48.510117], [-88.967528, 48.510153], [-88.967273, 48.51018], [-88.966973, 48.510235], [-88.96663, 48.51032], [-88.966244, 48.510434], [-88.965813, 48.510577], [-88.965373, 48.510697], [-88.964922, 48.510795], [-88.964462, 48.510871], [-88.963991, 48.510924], [-88.963551, 48.511007], [-88.96314, 48.511118], [-88.96276, 48.511259], [-88.962411, 48.511428], [-88.962128, 48.511555], [-88.961913, 48.51164], [-88.961765, 48.511683], [-88.961684, 48.511683], [-88.961624, 48.511669], [-88.961584, 48.511642], [-88.961563, 48.511602], [-88.961563, 48.511549], [-88.961479, 48.511509], [-88.961311, 48.511482], [-88.961059, 48.511469], [-88.960723, 48.511469], [-88.960393, 48.511498], [-88.96007, 48.511555], [-88.959754, 48.511642], [-88.959445, 48.511758], [-88.959112, 48.511843], [-88.958756, 48.511897]]]}}, {"type": "Feature", "properties": {"lead": 72, "temp": "sp:lake_trout"}, "geometry": {"type": "Polygon", "coordinates": [[[-88.997043, 48.512396], [-88.996774, 48.512396], [-88.996573, 48.512387], [-88.996438, 48.512369], [-88.996371, 48.512343], [-88.996371, 48.512307], [-88.996445, 48.512271], [-88.996593, 48.512236], [-88.996815, 48.5122], [-88.997111, 48.512164], [-88.997396, 48.512097], [-88.997672, 48.511999], [-88.997938, 48.51187], [-88.998193, 48.511709], [-88.998452, 48.511578], [-88.998714, 48.511475], [-88.99898, 48.511402], [-88.999249, 48.511357], [-88.999441, 48.511348], [-88.999555, 48.511375], [-88.999592, 48.511437], [-88.999552, 48.511535], [-88.999488, 48.511609], [-88.9994, 48.511658], [-88.999289, 48.511683], [-88.999155, 48.511683], [-88.999044, 48.511698], [-88.998956, 48.511729], [-88.998893, 48.511776], [-88.998852, 48.511839], [-88.998738, 48.511906], [-88.99855, 48.511977], [-88.998287, 48.512053], [-88.997951, 48.512133], [-88.997699, 48.512202], [-88.997531, 48.51226], [-88.997447, 48.512307], [-88.997447, 48.512343], [-88.99738, 48.512369], [-88.997245, 48.512387], [-88.997043, 48.512396]]]}}, {"type": "Feature", "properties": {"lead": 72, "temp": "sp:lake_trout"}, "geometry": {"type": "Polygon", "coordinates": [[[-88.95303, 48.516209], [-88.952935, 48.516183], [-88.952882, 48.516156], [-88.952868, 48.516129], [-88.952895, 48.516102], [-88.952962, 48.516075], [-88.952996, 48.516055], [-88.952996, 48.516042], [-88.952962, 48.516035], [-88.952895, 48.516035], [-88.952845, 48.51602], [-88.952811, 48.515989], [-88.952794, 48.515942], [-88.952794, 48.515879], [-88.952848, 48.51573], [-88.952956, 48.515493], [-88.953117, 48.51517], [-88.953332, 48.51476], [-88.953564, 48.514414], [-88.953813, 48.514133], [-88.954079, 48.513917], [-88.954361, 48.513765], [-88.95465, 48.51358], [-88.954946, 48.513362], [-88.955249, 48.51311], [-88.955558, 48.512824], [-88.955867, 48.512583], [-88.956177, 48.512387], [-88.956486, 48.512236], [-88.956796, 48.512129], [-88.956987, 48.512082], [-88.957061, 48.512095], [-88.957017, 48.512169], [-88.956856, 48.512303], [-88.956711, 48.512403], [-88.956584, 48.51247], [-88.956473, 48.512503], [-88.956379, 48.512503], [-88.956318, 48.512523], [-88.956291, 48.512563], [-88.956298, 48.512624], [-88.956338, 48.512704], [-88.956348, 48.51278], [-88.956328, 48.512851], [-88.956278, 48.512918], [-88.956197, 48.51298], [-88.956083, 48.513041], [-88.955935, 48.513099], [-88.955753, 48.513154], [-88.955538, 48.513208], [-88.955387, 48.513277], [-88.955299, 48.513362], [-88.955276, 48.513462], [-88.955316, 48.513578], [-88.955303, 48.513694], [-88.955235, 48.51381], [-88.955114, 48.513926], [-88.954939, 48.514042], [-88.954768, 48.514207], [-88.9546, 48.514421], [-88.954435, 48.514684], [-88.954274, 48.514996], [-88.954099, 48.515279], [-88.953911, 48.515534], [-88.953709, 48.515759], [-88.953494, 48.515955], [-88.953309, 48.516096], [-88.953154, 48.51618], [-88.95303, 48.516209]], [[-88.953366, 48.515928], [-88.953352, 48.515928], [-88.953342, 48.515931], [-88.953336, 48.515935], [-88.953332, 48.515942], [-88.953332, 48.515951], [-88.953336, 48.515955], [-88.953342, 48.515955], [-88.953352, 48.515951], [-88.953366, 48.515942], [-88.953373, 48.515935], [-88.953373, 48.515931], [-88.953366, 48.515928]]]}}, {"type": "Feature", "properties": {"lead": 72, "temp": "sp:lake_trout"}, "geometry": {"type": "Polygon", "coordinates": [[[-88.924389, 48.520426], [-88.924375, 48.520312], [-88.924402, 48.520142], [-88.924617, 48.519964], [-88.925021, 48.519777], [-88.925613, 48.519581], [-88.926393, 48.519375], [-88.927025, 48.519197], [-88.927509, 48.519045], [-88.927845, 48.518921], [-88.928034, 48.518823], [-88.928259, 48.51876], [-88.928521, 48.518733], [-88.92882, 48.518742], [-88.929157, 48.518787], [-88.929466, 48.518856], [-88.929748, 48.51895], [-88.930004, 48.519068], [-88.930233, 48.51921], [-88.930421, 48.519351], [-88.930569, 48.519489], [-88.930676, 48.519625], [-88.930744, 48.519759], [-88.930784, 48.519877], [-88.930798, 48.51998], [-88.930784, 48.520067], [-88.930744, 48.520138], [-88.930693, 48.520147], [-88.930633, 48.520093], [-88.930562, 48.519977], [-88.930481, 48.519799], [-88.930354, 48.519632], [-88.930179, 48.519476], [-88.929957, 48.519331], [-88.929688, 48.519197], [-88.929446, 48.519097], [-88.929231, 48.51903], [-88.929042, 48.518996], [-88.928881, 48.518996], [-88.928683, 48.519045], [-88.928447, 48.519144], [-88.928175, 48.519291], [-88.927866, 48.519487], [-88.927475, 48.51967], [-88.927005, 48.519839], [-88.926453, 48.519995], [-88.925821, 48.520138], [-88.925313, 48.520258], [-88.92493, 48.520356], [-88.924671, 48.520432], [-88.924537, 48.520486], [-88.924443, 48.520484], [-88.924389, 48.520426]]]}}, {"type": "Feature", "properties": {"lead": 72, "temp": "sp:lake_trout"}, "geometry": {"type": "Polygon", "coordinates": [[[-88.931356, 48.522408], [-88.931302, 48.521899], [-88.931282, 48.521511], [-88.931295, 48.521244], [-88.931342, 48.521097], [-88.931423, 48.52107], [-88.931507, 48.521157], [-88.931594, 48.521358], [-88.931685, 48.521672], [-88.931779, 48.5221], [-88.93182, 48.522448], [-88.931806, 48.522715], [-88.931739, 48.522903], [-88.931618, 48.52301], [-88.931514, 48.522963], [-88.931426, 48.522762], [-88.931356, 48.522408]]]}}, {"type": "Feature", "properties": {"lead": 72, "temp": "sp:lake_trout"}, "geometry": {"type": "Polygon", "coordinates": [[[-88.942257, 48.52342], [-88.942189, 48.52342], [-88.942149, 48.523375], [-88.942135, 48.523286], [-88.942149, 48.523152], [-88.942189, 48.522974], [-88.942273, 48.522798], [-88.942401, 48.522624], [-88.942573, 48.522452], [-88.942788, 48.522283], [-88.94304, 48.522147], [-88.943329, 48.522044], [-88.943655, 48.521975], [-88.944018, 48.521939], [-88.944371, 48.521935], [-88.944714, 48.521962], [-88.945047, 48.52202], [-88.94537, 48.522109], [-88.945585, 48.5222], [-88.945693, 48.522294], [-88.945693, 48.52239], [-88.945585, 48.522488], [-88.945367, 48.522553], [-88.945037, 48.522584], [-88.944597, 48.522582], [-88.944045, 48.522546], [-88.943598, 48.522535], [-88.943255, 48.522548], [-88.943016, 48.522586], [-88.942882, 48.522648], [-88.942761, 48.522738], [-88.942653, 48.522854], [-88.942559, 48.522996], [-88.942478, 48.523166], [-88.942401, 48.523293], [-88.942327, 48.523378], [-88.942257, 48.52342]]]}}, {"type": "Feature", "properties": {"lead": 72, "temp": "sp:brook_trout"}, "geometry": {"type": "Polygon", "coordinates": [[[-88.985779, 48.507936], [-88.985544, 48.507822], [-88.985329, 48.507738], [-88.985134, 48.507682], [-88.984959, 48.507655], [-88.984905, 48.507637], [-88.984972, 48.507628], [-88.985161, 48.507628], [-88.98547, 48.507637], [-88.985732, 48.507684], [-88.985947, 48.507769], [-88.986116, 48.507891], [-88.986237, 48.508052], [-88.986263, 48.508137], [-88.986196, 48.508146], [-88.986035, 48.508079], [-88.985779, 48.507936]]]}}, {"type": "Feature", "properties": {"lead": 72, "temp": "sp:brook_trout"}, "geometry": {"type": "Polygon", "coordinates": [[[-88.984922, 48.50842], [-88.984942, 48.508407], [-88.984972, 48.5084], [-88.985013, 48.5084], [-88.985033, 48.508407], [-88.985033, 48.50842], [-88.985013, 48.50844], [-88.984972, 48.508467], [-88.984942, 48.50848], [-88.984922, 48.50848], [-88.984912, 48.508467], [-88.984912, 48.50844], [-88.984922, 48.50842]]]}}, {"type": "Feature", "properties": {"lead": 72, "temp": "sp:brook_trout"}, "geometry": {"type": "Polygon", "coordinates": [[[-88.976815, 48.508962], [-88.976923, 48.508944], [-88.977098, 48.508935], [-88.97734, 48.508935], [-88.977467, 48.508944], [-88.977481, 48.508962], [-88.97738, 48.508989], [-88.977165, 48.509024], [-88.976997, 48.509042], [-88.976876, 48.509042], [-88.976802, 48.509024], [-88.976775, 48.508989], [-88.976815, 48.508962]]]}}, {"type": "Feature", "properties": {"lead": 72, "temp": "sp:brook_trout"}, "geometry": {"type": "Polygon", "coordinates": [[[-88.967663, 48.510039], [-88.96773, 48.509945], [-88.967905, 48.509809], [-88.968187, 48.509631], [-88.96852, 48.509477], [-88.968903, 48.509348], [-88.969337, 48.509243], [-88.969821, 48.509163], [-88.970353, 48.509096], [-88.970931, 48.509042], [-88.971556, 48.509002], [-88.972229, 48.508975], [-88.97274, 48.508926], [-88.97309, 48.508855], [-88.973278, 48.508761], [-88.973305, 48.508645], [-88.973379, 48.508536], [-88.9735, 48.508433], [-88.973668, 48.508338], [-88.973883, 48.508248], [-88.974149, 48.508195], [-88.974465, 48.508177], [-88.974831, 48.508195], [-88.975248, 48.508248], [-88.975611, 48.508326], [-88.975921, 48.508429], [-88.976176, 48.508556], [-88.976378, 48.508708], [-88.976529, 48.50883], [-88.97663, 48.508924], [-88.976681, 48.508989], [-88.976681, 48.509024], [-88.976627, 48.509058], [-88.976519, 48.509089], [-88.976358, 48.509118], [-88.976143, 48.509145], [-88.975971, 48.509145], [-88.975843, 48.509118], [-88.975759, 48.509065], [-88.975719, 48.508984], [-88.975591, 48.508915], [-88.975376, 48.508857], [-88.975073, 48.50881], [-88.974683, 48.508775], [-88.974381, 48.508763], [-88.974166, 48.508777], [-88.974038, 48.508815], [-88.973997, 48.508877], [-88.974021, 48.508944], [-88.974108, 48.509015], [-88.97426, 48.509091], [-88.974475, 48.509172], [-88.974623, 48.509247], [-88.974704, 48.509319], [-88.974717, 48.509386], [-88.974663, 48.509448], [-88.974451, 48.509495], [-88.974082, 48.509526], [-88.973554, 48.509542], [-88.972868, 48.509542], [-88.972353, 48.509551], [-88.97201, 48.509569], [-88.971839, 48.509595], [-88.971839, 48.509631], [-88.971785, 48.509655], [-88.971677, 48.509669], [-88.971516, 48.509671], [-88.971301, 48.509662], [-88.971099, 48.509673], [-88.970911, 48.509705], [-88.970736, 48.509756], [-88.970575, 48.509827], [-88.970346, 48.509876], [-88.97005, 48.509903], [-88.969687, 48.509907], [-88.969257, 48.50989], [-88.9689, 48.509892], [-88.968618, 48.509914], [-88.968409, 48.509957], [-88.968275, 48.510019], [-88.968137, 48.510064], [-88.967996, 48.51009], [-88.967851, 48.510099], [-88.967703, 48.51009], [-88.967663, 48.510039]]]}}, {"type": "Feature", "properties": {"lead": 72, "temp": "sp:brook_trout"}, "geometry": {"type": "Polygon", "coordinates": [[[-88.974878, 48.509205], [-88.974905, 48.509192], [-88.974952, 48.509185], [-88.97502, 48.509185], [-88.975057, 48.509192], [-88.975063, 48.509205], [-88.97504, 48.509225], [-88.974986, 48.509252], [-88.974942, 48.509265], [-88.974909, 48.509265], [-88.974885, 48.509252], [-88.974872, 48.509225], [-88.974878, 48.509205]]]}}, {"type": "Feature", "properties": {"lead": 72, "temp": "sp:brook_trout"}, "geometry": {"type": "Polygon", "coordinates": [[[-88.967222, 48.510133], [-88.967242, 48.510119], [-88.967273, 48.510113], [-88.967313, 48.510113], [-88.967333, 48.510119], [-88.967333, 48.510133], [-88.967313, 48.510153], [-88.967273, 48.51018], [-88.967242, 48.510193], [-88.967222, 48.510193], [-88.967212, 48.51018], [-88.967212, 48.510153], [-88.967222, 48.510133]]]}}, {"type": "Feature", "properties": {"lead": 72, "temp": "sp:brook_trout"}, "geometry": {"type": "Polygon", "coordinates": [[[-88.966748, 48.51024], [-88.966789, 48.510226], [-88.966849, 48.51022], [-88.96693, 48.51022], [-88.96697, 48.510226], [-88.96697, 48.51024], [-88.96693, 48.51026], [-88.966849, 48.510287], [-88.966789, 48.5103], [-88.966748, 48.5103], [-88.966728, 48.510287], [-88.966728, 48.51026], [-88.966748, 48.51024]]]}}, {"type": "Feature", "properties": {"lead": 72, "temp": "sp:brook_trout"}, "geometry": {"type": "Polygon", "coordinates": [[[-88.966587, 48.510327], [-88.966657, 48.510333], [-88.966704, 48.510347], [-88.966728, 48.510367], [-88.966728, 48.510394], [-88.966704, 48.510407], [-88.966657, 48.510407], [-88.966587, 48.510394], [-88.966493, 48.510367], [-88.966446, 48.510347], [-88.966446, 48.510333], [-88.966493, 48.510327], [-88.966587, 48.510327]]]}}, {"type": "Feature", "properties": {"lead": 72, "temp": "sp:brook_trout"}, "geometry": {"type": "Polygon", "coordinates": [[[-88.965887, 48.510461], [-88.965928, 48.510443], [-88.965988, 48.510434], [-88.966069, 48.510434], [-88.966109, 48.510443], [-88.966109, 48.510461], [-88.966069, 48.510487], [-88.965988, 48.510523], [-88.965928, 48.510541], [-88.965887, 48.510541], [-88.965867, 48.510523], [-88.965867, 48.510487], [-88.965887, 48.510461]]]}}, {"type": "Feature", "properties": {"lead": 72, "temp": "sp:brook_trout"}, "geometry": {"type": "Polygon", "coordinates": [[[-88.965339, 48.510597], [-88.96536, 48.510583], [-88.96539, 48.510577], [-88.96543, 48.510577], [-88.96545, 48.510583], [-88.96545, 48.510597], [-88.96543, 48.510617], [-88.96539, 48.510643], [-88.96536, 48.510657], [-88.965339, 48.510657], [-88.965329, 48.510643], [-88.965329, 48.510617], [-88.965339, 48.510597]]]}}, {"type": "Feature", "properties": {"lead": 72, "temp": "sp:brook_trout"}, "geometry": {"type": "Polygon", "coordinates": [[[-88.964875, 48.510704], [-88.964936, 48.51069], [-88.965027, 48.510684], [-88.965148, 48.510684], [-88.965208, 48.51069], [-88.965208, 48.510704], [-88.965148, 48.510724], [-88.965027, 48.51075], [-88.964936, 48.510764], [-88.964875, 48.510764], [-88.964845, 48.51075], [-88.964845, 48.510724], [-88.964875, 48.510704]]]}}, {"type": "Feature", "properties": {"lead": 72, "temp": "sp:brook_trout"}, "geometry": {"type": "Polygon", "coordinates": [[[-88.964492, 48.510811], [-88.964539, 48.510797], [-88.96461, 48.510791], [-88.964704, 48.510791], [-88.964751, 48.510797], [-88.964751, 48.510811], [-88.964704, 48.510831], [-88.96461, 48.510857], [-88.964539, 48.510871], [-88.964492, 48.510871], [-88.964468, 48.510857], [-88.964468, 48.510831], [-88.964492, 48.510811]]]}}, {"type": "Feature", "properties": {"lead": 72, "temp": "sp:brook_trout"}, "geometry": {"type": "Polygon", "coordinates": [[[-88.963954, 48.510931], [-88.964001, 48.510944], [-88.964018, 48.51096], [-88.964004, 48.510978], [-88.963971, 48.510985], [-88.963917, 48.51098], [-88.963843, 48.510965], [-88.963749, 48.510938], [-88.963705, 48.51092], [-88.963712, 48.510911], [-88.963769, 48.510911], [-88.963877, 48.51092], [-88.963954, 48.510931]]]}}, {"type": "Feature", "properties": {"lead": 72, "temp": "sp:brook_trout"}, "geometry": {"type": "Polygon", "coordinates": [[[-88.996193, 48.512474], [-88.996132, 48.512416], [-88.996209, 48.512347], [-88.996425, 48.512267], [-88.996636, 48.512204], [-88.996845, 48.51216], [-88.99705, 48.512133], [-88.997252, 48.512124], [-88.997467, 48.512077], [-88.997696, 48.511993], [-88.997938, 48.51187], [-88.998193, 48.511709], [-88.998452, 48.511578], [-88.998714, 48.511475], [-88.99898, 48.511402], [-88.999249, 48.511357], [-88.999451, 48.511357], [-88.999585, 48.511402], [-88.999653, 48.511491], [-88.999653, 48.511625], [-88.999609, 48.511725], [-88.999521, 48.511792], [-88.99939, 48.511825], [-88.999215, 48.511825], [-88.999054, 48.511861], [-88.998906, 48.511932], [-88.998772, 48.512039], [-88.998651, 48.512182], [-88.998506, 48.512289], [-88.998338, 48.512361], [-88.998146, 48.512396], [-88.997931, 48.512396], [-88.997746, 48.51241], [-88.997591, 48.512436], [-88.997467, 48.512476], [-88.997373, 48.51253], [-88.997218, 48.512561], [-88.997003, 48.51257], [-88.996727, 48.512557], [-88.996391, 48.512521], [-88.996193, 48.512474]]]}}, {"type": "Feature", "properties": {"lead": 72, "temp": "sp:brook_trout"}, "geometry": {"type": "Polygon", "coordinates": [[[-88.963124, 48.511103], [-88.963043, 48.511085], [-88.962989, 48.511067], [-88.962962, 48.511049], [-88.962962, 48.511031], [-88.962992, 48.511018], [-88.963053, 48.511009], [-88.963144, 48.511005], [-88.963265, 48.511005], [-88.963352, 48.511014], [-88.963406, 48.511031], [-88.963426, 48.511058], [-88.963413, 48.511094], [-88.963376, 48.511116], [-88.963315, 48.511125], [-88.963231, 48.511121], [-88.963124, 48.511103]]]}}, {"type": "Feature", "properties": {"lead": 72, "temp": "sp:brook_trout"}, "geometry": {"type": "Polygon", "coordinates": [[[-88.962636, 48.511259], [-88.962602, 48.511232], [-88.962586, 48.511201], [-88.962586, 48.511165], [-88.962609, 48.511138], [-88.962656, 48.511121], [-88.962727, 48.511112], [-88.962821, 48.511112], [-88.962885, 48.511125], [-88.962918, 48.511152], [-88.962922, 48.511192], [-88.962895, 48.511246], [-88.962858, 48.511281], [-88.962811, 48.511299], [-88.962754, 48.511299], [-88.962686, 48.511281], [-88.962636, 48.511259]]]}}, {"type": "Feature", "properties": {"lead": 72, "temp": "sp:brook_trout"}, "geometry": {"type": "Polygon", "coordinates": [[[-88.962434, 48.511275], [-88.962454, 48.511261], [-88.962485, 48.511254], [-88.962525, 48.511254], [-88.962545, 48.511261], [-88.962545, 48.511275], [-88.962525, 48.511295], [-88.962485, 48.511321], [-88.962454, 48.511335], [-88.962434, 48.511335], [-88.962424, 48.511321], [-88.962424, 48.511295], [-88.962434, 48.511275]]]}}, {"type": "Feature", "properties": {"lead": 72, "temp": "sp:brook_trout"}, "geometry": {"type": "Polygon", "coordinates": [[[-88.962273, 48.511382], [-88.962293, 48.511368], [-88.962323, 48.511361], [-88.962364, 48.511361], [-88.962384, 48.511368], [-88.962384, 48.511382], [-88.962364, 48.511402], [-88.962323, 48.511428], [-88.962293, 48.511442], [-88.962273, 48.511442], [-88.962263, 48.511428], [-88.962263, 48.511402], [-88.962273, 48.511382]]]}}, {"type": "Feature", "properties": {"lead": 72, "temp": "sp:brook_trout"}, "geometry": {"type": "Polygon", "coordinates": [[[-88.959943, 48.511582], [-88.959875, 48.51156], [-88.959842, 48.511535], [-88.959842, 48.511509], [-88.959875, 48.511489], [-88.959943, 48.511475], [-88.960044, 48.511469], [-88.960178, 48.511469], [-88.960279, 48.51148], [-88.960346, 48.511502], [-88.96038, 48.511535], [-88.96038, 48.51158], [-88.960346, 48.511609], [-88.960279, 48.511622], [-88.960178, 48.51162], [-88.960044, 48.511602], [-88.959943, 48.511582]]]}}, {"type": "Feature", "properties": {"lead": 72, "temp": "sp:brook_trout"}, "geometry": {"type": "Polygon", "coordinates": [[[-88.96153, 48.511609], [-88.961382, 48.511551], [-88.96118, 48.511495], [-88.960925, 48.511442], [-88.96084, 48.511408], [-88.960928, 48.511395], [-88.961187, 48.511402], [-88.961617, 48.511428], [-88.96193, 48.511466], [-88.962125, 48.511515], [-88.962202, 48.511576], [-88.962162, 48.511647], [-88.962108, 48.511696], [-88.962041, 48.511723], [-88.96196, 48.511727], [-88.961866, 48.511709], [-88.961795, 48.511705], [-88.961748, 48.511714], [-88.961725, 48.511736], [-88.961725, 48.511772], [-88.961715, 48.511783], [-88.961695, 48.51177], [-88.961664, 48.511732], [-88.961624, 48.511669], [-88.96153, 48.511609]]]}}, {"type": "Feature", "properties": {"lead": 72, "temp": "sp:brook_trout"}, "geometry": {"type": "Polygon", "coordinates": [[[-88.959448, 48.511689], [-88.959388, 48.511667], [-88.959358, 48.511642], [-88.959358, 48.511616], [-88.959388, 48.511596], [-88.959448, 48.511582], [-88.959539, 48.511576], [-88.95966, 48.511576], [-88.959751, 48.511587], [-88.959812, 48.511609], [-88.959842, 48.511642], [-88.959842, 48.511687], [-88.959812, 48.511716], [-88.959751, 48.511729], [-88.95966, 48.511727], [-88.959539, 48.511709], [-88.959448, 48.511689]]]}}, {"type": "Feature", "properties": {"lead": 72, "temp": "sp:brook_trout"}, "geometry": {"type": "Polygon", "coordinates": [[[-88.95303, 48.51649], [-88.952935, 48.516388], [-88.952868, 48.516272], [-88.952828, 48.516142], [-88.952814, 48.516], [-88.952845, 48.515808], [-88.952919, 48.515567], [-88.953036, 48.515277], [-88.953198, 48.514938], [-88.953329, 48.514693], [-88.95343, 48.514541], [-88.9535, 48.514483], [-88.953541, 48.514519], [-88.953628, 48.514528], [-88.953763, 48.51451], [-88.953944, 48.514466], [-88.954173, 48.514394], [-88.954344, 48.514314], [-88.954459, 48.514225], [-88.954516, 48.514127], [-88.954516, 48.51402], [-88.954549, 48.513917], [-88.954617, 48.513819], [-88.954718, 48.513725], [-88.954852, 48.513636], [-88.954953, 48.513549], [-88.95502, 48.513464], [-88.955054, 48.513382], [-88.955054, 48.513302], [-88.955131, 48.513183], [-88.955286, 48.513027], [-88.955518, 48.512833], [-88.955827, 48.512601], [-88.95618, 48.512385], [-88.956577, 48.512184], [-88.957017, 48.511999], [-88.957502, 48.51183], [-88.957935, 48.511709], [-88.958319, 48.511638], [-88.958652, 48.511616], [-88.958934, 48.511642], [-88.959092, 48.511692], [-88.959126, 48.511763], [-88.959035, 48.511857], [-88.95882, 48.511972], [-88.958571, 48.512059], [-88.958288, 48.512117], [-88.957972, 48.512146], [-88.957623, 48.512146], [-88.95734, 48.512182], [-88.957125, 48.512253], [-88.956977, 48.512361], [-88.956896, 48.512503], [-88.956792, 48.512624], [-88.956664, 48.512722], [-88.956513, 48.512798], [-88.956338, 48.512851], [-88.956197, 48.51292], [-88.956089, 48.513005], [-88.956015, 48.513105], [-88.955975, 48.513221], [-88.955921, 48.513315], [-88.955854, 48.513386], [-88.955773, 48.513435], [-88.955679, 48.513462], [-88.955609, 48.513504], [-88.955562, 48.513562], [-88.955538, 48.513636], [-88.955538, 48.513725], [-88.955498, 48.513805], [-88.955417, 48.513877], [-88.955296, 48.513939], [-88.955134, 48.513993], [-88.955024, 48.514042], [-88.954963, 48.514086], [-88.954953, 48.514127], [-88.954993, 48.514162], [-88.95499, 48.514209], [-88.954943, 48.514267], [-88.954852, 48.514336], [-88.954718, 48.514416], [-88.954576, 48.514577], [-88.954428, 48.514818], [-88.954274, 48.515139], [-88.954112, 48.51554], [-88.953958, 48.515877], [-88.95381, 48.516149], [-88.953668, 48.516356], [-88.953534, 48.516499], [-88.953403, 48.516584], [-88.953275, 48.516611], [-88.953151, 48.516579], [-88.95303, 48.51649]]]}}, {"type": "Feature", "properties": {"lead": 72, "temp": "sp:brook_trout"}, "geometry": {"type": "Polygon", "coordinates": [[[-88.930589, 48.520435], [-88.930481, 48.520278], [-88.930381, 48.520071], [-88.930286, 48.519812], [-88.930162, 48.519598], [-88.930007, 48.519429], [-88.929822, 48.519304], [-88.929607, 48.519224], [-88.929405, 48.519164], [-88.929217, 48.519124], [-88.929042, 48.519103], [-88.928881, 48.519103], [-88.928696, 48.519146], [-88.928488, 48.519231], [-88.928256, 48.519358], [-88.928, 48.519527], [-88.927721, 48.519674], [-88.927418, 48.519799], [-88.927092, 48.519902], [-88.926742, 48.519982], [-88.92648, 48.520051], [-88.926305, 48.520109], [-88.926218, 48.520156], [-88.926218, 48.520192], [-88.926174, 48.520218], [-88.926087, 48.520236], [-88.925956, 48.520245], [-88.925781, 48.520245], [-88.925596, 48.520272], [-88.925401, 48.520325], [-88.925196, 48.520406], [-88.924981, 48.520513], [-88.924799, 48.520593], [-88.924651, 48.520646], [-88.924537, 48.520673], [-88.924456, 48.520673], [-88.924396, 48.520629], [-88.924355, 48.520539], [-88.924335, 48.520406], [-88.924335, 48.520227], [-88.924537, 48.520038], [-88.92494, 48.519837], [-88.925545, 48.519625], [-88.926352, 48.519402], [-88.927005, 48.51921], [-88.927502, 48.51905], [-88.927845, 48.518921], [-88.928034, 48.518823], [-88.928229, 48.518749], [-88.92843, 48.5187], [-88.928639, 48.518675], [-88.928854, 48.518675], [-88.929103, 48.518722], [-88.929385, 48.518816], [-88.929701, 48.518956], [-88.930051, 48.519144], [-88.93034, 48.519362], [-88.930569, 48.519612], [-88.930737, 48.519893], [-88.930845, 48.520205], [-88.930895, 48.520426], [-88.930888, 48.520555], [-88.930824, 48.520593], [-88.930703, 48.520539], [-88.930589, 48.520435]]]}}, {"type": "Feature", "properties": {"lead": 72, "temp": "sp:brook_trout"}, "geometry": {"type": "Polygon", "coordinates": [[[-88.952139, 48.521734], [-88.952334, 48.521681], [-88.952411, 48.521681], [-88.952371, 48.521734], [-88.952243, 48.521801], [-88.952028, 48.521882], [-88.951725, 48.521975], [-88.951335, 48.522082], [-88.95115, 48.522122], [-88.95117, 48.522096], [-88.951396, 48.522002], [-88.951826, 48.521841], [-88.952139, 48.521734]]]}}, {"type": "Feature", "properties": {"lead": 72, "temp": "sp:brook_trout"}, "geometry": {"type": "Polygon", "coordinates": [[[-88.93107, 48.523132], [-88.931063, 48.522967], [-88.931087, 48.522724], [-88.93114, 48.522403], [-88.931167, 48.522162], [-88.931167, 48.522002], [-88.93114, 48.521922], [-88.931087, 48.521922], [-88.931046, 48.521886], [-88.931019, 48.521815], [-88.931006, 48.521708], [-88.931006, 48.521565], [-88.931033, 48.521429], [-88.931087, 48.5213], [-88.931167, 48.521177], [-88.931275, 48.521061], [-88.931386, 48.52109], [-88.9315, 48.521264], [-88.931618, 48.521583], [-88.931739, 48.522047], [-88.931789, 48.522426], [-88.931769, 48.52272], [-88.931678, 48.522929], [-88.931517, 48.523054], [-88.931379, 48.523146], [-88.931265, 48.523204], [-88.931174, 48.523228], [-88.931107, 48.523219], [-88.93107, 48.523132]]]}}, {"type": "Feature", "properties": {"lead": 72, "temp": "sp:brook_trout"}, "geometry": {"type": "Polygon", "coordinates": [[[-88.950548, 48.522352], [-88.950575, 48.522339], [-88.950615, 48.522323], [-88.950669, 48.522305], [-88.950696, 48.522298], [-88.950696, 48.522303], [-88.950669, 48.522319], [-88.950615, 48.522345], [-88.950575, 48.522363], [-88.950548, 48.522372], [-88.950535, 48.522372], [-88.950535, 48.522363], [-88.950548, 48.522352]]]}}, {"type": "Feature", "properties": {"lead": 72, "temp": "sp:brook_trout"}, "geometry": {"type": "Polygon", "coordinates": [[[-88.942169, 48.523654], [-88.942115, 48.523534], [-88.942088, 48.523411], [-88.942088, 48.523286], [-88.942105, 48.523159], [-88.942139, 48.52303], [-88.942189, 48.522898], [-88.942257, 48.522764], [-88.942354, 48.522631], [-88.942482, 48.522497], [-88.94264, 48.522363], [-88.942828, 48.522229], [-88.94306, 48.52212], [-88.943336, 48.522035], [-88.943655, 48.521975], [-88.944018, 48.521939], [-88.944392, 48.521942], [-88.944775, 48.521982], [-88.945168, 48.52206], [-88.945572, 48.522176], [-88.945837, 48.522287], [-88.945965, 48.522394], [-88.945955, 48.522497], [-88.945807, 48.522595], [-88.945612, 48.522662], [-88.94537, 48.522698], [-88.945081, 48.522702], [-88.944745, 48.522675], [-88.944493, 48.522646], [-88.944324, 48.522615], [-88.94424, 48.522582], [-88.94424, 48.522546], [-88.944176, 48.522528], [-88.944049, 48.522528], [-88.943857, 48.522546], [-88.943601, 48.522582], [-88.943386, 48.522622], [-88.943211, 48.522666], [-88.943077, 48.522715], [-88.942983, 48.522769], [-88.942912, 48.522874], [-88.942865, 48.52303], [-88.942842, 48.523237], [-88.942842, 48.523496], [-88.942821, 48.523701], [-88.942781, 48.523852], [-88.942721, 48.52395], [-88.94264, 48.523995], [-88.942552, 48.524], [-88.942458, 48.523964], [-88.942357, 48.523888], [-88.94225, 48.523772], [-88.942169, 48.523654]]]}}, {"type": "Feature", "properties": {"lead": 72, "temp": "sp:brook_trout"}, "geometry": {"type": "Polygon", "coordinates": [[[-88.947236, 48.523322], [-88.947149, 48.523233], [-88.947085, 48.523126], [-88.947045, 48.523001], [-88.947088, 48.522934], [-88.947216, 48.522925], [-88.947428, 48.522974], [-88.947724, 48.523081], [-88.947915, 48.523179], [-88.948003, 48.523268], [-88.947986, 48.523349], [-88.947865, 48.52342], [-88.947741, 48.52346], [-88.947613, 48.523469], [-88.947482, 48.523447], [-88.947347, 48.523393], [-88.947236, 48.523322]]]}}, {"type": "Feature", "properties": {"lead": 72, "temp": "sp:salmon"}, "geometry": {"type": "Polygon", "coordinates": [[[-88.985779, 48.507936], [-88.985544, 48.507822], [-88.985329, 48.507738], [-88.985134, 48.507682], [-88.984959, 48.507655], [-88.984905, 48.507637], [-88.984972, 48.507628], [-88.985161, 48.507628], [-88.98547, 48.507637], [-88.985732, 48.507684], [-88.985947, 48.507769], [-88.986116, 48.507891], [-88.986237, 48.508052], [-88.986263, 48.508137], [-88.986196, 48.508146], [-88.986035, 48.508079], [-88.985779, 48.507936]]]}}, {"type": "Feature", "properties": {"lead": 72, "temp": "sp:salmon"}, "geometry": {"type": "Polygon", "coordinates": [[[-88.984922, 48.50842], [-88.984942, 48.508407], [-88.984972, 48.5084], [-88.985013, 48.5084], [-88.985033, 48.508407], [-88.985033, 48.50842], [-88.985013, 48.50844], [-88.984972, 48.508467], [-88.984942, 48.50848], [-88.984922, 48.50848], [-88.984912, 48.508467], [-88.984912, 48.50844], [-88.984922, 48.50842]]]}}, {"type": "Feature", "properties": {"lead": 72, "temp": "sp:salmon"}, "geometry": {"type": "Polygon", "coordinates": [[[-88.976815, 48.508962], [-88.976923, 48.508944], [-88.977098, 48.508935], [-88.97734, 48.508935], [-88.977467, 48.508944], [-88.977481, 48.508962], [-88.97738, 48.508989], [-88.977165, 48.509024], [-88.976997, 48.509042], [-88.976876, 48.509042], [-88.976802, 48.509024], [-88.976775, 48.508989], [-88.976815, 48.508962]]]}}, {"type": "Feature", "properties": {"lead": 72, "temp": "sp:salmon"}, "geometry": {"type": "Polygon", "coordinates": [[[-88.967703, 48.510039], [-88.96777, 48.509945], [-88.967938, 48.509809], [-88.968207, 48.509631], [-88.96853, 48.509477], [-88.968907, 48.509348], [-88.969337, 48.509243], [-88.969821, 48.509163], [-88.970353, 48.509096], [-88.970931, 48.509042], [-88.971556, 48.509002], [-88.972229, 48.508975], [-88.97274, 48.508926], [-88.97309, 48.508855], [-88.973278, 48.508761], [-88.973305, 48.508645], [-88.973379, 48.508536], [-88.9735, 48.508433], [-88.973668, 48.508338], [-88.973883, 48.508248], [-88.974149, 48.508195], [-88.974465, 48.508177], [-88.974831, 48.508195], [-88.975248, 48.508248], [-88.975611, 48.508326], [-88.975921, 48.508429], [-88.976176, 48.508556], [-88.976378, 48.508708], [-88.976529, 48.50883], [-88.97663, 48.508924], [-88.976681, 48.508989], [-88.976681, 48.509024], [-88.976627, 48.509058], [-88.976519, 48.509089], [-88.976358, 48.509118], [-88.976143, 48.509145], [-88.975971, 48.509145], [-88.975843, 48.509118], [-88.975759, 48.509065], [-88.975719, 48.508984], [-88.975591, 48.508915], [-88.975376, 48.508857], [-88.975073, 48.50881], [-88.974683, 48.508775], [-88.974381, 48.508763], [-88.974166, 48.508777], [-88.974038, 48.508815], [-88.973997, 48.508877], [-88.974021, 48.508944], [-88.974108, 48.509015], [-88.97426, 48.509091], [-88.974475, 48.509172], [-88.974623, 48.509247], [-88.974704, 48.509319], [-88.974717, 48.509386], [-88.974663, 48.509448], [-88.974451, 48.509495], [-88.974082, 48.509526], [-88.973554, 48.509542], [-88.972868, 48.509542], [-88.972353, 48.509551], [-88.97201, 48.509569], [-88.971839, 48.509595], [-88.971839, 48.509631], [-88.971785, 48.509655], [-88.971677, 48.509669], [-88.971516, 48.509671], [-88.971301, 48.509662], [-88.971099, 48.509673], [-88.970911, 48.509705], [-88.970736, 48.509756], [-88.970575, 48.509827], [-88.970346, 48.509876], [-88.97005, 48.509903], [-88.969687, 48.509907], [-88.969257, 48.50989], [-88.9689, 48.509892], [-88.968618, 48.509914], [-88.968409, 48.509957], [-88.968275, 48.510019], [-88.96814, 48.510064], [-88.968006, 48.51009], [-88.967871, 48.510099], [-88.967737, 48.51009], [-88.967703, 48.510039]]]}}, {"type": "Feature", "properties": {"lead": 72, "temp": "sp:salmon"}, "geometry": {"type": "Polygon", "coordinates": [[[-88.974878, 48.509205], [-88.974905, 48.509192], [-88.974952, 48.509185], [-88.97502, 48.509185], [-88.975057, 48.509192], [-88.975063, 48.509205], [-88.97504, 48.509225], [-88.974986, 48.509252], [-88.974942, 48.509265], [-88.974909, 48.509265], [-88.974885, 48.509252], [-88.974872, 48.509225], [-88.974878, 48.509205]]]}}, {"type": "Feature", "properties": {"lead": 72, "temp": "sp:salmon"}, "geometry": {"type": "Polygon", "coordinates": [[[-88.966899, 48.51024], [-88.96692, 48.510226], [-88.96695, 48.51022], [-88.96699, 48.51022], [-88.96701, 48.510226], [-88.96701, 48.51024], [-88.96699, 48.51026], [-88.96695, 48.510287], [-88.96692, 48.5103], [-88.966899, 48.5103], [-88.966889, 48.510287], [-88.966889, 48.51026], [-88.966899, 48.51024]]]}}, {"type": "Feature", "properties": {"lead": 72, "temp": "sp:salmon"}, "geometry": {"type": "Polygon", "coordinates": [[[-88.966657, 48.510333], [-88.966704, 48.510347], [-88.966728, 48.510367], [-88.966728, 48.510394], [-88.966704, 48.510407], [-88.966657, 48.510407], [-88.966587, 48.510394], [-88.966493, 48.510367], [-88.966446, 48.510347], [-88.966446, 48.510333], [-88.966493, 48.510327], [-88.966587, 48.510327], [-88.966657, 48.510333]]]}}, {"type": "Feature", "properties": {"lead": 72, "temp": "sp:salmon"}, "geometry": {"type": "Polygon", "coordinates": [[[-88.965887, 48.510461], [-88.965928, 48.510443], [-88.965988, 48.510434], [-88.966069, 48.510434], [-88.966109, 48.510443], [-88.966109, 48.510461], [-88.966069, 48.510487], [-88.965988, 48.510523], [-88.965928, 48.510541], [-88.965887, 48.510541], [-88.965867, 48.510523], [-88.965867, 48.510487], [-88.965887, 48.510461]]]}}, {"type": "Feature", "properties": {"lead": 72, "temp": "sp:salmon"}, "geometry": {"type": "Polygon", "coordinates": [[[-88.965339, 48.510597], [-88.96536, 48.510583], [-88.96539, 48.510577], [-88.96543, 48.510577], [-88.96545, 48.510583], [-88.96545, 48.510597], [-88.96543, 48.510617], [-88.96539, 48.510643], [-88.96536, 48.510657], [-88.965339, 48.510657], [-88.965329, 48.510643], [-88.965329, 48.510617], [-88.965339, 48.510597]]]}}, {"type": "Feature", "properties": {"lead": 72, "temp": "sp:salmon"}, "geometry": {"type": "Polygon", "coordinates": [[[-88.965027, 48.510704], [-88.965067, 48.51069], [-88.965128, 48.510684], [-88.965208, 48.510684], [-88.965249, 48.51069], [-88.965249, 48.510704], [-88.965208, 48.510724], [-88.965128, 48.51075], [-88.965067, 48.510764], [-88.965027, 48.510764], [-88.965006, 48.51075], [-88.965006, 48.510724], [-88.965027, 48.510704]]]}}, {"type": "Feature", "properties": {"lead": 72, "temp": "sp:salmon"}, "geometry": {"type": "Polygon", "coordinates": [[[-88.964492, 48.510811], [-88.964539, 48.510797], [-88.96461, 48.510791], [-88.964704, 48.510791], [-88.964751, 48.510797], [-88.964751, 48.510811], [-88.964704, 48.510831], [-88.96461, 48.510857], [-88.964539, 48.510871], [-88.964492, 48.510871], [-88.964468, 48.510857], [-88.964468, 48.510831], [-88.964492, 48.510811]]]}}, {"type": "Feature", "properties": {"lead": 72, "temp": "sp:salmon"}, "geometry": {"type": "Polygon", "coordinates": [[[-88.963783, 48.510918], [-88.963809, 48.510904], [-88.96385, 48.510898], [-88.963904, 48.510898], [-88.96393, 48.510904], [-88.96393, 48.510918], [-88.963904, 48.510938], [-88.96385, 48.510965], [-88.963809, 48.510978], [-88.963783, 48.510978], [-88.963769, 48.510965], [-88.963769, 48.510938], [-88.963783, 48.510918]]]}}, {"type": "Feature", "properties": {"lead": 72, "temp": "sp:salmon"}, "geometry": {"type": "Polygon", "coordinates": [[[-88.963295, 48.511031], [-88.963315, 48.511014], [-88.963345, 48.511005], [-88.963386, 48.511005], [-88.963406, 48.511014], [-88.963406, 48.511031], [-88.963386, 48.511058], [-88.963345, 48.511094], [-88.963315, 48.511112], [-88.963295, 48.511112], [-88.963285, 48.511094], [-88.963285, 48.511058], [-88.963295, 48.511031]]]}}, {"type": "Feature", "properties": {"lead": 72, "temp": "sp:salmon"}, "geometry": {"type": "Polygon", "coordinates": [[[-88.962922, 48.511121], [-88.962949, 48.511138], [-88.962962, 48.511165], [-88.962962, 48.511201], [-88.962949, 48.511219], [-88.962922, 48.511219], [-88.962881, 48.511201], [-88.962828, 48.511165], [-88.962801, 48.511138], [-88.962801, 48.511121], [-88.962828, 48.511112], [-88.962881, 48.511112], [-88.962922, 48.511121]]]}}, {"type": "Feature", "properties": {"lead": 72, "temp": "sp:salmon"}, "geometry": {"type": "Polygon", "coordinates": [[[-88.996193, 48.512474], [-88.996132, 48.512416], [-88.996209, 48.512347], [-88.996425, 48.512267], [-88.996636, 48.512204], [-88.996845, 48.51216], [-88.99705, 48.512133], [-88.997252, 48.512124], [-88.997467, 48.512077], [-88.997696, 48.511993], [-88.997938, 48.51187], [-88.998193, 48.511709], [-88.998452, 48.511578], [-88.998714, 48.511475], [-88.99898, 48.511402], [-88.999249, 48.511357], [-88.999451, 48.511357], [-88.999585, 48.511402], [-88.999653, 48.511491], [-88.999653, 48.511625], [-88.999609, 48.511725], [-88.999521, 48.511792], [-88.99939, 48.511825], [-88.999215, 48.511825], [-88.999054, 48.511861], [-88.998906, 48.511932], [-88.998772, 48.512039], [-88.998651, 48.512182], [-88.998506, 48.512289], [-88.998338, 48.512361], [-88.998146, 48.512396], [-88.997931, 48.512396], [-88.997746, 48.51241], [-88.997591, 48.512436], [-88.997467, 48.512476], [-88.997373, 48.51253], [-88.997218, 48.512561], [-88.997003, 48.51257], [-88.996727, 48.512557], [-88.996391, 48.512521], [-88.996193, 48.512474]]]}}, {"type": "Feature", "properties": {"lead": 72, "temp": "sp:salmon"}, "geometry": {"type": "Polygon", "coordinates": [[[-88.960703, 48.511402], [-88.960723, 48.511382], [-88.960763, 48.511368], [-88.960824, 48.511361], [-88.960904, 48.511361], [-88.960945, 48.511368], [-88.960945, 48.511382], [-88.960904, 48.511402], [-88.960824, 48.511428], [-88.960763, 48.511442], [-88.960723, 48.511442], [-88.960703, 48.511428], [-88.960703, 48.511402]]]}}, {"type": "Feature", "properties": {"lead": 72, "temp": "sp:salmon"}, "geometry": {"type": "Polygon", "coordinates": [[[-88.962111, 48.511489], [-88.962132, 48.511475], [-88.962162, 48.511469], [-88.962202, 48.511469], [-88.962222, 48.511475], [-88.962222, 48.511489], [-88.962202, 48.511509], [-88.962162, 48.511535], [-88.962132, 48.511549], [-88.962111, 48.511549], [-88.962101, 48.511535], [-88.962101, 48.511509], [-88.962111, 48.511489]]]}}, {"type": "Feature", "properties": {"lead": 72, "temp": "sp:salmon"}, "geometry": {"type": "Polygon", "coordinates": [[[-88.961261, 48.511489], [-88.961301, 48.511475], [-88.961362, 48.511469], [-88.961442, 48.511469], [-88.961483, 48.511475], [-88.961483, 48.511489], [-88.961442, 48.511509], [-88.961362, 48.511535], [-88.961301, 48.511549], [-88.961261, 48.511549], [-88.961241, 48.511535], [-88.961241, 48.511509], [-88.961261, 48.511489]]]}}, {"type": "Feature", "properties": {"lead": 72, "temp": "sp:salmon"}, "geometry": {"type": "Polygon", "coordinates": [[[-88.960074, 48.511582], [-88.960027, 48.51156], [-88.960003, 48.511535], [-88.960003, 48.511509], [-88.960027, 48.511489], [-88.960074, 48.511475], [-88.960144, 48.511469], [-88.960239, 48.511469], [-88.960309, 48.51148], [-88.960356, 48.511502], [-88.96038, 48.511535], [-88.96038, 48.51158], [-88.960356, 48.511609], [-88.960309, 48.511622], [-88.960239, 48.51162], [-88.960144, 48.511602], [-88.960074, 48.511582]]]}}, {"type": "Feature", "properties": {"lead": 72, "temp": "sp:salmon"}, "geometry": {"type": "Polygon", "coordinates": [[[-88.95958, 48.511689], [-88.959539, 48.511667], [-88.959519, 48.511642], [-88.959519, 48.511616], [-88.959539, 48.511596], [-88.95958, 48.511582], [-88.95964, 48.511576], [-88.959721, 48.511576], [-88.959781, 48.511587], [-88.959822, 48.511609], [-88.959842, 48.511642], [-88.959842, 48.511687], [-88.959822, 48.511716], [-88.959781, 48.511729], [-88.959721, 48.511727], [-88.95964, 48.511709], [-88.95958, 48.511689]]]}}, {"type": "Feature", "properties": {"lead": 72, "temp": "sp:salmon"}, "geometry": {"type": "Polygon", "coordinates": [[[-88.961627, 48.511622], [-88.961674, 48.511591], [-88.961765, 48.511576], [-88.9619, 48.511576], [-88.962, 48.511587], [-88.962068, 48.511609], [-88.962101, 48.511642], [-88.962101, 48.511687], [-88.962078, 48.511716], [-88.962031, 48.511729], [-88.96196, 48.511727], [-88.961866, 48.511709], [-88.961795, 48.511705], [-88.961748, 48.511714], [-88.961725, 48.511736], [-88.961725, 48.511772], [-88.961715, 48.511783], [-88.961695, 48.51177], [-88.961664, 48.511732], [-88.961624, 48.511669], [-88.961627, 48.511622]]]}}, {"type": "Feature", "properties": {"lead": 72, "temp": "sp:salmon"}, "geometry": {"type": "Polygon", "coordinates": [[[-88.959156, 48.511709], [-88.959183, 48.511692], [-88.959223, 48.511683], [-88.959277, 48.511683], [-88.959304, 48.511692], [-88.959304, 48.511709], [-88.959277, 48.511736], [-88.959223, 48.511772], [-88.959183, 48.51179], [-88.959156, 48.51179], [-88.959142, 48.511772], [-88.959142, 48.511736], [-88.959156, 48.511709]]]}}, {"type": "Feature", "properties": {"lead": 72, "temp": "sp:salmon"}, "geometry": {"type": "Polygon", "coordinates": [[[-88.954973, 48.514053], [-88.954973, 48.514013], [-88.955013, 48.513953], [-88.955094, 48.513872], [-88.955145, 48.513783], [-88.955165, 48.513685], [-88.955155, 48.513578], [-88.955114, 48.513462], [-88.955148, 48.513346], [-88.955256, 48.51323], [-88.955437, 48.513114], [-88.955693, 48.512998], [-88.955874, 48.512891], [-88.955982, 48.512793], [-88.956015, 48.512704], [-88.955975, 48.512624], [-88.955968, 48.512548], [-88.955995, 48.512476], [-88.956056, 48.51241], [-88.95615, 48.512347], [-88.956325, 48.512265], [-88.95658, 48.512162], [-88.956917, 48.512039], [-88.957333, 48.511897], [-88.95771, 48.511799], [-88.958046, 48.511745], [-88.958342, 48.511736], [-88.958598, 48.511772], [-88.958759, 48.511819], [-88.958826, 48.511877], [-88.958799, 48.511946], [-88.958678, 48.512026], [-88.9585, 48.512086], [-88.958265, 48.512126], [-88.957972, 48.512146], [-88.957623, 48.512146], [-88.95734, 48.512182], [-88.957125, 48.512253], [-88.956977, 48.512361], [-88.956896, 48.512503], [-88.956792, 48.512624], [-88.956664, 48.512722], [-88.956513, 48.512798], [-88.956338, 48.512851], [-88.956153, 48.512963], [-88.955958, 48.513132], [-88.955753, 48.51336], [-88.955538, 48.513645], [-88.955356, 48.513859], [-88.955208, 48.514002], [-88.955094, 48.514073], [-88.955013, 48.514073], [-88.954973, 48.514053]]]}}, {"type": "Feature", "properties": {"lead": 72, "temp": "sp:salmon"}, "geometry": {"type": "Polygon", "coordinates": [[[-88.952912, 48.516254], [-88.952878, 48.516031], [-88.952895, 48.515754], [-88.952962, 48.515424], [-88.95303, 48.515157], [-88.953097, 48.514952], [-88.953164, 48.514809], [-88.953231, 48.514729], [-88.953389, 48.514637], [-88.953638, 48.514535], [-88.953978, 48.514421], [-88.954408, 48.514296], [-88.954697, 48.514229], [-88.954845, 48.51422], [-88.954852, 48.514269], [-88.954718, 48.514376], [-88.954576, 48.514557], [-88.954428, 48.514811], [-88.954274, 48.515139], [-88.954112, 48.51554], [-88.953958, 48.515877], [-88.95381, 48.516149], [-88.953668, 48.516356], [-88.953534, 48.516499], [-88.953399, 48.516577], [-88.953265, 48.516591], [-88.95313, 48.516539], [-88.952996, 48.516423], [-88.952912, 48.516254]]]}}, {"type": "Feature", "properties": {"lead": 72, "temp": "sp:salmon"}, "geometry": {"type": "Polygon", "coordinates": [[[-88.930589, 48.520435], [-88.930481, 48.520278], [-88.930381, 48.520071], [-88.930286, 48.519812], [-88.930162, 48.519598], [-88.930007, 48.519429], [-88.929822, 48.519304], [-88.929607, 48.519224], [-88.929405, 48.519164], [-88.929217, 48.519124], [-88.929042, 48.519103], [-88.928881, 48.519103], [-88.928642, 48.519166], [-88.928326, 48.519291], [-88.927933, 48.519478], [-88.927462, 48.519728], [-88.927032, 48.519924], [-88.926642, 48.520067], [-88.926292, 48.520156], [-88.925983, 48.520192], [-88.925697, 48.520245], [-88.925434, 48.520316], [-88.925196, 48.520406], [-88.924981, 48.520513], [-88.924799, 48.520593], [-88.924651, 48.520646], [-88.924537, 48.520673], [-88.924456, 48.520673], [-88.924396, 48.52066], [-88.924355, 48.520633], [-88.924335, 48.520593], [-88.924335, 48.520539], [-88.924389, 48.520477], [-88.924496, 48.520406], [-88.924658, 48.520325], [-88.924873, 48.520236], [-88.925152, 48.520149], [-88.925495, 48.520064], [-88.925902, 48.519982], [-88.926373, 48.519902], [-88.926736, 48.519826], [-88.926991, 48.519754], [-88.927139, 48.519688], [-88.92718, 48.519625], [-88.927287, 48.519552], [-88.927462, 48.519467], [-88.927704, 48.519371], [-88.928013, 48.519264], [-88.928245, 48.519168], [-88.9284, 48.519083], [-88.928477, 48.51901], [-88.928477, 48.518947], [-88.928528, 48.518901], [-88.928629, 48.518869], [-88.92878, 48.518854], [-88.928982, 48.518854], [-88.929177, 48.518883], [-88.929365, 48.518941], [-88.929547, 48.519028], [-88.929722, 48.519144], [-88.929876, 48.519231], [-88.930011, 48.519289], [-88.930125, 48.519317], [-88.930219, 48.519317], [-88.93033, 48.519402], [-88.930458, 48.519572], [-88.930602, 48.519826], [-88.930764, 48.520165], [-88.930855, 48.520406], [-88.930875, 48.520548], [-88.930824, 48.520593], [-88.930703, 48.520539], [-88.930589, 48.520435]]]}}, {"type": "Feature", "properties": {"lead": 72, "temp": "sp:salmon"}, "geometry": {"type": "Polygon", "coordinates": [[[-88.952139, 48.521734], [-88.952334, 48.521681], [-88.952411, 48.521681], [-88.952371, 48.521734], [-88.952243, 48.521801], [-88.952028, 48.521882], [-88.951725, 48.521975], [-88.951335, 48.522082], [-88.95115, 48.522122], [-88.95117, 48.522096], [-88.951396, 48.522002], [-88.951826, 48.521841], [-88.952139, 48.521734]]]}}, {"type": "Feature", "properties": {"lead": 72, "temp": "sp:salmon"}, "geometry": {"type": "Polygon", "coordinates": [[[-88.93107, 48.523132], [-88.931063, 48.522967], [-88.931087, 48.522724], [-88.93114, 48.522403], [-88.931167, 48.522162], [-88.931167, 48.522002], [-88.93114, 48.521922], [-88.931087, 48.521922], [-88.931046, 48.521886], [-88.931019, 48.521815], [-88.931006, 48.521708], [-88.931006, 48.521565], [-88.931033, 48.521429], [-88.931087, 48.5213], [-88.931167, 48.521177], [-88.931275, 48.521061], [-88.931386, 48.521083], [-88.9315, 48.521244], [-88.931618, 48.521543], [-88.931739, 48.52198], [-88.931789, 48.522345], [-88.931769, 48.52264], [-88.931678, 48.522863], [-88.931517, 48.523014], [-88.931379, 48.523126], [-88.931265, 48.523197], [-88.931174, 48.523228], [-88.931107, 48.523219], [-88.93107, 48.523132]], [[-88.931413, 48.521507], [-88.931393, 48.521534], [-88.931383, 48.521574], [-88.931383, 48.521627], [-88.931393, 48.521654], [-88.931413, 48.521654], [-88.931443, 48.521627], [-88.931483, 48.521574], [-88.931504, 48.521534], [-88.931504, 48.521507], [-88.931483, 48.521494], [-88.931443, 48.521494], [-88.931413, 48.521507]]]}}, {"type": "Feature", "properties": {"lead": 72, "temp": "sp:salmon"}, "geometry": {"type": "Polygon", "coordinates": [[[-88.950548, 48.522352], [-88.950575, 48.522339], [-88.950615, 48.522323], [-88.950669, 48.522305], [-88.950696, 48.522298], [-88.950696, 48.522303], [-88.950669, 48.522319], [-88.950615, 48.522345], [-88.950575, 48.522363], [-88.950548, 48.522372], [-88.950535, 48.522372], [-88.950535, 48.522363], [-88.950548, 48.522352]]]}}, {"type": "Feature", "properties": {"lead": 72, "temp": "sp:salmon"}, "geometry": {"type": "Polygon", "coordinates": [[[-88.942169, 48.523654], [-88.942115, 48.523534], [-88.942088, 48.523411], [-88.942088, 48.523286], [-88.942105, 48.523159], [-88.942139, 48.52303], [-88.942189, 48.522898], [-88.942257, 48.522764], [-88.942351, 48.522633], [-88.942472, 48.522504], [-88.94262, 48.522376], [-88.942795, 48.522252], [-88.942946, 48.522158], [-88.943074, 48.522096], [-88.943178, 48.522064], [-88.943259, 48.522064], [-88.943326, 48.522091], [-88.94338, 48.522145], [-88.94342, 48.522225], [-88.943447, 48.522332], [-88.943588, 48.522405], [-88.943844, 48.522446], [-88.944213, 48.522452], [-88.944698, 48.522426], [-88.945071, 48.522392], [-88.945333, 48.522352], [-88.945484, 48.522305], [-88.945525, 48.522252], [-88.945592, 48.522223], [-88.945686, 48.522218], [-88.945807, 48.522238], [-88.945955, 48.522283], [-88.946029, 48.522341], [-88.946029, 48.522412], [-88.945955, 48.522497], [-88.945807, 48.522595], [-88.945612, 48.522662], [-88.94537, 48.522698], [-88.945081, 48.522702], [-88.944745, 48.522675], [-88.944493, 48.522646], [-88.944324, 48.522615], [-88.94424, 48.522582], [-88.94424, 48.522546], [-88.944176, 48.522528], [-88.944049, 48.522528], [-88.943857, 48.522546], [-88.943601, 48.522582], [-88.943386, 48.522622], [-88.943211, 48.522666], [-88.943077, 48.522715], [-88.942983, 48.522769], [-88.942912, 48.522874], [-88.942865, 48.52303], [-88.942842, 48.523237], [-88.942842, 48.523496], [-88.942821, 48.523701], [-88.942781, 48.523852], [-88.942721, 48.52395], [-88.94264, 48.523995], [-88.942552, 48.524], [-88.942458, 48.523964], [-88.942357, 48.523888], [-88.94225, 48.523772], [-88.942169, 48.523654]]]}}, {"type": "Feature", "properties": {"lead": 72, "temp": "sp:salmon"}, "geometry": {"type": "Polygon", "coordinates": [[[-88.947236, 48.523322], [-88.947149, 48.523233], [-88.947085, 48.523126], [-88.947045, 48.523001], [-88.947088, 48.522934], [-88.947216, 48.522925], [-88.947428, 48.522974], [-88.947724, 48.523081], [-88.947915, 48.523179], [-88.948003, 48.523268], [-88.947986, 48.523349], [-88.947865, 48.52342], [-88.947741, 48.52346], [-88.947613, 48.523469], [-88.947482, 48.523447], [-88.947347, 48.523393], [-88.947236, 48.523322]]]}}, {"type": "Feature", "properties": {"lead": 72, "temp": "sp:steelhead"}, "geometry": {"type": "Polygon", "coordinates": [[[-88.985884, 48.508447], [-88.98581, 48.50838], [-88.985773, 48.50832], [-88.985773, 48.508266], [-88.985675, 48.508226], [-88.98548, 48.508199], [-88.985188, 48.508186], [-88.984797, 48.508186], [-88.984485, 48.508201], [-88.984249, 48.508233], [-88.984091, 48.50828], [-88.984011, 48.508342], [-88.983863, 48.508393], [-88.983648, 48.508433], [-88.983365, 48.508462], [-88.983015, 48.50848], [-88.982743, 48.508471], [-88.982548, 48.508436], [-88.98243, 48.508373], [-88.98239, 48.508284], [-88.98243, 48.508195], [-88.982551, 48.508106], [-88.982753, 48.508016], [-88.983036, 48.507927], [-88.983385, 48.507847], [-88.983802, 48.507776], [-88.984286, 48.507713], [-88.984838, 48.50766], [-88.985292, 48.507642], [-88.985648, 48.50766], [-88.985907, 48.507713], [-88.986068, 48.507802], [-88.986193, 48.507918], [-88.98628, 48.508061], [-88.986331, 48.50823], [-88.986344, 48.508427], [-88.986317, 48.508554], [-88.98625, 48.508612], [-88.986142, 48.508601], [-88.985994, 48.50852], [-88.985884, 48.508447]], [[-88.982683, 48.508193], [-88.982662, 48.508206], [-88.982652, 48.508226], [-88.982652, 48.508253], [-88.982662, 48.508266], [-88.982683, 48.508266], [-88.982713, 48.508253], [-88.982753, 48.508226], [-88.982773, 48.508206], [-88.982773, 48.508193], [-88.982753, 48.508186], [-88.982713, 48.508186], [-88.982683, 48.508193]]]}}, {"type": "Feature", "properties": {"lead": 72, "temp": "sp:steelhead"}, "geometry": {"type": "Polygon", "coordinates": [[[-88.984942, 48.508407], [-88.984972, 48.5084], [-88.985013, 48.5084], [-88.985033, 48.508407], [-88.985033, 48.50842], [-88.985013, 48.50844], [-88.984972, 48.508467], [-88.984942, 48.50848], [-88.984922, 48.50848], [-88.984912, 48.508467], [-88.984912, 48.50844], [-88.984922, 48.50842], [-88.984942, 48.508407]]]}}, {"type": "Feature", "properties": {"lead": 72, "temp": "sp:steelhead"}, "geometry": {"type": "Polygon", "coordinates": [[[-88.97432, 48.508621], [-88.974381, 48.508614], [-88.974461, 48.508614], [-88.974502, 48.508621], [-88.974502, 48.508634], [-88.974461, 48.508654], [-88.974381, 48.508681], [-88.97432, 48.508694], [-88.97428, 48.508694], [-88.97426, 48.508681], [-88.97426, 48.508654], [-88.97428, 48.508634], [-88.97432, 48.508621]]]}}, {"type": "Feature", "properties": {"lead": 72, "temp": "sp:steelhead"}, "geometry": {"type": "Polygon", "coordinates": [[[-88.974989, 48.508755], [-88.97505, 48.508732], [-88.975141, 48.508721], [-88.975262, 48.508721], [-88.975322, 48.508732], [-88.975322, 48.508755], [-88.975262, 48.508788], [-88.975141, 48.508833], [-88.97505, 48.508855], [-88.974989, 48.508855], [-88.974959, 48.508833], [-88.974959, 48.508788], [-88.974989, 48.508755]]]}}, {"type": "Feature", "properties": {"lead": 72, "temp": "sp:steelhead"}, "geometry": {"type": "Polygon", "coordinates": [[[-88.973967, 48.508737], [-88.973997, 48.508721], [-88.974038, 48.508721], [-88.974058, 48.508737], [-88.974058, 48.508768], [-88.974038, 48.508815], [-88.973997, 48.508877], [-88.973967, 48.508908], [-88.973947, 48.508908], [-88.973937, 48.508877], [-88.973937, 48.508815], [-88.973947, 48.508768], [-88.973967, 48.508737]]]}}, {"type": "Feature", "properties": {"lead": 72, "temp": "sp:steelhead"}, "geometry": {"type": "Polygon", "coordinates": [[[-88.978069, 48.509468], [-88.977864, 48.509475], [-88.977649, 48.509502], [-88.977488, 48.509506], [-88.97738, 48.509488], [-88.977326, 48.509448], [-88.977326, 48.509386], [-88.977286, 48.509348], [-88.977205, 48.509334], [-88.977084, 48.509346], [-88.976923, 48.509381], [-88.976802, 48.509399], [-88.976721, 48.509399], [-88.976681, 48.509381], [-88.976681, 48.509346], [-88.976627, 48.509319], [-88.976519, 48.509301], [-88.976358, 48.509292], [-88.976143, 48.509292], [-88.975964, 48.509274], [-88.975823, 48.509238], [-88.975719, 48.509185], [-88.975652, 48.509114], [-88.975608, 48.509051], [-88.975588, 48.508998], [-88.975591, 48.508953], [-88.975618, 48.508917], [-88.975803, 48.508893], [-88.976146, 48.508879], [-88.976647, 48.508877], [-88.977306, 48.508886], [-88.977858, 48.508917], [-88.978301, 48.508971], [-88.978638, 48.509047], [-88.978866, 48.509145], [-88.979018, 48.509241], [-88.979092, 48.509334], [-88.979088, 48.509426], [-88.979007, 48.509515], [-88.978903, 48.509569], [-88.978775, 48.509586], [-88.978624, 48.509569], [-88.978449, 48.509515], [-88.978264, 48.509482], [-88.978069, 48.509468]], [[-88.97583, 48.509047], [-88.97582, 48.509056], [-88.97582, 48.509065], [-88.97583, 48.509067], [-88.97585, 48.509062], [-88.97588, 48.509051], [-88.975921, 48.509033], [-88.975941, 48.509022], [-88.975941, 48.509018], [-88.975921, 48.50902], [-88.97588, 48.509029], [-88.97585, 48.509038], [-88.97583, 48.509047]]]}}, {"type": "Feature", "properties": {"lead": 72, "temp": "sp:steelhead"}, "geometry": {"type": "Polygon", "coordinates": [[[-88.974482, 48.509432], [-88.974522, 48.509375], [-88.974522, 48.509301], [-88.974482, 48.509212], [-88.974522, 48.509151], [-88.974643, 48.50912], [-88.974845, 48.509118], [-88.975127, 48.509145], [-88.975322, 48.50918], [-88.97543, 48.509225], [-88.97545, 48.509279], [-88.975383, 48.509341], [-88.975258, 48.509395], [-88.975077, 48.509439], [-88.974838, 48.509475], [-88.974542, 48.509502], [-88.974351, 48.509515], [-88.974263, 48.509515], [-88.97428, 48.509502], [-88.974401, 48.509475], [-88.974482, 48.509432]]]}}, {"type": "Feature", "properties": {"lead": 72, "temp": "sp:steelhead"}, "geometry": {"type": "Polygon", "coordinates": [[[-88.973328, 48.509441], [-88.973419, 48.509435], [-88.97354, 48.509435], [-88.973601, 48.509441], [-88.973601, 48.509455], [-88.97354, 48.509475], [-88.973419, 48.509502], [-88.973328, 48.509515], [-88.973268, 48.509515], [-88.973238, 48.509502], [-88.973238, 48.509475], [-88.973268, 48.509455], [-88.973328, 48.509441]]]}}, {"type": "Feature", "properties": {"lead": 72, "temp": "sp:steelhead"}, "geometry": {"type": "Polygon", "coordinates": [[[-88.972945, 48.509441], [-88.972975, 48.509435], [-88.973016, 48.509435], [-88.973036, 48.509441], [-88.973036, 48.509455], [-88.973016, 48.509475], [-88.972975, 48.509502], [-88.972945, 48.509515], [-88.972925, 48.509515], [-88.972915, 48.509502], [-88.972915, 48.509475], [-88.972925, 48.509455], [-88.972945, 48.509441]]]}}, {"type": "Feature", "properties": {"lead": 72, "temp": "sp:steelhead"}, "geometry": {"type": "Polygon", "coordinates": [[[-88.972407, 48.509441], [-88.972437, 48.509435], [-88.972478, 48.509435], [-88.972498, 48.509441], [-88.972498, 48.509455], [-88.972478, 48.509475], [-88.972437, 48.509502], [-88.972407, 48.509515], [-88.972387, 48.509515], [-88.972377, 48.509502], [-88.972377, 48.509475], [-88.972387, 48.509455], [-88.972407, 48.509441]]]}}, {"type": "Feature", "properties": {"lead": 72, "temp": "sp:steelhead"}, "geometry": {"type": "Polygon", "coordinates": [[[-88.973106, 48.509548], [-88.973137, 48.509542], [-88.973177, 48.509542], [-88.973197, 48.509548], [-88.973197, 48.509562], [-88.973177, 48.509582], [-88.973137, 48.509609], [-88.973106, 48.509622], [-88.973086, 48.509622], [-88.973076, 48.509609], [-88.973076, 48.509582], [-88.973086, 48.509562], [-88.973106, 48.509548]]]}}, {"type": "Feature", "properties": {"lead": 72, "temp": "sp:steelhead"}, "geometry": {"type": "Polygon", "coordinates": [[[-88.971415, 48.509548], [-88.971637, 48.509542], [-88.971933, 48.509542], [-88.972081, 48.509548], [-88.972081, 48.509562], [-88.971933, 48.509582], [-88.971637, 48.509609], [-88.971415, 48.509622], [-88.971267, 48.509622], [-88.971193, 48.509609], [-88.971193, 48.509582], [-88.971267, 48.509562], [-88.971415, 48.509548]]]}}, {"type": "Feature", "properties": {"lead": 72, "temp": "sp:steelhead"}, "geometry": {"type": "Polygon", "coordinates": [[[-88.969004, 48.509763], [-88.969075, 48.509756], [-88.969169, 48.509756], [-88.969216, 48.509763], [-88.969216, 48.509776], [-88.969169, 48.509796], [-88.969075, 48.509823], [-88.969004, 48.509836], [-88.968957, 48.509836], [-88.968934, 48.509823], [-88.968934, 48.509796], [-88.968957, 48.509776], [-88.969004, 48.509763]]]}}, {"type": "Feature", "properties": {"lead": 72, "temp": "sp:steelhead"}, "geometry": {"type": "Polygon", "coordinates": [[[-88.97046, 48.509883], [-88.970312, 48.509852], [-88.970111, 48.509823], [-88.969855, 48.509796], [-88.969737, 48.509776], [-88.969758, 48.509763], [-88.969916, 48.509756], [-88.970211, 48.509756], [-88.970433, 48.509771], [-88.970581, 48.509803], [-88.970655, 48.50985], [-88.970655, 48.509912], [-88.970645, 48.50995], [-88.970625, 48.509963], [-88.970595, 48.509952], [-88.970554, 48.509916], [-88.97046, 48.509883]]]}}, {"type": "Feature", "properties": {"lead": 72, "temp": "sp:steelhead"}, "geometry": {"type": "Polygon", "coordinates": [[[-88.968268, 48.509981], [-88.968234, 48.509952], [-88.968234, 48.509916], [-88.968268, 48.50989], [-88.968335, 48.509872], [-88.968436, 48.509863], [-88.968571, 48.509863], [-88.968671, 48.509874], [-88.968739, 48.509896], [-88.968772, 48.50993], [-88.968772, 48.509974], [-88.968739, 48.510006], [-88.968671, 48.510023], [-88.968571, 48.510028], [-88.968436, 48.510019], [-88.968335, 48.510003], [-88.968268, 48.509981]]]}}, {"type": "Feature", "properties": {"lead": 72, "temp": "sp:steelhead"}, "geometry": {"type": "Polygon", "coordinates": [[[-88.967972, 48.510012], [-88.968033, 48.510006], [-88.968113, 48.510006], [-88.968154, 48.510012], [-88.968154, 48.510026], [-88.968113, 48.510046], [-88.968033, 48.510073], [-88.967972, 48.510086], [-88.967932, 48.510086], [-88.967912, 48.510073], [-88.967912, 48.510046], [-88.967932, 48.510026], [-88.967972, 48.510012]]]}}, {"type": "Feature", "properties": {"lead": 72, "temp": "sp:steelhead"}, "geometry": {"type": "Polygon", "coordinates": [[[-88.966741, 48.510333], [-88.966849, 48.510293], [-88.967071, 48.510246], [-88.967407, 48.510193], [-88.967656, 48.510162], [-88.967817, 48.510153], [-88.967891, 48.510166], [-88.967878, 48.510202], [-88.967817, 48.51024], [-88.96771, 48.51028], [-88.967555, 48.510322], [-88.967353, 48.510367], [-88.967172, 48.510394], [-88.96701, 48.510403], [-88.966869, 48.510394], [-88.966748, 48.510367], [-88.966741, 48.510333]]]}}, {"type": "Feature", "properties": {"lead": 72, "temp": "sp:steelhead"}, "geometry": {"type": "Polygon", "coordinates": [[[-88.995113, 48.512677], [-88.995288, 48.512579], [-88.995678, 48.512463], [-88.996045, 48.512383], [-88.996388, 48.512338], [-88.996707, 48.512329], [-88.997003, 48.512356], [-88.997225, 48.512367], [-88.997373, 48.512363], [-88.997447, 48.512343], [-88.997447, 48.512307], [-88.997531, 48.51226], [-88.997699, 48.512202], [-88.997951, 48.512133], [-88.998287, 48.512053], [-88.99855, 48.511977], [-88.998738, 48.511906], [-88.998852, 48.511839], [-88.998893, 48.511776], [-88.998967, 48.511723], [-88.999074, 48.511678], [-88.999215, 48.511642], [-88.99939, 48.511616], [-88.999521, 48.511618], [-88.999609, 48.511649], [-88.999653, 48.511709], [-88.999653, 48.511799], [-88.999599, 48.511879], [-88.999491, 48.51195], [-88.99933, 48.512013], [-88.999115, 48.512066], [-88.998933, 48.512129], [-88.998785, 48.5122], [-88.998671, 48.51228], [-88.99859, 48.512369], [-88.998412, 48.512463], [-88.998136, 48.512561], [-88.997763, 48.512664], [-88.997292, 48.512771], [-88.996821, 48.51284], [-88.996351, 48.512871], [-88.99588, 48.512864], [-88.995409, 48.51282], [-88.995154, 48.512757], [-88.995113, 48.512677]]]}}, {"type": "Feature", "properties": {"lead": 72, "temp": "sp:steelhead"}, "geometry": {"type": "Polygon", "coordinates": [[[-88.966089, 48.510443], [-88.96615, 48.510434], [-88.96623, 48.510434], [-88.966271, 48.510443], [-88.966271, 48.510461], [-88.96623, 48.510487], [-88.96615, 48.510523], [-88.966089, 48.510541], [-88.966049, 48.510541], [-88.966029, 48.510523], [-88.966029, 48.510487], [-88.966049, 48.510461], [-88.966089, 48.510443]]]}}, {"type": "Feature", "properties": {"lead": 72, "temp": "sp:steelhead"}, "geometry": {"type": "Polygon", "coordinates": [[[-88.965736, 48.510603], [-88.965824, 48.510603], [-88.965867, 48.510617], [-88.965867, 48.510643], [-88.965824, 48.510663], [-88.965736, 48.510677], [-88.965605, 48.510684], [-88.96543, 48.510684], [-88.965343, 48.510677], [-88.965343, 48.510663], [-88.96543, 48.510643], [-88.965605, 48.510617], [-88.965736, 48.510603]]]}}, {"type": "Feature", "properties": {"lead": 72, "temp": "sp:steelhead"}, "geometry": {"type": "Polygon", "coordinates": [[[-88.96467, 48.510797], [-88.964711, 48.510791], [-88.964764, 48.510791], [-88.964791, 48.510797], [-88.964791, 48.510811], [-88.964764, 48.510831], [-88.964711, 48.510857], [-88.96467, 48.510871], [-88.964643, 48.510871], [-88.96463, 48.510857], [-88.96463, 48.510831], [-88.964643, 48.510811], [-88.96467, 48.510797]]]}}, {"type": "Feature", "properties": {"lead": 72, "temp": "sp:steelhead"}, "geometry": {"type": "Polygon", "coordinates": [[[-88.964368, 48.510904], [-88.964428, 48.510898], [-88.964509, 48.510898], [-88.964549, 48.510904], [-88.964549, 48.510918], [-88.964509, 48.510938], [-88.964428, 48.510965], [-88.964368, 48.510978], [-88.964327, 48.510978], [-88.964307, 48.510965], [-88.964307, 48.510938], [-88.964327, 48.510918], [-88.964368, 48.510904]]]}}, {"type": "Feature", "properties": {"lead": 72, "temp": "sp:steelhead"}, "geometry": {"type": "Polygon", "coordinates": [[[-88.963809, 48.510904], [-88.96385, 48.510898], [-88.963904, 48.510898], [-88.96393, 48.510904], [-88.96393, 48.510918], [-88.963904, 48.510938], [-88.96385, 48.510965], [-88.963809, 48.510978], [-88.963783, 48.510978], [-88.963769, 48.510965], [-88.963769, 48.510938], [-88.963783, 48.510918], [-88.963809, 48.510904]]]}}, {"type": "Feature", "properties": {"lead": 72, "temp": "sp:steelhead"}, "geometry": {"type": "Polygon", "coordinates": [[[-88.963315, 48.511014], [-88.963345, 48.511005], [-88.963386, 48.511005], [-88.963406, 48.511014], [-88.963406, 48.511031], [-88.963386, 48.511058], [-88.963345, 48.511094], [-88.963315, 48.511112], [-88.963295, 48.511112], [-88.963285, 48.511094], [-88.963285, 48.511058], [-88.963295, 48.511031], [-88.963315, 48.511014]]]}}, {"type": "Feature", "properties": {"lead": 72, "temp": "sp:steelhead"}, "geometry": {"type": "Polygon", "coordinates": [[[-88.962616, 48.511261], [-88.962646, 48.511254], [-88.962686, 48.511254], [-88.962707, 48.511261], [-88.962707, 48.511275], [-88.962686, 48.511295], [-88.962646, 48.511321], [-88.962616, 48.511335], [-88.962596, 48.511335], [-88.962586, 48.511321], [-88.962586, 48.511295], [-88.962596, 48.511275], [-88.962616, 48.511261]]]}}, {"type": "Feature", "properties": {"lead": 72, "temp": "sp:steelhead"}, "geometry": {"type": "Polygon", "coordinates": [[[-88.962125, 48.51156], [-88.962101, 48.511535], [-88.962101, 48.511509], [-88.962132, 48.511482], [-88.962192, 48.511455], [-88.962283, 48.511428], [-88.962404, 48.511402], [-88.962488, 48.511399], [-88.962535, 48.511422], [-88.962545, 48.511469], [-88.962518, 48.51154], [-88.962475, 48.511589], [-88.962414, 48.511616], [-88.962337, 48.51162], [-88.962243, 48.511602], [-88.962172, 48.511582], [-88.962125, 48.51156]]]}}, {"type": "Feature", "properties": {"lead": 72, "temp": "sp:steelhead"}, "geometry": {"type": "Polygon", "coordinates": [[[-88.959701, 48.511609], [-88.959741, 48.511587], [-88.959801, 48.511576], [-88.959882, 48.511576], [-88.959923, 48.511587], [-88.959923, 48.511609], [-88.959882, 48.511642], [-88.959801, 48.511687], [-88.959741, 48.511709], [-88.959701, 48.511709], [-88.95968, 48.511687], [-88.95968, 48.511642], [-88.959701, 48.511609]]]}}, {"type": "Feature", "properties": {"lead": 72, "temp": "sp:steelhead"}, "geometry": {"type": "Polygon", "coordinates": [[[-88.96116, 48.511792], [-88.96114, 48.511732], [-88.96118, 48.511669], [-88.96115, 48.511627], [-88.961049, 48.511605], [-88.960877, 48.511602], [-88.960635, 48.51162], [-88.96045, 48.511622], [-88.960323, 48.511609], [-88.960252, 48.51158], [-88.960239, 48.511535], [-88.960313, 48.511502], [-88.960474, 48.51148], [-88.960723, 48.511469], [-88.961059, 48.511469], [-88.961311, 48.511482], [-88.961479, 48.511509], [-88.961563, 48.511549], [-88.961563, 48.511602], [-88.961597, 48.511636], [-88.961664, 48.511649], [-88.961765, 48.511642], [-88.9619, 48.511616], [-88.961987, 48.511625], [-88.962027, 48.511669], [-88.962021, 48.511749], [-88.961967, 48.511865], [-88.961876, 48.511939], [-88.961748, 48.51197], [-88.961584, 48.511959], [-88.961382, 48.511906], [-88.961241, 48.51185], [-88.96116, 48.511792]]]}}, {"type": "Feature", "properties": {"lead": 72, "temp": "sp:steelhead"}, "geometry": {"type": "Polygon", "coordinates": [[[-88.959388, 48.511694], [-88.959418, 48.511683], [-88.959459, 48.511683], [-88.959479, 48.511694], [-88.959479, 48.511716], [-88.959459, 48.511749], [-88.959418, 48.511794], [-88.959388, 48.511816], [-88.959368, 48.511816], [-88.959358, 48.511794], [-88.959358, 48.511749], [-88.959368, 48.511716], [-88.959388, 48.511694]]]}}, {"type": "Feature", "properties": {"lead": 72, "temp": "sp:steelhead"}, "geometry": {"type": "Polygon", "coordinates": [[[-88.956308, 48.512905], [-88.956261, 48.512851], [-88.956237, 48.512771], [-88.956237, 48.512664], [-88.956261, 48.512583], [-88.956308, 48.51253], [-88.956379, 48.512503], [-88.956473, 48.512503], [-88.956584, 48.512468], [-88.956711, 48.512396], [-88.956856, 48.512289], [-88.957017, 48.512146], [-88.957256, 48.512033], [-88.957572, 48.511948], [-88.957966, 48.511892], [-88.958436, 48.511865], [-88.958786, 48.511859], [-88.959015, 48.511872], [-88.959122, 48.511906], [-88.959109, 48.511959], [-88.959038, 48.512013], [-88.95891, 48.512066], [-88.958726, 48.51212], [-88.958483, 48.512173], [-88.958285, 48.512231], [-88.95813, 48.512294], [-88.958019, 48.512361], [-88.957952, 48.512432], [-88.957845, 48.51249], [-88.957697, 48.512534], [-88.957508, 48.512566], [-88.95728, 48.512583], [-88.957088, 48.512617], [-88.956933, 48.512666], [-88.956816, 48.512731], [-88.956735, 48.512811], [-88.956651, 48.512871], [-88.956563, 48.512911], [-88.956473, 48.512931], [-88.956379, 48.512931], [-88.956308, 48.512905]]]}}, {"type": "Feature", "properties": {"lead": 72, "temp": "sp:steelhead"}, "geometry": {"type": "Polygon", "coordinates": [[[-88.955003, 48.514022], [-88.955074, 48.513953], [-88.955195, 48.513872], [-88.955276, 48.513783], [-88.955316, 48.513685], [-88.955316, 48.513578], [-88.955276, 48.513462], [-88.955309, 48.513353], [-88.955417, 48.51325], [-88.955598, 48.513154], [-88.955854, 48.513065], [-88.956036, 48.513027], [-88.956143, 48.513041], [-88.956177, 48.513105], [-88.956136, 48.513221], [-88.956052, 48.51336], [-88.955925, 48.51352], [-88.955753, 48.513703], [-88.955538, 48.513908], [-88.955356, 48.514053], [-88.955208, 48.514138], [-88.955094, 48.514162], [-88.955013, 48.514127], [-88.954983, 48.51408], [-88.955003, 48.514022]]]}}, {"type": "Feature", "properties": {"lead": 72, "temp": "sp:steelhead"}, "geometry": {"type": "Polygon", "coordinates": [[[-88.954718, 48.514229], [-88.954758, 48.514216], [-88.954812, 48.514216], [-88.954839, 48.514229], [-88.954839, 48.514256], [-88.954812, 48.514296], [-88.954758, 48.51435], [-88.954718, 48.514376], [-88.954691, 48.514376], [-88.954677, 48.51435], [-88.954677, 48.514296], [-88.954691, 48.514256], [-88.954718, 48.514229]]]}}, {"type": "Feature", "properties": {"lead": 72, "temp": "sp:steelhead"}, "geometry": {"type": "Polygon", "coordinates": [[[-88.954526, 48.51447], [-88.954546, 48.514443], [-88.954576, 48.51443], [-88.954617, 48.51443], [-88.954637, 48.514443], [-88.954637, 48.51447], [-88.954617, 48.51451], [-88.954576, 48.514564], [-88.954546, 48.51459], [-88.954526, 48.51459], [-88.954516, 48.514564], [-88.954516, 48.51451], [-88.954526, 48.51447]]]}}, {"type": "Feature", "properties": {"lead": 72, "temp": "sp:steelhead"}, "geometry": {"type": "Polygon", "coordinates": [[[-88.954385, 48.514666], [-88.954415, 48.514644], [-88.954455, 48.514644], [-88.954475, 48.514666], [-88.954475, 48.514711], [-88.954455, 48.514778], [-88.954415, 48.514867], [-88.954385, 48.514912], [-88.954364, 48.514912], [-88.954354, 48.514867], [-88.954354, 48.514778], [-88.954364, 48.514711], [-88.954385, 48.514666]]]}}, {"type": "Feature", "properties": {"lead": 72, "temp": "sp:steelhead"}, "geometry": {"type": "Polygon", "coordinates": [[[-88.953265, 48.51664], [-88.95313, 48.516521], [-88.952996, 48.51637], [-88.952919, 48.516263], [-88.952898, 48.5162], [-88.952935, 48.516183], [-88.95303, 48.516209], [-88.95312, 48.516216], [-88.953208, 48.516203], [-88.953292, 48.516169], [-88.953373, 48.516116], [-88.953433, 48.516062], [-88.953473, 48.516009], [-88.953494, 48.515955], [-88.953494, 48.515902], [-88.953547, 48.51581], [-88.953655, 48.515681], [-88.953816, 48.515514], [-88.954032, 48.515308], [-88.954163, 48.51521], [-88.95421, 48.515219], [-88.954173, 48.515335], [-88.954052, 48.515558], [-88.953961, 48.515783], [-88.9539, 48.516011], [-88.95387, 48.51624], [-88.95387, 48.516472], [-88.953837, 48.516642], [-88.953769, 48.516749], [-88.953668, 48.516793], [-88.953534, 48.516776], [-88.953399, 48.516724], [-88.953265, 48.51664]], [[-88.953605, 48.515864], [-88.953601, 48.51587], [-88.953601, 48.515879], [-88.953605, 48.515884], [-88.953611, 48.515884], [-88.953621, 48.515879], [-88.953635, 48.51587], [-88.953642, 48.515864], [-88.953642, 48.515859], [-88.953635, 48.515857], [-88.953621, 48.515857], [-88.953611, 48.515859], [-88.953605, 48.515864]]]}}, {"type": "Feature", "properties": {"lead": 72, "temp": "sp:steelhead"}, "geometry": {"type": "Polygon", "coordinates": [[[-88.947562, 48.523701], [-88.947522, 48.523661], [-88.947522, 48.523607], [-88.947478, 48.52356], [-88.947391, 48.52352], [-88.94726, 48.523487], [-88.947085, 48.52346], [-88.946944, 48.523391], [-88.946836, 48.523279], [-88.946762, 48.523126], [-88.946722, 48.522929], [-88.946789, 48.522822], [-88.946964, 48.522805], [-88.947246, 48.522876], [-88.947636, 48.523036], [-88.948161, 48.523061], [-88.94882, 48.522949], [-88.949613, 48.522702], [-88.950541, 48.522319], [-88.951389, 48.521989], [-88.952155, 48.521712], [-88.952841, 48.521489], [-88.953447, 48.52132], [-88.95388, 48.521226], [-88.954143, 48.521208], [-88.954233, 48.521266], [-88.954153, 48.5214], [-88.954059, 48.5215], [-88.953951, 48.521567], [-88.95383, 48.521601], [-88.953695, 48.521601], [-88.953595, 48.521614], [-88.953527, 48.521641], [-88.953494, 48.521681], [-88.953494, 48.521734], [-88.953473, 48.521775], [-88.953433, 48.521801], [-88.953373, 48.521815], [-88.953292, 48.521815], [-88.953208, 48.521837], [-88.95312, 48.521882], [-88.95303, 48.521948], [-88.952935, 48.522038], [-88.952683, 48.522147], [-88.952273, 48.522276], [-88.951705, 48.522426], [-88.950979, 48.522595], [-88.950414, 48.522744], [-88.95001, 48.522874], [-88.949768, 48.522983], [-88.949687, 48.523072], [-88.949539, 48.523172], [-88.949324, 48.523284], [-88.949042, 48.523406], [-88.948692, 48.52354], [-88.94839, 48.523641], [-88.948134, 48.523707], [-88.947926, 48.523741], [-88.947764, 48.523741], [-88.947643, 48.523728], [-88.947562, 48.523701]]]}}, {"type": "Feature", "properties": {"lead": 72, "temp": "sp:steelhead"}, "geometry": {"type": "Polygon", "coordinates": [[[-88.929651, 48.519384], [-88.9296, 48.519344], [-88.92956, 48.519291], [-88.92955, 48.519251], [-88.92957, 48.519224], [-88.929621, 48.51921], [-88.929701, 48.51921], [-88.929772, 48.519224], [-88.929833, 48.519251], [-88.929883, 48.519291], [-88.929923, 48.519344], [-88.929933, 48.519384], [-88.929913, 48.519411], [-88.929863, 48.519425], [-88.929782, 48.519425], [-88.929711, 48.519411], [-88.929651, 48.519384]]]}}, {"type": "Feature", "properties": {"lead": 72, "temp": "sp:steelhead"}, "geometry": {"type": "Polygon", "coordinates": [[[-88.927657, 48.519554], [-88.927866, 48.51942], [-88.928175, 48.519251], [-88.928461, 48.51913], [-88.928723, 48.519059], [-88.928962, 48.519037], [-88.929177, 48.519063], [-88.929261, 48.519097], [-88.929214, 48.519137], [-88.929036, 48.519184], [-88.928726, 48.519237], [-88.928464, 48.519306], [-88.928249, 48.519391], [-88.928081, 48.519491], [-88.92796, 48.519607], [-88.927845, 48.519688], [-88.927738, 48.519732], [-88.927637, 48.519741], [-88.927543, 48.519714], [-88.927549, 48.519652], [-88.927657, 48.519554]]]}}, {"type": "Feature", "properties": {"lead": 72, "temp": "sp:steelhead"}, "geometry": {"type": "Polygon", "coordinates": [[[-88.930014, 48.519431], [-88.930044, 48.519425], [-88.930085, 48.519425], [-88.930105, 48.519431], [-88.930105, 48.519445], [-88.930085, 48.519465], [-88.930044, 48.519491], [-88.930014, 48.519505], [-88.929994, 48.519505], [-88.929984, 48.519491], [-88.929984, 48.519465], [-88.929994, 48.519445], [-88.930014, 48.519431]]]}}, {"type": "Feature", "properties": {"lead": 72, "temp": "sp:steelhead"}, "geometry": {"type": "Polygon", "coordinates": [[[-88.927099, 48.519801], [-88.927139, 48.519788], [-88.9272, 48.519781], [-88.92728, 48.519781], [-88.927321, 48.519788], [-88.927321, 48.519801], [-88.92728, 48.519821], [-88.9272, 48.519848], [-88.927139, 48.519862], [-88.927099, 48.519862], [-88.927079, 48.519848], [-88.927079, 48.519821], [-88.927099, 48.519801]]]}}, {"type": "Feature", "properties": {"lead": 72, "temp": "sp:steelhead"}, "geometry": {"type": "Polygon", "coordinates": [[[-88.926816, 48.519895], [-88.926877, 48.519888], [-88.926958, 48.519888], [-88.926998, 48.519895], [-88.926998, 48.519908], [-88.926958, 48.519928], [-88.926877, 48.519955], [-88.926816, 48.519969], [-88.926776, 48.519969], [-88.926756, 48.519955], [-88.926756, 48.519928], [-88.926776, 48.519908], [-88.926816, 48.519895]]]}}, {"type": "Feature", "properties": {"lead": 72, "temp": "sp:steelhead"}, "geometry": {"type": "Polygon", "coordinates": [[[-88.92646, 48.520011], [-88.926521, 48.519995], [-88.926615, 48.519995], [-88.926672, 48.520011], [-88.926692, 48.520042], [-88.926675, 48.520089], [-88.926621, 48.520151], [-88.926571, 48.520183], [-88.926524, 48.520183], [-88.92648, 48.520151], [-88.92644, 48.520089], [-88.926433, 48.520042], [-88.92646, 48.520011]]]}}, {"type": "Feature", "properties": {"lead": 72, "temp": "sp:steelhead"}, "geometry": {"type": "Polygon", "coordinates": [[[-88.925976, 48.520243], [-88.925922, 48.52022], [-88.925895, 48.520192], [-88.925895, 48.520156], [-88.925925, 48.520129], [-88.925986, 48.520111], [-88.926077, 48.520102], [-88.926198, 48.520102], [-88.926285, 48.520113], [-88.926339, 48.520136], [-88.926359, 48.520169], [-88.926346, 48.520214], [-88.926309, 48.520245], [-88.926248, 48.520263], [-88.926164, 48.520267], [-88.926057, 48.520258], [-88.925976, 48.520243]]]}}, {"type": "Feature", "properties": {"lead": 72, "temp": "sp:steelhead"}, "geometry": {"type": "Polygon", "coordinates": [[[-88.92727, 48.520252], [-88.927301, 48.520245], [-88.927341, 48.520245], [-88.927361, 48.520252], [-88.927361, 48.520265], [-88.927341, 48.520285], [-88.927301, 48.520312], [-88.92727, 48.520325], [-88.92725, 48.520325], [-88.92724, 48.520312], [-88.92724, 48.520285], [-88.92725, 48.520265], [-88.92727, 48.520252]]]}}, {"type": "Feature", "properties": {"lead": 72, "temp": "sp:steelhead"}, "geometry": {"type": "Polygon", "coordinates": [[[-88.925862, 48.520265], [-88.925895, 48.520285], [-88.925895, 48.520312], [-88.925862, 48.520325], [-88.925794, 48.520325], [-88.925693, 48.520312], [-88.925559, 48.520285], [-88.925492, 48.520265], [-88.925492, 48.520252], [-88.925559, 48.520245], [-88.925693, 48.520245], [-88.925794, 48.520252], [-88.925862, 48.520265]]]}}, {"type": "Feature", "properties": {"lead": 72, "temp": "sp:steelhead"}, "geometry": {"type": "Polygon", "coordinates": [[[-88.931194, 48.520876], [-88.93106, 48.520836], [-88.930878, 48.520816], [-88.93065, 48.520816], [-88.930492, 48.520787], [-88.930404, 48.520729], [-88.930387, 48.520642], [-88.930441, 48.520526], [-88.930471, 48.520417], [-88.930478, 48.520314], [-88.930461, 48.520218], [-88.930421, 48.520129], [-88.930367, 48.520062], [-88.9303, 48.520018], [-88.930219, 48.519995], [-88.930125, 48.519995], [-88.930065, 48.519966], [-88.930038, 48.519908], [-88.930044, 48.519821], [-88.930085, 48.519705], [-88.930128, 48.519618], [-88.930175, 48.519561], [-88.930226, 48.519532], [-88.93028, 48.519532], [-88.93034, 48.519576], [-88.930407, 48.519665], [-88.930481, 48.519799], [-88.930562, 48.519977], [-88.930636, 48.520102], [-88.930703, 48.520174], [-88.930764, 48.520192], [-88.930818, 48.520156], [-88.930855, 48.520151], [-88.930875, 48.520178], [-88.930878, 48.520236], [-88.930865, 48.520325], [-88.930898, 48.520426], [-88.930979, 48.520537], [-88.931107, 48.52066], [-88.931282, 48.520793], [-88.931403, 48.520903], [-88.93147, 48.520987], [-88.931483, 48.521048], [-88.931443, 48.521083], [-88.931403, 48.52109], [-88.931362, 48.521068], [-88.931322, 48.521016], [-88.931282, 48.520936], [-88.931194, 48.520876]]]}}, {"type": "Feature", "properties": {"lead": 72, "temp": "sp:steelhead"}, "geometry": {"type": "Polygon", "coordinates": [[[-88.924527, 48.520542], [-88.924718, 48.520486], [-88.924974, 48.520432], [-88.925122, 48.520412], [-88.925162, 48.520426], [-88.925095, 48.520472], [-88.92492, 48.520553], [-88.924769, 48.520622], [-88.924641, 48.52068], [-88.924537, 48.520727], [-88.924456, 48.520762], [-88.924396, 48.520773], [-88.924355, 48.52076], [-88.924335, 48.520722], [-88.924335, 48.52066], [-88.924399, 48.5206], [-88.924527, 48.520542]]]}}, {"type": "Feature", "properties": {"lead": 72, "temp": "sp:steelhead"}, "geometry": {"type": "Polygon", "coordinates": [[[-88.926087, 48.520682], [-88.926117, 48.520673], [-88.926157, 48.520673], [-88.926178, 48.520682], [-88.926178, 48.5207], [-88.926157, 48.520727], [-88.926117, 48.520762], [-88.926087, 48.52078], [-88.926067, 48.52078], [-88.926057, 48.520762], [-88.926057, 48.520727], [-88.926067, 48.5207], [-88.926087, 48.520682]]]}}, {"type": "Feature", "properties": {"lead": 72, "temp": "sp:steelhead"}, "geometry": {"type": "Polygon", "coordinates": [[[-88.930798, 48.523027], [-88.930885, 48.522818], [-88.931019, 48.522559], [-88.931107, 48.522365], [-88.931147, 48.522236], [-88.93114, 48.522171], [-88.931087, 48.522171], [-88.931036, 48.522116], [-88.930989, 48.522004], [-88.930945, 48.521837], [-88.930905, 48.521614], [-88.930898, 48.521445], [-88.930925, 48.521329], [-88.930986, 48.521266], [-88.93108, 48.521257], [-88.931171, 48.521344], [-88.931258, 48.521527], [-88.931342, 48.521806], [-88.931423, 48.52218], [-88.931473, 48.522488], [-88.931494, 48.522729], [-88.931483, 48.522903], [-88.931443, 48.52301], [-88.931383, 48.523108], [-88.931302, 48.523197], [-88.931201, 48.523277], [-88.93108, 48.523349], [-88.930976, 48.523386], [-88.930888, 48.523391], [-88.930818, 48.523362], [-88.930764, 48.523299], [-88.930757, 48.523188], [-88.930798, 48.523027]]]}}, {"type": "Feature", "properties": {"lead": 72, "temp": "sp:steelhead"}, "geometry": {"type": "Polygon", "coordinates": [[[-88.94341, 48.523072], [-88.94344, 48.523063], [-88.94348, 48.523063], [-88.943501, 48.523072], [-88.943501, 48.52309], [-88.94348, 48.523117], [-88.94344, 48.523152], [-88.94341, 48.52317], [-88.94339, 48.52317], [-88.94338, 48.523152], [-88.94338, 48.523117], [-88.94339, 48.52309], [-88.94341, 48.523072]]]}}, {"type": "Feature", "properties": {"lead": 72, "temp": "sp:steelhead"}, "geometry": {"type": "Polygon", "coordinates": [[[-88.942257, 48.523823], [-88.942189, 48.52371], [-88.942149, 48.523594], [-88.942135, 48.523507], [-88.942149, 48.523449], [-88.942189, 48.52342], [-88.942257, 48.52342], [-88.942337, 48.523371], [-88.942431, 48.523273], [-88.942539, 48.523126], [-88.94266, 48.522929], [-88.942882, 48.522773], [-88.943205, 48.522657], [-88.943628, 48.522582], [-88.944153, 48.522546], [-88.944546, 48.522528], [-88.944809, 48.522528], [-88.94494, 48.522546], [-88.94494, 48.522582], [-88.94497, 48.522608], [-88.945031, 48.522626], [-88.945121, 48.522635], [-88.945242, 48.522635], [-88.945357, 48.522613], [-88.945464, 48.522568], [-88.945565, 48.522501], [-88.945659, 48.522412], [-88.945784, 48.522365], [-88.945938, 48.522361], [-88.946123, 48.522399], [-88.946338, 48.522479], [-88.946456, 48.522541], [-88.946476, 48.522586], [-88.946399, 48.522613], [-88.946224, 48.522622], [-88.946083, 48.522642], [-88.945975, 48.522673], [-88.945901, 48.522715], [-88.945861, 48.522769], [-88.945743, 48.522796], [-88.945548, 48.522796], [-88.945276, 48.522769], [-88.944926, 48.522715], [-88.94459, 48.522682], [-88.944267, 48.522669], [-88.943958, 48.522675], [-88.943662, 48.522702], [-88.943417, 48.522771], [-88.943222, 48.522883], [-88.943077, 48.523036], [-88.942983, 48.523233], [-88.942936, 48.523402], [-88.942936, 48.523545], [-88.942983, 48.523661], [-88.943077, 48.52375], [-88.943124, 48.523843], [-88.943124, 48.523942], [-88.943077, 48.524044], [-88.942983, 48.524151], [-88.942875, 48.524205], [-88.942754, 48.524205], [-88.94262, 48.524151], [-88.942472, 48.524044], [-88.942351, 48.523935], [-88.942257, 48.523823]]]}}, {"type": "Feature", "properties": {"lead": 72, "temp": "sp:steelhead"}, "geometry": {"type": "Polygon", "coordinates": [[[-88.940468, 48.52575], [-88.940333, 48.525676], [-88.940239, 48.525587], [-88.940232, 48.525527], [-88.940313, 48.525495], [-88.940481, 48.525493], [-88.940737, 48.52552], [-88.940952, 48.525562], [-88.941127, 48.52562], [-88.941261, 48.525694], [-88.941355, 48.525783], [-88.941362, 48.525843], [-88.941281, 48.525874], [-88.941113, 48.525877], [-88.940858, 48.52585], [-88.940643, 48.525808], [-88.940468, 48.52575]]]}}, {"type": "Feature", "properties": {"lead": 96, "temp": "sp:lake_trout"}, "geometry": {"type": "Polygon", "coordinates": [[[-88.997245, 48.512387], [-88.997043, 48.512396], [-88.996774, 48.512396], [-88.996573, 48.512387], [-88.996438, 48.512369], [-88.996371, 48.512343], [-88.996371, 48.512307], [-88.996445, 48.512271], [-88.996593, 48.512236], [-88.996815, 48.5122], [-88.997111, 48.512164], [-88.997396, 48.512097], [-88.997672, 48.511999], [-88.997938, 48.51187], [-88.998193, 48.511709], [-88.998452, 48.511578], [-88.998714, 48.511475], [-88.99898, 48.511402], [-88.999249, 48.511357], [-88.999451, 48.511341], [-88.999585, 48.511355], [-88.999653, 48.511397], [-88.999653, 48.511469], [-88.999609, 48.511529], [-88.999521, 48.511578], [-88.99939, 48.511616], [-88.999215, 48.511642], [-88.999074, 48.511678], [-88.998967, 48.511723], [-88.998893, 48.511776], [-88.998852, 48.511839], [-88.998738, 48.511906], [-88.99855, 48.511977], [-88.998287, 48.512053], [-88.997951, 48.512133], [-88.997699, 48.512202], [-88.997531, 48.51226], [-88.997447, 48.512307], [-88.997447, 48.512343], [-88.99738, 48.512369], [-88.997245, 48.512387]]]}}, {"type": "Feature", "properties": {"lead": 96, "temp": "sp:lake_trout"}, "geometry": {"type": "Polygon", "coordinates": [[[-88.953164, 48.516272], [-88.95303, 48.516316], [-88.952935, 48.51629], [-88.952865, 48.51624], [-88.952818, 48.516169], [-88.952794, 48.516075], [-88.952794, 48.51596], [-88.952848, 48.51577], [-88.952956, 48.515507], [-88.953117, 48.51517], [-88.953332, 48.51476], [-88.953564, 48.514414], [-88.953813, 48.514133], [-88.954079, 48.513917], [-88.954361, 48.513765], [-88.954667, 48.513571], [-88.954997, 48.513335], [-88.95535, 48.513056], [-88.955726, 48.512735], [-88.956197, 48.512425], [-88.956762, 48.512126], [-88.957421, 48.511839], [-88.958174, 48.511562], [-88.95886, 48.511344], [-88.959479, 48.511183], [-88.96003, 48.51108], [-88.960514, 48.511036], [-88.960904, 48.511014], [-88.9612, 48.511014], [-88.961402, 48.511036], [-88.96151, 48.51108], [-88.961661, 48.511076], [-88.961856, 48.511023], [-88.962095, 48.51092], [-88.962377, 48.510768], [-88.962727, 48.510634], [-88.963144, 48.510519], [-88.963628, 48.51042], [-88.964179, 48.51034], [-88.964667, 48.510251], [-88.965091, 48.510153], [-88.96545, 48.510046], [-88.965746, 48.50993], [-88.96624, 48.509798], [-88.966933, 48.509651], [-88.967824, 48.509488], [-88.968914, 48.50931], [-88.969899, 48.509169], [-88.97078, 48.509067], [-88.971556, 48.509002], [-88.972229, 48.508975], [-88.97274, 48.508926], [-88.97309, 48.508855], [-88.973278, 48.508761], [-88.973305, 48.508645], [-88.973379, 48.508536], [-88.9735, 48.508433], [-88.973668, 48.508338], [-88.973883, 48.508248], [-88.974135, 48.50819], [-88.974425, 48.508164], [-88.974751, 48.508168], [-88.975114, 48.508204], [-88.975437, 48.508264], [-88.975719, 48.508349], [-88.975961, 48.508458], [-88.976163, 48.508592], [-88.976294, 48.508697], [-88.976355, 48.508772], [-88.976344, 48.508819], [-88.976264, 48.508837], [-88.976203, 48.508864], [-88.976163, 48.508899], [-88.976143, 48.508944], [-88.976143, 48.508998], [-88.976123, 48.509038], [-88.976082, 48.509065], [-88.976022, 48.509078], [-88.975941, 48.509078], [-88.975857, 48.509056], [-88.975769, 48.509011], [-88.975679, 48.508944], [-88.975585, 48.508855], [-88.97544, 48.508781], [-88.975245, 48.508723], [-88.974999, 48.508681], [-88.974704, 48.508654], [-88.974461, 48.508641], [-88.974273, 48.508641], [-88.974139, 48.508654], [-88.974058, 48.508681], [-88.973997, 48.508717], [-88.973957, 48.508761], [-88.973937, 48.508815], [-88.973937, 48.508877], [-88.973977, 48.508937], [-88.974058, 48.508995], [-88.974179, 48.509051], [-88.97434, 48.509105], [-88.974461, 48.50916], [-88.974542, 48.509218], [-88.974583, 48.509279], [-88.974583, 48.509341], [-88.974552, 48.509395], [-88.974492, 48.509439], [-88.974401, 48.509475], [-88.97428, 48.509502], [-88.974082, 48.509515], [-88.973806, 48.509515], [-88.973453, 48.509502], [-88.973022, 48.509475], [-88.972612, 48.509475], [-88.972222, 48.509502], [-88.971852, 48.509555], [-88.971503, 48.509635], [-88.971113, 48.509696], [-88.970682, 48.509736], [-88.970211, 48.509756], [-88.9697, 48.509756], [-88.969102, 48.509807], [-88.968416, 48.50991], [-88.967643, 48.510064], [-88.966782, 48.510269], [-88.966096, 48.510443], [-88.965585, 48.510585], [-88.965249, 48.510697], [-88.965087, 48.510777], [-88.964869, 48.510844], [-88.964593, 48.510898], [-88.96426, 48.510938], [-88.96387, 48.510965], [-88.96349, 48.511027], [-88.96312, 48.511125], [-88.96276, 48.511259], [-88.962411, 48.511428], [-88.962128, 48.511555], [-88.961913, 48.51164], [-88.961765, 48.511683], [-88.961684, 48.511683], [-88.961624, 48.511669], [-88.961584, 48.511642], [-88.961563, 48.511602], [-88.961563, 48.511549], [-88.961479, 48.511509], [-88.961311, 48.511482], [-88.961059, 48.511469], [-88.960723, 48.511469], [-88.960393, 48.511498], [-88.96007, 48.511555], [-88.959754, 48.511642], [-88.959445, 48.511758], [-88.959116, 48.511845], [-88.958766, 48.511903], [-88.958396, 48.511932], [-88.958006, 48.511932], [-88.957663, 48.511968], [-88.957367, 48.512039], [-88.957118, 48.512146], [-88.956917, 48.512289], [-88.956742, 48.512396], [-88.956594, 48.512468], [-88.956473, 48.512503], [-88.956379, 48.512503], [-88.956318, 48.512523], [-88.956291, 48.512563], [-88.956298, 48.512624], [-88.956338, 48.512704], [-88.956348, 48.51278], [-88.956328, 48.512851], [-88.956278, 48.512918], [-88.956197, 48.51298], [-88.956093, 48.513034], [-88.955965, 48.513079], [-88.955814, 48.513114], [-88.955639, 48.513141], [-88.955508, 48.513197], [-88.95542, 48.513281], [-88.955377, 48.513395], [-88.955377, 48.513538], [-88.955333, 48.513674], [-88.955245, 48.513803], [-88.955114, 48.513926], [-88.954939, 48.514042], [-88.954778, 48.514198], [-88.95463, 48.514394], [-88.954496, 48.514631], [-88.954375, 48.514907], [-88.95422, 48.515179], [-88.954032, 48.515447], [-88.95381, 48.51571], [-88.953554, 48.515968], [-88.953339, 48.516156], [-88.953164, 48.516272]], [[-88.975968, 48.508973], [-88.975961, 48.508971], [-88.975948, 48.508971], [-88.975938, 48.508973], [-88.975931, 48.508978], [-88.975927, 48.508984], [-88.975927, 48.508993], [-88.975931, 48.508998], [-88.975938, 48.508998], [-88.975948, 48.508993], [-88.975961, 48.508984], [-88.975968, 48.508978], [-88.975968, 48.508973]]]}}, {"type": "Feature", "properties": {"lead": 96, "temp": "sp:lake_trout"}, "geometry": {"type": "Polygon", "coordinates": [[[-88.924547, 48.52039], [-88.924375, 48.520312], [-88.924402, 48.520142], [-88.924617, 48.519964], [-88.925021, 48.519777], [-88.925613, 48.519581], [-88.926393, 48.519375], [-88.927025, 48.519197], [-88.927509, 48.519045], [-88.927845, 48.518921], [-88.928034, 48.518823], [-88.928259, 48.51876], [-88.928521, 48.518733], [-88.92882, 48.518742], [-88.929157, 48.518787], [-88.929466, 48.518856], [-88.929748, 48.51895], [-88.930004, 48.519068], [-88.930233, 48.51921], [-88.930421, 48.519351], [-88.930569, 48.519489], [-88.930676, 48.519625], [-88.930744, 48.519759], [-88.930784, 48.519884], [-88.930798, 48.52], [-88.930784, 48.520107], [-88.930744, 48.520205], [-88.93066, 48.520207], [-88.930532, 48.520113], [-88.93036, 48.519924], [-88.930145, 48.519639], [-88.92991, 48.519411], [-88.929654, 48.519242], [-88.929379, 48.51913], [-88.929083, 48.519077], [-88.928783, 48.519086], [-88.928481, 48.519157], [-88.928175, 48.519291], [-88.927866, 48.519487], [-88.927442, 48.519683], [-88.926904, 48.519879], [-88.926252, 48.520076], [-88.925485, 48.520272], [-88.924917, 48.520377], [-88.924547, 48.52039]]]}}, {"type": "Feature", "properties": {"lead": 96, "temp": "sp:lake_trout"}, "geometry": {"type": "Polygon", "coordinates": [[[-88.931288, 48.522992], [-88.931262, 48.522849], [-88.931251, 48.522698], [-88.931258, 48.522537], [-88.931282, 48.522368], [-88.931322, 48.522189], [-88.931342, 48.522006], [-88.931342, 48.521819], [-88.931322, 48.521627], [-88.931282, 48.521431], [-88.931268, 48.521271], [-88.931282, 48.521146], [-88.931322, 48.521057], [-88.931389, 48.521003], [-88.931467, 48.521077], [-88.931554, 48.521277], [-88.931652, 48.521605], [-88.931759, 48.52206], [-88.931803, 48.52243], [-88.931783, 48.522715], [-88.931699, 48.522916], [-88.931551, 48.523032], [-88.931433, 48.523083], [-88.931346, 48.52307], [-88.931288, 48.522992]], [[-88.931342, 48.522706], [-88.931315, 48.522706], [-88.931295, 48.522709], [-88.931282, 48.522713], [-88.931275, 48.52272], [-88.931275, 48.522729], [-88.931282, 48.522733], [-88.931295, 48.522733], [-88.931315, 48.522729], [-88.931342, 48.52272], [-88.931356, 48.522713], [-88.931356, 48.522709], [-88.931342, 48.522706]]]}}, {"type": "Feature", "properties": {"lead": 96, "temp": "sp:lake_trout"}, "geometry": {"type": "Polygon", "coordinates": [[[-88.942257, 48.523687], [-88.942189, 48.523652], [-88.942146, 48.523576], [-88.942125, 48.52346], [-88.942129, 48.523304], [-88.942156, 48.523108], [-88.942233, 48.522912], [-88.942361, 48.522715], [-88.942539, 48.522519], [-88.942768, 48.522323], [-88.94303, 48.522167], [-88.943326, 48.522051], [-88.943655, 48.521975], [-88.944018, 48.521939], [-88.944378, 48.521937], [-88.944735, 48.521968], [-88.945088, 48.522033], [-88.945437, 48.522131], [-88.945666, 48.522227], [-88.945774, 48.522321], [-88.94576, 48.522412], [-88.945626, 48.522501], [-88.945397, 48.522559], [-88.945074, 48.522586], [-88.944657, 48.522582], [-88.944146, 48.522546], [-88.943719, 48.522541], [-88.943376, 48.522568], [-88.943117, 48.522626], [-88.942942, 48.522715], [-88.942791, 48.522838], [-88.942663, 48.522994], [-88.942559, 48.523184], [-88.942478, 48.523406], [-88.942401, 48.523565], [-88.942327, 48.523658], [-88.942257, 48.523687]]]}}, {"type": "Feature", "properties": {"lead": 96, "temp": "sp:brook_trout"}, "geometry": {"type": "Polygon", "coordinates": [[[-88.986216, 48.508137], [-88.986068, 48.508063], [-88.985853, 48.507978], [-88.985571, 48.507883], [-88.985221, 48.507776], [-88.985036, 48.507697], [-88.985016, 48.507648], [-88.985161, 48.507628], [-88.98547, 48.507637], [-88.985732, 48.507684], [-88.985947, 48.507769], [-88.986116, 48.507891], [-88.986237, 48.508052], [-88.986307, 48.508157], [-88.986327, 48.508206], [-88.986297, 48.508199], [-88.986216, 48.508137]]]}}, {"type": "Feature", "properties": {"lead": 96, "temp": "sp:brook_trout"}, "geometry": {"type": "Polygon", "coordinates": [[[-88.984912, 48.50844], [-88.984922, 48.50842], [-88.984942, 48.508407], [-88.984972, 48.5084], [-88.985013, 48.5084], [-88.985033, 48.508407], [-88.985033, 48.50842], [-88.985013, 48.50844], [-88.984972, 48.508467], [-88.984942, 48.50848], [-88.984922, 48.50848], [-88.984912, 48.508467], [-88.984912, 48.50844]]]}}, {"type": "Feature", "properties": {"lead": 96, "temp": "sp:brook_trout"}, "geometry": {"type": "Polygon", "coordinates": [[[-88.976775, 48.508989], [-88.976815, 48.508962], [-88.976923, 48.508944], [-88.977098, 48.508935], [-88.97734, 48.508935], [-88.977467, 48.508944], [-88.977481, 48.508962], [-88.97738, 48.508989], [-88.977165, 48.509024], [-88.976997, 48.509042], [-88.976876, 48.509042], [-88.976802, 48.509024], [-88.976775, 48.508989]]]}}, {"type": "Feature", "properties": {"lead": 96, "temp": "sp:brook_trout"}, "geometry": {"type": "Polygon", "coordinates": [[[-88.966866, 48.510233], [-88.966899, 48.510206], [-88.96701, 48.51018], [-88.967199, 48.510153], [-88.967411, 48.510086], [-88.967646, 48.509979], [-88.967905, 48.509832], [-88.968187, 48.509644], [-88.96852, 48.509484], [-88.968903, 48.50935], [-88.969337, 48.509243], [-88.969821, 48.509163], [-88.970353, 48.509096], [-88.970931, 48.509042], [-88.971556, 48.509002], [-88.972229, 48.508975], [-88.97274, 48.508926], [-88.97309, 48.508855], [-88.973278, 48.508761], [-88.973305, 48.508645], [-88.973379, 48.508536], [-88.9735, 48.508433], [-88.973668, 48.508338], [-88.973883, 48.508248], [-88.974149, 48.508195], [-88.974465, 48.508177], [-88.974831, 48.508195], [-88.975248, 48.508248], [-88.975611, 48.508326], [-88.975921, 48.508429], [-88.976176, 48.508556], [-88.976378, 48.508708], [-88.976516, 48.508837], [-88.97659, 48.508944], [-88.9766, 48.509029], [-88.976546, 48.509091], [-88.976465, 48.509145], [-88.976358, 48.509189], [-88.976223, 48.509225], [-88.976062, 48.509252], [-88.975931, 48.509245], [-88.97583, 48.509205], [-88.975759, 48.509131], [-88.975719, 48.509024], [-88.975591, 48.508935], [-88.975376, 48.508864], [-88.975073, 48.50881], [-88.974683, 48.508775], [-88.974391, 48.50877], [-88.974196, 48.508797], [-88.974098, 48.508855], [-88.974098, 48.508944], [-88.974162, 48.509024], [-88.97429, 48.509096], [-88.974482, 48.509158], [-88.974737, 48.509212], [-88.974909, 48.50925], [-88.974996, 48.509272], [-88.974999, 48.509279], [-88.974919, 48.50927], [-88.974845, 48.509281], [-88.974778, 48.509312], [-88.974717, 48.509363], [-88.974663, 48.509435], [-88.974398, 48.509495], [-88.97392, 48.509544], [-88.973231, 48.509582], [-88.97233, 48.509609], [-88.971614, 48.509647], [-88.971082, 48.509696], [-88.970736, 48.509756], [-88.970575, 48.509827], [-88.970346, 48.509876], [-88.97005, 48.509903], [-88.969687, 48.509907], [-88.969257, 48.50989], [-88.968934, 48.509885], [-88.968719, 48.509894], [-88.968611, 48.509916], [-88.968611, 48.509952], [-88.968524, 48.509999], [-88.968349, 48.510057], [-88.968086, 48.510126], [-88.967737, 48.510206], [-88.967444, 48.51026], [-88.967209, 48.510287], [-88.967031, 48.510287], [-88.96691, 48.51026], [-88.966866, 48.510233]]]}}, {"type": "Feature", "properties": {"lead": 96, "temp": "sp:brook_trout"}, "geometry": {"type": "Polygon", "coordinates": [[[-88.975131, 48.509319], [-88.975151, 48.509301], [-88.975181, 48.509292], [-88.975221, 48.509292], [-88.975242, 48.509301], [-88.975242, 48.509319], [-88.975221, 48.509346], [-88.975181, 48.509381], [-88.975151, 48.509399], [-88.975131, 48.509399], [-88.975121, 48.509381], [-88.975121, 48.509346], [-88.975131, 48.509319]]]}}, {"type": "Feature", "properties": {"lead": 96, "temp": "sp:brook_trout"}, "geometry": {"type": "Polygon", "coordinates": [[[-88.966526, 48.510327], [-88.966627, 48.510333], [-88.966694, 48.510347], [-88.966728, 48.510367], [-88.966728, 48.510394], [-88.966694, 48.510407], [-88.966627, 48.510407], [-88.966526, 48.510394], [-88.966392, 48.510367], [-88.966325, 48.510347], [-88.966325, 48.510333], [-88.966392, 48.510327], [-88.966526, 48.510327]]]}}, {"type": "Feature", "properties": {"lead": 96, "temp": "sp:brook_trout"}, "geometry": {"type": "Polygon", "coordinates": [[[-88.965887, 48.510577], [-88.965797, 48.510568], [-88.965736, 48.51055], [-88.965706, 48.510523], [-88.965706, 48.510487], [-88.965736, 48.510461], [-88.965797, 48.510443], [-88.965887, 48.510434], [-88.966008, 48.510434], [-88.966099, 48.510443], [-88.96616, 48.510461], [-88.96619, 48.510487], [-88.96619, 48.510523], [-88.96616, 48.51055], [-88.966099, 48.510568], [-88.966008, 48.510577], [-88.965887, 48.510577]]]}}, {"type": "Feature", "properties": {"lead": 96, "temp": "sp:brook_trout"}, "geometry": {"type": "Polygon", "coordinates": [[[-88.965027, 48.510791], [-88.964936, 48.510784], [-88.964875, 48.510771], [-88.964845, 48.51075], [-88.964845, 48.510724], [-88.964885, 48.510697], [-88.964966, 48.51067], [-88.965087, 48.510643], [-88.965249, 48.510617], [-88.96536, 48.51061], [-88.96542, 48.510623], [-88.96543, 48.510657], [-88.96539, 48.51071], [-88.965329, 48.51075], [-88.965249, 48.510777], [-88.965148, 48.510791], [-88.965027, 48.510791]]]}}, {"type": "Feature", "properties": {"lead": 96, "temp": "sp:brook_trout"}, "geometry": {"type": "Polygon", "coordinates": [[[-88.964492, 48.510811], [-88.964539, 48.510797], [-88.96461, 48.510791], [-88.964704, 48.510791], [-88.964751, 48.510797], [-88.964751, 48.510811], [-88.964704, 48.510831], [-88.96461, 48.510857], [-88.964539, 48.510871], [-88.964492, 48.510871], [-88.964468, 48.510857], [-88.964468, 48.510831], [-88.964492, 48.510811]]]}}, {"type": "Feature", "properties": {"lead": 96, "temp": "sp:brook_trout"}, "geometry": {"type": "Polygon", "coordinates": [[[-88.964317, 48.510918], [-88.964337, 48.510904], [-88.964368, 48.510898], [-88.964408, 48.510898], [-88.964428, 48.510904], [-88.964428, 48.510918], [-88.964408, 48.510938], [-88.964368, 48.510965], [-88.964337, 48.510978], [-88.964317, 48.510978], [-88.964307, 48.510965], [-88.964307, 48.510938], [-88.964317, 48.510918]]]}}, {"type": "Feature", "properties": {"lead": 96, "temp": "sp:brook_trout"}, "geometry": {"type": "Polygon", "coordinates": [[[-88.996236, 48.512561], [-88.996142, 48.512492], [-88.996223, 48.512416], [-88.996478, 48.512334], [-88.996909, 48.512245], [-88.997295, 48.512138], [-88.997638, 48.512013], [-88.997938, 48.51187], [-88.998193, 48.511709], [-88.998452, 48.511578], [-88.998714, 48.511475], [-88.99898, 48.511402], [-88.999249, 48.511357], [-88.999441, 48.511364], [-88.999555, 48.511422], [-88.999592, 48.511531], [-88.999552, 48.511692], [-88.999488, 48.511812], [-88.9994, 48.511892], [-88.999289, 48.511932], [-88.999155, 48.511932], [-88.999024, 48.511961], [-88.998896, 48.512019], [-88.998772, 48.512106], [-88.998651, 48.512222], [-88.998506, 48.512309], [-88.998338, 48.512367], [-88.998146, 48.512396], [-88.997931, 48.512396], [-88.997726, 48.512416], [-88.997531, 48.512456], [-88.997346, 48.512517], [-88.997171, 48.512597], [-88.996973, 48.512641], [-88.996751, 48.51265], [-88.996505, 48.512624], [-88.996236, 48.512561]]]}}, {"type": "Feature", "properties": {"lead": 96, "temp": "sp:brook_trout"}, "geometry": {"type": "Polygon", "coordinates": [[[-88.963446, 48.510938], [-88.963483, 48.51092], [-88.963557, 48.510911], [-88.963668, 48.510911], [-88.963816, 48.51092], [-88.96389, 48.510931], [-88.96389, 48.510944], [-88.963816, 48.51096], [-88.963668, 48.510978], [-88.963557, 48.510985], [-88.963483, 48.51098], [-88.963446, 48.510965], [-88.963446, 48.510938]]]}}, {"type": "Feature", "properties": {"lead": 96, "temp": "sp:brook_trout"}, "geometry": {"type": "Polygon", "coordinates": [[[-88.962962, 48.511045], [-88.962992, 48.511025], [-88.963053, 48.511011], [-88.963144, 48.511005], [-88.963265, 48.511005], [-88.963325, 48.511011], [-88.963325, 48.511025], [-88.963265, 48.511045], [-88.963144, 48.511072], [-88.963053, 48.511085], [-88.962992, 48.511085], [-88.962962, 48.511072], [-88.962962, 48.511045]]]}}, {"type": "Feature", "properties": {"lead": 96, "temp": "sp:brook_trout"}, "geometry": {"type": "Polygon", "coordinates": [[[-88.962505, 48.511346], [-88.962478, 48.511315], [-88.962485, 48.511268], [-88.962525, 48.511205], [-88.962579, 48.511159], [-88.962646, 48.511127], [-88.962727, 48.511112], [-88.962821, 48.511112], [-88.962881, 48.511127], [-88.962908, 48.511159], [-88.962902, 48.511205], [-88.962861, 48.511268], [-88.962807, 48.511315], [-88.96274, 48.511346], [-88.96266, 48.511361], [-88.962565, 48.511361], [-88.962505, 48.511346]]]}}, {"type": "Feature", "properties": {"lead": 96, "temp": "sp:brook_trout"}, "geometry": {"type": "Polygon", "coordinates": [[[-88.952942, 48.516254], [-88.952888, 48.516031], [-88.952895, 48.515754], [-88.952962, 48.515424], [-88.953043, 48.515139], [-88.953137, 48.514898], [-88.953245, 48.514702], [-88.953366, 48.51455], [-88.953497, 48.514441], [-88.953638, 48.514374], [-88.95379, 48.51435], [-88.953951, 48.514367], [-88.954102, 48.51433], [-88.954243, 48.514236], [-88.954375, 48.514086], [-88.954496, 48.513881], [-88.95467, 48.513654], [-88.954899, 48.513404], [-88.955182, 48.513132], [-88.955518, 48.512838], [-88.955921, 48.512559], [-88.956392, 48.512296], [-88.95693, 48.512048], [-88.957535, 48.511816], [-88.958066, 48.511629], [-88.958524, 48.511486], [-88.958907, 48.511388], [-88.959216, 48.511335], [-88.959448, 48.511286], [-88.959603, 48.511241], [-88.95968, 48.511201], [-88.95968, 48.511165], [-88.959691, 48.511154], [-88.959711, 48.511167], [-88.959741, 48.511205], [-88.959781, 48.511268], [-88.959973, 48.511315], [-88.960316, 48.511346], [-88.96081, 48.511361], [-88.961456, 48.511361], [-88.961913, 48.511388], [-88.962182, 48.511442], [-88.962263, 48.511522], [-88.962155, 48.511629], [-88.961974, 48.511689], [-88.961718, 48.511703], [-88.961389, 48.511669], [-88.960985, 48.511589], [-88.960682, 48.51154], [-88.960481, 48.511522], [-88.96038, 48.511535], [-88.96038, 48.51158], [-88.960316, 48.511616], [-88.960188, 48.511642], [-88.959996, 48.51166], [-88.959741, 48.511669], [-88.959496, 48.511705], [-88.95926, 48.511767], [-88.959035, 48.511857], [-88.95882, 48.511972], [-88.958615, 48.512053], [-88.95842, 48.512097], [-88.958235, 48.512106], [-88.95806, 48.51208], [-88.957875, 48.512073], [-88.95768, 48.512086], [-88.957475, 48.51212], [-88.95726, 48.512173], [-88.957098, 48.512236], [-88.956991, 48.512307], [-88.956937, 48.512387], [-88.956937, 48.512476], [-88.956893, 48.512563], [-88.956806, 48.512648], [-88.956674, 48.512731], [-88.9565, 48.512811], [-88.956325, 48.512929], [-88.95615, 48.513085], [-88.955975, 48.513279], [-88.9558, 48.513511], [-88.955615, 48.513714], [-88.95542, 48.513888], [-88.955215, 48.514033], [-88.955, 48.514149], [-88.954788, 48.514321], [-88.95458, 48.514548], [-88.954375, 48.514831], [-88.954173, 48.51517], [-88.954022, 48.515467], [-88.953921, 48.515721], [-88.95387, 48.515933], [-88.95387, 48.516102], [-88.953847, 48.516252], [-88.9538, 48.516381], [-88.953729, 48.51649], [-88.953635, 48.516579], [-88.953521, 48.516617], [-88.953386, 48.516604], [-88.953231, 48.516539], [-88.953057, 48.516423], [-88.952942, 48.516254]], [[-88.959701, 48.511326], [-88.95966, 48.511308], [-88.95962, 48.511303], [-88.95958, 48.511312], [-88.959549, 48.511328], [-88.959529, 48.51135], [-88.959519, 48.511379], [-88.959519, 48.511415], [-88.959539, 48.511442], [-88.95958, 48.51146], [-88.95964, 48.511469], [-88.959721, 48.511469], [-88.959771, 48.511457], [-88.959791, 48.511435], [-88.959781, 48.511402], [-88.959741, 48.511357], [-88.959701, 48.511326]], [[-88.959099, 48.511435], [-88.959092, 48.51144], [-88.959089, 48.511446], [-88.959089, 48.511455], [-88.959092, 48.51146], [-88.959099, 48.51146], [-88.959109, 48.511455], [-88.959122, 48.511446], [-88.959129, 48.51144], [-88.959129, 48.511435], [-88.959122, 48.511433], [-88.959109, 48.511433], [-88.959099, 48.511435]]]}}, {"type": "Feature", "properties": {"lead": 96, "temp": "sp:brook_trout"}, "geometry": {"type": "Polygon", "coordinates": [[[-88.930407, 48.520013], [-88.930223, 48.519746], [-88.930028, 48.519532], [-88.929822, 48.519371], [-88.929607, 48.519264], [-88.929405, 48.519184], [-88.929217, 48.51913], [-88.929042, 48.519103], [-88.928881, 48.519103], [-88.928716, 48.519139], [-88.928548, 48.51921], [-88.928377, 48.519317], [-88.928202, 48.51946], [-88.927933, 48.519603], [-88.92757, 48.519746], [-88.927112, 48.519888], [-88.926561, 48.520031], [-88.926141, 48.520149], [-88.925851, 48.520243], [-88.925693, 48.520312], [-88.925667, 48.520356], [-88.925619, 48.520385], [-88.925552, 48.520399], [-88.925465, 48.520397], [-88.925357, 48.520379], [-88.925243, 48.520385], [-88.925122, 48.520417], [-88.924994, 48.520472], [-88.92486, 48.520553], [-88.924738, 48.520613], [-88.924631, 48.520653], [-88.924537, 48.520673], [-88.924456, 48.520673], [-88.924396, 48.520629], [-88.924355, 48.520539], [-88.924335, 48.520406], [-88.924335, 48.520227], [-88.924399, 48.520082], [-88.924527, 48.519971], [-88.924718, 48.519893], [-88.924974, 48.519848], [-88.925159, 48.519808], [-88.925273, 48.519772], [-88.925317, 48.519741], [-88.92529, 48.519714], [-88.925414, 48.519656], [-88.92569, 48.519567], [-88.926117, 48.519447], [-88.926695, 48.519295], [-88.927176, 48.519157], [-88.92756, 48.519032], [-88.927845, 48.518921], [-88.928034, 48.518823], [-88.928229, 48.518749], [-88.92843, 48.5187], [-88.928639, 48.518675], [-88.928854, 48.518675], [-88.929103, 48.518722], [-88.929385, 48.518816], [-88.929701, 48.518956], [-88.930051, 48.519144], [-88.930344, 48.51936], [-88.930579, 48.519605], [-88.930757, 48.519879], [-88.930878, 48.520183], [-88.930956, 48.520421], [-88.930989, 48.520595], [-88.930979, 48.520704], [-88.930925, 48.520749], [-88.930841, 48.520702], [-88.930727, 48.520564], [-88.930582, 48.520334], [-88.930407, 48.520013]]]}}, {"type": "Feature", "properties": {"lead": 96, "temp": "sp:brook_trout"}, "geometry": {"type": "Polygon", "coordinates": [[[-88.951053, 48.5221], [-88.951389, 48.521975], [-88.951799, 48.521837], [-88.952283, 48.521685], [-88.952593, 48.52161], [-88.952727, 48.52161], [-88.952687, 48.521685], [-88.952471, 48.521837], [-88.952196, 48.521975], [-88.95186, 48.5221], [-88.951463, 48.522211], [-88.951005, 48.52231], [-88.95071, 48.522359], [-88.950575, 48.522359], [-88.950602, 48.52231], [-88.95079, 48.522211], [-88.951053, 48.5221]]]}}, {"type": "Feature", "properties": {"lead": 96, "temp": "sp:brook_trout"}, "geometry": {"type": "Polygon", "coordinates": [[[-88.930929, 48.523197], [-88.930935, 48.523126], [-88.930986, 48.523032], [-88.93108, 48.522916], [-88.931137, 48.522742], [-88.931157, 48.52251], [-88.93114, 48.52222], [-88.931087, 48.521873], [-88.931073, 48.521583], [-88.9311, 48.521351], [-88.931167, 48.521177], [-88.931275, 48.521061], [-88.931386, 48.52109], [-88.9315, 48.521264], [-88.931618, 48.521583], [-88.931739, 48.522047], [-88.931783, 48.52243], [-88.931749, 48.522733], [-88.931638, 48.522956], [-88.93145, 48.523099], [-88.931288, 48.523199], [-88.931154, 48.523257], [-88.931046, 48.523273], [-88.930966, 48.523246], [-88.930929, 48.523197]]]}}, {"type": "Feature", "properties": {"lead": 96, "temp": "sp:brook_trout"}, "geometry": {"type": "Polygon", "coordinates": [[[-88.949997, 48.522613], [-88.950014, 48.522599], [-88.950047, 48.522582], [-88.950098, 48.522559], [-88.950165, 48.522533], [-88.950198, 48.522521], [-88.950198, 48.522526], [-88.950165, 48.522546], [-88.950098, 48.522582], [-88.950047, 48.522606], [-88.950014, 48.522619], [-88.949997, 48.522622], [-88.949997, 48.522613]]]}}, {"type": "Feature", "properties": {"lead": 96, "temp": "sp:brook_trout"}, "geometry": {"type": "Polygon", "coordinates": [[[-88.94228, 48.523821], [-88.942206, 48.523696], [-88.942156, 48.523545], [-88.942129, 48.523366], [-88.942125, 48.523199], [-88.942146, 48.523043], [-88.942189, 48.522898], [-88.942257, 48.522764], [-88.942354, 48.522631], [-88.942482, 48.522497], [-88.94264, 48.522363], [-88.942828, 48.522229], [-88.94306, 48.52212], [-88.943336, 48.522035], [-88.943655, 48.521975], [-88.944018, 48.521939], [-88.944405, 48.521948], [-88.944815, 48.522002], [-88.945249, 48.5221], [-88.945706, 48.522243], [-88.946022, 48.522352], [-88.946197, 48.522428], [-88.946231, 48.52247], [-88.946123, 48.522479], [-88.946032, 48.522501], [-88.945959, 48.522537], [-88.945901, 48.522586], [-88.945861, 48.522648], [-88.945669, 48.522689], [-88.945326, 48.522706], [-88.944832, 48.522702], [-88.944187, 48.522675], [-88.943669, 48.522691], [-88.943279, 48.522749], [-88.943016, 48.522849], [-88.942882, 48.522992], [-88.942781, 48.523155], [-88.942714, 48.523337], [-88.94268, 48.52354], [-88.94268, 48.523763], [-88.94265, 48.523913], [-88.942589, 48.523988], [-88.942499, 48.523991], [-88.942378, 48.523919], [-88.94228, 48.523821]]]}}, {"type": "Feature", "properties": {"lead": 96, "temp": "sp:brook_trout"}, "geometry": {"type": "Polygon", "coordinates": [[[-88.947418, 48.523514], [-88.94729, 48.523487], [-88.947186, 48.523447], [-88.947105, 48.523393], [-88.947034, 48.523317], [-88.946974, 48.523219], [-88.946924, 48.523099], [-88.946883, 48.522956], [-88.946937, 48.522883], [-88.947085, 48.522878], [-88.947327, 48.522943], [-88.947663, 48.523077], [-88.947959, 48.523166], [-88.948215, 48.52321], [-88.94843, 48.52321], [-88.948605, 48.523166], [-88.948682, 48.523159], [-88.948662, 48.52319], [-88.948544, 48.523259], [-88.948329, 48.523366], [-88.948124, 48.523447], [-88.947929, 48.5235], [-88.947744, 48.523527], [-88.947569, 48.523527], [-88.947418, 48.523514]]]}}, {"type": "Feature", "properties": {"lead": 96, "temp": "sp:salmon"}, "geometry": {"type": "Polygon", "coordinates": [[[-88.986216, 48.508137], [-88.986068, 48.508063], [-88.985853, 48.507978], [-88.985571, 48.507883], [-88.985221, 48.507776], [-88.985036, 48.507697], [-88.985016, 48.507648], [-88.985161, 48.507628], [-88.98547, 48.507637], [-88.985732, 48.507684], [-88.985947, 48.507769], [-88.986116, 48.507891], [-88.986237, 48.508052], [-88.986307, 48.508157], [-88.986327, 48.508206], [-88.986297, 48.508199], [-88.986216, 48.508137]]]}}, {"type": "Feature", "properties": {"lead": 96, "temp": "sp:salmon"}, "geometry": {"type": "Polygon", "coordinates": [[[-88.984922, 48.50842], [-88.984942, 48.508407], [-88.984972, 48.5084], [-88.985013, 48.5084], [-88.985033, 48.508407], [-88.985033, 48.50842], [-88.985013, 48.50844], [-88.984972, 48.508467], [-88.984942, 48.50848], [-88.984922, 48.50848], [-88.984912, 48.508467], [-88.984912, 48.50844], [-88.984922, 48.50842]]]}}, {"type": "Feature", "properties": {"lead": 96, "temp": "sp:salmon"}, "geometry": {"type": "Polygon", "coordinates": [[[-88.976815, 48.508962], [-88.976923, 48.508944], [-88.977098, 48.508935], [-88.97734, 48.508935], [-88.977467, 48.508944], [-88.977481, 48.508962], [-88.97738, 48.508989], [-88.977165, 48.509024], [-88.976997, 48.509042], [-88.976876, 48.509042], [-88.976802, 48.509024], [-88.976775, 48.508989], [-88.976815, 48.508962]]]}}, {"type": "Feature", "properties": {"lead": 96, "temp": "sp:salmon"}, "geometry": {"type": "Polygon", "coordinates": [[[-88.96849, 48.509497], [-88.968893, 48.509354], [-88.969337, 48.509243], [-88.969821, 48.509163], [-88.970353, 48.509096], [-88.970931, 48.509042], [-88.971556, 48.509002], [-88.972229, 48.508975], [-88.97274, 48.508926], [-88.97309, 48.508855], [-88.973278, 48.508761], [-88.973305, 48.508645], [-88.973379, 48.508536], [-88.9735, 48.508433], [-88.973668, 48.508338], [-88.973883, 48.508248], [-88.974149, 48.508195], [-88.974465, 48.508177], [-88.974831, 48.508195], [-88.975248, 48.508248], [-88.975611, 48.508326], [-88.975921, 48.508429], [-88.976176, 48.508556], [-88.976378, 48.508708], [-88.976516, 48.508837], [-88.97659, 48.508944], [-88.9766, 48.509029], [-88.976546, 48.509091], [-88.976465, 48.509145], [-88.976358, 48.509189], [-88.976223, 48.509225], [-88.976062, 48.509252], [-88.975931, 48.509245], [-88.97583, 48.509205], [-88.975759, 48.509131], [-88.975719, 48.509024], [-88.975591, 48.508935], [-88.975376, 48.508864], [-88.975073, 48.50881], [-88.974683, 48.508775], [-88.974391, 48.50877], [-88.974196, 48.508797], [-88.974098, 48.508855], [-88.974098, 48.508944], [-88.974162, 48.509024], [-88.97429, 48.509096], [-88.974482, 48.509158], [-88.974737, 48.509212], [-88.974909, 48.50925], [-88.974996, 48.509272], [-88.974999, 48.509279], [-88.974919, 48.50927], [-88.974845, 48.509281], [-88.974778, 48.509312], [-88.974717, 48.509363], [-88.974663, 48.509435], [-88.974398, 48.509495], [-88.97392, 48.509544], [-88.973231, 48.509582], [-88.97233, 48.509609], [-88.971614, 48.509647], [-88.971082, 48.509696], [-88.970736, 48.509756], [-88.970575, 48.509827], [-88.970346, 48.509876], [-88.97005, 48.509903], [-88.969687, 48.509907], [-88.969257, 48.50989], [-88.968934, 48.509885], [-88.968719, 48.509894], [-88.968611, 48.509916], [-88.968611, 48.509952], [-88.96853, 48.50999], [-88.968369, 48.51003], [-88.968127, 48.510073], [-88.967804, 48.510117], [-88.967643, 48.510099], [-88.967643, 48.510019], [-88.967804, 48.509876], [-88.968127, 48.509671], [-88.96849, 48.509497]]]}}, {"type": "Feature", "properties": {"lead": 96, "temp": "sp:salmon"}, "geometry": {"type": "Polygon", "coordinates": [[[-88.975131, 48.509319], [-88.975151, 48.509301], [-88.975181, 48.509292], [-88.975221, 48.509292], [-88.975242, 48.509301], [-88.975242, 48.509319], [-88.975221, 48.509346], [-88.975181, 48.509381], [-88.975151, 48.509399], [-88.975131, 48.509399], [-88.975121, 48.509381], [-88.975121, 48.509346], [-88.975131, 48.509319]]]}}, {"type": "Feature", "properties": {"lead": 96, "temp": "sp:salmon"}, "geometry": {"type": "Polygon", "coordinates": [[[-88.96691, 48.51024], [-88.96695, 48.510226], [-88.96701, 48.51022], [-88.967091, 48.51022], [-88.967131, 48.510226], [-88.967131, 48.51024], [-88.967091, 48.51026], [-88.96701, 48.510287], [-88.96695, 48.5103], [-88.96691, 48.5103], [-88.966889, 48.510287], [-88.966889, 48.51026], [-88.96691, 48.51024]]]}}, {"type": "Feature", "properties": {"lead": 96, "temp": "sp:salmon"}, "geometry": {"type": "Polygon", "coordinates": [[[-88.966657, 48.510333], [-88.966704, 48.510347], [-88.966728, 48.510367], [-88.966728, 48.510394], [-88.966704, 48.510407], [-88.966657, 48.510407], [-88.966587, 48.510394], [-88.966493, 48.510367], [-88.966446, 48.510347], [-88.966446, 48.510333], [-88.966493, 48.510327], [-88.966587, 48.510327], [-88.966657, 48.510333]]]}}, {"type": "Feature", "properties": {"lead": 96, "temp": "sp:salmon"}, "geometry": {"type": "Polygon", "coordinates": [[[-88.965867, 48.510487], [-88.965887, 48.510461], [-88.965928, 48.510443], [-88.965988, 48.510434], [-88.966069, 48.510434], [-88.966109, 48.510443], [-88.966109, 48.510461], [-88.966069, 48.510487], [-88.965988, 48.510523], [-88.965928, 48.510541], [-88.965887, 48.510541], [-88.965867, 48.510523], [-88.965867, 48.510487]]]}}, {"type": "Feature", "properties": {"lead": 96, "temp": "sp:salmon"}, "geometry": {"type": "Polygon", "coordinates": [[[-88.965339, 48.510597], [-88.96536, 48.510583], [-88.96539, 48.510577], [-88.96543, 48.510577], [-88.96545, 48.510583], [-88.96545, 48.510597], [-88.96543, 48.510617], [-88.96539, 48.510643], [-88.96536, 48.510657], [-88.965339, 48.510657], [-88.965329, 48.510643], [-88.965329, 48.510617], [-88.965339, 48.510597]]]}}, {"type": "Feature", "properties": {"lead": 96, "temp": "sp:salmon"}, "geometry": {"type": "Polygon", "coordinates": [[[-88.965027, 48.510704], [-88.965067, 48.51069], [-88.965128, 48.510684], [-88.965208, 48.510684], [-88.965249, 48.51069], [-88.965249, 48.510704], [-88.965208, 48.510724], [-88.965128, 48.51075], [-88.965067, 48.510764], [-88.965027, 48.510764], [-88.965006, 48.51075], [-88.965006, 48.510724], [-88.965027, 48.510704]]]}}, {"type": "Feature", "properties": {"lead": 96, "temp": "sp:salmon"}, "geometry": {"type": "Polygon", "coordinates": [[[-88.964492, 48.510811], [-88.964539, 48.510797], [-88.96461, 48.510791], [-88.964704, 48.510791], [-88.964751, 48.510797], [-88.964751, 48.510811], [-88.964704, 48.510831], [-88.96461, 48.510857], [-88.964539, 48.510871], [-88.964492, 48.510871], [-88.964468, 48.510857], [-88.964468, 48.510831], [-88.964492, 48.510811]]]}}, {"type": "Feature", "properties": {"lead": 96, "temp": "sp:salmon"}, "geometry": {"type": "Polygon", "coordinates": [[[-88.964317, 48.510918], [-88.964337, 48.510904], [-88.964368, 48.510898], [-88.964408, 48.510898], [-88.964428, 48.510904], [-88.964428, 48.510918], [-88.964408, 48.510938], [-88.964368, 48.510965], [-88.964337, 48.510978], [-88.964317, 48.510978], [-88.964307, 48.510965], [-88.964307, 48.510938], [-88.964317, 48.510918]]]}}, {"type": "Feature", "properties": {"lead": 96, "temp": "sp:salmon"}, "geometry": {"type": "Polygon", "coordinates": [[[-88.963783, 48.510918], [-88.963809, 48.510904], [-88.96385, 48.510898], [-88.963904, 48.510898], [-88.96393, 48.510904], [-88.96393, 48.510918], [-88.963904, 48.510938], [-88.96385, 48.510965], [-88.963809, 48.510978], [-88.963783, 48.510978], [-88.963769, 48.510965], [-88.963769, 48.510938], [-88.963783, 48.510918]]]}}, {"type": "Feature", "properties": {"lead": 96, "temp": "sp:salmon"}, "geometry": {"type": "Polygon", "coordinates": [[[-88.963295, 48.511031], [-88.963315, 48.511014], [-88.963345, 48.511005], [-88.963386, 48.511005], [-88.963406, 48.511014], [-88.963406, 48.511031], [-88.963386, 48.511058], [-88.963345, 48.511094], [-88.963315, 48.511112], [-88.963295, 48.511112], [-88.963285, 48.511094], [-88.963285, 48.511058], [-88.963295, 48.511031]]]}}, {"type": "Feature", "properties": {"lead": 96, "temp": "sp:salmon"}, "geometry": {"type": "Polygon", "coordinates": [[[-88.996236, 48.512561], [-88.996142, 48.512492], [-88.996223, 48.512416], [-88.996478, 48.512334], [-88.996909, 48.512245], [-88.997295, 48.512138], [-88.997638, 48.512013], [-88.997938, 48.51187], [-88.998193, 48.511709], [-88.998452, 48.511578], [-88.998714, 48.511475], [-88.99898, 48.511402], [-88.999249, 48.511357], [-88.999441, 48.511364], [-88.999555, 48.511422], [-88.999592, 48.511531], [-88.999552, 48.511692], [-88.999488, 48.511812], [-88.9994, 48.511892], [-88.999289, 48.511932], [-88.999155, 48.511932], [-88.999024, 48.511961], [-88.998896, 48.512019], [-88.998772, 48.512106], [-88.998651, 48.512222], [-88.998506, 48.512309], [-88.998338, 48.512367], [-88.998146, 48.512396], [-88.997931, 48.512396], [-88.997726, 48.512416], [-88.997531, 48.512456], [-88.997346, 48.512517], [-88.997171, 48.512597], [-88.996973, 48.512641], [-88.996751, 48.51265], [-88.996505, 48.512624], [-88.996236, 48.512561]]]}}, {"type": "Feature", "properties": {"lead": 96, "temp": "sp:salmon"}, "geometry": {"type": "Polygon", "coordinates": [[[-88.962892, 48.511147], [-88.962939, 48.511147], [-88.962962, 48.511165], [-88.962962, 48.511201], [-88.962939, 48.511228], [-88.962892, 48.511246], [-88.962821, 48.511254], [-88.962727, 48.511254], [-88.96268, 48.511246], [-88.96268, 48.511228], [-88.962727, 48.511201], [-88.962821, 48.511165], [-88.962892, 48.511147]]]}}, {"type": "Feature", "properties": {"lead": 96, "temp": "sp:salmon"}, "geometry": {"type": "Polygon", "coordinates": [[[-88.960723, 48.511382], [-88.960763, 48.511368], [-88.960824, 48.511361], [-88.960904, 48.511361], [-88.960945, 48.511368], [-88.960945, 48.511382], [-88.960904, 48.511402], [-88.960824, 48.511428], [-88.960763, 48.511442], [-88.960723, 48.511442], [-88.960703, 48.511428], [-88.960703, 48.511402], [-88.960723, 48.511382]]]}}, {"type": "Feature", "properties": {"lead": 96, "temp": "sp:salmon"}, "geometry": {"type": "Polygon", "coordinates": [[[-88.962111, 48.511489], [-88.962132, 48.511475], [-88.962162, 48.511469], [-88.962202, 48.511469], [-88.962222, 48.511475], [-88.962222, 48.511489], [-88.962202, 48.511509], [-88.962162, 48.511535], [-88.962132, 48.511549], [-88.962111, 48.511549], [-88.962101, 48.511535], [-88.962101, 48.511509], [-88.962111, 48.511489]]]}}, {"type": "Feature", "properties": {"lead": 96, "temp": "sp:salmon"}, "geometry": {"type": "Polygon", "coordinates": [[[-88.959943, 48.511582], [-88.959875, 48.51156], [-88.959842, 48.511535], [-88.959842, 48.511509], [-88.959875, 48.511489], [-88.959943, 48.511475], [-88.960044, 48.511469], [-88.960178, 48.511469], [-88.960279, 48.51148], [-88.960346, 48.511502], [-88.96038, 48.511535], [-88.96038, 48.51158], [-88.960346, 48.511609], [-88.960279, 48.511622], [-88.960178, 48.51162], [-88.960044, 48.511602], [-88.959943, 48.511582]]]}}, {"type": "Feature", "properties": {"lead": 96, "temp": "sp:salmon"}, "geometry": {"type": "Polygon", "coordinates": [[[-88.961224, 48.511542], [-88.961271, 48.511511], [-88.961429, 48.511509], [-88.961698, 48.511535], [-88.9619, 48.511567], [-88.962034, 48.511602], [-88.962101, 48.511642], [-88.962101, 48.511687], [-88.962078, 48.511716], [-88.962031, 48.511729], [-88.96196, 48.511727], [-88.961866, 48.511709], [-88.961795, 48.511705], [-88.961748, 48.511714], [-88.961725, 48.511736], [-88.961725, 48.511772], [-88.961681, 48.511776], [-88.961594, 48.511749], [-88.961462, 48.511692], [-88.961288, 48.511602], [-88.961224, 48.511542]]]}}, {"type": "Feature", "properties": {"lead": 96, "temp": "sp:salmon"}, "geometry": {"type": "Polygon", "coordinates": [[[-88.95958, 48.511689], [-88.959539, 48.511667], [-88.959519, 48.511642], [-88.959519, 48.511616], [-88.959539, 48.511596], [-88.95958, 48.511582], [-88.95964, 48.511576], [-88.959721, 48.511576], [-88.959781, 48.511587], [-88.959822, 48.511609], [-88.959842, 48.511642], [-88.959842, 48.511687], [-88.959822, 48.511716], [-88.959781, 48.511729], [-88.959721, 48.511727], [-88.95964, 48.511709], [-88.95958, 48.511689]]]}}, {"type": "Feature", "properties": {"lead": 96, "temp": "sp:salmon"}, "geometry": {"type": "Polygon", "coordinates": [[[-88.959156, 48.511709], [-88.959183, 48.511692], [-88.959223, 48.511683], [-88.959277, 48.511683], [-88.959304, 48.511692], [-88.959304, 48.511709], [-88.959277, 48.511736], [-88.959223, 48.511772], [-88.959183, 48.51179], [-88.959156, 48.51179], [-88.959142, 48.511772], [-88.959142, 48.511736], [-88.959156, 48.511709]]]}}, {"type": "Feature", "properties": {"lead": 96, "temp": "sp:salmon"}, "geometry": {"type": "Polygon", "coordinates": [[[-88.952956, 48.516236], [-88.952929, 48.515977], [-88.952976, 48.515647], [-88.953097, 48.515246], [-88.953289, 48.514916], [-88.953551, 48.514657], [-88.953884, 48.51447], [-88.954287, 48.514354], [-88.95459, 48.514247], [-88.954792, 48.514149], [-88.954892, 48.51406], [-88.954892, 48.513979], [-88.954913, 48.513913], [-88.954953, 48.513859], [-88.955013, 48.513819], [-88.955094, 48.513792], [-88.955145, 48.513743], [-88.955165, 48.513672], [-88.955155, 48.513578], [-88.955114, 48.513462], [-88.955148, 48.513346], [-88.955256, 48.51323], [-88.955437, 48.513114], [-88.955693, 48.512998], [-88.955874, 48.512891], [-88.955982, 48.512793], [-88.956015, 48.512704], [-88.955975, 48.512624], [-88.955968, 48.512548], [-88.955995, 48.512476], [-88.956056, 48.51241], [-88.95615, 48.512347], [-88.956325, 48.512265], [-88.95658, 48.512162], [-88.956917, 48.512039], [-88.957333, 48.511897], [-88.95771, 48.511799], [-88.958046, 48.511745], [-88.958342, 48.511736], [-88.958598, 48.511772], [-88.958759, 48.511819], [-88.958826, 48.511877], [-88.958799, 48.511946], [-88.958678, 48.512026], [-88.958544, 48.51208], [-88.958396, 48.512106], [-88.958235, 48.512106], [-88.95806, 48.51208], [-88.957875, 48.512073], [-88.95768, 48.512086], [-88.957475, 48.51212], [-88.95726, 48.512173], [-88.957098, 48.512236], [-88.956991, 48.512307], [-88.956937, 48.512387], [-88.956937, 48.512476], [-88.956893, 48.512563], [-88.956806, 48.512648], [-88.956674, 48.512731], [-88.9565, 48.512811], [-88.956325, 48.512929], [-88.95615, 48.513085], [-88.955975, 48.513279], [-88.9558, 48.513511], [-88.955615, 48.513714], [-88.95542, 48.513888], [-88.955215, 48.514033], [-88.955, 48.514149], [-88.954788, 48.514321], [-88.95458, 48.514548], [-88.954375, 48.514831], [-88.954173, 48.51517], [-88.954022, 48.515467], [-88.953921, 48.515721], [-88.95387, 48.515933], [-88.95387, 48.516102], [-88.953847, 48.516252], [-88.9538, 48.516381], [-88.953729, 48.51649], [-88.953635, 48.516579], [-88.953521, 48.516617], [-88.953386, 48.516604], [-88.953231, 48.516539], [-88.953057, 48.516423], [-88.952956, 48.516236]]]}}, {"type": "Feature", "properties": {"lead": 96, "temp": "sp:salmon"}, "geometry": {"type": "Polygon", "coordinates": [[[-88.930223, 48.519746], [-88.930028, 48.519532], [-88.929822, 48.519371], [-88.929607, 48.519264], [-88.929405, 48.519184], [-88.929217, 48.51913], [-88.929042, 48.519103], [-88.928881, 48.519103], [-88.928716, 48.519139], [-88.928548, 48.51921], [-88.928377, 48.519317], [-88.928202, 48.51946], [-88.927933, 48.519603], [-88.92757, 48.519746], [-88.927112, 48.519888], [-88.926561, 48.520031], [-88.926141, 48.520149], [-88.925851, 48.520243], [-88.925693, 48.520312], [-88.925667, 48.520356], [-88.925619, 48.520385], [-88.925552, 48.520399], [-88.925465, 48.520397], [-88.925357, 48.520379], [-88.925243, 48.520385], [-88.925122, 48.520417], [-88.924994, 48.520472], [-88.92486, 48.520553], [-88.924738, 48.520613], [-88.924631, 48.520653], [-88.924537, 48.520673], [-88.924456, 48.520673], [-88.924396, 48.52066], [-88.924355, 48.520633], [-88.924335, 48.520593], [-88.924335, 48.520539], [-88.924527, 48.52045], [-88.92491, 48.520325], [-88.925485, 48.520165], [-88.926252, 48.519969], [-88.926894, 48.519786], [-88.927412, 48.519616], [-88.927805, 48.51946], [-88.928074, 48.519317], [-88.928276, 48.519195], [-88.92841, 48.519092], [-88.928477, 48.51901], [-88.928477, 48.518947], [-88.928518, 48.518901], [-88.928599, 48.518869], [-88.92872, 48.518854], [-88.928881, 48.518854], [-88.929079, 48.518889], [-88.929315, 48.518961], [-88.929587, 48.519068], [-88.929896, 48.51921], [-88.930128, 48.51934], [-88.930283, 48.519456], [-88.93036, 48.519558], [-88.93036, 48.519647], [-88.930387, 48.519721], [-88.930441, 48.519779], [-88.930522, 48.519821], [-88.930629, 48.519848], [-88.930727, 48.519915], [-88.930814, 48.520022], [-88.930892, 48.520169], [-88.930959, 48.520356], [-88.930996, 48.520508], [-88.931003, 48.520624], [-88.930979, 48.520704], [-88.930925, 48.520749], [-88.930841, 48.520702], [-88.930727, 48.520564], [-88.930582, 48.520334], [-88.930407, 48.520013], [-88.930223, 48.519746]]]}}, {"type": "Feature", "properties": {"lead": 96, "temp": "sp:salmon"}, "geometry": {"type": "Polygon", "coordinates": [[[-88.951053, 48.5221], [-88.951389, 48.521975], [-88.951799, 48.521837], [-88.952283, 48.521685], [-88.952593, 48.52161], [-88.952727, 48.52161], [-88.952687, 48.521685], [-88.952471, 48.521837], [-88.952196, 48.521975], [-88.95186, 48.5221], [-88.951463, 48.522211], [-88.951005, 48.52231], [-88.95071, 48.522359], [-88.950575, 48.522359], [-88.950602, 48.52231], [-88.95079, 48.522211], [-88.951053, 48.5221]]]}}, {"type": "Feature", "properties": {"lead": 96, "temp": "sp:salmon"}, "geometry": {"type": "Polygon", "coordinates": [[[-88.930929, 48.523197], [-88.930935, 48.523126], [-88.930986, 48.523032], [-88.93108, 48.522916], [-88.931137, 48.522742], [-88.931157, 48.52251], [-88.93114, 48.52222], [-88.931087, 48.521873], [-88.931073, 48.521583], [-88.9311, 48.521351], [-88.931167, 48.521177], [-88.931275, 48.521061], [-88.931366, 48.520987], [-88.93144, 48.520956], [-88.931497, 48.520967], [-88.931537, 48.521021], [-88.931564, 48.521115], [-88.931578, 48.521248], [-88.931578, 48.521422], [-88.931564, 48.521636], [-88.931571, 48.521799], [-88.931598, 48.521911], [-88.931645, 48.521971], [-88.931712, 48.52198], [-88.931769, 48.522022], [-88.931816, 48.522098], [-88.931853, 48.522207], [-88.93188, 48.52235], [-88.931853, 48.522504], [-88.931773, 48.522669], [-88.931638, 48.522845], [-88.93145, 48.523032], [-88.931288, 48.523166], [-88.931154, 48.523246], [-88.931046, 48.523273], [-88.930966, 48.523246], [-88.930929, 48.523197]], [[-88.931413, 48.521373], [-88.931393, 48.521418], [-88.931383, 48.521485], [-88.931383, 48.521574], [-88.931393, 48.521618], [-88.931413, 48.521618], [-88.931443, 48.521574], [-88.931483, 48.521485], [-88.931504, 48.521418], [-88.931504, 48.521373], [-88.931483, 48.521351], [-88.931443, 48.521351], [-88.931413, 48.521373]]]}}, {"type": "Feature", "properties": {"lead": 96, "temp": "sp:salmon"}, "geometry": {"type": "Polygon", "coordinates": [[[-88.950014, 48.522599], [-88.950047, 48.522582], [-88.950098, 48.522559], [-88.950165, 48.522533], [-88.950198, 48.522521], [-88.950198, 48.522526], [-88.950165, 48.522546], [-88.950098, 48.522582], [-88.950047, 48.522606], [-88.950014, 48.522619], [-88.949997, 48.522622], [-88.949997, 48.522613], [-88.950014, 48.522599]]]}}, {"type": "Feature", "properties": {"lead": 96, "temp": "sp:salmon"}, "geometry": {"type": "Polygon", "coordinates": [[[-88.94228, 48.523821], [-88.942206, 48.523696], [-88.942156, 48.523545], [-88.942129, 48.523366], [-88.942159, 48.523175], [-88.942246, 48.52297], [-88.942391, 48.522751], [-88.942593, 48.522519], [-88.942774, 48.522345], [-88.942936, 48.522229], [-88.943077, 48.522171], [-88.943198, 48.522171], [-88.943296, 48.522185], [-88.943369, 48.522211], [-88.94342, 48.522252], [-88.943447, 48.522305], [-88.943578, 48.522345], [-88.943813, 48.522372], [-88.944153, 48.522385], [-88.944597, 48.522385], [-88.94496, 48.522372], [-88.945242, 48.522345], [-88.945444, 48.522305], [-88.945565, 48.522252], [-88.945696, 48.522229], [-88.945837, 48.522238], [-88.945989, 48.522278], [-88.94615, 48.52235], [-88.946244, 48.522405], [-88.946271, 48.522446], [-88.946231, 48.52247], [-88.946123, 48.522479], [-88.946032, 48.522501], [-88.945959, 48.522537], [-88.945901, 48.522586], [-88.945861, 48.522648], [-88.945669, 48.522689], [-88.945326, 48.522706], [-88.944832, 48.522702], [-88.944187, 48.522675], [-88.943669, 48.522691], [-88.943279, 48.522749], [-88.943016, 48.522849], [-88.942882, 48.522992], [-88.942781, 48.523155], [-88.942714, 48.523337], [-88.94268, 48.52354], [-88.94268, 48.523763], [-88.94265, 48.523913], [-88.942589, 48.523988], [-88.942499, 48.523991], [-88.942378, 48.523919], [-88.94228, 48.523821]]]}}, {"type": "Feature", "properties": {"lead": 96, "temp": "sp:salmon"}, "geometry": {"type": "Polygon", "coordinates": [[[-88.947418, 48.523514], [-88.94729, 48.523487], [-88.947186, 48.523447], [-88.947105, 48.523393], [-88.947034, 48.523317], [-88.946974, 48.523219], [-88.946924, 48.523099], [-88.946883, 48.522956], [-88.946937, 48.522883], [-88.947085, 48.522878], [-88.947327, 48.522943], [-88.947663, 48.523077], [-88.947959, 48.523166], [-88.948215, 48.52321], [-88.94843, 48.52321], [-88.948605, 48.523166], [-88.948682, 48.523159], [-88.948662, 48.52319], [-88.948544, 48.523259], [-88.948329, 48.523366], [-88.948124, 48.523447], [-88.947929, 48.5235], [-88.947744, 48.523527], [-88.947569, 48.523527], [-88.947418, 48.523514]]]}}, {"type": "Feature", "properties": {"lead": 96, "temp": "sp:steelhead"}, "geometry": {"type": "Polygon", "coordinates": [[[-88.985527, 48.508186], [-88.985305, 48.508132], [-88.985093, 48.508137], [-88.984892, 48.508199], [-88.984737, 48.508224], [-88.984629, 48.50821], [-88.984569, 48.508159], [-88.984555, 48.50807], [-88.984451, 48.508001], [-88.984256, 48.507952], [-88.98397, 48.507923], [-88.983594, 48.507914], [-88.983486, 48.507889], [-88.983648, 48.507849], [-88.984078, 48.507793], [-88.984777, 48.507722], [-88.985335, 48.507695], [-88.985752, 48.507713], [-88.986028, 48.507776], [-88.986163, 48.507883], [-88.986263, 48.508005], [-88.986331, 48.508143], [-88.986364, 48.508297], [-88.986364, 48.508467], [-88.986304, 48.508552], [-88.986183, 48.508552], [-88.986001, 48.508467], [-88.985759, 48.508297], [-88.985527, 48.508186]]]}}, {"type": "Feature", "properties": {"lead": 96, "temp": "sp:steelhead"}, "geometry": {"type": "Polygon", "coordinates": [[[-88.984942, 48.508407], [-88.984972, 48.5084], [-88.985013, 48.5084], [-88.985033, 48.508407], [-88.985033, 48.50842], [-88.985013, 48.50844], [-88.984972, 48.508467], [-88.984942, 48.50848], [-88.984922, 48.50848], [-88.984912, 48.508467], [-88.984912, 48.50844], [-88.984922, 48.50842], [-88.984942, 48.508407]]]}}, {"type": "Feature", "properties": {"lead": 96, "temp": "sp:steelhead"}, "geometry": {"type": "Polygon", "coordinates": [[[-88.97432, 48.508621], [-88.974381, 48.508614], [-88.974461, 48.508614], [-88.974502, 48.508621], [-88.974502, 48.508634], [-88.974461, 48.508654], [-88.974381, 48.508681], [-88.97432, 48.508694], [-88.97428, 48.508694], [-88.97426, 48.508681], [-88.97426, 48.508654], [-88.97428, 48.508634], [-88.97432, 48.508621]]]}}, {"type": "Feature", "properties": {"lead": 96, "temp": "sp:steelhead"}, "geometry": {"type": "Polygon", "coordinates": [[[-88.97505, 48.508732], [-88.975141, 48.508721], [-88.975262, 48.508721], [-88.975322, 48.508732], [-88.975322, 48.508755], [-88.975262, 48.508788], [-88.975141, 48.508833], [-88.97505, 48.508855], [-88.974989, 48.508855], [-88.974959, 48.508833], [-88.974959, 48.508788], [-88.974989, 48.508755], [-88.97505, 48.508732]]]}}, {"type": "Feature", "properties": {"lead": 96, "temp": "sp:steelhead"}, "geometry": {"type": "Polygon", "coordinates": [[[-88.973967, 48.508737], [-88.973997, 48.508721], [-88.974038, 48.508721], [-88.974058, 48.508737], [-88.974058, 48.508768], [-88.974038, 48.508815], [-88.973997, 48.508877], [-88.973967, 48.508908], [-88.973947, 48.508908], [-88.973937, 48.508877], [-88.973937, 48.508815], [-88.973947, 48.508768], [-88.973967, 48.508737]]]}}, {"type": "Feature", "properties": {"lead": 96, "temp": "sp:steelhead"}, "geometry": {"type": "Polygon", "coordinates": [[[-88.975588, 48.509038], [-88.975591, 48.508998], [-88.975618, 48.508944], [-88.975648, 48.508904], [-88.975682, 48.508877], [-88.975719, 48.508864], [-88.975759, 48.508864], [-88.97579, 48.508877], [-88.97581, 48.508904], [-88.97582, 48.508944], [-88.97582, 48.508998], [-88.975803, 48.509038], [-88.975769, 48.509065], [-88.975719, 48.509078], [-88.975652, 48.509078], [-88.975608, 48.509065], [-88.975588, 48.509038]]]}}, {"type": "Feature", "properties": {"lead": 96, "temp": "sp:steelhead"}, "geometry": {"type": "Polygon", "coordinates": [[[-88.977296, 48.509254], [-88.977266, 48.509279], [-88.977225, 48.509341], [-88.977151, 48.509388], [-88.977044, 48.509419], [-88.976903, 48.509435], [-88.976728, 48.509435], [-88.976597, 48.509426], [-88.976509, 48.509408], [-88.976465, 48.509381], [-88.976465, 48.509346], [-88.976425, 48.509319], [-88.976344, 48.509301], [-88.976223, 48.509292], [-88.976062, 48.509292], [-88.975941, 48.509279], [-88.97586, 48.509252], [-88.97582, 48.509212], [-88.97582, 48.509158], [-88.97584, 48.509118], [-88.97588, 48.509091], [-88.975941, 48.509078], [-88.976022, 48.509078], [-88.976082, 48.509065], [-88.976123, 48.509038], [-88.976143, 48.508998], [-88.976143, 48.508944], [-88.976304, 48.508915], [-88.976627, 48.508911], [-88.977111, 48.508931], [-88.977757, 48.508975], [-88.978153, 48.50904], [-88.978301, 48.509125], [-88.9782, 48.50923], [-88.977851, 48.509354], [-88.977589, 48.509426], [-88.977414, 48.509444], [-88.977326, 48.509408], [-88.977326, 48.509319], [-88.977316, 48.509267], [-88.977296, 48.509254]], [[-88.976792, 48.509299], [-88.976788, 48.509305], [-88.976788, 48.509314], [-88.976792, 48.509319], [-88.976798, 48.509319], [-88.976808, 48.509314], [-88.976822, 48.509305], [-88.976829, 48.509299], [-88.976829, 48.509294], [-88.976822, 48.509292], [-88.976808, 48.509292], [-88.976798, 48.509294], [-88.976792, 48.509299]], [[-88.976691, 48.509098], [-88.976681, 48.509118], [-88.976681, 48.509145], [-88.976691, 48.509158], [-88.976711, 48.509158], [-88.976741, 48.509145], [-88.976782, 48.509118], [-88.976802, 48.509098], [-88.976802, 48.509085], [-88.976782, 48.509078], [-88.976741, 48.509078], [-88.976711, 48.509085], [-88.976691, 48.509098]]]}}, {"type": "Feature", "properties": {"lead": 96, "temp": "sp:steelhead"}, "geometry": {"type": "Polygon", "coordinates": [[[-88.974482, 48.509432], [-88.974522, 48.509375], [-88.974522, 48.509301], [-88.974482, 48.509212], [-88.974522, 48.509151], [-88.974643, 48.50912], [-88.974845, 48.509118], [-88.975127, 48.509145], [-88.975322, 48.50918], [-88.97543, 48.509225], [-88.97545, 48.509279], [-88.975383, 48.509341], [-88.975258, 48.509395], [-88.975077, 48.509439], [-88.974838, 48.509475], [-88.974542, 48.509502], [-88.974351, 48.509515], [-88.974263, 48.509515], [-88.97428, 48.509502], [-88.974401, 48.509475], [-88.974482, 48.509432]]]}}, {"type": "Feature", "properties": {"lead": 96, "temp": "sp:steelhead"}, "geometry": {"type": "Polygon", "coordinates": [[[-88.973328, 48.509441], [-88.973419, 48.509435], [-88.97354, 48.509435], [-88.973601, 48.509441], [-88.973601, 48.509455], [-88.97354, 48.509475], [-88.973419, 48.509502], [-88.973328, 48.509515], [-88.973268, 48.509515], [-88.973238, 48.509502], [-88.973238, 48.509475], [-88.973268, 48.509455], [-88.973328, 48.509441]]]}}, {"type": "Feature", "properties": {"lead": 96, "temp": "sp:steelhead"}, "geometry": {"type": "Polygon", "coordinates": [[[-88.972407, 48.509441], [-88.972437, 48.509435], [-88.972478, 48.509435], [-88.972498, 48.509441], [-88.972498, 48.509455], [-88.972478, 48.509475], [-88.972437, 48.509502], [-88.972407, 48.509515], [-88.972387, 48.509515], [-88.972377, 48.509502], [-88.972377, 48.509475], [-88.972387, 48.509455], [-88.972407, 48.509441]]]}}, {"type": "Feature", "properties": {"lead": 96, "temp": "sp:steelhead"}, "geometry": {"type": "Polygon", "coordinates": [[[-88.973106, 48.509548], [-88.973137, 48.509542], [-88.973177, 48.509542], [-88.973197, 48.509548], [-88.973197, 48.509562], [-88.973177, 48.509582], [-88.973137, 48.509609], [-88.973106, 48.509622], [-88.973086, 48.509622], [-88.973076, 48.509609], [-88.973076, 48.509582], [-88.973086, 48.509562], [-88.973106, 48.509548]]]}}, {"type": "Feature", "properties": {"lead": 96, "temp": "sp:steelhead"}, "geometry": {"type": "Polygon", "coordinates": [[[-88.972323, 48.509562], [-88.972377, 48.509582], [-88.972377, 48.509609], [-88.972323, 48.509622], [-88.972215, 48.509622], [-88.972054, 48.509609], [-88.971839, 48.509582], [-88.971731, 48.509562], [-88.971731, 48.509548], [-88.971839, 48.509542], [-88.972054, 48.509542], [-88.972215, 48.509548], [-88.972323, 48.509562]]]}}, {"type": "Feature", "properties": {"lead": 96, "temp": "sp:steelhead"}, "geometry": {"type": "Polygon", "coordinates": [[[-88.969004, 48.509763], [-88.969075, 48.509756], [-88.969169, 48.509756], [-88.969216, 48.509763], [-88.969216, 48.509776], [-88.969169, 48.509796], [-88.969075, 48.509823], [-88.969004, 48.509836], [-88.968957, 48.509836], [-88.968934, 48.509823], [-88.968934, 48.509796], [-88.968957, 48.509776], [-88.969004, 48.509763]]]}}, {"type": "Feature", "properties": {"lead": 96, "temp": "sp:steelhead"}, "geometry": {"type": "Polygon", "coordinates": [[[-88.970312, 48.509852], [-88.970111, 48.509823], [-88.969855, 48.509796], [-88.969737, 48.509776], [-88.969758, 48.509763], [-88.969916, 48.509756], [-88.970211, 48.509756], [-88.970433, 48.509771], [-88.970581, 48.509803], [-88.970655, 48.50985], [-88.970655, 48.509912], [-88.970645, 48.50995], [-88.970625, 48.509963], [-88.970595, 48.509952], [-88.970554, 48.509916], [-88.97046, 48.509883], [-88.970312, 48.509852]]]}}, {"type": "Feature", "properties": {"lead": 96, "temp": "sp:steelhead"}, "geometry": {"type": "Polygon", "coordinates": [[[-88.968335, 48.510003], [-88.968268, 48.509981], [-88.968234, 48.509952], [-88.968234, 48.509916], [-88.968268, 48.50989], [-88.968335, 48.509872], [-88.968436, 48.509863], [-88.968571, 48.509863], [-88.968671, 48.509874], [-88.968739, 48.509896], [-88.968772, 48.50993], [-88.968772, 48.509974], [-88.968739, 48.510006], [-88.968671, 48.510023], [-88.968571, 48.510028], [-88.968436, 48.510019], [-88.968335, 48.510003]]]}}, {"type": "Feature", "properties": {"lead": 96, "temp": "sp:steelhead"}, "geometry": {"type": "Polygon", "coordinates": [[[-88.967972, 48.510012], [-88.968033, 48.510006], [-88.968113, 48.510006], [-88.968154, 48.510012], [-88.968154, 48.510026], [-88.968113, 48.510046], [-88.968033, 48.510073], [-88.967972, 48.510086], [-88.967932, 48.510086], [-88.967912, 48.510073], [-88.967912, 48.510046], [-88.967932, 48.510026], [-88.967972, 48.510012]]]}}, {"type": "Feature", "properties": {"lead": 96, "temp": "sp:steelhead"}, "geometry": {"type": "Polygon", "coordinates": [[[-88.966849, 48.510293], [-88.967071, 48.510246], [-88.967407, 48.510193], [-88.967656, 48.510162], [-88.967817, 48.510153], [-88.967891, 48.510166], [-88.967878, 48.510202], [-88.967817, 48.51024], [-88.96771, 48.51028], [-88.967555, 48.510322], [-88.967353, 48.510367], [-88.967172, 48.510394], [-88.96701, 48.510403], [-88.966869, 48.510394], [-88.966748, 48.510367], [-88.966741, 48.510333], [-88.966849, 48.510293]]]}}, {"type": "Feature", "properties": {"lead": 96, "temp": "sp:steelhead"}, "geometry": {"type": "Polygon", "coordinates": [[[-88.966089, 48.510443], [-88.96615, 48.510434], [-88.96623, 48.510434], [-88.966271, 48.510443], [-88.966271, 48.510461], [-88.96623, 48.510487], [-88.96615, 48.510523], [-88.966089, 48.510541], [-88.966049, 48.510541], [-88.966029, 48.510523], [-88.966029, 48.510487], [-88.966049, 48.510461], [-88.966089, 48.510443]]]}}, {"type": "Feature", "properties": {"lead": 96, "temp": "sp:steelhead"}, "geometry": {"type": "Polygon", "coordinates": [[[-88.995335, 48.512891], [-88.995167, 48.512851], [-88.995046, 48.512798], [-88.995043, 48.512731], [-88.995157, 48.51265], [-88.995389, 48.512557], [-88.995739, 48.51245], [-88.996075, 48.512376], [-88.996398, 48.512336], [-88.996707, 48.512329], [-88.997003, 48.512356], [-88.997225, 48.512367], [-88.997373, 48.512363], [-88.997447, 48.512343], [-88.997447, 48.512307], [-88.997531, 48.51226], [-88.997699, 48.512202], [-88.997951, 48.512133], [-88.998287, 48.512053], [-88.99855, 48.511977], [-88.998738, 48.511906], [-88.998852, 48.511839], [-88.998893, 48.511776], [-88.998967, 48.511723], [-88.999074, 48.511678], [-88.999215, 48.511642], [-88.99939, 48.511616], [-88.999521, 48.511618], [-88.999609, 48.511649], [-88.999653, 48.511709], [-88.999653, 48.511799], [-88.999599, 48.511879], [-88.999491, 48.51195], [-88.99933, 48.512013], [-88.999115, 48.512066], [-88.998933, 48.512129], [-88.998785, 48.5122], [-88.998671, 48.51228], [-88.99859, 48.512369], [-88.998412, 48.512463], [-88.998136, 48.512561], [-88.997763, 48.512664], [-88.997292, 48.512771], [-88.996862, 48.512851], [-88.996472, 48.512905], [-88.996122, 48.512931], [-88.995813, 48.512931], [-88.99555, 48.512918], [-88.995335, 48.512891]]]}}, {"type": "Feature", "properties": {"lead": 96, "temp": "sp:steelhead"}, "geometry": {"type": "Polygon", "coordinates": [[[-88.965824, 48.510603], [-88.965867, 48.510617], [-88.965867, 48.510643], [-88.965824, 48.510663], [-88.965736, 48.510677], [-88.965605, 48.510684], [-88.96543, 48.510684], [-88.965343, 48.510677], [-88.965343, 48.510663], [-88.96543, 48.510643], [-88.965605, 48.510617], [-88.965736, 48.510603], [-88.965824, 48.510603]]]}}, {"type": "Feature", "properties": {"lead": 96, "temp": "sp:steelhead"}, "geometry": {"type": "Polygon", "coordinates": [[[-88.964875, 48.510797], [-88.964906, 48.510791], [-88.964946, 48.510791], [-88.964966, 48.510797], [-88.964966, 48.510811], [-88.964946, 48.510831], [-88.964906, 48.510857], [-88.964875, 48.510871], [-88.964855, 48.510871], [-88.964845, 48.510857], [-88.964845, 48.510831], [-88.964855, 48.510811], [-88.964875, 48.510797]]]}}, {"type": "Feature", "properties": {"lead": 96, "temp": "sp:steelhead"}, "geometry": {"type": "Polygon", "coordinates": [[[-88.964327, 48.510918], [-88.964368, 48.510904], [-88.964428, 48.510898], [-88.964509, 48.510898], [-88.964549, 48.510904], [-88.964549, 48.510918], [-88.964509, 48.510938], [-88.964428, 48.510965], [-88.964368, 48.510978], [-88.964327, 48.510978], [-88.964307, 48.510965], [-88.964307, 48.510938], [-88.964327, 48.510918]]]}}, {"type": "Feature", "properties": {"lead": 96, "temp": "sp:steelhead"}, "geometry": {"type": "Polygon", "coordinates": [[[-88.963809, 48.510904], [-88.96385, 48.510898], [-88.963904, 48.510898], [-88.96393, 48.510904], [-88.96393, 48.510918], [-88.963904, 48.510938], [-88.96385, 48.510965], [-88.963809, 48.510978], [-88.963783, 48.510978], [-88.963769, 48.510965], [-88.963769, 48.510938], [-88.963783, 48.510918], [-88.963809, 48.510904]]]}}, {"type": "Feature", "properties": {"lead": 96, "temp": "sp:steelhead"}, "geometry": {"type": "Polygon", "coordinates": [[[-88.963436, 48.511025], [-88.963446, 48.511045], [-88.963446, 48.511072], [-88.963436, 48.511085], [-88.963416, 48.511085], [-88.963386, 48.511072], [-88.963345, 48.511045], [-88.963325, 48.511025], [-88.963325, 48.511011], [-88.963345, 48.511005], [-88.963386, 48.511005], [-88.963416, 48.511011], [-88.963436, 48.511025]]]}}, {"type": "Feature", "properties": {"lead": 96, "temp": "sp:steelhead"}, "geometry": {"type": "Polygon", "coordinates": [[[-88.962616, 48.511261], [-88.962646, 48.511254], [-88.962686, 48.511254], [-88.962707, 48.511261], [-88.962707, 48.511275], [-88.962686, 48.511295], [-88.962646, 48.511321], [-88.962616, 48.511335], [-88.962596, 48.511335], [-88.962586, 48.511321], [-88.962586, 48.511295], [-88.962596, 48.511275], [-88.962616, 48.511261]]]}}, {"type": "Feature", "properties": {"lead": 96, "temp": "sp:steelhead"}, "geometry": {"type": "Polygon", "coordinates": [[[-88.962125, 48.51156], [-88.962101, 48.511535], [-88.962101, 48.511509], [-88.962132, 48.511482], [-88.962192, 48.511455], [-88.962283, 48.511428], [-88.962404, 48.511402], [-88.962488, 48.511399], [-88.962535, 48.511422], [-88.962545, 48.511469], [-88.962518, 48.51154], [-88.962475, 48.511589], [-88.962414, 48.511616], [-88.962337, 48.51162], [-88.962243, 48.511602], [-88.962172, 48.511582], [-88.962125, 48.51156]]]}}, {"type": "Feature", "properties": {"lead": 96, "temp": "sp:steelhead"}, "geometry": {"type": "Polygon", "coordinates": [[[-88.959741, 48.511587], [-88.959801, 48.511576], [-88.959882, 48.511576], [-88.959923, 48.511587], [-88.959923, 48.511609], [-88.959882, 48.511642], [-88.959801, 48.511687], [-88.959741, 48.511709], [-88.959701, 48.511709], [-88.95968, 48.511687], [-88.95968, 48.511642], [-88.959701, 48.511609], [-88.959741, 48.511587]]]}}, {"type": "Feature", "properties": {"lead": 96, "temp": "sp:steelhead"}, "geometry": {"type": "Polygon", "coordinates": [[[-88.96116, 48.511792], [-88.96114, 48.511732], [-88.96118, 48.511669], [-88.96115, 48.511627], [-88.961049, 48.511605], [-88.960877, 48.511602], [-88.960635, 48.51162], [-88.96045, 48.511622], [-88.960323, 48.511609], [-88.960252, 48.51158], [-88.960239, 48.511535], [-88.960313, 48.511502], [-88.960474, 48.51148], [-88.960723, 48.511469], [-88.961059, 48.511469], [-88.961311, 48.511482], [-88.961479, 48.511509], [-88.961563, 48.511549], [-88.961563, 48.511602], [-88.961597, 48.511636], [-88.961664, 48.511649], [-88.961765, 48.511642], [-88.9619, 48.511616], [-88.961987, 48.511625], [-88.962027, 48.511669], [-88.962021, 48.511749], [-88.961967, 48.511865], [-88.961876, 48.511939], [-88.961748, 48.51197], [-88.961584, 48.511959], [-88.961382, 48.511906], [-88.961241, 48.51185], [-88.96116, 48.511792]]]}}, {"type": "Feature", "properties": {"lead": 96, "temp": "sp:steelhead"}, "geometry": {"type": "Polygon", "coordinates": [[[-88.959368, 48.511716], [-88.959388, 48.511694], [-88.959418, 48.511683], [-88.959459, 48.511683], [-88.959479, 48.511694], [-88.959479, 48.511716], [-88.959459, 48.511749], [-88.959418, 48.511794], [-88.959388, 48.511816], [-88.959368, 48.511816], [-88.959358, 48.511794], [-88.959358, 48.511749], [-88.959368, 48.511716]]]}}, {"type": "Feature", "properties": {"lead": 96, "temp": "sp:steelhead"}, "geometry": {"type": "Polygon", "coordinates": [[[-88.956261, 48.512851], [-88.956237, 48.512771], [-88.956237, 48.512664], [-88.956261, 48.512583], [-88.956308, 48.51253], [-88.956379, 48.512503], [-88.956473, 48.512503], [-88.956574, 48.512474], [-88.956681, 48.512416], [-88.956796, 48.512329], [-88.956917, 48.512213], [-88.957135, 48.512113], [-88.957451, 48.512028], [-88.957865, 48.511959], [-88.958376, 48.511906], [-88.958756, 48.511879], [-88.959005, 48.511879], [-88.959122, 48.511906], [-88.959109, 48.511959], [-88.959062, 48.512006], [-88.958981, 48.512046], [-88.958867, 48.51208], [-88.958719, 48.512106], [-88.958594, 48.512142], [-88.958494, 48.512187], [-88.958416, 48.51224], [-88.958362, 48.512303], [-88.958258, 48.512356], [-88.958103, 48.512401], [-88.957898, 48.512436], [-88.957643, 48.512463], [-88.957411, 48.51251], [-88.957202, 48.512577], [-88.957017, 48.512664], [-88.956856, 48.512771], [-88.956711, 48.512851], [-88.956584, 48.512905], [-88.956473, 48.512931], [-88.956379, 48.512931], [-88.956308, 48.512905], [-88.956261, 48.512851]]]}}, {"type": "Feature", "properties": {"lead": 96, "temp": "sp:steelhead"}, "geometry": {"type": "Polygon", "coordinates": [[[-88.954923, 48.514189], [-88.954892, 48.514162], [-88.954892, 48.514127], [-88.954923, 48.51408], [-88.954983, 48.514022], [-88.955074, 48.513953], [-88.955195, 48.513872], [-88.955286, 48.513777], [-88.955346, 48.513665], [-88.955377, 48.513538], [-88.955377, 48.513395], [-88.95543, 48.513273], [-88.955538, 48.51317], [-88.955699, 48.513087], [-88.955915, 48.513025], [-88.956076, 48.513], [-88.956184, 48.513014], [-88.956237, 48.513065], [-88.956237, 48.513154], [-88.956207, 48.513235], [-88.956147, 48.513306], [-88.956056, 48.513368], [-88.955935, 48.513422], [-88.95582, 48.513507], [-88.955713, 48.513623], [-88.955612, 48.51377], [-88.955518, 48.513948], [-88.955417, 48.514082], [-88.955309, 48.514171], [-88.955195, 48.514216], [-88.955074, 48.514216], [-88.954983, 48.514207], [-88.954923, 48.514189]]]}}, {"type": "Feature", "properties": {"lead": 96, "temp": "sp:steelhead"}, "geometry": {"type": "Polygon", "coordinates": [[[-88.954718, 48.514229], [-88.954758, 48.514216], [-88.954812, 48.514216], [-88.954839, 48.514229], [-88.954839, 48.514256], [-88.954812, 48.514296], [-88.954758, 48.51435], [-88.954718, 48.514376], [-88.954691, 48.514376], [-88.954677, 48.51435], [-88.954677, 48.514296], [-88.954691, 48.514256], [-88.954718, 48.514229]]]}}, {"type": "Feature", "properties": {"lead": 96, "temp": "sp:steelhead"}, "geometry": {"type": "Polygon", "coordinates": [[[-88.954546, 48.514443], [-88.954576, 48.51443], [-88.954617, 48.51443], [-88.954637, 48.514443], [-88.954637, 48.51447], [-88.954617, 48.51451], [-88.954576, 48.514564], [-88.954546, 48.51459], [-88.954526, 48.51459], [-88.954516, 48.514564], [-88.954516, 48.51451], [-88.954526, 48.51447], [-88.954546, 48.514443]]]}}, {"type": "Feature", "properties": {"lead": 96, "temp": "sp:steelhead"}, "geometry": {"type": "Polygon", "coordinates": [[[-88.954385, 48.514666], [-88.954415, 48.514644], [-88.954455, 48.514644], [-88.954475, 48.514666], [-88.954475, 48.514711], [-88.954455, 48.514778], [-88.954415, 48.514867], [-88.954385, 48.514912], [-88.954364, 48.514912], [-88.954354, 48.514867], [-88.954354, 48.514778], [-88.954364, 48.514711], [-88.954385, 48.514666]]]}}, {"type": "Feature", "properties": {"lead": 96, "temp": "sp:steelhead"}, "geometry": {"type": "Polygon", "coordinates": [[[-88.954223, 48.515021], [-88.954254, 48.515001], [-88.954294, 48.515001], [-88.954314, 48.515021], [-88.954314, 48.515061], [-88.954294, 48.515121], [-88.954254, 48.515201], [-88.954223, 48.515242], [-88.954203, 48.515242], [-88.954193, 48.515201], [-88.954193, 48.515121], [-88.954203, 48.515061], [-88.954223, 48.515021]]]}}, {"type": "Feature", "properties": {"lead": 96, "temp": "sp:steelhead"}, "geometry": {"type": "Polygon", "coordinates": [[[-88.953433, 48.516738], [-88.953285, 48.516662], [-88.953151, 48.516562], [-88.95303, 48.516437], [-88.952979, 48.516343], [-88.952999, 48.516281], [-88.95309, 48.516249], [-88.953252, 48.516249], [-88.953373, 48.516227], [-88.953453, 48.516183], [-88.953494, 48.516116], [-88.953494, 48.516026], [-88.953537, 48.515924], [-88.953625, 48.515808], [-88.953756, 48.515679], [-88.953931, 48.515536], [-88.954042, 48.515465], [-88.954089, 48.515465], [-88.954072, 48.515536], [-88.953991, 48.515679], [-88.953951, 48.51583], [-88.953951, 48.515991], [-88.953991, 48.51616], [-88.954072, 48.516339], [-88.954122, 48.516488], [-88.954143, 48.516608], [-88.954132, 48.5167], [-88.954092, 48.516762], [-88.954018, 48.516802], [-88.953911, 48.51682], [-88.953769, 48.516816], [-88.953595, 48.516789], [-88.953433, 48.516738]]]}}, {"type": "Feature", "properties": {"lead": 96, "temp": "sp:steelhead"}, "geometry": {"type": "Polygon", "coordinates": [[[-88.942297, 48.523757], [-88.942317, 48.523701], [-88.942398, 48.523674], [-88.942468, 48.523605], [-88.942529, 48.523493], [-88.942579, 48.52334], [-88.94262, 48.523143], [-88.942694, 48.522974], [-88.942801, 48.522831], [-88.942942, 48.522715], [-88.943117, 48.522626], [-88.943376, 48.522568], [-88.943719, 48.522541], [-88.944146, 48.522546], [-88.944657, 48.522582], [-88.945051, 48.522593], [-88.945326, 48.522579], [-88.945484, 48.522541], [-88.945525, 48.522479], [-88.945585, 48.522428], [-88.945666, 48.522388], [-88.945767, 48.522359], [-88.945888, 48.522341], [-88.946113, 48.522388], [-88.946443, 48.522499], [-88.946876, 48.522675], [-88.947414, 48.522916], [-88.948158, 48.522963], [-88.949106, 48.522816], [-88.950259, 48.522475], [-88.951617, 48.521939], [-88.952714, 48.521538], [-88.953547, 48.521271], [-88.954119, 48.521137], [-88.954428, 48.521137], [-88.95466, 48.52115], [-88.954815, 48.521177], [-88.954892, 48.521217], [-88.954892, 48.521271], [-88.954859, 48.521311], [-88.954792, 48.521338], [-88.954691, 48.521351], [-88.954556, 48.521351], [-88.954445, 48.521373], [-88.954358, 48.521418], [-88.954294, 48.521485], [-88.954254, 48.521574], [-88.95418, 48.521647], [-88.954072, 48.521705], [-88.953931, 48.521748], [-88.953756, 48.521775], [-88.953605, 48.521824], [-88.953477, 48.521895], [-88.953373, 48.521989], [-88.953292, 48.522104], [-88.953134, 48.522198], [-88.952898, 48.522269], [-88.952586, 48.522319], [-88.952196, 48.522345], [-88.951893, 48.522381], [-88.951678, 48.522426], [-88.95155, 48.522479], [-88.95151, 48.522541], [-88.951436, 48.522595], [-88.951328, 48.52264], [-88.951187, 48.522675], [-88.951012, 48.522702], [-88.950861, 48.522751], [-88.950733, 48.522822], [-88.950629, 48.522916], [-88.950548, 48.523032], [-88.950444, 48.523132], [-88.950316, 48.523217], [-88.950165, 48.523286], [-88.94999, 48.52334], [-88.949849, 48.523366], [-88.949741, 48.523366], [-88.949667, 48.52334], [-88.949627, 48.523286], [-88.949499, 48.523288], [-88.949284, 48.523346], [-88.948981, 48.52346], [-88.948591, 48.523629], [-88.948225, 48.523728], [-88.947882, 48.523754], [-88.947562, 48.52371], [-88.947266, 48.523594], [-88.947045, 48.523478], [-88.946897, 48.523362], [-88.946823, 48.523246], [-88.946823, 48.52313], [-88.946789, 48.523023], [-88.946722, 48.522925], [-88.946621, 48.522836], [-88.946486, 48.522755], [-88.946365, 48.522695], [-88.946258, 48.522655], [-88.946164, 48.522635], [-88.946083, 48.522635], [-88.946022, 48.522648], [-88.945982, 48.522675], [-88.945962, 48.522715], [-88.945962, 48.522769], [-88.945918, 48.522809], [-88.945831, 48.522836], [-88.9457, 48.522849], [-88.945525, 48.522849], [-88.945286, 48.522836], [-88.944983, 48.522809], [-88.944617, 48.522769], [-88.944187, 48.522715], [-88.943833, 48.522689], [-88.943558, 48.522689], [-88.943359, 48.522715], [-88.943238, 48.522769], [-88.943151, 48.522831], [-88.943097, 48.522903], [-88.943077, 48.522983], [-88.94309, 48.523072], [-88.943084, 48.523139], [-88.943057, 48.523184], [-88.94301, 48.523206], [-88.942942, 48.523206], [-88.942916, 48.523248], [-88.942929, 48.523333], [-88.942983, 48.52346], [-88.943077, 48.523629], [-88.943124, 48.523783], [-88.943124, 48.523922], [-88.943077, 48.524044], [-88.942983, 48.524151], [-88.942872, 48.524196], [-88.942744, 48.524178], [-88.942599, 48.524098], [-88.942438, 48.523955], [-88.942337, 48.523841], [-88.942297, 48.523757]], [[-88.953181, 48.521835], [-88.953171, 48.521855], [-88.953171, 48.521882], [-88.953181, 48.521895], [-88.953201, 48.521895], [-88.953231, 48.521882], [-88.953272, 48.521855], [-88.953292, 48.521835], [-88.953292, 48.521821], [-88.953272, 48.521815], [-88.953231, 48.521815], [-88.953201, 48.521821], [-88.953181, 48.521835]]]}}, {"type": "Feature", "properties": {"lead": 96, "temp": "sp:steelhead"}, "geometry": {"type": "Polygon", "coordinates": [[[-88.94341, 48.523072], [-88.94344, 48.523063], [-88.94348, 48.523063], [-88.943501, 48.523072], [-88.943501, 48.52309], [-88.94348, 48.523117], [-88.94344, 48.523152], [-88.94341, 48.52317], [-88.94339, 48.52317], [-88.94338, 48.523152], [-88.94338, 48.523117], [-88.94339, 48.52309], [-88.94341, 48.523072]]]}}, {"type": "Feature", "properties": {"lead": 96, "temp": "sp:steelhead"}, "geometry": {"type": "Polygon", "coordinates": [[[-88.928777, 48.51903], [-88.928962, 48.519037], [-88.929177, 48.519063], [-88.929284, 48.51909], [-88.929284, 48.519117], [-88.929177, 48.519144], [-88.928962, 48.51917], [-88.928777, 48.51919], [-88.928622, 48.519204], [-88.928498, 48.51921], [-88.928403, 48.51921], [-88.928356, 48.519197], [-88.928356, 48.51917], [-88.928403, 48.51913], [-88.928498, 48.519077], [-88.928622, 48.519043], [-88.928777, 48.51903]]]}}, {"type": "Feature", "properties": {"lead": 96, "temp": "sp:steelhead"}, "geometry": {"type": "Polygon", "coordinates": [[[-88.929651, 48.519384], [-88.9296, 48.519344], [-88.92956, 48.519291], [-88.92955, 48.519251], [-88.92957, 48.519224], [-88.929621, 48.51921], [-88.929701, 48.51921], [-88.929772, 48.519224], [-88.929833, 48.519251], [-88.929883, 48.519291], [-88.929923, 48.519344], [-88.929933, 48.519384], [-88.929913, 48.519411], [-88.929863, 48.519425], [-88.929782, 48.519425], [-88.929711, 48.519411], [-88.929651, 48.519384]]]}}, {"type": "Feature", "properties": {"lead": 96, "temp": "sp:steelhead"}, "geometry": {"type": "Polygon", "coordinates": [[[-88.928131, 48.519324], [-88.928161, 48.519317], [-88.928202, 48.519317], [-88.928222, 48.519324], [-88.928222, 48.519338], [-88.928202, 48.519358], [-88.928161, 48.519384], [-88.928131, 48.519398], [-88.928111, 48.519398], [-88.928101, 48.519384], [-88.928101, 48.519358], [-88.928111, 48.519338], [-88.928131, 48.519324]]]}}, {"type": "Feature", "properties": {"lead": 96, "temp": "sp:steelhead"}, "geometry": {"type": "Polygon", "coordinates": [[[-88.928057, 48.519487], [-88.928101, 48.519518], [-88.928101, 48.519581], [-88.928057, 48.519627], [-88.92797, 48.519659], [-88.927839, 48.519674], [-88.927664, 48.519674], [-88.927576, 48.519659], [-88.927576, 48.519627], [-88.927664, 48.519581], [-88.927839, 48.519518], [-88.92797, 48.519487], [-88.928057, 48.519487]]]}}, {"type": "Feature", "properties": {"lead": 96, "temp": "sp:steelhead"}, "geometry": {"type": "Polygon", "coordinates": [[[-88.929782, 48.519592], [-88.929836, 48.519552], [-88.92991, 48.519514], [-88.930004, 48.519478], [-88.930075, 48.519467], [-88.930122, 48.51948], [-88.930145, 48.519518], [-88.930145, 48.519581], [-88.930118, 48.519632], [-88.930065, 48.519672], [-88.929984, 48.519701], [-88.929876, 48.519719], [-88.929799, 48.519721], [-88.929752, 48.519708], [-88.929735, 48.519679], [-88.929748, 48.519634], [-88.929782, 48.519592]]]}}, {"type": "Feature", "properties": {"lead": 96, "temp": "sp:steelhead"}, "geometry": {"type": "Polygon", "coordinates": [[[-88.927139, 48.519788], [-88.9272, 48.519781], [-88.92728, 48.519781], [-88.927321, 48.519788], [-88.927321, 48.519801], [-88.92728, 48.519821], [-88.9272, 48.519848], [-88.927139, 48.519862], [-88.927099, 48.519862], [-88.927079, 48.519848], [-88.927079, 48.519821], [-88.927099, 48.519801], [-88.927139, 48.519788]]]}}, {"type": "Feature", "properties": {"lead": 96, "temp": "sp:steelhead"}, "geometry": {"type": "Polygon", "coordinates": [[[-88.930038, 48.519935], [-88.930044, 48.519875], [-88.930085, 48.519795], [-88.930128, 48.519734], [-88.930175, 48.519694], [-88.930226, 48.519674], [-88.93028, 48.519674], [-88.93032, 48.519694], [-88.930347, 48.519734], [-88.93036, 48.519795], [-88.93036, 48.519875], [-88.930337, 48.519935], [-88.93029, 48.519975], [-88.930219, 48.519995], [-88.930125, 48.519995], [-88.930065, 48.519975], [-88.930038, 48.519935]]]}}, {"type": "Feature", "properties": {"lead": 96, "temp": "sp:steelhead"}, "geometry": {"type": "Polygon", "coordinates": [[[-88.926816, 48.519895], [-88.926877, 48.519888], [-88.926958, 48.519888], [-88.926998, 48.519895], [-88.926998, 48.519908], [-88.926958, 48.519928], [-88.926877, 48.519955], [-88.926816, 48.519969], [-88.926776, 48.519969], [-88.926756, 48.519955], [-88.926756, 48.519928], [-88.926776, 48.519908], [-88.926816, 48.519895]]]}}, {"type": "Feature", "properties": {"lead": 96, "temp": "sp:steelhead"}, "geometry": {"type": "Polygon", "coordinates": [[[-88.92646, 48.520011], [-88.926521, 48.519995], [-88.926615, 48.519995], [-88.926672, 48.520011], [-88.926692, 48.520042], [-88.926675, 48.520089], [-88.926621, 48.520151], [-88.926571, 48.520183], [-88.926524, 48.520183], [-88.92648, 48.520151], [-88.92644, 48.520089], [-88.926433, 48.520042], [-88.92646, 48.520011]]]}}, {"type": "Feature", "properties": {"lead": 96, "temp": "sp:steelhead"}, "geometry": {"type": "Polygon", "coordinates": [[[-88.925922, 48.52022], [-88.925895, 48.520192], [-88.925895, 48.520156], [-88.925925, 48.520129], [-88.925986, 48.520111], [-88.926077, 48.520102], [-88.926198, 48.520102], [-88.926285, 48.520113], [-88.926339, 48.520136], [-88.926359, 48.520169], [-88.926346, 48.520214], [-88.926309, 48.520245], [-88.926248, 48.520263], [-88.926164, 48.520267], [-88.926057, 48.520258], [-88.925976, 48.520243], [-88.925922, 48.52022]]]}}, {"type": "Feature", "properties": {"lead": 96, "temp": "sp:steelhead"}, "geometry": {"type": "Polygon", "coordinates": [[[-88.930855, 48.520118], [-88.930865, 48.520102], [-88.930878, 48.520102], [-88.930885, 48.520118], [-88.930885, 48.520149], [-88.930878, 48.520196], [-88.930865, 48.520258], [-88.930855, 48.52029], [-88.930848, 48.52029], [-88.930845, 48.520258], [-88.930845, 48.520196], [-88.930848, 48.520149], [-88.930855, 48.520118]]]}}, {"type": "Feature", "properties": {"lead": 96, "temp": "sp:steelhead"}, "geometry": {"type": "Polygon", "coordinates": [[[-88.92727, 48.520252], [-88.927301, 48.520245], [-88.927341, 48.520245], [-88.927361, 48.520252], [-88.927361, 48.520265], [-88.927341, 48.520285], [-88.927301, 48.520312], [-88.92727, 48.520325], [-88.92725, 48.520325], [-88.92724, 48.520312], [-88.92724, 48.520285], [-88.92725, 48.520265], [-88.92727, 48.520252]]]}}, {"type": "Feature", "properties": {"lead": 96, "temp": "sp:steelhead"}, "geometry": {"type": "Polygon", "coordinates": [[[-88.925862, 48.520265], [-88.925895, 48.520285], [-88.925895, 48.520312], [-88.925862, 48.520325], [-88.925794, 48.520325], [-88.925693, 48.520312], [-88.925559, 48.520285], [-88.925492, 48.520265], [-88.925492, 48.520252], [-88.925559, 48.520245], [-88.925693, 48.520245], [-88.925794, 48.520252], [-88.925862, 48.520265]]]}}, {"type": "Feature", "properties": {"lead": 96, "temp": "sp:steelhead"}, "geometry": {"type": "Polygon", "coordinates": [[[-88.925095, 48.520359], [-88.925155, 48.520352], [-88.925236, 48.520352], [-88.925276, 48.520359], [-88.925276, 48.520372], [-88.925236, 48.520392], [-88.925155, 48.520419], [-88.925095, 48.520432], [-88.925055, 48.520432], [-88.925034, 48.520419], [-88.925034, 48.520392], [-88.925055, 48.520372], [-88.925095, 48.520359]]]}}, {"type": "Feature", "properties": {"lead": 96, "temp": "sp:steelhead"}, "geometry": {"type": "Polygon", "coordinates": [[[-88.93106, 48.520836], [-88.930878, 48.520816], [-88.93065, 48.520816], [-88.930492, 48.520807], [-88.930404, 48.520789], [-88.930387, 48.520762], [-88.930441, 48.520727], [-88.930471, 48.520657], [-88.930478, 48.520555], [-88.930461, 48.520419], [-88.930421, 48.520249], [-88.930458, 48.520178], [-88.930572, 48.520205], [-88.930764, 48.52033], [-88.931033, 48.520553], [-88.931231, 48.520736], [-88.931359, 48.520878], [-88.931416, 48.520981], [-88.931403, 48.521043], [-88.931383, 48.52107], [-88.931356, 48.521061], [-88.931322, 48.521016], [-88.931282, 48.520936], [-88.931194, 48.520876], [-88.93106, 48.520836]]]}}, {"type": "Feature", "properties": {"lead": 96, "temp": "sp:steelhead"}, "geometry": {"type": "Polygon", "coordinates": [[[-88.924466, 48.520562], [-88.924597, 48.520526], [-88.924772, 48.520499], [-88.92488, 48.520492], [-88.92492, 48.520506], [-88.924893, 48.520539], [-88.924799, 48.520593], [-88.924708, 48.520642], [-88.924621, 48.520686], [-88.924537, 48.520727], [-88.924456, 48.520762], [-88.924396, 48.520773], [-88.924355, 48.52076], [-88.924335, 48.520722], [-88.924335, 48.52066], [-88.924379, 48.520606], [-88.924466, 48.520562]]]}}, {"type": "Feature", "properties": {"lead": 96, "temp": "sp:steelhead"}, "geometry": {"type": "Polygon", "coordinates": [[[-88.926087, 48.520682], [-88.926117, 48.520673], [-88.926157, 48.520673], [-88.926178, 48.520682], [-88.926178, 48.5207], [-88.926157, 48.520727], [-88.926117, 48.520762], [-88.926087, 48.52078], [-88.926067, 48.52078], [-88.926057, 48.520762], [-88.926057, 48.520727], [-88.926067, 48.5207], [-88.926087, 48.520682]]]}}, {"type": "Feature", "properties": {"lead": 96, "temp": "sp:steelhead"}, "geometry": {"type": "Polygon", "coordinates": [[[-88.930798, 48.523027], [-88.930885, 48.522818], [-88.931019, 48.522559], [-88.931107, 48.522365], [-88.931147, 48.522236], [-88.93114, 48.522171], [-88.931087, 48.522171], [-88.931036, 48.522116], [-88.930989, 48.522004], [-88.930945, 48.521837], [-88.930905, 48.521614], [-88.930898, 48.521445], [-88.930925, 48.521329], [-88.930986, 48.521266], [-88.93108, 48.521257], [-88.931161, 48.521338], [-88.931228, 48.521507], [-88.931282, 48.521766], [-88.931322, 48.522113], [-88.931346, 48.522412], [-88.931352, 48.522662], [-88.931342, 48.522863], [-88.931315, 48.523014], [-88.931272, 48.523141], [-88.931211, 48.523244], [-88.931134, 48.523322], [-88.93104, 48.523375], [-88.930956, 48.5234], [-88.930882, 48.523395], [-88.930818, 48.523362], [-88.930764, 48.523299], [-88.930757, 48.523188], [-88.930798, 48.523027]]]}}, {"type": "Feature", "properties": {"lead": 96, "temp": "sp:steelhead"}, "geometry": {"type": "Polygon", "coordinates": [[[-88.940185, 48.525669], [-88.940098, 48.525609], [-88.940098, 48.525547], [-88.940162, 48.525507], [-88.94029, 48.525489], [-88.940481, 48.525493], [-88.940737, 48.52552], [-88.940952, 48.525562], [-88.941127, 48.52562], [-88.941261, 48.525694], [-88.941355, 48.525783], [-88.941339, 48.525837], [-88.941211, 48.525854], [-88.940972, 48.525837], [-88.940622, 48.525783], [-88.94036, 48.525727], [-88.940185, 48.525669]]]}}, {"type": "Feature", "properties": {"lead": 120, "temp": "sp:lake_trout"}, "geometry": {"type": "Polygon", "coordinates": [[[-88.996811, 48.512454], [-88.996647, 48.512436], [-88.996472, 48.512392], [-88.996425, 48.512345], [-88.996505, 48.512296], [-88.996714, 48.512245], [-88.99705, 48.512191], [-88.997366, 48.512111], [-88.997662, 48.512004], [-88.997938, 48.51187], [-88.998193, 48.511709], [-88.998452, 48.511578], [-88.998714, 48.511475], [-88.99898, 48.511402], [-88.999249, 48.511357], [-88.999451, 48.511348], [-88.999585, 48.511375], [-88.999653, 48.511437], [-88.999653, 48.511535], [-88.999619, 48.511609], [-88.999552, 48.511658], [-88.999451, 48.511683], [-88.999316, 48.511683], [-88.999162, 48.511718], [-88.998987, 48.51179], [-88.998792, 48.511897], [-88.998577, 48.512039], [-88.998365, 48.512146], [-88.998156, 48.512218], [-88.997951, 48.512253], [-88.997749, 48.512253], [-88.997564, 48.512269], [-88.997396, 48.5123], [-88.997245, 48.512347], [-88.997111, 48.51241], [-88.996966, 48.512445], [-88.996811, 48.512454]]]}}, {"type": "Feature", "properties": {"lead": 120, "temp": "sp:lake_trout"}, "geometry": {"type": "Polygon", "coordinates": [[[-88.953151, 48.516513], [-88.95303, 48.51645], [-88.952935, 48.516368], [-88.952868, 48.516265], [-88.952828, 48.516142], [-88.952814, 48.516], [-88.952858, 48.51579], [-88.952959, 48.515514], [-88.953117, 48.51517], [-88.953332, 48.51476], [-88.953564, 48.514414], [-88.953813, 48.514133], [-88.954079, 48.513917], [-88.954361, 48.513765], [-88.95465, 48.51358], [-88.954946, 48.513362], [-88.955249, 48.51311], [-88.955558, 48.512824], [-88.955968, 48.512541], [-88.956479, 48.51226], [-88.957091, 48.511981], [-88.957804, 48.511705], [-88.958423, 48.511477], [-88.958947, 48.511299], [-88.959378, 48.51117], [-88.959714, 48.511089], [-88.960057, 48.51104], [-88.960407, 48.511023], [-88.960763, 48.511036], [-88.961126, 48.51108], [-88.961442, 48.511085], [-88.961711, 48.511049], [-88.961933, 48.510973], [-88.962108, 48.510857], [-88.962306, 48.51075], [-88.962528, 48.510652], [-88.962774, 48.510563], [-88.963043, 48.510483], [-88.963342, 48.510414], [-88.963672, 48.510356], [-88.964031, 48.510309], [-88.964421, 48.510273], [-88.964748, 48.510226], [-88.96501, 48.510168], [-88.965208, 48.510099], [-88.965343, 48.510019], [-88.965605, 48.50993], [-88.965995, 48.509832], [-88.966513, 48.509725], [-88.967158, 48.509609], [-88.967794, 48.509497], [-88.968419, 48.50939], [-88.969035, 48.509288], [-88.96964, 48.509189], [-88.970262, 48.509109], [-88.970901, 48.509047], [-88.971556, 48.509002], [-88.972229, 48.508975], [-88.97274, 48.508926], [-88.97309, 48.508855], [-88.973278, 48.508761], [-88.973305, 48.508645], [-88.973379, 48.508536], [-88.9735, 48.508433], [-88.973668, 48.508338], [-88.973883, 48.508248], [-88.974135, 48.50819], [-88.974425, 48.508164], [-88.974751, 48.508168], [-88.975114, 48.508204], [-88.97543, 48.508255], [-88.975699, 48.508322], [-88.975921, 48.508404], [-88.976096, 48.508503], [-88.976223, 48.508603], [-88.976304, 48.508705], [-88.976338, 48.50881], [-88.976324, 48.508917], [-88.976284, 48.508998], [-88.976217, 48.509051], [-88.976123, 48.509078], [-88.976001, 48.509078], [-88.975877, 48.509056], [-88.975749, 48.509011], [-88.975618, 48.508944], [-88.975484, 48.508855], [-88.975299, 48.508788], [-88.975063, 48.508743], [-88.974778, 48.508721], [-88.974441, 48.508721], [-88.974189, 48.508737], [-88.974021, 48.508768], [-88.973937, 48.508815], [-88.973937, 48.508877], [-88.973977, 48.508931], [-88.974058, 48.508975], [-88.974179, 48.509011], [-88.97434, 48.509038], [-88.974475, 48.50908], [-88.974583, 48.509138], [-88.974663, 48.509212], [-88.974717, 48.509301], [-88.974347, 48.509395], [-88.973554, 48.509493], [-88.972336, 48.509595], [-88.970696, 48.509702], [-88.969445, 48.509798], [-88.968584, 48.509883], [-88.968113, 48.509957], [-88.968033, 48.510019], [-88.967938, 48.510066], [-88.967831, 48.510097], [-88.96771, 48.510113], [-88.967575, 48.510113], [-88.9674, 48.510142], [-88.967185, 48.5102], [-88.96693, 48.510287], [-88.966634, 48.510403], [-88.966368, 48.51049], [-88.966133, 48.510548], [-88.965928, 48.510577], [-88.965753, 48.510577], [-88.965581, 48.510597], [-88.965413, 48.510637], [-88.965249, 48.510697], [-88.965087, 48.510777], [-88.964848, 48.510851], [-88.964532, 48.510918], [-88.964139, 48.510978], [-88.963668, 48.511031], [-88.963248, 48.511107], [-88.962878, 48.511205], [-88.962559, 48.511326], [-88.96229, 48.511469], [-88.962058, 48.511562], [-88.961863, 48.511607], [-88.961705, 48.511602], [-88.961584, 48.511549], [-88.961419, 48.511509], [-88.96121, 48.511482], [-88.960958, 48.511469], [-88.960662, 48.511469], [-88.960343, 48.511504], [-88.96, 48.511576], [-88.959633, 48.511683], [-88.959243, 48.511825], [-88.958887, 48.511926], [-88.958564, 48.511984], [-88.958275, 48.511999], [-88.958019, 48.511972], [-88.957784, 48.511966], [-88.957569, 48.511979], [-88.957374, 48.512013], [-88.957199, 48.512066], [-88.957068, 48.512122], [-88.95698, 48.51218], [-88.956937, 48.51224], [-88.956937, 48.512303], [-88.956903, 48.512363], [-88.956836, 48.512421], [-88.956735, 48.512476], [-88.9566, 48.51253], [-88.956479, 48.512599], [-88.956372, 48.512684], [-88.956278, 48.512784], [-88.956197, 48.5129], [-88.956103, 48.512994], [-88.955995, 48.513065], [-88.955874, 48.513114], [-88.95574, 48.513141], [-88.955639, 48.513197], [-88.955572, 48.513281], [-88.955538, 48.513395], [-88.955538, 48.513538], [-88.955484, 48.513674], [-88.955377, 48.513803], [-88.955215, 48.513926], [-88.955, 48.514042], [-88.954755, 48.514278], [-88.954479, 48.514635], [-88.954173, 48.515112], [-88.953837, 48.51571], [-88.953554, 48.516142], [-88.953326, 48.51641], [-88.953151, 48.516513]], [[-88.975961, 48.508971], [-88.975948, 48.508971], [-88.975938, 48.508973], [-88.975931, 48.508978], [-88.975927, 48.508984], [-88.975927, 48.508993], [-88.975931, 48.508998], [-88.975938, 48.508998], [-88.975948, 48.508993], [-88.975961, 48.508984], [-88.975968, 48.508978], [-88.975968, 48.508973], [-88.975961, 48.508971]]]}}, {"type": "Feature", "properties": {"lead": 120, "temp": "sp:lake_trout"}, "geometry": {"type": "Polygon", "coordinates": [[[-88.924476, 48.520379], [-88.924463, 48.520183], [-88.924648, 48.519984], [-88.925031, 48.519783], [-88.925613, 48.519581], [-88.926393, 48.519375], [-88.927025, 48.519197], [-88.927509, 48.519045], [-88.927845, 48.518921], [-88.928034, 48.518823], [-88.928239, 48.518751], [-88.928461, 48.518707], [-88.928699, 48.518689], [-88.928955, 48.518698], [-88.929194, 48.518729], [-88.929416, 48.518782], [-88.929621, 48.518858], [-88.929809, 48.518956], [-88.929987, 48.519059], [-88.930155, 48.519166], [-88.930313, 48.519277], [-88.930461, 48.519393], [-88.930589, 48.519523], [-88.930697, 48.519665], [-88.930784, 48.519821], [-88.930851, 48.519991], [-88.930895, 48.520138], [-88.930915, 48.520263], [-88.930912, 48.520365], [-88.930885, 48.520446], [-88.930821, 48.520457], [-88.93072, 48.520399], [-88.930582, 48.520272], [-88.930407, 48.520076], [-88.930276, 48.519906], [-88.930189, 48.519763], [-88.930145, 48.519647], [-88.930145, 48.519558], [-88.930081, 48.519465], [-88.929954, 48.519367], [-88.929762, 48.519264], [-88.929506, 48.519157], [-88.929284, 48.519077], [-88.929096, 48.519023], [-88.928941, 48.518996], [-88.92882, 48.518996], [-88.928642, 48.519052], [-88.928407, 48.519164], [-88.928114, 48.519331], [-88.927765, 48.519554], [-88.927385, 48.519743], [-88.926974, 48.519899], [-88.926534, 48.520022], [-88.926063, 48.520111], [-88.925656, 48.520205], [-88.925313, 48.520303], [-88.925034, 48.520406], [-88.924819, 48.520513], [-88.924654, 48.520544], [-88.92454, 48.520499], [-88.924476, 48.520379]]]}}, {"type": "Feature", "properties": {"lead": 120, "temp": "sp:lake_trout"}, "geometry": {"type": "Polygon", "coordinates": [[[-88.931305, 48.52313], [-88.931208, 48.523112], [-88.931127, 48.52305], [-88.93109, 48.522974], [-88.931097, 48.522885], [-88.931147, 48.522782], [-88.931241, 48.522666], [-88.931302, 48.522488], [-88.931329, 48.522247], [-88.931322, 48.521944], [-88.931282, 48.521578], [-88.931268, 48.521297], [-88.931282, 48.521101], [-88.931322, 48.52099], [-88.931389, 48.520963], [-88.931467, 48.521057], [-88.931554, 48.521271], [-88.931652, 48.521605], [-88.931759, 48.52206], [-88.931803, 48.52243], [-88.931783, 48.522715], [-88.931699, 48.522916], [-88.931551, 48.523032], [-88.93142, 48.523103], [-88.931305, 48.52313]]]}}, {"type": "Feature", "properties": {"lead": 120, "temp": "sp:lake_trout"}, "geometry": {"type": "Polygon", "coordinates": [[[-88.942257, 48.523777], [-88.942189, 48.523705], [-88.942146, 48.523603], [-88.942125, 48.523469], [-88.942129, 48.523304], [-88.942156, 48.523108], [-88.942233, 48.522912], [-88.942361, 48.522715], [-88.942539, 48.522519], [-88.942768, 48.522323], [-88.94303, 48.522167], [-88.943326, 48.522051], [-88.943655, 48.521975], [-88.944018, 48.521939], [-88.944392, 48.521942], [-88.944775, 48.521982], [-88.945168, 48.52206], [-88.945572, 48.522176], [-88.945837, 48.522281], [-88.945965, 48.522374], [-88.945955, 48.522457], [-88.945807, 48.522528], [-88.945558, 48.522573], [-88.945209, 48.522591], [-88.944758, 48.522582], [-88.944207, 48.522546], [-88.943739, 48.522555], [-88.943356, 48.522608], [-88.943057, 48.522706], [-88.942842, 48.522849], [-88.94269, 48.522992], [-88.942603, 48.523135], [-88.942579, 48.523277], [-88.94262, 48.52342], [-88.94263, 48.523542], [-88.94261, 48.523645], [-88.942559, 48.523728], [-88.942478, 48.52379], [-88.942401, 48.523819], [-88.942327, 48.523814], [-88.942257, 48.523777]]]}}, {"type": "Feature", "properties": {"lead": 120, "temp": "sp:lake_trout"}, "geometry": {"type": "Polygon", "coordinates": [[[-88.947482, 48.523063], [-88.947347, 48.523063], [-88.947236, 48.523048], [-88.947149, 48.523016], [-88.947085, 48.52297], [-88.947045, 48.522907], [-88.947051, 48.522869], [-88.947105, 48.522856], [-88.947206, 48.522867], [-88.947354, 48.522903], [-88.947472, 48.522936], [-88.947559, 48.522967], [-88.947616, 48.522996], [-88.947643, 48.523023], [-88.94763, 48.523043], [-88.947576, 48.523056], [-88.947482, 48.523063]]]}}, {"type": "Feature", "properties": {"lead": 120, "temp": "sp:brook_trout"}, "geometry": {"type": "Polygon", "coordinates": [[[-88.985779, 48.508043], [-88.985544, 48.507936], [-88.985329, 48.507865], [-88.985134, 48.507829], [-88.984959, 48.507829], [-88.984828, 48.507816], [-88.98474, 48.507789], [-88.984697, 48.507749], [-88.984697, 48.507695], [-88.984774, 48.507657], [-88.984929, 48.507635], [-88.985161, 48.507628], [-88.98547, 48.507637], [-88.985732, 48.507691], [-88.985947, 48.507789], [-88.986116, 48.507932], [-88.986237, 48.508119], [-88.986263, 48.508224], [-88.986196, 48.508246], [-88.986035, 48.508186], [-88.985779, 48.508043]]]}}, {"type": "Feature", "properties": {"lead": 120, "temp": "sp:brook_trout"}, "geometry": {"type": "Polygon", "coordinates": [[[-88.984922, 48.50842], [-88.984942, 48.508407], [-88.984972, 48.5084], [-88.985013, 48.5084], [-88.985033, 48.508407], [-88.985033, 48.50842], [-88.985013, 48.50844], [-88.984972, 48.508467], [-88.984942, 48.50848], [-88.984922, 48.50848], [-88.984912, 48.508467], [-88.984912, 48.50844], [-88.984922, 48.50842]]]}}, {"type": "Feature", "properties": {"lead": 120, "temp": "sp:brook_trout"}, "geometry": {"type": "Polygon", "coordinates": [[[-88.976771, 48.50894], [-88.976845, 48.508931], [-88.976956, 48.508922], [-88.977104, 48.508913], [-88.977178, 48.508911], [-88.977178, 48.508915], [-88.977104, 48.508926], [-88.976956, 48.508944], [-88.976845, 48.508955], [-88.976771, 48.50896], [-88.976734, 48.508957], [-88.976734, 48.508949], [-88.976771, 48.50894]]]}}, {"type": "Feature", "properties": {"lead": 120, "temp": "sp:brook_trout"}, "geometry": {"type": "Polygon", "coordinates": [[[-88.967353, 48.510153], [-88.96737, 48.510086], [-88.967498, 48.509979], [-88.967737, 48.509832], [-88.968086, 48.509644], [-88.96847, 48.509484], [-88.968887, 48.50935], [-88.969337, 48.509243], [-88.969821, 48.509163], [-88.970353, 48.509096], [-88.970931, 48.509042], [-88.971556, 48.509002], [-88.972229, 48.508975], [-88.97274, 48.508926], [-88.97309, 48.508855], [-88.973278, 48.508761], [-88.973305, 48.508645], [-88.973379, 48.508536], [-88.9735, 48.508433], [-88.973668, 48.508338], [-88.973883, 48.508248], [-88.974149, 48.508195], [-88.974465, 48.508177], [-88.974831, 48.508195], [-88.975248, 48.508248], [-88.975611, 48.508326], [-88.975921, 48.508429], [-88.976176, 48.508556], [-88.976378, 48.508708], [-88.976486, 48.508844], [-88.976499, 48.508964], [-88.976418, 48.509069], [-88.976244, 48.509158], [-88.976092, 48.509198], [-88.975964, 48.509189], [-88.97586, 48.509131], [-88.97578, 48.509024], [-88.975622, 48.508935], [-88.975386, 48.508864], [-88.975073, 48.50881], [-88.974683, 48.508775], [-88.974391, 48.50877], [-88.974196, 48.508797], [-88.974098, 48.508855], [-88.974098, 48.508944], [-88.974162, 48.509024], [-88.97429, 48.509096], [-88.974482, 48.509158], [-88.974737, 48.509212], [-88.974909, 48.50925], [-88.974996, 48.509272], [-88.974999, 48.509279], [-88.974919, 48.50927], [-88.974845, 48.509281], [-88.974778, 48.509312], [-88.974717, 48.509363], [-88.974663, 48.509435], [-88.974398, 48.509495], [-88.97392, 48.509544], [-88.973231, 48.509582], [-88.97233, 48.509609], [-88.971614, 48.509647], [-88.971082, 48.509696], [-88.970736, 48.509756], [-88.970575, 48.509827], [-88.970346, 48.509876], [-88.97005, 48.509903], [-88.969687, 48.509907], [-88.969257, 48.50989], [-88.968934, 48.509885], [-88.968719, 48.509894], [-88.968611, 48.509916], [-88.968611, 48.509952], [-88.968547, 48.509992], [-88.968419, 48.510037], [-88.968228, 48.510086], [-88.967972, 48.510139], [-88.967757, 48.510173], [-88.967582, 48.510186], [-88.967448, 48.51018], [-88.967353, 48.510153]]]}}, {"type": "Feature", "properties": {"lead": 120, "temp": "sp:brook_trout"}, "geometry": {"type": "Polygon", "coordinates": [[[-88.966748, 48.51024], [-88.966789, 48.510226], [-88.966849, 48.51022], [-88.96693, 48.51022], [-88.96697, 48.510226], [-88.96697, 48.51024], [-88.96693, 48.51026], [-88.966849, 48.510287], [-88.966789, 48.5103], [-88.966748, 48.5103], [-88.966728, 48.510287], [-88.966728, 48.51026], [-88.966748, 48.51024]]]}}, {"type": "Feature", "properties": {"lead": 120, "temp": "sp:brook_trout"}, "geometry": {"type": "Polygon", "coordinates": [[[-88.966657, 48.510333], [-88.966704, 48.510347], [-88.966728, 48.510367], [-88.966728, 48.510394], [-88.966704, 48.510407], [-88.966657, 48.510407], [-88.966587, 48.510394], [-88.966493, 48.510367], [-88.966446, 48.510347], [-88.966446, 48.510333], [-88.966493, 48.510327], [-88.966587, 48.510327], [-88.966657, 48.510333]]]}}, {"type": "Feature", "properties": {"lead": 120, "temp": "sp:brook_trout"}, "geometry": {"type": "Polygon", "coordinates": [[[-88.965867, 48.510487], [-88.965887, 48.510461], [-88.965928, 48.510443], [-88.965988, 48.510434], [-88.966069, 48.510434], [-88.966109, 48.510443], [-88.966109, 48.510461], [-88.966069, 48.510487], [-88.965988, 48.510523], [-88.965928, 48.510541], [-88.965887, 48.510541], [-88.965867, 48.510523], [-88.965867, 48.510487]]]}}, {"type": "Feature", "properties": {"lead": 120, "temp": "sp:brook_trout"}, "geometry": {"type": "Polygon", "coordinates": [[[-88.965339, 48.510597], [-88.96536, 48.510583], [-88.96539, 48.510577], [-88.96543, 48.510577], [-88.96545, 48.510583], [-88.96545, 48.510597], [-88.96543, 48.510617], [-88.96539, 48.510643], [-88.96536, 48.510657], [-88.965339, 48.510657], [-88.965329, 48.510643], [-88.965329, 48.510617], [-88.965339, 48.510597]]]}}, {"type": "Feature", "properties": {"lead": 120, "temp": "sp:brook_trout"}, "geometry": {"type": "Polygon", "coordinates": [[[-88.964875, 48.510704], [-88.964936, 48.51069], [-88.965027, 48.510684], [-88.965148, 48.510684], [-88.965208, 48.51069], [-88.965208, 48.510704], [-88.965148, 48.510724], [-88.965027, 48.51075], [-88.964936, 48.510764], [-88.964875, 48.510764], [-88.964845, 48.51075], [-88.964845, 48.510724], [-88.964875, 48.510704]]]}}, {"type": "Feature", "properties": {"lead": 120, "temp": "sp:brook_trout"}, "geometry": {"type": "Polygon", "coordinates": [[[-88.964492, 48.510811], [-88.964539, 48.510797], [-88.96461, 48.510791], [-88.964704, 48.510791], [-88.964751, 48.510797], [-88.964751, 48.510811], [-88.964704, 48.510831], [-88.96461, 48.510857], [-88.964539, 48.510871], [-88.964492, 48.510871], [-88.964468, 48.510857], [-88.964468, 48.510831], [-88.964492, 48.510811]]]}}, {"type": "Feature", "properties": {"lead": 120, "temp": "sp:brook_trout"}, "geometry": {"type": "Polygon", "coordinates": [[[-88.963783, 48.510918], [-88.963809, 48.510904], [-88.96385, 48.510898], [-88.963904, 48.510898], [-88.96393, 48.510904], [-88.96393, 48.510918], [-88.963904, 48.510938], [-88.96385, 48.510965], [-88.963809, 48.510978], [-88.963783, 48.510978], [-88.963769, 48.510965], [-88.963769, 48.510938], [-88.963783, 48.510918]]]}}, {"type": "Feature", "properties": {"lead": 120, "temp": "sp:brook_trout"}, "geometry": {"type": "Polygon", "coordinates": [[[-88.963144, 48.511025], [-88.963184, 48.511011], [-88.963245, 48.511005], [-88.963325, 48.511005], [-88.963366, 48.511011], [-88.963366, 48.511025], [-88.963325, 48.511045], [-88.963245, 48.511072], [-88.963184, 48.511085], [-88.963144, 48.511085], [-88.963124, 48.511072], [-88.963124, 48.511045], [-88.963144, 48.511025]]]}}, {"type": "Feature", "properties": {"lead": 120, "temp": "sp:brook_trout"}, "geometry": {"type": "Polygon", "coordinates": [[[-88.996347, 48.512702], [-88.996193, 48.51267], [-88.996068, 48.512624], [-88.995974, 48.512561], [-88.996011, 48.512492], [-88.996179, 48.512416], [-88.996478, 48.512334], [-88.996909, 48.512245], [-88.997295, 48.512138], [-88.997638, 48.512013], [-88.997938, 48.51187], [-88.998193, 48.511709], [-88.998452, 48.511578], [-88.998714, 48.511475], [-88.99898, 48.511402], [-88.999249, 48.511357], [-88.999441, 48.511364], [-88.999555, 48.511422], [-88.999592, 48.511531], [-88.999552, 48.511692], [-88.999488, 48.511812], [-88.9994, 48.511892], [-88.999289, 48.511932], [-88.999155, 48.511932], [-88.999034, 48.511961], [-88.998926, 48.512019], [-88.998832, 48.512106], [-88.998751, 48.512222], [-88.998617, 48.512316], [-88.998429, 48.512387], [-88.998187, 48.512436], [-88.997891, 48.512463], [-88.997645, 48.512497], [-88.99745, 48.512537], [-88.997306, 48.512583], [-88.997211, 48.512637], [-88.997087, 48.512677], [-88.996932, 48.512704], [-88.996747, 48.512717], [-88.996532, 48.512717], [-88.996347, 48.512702]]]}}, {"type": "Feature", "properties": {"lead": 120, "temp": "sp:brook_trout"}, "geometry": {"type": "Polygon", "coordinates": [[[-88.962881, 48.511112], [-88.962922, 48.511121], [-88.962949, 48.511138], [-88.962962, 48.511165], [-88.962962, 48.511201], [-88.962949, 48.511219], [-88.962922, 48.511219], [-88.962881, 48.511201], [-88.962828, 48.511165], [-88.962801, 48.511138], [-88.962801, 48.511121], [-88.962828, 48.511112], [-88.962881, 48.511112]]]}}, {"type": "Feature", "properties": {"lead": 120, "temp": "sp:brook_trout"}, "geometry": {"type": "Polygon", "coordinates": [[[-88.962273, 48.511382], [-88.962293, 48.511368], [-88.962323, 48.511361], [-88.962364, 48.511361], [-88.962384, 48.511368], [-88.962384, 48.511382], [-88.962364, 48.511402], [-88.962323, 48.511428], [-88.962293, 48.511442], [-88.962273, 48.511442], [-88.962263, 48.511428], [-88.962263, 48.511402], [-88.962273, 48.511382]]]}}, {"type": "Feature", "properties": {"lead": 120, "temp": "sp:brook_trout"}, "geometry": {"type": "Polygon", "coordinates": [[[-88.959943, 48.511582], [-88.959875, 48.51156], [-88.959842, 48.511535], [-88.959842, 48.511509], [-88.959875, 48.511489], [-88.959943, 48.511475], [-88.960044, 48.511469], [-88.960178, 48.511469], [-88.960279, 48.51148], [-88.960346, 48.511502], [-88.96038, 48.511535], [-88.96038, 48.51158], [-88.960346, 48.511609], [-88.960279, 48.511622], [-88.960178, 48.51162], [-88.960044, 48.511602], [-88.959943, 48.511582]]]}}, {"type": "Feature", "properties": {"lead": 120, "temp": "sp:brook_trout"}, "geometry": {"type": "Polygon", "coordinates": [[[-88.960985, 48.511535], [-88.960827, 48.511448], [-88.960807, 48.51139], [-88.960925, 48.511361], [-88.96118, 48.511361], [-88.961382, 48.511375], [-88.96153, 48.511402], [-88.961624, 48.511442], [-88.961664, 48.511495], [-88.961728, 48.511529], [-88.961816, 48.511542], [-88.961927, 48.511535], [-88.962061, 48.511509], [-88.962152, 48.511506], [-88.962199, 48.511529], [-88.962202, 48.511576], [-88.962162, 48.511647], [-88.962108, 48.511696], [-88.962041, 48.511723], [-88.96196, 48.511727], [-88.961866, 48.511709], [-88.961795, 48.511705], [-88.961748, 48.511714], [-88.961725, 48.511736], [-88.961725, 48.511772], [-88.961651, 48.51177], [-88.961503, 48.511729], [-88.961281, 48.511651], [-88.960985, 48.511535]]]}}, {"type": "Feature", "properties": {"lead": 120, "temp": "sp:brook_trout"}, "geometry": {"type": "Polygon", "coordinates": [[[-88.95958, 48.511689], [-88.959539, 48.511667], [-88.959519, 48.511642], [-88.959519, 48.511616], [-88.959539, 48.511596], [-88.95958, 48.511582], [-88.95964, 48.511576], [-88.959721, 48.511576], [-88.959781, 48.511587], [-88.959822, 48.511609], [-88.959842, 48.511642], [-88.959842, 48.511687], [-88.959822, 48.511716], [-88.959781, 48.511729], [-88.959721, 48.511727], [-88.95964, 48.511709], [-88.95958, 48.511689]]]}}, {"type": "Feature", "properties": {"lead": 120, "temp": "sp:brook_trout"}, "geometry": {"type": "Polygon", "coordinates": [[[-88.952956, 48.516249], [-88.952929, 48.515982], [-88.952976, 48.515647], [-88.953097, 48.515246], [-88.953265, 48.514923], [-88.95348, 48.514677], [-88.953742, 48.51451], [-88.954052, 48.514421], [-88.954294, 48.514321], [-88.954469, 48.514209], [-88.954576, 48.514086], [-88.954617, 48.513953], [-88.95467, 48.513846], [-88.954738, 48.513765], [-88.954818, 48.513712], [-88.954913, 48.513685], [-88.954983, 48.513636], [-88.95503, 48.513565], [-88.955054, 48.513471], [-88.955054, 48.513355], [-88.955084, 48.513246], [-88.955145, 48.513143], [-88.955235, 48.513047], [-88.955356, 48.512958], [-88.955471, 48.512891], [-88.955578, 48.512847], [-88.955679, 48.512824], [-88.955773, 48.512824], [-88.955834, 48.512809], [-88.955861, 48.512778], [-88.955854, 48.512731], [-88.955814, 48.512668], [-88.955817, 48.512601], [-88.955864, 48.51253], [-88.955955, 48.512454], [-88.956089, 48.512374], [-88.956311, 48.512271], [-88.956621, 48.512146], [-88.957017, 48.511999], [-88.957502, 48.51183], [-88.957935, 48.511709], [-88.958319, 48.511638], [-88.958652, 48.511616], [-88.958934, 48.511642], [-88.959092, 48.511692], [-88.959126, 48.511763], [-88.959035, 48.511857], [-88.95882, 48.511972], [-88.958615, 48.512053], [-88.95842, 48.512097], [-88.958235, 48.512106], [-88.95806, 48.51208], [-88.957875, 48.512073], [-88.95768, 48.512086], [-88.957475, 48.51212], [-88.95726, 48.512173], [-88.957098, 48.512236], [-88.956991, 48.512307], [-88.956937, 48.512387], [-88.956937, 48.512476], [-88.956893, 48.512563], [-88.956806, 48.512648], [-88.956674, 48.512731], [-88.9565, 48.512811], [-88.956325, 48.512929], [-88.95615, 48.513085], [-88.955975, 48.513279], [-88.9558, 48.513511], [-88.955615, 48.513714], [-88.95542, 48.513888], [-88.955215, 48.514033], [-88.955, 48.514149], [-88.954788, 48.514321], [-88.95458, 48.514548], [-88.954375, 48.514831], [-88.954173, 48.51517], [-88.954022, 48.515473], [-88.953921, 48.515741], [-88.95387, 48.515973], [-88.95387, 48.516169], [-88.953847, 48.516336], [-88.9538, 48.516475], [-88.953729, 48.516584], [-88.953635, 48.516664], [-88.953521, 48.516691], [-88.953386, 48.516664], [-88.953231, 48.516584], [-88.953057, 48.51645], [-88.952956, 48.516249]]]}}, {"type": "Feature", "properties": {"lead": 120, "temp": "sp:brook_trout"}, "geometry": {"type": "Polygon", "coordinates": [[[-88.930804, 48.520816], [-88.93071, 48.520736], [-88.930602, 48.520575], [-88.930481, 48.520334], [-88.930347, 48.520013], [-88.930192, 48.519746], [-88.930017, 48.519532], [-88.929822, 48.519371], [-88.929607, 48.519264], [-88.929405, 48.519184], [-88.929217, 48.51913], [-88.929042, 48.519103], [-88.928881, 48.519103], [-88.928716, 48.519139], [-88.928548, 48.51921], [-88.928377, 48.519317], [-88.928202, 48.51946], [-88.927933, 48.519603], [-88.92757, 48.519746], [-88.927112, 48.519888], [-88.926561, 48.520031], [-88.926141, 48.520149], [-88.925851, 48.520243], [-88.925693, 48.520312], [-88.925667, 48.520356], [-88.925619, 48.520385], [-88.925552, 48.520399], [-88.925465, 48.520397], [-88.925357, 48.520379], [-88.925243, 48.520385], [-88.925122, 48.520417], [-88.924994, 48.520472], [-88.92486, 48.520553], [-88.924738, 48.520613], [-88.924631, 48.520653], [-88.924537, 48.520673], [-88.924456, 48.520673], [-88.924396, 48.520637], [-88.924355, 48.520566], [-88.924335, 48.520459], [-88.924335, 48.520316], [-88.924433, 48.520196], [-88.924628, 48.520098], [-88.92492, 48.520022], [-88.92531, 48.519969], [-88.925633, 48.519906], [-88.925888, 48.519835], [-88.926077, 48.519754], [-88.926198, 48.519665], [-88.926396, 48.519572], [-88.926672, 48.519474], [-88.927025, 48.519371], [-88.927455, 48.519264], [-88.927812, 48.519157], [-88.928094, 48.51905], [-88.928303, 48.518943], [-88.928437, 48.518836], [-88.928572, 48.518756], [-88.928706, 48.518702], [-88.928841, 48.518675], [-88.928975, 48.518675], [-88.929163, 48.518722], [-88.929405, 48.518816], [-88.929701, 48.518956], [-88.930051, 48.519144], [-88.93034, 48.519371], [-88.930569, 48.519639], [-88.930737, 48.519946], [-88.930845, 48.520294], [-88.930905, 48.520555], [-88.930919, 48.520729], [-88.930885, 48.520816], [-88.930804, 48.520816]]]}}, {"type": "Feature", "properties": {"lead": 120, "temp": "sp:brook_trout"}, "geometry": {"type": "Polygon", "coordinates": [[[-88.950962, 48.522145], [-88.951385, 48.521984], [-88.95186, 48.521824], [-88.952384, 48.521663], [-88.952724, 48.521583], [-88.952878, 48.521583], [-88.952848, 48.521663], [-88.952633, 48.521824], [-88.952313, 48.521984], [-88.95189, 48.522145], [-88.951362, 48.522305], [-88.95073, 48.522466], [-88.950336, 48.522546], [-88.950182, 48.522546], [-88.950266, 48.522466], [-88.950589, 48.522305], [-88.950962, 48.522145]]]}}, {"type": "Feature", "properties": {"lead": 120, "temp": "sp:brook_trout"}, "geometry": {"type": "Polygon", "coordinates": [[[-88.930929, 48.523197], [-88.930935, 48.523126], [-88.930986, 48.523032], [-88.93108, 48.522916], [-88.931137, 48.522742], [-88.931157, 48.52251], [-88.93114, 48.52222], [-88.931087, 48.521873], [-88.931073, 48.521583], [-88.9311, 48.521351], [-88.931167, 48.521177], [-88.931275, 48.521061], [-88.931386, 48.52109], [-88.9315, 48.521264], [-88.931618, 48.521583], [-88.931739, 48.522047], [-88.931783, 48.52243], [-88.931749, 48.522733], [-88.931638, 48.522956], [-88.93145, 48.523099], [-88.931288, 48.523199], [-88.931154, 48.523257], [-88.931046, 48.523273], [-88.930966, 48.523246], [-88.930929, 48.523197]]]}}, {"type": "Feature", "properties": {"lead": 120, "temp": "sp:brook_trout"}, "geometry": {"type": "Polygon", "coordinates": [[[-88.94646, 48.522526], [-88.946486, 48.522521], [-88.946527, 48.522533], [-88.946581, 48.522559], [-88.946607, 48.522582], [-88.946607, 48.522599], [-88.946581, 48.522613], [-88.946527, 48.522622], [-88.946486, 48.522619], [-88.94646, 48.522606], [-88.946446, 48.522582], [-88.946446, 48.522546], [-88.94646, 48.522526]]]}}, {"type": "Feature", "properties": {"lead": 120, "temp": "sp:brook_trout"}, "geometry": {"type": "Polygon", "coordinates": [[[-88.94228, 48.523821], [-88.942206, 48.523696], [-88.942156, 48.523545], [-88.942129, 48.523366], [-88.942125, 48.523199], [-88.942146, 48.523043], [-88.942189, 48.522898], [-88.942257, 48.522764], [-88.942354, 48.522631], [-88.942482, 48.522497], [-88.94264, 48.522363], [-88.942828, 48.522229], [-88.943094, 48.522127], [-88.943437, 48.522055], [-88.943857, 48.522015], [-88.944355, 48.522006], [-88.944809, 48.522029], [-88.945219, 48.522082], [-88.945585, 48.522167], [-88.945908, 48.522283], [-88.946123, 48.522372], [-88.946231, 48.522434], [-88.946231, 48.52247], [-88.946123, 48.522479], [-88.946032, 48.522501], [-88.945959, 48.522537], [-88.945901, 48.522586], [-88.945861, 48.522648], [-88.945669, 48.522689], [-88.945326, 48.522706], [-88.944832, 48.522702], [-88.944187, 48.522675], [-88.943669, 48.522691], [-88.943279, 48.522749], [-88.943016, 48.522849], [-88.942882, 48.522992], [-88.942781, 48.523155], [-88.942714, 48.523337], [-88.94268, 48.52354], [-88.94268, 48.523763], [-88.94265, 48.523913], [-88.942589, 48.523988], [-88.942499, 48.523991], [-88.942378, 48.523919], [-88.94228, 48.523821]]]}}, {"type": "Feature", "properties": {"lead": 120, "temp": "sp:brook_trout"}, "geometry": {"type": "Polygon", "coordinates": [[[-88.94339, 48.52309], [-88.94341, 48.523072], [-88.94344, 48.523063], [-88.94348, 48.523063], [-88.943501, 48.523072], [-88.943501, 48.52309], [-88.94348, 48.523117], [-88.94344, 48.523152], [-88.94341, 48.52317], [-88.94339, 48.52317], [-88.94338, 48.523152], [-88.94338, 48.523117], [-88.94339, 48.52309]]]}}, {"type": "Feature", "properties": {"lead": 120, "temp": "sp:brook_trout"}, "geometry": {"type": "Polygon", "coordinates": [[[-88.947014, 48.523337], [-88.946887, 48.523226], [-88.946823, 48.523099], [-88.946823, 48.522956], [-88.946907, 48.522883], [-88.947075, 48.522878], [-88.947327, 48.522943], [-88.947663, 48.523077], [-88.947969, 48.523163], [-88.948245, 48.523204], [-88.94849, 48.523197], [-88.948706, 48.523143], [-88.948793, 48.523139], [-88.948753, 48.523184], [-88.948585, 48.523277], [-88.948289, 48.52342], [-88.948003, 48.523507], [-88.947727, 48.523538], [-88.947462, 48.523514], [-88.947206, 48.523433], [-88.947014, 48.523337]]]}}, {"type": "Feature", "properties": {"lead": 120, "temp": "sp:salmon"}, "geometry": {"type": "Polygon", "coordinates": [[[-88.985544, 48.507936], [-88.985329, 48.507865], [-88.985134, 48.507829], [-88.984959, 48.507829], [-88.984828, 48.507816], [-88.98474, 48.507789], [-88.984697, 48.507749], [-88.984697, 48.507695], [-88.984774, 48.507657], [-88.984929, 48.507635], [-88.985161, 48.507628], [-88.98547, 48.507637], [-88.985732, 48.507691], [-88.985947, 48.507789], [-88.986116, 48.507932], [-88.986237, 48.508119], [-88.986263, 48.508224], [-88.986196, 48.508246], [-88.986035, 48.508186], [-88.985779, 48.508043], [-88.985544, 48.507936]]]}}, {"type": "Feature", "properties": {"lead": 120, "temp": "sp:salmon"}, "geometry": {"type": "Polygon", "coordinates": [[[-88.984922, 48.50842], [-88.984942, 48.508407], [-88.984972, 48.5084], [-88.985013, 48.5084], [-88.985033, 48.508407], [-88.985033, 48.50842], [-88.985013, 48.50844], [-88.984972, 48.508467], [-88.984942, 48.50848], [-88.984922, 48.50848], [-88.984912, 48.508467], [-88.984912, 48.50844], [-88.984922, 48.50842]]]}}, {"type": "Feature", "properties": {"lead": 120, "temp": "sp:salmon"}, "geometry": {"type": "Polygon", "coordinates": [[[-88.976771, 48.50894], [-88.976845, 48.508931], [-88.976956, 48.508922], [-88.977104, 48.508913], [-88.977178, 48.508911], [-88.977178, 48.508915], [-88.977104, 48.508926], [-88.976956, 48.508944], [-88.976845, 48.508955], [-88.976771, 48.50896], [-88.976734, 48.508957], [-88.976734, 48.508949], [-88.976771, 48.50894]]]}}, {"type": "Feature", "properties": {"lead": 120, "temp": "sp:salmon"}, "geometry": {"type": "Polygon", "coordinates": [[[-88.96849, 48.509497], [-88.968893, 48.509354], [-88.969337, 48.509243], [-88.969821, 48.509163], [-88.970353, 48.509096], [-88.970931, 48.509042], [-88.971556, 48.509002], [-88.972229, 48.508975], [-88.97274, 48.508926], [-88.97309, 48.508855], [-88.973278, 48.508761], [-88.973305, 48.508645], [-88.973379, 48.508536], [-88.9735, 48.508433], [-88.973668, 48.508338], [-88.973883, 48.508248], [-88.974149, 48.508195], [-88.974465, 48.508177], [-88.974831, 48.508195], [-88.975248, 48.508248], [-88.975611, 48.508326], [-88.975921, 48.508429], [-88.976176, 48.508556], [-88.976378, 48.508708], [-88.976486, 48.508844], [-88.976499, 48.508964], [-88.976418, 48.509069], [-88.976244, 48.509158], [-88.976092, 48.509198], [-88.975964, 48.509189], [-88.97586, 48.509131], [-88.97578, 48.509024], [-88.975622, 48.508935], [-88.975386, 48.508864], [-88.975073, 48.50881], [-88.974683, 48.508775], [-88.974391, 48.50877], [-88.974196, 48.508797], [-88.974098, 48.508855], [-88.974098, 48.508944], [-88.974162, 48.509024], [-88.97429, 48.509096], [-88.974482, 48.509158], [-88.974737, 48.509212], [-88.974909, 48.50925], [-88.974996, 48.509272], [-88.974999, 48.509279], [-88.974919, 48.50927], [-88.974845, 48.509281], [-88.974778, 48.509312], [-88.974717, 48.509363], [-88.974663, 48.509435], [-88.974398, 48.509495], [-88.97392, 48.509544], [-88.973231, 48.509582], [-88.97233, 48.509609], [-88.971614, 48.509647], [-88.971082, 48.509696], [-88.970736, 48.509756], [-88.970575, 48.509827], [-88.970346, 48.509876], [-88.97005, 48.509903], [-88.969687, 48.509907], [-88.969257, 48.50989], [-88.968934, 48.509885], [-88.968719, 48.509894], [-88.968611, 48.509916], [-88.968611, 48.509952], [-88.96853, 48.50999], [-88.968369, 48.51003], [-88.968127, 48.510073], [-88.967804, 48.510117], [-88.967643, 48.510099], [-88.967643, 48.510019], [-88.967804, 48.509876], [-88.968127, 48.509671], [-88.96849, 48.509497]]]}}, {"type": "Feature", "properties": {"lead": 120, "temp": "sp:salmon"}, "geometry": {"type": "Polygon", "coordinates": [[[-88.966899, 48.51024], [-88.96692, 48.510226], [-88.96695, 48.51022], [-88.96699, 48.51022], [-88.96701, 48.510226], [-88.96701, 48.51024], [-88.96699, 48.51026], [-88.96695, 48.510287], [-88.96692, 48.5103], [-88.966899, 48.5103], [-88.966889, 48.510287], [-88.966889, 48.51026], [-88.966899, 48.51024]]]}}, {"type": "Feature", "properties": {"lead": 120, "temp": "sp:salmon"}, "geometry": {"type": "Polygon", "coordinates": [[[-88.966577, 48.510347], [-88.966597, 48.510333], [-88.966627, 48.510327], [-88.966667, 48.510327], [-88.966688, 48.510333], [-88.966688, 48.510347], [-88.966667, 48.510367], [-88.966627, 48.510394], [-88.966597, 48.510407], [-88.966577, 48.510407], [-88.966567, 48.510394], [-88.966567, 48.510367], [-88.966577, 48.510347]]]}}, {"type": "Feature", "properties": {"lead": 120, "temp": "sp:salmon"}, "geometry": {"type": "Polygon", "coordinates": [[[-88.965887, 48.510461], [-88.965928, 48.510443], [-88.965988, 48.510434], [-88.966069, 48.510434], [-88.966109, 48.510443], [-88.966109, 48.510461], [-88.966069, 48.510487], [-88.965988, 48.510523], [-88.965928, 48.510541], [-88.965887, 48.510541], [-88.965867, 48.510523], [-88.965867, 48.510487], [-88.965887, 48.510461]]]}}, {"type": "Feature", "properties": {"lead": 120, "temp": "sp:salmon"}, "geometry": {"type": "Polygon", "coordinates": [[[-88.965027, 48.510704], [-88.965067, 48.51069], [-88.965128, 48.510684], [-88.965208, 48.510684], [-88.965249, 48.51069], [-88.965249, 48.510704], [-88.965208, 48.510724], [-88.965128, 48.51075], [-88.965067, 48.510764], [-88.965027, 48.510764], [-88.965006, 48.51075], [-88.965006, 48.510724], [-88.965027, 48.510704]]]}}, {"type": "Feature", "properties": {"lead": 120, "temp": "sp:salmon"}, "geometry": {"type": "Polygon", "coordinates": [[[-88.964492, 48.510811], [-88.964539, 48.510797], [-88.96461, 48.510791], [-88.964704, 48.510791], [-88.964751, 48.510797], [-88.964751, 48.510811], [-88.964704, 48.510831], [-88.96461, 48.510857], [-88.964539, 48.510871], [-88.964492, 48.510871], [-88.964468, 48.510857], [-88.964468, 48.510831], [-88.964492, 48.510811]]]}}, {"type": "Feature", "properties": {"lead": 120, "temp": "sp:salmon"}, "geometry": {"type": "Polygon", "coordinates": [[[-88.963783, 48.510918], [-88.963809, 48.510904], [-88.96385, 48.510898], [-88.963904, 48.510898], [-88.96393, 48.510904], [-88.96393, 48.510918], [-88.963904, 48.510938], [-88.96385, 48.510965], [-88.963809, 48.510978], [-88.963783, 48.510978], [-88.963769, 48.510965], [-88.963769, 48.510938], [-88.963783, 48.510918]]]}}, {"type": "Feature", "properties": {"lead": 120, "temp": "sp:salmon"}, "geometry": {"type": "Polygon", "coordinates": [[[-88.963295, 48.511031], [-88.963315, 48.511014], [-88.963345, 48.511005], [-88.963386, 48.511005], [-88.963406, 48.511014], [-88.963406, 48.511031], [-88.963386, 48.511058], [-88.963345, 48.511094], [-88.963315, 48.511112], [-88.963295, 48.511112], [-88.963285, 48.511094], [-88.963285, 48.511058], [-88.963295, 48.511031]]]}}, {"type": "Feature", "properties": {"lead": 120, "temp": "sp:salmon"}, "geometry": {"type": "Polygon", "coordinates": [[[-88.962922, 48.511121], [-88.962949, 48.511138], [-88.962962, 48.511165], [-88.962962, 48.511201], [-88.962949, 48.511219], [-88.962922, 48.511219], [-88.962881, 48.511201], [-88.962828, 48.511165], [-88.962801, 48.511138], [-88.962801, 48.511121], [-88.962828, 48.511112], [-88.962881, 48.511112], [-88.962922, 48.511121]]]}}, {"type": "Feature", "properties": {"lead": 120, "temp": "sp:salmon"}, "geometry": {"type": "Polygon", "coordinates": [[[-88.962111, 48.511489], [-88.962132, 48.511475], [-88.962162, 48.511469], [-88.962202, 48.511469], [-88.962222, 48.511475], [-88.962222, 48.511489], [-88.962202, 48.511509], [-88.962162, 48.511535], [-88.962132, 48.511549], [-88.962111, 48.511549], [-88.962101, 48.511535], [-88.962101, 48.511509], [-88.962111, 48.511489]]]}}, {"type": "Feature", "properties": {"lead": 120, "temp": "sp:salmon"}, "geometry": {"type": "Polygon", "coordinates": [[[-88.960074, 48.511582], [-88.960027, 48.51156], [-88.960003, 48.511535], [-88.960003, 48.511509], [-88.960027, 48.511489], [-88.960074, 48.511475], [-88.960144, 48.511469], [-88.960239, 48.511469], [-88.960309, 48.51148], [-88.960356, 48.511502], [-88.96038, 48.511535], [-88.96038, 48.51158], [-88.960356, 48.511609], [-88.960309, 48.511622], [-88.960239, 48.51162], [-88.960144, 48.511602], [-88.960074, 48.511582]]]}}, {"type": "Feature", "properties": {"lead": 120, "temp": "sp:salmon"}, "geometry": {"type": "Polygon", "coordinates": [[[-88.961224, 48.511542], [-88.961271, 48.511511], [-88.961429, 48.511509], [-88.961698, 48.511535], [-88.9619, 48.511567], [-88.962034, 48.511602], [-88.962101, 48.511642], [-88.962101, 48.511687], [-88.962078, 48.511716], [-88.962031, 48.511729], [-88.96196, 48.511727], [-88.961866, 48.511709], [-88.961795, 48.511705], [-88.961748, 48.511714], [-88.961725, 48.511736], [-88.961725, 48.511772], [-88.961681, 48.511776], [-88.961594, 48.511749], [-88.961462, 48.511692], [-88.961288, 48.511602], [-88.961224, 48.511542]]]}}, {"type": "Feature", "properties": {"lead": 120, "temp": "sp:salmon"}, "geometry": {"type": "Polygon", "coordinates": [[[-88.959539, 48.511667], [-88.959519, 48.511642], [-88.959519, 48.511616], [-88.959539, 48.511596], [-88.95958, 48.511582], [-88.95964, 48.511576], [-88.959721, 48.511576], [-88.959781, 48.511587], [-88.959822, 48.511609], [-88.959842, 48.511642], [-88.959842, 48.511687], [-88.959822, 48.511716], [-88.959781, 48.511729], [-88.959721, 48.511727], [-88.95964, 48.511709], [-88.95958, 48.511689], [-88.959539, 48.511667]]]}}, {"type": "Feature", "properties": {"lead": 120, "temp": "sp:salmon"}, "geometry": {"type": "Polygon", "coordinates": [[[-88.996193, 48.51267], [-88.996068, 48.512624], [-88.995974, 48.512561], [-88.996011, 48.512492], [-88.996179, 48.512416], [-88.996478, 48.512334], [-88.996909, 48.512245], [-88.997295, 48.512138], [-88.997638, 48.512013], [-88.997938, 48.51187], [-88.998193, 48.511709], [-88.998452, 48.511578], [-88.998714, 48.511475], [-88.99898, 48.511402], [-88.999249, 48.511357], [-88.999441, 48.511364], [-88.999555, 48.511422], [-88.999592, 48.511531], [-88.999552, 48.511692], [-88.999488, 48.511812], [-88.9994, 48.511892], [-88.999289, 48.511932], [-88.999155, 48.511932], [-88.999034, 48.511961], [-88.998926, 48.512019], [-88.998832, 48.512106], [-88.998751, 48.512222], [-88.998617, 48.512316], [-88.998429, 48.512387], [-88.998187, 48.512436], [-88.997891, 48.512463], [-88.997645, 48.512497], [-88.99745, 48.512537], [-88.997306, 48.512583], [-88.997211, 48.512637], [-88.997087, 48.512677], [-88.996932, 48.512704], [-88.996747, 48.512717], [-88.996532, 48.512717], [-88.996347, 48.512702], [-88.996193, 48.51267]]]}}, {"type": "Feature", "properties": {"lead": 120, "temp": "sp:salmon"}, "geometry": {"type": "Polygon", "coordinates": [[[-88.95883, 48.511845], [-88.95885, 48.511832], [-88.95888, 48.511825], [-88.958921, 48.511825], [-88.958941, 48.511832], [-88.958941, 48.511845], [-88.958921, 48.511865], [-88.95888, 48.511892], [-88.95885, 48.511906], [-88.95883, 48.511906], [-88.95882, 48.511892], [-88.95882, 48.511865], [-88.95883, 48.511845]]]}}, {"type": "Feature", "properties": {"lead": 120, "temp": "sp:salmon"}, "geometry": {"type": "Polygon", "coordinates": [[[-88.952956, 48.516249], [-88.952929, 48.515982], [-88.952976, 48.515647], [-88.953097, 48.515246], [-88.953289, 48.514916], [-88.953551, 48.514657], [-88.953884, 48.51447], [-88.954287, 48.514354], [-88.95459, 48.514254], [-88.954792, 48.514169], [-88.954892, 48.5141], [-88.954892, 48.514046], [-88.954923, 48.513993], [-88.954983, 48.513939], [-88.955074, 48.513886], [-88.955195, 48.513832], [-88.955286, 48.51375], [-88.955346, 48.513638], [-88.955377, 48.513498], [-88.955377, 48.513328], [-88.95543, 48.513186], [-88.955538, 48.51307], [-88.955699, 48.51298], [-88.955915, 48.512918], [-88.956066, 48.512851], [-88.956153, 48.51278], [-88.956177, 48.512704], [-88.956136, 48.512624], [-88.956126, 48.512548], [-88.956147, 48.512476], [-88.956197, 48.51241], [-88.956278, 48.512347], [-88.956412, 48.512274], [-88.9566, 48.512189], [-88.956843, 48.512093], [-88.957138, 48.511986], [-88.957438, 48.511912], [-88.95774, 48.511872], [-88.958046, 48.511865], [-88.958356, 48.511892], [-88.958567, 48.511926], [-88.958682, 48.511966], [-88.958699, 48.512013], [-88.958618, 48.512066], [-88.958514, 48.5121], [-88.958386, 48.512113], [-88.958235, 48.512106], [-88.95806, 48.51208], [-88.957875, 48.512073], [-88.95768, 48.512086], [-88.957475, 48.51212], [-88.95726, 48.512173], [-88.957098, 48.512236], [-88.956991, 48.512307], [-88.956937, 48.512387], [-88.956937, 48.512476], [-88.956873, 48.512579], [-88.956745, 48.512695], [-88.956553, 48.512824], [-88.956298, 48.512967], [-88.956083, 48.513116], [-88.955908, 48.513273], [-88.955773, 48.513435], [-88.955679, 48.513605], [-88.955545, 48.513774], [-88.95537, 48.513944], [-88.955155, 48.514113], [-88.954899, 48.514283], [-88.954667, 48.514481], [-88.954459, 48.514709], [-88.954274, 48.514965], [-88.954112, 48.51525], [-88.953991, 48.515514], [-88.953911, 48.515754], [-88.95387, 48.515973], [-88.95387, 48.516169], [-88.953847, 48.516336], [-88.9538, 48.516475], [-88.953729, 48.516584], [-88.953635, 48.516664], [-88.953521, 48.516691], [-88.953386, 48.516664], [-88.953231, 48.516584], [-88.953057, 48.51645], [-88.952956, 48.516249]], [[-88.956483, 48.512363], [-88.956463, 48.512367], [-88.956453, 48.512374], [-88.956453, 48.512383], [-88.956463, 48.512387], [-88.956483, 48.512387], [-88.956513, 48.512383], [-88.956553, 48.512374], [-88.956574, 48.512367], [-88.956574, 48.512363], [-88.956553, 48.512361], [-88.956513, 48.512361], [-88.956483, 48.512363]]]}}, {"type": "Feature", "properties": {"lead": 120, "temp": "sp:salmon"}, "geometry": {"type": "Polygon", "coordinates": [[[-88.927741, 48.519516], [-88.927829, 48.519413], [-88.928, 48.519277], [-88.928256, 48.519108], [-88.928477, 48.518981], [-88.928666, 48.518896], [-88.92882, 48.518854], [-88.928941, 48.518854], [-88.929076, 48.518876], [-88.929224, 48.518921], [-88.929385, 48.518987], [-88.92956, 48.519077], [-88.929671, 48.51915], [-88.929718, 48.519208], [-88.929701, 48.519251], [-88.929621, 48.519277], [-88.929547, 48.519284], [-88.929479, 48.519271], [-88.929419, 48.519237], [-88.929365, 48.519184], [-88.929284, 48.519144], [-88.929177, 48.519117], [-88.929042, 48.519103], [-88.928881, 48.519103], [-88.928716, 48.519139], [-88.928548, 48.51921], [-88.928377, 48.519317], [-88.928202, 48.51946], [-88.92805, 48.519558], [-88.927923, 48.519612], [-88.927818, 48.519621], [-88.927738, 48.519585], [-88.927741, 48.519516]]]}}, {"type": "Feature", "properties": {"lead": 120, "temp": "sp:salmon"}, "geometry": {"type": "Polygon", "coordinates": [[[-88.930165, 48.519853], [-88.930098, 48.519781], [-88.930024, 48.519674], [-88.929943, 48.519532], [-88.929917, 48.519431], [-88.929943, 48.519373], [-88.930024, 48.519358], [-88.930159, 48.519384], [-88.93026, 48.519433], [-88.930327, 48.519505], [-88.93036, 48.519598], [-88.93036, 48.519714], [-88.930347, 48.519801], [-88.93032, 48.519859], [-88.93028, 48.519888], [-88.930226, 48.519888], [-88.930165, 48.519853]]]}}, {"type": "Feature", "properties": {"lead": 120, "temp": "sp:salmon"}, "geometry": {"type": "Polygon", "coordinates": [[[-88.927264, 48.519694], [-88.927311, 48.519681], [-88.927381, 48.519674], [-88.927475, 48.519674], [-88.927523, 48.519681], [-88.927523, 48.519694], [-88.927475, 48.519714], [-88.927381, 48.519741], [-88.927311, 48.519754], [-88.927264, 48.519754], [-88.92724, 48.519741], [-88.92724, 48.519714], [-88.927264, 48.519694]]]}}, {"type": "Feature", "properties": {"lead": 120, "temp": "sp:salmon"}, "geometry": {"type": "Polygon", "coordinates": [[[-88.926937, 48.519801], [-88.926978, 48.519788], [-88.927038, 48.519781], [-88.927119, 48.519781], [-88.927159, 48.519788], [-88.927159, 48.519801], [-88.927119, 48.519821], [-88.927038, 48.519848], [-88.926978, 48.519862], [-88.926937, 48.519862], [-88.926917, 48.519848], [-88.926917, 48.519821], [-88.926937, 48.519801]]]}}, {"type": "Feature", "properties": {"lead": 120, "temp": "sp:salmon"}, "geometry": {"type": "Polygon", "coordinates": [[[-88.926319, 48.520096], [-88.926252, 48.520082], [-88.926218, 48.520062], [-88.926218, 48.520035], [-88.926262, 48.520009], [-88.926349, 48.519982], [-88.92648, 48.519955], [-88.926655, 48.519928], [-88.926776, 48.519922], [-88.926843, 48.519935], [-88.926857, 48.519969], [-88.926816, 48.520022], [-88.926753, 48.520062], [-88.926665, 48.520089], [-88.926554, 48.520102], [-88.92642, 48.520102], [-88.926319, 48.520096]]]}}, {"type": "Feature", "properties": {"lead": 120, "temp": "sp:salmon"}, "geometry": {"type": "Polygon", "coordinates": [[[-88.925825, 48.520236], [-88.925764, 48.520218], [-88.925734, 48.520192], [-88.925734, 48.520156], [-88.925764, 48.520129], [-88.925825, 48.520111], [-88.925915, 48.520102], [-88.926036, 48.520102], [-88.926127, 48.520111], [-88.926188, 48.520129], [-88.926218, 48.520156], [-88.926218, 48.520192], [-88.926188, 48.520218], [-88.926127, 48.520236], [-88.926036, 48.520245], [-88.925915, 48.520245], [-88.925825, 48.520236]]]}}, {"type": "Feature", "properties": {"lead": 120, "temp": "sp:salmon"}, "geometry": {"type": "Polygon", "coordinates": [[[-88.925566, 48.520276], [-88.92566, 48.520285], [-88.925693, 48.520312], [-88.925667, 48.520356], [-88.925599, 48.520385], [-88.925492, 48.520399], [-88.925344, 48.520397], [-88.925155, 48.520379], [-88.925068, 48.520359], [-88.925081, 48.520336], [-88.925196, 48.520312], [-88.925411, 48.520285], [-88.925566, 48.520276]]]}}, {"type": "Feature", "properties": {"lead": 120, "temp": "sp:salmon"}, "geometry": {"type": "Polygon", "coordinates": [[[-88.930724, 48.520758], [-88.930643, 48.520642], [-88.930562, 48.520468], [-88.930481, 48.520236], [-88.930455, 48.520076], [-88.930481, 48.519986], [-88.930562, 48.519969], [-88.930697, 48.520022], [-88.930804, 48.520107], [-88.930885, 48.520223], [-88.930939, 48.52037], [-88.930966, 48.520548], [-88.930966, 48.520682], [-88.930939, 48.520771], [-88.930885, 48.520816], [-88.930804, 48.520816], [-88.930724, 48.520758]]]}}, {"type": "Feature", "properties": {"lead": 120, "temp": "sp:salmon"}, "geometry": {"type": "Polygon", "coordinates": [[[-88.924759, 48.520486], [-88.924799, 48.520486], [-88.924792, 48.520499], [-88.924738, 48.520526], [-88.924678, 48.520546], [-88.924611, 48.520559], [-88.924537, 48.520566], [-88.924456, 48.520566], [-88.924429, 48.520559], [-88.924456, 48.520546], [-88.924537, 48.520526], [-88.924671, 48.520499], [-88.924759, 48.520486]]]}}, {"type": "Feature", "properties": {"lead": 120, "temp": "sp:salmon"}, "geometry": {"type": "Polygon", "coordinates": [[[-88.950962, 48.522145], [-88.951385, 48.521984], [-88.95186, 48.521824], [-88.952384, 48.521663], [-88.952724, 48.521583], [-88.952878, 48.521583], [-88.952848, 48.521663], [-88.952633, 48.521824], [-88.952313, 48.521984], [-88.95189, 48.522145], [-88.951362, 48.522305], [-88.95073, 48.522466], [-88.950336, 48.522546], [-88.950182, 48.522546], [-88.950266, 48.522466], [-88.950589, 48.522305], [-88.950962, 48.522145]]]}}, {"type": "Feature", "properties": {"lead": 120, "temp": "sp:salmon"}, "geometry": {"type": "Polygon", "coordinates": [[[-88.930929, 48.523197], [-88.930935, 48.523126], [-88.930986, 48.523032], [-88.93108, 48.522916], [-88.931137, 48.522742], [-88.931157, 48.52251], [-88.93114, 48.52222], [-88.931087, 48.521873], [-88.931073, 48.521583], [-88.9311, 48.521351], [-88.931167, 48.521177], [-88.931275, 48.521061], [-88.931352, 48.521039], [-88.931399, 48.52111], [-88.931416, 48.521275], [-88.931403, 48.521534], [-88.931416, 48.521728], [-88.931457, 48.521857], [-88.931524, 48.521922], [-88.931618, 48.521922], [-88.931699, 48.521962], [-88.931766, 48.522042], [-88.93182, 48.522162], [-88.93186, 48.522323], [-88.931867, 48.52245], [-88.93184, 48.522544], [-88.931779, 48.522604], [-88.931685, 48.522631], [-88.931615, 48.522677], [-88.931567, 48.522744], [-88.931544, 48.522831], [-88.931544, 48.522938], [-88.93152, 48.523032], [-88.931473, 48.523112], [-88.931403, 48.523179], [-88.931309, 48.523233], [-88.931218, 48.523266], [-88.93113, 48.523279], [-88.931046, 48.523273], [-88.930966, 48.523246], [-88.930929, 48.523197]]]}}, {"type": "Feature", "properties": {"lead": 120, "temp": "sp:salmon"}, "geometry": {"type": "Polygon", "coordinates": [[[-88.94646, 48.522526], [-88.946486, 48.522521], [-88.946527, 48.522533], [-88.946581, 48.522559], [-88.946607, 48.522582], [-88.946607, 48.522599], [-88.946581, 48.522613], [-88.946527, 48.522622], [-88.946486, 48.522619], [-88.94646, 48.522606], [-88.946446, 48.522582], [-88.946446, 48.522546], [-88.94646, 48.522526]]]}}, {"type": "Feature", "properties": {"lead": 120, "temp": "sp:salmon"}, "geometry": {"type": "Polygon", "coordinates": [[[-88.94339, 48.52309], [-88.94341, 48.523072], [-88.94344, 48.523063], [-88.94348, 48.523063], [-88.943501, 48.523072], [-88.943501, 48.52309], [-88.94348, 48.523117], [-88.94344, 48.523152], [-88.94341, 48.52317], [-88.94339, 48.52317], [-88.94338, 48.523152], [-88.94338, 48.523117], [-88.94339, 48.52309]]]}}, {"type": "Feature", "properties": {"lead": 120, "temp": "sp:salmon"}, "geometry": {"type": "Polygon", "coordinates": [[[-88.942206, 48.523696], [-88.942156, 48.523545], [-88.942129, 48.523366], [-88.942156, 48.523195], [-88.942236, 48.52303], [-88.942371, 48.522871], [-88.942559, 48.52272], [-88.942862, 48.522606], [-88.943279, 48.52253], [-88.94381, 48.522492], [-88.944456, 48.522492], [-88.94495, 48.522479], [-88.945293, 48.522452], [-88.945484, 48.522412], [-88.945525, 48.522359], [-88.945605, 48.52233], [-88.945727, 48.522325], [-88.945888, 48.522345], [-88.94609, 48.52239], [-88.946214, 48.522426], [-88.946261, 48.522452], [-88.946231, 48.52247], [-88.946123, 48.522479], [-88.946032, 48.522501], [-88.945959, 48.522537], [-88.945901, 48.522586], [-88.945861, 48.522648], [-88.945669, 48.522689], [-88.945326, 48.522706], [-88.944832, 48.522702], [-88.944187, 48.522675], [-88.943669, 48.522691], [-88.943279, 48.522749], [-88.943016, 48.522849], [-88.942882, 48.522992], [-88.942781, 48.523155], [-88.942714, 48.523337], [-88.94268, 48.52354], [-88.94268, 48.523763], [-88.94265, 48.523913], [-88.942589, 48.523988], [-88.942499, 48.523991], [-88.942378, 48.523919], [-88.94228, 48.523821], [-88.942206, 48.523696]]]}}, {"type": "Feature", "properties": {"lead": 120, "temp": "sp:salmon"}, "geometry": {"type": "Polygon", "coordinates": [[[-88.946887, 48.523226], [-88.946823, 48.523099], [-88.946823, 48.522956], [-88.946907, 48.522883], [-88.947075, 48.522878], [-88.947327, 48.522943], [-88.947663, 48.523077], [-88.947969, 48.523163], [-88.948245, 48.523204], [-88.94849, 48.523197], [-88.948706, 48.523143], [-88.948793, 48.523139], [-88.948753, 48.523184], [-88.948585, 48.523277], [-88.948289, 48.52342], [-88.948003, 48.523507], [-88.947727, 48.523538], [-88.947462, 48.523514], [-88.947206, 48.523433], [-88.947014, 48.523337], [-88.946887, 48.523226]]]}}, {"type": "Feature", "properties": {"lead": 120, "temp": "sp:steelhead"}, "geometry": {"type": "Polygon", "coordinates": [[[-88.98587, 48.508268], [-88.985742, 48.508219], [-88.985631, 48.508199], [-88.985537, 48.508208], [-88.985467, 48.508204], [-88.98542, 48.508186], [-88.985396, 48.508155], [-88.985396, 48.50811], [-88.985346, 48.508085], [-88.985245, 48.508081], [-88.985093, 48.508097], [-88.984892, 48.508132], [-88.984744, 48.508137], [-88.98465, 48.50811], [-88.984609, 48.508052], [-88.984623, 48.507963], [-88.984572, 48.507894], [-88.984458, 48.507845], [-88.98428, 48.507816], [-88.984038, 48.507807], [-88.983991, 48.507789], [-88.984138, 48.507762], [-88.984481, 48.507726], [-88.985019, 48.507682], [-88.985453, 48.507668], [-88.985783, 48.507686], [-88.986008, 48.507735], [-88.986129, 48.507816], [-88.986226, 48.507918], [-88.9863, 48.508043], [-88.986351, 48.50819], [-88.986378, 48.50836], [-88.986358, 48.50846], [-88.98629, 48.508491], [-88.986176, 48.508453], [-88.986015, 48.508346], [-88.98587, 48.508268]]]}}, {"type": "Feature", "properties": {"lead": 120, "temp": "sp:steelhead"}, "geometry": {"type": "Polygon", "coordinates": [[[-88.984942, 48.508407], [-88.984972, 48.5084], [-88.985013, 48.5084], [-88.985033, 48.508407], [-88.985033, 48.50842], [-88.985013, 48.50844], [-88.984972, 48.508467], [-88.984942, 48.50848], [-88.984922, 48.50848], [-88.984912, 48.508467], [-88.984912, 48.50844], [-88.984922, 48.50842], [-88.984942, 48.508407]]]}}, {"type": "Feature", "properties": {"lead": 120, "temp": "sp:steelhead"}, "geometry": {"type": "Polygon", "coordinates": [[[-88.97502, 48.508732], [-88.97508, 48.508721], [-88.975161, 48.508721], [-88.975201, 48.508732], [-88.975201, 48.508755], [-88.975161, 48.508788], [-88.97508, 48.508833], [-88.97502, 48.508855], [-88.974979, 48.508855], [-88.974959, 48.508833], [-88.974959, 48.508788], [-88.974979, 48.508755], [-88.97502, 48.508732]]]}}, {"type": "Feature", "properties": {"lead": 120, "temp": "sp:steelhead"}, "geometry": {"type": "Polygon", "coordinates": [[[-88.973967, 48.508737], [-88.973997, 48.508721], [-88.974038, 48.508721], [-88.974058, 48.508737], [-88.974058, 48.508768], [-88.974038, 48.508815], [-88.973997, 48.508877], [-88.973967, 48.508908], [-88.973947, 48.508908], [-88.973937, 48.508877], [-88.973937, 48.508815], [-88.973947, 48.508768], [-88.973967, 48.508737]]]}}, {"type": "Feature", "properties": {"lead": 120, "temp": "sp:steelhead"}, "geometry": {"type": "Polygon", "coordinates": [[[-88.975601, 48.508998], [-88.975652, 48.50898], [-88.975719, 48.508962], [-88.975753, 48.508957], [-88.975753, 48.508966], [-88.975719, 48.508989], [-88.975652, 48.509024], [-88.975601, 48.509047], [-88.975568, 48.509056], [-88.975551, 48.509051], [-88.975551, 48.509033], [-88.975568, 48.509015], [-88.975601, 48.508998]]]}}, {"type": "Feature", "properties": {"lead": 120, "temp": "sp:steelhead"}, "geometry": {"type": "Polygon", "coordinates": [[[-88.977044, 48.509227], [-88.976761, 48.509225], [-88.976385, 48.509252], [-88.976102, 48.509259], [-88.975914, 48.509245], [-88.97582, 48.509212], [-88.97582, 48.509158], [-88.97585, 48.509118], [-88.975911, 48.509091], [-88.976001, 48.509078], [-88.976123, 48.509078], [-88.976207, 48.509065], [-88.976254, 48.509038], [-88.976264, 48.508998], [-88.976237, 48.508944], [-88.976358, 48.508908], [-88.976627, 48.508891], [-88.977044, 48.508891], [-88.977609, 48.508908], [-88.977962, 48.50896], [-88.978103, 48.509044], [-88.978032, 48.509163], [-88.97775, 48.509314], [-88.977538, 48.509406], [-88.977397, 48.509437], [-88.977326, 48.509408], [-88.977326, 48.509319], [-88.977232, 48.509259], [-88.977044, 48.509227]], [[-88.976691, 48.509098], [-88.976681, 48.509118], [-88.976681, 48.509145], [-88.976691, 48.509158], [-88.976711, 48.509158], [-88.976741, 48.509145], [-88.976782, 48.509118], [-88.976802, 48.509098], [-88.976802, 48.509085], [-88.976782, 48.509078], [-88.976741, 48.509078], [-88.976711, 48.509085], [-88.976691, 48.509098]]]}}, {"type": "Feature", "properties": {"lead": 120, "temp": "sp:steelhead"}, "geometry": {"type": "Polygon", "coordinates": [[[-88.974626, 48.509361], [-88.974583, 48.509319], [-88.974583, 48.509265], [-88.974626, 48.509225], [-88.974714, 48.509198], [-88.974845, 48.509185], [-88.97502, 48.509185], [-88.975151, 48.509201], [-88.975238, 48.509232], [-88.975282, 48.509279], [-88.975282, 48.509341], [-88.975238, 48.509386], [-88.975151, 48.509412], [-88.97502, 48.509421], [-88.974845, 48.509412], [-88.974714, 48.509392], [-88.974626, 48.509361]], [[-88.97507, 48.509263], [-88.975067, 48.50927], [-88.975067, 48.509279], [-88.97507, 48.509283], [-88.975077, 48.509283], [-88.975087, 48.509279], [-88.9751, 48.50927], [-88.975107, 48.509263], [-88.975107, 48.509259], [-88.9751, 48.509256], [-88.975087, 48.509256], [-88.975077, 48.509259], [-88.97507, 48.509263]]]}}, {"type": "Feature", "properties": {"lead": 120, "temp": "sp:steelhead"}, "geometry": {"type": "Polygon", "coordinates": [[[-88.974229, 48.509468], [-88.974361, 48.509457], [-88.974535, 48.509448], [-88.974623, 48.509448], [-88.974623, 48.509457], [-88.974535, 48.509475], [-88.974361, 48.509502], [-88.974229, 48.509517], [-88.974142, 48.509522], [-88.974098, 48.509515], [-88.974098, 48.509497], [-88.974142, 48.509482], [-88.974229, 48.509468]]]}}, {"type": "Feature", "properties": {"lead": 120, "temp": "sp:steelhead"}, "geometry": {"type": "Polygon", "coordinates": [[[-88.972323, 48.509562], [-88.972377, 48.509582], [-88.972377, 48.509609], [-88.972323, 48.509622], [-88.972215, 48.509622], [-88.972054, 48.509609], [-88.971839, 48.509582], [-88.971731, 48.509562], [-88.971731, 48.509548], [-88.971839, 48.509542], [-88.972054, 48.509542], [-88.972215, 48.509548], [-88.972323, 48.509562]]]}}, {"type": "Feature", "properties": {"lead": 120, "temp": "sp:steelhead"}, "geometry": {"type": "Polygon", "coordinates": [[[-88.969697, 48.509852], [-88.969633, 48.509823], [-88.969633, 48.509796], [-88.969697, 48.509776], [-88.969825, 48.509763], [-88.970016, 48.509756], [-88.970272, 48.509756], [-88.970464, 48.509771], [-88.970591, 48.509803], [-88.970655, 48.50985], [-88.970655, 48.509912], [-88.970591, 48.50995], [-88.970464, 48.509963], [-88.970272, 48.509952], [-88.970016, 48.509916], [-88.969825, 48.509883], [-88.969697, 48.509852]]]}}, {"type": "Feature", "properties": {"lead": 120, "temp": "sp:steelhead"}, "geometry": {"type": "Polygon", "coordinates": [[[-88.968268, 48.509981], [-88.968234, 48.509952], [-88.968234, 48.509916], [-88.968268, 48.50989], [-88.968335, 48.509872], [-88.968436, 48.509863], [-88.968571, 48.509863], [-88.968671, 48.509874], [-88.968739, 48.509896], [-88.968772, 48.50993], [-88.968772, 48.509974], [-88.968739, 48.510006], [-88.968671, 48.510023], [-88.968571, 48.510028], [-88.968436, 48.510019], [-88.968335, 48.510003], [-88.968268, 48.509981]]]}}, {"type": "Feature", "properties": {"lead": 120, "temp": "sp:steelhead"}, "geometry": {"type": "Polygon", "coordinates": [[[-88.967972, 48.510012], [-88.968033, 48.510006], [-88.968113, 48.510006], [-88.968154, 48.510012], [-88.968154, 48.510026], [-88.968113, 48.510046], [-88.968033, 48.510073], [-88.967972, 48.510086], [-88.967932, 48.510086], [-88.967912, 48.510073], [-88.967912, 48.510046], [-88.967932, 48.510026], [-88.967972, 48.510012]]]}}, {"type": "Feature", "properties": {"lead": 120, "temp": "sp:steelhead"}, "geometry": {"type": "Polygon", "coordinates": [[[-88.967444, 48.510119], [-88.967515, 48.510113], [-88.967609, 48.510113], [-88.967656, 48.510119], [-88.967656, 48.510133], [-88.967609, 48.510153], [-88.967515, 48.51018], [-88.967444, 48.510193], [-88.967397, 48.510193], [-88.967374, 48.51018], [-88.967374, 48.510153], [-88.967397, 48.510133], [-88.967444, 48.510119]]]}}, {"type": "Feature", "properties": {"lead": 120, "temp": "sp:steelhead"}, "geometry": {"type": "Polygon", "coordinates": [[[-88.967081, 48.510226], [-88.967111, 48.51022], [-88.967152, 48.51022], [-88.967172, 48.510226], [-88.967172, 48.51024], [-88.967152, 48.51026], [-88.967111, 48.510287], [-88.967081, 48.5103], [-88.967061, 48.5103], [-88.967051, 48.510287], [-88.967051, 48.51026], [-88.967061, 48.51024], [-88.967081, 48.510226]]]}}, {"type": "Feature", "properties": {"lead": 120, "temp": "sp:steelhead"}, "geometry": {"type": "Polygon", "coordinates": [[[-88.966758, 48.510333], [-88.966789, 48.510327], [-88.966829, 48.510327], [-88.966849, 48.510333], [-88.966849, 48.510347], [-88.966829, 48.510367], [-88.966789, 48.510394], [-88.966758, 48.510407], [-88.966738, 48.510407], [-88.966728, 48.510394], [-88.966728, 48.510367], [-88.966738, 48.510347], [-88.966758, 48.510333]]]}}, {"type": "Feature", "properties": {"lead": 120, "temp": "sp:steelhead"}, "geometry": {"type": "Polygon", "coordinates": [[[-88.965568, 48.510588], [-88.965632, 48.510577], [-88.965726, 48.510577], [-88.965797, 48.510583], [-88.965844, 48.510597], [-88.965867, 48.510617], [-88.965867, 48.510643], [-88.96585, 48.510668], [-88.965817, 48.51069], [-88.965766, 48.51071], [-88.965699, 48.510728], [-88.965642, 48.51073], [-88.965595, 48.510717], [-88.965558, 48.510688], [-88.965531, 48.510643], [-88.965534, 48.51061], [-88.965568, 48.510588]]]}}, {"type": "Feature", "properties": {"lead": 120, "temp": "sp:steelhead"}, "geometry": {"type": "Polygon", "coordinates": [[[-88.965198, 48.51069], [-88.965228, 48.510684], [-88.965269, 48.510684], [-88.965289, 48.51069], [-88.965289, 48.510704], [-88.965269, 48.510724], [-88.965228, 48.51075], [-88.965198, 48.510764], [-88.965178, 48.510764], [-88.965168, 48.51075], [-88.965168, 48.510724], [-88.965178, 48.510704], [-88.965198, 48.51069]]]}}, {"type": "Feature", "properties": {"lead": 120, "temp": "sp:steelhead"}, "geometry": {"type": "Polygon", "coordinates": [[[-88.964368, 48.510904], [-88.964428, 48.510898], [-88.964509, 48.510898], [-88.964549, 48.510904], [-88.964549, 48.510918], [-88.964509, 48.510938], [-88.964428, 48.510965], [-88.964368, 48.510978], [-88.964327, 48.510978], [-88.964307, 48.510965], [-88.964307, 48.510938], [-88.964327, 48.510918], [-88.964368, 48.510904]]]}}, {"type": "Feature", "properties": {"lead": 120, "temp": "sp:steelhead"}, "geometry": {"type": "Polygon", "coordinates": [[[-88.963809, 48.510904], [-88.96385, 48.510898], [-88.963904, 48.510898], [-88.96393, 48.510904], [-88.96393, 48.510918], [-88.963904, 48.510938], [-88.96385, 48.510965], [-88.963809, 48.510978], [-88.963783, 48.510978], [-88.963769, 48.510965], [-88.963769, 48.510938], [-88.963783, 48.510918], [-88.963809, 48.510904]]]}}, {"type": "Feature", "properties": {"lead": 120, "temp": "sp:steelhead"}, "geometry": {"type": "Polygon", "coordinates": [[[-88.962616, 48.511261], [-88.962646, 48.511254], [-88.962686, 48.511254], [-88.962707, 48.511261], [-88.962707, 48.511275], [-88.962686, 48.511295], [-88.962646, 48.511321], [-88.962616, 48.511335], [-88.962596, 48.511335], [-88.962586, 48.511321], [-88.962586, 48.511295], [-88.962596, 48.511275], [-88.962616, 48.511261]]]}}, {"type": "Feature", "properties": {"lead": 120, "temp": "sp:steelhead"}, "geometry": {"type": "Polygon", "coordinates": [[[-88.995355, 48.51263], [-88.995429, 48.512561], [-88.995698, 48.512481], [-88.995951, 48.51243], [-88.996186, 48.512407], [-88.996404, 48.512414], [-88.996606, 48.51245], [-88.996791, 48.512461], [-88.996959, 48.512447], [-88.997111, 48.51241], [-88.997245, 48.512347], [-88.997396, 48.5123], [-88.997564, 48.512269], [-88.997749, 48.512253], [-88.997951, 48.512253], [-88.998156, 48.512218], [-88.998365, 48.512146], [-88.998577, 48.512039], [-88.998792, 48.511897], [-88.998987, 48.51179], [-88.999162, 48.511718], [-88.999316, 48.511683], [-88.999451, 48.511683], [-88.999552, 48.511698], [-88.999619, 48.511729], [-88.999653, 48.511776], [-88.999653, 48.511839], [-88.999609, 48.511892], [-88.999521, 48.511937], [-88.99939, 48.511972], [-88.999215, 48.511999], [-88.999054, 48.512048], [-88.998906, 48.51212], [-88.998772, 48.512213], [-88.998651, 48.512329], [-88.998472, 48.512436], [-88.998237, 48.512534], [-88.997944, 48.512624], [-88.997595, 48.512704], [-88.997205, 48.512755], [-88.996774, 48.512778], [-88.996304, 48.512771], [-88.995792, 48.512735], [-88.995476, 48.512688], [-88.995355, 48.51263]]]}}, {"type": "Feature", "properties": {"lead": 120, "temp": "sp:steelhead"}, "geometry": {"type": "Polygon", "coordinates": [[[-88.962454, 48.51137], [-88.962485, 48.511361], [-88.962525, 48.511361], [-88.962545, 48.51137], [-88.962545, 48.511388], [-88.962525, 48.511415], [-88.962485, 48.511451], [-88.962454, 48.511469], [-88.962434, 48.511469], [-88.962424, 48.511451], [-88.962424, 48.511415], [-88.962434, 48.511388], [-88.962454, 48.51137]]]}}, {"type": "Feature", "properties": {"lead": 120, "temp": "sp:steelhead"}, "geometry": {"type": "Polygon", "coordinates": [[[-88.962132, 48.511475], [-88.962162, 48.511469], [-88.962202, 48.511469], [-88.962222, 48.511475], [-88.962222, 48.511489], [-88.962202, 48.511509], [-88.962162, 48.511535], [-88.962132, 48.511549], [-88.962111, 48.511549], [-88.962101, 48.511535], [-88.962101, 48.511509], [-88.962111, 48.511489], [-88.962132, 48.511475]]]}}, {"type": "Feature", "properties": {"lead": 120, "temp": "sp:steelhead"}, "geometry": {"type": "Polygon", "coordinates": [[[-88.959741, 48.511587], [-88.959801, 48.511576], [-88.959882, 48.511576], [-88.959923, 48.511587], [-88.959923, 48.511609], [-88.959882, 48.511642], [-88.959801, 48.511687], [-88.959741, 48.511709], [-88.959701, 48.511709], [-88.95968, 48.511687], [-88.95968, 48.511642], [-88.959701, 48.511609], [-88.959741, 48.511587]]]}}, {"type": "Feature", "properties": {"lead": 120, "temp": "sp:steelhead"}, "geometry": {"type": "Polygon", "coordinates": [[[-88.961402, 48.511872], [-88.961341, 48.511799], [-88.961301, 48.511709], [-88.96121, 48.511647], [-88.961069, 48.511611], [-88.960877, 48.511602], [-88.960635, 48.51162], [-88.96045, 48.511622], [-88.960323, 48.511609], [-88.960252, 48.51158], [-88.960239, 48.511535], [-88.960302, 48.511502], [-88.960444, 48.51148], [-88.960662, 48.511469], [-88.960958, 48.511469], [-88.96119, 48.511482], [-88.961358, 48.511509], [-88.961462, 48.511549], [-88.961503, 48.511602], [-88.961567, 48.511636], [-88.961654, 48.511649], [-88.961765, 48.511642], [-88.9619, 48.511616], [-88.961987, 48.511625], [-88.962027, 48.511669], [-88.962021, 48.511749], [-88.961967, 48.511865], [-88.961896, 48.511946], [-88.961809, 48.51199], [-88.961705, 48.511999], [-88.961584, 48.511972], [-88.961483, 48.51193], [-88.961402, 48.511872]]]}}, {"type": "Feature", "properties": {"lead": 120, "temp": "sp:steelhead"}, "geometry": {"type": "Polygon", "coordinates": [[[-88.959388, 48.511694], [-88.959418, 48.511683], [-88.959459, 48.511683], [-88.959479, 48.511694], [-88.959479, 48.511716], [-88.959459, 48.511749], [-88.959418, 48.511794], [-88.959388, 48.511816], [-88.959368, 48.511816], [-88.959358, 48.511794], [-88.959358, 48.511749], [-88.959368, 48.511716], [-88.959388, 48.511694]]]}}, {"type": "Feature", "properties": {"lead": 120, "temp": "sp:steelhead"}, "geometry": {"type": "Polygon", "coordinates": [[[-88.959011, 48.511834], [-88.959042, 48.511825], [-88.959082, 48.511825], [-88.959102, 48.511834], [-88.959102, 48.511852], [-88.959082, 48.511879], [-88.959042, 48.511915], [-88.959011, 48.511932], [-88.958991, 48.511932], [-88.958981, 48.511915], [-88.958981, 48.511879], [-88.958991, 48.511852], [-88.959011, 48.511834]]]}}, {"type": "Feature", "properties": {"lead": 120, "temp": "sp:steelhead"}, "geometry": {"type": "Polygon", "coordinates": [[[-88.958689, 48.511939], [-88.958719, 48.511932], [-88.958759, 48.511932], [-88.958779, 48.511939], [-88.958779, 48.511952], [-88.958759, 48.511972], [-88.958719, 48.511999], [-88.958689, 48.512013], [-88.958668, 48.512013], [-88.958658, 48.511999], [-88.958658, 48.511972], [-88.958668, 48.511952], [-88.958689, 48.511939]]]}}, {"type": "Feature", "properties": {"lead": 120, "temp": "sp:steelhead"}, "geometry": {"type": "Polygon", "coordinates": [[[-88.956392, 48.512751], [-88.9565, 48.512664], [-88.956674, 48.512557], [-88.956806, 48.512461], [-88.956893, 48.512376], [-88.956937, 48.512303], [-88.956937, 48.51224], [-88.95698, 48.51218], [-88.957068, 48.512122], [-88.957199, 48.512066], [-88.957374, 48.512013], [-88.957569, 48.511979], [-88.957784, 48.511966], [-88.958019, 48.511972], [-88.958275, 48.511999], [-88.958416, 48.512051], [-88.958443, 48.512126], [-88.958356, 48.512227], [-88.958154, 48.512352], [-88.957976, 48.512436], [-88.957821, 48.512481], [-88.95769, 48.512485], [-88.957582, 48.51245], [-88.957451, 48.512456], [-88.957296, 48.512505], [-88.957118, 48.512597], [-88.956917, 48.512731], [-88.956742, 48.512824], [-88.956594, 48.512878], [-88.956473, 48.512891], [-88.956379, 48.512864], [-88.956352, 48.512818], [-88.956392, 48.512751]]]}}, {"type": "Feature", "properties": {"lead": 120, "temp": "sp:steelhead"}, "geometry": {"type": "Polygon", "coordinates": [[[-88.955669, 48.51317], [-88.9558, 48.513087], [-88.955975, 48.513025], [-88.956096, 48.513007], [-88.956163, 48.513034], [-88.956177, 48.513105], [-88.956136, 48.513221], [-88.956086, 48.513315], [-88.956026, 48.513386], [-88.955955, 48.513435], [-88.955874, 48.513462], [-88.9558, 48.513498], [-88.955733, 48.513542], [-88.955672, 48.513596], [-88.955619, 48.513658], [-88.955578, 48.513669], [-88.955551, 48.513629], [-88.955538, 48.513538], [-88.955538, 48.513395], [-88.955582, 48.513273], [-88.955669, 48.51317]]]}}, {"type": "Feature", "properties": {"lead": 120, "temp": "sp:steelhead"}, "geometry": {"type": "Polygon", "coordinates": [[[-88.954923, 48.514189], [-88.954892, 48.514162], [-88.954892, 48.514127], [-88.954933, 48.51408], [-88.955013, 48.514022], [-88.955134, 48.513953], [-88.955296, 48.513872], [-88.955407, 48.513826], [-88.955467, 48.513812], [-88.955477, 48.513832], [-88.955437, 48.513886], [-88.955407, 48.513942], [-88.955387, 48.513999], [-88.955377, 48.51406], [-88.955377, 48.514122], [-88.955346, 48.514169], [-88.955286, 48.5142], [-88.955195, 48.514216], [-88.955074, 48.514216], [-88.954983, 48.514207], [-88.954923, 48.514189]], [[-88.955219, 48.51408], [-88.955215, 48.514086], [-88.955215, 48.514095], [-88.955219, 48.5141], [-88.955225, 48.5141], [-88.955235, 48.514095], [-88.955249, 48.514086], [-88.955256, 48.51408], [-88.955256, 48.514075], [-88.955249, 48.514073], [-88.955235, 48.514073], [-88.955225, 48.514075], [-88.955219, 48.51408]]]}}, {"type": "Feature", "properties": {"lead": 120, "temp": "sp:steelhead"}, "geometry": {"type": "Polygon", "coordinates": [[[-88.954691, 48.514256], [-88.954718, 48.514229], [-88.954758, 48.514216], [-88.954812, 48.514216], [-88.954839, 48.514229], [-88.954839, 48.514256], [-88.954812, 48.514296], [-88.954758, 48.51435], [-88.954718, 48.514376], [-88.954691, 48.514376], [-88.954677, 48.51435], [-88.954677, 48.514296], [-88.954691, 48.514256]]]}}, {"type": "Feature", "properties": {"lead": 120, "temp": "sp:steelhead"}, "geometry": {"type": "Polygon", "coordinates": [[[-88.954546, 48.514544], [-88.954576, 48.514537], [-88.954617, 48.514537], [-88.954637, 48.514544], [-88.954637, 48.514557], [-88.954617, 48.514577], [-88.954576, 48.514604], [-88.954546, 48.514617], [-88.954526, 48.514617], [-88.954516, 48.514604], [-88.954516, 48.514577], [-88.954526, 48.514557], [-88.954546, 48.514544]]]}}, {"type": "Feature", "properties": {"lead": 120, "temp": "sp:steelhead"}, "geometry": {"type": "Polygon", "coordinates": [[[-88.954385, 48.5148], [-88.954415, 48.514787], [-88.954455, 48.514787], [-88.954475, 48.5148], [-88.954475, 48.514827], [-88.954455, 48.514867], [-88.954415, 48.51492], [-88.954385, 48.514947], [-88.954364, 48.514947], [-88.954354, 48.51492], [-88.954354, 48.514867], [-88.954364, 48.514827], [-88.954385, 48.5148]]]}}, {"type": "Feature", "properties": {"lead": 120, "temp": "sp:steelhead"}, "geometry": {"type": "Polygon", "coordinates": [[[-88.954223, 48.515021], [-88.954254, 48.515001], [-88.954294, 48.515001], [-88.954314, 48.515021], [-88.954314, 48.515061], [-88.954294, 48.515121], [-88.954254, 48.515201], [-88.954223, 48.515242], [-88.954203, 48.515242], [-88.954193, 48.515201], [-88.954193, 48.515121], [-88.954203, 48.515061], [-88.954223, 48.515021]]]}}, {"type": "Feature", "properties": {"lead": 120, "temp": "sp:steelhead"}, "geometry": {"type": "Polygon", "coordinates": [[[-88.954062, 48.515337], [-88.954092, 48.515322], [-88.954132, 48.515322], [-88.954153, 48.515337], [-88.954153, 48.515369], [-88.954132, 48.515415], [-88.954092, 48.515478], [-88.954062, 48.515509], [-88.954042, 48.515509], [-88.954032, 48.515478], [-88.954032, 48.515415], [-88.954042, 48.515369], [-88.954062, 48.515337]]]}}, {"type": "Feature", "properties": {"lead": 120, "temp": "sp:steelhead"}, "geometry": {"type": "Polygon", "coordinates": [[[-88.953719, 48.515806], [-88.953736, 48.51575], [-88.95379, 48.515679], [-88.95384, 48.515625], [-88.953887, 48.515589], [-88.953931, 48.515572], [-88.953971, 48.515572], [-88.954001, 48.515592], [-88.954022, 48.515632], [-88.954032, 48.515692], [-88.954032, 48.515772], [-88.954008, 48.51583], [-88.953961, 48.515866], [-88.95389, 48.515879], [-88.953796, 48.51587], [-88.953739, 48.515846], [-88.953719, 48.515806]]]}}, {"type": "Feature", "properties": {"lead": 120, "temp": "sp:steelhead"}, "geometry": {"type": "Polygon", "coordinates": [[[-88.953285, 48.516622], [-88.953292, 48.516575], [-88.953373, 48.51653], [-88.953443, 48.516461], [-88.953504, 48.516368], [-88.953554, 48.516249], [-88.953595, 48.516107], [-88.953638, 48.516], [-88.953685, 48.515928], [-88.953736, 48.515893], [-88.95379, 48.515893], [-88.95385, 48.515937], [-88.953917, 48.516026], [-88.953991, 48.51616], [-88.954072, 48.516339], [-88.954122, 48.516488], [-88.954143, 48.516608], [-88.954132, 48.5167], [-88.954092, 48.516762], [-88.954008, 48.516796], [-88.95388, 48.5168], [-88.953709, 48.516776], [-88.953494, 48.516722], [-88.953352, 48.516671], [-88.953285, 48.516622]]]}}, {"type": "Feature", "properties": {"lead": 120, "temp": "sp:steelhead"}, "geometry": {"type": "Polygon", "coordinates": [[[-88.947441, 48.523681], [-88.94726, 48.523621], [-88.947085, 48.52354], [-88.946954, 48.523451], [-88.946866, 48.523353], [-88.946823, 48.523246], [-88.946823, 48.52313], [-88.946789, 48.523023], [-88.946722, 48.522925], [-88.946621, 48.522836], [-88.946486, 48.522755], [-88.946365, 48.522695], [-88.946258, 48.522655], [-88.946164, 48.522635], [-88.946083, 48.522635], [-88.946022, 48.522648], [-88.945982, 48.522675], [-88.945962, 48.522715], [-88.945962, 48.522769], [-88.945918, 48.522809], [-88.945831, 48.522836], [-88.9457, 48.522849], [-88.945525, 48.522849], [-88.94534, 48.522836], [-88.945145, 48.522809], [-88.94494, 48.522769], [-88.944725, 48.522715], [-88.944637, 48.522675], [-88.944677, 48.522648], [-88.944846, 48.522635], [-88.945141, 48.522635], [-88.945377, 48.522619], [-88.945552, 48.522588], [-88.945666, 48.522541], [-88.94572, 48.522479], [-88.94579, 48.522432], [-88.945878, 48.522401], [-88.945982, 48.522385], [-88.946103, 48.522385], [-88.946248, 48.522428], [-88.946416, 48.522512], [-88.946607, 48.52264], [-88.946823, 48.522809], [-88.947021, 48.522934], [-88.947203, 48.523014], [-88.947367, 48.52305], [-88.947515, 48.523041], [-88.947657, 48.52305], [-88.947791, 48.523077], [-88.947919, 48.523121], [-88.94804, 48.523184], [-88.94847, 48.523097], [-88.94921, 48.52286], [-88.950259, 48.522475], [-88.951617, 48.521939], [-88.952707, 48.521536], [-88.953527, 48.521264], [-88.954079, 48.521123], [-88.954361, 48.521115], [-88.954523, 48.521148], [-88.954563, 48.521224], [-88.954482, 48.521342], [-88.95428, 48.521502], [-88.954099, 48.521621], [-88.953937, 48.521696], [-88.953796, 48.52173], [-88.953675, 48.521721], [-88.953574, 48.521743], [-88.953494, 48.521797], [-88.953433, 48.521882], [-88.953393, 48.521997], [-88.953255, 48.522098], [-88.95302, 48.522183], [-88.952687, 48.522252], [-88.952256, 48.522305], [-88.9519, 48.522368], [-88.951617, 48.522439], [-88.951409, 48.522519], [-88.951274, 48.522608], [-88.951143, 48.522675], [-88.951016, 48.52272], [-88.950891, 48.522742], [-88.95077, 48.522742], [-88.950669, 48.522771], [-88.950589, 48.522829], [-88.950528, 48.522916], [-88.950488, 48.523032], [-88.950394, 48.523119], [-88.950246, 48.523177], [-88.950044, 48.523206], [-88.949788, 48.523206], [-88.949529, 48.523239], [-88.949267, 48.523306], [-88.949001, 48.523406], [-88.948732, 48.52354], [-88.94848, 48.523641], [-88.948245, 48.523707], [-88.948026, 48.523741], [-88.947825, 48.523741], [-88.94763, 48.523721], [-88.947441, 48.523681]], [[-88.953181, 48.521835], [-88.953171, 48.521855], [-88.953171, 48.521882], [-88.953181, 48.521895], [-88.953201, 48.521895], [-88.953231, 48.521882], [-88.953272, 48.521855], [-88.953292, 48.521835], [-88.953292, 48.521821], [-88.953272, 48.521815], [-88.953231, 48.521815], [-88.953201, 48.521821], [-88.953181, 48.521835]]]}}, {"type": "Feature", "properties": {"lead": 120, "temp": "sp:steelhead"}, "geometry": {"type": "Polygon", "coordinates": [[[-88.94341, 48.523072], [-88.94344, 48.523063], [-88.94348, 48.523063], [-88.943501, 48.523072], [-88.943501, 48.52309], [-88.94348, 48.523117], [-88.94344, 48.523152], [-88.94341, 48.52317], [-88.94339, 48.52317], [-88.94338, 48.523152], [-88.94338, 48.523117], [-88.94339, 48.52309], [-88.94341, 48.523072]]]}}, {"type": "Feature", "properties": {"lead": 120, "temp": "sp:steelhead"}, "geometry": {"type": "Polygon", "coordinates": [[[-88.942408, 48.52389], [-88.942445, 48.523812], [-88.942539, 48.523741], [-88.942599, 48.523652], [-88.942626, 48.523545], [-88.94262, 48.52342], [-88.942579, 48.523277], [-88.942603, 48.523135], [-88.94269, 48.522992], [-88.942842, 48.522849], [-88.943057, 48.522706], [-88.943282, 48.522599], [-88.943517, 48.522528], [-88.943763, 48.522492], [-88.944018, 48.522492], [-88.94421, 48.522501], [-88.944338, 48.522519], [-88.944402, 48.522546], [-88.944402, 48.522582], [-88.944348, 48.522608], [-88.94424, 48.522626], [-88.944079, 48.522635], [-88.943864, 48.522635], [-88.943672, 48.522648], [-88.943504, 48.522675], [-88.943359, 48.522715], [-88.943238, 48.522769], [-88.943134, 48.522851], [-88.943047, 48.522963], [-88.942976, 48.523103], [-88.942922, 48.523273], [-88.942905, 48.523429], [-88.942926, 48.523571], [-88.942983, 48.523701], [-88.943077, 48.523817], [-88.943124, 48.523924], [-88.943124, 48.524022], [-88.943077, 48.524111], [-88.942983, 48.524191], [-88.942879, 48.524227], [-88.942764, 48.524218], [-88.94264, 48.524165], [-88.942505, 48.524066], [-88.942428, 48.523975], [-88.942408, 48.52389]]]}}, {"type": "Feature", "properties": {"lead": 120, "temp": "sp:steelhead"}, "geometry": {"type": "Polygon", "coordinates": [[[-88.940155, 48.525669], [-88.940037, 48.525609], [-88.939997, 48.525547], [-88.940041, 48.525507], [-88.940168, 48.525489], [-88.94038, 48.525493], [-88.940676, 48.52552], [-88.940922, 48.525562], [-88.941117, 48.52562], [-88.941261, 48.525694], [-88.941355, 48.525783], [-88.941339, 48.525837], [-88.941211, 48.525854], [-88.940972, 48.525837], [-88.940622, 48.525783], [-88.94035, 48.525727], [-88.940155, 48.525669]]]}}, {"type": "Feature", "properties": {"lead": 120, "temp": "sp:steelhead"}, "geometry": {"type": "Polygon", "coordinates": [[[-88.928777, 48.51903], [-88.928962, 48.519037], [-88.929177, 48.519063], [-88.929284, 48.51909], [-88.929284, 48.519117], [-88.929177, 48.519144], [-88.928962, 48.51917], [-88.928777, 48.51919], [-88.928622, 48.519204], [-88.928498, 48.51921], [-88.928403, 48.51921], [-88.928356, 48.519197], [-88.928356, 48.51917], [-88.928403, 48.51913], [-88.928498, 48.519077], [-88.928622, 48.519043], [-88.928777, 48.51903]]]}}, {"type": "Feature", "properties": {"lead": 120, "temp": "sp:steelhead"}, "geometry": {"type": "Polygon", "coordinates": [[[-88.929358, 48.51928], [-88.929426, 48.519255], [-88.92952, 48.519237], [-88.92959, 48.519231], [-88.929637, 48.519235], [-88.929661, 48.519251], [-88.929661, 48.519277], [-88.929641, 48.519306], [-88.9296, 48.519338], [-88.92954, 48.519371], [-88.929459, 48.519407], [-88.929395, 48.519422], [-88.929348, 48.519418], [-88.929318, 48.519393], [-88.929305, 48.519349], [-88.929318, 48.519311], [-88.929358, 48.51928]]]}}, {"type": "Feature", "properties": {"lead": 120, "temp": "sp:steelhead"}, "geometry": {"type": "Polygon", "coordinates": [[[-88.928131, 48.519324], [-88.928161, 48.519317], [-88.928202, 48.519317], [-88.928222, 48.519324], [-88.928222, 48.519338], [-88.928202, 48.519358], [-88.928161, 48.519384], [-88.928131, 48.519398], [-88.928111, 48.519398], [-88.928101, 48.519384], [-88.928101, 48.519358], [-88.928111, 48.519338], [-88.928131, 48.519324]]]}}, {"type": "Feature", "properties": {"lead": 120, "temp": "sp:steelhead"}, "geometry": {"type": "Polygon", "coordinates": [[[-88.929826, 48.519425], [-88.929796, 48.519384], [-88.929742, 48.519358], [-88.929722, 48.519338], [-88.929735, 48.519324], [-88.929782, 48.519317], [-88.929863, 48.519317], [-88.929933, 48.51934], [-88.929994, 48.519384], [-88.930044, 48.519451], [-88.930085, 48.51954], [-88.930088, 48.519612], [-88.930054, 48.519665], [-88.929984, 48.519701], [-88.929876, 48.519719], [-88.929806, 48.519712], [-88.929772, 48.519681], [-88.929775, 48.519625], [-88.929816, 48.519545], [-88.929833, 48.519478], [-88.929826, 48.519425]]]}}, {"type": "Feature", "properties": {"lead": 120, "temp": "sp:steelhead"}, "geometry": {"type": "Polygon", "coordinates": [[[-88.928057, 48.519487], [-88.928101, 48.519518], [-88.928101, 48.519581], [-88.928057, 48.519627], [-88.92797, 48.519659], [-88.927839, 48.519674], [-88.927664, 48.519674], [-88.927576, 48.519659], [-88.927576, 48.519627], [-88.927664, 48.519581], [-88.927839, 48.519518], [-88.92797, 48.519487], [-88.928057, 48.519487]]]}}, {"type": "Feature", "properties": {"lead": 120, "temp": "sp:steelhead"}, "geometry": {"type": "Polygon", "coordinates": [[[-88.92727, 48.519788], [-88.927301, 48.519781], [-88.927341, 48.519781], [-88.927361, 48.519788], [-88.927361, 48.519801], [-88.927341, 48.519821], [-88.927301, 48.519848], [-88.92727, 48.519862], [-88.92725, 48.519862], [-88.92724, 48.519848], [-88.92724, 48.519821], [-88.92725, 48.519801], [-88.92727, 48.519788]]]}}, {"type": "Feature", "properties": {"lead": 120, "temp": "sp:steelhead"}, "geometry": {"type": "Polygon", "coordinates": [[[-88.930038, 48.519955], [-88.930044, 48.519915], [-88.930085, 48.519862], [-88.930128, 48.519821], [-88.930175, 48.519795], [-88.930226, 48.519781], [-88.93028, 48.519781], [-88.93032, 48.519795], [-88.930347, 48.519821], [-88.93036, 48.519862], [-88.93036, 48.519915], [-88.930337, 48.519955], [-88.93029, 48.519982], [-88.930219, 48.519995], [-88.930125, 48.519995], [-88.930065, 48.519982], [-88.930038, 48.519955]]]}}, {"type": "Feature", "properties": {"lead": 120, "temp": "sp:steelhead"}, "geometry": {"type": "Polygon", "coordinates": [[[-88.926948, 48.519895], [-88.926978, 48.519888], [-88.927018, 48.519888], [-88.927038, 48.519895], [-88.927038, 48.519908], [-88.927018, 48.519928], [-88.926978, 48.519955], [-88.926948, 48.519969], [-88.926927, 48.519969], [-88.926917, 48.519955], [-88.926917, 48.519928], [-88.926927, 48.519908], [-88.926948, 48.519895]]]}}, {"type": "Feature", "properties": {"lead": 120, "temp": "sp:steelhead"}, "geometry": {"type": "Polygon", "coordinates": [[[-88.926581, 48.520011], [-88.926621, 48.519995], [-88.926675, 48.519995], [-88.926702, 48.520011], [-88.926702, 48.520042], [-88.926675, 48.520089], [-88.926621, 48.520151], [-88.926581, 48.520183], [-88.926554, 48.520183], [-88.926541, 48.520151], [-88.926541, 48.520089], [-88.926554, 48.520042], [-88.926581, 48.520011]]]}}, {"type": "Feature", "properties": {"lead": 120, "temp": "sp:steelhead"}, "geometry": {"type": "Polygon", "coordinates": [[[-88.925922, 48.52022], [-88.925895, 48.520192], [-88.925895, 48.520156], [-88.925925, 48.520129], [-88.925986, 48.520111], [-88.926077, 48.520102], [-88.926198, 48.520102], [-88.926285, 48.520113], [-88.926339, 48.520136], [-88.926359, 48.520169], [-88.926346, 48.520214], [-88.926309, 48.520245], [-88.926248, 48.520263], [-88.926164, 48.520267], [-88.926057, 48.520258], [-88.925976, 48.520243], [-88.925922, 48.52022]]]}}, {"type": "Feature", "properties": {"lead": 120, "temp": "sp:steelhead"}, "geometry": {"type": "Polygon", "coordinates": [[[-88.92727, 48.520252], [-88.927301, 48.520245], [-88.927341, 48.520245], [-88.927361, 48.520252], [-88.927361, 48.520265], [-88.927341, 48.520285], [-88.927301, 48.520312], [-88.92727, 48.520325], [-88.92725, 48.520325], [-88.92724, 48.520312], [-88.92724, 48.520285], [-88.92725, 48.520265], [-88.92727, 48.520252]]]}}, {"type": "Feature", "properties": {"lead": 120, "temp": "sp:steelhead"}, "geometry": {"type": "Polygon", "coordinates": [[[-88.925862, 48.520265], [-88.925895, 48.520285], [-88.925895, 48.520312], [-88.925862, 48.520325], [-88.925794, 48.520325], [-88.925693, 48.520312], [-88.925559, 48.520285], [-88.925492, 48.520265], [-88.925492, 48.520252], [-88.925559, 48.520245], [-88.925693, 48.520245], [-88.925794, 48.520252], [-88.925862, 48.520265]]]}}, {"type": "Feature", "properties": {"lead": 120, "temp": "sp:steelhead"}, "geometry": {"type": "Polygon", "coordinates": [[[-88.925095, 48.520359], [-88.925155, 48.520352], [-88.925236, 48.520352], [-88.925276, 48.520359], [-88.925276, 48.520372], [-88.925236, 48.520392], [-88.925155, 48.520419], [-88.925095, 48.520432], [-88.925055, 48.520432], [-88.925034, 48.520419], [-88.925034, 48.520392], [-88.925055, 48.520372], [-88.925095, 48.520359]]]}}, {"type": "Feature", "properties": {"lead": 120, "temp": "sp:steelhead"}, "geometry": {"type": "Polygon", "coordinates": [[[-88.924903, 48.520466], [-88.924934, 48.520459], [-88.924974, 48.520459], [-88.924994, 48.520466], [-88.924994, 48.520479], [-88.924974, 48.520499], [-88.924934, 48.520526], [-88.924903, 48.520539], [-88.924883, 48.520539], [-88.924873, 48.520526], [-88.924873, 48.520499], [-88.924883, 48.520479], [-88.924903, 48.520466]]]}}, {"type": "Feature", "properties": {"lead": 120, "temp": "sp:steelhead"}, "geometry": {"type": "Polygon", "coordinates": [[[-88.930414, 48.520802], [-88.930387, 48.520762], [-88.930441, 48.520727], [-88.930471, 48.520657], [-88.930478, 48.520555], [-88.930461, 48.520419], [-88.930421, 48.520249], [-88.930458, 48.520178], [-88.930572, 48.520205], [-88.930764, 48.52033], [-88.931033, 48.520553], [-88.931231, 48.520729], [-88.931359, 48.520858], [-88.931416, 48.520941], [-88.931403, 48.520976], [-88.931325, 48.52099], [-88.931184, 48.520981], [-88.930979, 48.52095], [-88.93071, 48.520896], [-88.930522, 48.520847], [-88.930414, 48.520802]]]}}, {"type": "Feature", "properties": {"lead": 120, "temp": "sp:steelhead"}, "geometry": {"type": "Polygon", "coordinates": [[[-88.924456, 48.520662], [-88.924537, 48.520633], [-88.924671, 48.520606], [-88.924759, 48.520593], [-88.924799, 48.520593], [-88.924792, 48.520606], [-88.924738, 48.520633], [-88.924698, 48.520662], [-88.924671, 48.520693], [-88.924658, 48.520727], [-88.924658, 48.520762], [-88.924638, 48.52078], [-88.924597, 48.52078], [-88.924537, 48.520762], [-88.924456, 48.520727], [-88.924429, 48.520693], [-88.924456, 48.520662]]]}}, {"type": "Feature", "properties": {"lead": 120, "temp": "sp:steelhead"}, "geometry": {"type": "Polygon", "coordinates": [[[-88.926087, 48.520682], [-88.926117, 48.520673], [-88.926157, 48.520673], [-88.926178, 48.520682], [-88.926178, 48.5207], [-88.926157, 48.520727], [-88.926117, 48.520762], [-88.926087, 48.52078], [-88.926067, 48.52078], [-88.926057, 48.520762], [-88.926057, 48.520727], [-88.926067, 48.5207], [-88.926087, 48.520682]]]}}, {"type": "Feature", "properties": {"lead": 120, "temp": "sp:steelhead"}, "geometry": {"type": "Polygon", "coordinates": [[[-88.931009, 48.522018], [-88.930966, 48.521824], [-88.930939, 48.521592], [-88.930939, 48.521418], [-88.930966, 48.521302], [-88.931019, 48.521244], [-88.9311, 48.521244], [-88.931171, 48.521322], [-88.931231, 48.521478], [-88.931282, 48.521712], [-88.931322, 48.522024], [-88.931329, 48.522238], [-88.931302, 48.522354], [-88.931241, 48.522372], [-88.931147, 48.522292], [-88.93107, 48.522174], [-88.931009, 48.522018]]]}}, {"type": "Feature", "properties": {"lead": 120, "temp": "sp:steelhead"}, "geometry": {"type": "Polygon", "coordinates": [[[-88.931009, 48.522869], [-88.930986, 48.522782], [-88.930972, 48.522666], [-88.930979, 48.522579], [-88.931006, 48.522521], [-88.931053, 48.522492], [-88.93112, 48.522492], [-88.931171, 48.522521], [-88.931204, 48.522579], [-88.931221, 48.522666], [-88.931221, 48.522782], [-88.931208, 48.522869], [-88.931181, 48.522927], [-88.93114, 48.522956], [-88.931087, 48.522956], [-88.931043, 48.522927], [-88.931009, 48.522869]]]}}, {"type": "Feature", "properties": {"lead": 120, "temp": "sp:steelhead"}, "geometry": {"type": "Polygon", "coordinates": [[[-88.930757, 48.523175], [-88.930804, 48.523112], [-88.930885, 48.52305], [-88.930962, 48.523021], [-88.931036, 48.523025], [-88.931107, 48.523063], [-88.931174, 48.523135], [-88.931201, 48.523201], [-88.931188, 48.523264], [-88.931134, 48.523322], [-88.93104, 48.523375], [-88.930956, 48.5234], [-88.930882, 48.523395], [-88.930818, 48.523362], [-88.930764, 48.523299], [-88.930744, 48.523237], [-88.930757, 48.523175]]]}}]}