{"type": "FeatureCollection", "features": [{"type": "Feature", "properties": {"lead": 0, "temp": "sp:lake_trout:s1"}, "geometry": {"type": "Polygon", "coordinates": [[[-89.04606, 48.497749], [-89.045945, 48.497756], [-89.045824, 48.497729], [-89.04577, 48.497689], [-89.045784, 48.497635], [-89.045864, 48.497568], [-89.046013, 48.497488], [-89.046394, 48.497359], [-89.047007, 48.49718], [-89.047853, 48.496953], [-89.048931, 48.496676], [-89.049743, 48.49648], [-89.050289, 48.496364], [-89.050569, 48.496328], [-89.050583, 48.496373], [-89.050529, 48.496429], [-89.050407, 48.496495], [-89.050219, 48.496574], [-89.049962, 48.496663], [-89.049578, 48.496765], [-89.049066, 48.496881], [-89.048426, 48.497011], [-89.047657, 48.497153], [-89.047057, 48.497287], [-89.046626, 48.497412], [-89.046363, 48.497528], [-89.046269, 48.497635], [-89.046168, 48.497709], [-89.04606, 48.497749]]]}}, {"type": "Feature", "properties": {"lead": 0, "temp": "sp:lake_trout:s1"}, "geometry": {"type": "Polygon", "coordinates": [[[-89.043863, 48.498117], [-89.04451, 48.497974], [-89.044961, 48.497899], [-89.045217, 48.49789], [-89.045278, 48.497948], [-89.045143, 48.498072], [-89.044914, 48.498171], [-89.044591, 48.498242], [-89.044173, 48.498287], [-89.04366, 48.498304], [-89.043438, 48.498282], [-89.043505, 48.49822], [-89.043863, 48.498117]]]}}, {"type": "Feature", "properties": {"lead": 0, "temp": "sp:lake_trout:s1"}, "geometry": {"type": "Polygon", "coordinates": [[[-89.042245, 48.498496], [-89.042245, 48.498487], [-89.042265, 48.498478], [-89.042306, 48.49847], [-89.042366, 48.498461], [-89.042447, 48.498452], [-89.042488, 48.498449], [-89.042488, 48.498454], [-89.042447, 48.498465], [-89.042366, 48.498483], [-89.042306, 48.498494], [-89.042265, 48.498499], [-89.042245, 48.498496]]]}}, {"type": "Feature", "properties": {"lead": 0, "temp": "sp:lake_trout:s1"}, "geometry": {"type": "Polygon", "coordinates": [[[-89.041807, 48.49867], [-89.041766, 48.498635], [-89.041756, 48.498606], [-89.041777, 48.498583], [-89.041827, 48.498568], [-89.041908, 48.498559], [-89.041959, 48.498563], [-89.041979, 48.498581], [-89.041969, 48.498612], [-89.041928, 48.498657], [-89.041888, 48.498681], [-89.041847, 48.498686], [-89.041807, 48.49867]]]}}, {"type": "Feature", "properties": {"lead": 0, "temp": "sp:lake_trout:s1"}, "geometry": {"type": "Polygon", "coordinates": [[[-89.031966, 48.499852], [-89.031656, 48.499844], [-89.031535, 48.499812], [-89.031602, 48.499759], [-89.031859, 48.499683], [-89.032303, 48.499585], [-89.032752, 48.499505], [-89.033203, 48.499442], [-89.033658, 48.499397], [-89.034116, 48.499371], [-89.034592, 48.499313], [-89.035084, 48.499223], [-89.035593, 48.499103], [-89.036118, 48.498951], [-89.036772, 48.498835], [-89.037554, 48.498755], [-89.038464, 48.49871], [-89.039502, 48.498702], [-89.04023, 48.49871], [-89.040648, 48.498737], [-89.040755, 48.498782], [-89.040553, 48.498844], [-89.040159, 48.498913], [-89.039573, 48.498989], [-89.038794, 48.499072], [-89.037824, 48.499161], [-89.037042, 48.49925], [-89.036449, 48.499339], [-89.036044, 48.499429], [-89.035828, 48.499518], [-89.035505, 48.499585], [-89.035074, 48.499629], [-89.034534, 48.499652], [-89.033887, 48.499652], [-89.033372, 48.499665], [-89.032987, 48.499692], [-89.032735, 48.499732], [-89.032613, 48.499786], [-89.032445, 48.499823], [-89.032229, 48.499846], [-89.031966, 48.499852]]]}}, {"type": "Feature", "properties": {"lead": 0, "temp": "sp:lake_trout:s1"}, "geometry": {"type": "Polygon", "coordinates": [[[-89.029601, 48.500009], [-89.029331, 48.500009], [-89.029129, 48.500006], [-89.028994, 48.500002], [-89.028927, 48.499995], [-89.028927, 48.499986], [-89.028984, 48.499977], [-89.029098, 48.499968], [-89.02927, 48.49996], [-89.029499, 48.499951], [-89.029681, 48.499948], [-89.029816, 48.499953], [-89.029904, 48.499964], [-89.029944, 48.499982], [-89.029907, 48.499995], [-89.029793, 48.500004], [-89.029601, 48.500009]]]}}, {"type": "Feature", "properties": {"lead": 0, "temp": "sp:lake_trout:s1"}, "geometry": {"type": "Polygon", "coordinates": [[[-89.004844, 48.509242], [-89.00475, 48.509189], [-89.004861, 48.509057], [-89.005178, 48.508847], [-89.0057, 48.50856], [-89.006428, 48.508194], [-89.006944, 48.50796], [-89.007247, 48.507857], [-89.007338, 48.507886], [-89.007217, 48.508047], [-89.007062, 48.508209], [-89.006873, 48.508375], [-89.006651, 48.508542], [-89.006394, 48.508711], [-89.006138, 48.508852], [-89.005882, 48.508963], [-89.005626, 48.509046], [-89.00537, 48.509099], [-89.005178, 48.509148], [-89.00505, 48.509193], [-89.004986, 48.509233], [-89.004986, 48.509269], [-89.004962, 48.509282], [-89.004915, 48.509273], [-89.004844, 48.509242]]]}}, {"type": "Feature", "properties": {"lead": 0, "temp": "sp:lake_trout:s2"}, "geometry": {"type": "Polygon", "coordinates": [[[-89.048473, 48.49689], [-89.048311, 48.496881], [-89.048345, 48.496837], [-89.048574, 48.496756], [-89.048999, 48.49664], [-89.049619, 48.496489], [-89.050077, 48.496386], [-89.050374, 48.496333], [-89.050508, 48.496328], [-89.050481, 48.496373], [-89.050427, 48.496406], [-89.050347, 48.496429], [-89.050239, 48.49644], [-89.050104, 48.49644], [-89.049929, 48.496469], [-89.049713, 48.496527], [-89.049457, 48.496614], [-89.04916, 48.49673], [-89.048897, 48.496814], [-89.048668, 48.496868], [-89.048473, 48.49689]]]}}, {"type": "Feature", "properties": {"lead": 0, "temp": "sp:lake_trout:s2"}, "geometry": {"type": "Polygon", "coordinates": [[[-89.047691, 48.496988], [-89.047711, 48.496977], [-89.047752, 48.496964], [-89.047812, 48.496948], [-89.047893, 48.49693], [-89.047934, 48.496924], [-89.047934, 48.496928], [-89.047893, 48.496944], [-89.047812, 48.496971], [-89.047752, 48.496988], [-89.047711, 48.496997], [-89.047691, 48.496997], [-89.047691, 48.496988]]]}}, {"type": "Feature", "properties": {"lead": 0, "temp": "sp:lake_trout:s2"}, "geometry": {"type": "Polygon", "coordinates": [[[-89.047347, 48.497091], [-89.047485, 48.497066], [-89.047533, 48.497071], [-89.047489, 48.497104], [-89.047354, 48.497167], [-89.047229, 48.497211], [-89.047115, 48.497238], [-89.04701, 48.497247], [-89.046916, 48.497238], [-89.046902, 48.497218], [-89.04697, 48.497187], [-89.047118, 48.497145], [-89.047347, 48.497091]]]}}, {"type": "Feature", "properties": {"lead": 0, "temp": "sp:lake_trout:s2"}, "geometry": {"type": "Polygon", "coordinates": [[[-89.045864, 48.497742], [-89.045797, 48.497707], [-89.045797, 48.49766], [-89.045864, 48.497602], [-89.045999, 48.497533], [-89.046201, 48.497452], [-89.046343, 48.497414], [-89.046424, 48.497419], [-89.046444, 48.497466], [-89.046404, 48.497555], [-89.04635, 48.497629], [-89.046282, 48.497687], [-89.046201, 48.497729], [-89.046107, 48.497756], [-89.046019, 48.497767], [-89.045939, 48.497762], [-89.045864, 48.497742]]]}}, {"type": "Feature", "properties": {"lead": 0, "temp": "sp:lake_trout:s2"}, "geometry": {"type": "Polygon", "coordinates": [[[-89.044995, 48.497916], [-89.045012, 48.497905], [-89.045046, 48.497892], [-89.045096, 48.497876], [-89.045163, 48.497858], [-89.045197, 48.497852], [-89.045197, 48.497856], [-89.045163, 48.497872], [-89.045096, 48.497899], [-89.045046, 48.497916], [-89.045012, 48.497925], [-89.044995, 48.497925], [-89.044995, 48.497916]]]}}, {"type": "Feature", "properties": {"lead": 0, "temp": "sp:lake_trout:s2"}, "geometry": {"type": "Polygon", "coordinates": [[[-89.044618, 48.498023], [-89.044638, 48.498012], [-89.044678, 48.497999], [-89.044739, 48.497983], [-89.04482, 48.497965], [-89.04486, 48.497959], [-89.04486, 48.497963], [-89.04482, 48.497979], [-89.044739, 48.498006], [-89.044678, 48.498023], [-89.044638, 48.498032], [-89.044618, 48.498032], [-89.044618, 48.498023]]]}}, {"type": "Feature", "properties": {"lead": 0, "temp": "sp:lake_trout:s2"}, "geometry": {"type": "Polygon", "coordinates": [[[-89.043863, 48.498139], [-89.043863, 48.49813], [-89.04391, 48.498119], [-89.044004, 48.498106], [-89.044146, 48.49809], [-89.044334, 48.498072], [-89.044429, 48.498066], [-89.044429, 48.49807], [-89.044334, 48.498086], [-89.044146, 48.498113], [-89.044004, 48.49813], [-89.04391, 48.498139], [-89.043863, 48.498139]]]}}, {"type": "Feature", "properties": {"lead": 0, "temp": "sp:lake_trout:s2"}, "geometry": {"type": "Polygon", "coordinates": [[[-89.031892, 48.49967], [-89.032074, 48.499625], [-89.032438, 48.499571], [-89.032984, 48.499509], [-89.033712, 48.499438], [-89.034389, 48.499346], [-89.035016, 48.499235], [-89.035593, 48.499103], [-89.036118, 48.498951], [-89.036715, 48.498838], [-89.037382, 48.498762], [-89.03812, 48.498724], [-89.038929, 48.498724], [-89.039418, 48.498737], [-89.039586, 48.498764], [-89.039434, 48.498804], [-89.038963, 48.498858], [-89.038609, 48.498907], [-89.038373, 48.498951], [-89.038255, 48.498991], [-89.038255, 48.499027], [-89.038221, 48.499045], [-89.038154, 48.499045], [-89.038053, 48.499027], [-89.037918, 48.498991], [-89.037817, 48.498974], [-89.037749, 48.498974], [-89.037716, 48.498991], [-89.037716, 48.499027], [-89.037642, 48.499061], [-89.037493, 48.499092], [-89.037271, 48.499121], [-89.036974, 48.499148], [-89.036698, 48.499188], [-89.036442, 48.499241], [-89.036206, 48.499308], [-89.03599, 48.499389], [-89.035593, 48.499464], [-89.035013, 48.499536], [-89.034251, 48.499603], [-89.033308, 48.499665], [-89.0326, 48.499703], [-89.032128, 48.499716], [-89.031892, 48.499705], [-89.031892, 48.49967]]]}}, {"type": "Feature", "properties": {"lead": 0, "temp": "sp:lake_trout:s2"}, "geometry": {"type": "Polygon", "coordinates": [[[-89.031191, 48.499844], [-89.031205, 48.499832], [-89.031232, 48.499819], [-89.031272, 48.499803], [-89.031326, 48.499786], [-89.031353, 48.499779], [-89.031353, 48.499783], [-89.031326, 48.499799], [-89.031272, 48.499826], [-89.031232, 48.499844], [-89.031205, 48.499852], [-89.031191, 48.499852], [-89.031191, 48.499844]]]}}, {"type": "Feature", "properties": {"lead": 0, "temp": "sp:lake_trout:s2"}, "geometry": {"type": "Polygon", "coordinates": [[[-89.029601, 48.500009], [-89.029331, 48.500009], [-89.029129, 48.500006], [-89.028994, 48.500002], [-89.028927, 48.499995], [-89.028927, 48.499986], [-89.028984, 48.499977], [-89.029098, 48.499968], [-89.02927, 48.49996], [-89.029499, 48.499951], [-89.029681, 48.499948], [-89.029816, 48.499953], [-89.029904, 48.499964], [-89.029944, 48.499982], [-89.029907, 48.499995], [-89.029793, 48.500004], [-89.029601, 48.500009]]]}}, {"type": "Feature", "properties": {"lead": 0, "temp": "sp:lake_trout:s2"}, "geometry": {"type": "Polygon", "coordinates": [[[-89.007075, 48.507873], [-89.007277, 48.507786], [-89.007385, 48.507763], [-89.007399, 48.507806], [-89.007318, 48.507913], [-89.007203, 48.508004], [-89.007055, 48.50808], [-89.006873, 48.50814], [-89.006657, 48.508185], [-89.00657, 48.50818], [-89.00661, 48.508127], [-89.006779, 48.508024], [-89.007075, 48.507873]]]}}, {"type": "Feature", "properties": {"lead": 0, "temp": "sp:lake_trout:s2"}, "geometry": {"type": "Polygon", "coordinates": [[[-89.005727, 48.508569], [-89.00601, 48.508457], [-89.006172, 48.508421], [-89.006212, 48.508461], [-89.006132, 48.508577], [-89.00599, 48.508682], [-89.005788, 48.508776], [-89.005525, 48.508858], [-89.005201, 48.50893], [-89.00506, 48.508937], [-89.0051, 48.508879], [-89.005323, 48.508756], [-89.005727, 48.508569]]]}}, {"type": "Feature", "properties": {"lead": 0, "temp": "sp:lake_trout:s3"}, "geometry": {"type": "Polygon", "coordinates": [[[-89.049814, 48.496426], [-89.049794, 48.496426], [-89.049794, 48.496417], [-89.049814, 48.496406], [-89.049855, 48.496393], [-89.049915, 48.496377], [-89.049996, 48.496359], [-89.050037, 48.496353], [-89.050037, 48.496357], [-89.049996, 48.496373], [-89.049915, 48.4964], [-89.049855, 48.496417], [-89.049814, 48.496426]]]}}, {"type": "Feature", "properties": {"lead": 0, "temp": "sp:lake_trout:s3"}, "geometry": {"type": "Polygon", "coordinates": [[[-89.048877, 48.496676], [-89.048877, 48.496667], [-89.048901, 48.496656], [-89.048948, 48.496643], [-89.049019, 48.496627], [-89.049113, 48.496609], [-89.04916, 48.496603], [-89.04916, 48.496607], [-89.049113, 48.496623], [-89.049019, 48.496649], [-89.048948, 48.496667], [-89.048901, 48.496676], [-89.048877, 48.496676]]]}}, {"type": "Feature", "properties": {"lead": 0, "temp": "sp:lake_trout:s3"}, "geometry": {"type": "Polygon", "coordinates": [[[-89.048068, 48.49689], [-89.048068, 48.496881], [-89.048119, 48.496863], [-89.04822, 48.496837], [-89.048372, 48.496801], [-89.048574, 48.496756], [-89.048675, 48.496736], [-89.048675, 48.496741], [-89.048574, 48.49677], [-89.048372, 48.496823], [-89.04822, 48.496861], [-89.048119, 48.496884], [-89.048068, 48.49689]]]}}, {"type": "Feature", "properties": {"lead": 0, "temp": "sp:lake_trout:s3"}, "geometry": {"type": "Polygon", "coordinates": [[[-89.046006, 48.497524], [-89.046141, 48.497461], [-89.046242, 48.497428], [-89.046309, 48.497423], [-89.046343, 48.497448], [-89.046343, 48.497501], [-89.046309, 48.497544], [-89.046242, 48.497575], [-89.046141, 48.497595], [-89.046006, 48.497604], [-89.045939, 48.497595], [-89.045939, 48.497568], [-89.046006, 48.497524]]]}}, {"type": "Feature", "properties": {"lead": 0, "temp": "sp:lake_trout:s3"}, "geometry": {"type": "Polygon", "coordinates": [[[-89.033523, 48.49942], [-89.034036, 48.499384], [-89.034551, 48.499319], [-89.03507, 48.499226], [-89.035593, 48.499103], [-89.036118, 48.498951], [-89.036668, 48.498835], [-89.03724, 48.498755], [-89.037837, 48.49871], [-89.038457, 48.498702], [-89.038808, 48.498704], [-89.038888, 48.498717], [-89.0387, 48.498742], [-89.038241, 48.498777], [-89.03779, 48.49884], [-89.037345, 48.498929], [-89.036907, 48.499045], [-89.036475, 48.499188], [-89.03596, 48.499299], [-89.03536, 48.49938], [-89.034676, 48.499429], [-89.033908, 48.499447], [-89.033459, 48.499451], [-89.033331, 48.499442], [-89.033523, 48.49942]]]}}, {"type": "Feature", "properties": {"lead": 0, "temp": "sp:lake_trout:s3"}, "geometry": {"type": "Polygon", "coordinates": [[[-89.032431, 48.499652], [-89.032216, 48.499652], [-89.032054, 48.499649], [-89.031946, 48.499645], [-89.031892, 48.499638], [-89.031892, 48.499629], [-89.031946, 48.499616], [-89.032054, 48.499598], [-89.032216, 48.499576], [-89.032431, 48.499549], [-89.032593, 48.499538], [-89.032701, 48.499542], [-89.032755, 48.499562], [-89.032755, 48.499598], [-89.032701, 48.499625], [-89.032593, 48.499643], [-89.032431, 48.499652]]]}}, {"type": "Feature", "properties": {"lead": 0, "temp": "sp:lake_trout:s3"}, "geometry": {"type": "Polygon", "coordinates": [[[-89.029601, 48.500009], [-89.029331, 48.500009], [-89.029129, 48.500006], [-89.028994, 48.500002], [-89.028927, 48.499995], [-89.028927, 48.499986], [-89.028984, 48.499977], [-89.029098, 48.499968], [-89.02927, 48.49996], [-89.029499, 48.499951], [-89.029681, 48.499948], [-89.029816, 48.499953], [-89.029904, 48.499964], [-89.029944, 48.499982], [-89.029907, 48.499995], [-89.029793, 48.500004], [-89.029601, 48.500009]]]}}, {"type": "Feature", "properties": {"lead": 0, "temp": "sp:brook_trout:s1"}, "geometry": {"type": "Polygon", "coordinates": [[[-89.056059, 48.491059], [-89.055971, 48.490898], [-89.055921, 48.49072], [-89.055907, 48.490524], [-89.055975, 48.490314], [-89.056123, 48.490091], [-89.056352, 48.489854], [-89.056662, 48.489604], [-89.056992, 48.48939], [-89.057343, 48.489212], [-89.057714, 48.489069], [-89.058104, 48.488962], [-89.058506, 48.488879], [-89.058917, 48.488821], [-89.059338, 48.488788], [-89.059769, 48.488779], [-89.06015, 48.488783], [-89.06048, 48.488801], [-89.06076, 48.488833], [-89.060989, 48.488877], [-89.061208, 48.488942], [-89.061417, 48.489027], [-89.061616, 48.489132], [-89.061805, 48.489256], [-89.06167, 48.489355], [-89.061212, 48.489426], [-89.06043, 48.489471], [-89.059324, 48.489488], [-89.058418, 48.489538], [-89.05771, 48.489618], [-89.057201, 48.489729], [-89.056891, 48.489872], [-89.056649, 48.490035], [-89.056473, 48.490218], [-89.056366, 48.490421], [-89.056325, 48.490644], [-89.056315, 48.490845], [-89.056335, 48.491023], [-89.056386, 48.49118], [-89.056467, 48.491313], [-89.056487, 48.491383], [-89.056446, 48.491387], [-89.056345, 48.491327], [-89.056184, 48.491202], [-89.056059, 48.491059]]]}}, {"type": "Feature", "properties": {"lead": 0, "temp": "sp:brook_trout:s1"}, "geometry": {"type": "Polygon", "coordinates": [[[-89.031238, 48.500013], [-89.031171, 48.499933], [-89.031218, 48.499852], [-89.03138, 48.499772], [-89.0317, 48.499692], [-89.032179, 48.499612], [-89.032816, 48.499531], [-89.033611, 48.499451], [-89.034339, 48.499353], [-89.034999, 48.499237], [-89.035593, 48.499103], [-89.036118, 48.498951], [-89.036772, 48.498835], [-89.037554, 48.498755], [-89.038464, 48.49871], [-89.039502, 48.498702], [-89.040503, 48.498655], [-89.041467, 48.49857], [-89.042393, 48.498447], [-89.043283, 48.498287], [-89.044095, 48.498104], [-89.04483, 48.497899], [-89.045487, 48.497671], [-89.046067, 48.497421], [-89.046687, 48.497176], [-89.047347, 48.496935], [-89.048048, 48.496698], [-89.04879, 48.496466], [-89.049514, 48.496243], [-89.050222, 48.496029], [-89.050913, 48.495824], [-89.051587, 48.495628], [-89.052193, 48.495467], [-89.052733, 48.495342], [-89.053204, 48.495253], [-89.053609, 48.495199], [-89.053774, 48.495199], [-89.0537, 48.495253], [-89.053386, 48.49536], [-89.052834, 48.495521], [-89.052406, 48.495663], [-89.052102, 48.495788], [-89.051924, 48.495895], [-89.05187, 48.495985], [-89.051789, 48.496052], [-89.051681, 48.496096], [-89.051546, 48.496118], [-89.051385, 48.496118], [-89.051273, 48.496139], [-89.051213, 48.496179], [-89.051203, 48.496239], [-89.051243, 48.496319], [-89.051199, 48.496386], [-89.051071, 48.49644], [-89.050859, 48.49648], [-89.050562, 48.496507], [-89.050326, 48.496549], [-89.050151, 48.496607], [-89.050037, 48.496681], [-89.049983, 48.49677], [-89.049868, 48.496843], [-89.049693, 48.496901], [-89.049457, 48.496944], [-89.04916, 48.496971], [-89.048938, 48.497006], [-89.04879, 48.497051], [-89.048716, 48.497104], [-89.048716, 48.497167], [-89.048672, 48.497198], [-89.048584, 48.497198], [-89.048453, 48.497167], [-89.048277, 48.497104], [-89.048126, 48.49708], [-89.047998, 48.497093], [-89.047893, 48.497145], [-89.047812, 48.497234], [-89.047731, 48.497301], [-89.047651, 48.497345], [-89.04757, 48.497368], [-89.047489, 48.497368], [-89.047428, 48.497381], [-89.047388, 48.497408], [-89.047367, 48.497448], [-89.047367, 48.497501], [-89.047314, 48.497548], [-89.047206, 48.497588], [-89.047044, 48.497622], [-89.046828, 48.497649], [-89.046656, 48.497684], [-89.046528, 48.497729], [-89.046444, 48.497783], [-89.046404, 48.497845], [-89.04633, 48.497892], [-89.046222, 48.497923], [-89.04608, 48.497939], [-89.045905, 48.497939], [-89.04573, 48.497974], [-89.045554, 48.498046], [-89.045379, 48.498153], [-89.045204, 48.498296], [-89.045008, 48.498403], [-89.044793, 48.498474], [-89.044557, 48.49851], [-89.044301, 48.49851], [-89.044055, 48.49853], [-89.043819, 48.49857], [-89.043593, 48.49863], [-89.043377, 48.49871], [-89.043088, 48.498777], [-89.042724, 48.498831], [-89.042285, 48.498871], [-89.041773, 48.498898], [-89.041389, 48.498927], [-89.041133, 48.498958], [-89.041005, 48.498991], [-89.041005, 48.499027], [-89.040961, 48.499061], [-89.040873, 48.499092], [-89.040742, 48.499121], [-89.040567, 48.499148], [-89.040199, 48.499181], [-89.03964, 48.499221], [-89.038888, 48.499268], [-89.037945, 48.499322], [-89.037193, 48.499384], [-89.036634, 48.499455], [-89.036267, 48.499536], [-89.036091, 48.499625], [-89.035768, 48.499699], [-89.035296, 48.499757], [-89.034676, 48.499799], [-89.033908, 48.499826], [-89.033331, 48.499866], [-89.032947, 48.499919], [-89.032755, 48.499986], [-89.032755, 48.500067], [-89.032718, 48.500134], [-89.032644, 48.500187], [-89.032533, 48.500227], [-89.032384, 48.500254], [-89.032199, 48.500254], [-89.031976, 48.500227], [-89.031717, 48.500174], [-89.03142, 48.500093], [-89.031238, 48.500013]], [[-89.050579, 48.496232], [-89.050532, 48.496246], [-89.050515, 48.496266], [-89.050529, 48.496292], [-89.050562, 48.496306], [-89.050616, 48.496306], [-89.05069, 48.496292], [-89.050785, 48.496266], [-89.050829, 48.496246], [-89.050822, 48.496232], [-89.050765, 48.496226], [-89.050657, 48.496226], [-89.050579, 48.496232]], [[-89.05154, 48.495942], [-89.051526, 48.495947], [-89.051519, 48.495953], [-89.051519, 48.495962], [-89.051526, 48.495967], [-89.05154, 48.495967], [-89.05156, 48.495962], [-89.051587, 48.495953], [-89.0516, 48.495947], [-89.0516, 48.495942], [-89.051587, 48.49594], [-89.05156, 48.49594], [-89.05154, 48.495942]]]}}, {"type": "Feature", "properties": {"lead": 0, "temp": "sp:brook_trout:s1"}, "geometry": {"type": "Polygon", "coordinates": [[[-89.027107, 48.500466], [-89.027538, 48.50031], [-89.027976, 48.500183], [-89.028421, 48.500084], [-89.028856, 48.500015], [-89.02928, 48.499975], [-89.029695, 48.499964], [-89.030099, 48.499982], [-89.030403, 48.500006], [-89.030605, 48.500038], [-89.030706, 48.500076], [-89.030706, 48.50012], [-89.030662, 48.500154], [-89.030575, 48.500176], [-89.030443, 48.500187], [-89.030268, 48.500187], [-89.030136, 48.500196], [-89.030049, 48.500214], [-89.030005, 48.500241], [-89.030005, 48.500276], [-89.029941, 48.500294], [-89.029813, 48.500294], [-89.029621, 48.500276], [-89.029365, 48.500241], [-89.029162, 48.500229], [-89.029014, 48.500243], [-89.02892, 48.500281], [-89.028879, 48.500343], [-89.028785, 48.50039], [-89.028637, 48.500421], [-89.028435, 48.500437], [-89.028178, 48.500437], [-89.027976, 48.50045], [-89.027828, 48.500477], [-89.027734, 48.500517], [-89.027693, 48.500571], [-89.027639, 48.500611], [-89.027572, 48.500638], [-89.027491, 48.500651], [-89.027397, 48.500651], [-89.027316, 48.50068], [-89.027248, 48.500738], [-89.027194, 48.500825], [-89.027154, 48.500941], [-89.027033, 48.501032], [-89.02683, 48.501099], [-89.026547, 48.501142], [-89.026183, 48.50116], [-89.026015, 48.501119], [-89.026042, 48.501021], [-89.026264, 48.500865], [-89.026682, 48.500651], [-89.027107, 48.500466]]]}}, {"type": "Feature", "properties": {"lead": 0, "temp": "sp:brook_trout:s1"}, "geometry": {"type": "Polygon", "coordinates": [[[-89.024141, 48.501753], [-89.024364, 48.501655], [-89.024701, 48.501539], [-89.024943, 48.501472], [-89.025091, 48.501454], [-89.025145, 48.501485], [-89.025105, 48.501565], [-89.025031, 48.501632], [-89.024923, 48.501686], [-89.024781, 48.501726], [-89.024606, 48.501753], [-89.024475, 48.501786], [-89.024387, 48.501826], [-89.024343, 48.501873], [-89.024343, 48.501927], [-89.024313, 48.501956], [-89.024252, 48.50196], [-89.024161, 48.50194], [-89.02404, 48.501896], [-89.024033, 48.501833], [-89.024141, 48.501753]]]}}, {"type": "Feature", "properties": {"lead": 0, "temp": "sp:brook_trout:s1"}, "geometry": {"type": "Polygon", "coordinates": [[[-89.022176, 48.502123], [-89.022133, 48.502096], [-89.022133, 48.502061], [-89.02223, 48.502023], [-89.022426, 48.501983], [-89.022719, 48.50194], [-89.02311, 48.501896], [-89.023403, 48.501873], [-89.023599, 48.501873], [-89.023696, 48.501896], [-89.023696, 48.50194], [-89.023663, 48.501967], [-89.023595, 48.501976], [-89.023494, 48.501967], [-89.023359, 48.50194], [-89.023238, 48.501936], [-89.02313, 48.501954], [-89.023036, 48.501994], [-89.022955, 48.502056], [-89.02285, 48.502103], [-89.022722, 48.502134], [-89.022571, 48.50215], [-89.022395, 48.50215], [-89.022264, 48.502141], [-89.022176, 48.502123]]]}}, {"type": "Feature", "properties": {"lead": 0, "temp": "sp:brook_trout:s1"}, "geometry": {"type": "Polygon", "coordinates": [[[-89.021007, 48.502612], [-89.021047, 48.502554], [-89.021155, 48.50248], [-89.021331, 48.502391], [-89.021475, 48.502337], [-89.02159, 48.502319], [-89.021674, 48.502337], [-89.021728, 48.502391], [-89.021745, 48.502431], [-89.021725, 48.502458], [-89.021668, 48.502471], [-89.021573, 48.502471], [-89.021492, 48.502487], [-89.021425, 48.502518], [-89.021371, 48.502565], [-89.021331, 48.502627], [-89.021277, 48.502667], [-89.021209, 48.502685], [-89.021128, 48.502681], [-89.021034, 48.502654], [-89.021007, 48.502612]]]}}, {"type": "Feature", "properties": {"lead": 0, "temp": "sp:brook_trout:s1"}, "geometry": {"type": "Polygon", "coordinates": [[[-89.019137, 48.503499], [-89.018941, 48.503486], [-89.018843, 48.503466], [-89.018843, 48.503439], [-89.018867, 48.503412], [-89.018914, 48.503385], [-89.018985, 48.503359], [-89.019079, 48.503332], [-89.019224, 48.503325], [-89.01942, 48.503339], [-89.019666, 48.503372], [-89.019962, 48.503426], [-89.020087, 48.503466], [-89.02004, 48.503493], [-89.019821, 48.503506], [-89.01943, 48.503506], [-89.019137, 48.503499]]]}}, {"type": "Feature", "properties": {"lead": 0, "temp": "sp:brook_trout:s1"}, "geometry": {"type": "Polygon", "coordinates": [[[-89.016002, 48.503992], [-89.016198, 48.503876], [-89.016585, 48.503724], [-89.017165, 48.503537], [-89.01764, 48.503394], [-89.018011, 48.503296], [-89.018277, 48.503243], [-89.018439, 48.503234], [-89.01854, 48.503232], [-89.018581, 48.503236], [-89.01856, 48.503247], [-89.018479, 48.503265], [-89.018419, 48.503298], [-89.018378, 48.503348], [-89.018358, 48.503412], [-89.018358, 48.503493], [-89.018324, 48.503546], [-89.018257, 48.503573], [-89.018156, 48.503573], [-89.018021, 48.503546], [-89.01791, 48.503548], [-89.017822, 48.50358], [-89.017758, 48.50364], [-89.017718, 48.503729], [-89.017613, 48.503816], [-89.017445, 48.503901], [-89.017212, 48.503983], [-89.016916, 48.504063], [-89.016646, 48.504113], [-89.016403, 48.50413], [-89.016188, 48.504117], [-89.015999, 48.504072], [-89.016002, 48.503992]]]}}, {"type": "Feature", "properties": {"lead": 0, "temp": "sp:brook_trout:s1"}, "geometry": {"type": "Polygon", "coordinates": [[[-89.016002, 48.504191], [-89.016073, 48.504184], [-89.016168, 48.504184], [-89.016215, 48.504191], [-89.016215, 48.504204], [-89.016168, 48.504224], [-89.016073, 48.504251], [-89.016002, 48.504264], [-89.015955, 48.504264], [-89.015932, 48.504251], [-89.015932, 48.504224], [-89.015955, 48.504204], [-89.016002, 48.504191]]]}}, {"type": "Feature", "properties": {"lead": 0, "temp": "sp:brook_trout:s1"}, "geometry": {"type": "Polygon", "coordinates": [[[-89.0158, 48.504298], [-89.015831, 48.504291], [-89.015871, 48.504291], [-89.015891, 48.504298], [-89.015891, 48.504311], [-89.015871, 48.504331], [-89.015831, 48.504358], [-89.0158, 48.504371], [-89.01578, 48.504371], [-89.01577, 48.504358], [-89.01577, 48.504331], [-89.01578, 48.504311], [-89.0158, 48.504298]]]}}, {"type": "Feature", "properties": {"lead": 0, "temp": "sp:brook_trout:s1"}, "geometry": {"type": "Polygon", "coordinates": [[[-89.015295, 48.504311], [-89.015315, 48.504298], [-89.015345, 48.504291], [-89.015386, 48.504291], [-89.015406, 48.504298], [-89.015406, 48.504311], [-89.015386, 48.504331], [-89.015345, 48.504358], [-89.015315, 48.504371], [-89.015295, 48.504371], [-89.015285, 48.504358], [-89.015285, 48.504331], [-89.015295, 48.504311]]]}}, {"type": "Feature", "properties": {"lead": 0, "temp": "sp:brook_trout:s1"}, "geometry": {"type": "Polygon", "coordinates": [[[-89.014931, 48.504425], [-89.014978, 48.504407], [-89.015049, 48.504398], [-89.015143, 48.504398], [-89.01519, 48.504407], [-89.01519, 48.504425], [-89.015143, 48.504452], [-89.015049, 48.504487], [-89.014978, 48.504505], [-89.014931, 48.504505], [-89.014907, 48.504487], [-89.014907, 48.504452], [-89.014931, 48.504425]]]}}, {"type": "Feature", "properties": {"lead": 0, "temp": "sp:brook_trout:s1"}, "geometry": {"type": "Polygon", "coordinates": [[[-89.015507, 48.504532], [-89.015467, 48.504514], [-89.015446, 48.504487], [-89.015446, 48.504452], [-89.015457, 48.504425], [-89.015477, 48.504407], [-89.015507, 48.504398], [-89.015547, 48.504398], [-89.015588, 48.504407], [-89.015628, 48.504425], [-89.015669, 48.504452], [-89.015709, 48.504487], [-89.015719, 48.504514], [-89.015699, 48.504532], [-89.015649, 48.504541], [-89.015568, 48.504541], [-89.015507, 48.504532]]]}}, {"type": "Feature", "properties": {"lead": 0, "temp": "sp:brook_trout:s1"}, "geometry": {"type": "Polygon", "coordinates": [[[-89.014513, 48.504554], [-89.014604, 48.504541], [-89.014725, 48.504541], [-89.014786, 48.504554], [-89.014786, 48.504581], [-89.014725, 48.504621], [-89.014604, 48.504675], [-89.014513, 48.504701], [-89.014452, 48.504701], [-89.014422, 48.504675], [-89.014422, 48.504621], [-89.014452, 48.504581], [-89.014513, 48.504554]]]}}, {"type": "Feature", "properties": {"lead": 0, "temp": "sp:brook_trout:s1"}, "geometry": {"type": "Polygon", "coordinates": [[[-89.01429, 48.504768], [-89.014321, 48.504755], [-89.014361, 48.504755], [-89.014381, 48.504768], [-89.014381, 48.504795], [-89.014361, 48.504835], [-89.014321, 48.504889], [-89.01429, 48.504915], [-89.01427, 48.504915], [-89.01426, 48.504889], [-89.01426, 48.504835], [-89.01427, 48.504795], [-89.01429, 48.504768]]]}}, {"type": "Feature", "properties": {"lead": 0, "temp": "sp:brook_trout:s1"}, "geometry": {"type": "Polygon", "coordinates": [[[-89.013664, 48.505223], [-89.013711, 48.505179], [-89.013822, 48.505125], [-89.013997, 48.505063], [-89.014129, 48.505025], [-89.014216, 48.505011], [-89.01426, 48.505023], [-89.01426, 48.505058], [-89.014237, 48.505098], [-89.014189, 48.505143], [-89.014119, 48.505192], [-89.014024, 48.505246], [-89.013933, 48.505279], [-89.013846, 48.505292], [-89.013761, 48.505286], [-89.01368, 48.505259], [-89.013664, 48.505223]]]}}, {"type": "Feature", "properties": {"lead": 0, "temp": "sp:brook_trout:s1"}, "geometry": {"type": "Polygon", "coordinates": [[[-89.012892, 48.50552], [-89.012858, 48.5055], [-89.012858, 48.505473], [-89.012902, 48.505446], [-89.01299, 48.50542], [-89.013121, 48.505393], [-89.013296, 48.505366], [-89.013418, 48.505359], [-89.013485, 48.505373], [-89.013499, 48.505406], [-89.013458, 48.50546], [-89.013394, 48.5055], [-89.013306, 48.505527], [-89.013195, 48.50554], [-89.01306, 48.50554], [-89.012959, 48.505533], [-89.012892, 48.50552]]]}}, {"type": "Feature", "properties": {"lead": 0, "temp": "sp:brook_trout:s1"}, "geometry": {"type": "Polygon", "coordinates": [[[-89.012727, 48.505549], [-89.012757, 48.50554], [-89.012798, 48.50554], [-89.012818, 48.505549], [-89.012818, 48.505567], [-89.012798, 48.505593], [-89.012757, 48.505629], [-89.012727, 48.505647], [-89.012707, 48.505647], [-89.012696, 48.505629], [-89.012696, 48.505593], [-89.012707, 48.505567], [-89.012727, 48.505549]]]}}, {"type": "Feature", "properties": {"lead": 0, "temp": "sp:brook_trout:s1"}, "geometry": {"type": "Polygon", "coordinates": [[[-89.012181, 48.505703], [-89.012228, 48.505689], [-89.012299, 48.505683], [-89.012393, 48.505683], [-89.01244, 48.505689], [-89.01244, 48.505703], [-89.012393, 48.505723], [-89.012299, 48.50575], [-89.012228, 48.505763], [-89.012181, 48.505763], [-89.012157, 48.50575], [-89.012157, 48.505723], [-89.012181, 48.505703]]]}}, {"type": "Feature", "properties": {"lead": 0, "temp": "sp:brook_trout:s1"}, "geometry": {"type": "Polygon", "coordinates": [[[-89.012026, 48.505796], [-89.012056, 48.50579], [-89.012097, 48.50579], [-89.012117, 48.505796], [-89.012117, 48.50581], [-89.012097, 48.50583], [-89.012056, 48.505857], [-89.012026, 48.50587], [-89.012006, 48.50587], [-89.011995, 48.505857], [-89.011995, 48.50583], [-89.012006, 48.50581], [-89.012026, 48.505796]]]}}, {"type": "Feature", "properties": {"lead": 0, "temp": "sp:brook_trout:s1"}, "geometry": {"type": "Polygon", "coordinates": [[[-89.011702, 48.505903], [-89.011733, 48.505897], [-89.011773, 48.505897], [-89.011793, 48.505903], [-89.011793, 48.505917], [-89.011773, 48.505937], [-89.011733, 48.505964], [-89.011702, 48.505977], [-89.011682, 48.505977], [-89.011672, 48.505964], [-89.011672, 48.505937], [-89.011682, 48.505917], [-89.011702, 48.505903]]]}}, {"type": "Feature", "properties": {"lead": 0, "temp": "sp:brook_trout:s1"}, "geometry": {"type": "Polygon", "coordinates": [[[-89.011308, 48.506024], [-89.011335, 48.506011], [-89.011375, 48.506004], [-89.011429, 48.506004], [-89.011456, 48.506011], [-89.011456, 48.506024], [-89.011429, 48.506044], [-89.011375, 48.506071], [-89.011335, 48.506084], [-89.011308, 48.506084], [-89.011294, 48.506071], [-89.011294, 48.506044], [-89.011308, 48.506024]]]}}, {"type": "Feature", "properties": {"lead": 0, "temp": "sp:brook_trout:s1"}, "geometry": {"type": "Polygon", "coordinates": [[[-89.010738, 48.506352], [-89.010678, 48.506334], [-89.010647, 48.506307], [-89.010647, 48.506271], [-89.010688, 48.506238], [-89.010769, 48.506207], [-89.01089, 48.506178], [-89.011052, 48.506151], [-89.011163, 48.506147], [-89.011224, 48.506164], [-89.011234, 48.506205], [-89.011193, 48.506267], [-89.011133, 48.506314], [-89.011052, 48.506345], [-89.010951, 48.506361], [-89.010829, 48.506361], [-89.010738, 48.506352]]]}}, {"type": "Feature", "properties": {"lead": 0, "temp": "sp:brook_trout:s1"}, "geometry": {"type": "Polygon", "coordinates": [[[-89.010341, 48.506568], [-89.010294, 48.506555], [-89.01027, 48.506535], [-89.01027, 48.506508], [-89.010294, 48.506481], [-89.010341, 48.506454], [-89.010412, 48.506428], [-89.010506, 48.506401], [-89.010577, 48.506394], [-89.010624, 48.506407], [-89.010647, 48.506441], [-89.010647, 48.506494], [-89.010624, 48.506535], [-89.010577, 48.506561], [-89.010506, 48.506575], [-89.010412, 48.506575], [-89.010341, 48.506568]]]}}, {"type": "Feature", "properties": {"lead": 0, "temp": "sp:brook_trout:s1"}, "geometry": {"type": "Polygon", "coordinates": [[[-89.010139, 48.506581], [-89.010169, 48.506575], [-89.010209, 48.506575], [-89.01023, 48.506581], [-89.01023, 48.506595], [-89.010209, 48.506615], [-89.010169, 48.506642], [-89.010139, 48.506655], [-89.010118, 48.506655], [-89.010108, 48.506642], [-89.010108, 48.506615], [-89.010118, 48.506595], [-89.010139, 48.506581]]]}}, {"type": "Feature", "properties": {"lead": 0, "temp": "sp:brook_trout:s1"}, "geometry": {"type": "Polygon", "coordinates": [[[-89.009734, 48.506778], [-89.009805, 48.506749], [-89.009926, 48.506722], [-89.010007, 48.506709], [-89.010048, 48.506709], [-89.010048, 48.506722], [-89.010007, 48.506749], [-89.009977, 48.506778], [-89.009957, 48.506809], [-89.009946, 48.506842], [-89.009946, 48.506878], [-89.009926, 48.506896], [-89.009886, 48.506896], [-89.009825, 48.506878], [-89.009744, 48.506842], [-89.009714, 48.506809], [-89.009734, 48.506778]]]}}, {"type": "Feature", "properties": {"lead": 0, "temp": "sp:brook_trout:s1"}, "geometry": {"type": "Polygon", "coordinates": [[[-89.009421, 48.507059], [-89.009448, 48.507045], [-89.009488, 48.507039], [-89.009542, 48.507039], [-89.009569, 48.507045], [-89.009569, 48.507059], [-89.009542, 48.507079], [-89.009488, 48.507106], [-89.009448, 48.507119], [-89.009421, 48.507119], [-89.009407, 48.507106], [-89.009407, 48.507079], [-89.009421, 48.507059]]]}}, {"type": "Feature", "properties": {"lead": 0, "temp": "sp:brook_trout:s1"}, "geometry": {"type": "Polygon", "coordinates": [[[-89.009256, 48.507166], [-89.009276, 48.507152], [-89.009306, 48.507146], [-89.009347, 48.507146], [-89.009367, 48.507152], [-89.009367, 48.507166], [-89.009347, 48.507186], [-89.009306, 48.507213], [-89.009276, 48.507226], [-89.009256, 48.507226], [-89.009246, 48.507213], [-89.009246, 48.507186], [-89.009256, 48.507166]]]}}, {"type": "Feature", "properties": {"lead": 0, "temp": "sp:brook_trout:s1"}, "geometry": {"type": "Polygon", "coordinates": [[[-88.98735, 48.501255], [-88.987371, 48.501197], [-88.987421, 48.501142], [-88.987502, 48.501088], [-88.98764, 48.501026], [-88.987836, 48.500954], [-88.988088, 48.500874], [-88.988398, 48.500785], [-88.988796, 48.500638], [-88.989281, 48.500432], [-88.989854, 48.500169], [-88.990515, 48.499848], [-88.991135, 48.499571], [-88.991715, 48.499339], [-88.992254, 48.499152], [-88.992752, 48.499009], [-88.993174, 48.498904], [-88.993517, 48.498838], [-88.993784, 48.498809], [-88.993972, 48.498818], [-88.994144, 48.498844], [-88.994299, 48.498889], [-88.994438, 48.498951], [-88.994559, 48.499032], [-88.994657, 48.499107], [-88.994731, 48.499179], [-88.994781, 48.499246], [-88.994808, 48.499308], [-88.994818, 48.499355], [-88.994812, 48.499386], [-88.994788, 48.499402], [-88.994748, 48.499402], [-88.994717, 48.499389], [-88.994697, 48.499362], [-88.994687, 48.499322], [-88.994687, 48.499268], [-88.994677, 48.499228], [-88.994657, 48.499201], [-88.994626, 48.499188], [-88.994586, 48.499188], [-88.994532, 48.499208], [-88.994464, 48.499248], [-88.994384, 48.499308], [-88.994289, 48.499389], [-88.994188, 48.499429], [-88.99408, 48.499429], [-88.993966, 48.499389], [-88.993844, 48.499308], [-88.99372, 48.499248], [-88.993592, 48.499208], [-88.99346, 48.499188], [-88.993325, 48.499188], [-88.99317, 48.499208], [-88.992995, 48.499248], [-88.9928, 48.499308], [-88.992584, 48.499389], [-88.992392, 48.49948], [-88.992223, 48.499583], [-88.992078, 48.499696], [-88.991957, 48.499821], [-88.991802, 48.499915], [-88.991613, 48.499977], [-88.991391, 48.500009], [-88.991135, 48.500009], [-88.990929, 48.500029], [-88.990774, 48.500069], [-88.99067, 48.500129], [-88.990616, 48.500209], [-88.990535, 48.500276], [-88.990427, 48.50033], [-88.990292, 48.50037], [-88.990131, 48.500397], [-88.989965, 48.500446], [-88.989797, 48.500517], [-88.989625, 48.500611], [-88.98945, 48.500727], [-88.989234, 48.500827], [-88.988978, 48.500912], [-88.988681, 48.500981], [-88.988344, 48.501035], [-88.988068, 48.501097], [-88.987852, 48.501168], [-88.987697, 48.501249], [-88.987603, 48.501338], [-88.987522, 48.501389], [-88.987455, 48.501403], [-88.987401, 48.501378], [-88.98736, 48.501316], [-88.98735, 48.501255]]]}}, {"type": "Feature", "properties": {"lead": 0, "temp": "sp:brook_trout:s1"}, "geometry": {"type": "Polygon", "coordinates": [[[-88.988001, 48.503296], [-88.987967, 48.503261], [-88.987981, 48.503216], [-88.988085, 48.503111], [-88.98828, 48.502946], [-88.988567, 48.502721], [-88.988944, 48.502435], [-88.989325, 48.502188], [-88.989709, 48.501978], [-88.990097, 48.501806], [-88.990488, 48.501673], [-88.990801, 48.50155], [-88.991037, 48.501438], [-88.991196, 48.501338], [-88.991276, 48.501249], [-88.991381, 48.501175], [-88.991509, 48.501117], [-88.991661, 48.501075], [-88.991836, 48.501048], [-88.991977, 48.501012], [-88.992085, 48.500968], [-88.992159, 48.500914], [-88.9922, 48.500852], [-88.992294, 48.500791], [-88.992442, 48.500734], [-88.992645, 48.500678], [-88.992901, 48.500624], [-88.993089, 48.500571], [-88.993211, 48.500517], [-88.993265, 48.500464], [-88.993251, 48.50041], [-88.993288, 48.50037], [-88.993376, 48.500343], [-88.993514, 48.50033], [-88.993703, 48.50033], [-88.993902, 48.500278], [-88.994111, 48.500176], [-88.99433, 48.500022], [-88.994559, 48.499817], [-88.994734, 48.499703], [-88.994855, 48.499681], [-88.994923, 48.49975], [-88.994936, 48.49991], [-88.994906, 48.500069], [-88.994832, 48.500225], [-88.994714, 48.500379], [-88.994552, 48.500531], [-88.994303, 48.50068], [-88.993966, 48.500827], [-88.993541, 48.500972], [-88.993029, 48.501115], [-88.99252, 48.501278], [-88.992014, 48.501461], [-88.991512, 48.501664], [-88.991014, 48.501887], [-88.990538, 48.502125], [-88.990087, 48.50238], [-88.989659, 48.502649], [-88.989254, 48.502935], [-88.988907, 48.503147], [-88.988617, 48.503285], [-88.988385, 48.50335], [-88.98821, 48.503341], [-88.988082, 48.503323], [-88.988001, 48.503296]]]}}, {"type": "Feature", "properties": {"lead": 0, "temp": "sp:brook_trout:s1"}, "geometry": {"type": "Polygon", "coordinates": [[[-89.008952, 48.507259], [-89.008983, 48.507253], [-89.009023, 48.507253], [-89.009043, 48.507259], [-89.009043, 48.507273], [-89.009023, 48.507293], [-89.008983, 48.50732], [-89.008952, 48.507333], [-89.008932, 48.507333], [-89.008922, 48.50732], [-89.008922, 48.507293], [-89.008932, 48.507273], [-89.008952, 48.507259]]]}}, {"type": "Feature", "properties": {"lead": 0, "temp": "sp:brook_trout:s1"}, "geometry": {"type": "Polygon", "coordinates": [[[-89.00877, 48.507387], [-89.008791, 48.507369], [-89.008821, 48.50736], [-89.008861, 48.50736], [-89.008882, 48.507369], [-89.008882, 48.507387], [-89.008861, 48.507413], [-89.008821, 48.507449], [-89.008791, 48.507467], [-89.00877, 48.507467], [-89.00876, 48.507449], [-89.00876, 48.507413], [-89.00877, 48.507387]]]}}, {"type": "Feature", "properties": {"lead": 0, "temp": "sp:brook_trout:s1"}, "geometry": {"type": "Polygon", "coordinates": [[[-89.008609, 48.507523], [-89.008629, 48.507509], [-89.008659, 48.507503], [-89.0087, 48.507503], [-89.00872, 48.507509], [-89.00872, 48.507523], [-89.0087, 48.507543], [-89.008659, 48.507569], [-89.008629, 48.507583], [-89.008609, 48.507583], [-89.008598, 48.507569], [-89.008598, 48.507543], [-89.008609, 48.507523]]]}}, {"type": "Feature", "properties": {"lead": 0, "temp": "sp:brook_trout:s1"}, "geometry": {"type": "Polygon", "coordinates": [[[-89.008396, 48.50763], [-89.008423, 48.507616], [-89.008464, 48.50761], [-89.008518, 48.50761], [-89.008545, 48.507616], [-89.008545, 48.50763], [-89.008518, 48.50765], [-89.008464, 48.507676], [-89.008423, 48.50769], [-89.008396, 48.50769], [-89.008383, 48.507676], [-89.008383, 48.50765], [-89.008396, 48.50763]]]}}, {"type": "Feature", "properties": {"lead": 0, "temp": "sp:brook_trout:s1"}, "geometry": {"type": "Polygon", "coordinates": [[[-89.008251, 48.507723], [-89.008282, 48.507717], [-89.008322, 48.507717], [-89.008342, 48.507723], [-89.008342, 48.507737], [-89.008322, 48.507757], [-89.008282, 48.507784], [-89.008251, 48.507797], [-89.008231, 48.507797], [-89.008221, 48.507784], [-89.008221, 48.507757], [-89.008231, 48.507737], [-89.008251, 48.507723]]]}}, {"type": "Feature", "properties": {"lead": 0, "temp": "sp:brook_trout:s1"}, "geometry": {"type": "Polygon", "coordinates": [[[-89.00809, 48.50783], [-89.00812, 48.507824], [-89.00816, 48.507824], [-89.008181, 48.50783], [-89.008181, 48.507844], [-89.00816, 48.507864], [-89.00812, 48.507891], [-89.00809, 48.507904], [-89.008069, 48.507904], [-89.008059, 48.507891], [-89.008059, 48.507864], [-89.008069, 48.507844], [-89.00809, 48.50783]]]}}, {"type": "Feature", "properties": {"lead": 0, "temp": "sp:brook_trout:s1"}, "geometry": {"type": "Polygon", "coordinates": [[[-89.007746, 48.507957], [-89.007766, 48.50794], [-89.007796, 48.507931], [-89.007837, 48.507931], [-89.007857, 48.50794], [-89.007857, 48.507957], [-89.007837, 48.507984], [-89.007796, 48.50802], [-89.007766, 48.508038], [-89.007746, 48.508038], [-89.007736, 48.50802], [-89.007736, 48.507984], [-89.007746, 48.507957]]]}}, {"type": "Feature", "properties": {"lead": 0, "temp": "sp:brook_trout:s1"}, "geometry": {"type": "Polygon", "coordinates": [[[-89.00756, 48.50808], [-89.007601, 48.508073], [-89.007655, 48.508073], [-89.007682, 48.50808], [-89.007682, 48.508094], [-89.007655, 48.508114], [-89.007601, 48.50814], [-89.00756, 48.508154], [-89.007534, 48.508154], [-89.00752, 48.50814], [-89.00752, 48.508114], [-89.007534, 48.508094], [-89.00756, 48.50808]]]}}, {"type": "Feature", "properties": {"lead": 0, "temp": "sp:brook_trout:s1"}, "geometry": {"type": "Polygon", "coordinates": [[[-89.007389, 48.508187], [-89.007419, 48.50818], [-89.007459, 48.50818], [-89.00748, 48.508187], [-89.00748, 48.508201], [-89.007459, 48.508221], [-89.007419, 48.508247], [-89.007389, 48.508261], [-89.007368, 48.508261], [-89.007358, 48.508247], [-89.007358, 48.508221], [-89.007368, 48.508201], [-89.007389, 48.508187]]]}}, {"type": "Feature", "properties": {"lead": 0, "temp": "sp:brook_trout:s1"}, "geometry": {"type": "Polygon", "coordinates": [[[-89.001781, 48.510355], [-89.001868, 48.510297], [-89.00202, 48.510241], [-89.002236, 48.510188], [-89.002431, 48.510118], [-89.002607, 48.510034], [-89.002762, 48.509933], [-89.002896, 48.509817], [-89.003018, 48.509737], [-89.003125, 48.509693], [-89.00322, 48.509684], [-89.003301, 48.50971], [-89.003436, 48.50971], [-89.003624, 48.509684], [-89.003867, 48.50963], [-89.004163, 48.50955], [-89.004399, 48.509461], [-89.004575, 48.509362], [-89.004689, 48.509255], [-89.004743, 48.509139], [-89.004851, 48.50903], [-89.005013, 48.508928], [-89.005228, 48.508832], [-89.005498, 48.508742], [-89.005801, 48.508615], [-89.006138, 48.50845], [-89.006509, 48.508247], [-89.006913, 48.508007], [-89.007186, 48.507862], [-89.007328, 48.507813], [-89.007338, 48.507859], [-89.007217, 48.508002], [-89.007146, 48.50812], [-89.007126, 48.508214], [-89.007156, 48.508283], [-89.007237, 48.508328], [-89.007267, 48.508368], [-89.007247, 48.508404], [-89.007176, 48.508435], [-89.007055, 48.508461], [-89.00692, 48.508517], [-89.006772, 48.508602], [-89.00661, 48.508716], [-89.006435, 48.508858], [-89.006229, 48.508981], [-89.005993, 48.509084], [-89.005727, 48.509166], [-89.005431, 48.509229], [-89.005144, 48.509311], [-89.004868, 48.509414], [-89.004602, 48.509536], [-89.004345, 48.509679], [-89.004099, 48.509786], [-89.003864, 48.509858], [-89.003638, 48.509893], [-89.003422, 48.509893], [-89.003183, 48.509936], [-89.00292, 48.51002], [-89.002633, 48.510147], [-89.002323, 48.510317], [-89.002081, 48.510428], [-89.001906, 48.510482], [-89.001798, 48.510477], [-89.001757, 48.510415], [-89.001781, 48.510355]], [[-89.006988, 48.508294], [-89.006974, 48.508308], [-89.006961, 48.508328], [-89.006947, 48.508354], [-89.006944, 48.508368], [-89.006951, 48.508368], [-89.006967, 48.508354], [-89.006994, 48.508328], [-89.007011, 48.508308], [-89.007018, 48.508294], [-89.007015, 48.508288], [-89.007001, 48.508288], [-89.006988, 48.508294]]]}}, {"type": "Feature", "properties": {"lead": 0, "temp": "sp:brook_trout:s1"}, "geometry": {"type": "Polygon", "coordinates": [[[-89.000349, 48.511008], [-89.000618, 48.510906], [-89.00105, 48.510772], [-89.001353, 48.510698], [-89.001528, 48.510685], [-89.001575, 48.510732], [-89.001494, 48.510839], [-89.0014, 48.510919], [-89.001292, 48.510973], [-89.001171, 48.510999], [-89.001036, 48.510999], [-89.000935, 48.511008], [-89.000868, 48.511026], [-89.000834, 48.511053], [-89.000834, 48.511089], [-89.00078, 48.511113], [-89.000672, 48.511126], [-89.00051, 48.511129], [-89.000295, 48.51112], [-89.000241, 48.51108], [-89.000349, 48.511008]]]}}, {"type": "Feature", "properties": {"lead": 0, "temp": "sp:brook_trout:s1"}, "geometry": {"type": "Polygon", "coordinates": [[[-88.996513, 48.512311], [-88.996837, 48.512235], [-88.997336, 48.512154], [-88.997764, 48.512065], [-88.998121, 48.511967], [-88.998407, 48.51186], [-88.998623, 48.511744], [-88.998849, 48.511644], [-88.999085, 48.511559], [-88.999331, 48.51149], [-88.999587, 48.511436], [-88.999769, 48.511419], [-88.999877, 48.511436], [-88.99991, 48.51149], [-88.99987, 48.511579], [-88.999766, 48.511666], [-88.999597, 48.511751], [-88.999365, 48.511833], [-88.999068, 48.511914], [-88.998846, 48.511989], [-88.998697, 48.512061], [-88.998623, 48.512128], [-88.998623, 48.51219], [-88.998559, 48.512237], [-88.998431, 48.512268], [-88.998239, 48.512284], [-88.997983, 48.512284], [-88.997747, 48.512304], [-88.997531, 48.512344], [-88.997336, 48.512404], [-88.997161, 48.512484], [-88.996979, 48.512529], [-88.99679, 48.512538], [-88.996594, 48.512511], [-88.996392, 48.512449], [-88.996365, 48.512382], [-88.996513, 48.512311]]]}}, {"type": "Feature", "properties": {"lead": 0, "temp": "sp:brook_trout:s2"}, "geometry": {"type": "Polygon", "coordinates": [[[-89.055988, 48.490965], [-89.055921, 48.490814], [-89.055887, 48.490653], [-89.055887, 48.490483], [-89.055964, 48.490294], [-89.05612, 48.490084], [-89.056352, 48.489854], [-89.056662, 48.489604], [-89.056992, 48.48939], [-89.057343, 48.489212], [-89.057714, 48.489069], [-89.058104, 48.488962], [-89.058506, 48.488879], [-89.058917, 48.488821], [-89.059338, 48.488788], [-89.059769, 48.488779], [-89.06015, 48.488783], [-89.06048, 48.488801], [-89.06076, 48.488833], [-89.060989, 48.488877], [-89.061202, 48.488935], [-89.061397, 48.489007], [-89.061576, 48.489091], [-89.061737, 48.48919], [-89.061599, 48.489268], [-89.061161, 48.489326], [-89.060423, 48.489364], [-89.059385, 48.489381], [-89.058529, 48.489428], [-89.057855, 48.489504], [-89.057363, 48.489609], [-89.057053, 48.489743], [-89.0568, 48.489866], [-89.056605, 48.489977], [-89.056467, 48.490077], [-89.056386, 48.490167], [-89.056335, 48.490305], [-89.056315, 48.490492], [-89.056325, 48.490729], [-89.056366, 48.491014], [-89.056362, 48.491195], [-89.056315, 48.491271], [-89.056224, 48.491242], [-89.056089, 48.491108], [-89.055988, 48.490965]]]}}, {"type": "Feature", "properties": {"lead": 0, "temp": "sp:brook_trout:s2"}, "geometry": {"type": "Polygon", "coordinates": [[[-89.031862, 48.499953], [-89.031832, 48.499986], [-89.031791, 48.500067], [-89.031714, 48.500113], [-89.031599, 48.500127], [-89.031447, 48.500107], [-89.031259, 48.500053], [-89.031158, 48.499993], [-89.031144, 48.499926], [-89.031218, 48.499852], [-89.03138, 48.499772], [-89.0317, 48.499692], [-89.032179, 48.499612], [-89.032816, 48.499531], [-89.033611, 48.499451], [-89.034339, 48.499353], [-89.034999, 48.499237], [-89.035593, 48.499103], [-89.036118, 48.498951], [-89.036772, 48.498835], [-89.037554, 48.498755], [-89.038464, 48.49871], [-89.039502, 48.498702], [-89.040503, 48.498655], [-89.041467, 48.49857], [-89.042393, 48.498447], [-89.043283, 48.498287], [-89.044115, 48.498097], [-89.044891, 48.497878], [-89.045608, 48.497631], [-89.046269, 48.497354], [-89.047155, 48.497037], [-89.048267, 48.496681], [-89.049605, 48.496284], [-89.051169, 48.495846], [-89.052311, 48.495541], [-89.053033, 48.495367], [-89.053332, 48.495324], [-89.053211, 48.495414], [-89.052989, 48.495516], [-89.052665, 48.495632], [-89.052241, 48.495762], [-89.051715, 48.495904], [-89.051334, 48.496031], [-89.051098, 48.496143], [-89.051007, 48.496239], [-89.051061, 48.496319], [-89.051037, 48.496386], [-89.050936, 48.49644], [-89.050758, 48.49648], [-89.050502, 48.496507], [-89.050286, 48.496549], [-89.050111, 48.496607], [-89.049976, 48.496681], [-89.049882, 48.49677], [-89.049737, 48.49685], [-89.049541, 48.496921], [-89.049295, 48.496984], [-89.048999, 48.497037], [-89.048742, 48.497071], [-89.048527, 48.497084], [-89.048352, 48.497078], [-89.048217, 48.497051], [-89.048075, 48.49706], [-89.047927, 48.497104], [-89.047772, 48.497185], [-89.04761, 48.497301], [-89.047455, 48.497388], [-89.047307, 48.497446], [-89.047165, 48.497475], [-89.04703, 48.497475], [-89.046929, 48.497488], [-89.046862, 48.497515], [-89.046828, 48.497555], [-89.046828, 48.497609], [-89.046731, 48.497671], [-89.046535, 48.497742], [-89.046242, 48.497823], [-89.045851, 48.497912], [-89.045538, 48.497999], [-89.045302, 48.498084], [-89.045143, 48.498166], [-89.045062, 48.498246], [-89.044948, 48.498307], [-89.0448, 48.498347], [-89.044618, 48.498367], [-89.044402, 48.498367], [-89.04424, 48.498376], [-89.044132, 48.498394], [-89.044078, 48.49842], [-89.044078, 48.498456], [-89.043984, 48.498503], [-89.043795, 48.498561], [-89.043512, 48.49863], [-89.043135, 48.49871], [-89.042764, 48.498771], [-89.0424, 48.498811], [-89.042043, 48.498831], [-89.041692, 48.498831], [-89.041399, 48.498846], [-89.041163, 48.498878], [-89.040985, 48.498925], [-89.040863, 48.498987], [-89.040536, 48.499047], [-89.040004, 48.499105], [-89.039266, 48.499161], [-89.038322, 48.499215], [-89.037527, 48.499284], [-89.03688, 48.499368], [-89.036381, 48.499469], [-89.036031, 48.499585], [-89.035606, 48.499672], [-89.035107, 48.49973], [-89.034534, 48.499759], [-89.033887, 48.499759], [-89.033372, 48.499765], [-89.032987, 48.499779], [-89.032735, 48.499799], [-89.032613, 48.499826], [-89.032522, 48.49987], [-89.032462, 48.499933], [-89.032431, 48.500013], [-89.032431, 48.500111], [-89.032398, 48.500187], [-89.03233, 48.500241], [-89.032229, 48.500272], [-89.032094, 48.500281], [-89.031993, 48.500261], [-89.031926, 48.500212], [-89.031892, 48.500134], [-89.031892, 48.500026], [-89.031882, 48.499966], [-89.031862, 48.499953]], [[-89.050532, 48.496246], [-89.050515, 48.496266], [-89.050529, 48.496292], [-89.050562, 48.496306], [-89.050616, 48.496306], [-89.05069, 48.496292], [-89.050785, 48.496266], [-89.050829, 48.496246], [-89.050822, 48.496232], [-89.050765, 48.496226], [-89.050657, 48.496226], [-89.050579, 48.496232], [-89.050532, 48.496246]], [[-89.051637, 48.495782], [-89.051627, 48.495802], [-89.051627, 48.495828], [-89.051637, 48.495842], [-89.051658, 48.495842], [-89.051688, 48.495828], [-89.051728, 48.495802], [-89.051749, 48.495782], [-89.051749, 48.495768], [-89.051728, 48.495762], [-89.051688, 48.495762], [-89.051658, 48.495768], [-89.051637, 48.495782]]]}}, {"type": "Feature", "properties": {"lead": 0, "temp": "sp:brook_trout:s2"}, "geometry": {"type": "Polygon", "coordinates": [[[-89.0262, 48.500948], [-89.026433, 48.500798], [-89.026783, 48.500611], [-89.027157, 48.500446], [-89.027555, 48.500303], [-89.027976, 48.500183], [-89.028421, 48.500084], [-89.028812, 48.500013], [-89.029149, 48.499968], [-89.029432, 48.499951], [-89.029661, 48.49996], [-89.029833, 48.49998], [-89.029948, 48.500011], [-89.030005, 48.500053], [-89.030005, 48.500107], [-89.029941, 48.500136], [-89.029813, 48.50014], [-89.029621, 48.50012], [-89.029365, 48.500076], [-89.029162, 48.500062], [-89.029014, 48.50008], [-89.02892, 48.500129], [-89.028879, 48.500209], [-89.028829, 48.500261], [-89.028768, 48.500283], [-89.028697, 48.500276], [-89.028617, 48.500241], [-89.028556, 48.500223], [-89.028515, 48.500223], [-89.028495, 48.500241], [-89.028495, 48.500276], [-89.028441, 48.50031], [-89.028333, 48.500341], [-89.028172, 48.50037], [-89.027956, 48.500397], [-89.02775, 48.500459], [-89.027555, 48.500557], [-89.02737, 48.500691], [-89.027194, 48.500861], [-89.027029, 48.500994], [-89.026874, 48.501093], [-89.026729, 48.501155], [-89.026595, 48.501182], [-89.026463, 48.501193], [-89.026335, 48.501189], [-89.02621, 48.501168], [-89.026089, 48.501133], [-89.026086, 48.501059], [-89.0262, 48.500948]]]}}, {"type": "Feature", "properties": {"lead": 0, "temp": "sp:brook_trout:s2"}, "geometry": {"type": "Polygon", "coordinates": [[[-89.024144, 48.501789], [-89.024232, 48.501726], [-89.024404, 48.501646], [-89.02466, 48.501548], [-89.024852, 48.501492], [-89.02498, 48.501478], [-89.025044, 48.501507], [-89.025044, 48.501579], [-89.025011, 48.501632], [-89.024943, 48.501668], [-89.024842, 48.501686], [-89.024707, 48.501686], [-89.024596, 48.501699], [-89.024508, 48.501726], [-89.024444, 48.501766], [-89.024404, 48.50182], [-89.024353, 48.501853], [-89.024293, 48.501867], [-89.024222, 48.50186], [-89.024141, 48.501833], [-89.024144, 48.501789]]]}}, {"type": "Feature", "properties": {"lead": 0, "temp": "sp:brook_trout:s2"}, "geometry": {"type": "Polygon", "coordinates": [[[-89.02339, 48.501833], [-89.02346, 48.501829], [-89.023555, 48.501829], [-89.023602, 48.501833], [-89.023602, 48.501842], [-89.023555, 48.501855], [-89.02346, 48.501873], [-89.02339, 48.501882], [-89.023342, 48.501882], [-89.023319, 48.501873], [-89.023319, 48.501855], [-89.023342, 48.501842], [-89.02339, 48.501833]]]}}, {"type": "Feature", "properties": {"lead": 0, "temp": "sp:brook_trout:s2"}, "geometry": {"type": "Polygon", "coordinates": [[[-89.022476, 48.501956], [-89.022618, 48.501918], [-89.022834, 48.501882], [-89.022985, 48.501867], [-89.023073, 48.501871], [-89.023096, 48.501896], [-89.023056, 48.50194], [-89.023002, 48.501974], [-89.022935, 48.501996], [-89.022854, 48.502007], [-89.022759, 48.502007], [-89.022689, 48.502016], [-89.022641, 48.502034], [-89.022618, 48.502061], [-89.022618, 48.502096], [-89.022598, 48.502112], [-89.022557, 48.502107], [-89.022497, 48.502083], [-89.022416, 48.502038], [-89.022409, 48.501996], [-89.022476, 48.501956]]]}}, {"type": "Feature", "properties": {"lead": 0, "temp": "sp:brook_trout:s2"}, "geometry": {"type": "Polygon", "coordinates": [[[-89.021341, 48.502324], [-89.021401, 48.502315], [-89.021432, 48.502337], [-89.021432, 48.502391], [-89.021401, 48.502435], [-89.021341, 48.502471], [-89.02125, 48.502498], [-89.021128, 48.502516], [-89.021068, 48.502511], [-89.021068, 48.502484], [-89.021128, 48.502435], [-89.02125, 48.502364], [-89.021341, 48.502324]]]}}, {"type": "Feature", "properties": {"lead": 0, "temp": "sp:brook_trout:s2"}, "geometry": {"type": "Polygon", "coordinates": [[[-89.016289, 48.503869], [-89.016767, 48.503711], [-89.017468, 48.503515], [-89.01793, 48.503408], [-89.018153, 48.50339], [-89.018136, 48.503461], [-89.01788, 48.503622], [-89.017623, 48.503762], [-89.017367, 48.503883], [-89.017111, 48.503983], [-89.016855, 48.504063], [-89.016616, 48.504113], [-89.016393, 48.50413], [-89.016188, 48.504117], [-89.015999, 48.504072], [-89.016033, 48.50399], [-89.016289, 48.503869]]]}}, {"type": "Feature", "properties": {"lead": 0, "temp": "sp:brook_trout:s2"}, "geometry": {"type": "Polygon", "coordinates": [[[-89.015972, 48.504191], [-89.016013, 48.504184], [-89.016066, 48.504184], [-89.016093, 48.504191], [-89.016093, 48.504204], [-89.016066, 48.504224], [-89.016013, 48.504251], [-89.015972, 48.504264], [-89.015945, 48.504264], [-89.015932, 48.504251], [-89.015932, 48.504224], [-89.015945, 48.504204], [-89.015972, 48.504191]]]}}, {"type": "Feature", "properties": {"lead": 0, "temp": "sp:brook_trout:s2"}, "geometry": {"type": "Polygon", "coordinates": [[[-89.0158, 48.504298], [-89.015831, 48.504291], [-89.015871, 48.504291], [-89.015891, 48.504298], [-89.015891, 48.504311], [-89.015871, 48.504331], [-89.015831, 48.504358], [-89.0158, 48.504371], [-89.01578, 48.504371], [-89.01577, 48.504358], [-89.01577, 48.504331], [-89.01578, 48.504311], [-89.0158, 48.504298]]]}}, {"type": "Feature", "properties": {"lead": 0, "temp": "sp:brook_trout:s2"}, "geometry": {"type": "Polygon", "coordinates": [[[-89.015315, 48.504298], [-89.015345, 48.504291], [-89.015386, 48.504291], [-89.015406, 48.504298], [-89.015406, 48.504311], [-89.015386, 48.504331], [-89.015345, 48.504358], [-89.015315, 48.504371], [-89.015295, 48.504371], [-89.015285, 48.504358], [-89.015285, 48.504331], [-89.015295, 48.504311], [-89.015315, 48.504298]]]}}, {"type": "Feature", "properties": {"lead": 0, "temp": "sp:brook_trout:s2"}, "geometry": {"type": "Polygon", "coordinates": [[[-89.014938, 48.504407], [-89.014968, 48.504398], [-89.015008, 48.504398], [-89.015029, 48.504407], [-89.015029, 48.504425], [-89.015008, 48.504452], [-89.014968, 48.504487], [-89.014938, 48.504505], [-89.014917, 48.504505], [-89.014907, 48.504487], [-89.014907, 48.504452], [-89.014917, 48.504425], [-89.014938, 48.504407]]]}}, {"type": "Feature", "properties": {"lead": 0, "temp": "sp:brook_trout:s2"}, "geometry": {"type": "Polygon", "coordinates": [[[-89.014483, 48.504547], [-89.014543, 48.504541], [-89.014624, 48.504541], [-89.014665, 48.504547], [-89.014665, 48.504561], [-89.014624, 48.504581], [-89.014543, 48.504608], [-89.014483, 48.504621], [-89.014442, 48.504621], [-89.014422, 48.504608], [-89.014422, 48.504581], [-89.014442, 48.504561], [-89.014483, 48.504547]]]}}, {"type": "Feature", "properties": {"lead": 0, "temp": "sp:brook_trout:s2"}, "geometry": {"type": "Polygon", "coordinates": [[[-89.01427, 48.504775], [-89.01429, 48.504762], [-89.014321, 48.504755], [-89.014361, 48.504755], [-89.014381, 48.504762], [-89.014381, 48.504775], [-89.014361, 48.504795], [-89.014321, 48.504822], [-89.01429, 48.504835], [-89.01427, 48.504835], [-89.01426, 48.504822], [-89.01426, 48.504795], [-89.01427, 48.504775]]]}}, {"type": "Feature", "properties": {"lead": 0, "temp": "sp:brook_trout:s2"}, "geometry": {"type": "Polygon", "coordinates": [[[-89.013913, 48.504978], [-89.013943, 48.504969], [-89.013984, 48.504969], [-89.014004, 48.504978], [-89.014004, 48.504996], [-89.013984, 48.505023], [-89.013943, 48.505058], [-89.013913, 48.505076], [-89.013893, 48.505076], [-89.013883, 48.505058], [-89.013883, 48.505023], [-89.013893, 48.504996], [-89.013913, 48.504978]]]}}, {"type": "Feature", "properties": {"lead": 0, "temp": "sp:brook_trout:s2"}, "geometry": {"type": "Polygon", "coordinates": [[[-89.013751, 48.505118], [-89.013782, 48.505112], [-89.013822, 48.505112], [-89.013842, 48.505118], [-89.013842, 48.505132], [-89.013822, 48.505152], [-89.013782, 48.505179], [-89.013751, 48.505192], [-89.013731, 48.505192], [-89.013721, 48.505179], [-89.013721, 48.505152], [-89.013731, 48.505132], [-89.013751, 48.505118]]]}}, {"type": "Feature", "properties": {"lead": 0, "temp": "sp:brook_trout:s2"}, "geometry": {"type": "Polygon", "coordinates": [[[-89.013589, 48.505225], [-89.01362, 48.505219], [-89.01366, 48.505219], [-89.01368, 48.505225], [-89.01368, 48.505239], [-89.01366, 48.505259], [-89.01362, 48.505286], [-89.013589, 48.505299], [-89.013569, 48.505299], [-89.013559, 48.505286], [-89.013559, 48.505259], [-89.013569, 48.505239], [-89.013589, 48.505225]]]}}, {"type": "Feature", "properties": {"lead": 0, "temp": "sp:brook_trout:s2"}, "geometry": {"type": "Polygon", "coordinates": [[[-89.013121, 48.505333], [-89.013222, 48.505326], [-89.013357, 48.505326], [-89.013424, 48.505333], [-89.013424, 48.505346], [-89.013357, 48.505366], [-89.013222, 48.505393], [-89.013121, 48.505406], [-89.013054, 48.505406], [-89.01302, 48.505393], [-89.01302, 48.505366], [-89.013054, 48.505346], [-89.013121, 48.505333]]]}}, {"type": "Feature", "properties": {"lead": 0, "temp": "sp:brook_trout:s2"}, "geometry": {"type": "Polygon", "coordinates": [[[-89.012889, 48.50544], [-89.012919, 48.505433], [-89.012959, 48.505433], [-89.01298, 48.50544], [-89.01298, 48.505453], [-89.012959, 48.505473], [-89.012919, 48.5055], [-89.012889, 48.505513], [-89.012868, 48.505513], [-89.012858, 48.5055], [-89.012858, 48.505473], [-89.012868, 48.505453], [-89.012889, 48.50544]]]}}, {"type": "Feature", "properties": {"lead": 0, "temp": "sp:brook_trout:s2"}, "geometry": {"type": "Polygon", "coordinates": [[[-89.012228, 48.505689], [-89.012299, 48.505683], [-89.012393, 48.505683], [-89.01244, 48.505689], [-89.01244, 48.505703], [-89.012393, 48.505723], [-89.012299, 48.50575], [-89.012228, 48.505763], [-89.012181, 48.505763], [-89.012157, 48.50575], [-89.012157, 48.505723], [-89.012181, 48.505703], [-89.012228, 48.505689]]]}}, {"type": "Feature", "properties": {"lead": 0, "temp": "sp:brook_trout:s2"}, "geometry": {"type": "Polygon", "coordinates": [[[-89.012006, 48.50581], [-89.012026, 48.505796], [-89.012056, 48.50579], [-89.012097, 48.50579], [-89.012117, 48.505796], [-89.012117, 48.50581], [-89.012097, 48.50583], [-89.012056, 48.505857], [-89.012026, 48.50587], [-89.012006, 48.50587], [-89.011995, 48.505857], [-89.011995, 48.50583], [-89.012006, 48.50581]]]}}, {"type": "Feature", "properties": {"lead": 0, "temp": "sp:brook_trout:s2"}, "geometry": {"type": "Polygon", "coordinates": [[[-89.011702, 48.505903], [-89.011733, 48.505897], [-89.011773, 48.505897], [-89.011793, 48.505903], [-89.011793, 48.505917], [-89.011773, 48.505937], [-89.011733, 48.505964], [-89.011702, 48.505977], [-89.011682, 48.505977], [-89.011672, 48.505964], [-89.011672, 48.505937], [-89.011682, 48.505917], [-89.011702, 48.505903]]]}}, {"type": "Feature", "properties": {"lead": 0, "temp": "sp:brook_trout:s2"}, "geometry": {"type": "Polygon", "coordinates": [[[-89.011001, 48.506118], [-89.011032, 48.506111], [-89.011072, 48.506111], [-89.011092, 48.506118], [-89.011092, 48.506131], [-89.011072, 48.506151], [-89.011032, 48.506178], [-89.011001, 48.506191], [-89.010981, 48.506191], [-89.010971, 48.506178], [-89.010971, 48.506151], [-89.010981, 48.506131], [-89.011001, 48.506118]]]}}, {"type": "Feature", "properties": {"lead": 0, "temp": "sp:brook_trout:s2"}, "geometry": {"type": "Polygon", "coordinates": [[[-89.010708, 48.506227], [-89.010769, 48.506218], [-89.01085, 48.506218], [-89.01089, 48.506227], [-89.01089, 48.506245], [-89.01085, 48.506271], [-89.010769, 48.506307], [-89.010708, 48.506325], [-89.010668, 48.506325], [-89.010647, 48.506307], [-89.010647, 48.506271], [-89.010668, 48.506245], [-89.010708, 48.506227]]]}}, {"type": "Feature", "properties": {"lead": 0, "temp": "sp:brook_trout:s2"}, "geometry": {"type": "Polygon", "coordinates": [[[-89.010516, 48.506367], [-89.010546, 48.506361], [-89.010587, 48.506361], [-89.010607, 48.506367], [-89.010607, 48.506381], [-89.010587, 48.506401], [-89.010546, 48.506428], [-89.010516, 48.506441], [-89.010496, 48.506441], [-89.010486, 48.506428], [-89.010486, 48.506401], [-89.010496, 48.506381], [-89.010516, 48.506367]]]}}, {"type": "Feature", "properties": {"lead": 0, "temp": "sp:brook_trout:s2"}, "geometry": {"type": "Polygon", "coordinates": [[[-89.01031, 48.506474], [-89.010351, 48.506468], [-89.010405, 48.506468], [-89.010432, 48.506474], [-89.010432, 48.506488], [-89.010405, 48.506508], [-89.010351, 48.506535], [-89.01031, 48.506548], [-89.010283, 48.506548], [-89.01027, 48.506535], [-89.01027, 48.506508], [-89.010283, 48.506488], [-89.01031, 48.506474]]]}}, {"type": "Feature", "properties": {"lead": 0, "temp": "sp:brook_trout:s2"}, "geometry": {"type": "Polygon", "coordinates": [[[-89.009815, 48.506689], [-89.009845, 48.506682], [-89.009886, 48.506682], [-89.009906, 48.506689], [-89.009906, 48.506702], [-89.009886, 48.506722], [-89.009845, 48.506749], [-89.009815, 48.506762], [-89.009795, 48.506762], [-89.009785, 48.506749], [-89.009785, 48.506722], [-89.009795, 48.506702], [-89.009815, 48.506689]]]}}, {"type": "Feature", "properties": {"lead": 0, "temp": "sp:brook_trout:s2"}, "geometry": {"type": "Polygon", "coordinates": [[[-89.009633, 48.506816], [-89.009653, 48.506798], [-89.009684, 48.506789], [-89.009724, 48.506789], [-89.009744, 48.506798], [-89.009744, 48.506816], [-89.009724, 48.506842], [-89.009684, 48.506878], [-89.009653, 48.506896], [-89.009633, 48.506896], [-89.009623, 48.506878], [-89.009623, 48.506842], [-89.009633, 48.506816]]]}}, {"type": "Feature", "properties": {"lead": 0, "temp": "sp:brook_trout:s2"}, "geometry": {"type": "Polygon", "coordinates": [[[-89.009276, 48.507152], [-89.009306, 48.507146], [-89.009347, 48.507146], [-89.009367, 48.507152], [-89.009367, 48.507166], [-89.009347, 48.507186], [-89.009306, 48.507213], [-89.009276, 48.507226], [-89.009256, 48.507226], [-89.009246, 48.507213], [-89.009246, 48.507186], [-89.009256, 48.507166], [-89.009276, 48.507152]]]}}, {"type": "Feature", "properties": {"lead": 0, "temp": "sp:brook_trout:s2"}, "geometry": {"type": "Polygon", "coordinates": [[[-89.008952, 48.507259], [-89.008983, 48.507253], [-89.009023, 48.507253], [-89.009043, 48.507259], [-89.009043, 48.507273], [-89.009023, 48.507293], [-89.008983, 48.50732], [-89.008952, 48.507333], [-89.008932, 48.507333], [-89.008922, 48.50732], [-89.008922, 48.507293], [-89.008932, 48.507273], [-89.008952, 48.507259]]]}}, {"type": "Feature", "properties": {"lead": 0, "temp": "sp:brook_trout:s2"}, "geometry": {"type": "Polygon", "coordinates": [[[-89.00877, 48.507387], [-89.008791, 48.507369], [-89.008821, 48.50736], [-89.008861, 48.50736], [-89.008882, 48.507369], [-89.008882, 48.507387], [-89.008861, 48.507413], [-89.008821, 48.507449], [-89.008791, 48.507467], [-89.00877, 48.507467], [-89.00876, 48.507449], [-89.00876, 48.507413], [-89.00877, 48.507387]]]}}, {"type": "Feature", "properties": {"lead": 0, "temp": "sp:brook_trout:s2"}, "geometry": {"type": "Polygon", "coordinates": [[[-89.008629, 48.507509], [-89.008659, 48.507503], [-89.0087, 48.507503], [-89.00872, 48.507509], [-89.00872, 48.507523], [-89.0087, 48.507543], [-89.008659, 48.507569], [-89.008629, 48.507583], [-89.008609, 48.507583], [-89.008598, 48.507569], [-89.008598, 48.507543], [-89.008609, 48.507523], [-89.008629, 48.507509]]]}}, {"type": "Feature", "properties": {"lead": 0, "temp": "sp:brook_trout:s2"}, "geometry": {"type": "Polygon", "coordinates": [[[-89.008423, 48.507616], [-89.008464, 48.50761], [-89.008518, 48.50761], [-89.008545, 48.507616], [-89.008545, 48.50763], [-89.008518, 48.50765], [-89.008464, 48.507676], [-89.008423, 48.50769], [-89.008396, 48.50769], [-89.008383, 48.507676], [-89.008383, 48.50765], [-89.008396, 48.50763], [-89.008423, 48.507616]]]}}, {"type": "Feature", "properties": {"lead": 0, "temp": "sp:brook_trout:s2"}, "geometry": {"type": "Polygon", "coordinates": [[[-89.008231, 48.507737], [-89.008251, 48.507723], [-89.008282, 48.507717], [-89.008322, 48.507717], [-89.008342, 48.507723], [-89.008342, 48.507737], [-89.008322, 48.507757], [-89.008282, 48.507784], [-89.008251, 48.507797], [-89.008231, 48.507797], [-89.008221, 48.507784], [-89.008221, 48.507757], [-89.008231, 48.507737]]]}}, {"type": "Feature", "properties": {"lead": 0, "temp": "sp:brook_trout:s2"}, "geometry": {"type": "Polygon", "coordinates": [[[-89.00809, 48.50783], [-89.00812, 48.507824], [-89.00816, 48.507824], [-89.008181, 48.50783], [-89.008181, 48.507844], [-89.00816, 48.507864], [-89.00812, 48.507891], [-89.00809, 48.507904], [-89.008069, 48.507904], [-89.008059, 48.507891], [-89.008059, 48.507864], [-89.008069, 48.507844], [-89.00809, 48.50783]]]}}, {"type": "Feature", "properties": {"lead": 0, "temp": "sp:brook_trout:s2"}, "geometry": {"type": "Polygon", "coordinates": [[[-89.007766, 48.50794], [-89.007796, 48.507931], [-89.007837, 48.507931], [-89.007857, 48.50794], [-89.007857, 48.507957], [-89.007837, 48.507984], [-89.007796, 48.50802], [-89.007766, 48.508038], [-89.007746, 48.508038], [-89.007736, 48.50802], [-89.007736, 48.507984], [-89.007746, 48.507957], [-89.007766, 48.50794]]]}}, {"type": "Feature", "properties": {"lead": 0, "temp": "sp:brook_trout:s2"}, "geometry": {"type": "Polygon", "coordinates": [[[-88.987371, 48.501189], [-88.987421, 48.501142], [-88.987502, 48.501088], [-88.98764, 48.501026], [-88.987836, 48.500954], [-88.988088, 48.500874], [-88.988398, 48.500785], [-88.988796, 48.500638], [-88.989281, 48.500432], [-88.989854, 48.500169], [-88.990515, 48.499848], [-88.991135, 48.499571], [-88.991715, 48.499339], [-88.992254, 48.499152], [-88.992752, 48.499009], [-88.993197, 48.498918], [-88.993588, 48.498878], [-88.993925, 48.498889], [-88.994208, 48.498951], [-88.99439, 48.49902], [-88.994471, 48.499096], [-88.994451, 48.499179], [-88.99433, 48.499268], [-88.994175, 48.499322], [-88.993986, 48.499339], [-88.993764, 48.499322], [-88.993507, 48.499268], [-88.993261, 48.499241], [-88.993025, 48.499241], [-88.9928, 48.499268], [-88.992584, 48.499322], [-88.992385, 48.499402], [-88.992203, 48.499509], [-88.992038, 48.499643], [-88.99189, 48.499803], [-88.991708, 48.499922], [-88.991492, 48.499997], [-88.991243, 48.500031], [-88.99096, 48.500022], [-88.990707, 48.500049], [-88.990484, 48.500111], [-88.990292, 48.500209], [-88.990131, 48.500343], [-88.989986, 48.500444], [-88.989858, 48.50051], [-88.989746, 48.500544], [-88.989652, 48.500544], [-88.989551, 48.500566], [-88.989443, 48.500611], [-88.989329, 48.500678], [-88.989207, 48.500767], [-88.989029, 48.500847], [-88.988793, 48.500919], [-88.988499, 48.500981], [-88.988149, 48.501035], [-88.987876, 48.501088], [-88.987681, 48.501142], [-88.987563, 48.501195], [-88.987522, 48.501249], [-88.987482, 48.501282], [-88.987441, 48.501296], [-88.987401, 48.501289], [-88.98736, 48.501262], [-88.98735, 48.501229], [-88.987371, 48.501189]]]}}, {"type": "Feature", "properties": {"lead": 0, "temp": "sp:brook_trout:s2"}, "geometry": {"type": "Polygon", "coordinates": [[[-88.988001, 48.503296], [-88.987967, 48.503261], [-88.987981, 48.503216], [-88.988045, 48.503156], [-88.988159, 48.50308], [-88.988324, 48.502988], [-88.98854, 48.502881], [-88.988732, 48.502765], [-88.988901, 48.502641], [-88.989045, 48.502507], [-88.989167, 48.502364], [-88.989281, 48.502257], [-88.989389, 48.502186], [-88.98949, 48.50215], [-88.989585, 48.50215], [-88.989676, 48.502128], [-88.989763, 48.502083], [-88.989848, 48.502016], [-88.989928, 48.501927], [-88.990053, 48.50184], [-88.990222, 48.501755], [-88.990434, 48.501673], [-88.99069, 48.501592], [-88.990902, 48.50151], [-88.991071, 48.501425], [-88.991196, 48.501338], [-88.991276, 48.501249], [-88.991489, 48.501139], [-88.991832, 48.50101], [-88.992308, 48.500861], [-88.992914, 48.500691], [-88.993389, 48.500537], [-88.993733, 48.500399], [-88.993945, 48.500276], [-88.994026, 48.500169], [-88.994121, 48.500089], [-88.994229, 48.500035], [-88.99435, 48.500009], [-88.994485, 48.500009], [-88.994603, 48.499986], [-88.994704, 48.499942], [-88.994788, 48.499875], [-88.994855, 48.499786], [-88.994899, 48.499763], [-88.994919, 48.499808], [-88.994916, 48.499919], [-88.994889, 48.500098], [-88.994835, 48.500256], [-88.994754, 48.500394], [-88.994646, 48.500513], [-88.994512, 48.500611], [-88.994282, 48.50072], [-88.993959, 48.500841], [-88.993541, 48.500972], [-88.993029, 48.501115], [-88.99252, 48.501278], [-88.992014, 48.501461], [-88.991512, 48.501664], [-88.991014, 48.501887], [-88.990538, 48.502125], [-88.990087, 48.50238], [-88.989659, 48.502649], [-88.989254, 48.502935], [-88.988907, 48.503147], [-88.988617, 48.503285], [-88.988385, 48.50335], [-88.98821, 48.503341], [-88.988082, 48.503323], [-88.988001, 48.503296]]]}}, {"type": "Feature", "properties": {"lead": 0, "temp": "sp:brook_trout:s2"}, "geometry": {"type": "Polygon", "coordinates": [[[-89.00756, 48.50808], [-89.007601, 48.508073], [-89.007655, 48.508073], [-89.007682, 48.50808], [-89.007682, 48.508094], [-89.007655, 48.508114], [-89.007601, 48.50814], [-89.00756, 48.508154], [-89.007534, 48.508154], [-89.00752, 48.50814], [-89.00752, 48.508114], [-89.007534, 48.508094], [-89.00756, 48.50808]]]}}, {"type": "Feature", "properties": {"lead": 0, "temp": "sp:brook_trout:s2"}, "geometry": {"type": "Polygon", "coordinates": [[[-89.007389, 48.508187], [-89.007419, 48.50818], [-89.007459, 48.50818], [-89.00748, 48.508187], [-89.00748, 48.508201], [-89.007459, 48.508221], [-89.007419, 48.508247], [-89.007389, 48.508261], [-89.007368, 48.508261], [-89.007358, 48.508247], [-89.007358, 48.508221], [-89.007368, 48.508201], [-89.007389, 48.508187]]]}}, {"type": "Feature", "properties": {"lead": 0, "temp": "sp:brook_trout:s2"}, "geometry": {"type": "Polygon", "coordinates": [[[-89.007076, 48.508363], [-89.006964, 48.508468], [-89.006833, 48.508542], [-89.006698, 48.508569], [-89.006587, 48.508611], [-89.006499, 48.508669], [-89.006435, 48.508742], [-89.006394, 48.508832], [-89.0063, 48.508912], [-89.006152, 48.508983], [-89.00595, 48.509046], [-89.005693, 48.509099], [-89.005427, 48.509175], [-89.005151, 48.509273], [-89.004864, 48.509394], [-89.004568, 48.509536], [-89.004302, 48.509637], [-89.004066, 48.509695], [-89.00386, 48.50971], [-89.003685, 48.509684], [-89.003628, 48.50965], [-89.003688, 48.50961], [-89.003867, 48.509563], [-89.004163, 48.50951], [-89.004399, 48.509441], [-89.004575, 48.509356], [-89.004689, 48.509255], [-89.004743, 48.509139], [-89.004851, 48.50903], [-89.005013, 48.508928], [-89.005228, 48.508832], [-89.005498, 48.508742], [-89.005801, 48.508615], [-89.006138, 48.50845], [-89.006509, 48.508247], [-89.006913, 48.508007], [-89.007186, 48.507879], [-89.007328, 48.507866], [-89.007338, 48.507966], [-89.007217, 48.50818], [-89.007137, 48.508288], [-89.007156, 48.508294], [-89.007156, 48.508308], [-89.007136, 48.508328], [-89.007095, 48.508354], [-89.007076, 48.508363]]]}}, {"type": "Feature", "properties": {"lead": 0, "temp": "sp:brook_trout:s2"}, "geometry": {"type": "Polygon", "coordinates": [[[-89.003129, 48.50965], [-89.003159, 48.509643], [-89.0032, 48.509643], [-89.00322, 48.50965], [-89.00322, 48.509664], [-89.0032, 48.509684], [-89.003159, 48.50971], [-89.003129, 48.509724], [-89.003109, 48.509724], [-89.003099, 48.50971], [-89.003099, 48.509684], [-89.003109, 48.509664], [-89.003129, 48.50965]]]}}, {"type": "Feature", "properties": {"lead": 0, "temp": "sp:brook_trout:s2"}, "geometry": {"type": "Polygon", "coordinates": [[[-89.002967, 48.509759], [-89.002997, 48.50975], [-89.003038, 48.50975], [-89.003058, 48.509759], [-89.003058, 48.509777], [-89.003038, 48.509804], [-89.002997, 48.50984], [-89.002967, 48.509858], [-89.002947, 48.509858], [-89.002937, 48.50984], [-89.002937, 48.509804], [-89.002947, 48.509777], [-89.002967, 48.509759]]]}}, {"type": "Feature", "properties": {"lead": 0, "temp": "sp:brook_trout:s2"}, "geometry": {"type": "Polygon", "coordinates": [[[-89.002762, 48.5099], [-89.002802, 48.509893], [-89.002856, 48.509893], [-89.002883, 48.5099], [-89.002883, 48.509913], [-89.002856, 48.509933], [-89.002802, 48.50996], [-89.002762, 48.509973], [-89.002735, 48.509973], [-89.002721, 48.50996], [-89.002721, 48.509933], [-89.002735, 48.509913], [-89.002762, 48.5099]]]}}, {"type": "Feature", "properties": {"lead": 0, "temp": "sp:brook_trout:s2"}, "geometry": {"type": "Polygon", "coordinates": [[[-89.00259, 48.510007], [-89.00262, 48.51], [-89.00266, 48.51], [-89.002681, 48.510007], [-89.002681, 48.51002], [-89.00266, 48.51004], [-89.00262, 48.510067], [-89.00259, 48.510081], [-89.002569, 48.510081], [-89.002559, 48.510067], [-89.002559, 48.51004], [-89.002569, 48.51002], [-89.00259, 48.510007]]]}}, {"type": "Feature", "properties": {"lead": 0, "temp": "sp:brook_trout:s2"}, "geometry": {"type": "Polygon", "coordinates": [[[-89.002296, 48.510114], [-89.002357, 48.510107], [-89.002438, 48.510107], [-89.002478, 48.510114], [-89.002478, 48.510127], [-89.002438, 48.510147], [-89.002357, 48.510174], [-89.002296, 48.510188], [-89.002256, 48.510188], [-89.002236, 48.510174], [-89.002236, 48.510147], [-89.002256, 48.510127], [-89.002296, 48.510114]]]}}, {"type": "Feature", "properties": {"lead": 0, "temp": "sp:brook_trout:s2"}, "geometry": {"type": "Polygon", "coordinates": [[[-89.002084, 48.510234], [-89.002104, 48.510221], [-89.002135, 48.510214], [-89.002175, 48.510214], [-89.002195, 48.510221], [-89.002195, 48.510234], [-89.002175, 48.510254], [-89.002135, 48.510281], [-89.002104, 48.510295], [-89.002084, 48.510295], [-89.002074, 48.510281], [-89.002074, 48.510254], [-89.002084, 48.510234]]]}}, {"type": "Feature", "properties": {"lead": 0, "temp": "sp:brook_trout:s2"}, "geometry": {"type": "Polygon", "coordinates": [[[-89.001727, 48.510337], [-89.001757, 48.510321], [-89.001798, 48.510321], [-89.001818, 48.510337], [-89.001818, 48.510368], [-89.001798, 48.510415], [-89.001757, 48.510477], [-89.001727, 48.510509], [-89.001707, 48.510509], [-89.001697, 48.510477], [-89.001697, 48.510415], [-89.001707, 48.510368], [-89.001727, 48.510337]]]}}, {"type": "Feature", "properties": {"lead": 0, "temp": "sp:brook_trout:s2"}, "geometry": {"type": "Polygon", "coordinates": [[[-89.001424, 48.510745], [-89.001434, 48.510705], [-89.001474, 48.510651], [-89.001515, 48.510611], [-89.001555, 48.510585], [-89.001595, 48.510571], [-89.001636, 48.510571], [-89.001666, 48.510585], [-89.001686, 48.510611], [-89.001697, 48.510651], [-89.001697, 48.510705], [-89.001676, 48.510745], [-89.001636, 48.510772], [-89.001575, 48.510785], [-89.001494, 48.510785], [-89.001444, 48.510772], [-89.001424, 48.510745]]]}}, {"type": "Feature", "properties": {"lead": 0, "temp": "sp:brook_trout:s2"}, "geometry": {"type": "Polygon", "coordinates": [[[-89.00111, 48.510792], [-89.001171, 48.510785], [-89.001252, 48.510785], [-89.001292, 48.510792], [-89.001292, 48.510805], [-89.001252, 48.510825], [-89.001171, 48.510852], [-89.00111, 48.510866], [-89.00107, 48.510866], [-89.00105, 48.510852], [-89.00105, 48.510825], [-89.00107, 48.510805], [-89.00111, 48.510792]]]}}, {"type": "Feature", "properties": {"lead": 0, "temp": "sp:brook_trout:s2"}, "geometry": {"type": "Polygon", "coordinates": [[[-89.00048, 48.510952], [-89.000611, 48.510937], [-89.000787, 48.510919], [-89.000874, 48.510912], [-89.000874, 48.510917], [-89.000787, 48.510932], [-89.000611, 48.510959], [-89.00048, 48.510977], [-89.000392, 48.510986], [-89.000349, 48.510986], [-89.000349, 48.510977], [-89.000392, 48.510966], [-89.00048, 48.510952]]]}}, {"type": "Feature", "properties": {"lead": 0, "temp": "sp:brook_trout:s2"}, "geometry": {"type": "Polygon", "coordinates": [[[-88.99991, 48.511383], [-88.99991, 48.511396], [-88.99987, 48.511423], [-88.999819, 48.511443], [-88.999759, 48.511456], [-88.999688, 48.511463], [-88.999607, 48.511463], [-88.999577, 48.511456], [-88.999597, 48.511443], [-88.999668, 48.511423], [-88.999789, 48.511396], [-88.99987, 48.511383], [-88.99991, 48.511383]]]}}, {"type": "Feature", "properties": {"lead": 0, "temp": "sp:brook_trout:s2"}, "geometry": {"type": "Polygon", "coordinates": [[[-88.996594, 48.512277], [-88.996904, 48.512212], [-88.997376, 48.512141], [-88.997784, 48.512059], [-88.998128, 48.511965], [-88.998407, 48.51186], [-88.998623, 48.511744], [-88.998819, 48.511657], [-88.998994, 48.511599], [-88.999149, 48.51157], [-88.999284, 48.51157], [-88.999321, 48.511606], [-88.99926, 48.511677], [-88.999102, 48.511784], [-88.998846, 48.511927], [-88.998556, 48.512056], [-88.998232, 48.512172], [-88.997875, 48.512275], [-88.997484, 48.512364], [-88.997147, 48.51242], [-88.996864, 48.512442], [-88.996635, 48.512431], [-88.99646, 48.512386], [-88.996446, 48.512335], [-88.996594, 48.512277]]]}}, {"type": "Feature", "properties": {"lead": 0, "temp": "sp:brook_trout:s3"}, "geometry": {"type": "Polygon", "coordinates": [[[-89.058917, 48.488821], [-89.059338, 48.488788], [-89.059769, 48.488779], [-89.06018, 48.488801], [-89.060571, 48.488855], [-89.060942, 48.48894], [-89.061293, 48.489056], [-89.06137, 48.489145], [-89.061175, 48.489207], [-89.060706, 48.489243], [-89.059965, 48.489252], [-89.059409, 48.489268], [-89.059038, 48.48929], [-89.058853, 48.489319], [-89.058853, 48.489355], [-89.058809, 48.489372], [-89.058721, 48.489372], [-89.05859, 48.489355], [-89.058415, 48.489319], [-89.058283, 48.489301], [-89.058195, 48.489301], [-89.058152, 48.489319], [-89.058152, 48.489355], [-89.058108, 48.489388], [-89.05802, 48.489419], [-89.057889, 48.489448], [-89.057714, 48.489475], [-89.057508, 48.489538], [-89.057272, 48.489636], [-89.057006, 48.48977], [-89.056709, 48.489939], [-89.056477, 48.490102], [-89.056308, 48.490258], [-89.056204, 48.490408], [-89.056163, 48.49055], [-89.056153, 48.4907], [-89.056173, 48.490856], [-89.056224, 48.491019], [-89.056305, 48.491188], [-89.056332, 48.491282], [-89.056305, 48.4913], [-89.056224, 48.491242], [-89.056089, 48.491108], [-89.055988, 48.490965], [-89.055921, 48.490814], [-89.055887, 48.490653], [-89.055887, 48.490483], [-89.055964, 48.490294], [-89.05612, 48.490084], [-89.056352, 48.489854], [-89.056662, 48.489604], [-89.056992, 48.48939], [-89.057127, 48.489322], [-89.057127, 48.489355], [-89.057137, 48.489372], [-89.057157, 48.489372], [-89.057188, 48.489355], [-89.057228, 48.489319], [-89.057248, 48.489292], [-89.057248, 48.489274], [-89.057233, 48.489268], [-89.057343, 48.489212], [-89.057714, 48.489069], [-89.058104, 48.488962], [-89.058506, 48.488879], [-89.058917, 48.488821]]]}}, {"type": "Feature", "properties": {"lead": 0, "temp": "sp:brook_trout:s3"}, "geometry": {"type": "Polygon", "coordinates": [[[-89.050866, 48.495929], [-89.051122, 48.495817], [-89.051573, 48.495672], [-89.05222, 48.495494], [-89.052696, 48.495373], [-89.052999, 48.495311], [-89.05313, 48.495306], [-89.05309, 48.49536], [-89.052972, 48.49542], [-89.052776, 48.495487], [-89.052503, 48.495561], [-89.052153, 48.495641], [-89.05186, 48.495724], [-89.051624, 48.495808], [-89.051445, 48.495895], [-89.051324, 48.495985], [-89.051199, 48.49604], [-89.051071, 48.496063], [-89.05094, 48.496052], [-89.050805, 48.496007], [-89.050866, 48.495929]]]}}, {"type": "Feature", "properties": {"lead": 0, "temp": "sp:brook_trout:s3"}, "geometry": {"type": "Polygon", "coordinates": [[[-89.05094, 48.496246], [-89.050967, 48.496232], [-89.051007, 48.496226], [-89.051061, 48.496226], [-89.051088, 48.496232], [-89.051088, 48.496246], [-89.051061, 48.496266], [-89.051007, 48.496292], [-89.050967, 48.496306], [-89.05094, 48.496306], [-89.050926, 48.496292], [-89.050926, 48.496266], [-89.05094, 48.496246]]]}}, {"type": "Feature", "properties": {"lead": 0, "temp": "sp:brook_trout:s3"}, "geometry": {"type": "Polygon", "coordinates": [[[-89.031158, 48.499993], [-89.031144, 48.499926], [-89.031218, 48.499852], [-89.03138, 48.499772], [-89.0317, 48.499692], [-89.032179, 48.499612], [-89.032816, 48.499531], [-89.033611, 48.499451], [-89.034309, 48.499357], [-89.034908, 48.49925], [-89.035411, 48.49913], [-89.035815, 48.498996], [-89.036408, 48.498889], [-89.03719, 48.498809], [-89.038161, 48.498755], [-89.03932, 48.498728], [-89.040412, 48.498668], [-89.041436, 48.498574], [-89.042393, 48.498447], [-89.043283, 48.498287], [-89.044115, 48.498097], [-89.044891, 48.497878], [-89.045608, 48.497631], [-89.046269, 48.497354], [-89.046946, 48.497091], [-89.04764, 48.496841], [-89.048352, 48.496605], [-89.049079, 48.496382], [-89.049662, 48.496219], [-89.050101, 48.496116], [-89.050394, 48.496074], [-89.050542, 48.496092], [-89.050599, 48.496147], [-89.050566, 48.496241], [-89.050441, 48.496373], [-89.050225, 48.496542], [-89.049989, 48.496676], [-89.049733, 48.496774], [-89.049457, 48.496837], [-89.04916, 48.496863], [-89.048928, 48.496897], [-89.048759, 48.496937], [-89.048655, 48.496984], [-89.048614, 48.497037], [-89.04855, 48.497071], [-89.048463, 48.497084], [-89.048352, 48.497078], [-89.048217, 48.497051], [-89.048075, 48.497046], [-89.047927, 48.497064], [-89.047772, 48.497104], [-89.04761, 48.497167], [-89.047489, 48.497227], [-89.047408, 48.497285], [-89.047367, 48.497341], [-89.047367, 48.497394], [-89.047314, 48.497428], [-89.047206, 48.497441], [-89.047044, 48.497435], [-89.046828, 48.497408], [-89.046656, 48.497414], [-89.046528, 48.497455], [-89.046444, 48.497528], [-89.046404, 48.497635], [-89.046306, 48.497725], [-89.046151, 48.497796], [-89.045939, 48.497849], [-89.045669, 48.497885], [-89.045447, 48.497939], [-89.045271, 48.49801], [-89.045143, 48.498099], [-89.045062, 48.498206], [-89.044928, 48.498287], [-89.044739, 48.49834], [-89.044496, 48.498367], [-89.0442, 48.498367], [-89.043977, 48.498376], [-89.043829, 48.498394], [-89.043755, 48.49842], [-89.043755, 48.498456], [-89.043657, 48.498503], [-89.043462, 48.498561], [-89.043168, 48.49863], [-89.042777, 48.49871], [-89.04242, 48.498764], [-89.042097, 48.498791], [-89.041807, 48.498791], [-89.041551, 48.498764], [-89.041359, 48.498751], [-89.041231, 48.498751], [-89.041167, 48.498764], [-89.041167, 48.498791], [-89.041146, 48.498811], [-89.041106, 48.498824], [-89.041045, 48.498831], [-89.040964, 48.498831], [-89.040904, 48.498838], [-89.040863, 48.498851], [-89.040843, 48.498871], [-89.040843, 48.498898], [-89.040789, 48.498918], [-89.040681, 48.498931], [-89.04052, 48.498938], [-89.040304, 48.498938], [-89.040139, 48.498947], [-89.040024, 48.498965], [-89.03996, 48.498991], [-89.039947, 48.499027], [-89.039734, 48.499067], [-89.039323, 48.499112], [-89.038713, 48.499161], [-89.037904, 48.499215], [-89.037234, 48.499268], [-89.036701, 48.499322], [-89.036307, 48.499375], [-89.036051, 48.499429], [-89.035859, 48.499478], [-89.035731, 48.499522], [-89.035667, 48.499562], [-89.035667, 48.499598], [-89.035421, 48.499638], [-89.034929, 48.499683], [-89.034191, 48.499732], [-89.033207, 48.499786], [-89.032469, 48.499846], [-89.031976, 48.499913], [-89.03173, 48.499986], [-89.03173, 48.500067], [-89.031683, 48.500113], [-89.031589, 48.500127], [-89.031447, 48.500107], [-89.031259, 48.500053], [-89.031158, 48.499993]], [[-89.040702, 48.498833], [-89.040688, 48.498838], [-89.040681, 48.498844], [-89.040681, 48.498853], [-89.040688, 48.498858], [-89.040702, 48.498858], [-89.040722, 48.498853], [-89.040749, 48.498844], [-89.040762, 48.498838], [-89.040762, 48.498833], [-89.040749, 48.498831], [-89.040722, 48.498831], [-89.040702, 48.498833]], [[-89.041015, 48.498762], [-89.041008, 48.498766], [-89.041005, 48.498773], [-89.041005, 48.498782], [-89.041008, 48.498786], [-89.041015, 48.498786], [-89.041025, 48.498782], [-89.041039, 48.498773], [-89.041045, 48.498766], [-89.041045, 48.498762], [-89.041039, 48.49876], [-89.041025, 48.49876], [-89.041015, 48.498762]]]}}, {"type": "Feature", "properties": {"lead": 0, "temp": "sp:brook_trout:s3"}, "geometry": {"type": "Polygon", "coordinates": [[[-89.026146, 48.500959], [-89.026301, 48.500861], [-89.026534, 48.500731], [-89.026844, 48.500571], [-89.027188, 48.500426], [-89.027565, 48.500296], [-89.027976, 48.500183], [-89.028421, 48.500084], [-89.028812, 48.500013], [-89.029149, 48.499968], [-89.029432, 48.499951], [-89.029661, 48.49996], [-89.029769, 48.499968], [-89.029756, 48.499977], [-89.029621, 48.499986], [-89.029365, 48.499995], [-89.029173, 48.500013], [-89.029045, 48.50004], [-89.028981, 48.500076], [-89.028981, 48.50012], [-89.028896, 48.500169], [-89.028728, 48.500223], [-89.028475, 48.500281], [-89.028138, 48.500343], [-89.027852, 48.500426], [-89.027616, 48.500528], [-89.02743, 48.500651], [-89.027295, 48.500794], [-89.02713, 48.500907], [-89.026935, 48.500992], [-89.026709, 48.501048], [-89.026453, 48.501075], [-89.026261, 48.501086], [-89.026133, 48.501081], [-89.026069, 48.501061], [-89.026069, 48.501026], [-89.026146, 48.500959]]]}}, {"type": "Feature", "properties": {"lead": 0, "temp": "sp:brook_trout:s3"}, "geometry": {"type": "Polygon", "coordinates": [[[-89.024276, 48.501681], [-89.024384, 48.501619], [-89.024539, 48.501557], [-89.024741, 48.501494], [-89.024872, 48.501465], [-89.024933, 48.50147], [-89.024923, 48.501507], [-89.024842, 48.501579], [-89.024758, 48.501632], [-89.02467, 48.501668], [-89.024579, 48.501686], [-89.024485, 48.501686], [-89.024404, 48.501699], [-89.024337, 48.501726], [-89.024283, 48.501766], [-89.024242, 48.50182], [-89.024215, 48.501844], [-89.024202, 48.50184], [-89.024202, 48.501806], [-89.024215, 48.501744], [-89.024276, 48.501681]]]}}, {"type": "Feature", "properties": {"lead": 0, "temp": "sp:brook_trout:s3"}, "geometry": {"type": "Polygon", "coordinates": [[[-89.022426, 48.502005], [-89.022338, 48.502], [-89.022294, 48.501994], [-89.022294, 48.501985], [-89.022338, 48.501971], [-89.022426, 48.501954], [-89.022557, 48.501931], [-89.022732, 48.501904], [-89.022864, 48.501893], [-89.022951, 48.501898], [-89.022995, 48.501918], [-89.022995, 48.501954], [-89.022951, 48.50198], [-89.022864, 48.501998], [-89.022732, 48.502007], [-89.022557, 48.502007], [-89.022426, 48.502005]]]}}, {"type": "Feature", "properties": {"lead": 0, "temp": "sp:brook_trout:s3"}, "geometry": {"type": "Polygon", "coordinates": [[[-89.016269, 48.503863], [-89.016707, 48.503711], [-89.017367, 48.503515], [-89.017819, 48.503385], [-89.018062, 48.503323], [-89.018095, 48.503327], [-89.01792, 48.503399], [-89.017789, 48.503466], [-89.017701, 48.503528], [-89.017657, 48.503586], [-89.017657, 48.50364], [-89.017603, 48.503689], [-89.017495, 48.503733], [-89.017334, 48.503774], [-89.017118, 48.503809], [-89.016946, 48.503849], [-89.016818, 48.503894], [-89.016734, 48.503943], [-89.016693, 48.503997], [-89.016606, 48.504032], [-89.016471, 48.50405], [-89.016289, 48.50405], [-89.01606, 48.504032], [-89.016053, 48.50397], [-89.016269, 48.503863]]]}}, {"type": "Feature", "properties": {"lead": 0, "temp": "sp:brook_trout:s3"}, "geometry": {"type": "Polygon", "coordinates": [[[-89.015972, 48.504191], [-89.016013, 48.504184], [-89.016066, 48.504184], [-89.016093, 48.504191], [-89.016093, 48.504204], [-89.016066, 48.504224], [-89.016013, 48.504251], [-89.015972, 48.504264], [-89.015945, 48.504264], [-89.015932, 48.504251], [-89.015932, 48.504224], [-89.015945, 48.504204], [-89.015972, 48.504191]]]}}, {"type": "Feature", "properties": {"lead": 0, "temp": "sp:brook_trout:s3"}, "geometry": {"type": "Polygon", "coordinates": [[[-89.015295, 48.504311], [-89.015315, 48.504298], [-89.015345, 48.504291], [-89.015386, 48.504291], [-89.015406, 48.504298], [-89.015406, 48.504311], [-89.015386, 48.504331], [-89.015345, 48.504358], [-89.015315, 48.504371], [-89.015295, 48.504371], [-89.015285, 48.504358], [-89.015285, 48.504331], [-89.015295, 48.504311]]]}}, {"type": "Feature", "properties": {"lead": 0, "temp": "sp:brook_trout:s3"}, "geometry": {"type": "Polygon", "coordinates": [[[-89.014432, 48.504561], [-89.014452, 48.504547], [-89.014483, 48.504541], [-89.014523, 48.504541], [-89.014543, 48.504547], [-89.014543, 48.504561], [-89.014523, 48.504581], [-89.014483, 48.504608], [-89.014452, 48.504621], [-89.014432, 48.504621], [-89.014422, 48.504608], [-89.014422, 48.504581], [-89.014432, 48.504561]]]}}, {"type": "Feature", "properties": {"lead": 0, "temp": "sp:brook_trout:s3"}, "geometry": {"type": "Polygon", "coordinates": [[[-89.013893, 48.504996], [-89.013913, 48.504978], [-89.013943, 48.504969], [-89.013984, 48.504969], [-89.014004, 48.504978], [-89.014004, 48.504996], [-89.013984, 48.505023], [-89.013943, 48.505058], [-89.013913, 48.505076], [-89.013893, 48.505076], [-89.013883, 48.505058], [-89.013883, 48.505023], [-89.013893, 48.504996]]]}}, {"type": "Feature", "properties": {"lead": 0, "temp": "sp:brook_trout:s3"}, "geometry": {"type": "Polygon", "coordinates": [[[-89.013091, 48.505333], [-89.013162, 48.505326], [-89.013256, 48.505326], [-89.013303, 48.505333], [-89.013303, 48.505346], [-89.013256, 48.505366], [-89.013162, 48.505393], [-89.013091, 48.505406], [-89.013044, 48.505406], [-89.01302, 48.505393], [-89.01302, 48.505366], [-89.013044, 48.505346], [-89.013091, 48.505333]]]}}, {"type": "Feature", "properties": {"lead": 0, "temp": "sp:brook_trout:s3"}, "geometry": {"type": "Polygon", "coordinates": [[[-89.012198, 48.505689], [-89.012238, 48.505683], [-89.012292, 48.505683], [-89.012319, 48.505689], [-89.012319, 48.505703], [-89.012292, 48.505723], [-89.012238, 48.50575], [-89.012198, 48.505763], [-89.012171, 48.505763], [-89.012157, 48.50575], [-89.012157, 48.505723], [-89.012171, 48.505703], [-89.012198, 48.505689]]]}}, {"type": "Feature", "properties": {"lead": 0, "temp": "sp:brook_trout:s3"}, "geometry": {"type": "Polygon", "coordinates": [[[-89.010981, 48.506131], [-89.011001, 48.506118], [-89.011032, 48.506111], [-89.011072, 48.506111], [-89.011092, 48.506118], [-89.011092, 48.506131], [-89.011072, 48.506151], [-89.011032, 48.506178], [-89.011001, 48.506191], [-89.010981, 48.506191], [-89.010971, 48.506178], [-89.010971, 48.506151], [-89.010981, 48.506131]]]}}, {"type": "Feature", "properties": {"lead": 0, "temp": "sp:brook_trout:s3"}, "geometry": {"type": "Polygon", "coordinates": [[[-89.009795, 48.506702], [-89.009815, 48.506689], [-89.009845, 48.506682], [-89.009886, 48.506682], [-89.009906, 48.506689], [-89.009906, 48.506702], [-89.009886, 48.506722], [-89.009845, 48.506749], [-89.009815, 48.506762], [-89.009795, 48.506762], [-89.009785, 48.506749], [-89.009785, 48.506722], [-89.009795, 48.506702]]]}}, {"type": "Feature", "properties": {"lead": 0, "temp": "sp:brook_trout:s3"}, "geometry": {"type": "Polygon", "coordinates": [[[-89.008932, 48.507273], [-89.008952, 48.507259], [-89.008983, 48.507253], [-89.009023, 48.507253], [-89.009043, 48.507259], [-89.009043, 48.507273], [-89.009023, 48.507293], [-89.008983, 48.50732], [-89.008952, 48.507333], [-89.008932, 48.507333], [-89.008922, 48.50732], [-89.008922, 48.507293], [-89.008932, 48.507273]]]}}, {"type": "Feature", "properties": {"lead": 0, "temp": "sp:brook_trout:s3"}, "geometry": {"type": "Polygon", "coordinates": [[[-89.008423, 48.507616], [-89.008464, 48.50761], [-89.008518, 48.50761], [-89.008545, 48.507616], [-89.008545, 48.50763], [-89.008518, 48.50765], [-89.008464, 48.507676], [-89.008423, 48.50769], [-89.008396, 48.50769], [-89.008383, 48.507676], [-89.008383, 48.50765], [-89.008396, 48.50763], [-89.008423, 48.507616]]]}}, {"type": "Feature", "properties": {"lead": 0, "temp": "sp:brook_trout:s3"}, "geometry": {"type": "Polygon", "coordinates": [[[-89.007136, 48.508288], [-89.007156, 48.508294], [-89.007156, 48.508308], [-89.007136, 48.508328], [-89.007095, 48.508354], [-89.007065, 48.508368], [-89.007045, 48.508368], [-89.007035, 48.508354], [-89.007035, 48.508344], [-89.006974, 48.508399], [-89.00661, 48.508622], [-89.006125, 48.50885], [-89.005518, 48.509081], [-89.005063, 48.509235], [-89.00476, 48.509311], [-89.004608, 48.509309], [-89.004608, 48.509229], [-89.004622, 48.50916], [-89.004649, 48.509102], [-89.004689, 48.509055], [-89.004743, 48.509019], [-89.004851, 48.50897], [-89.005013, 48.508908], [-89.005228, 48.508832], [-89.005498, 48.508742], [-89.005801, 48.508615], [-89.006138, 48.50845], [-89.006509, 48.508247], [-89.006913, 48.508007], [-89.007186, 48.507879], [-89.007328, 48.507866], [-89.007338, 48.507966], [-89.007217, 48.50818], [-89.007098, 48.508288], [-89.007136, 48.508288]], [[-89.006883, 48.508397], [-89.006876, 48.508401], [-89.006873, 48.508408], [-89.006873, 48.508417], [-89.006876, 48.508421], [-89.006883, 48.508421], [-89.006893, 48.508417], [-89.006907, 48.508408], [-89.006913, 48.508401], [-89.006913, 48.508397], [-89.006907, 48.508395], [-89.006893, 48.508395], [-89.006883, 48.508397]]]}}, {"type": "Feature", "properties": {"lead": 0, "temp": "sp:brook_trout:s3"}, "geometry": {"type": "Polygon", "coordinates": [[[-88.992052, 48.499304], [-88.992874, 48.499018], [-88.99342, 48.498862], [-88.993689, 48.498835], [-88.993925, 48.498831], [-88.994127, 48.498849], [-88.994296, 48.498889], [-88.994431, 48.498951], [-88.994502, 48.499014], [-88.994508, 48.499076], [-88.994451, 48.499139], [-88.99433, 48.499201], [-88.994208, 48.499235], [-88.994087, 48.499239], [-88.993966, 48.499215], [-88.993844, 48.499161], [-88.993699, 48.499128], [-88.993531, 48.499114], [-88.993339, 48.499121], [-88.993123, 48.499148], [-88.992951, 48.499181], [-88.992823, 48.499221], [-88.992739, 48.499268], [-88.992699, 48.499322], [-88.992624, 48.499368], [-88.992517, 48.499409], [-88.992375, 48.499442], [-88.9922, 48.499469], [-88.992058, 48.499511], [-88.99195, 48.499569], [-88.991876, 48.499643], [-88.991836, 48.499732], [-88.991728, 48.499808], [-88.991553, 48.49987], [-88.99131, 48.499919], [-88.991, 48.499955], [-88.990737, 48.500009], [-88.990522, 48.50008], [-88.990353, 48.500169], [-88.990232, 48.500276], [-88.989982, 48.500397], [-88.989605, 48.500531], [-88.989099, 48.500678], [-88.988466, 48.500838], [-88.988334, 48.500823], [-88.988705, 48.500631], [-88.989578, 48.500263], [-88.990953, 48.499719], [-88.992052, 48.499304]]]}}, {"type": "Feature", "properties": {"lead": 0, "temp": "sp:brook_trout:s3"}, "geometry": {"type": "Polygon", "coordinates": [[[-88.988082, 48.503323], [-88.988001, 48.503296], [-88.987967, 48.503261], [-88.987981, 48.503216], [-88.988045, 48.503156], [-88.988159, 48.50308], [-88.988324, 48.502988], [-88.98854, 48.502881], [-88.988722, 48.502772], [-88.98887, 48.502661], [-88.988985, 48.502547], [-88.989066, 48.502431], [-88.989147, 48.502344], [-88.989227, 48.502286], [-88.989308, 48.502257], [-88.989389, 48.502257], [-88.989484, 48.502228], [-88.989591, 48.50217], [-88.989713, 48.502083], [-88.989848, 48.501967], [-88.990056, 48.501831], [-88.99034, 48.501675], [-88.990697, 48.501499], [-88.991128, 48.501302], [-88.99158, 48.501119], [-88.992052, 48.50095], [-88.992544, 48.500794], [-88.993056, 48.500651], [-88.99346, 48.500517], [-88.993757, 48.500392], [-88.993945, 48.500276], [-88.994026, 48.500169], [-88.994121, 48.500089], [-88.994229, 48.500035], [-88.99435, 48.500009], [-88.994485, 48.500009], [-88.994603, 48.499986], [-88.994704, 48.499942], [-88.994788, 48.499875], [-88.994855, 48.499786], [-88.994899, 48.499763], [-88.994919, 48.499808], [-88.994916, 48.499919], [-88.994889, 48.500098], [-88.994835, 48.500256], [-88.994754, 48.500394], [-88.994646, 48.500513], [-88.994512, 48.500611], [-88.994282, 48.50072], [-88.993959, 48.500841], [-88.993541, 48.500972], [-88.993029, 48.501115], [-88.99252, 48.501278], [-88.992014, 48.501461], [-88.991512, 48.501664], [-88.991014, 48.501887], [-88.990538, 48.502125], [-88.990087, 48.50238], [-88.989659, 48.502649], [-88.989254, 48.502935], [-88.988907, 48.503147], [-88.988617, 48.503285], [-88.988385, 48.50335], [-88.98821, 48.503341], [-88.988082, 48.503323]]]}}, {"type": "Feature", "properties": {"lead": 0, "temp": "sp:brook_trout:s3"}, "geometry": {"type": "Polygon", "coordinates": [[[-89.004295, 48.509449], [-89.004315, 48.509436], [-89.004345, 48.509429], [-89.004386, 48.509429], [-89.004406, 48.509436], [-89.004406, 48.509449], [-89.004386, 48.509469], [-89.004345, 48.509496], [-89.004315, 48.50951], [-89.004295, 48.50951], [-89.004285, 48.509496], [-89.004285, 48.509469], [-89.004295, 48.509449]]]}}, {"type": "Feature", "properties": {"lead": 0, "temp": "sp:brook_trout:s3"}, "geometry": {"type": "Polygon", "coordinates": [[[-89.003971, 48.509556], [-89.003992, 48.509543], [-89.004022, 48.509536], [-89.004062, 48.509536], [-89.004083, 48.509543], [-89.004083, 48.509556], [-89.004062, 48.509577], [-89.004022, 48.509603], [-89.003992, 48.509617], [-89.003971, 48.509617], [-89.003961, 48.509603], [-89.003961, 48.509577], [-89.003971, 48.509556]]]}}, {"type": "Feature", "properties": {"lead": 0, "temp": "sp:brook_trout:s3"}, "geometry": {"type": "Polygon", "coordinates": [[[-89.003109, 48.509664], [-89.003129, 48.50965], [-89.003159, 48.509643], [-89.0032, 48.509643], [-89.00322, 48.50965], [-89.00322, 48.509664], [-89.0032, 48.509684], [-89.003159, 48.50971], [-89.003129, 48.509724], [-89.003109, 48.509724], [-89.003099, 48.50971], [-89.003099, 48.509684], [-89.003109, 48.509664]]]}}, {"type": "Feature", "properties": {"lead": 0, "temp": "sp:brook_trout:s3"}, "geometry": {"type": "Polygon", "coordinates": [[[-89.003432, 48.509664], [-89.003452, 48.50965], [-89.003483, 48.509643], [-89.003523, 48.509643], [-89.003543, 48.50965], [-89.003543, 48.509664], [-89.003523, 48.509684], [-89.003483, 48.50971], [-89.003452, 48.509724], [-89.003432, 48.509724], [-89.003422, 48.50971], [-89.003422, 48.509684], [-89.003432, 48.509664]]]}}, {"type": "Feature", "properties": {"lead": 0, "temp": "sp:brook_trout:s3"}, "geometry": {"type": "Polygon", "coordinates": [[[-89.002967, 48.509759], [-89.002997, 48.50975], [-89.003038, 48.50975], [-89.003058, 48.509759], [-89.003058, 48.509777], [-89.003038, 48.509804], [-89.002997, 48.50984], [-89.002967, 48.509858], [-89.002947, 48.509858], [-89.002937, 48.50984], [-89.002937, 48.509804], [-89.002947, 48.509777], [-89.002967, 48.509759]]]}}, {"type": "Feature", "properties": {"lead": 0, "temp": "sp:brook_trout:s3"}, "geometry": {"type": "Polygon", "coordinates": [[[-89.00259, 48.510007], [-89.00262, 48.51], [-89.00266, 48.51], [-89.002681, 48.510007], [-89.002681, 48.51002], [-89.00266, 48.51004], [-89.00262, 48.510067], [-89.00259, 48.510081], [-89.002569, 48.510081], [-89.002559, 48.510067], [-89.002559, 48.51004], [-89.002569, 48.51002], [-89.00259, 48.510007]]]}}, {"type": "Feature", "properties": {"lead": 0, "temp": "sp:brook_trout:s3"}, "geometry": {"type": "Polygon", "coordinates": [[[-89.001707, 48.510341], [-89.001727, 48.510328], [-89.001757, 48.510321], [-89.001798, 48.510321], [-89.001818, 48.510328], [-89.001818, 48.510341], [-89.001798, 48.510362], [-89.001757, 48.510388], [-89.001727, 48.510402], [-89.001707, 48.510402], [-89.001697, 48.510388], [-89.001697, 48.510362], [-89.001707, 48.510341]]]}}, {"type": "Feature", "properties": {"lead": 0, "temp": "sp:brook_trout:s3"}, "geometry": {"type": "Polygon", "coordinates": [[[-89.001545, 48.510591], [-89.001565, 48.510578], [-89.001595, 48.510571], [-89.001636, 48.510571], [-89.001656, 48.510578], [-89.001656, 48.510591], [-89.001636, 48.510611], [-89.001595, 48.510638], [-89.001565, 48.510651], [-89.001545, 48.510651], [-89.001535, 48.510638], [-89.001535, 48.510611], [-89.001545, 48.510591]]]}}, {"type": "Feature", "properties": {"lead": 0, "temp": "sp:brook_trout:s3"}, "geometry": {"type": "Polygon", "coordinates": [[[-89.00106, 48.510805], [-89.00108, 48.510792], [-89.00111, 48.510785], [-89.001151, 48.510785], [-89.001171, 48.510792], [-89.001171, 48.510805], [-89.001151, 48.510825], [-89.00111, 48.510852], [-89.00108, 48.510866], [-89.00106, 48.510866], [-89.00105, 48.510852], [-89.00105, 48.510825], [-89.00106, 48.510805]]]}}, {"type": "Feature", "properties": {"lead": 0, "temp": "sp:brook_trout:s3"}, "geometry": {"type": "Polygon", "coordinates": [[[-88.999678, 48.511363], [-88.999708, 48.511356], [-88.999749, 48.511356], [-88.999769, 48.511363], [-88.999769, 48.511376], [-88.999749, 48.511396], [-88.999708, 48.511423], [-88.999678, 48.511436], [-88.999658, 48.511436], [-88.999648, 48.511423], [-88.999648, 48.511396], [-88.999658, 48.511376], [-88.999678, 48.511363]]]}}, {"type": "Feature", "properties": {"lead": 0, "temp": "sp:brook_trout:s3"}, "geometry": {"type": "Polygon", "coordinates": [[[-88.998987, 48.511579], [-88.999028, 48.51157], [-88.999081, 48.51157], [-88.999108, 48.511579], [-88.999108, 48.511597], [-88.999081, 48.511624], [-88.999028, 48.511659], [-88.998987, 48.511677], [-88.99896, 48.511677], [-88.998947, 48.511659], [-88.998947, 48.511624], [-88.99896, 48.511597], [-88.998987, 48.511579]]]}}, {"type": "Feature", "properties": {"lead": 0, "temp": "sp:brook_trout:s3"}, "geometry": {"type": "Polygon", "coordinates": [[[-88.998633, 48.511733], [-88.998653, 48.51172], [-88.998684, 48.511713], [-88.998724, 48.511713], [-88.998744, 48.51172], [-88.998744, 48.511733], [-88.998724, 48.511753], [-88.998684, 48.51178], [-88.998653, 48.511793], [-88.998633, 48.511793], [-88.998623, 48.51178], [-88.998623, 48.511753], [-88.998633, 48.511733]]]}}, {"type": "Feature", "properties": {"lead": 0, "temp": "sp:brook_trout:s3"}, "geometry": {"type": "Polygon", "coordinates": [[[-88.998471, 48.51184], [-88.998492, 48.511827], [-88.998522, 48.51182], [-88.998562, 48.51182], [-88.998583, 48.511827], [-88.998583, 48.51184], [-88.998562, 48.51186], [-88.998522, 48.511887], [-88.998492, 48.5119], [-88.998471, 48.5119], [-88.998461, 48.511887], [-88.998461, 48.51186], [-88.998471, 48.51184]]]}}, {"type": "Feature", "properties": {"lead": 0, "temp": "sp:brook_trout:s3"}, "geometry": {"type": "Polygon", "coordinates": [[[-88.998097, 48.511947], [-88.998124, 48.511934], [-88.998165, 48.511927], [-88.998219, 48.511927], [-88.998246, 48.511934], [-88.998246, 48.511947], [-88.998219, 48.511967], [-88.998165, 48.511994], [-88.998124, 48.512007], [-88.998097, 48.512007], [-88.998084, 48.511994], [-88.998084, 48.511967], [-88.998097, 48.511947]]]}}, {"type": "Feature", "properties": {"lead": 0, "temp": "sp:brook_trout:s3"}, "geometry": {"type": "Polygon", "coordinates": [[[-88.997396, 48.512094], [-88.997518, 48.512079], [-88.99768, 48.512061], [-88.99776, 48.512054], [-88.99776, 48.512059], [-88.99768, 48.512074], [-88.997518, 48.512101], [-88.997396, 48.512119], [-88.997316, 48.512128], [-88.997275, 48.512128], [-88.997275, 48.512119], [-88.997316, 48.512108], [-88.997396, 48.512094]]]}}, {"type": "Feature", "properties": {"lead": 0, "temp": "sp:brook_trout:s3"}, "geometry": {"type": "Polygon", "coordinates": [[[-88.996453, 48.512277], [-88.996412, 48.51227], [-88.996412, 48.512261], [-88.996453, 48.512248], [-88.996534, 48.51223], [-88.996655, 48.512208], [-88.996817, 48.512181], [-88.996938, 48.51217], [-88.997019, 48.512175], [-88.997059, 48.512195], [-88.997059, 48.51223], [-88.997019, 48.512257], [-88.996938, 48.512275], [-88.996817, 48.512284], [-88.996655, 48.512284], [-88.996534, 48.512282], [-88.996453, 48.512277]]]}}, {"type": "Feature", "properties": {"lead": 0, "temp": "sp:salmon:s1"}, "geometry": {"type": "Polygon", "coordinates": [[[-89.056059, 48.491059], [-89.055971, 48.490898], [-89.055921, 48.49072], [-89.055907, 48.490524], [-89.055975, 48.490314], [-89.056123, 48.490091], [-89.056352, 48.489854], [-89.056662, 48.489604], [-89.056992, 48.48939], [-89.057343, 48.489212], [-89.057714, 48.489069], [-89.058104, 48.488962], [-89.058506, 48.488879], [-89.058917, 48.488821], [-89.059338, 48.488788], [-89.059769, 48.488779], [-89.06015, 48.488783], [-89.06048, 48.488801], [-89.06076, 48.488833], [-89.060989, 48.488877], [-89.061222, 48.488951], [-89.061458, 48.489053], [-89.061697, 48.489185], [-89.06194, 48.489346], [-89.062098, 48.489468], [-89.062172, 48.489553], [-89.062162, 48.4896], [-89.062068, 48.489609], [-89.061997, 48.489609], [-89.06195, 48.4896], [-89.061926, 48.489582], [-89.061926, 48.489555], [-89.061808, 48.489535], [-89.061572, 48.489522], [-89.061218, 48.489515], [-89.060747, 48.489515], [-89.060393, 48.489509], [-89.060157, 48.489495], [-89.060039, 48.489475], [-89.060039, 48.489448], [-89.059891, 48.489435], [-89.059594, 48.489435], [-89.059149, 48.489448], [-89.058556, 48.489475], [-89.058057, 48.489531], [-89.057653, 48.489616], [-89.057343, 48.489729], [-89.057127, 48.489872], [-89.056942, 48.489979], [-89.056787, 48.490051], [-89.056662, 48.490086], [-89.056568, 48.490086], [-89.056487, 48.490142], [-89.056419, 48.490254], [-89.056366, 48.490421], [-89.056325, 48.490644], [-89.056315, 48.490845], [-89.056335, 48.491023], [-89.056386, 48.49118], [-89.056467, 48.491313], [-89.056487, 48.491383], [-89.056446, 48.491387], [-89.056345, 48.491327], [-89.056184, 48.491202], [-89.056059, 48.491059]]]}}, {"type": "Feature", "properties": {"lead": 0, "temp": "sp:salmon:s1"}, "geometry": {"type": "Polygon", "coordinates": [[[-89.031238, 48.500013], [-89.031171, 48.499933], [-89.031218, 48.499852], [-89.03138, 48.499772], [-89.031764, 48.499696], [-89.032371, 48.499625], [-89.0332, 48.499558], [-89.034251, 48.499496], [-89.035148, 48.499413], [-89.035889, 48.49931], [-89.036475, 48.499188], [-89.036907, 48.499045], [-89.03749, 48.498925], [-89.038225, 48.498826], [-89.039111, 48.498751], [-89.040149, 48.498697], [-89.041109, 48.498621], [-89.041992, 48.498523], [-89.042798, 48.498403], [-89.043526, 48.49826], [-89.044142, 48.498126], [-89.044648, 48.498001], [-89.045042, 48.497885], [-89.045325, 48.497778], [-89.045561, 48.497702], [-89.04575, 48.497658], [-89.045891, 48.497644], [-89.045986, 48.497662], [-89.04608, 48.497646], [-89.046174, 48.497597], [-89.046269, 48.497515], [-89.046363, 48.497399], [-89.046646, 48.497243], [-89.047118, 48.497046], [-89.047779, 48.49681], [-89.048628, 48.496533], [-89.049433, 48.496277], [-89.050195, 48.49604], [-89.050913, 48.495824], [-89.051587, 48.495628], [-89.052204, 48.495465], [-89.052763, 48.495335], [-89.053265, 48.49524], [-89.05371, 48.495177], [-89.054044, 48.495137], [-89.054266, 48.495119], [-89.054377, 48.495124], [-89.054377, 48.49515], [-89.054333, 48.495177], [-89.054246, 48.495204], [-89.054114, 48.495231], [-89.053939, 48.495257], [-89.053808, 48.495286], [-89.05372, 48.495318], [-89.053676, 48.495351], [-89.053676, 48.495387], [-89.053636, 48.49542], [-89.053555, 48.495451], [-89.053434, 48.49548], [-89.053272, 48.495507], [-89.05315, 48.495534], [-89.05307, 48.495561], [-89.053029, 48.495588], [-89.053029, 48.495614], [-89.052965, 48.495641], [-89.052837, 48.495668], [-89.052645, 48.495695], [-89.052389, 48.495721], [-89.052183, 48.495764], [-89.052028, 48.495822], [-89.051924, 48.495895], [-89.05187, 48.495985], [-89.051799, 48.496052], [-89.051711, 48.496096], [-89.051607, 48.496118], [-89.051486, 48.496118], [-89.051395, 48.496139], [-89.051334, 48.496179], [-89.051304, 48.496239], [-89.051304, 48.496319], [-89.05124, 48.496386], [-89.051112, 48.49644], [-89.05092, 48.49648], [-89.050663, 48.496507], [-89.050448, 48.496549], [-89.050272, 48.496607], [-89.050138, 48.496681], [-89.050043, 48.49677], [-89.049898, 48.496843], [-89.049703, 48.496901], [-89.049457, 48.496944], [-89.04916, 48.496971], [-89.048938, 48.497006], [-89.04879, 48.497051], [-89.048716, 48.497104], [-89.048716, 48.497167], [-89.048672, 48.497198], [-89.048584, 48.497198], [-89.048453, 48.497167], [-89.048277, 48.497104], [-89.048106, 48.497093], [-89.047937, 48.497133], [-89.047772, 48.497225], [-89.04761, 48.497368], [-89.047371, 48.497504], [-89.047054, 48.497633], [-89.04666, 48.497756], [-89.046188, 48.497872], [-89.0458, 48.497988], [-89.045497, 48.498104], [-89.045278, 48.49822], [-89.045143, 48.498336], [-89.044988, 48.498423], [-89.044813, 48.498481], [-89.044618, 48.49851], [-89.044402, 48.49851], [-89.044132, 48.498536], [-89.043809, 48.49859], [-89.043431, 48.49867], [-89.043, 48.498777], [-89.042602, 48.498858], [-89.042238, 48.498911], [-89.041908, 48.498938], [-89.041611, 48.498938], [-89.041359, 48.498954], [-89.04115, 48.498985], [-89.040985, 48.499032], [-89.040863, 48.499094], [-89.040523, 48.499154], [-89.039963, 48.499212], [-89.039185, 48.499268], [-89.038187, 48.499322], [-89.037335, 48.499391], [-89.036627, 48.499476], [-89.036064, 48.499576], [-89.035646, 48.499692], [-89.035192, 48.499779], [-89.034699, 48.499837], [-89.03417, 48.499866], [-89.033604, 48.499866], [-89.03318, 48.499886], [-89.032897, 48.499926], [-89.032755, 48.499986], [-89.032755, 48.500067], [-89.032718, 48.500134], [-89.032644, 48.500187], [-89.032533, 48.500227], [-89.032384, 48.500254], [-89.032199, 48.500254], [-89.031976, 48.500227], [-89.031717, 48.500174], [-89.03142, 48.500093], [-89.031238, 48.500013]], [[-89.047324, 48.497084], [-89.047317, 48.497089], [-89.047314, 48.497095], [-89.047314, 48.497104], [-89.047317, 48.497109], [-89.047324, 48.497109], [-89.047334, 48.497104], [-89.047347, 48.497095], [-89.047354, 48.497089], [-89.047354, 48.497084], [-89.047347, 48.497082], [-89.047334, 48.497082], [-89.047324, 48.497084]], [[-89.047721, 48.496977], [-89.047701, 48.496982], [-89.047691, 48.496988], [-89.047691, 48.496997], [-89.047701, 48.497002], [-89.047721, 48.497002], [-89.047752, 48.496997], [-89.047792, 48.496988], [-89.047812, 48.496982], [-89.047812, 48.496977], [-89.047792, 48.496975], [-89.047752, 48.496975], [-89.047721, 48.496977]], [[-89.04822, 48.496837], [-89.048119, 48.496863], [-89.048068, 48.496881], [-89.048068, 48.49689], [-89.048119, 48.496884], [-89.04822, 48.496861], [-89.048372, 48.496823], [-89.048574, 48.49677], [-89.048675, 48.496741], [-89.048675, 48.496736], [-89.048574, 48.496756], [-89.048372, 48.496801], [-89.04822, 48.496837]], [[-89.048948, 48.496643], [-89.048901, 48.496656], [-89.048877, 48.496667], [-89.048877, 48.496676], [-89.048901, 48.496676], [-89.048948, 48.496667], [-89.049019, 48.496649], [-89.049113, 48.496623], [-89.04916, 48.496607], [-89.04916, 48.496603], [-89.049113, 48.496609], [-89.049019, 48.496627], [-89.048948, 48.496643]], [[-89.049447, 48.496513], [-89.049427, 48.496518], [-89.049416, 48.496524], [-89.049416, 48.496533], [-89.049427, 48.496538], [-89.049447, 48.496538], [-89.049477, 48.496533], [-89.049518, 48.496524], [-89.049538, 48.496518], [-89.049538, 48.496513], [-89.049518, 48.496511], [-89.049477, 48.496511], [-89.049447, 48.496513]], [[-89.049855, 48.496393], [-89.049814, 48.496406], [-89.049794, 48.496417], [-89.049794, 48.496426], [-89.049814, 48.496426], [-89.049855, 48.496417], [-89.049915, 48.4964], [-89.049996, 48.496373], [-89.050037, 48.496357], [-89.050037, 48.496353], [-89.049996, 48.496359], [-89.049915, 48.496377], [-89.049855, 48.496393]], [[-89.050579, 48.496232], [-89.050532, 48.496246], [-89.050515, 48.496266], [-89.050529, 48.496292], [-89.050562, 48.496306], [-89.050616, 48.496306], [-89.05069, 48.496292], [-89.050785, 48.496266], [-89.050829, 48.496246], [-89.050822, 48.496232], [-89.050765, 48.496226], [-89.050657, 48.496226], [-89.050579, 48.496232]], [[-89.050266, 48.496292], [-89.050239, 48.496301], [-89.050225, 48.49631], [-89.050225, 48.496319], [-89.050239, 48.496321], [-89.050266, 48.496317], [-89.050306, 48.496306], [-89.05036, 48.496288], [-89.050387, 48.496277], [-89.050387, 48.496272], [-89.05036, 48.496275], [-89.050306, 48.496284], [-89.050266, 48.496292]], [[-89.05154, 48.495942], [-89.051526, 48.495947], [-89.051519, 48.495953], [-89.051519, 48.495962], [-89.051526, 48.495967], [-89.05154, 48.495967], [-89.05156, 48.495962], [-89.051587, 48.495953], [-89.0516, 48.495947], [-89.0516, 48.495942], [-89.051587, 48.49594], [-89.05156, 48.49594], [-89.05154, 48.495942]], [[-89.05251, 48.495657], [-89.052497, 48.495661], [-89.05249, 48.495668], [-89.05249, 48.495677], [-89.052497, 48.495681], [-89.05251, 48.495681], [-89.05253, 48.495677], [-89.052557, 48.495668], [-89.052571, 48.495661], [-89.052571, 48.495657], [-89.052557, 48.495654], [-89.05253, 48.495654], [-89.05251, 48.495657]]]}}, {"type": "Feature", "properties": {"lead": 0, "temp": "sp:salmon:s1"}, "geometry": {"type": "Polygon", "coordinates": [[[-89.02709, 48.50047], [-89.027488, 48.500323], [-89.027875, 48.500209], [-89.028253, 48.500129], [-89.028654, 48.500069], [-89.029078, 48.500029], [-89.029526, 48.500009], [-89.029998, 48.500009], [-89.030352, 48.50002], [-89.030588, 48.500042], [-89.030706, 48.500076], [-89.030706, 48.50012], [-89.030672, 48.500154], [-89.030605, 48.500176], [-89.030504, 48.500187], [-89.030369, 48.500187], [-89.030268, 48.500196], [-89.0302, 48.500214], [-89.030167, 48.500241], [-89.030167, 48.500276], [-89.030093, 48.500294], [-89.029944, 48.500294], [-89.029722, 48.500276], [-89.029425, 48.500241], [-89.029183, 48.500236], [-89.028994, 48.500263], [-89.028859, 48.500321], [-89.028778, 48.50041], [-89.028664, 48.50047], [-89.028515, 48.500502], [-89.028333, 48.500504], [-89.028118, 48.500477], [-89.027912, 48.500499], [-89.027717, 48.500571], [-89.027531, 48.500691], [-89.027356, 48.500861], [-89.027134, 48.500992], [-89.026864, 48.501086], [-89.026547, 48.501142], [-89.026183, 48.50116], [-89.026015, 48.501119], [-89.026042, 48.501021], [-89.026264, 48.500865], [-89.026682, 48.500651], [-89.02709, 48.50047]]]}}, {"type": "Feature", "properties": {"lead": 0, "temp": "sp:salmon:s1"}, "geometry": {"type": "Polygon", "coordinates": [[[-89.022294, 48.502141], [-89.022186, 48.502123], [-89.022133, 48.502096], [-89.022133, 48.502061], [-89.022193, 48.502023], [-89.022315, 48.501983], [-89.022497, 48.50194], [-89.022739, 48.501896], [-89.022978, 48.501862], [-89.023214, 48.50184], [-89.023447, 48.501829], [-89.023676, 48.501829], [-89.023922, 48.5018], [-89.024185, 48.501742], [-89.024465, 48.501655], [-89.024761, 48.501539], [-89.024974, 48.501472], [-89.025102, 48.501454], [-89.025145, 48.501485], [-89.025105, 48.501565], [-89.025031, 48.501646], [-89.024923, 48.501726], [-89.024781, 48.501806], [-89.024606, 48.501887], [-89.024401, 48.50194], [-89.024165, 48.501967], [-89.023898, 48.501967], [-89.023602, 48.50194], [-89.023369, 48.501936], [-89.023201, 48.501954], [-89.023096, 48.501994], [-89.023056, 48.502056], [-89.022972, 48.502103], [-89.022844, 48.502134], [-89.022672, 48.50215], [-89.022456, 48.50215], [-89.022294, 48.502141]]]}}, {"type": "Feature", "properties": {"lead": 0, "temp": "sp:salmon:s1"}, "geometry": {"type": "Polygon", "coordinates": [[[-89.021293, 48.502364], [-89.021421, 48.502293], [-89.021566, 48.502257], [-89.021728, 48.502257], [-89.021839, 48.50227], [-89.0219, 48.502297], [-89.02191, 48.502337], [-89.02187, 48.502391], [-89.021785, 48.502453], [-89.021657, 48.502525], [-89.021486, 48.502605], [-89.02127, 48.502694], [-89.021132, 48.502725], [-89.021071, 48.502699], [-89.021088, 48.502614], [-89.021182, 48.502471], [-89.021293, 48.502364]]]}}, {"type": "Feature", "properties": {"lead": 0, "temp": "sp:salmon:s1"}, "geometry": {"type": "Polygon", "coordinates": [[[-89.020865, 48.503096], [-89.020892, 48.503078], [-89.02094, 48.503082], [-89.021007, 48.503109], [-89.021044, 48.503138], [-89.021051, 48.503169], [-89.021027, 48.503203], [-89.020973, 48.503238], [-89.020929, 48.503249], [-89.020896, 48.503236], [-89.020872, 48.503198], [-89.020859, 48.503136], [-89.020865, 48.503096]]]}}, {"type": "Feature", "properties": {"lead": 0, "temp": "sp:salmon:s1"}, "geometry": {"type": "Polygon", "coordinates": [[[-89.019005, 48.503499], [-89.018789, 48.503486], [-89.018682, 48.503466], [-89.018682, 48.503439], [-89.018715, 48.503412], [-89.018783, 48.503385], [-89.018884, 48.503359], [-89.019019, 48.503332], [-89.019194, 48.503325], [-89.01941, 48.503339], [-89.019666, 48.503372], [-89.019962, 48.503426], [-89.020077, 48.503466], [-89.020009, 48.503493], [-89.01976, 48.503506], [-89.019329, 48.503506], [-89.019005, 48.503499]]]}}, {"type": "Feature", "properties": {"lead": 0, "temp": "sp:salmon:s1"}, "geometry": {"type": "Polygon", "coordinates": [[[-89.016002, 48.503992], [-89.016198, 48.503876], [-89.016585, 48.503724], [-89.017165, 48.503537], [-89.017664, 48.503397], [-89.018082, 48.503303], [-89.018419, 48.503256], [-89.018675, 48.503256], [-89.018833, 48.503258], [-89.018894, 48.503263], [-89.018857, 48.503269], [-89.018722, 48.503278], [-89.018611, 48.503305], [-89.018523, 48.50335], [-89.018459, 48.503412], [-89.018419, 48.503493], [-89.018355, 48.503553], [-89.018267, 48.503593], [-89.018156, 48.503613], [-89.018021, 48.503613], [-89.01791, 48.503629], [-89.017822, 48.50366], [-89.017758, 48.503707], [-89.017718, 48.503769], [-89.017613, 48.503836], [-89.017445, 48.503907], [-89.017212, 48.503983], [-89.016916, 48.504063], [-89.016646, 48.504113], [-89.016403, 48.50413], [-89.016188, 48.504117], [-89.015999, 48.504072], [-89.016002, 48.503992]]]}}, {"type": "Feature", "properties": {"lead": 0, "temp": "sp:salmon:s1"}, "geometry": {"type": "Polygon", "coordinates": [[[-89.015955, 48.504204], [-89.016002, 48.504191], [-89.016073, 48.504184], [-89.016168, 48.504184], [-89.016215, 48.504191], [-89.016215, 48.504204], [-89.016168, 48.504224], [-89.016073, 48.504251], [-89.016002, 48.504264], [-89.015955, 48.504264], [-89.015932, 48.504251], [-89.015932, 48.504224], [-89.015955, 48.504204]]]}}, {"type": "Feature", "properties": {"lead": 0, "temp": "sp:salmon:s1"}, "geometry": {"type": "Polygon", "coordinates": [[[-89.01578, 48.504311], [-89.0158, 48.504298], [-89.015831, 48.504291], [-89.015871, 48.504291], [-89.015891, 48.504298], [-89.015891, 48.504311], [-89.015871, 48.504331], [-89.015831, 48.504358], [-89.0158, 48.504371], [-89.01578, 48.504371], [-89.01577, 48.504358], [-89.01577, 48.504331], [-89.01578, 48.504311]]]}}, {"type": "Feature", "properties": {"lead": 0, "temp": "sp:salmon:s1"}, "geometry": {"type": "Polygon", "coordinates": [[[-89.015069, 48.504532], [-89.014961, 48.504514], [-89.014907, 48.504487], [-89.014907, 48.504452], [-89.014941, 48.504418], [-89.015008, 48.504387], [-89.015109, 48.504358], [-89.015244, 48.504331], [-89.015366, 48.504327], [-89.015473, 48.504345], [-89.015568, 48.504385], [-89.015649, 48.504447], [-89.015655, 48.504494], [-89.015588, 48.504525], [-89.015446, 48.504541], [-89.015231, 48.504541], [-89.015069, 48.504532]]]}}, {"type": "Feature", "properties": {"lead": 0, "temp": "sp:salmon:s1"}, "geometry": {"type": "Polygon", "coordinates": [[[-89.012777, 48.505553], [-89.012777, 48.505509], [-89.012818, 48.50546], [-89.012899, 48.505406], [-89.012993, 48.505366], [-89.013101, 48.505339], [-89.013222, 48.505326], [-89.013357, 48.505326], [-89.013478, 48.505304], [-89.013586, 48.505259], [-89.01368, 48.505192], [-89.013761, 48.505103], [-89.013846, 48.505036], [-89.013933, 48.504991], [-89.014024, 48.504969], [-89.014119, 48.504969], [-89.014199, 48.504942], [-89.014267, 48.504889], [-89.014321, 48.504808], [-89.014361, 48.504701], [-89.014422, 48.504621], [-89.014503, 48.504568], [-89.014604, 48.504541], [-89.014725, 48.504541], [-89.014786, 48.504576], [-89.014786, 48.504648], [-89.014725, 48.504755], [-89.014604, 48.504898], [-89.014489, 48.505005], [-89.014381, 48.505076], [-89.01428, 48.505112], [-89.014186, 48.505112], [-89.014051, 48.505147], [-89.013876, 48.505219], [-89.01366, 48.505326], [-89.013404, 48.505469], [-89.013192, 48.505567], [-89.013023, 48.50562], [-89.012899, 48.505629], [-89.012818, 48.505593], [-89.012777, 48.505553]]]}}, {"type": "Feature", "properties": {"lead": 0, "temp": "sp:salmon:s1"}, "geometry": {"type": "Polygon", "coordinates": [[[-89.012191, 48.505703], [-89.012258, 48.505689], [-89.012359, 48.505683], [-89.012494, 48.505683], [-89.012562, 48.505689], [-89.012562, 48.505703], [-89.012494, 48.505723], [-89.012359, 48.50575], [-89.012258, 48.505763], [-89.012191, 48.505763], [-89.012157, 48.50575], [-89.012157, 48.505723], [-89.012191, 48.505703]]]}}, {"type": "Feature", "properties": {"lead": 0, "temp": "sp:salmon:s1"}, "geometry": {"type": "Polygon", "coordinates": [[[-89.012006, 48.50581], [-89.012026, 48.505796], [-89.012056, 48.50579], [-89.012097, 48.50579], [-89.012117, 48.505796], [-89.012117, 48.50581], [-89.012097, 48.50583], [-89.012056, 48.505857], [-89.012026, 48.50587], [-89.012006, 48.50587], [-89.011995, 48.505857], [-89.011995, 48.50583], [-89.012006, 48.50581]]]}}, {"type": "Feature", "properties": {"lead": 0, "temp": "sp:salmon:s1"}, "geometry": {"type": "Polygon", "coordinates": [[[-89.011682, 48.505917], [-89.011702, 48.505903], [-89.011733, 48.505897], [-89.011773, 48.505897], [-89.011793, 48.505903], [-89.011793, 48.505917], [-89.011773, 48.505937], [-89.011733, 48.505964], [-89.011702, 48.505977], [-89.011682, 48.505977], [-89.011672, 48.505964], [-89.011672, 48.505937], [-89.011682, 48.505917]]]}}, {"type": "Feature", "properties": {"lead": 0, "temp": "sp:salmon:s1"}, "geometry": {"type": "Polygon", "coordinates": [[[-89.011365, 48.506011], [-89.011436, 48.506004], [-89.01153, 48.506004], [-89.011578, 48.506011], [-89.011578, 48.506024], [-89.01153, 48.506044], [-89.011436, 48.506071], [-89.011365, 48.506084], [-89.011318, 48.506084], [-89.011294, 48.506071], [-89.011294, 48.506044], [-89.011318, 48.506024], [-89.011365, 48.506011]]]}}, {"type": "Feature", "properties": {"lead": 0, "temp": "sp:salmon:s1"}, "geometry": {"type": "Polygon", "coordinates": [[[-89.010486, 48.506407], [-89.010654, 48.506334], [-89.01091, 48.506245], [-89.011092, 48.506193], [-89.0112, 48.50618], [-89.011234, 48.506205], [-89.011193, 48.506267], [-89.011133, 48.506327], [-89.011052, 48.506385], [-89.010951, 48.506441], [-89.010829, 48.506494], [-89.010715, 48.506528], [-89.010607, 48.506541], [-89.010506, 48.506535], [-89.010412, 48.506508], [-89.010405, 48.506465], [-89.010486, 48.506407]]]}}, {"type": "Feature", "properties": {"lead": 0, "temp": "sp:salmon:s1"}, "geometry": {"type": "Polygon", "coordinates": [[[-88.98735, 48.501255], [-88.987371, 48.501197], [-88.987421, 48.501142], [-88.987502, 48.501088], [-88.98764, 48.501026], [-88.987836, 48.500954], [-88.988088, 48.500874], [-88.988398, 48.500785], [-88.988796, 48.500638], [-88.989281, 48.500432], [-88.989854, 48.500169], [-88.990515, 48.499848], [-88.991135, 48.499571], [-88.991715, 48.499339], [-88.992254, 48.499152], [-88.992752, 48.499009], [-88.993174, 48.498904], [-88.993517, 48.498838], [-88.993784, 48.498809], [-88.993972, 48.498818], [-88.994144, 48.498844], [-88.994299, 48.498889], [-88.994438, 48.498951], [-88.994559, 48.499032], [-88.994657, 48.499107], [-88.994731, 48.499179], [-88.994781, 48.499246], [-88.994808, 48.499308], [-88.994818, 48.499355], [-88.994812, 48.499386], [-88.994788, 48.499402], [-88.994748, 48.499402], [-88.994717, 48.499389], [-88.994697, 48.499362], [-88.994687, 48.499322], [-88.994687, 48.499268], [-88.994677, 48.499228], [-88.994657, 48.499201], [-88.994626, 48.499188], [-88.994586, 48.499188], [-88.994532, 48.499208], [-88.994464, 48.499248], [-88.994384, 48.499308], [-88.994289, 48.499389], [-88.994165, 48.499429], [-88.99401, 48.499429], [-88.993824, 48.499389], [-88.993608, 48.499308], [-88.993362, 48.499284], [-88.993086, 48.499315], [-88.992779, 48.499402], [-88.992442, 48.499545], [-88.992186, 48.49967], [-88.992011, 48.499777], [-88.991917, 48.499866], [-88.991903, 48.499937], [-88.991822, 48.499989], [-88.991674, 48.50002], [-88.991458, 48.500031], [-88.991175, 48.500022], [-88.990963, 48.500035], [-88.990821, 48.500071], [-88.990751, 48.500129], [-88.990751, 48.500209], [-88.990687, 48.500283], [-88.990559, 48.50035], [-88.990366, 48.50041], [-88.99011, 48.500464], [-88.989885, 48.500526], [-88.989689, 48.500597], [-88.989524, 48.500678], [-88.989389, 48.500767], [-88.989204, 48.500847], [-88.988968, 48.500919], [-88.988681, 48.500981], [-88.988344, 48.501035], [-88.988068, 48.501097], [-88.987852, 48.501168], [-88.987697, 48.501249], [-88.987603, 48.501338], [-88.987522, 48.501389], [-88.987455, 48.501403], [-88.987401, 48.501378], [-88.98736, 48.501316], [-88.98735, 48.501255]]]}}, {"type": "Feature", "properties": {"lead": 0, "temp": "sp:salmon:s1"}, "geometry": {"type": "Polygon", "coordinates": [[[-88.988082, 48.503323], [-88.988001, 48.503296], [-88.987967, 48.503261], [-88.987981, 48.503216], [-88.988085, 48.503111], [-88.98828, 48.502946], [-88.988567, 48.502721], [-88.988944, 48.502435], [-88.989251, 48.502221], [-88.989487, 48.502078], [-88.989652, 48.502007], [-88.989746, 48.502007], [-88.989912, 48.501951], [-88.990147, 48.50184], [-88.990454, 48.501673], [-88.990832, 48.501449], [-88.991158, 48.501276], [-88.991435, 48.501151], [-88.991661, 48.501075], [-88.991836, 48.501048], [-88.991977, 48.501012], [-88.992085, 48.500968], [-88.992159, 48.500914], [-88.9922, 48.500852], [-88.992294, 48.500791], [-88.992442, 48.500734], [-88.992645, 48.500678], [-88.992901, 48.500624], [-88.993089, 48.500571], [-88.993211, 48.500517], [-88.993265, 48.500464], [-88.993251, 48.50041], [-88.993288, 48.50037], [-88.993376, 48.500343], [-88.993514, 48.50033], [-88.993703, 48.50033], [-88.993902, 48.500278], [-88.994111, 48.500176], [-88.99433, 48.500022], [-88.994559, 48.499817], [-88.994734, 48.499703], [-88.994855, 48.499681], [-88.994923, 48.49975], [-88.994936, 48.49991], [-88.994906, 48.500069], [-88.994832, 48.500225], [-88.994714, 48.500379], [-88.994552, 48.500531], [-88.994303, 48.50068], [-88.993966, 48.500827], [-88.993541, 48.500972], [-88.993029, 48.501115], [-88.99252, 48.501278], [-88.992014, 48.501461], [-88.991512, 48.501664], [-88.991014, 48.501887], [-88.990538, 48.502125], [-88.990087, 48.50238], [-88.989659, 48.502649], [-88.989254, 48.502935], [-88.988907, 48.503147], [-88.988617, 48.503285], [-88.988385, 48.50335], [-88.98821, 48.503341], [-88.988082, 48.503323]]]}}, {"type": "Feature", "properties": {"lead": 0, "temp": "sp:salmon:s1"}, "geometry": {"type": "Polygon", "coordinates": [[[-89.010118, 48.506595], [-89.010139, 48.506581], [-89.010169, 48.506575], [-89.010209, 48.506575], [-89.01023, 48.506581], [-89.01023, 48.506595], [-89.010209, 48.506615], [-89.010169, 48.506642], [-89.010139, 48.506655], [-89.010118, 48.506655], [-89.010108, 48.506642], [-89.010108, 48.506615], [-89.010118, 48.506595]]]}}, {"type": "Feature", "properties": {"lead": 0, "temp": "sp:salmon:s1"}, "geometry": {"type": "Polygon", "coordinates": [[[-89.009997, 48.506717], [-89.010017, 48.506735], [-89.009987, 48.506775], [-89.009906, 48.506838], [-89.009835, 48.506876], [-89.009775, 48.506889], [-89.009724, 48.506878], [-89.009684, 48.506842], [-89.009684, 48.506809], [-89.009724, 48.506778], [-89.009805, 48.506749], [-89.009926, 48.506722], [-89.009997, 48.506717]]]}}, {"type": "Feature", "properties": {"lead": 0, "temp": "sp:salmon:s1"}, "geometry": {"type": "Polygon", "coordinates": [[[-89.009421, 48.507059], [-89.009448, 48.507045], [-89.009488, 48.507039], [-89.009542, 48.507039], [-89.009569, 48.507045], [-89.009569, 48.507059], [-89.009542, 48.507079], [-89.009488, 48.507106], [-89.009448, 48.507119], [-89.009421, 48.507119], [-89.009407, 48.507106], [-89.009407, 48.507079], [-89.009421, 48.507059]]]}}, {"type": "Feature", "properties": {"lead": 0, "temp": "sp:salmon:s1"}, "geometry": {"type": "Polygon", "coordinates": [[[-89.009256, 48.507166], [-89.009276, 48.507152], [-89.009306, 48.507146], [-89.009347, 48.507146], [-89.009367, 48.507152], [-89.009367, 48.507166], [-89.009347, 48.507186], [-89.009306, 48.507213], [-89.009276, 48.507226], [-89.009256, 48.507226], [-89.009246, 48.507213], [-89.009246, 48.507186], [-89.009256, 48.507166]]]}}, {"type": "Feature", "properties": {"lead": 0, "temp": "sp:salmon:s1"}, "geometry": {"type": "Polygon", "coordinates": [[[-89.008932, 48.507273], [-89.008952, 48.507259], [-89.008983, 48.507253], [-89.009023, 48.507253], [-89.009043, 48.507259], [-89.009043, 48.507273], [-89.009023, 48.507293], [-89.008983, 48.50732], [-89.008952, 48.507333], [-89.008932, 48.507333], [-89.008922, 48.50732], [-89.008922, 48.507293], [-89.008932, 48.507273]]]}}, {"type": "Feature", "properties": {"lead": 0, "temp": "sp:salmon:s1"}, "geometry": {"type": "Polygon", "coordinates": [[[-89.00877, 48.507387], [-89.008791, 48.507369], [-89.008821, 48.50736], [-89.008861, 48.50736], [-89.008882, 48.507369], [-89.008882, 48.507387], [-89.008861, 48.507413], [-89.008821, 48.507449], [-89.008791, 48.507467], [-89.00877, 48.507467], [-89.00876, 48.507449], [-89.00876, 48.507413], [-89.00877, 48.507387]]]}}, {"type": "Feature", "properties": {"lead": 0, "temp": "sp:salmon:s1"}, "geometry": {"type": "Polygon", "coordinates": [[[-89.008609, 48.507523], [-89.008629, 48.507509], [-89.008659, 48.507503], [-89.0087, 48.507503], [-89.00872, 48.507509], [-89.00872, 48.507523], [-89.0087, 48.507543], [-89.008659, 48.507569], [-89.008629, 48.507583], [-89.008609, 48.507583], [-89.008598, 48.507569], [-89.008598, 48.507543], [-89.008609, 48.507523]]]}}, {"type": "Feature", "properties": {"lead": 0, "temp": "sp:salmon:s1"}, "geometry": {"type": "Polygon", "coordinates": [[[-89.008396, 48.50763], [-89.008423, 48.507616], [-89.008464, 48.50761], [-89.008518, 48.50761], [-89.008545, 48.507616], [-89.008545, 48.50763], [-89.008518, 48.50765], [-89.008464, 48.507676], [-89.008423, 48.50769], [-89.008396, 48.50769], [-89.008383, 48.507676], [-89.008383, 48.50765], [-89.008396, 48.50763]]]}}, {"type": "Feature", "properties": {"lead": 0, "temp": "sp:salmon:s1"}, "geometry": {"type": "Polygon", "coordinates": [[[-89.008231, 48.507737], [-89.008251, 48.507723], [-89.008282, 48.507717], [-89.008322, 48.507717], [-89.008342, 48.507723], [-89.008342, 48.507737], [-89.008322, 48.507757], [-89.008282, 48.507784], [-89.008251, 48.507797], [-89.008231, 48.507797], [-89.008221, 48.507784], [-89.008221, 48.507757], [-89.008231, 48.507737]]]}}, {"type": "Feature", "properties": {"lead": 0, "temp": "sp:salmon:s1"}, "geometry": {"type": "Polygon", "coordinates": [[[-89.008069, 48.507844], [-89.00809, 48.50783], [-89.00812, 48.507824], [-89.00816, 48.507824], [-89.008181, 48.50783], [-89.008181, 48.507844], [-89.00816, 48.507864], [-89.00812, 48.507891], [-89.00809, 48.507904], [-89.008069, 48.507904], [-89.008059, 48.507891], [-89.008059, 48.507864], [-89.008069, 48.507844]]]}}, {"type": "Feature", "properties": {"lead": 0, "temp": "sp:salmon:s1"}, "geometry": {"type": "Polygon", "coordinates": [[[-89.007756, 48.507957], [-89.007796, 48.50794], [-89.007857, 48.507931], [-89.007938, 48.507931], [-89.007978, 48.50794], [-89.007978, 48.507957], [-89.007938, 48.507984], [-89.007857, 48.50802], [-89.007796, 48.508038], [-89.007756, 48.508038], [-89.007736, 48.50802], [-89.007736, 48.507984], [-89.007756, 48.507957]]]}}, {"type": "Feature", "properties": {"lead": 0, "temp": "sp:salmon:s1"}, "geometry": {"type": "Polygon", "coordinates": [[[-89.007534, 48.508094], [-89.00756, 48.50808], [-89.007601, 48.508073], [-89.007655, 48.508073], [-89.007682, 48.50808], [-89.007682, 48.508094], [-89.007655, 48.508114], [-89.007601, 48.50814], [-89.00756, 48.508154], [-89.007534, 48.508154], [-89.00752, 48.50814], [-89.00752, 48.508114], [-89.007534, 48.508094]]]}}, {"type": "Feature", "properties": {"lead": 0, "temp": "sp:salmon:s1"}, "geometry": {"type": "Polygon", "coordinates": [[[-89.007368, 48.508201], [-89.007389, 48.508187], [-89.007419, 48.50818], [-89.007459, 48.50818], [-89.00748, 48.508187], [-89.00748, 48.508201], [-89.007459, 48.508221], [-89.007419, 48.508247], [-89.007389, 48.508261], [-89.007368, 48.508261], [-89.007358, 48.508247], [-89.007358, 48.508221], [-89.007368, 48.508201]]]}}, {"type": "Feature", "properties": {"lead": 0, "temp": "sp:salmon:s1"}, "geometry": {"type": "Polygon", "coordinates": [[[-89.000268, 48.511055], [-89.000497, 48.510986], [-89.000847, 48.510906], [-89.00113, 48.510816], [-89.001346, 48.510718], [-89.001494, 48.510611], [-89.001575, 48.510495], [-89.00169, 48.510395], [-89.001838, 48.51031], [-89.00202, 48.510241], [-89.002236, 48.510188], [-89.002431, 48.510118], [-89.002607, 48.510034], [-89.002762, 48.509933], [-89.002896, 48.509817], [-89.003018, 48.509737], [-89.003125, 48.509693], [-89.00322, 48.509684], [-89.003301, 48.50971], [-89.003436, 48.50971], [-89.003624, 48.509684], [-89.003867, 48.50963], [-89.004163, 48.50955], [-89.004399, 48.509461], [-89.004575, 48.509362], [-89.004689, 48.509255], [-89.004743, 48.509139], [-89.004851, 48.50903], [-89.005013, 48.508928], [-89.005228, 48.508832], [-89.005498, 48.508742], [-89.005801, 48.508615], [-89.006138, 48.50845], [-89.006509, 48.508247], [-89.006913, 48.508007], [-89.007186, 48.507862], [-89.007328, 48.507813], [-89.007338, 48.507859], [-89.007217, 48.508002], [-89.007146, 48.50812], [-89.007126, 48.508214], [-89.007156, 48.508283], [-89.007237, 48.508328], [-89.007223, 48.508404], [-89.007116, 48.508511], [-89.006913, 48.508649], [-89.006617, 48.508818], [-89.006361, 48.508961], [-89.006145, 48.509077], [-89.00597, 48.509166], [-89.005835, 48.509229], [-89.005693, 48.509275], [-89.005545, 48.509307], [-89.00539, 48.509322], [-89.005228, 48.509322], [-89.005043, 48.509358], [-89.004834, 48.509429], [-89.004602, 48.509536], [-89.004345, 48.509679], [-89.004099, 48.509786], [-89.003864, 48.509858], [-89.003638, 48.509893], [-89.003422, 48.509893], [-89.003227, 48.50992], [-89.003051, 48.509973], [-89.002896, 48.510054], [-89.002762, 48.510161], [-89.002617, 48.510248], [-89.002462, 48.510315], [-89.002296, 48.510362], [-89.002121, 48.510388], [-89.00197, 48.510444], [-89.001842, 48.510529], [-89.001737, 48.510643], [-89.001656, 48.510785], [-89.001531, 48.510908], [-89.001363, 48.51101], [-89.001151, 48.511093], [-89.000895, 48.511155], [-89.000669, 48.511193], [-89.000473, 48.511207], [-89.000308, 48.511196], [-89.000173, 48.51116], [-89.00016, 48.511113], [-89.000268, 48.511055]], [[-89.006974, 48.508308], [-89.006961, 48.508328], [-89.006947, 48.508354], [-89.006944, 48.508368], [-89.006951, 48.508368], [-89.006967, 48.508354], [-89.006994, 48.508328], [-89.007011, 48.508308], [-89.007018, 48.508294], [-89.007015, 48.508288], [-89.007001, 48.508288], [-89.006988, 48.508294], [-89.006974, 48.508308]]]}}, {"type": "Feature", "properties": {"lead": 0, "temp": "sp:salmon:s1"}, "geometry": {"type": "Polygon", "coordinates": [[[-88.996396, 48.512565], [-88.996271, 48.512525], [-88.996176, 48.512471], [-88.996234, 48.512409], [-88.996443, 48.512337], [-88.996803, 48.512257], [-88.997316, 48.512168], [-88.997754, 48.512072], [-88.998118, 48.511969], [-88.998407, 48.51186], [-88.998623, 48.511744], [-88.998849, 48.511644], [-88.999085, 48.511559], [-88.999331, 48.51149], [-88.999587, 48.511436], [-88.999769, 48.511419], [-88.999877, 48.511436], [-88.99991, 48.51149], [-88.99987, 48.511579], [-88.999786, 48.511653], [-88.999658, 48.511711], [-88.999486, 48.511753], [-88.99927, 48.51178], [-88.999078, 48.511836], [-88.99891, 48.51192], [-88.998765, 48.512034], [-88.998643, 48.512177], [-88.998498, 48.512284], [-88.99833, 48.512355], [-88.998138, 48.512391], [-88.997922, 48.512391], [-88.99774, 48.512404], [-88.997592, 48.512431], [-88.997477, 48.512471], [-88.997396, 48.512525], [-88.997282, 48.512565], [-88.997134, 48.512592], [-88.996952, 48.512605], [-88.996736, 48.512605], [-88.996551, 48.512592], [-88.996396, 48.512565]]]}}, {"type": "Feature", "properties": {"lead": 0, "temp": "sp:salmon:s2"}, "geometry": {"type": "Polygon", "coordinates": [[[-89.056059, 48.491059], [-89.055971, 48.490898], [-89.055921, 48.49072], [-89.055907, 48.490524], [-89.055975, 48.490314], [-89.056123, 48.490091], [-89.056352, 48.489854], [-89.056662, 48.489604], [-89.056992, 48.48939], [-89.057343, 48.489212], [-89.057714, 48.489069], [-89.058104, 48.488962], [-89.058506, 48.488879], [-89.058917, 48.488821], [-89.059338, 48.488788], [-89.059769, 48.488779], [-89.06015, 48.488783], [-89.06048, 48.488801], [-89.06076, 48.488833], [-89.060989, 48.488877], [-89.061222, 48.488951], [-89.061458, 48.489053], [-89.061697, 48.489185], [-89.06194, 48.489346], [-89.062098, 48.489468], [-89.062172, 48.489553], [-89.062162, 48.4896], [-89.062068, 48.489609], [-89.061997, 48.489609], [-89.06195, 48.4896], [-89.061926, 48.489582], [-89.061926, 48.489555], [-89.061808, 48.489535], [-89.061572, 48.489522], [-89.061218, 48.489515], [-89.060747, 48.489515], [-89.060393, 48.489509], [-89.060157, 48.489495], [-89.060039, 48.489475], [-89.060039, 48.489448], [-89.059891, 48.489435], [-89.059594, 48.489435], [-89.059149, 48.489448], [-89.058556, 48.489475], [-89.058057, 48.489531], [-89.057653, 48.489616], [-89.057343, 48.489729], [-89.057127, 48.489872], [-89.056942, 48.489979], [-89.056787, 48.490051], [-89.056662, 48.490086], [-89.056568, 48.490086], [-89.056487, 48.490142], [-89.056419, 48.490254], [-89.056366, 48.490421], [-89.056325, 48.490644], [-89.056315, 48.490845], [-89.056335, 48.491023], [-89.056386, 48.49118], [-89.056467, 48.491313], [-89.056487, 48.491383], [-89.056446, 48.491387], [-89.056345, 48.491327], [-89.056184, 48.491202], [-89.056059, 48.491059]]]}}, {"type": "Feature", "properties": {"lead": 0, "temp": "sp:salmon:s2"}, "geometry": {"type": "Polygon", "coordinates": [[[-89.031279, 48.499986], [-89.031211, 48.499906], [-89.031252, 48.49983], [-89.0314, 48.499759], [-89.031562, 48.499712], [-89.031737, 48.49969], [-89.031926, 48.499692], [-89.032128, 48.499719], [-89.032482, 48.499723], [-89.032987, 48.499705], [-89.033645, 48.499665], [-89.034453, 48.499603], [-89.035114, 48.499536], [-89.035626, 48.499464], [-89.03599, 48.499389], [-89.036206, 48.499308], [-89.036442, 48.499241], [-89.036698, 48.499188], [-89.036974, 48.499148], [-89.037271, 48.499121], [-89.037493, 48.499092], [-89.037642, 48.499061], [-89.037716, 48.499027], [-89.037716, 48.498991], [-89.037749, 48.498974], [-89.037817, 48.498974], [-89.037918, 48.498991], [-89.038053, 48.499027], [-89.038154, 48.499045], [-89.038221, 48.499045], [-89.038255, 48.499027], [-89.038255, 48.498991], [-89.038653, 48.498916], [-89.039448, 48.4988], [-89.040641, 48.498644], [-89.042232, 48.498447], [-89.043485, 48.498271], [-89.044402, 48.498115], [-89.044981, 48.497979], [-89.045224, 48.497863], [-89.045453, 48.497776], [-89.045669, 48.497718], [-89.045871, 48.497689], [-89.04606, 48.497689], [-89.046201, 48.497664], [-89.046296, 48.497615], [-89.046343, 48.497542], [-89.046343, 48.497443], [-89.0464, 48.497348], [-89.046515, 48.497254], [-89.046687, 48.497162], [-89.046916, 48.497073], [-89.047394, 48.496913], [-89.048122, 48.496681], [-89.0491, 48.496377], [-89.050326, 48.496002], [-89.051385, 48.495699], [-89.052274, 48.495467], [-89.052995, 48.495306], [-89.053548, 48.495217], [-89.053963, 48.495157], [-89.054239, 48.495126], [-89.054377, 48.495124], [-89.054377, 48.49515], [-89.054333, 48.495177], [-89.054246, 48.495204], [-89.054114, 48.495231], [-89.053939, 48.495257], [-89.053808, 48.495286], [-89.05372, 48.495318], [-89.053676, 48.495351], [-89.053676, 48.495387], [-89.053636, 48.49542], [-89.053555, 48.495451], [-89.053434, 48.49548], [-89.053272, 48.495507], [-89.05315, 48.495534], [-89.05307, 48.495561], [-89.053029, 48.495588], [-89.053029, 48.495614], [-89.052965, 48.495641], [-89.052837, 48.495668], [-89.052645, 48.495695], [-89.052389, 48.495721], [-89.052183, 48.495764], [-89.052028, 48.495822], [-89.051924, 48.495895], [-89.05187, 48.495985], [-89.051799, 48.496052], [-89.051711, 48.496096], [-89.051607, 48.496118], [-89.051486, 48.496118], [-89.051395, 48.496139], [-89.051334, 48.496179], [-89.051304, 48.496239], [-89.051304, 48.496319], [-89.05124, 48.496386], [-89.051112, 48.49644], [-89.05092, 48.49648], [-89.050663, 48.496507], [-89.050448, 48.496549], [-89.050272, 48.496607], [-89.050138, 48.496681], [-89.050043, 48.49677], [-89.049898, 48.496843], [-89.049703, 48.496901], [-89.049457, 48.496944], [-89.04916, 48.496971], [-89.048938, 48.497006], [-89.04879, 48.497051], [-89.048716, 48.497104], [-89.048716, 48.497167], [-89.048672, 48.497198], [-89.048584, 48.497198], [-89.048453, 48.497167], [-89.048277, 48.497104], [-89.048106, 48.497093], [-89.047937, 48.497133], [-89.047772, 48.497225], [-89.04761, 48.497368], [-89.047371, 48.497504], [-89.047054, 48.497633], [-89.04666, 48.497756], [-89.046188, 48.497872], [-89.0458, 48.497988], [-89.045497, 48.498104], [-89.045278, 48.49822], [-89.045143, 48.498336], [-89.044988, 48.498423], [-89.044813, 48.498481], [-89.044618, 48.49851], [-89.044402, 48.49851], [-89.044132, 48.498536], [-89.043809, 48.49859], [-89.043431, 48.49867], [-89.043, 48.498777], [-89.042602, 48.498858], [-89.042238, 48.498911], [-89.041908, 48.498938], [-89.041611, 48.498938], [-89.041359, 48.498954], [-89.04115, 48.498985], [-89.040985, 48.499032], [-89.040863, 48.499094], [-89.040523, 48.499154], [-89.039963, 48.499212], [-89.039185, 48.499268], [-89.038187, 48.499322], [-89.037335, 48.499391], [-89.036627, 48.499476], [-89.036064, 48.499576], [-89.035646, 48.499692], [-89.035192, 48.499779], [-89.034699, 48.499837], [-89.03417, 48.499866], [-89.033604, 48.499866], [-89.03318, 48.499886], [-89.032897, 48.499926], [-89.032755, 48.499986], [-89.032755, 48.500067], [-89.032718, 48.500134], [-89.032644, 48.500187], [-89.032533, 48.500227], [-89.032384, 48.500254], [-89.032202, 48.500252], [-89.031987, 48.50022], [-89.031737, 48.50016], [-89.031454, 48.500071], [-89.031279, 48.499986]], [[-89.037187, 48.499154], [-89.03718, 48.499159], [-89.037176, 48.499165], [-89.037176, 48.499174], [-89.03718, 48.499179], [-89.037187, 48.499179], [-89.037197, 48.499174], [-89.03721, 48.499165], [-89.037217, 48.499159], [-89.037217, 48.499154], [-89.03721, 48.499152], [-89.037197, 48.499152], [-89.037187, 48.499154]], [[-89.04026, 48.498797], [-89.040253, 48.498802], [-89.04025, 48.498809], [-89.04025, 48.498818], [-89.040253, 48.498822], [-89.04026, 48.498822], [-89.04027, 48.498818], [-89.040284, 48.498809], [-89.04029, 48.498802], [-89.04029, 48.498797], [-89.040284, 48.498795], [-89.04027, 48.498795], [-89.04026, 48.498797]], [[-89.04759, 48.497158], [-89.047657, 48.497113], [-89.047691, 48.497078], [-89.047691, 48.497051], [-89.047634, 48.497044], [-89.047519, 48.497058], [-89.047347, 48.497091], [-89.047118, 48.497145], [-89.04697, 48.497194], [-89.046902, 48.497238], [-89.046916, 48.497278], [-89.04701, 48.497314], [-89.047115, 48.497325], [-89.047229, 48.497312], [-89.047354, 48.497274], [-89.047489, 48.497211], [-89.04759, 48.497158]], [[-89.047752, 48.496964], [-89.047711, 48.496977], [-89.047691, 48.496988], [-89.047691, 48.496997], [-89.047711, 48.496997], [-89.047752, 48.496988], [-89.047812, 48.496971], [-89.047893, 48.496944], [-89.047934, 48.496928], [-89.047934, 48.496924], [-89.047893, 48.49693], [-89.047812, 48.496948], [-89.047752, 48.496964]], [[-89.050475, 48.496355], [-89.050677, 48.496275], [-89.050704, 48.496239], [-89.050556, 48.496248], [-89.050303, 48.496292], [-89.049946, 48.496373], [-89.049484, 48.496489], [-89.048918, 48.49664], [-89.048534, 48.496756], [-89.048331, 48.496837], [-89.048311, 48.496881], [-89.048473, 48.49689], [-89.048732, 48.496855], [-89.04909, 48.496774], [-89.049545, 48.496649], [-89.050097, 48.49648], [-89.050475, 48.496355]], [[-89.05154, 48.495942], [-89.051526, 48.495947], [-89.051519, 48.495953], [-89.051519, 48.495962], [-89.051526, 48.495967], [-89.05154, 48.495967], [-89.05156, 48.495962], [-89.051587, 48.495953], [-89.0516, 48.495947], [-89.0516, 48.495942], [-89.051587, 48.49594], [-89.05156, 48.49594], [-89.05154, 48.495942]], [[-89.05251, 48.495657], [-89.052497, 48.495661], [-89.05249, 48.495668], [-89.05249, 48.495677], [-89.052497, 48.495681], [-89.05251, 48.495681], [-89.05253, 48.495677], [-89.052557, 48.495668], [-89.052571, 48.495661], [-89.052571, 48.495657], [-89.052557, 48.495654], [-89.05253, 48.495654], [-89.05251, 48.495657]]]}}, {"type": "Feature", "properties": {"lead": 0, "temp": "sp:salmon:s2"}, "geometry": {"type": "Polygon", "coordinates": [[[-89.02709, 48.50047], [-89.027488, 48.500323], [-89.027875, 48.500209], [-89.028253, 48.500129], [-89.028654, 48.500069], [-89.029078, 48.500029], [-89.029526, 48.500009], [-89.029998, 48.500009], [-89.030352, 48.50002], [-89.030588, 48.500042], [-89.030706, 48.500076], [-89.030706, 48.50012], [-89.030672, 48.500154], [-89.030605, 48.500176], [-89.030504, 48.500187], [-89.030369, 48.500187], [-89.030268, 48.500196], [-89.0302, 48.500214], [-89.030167, 48.500241], [-89.030167, 48.500276], [-89.030093, 48.500294], [-89.029944, 48.500294], [-89.029722, 48.500276], [-89.029425, 48.500241], [-89.029183, 48.500236], [-89.028994, 48.500263], [-89.028859, 48.500321], [-89.028778, 48.50041], [-89.028664, 48.50047], [-89.028515, 48.500502], [-89.028333, 48.500504], [-89.028118, 48.500477], [-89.027912, 48.500499], [-89.027717, 48.500571], [-89.027531, 48.500691], [-89.027356, 48.500861], [-89.027134, 48.500992], [-89.026864, 48.501086], [-89.026547, 48.501142], [-89.026183, 48.50116], [-89.026015, 48.501119], [-89.026042, 48.501021], [-89.026264, 48.500865], [-89.026682, 48.500651], [-89.02709, 48.50047]]]}}, {"type": "Feature", "properties": {"lead": 0, "temp": "sp:salmon:s2"}, "geometry": {"type": "Polygon", "coordinates": [[[-89.022294, 48.502141], [-89.022186, 48.502123], [-89.022133, 48.502096], [-89.022133, 48.502061], [-89.022193, 48.502023], [-89.022315, 48.501983], [-89.022497, 48.50194], [-89.022739, 48.501896], [-89.022978, 48.501862], [-89.023214, 48.50184], [-89.023447, 48.501829], [-89.023676, 48.501829], [-89.023922, 48.5018], [-89.024185, 48.501742], [-89.024465, 48.501655], [-89.024761, 48.501539], [-89.024974, 48.501472], [-89.025102, 48.501454], [-89.025145, 48.501485], [-89.025105, 48.501565], [-89.025031, 48.501646], [-89.024923, 48.501726], [-89.024781, 48.501806], [-89.024606, 48.501887], [-89.024401, 48.50194], [-89.024165, 48.501967], [-89.023898, 48.501967], [-89.023602, 48.50194], [-89.023369, 48.501936], [-89.023201, 48.501954], [-89.023096, 48.501994], [-89.023056, 48.502056], [-89.022972, 48.502103], [-89.022844, 48.502134], [-89.022672, 48.50215], [-89.022456, 48.50215], [-89.022294, 48.502141]]]}}, {"type": "Feature", "properties": {"lead": 0, "temp": "sp:salmon:s2"}, "geometry": {"type": "Polygon", "coordinates": [[[-89.021293, 48.502364], [-89.021421, 48.502293], [-89.021566, 48.502257], [-89.021728, 48.502257], [-89.021839, 48.50227], [-89.0219, 48.502297], [-89.02191, 48.502337], [-89.02187, 48.502391], [-89.021785, 48.502453], [-89.021657, 48.502525], [-89.021486, 48.502605], [-89.02127, 48.502694], [-89.021132, 48.502725], [-89.021071, 48.502699], [-89.021088, 48.502614], [-89.021182, 48.502471], [-89.021293, 48.502364]]]}}, {"type": "Feature", "properties": {"lead": 0, "temp": "sp:salmon:s2"}, "geometry": {"type": "Polygon", "coordinates": [[[-89.020865, 48.503096], [-89.020892, 48.503078], [-89.02094, 48.503082], [-89.021007, 48.503109], [-89.021044, 48.503138], [-89.021051, 48.503169], [-89.021027, 48.503203], [-89.020973, 48.503238], [-89.020929, 48.503249], [-89.020896, 48.503236], [-89.020872, 48.503198], [-89.020859, 48.503136], [-89.020865, 48.503096]]]}}, {"type": "Feature", "properties": {"lead": 0, "temp": "sp:salmon:s2"}, "geometry": {"type": "Polygon", "coordinates": [[[-89.019005, 48.503499], [-89.018789, 48.503486], [-89.018682, 48.503466], [-89.018682, 48.503439], [-89.018715, 48.503412], [-89.018783, 48.503385], [-89.018884, 48.503359], [-89.019019, 48.503332], [-89.019194, 48.503325], [-89.01941, 48.503339], [-89.019666, 48.503372], [-89.019962, 48.503426], [-89.020077, 48.503466], [-89.020009, 48.503493], [-89.01976, 48.503506], [-89.019329, 48.503506], [-89.019005, 48.503499]]]}}, {"type": "Feature", "properties": {"lead": 0, "temp": "sp:salmon:s2"}, "geometry": {"type": "Polygon", "coordinates": [[[-89.016002, 48.503992], [-89.016198, 48.503876], [-89.016585, 48.503724], [-89.017165, 48.503537], [-89.017664, 48.503397], [-89.018082, 48.503303], [-89.018419, 48.503256], [-89.018675, 48.503256], [-89.018833, 48.503258], [-89.018894, 48.503263], [-89.018857, 48.503269], [-89.018722, 48.503278], [-89.018611, 48.503305], [-89.018523, 48.50335], [-89.018459, 48.503412], [-89.018419, 48.503493], [-89.018355, 48.503553], [-89.018267, 48.503593], [-89.018156, 48.503613], [-89.018021, 48.503613], [-89.01791, 48.503629], [-89.017822, 48.50366], [-89.017758, 48.503707], [-89.017718, 48.503769], [-89.017613, 48.503836], [-89.017445, 48.503907], [-89.017212, 48.503983], [-89.016916, 48.504063], [-89.016646, 48.504113], [-89.016403, 48.50413], [-89.016188, 48.504117], [-89.015999, 48.504072], [-89.016002, 48.503992]]]}}, {"type": "Feature", "properties": {"lead": 0, "temp": "sp:salmon:s2"}, "geometry": {"type": "Polygon", "coordinates": [[[-89.015955, 48.504204], [-89.016002, 48.504191], [-89.016073, 48.504184], [-89.016168, 48.504184], [-89.016215, 48.504191], [-89.016215, 48.504204], [-89.016168, 48.504224], [-89.016073, 48.504251], [-89.016002, 48.504264], [-89.015955, 48.504264], [-89.015932, 48.504251], [-89.015932, 48.504224], [-89.015955, 48.504204]]]}}, {"type": "Feature", "properties": {"lead": 0, "temp": "sp:salmon:s2"}, "geometry": {"type": "Polygon", "coordinates": [[[-89.01578, 48.504311], [-89.0158, 48.504298], [-89.015831, 48.504291], [-89.015871, 48.504291], [-89.015891, 48.504298], [-89.015891, 48.504311], [-89.015871, 48.504331], [-89.015831, 48.504358], [-89.0158, 48.504371], [-89.01578, 48.504371], [-89.01577, 48.504358], [-89.01577, 48.504331], [-89.01578, 48.504311]]]}}, {"type": "Feature", "properties": {"lead": 0, "temp": "sp:salmon:s2"}, "geometry": {"type": "Polygon", "coordinates": [[[-89.015069, 48.504532], [-89.014961, 48.504514], [-89.014907, 48.504487], [-89.014907, 48.504452], [-89.014941, 48.504418], [-89.015008, 48.504387], [-89.015109, 48.504358], [-89.015244, 48.504331], [-89.015366, 48.504327], [-89.015473, 48.504345], [-89.015568, 48.504385], [-89.015649, 48.504447], [-89.015655, 48.504494], [-89.015588, 48.504525], [-89.015446, 48.504541], [-89.015231, 48.504541], [-89.015069, 48.504532]]]}}, {"type": "Feature", "properties": {"lead": 0, "temp": "sp:salmon:s2"}, "geometry": {"type": "Polygon", "coordinates": [[[-89.012777, 48.505553], [-89.012777, 48.505509], [-89.012818, 48.50546], [-89.012899, 48.505406], [-89.012993, 48.505366], [-89.013101, 48.505339], [-89.013222, 48.505326], [-89.013357, 48.505326], [-89.013478, 48.505304], [-89.013586, 48.505259], [-89.01368, 48.505192], [-89.013761, 48.505103], [-89.013846, 48.505036], [-89.013933, 48.504991], [-89.014024, 48.504969], [-89.014119, 48.504969], [-89.014199, 48.504942], [-89.014267, 48.504889], [-89.014321, 48.504808], [-89.014361, 48.504701], [-89.014422, 48.504621], [-89.014503, 48.504568], [-89.014604, 48.504541], [-89.014725, 48.504541], [-89.014786, 48.504576], [-89.014786, 48.504648], [-89.014725, 48.504755], [-89.014604, 48.504898], [-89.014489, 48.505005], [-89.014381, 48.505076], [-89.01428, 48.505112], [-89.014186, 48.505112], [-89.014051, 48.505147], [-89.013876, 48.505219], [-89.01366, 48.505326], [-89.013404, 48.505469], [-89.013192, 48.505567], [-89.013023, 48.50562], [-89.012899, 48.505629], [-89.012818, 48.505593], [-89.012777, 48.505553]]]}}, {"type": "Feature", "properties": {"lead": 0, "temp": "sp:salmon:s2"}, "geometry": {"type": "Polygon", "coordinates": [[[-89.012191, 48.505703], [-89.012258, 48.505689], [-89.012359, 48.505683], [-89.012494, 48.505683], [-89.012562, 48.505689], [-89.012562, 48.505703], [-89.012494, 48.505723], [-89.012359, 48.50575], [-89.012258, 48.505763], [-89.012191, 48.505763], [-89.012157, 48.50575], [-89.012157, 48.505723], [-89.012191, 48.505703]]]}}, {"type": "Feature", "properties": {"lead": 0, "temp": "sp:salmon:s2"}, "geometry": {"type": "Polygon", "coordinates": [[[-89.012006, 48.50581], [-89.012026, 48.505796], [-89.012056, 48.50579], [-89.012097, 48.50579], [-89.012117, 48.505796], [-89.012117, 48.50581], [-89.012097, 48.50583], [-89.012056, 48.505857], [-89.012026, 48.50587], [-89.012006, 48.50587], [-89.011995, 48.505857], [-89.011995, 48.50583], [-89.012006, 48.50581]]]}}, {"type": "Feature", "properties": {"lead": 0, "temp": "sp:salmon:s2"}, "geometry": {"type": "Polygon", "coordinates": [[[-89.011682, 48.505917], [-89.011702, 48.505903], [-89.011733, 48.505897], [-89.011773, 48.505897], [-89.011793, 48.505903], [-89.011793, 48.505917], [-89.011773, 48.505937], [-89.011733, 48.505964], [-89.011702, 48.505977], [-89.011682, 48.505977], [-89.011672, 48.505964], [-89.011672, 48.505937], [-89.011682, 48.505917]]]}}, {"type": "Feature", "properties": {"lead": 0, "temp": "sp:salmon:s2"}, "geometry": {"type": "Polygon", "coordinates": [[[-89.011365, 48.506011], [-89.011436, 48.506004], [-89.01153, 48.506004], [-89.011578, 48.506011], [-89.011578, 48.506024], [-89.01153, 48.506044], [-89.011436, 48.506071], [-89.011365, 48.506084], [-89.011318, 48.506084], [-89.011294, 48.506071], [-89.011294, 48.506044], [-89.011318, 48.506024], [-89.011365, 48.506011]]]}}, {"type": "Feature", "properties": {"lead": 0, "temp": "sp:salmon:s2"}, "geometry": {"type": "Polygon", "coordinates": [[[-89.010486, 48.506407], [-89.010654, 48.506334], [-89.01091, 48.506245], [-89.011092, 48.506193], [-89.0112, 48.50618], [-89.011234, 48.506205], [-89.011193, 48.506267], [-89.011133, 48.506327], [-89.011052, 48.506385], [-89.010951, 48.506441], [-89.010829, 48.506494], [-89.010715, 48.506528], [-89.010607, 48.506541], [-89.010506, 48.506535], [-89.010412, 48.506508], [-89.010405, 48.506465], [-89.010486, 48.506407]]]}}, {"type": "Feature", "properties": {"lead": 0, "temp": "sp:salmon:s2"}, "geometry": {"type": "Polygon", "coordinates": [[[-88.98735, 48.501255], [-88.987371, 48.501197], [-88.987421, 48.501142], [-88.987502, 48.501088], [-88.98764, 48.501026], [-88.987836, 48.500954], [-88.988088, 48.500874], [-88.988398, 48.500785], [-88.988796, 48.500638], [-88.989281, 48.500432], [-88.989854, 48.500169], [-88.990515, 48.499848], [-88.991135, 48.499571], [-88.991715, 48.499339], [-88.992254, 48.499152], [-88.992752, 48.499009], [-88.993174, 48.498904], [-88.993517, 48.498838], [-88.993784, 48.498809], [-88.993972, 48.498818], [-88.994144, 48.498844], [-88.994299, 48.498889], [-88.994438, 48.498951], [-88.994559, 48.499032], [-88.994657, 48.499107], [-88.994731, 48.499179], [-88.994781, 48.499246], [-88.994808, 48.499308], [-88.994818, 48.499355], [-88.994812, 48.499386], [-88.994788, 48.499402], [-88.994748, 48.499402], [-88.994717, 48.499389], [-88.994697, 48.499362], [-88.994687, 48.499322], [-88.994687, 48.499268], [-88.994677, 48.499228], [-88.994657, 48.499201], [-88.994626, 48.499188], [-88.994586, 48.499188], [-88.994532, 48.499208], [-88.994464, 48.499248], [-88.994384, 48.499308], [-88.994289, 48.499389], [-88.994165, 48.499429], [-88.99401, 48.499429], [-88.993824, 48.499389], [-88.993608, 48.499308], [-88.993362, 48.499284], [-88.993086, 48.499315], [-88.992779, 48.499402], [-88.992442, 48.499545], [-88.992186, 48.49967], [-88.992011, 48.499777], [-88.991917, 48.499866], [-88.991903, 48.499937], [-88.991822, 48.499989], [-88.991674, 48.50002], [-88.991458, 48.500031], [-88.991175, 48.500022], [-88.990963, 48.500035], [-88.990821, 48.500071], [-88.990751, 48.500129], [-88.990751, 48.500209], [-88.990687, 48.500283], [-88.990559, 48.50035], [-88.990366, 48.50041], [-88.99011, 48.500464], [-88.989885, 48.500526], [-88.989689, 48.500597], [-88.989524, 48.500678], [-88.989389, 48.500767], [-88.989204, 48.500847], [-88.988968, 48.500919], [-88.988681, 48.500981], [-88.988344, 48.501035], [-88.988068, 48.501097], [-88.987852, 48.501168], [-88.987697, 48.501249], [-88.987603, 48.501338], [-88.987522, 48.501389], [-88.987455, 48.501403], [-88.987401, 48.501378], [-88.98736, 48.501316], [-88.98735, 48.501255]]]}}, {"type": "Feature", "properties": {"lead": 0, "temp": "sp:salmon:s2"}, "geometry": {"type": "Polygon", "coordinates": [[[-88.988082, 48.503323], [-88.988001, 48.503296], [-88.987967, 48.503261], [-88.987981, 48.503216], [-88.988085, 48.503111], [-88.98828, 48.502946], [-88.988567, 48.502721], [-88.988944, 48.502435], [-88.989251, 48.502221], [-88.989487, 48.502078], [-88.989652, 48.502007], [-88.989746, 48.502007], [-88.989912, 48.501951], [-88.990147, 48.50184], [-88.990454, 48.501673], [-88.990832, 48.501449], [-88.991158, 48.501276], [-88.991435, 48.501151], [-88.991661, 48.501075], [-88.991836, 48.501048], [-88.991977, 48.501012], [-88.992085, 48.500968], [-88.992159, 48.500914], [-88.9922, 48.500852], [-88.992294, 48.500791], [-88.992442, 48.500734], [-88.992645, 48.500678], [-88.992901, 48.500624], [-88.993089, 48.500571], [-88.993211, 48.500517], [-88.993265, 48.500464], [-88.993251, 48.50041], [-88.993288, 48.50037], [-88.993376, 48.500343], [-88.993514, 48.50033], [-88.993703, 48.50033], [-88.993902, 48.500278], [-88.994111, 48.500176], [-88.99433, 48.500022], [-88.994559, 48.499817], [-88.994734, 48.499703], [-88.994855, 48.499681], [-88.994923, 48.49975], [-88.994936, 48.49991], [-88.994906, 48.500069], [-88.994832, 48.500225], [-88.994714, 48.500379], [-88.994552, 48.500531], [-88.994303, 48.50068], [-88.993966, 48.500827], [-88.993541, 48.500972], [-88.993029, 48.501115], [-88.99252, 48.501278], [-88.992014, 48.501461], [-88.991512, 48.501664], [-88.991014, 48.501887], [-88.990538, 48.502125], [-88.990087, 48.50238], [-88.989659, 48.502649], [-88.989254, 48.502935], [-88.988907, 48.503147], [-88.988617, 48.503285], [-88.988385, 48.50335], [-88.98821, 48.503341], [-88.988082, 48.503323]]]}}, {"type": "Feature", "properties": {"lead": 0, "temp": "sp:salmon:s2"}, "geometry": {"type": "Polygon", "coordinates": [[[-89.010118, 48.506595], [-89.010139, 48.506581], [-89.010169, 48.506575], [-89.010209, 48.506575], [-89.01023, 48.506581], [-89.01023, 48.506595], [-89.010209, 48.506615], [-89.010169, 48.506642], [-89.010139, 48.506655], [-89.010118, 48.506655], [-89.010108, 48.506642], [-89.010108, 48.506615], [-89.010118, 48.506595]]]}}, {"type": "Feature", "properties": {"lead": 0, "temp": "sp:salmon:s2"}, "geometry": {"type": "Polygon", "coordinates": [[[-89.009997, 48.506717], [-89.010017, 48.506735], [-89.009987, 48.506775], [-89.009906, 48.506838], [-89.009835, 48.506876], [-89.009775, 48.506889], [-89.009724, 48.506878], [-89.009684, 48.506842], [-89.009684, 48.506809], [-89.009724, 48.506778], [-89.009805, 48.506749], [-89.009926, 48.506722], [-89.009997, 48.506717]]]}}, {"type": "Feature", "properties": {"lead": 0, "temp": "sp:salmon:s2"}, "geometry": {"type": "Polygon", "coordinates": [[[-89.009421, 48.507059], [-89.009448, 48.507045], [-89.009488, 48.507039], [-89.009542, 48.507039], [-89.009569, 48.507045], [-89.009569, 48.507059], [-89.009542, 48.507079], [-89.009488, 48.507106], [-89.009448, 48.507119], [-89.009421, 48.507119], [-89.009407, 48.507106], [-89.009407, 48.507079], [-89.009421, 48.507059]]]}}, {"type": "Feature", "properties": {"lead": 0, "temp": "sp:salmon:s2"}, "geometry": {"type": "Polygon", "coordinates": [[[-89.009256, 48.507166], [-89.009276, 48.507152], [-89.009306, 48.507146], [-89.009347, 48.507146], [-89.009367, 48.507152], [-89.009367, 48.507166], [-89.009347, 48.507186], [-89.009306, 48.507213], [-89.009276, 48.507226], [-89.009256, 48.507226], [-89.009246, 48.507213], [-89.009246, 48.507186], [-89.009256, 48.507166]]]}}, {"type": "Feature", "properties": {"lead": 0, "temp": "sp:salmon:s2"}, "geometry": {"type": "Polygon", "coordinates": [[[-89.008932, 48.507273], [-89.008952, 48.507259], [-89.008983, 48.507253], [-89.009023, 48.507253], [-89.009043, 48.507259], [-89.009043, 48.507273], [-89.009023, 48.507293], [-89.008983, 48.50732], [-89.008952, 48.507333], [-89.008932, 48.507333], [-89.008922, 48.50732], [-89.008922, 48.507293], [-89.008932, 48.507273]]]}}, {"type": "Feature", "properties": {"lead": 0, "temp": "sp:salmon:s2"}, "geometry": {"type": "Polygon", "coordinates": [[[-89.00877, 48.507387], [-89.008791, 48.507369], [-89.008821, 48.50736], [-89.008861, 48.50736], [-89.008882, 48.507369], [-89.008882, 48.507387], [-89.008861, 48.507413], [-89.008821, 48.507449], [-89.008791, 48.507467], [-89.00877, 48.507467], [-89.00876, 48.507449], [-89.00876, 48.507413], [-89.00877, 48.507387]]]}}, {"type": "Feature", "properties": {"lead": 0, "temp": "sp:salmon:s2"}, "geometry": {"type": "Polygon", "coordinates": [[[-89.008609, 48.507523], [-89.008629, 48.507509], [-89.008659, 48.507503], [-89.0087, 48.507503], [-89.00872, 48.507509], [-89.00872, 48.507523], [-89.0087, 48.507543], [-89.008659, 48.507569], [-89.008629, 48.507583], [-89.008609, 48.507583], [-89.008598, 48.507569], [-89.008598, 48.507543], [-89.008609, 48.507523]]]}}, {"type": "Feature", "properties": {"lead": 0, "temp": "sp:salmon:s2"}, "geometry": {"type": "Polygon", "coordinates": [[[-89.008396, 48.50763], [-89.008423, 48.507616], [-89.008464, 48.50761], [-89.008518, 48.50761], [-89.008545, 48.507616], [-89.008545, 48.50763], [-89.008518, 48.50765], [-89.008464, 48.507676], [-89.008423, 48.50769], [-89.008396, 48.50769], [-89.008383, 48.507676], [-89.008383, 48.50765], [-89.008396, 48.50763]]]}}, {"type": "Feature", "properties": {"lead": 0, "temp": "sp:salmon:s2"}, "geometry": {"type": "Polygon", "coordinates": [[[-89.008231, 48.507737], [-89.008251, 48.507723], [-89.008282, 48.507717], [-89.008322, 48.507717], [-89.008342, 48.507723], [-89.008342, 48.507737], [-89.008322, 48.507757], [-89.008282, 48.507784], [-89.008251, 48.507797], [-89.008231, 48.507797], [-89.008221, 48.507784], [-89.008221, 48.507757], [-89.008231, 48.507737]]]}}, {"type": "Feature", "properties": {"lead": 0, "temp": "sp:salmon:s2"}, "geometry": {"type": "Polygon", "coordinates": [[[-89.008069, 48.507844], [-89.00809, 48.50783], [-89.00812, 48.507824], [-89.00816, 48.507824], [-89.008181, 48.50783], [-89.008181, 48.507844], [-89.00816, 48.507864], [-89.00812, 48.507891], [-89.00809, 48.507904], [-89.008069, 48.507904], [-89.008059, 48.507891], [-89.008059, 48.507864], [-89.008069, 48.507844]]]}}, {"type": "Feature", "properties": {"lead": 0, "temp": "sp:salmon:s2"}, "geometry": {"type": "Polygon", "coordinates": [[[-89.007756, 48.507957], [-89.007796, 48.50794], [-89.007857, 48.507931], [-89.007938, 48.507931], [-89.007978, 48.50794], [-89.007978, 48.507957], [-89.007938, 48.507984], [-89.007857, 48.50802], [-89.007796, 48.508038], [-89.007756, 48.508038], [-89.007736, 48.50802], [-89.007736, 48.507984], [-89.007756, 48.507957]]]}}, {"type": "Feature", "properties": {"lead": 0, "temp": "sp:salmon:s2"}, "geometry": {"type": "Polygon", "coordinates": [[[-89.007534, 48.508094], [-89.00756, 48.50808], [-89.007601, 48.508073], [-89.007655, 48.508073], [-89.007682, 48.50808], [-89.007682, 48.508094], [-89.007655, 48.508114], [-89.007601, 48.50814], [-89.00756, 48.508154], [-89.007534, 48.508154], [-89.00752, 48.50814], [-89.00752, 48.508114], [-89.007534, 48.508094]]]}}, {"type": "Feature", "properties": {"lead": 0, "temp": "sp:salmon:s2"}, "geometry": {"type": "Polygon", "coordinates": [[[-89.007368, 48.508201], [-89.007389, 48.508187], [-89.007419, 48.50818], [-89.007459, 48.50818], [-89.00748, 48.508187], [-89.00748, 48.508201], [-89.007459, 48.508221], [-89.007419, 48.508247], [-89.007389, 48.508261], [-89.007368, 48.508261], [-89.007358, 48.508247], [-89.007358, 48.508221], [-89.007368, 48.508201]]]}}, {"type": "Feature", "properties": {"lead": 0, "temp": "sp:salmon:s2"}, "geometry": {"type": "Polygon", "coordinates": [[[-89.000268, 48.511055], [-89.000497, 48.510986], [-89.000847, 48.510906], [-89.00113, 48.510816], [-89.001346, 48.510718], [-89.001494, 48.510611], [-89.001575, 48.510495], [-89.00169, 48.510395], [-89.001838, 48.51031], [-89.00202, 48.510241], [-89.002236, 48.510188], [-89.002431, 48.510118], [-89.002607, 48.510034], [-89.002762, 48.509933], [-89.002896, 48.509817], [-89.003018, 48.509737], [-89.003125, 48.509693], [-89.00322, 48.509684], [-89.003301, 48.50971], [-89.003436, 48.50971], [-89.003624, 48.509684], [-89.003867, 48.50963], [-89.004163, 48.50955], [-89.004389, 48.509467], [-89.004544, 48.509383], [-89.004629, 48.509296], [-89.004642, 48.509206], [-89.004703, 48.509133], [-89.004811, 48.509075], [-89.004966, 48.509032], [-89.005168, 48.509006], [-89.005373, 48.508957], [-89.005582, 48.508885], [-89.005795, 48.508792], [-89.00601, 48.508676], [-89.006172, 48.508575], [-89.00628, 48.50849], [-89.006334, 48.508421], [-89.006334, 48.508368], [-89.006388, 48.508314], [-89.006496, 48.508261], [-89.006657, 48.508207], [-89.006873, 48.508154], [-89.007025, 48.508127], [-89.007112, 48.508127], [-89.007136, 48.508154], [-89.007095, 48.508207], [-89.007085, 48.508254], [-89.007106, 48.508294], [-89.007156, 48.508328], [-89.007237, 48.508354], [-89.007223, 48.508417], [-89.007116, 48.508515], [-89.006913, 48.508649], [-89.006617, 48.508818], [-89.006361, 48.508961], [-89.006145, 48.509077], [-89.00597, 48.509166], [-89.005835, 48.509229], [-89.005693, 48.509275], [-89.005545, 48.509307], [-89.00539, 48.509322], [-89.005228, 48.509322], [-89.005043, 48.509358], [-89.004834, 48.509429], [-89.004602, 48.509536], [-89.004345, 48.509679], [-89.004099, 48.509786], [-89.003864, 48.509858], [-89.003638, 48.509893], [-89.003422, 48.509893], [-89.003227, 48.50992], [-89.003051, 48.509973], [-89.002896, 48.510054], [-89.002762, 48.510161], [-89.002617, 48.510248], [-89.002462, 48.510315], [-89.002296, 48.510362], [-89.002121, 48.510388], [-89.00197, 48.510444], [-89.001842, 48.510529], [-89.001737, 48.510643], [-89.001656, 48.510785], [-89.001531, 48.510908], [-89.001363, 48.51101], [-89.001151, 48.511093], [-89.000895, 48.511155], [-89.000669, 48.511193], [-89.000473, 48.511207], [-89.000308, 48.511196], [-89.000173, 48.51116], [-89.00016, 48.511113], [-89.000268, 48.511055]], [[-89.006974, 48.508308], [-89.006961, 48.508328], [-89.006947, 48.508354], [-89.006944, 48.508368], [-89.006951, 48.508368], [-89.006967, 48.508354], [-89.006994, 48.508328], [-89.007011, 48.508308], [-89.007018, 48.508294], [-89.007015, 48.508288], [-89.007001, 48.508288], [-89.006988, 48.508294], [-89.006974, 48.508308]]]}}, {"type": "Feature", "properties": {"lead": 0, "temp": "sp:salmon:s2"}, "geometry": {"type": "Polygon", "coordinates": [[[-88.996396, 48.512565], [-88.996271, 48.512525], [-88.996176, 48.512471], [-88.996234, 48.512409], [-88.996443, 48.512337], [-88.996803, 48.512257], [-88.997316, 48.512168], [-88.997754, 48.512072], [-88.998118, 48.511969], [-88.998407, 48.51186], [-88.998623, 48.511744], [-88.998849, 48.511644], [-88.999085, 48.511559], [-88.999331, 48.51149], [-88.999587, 48.511436], [-88.999769, 48.511419], [-88.999877, 48.511436], [-88.99991, 48.51149], [-88.99987, 48.511579], [-88.999786, 48.511653], [-88.999658, 48.511711], [-88.999486, 48.511753], [-88.99927, 48.51178], [-88.999078, 48.511836], [-88.99891, 48.51192], [-88.998765, 48.512034], [-88.998643, 48.512177], [-88.998498, 48.512284], [-88.99833, 48.512355], [-88.998138, 48.512391], [-88.997922, 48.512391], [-88.99774, 48.512404], [-88.997592, 48.512431], [-88.997477, 48.512471], [-88.997396, 48.512525], [-88.997282, 48.512565], [-88.997134, 48.512592], [-88.996952, 48.512605], [-88.996736, 48.512605], [-88.996551, 48.512592], [-88.996396, 48.512565]]]}}, {"type": "Feature", "properties": {"lead": 0, "temp": "sp:salmon:s3"}, "geometry": {"type": "Polygon", "coordinates": [[[-89.056059, 48.491059], [-89.055971, 48.490898], [-89.055921, 48.49072], [-89.055907, 48.490524], [-89.055975, 48.490314], [-89.056123, 48.490091], [-89.056352, 48.489854], [-89.056662, 48.489604], [-89.056992, 48.48939], [-89.057343, 48.489212], [-89.057714, 48.489069], [-89.058104, 48.488962], [-89.058506, 48.488879], [-89.058917, 48.488821], [-89.059338, 48.488788], [-89.059769, 48.488779], [-89.06015, 48.488783], [-89.06048, 48.488801], [-89.06076, 48.488833], [-89.060989, 48.488877], [-89.061222, 48.488951], [-89.061458, 48.489053], [-89.061697, 48.489185], [-89.06194, 48.489346], [-89.062098, 48.489468], [-89.062172, 48.489553], [-89.062162, 48.4896], [-89.062068, 48.489609], [-89.061997, 48.489609], [-89.06195, 48.4896], [-89.061926, 48.489582], [-89.061926, 48.489555], [-89.061808, 48.489535], [-89.061572, 48.489522], [-89.061218, 48.489515], [-89.060747, 48.489515], [-89.060393, 48.489509], [-89.060157, 48.489495], [-89.060039, 48.489475], [-89.060039, 48.489448], [-89.059891, 48.489435], [-89.059594, 48.489435], [-89.059149, 48.489448], [-89.058556, 48.489475], [-89.058057, 48.489531], [-89.057653, 48.489616], [-89.057343, 48.489729], [-89.057127, 48.489872], [-89.056942, 48.489979], [-89.056787, 48.490051], [-89.056662, 48.490086], [-89.056568, 48.490086], [-89.056487, 48.490142], [-89.056419, 48.490254], [-89.056366, 48.490421], [-89.056325, 48.490644], [-89.056315, 48.490845], [-89.056335, 48.491023], [-89.056386, 48.49118], [-89.056467, 48.491313], [-89.056487, 48.491383], [-89.056446, 48.491387], [-89.056345, 48.491327], [-89.056184, 48.491202], [-89.056059, 48.491059]]]}}, {"type": "Feature", "properties": {"lead": 0, "temp": "sp:salmon:s3"}, "geometry": {"type": "Polygon", "coordinates": [[[-89.047182, 48.497], [-89.04789, 48.496763], [-89.048897, 48.496444], [-89.050205, 48.496043], [-89.051324, 48.495719], [-89.052254, 48.495474], [-89.052995, 48.495306], [-89.053548, 48.495217], [-89.053963, 48.495157], [-89.054239, 48.495126], [-89.054377, 48.495124], [-89.054377, 48.49515], [-89.054333, 48.495177], [-89.054246, 48.495204], [-89.054114, 48.495231], [-89.053939, 48.495257], [-89.053808, 48.495286], [-89.05372, 48.495318], [-89.053676, 48.495351], [-89.053676, 48.495387], [-89.053636, 48.49542], [-89.053555, 48.495451], [-89.053434, 48.49548], [-89.053272, 48.495507], [-89.05315, 48.495534], [-89.05307, 48.495561], [-89.053029, 48.495588], [-89.053029, 48.495614], [-89.052965, 48.495641], [-89.052837, 48.495668], [-89.052645, 48.495695], [-89.052389, 48.495721], [-89.052183, 48.495764], [-89.052028, 48.495822], [-89.051924, 48.495895], [-89.05187, 48.495985], [-89.051799, 48.496052], [-89.051711, 48.496096], [-89.051607, 48.496118], [-89.051486, 48.496118], [-89.051395, 48.496139], [-89.051334, 48.496179], [-89.051304, 48.496239], [-89.051304, 48.496319], [-89.051267, 48.496386], [-89.051192, 48.49644], [-89.051081, 48.49648], [-89.050933, 48.496507], [-89.050815, 48.496513], [-89.050727, 48.4965], [-89.05067, 48.496466], [-89.050643, 48.496413], [-89.050643, 48.496366], [-89.05067, 48.496326], [-89.050724, 48.496292], [-89.050805, 48.496266], [-89.050822, 48.496248], [-89.050775, 48.496239], [-89.050663, 48.496239], [-89.050488, 48.496248], [-89.050124, 48.496321], [-89.049572, 48.49646], [-89.04883, 48.496663], [-89.0479, 48.49693], [-89.047229, 48.497113], [-89.046818, 48.497211], [-89.046667, 48.497225], [-89.046774, 48.497153], [-89.047182, 48.497]], [[-89.05154, 48.495942], [-89.051526, 48.495947], [-89.051519, 48.495953], [-89.051519, 48.495962], [-89.051526, 48.495967], [-89.05154, 48.495967], [-89.05156, 48.495962], [-89.051587, 48.495953], [-89.0516, 48.495947], [-89.0516, 48.495942], [-89.051587, 48.49594], [-89.05156, 48.49594], [-89.05154, 48.495942]], [[-89.05251, 48.495657], [-89.052497, 48.495661], [-89.05249, 48.495668], [-89.05249, 48.495677], [-89.052497, 48.495681], [-89.05251, 48.495681], [-89.05253, 48.495677], [-89.052557, 48.495668], [-89.052571, 48.495661], [-89.052571, 48.495657], [-89.052557, 48.495654], [-89.05253, 48.495654], [-89.05251, 48.495657]]]}}, {"type": "Feature", "properties": {"lead": 0, "temp": "sp:salmon:s3"}, "geometry": {"type": "Polygon", "coordinates": [[[-89.050299, 48.49646], [-89.05034, 48.496446], [-89.050401, 48.49644], [-89.050481, 48.49644], [-89.050522, 48.496446], [-89.050522, 48.49646], [-89.050481, 48.49648], [-89.050401, 48.496507], [-89.05034, 48.49652], [-89.050299, 48.49652], [-89.050279, 48.496507], [-89.050279, 48.49648], [-89.050299, 48.49646]]]}}, {"type": "Feature", "properties": {"lead": 0, "temp": "sp:salmon:s3"}, "geometry": {"type": "Polygon", "coordinates": [[[-89.050111, 48.496636], [-89.050138, 48.496681], [-89.050043, 48.49677], [-89.049898, 48.496837], [-89.049703, 48.496881], [-89.049457, 48.496904], [-89.04916, 48.496904], [-89.049036, 48.496881], [-89.049083, 48.496837], [-89.049302, 48.49677], [-89.049693, 48.496681], [-89.049962, 48.496636], [-89.050111, 48.496636]]]}}, {"type": "Feature", "properties": {"lead": 0, "temp": "sp:salmon:s3"}, "geometry": {"type": "Polygon", "coordinates": [[[-89.047883, 48.497017], [-89.047913, 48.497011], [-89.047954, 48.497011], [-89.047974, 48.497017], [-89.047974, 48.497031], [-89.047954, 48.497051], [-89.047913, 48.497078], [-89.047883, 48.497091], [-89.047863, 48.497091], [-89.047853, 48.497078], [-89.047853, 48.497051], [-89.047863, 48.497031], [-89.047883, 48.497017]]]}}, {"type": "Feature", "properties": {"lead": 0, "temp": "sp:salmon:s3"}, "geometry": {"type": "Polygon", "coordinates": [[[-89.048443, 48.497245], [-89.048382, 48.497214], [-89.048331, 48.497167], [-89.048291, 48.497104], [-89.048291, 48.497058], [-89.048331, 48.497026], [-89.048412, 48.497011], [-89.048534, 48.497011], [-89.048625, 48.497026], [-89.048685, 48.497058], [-89.048716, 48.497104], [-89.048716, 48.497167], [-89.048695, 48.497214], [-89.048655, 48.497245], [-89.048594, 48.497261], [-89.048513, 48.497261], [-89.048443, 48.497245]]]}}, {"type": "Feature", "properties": {"lead": 0, "temp": "sp:salmon:s3"}, "geometry": {"type": "Polygon", "coordinates": [[[-89.047701, 48.497145], [-89.047721, 48.497127], [-89.047752, 48.497118], [-89.047792, 48.497118], [-89.047812, 48.497127], [-89.047812, 48.497145], [-89.047792, 48.497171], [-89.047752, 48.497207], [-89.047721, 48.497225], [-89.047701, 48.497225], [-89.047691, 48.497207], [-89.047691, 48.497171], [-89.047701, 48.497145]]]}}, {"type": "Feature", "properties": {"lead": 0, "temp": "sp:salmon:s3"}, "geometry": {"type": "Polygon", "coordinates": [[[-89.031329, 48.5], [-89.031363, 48.499946], [-89.031555, 48.49991], [-89.031906, 48.499893], [-89.032199, 48.499866], [-89.032435, 48.49983], [-89.032613, 48.499786], [-89.032735, 48.499732], [-89.032987, 48.499692], [-89.033372, 48.499665], [-89.033887, 48.499652], [-89.034534, 48.499652], [-89.035074, 48.499629], [-89.035505, 48.499585], [-89.035828, 48.499518], [-89.036044, 48.499429], [-89.036449, 48.499339], [-89.037042, 48.49925], [-89.037824, 48.499161], [-89.038794, 48.499072], [-89.039593, 48.498985], [-89.04022, 48.4989], [-89.040675, 48.498818], [-89.040958, 48.498737], [-89.04121, 48.498684], [-89.041433, 48.498657], [-89.041625, 48.498657], [-89.041787, 48.498684], [-89.041908, 48.498693], [-89.041989, 48.498684], [-89.042029, 48.498657], [-89.042029, 48.498612], [-89.042073, 48.498568], [-89.042161, 48.498523], [-89.042292, 48.498478], [-89.042467, 48.498434], [-89.042737, 48.498394], [-89.043101, 48.498358], [-89.043559, 48.498327], [-89.044112, 48.4983], [-89.04456, 48.498246], [-89.044904, 48.498166], [-89.045143, 48.498059], [-89.045278, 48.497925], [-89.04542, 48.497829], [-89.045568, 48.497771], [-89.045723, 48.497751], [-89.045885, 48.497769], [-89.04603, 48.497756], [-89.046158, 48.497711], [-89.046269, 48.497635], [-89.046363, 48.497528], [-89.046508, 48.497441], [-89.046704, 48.497374], [-89.04695, 48.497327], [-89.047246, 48.497301], [-89.047448, 48.497301], [-89.047556, 48.497327], [-89.04757, 48.497381], [-89.047489, 48.497461], [-89.04731, 48.497551], [-89.047034, 48.497649], [-89.04666, 48.497756], [-89.046188, 48.497872], [-89.0458, 48.497988], [-89.045497, 48.498104], [-89.045278, 48.49822], [-89.045143, 48.498336], [-89.044988, 48.498423], [-89.044813, 48.498481], [-89.044618, 48.49851], [-89.044402, 48.49851], [-89.044132, 48.498536], [-89.043809, 48.49859], [-89.043431, 48.49867], [-89.043, 48.498777], [-89.042602, 48.498858], [-89.042238, 48.498911], [-89.041908, 48.498938], [-89.041611, 48.498938], [-89.041359, 48.498954], [-89.04115, 48.498985], [-89.040985, 48.499032], [-89.040863, 48.499094], [-89.040523, 48.499154], [-89.039963, 48.499212], [-89.039185, 48.499268], [-89.038187, 48.499322], [-89.037335, 48.499391], [-89.036627, 48.499476], [-89.036064, 48.499576], [-89.035646, 48.499692], [-89.035192, 48.499779], [-89.034699, 48.499837], [-89.03417, 48.499866], [-89.033604, 48.499866], [-89.03318, 48.499886], [-89.032897, 48.499926], [-89.032755, 48.499986], [-89.032755, 48.500067], [-89.032718, 48.500134], [-89.032644, 48.500187], [-89.032533, 48.500227], [-89.032384, 48.500254], [-89.032202, 48.500252], [-89.031987, 48.50022], [-89.031737, 48.50016], [-89.031454, 48.500071], [-89.031329, 48.5]], [[-89.033045, 48.499719], [-89.033031, 48.499728], [-89.033025, 48.499736], [-89.033025, 48.499745], [-89.033031, 48.499748], [-89.033045, 48.499743], [-89.033065, 48.499732], [-89.033092, 48.499714], [-89.033105, 48.499703], [-89.033105, 48.499699], [-89.033092, 48.499701], [-89.033065, 48.49971], [-89.033045, 48.499719]]]}}, {"type": "Feature", "properties": {"lead": 0, "temp": "sp:salmon:s3"}, "geometry": {"type": "Polygon", "coordinates": [[[-89.027488, 48.500323], [-89.027875, 48.500209], [-89.028253, 48.500129], [-89.028654, 48.500069], [-89.029078, 48.500029], [-89.029526, 48.500009], [-89.029998, 48.500009], [-89.030352, 48.50002], [-89.030588, 48.500042], [-89.030706, 48.500076], [-89.030706, 48.50012], [-89.030672, 48.500154], [-89.030605, 48.500176], [-89.030504, 48.500187], [-89.030369, 48.500187], [-89.030268, 48.500196], [-89.0302, 48.500214], [-89.030167, 48.500241], [-89.030167, 48.500276], [-89.030093, 48.500294], [-89.029944, 48.500294], [-89.029722, 48.500276], [-89.029425, 48.500241], [-89.029183, 48.500236], [-89.028994, 48.500263], [-89.028859, 48.500321], [-89.028778, 48.50041], [-89.028664, 48.50047], [-89.028515, 48.500502], [-89.028333, 48.500504], [-89.028118, 48.500477], [-89.027912, 48.500499], [-89.027717, 48.500571], [-89.027531, 48.500691], [-89.027356, 48.500861], [-89.027134, 48.500992], [-89.026864, 48.501086], [-89.026547, 48.501142], [-89.026183, 48.50116], [-89.026015, 48.501119], [-89.026042, 48.501021], [-89.026264, 48.500865], [-89.026682, 48.500651], [-89.02709, 48.50047], [-89.027488, 48.500323]]]}}, {"type": "Feature", "properties": {"lead": 0, "temp": "sp:salmon:s3"}, "geometry": {"type": "Polygon", "coordinates": [[[-89.022186, 48.502123], [-89.022133, 48.502096], [-89.022133, 48.502061], [-89.022193, 48.502023], [-89.022315, 48.501983], [-89.022497, 48.50194], [-89.022739, 48.501896], [-89.022978, 48.501862], [-89.023214, 48.50184], [-89.023447, 48.501829], [-89.023676, 48.501829], [-89.023922, 48.5018], [-89.024185, 48.501742], [-89.024465, 48.501655], [-89.024761, 48.501539], [-89.024974, 48.501472], [-89.025102, 48.501454], [-89.025145, 48.501485], [-89.025105, 48.501565], [-89.025031, 48.501646], [-89.024923, 48.501726], [-89.024781, 48.501806], [-89.024606, 48.501887], [-89.024401, 48.50194], [-89.024165, 48.501967], [-89.023898, 48.501967], [-89.023602, 48.50194], [-89.023369, 48.501936], [-89.023201, 48.501954], [-89.023096, 48.501994], [-89.023056, 48.502056], [-89.022972, 48.502103], [-89.022844, 48.502134], [-89.022672, 48.50215], [-89.022456, 48.50215], [-89.022294, 48.502141], [-89.022186, 48.502123]]]}}, {"type": "Feature", "properties": {"lead": 0, "temp": "sp:salmon:s3"}, "geometry": {"type": "Polygon", "coordinates": [[[-89.021293, 48.502364], [-89.021421, 48.502293], [-89.021566, 48.502257], [-89.021728, 48.502257], [-89.021839, 48.50227], [-89.0219, 48.502297], [-89.02191, 48.502337], [-89.02187, 48.502391], [-89.021785, 48.502453], [-89.021657, 48.502525], [-89.021486, 48.502605], [-89.02127, 48.502694], [-89.021132, 48.502725], [-89.021071, 48.502699], [-89.021088, 48.502614], [-89.021182, 48.502471], [-89.021293, 48.502364]]]}}, {"type": "Feature", "properties": {"lead": 0, "temp": "sp:salmon:s3"}, "geometry": {"type": "Polygon", "coordinates": [[[-89.020865, 48.503096], [-89.020892, 48.503078], [-89.02094, 48.503082], [-89.021007, 48.503109], [-89.021044, 48.503138], [-89.021051, 48.503169], [-89.021027, 48.503203], [-89.020973, 48.503238], [-89.020929, 48.503249], [-89.020896, 48.503236], [-89.020872, 48.503198], [-89.020859, 48.503136], [-89.020865, 48.503096]]]}}, {"type": "Feature", "properties": {"lead": 0, "temp": "sp:salmon:s3"}, "geometry": {"type": "Polygon", "coordinates": [[[-89.019005, 48.503499], [-89.018789, 48.503486], [-89.018682, 48.503466], [-89.018682, 48.503439], [-89.018715, 48.503412], [-89.018783, 48.503385], [-89.018884, 48.503359], [-89.019019, 48.503332], [-89.019194, 48.503325], [-89.01941, 48.503339], [-89.019666, 48.503372], [-89.019962, 48.503426], [-89.020077, 48.503466], [-89.020009, 48.503493], [-89.01976, 48.503506], [-89.019329, 48.503506], [-89.019005, 48.503499]]]}}, {"type": "Feature", "properties": {"lead": 0, "temp": "sp:salmon:s3"}, "geometry": {"type": "Polygon", "coordinates": [[[-89.016198, 48.503876], [-89.016585, 48.503724], [-89.017165, 48.503537], [-89.017664, 48.503397], [-89.018082, 48.503303], [-89.018419, 48.503256], [-89.018675, 48.503256], [-89.018833, 48.503258], [-89.018894, 48.503263], [-89.018857, 48.503269], [-89.018722, 48.503278], [-89.018611, 48.503305], [-89.018523, 48.50335], [-89.018459, 48.503412], [-89.018419, 48.503493], [-89.018355, 48.503553], [-89.018267, 48.503593], [-89.018156, 48.503613], [-89.018021, 48.503613], [-89.01791, 48.503629], [-89.017822, 48.50366], [-89.017758, 48.503707], [-89.017718, 48.503769], [-89.017613, 48.503836], [-89.017445, 48.503907], [-89.017212, 48.503983], [-89.016916, 48.504063], [-89.016646, 48.504113], [-89.016403, 48.50413], [-89.016188, 48.504117], [-89.015999, 48.504072], [-89.016002, 48.503992], [-89.016198, 48.503876]]]}}, {"type": "Feature", "properties": {"lead": 0, "temp": "sp:salmon:s3"}, "geometry": {"type": "Polygon", "coordinates": [[[-89.016002, 48.504191], [-89.016073, 48.504184], [-89.016168, 48.504184], [-89.016215, 48.504191], [-89.016215, 48.504204], [-89.016168, 48.504224], [-89.016073, 48.504251], [-89.016002, 48.504264], [-89.015955, 48.504264], [-89.015932, 48.504251], [-89.015932, 48.504224], [-89.015955, 48.504204], [-89.016002, 48.504191]]]}}, {"type": "Feature", "properties": {"lead": 0, "temp": "sp:salmon:s3"}, "geometry": {"type": "Polygon", "coordinates": [[[-89.01578, 48.504311], [-89.0158, 48.504298], [-89.015831, 48.504291], [-89.015871, 48.504291], [-89.015891, 48.504298], [-89.015891, 48.504311], [-89.015871, 48.504331], [-89.015831, 48.504358], [-89.0158, 48.504371], [-89.01578, 48.504371], [-89.01577, 48.504358], [-89.01577, 48.504331], [-89.01578, 48.504311]]]}}, {"type": "Feature", "properties": {"lead": 0, "temp": "sp:salmon:s3"}, "geometry": {"type": "Polygon", "coordinates": [[[-89.015069, 48.504532], [-89.014961, 48.504514], [-89.014907, 48.504487], [-89.014907, 48.504452], [-89.014941, 48.504418], [-89.015008, 48.504387], [-89.015109, 48.504358], [-89.015244, 48.504331], [-89.015366, 48.504327], [-89.015473, 48.504345], [-89.015568, 48.504385], [-89.015649, 48.504447], [-89.015655, 48.504494], [-89.015588, 48.504525], [-89.015446, 48.504541], [-89.015231, 48.504541], [-89.015069, 48.504532]]]}}, {"type": "Feature", "properties": {"lead": 0, "temp": "sp:salmon:s3"}, "geometry": {"type": "Polygon", "coordinates": [[[-89.012777, 48.505553], [-89.012777, 48.505509], [-89.012818, 48.50546], [-89.012899, 48.505406], [-89.012993, 48.505366], [-89.013101, 48.505339], [-89.013222, 48.505326], [-89.013357, 48.505326], [-89.013478, 48.505304], [-89.013586, 48.505259], [-89.01368, 48.505192], [-89.013761, 48.505103], [-89.013846, 48.505036], [-89.013933, 48.504991], [-89.014024, 48.504969], [-89.014119, 48.504969], [-89.014199, 48.504942], [-89.014267, 48.504889], [-89.014321, 48.504808], [-89.014361, 48.504701], [-89.014422, 48.504621], [-89.014503, 48.504568], [-89.014604, 48.504541], [-89.014725, 48.504541], [-89.014786, 48.504576], [-89.014786, 48.504648], [-89.014725, 48.504755], [-89.014604, 48.504898], [-89.014489, 48.505005], [-89.014381, 48.505076], [-89.01428, 48.505112], [-89.014186, 48.505112], [-89.014051, 48.505147], [-89.013876, 48.505219], [-89.01366, 48.505326], [-89.013404, 48.505469], [-89.013192, 48.505567], [-89.013023, 48.50562], [-89.012899, 48.505629], [-89.012818, 48.505593], [-89.012777, 48.505553]]]}}, {"type": "Feature", "properties": {"lead": 0, "temp": "sp:salmon:s3"}, "geometry": {"type": "Polygon", "coordinates": [[[-89.012258, 48.505689], [-89.012359, 48.505683], [-89.012494, 48.505683], [-89.012562, 48.505689], [-89.012562, 48.505703], [-89.012494, 48.505723], [-89.012359, 48.50575], [-89.012258, 48.505763], [-89.012191, 48.505763], [-89.012157, 48.50575], [-89.012157, 48.505723], [-89.012191, 48.505703], [-89.012258, 48.505689]]]}}, {"type": "Feature", "properties": {"lead": 0, "temp": "sp:salmon:s3"}, "geometry": {"type": "Polygon", "coordinates": [[[-89.012026, 48.505796], [-89.012056, 48.50579], [-89.012097, 48.50579], [-89.012117, 48.505796], [-89.012117, 48.50581], [-89.012097, 48.50583], [-89.012056, 48.505857], [-89.012026, 48.50587], [-89.012006, 48.50587], [-89.011995, 48.505857], [-89.011995, 48.50583], [-89.012006, 48.50581], [-89.012026, 48.505796]]]}}, {"type": "Feature", "properties": {"lead": 0, "temp": "sp:salmon:s3"}, "geometry": {"type": "Polygon", "coordinates": [[[-89.011682, 48.505917], [-89.011702, 48.505903], [-89.011733, 48.505897], [-89.011773, 48.505897], [-89.011793, 48.505903], [-89.011793, 48.505917], [-89.011773, 48.505937], [-89.011733, 48.505964], [-89.011702, 48.505977], [-89.011682, 48.505977], [-89.011672, 48.505964], [-89.011672, 48.505937], [-89.011682, 48.505917]]]}}, {"type": "Feature", "properties": {"lead": 0, "temp": "sp:salmon:s3"}, "geometry": {"type": "Polygon", "coordinates": [[[-89.011318, 48.506024], [-89.011365, 48.506011], [-89.011436, 48.506004], [-89.01153, 48.506004], [-89.011578, 48.506011], [-89.011578, 48.506024], [-89.01153, 48.506044], [-89.011436, 48.506071], [-89.011365, 48.506084], [-89.011318, 48.506084], [-89.011294, 48.506071], [-89.011294, 48.506044], [-89.011318, 48.506024]]]}}, {"type": "Feature", "properties": {"lead": 0, "temp": "sp:salmon:s3"}, "geometry": {"type": "Polygon", "coordinates": [[[-89.010405, 48.506465], [-89.010486, 48.506407], [-89.010654, 48.506334], [-89.01091, 48.506245], [-89.011092, 48.506193], [-89.0112, 48.50618], [-89.011234, 48.506205], [-89.011193, 48.506267], [-89.011133, 48.506327], [-89.011052, 48.506385], [-89.010951, 48.506441], [-89.010829, 48.506494], [-89.010715, 48.506528], [-89.010607, 48.506541], [-89.010506, 48.506535], [-89.010412, 48.506508], [-89.010405, 48.506465]]]}}, {"type": "Feature", "properties": {"lead": 0, "temp": "sp:salmon:s3"}, "geometry": {"type": "Polygon", "coordinates": [[[-89.010139, 48.506581], [-89.010169, 48.506575], [-89.010209, 48.506575], [-89.01023, 48.506581], [-89.01023, 48.506595], [-89.010209, 48.506615], [-89.010169, 48.506642], [-89.010139, 48.506655], [-89.010118, 48.506655], [-89.010108, 48.506642], [-89.010108, 48.506615], [-89.010118, 48.506595], [-89.010139, 48.506581]]]}}, {"type": "Feature", "properties": {"lead": 0, "temp": "sp:salmon:s3"}, "geometry": {"type": "Polygon", "coordinates": [[[-89.010017, 48.506735], [-89.009987, 48.506775], [-89.009906, 48.506838], [-89.009835, 48.506876], [-89.009775, 48.506889], [-89.009724, 48.506878], [-89.009684, 48.506842], [-89.009684, 48.506809], [-89.009724, 48.506778], [-89.009805, 48.506749], [-89.009926, 48.506722], [-89.009997, 48.506717], [-89.010017, 48.506735]]]}}, {"type": "Feature", "properties": {"lead": 0, "temp": "sp:salmon:s3"}, "geometry": {"type": "Polygon", "coordinates": [[[-89.009421, 48.507059], [-89.009448, 48.507045], [-89.009488, 48.507039], [-89.009542, 48.507039], [-89.009569, 48.507045], [-89.009569, 48.507059], [-89.009542, 48.507079], [-89.009488, 48.507106], [-89.009448, 48.507119], [-89.009421, 48.507119], [-89.009407, 48.507106], [-89.009407, 48.507079], [-89.009421, 48.507059]]]}}, {"type": "Feature", "properties": {"lead": 0, "temp": "sp:salmon:s3"}, "geometry": {"type": "Polygon", "coordinates": [[[-89.009256, 48.507166], [-89.009276, 48.507152], [-89.009306, 48.507146], [-89.009347, 48.507146], [-89.009367, 48.507152], [-89.009367, 48.507166], [-89.009347, 48.507186], [-89.009306, 48.507213], [-89.009276, 48.507226], [-89.009256, 48.507226], [-89.009246, 48.507213], [-89.009246, 48.507186], [-89.009256, 48.507166]]]}}, {"type": "Feature", "properties": {"lead": 0, "temp": "sp:salmon:s3"}, "geometry": {"type": "Polygon", "coordinates": [[[-89.008932, 48.507273], [-89.008952, 48.507259], [-89.008983, 48.507253], [-89.009023, 48.507253], [-89.009043, 48.507259], [-89.009043, 48.507273], [-89.009023, 48.507293], [-89.008983, 48.50732], [-89.008952, 48.507333], [-89.008932, 48.507333], [-89.008922, 48.50732], [-89.008922, 48.507293], [-89.008932, 48.507273]]]}}, {"type": "Feature", "properties": {"lead": 0, "temp": "sp:salmon:s3"}, "geometry": {"type": "Polygon", "coordinates": [[[-88.987371, 48.501197], [-88.987421, 48.501142], [-88.987502, 48.501088], [-88.98764, 48.501026], [-88.987836, 48.500954], [-88.988088, 48.500874], [-88.988398, 48.500785], [-88.988796, 48.500638], [-88.989281, 48.500432], [-88.989854, 48.500169], [-88.990515, 48.499848], [-88.991135, 48.499571], [-88.991715, 48.499339], [-88.992254, 48.499152], [-88.992752, 48.499009], [-88.993174, 48.498904], [-88.993517, 48.498838], [-88.993784, 48.498809], [-88.993972, 48.498818], [-88.994144, 48.498844], [-88.994299, 48.498889], [-88.994438, 48.498951], [-88.994559, 48.499032], [-88.994657, 48.499107], [-88.994731, 48.499179], [-88.994781, 48.499246], [-88.994808, 48.499308], [-88.994818, 48.499355], [-88.994812, 48.499386], [-88.994788, 48.499402], [-88.994748, 48.499402], [-88.994717, 48.499389], [-88.994697, 48.499362], [-88.994687, 48.499322], [-88.994687, 48.499268], [-88.994677, 48.499228], [-88.994657, 48.499201], [-88.994626, 48.499188], [-88.994586, 48.499188], [-88.994532, 48.499208], [-88.994464, 48.499248], [-88.994384, 48.499308], [-88.994289, 48.499389], [-88.994165, 48.499429], [-88.99401, 48.499429], [-88.993824, 48.499389], [-88.993608, 48.499308], [-88.993362, 48.499284], [-88.993086, 48.499315], [-88.992779, 48.499402], [-88.992442, 48.499545], [-88.992186, 48.49967], [-88.992011, 48.499777], [-88.991917, 48.499866], [-88.991903, 48.499937], [-88.991822, 48.499989], [-88.991674, 48.50002], [-88.991458, 48.500031], [-88.991175, 48.500022], [-88.990963, 48.500035], [-88.990821, 48.500071], [-88.990751, 48.500129], [-88.990751, 48.500209], [-88.990687, 48.500283], [-88.990559, 48.50035], [-88.990366, 48.50041], [-88.99011, 48.500464], [-88.989885, 48.500526], [-88.989689, 48.500597], [-88.989524, 48.500678], [-88.989389, 48.500767], [-88.989204, 48.500847], [-88.988968, 48.500919], [-88.988681, 48.500981], [-88.988344, 48.501035], [-88.988068, 48.501097], [-88.987852, 48.501168], [-88.987697, 48.501249], [-88.987603, 48.501338], [-88.987522, 48.501389], [-88.987455, 48.501403], [-88.987401, 48.501378], [-88.98736, 48.501316], [-88.98735, 48.501255], [-88.987371, 48.501197]]]}}, {"type": "Feature", "properties": {"lead": 0, "temp": "sp:salmon:s3"}, "geometry": {"type": "Polygon", "coordinates": [[[-88.988001, 48.503296], [-88.987967, 48.503261], [-88.987981, 48.503216], [-88.988085, 48.503111], [-88.98828, 48.502946], [-88.988567, 48.502721], [-88.988944, 48.502435], [-88.989251, 48.502221], [-88.989487, 48.502078], [-88.989652, 48.502007], [-88.989746, 48.502007], [-88.989912, 48.501951], [-88.990147, 48.50184], [-88.990454, 48.501673], [-88.990832, 48.501449], [-88.991158, 48.501276], [-88.991435, 48.501151], [-88.991661, 48.501075], [-88.991836, 48.501048], [-88.991977, 48.501012], [-88.992085, 48.500968], [-88.992159, 48.500914], [-88.9922, 48.500852], [-88.992294, 48.500791], [-88.992442, 48.500734], [-88.992645, 48.500678], [-88.992901, 48.500624], [-88.993089, 48.500571], [-88.993211, 48.500517], [-88.993265, 48.500464], [-88.993251, 48.50041], [-88.993288, 48.50037], [-88.993376, 48.500343], [-88.993514, 48.50033], [-88.993703, 48.50033], [-88.993902, 48.500278], [-88.994111, 48.500176], [-88.99433, 48.500022], [-88.994559, 48.499817], [-88.994734, 48.499703], [-88.994855, 48.499681], [-88.994923, 48.49975], [-88.994936, 48.49991], [-88.994906, 48.500069], [-88.994832, 48.500225], [-88.994714, 48.500379], [-88.994552, 48.500531], [-88.994303, 48.50068], [-88.993966, 48.500827], [-88.993541, 48.500972], [-88.993029, 48.501115], [-88.99252, 48.501278], [-88.992014, 48.501461], [-88.991512, 48.501664], [-88.991014, 48.501887], [-88.990538, 48.502125], [-88.990087, 48.50238], [-88.989659, 48.502649], [-88.989254, 48.502935], [-88.988907, 48.503147], [-88.988617, 48.503285], [-88.988385, 48.50335], [-88.98821, 48.503341], [-88.988082, 48.503323], [-88.988001, 48.503296]]]}}, {"type": "Feature", "properties": {"lead": 0, "temp": "sp:salmon:s3"}, "geometry": {"type": "Polygon", "coordinates": [[[-89.00877, 48.507387], [-89.008791, 48.507369], [-89.008821, 48.50736], [-89.008861, 48.50736], [-89.008882, 48.507369], [-89.008882, 48.507387], [-89.008861, 48.507413], [-89.008821, 48.507449], [-89.008791, 48.507467], [-89.00877, 48.507467], [-89.00876, 48.507449], [-89.00876, 48.507413], [-89.00877, 48.507387]]]}}, {"type": "Feature", "properties": {"lead": 0, "temp": "sp:salmon:s3"}, "geometry": {"type": "Polygon", "coordinates": [[[-89.008609, 48.507523], [-89.008629, 48.507509], [-89.008659, 48.507503], [-89.0087, 48.507503], [-89.00872, 48.507509], [-89.00872, 48.507523], [-89.0087, 48.507543], [-89.008659, 48.507569], [-89.008629, 48.507583], [-89.008609, 48.507583], [-89.008598, 48.507569], [-89.008598, 48.507543], [-89.008609, 48.507523]]]}}, {"type": "Feature", "properties": {"lead": 0, "temp": "sp:salmon:s3"}, "geometry": {"type": "Polygon", "coordinates": [[[-89.008396, 48.50763], [-89.008423, 48.507616], [-89.008464, 48.50761], [-89.008518, 48.50761], [-89.008545, 48.507616], [-89.008545, 48.50763], [-89.008518, 48.50765], [-89.008464, 48.507676], [-89.008423, 48.50769], [-89.008396, 48.50769], [-89.008383, 48.507676], [-89.008383, 48.50765], [-89.008396, 48.50763]]]}}, {"type": "Feature", "properties": {"lead": 0, "temp": "sp:salmon:s3"}, "geometry": {"type": "Polygon", "coordinates": [[[-89.008251, 48.507723], [-89.008282, 48.507717], [-89.008322, 48.507717], [-89.008342, 48.507723], [-89.008342, 48.507737], [-89.008322, 48.507757], [-89.008282, 48.507784], [-89.008251, 48.507797], [-89.008231, 48.507797], [-89.008221, 48.507784], [-89.008221, 48.507757], [-89.008231, 48.507737], [-89.008251, 48.507723]]]}}, {"type": "Feature", "properties": {"lead": 0, "temp": "sp:salmon:s3"}, "geometry": {"type": "Polygon", "coordinates": [[[-89.00809, 48.50783], [-89.00812, 48.507824], [-89.00816, 48.507824], [-89.008181, 48.50783], [-89.008181, 48.507844], [-89.00816, 48.507864], [-89.00812, 48.507891], [-89.00809, 48.507904], [-89.008069, 48.507904], [-89.008059, 48.507891], [-89.008059, 48.507864], [-89.008069, 48.507844], [-89.00809, 48.50783]]]}}, {"type": "Feature", "properties": {"lead": 0, "temp": "sp:salmon:s3"}, "geometry": {"type": "Polygon", "coordinates": [[[-89.007756, 48.507957], [-89.007796, 48.50794], [-89.007857, 48.507931], [-89.007938, 48.507931], [-89.007978, 48.50794], [-89.007978, 48.507957], [-89.007938, 48.507984], [-89.007857, 48.50802], [-89.007796, 48.508038], [-89.007756, 48.508038], [-89.007736, 48.50802], [-89.007736, 48.507984], [-89.007756, 48.507957]]]}}, {"type": "Feature", "properties": {"lead": 0, "temp": "sp:salmon:s3"}, "geometry": {"type": "Polygon", "coordinates": [[[-89.00756, 48.50808], [-89.007601, 48.508073], [-89.007655, 48.508073], [-89.007682, 48.50808], [-89.007682, 48.508094], [-89.007655, 48.508114], [-89.007601, 48.50814], [-89.00756, 48.508154], [-89.007534, 48.508154], [-89.00752, 48.50814], [-89.00752, 48.508114], [-89.007534, 48.508094], [-89.00756, 48.50808]]]}}, {"type": "Feature", "properties": {"lead": 0, "temp": "sp:salmon:s3"}, "geometry": {"type": "Polygon", "coordinates": [[[-89.007389, 48.508187], [-89.007419, 48.50818], [-89.007459, 48.50818], [-89.00748, 48.508187], [-89.00748, 48.508201], [-89.007459, 48.508221], [-89.007419, 48.508247], [-89.007389, 48.508261], [-89.007368, 48.508261], [-89.007358, 48.508247], [-89.007358, 48.508221], [-89.007368, 48.508201], [-89.007389, 48.508187]]]}}, {"type": "Feature", "properties": {"lead": 0, "temp": "sp:salmon:s3"}, "geometry": {"type": "Polygon", "coordinates": [[[-89.005107, 48.509313], [-89.005026, 48.509296], [-89.004986, 48.509269], [-89.004986, 48.509233], [-89.00505, 48.509193], [-89.005178, 48.509148], [-89.00537, 48.509099], [-89.005626, 48.509046], [-89.005872, 48.508963], [-89.006108, 48.508852], [-89.006334, 48.508711], [-89.006549, 48.508542], [-89.006742, 48.508415], [-89.00691, 48.50833], [-89.007055, 48.508288], [-89.007176, 48.508288], [-89.007193, 48.508337], [-89.007106, 48.508435], [-89.006913, 48.508582], [-89.006617, 48.508778], [-89.006361, 48.508932], [-89.006145, 48.509044], [-89.00597, 48.509113], [-89.005835, 48.509139], [-89.005734, 48.509168], [-89.005667, 48.5092], [-89.005633, 48.509233], [-89.005633, 48.509269], [-89.005592, 48.509296], [-89.005511, 48.509313], [-89.00539, 48.509322], [-89.005228, 48.509322], [-89.005107, 48.509313]]]}}, {"type": "Feature", "properties": {"lead": 0, "temp": "sp:salmon:s3"}, "geometry": {"type": "Polygon", "coordinates": [[[-89.000268, 48.511055], [-89.000497, 48.510986], [-89.000847, 48.510906], [-89.00113, 48.510816], [-89.001346, 48.510718], [-89.001494, 48.510611], [-89.001575, 48.510495], [-89.00169, 48.510395], [-89.001838, 48.51031], [-89.00202, 48.510241], [-89.002236, 48.510188], [-89.002431, 48.510118], [-89.002607, 48.510034], [-89.002762, 48.509933], [-89.002896, 48.509817], [-89.003018, 48.509737], [-89.003125, 48.509693], [-89.00322, 48.509684], [-89.003301, 48.50971], [-89.003459, 48.509704], [-89.003695, 48.509664], [-89.004008, 48.50959], [-89.004399, 48.509483], [-89.004629, 48.509438], [-89.004696, 48.509456], [-89.004602, 48.509536], [-89.004345, 48.509679], [-89.004099, 48.509786], [-89.003864, 48.509858], [-89.003638, 48.509893], [-89.003422, 48.509893], [-89.003227, 48.50992], [-89.003051, 48.509973], [-89.002896, 48.510054], [-89.002762, 48.510161], [-89.002617, 48.510248], [-89.002462, 48.510315], [-89.002296, 48.510362], [-89.002121, 48.510388], [-89.00197, 48.510444], [-89.001842, 48.510529], [-89.001737, 48.510643], [-89.001656, 48.510785], [-89.001531, 48.510908], [-89.001363, 48.51101], [-89.001151, 48.511093], [-89.000895, 48.511155], [-89.000669, 48.511193], [-89.000473, 48.511207], [-89.000308, 48.511196], [-89.000173, 48.51116], [-89.00016, 48.511113], [-89.000268, 48.511055]]]}}, {"type": "Feature", "properties": {"lead": 0, "temp": "sp:salmon:s3"}, "geometry": {"type": "Polygon", "coordinates": [[[-88.996396, 48.512565], [-88.996271, 48.512525], [-88.996176, 48.512471], [-88.996234, 48.512409], [-88.996443, 48.512337], [-88.996803, 48.512257], [-88.997316, 48.512168], [-88.997754, 48.512072], [-88.998118, 48.511969], [-88.998407, 48.51186], [-88.998623, 48.511744], [-88.998849, 48.511644], [-88.999085, 48.511559], [-88.999331, 48.51149], [-88.999587, 48.511436], [-88.999769, 48.511419], [-88.999877, 48.511436], [-88.99991, 48.51149], [-88.99987, 48.511579], [-88.999786, 48.511653], [-88.999658, 48.511711], [-88.999486, 48.511753], [-88.99927, 48.51178], [-88.999078, 48.511836], [-88.99891, 48.51192], [-88.998765, 48.512034], [-88.998643, 48.512177], [-88.998498, 48.512284], [-88.99833, 48.512355], [-88.998138, 48.512391], [-88.997922, 48.512391], [-88.99774, 48.512404], [-88.997592, 48.512431], [-88.997477, 48.512471], [-88.997396, 48.512525], [-88.997282, 48.512565], [-88.997134, 48.512592], [-88.996952, 48.512605], [-88.996736, 48.512605], [-88.996551, 48.512592], [-88.996396, 48.512565]]]}}, {"type": "Feature", "properties": {"lead": 0, "temp": "sp:steelhead:s1"}, "geometry": {"type": "Polygon", "coordinates": [[[-89.057157, 48.489372], [-89.057137, 48.489372], [-89.057127, 48.489355], [-89.057127, 48.489319], [-89.057137, 48.489292], [-89.057157, 48.489274], [-89.057188, 48.489265], [-89.057228, 48.489265], [-89.057248, 48.489274], [-89.057248, 48.489292], [-89.057228, 48.489319], [-89.057188, 48.489355], [-89.057157, 48.489372]]]}}, {"type": "Feature", "properties": {"lead": 0, "temp": "sp:steelhead:s1"}, "geometry": {"type": "Polygon", "coordinates": [[[-88.994471, 48.51333], [-88.993905, 48.513292], [-88.993312, 48.513203], [-88.992739, 48.513084], [-88.992186, 48.512937], [-88.991654, 48.512761], [-88.991142, 48.512556], [-88.990565, 48.512302], [-88.989925, 48.511998], [-88.989221, 48.511646], [-88.988452, 48.511245], [-88.987876, 48.510903], [-88.987492, 48.510622], [-88.9873, 48.510402], [-88.9873, 48.510241], [-88.98734, 48.510127], [-88.987421, 48.51006], [-88.987542, 48.51004], [-88.987704, 48.510067], [-88.988112, 48.510228], [-88.988766, 48.510522], [-88.989666, 48.51095], [-88.990811, 48.511512], [-88.991789, 48.51196], [-88.992597, 48.512295], [-88.993238, 48.512516], [-88.99371, 48.512623], [-88.994185, 48.51267], [-88.994663, 48.512656], [-88.995145, 48.512583], [-88.995631, 48.512449], [-88.996092, 48.512342], [-88.99653, 48.512261], [-88.996945, 48.512208], [-88.997336, 48.512181], [-88.997747, 48.512119], [-88.998178, 48.512021], [-88.99863, 48.511887], [-88.999102, 48.511717], [-88.999469, 48.511566], [-88.999732, 48.511432], [-88.99989, 48.511316], [-88.999944, 48.511218], [-89.000089, 48.51112], [-89.000325, 48.511022], [-89.000652, 48.510923], [-89.00107, 48.510825], [-89.001383, 48.510736], [-89.001592, 48.510656], [-89.001697, 48.510585], [-89.001697, 48.510522], [-89.00173, 48.510455], [-89.001798, 48.510384], [-89.001899, 48.510308], [-89.002034, 48.510228], [-89.002165, 48.510168], [-89.002293, 48.510127], [-89.002418, 48.510107], [-89.002539, 48.510107], [-89.00263, 48.510094], [-89.002691, 48.510067], [-89.002721, 48.510027], [-89.002721, 48.509973], [-89.002937, 48.509875], [-89.003368, 48.509733], [-89.004015, 48.509545], [-89.004878, 48.509313], [-89.005623, 48.509075], [-89.00625, 48.508829], [-89.006758, 48.508577], [-89.007149, 48.508319], [-89.007496, 48.508111], [-89.0078, 48.507955], [-89.008059, 48.50785], [-89.008275, 48.507797], [-89.008447, 48.507734], [-89.008575, 48.507663], [-89.008659, 48.507583], [-89.0087, 48.507494], [-89.008784, 48.507407], [-89.008912, 48.507322], [-89.009084, 48.507239], [-89.009299, 48.507159], [-89.009461, 48.507083], [-89.009569, 48.507012], [-89.009623, 48.506945], [-89.009623, 48.506883], [-89.009643, 48.506836], [-89.009684, 48.506804], [-89.009744, 48.506789], [-89.009825, 48.506789], [-89.00993, 48.506753], [-89.010058, 48.506682], [-89.010209, 48.506575], [-89.010385, 48.506432], [-89.010644, 48.506292], [-89.010988, 48.506153], [-89.011416, 48.506017], [-89.011928, 48.505883], [-89.012322, 48.505767], [-89.012599, 48.505669], [-89.012757, 48.505589], [-89.012798, 48.505527], [-89.012862, 48.50548], [-89.012949, 48.505448], [-89.01306, 48.505433], [-89.013195, 48.505433], [-89.01337, 48.505377], [-89.013586, 48.505266], [-89.013842, 48.505098], [-89.014139, 48.504875], [-89.014392, 48.504708], [-89.014601, 48.504597], [-89.014766, 48.504541], [-89.014887, 48.504541], [-89.014968, 48.504532], [-89.015008, 48.504514], [-89.015008, 48.504487], [-89.014968, 48.504452], [-89.015015, 48.504418], [-89.01515, 48.504387], [-89.015372, 48.504358], [-89.015682, 48.504331], [-89.015955, 48.504284], [-89.016191, 48.504217], [-89.01639, 48.50413], [-89.016552, 48.504023], [-89.016727, 48.503934], [-89.016916, 48.503863], [-89.017118, 48.503809], [-89.017334, 48.503774], [-89.017495, 48.503733], [-89.017603, 48.503689], [-89.017657, 48.50364], [-89.017657, 48.503586], [-89.017701, 48.503528], [-89.017789, 48.503466], [-89.01792, 48.503399], [-89.018095, 48.503327], [-89.018297, 48.503287], [-89.018527, 48.503278], [-89.018783, 48.503301], [-89.019066, 48.503354], [-89.019373, 48.503392], [-89.019703, 48.503414], [-89.020057, 48.503421], [-89.020434, 48.503412], [-89.02071, 48.503356], [-89.020886, 48.503254], [-89.02096, 48.503104], [-89.020933, 48.502908], [-89.020963, 48.50273], [-89.021051, 48.502569], [-89.021196, 48.502426], [-89.021398, 48.502302], [-89.02163, 48.502201], [-89.021893, 48.502125], [-89.022186, 48.502074], [-89.02251, 48.502047], [-89.022759, 48.502016], [-89.022935, 48.50198], [-89.023036, 48.50194], [-89.023063, 48.501896], [-89.02315, 48.501867], [-89.023299, 48.501853], [-89.023508, 48.501855], [-89.023777, 48.501873], [-89.024094, 48.501831], [-89.024458, 48.501728], [-89.024869, 48.501565], [-89.025327, 48.501342], [-89.025739, 48.501175], [-89.026102, 48.501064], [-89.026419, 48.501008], [-89.026689, 48.501008], [-89.026925, 48.500972], [-89.027127, 48.500901], [-89.027295, 48.500794], [-89.02743, 48.500651], [-89.027616, 48.500528], [-89.027852, 48.500426], [-89.028138, 48.500343], [-89.028475, 48.500281], [-89.028728, 48.500223], [-89.028896, 48.500169], [-89.028981, 48.50012], [-89.028981, 48.500076], [-89.029129, 48.500042], [-89.029425, 48.50002], [-89.02987, 48.500009], [-89.030463, 48.500009], [-89.030932, 48.50002], [-89.031276, 48.500042], [-89.031495, 48.500076], [-89.031589, 48.50012], [-89.03166, 48.500134], [-89.031707, 48.500116], [-89.03173, 48.500067], [-89.03173, 48.499986], [-89.031976, 48.499913], [-89.032469, 48.499846], [-89.033207, 48.499786], [-89.034191, 48.499732], [-89.034929, 48.499683], [-89.035421, 48.499638], [-89.035667, 48.499598], [-89.035667, 48.499562], [-89.035731, 48.499522], [-89.035859, 48.499478], [-89.036051, 48.499429], [-89.036307, 48.499375], [-89.036701, 48.499322], [-89.037234, 48.499268], [-89.037904, 48.499215], [-89.038713, 48.499161], [-89.039397, 48.499099], [-89.039957, 48.499027], [-89.040391, 48.498947], [-89.040702, 48.498858], [-89.040998, 48.498797], [-89.041281, 48.498766], [-89.041551, 48.498764], [-89.041807, 48.498791], [-89.042097, 48.498791], [-89.04242, 48.498764], [-89.042777, 48.49871], [-89.043168, 48.49863], [-89.043462, 48.498561], [-89.043657, 48.498503], [-89.043755, 48.498456], [-89.043755, 48.49842], [-89.043829, 48.498394], [-89.043977, 48.498376], [-89.0442, 48.498367], [-89.044496, 48.498367], [-89.044739, 48.49834], [-89.044928, 48.498287], [-89.045062, 48.498206], [-89.045143, 48.498099], [-89.045271, 48.49801], [-89.045447, 48.497939], [-89.045669, 48.497885], [-89.045939, 48.497849], [-89.046151, 48.497796], [-89.046306, 48.497725], [-89.046404, 48.497635], [-89.046444, 48.497528], [-89.046528, 48.497455], [-89.046656, 48.497414], [-89.046828, 48.497408], [-89.047044, 48.497435], [-89.047206, 48.497441], [-89.047314, 48.497428], [-89.047367, 48.497394], [-89.047367, 48.497341], [-89.047408, 48.497285], [-89.047489, 48.497227], [-89.04761, 48.497167], [-89.047772, 48.497104], [-89.047927, 48.497064], [-89.048075, 48.497046], [-89.048217, 48.497051], [-89.048352, 48.497078], [-89.048463, 48.497084], [-89.04855, 48.497071], [-89.048614, 48.497037], [-89.048655, 48.496984], [-89.048759, 48.496937], [-89.048928, 48.496897], [-89.04916, 48.496863], [-89.049457, 48.496837], [-89.049703, 48.496794], [-89.049898, 48.496736], [-89.050043, 48.496663], [-89.050138, 48.496574], [-89.050262, 48.4965], [-89.050417, 48.496442], [-89.050603, 48.4964], [-89.050818, 48.496373], [-89.050946, 48.49633], [-89.050987, 48.496272], [-89.05094, 48.496199], [-89.050805, 48.49611], [-89.050738, 48.496052], [-89.050738, 48.496025], [-89.050805, 48.496029], [-89.05094, 48.496065], [-89.051169, 48.496036], [-89.051492, 48.495942], [-89.05191, 48.495784], [-89.052423, 48.495561], [-89.052942, 48.495378], [-89.053467, 48.495235], [-89.054, 48.495132], [-89.054539, 48.49507], [-89.055018, 48.495001], [-89.055435, 48.494925], [-89.055793, 48.494843], [-89.056089, 48.494753], [-89.056386, 48.494644], [-89.056682, 48.494515], [-89.056979, 48.494365], [-89.057275, 48.494196], [-89.057552, 48.493968], [-89.057808, 48.493683], [-89.058044, 48.493339], [-89.058259, 48.492937], [-89.058404, 48.492607], [-89.058479, 48.492348], [-89.058482, 48.492161], [-89.058415, 48.492045], [-89.058246, 48.491934], [-89.057976, 48.491826], [-89.057606, 48.491724], [-89.057134, 48.491626], [-89.05676, 48.491501], [-89.056483, 48.491349], [-89.056305, 48.491171], [-89.056224, 48.490965], [-89.056194, 48.490767], [-89.056214, 48.490575], [-89.056285, 48.49039], [-89.056406, 48.490211], [-89.056595, 48.490035], [-89.056851, 48.489861], [-89.057174, 48.489689], [-89.057565, 48.48952], [-89.057902, 48.489401], [-89.058185, 48.489335], [-89.058415, 48.489319], [-89.05859, 48.489355], [-89.058721, 48.489372], [-89.058809, 48.489372], [-89.058853, 48.489355], [-89.058853, 48.489319], [-89.059041, 48.489292], [-89.059419, 48.489274], [-89.059985, 48.489265], [-89.06074, 48.489265], [-89.061363, 48.489306], [-89.061855, 48.489386], [-89.062216, 48.489506], [-89.062445, 48.489667], [-89.062617, 48.48985], [-89.062732, 48.490055], [-89.062789, 48.490283], [-89.062789, 48.490533], [-89.062745, 48.490711], [-89.062657, 48.490818], [-89.062526, 48.490854], [-89.062351, 48.490818], [-89.062219, 48.490776], [-89.062132, 48.490727], [-89.062088, 48.490671], [-89.062088, 48.490608], [-89.062034, 48.490519], [-89.061926, 48.490403], [-89.061764, 48.49026], [-89.061549, 48.490091], [-89.061293, 48.489944], [-89.060996, 48.489819], [-89.060659, 48.489716], [-89.060282, 48.489636], [-89.059904, 48.489582], [-89.059527, 48.489555], [-89.059149, 48.489555], [-89.058772, 48.489582], [-89.058415, 48.489638], [-89.058078, 48.489723], [-89.057761, 48.489837], [-89.057464, 48.489979], [-89.057232, 48.49012], [-89.057063, 48.490258], [-89.056959, 48.490394], [-89.056918, 48.490528], [-89.056901, 48.490644], [-89.056908, 48.490742], [-89.056938, 48.490823], [-89.056992, 48.490885], [-89.057161, 48.490961], [-89.057444, 48.49105], [-89.057842, 48.491153], [-89.058354, 48.491269], [-89.058765, 48.491385], [-89.059075, 48.491501], [-89.059284, 48.491617], [-89.059392, 48.491733], [-89.059473, 48.491858], [-89.059527, 48.491992], [-89.059554, 48.492134], [-89.059554, 48.492286], [-89.05949, 48.492516], [-89.059361, 48.492824], [-89.059169, 48.49321], [-89.058913, 48.493674], [-89.0586, 48.494089], [-89.058229, 48.494454], [-89.057801, 48.494771], [-89.057316, 48.495039], [-89.056703, 48.495277], [-89.055961, 48.495487], [-89.055092, 48.495668], [-89.054094, 48.49582], [-89.053255, 48.495973], [-89.052574, 48.49613], [-89.052052, 48.496288], [-89.051688, 48.496449], [-89.051361, 48.496576], [-89.051071, 48.496669], [-89.050818, 48.49673], [-89.050603, 48.496756], [-89.050377, 48.496812], [-89.050141, 48.496897], [-89.049895, 48.497011], [-89.049639, 48.497153], [-89.04939, 48.497263], [-89.049147, 48.497339], [-89.048911, 48.497381], [-89.048682, 48.49739], [-89.048469, 48.497408], [-89.048274, 48.497435], [-89.048095, 48.49747], [-89.047934, 48.497515], [-89.047812, 48.497562], [-89.047731, 48.497611], [-89.047691, 48.497662], [-89.047691, 48.497716], [-89.047644, 48.497758], [-89.047549, 48.497789], [-89.047408, 48.497809], [-89.047219, 48.497818], [-89.046997, 48.497867], [-89.046741, 48.497956], [-89.046451, 48.498086], [-89.046127, 48.498255], [-89.045575, 48.498438], [-89.044793, 48.498635], [-89.043782, 48.498844], [-89.042542, 48.499067], [-89.041598, 48.49925], [-89.040951, 48.499393], [-89.0406, 48.499496], [-89.040547, 48.499558], [-89.040294, 48.499596], [-89.039842, 48.499609], [-89.039192, 48.499598], [-89.038343, 48.499562], [-89.037695, 48.499551], [-89.037251, 48.499565], [-89.037008, 48.499603], [-89.036968, 48.499665], [-89.03687, 48.499725], [-89.036715, 48.499783], [-89.036502, 48.499839], [-89.036233, 48.499893], [-89.035785, 48.499953], [-89.035158, 48.50002], [-89.034352, 48.500093], [-89.033368, 48.500174], [-89.0326, 48.500272], [-89.032047, 48.500388], [-89.03171, 48.500522], [-89.031589, 48.500673], [-89.031464, 48.500787], [-89.031336, 48.500863], [-89.031205, 48.500901], [-89.03107, 48.500901], [-89.030942, 48.500885], [-89.030821, 48.500854], [-89.030706, 48.500807], [-89.030598, 48.500745], [-89.03046, 48.500713], [-89.030291, 48.500713], [-89.030093, 48.500745], [-89.029863, 48.500807], [-89.029671, 48.500838], [-89.029516, 48.500838], [-89.029398, 48.500807], [-89.029318, 48.500745], [-89.029176, 48.500713], [-89.028974, 48.500713], [-89.028711, 48.500745], [-89.028387, 48.500807], [-89.028114, 48.500883], [-89.027892, 48.500972], [-89.02772, 48.501075], [-89.027599, 48.501191], [-89.027474, 48.50128], [-89.027346, 48.501342], [-89.027215, 48.501378], [-89.02708, 48.501387], [-89.026827, 48.501461], [-89.026456, 48.501599], [-89.025968, 48.501802], [-89.025361, 48.50207], [-89.024839, 48.50227], [-89.024401, 48.502404], [-89.024047, 48.502471], [-89.023777, 48.502471], [-89.023484, 48.502491], [-89.023167, 48.502531], [-89.022827, 48.502591], [-89.022463, 48.502672], [-89.022183, 48.502745], [-89.021988, 48.502812], [-89.021876, 48.502872], [-89.021849, 48.502926], [-89.02187, 48.502995], [-89.021937, 48.50308], [-89.022052, 48.50318], [-89.022213, 48.503296], [-89.022288, 48.503423], [-89.022274, 48.503562], [-89.022173, 48.503711], [-89.021984, 48.503872], [-89.021644, 48.50399], [-89.021152, 48.504066], [-89.020508, 48.504099], [-89.019713, 48.50409], [-89.019106, 48.504072], [-89.018688, 48.504046], [-89.018459, 48.50401], [-89.018419, 48.503965], [-89.018287, 48.503959], [-89.018065, 48.50399], [-89.017752, 48.504059], [-89.017347, 48.504166], [-89.016926, 48.504295], [-89.016488, 48.504447], [-89.016033, 48.504621], [-89.015561, 48.504817], [-89.01516, 48.505], [-89.01483, 48.50517], [-89.01457, 48.505326], [-89.014381, 48.505469], [-89.014092, 48.505609], [-89.013701, 48.505747], [-89.013209, 48.505883], [-89.012616, 48.506017], [-89.012157, 48.506124], [-89.011834, 48.506205], [-89.011645, 48.506258], [-89.011591, 48.506285], [-89.011561, 48.506321], [-89.011554, 48.506365], [-89.011571, 48.506419], [-89.011611, 48.506481], [-89.011618, 48.506521], [-89.011591, 48.506539], [-89.01153, 48.506535], [-89.011436, 48.506508], [-89.011328, 48.506501], [-89.011207, 48.506515], [-89.011072, 48.506548], [-89.010924, 48.506602], [-89.010809, 48.506657], [-89.010728, 48.506715], [-89.010681, 48.506775], [-89.010668, 48.506838], [-89.01058, 48.506912], [-89.010418, 48.506996], [-89.010182, 48.507092], [-89.009872, 48.507199], [-89.009589, 48.507324], [-89.009333, 48.507467], [-89.009104, 48.507627], [-89.008902, 48.507806], [-89.0087, 48.507953], [-89.008497, 48.508069], [-89.008295, 48.508154], [-89.008093, 48.508207], [-89.007914, 48.508283], [-89.007759, 48.508381], [-89.007628, 48.508502], [-89.00752, 48.508644], [-89.007402, 48.508758], [-89.007274, 48.508843], [-89.007136, 48.508899], [-89.006988, 48.508925], [-89.006839, 48.508974], [-89.006691, 48.509046], [-89.006543, 48.509139], [-89.006394, 48.509255], [-89.006233, 48.509349], [-89.006057, 48.50942], [-89.005869, 48.509469], [-89.005667, 48.509496], [-89.005481, 48.509539], [-89.005313, 48.509597], [-89.005161, 48.50967], [-89.005026, 48.509759], [-89.004773, 48.509873], [-89.004403, 48.510011], [-89.003914, 48.510174], [-89.003307, 48.510362], [-89.002809, 48.510544], [-89.002418, 48.510723], [-89.002135, 48.510897], [-89.001959, 48.511066], [-89.00167, 48.511245], [-89.001265, 48.511432], [-89.000746, 48.511628], [-89.000113, 48.511833], [-88.99956, 48.512038], [-88.999088, 48.512244], [-88.998697, 48.512449], [-88.998387, 48.512654], [-88.998081, 48.512808], [-88.997777, 48.51291], [-88.997477, 48.512962], [-88.997181, 48.512962], [-88.996837, 48.512991], [-88.996446, 48.513049], [-88.996008, 48.513136], [-88.995523, 48.513252], [-88.99501, 48.513316], [-88.994471, 48.51333]], [[-89.021041, 48.503401], [-89.021034, 48.503399], [-89.02102, 48.503399], [-89.02101, 48.503401], [-89.021004, 48.503406], [-89.021, 48.503412], [-89.021, 48.503421], [-89.021004, 48.503426], [-89.02101, 48.503426], [-89.02102, 48.503421], [-89.021034, 48.503412], [-89.021041, 48.503406], [-89.021041, 48.503401]]]}}, {"type": "Feature", "properties": {"lead": 0, "temp": "sp:steelhead:s1"}, "geometry": {"type": "Polygon", "coordinates": [[[-88.987593, 48.503439], [-88.987401, 48.503493], [-88.98736, 48.503412], [-88.987462, 48.503261], [-88.987704, 48.503038], [-88.988088, 48.502743], [-88.988614, 48.502377], [-88.989177, 48.502023], [-88.989777, 48.501679], [-88.990414, 48.501347], [-88.991088, 48.501026], [-88.991698, 48.500763], [-88.992244, 48.500557], [-88.992726, 48.50041], [-88.993143, 48.500321], [-88.99347, 48.500232], [-88.993706, 48.500142], [-88.993851, 48.500053], [-88.993905, 48.499964], [-88.993912, 48.499886], [-88.993871, 48.499819], [-88.993784, 48.499763], [-88.993649, 48.499719], [-88.993507, 48.499705], [-88.993359, 48.499723], [-88.993204, 48.499772], [-88.993042, 48.499852], [-88.992867, 48.499913], [-88.992678, 48.499953], [-88.992476, 48.499973], [-88.99226, 48.499973], [-88.991961, 48.500044], [-88.991576, 48.500187], [-88.991108, 48.500401], [-88.990555, 48.500687], [-88.990043, 48.50093], [-88.989571, 48.501131], [-88.98914, 48.501289], [-88.988749, 48.501405], [-88.988402, 48.501536], [-88.988098, 48.501684], [-88.987839, 48.501846], [-88.987623, 48.502025], [-88.987472, 48.502085], [-88.987384, 48.502027], [-88.98736, 48.501851], [-88.987401, 48.501557], [-88.987519, 48.501322], [-88.987714, 48.501148], [-88.987987, 48.501035], [-88.988338, 48.500981], [-88.988705, 48.500896], [-88.989089, 48.50078], [-88.98949, 48.500633], [-88.989908, 48.500455], [-88.990222, 48.50031], [-88.990431, 48.500198], [-88.990535, 48.50012], [-88.990535, 48.500076], [-88.990613, 48.500033], [-88.990768, 48.499993], [-88.991, 48.499955], [-88.99131, 48.499919], [-88.991553, 48.49987], [-88.991728, 48.499808], [-88.991836, 48.499732], [-88.991876, 48.499643], [-88.99195, 48.499569], [-88.992058, 48.499511], [-88.9922, 48.499469], [-88.992375, 48.499442], [-88.992517, 48.499409], [-88.992624, 48.499368], [-88.992699, 48.499322], [-88.992739, 48.499268], [-88.992823, 48.499221], [-88.992951, 48.499181], [-88.993123, 48.499148], [-88.993339, 48.499121], [-88.993531, 48.499114], [-88.993699, 48.499128], [-88.993844, 48.499161], [-88.993966, 48.499215], [-88.994067, 48.499241], [-88.994148, 48.499241], [-88.994208, 48.499215], [-88.994249, 48.499161], [-88.994306, 48.499125], [-88.99438, 48.499107], [-88.994471, 48.499107], [-88.994579, 48.499125], [-88.99467, 48.49917], [-88.994744, 48.499241], [-88.994801, 48.499339], [-88.994842, 48.499464], [-88.994859, 48.49958], [-88.994852, 48.499687], [-88.994822, 48.499786], [-88.994768, 48.499875], [-88.994694, 48.499942], [-88.994599, 48.499986], [-88.994485, 48.500009], [-88.99435, 48.500009], [-88.994229, 48.500035], [-88.994121, 48.500089], [-88.994026, 48.500169], [-88.993945, 48.500276], [-88.993797, 48.500377], [-88.993582, 48.50047], [-88.993298, 48.500557], [-88.992948, 48.500638], [-88.992537, 48.500763], [-88.992065, 48.500932], [-88.991533, 48.501146], [-88.990939, 48.501405], [-88.990333, 48.501713], [-88.989713, 48.50207], [-88.989079, 48.502475], [-88.988432, 48.50293], [-88.987937, 48.503252], [-88.987593, 48.503439]]]}}, {"type": "Feature", "properties": {"lead": 0, "temp": "sp:steelhead:s2"}, "geometry": {"type": "Polygon", "coordinates": [[[-89.032765, 48.50014], [-89.032533, 48.500089], [-89.032492, 48.5], [-89.032492, 48.499926], [-89.032533, 48.499868], [-89.032613, 48.499826], [-89.032735, 48.499799], [-89.032987, 48.499779], [-89.033372, 48.499765], [-89.033887, 48.499759], [-89.034534, 48.499759], [-89.035107, 48.49973], [-89.035606, 48.499672], [-89.036031, 48.499585], [-89.036381, 48.499469], [-89.03688, 48.499368], [-89.037527, 48.499284], [-89.038322, 48.499215], [-89.039266, 48.499161], [-89.040004, 48.499105], [-89.040536, 48.499047], [-89.040863, 48.498987], [-89.040985, 48.498925], [-89.041163, 48.498878], [-89.041399, 48.498846], [-89.041692, 48.498831], [-89.042043, 48.498831], [-89.0424, 48.498811], [-89.042764, 48.498771], [-89.043135, 48.49871], [-89.043512, 48.49863], [-89.043795, 48.498561], [-89.043984, 48.498503], [-89.044078, 48.498456], [-89.044078, 48.49842], [-89.044132, 48.498394], [-89.04424, 48.498376], [-89.044402, 48.498367], [-89.044618, 48.498367], [-89.0448, 48.498347], [-89.044948, 48.498307], [-89.045062, 48.498246], [-89.045143, 48.498166], [-89.045258, 48.498099], [-89.045406, 48.498046], [-89.045588, 48.498006], [-89.045804, 48.497979], [-89.045979, 48.497943], [-89.046114, 48.497899], [-89.046208, 48.497845], [-89.046262, 48.497783], [-89.046333, 48.497736], [-89.046421, 48.497704], [-89.046525, 48.497689], [-89.046646, 48.497689], [-89.046737, 48.497675], [-89.046798, 48.497649], [-89.046828, 48.497609], [-89.046828, 48.497555], [-89.046892, 48.497501], [-89.04702, 48.497448], [-89.047212, 48.497394], [-89.047469, 48.497341], [-89.047671, 48.497285], [-89.047819, 48.497227], [-89.047913, 48.497167], [-89.047954, 48.497104], [-89.048018, 48.497064], [-89.048106, 48.497046], [-89.048217, 48.497051], [-89.048352, 48.497078], [-89.048527, 48.497084], [-89.048742, 48.497071], [-89.048999, 48.497037], [-89.049295, 48.496984], [-89.049561, 48.496915], [-89.049797, 48.49683], [-89.050003, 48.49673], [-89.050178, 48.496614], [-89.050353, 48.496527], [-89.050529, 48.496469], [-89.050704, 48.49644], [-89.050879, 48.49644], [-89.050997, 48.49642], [-89.051058, 48.496379], [-89.051061, 48.496319], [-89.051007, 48.496239], [-89.051098, 48.496143], [-89.051334, 48.496031], [-89.051715, 48.495904], [-89.052241, 48.495762], [-89.052665, 48.495632], [-89.052989, 48.495516], [-89.053211, 48.495414], [-89.053332, 48.495324], [-89.053538, 48.495244], [-89.053828, 48.495173], [-89.054202, 48.49511], [-89.05466, 48.495057], [-89.055078, 48.494994], [-89.055456, 48.494923], [-89.055793, 48.494843], [-89.056089, 48.494753], [-89.056386, 48.494644], [-89.056682, 48.494515], [-89.056979, 48.494365], [-89.057275, 48.494196], [-89.057552, 48.493968], [-89.057808, 48.493683], [-89.058044, 48.493339], [-89.058259, 48.492937], [-89.058404, 48.492607], [-89.058479, 48.492348], [-89.058482, 48.492161], [-89.058415, 48.492045], [-89.058246, 48.491931], [-89.057976, 48.49182], [-89.057606, 48.49171], [-89.057134, 48.491603], [-89.05677, 48.491452], [-89.056514, 48.491255], [-89.056366, 48.491014], [-89.056325, 48.490729], [-89.056315, 48.490492], [-89.056335, 48.490305], [-89.056386, 48.490167], [-89.056467, 48.490077], [-89.056605, 48.489977], [-89.0568, 48.489866], [-89.057053, 48.489743], [-89.057363, 48.489609], [-89.057858, 48.489509], [-89.058539, 48.489442], [-89.059405, 48.489408], [-89.060457, 48.489408], [-89.061293, 48.489439], [-89.061913, 48.489502], [-89.062317, 48.489596], [-89.062506, 48.48972], [-89.062647, 48.489877], [-89.062742, 48.490064], [-89.062789, 48.490283], [-89.062789, 48.490533], [-89.062745, 48.490711], [-89.062657, 48.490818], [-89.062526, 48.490854], [-89.062351, 48.490818], [-89.062219, 48.490776], [-89.062132, 48.490727], [-89.062088, 48.490671], [-89.062088, 48.490608], [-89.062034, 48.490519], [-89.061926, 48.490403], [-89.061764, 48.49026], [-89.061549, 48.490091], [-89.061293, 48.489944], [-89.060996, 48.489819], [-89.060659, 48.489716], [-89.060282, 48.489636], [-89.059904, 48.489582], [-89.059527, 48.489555], [-89.059149, 48.489555], [-89.058772, 48.489582], [-89.058415, 48.489638], [-89.058078, 48.489723], [-89.057761, 48.489837], [-89.057464, 48.489979], [-89.057232, 48.49012], [-89.057063, 48.490258], [-89.056959, 48.490394], [-89.056918, 48.490528], [-89.056901, 48.490644], [-89.056908, 48.490742], [-89.056938, 48.490823], [-89.056992, 48.490885], [-89.057161, 48.490961], [-89.057444, 48.49105], [-89.057842, 48.491153], [-89.058354, 48.491269], [-89.058765, 48.491385], [-89.059075, 48.491501], [-89.059284, 48.491617], [-89.059392, 48.491733], [-89.059473, 48.491858], [-89.059527, 48.491992], [-89.059554, 48.492134], [-89.059554, 48.492286], [-89.05949, 48.492516], [-89.059361, 48.492824], [-89.059169, 48.49321], [-89.058913, 48.493674], [-89.0586, 48.494089], [-89.058229, 48.494454], [-89.057801, 48.494771], [-89.057316, 48.495039], [-89.056703, 48.495277], [-89.055961, 48.495487], [-89.055092, 48.495668], [-89.054094, 48.49582], [-89.053255, 48.495973], [-89.052574, 48.49613], [-89.052052, 48.496288], [-89.051688, 48.496449], [-89.051361, 48.496576], [-89.051071, 48.496669], [-89.050818, 48.49673], [-89.050603, 48.496756], [-89.050377, 48.496812], [-89.050141, 48.496897], [-89.049895, 48.497011], [-89.049639, 48.497153], [-89.04939, 48.497263], [-89.049147, 48.497339], [-89.048911, 48.497381], [-89.048682, 48.49739], [-89.048469, 48.497408], [-89.048274, 48.497435], [-89.048095, 48.49747], [-89.047934, 48.497515], [-89.047812, 48.497562], [-89.047731, 48.497611], [-89.047691, 48.497662], [-89.047691, 48.497716], [-89.047644, 48.497758], [-89.047549, 48.497789], [-89.047408, 48.497809], [-89.047219, 48.497818], [-89.046997, 48.497867], [-89.046741, 48.497956], [-89.046451, 48.498086], [-89.046127, 48.498255], [-89.045575, 48.498438], [-89.044793, 48.498635], [-89.043782, 48.498844], [-89.042542, 48.499067], [-89.041598, 48.49925], [-89.040951, 48.499393], [-89.0406, 48.499496], [-89.040547, 48.499558], [-89.040294, 48.499596], [-89.039842, 48.499609], [-89.039192, 48.499598], [-89.038343, 48.499562], [-89.037695, 48.499551], [-89.037251, 48.499565], [-89.037008, 48.499603], [-89.036968, 48.499665], [-89.03687, 48.499725], [-89.036715, 48.499783], [-89.036502, 48.499839], [-89.036233, 48.499893], [-89.035828, 48.499948], [-89.035289, 48.500006], [-89.034615, 48.500067], [-89.033806, 48.500129], [-89.03319, 48.500154], [-89.032765, 48.50014]]]}}, {"type": "Feature", "properties": {"lead": 0, "temp": "sp:steelhead:s2"}, "geometry": {"type": "Polygon", "coordinates": [[[-89.051637, 48.495842], [-89.051627, 48.495828], [-89.051627, 48.495802], [-89.051637, 48.495782], [-89.051658, 48.495768], [-89.051688, 48.495762], [-89.051728, 48.495762], [-89.051749, 48.495768], [-89.051749, 48.495782], [-89.051728, 48.495802], [-89.051688, 48.495828], [-89.051658, 48.495842], [-89.051637, 48.495842]]]}}, {"type": "Feature", "properties": {"lead": 0, "temp": "sp:steelhead:s2"}, "geometry": {"type": "Polygon", "coordinates": [[[-88.987519, 48.503497], [-88.987401, 48.503493], [-88.98736, 48.503412], [-88.987462, 48.503261], [-88.987704, 48.503038], [-88.988088, 48.502743], [-88.988614, 48.502377], [-88.989177, 48.502023], [-88.989777, 48.501679], [-88.990414, 48.501347], [-88.991088, 48.501026], [-88.991698, 48.500763], [-88.992244, 48.500557], [-88.992726, 48.50041], [-88.993143, 48.500321], [-88.99347, 48.500232], [-88.993706, 48.500142], [-88.993851, 48.500053], [-88.993905, 48.499964], [-88.993912, 48.499886], [-88.993871, 48.499819], [-88.993784, 48.499763], [-88.993649, 48.499719], [-88.993507, 48.499705], [-88.993359, 48.499723], [-88.993204, 48.499772], [-88.993042, 48.499852], [-88.992867, 48.499913], [-88.992678, 48.499953], [-88.992476, 48.499973], [-88.99226, 48.499973], [-88.991961, 48.500044], [-88.991576, 48.500187], [-88.991108, 48.500401], [-88.990555, 48.500687], [-88.990043, 48.50093], [-88.989571, 48.501131], [-88.98914, 48.501289], [-88.988749, 48.501405], [-88.988402, 48.501536], [-88.988098, 48.501684], [-88.987839, 48.501846], [-88.987623, 48.502025], [-88.987462, 48.502099], [-88.987354, 48.502067], [-88.9873, 48.501931], [-88.9873, 48.50169], [-88.98732, 48.501496], [-88.98736, 48.501349], [-88.987421, 48.501249], [-88.987502, 48.501195], [-88.98765, 48.501142], [-88.987866, 48.501088], [-88.988149, 48.501035], [-88.988499, 48.500981], [-88.988793, 48.500919], [-88.989029, 48.500847], [-88.989207, 48.500767], [-88.989329, 48.500678], [-88.989473, 48.500597], [-88.989642, 48.500526], [-88.989834, 48.500464], [-88.99005, 48.50041], [-88.990222, 48.50035], [-88.99035, 48.500283], [-88.990434, 48.500209], [-88.990474, 48.500129], [-88.990575, 48.500071], [-88.990737, 48.500035], [-88.99096, 48.500022], [-88.991243, 48.500031], [-88.991492, 48.499997], [-88.991708, 48.499922], [-88.99189, 48.499803], [-88.992038, 48.499643], [-88.992237, 48.499509], [-88.992486, 48.499402], [-88.992786, 48.499322], [-88.993137, 48.499268], [-88.99343, 48.499241], [-88.993666, 48.499241], [-88.993844, 48.499268], [-88.993966, 48.499322], [-88.99408, 48.499342], [-88.994188, 48.499328], [-88.994289, 48.499281], [-88.994384, 48.499201], [-88.994468, 48.499145], [-88.994542, 48.499114], [-88.994606, 48.499107], [-88.99466, 48.499125], [-88.99471, 48.49917], [-88.994758, 48.499241], [-88.994801, 48.499339], [-88.994842, 48.499464], [-88.994859, 48.49958], [-88.994852, 48.499687], [-88.994822, 48.499786], [-88.994768, 48.499875], [-88.994694, 48.499942], [-88.994599, 48.499986], [-88.994485, 48.500009], [-88.99435, 48.500009], [-88.994229, 48.500035], [-88.994121, 48.500089], [-88.994026, 48.500169], [-88.993945, 48.500276], [-88.993733, 48.500399], [-88.993389, 48.500537], [-88.992914, 48.500691], [-88.992308, 48.500861], [-88.991832, 48.50101], [-88.991489, 48.501139], [-88.991276, 48.501249], [-88.991196, 48.501338], [-88.991071, 48.501425], [-88.990902, 48.50151], [-88.99069, 48.501592], [-88.990434, 48.501673], [-88.990222, 48.501755], [-88.990053, 48.50184], [-88.989928, 48.501927], [-88.989848, 48.502016], [-88.989763, 48.502083], [-88.989676, 48.502128], [-88.989585, 48.50215], [-88.98949, 48.50215], [-88.989389, 48.502186], [-88.989281, 48.502257], [-88.989167, 48.502364], [-88.989045, 48.502507], [-88.988867, 48.50267], [-88.988631, 48.502852], [-88.988338, 48.503055], [-88.987987, 48.503278], [-88.987714, 48.503426], [-88.987519, 48.503497]]]}}, {"type": "Feature", "properties": {"lead": 0, "temp": "sp:steelhead:s2"}, "geometry": {"type": "Polygon", "coordinates": [[[-88.994471, 48.51333], [-88.993905, 48.513292], [-88.993312, 48.513203], [-88.992739, 48.513084], [-88.992186, 48.512937], [-88.991654, 48.512761], [-88.991142, 48.512556], [-88.990565, 48.512302], [-88.989925, 48.511998], [-88.989221, 48.511646], [-88.988452, 48.511245], [-88.987876, 48.510903], [-88.987492, 48.510622], [-88.9873, 48.510402], [-88.9873, 48.510241], [-88.98734, 48.510127], [-88.987421, 48.51006], [-88.987542, 48.51004], [-88.987704, 48.510067], [-88.988132, 48.510234], [-88.988826, 48.510542], [-88.989787, 48.51099], [-88.991014, 48.511579], [-88.992038, 48.512041], [-88.99286, 48.512375], [-88.99348, 48.512583], [-88.993898, 48.512663], [-88.994309, 48.512696], [-88.994714, 48.512683], [-88.995112, 48.512623], [-88.995502, 48.512516], [-88.995846, 48.512444], [-88.996143, 48.512409], [-88.996392, 48.512409], [-88.996594, 48.512444], [-88.99681, 48.512458], [-88.997039, 48.512449], [-88.997282, 48.512418], [-88.997538, 48.512364], [-88.997848, 48.512279], [-88.998212, 48.512163], [-88.99863, 48.512016], [-88.999102, 48.511838], [-88.999469, 48.511673], [-88.999732, 48.511521], [-88.99989, 48.511383], [-88.999944, 48.511258], [-89.000089, 48.511146], [-89.000325, 48.511048], [-89.000652, 48.510964], [-89.00107, 48.510892], [-89.001393, 48.51081], [-89.001622, 48.510716], [-89.001757, 48.510611], [-89.001798, 48.510495], [-89.001872, 48.510402], [-89.00198, 48.51033], [-89.002121, 48.510281], [-89.002296, 48.510254], [-89.002462, 48.510205], [-89.002617, 48.510134], [-89.002762, 48.51004], [-89.002896, 48.509924], [-89.003061, 48.509837], [-89.003257, 48.509779], [-89.003483, 48.50975], [-89.003739, 48.50975], [-89.004005, 48.509715], [-89.004281, 48.509643], [-89.004568, 48.509536], [-89.004864, 48.509394], [-89.005151, 48.509273], [-89.005427, 48.509175], [-89.005693, 48.509099], [-89.00595, 48.509046], [-89.006152, 48.508983], [-89.0063, 48.508912], [-89.006394, 48.508832], [-89.006435, 48.508742], [-89.006489, 48.508676], [-89.006556, 48.508631], [-89.006637, 48.508609], [-89.006731, 48.508609], [-89.006866, 48.508566], [-89.007041, 48.508482], [-89.007257, 48.508354], [-89.007513, 48.508185], [-89.007726, 48.508058], [-89.007894, 48.507973], [-89.008019, 48.507931], [-89.0081, 48.507931], [-89.008278, 48.507846], [-89.008555, 48.507676], [-89.008929, 48.507422], [-89.009401, 48.507083], [-89.009808, 48.506816], [-89.010152, 48.506619], [-89.010432, 48.506494], [-89.010647, 48.506441], [-89.010829, 48.506379], [-89.010978, 48.506307], [-89.011092, 48.506227], [-89.011173, 48.506138], [-89.011311, 48.506057], [-89.011507, 48.505986], [-89.01176, 48.505924], [-89.01207, 48.50587], [-89.012332, 48.505808], [-89.012548, 48.505736], [-89.012717, 48.505656], [-89.012838, 48.505567], [-89.012963, 48.5055], [-89.013091, 48.505455], [-89.013222, 48.505433], [-89.013357, 48.505433], [-89.013512, 48.505397], [-89.013687, 48.505326], [-89.013883, 48.505219], [-89.014098, 48.505076], [-89.01426, 48.504956], [-89.014368, 48.504857], [-89.014422, 48.504782], [-89.014422, 48.504728], [-89.014462, 48.504672], [-89.014543, 48.504614], [-89.014665, 48.504554], [-89.014826, 48.504492], [-89.015002, 48.504445], [-89.01519, 48.504414], [-89.015392, 48.504398], [-89.015608, 48.504398], [-89.015868, 48.504365], [-89.016171, 48.504298], [-89.016518, 48.504197], [-89.016909, 48.504063], [-89.017266, 48.503923], [-89.01759, 48.503776], [-89.01788, 48.503622], [-89.018136, 48.503461], [-89.018388, 48.503354], [-89.018638, 48.503301], [-89.018884, 48.503301], [-89.019126, 48.503354], [-89.019403, 48.503392], [-89.019713, 48.503414], [-89.020057, 48.503421], [-89.020434, 48.503412], [-89.020707, 48.503363], [-89.020876, 48.503274], [-89.02094, 48.503145], [-89.020899, 48.502975], [-89.020906, 48.502832], [-89.02096, 48.502716], [-89.021061, 48.502627], [-89.021209, 48.502565], [-89.021324, 48.5025], [-89.021405, 48.502433], [-89.021452, 48.502364], [-89.021465, 48.502293], [-89.021523, 48.502226], [-89.021624, 48.502163], [-89.021769, 48.502105], [-89.021957, 48.502052], [-89.022122, 48.502023], [-89.022264, 48.502018], [-89.022382, 48.502038], [-89.022476, 48.502083], [-89.022581, 48.502096], [-89.022695, 48.502078], [-89.02282, 48.502029], [-89.022955, 48.501949], [-89.02313, 48.501893], [-89.023346, 48.501862], [-89.023602, 48.501855], [-89.023898, 48.501873], [-89.024131, 48.501873], [-89.0243, 48.501855], [-89.024404, 48.50182], [-89.024444, 48.501766], [-89.024508, 48.501726], [-89.024596, 48.501699], [-89.024707, 48.501686], [-89.024842, 48.501686], [-89.024943, 48.501668], [-89.025011, 48.501632], [-89.025044, 48.501579], [-89.025044, 48.501507], [-89.025091, 48.501436], [-89.025186, 48.501365], [-89.025327, 48.501293], [-89.025516, 48.501222], [-89.025728, 48.501168], [-89.025964, 48.501133], [-89.026224, 48.501115], [-89.026507, 48.501115], [-89.026763, 48.501073], [-89.026992, 48.500988], [-89.027194, 48.500861], [-89.02737, 48.500691], [-89.027555, 48.500557], [-89.02775, 48.500459], [-89.027956, 48.500397], [-89.028172, 48.50037], [-89.028333, 48.500341], [-89.028441, 48.50031], [-89.028495, 48.500276], [-89.028495, 48.500241], [-89.028515, 48.500223], [-89.028556, 48.500223], [-89.028617, 48.500241], [-89.028697, 48.500276], [-89.028768, 48.500283], [-89.028829, 48.500261], [-89.028879, 48.500209], [-89.02892, 48.500129], [-89.029014, 48.50008], [-89.029162, 48.500062], [-89.029365, 48.500076], [-89.029621, 48.50012], [-89.029813, 48.500142], [-89.029941, 48.500142], [-89.030005, 48.50012], [-89.030005, 48.500076], [-89.030089, 48.500042], [-89.030258, 48.50002], [-89.030511, 48.500009], [-89.030848, 48.500009], [-89.031124, 48.50002], [-89.03134, 48.500042], [-89.031495, 48.500076], [-89.031589, 48.50012], [-89.03167, 48.500134], [-89.031737, 48.500116], [-89.031791, 48.500067], [-89.031832, 48.499986], [-89.031862, 48.499955], [-89.031882, 48.499973], [-89.031892, 48.50004], [-89.031892, 48.500156], [-89.031862, 48.500278], [-89.031801, 48.500408], [-89.03171, 48.500544], [-89.031589, 48.500687], [-89.031464, 48.500794], [-89.031336, 48.500865], [-89.031205, 48.500901], [-89.03107, 48.500901], [-89.030942, 48.500885], [-89.030821, 48.500854], [-89.030706, 48.500807], [-89.030598, 48.500745], [-89.03046, 48.500713], [-89.030291, 48.500713], [-89.030093, 48.500745], [-89.029863, 48.500807], [-89.029671, 48.500838], [-89.029516, 48.500838], [-89.029398, 48.500807], [-89.029318, 48.500745], [-89.029176, 48.500713], [-89.028974, 48.500713], [-89.028711, 48.500745], [-89.028387, 48.500807], [-89.028114, 48.500883], [-89.027892, 48.500972], [-89.02772, 48.501075], [-89.027599, 48.501191], [-89.027474, 48.50128], [-89.027346, 48.501342], [-89.027215, 48.501378], [-89.02708, 48.501387], [-89.026827, 48.501461], [-89.026456, 48.501599], [-89.025968, 48.501802], [-89.025361, 48.50207], [-89.024839, 48.50227], [-89.024401, 48.502404], [-89.024047, 48.502471], [-89.023777, 48.502471], [-89.023484, 48.502491], [-89.023167, 48.502531], [-89.022827, 48.502591], [-89.022463, 48.502672], [-89.022183, 48.502745], [-89.021988, 48.502812], [-89.021876, 48.502872], [-89.021849, 48.502926], [-89.02187, 48.502995], [-89.021937, 48.50308], [-89.022052, 48.50318], [-89.022213, 48.503296], [-89.022281, 48.503426], [-89.022254, 48.503568], [-89.022133, 48.503724], [-89.021917, 48.503894], [-89.021563, 48.504017], [-89.021071, 48.504092], [-89.020441, 48.504121], [-89.019672, 48.504104], [-89.019086, 48.504079], [-89.018682, 48.504048], [-89.018459, 48.50401], [-89.018419, 48.503965], [-89.018287, 48.503959], [-89.018065, 48.50399], [-89.017752, 48.504059], [-89.017347, 48.504166], [-89.016926, 48.504295], [-89.016488, 48.504447], [-89.016033, 48.504621], [-89.015561, 48.504817], [-89.01516, 48.505], [-89.01483, 48.50517], [-89.01457, 48.505326], [-89.014381, 48.505469], [-89.014092, 48.505609], [-89.013701, 48.505747], [-89.013209, 48.505883], [-89.012616, 48.506017], [-89.012157, 48.506124], [-89.011834, 48.506205], [-89.011645, 48.506258], [-89.011591, 48.506285], [-89.011561, 48.506321], [-89.011554, 48.506365], [-89.011571, 48.506419], [-89.011611, 48.506481], [-89.011618, 48.506521], [-89.011591, 48.506539], [-89.01153, 48.506535], [-89.011436, 48.506508], [-89.011328, 48.506501], [-89.011207, 48.506515], [-89.011072, 48.506548], [-89.010924, 48.506602], [-89.010809, 48.506657], [-89.010728, 48.506715], [-89.010681, 48.506775], [-89.010668, 48.506838], [-89.01058, 48.506912], [-89.010418, 48.506996], [-89.010182, 48.507092], [-89.009872, 48.507199], [-89.009589, 48.507324], [-89.009333, 48.507467], [-89.009104, 48.507627], [-89.008902, 48.507806], [-89.0087, 48.507953], [-89.008497, 48.508069], [-89.008295, 48.508154], [-89.008093, 48.508207], [-89.007914, 48.508283], [-89.007759, 48.508381], [-89.007628, 48.508502], [-89.00752, 48.508644], [-89.007402, 48.508758], [-89.007274, 48.508843], [-89.007136, 48.508899], [-89.006988, 48.508925], [-89.006839, 48.508974], [-89.006691, 48.509046], [-89.006543, 48.509139], [-89.006394, 48.509255], [-89.006233, 48.509349], [-89.006057, 48.50942], [-89.005869, 48.509469], [-89.005667, 48.509496], [-89.005481, 48.509539], [-89.005313, 48.509597], [-89.005161, 48.50967], [-89.005026, 48.509759], [-89.004773, 48.509873], [-89.004403, 48.510011], [-89.003914, 48.510174], [-89.003307, 48.510362], [-89.002809, 48.510544], [-89.002418, 48.510723], [-89.002135, 48.510897], [-89.001959, 48.511066], [-89.00167, 48.511245], [-89.001265, 48.511432], [-89.000746, 48.511628], [-89.000113, 48.511833], [-88.99956, 48.512038], [-88.999088, 48.512244], [-88.998697, 48.512449], [-88.998387, 48.512654], [-88.998081, 48.512808], [-88.997777, 48.51291], [-88.997477, 48.512962], [-88.997181, 48.512962], [-88.996837, 48.512991], [-88.996446, 48.513049], [-88.996008, 48.513136], [-88.995523, 48.513252], [-88.99501, 48.513316], [-88.994471, 48.51333]], [[-89.006698, 48.508684], [-89.006691, 48.50868], [-89.006678, 48.50868], [-89.006667, 48.508684], [-89.006661, 48.508693], [-89.006657, 48.508707], [-89.006657, 48.508725], [-89.006661, 48.508734], [-89.006667, 48.508734], [-89.006678, 48.508725], [-89.006691, 48.508707], [-89.006698, 48.508693], [-89.006698, 48.508684]], [[-89.021041, 48.503401], [-89.021034, 48.503399], [-89.02102, 48.503399], [-89.02101, 48.503401], [-89.021004, 48.503406], [-89.021, 48.503412], [-89.021, 48.503421], [-89.021004, 48.503426], [-89.02101, 48.503426], [-89.02102, 48.503421], [-89.021034, 48.503412], [-89.021041, 48.503406], [-89.021041, 48.503401]]]}}, {"type": "Feature", "properties": {"lead": 0, "temp": "sp:steelhead:s3"}, "geometry": {"type": "Polygon", "coordinates": [[[-89.032987, 48.500113], [-89.032789, 48.500067], [-89.032775, 48.499986], [-89.032957, 48.499919], [-89.033335, 48.499866], [-89.033908, 48.499826], [-89.034676, 48.499799], [-89.035296, 48.499757], [-89.035768, 48.499699], [-89.036091, 48.499625], [-89.036267, 48.499536], [-89.036634, 48.499455], [-89.037193, 48.499384], [-89.037945, 48.499322], [-89.038888, 48.499268], [-89.03964, 48.499221], [-89.040199, 48.499181], [-89.040567, 48.499148], [-89.040742, 48.499121], [-89.040873, 48.499092], [-89.040961, 48.499061], [-89.041005, 48.499027], [-89.041005, 48.498991], [-89.041133, 48.498958], [-89.041389, 48.498927], [-89.041773, 48.498898], [-89.042285, 48.498871], [-89.042724, 48.498831], [-89.043088, 48.498777], [-89.043377, 48.49871], [-89.043593, 48.49863], [-89.043819, 48.49857], [-89.044055, 48.49853], [-89.044301, 48.49851], [-89.044557, 48.49851], [-89.044793, 48.498474], [-89.045008, 48.498403], [-89.045204, 48.498296], [-89.045379, 48.498153], [-89.045554, 48.498046], [-89.04573, 48.497974], [-89.045905, 48.497939], [-89.04608, 48.497939], [-89.046222, 48.497923], [-89.04633, 48.497892], [-89.046404, 48.497845], [-89.046444, 48.497783], [-89.046528, 48.497729], [-89.046656, 48.497684], [-89.046828, 48.497649], [-89.047044, 48.497622], [-89.047206, 48.497588], [-89.047314, 48.497548], [-89.047367, 48.497501], [-89.047367, 48.497448], [-89.047388, 48.497408], [-89.047428, 48.497381], [-89.047489, 48.497368], [-89.04757, 48.497368], [-89.047651, 48.497345], [-89.047731, 48.497301], [-89.047812, 48.497234], [-89.047893, 48.497145], [-89.047998, 48.497093], [-89.048126, 48.49708], [-89.048277, 48.497104], [-89.048453, 48.497167], [-89.048584, 48.497198], [-89.048672, 48.497198], [-89.048716, 48.497167], [-89.048716, 48.497104], [-89.048803, 48.497044], [-89.048978, 48.496986], [-89.049241, 48.49693], [-89.049592, 48.496877], [-89.049855, 48.496821], [-89.05003, 48.496763], [-89.050117, 48.496703], [-89.050117, 48.49664], [-89.050192, 48.496587], [-89.05034, 48.496542], [-89.050562, 48.496507], [-89.050859, 48.49648], [-89.051071, 48.49644], [-89.051199, 48.496386], [-89.051243, 48.496319], [-89.051203, 48.496239], [-89.051213, 48.496179], [-89.051273, 48.496139], [-89.051385, 48.496118], [-89.051546, 48.496118], [-89.051681, 48.496096], [-89.051789, 48.496052], [-89.05187, 48.495985], [-89.051924, 48.495895], [-89.052109, 48.495786], [-89.052426, 48.495657], [-89.052874, 48.495507], [-89.053454, 48.495338], [-89.053973, 48.495199], [-89.054431, 48.495092], [-89.054829, 48.495016], [-89.055166, 48.494972], [-89.055547, 48.494878], [-89.055971, 48.494735], [-89.05644, 48.494544], [-89.056952, 48.494303], [-89.05739, 48.494008], [-89.057754, 48.49366], [-89.058044, 48.493259], [-89.058259, 48.492804], [-89.058404, 48.492447], [-89.058479, 48.492188], [-89.058482, 48.492027], [-89.058415, 48.491965], [-89.058256, 48.491898], [-89.058007, 48.491826], [-89.057666, 48.491751], [-89.057235, 48.49167], [-89.056891, 48.491539], [-89.056635, 48.491356], [-89.056467, 48.491122], [-89.056386, 48.490836], [-89.056345, 48.490593], [-89.056345, 48.490392], [-89.056386, 48.490234], [-89.056467, 48.490118], [-89.056615, 48.489997], [-89.056831, 48.489872], [-89.057114, 48.489743], [-89.057464, 48.489609], [-89.057987, 48.489515], [-89.058681, 48.489462], [-89.059547, 48.489448], [-89.060585, 48.489475], [-89.061404, 48.48952], [-89.062004, 48.489582], [-89.062384, 48.489662], [-89.062546, 48.489761], [-89.062668, 48.489897], [-89.062748, 48.490071], [-89.062789, 48.490283], [-89.062789, 48.490533], [-89.062745, 48.490711], [-89.062657, 48.490818], [-89.062526, 48.490854], [-89.062351, 48.490818], [-89.062219, 48.490776], [-89.062132, 48.490727], [-89.062088, 48.490671], [-89.062088, 48.490608], [-89.062034, 48.490519], [-89.061926, 48.490403], [-89.061764, 48.49026], [-89.061549, 48.490091], [-89.061293, 48.489944], [-89.060996, 48.489819], [-89.060659, 48.489716], [-89.060282, 48.489636], [-89.059904, 48.489582], [-89.059527, 48.489555], [-89.059149, 48.489555], [-89.058772, 48.489582], [-89.058415, 48.489638], [-89.058078, 48.489723], [-89.057761, 48.489837], [-89.057464, 48.489979], [-89.057232, 48.49012], [-89.057063, 48.490258], [-89.056959, 48.490394], [-89.056918, 48.490528], [-89.056901, 48.490644], [-89.056908, 48.490742], [-89.056938, 48.490823], [-89.056992, 48.490885], [-89.057161, 48.490961], [-89.057444, 48.49105], [-89.057842, 48.491153], [-89.058354, 48.491269], [-89.058765, 48.491385], [-89.059075, 48.491501], [-89.059284, 48.491617], [-89.059392, 48.491733], [-89.059473, 48.491858], [-89.059527, 48.491992], [-89.059554, 48.492134], [-89.059554, 48.492286], [-89.05949, 48.492516], [-89.059361, 48.492824], [-89.059169, 48.49321], [-89.058913, 48.493674], [-89.0586, 48.494089], [-89.058229, 48.494454], [-89.057801, 48.494771], [-89.057316, 48.495039], [-89.056703, 48.495277], [-89.055961, 48.495487], [-89.055092, 48.495668], [-89.054094, 48.49582], [-89.053255, 48.495973], [-89.052574, 48.49613], [-89.052052, 48.496288], [-89.051688, 48.496449], [-89.051361, 48.496576], [-89.051071, 48.496669], [-89.050818, 48.49673], [-89.050603, 48.496756], [-89.050377, 48.496812], [-89.050141, 48.496897], [-89.049895, 48.497011], [-89.049639, 48.497153], [-89.04939, 48.497263], [-89.049147, 48.497339], [-89.048911, 48.497381], [-89.048682, 48.49739], [-89.048469, 48.497408], [-89.048274, 48.497435], [-89.048095, 48.49747], [-89.047934, 48.497515], [-89.047812, 48.497562], [-89.047731, 48.497611], [-89.047691, 48.497662], [-89.047691, 48.497716], [-89.047644, 48.497758], [-89.047549, 48.497789], [-89.047408, 48.497809], [-89.047219, 48.497818], [-89.046997, 48.497867], [-89.046741, 48.497956], [-89.046451, 48.498086], [-89.046127, 48.498255], [-89.045575, 48.498438], [-89.044793, 48.498635], [-89.043782, 48.498844], [-89.042542, 48.499067], [-89.041598, 48.49925], [-89.040951, 48.499393], [-89.0406, 48.499496], [-89.040547, 48.499558], [-89.040294, 48.499596], [-89.039842, 48.499609], [-89.039192, 48.499598], [-89.038343, 48.499562], [-89.037695, 48.499551], [-89.037251, 48.499565], [-89.037008, 48.499603], [-89.036968, 48.499665], [-89.03687, 48.499725], [-89.036715, 48.499783], [-89.036502, 48.499839], [-89.036233, 48.499893], [-89.035842, 48.499946], [-89.03533, 48.5], [-89.034696, 48.500053], [-89.033941, 48.500107], [-89.033372, 48.500127], [-89.032987, 48.500113]]]}}, {"type": "Feature", "properties": {"lead": 0, "temp": "sp:steelhead:s3"}, "geometry": {"type": "Polygon", "coordinates": [[[-88.987394, 48.502094], [-88.987333, 48.501985], [-88.98732, 48.50178], [-88.987344, 48.501603], [-88.987404, 48.501456], [-88.987502, 48.501338], [-88.987637, 48.501249], [-88.987822, 48.501168], [-88.988058, 48.501097], [-88.988344, 48.501035], [-88.988681, 48.500981], [-88.988978, 48.500912], [-88.989234, 48.500827], [-88.98945, 48.500727], [-88.989625, 48.500611], [-88.989797, 48.500517], [-88.989965, 48.500446], [-88.990131, 48.500397], [-88.990292, 48.50037], [-88.990427, 48.50033], [-88.990535, 48.500276], [-88.990616, 48.500209], [-88.99067, 48.500129], [-88.990774, 48.500069], [-88.990929, 48.500029], [-88.991135, 48.500009], [-88.991391, 48.500009], [-88.991613, 48.499977], [-88.991802, 48.499915], [-88.991957, 48.499821], [-88.992078, 48.499696], [-88.992223, 48.499583], [-88.992392, 48.49948], [-88.992584, 48.499389], [-88.9928, 48.499308], [-88.992995, 48.499248], [-88.99317, 48.499208], [-88.993325, 48.499188], [-88.99346, 48.499188], [-88.993592, 48.499208], [-88.99372, 48.499248], [-88.993844, 48.499308], [-88.993966, 48.499389], [-88.99409, 48.499429], [-88.994218, 48.499429], [-88.99435, 48.499389], [-88.994485, 48.499308], [-88.994596, 48.499284], [-88.994684, 48.499315], [-88.994748, 48.499402], [-88.994788, 48.499545], [-88.994775, 48.499667], [-88.994707, 48.49977], [-88.994586, 48.499852], [-88.994411, 48.499915], [-88.994269, 48.499982], [-88.994161, 48.500053], [-88.994087, 48.500129], [-88.994047, 48.500209], [-88.993979, 48.500274], [-88.993885, 48.500323], [-88.993764, 48.500357], [-88.993615, 48.500374], [-88.993541, 48.500361], [-88.993541, 48.500316], [-88.993615, 48.500241], [-88.993764, 48.500134], [-88.993854, 48.500033], [-88.993888, 48.499939], [-88.993865, 48.499852], [-88.993784, 48.499772], [-88.993669, 48.499732], [-88.993521, 48.499732], [-88.993339, 48.499772], [-88.993123, 48.499852], [-88.992908, 48.499913], [-88.992692, 48.499953], [-88.992476, 48.499973], [-88.99226, 48.499973], [-88.991961, 48.500044], [-88.991576, 48.500187], [-88.991108, 48.500401], [-88.990555, 48.500687], [-88.990043, 48.50093], [-88.989571, 48.501131], [-88.98914, 48.501289], [-88.988749, 48.501405], [-88.988405, 48.501536], [-88.988109, 48.501684], [-88.987859, 48.501846], [-88.987657, 48.502025], [-88.987502, 48.502107], [-88.987394, 48.502094]]]}}, {"type": "Feature", "properties": {"lead": 0, "temp": "sp:steelhead:s3"}, "geometry": {"type": "Polygon", "coordinates": [[[-88.987559, 48.503452], [-88.987401, 48.503493], [-88.98736, 48.503412], [-88.987462, 48.503261], [-88.987704, 48.503038], [-88.988088, 48.502743], [-88.988614, 48.502377], [-88.989177, 48.502023], [-88.989777, 48.501679], [-88.990414, 48.501347], [-88.991088, 48.501026], [-88.991667, 48.500774], [-88.992153, 48.500591], [-88.992544, 48.500477], [-88.99284, 48.500432], [-88.993063, 48.50041], [-88.993211, 48.50041], [-88.993285, 48.500432], [-88.993285, 48.500477], [-88.993221, 48.500524], [-88.993093, 48.500573], [-88.992901, 48.500624], [-88.992645, 48.500678], [-88.992442, 48.500734], [-88.992294, 48.500791], [-88.9922, 48.500852], [-88.992159, 48.500914], [-88.992085, 48.500968], [-88.991977, 48.501012], [-88.991836, 48.501048], [-88.991661, 48.501075], [-88.991509, 48.501117], [-88.991381, 48.501175], [-88.991276, 48.501249], [-88.991196, 48.501338], [-88.991037, 48.501438], [-88.990801, 48.50155], [-88.990488, 48.501673], [-88.990097, 48.501806], [-88.989676, 48.502007], [-88.989224, 48.502275], [-88.988742, 48.502609], [-88.98823, 48.503011], [-88.987836, 48.503292], [-88.987559, 48.503452]]]}}, {"type": "Feature", "properties": {"lead": 0, "temp": "sp:steelhead:s3"}, "geometry": {"type": "Polygon", "coordinates": [[[-88.994471, 48.51333], [-88.993905, 48.513292], [-88.993312, 48.513203], [-88.992739, 48.513084], [-88.992186, 48.512937], [-88.991654, 48.512761], [-88.991142, 48.512556], [-88.990565, 48.512302], [-88.989925, 48.511998], [-88.989221, 48.511646], [-88.988452, 48.511245], [-88.987876, 48.510903], [-88.987492, 48.510622], [-88.9873, 48.510402], [-88.9873, 48.510241], [-88.98734, 48.510127], [-88.987421, 48.51006], [-88.987542, 48.51004], [-88.987704, 48.510067], [-88.988112, 48.510228], [-88.988766, 48.510522], [-88.989666, 48.51095], [-88.990811, 48.511512], [-88.991789, 48.51196], [-88.992597, 48.512295], [-88.993238, 48.512516], [-88.99371, 48.512623], [-88.994165, 48.512678], [-88.994603, 48.512683], [-88.995024, 48.512636], [-88.995428, 48.512538], [-88.995786, 48.512478], [-88.996096, 48.512455], [-88.996358, 48.512471], [-88.996574, 48.512525], [-88.99678, 48.512545], [-88.996975, 48.512531], [-88.997161, 48.512484], [-88.997336, 48.512404], [-88.997531, 48.512344], [-88.997747, 48.512304], [-88.997983, 48.512284], [-88.998239, 48.512284], [-88.998451, 48.512255], [-88.99862, 48.512197], [-88.998744, 48.51211], [-88.998825, 48.511994], [-88.99894, 48.5119], [-88.999088, 48.511829], [-88.99927, 48.51178], [-88.999486, 48.511753], [-88.999658, 48.511697], [-88.999786, 48.511613], [-88.99987, 48.511499], [-88.99991, 48.511356], [-89.000028, 48.51124], [-89.000224, 48.511151], [-89.000497, 48.511089], [-89.000847, 48.511053], [-89.001141, 48.51099], [-89.001376, 48.510901], [-89.001555, 48.510785], [-89.001676, 48.510643], [-89.001791, 48.510535], [-89.001899, 48.510464], [-89.002, 48.510428], [-89.002094, 48.510428], [-89.002219, 48.510395], [-89.002374, 48.510328], [-89.002559, 48.510228], [-89.002775, 48.510094], [-89.002991, 48.509994], [-89.003206, 48.509927], [-89.003422, 48.509893], [-89.003638, 48.509893], [-89.003864, 48.509858], [-89.004099, 48.509786], [-89.004345, 48.509679], [-89.004602, 48.509536], [-89.004868, 48.509414], [-89.005144, 48.509311], [-89.005431, 48.509229], [-89.005727, 48.509166], [-89.006132, 48.509006], [-89.006644, 48.508747], [-89.007264, 48.50839], [-89.007992, 48.507935], [-89.008571, 48.507587], [-89.009003, 48.507346], [-89.009286, 48.507213], [-89.009421, 48.507186], [-89.009522, 48.507152], [-89.009589, 48.507112], [-89.009623, 48.507065], [-89.009623, 48.507012], [-89.009687, 48.506949], [-89.009815, 48.506878], [-89.010007, 48.506798], [-89.010263, 48.506709], [-89.010455, 48.506628], [-89.010583, 48.506557], [-89.010647, 48.506494], [-89.010647, 48.506441], [-89.010678, 48.506401], [-89.010738, 48.506374], [-89.010829, 48.506361], [-89.010951, 48.506361], [-89.011065, 48.506338], [-89.011173, 48.506294], [-89.011274, 48.506227], [-89.011369, 48.506138], [-89.011524, 48.506051], [-89.011739, 48.505966], [-89.012016, 48.505883], [-89.012353, 48.505803], [-89.012605, 48.505734], [-89.012774, 48.505676], [-89.012858, 48.505629], [-89.012858, 48.505593], [-89.012892, 48.505567], [-89.012959, 48.505549], [-89.01306, 48.50554], [-89.013195, 48.50554], [-89.013414, 48.505469], [-89.013718, 48.505326], [-89.014105, 48.505112], [-89.014577, 48.504826], [-89.014961, 48.504621], [-89.015258, 48.504496], [-89.015467, 48.504452], [-89.015588, 48.504487], [-89.015669, 48.504505], [-89.015709, 48.504505], [-89.015709, 48.504487], [-89.015669, 48.504452], [-89.015682, 48.504418], [-89.01575, 48.504387], [-89.015871, 48.504358], [-89.016046, 48.504331], [-89.016188, 48.504298], [-89.016296, 48.504258], [-89.01637, 48.504211], [-89.01641, 48.504157], [-89.016515, 48.504104], [-89.016683, 48.50405], [-89.016916, 48.503997], [-89.017212, 48.503943], [-89.017445, 48.503881], [-89.017613, 48.503809], [-89.017718, 48.503729], [-89.017758, 48.50364], [-89.017822, 48.50358], [-89.01791, 48.503548], [-89.018021, 48.503546], [-89.018156, 48.503573], [-89.018257, 48.503573], [-89.018324, 48.503546], [-89.018358, 48.503493], [-89.018358, 48.503412], [-89.018378, 48.503348], [-89.018419, 48.503298], [-89.018479, 48.503265], [-89.01856, 48.503247], [-89.018645, 48.503236], [-89.018732, 48.503232], [-89.018823, 48.503234], [-89.018918, 48.503243], [-89.018975, 48.503265], [-89.018995, 48.503301], [-89.018978, 48.50335], [-89.018924, 48.503412], [-89.019019, 48.503452], [-89.019261, 48.50347], [-89.019652, 48.503466], [-89.020191, 48.503439], [-89.020586, 48.503377], [-89.020835, 48.503278], [-89.02094, 48.503145], [-89.020899, 48.502975], [-89.020929, 48.502832], [-89.021031, 48.502716], [-89.021202, 48.502627], [-89.021445, 48.502565], [-89.021607, 48.5025], [-89.021688, 48.502433], [-89.021688, 48.502364], [-89.021607, 48.502293], [-89.021577, 48.50223], [-89.021597, 48.502177], [-89.021668, 48.502132], [-89.021789, 48.502096], [-89.021934, 48.502076], [-89.022102, 48.502072], [-89.022294, 48.502083], [-89.02251, 48.50211], [-89.022692, 48.502114], [-89.02284, 48.502096], [-89.022955, 48.502056], [-89.023036, 48.501994], [-89.02313, 48.501954], [-89.023238, 48.501936], [-89.023359, 48.50194], [-89.023494, 48.501967], [-89.023595, 48.501976], [-89.023663, 48.501967], [-89.023696, 48.50194], [-89.023696, 48.501896], [-89.023737, 48.501873], [-89.023818, 48.501873], [-89.023939, 48.501896], [-89.024101, 48.50194], [-89.024222, 48.50196], [-89.024303, 48.501956], [-89.024343, 48.501927], [-89.024343, 48.501873], [-89.024387, 48.501826], [-89.024475, 48.501786], [-89.024606, 48.501753], [-89.024781, 48.501726], [-89.024943, 48.501677], [-89.025091, 48.501606], [-89.025226, 48.501512], [-89.025348, 48.501396], [-89.025536, 48.501302], [-89.025792, 48.501231], [-89.026116, 48.501182], [-89.026507, 48.501155], [-89.02681, 48.501106], [-89.027026, 48.501035], [-89.027154, 48.500941], [-89.027194, 48.500825], [-89.027248, 48.500738], [-89.027316, 48.50068], [-89.027397, 48.500651], [-89.027491, 48.500651], [-89.027572, 48.500638], [-89.027639, 48.500611], [-89.027693, 48.500571], [-89.027734, 48.500517], [-89.027828, 48.500477], [-89.027976, 48.50045], [-89.028178, 48.500437], [-89.028435, 48.500437], [-89.028637, 48.500421], [-89.028785, 48.50039], [-89.028879, 48.500343], [-89.02892, 48.500281], [-89.029014, 48.500243], [-89.029162, 48.500229], [-89.029365, 48.500241], [-89.029621, 48.500276], [-89.029813, 48.500294], [-89.029941, 48.500294], [-89.030005, 48.500276], [-89.030005, 48.500241], [-89.030049, 48.500214], [-89.030136, 48.500196], [-89.030268, 48.500187], [-89.030443, 48.500187], [-89.030575, 48.500176], [-89.030662, 48.500154], [-89.030706, 48.50012], [-89.030706, 48.500076], [-89.030746, 48.500042], [-89.030827, 48.50002], [-89.030949, 48.500009], [-89.03111, 48.500009], [-89.031265, 48.500026], [-89.031414, 48.500062], [-89.031555, 48.500116], [-89.03169, 48.500187], [-89.031761, 48.500278], [-89.031768, 48.50039], [-89.03171, 48.500522], [-89.031589, 48.500673], [-89.031464, 48.500787], [-89.031336, 48.500863], [-89.031205, 48.500901], [-89.03107, 48.500901], [-89.030942, 48.500885], [-89.030821, 48.500854], [-89.030706, 48.500807], [-89.030598, 48.500745], [-89.03046, 48.500713], [-89.030291, 48.500713], [-89.030093, 48.500745], [-89.029863, 48.500807], [-89.029671, 48.500838], [-89.029516, 48.500838], [-89.029398, 48.500807], [-89.029318, 48.500745], [-89.029176, 48.500713], [-89.028974, 48.500713], [-89.028711, 48.500745], [-89.028387, 48.500807], [-89.028114, 48.500883], [-89.027892, 48.500972], [-89.02772, 48.501075], [-89.027599, 48.501191], [-89.027474, 48.50128], [-89.027346, 48.501342], [-89.027215, 48.501378], [-89.02708, 48.501387], [-89.026827, 48.501461], [-89.026456, 48.501599], [-89.025968, 48.501802], [-89.025361, 48.50207], [-89.024839, 48.50227], [-89.024401, 48.502404], [-89.024047, 48.502471], [-89.023777, 48.502471], [-89.023484, 48.502491], [-89.023167, 48.502531], [-89.022827, 48.502591], [-89.022463, 48.502672], [-89.022183, 48.502745], [-89.021988, 48.502812], [-89.021876, 48.502872], [-89.021849, 48.502926], [-89.02187, 48.502995], [-89.021937, 48.50308], [-89.022052, 48.50318], [-89.022213, 48.503296], [-89.022281, 48.503426], [-89.022254, 48.503568], [-89.022133, 48.503724], [-89.021917, 48.503894], [-89.021563, 48.504017], [-89.021071, 48.504092], [-89.020441, 48.504121], [-89.019672, 48.504104], [-89.019086, 48.504079], [-89.018682, 48.504048], [-89.018459, 48.50401], [-89.018419, 48.503965], [-89.018287, 48.503959], [-89.018065, 48.50399], [-89.017752, 48.504059], [-89.017347, 48.504166], [-89.016926, 48.504295], [-89.016488, 48.504447], [-89.016033, 48.504621], [-89.015561, 48.504817], [-89.01516, 48.505], [-89.01483, 48.50517], [-89.01457, 48.505326], [-89.014381, 48.505469], [-89.014092, 48.505609], [-89.013701, 48.505747], [-89.013209, 48.505883], [-89.012616, 48.506017], [-89.012157, 48.506124], [-89.011834, 48.506205], [-89.011645, 48.506258], [-89.011591, 48.506285], [-89.011561, 48.506321], [-89.011554, 48.506365], [-89.011571, 48.506419], [-89.011611, 48.506481], [-89.011618, 48.506521], [-89.011591, 48.506539], [-89.01153, 48.506535], [-89.011436, 48.506508], [-89.011328, 48.506501], [-89.011207, 48.506515], [-89.011072, 48.506548], [-89.010924, 48.506602], [-89.010809, 48.506657], [-89.010728, 48.506715], [-89.010681, 48.506775], [-89.010668, 48.506838], [-89.01058, 48.506912], [-89.010418, 48.506996], [-89.010182, 48.507092], [-89.009872, 48.507199], [-89.009589, 48.507324], [-89.009333, 48.507467], [-89.009104, 48.507627], [-89.008902, 48.507806], [-89.0087, 48.507953], [-89.008497, 48.508069], [-89.008295, 48.508154], [-89.008093, 48.508207], [-89.007914, 48.508283], [-89.007759, 48.508381], [-89.007628, 48.508502], [-89.00752, 48.508644], [-89.007402, 48.508758], [-89.007274, 48.508843], [-89.007136, 48.508899], [-89.006988, 48.508925], [-89.006839, 48.508974], [-89.006691, 48.509046], [-89.006543, 48.509139], [-89.006394, 48.509255], [-89.006233, 48.509349], [-89.006057, 48.50942], [-89.005869, 48.509469], [-89.005667, 48.509496], [-89.005481, 48.509539], [-89.005313, 48.509597], [-89.005161, 48.50967], [-89.005026, 48.509759], [-89.004773, 48.509873], [-89.004403, 48.510011], [-89.003914, 48.510174], [-89.003307, 48.510362], [-89.002809, 48.510544], [-89.002418, 48.510723], [-89.002135, 48.510897], [-89.001959, 48.511066], [-89.00167, 48.511245], [-89.001265, 48.511432], [-89.000746, 48.511628], [-89.000113, 48.511833], [-88.99956, 48.512038], [-88.999088, 48.512244], [-88.998697, 48.512449], [-88.998387, 48.512654], [-88.998081, 48.512808], [-88.997777, 48.51291], [-88.997477, 48.512962], [-88.997181, 48.512962], [-88.996837, 48.512991], [-88.996446, 48.513049], [-88.996008, 48.513136], [-88.995523, 48.513252], [-88.99501, 48.513316], [-88.994471, 48.51333]], [[-89.021041, 48.503401], [-89.021034, 48.503399], [-89.02102, 48.503399], [-89.02101, 48.503401], [-89.021004, 48.503406], [-89.021, 48.503412], [-89.021, 48.503421], [-89.021004, 48.503426], [-89.02101, 48.503426], [-89.02102, 48.503421], [-89.021034, 48.503412], [-89.021041, 48.503406], [-89.021041, 48.503401]]]}}]}