{"type": "FeatureCollection", "features": [{"type": "Feature", "properties": {"lead": 0}, "geometry": {"type": "LineString", "coordinates": [[-88.950929, 48.520406], [-88.950934, 48.520425], [-88.950945, 48.520462], [-88.950961, 48.520517], [-88.950982, 48.520591], [-88.951009, 48.520684], [-88.951041, 48.520795], [-88.951079, 48.520924], [-88.951121, 48.521072], [-88.951152, 48.521209], [-88.951169, 48.521334], [-88.951175, 48.521448], [-88.951167, 48.521551], [-88.951147, 48.521643], [-88.951115, 48.521723], [-88.95107, 48.521792], [-88.951013, 48.521849], [-88.95091, 48.521913], [-88.950762, 48.521984], [-88.950569, 48.52206], [-88.95033, 48.522144], [-88.950047, 48.522233], [-88.949718, 48.522329], [-88.949344, 48.522432], [-88.948924, 48.52254], [-88.948551, 48.522635], [-88.948224, 48.522716], [-88.947943, 48.522783], [-88.947709, 48.522837], [-88.94752, 48.522876], [-88.947378, 48.522901], [-88.947283, 48.522913], [-88.947233, 48.522911], [-88.947188, 48.522903], [-88.947148, 48.52289], [-88.947112, 48.522872], [-88.947081, 48.522849], [-88.947055, 48.52282], [-88.947033, 48.522787], [-88.947016, 48.522748], [-88.947003, 48.522704], [-88.946983, 48.522661], [-88.946955, 48.52262], [-88.94692, 48.522581], [-88.946876, 48.522544], [-88.946825, 48.522508], [-88.946766, 48.522474], [-88.9467, 48.522442], [-88.946625, 48.522411], [-88.946548, 48.522389], [-88.946467, 48.522375], [-88.946383, 48.52237], [-88.946296, 48.522374], [-88.946206, 48.522386], [-88.946113, 48.522407], [-88.946017, 48.522436], [-88.945918, 48.522474], [-88.945794, 48.522507], [-88.945645, 48.522535], [-88.945472, 48.522559], [-88.945273, 48.522579], [-88.94505, 48.522593], [-88.944802, 48.522603], [-88.944529, 48.522609], [-88.944231, 48.52261], [-88.943962, 48.52262], [-88.943721, 48.52264], [-88.943508, 48.52267], [-88.943324, 48.522709], [-88.943168, 48.522758], [-88.943041, 48.522817], [-88.942941, 48.522885], [-88.942871, 48.522963], [-88.942811, 48.52304], [-88.942763, 48.523117], [-88.942727, 48.523193], [-88.942702, 48.523269], [-88.942689, 48.523345], [-88.942687, 48.52342], [-88.942697, 48.523495], [-88.942718, 48.523569], [-88.942723, 48.523641], [-88.942711, 48.523713], [-88.942682, 48.523783], [-88.942637, 48.523852], [-88.942575, 48.523919], [-88.942497, 48.523985], [-88.942402, 48.524049], [-88.94229, 48.524113], [-88.942149, 48.524166], [-88.941978, 48.524211], [-88.941778, 48.524245], [-88.941549, 48.52427], [-88.94129, 48.524286], [-88.941001, 48.524292], [-88.940684, 48.524289], [-88.940336, 48.524276], [-88.94002, 48.524259], [-88.939735, 48.524237], [-88.93948, 48.524212], [-88.939257, 48.524182], [-88.939065, 48.524148], [-88.938904, 48.524109], [-88.938773, 48.524067], [-88.938674, 48.52402], [-88.938562, 48.523982], [-88.938438, 48.523955], [-88.938302, 48.523936], [-88.938153, 48.523928], [-88.937992, 48.523929], [-88.937818, 48.52394], [-88.937632, 48.52396], [-88.937434, 48.523989], [-88.937203, 48.524016], [-88.936939, 48.524038], [-88.936643, 48.524057], [-88.936314, 48.524071], [-88.935953, 48.524083], [-88.935559, 48.52409], [-88.935133, 48.524094], [-88.934674, 48.524094], [-88.934251, 48.524089], [-88.933863, 48.52408], [-88.933511, 48.524065], [-88.933195, 48.524046], [-88.932914, 48.524021], [-88.932669, 48.523992], [-88.93246, 48.523958], [-88.932286, 48.523919], [-88.932123, 48.523875], [-88.931972, 48.523827], [-88.931831, 48.523774], [-88.931701, 48.523716], [-88.931582, 48.523654], [-88.931475, 48.523586], [-88.931378, 48.523514], [-88.931292, 48.523438], [-88.931222, 48.523354], [-88.931167, 48.523264], [-88.931128, 48.523166], [-88.931105, 48.523062], [-88.931098, 48.522951], [-88.931106, 48.522833], [-88.93113, 48.522709], [-88.93117, 48.522577], [-88.931201, 48.522451], [-88.931224, 48.522329], [-88.931239, 48.522213], [-88.931245, 48.522102], [-88.931243, 48.521996], [-88.931233, 48.521896], [-88.931214, 48.5218], [-88.931187, 48.521709], [-88.931179, 48.521613], [-88.931188, 48.52151], [-88.931217, 48.521401], [-88.931263, 48.521286], [-88.931329, 48.521165], [-88.931412, 48.521037], [-88.931514, 48.520903], [-88.931634, 48.520764], [-88.931718, 48.520646], [-88.931766, 48.520552], [-88.931777, 48.52048], [-88.931751, 48.52043], [-88.931689, 48.520404], [-88.931591, 48.520399], [-88.931456, 48.520418], [-88.931285, 48.520459], [-88.931126, 48.520477], [-88.93098, 48.520473], [-88.930846, 48.520446], [-88.930725, 48.520397], [-88.930615, 48.520325], [-88.930519, 48.520231], [-88.930435, 48.520113], [-88.930363, 48.519974], [-88.930289, 48.519846], [-88.930212, 48.519731], [-88.930134, 48.519628], [-88.930053, 48.519538], [-88.929971, 48.519459], [-88.929886, 48.519394], [-88.929798, 48.51934], [-88.929709, 48.519299], [-88.929618, 48.519262], [-88.929526, 48.51923], [-88.929433, 48.519203], [-88.929339, 48.51918], [-88.929243, 48.519162], [-88.929147, 48.519148], [-88.929049, 48.51914], [-88.928949, 48.519136], [-88.928845, 48.519142], [-88.928737, 48.519159], [-88.928624, 48.519186], [-88.928506, 48.519223], [-88.928383, 48.519271], [-88.928256, 48.51933], [-88.928124, 48.519399], [-88.927988, 48.519478], [-88.927819, 48.519562], [-88.927617, 48.519651], [-88.927383, 48.519744], [-88.927117, 48.519843], [-88.926817, 48.519947], [-88.926486, 48.520055], [-88.926121, 48.520168], [-88.925724, 48.520286], [-88.925377, 48.52039], [-88.925079, 48.520478], [-88.924831, 48.520552], [-88.924633, 48.520611], [-88.924484, 48.520655], [-88.924385, 48.520685], [-88.924335, 48.5207]]}}, {"type": "Feature", "properties": {"lead": 0}, "geometry": {"type": "LineString", "coordinates": [[-88.933663, 48.519973], [-88.93366, 48.519976], [-88.933655, 48.519984], [-88.933648, 48.519995], [-88.933638, 48.52001], [-88.933625, 48.520028], [-88.93361, 48.52005], [-88.933593, 48.520076], [-88.933573, 48.520105], [-88.933559, 48.520129], [-88.933552, 48.520147], [-88.933552, 48.520159], [-88.933558, 48.520166], [-88.933571, 48.520166], [-88.93359, 48.520161], [-88.933616, 48.52015], [-88.933648, 48.520134], [-88.933676, 48.52012], [-88.933701, 48.520107], [-88.933721, 48.520097], [-88.933737, 48.520089], [-88.933749, 48.520082], [-88.933757, 48.520078], [-88.933761, 48.520076]]}}, {"type": "Feature", "properties": {"lead": 0}, "geometry": {"type": "LineString", "coordinates": [[-88.953013, 48.514775], [-88.953015, 48.514768], [-88.953018, 48.514755], [-88.953023, 48.514735], [-88.95303, 48.514709], [-88.953038, 48.514676], [-88.953048, 48.514636], [-88.95306, 48.51459], [-88.953073, 48.514537], [-88.95308, 48.51449], [-88.95308, 48.51445], [-88.953074, 48.514417], [-88.953062, 48.51439], [-88.953043, 48.514369], [-88.953018, 48.514355], [-88.952986, 48.514347], [-88.952948, 48.514346], [-88.952887, 48.514354], [-88.952802, 48.514371], [-88.952695, 48.514398], [-88.952564, 48.514433], [-88.95241, 48.514478], [-88.952233, 48.514532], [-88.952033, 48.514595], [-88.95181, 48.514668], [-88.951615, 48.514731], [-88.951447, 48.514786], [-88.951308, 48.514831], [-88.951196, 48.514867], [-88.951112, 48.514894], [-88.951056, 48.514912], [-88.951029, 48.514921]]}}, {"type": "Feature", "properties": {"lead": 0}, "geometry": {"type": "LineString", "coordinates": [[-88.999653, 48.511658], [-88.999631, 48.511667], [-88.999589, 48.511685], [-88.999526, 48.511713], [-88.999442, 48.51175], [-88.999336, 48.511796], [-88.999209, 48.511851], [-88.999062, 48.511915], [-88.998893, 48.511988], [-88.998723, 48.512056], [-88.998552, 48.512118], [-88.998379, 48.512175], [-88.998206, 48.512226], [-88.998031, 48.512271], [-88.997855, 48.51231], [-88.997677, 48.512344], [-88.997499, 48.512372], [-88.997274, 48.512376], [-88.997003, 48.512357], [-88.996686, 48.512315], [-88.996323, 48.512249], [-88.995914, 48.51216], [-88.995459, 48.512047], [-88.994957, 48.511911], [-88.994409, 48.511751], [-88.993879, 48.51159], [-88.993366, 48.511426], [-88.992871, 48.51126], [-88.992394, 48.511092], [-88.991934, 48.510922], [-88.991491, 48.510749], [-88.991066, 48.510575], [-88.990659, 48.510398], [-88.990247, 48.510208], [-88.98983, 48.510004], [-88.989407, 48.509787], [-88.98898, 48.509556], [-88.988549, 48.509311], [-88.988112, 48.509053], [-88.98767, 48.508781], [-88.987224, 48.508495], [-88.986835, 48.508242], [-88.986505, 48.508022], [-88.986232, 48.507835], [-88.986017, 48.507681], [-88.985861, 48.507559], [-88.985762, 48.50747], [-88.985722, 48.507414], [-88.985739, 48.507391], [-88.985745, 48.50737], [-88.985738, 48.507351], [-88.985719, 48.507334], [-88.985688, 48.507319], [-88.985645, 48.507306], [-88.98559, 48.507296], [-88.985522, 48.507287], [-88.985443, 48.507281], [-88.985375, 48.507272], [-88.985319, 48.50726], [-88.985274, 48.507247], [-88.985241, 48.50723], [-88.985219, 48.507211], [-88.985209, 48.50719], [-88.985211, 48.507166], [-88.985224, 48.507139], [-88.985228, 48.507114], [-88.985222, 48.507089], [-88.985207, 48.507066], [-88.985182, 48.507044], [-88.985147, 48.507022], [-88.985104, 48.507002], [-88.98505, 48.506983], [-88.984987, 48.506965], [-88.984902, 48.506949], [-88.984792, 48.506935], [-88.98466, 48.506923], [-88.984505, 48.506913], [-88.984326, 48.506906], [-88.984124, 48.5069], [-88.983899, 48.506896], [-88.983651, 48.506895], [-88.983416, 48.506902], [-88.983192, 48.506919], [-88.982981, 48.506945], [-88.982783, 48.50698], [-88.982597, 48.507024], [-88.982423, 48.507078], [-88.982262, 48.50714], [-88.982113, 48.507212], [-88.981952, 48.507273], [-88.981778, 48.507324], [-88.981592, 48.507364], [-88.981394, 48.507394], [-88.981183, 48.507414], [-88.98096, 48.507423], [-88.980724, 48.507422], [-88.980476, 48.50741], [-88.980223, 48.507425], [-88.979966, 48.507467], [-88.979704, 48.507534], [-88.979437, 48.507629], [-88.979166, 48.50775], [-88.97889, 48.507897], [-88.978609, 48.50807], [-88.978324, 48.508271], [-88.978051, 48.508449], [-88.97779, 48.508605], [-88.977542, 48.508739], [-88.977307, 48.508851], [-88.977083, 48.508942], [-88.976872, 48.50901], [-88.976674, 48.509056], [-88.976488, 48.50908], [-88.976322, 48.509097], [-88.976176, 48.509105], [-88.976051, 48.509104], [-88.975945, 48.509096], [-88.97586, 48.50908], [-88.975795, 48.509055], [-88.97575, 48.509023], [-88.975725, 48.508982], [-88.97568, 48.508944], [-88.975615, 48.50891], [-88.97553, 48.508878], [-88.975424, 48.50885], [-88.975299, 48.508824], [-88.975153, 48.508802], [-88.974987, 48.508782], [-88.974801, 48.508766], [-88.974635, 48.508756], [-88.974488, 48.508751], [-88.974361, 48.508753], [-88.974253, 48.50876], [-88.974165, 48.508773], [-88.974097, 48.508792], [-88.974049, 48.508817], [-88.97402, 48.508848], [-88.974007, 48.508881], [-88.974012, 48.508916], [-88.974032, 48.508955], [-88.974069, 48.508995], [-88.974123, 48.509039], [-88.974193, 48.509084], [-88.97428, 48.509132], [-88.974384, 48.509183], [-88.974415, 48.509233], [-88.974376, 48.509283], [-88.974264, 48.509333], [-88.974082, 48.509382], [-88.973827, 48.509432], [-88.973502, 48.50948], [-88.973104, 48.509529], [-88.972636, 48.509577], [-88.972225, 48.509619], [-88.971874, 48.509655], [-88.971581, 48.509685], [-88.971346, 48.509709], [-88.97117, 48.509727], [-88.971053, 48.509739], [-88.970995, 48.509745]]}}, {"type": "Feature", "properties": {"lead": 0}, "geometry": {"type": "LineString", "coordinates": [[-88.962775, 48.511234], [-88.96276, 48.511241], [-88.962731, 48.511256], [-88.962688, 48.511277], [-88.962629, 48.511305], [-88.962557, 48.511341], [-88.96247, 48.511383], [-88.962368, 48.511433], [-88.962252, 48.51149], [-88.962125, 48.511537], [-88.961988, 48.511574], [-88.961841, 48.511602], [-88.961684, 48.51162], [-88.961516, 48.511628], [-88.961338, 48.511626], [-88.96115, 48.511614], [-88.960952, 48.511593], [-88.960758, 48.511581], [-88.960569, 48.511578], [-88.960384, 48.511584], [-88.960204, 48.5116], [-88.960029, 48.511625], [-88.959859, 48.51166], [-88.959693, 48.511703], [-88.959532, 48.511756], [-88.959359, 48.511806], [-88.959176, 48.511853], [-88.958983, 48.511897], [-88.958778, 48.511939], [-88.958562, 48.511977], [-88.958336, 48.512012], [-88.958099, 48.512045], [-88.957851, 48.512074], [-88.957618, 48.512115], [-88.957401, 48.512169], [-88.9572, 48.512233], [-88.957014, 48.51231], [-88.956843, 48.512399], [-88.956688, 48.512499], [-88.956548, 48.512611], [-88.956424, 48.512735], [-88.95631, 48.512844], [-88.956204, 48.51294], [-88.956108, 48.513021], [-88.956021, 48.513088], [-88.955944, 48.51314], [-88.955875, 48.513178], [-88.955817, 48.513202], [-88.955767, 48.513212], [-88.955717, 48.513232], [-88.955668, 48.513263], [-88.955618, 48.513305], [-88.955568, 48.513358], [-88.955519, 48.513421], [-88.955469, 48.513496], [-88.95542, 48.513581], [-88.95537, 48.513676], [-88.955318, 48.513763], [-88.955265, 48.513842], [-88.95521, 48.513911], [-88.955153, 48.513972], [-88.955094, 48.514024], [-88.955033, 48.514068], [-88.95497, 48.514103], [-88.954905, 48.514129], [-88.954824, 48.514189], [-88.954727, 48.514282], [-88.954614, 48.51441], [-88.954485, 48.514571], [-88.95434, 48.514766], [-88.954179, 48.514994], [-88.954002, 48.515257], [-88.953808, 48.515553], [-88.953629, 48.515812], [-88.953465, 48.516035], [-88.953315, 48.516221], [-88.95318, 48.51637], [-88.95306, 48.516483], [-88.952954, 48.516559], [-88.952862, 48.516598], [-88.952786, 48.5166], [-88.952715, 48.516599], [-88.952652, 48.516593], [-88.952594, 48.516582], [-88.952544, 48.516567], [-88.952499, 48.516548], [-88.952462, 48.516525], [-88.95243, 48.516497], [-88.952405, 48.516465], [-88.952394, 48.516415], [-88.952397, 48.516348], [-88.952413, 48.516262], [-88.952443, 48.516159], [-88.952486, 48.516038], [-88.952543, 48.515899], [-88.952614, 48.515742], [-88.952699, 48.515568], [-88.952772, 48.515415], [-88.952836, 48.515284], [-88.952889, 48.515175], [-88.952931, 48.515088], [-88.952962, 48.515022], [-88.952983, 48.514978], [-88.952994, 48.514957]]}}, {"type": "Feature", "properties": {"lead": 0}, "geometry": {"type": "LineString", "coordinates": [[-88.966097, 48.510545], [-88.964848, 48.510864]]}}, {"type": "Feature", "properties": {"lead": 0}, "geometry": {"type": "LineString", "coordinates": [[-88.970599, 48.509797], [-88.970563, 48.509798], [-88.970491, 48.5098], [-88.970383, 48.509804], [-88.970239, 48.509809], [-88.970059, 48.509815], [-88.969843, 48.509822], [-88.969591, 48.50983], [-88.969303, 48.50984], [-88.969026, 48.509857], [-88.968762, 48.50988], [-88.968508, 48.509911], [-88.968267, 48.509949], [-88.968037, 48.509994], [-88.967818, 48.510046], [-88.967611, 48.510105], [-88.967416, 48.510171], [-88.967245, 48.510229], [-88.967099, 48.510279], [-88.966977, 48.51032], [-88.966879, 48.510353], [-88.966806, 48.510378], [-88.966757, 48.510395], [-88.966732, 48.510403]]}}, {"type": "Feature", "properties": {"lead": 0}, "geometry": {"type": "LineString", "coordinates": [[-88.990733, 48.500069], [-88.990708, 48.500081], [-88.990656, 48.500106], [-88.990579, 48.500143], [-88.990476, 48.500193], [-88.990348, 48.500254], [-88.990194, 48.500328], [-88.990014, 48.500415], [-88.989809, 48.500513], [-88.989608, 48.500604], [-88.989411, 48.500686], [-88.98922, 48.50076], [-88.989033, 48.500826], [-88.98885, 48.500884], [-88.988673, 48.500933], [-88.988499, 48.500974], [-88.988331, 48.501007], [-88.988168, 48.501049], [-88.988011, 48.501101], [-88.98786, 48.501161], [-88.987714, 48.501231], [-88.987575, 48.501311], [-88.987441, 48.501399], [-88.987313, 48.501497], [-88.987191, 48.501604], [-88.987064, 48.5017], [-88.986932, 48.501786], [-88.986794, 48.501861], [-88.986652, 48.501926], [-88.986504, 48.501981], [-88.986352, 48.502024], [-88.986194, 48.502058], [-88.986032, 48.50208], [-88.985868, 48.502108], [-88.985702, 48.502142], [-88.985535, 48.502181], [-88.985367, 48.502225], [-88.985198, 48.502275], [-88.985027, 48.502331], [-88.984854, 48.502391], [-88.984681, 48.502458], [-88.984523, 48.502529], [-88.984381, 48.502606], [-88.984256, 48.502688], [-88.984146, 48.502775], [-88.984052, 48.502868], [-88.983974, 48.502966], [-88.983912, 48.503069], [-88.983866, 48.503178], [-88.983822, 48.503266], [-88.983781, 48.503333], [-88.983741, 48.50338], [-88.983704, 48.503406], [-88.983669, 48.503412], [-88.983636, 48.503397], [-88.983606, 48.503361], [-88.983577, 48.503305], [-88.983543, 48.503256], [-88.983503, 48.503214], [-88.983457, 48.50318], [-88.983406, 48.503153], [-88.983349, 48.503134], [-88.983286, 48.503121], [-88.983217, 48.503117], [-88.983143, 48.503119], [-88.983077, 48.503128], [-88.98302, 48.503144], [-88.982972, 48.503165], [-88.982932, 48.503194], [-88.982901, 48.503228], [-88.982879, 48.503269], [-88.982866, 48.503316], [-88.982861, 48.50337], [-88.982838, 48.503428], [-88.982798, 48.503491], [-88.98274, 48.503559], [-88.982664, 48.503631], [-88.98257, 48.503707], [-88.982459, 48.503789], [-88.98233, 48.503875], [-88.982183, 48.503965], [-88.982047, 48.504043], [-88.981921, 48.504107], [-88.981807, 48.504159], [-88.981704, 48.504198], [-88.981612, 48.504224], [-88.981531, 48.504237], [-88.981461, 48.504237], [-88.981402, 48.504225], [-88.981344, 48.504219], [-88.981287, 48.504219], [-88.981232, 48.504227], [-88.981178, 48.504241], [-88.981124, 48.504261], [-88.981072, 48.504289], [-88.981022, 48.504323], [-88.980972, 48.504363], [-88.980915, 48.504397], [-88.980851, 48.504425], [-88.98078, 48.504446], [-88.980702, 48.504461], [-88.980617, 48.504469], [-88.980525, 48.50447], [-88.980425, 48.504465], [-88.980319, 48.504454], [-88.980201, 48.504451], [-88.980072, 48.504457], [-88.979932, 48.504471], [-88.97978, 48.504494], [-88.979617, 48.504526], [-88.979443, 48.504566], [-88.979257, 48.504615], [-88.979061, 48.504673], [-88.978884, 48.504728], [-88.978726, 48.504782], [-88.978588, 48.504833], [-88.97847, 48.504883], [-88.978372, 48.50493], [-88.978293, 48.504975], [-88.978234, 48.505018], [-88.978194, 48.505059], [-88.978164, 48.505108], [-88.978143, 48.505163], [-88.978132, 48.505226], [-88.97813, 48.505296], [-88.978137, 48.505373], [-88.978154, 48.505457], [-88.97818, 48.505549], [-88.978216, 48.505648], [-88.978262, 48.505738], [-88.978319, 48.505819], [-88.978386, 48.505892], [-88.978465, 48.505956], [-88.978554, 48.506012], [-88.978654, 48.506059], [-88.978764, 48.506097], [-88.978886, 48.506127], [-88.979016, 48.506152], [-88.979157, 48.506173], [-88.979308, 48.50619], [-88.979468, 48.506202], [-88.979638, 48.50621], [-88.979817, 48.506214], [-88.980007, 48.506213], [-88.980206, 48.506208], [-88.980389, 48.506198], [-88.980556, 48.506182], [-88.980708, 48.50616], [-88.980843, 48.506133], [-88.980963, 48.5061], [-88.981066, 48.506062], [-88.981154, 48.506018], [-88.981226, 48.505969], [-88.981367, 48.505902], [-88.981576, 48.505819], [-88.981854, 48.505719], [-88.982201, 48.505601], [-88.982617, 48.505467], [-88.983102, 48.505316], [-88.983655, 48.505148], [-88.984277, 48.504963], [-88.984865, 48.504768], [-88.985418, 48.504564], [-88.985937, 48.504351], [-88.986422, 48.504127], [-88.986872, 48.503895], [-88.987289, 48.503653], [-88.98767, 48.503401], [-88.988017, 48.50314], [-88.9884, 48.502877], [-88.988817, 48.502614], [-88.98927, 48.50235], [-88.989757, 48.502084], [-88.990279, 48.501818], [-88.990837, 48.50155], [-88.991429, 48.501282], [-88.992057, 48.501012], [-88.992606, 48.500777], [-88.993076, 48.500574], [-88.993468, 48.500406], [-88.993782, 48.500271], [-88.994017, 48.50017], [-88.994174, 48.500103], [-88.994253, 48.500069]]}}, {"type": "Feature", "properties": {"lead": 0}, "geometry": {"type": "LineString", "coordinates": [[-88.994698, 48.499937], [-88.994701, 48.499924], [-88.994707, 48.499896], [-88.994716, 48.499855], [-88.994728, 48.4998], [-88.994743, 48.499732], [-88.994761, 48.49965], [-88.994782, 48.499554], [-88.994806, 48.499444], [-88.994816, 48.499355], [-88.994812, 48.499286], [-88.994794, 48.499237], [-88.994763, 48.499208], [-88.994718, 48.4992], [-88.994658, 48.499212], [-88.994585, 48.499244], [-88.994499, 48.499296], [-88.994413, 48.499337], [-88.99433, 48.499366], [-88.994247, 48.499384], [-88.994167, 48.49939], [-88.994088, 48.499385], [-88.99401, 48.499368], [-88.993934, 48.49934], [-88.99386, 48.4993], [-88.993784, 48.499266], [-88.993706, 48.499239], [-88.993627, 48.499218], [-88.993547, 48.499203], [-88.993464, 48.499195], [-88.993381, 48.499193], [-88.993295, 48.499197], [-88.993209, 48.499208], [-88.993114, 48.499228], [-88.993011, 48.499257], [-88.992901, 48.499296], [-88.992782, 48.499345], [-88.992655, 48.499403], [-88.992521, 48.499471], [-88.992379, 48.499548], [-88.992228, 48.499634], [-88.992097, 48.49971], [-88.991984, 48.499775], [-88.99189, 48.499829], [-88.991815, 48.499873], [-88.991759, 48.499905], [-88.991721, 48.499927], [-88.991702, 48.499937]]}}, {"type": "Feature", "properties": {"lead": 0}, "geometry": {"type": "LineString", "coordinates": [[-88.932671, 48.52054], [-88.932671, 48.52054]]}}, {"type": "Feature", "properties": {"lead": 24}, "geometry": {"type": "LineString", "coordinates": [[-88.950845, 48.520462], [-88.950841, 48.520485], [-88.950834, 48.52053], [-88.950823, 48.520599], [-88.950809, 48.52069], [-88.95079, 48.520803], [-88.950769, 48.52094], [-88.950744, 48.521099], [-88.950715, 48.521282], [-88.950645, 48.521455], [-88.950534, 48.521621], [-88.950382, 48.521778], [-88.950189, 48.521927], [-88.949954, 48.522067], [-88.949679, 48.522199], [-88.949363, 48.522323], [-88.949005, 48.522439], [-88.948681, 48.52254], [-88.948392, 48.522627], [-88.948136, 48.5227], [-88.947913, 48.522759], [-88.947725, 48.522803], [-88.947571, 48.522833], [-88.94745, 48.52285], [-88.947363, 48.522852], [-88.947286, 48.522848], [-88.947217, 48.52284], [-88.947158, 48.522825], [-88.947109, 48.522806], [-88.947069, 48.522781], [-88.947038, 48.522751], [-88.947016, 48.522715], [-88.947003, 48.522674], [-88.946983, 48.522634], [-88.946955, 48.522596], [-88.94692, 48.522559], [-88.946876, 48.522524], [-88.946825, 48.52249], [-88.946766, 48.522458], [-88.9467, 48.522427], [-88.946625, 48.522398], [-88.946548, 48.522377], [-88.946467, 48.522364], [-88.946383, 48.52236], [-88.946296, 48.522364], [-88.946206, 48.522377], [-88.946113, 48.522397], [-88.946017, 48.522427], [-88.945918, 48.522464], [-88.945794, 48.522497], [-88.945645, 48.522526], [-88.945472, 48.522549], [-88.945273, 48.522569], [-88.94505, 48.522584], [-88.944802, 48.522594], [-88.944529, 48.5226], [-88.944231, 48.522601], [-88.943962, 48.52261], [-88.943721, 48.522626], [-88.943508, 48.522651], [-88.943324, 48.522682], [-88.943169, 48.522722], [-88.943041, 48.522769], [-88.942943, 48.522823], [-88.942872, 48.522886], [-88.942809, 48.522953], [-88.942754, 48.523027], [-88.942706, 48.523106], [-88.942666, 48.52319], [-88.942633, 48.523281], [-88.942608, 48.523376], [-88.94259, 48.523478], [-88.94258, 48.523585], [-88.94256, 48.523683], [-88.942529, 48.523774], [-88.942488, 48.523856], [-88.942436, 48.52393], [-88.942374, 48.523996], [-88.942302, 48.524053], [-88.942219, 48.524102], [-88.942126, 48.524143], [-88.94201, 48.524178], [-88.941872, 48.524207], [-88.941712, 48.52423], [-88.941529, 48.524246], [-88.941323, 48.524257], [-88.941095, 48.524261], [-88.940845, 48.524259], [-88.940572, 48.524252], [-88.940316, 48.524238], [-88.940077, 48.524218], [-88.939856, 48.524192], [-88.939651, 48.524159], [-88.939463, 48.524121], [-88.939293, 48.524077], [-88.939139, 48.524026], [-88.939003, 48.52397], [-88.938837, 48.523924], [-88.938642, 48.523889], [-88.938417, 48.523864], [-88.938162, 48.52385], [-88.937879, 48.523847], [-88.937565, 48.523855], [-88.937223, 48.523874], [-88.936851, 48.523903], [-88.936468, 48.523925], [-88.936074, 48.52394], [-88.935669, 48.523948], [-88.935254, 48.523949], [-88.934827, 48.523943], [-88.93439, 48.523931], [-88.933942, 48.523911], [-88.933483, 48.523884], [-88.933068, 48.523851], [-88.932698, 48.523811], [-88.932371, 48.523765], [-88.932089, 48.523713], [-88.93185, 48.523654], [-88.931656, 48.523589], [-88.931506, 48.523518], [-88.931401, 48.523441], [-88.931312, 48.523356], [-88.931242, 48.523265], [-88.931189, 48.523168], [-88.931154, 48.523063], [-88.931137, 48.522952], [-88.931137, 48.522834], [-88.931155, 48.522709], [-88.931191, 48.522577], [-88.931218, 48.522451], [-88.931238, 48.522329], [-88.931251, 48.522213], [-88.931255, 48.522102], [-88.931252, 48.521996], [-88.931241, 48.521896], [-88.931222, 48.5218], [-88.931195, 48.521709], [-88.931173, 48.521625], [-88.931156, 48.521547], [-88.931143, 48.521474], [-88.931135, 48.521408], [-88.931131, 48.521348], [-88.931132, 48.521294], [-88.931137, 48.521246], [-88.931147, 48.521203], [-88.931171, 48.521155], [-88.93121, 48.521102], [-88.931263, 48.521042], [-88.93133, 48.520976], [-88.931412, 48.520904], [-88.931508, 48.520826], [-88.931618, 48.520743], [-88.931743, 48.520653], [-88.931852, 48.52057], [-88.931945, 48.520492], [-88.932024, 48.520421], [-88.932086, 48.520356], [-88.932133, 48.520296], [-88.932165, 48.520243], [-88.932181, 48.520196], [-88.932182, 48.520155], [-88.932159, 48.520128], [-88.932113, 48.520114], [-88.932043, 48.520115], [-88.931949, 48.520129], [-88.931833, 48.520157], [-88.931692, 48.5202], [-88.931529, 48.520256], [-88.931341, 48.520326], [-88.931169, 48.52037], [-88.931011, 48.520388], [-88.930867, 48.520381], [-88.930738, 48.520348], [-88.930624, 48.52029], [-88.930524, 48.520205], [-88.930439, 48.520095], [-88.930368, 48.519959], [-88.930295, 48.519835], [-88.930219, 48.519723], [-88.930141, 48.519623], [-88.93006, 48.519534], [-88.929977, 48.519456], [-88.929892, 48.519391], [-88.929804, 48.519337], [-88.929713, 48.519295], [-88.929621, 48.519257], [-88.929529, 48.519225], [-88.929435, 48.519196], [-88.92934, 48.519173], [-88.929244, 48.519154], [-88.929147, 48.51914], [-88.929049, 48.519131], [-88.928949, 48.519126], [-88.928845, 48.519132], [-88.928737, 48.519149], [-88.928624, 48.519176], [-88.928506, 48.519213], [-88.928383, 48.519262], [-88.928256, 48.519321], [-88.928124, 48.51939], [-88.927988, 48.51947], [-88.927819, 48.519555], [-88.927617, 48.519644], [-88.927383, 48.519738], [-88.927117, 48.519837], [-88.926817, 48.519941], [-88.926486, 48.520049], [-88.926121, 48.520162], [-88.925724, 48.52028], [-88.925377, 48.520383], [-88.925079, 48.520471], [-88.924831, 48.520545], [-88.924633, 48.520604], [-88.924484, 48.520648], [-88.924385, 48.520677], [-88.924335, 48.520692]]}}, {"type": "Feature", "properties": {"lead": 24}, "geometry": {"type": "LineString", "coordinates": [[-88.933663, 48.519959], [-88.933646, 48.519964], [-88.933612, 48.519973], [-88.933561, 48.519987], [-88.933492, 48.520006], [-88.933407, 48.52003], [-88.933305, 48.520059], [-88.933185, 48.520092], [-88.933049, 48.52013], [-88.932929, 48.520168], [-88.932826, 48.520205], [-88.93274, 48.520241], [-88.932671, 48.520277], [-88.932619, 48.520313], [-88.932583, 48.520348], [-88.932564, 48.520383], [-88.932562, 48.520417], [-88.93258, 48.52044], [-88.932616, 48.520452], [-88.932671, 48.520452], [-88.932746, 48.52044], [-88.932839, 48.520417], [-88.932952, 48.520383], [-88.933083, 48.520337], [-88.933234, 48.52028], [-88.933366, 48.52023], [-88.933479, 48.520187], [-88.933574, 48.520152], [-88.933649, 48.520123], [-88.933706, 48.520102], [-88.933743, 48.520087], [-88.933762, 48.52008]]}}, {"type": "Feature", "properties": {"lead": 24}, "geometry": {"type": "LineString", "coordinates": [[-88.953013, 48.514785], [-88.953015, 48.514779], [-88.953019, 48.514765], [-88.953024, 48.514745], [-88.953031, 48.514718], [-88.95304, 48.514684], [-88.95305, 48.514643], [-88.953063, 48.514596], [-88.953077, 48.514541], [-88.953084, 48.514494], [-88.953085, 48.514452], [-88.953079, 48.514418], [-88.953067, 48.514389], [-88.953048, 48.514367], [-88.953022, 48.514352], [-88.95299, 48.514343], [-88.952951, 48.51434], [-88.952889, 48.514347], [-88.952804, 48.514363], [-88.952696, 48.514389], [-88.952565, 48.514423], [-88.952411, 48.514467], [-88.952234, 48.514521], [-88.952033, 48.514583], [-88.95181, 48.514655], [-88.951615, 48.514718], [-88.951447, 48.514772], [-88.951308, 48.514817], [-88.951196, 48.514853], [-88.951112, 48.51488], [-88.951056, 48.514898], [-88.951029, 48.514907]]}}, {"type": "Feature", "properties": {"lead": 24}, "geometry": {"type": "LineString", "coordinates": [[-88.999653, 48.511572], [-88.999634, 48.51158], [-88.999597, 48.511598], [-88.999541, 48.511624], [-88.999466, 48.511658], [-88.999373, 48.511702], [-88.999262, 48.511754], [-88.999132, 48.511815], [-88.998983, 48.511884], [-88.998825, 48.511948], [-88.998657, 48.512007], [-88.99848, 48.512061], [-88.998294, 48.51211], [-88.998099, 48.512154], [-88.997894, 48.512193], [-88.99768, 48.512227], [-88.997457, 48.512256], [-88.997189, 48.512259], [-88.996876, 48.512239], [-88.996517, 48.512193], [-88.996114, 48.512123], [-88.995666, 48.512027], [-88.995173, 48.511907], [-88.994635, 48.511763], [-88.994052, 48.511593], [-88.993499, 48.511425], [-88.992974, 48.511259], [-88.99248, 48.511095], [-88.992015, 48.510932], [-88.991579, 48.510771], [-88.991173, 48.510611], [-88.990796, 48.510453], [-88.990449, 48.510297], [-88.990103, 48.510134], [-88.989759, 48.509963], [-88.989417, 48.509785], [-88.989077, 48.509599], [-88.988739, 48.509407], [-88.988402, 48.509207], [-88.988067, 48.508999], [-88.987734, 48.508785], [-88.98743, 48.508588], [-88.987156, 48.508408], [-88.986911, 48.508246], [-88.986697, 48.508102], [-88.986511, 48.507975], [-88.986356, 48.507866], [-88.98623, 48.507774], [-88.986133, 48.5077], [-88.986052, 48.507634], [-88.985987, 48.507574], [-88.985936, 48.507521], [-88.985902, 48.507476], [-88.985882, 48.507438], [-88.985878, 48.507407], [-88.98589, 48.507384], [-88.985916, 48.507367], [-88.985917, 48.507346], [-88.985893, 48.507319], [-88.985842, 48.507288], [-88.985765, 48.507252], [-88.985663, 48.507211], [-88.985534, 48.507165], [-88.98538, 48.507114], [-88.9852, 48.507058], [-88.985014, 48.507009], [-88.984823, 48.506968], [-88.984627, 48.506934], [-88.984425, 48.506907], [-88.984218, 48.506888], [-88.984006, 48.506876], [-88.983788, 48.506871], [-88.983564, 48.506874], [-88.98335, 48.506885], [-88.983146, 48.506905], [-88.98295, 48.506934], [-88.982764, 48.506971], [-88.982588, 48.507017], [-88.98242, 48.507071], [-88.982262, 48.507134], [-88.982113, 48.507206], [-88.981952, 48.507267], [-88.981778, 48.507318], [-88.981592, 48.507358], [-88.981394, 48.507388], [-88.981183, 48.507408], [-88.98096, 48.507417], [-88.980724, 48.507416], [-88.980476, 48.507404], [-88.980223, 48.507417], [-88.979966, 48.507455], [-88.979704, 48.507518], [-88.979437, 48.507605], [-88.979166, 48.507718], [-88.97889, 48.507855], [-88.978609, 48.508017], [-88.978324, 48.508204], [-88.978051, 48.508371], [-88.97779, 48.508517], [-88.977542, 48.508645], [-88.977307, 48.508752], [-88.977083, 48.508839], [-88.976872, 48.508906], [-88.976674, 48.508953], [-88.976488, 48.50898], [-88.976319, 48.509], [-88.976167, 48.509011], [-88.976032, 48.509013], [-88.975914, 48.509008], [-88.975813, 48.508994], [-88.97573, 48.508973], [-88.975663, 48.508943], [-88.975613, 48.508905], [-88.97555, 48.50887], [-88.975472, 48.50884], [-88.975381, 48.508813], [-88.975275, 48.50879], [-88.975156, 48.50877], [-88.975023, 48.508754], [-88.974875, 48.508743], [-88.974714, 48.508734], [-88.974569, 48.508731], [-88.974441, 48.508733], [-88.974329, 48.508739], [-88.974234, 48.508751], [-88.974155, 48.508767], [-88.974093, 48.508789], [-88.974047, 48.508815], [-88.974017, 48.508846], [-88.974004, 48.50888], [-88.974008, 48.508915], [-88.974029, 48.508954], [-88.974066, 48.508994], [-88.97412, 48.509037], [-88.974191, 48.509083], [-88.974278, 48.50913], [-88.974382, 48.509181], [-88.974423, 48.509227], [-88.974402, 48.509271], [-88.974318, 48.50931], [-88.974171, 48.509347], [-88.973962, 48.509379], [-88.97369, 48.509409], [-88.973356, 48.509435], [-88.972959, 48.509457], [-88.972603, 48.50948], [-88.972287, 48.509504], [-88.972012, 48.509527], [-88.971777, 48.509552], [-88.971583, 48.509577], [-88.971429, 48.509602], [-88.971316, 48.509627], [-88.971244, 48.509653], [-88.97118, 48.509676], [-88.971126, 48.509696], [-88.971081, 48.509712], [-88.971044, 48.509725], [-88.971017, 48.509735], [-88.970999, 48.509742], [-88.97099, 48.509745]]}}, {"type": "Feature", "properties": {"lead": 24}, "geometry": {"type": "LineString", "coordinates": [[-88.962786, 48.511226], [-88.962772, 48.511234], [-88.962742, 48.511248], [-88.962698, 48.511269], [-88.962639, 48.511298], [-88.962566, 48.511333], [-88.962477, 48.511376], [-88.962374, 48.511425], [-88.962257, 48.511482], [-88.962123, 48.51153], [-88.961973, 48.511569], [-88.961806, 48.511598], [-88.961623, 48.511619], [-88.961424, 48.51163], [-88.961208, 48.511633], [-88.960977, 48.511626], [-88.960729, 48.511611], [-88.960498, 48.511603], [-88.960284, 48.511603], [-88.960087, 48.511611], [-88.959907, 48.511627], [-88.959744, 48.511651], [-88.959598, 48.511682], [-88.95947, 48.511722], [-88.959358, 48.51177], [-88.959234, 48.511813], [-88.959097, 48.511851], [-88.958949, 48.511885], [-88.958787, 48.511914], [-88.958614, 48.511939], [-88.958428, 48.511959], [-88.958229, 48.511974], [-88.958018, 48.511985], [-88.957823, 48.512], [-88.957643, 48.512019], [-88.957479, 48.512043], [-88.95733, 48.51207], [-88.957196, 48.512102], [-88.957079, 48.512138], [-88.956976, 48.512178], [-88.956889, 48.512222], [-88.956812, 48.512267], [-88.956743, 48.512312], [-88.956683, 48.512359], [-88.956632, 48.512405], [-88.956589, 48.512453], [-88.956556, 48.512501], [-88.956532, 48.51255], [-88.956517, 48.512599], [-88.956486, 48.512651], [-88.956441, 48.512704], [-88.956381, 48.51276], [-88.956306, 48.512817], [-88.956216, 48.512877], [-88.956111, 48.512939], [-88.955991, 48.513003], [-88.955857, 48.513068], [-88.955741, 48.513132], [-88.955643, 48.513194], [-88.955565, 48.513253], [-88.955505, 48.513311], [-88.955464, 48.513367], [-88.955441, 48.51342], [-88.955438, 48.513471], [-88.955453, 48.513521], [-88.955453, 48.513572], [-88.955438, 48.513626], [-88.955408, 48.513681], [-88.955364, 48.513739], [-88.955304, 48.513798], [-88.95523, 48.51386], [-88.955141, 48.513924], [-88.955037, 48.51399], [-88.954925, 48.514082], [-88.954804, 48.514202], [-88.954676, 48.514349], [-88.954538, 48.514522], [-88.954393, 48.514723], [-88.954239, 48.51495], [-88.954077, 48.515204], [-88.953907, 48.515486], [-88.953745, 48.51573], [-88.953591, 48.515936], [-88.953444, 48.516105], [-88.953306, 48.516237], [-88.953176, 48.516331], [-88.953055, 48.516388], [-88.952941, 48.516407], [-88.952835, 48.516389], [-88.952751, 48.516352], [-88.952688, 48.516295], [-88.952647, 48.51622], [-88.952627, 48.516125], [-88.952629, 48.516011], [-88.952653, 48.515878], [-88.952698, 48.515726], [-88.952765, 48.515554], [-88.952823, 48.515404], [-88.952873, 48.515275], [-88.952915, 48.515168], [-88.952948, 48.515082], [-88.952973, 48.515018], [-88.95299, 48.514975], [-88.952999, 48.514954]]}}, {"type": "Feature", "properties": {"lead": 24}, "geometry": {"type": "LineString", "coordinates": [[-88.966105, 48.510539], [-88.964838, 48.510864]]}}, {"type": "Feature", "properties": {"lead": 24}, "geometry": {"type": "LineString", "coordinates": [[-88.970609, 48.50979], [-88.970573, 48.509791], [-88.9705, 48.509793], [-88.970392, 48.509797], [-88.970247, 48.509802], [-88.970067, 48.509808], [-88.96985, 48.509815], [-88.969597, 48.509824], [-88.969307, 48.509834], [-88.96903, 48.50985], [-88.968763, 48.509874], [-88.968508, 48.509906], [-88.968265, 48.509944], [-88.968033, 48.509989], [-88.967813, 48.510042], [-88.967604, 48.510102], [-88.967406, 48.510169], [-88.967233, 48.510227], [-88.967085, 48.510278], [-88.966961, 48.510319], [-88.966863, 48.510353], [-88.966789, 48.510378], [-88.966739, 48.510395], [-88.966715, 48.510403]]}}, {"type": "Feature", "properties": {"lead": 24}, "geometry": {"type": "LineString", "coordinates": [[-88.990612, 48.500069], [-88.990588, 48.500081], [-88.990539, 48.500106], [-88.990466, 48.500143], [-88.990369, 48.500193], [-88.990247, 48.500254], [-88.990102, 48.500328], [-88.989931, 48.500415], [-88.989737, 48.500513], [-88.989546, 48.500604], [-88.989358, 48.500686], [-88.989174, 48.50076], [-88.988993, 48.500826], [-88.988815, 48.500884], [-88.98864, 48.500933], [-88.988469, 48.500974], [-88.988301, 48.501007], [-88.988143, 48.501047], [-88.987993, 48.501095], [-88.987852, 48.50115], [-88.987721, 48.501212], [-88.987598, 48.501281], [-88.987485, 48.501358], [-88.98738, 48.501442], [-88.987285, 48.501533], [-88.987181, 48.501616], [-88.987067, 48.50169], [-88.986945, 48.501756], [-88.986815, 48.501814], [-88.986675, 48.501863], [-88.986527, 48.501904], [-88.98637, 48.501936], [-88.986204, 48.50196], [-88.986034, 48.501991], [-88.985861, 48.502029], [-88.985685, 48.502073], [-88.985505, 48.502125], [-88.985321, 48.502183], [-88.985135, 48.502248], [-88.984944, 48.50232], [-88.984751, 48.502399], [-88.984578, 48.50248], [-88.984427, 48.502562], [-88.984296, 48.502646], [-88.984187, 48.502732], [-88.984099, 48.502819], [-88.984032, 48.502908], [-88.983986, 48.502998], [-88.983961, 48.503091], [-88.983935, 48.503172], [-88.983907, 48.503242], [-88.983878, 48.503302], [-88.983847, 48.50335], [-88.983814, 48.503387], [-88.98378, 48.503413], [-88.983744, 48.503429], [-88.983707, 48.503433], [-88.983676, 48.503431], [-88.983651, 48.503423], [-88.983633, 48.503409], [-88.98362, 48.503389], [-88.983614, 48.503364], [-88.983614, 48.503332], [-88.98362, 48.503294], [-88.983633, 48.50325], [-88.98363, 48.50321], [-88.983611, 48.503175], [-88.983577, 48.503145], [-88.983527, 48.503119], [-88.983462, 48.503097], [-88.983381, 48.50308], [-88.983285, 48.503068], [-88.983174, 48.50306], [-88.983077, 48.503061], [-88.982994, 48.503071], [-88.982926, 48.503091], [-88.982873, 48.50312], [-88.982834, 48.503158], [-88.98281, 48.503205], [-88.9828, 48.503262], [-88.982805, 48.503328], [-88.98279, 48.503397], [-88.982757, 48.503469], [-88.982704, 48.503544], [-88.982632, 48.503622], [-88.982541, 48.503703], [-88.98243, 48.503787], [-88.982301, 48.503875], [-88.982152, 48.503965], [-88.982015, 48.504042], [-88.98189, 48.504107], [-88.981776, 48.504158], [-88.981675, 48.504195], [-88.981585, 48.50422], [-88.981507, 48.504232], [-88.98144, 48.50423], [-88.981386, 48.504215], [-88.981329, 48.504207], [-88.98127, 48.504206], [-88.981209, 48.504211], [-88.981145, 48.504224], [-88.981079, 48.504243], [-88.981011, 48.504269], [-88.98094, 48.504301], [-88.980867, 48.504341], [-88.980791, 48.504374], [-88.980711, 48.504402], [-88.980627, 48.504423], [-88.980541, 48.504438], [-88.98045, 48.504447], [-88.980356, 48.50445], [-88.980259, 48.504447], [-88.980158, 48.504438], [-88.980048, 48.504437], [-88.979926, 48.504444], [-88.979795, 48.504461], [-88.979653, 48.504485], [-88.979501, 48.504518], [-88.979339, 48.50456], [-88.979167, 48.50461], [-88.978984, 48.504669], [-88.97882, 48.504725], [-88.978674, 48.50478], [-88.978546, 48.504832], [-88.978436, 48.504882], [-88.978344, 48.504929], [-88.978271, 48.504975], [-88.978215, 48.505018], [-88.978178, 48.505059], [-88.97815, 48.505108], [-88.978131, 48.505163], [-88.978121, 48.505226], [-88.97812, 48.505296], [-88.978128, 48.505373], [-88.978145, 48.505457], [-88.97817, 48.505549], [-88.978205, 48.505648], [-88.978251, 48.505738], [-88.978308, 48.50582], [-88.978376, 48.505893], [-88.978455, 48.505958], [-88.978545, 48.506015], [-88.978645, 48.506063], [-88.978757, 48.506102], [-88.97888, 48.506133], [-88.979013, 48.50616], [-88.979155, 48.506182], [-88.979307, 48.506199], [-88.979469, 48.506211], [-88.97964, 48.506219], [-88.979822, 48.506222], [-88.980013, 48.50622], [-88.980214, 48.506213], [-88.980426, 48.506192], [-88.980651, 48.506157], [-88.980887, 48.506106], [-88.981135, 48.506041], [-88.981395, 48.505961], [-88.981667, 48.505867], [-88.98195, 48.505758], [-88.982246, 48.505635], [-88.982554, 48.505513], [-88.982874, 48.505393], [-88.983208, 48.505274], [-88.983554, 48.505157], [-88.983913, 48.505042], [-88.984284, 48.504928], [-88.984668, 48.504816], [-88.985065, 48.504705], [-88.985456, 48.504576], [-88.985841, 48.504428], [-88.986219, 48.504261], [-88.986591, 48.504075], [-88.986957, 48.503871], [-88.987317, 48.503647], [-88.98767, 48.503405], [-88.988017, 48.503144], [-88.9884, 48.502881], [-88.988817, 48.502618], [-88.98927, 48.502353], [-88.989758, 48.502088], [-88.990281, 48.501821], [-88.990839, 48.501553], [-88.991432, 48.501284], [-88.99206, 48.501014], [-88.99261, 48.500778], [-88.993081, 48.500575], [-88.993474, 48.500407], [-88.993788, 48.500272], [-88.994023, 48.50017], [-88.99418, 48.500103], [-88.994259, 48.500069]]}}, {"type": "Feature", "properties": {"lead": 24}, "geometry": {"type": "LineString", "coordinates": [[-88.994706, 48.499937], [-88.994711, 48.499932], [-88.99472, 48.499922], [-88.994733, 48.499907], [-88.994752, 48.499886], [-88.994774, 48.49986], [-88.994802, 48.499829], [-88.994834, 48.499793], [-88.99487, 48.499752], [-88.9949, 48.499708], [-88.994924, 48.499659], [-88.994942, 48.499608], [-88.994953, 48.499552], [-88.994959, 48.499493], [-88.994958, 48.499431], [-88.99495, 48.499365], [-88.994937, 48.499295], [-88.994914, 48.49924], [-88.994882, 48.499198], [-88.994841, 48.499171], [-88.994791, 48.499157], [-88.994732, 48.499158], [-88.994663, 48.499173], [-88.994585, 48.499202], [-88.994499, 48.499245], [-88.994413, 48.499278], [-88.99433, 48.499303], [-88.994247, 48.499318], [-88.994167, 48.499324], [-88.994088, 48.499321], [-88.99401, 48.499309], [-88.993934, 48.499288], [-88.99386, 48.499258], [-88.993784, 48.499232], [-88.993706, 48.499212], [-88.993627, 48.499197], [-88.993547, 48.499187], [-88.993464, 48.499182], [-88.993381, 48.499183], [-88.993295, 48.499188], [-88.993209, 48.499199], [-88.993113, 48.499219], [-88.993009, 48.499249], [-88.992896, 48.499288], [-88.992775, 48.499337], [-88.992645, 48.499396], [-88.992506, 48.499465], [-88.992359, 48.499543], [-88.992203, 48.49963], [-88.992067, 48.499707], [-88.99195, 48.499773], [-88.991852, 48.499828], [-88.991774, 48.499872], [-88.991716, 48.499905], [-88.991677, 48.499927], [-88.991657, 48.499937]]}}, {"type": "Feature", "properties": {"lead": 48}, "geometry": {"type": "LineString", "coordinates": [[-88.934159, 48.523174], [-88.93414, 48.523164], [-88.934103, 48.523143], [-88.934047, 48.523113], [-88.933973, 48.523073], [-88.93388, 48.523022], [-88.933768, 48.522961], [-88.933638, 48.522891], [-88.933489, 48.52281], [-88.933357, 48.522752], [-88.933243, 48.522717], [-88.933145, 48.522705], [-88.933064, 48.522716], [-88.933001, 48.52275], [-88.932954, 48.522806], [-88.932925, 48.522886], [-88.932912, 48.522988], [-88.932883, 48.523078], [-88.932836, 48.523155], [-88.932773, 48.52322], [-88.932692, 48.523272], [-88.932595, 48.523311], [-88.93248, 48.523337], [-88.932348, 48.52335], [-88.932199, 48.523351], [-88.932061, 48.523347], [-88.931933, 48.523338], [-88.931815, 48.523324], [-88.931707, 48.523304], [-88.93161, 48.52328], [-88.931524, 48.52325], [-88.931447, 48.523216], [-88.931381, 48.523176], [-88.931329, 48.523133], [-88.93129, 48.523087], [-88.931265, 48.523038], [-88.931254, 48.522985], [-88.931256, 48.522929], [-88.931272, 48.52287], [-88.931302, 48.522807], [-88.931346, 48.522742], [-88.931379, 48.522663], [-88.931401, 48.522573], [-88.931414, 48.52247], [-88.931416, 48.522355], [-88.931407, 48.522227], [-88.931389, 48.522087], [-88.93136, 48.521934], [-88.93132, 48.521769], [-88.931302, 48.521612], [-88.931305, 48.521461], [-88.93133, 48.521318], [-88.931376, 48.521183], [-88.931443, 48.521054], [-88.931532, 48.520933], [-88.931642, 48.520819], [-88.931774, 48.520713], [-88.931892, 48.520608], [-88.931998, 48.520505], [-88.932092, 48.520403], [-88.932172, 48.520304], [-88.93224, 48.520205], [-88.932296, 48.520109], [-88.932338, 48.520014], [-88.932368, 48.519921], [-88.932388, 48.51984], [-88.932398, 48.519769], [-88.932398, 48.51971], [-88.932388, 48.519661], [-88.932368, 48.519625], [-88.932338, 48.519599], [-88.932298, 48.519584], [-88.932249, 48.519581], [-88.932198, 48.519586], [-88.932145, 48.5196], [-88.932091, 48.519621], [-88.932035, 48.519651], [-88.931978, 48.51969], [-88.931919, 48.519736], [-88.931858, 48.519791], [-88.931796, 48.519855], [-88.931728, 48.519913], [-88.931654, 48.519966], [-88.931573, 48.520013], [-88.931486, 48.520055], [-88.931393, 48.520092], [-88.931294, 48.520124], [-88.931189, 48.52015], [-88.931077, 48.520171], [-88.930968, 48.520175], [-88.930862, 48.520163], [-88.930758, 48.520134], [-88.930657, 48.520089], [-88.930559, 48.520027], [-88.930464, 48.519949], [-88.930371, 48.519854], [-88.930282, 48.519743], [-88.930182, 48.519639], [-88.930072, 48.519544], [-88.929951, 48.519457], [-88.929821, 48.519379], [-88.929681, 48.519308], [-88.92953, 48.519245], [-88.92937, 48.519191], [-88.929199, 48.519145], [-88.929026, 48.519118], [-88.92885, 48.519111], [-88.928672, 48.519124], [-88.928491, 48.519157], [-88.928307, 48.51921], [-88.928121, 48.519282], [-88.927932, 48.519375], [-88.927741, 48.519487], [-88.927531, 48.519596], [-88.927302, 48.519702], [-88.927054, 48.519806], [-88.926787, 48.519906], [-88.926502, 48.520003], [-88.926198, 48.520097], [-88.925874, 48.520189], [-88.925532, 48.520277], [-88.925233, 48.520355], [-88.924976, 48.520421], [-88.924763, 48.520476], [-88.924592, 48.52052], [-88.924463, 48.520554], [-88.924378, 48.520576], [-88.924335, 48.520587]]}}, {"type": "Feature", "properties": {"lead": 48}, "geometry": {"type": "LineString", "coordinates": [[-88.949456, 48.520988], [-88.949451, 48.520998], [-88.949441, 48.521017], [-88.949426, 48.521046], [-88.949407, 48.521085], [-88.949382, 48.521133], [-88.949353, 48.521191], [-88.949319, 48.521258], [-88.94928, 48.521336], [-88.949224, 48.521415], [-88.949151, 48.521498], [-88.949062, 48.521583], [-88.948955, 48.52167], [-88.948832, 48.52176], [-88.948692, 48.521853], [-88.948535, 48.521948], [-88.948362, 48.522045], [-88.948185, 48.522129], [-88.948005, 48.522198], [-88.947822, 48.522253], [-88.947636, 48.522294], [-88.947447, 48.52232], [-88.947255, 48.522333], [-88.947059, 48.522331], [-88.946861, 48.522315], [-88.946675, 48.522306], [-88.946501, 48.522304], [-88.94634, 48.522309], [-88.946191, 48.522321], [-88.946055, 48.52234], [-88.94593, 48.522366], [-88.945819, 48.522399], [-88.94572, 48.522439], [-88.945599, 48.522474], [-88.945456, 48.522503], [-88.945292, 48.522528], [-88.945106, 48.522547], [-88.944898, 48.522561], [-88.944668, 48.522569], [-88.944417, 48.522572], [-88.944144, 48.52257], [-88.943896, 48.522575], [-88.943671, 48.522586], [-88.943471, 48.522604], [-88.943296, 48.522629], [-88.943144, 48.52266], [-88.943017, 48.522698], [-88.942914, 48.522742], [-88.942836, 48.522793], [-88.942766, 48.522845], [-88.942705, 48.522897], [-88.942653, 48.522949], [-88.942609, 48.523002], [-88.942575, 48.523055], [-88.942549, 48.523108], [-88.942532, 48.523162], [-88.942523, 48.523217], [-88.942502, 48.523268], [-88.942468, 48.523316], [-88.942421, 48.52336], [-88.942361, 48.523402], [-88.942288, 48.52344], [-88.942203, 48.523474], [-88.942104, 48.523506], [-88.941992, 48.523534], [-88.941865, 48.523554], [-88.941722, 48.523566], [-88.941564, 48.52357], [-88.941391, 48.523567], [-88.941201, 48.523555], [-88.940997, 48.523535], [-88.940777, 48.523507], [-88.940541, 48.523471], [-88.940335, 48.52344], [-88.940158, 48.523413], [-88.940011, 48.52339], [-88.939893, 48.523372], [-88.939804, 48.523359], [-88.939746, 48.52335], [-88.939716, 48.523346]]}}, {"type": "Feature", "properties": {"lead": 48}, "geometry": {"type": "LineString", "coordinates": [[-88.933587, 48.519895], [-88.933573, 48.519897], [-88.933546, 48.5199], [-88.933504, 48.519906], [-88.933449, 48.519913], [-88.93338, 48.519922], [-88.933297, 48.519933], [-88.9332, 48.519946], [-88.93309, 48.51996], [-88.932987, 48.519979], [-88.932893, 48.520002], [-88.932806, 48.52003], [-88.932728, 48.520062], [-88.932657, 48.520098], [-88.932595, 48.520139], [-88.932541, 48.520184], [-88.932494, 48.520233], [-88.932459, 48.520279], [-88.932435, 48.520321], [-88.932422, 48.520359], [-88.93242, 48.520394], [-88.932429, 48.520425], [-88.932449, 48.520453], [-88.93248, 48.520477], [-88.932522, 48.520497], [-88.932577, 48.520508], [-88.932642, 48.520508], [-88.93272, 48.520499], [-88.932809, 48.52048], [-88.932911, 48.520451], [-88.933023, 48.520412], [-88.933148, 48.520363], [-88.933285, 48.520305], [-88.933404, 48.520253], [-88.933506, 48.520209], [-88.933592, 48.520173], [-88.93366, 48.520144], [-88.933711, 48.520122], [-88.933745, 48.520107], [-88.933762, 48.5201]]}}, {"type": "Feature", "properties": {"lead": 48}, "geometry": {"type": "LineString", "coordinates": [[-88.999653, 48.511524], [-88.999628, 48.511533], [-88.999579, 48.511551], [-88.999505, 48.511579], [-88.999407, 48.511616], [-88.999284, 48.511662], [-88.999137, 48.511718], [-88.998965, 48.511782], [-88.998769, 48.511856], [-88.998572, 48.511923], [-88.998374, 48.511983], [-88.998176, 48.512036], [-88.997978, 48.512082], [-88.997779, 48.512122], [-88.997579, 48.512155], [-88.997379, 48.512181], [-88.997179, 48.512199], [-88.996986, 48.512207], [-88.996802, 48.512204], [-88.996625, 48.51219], [-88.996457, 48.512165], [-88.996296, 48.512129], [-88.996144, 48.512082], [-88.996, 48.512024], [-88.995863, 48.511955], [-88.995699, 48.511884], [-88.995506, 48.51181], [-88.995286, 48.511735], [-88.995038, 48.511657], [-88.994762, 48.511577], [-88.994458, 48.511495], [-88.994126, 48.511411], [-88.993767, 48.511325], [-88.993393, 48.511222], [-88.993005, 48.511103], [-88.992604, 48.510968], [-88.992188, 48.510816], [-88.991759, 48.510648], [-88.991315, 48.510463], [-88.990858, 48.510262], [-88.990387, 48.510045], [-88.989941, 48.509831], [-88.989521, 48.509621], [-88.989126, 48.509414], [-88.988757, 48.509211], [-88.988413, 48.509011], [-88.988095, 48.508815], [-88.987802, 48.508622], [-88.987535, 48.508433], [-88.987299, 48.508258], [-88.987094, 48.508097], [-88.98692, 48.507951], [-88.986778, 48.507819], [-88.986666, 48.507702], [-88.986586, 48.507599], [-88.986536, 48.50751], [-88.986518, 48.507436], [-88.986476, 48.507365], [-88.98641, 48.507298], [-88.986319, 48.507235], [-88.986205, 48.507175], [-88.986066, 48.507118], [-88.985903, 48.507065], [-88.985717, 48.507016], [-88.985506, 48.50697], [-88.98529, 48.506931], [-88.98507, 48.506899], [-88.984845, 48.506873], [-88.984616, 48.506853], [-88.984382, 48.50684], [-88.984143, 48.506834], [-88.983899, 48.506834], [-88.983651, 48.506841], [-88.983416, 48.506856], [-88.983192, 48.50688], [-88.982981, 48.506911], [-88.982783, 48.506951], [-88.982597, 48.506999], [-88.982423, 48.507054], [-88.982262, 48.507119], [-88.982113, 48.507191], [-88.981952, 48.507252], [-88.981778, 48.507303], [-88.981592, 48.507344], [-88.981394, 48.507373], [-88.981183, 48.507392], [-88.98096, 48.507401], [-88.980724, 48.507398], [-88.980476, 48.507385], [-88.98022, 48.507396], [-88.979956, 48.507429], [-88.979685, 48.507484], [-88.979406, 48.507563], [-88.979119, 48.507665], [-88.978825, 48.50779], [-88.978522, 48.507938], [-88.978212, 48.508109], [-88.977922, 48.508263], [-88.977652, 48.508401], [-88.977403, 48.508522], [-88.977173, 48.508626], [-88.976964, 48.508714], [-88.976775, 48.508786], [-88.976606, 48.50884], [-88.976457, 48.508878], [-88.976322, 48.508908], [-88.976201, 48.508928], [-88.976094, 48.50894], [-88.976001, 48.508943], [-88.975922, 48.508938], [-88.975857, 48.508923], [-88.975806, 48.5089], [-88.975768, 48.508868], [-88.975715, 48.508838], [-88.975645, 48.508811], [-88.975559, 48.508784], [-88.975456, 48.50876], [-88.975337, 48.508738], [-88.975201, 48.508718], [-88.975049, 48.5087], [-88.974881, 48.508683], [-88.974728, 48.508674], [-88.974589, 48.508672], [-88.974465, 48.508677], [-88.974357, 48.50869], [-88.974263, 48.508709], [-88.974184, 48.508736], [-88.97412, 48.50877], [-88.97407, 48.508811], [-88.974037, 48.508854], [-88.974021, 48.508897], [-88.97402, 48.508943], [-88.974036, 48.508989], [-88.974069, 48.509037], [-88.974117, 48.509086], [-88.974182, 48.509137], [-88.974263, 48.509188], [-88.974301, 48.509234], [-88.974297, 48.509274], [-88.97425, 48.509308], [-88.97416, 48.509335], [-88.974028, 48.509357], [-88.973853, 48.509373], [-88.973635, 48.509382], [-88.973374, 48.509386], [-88.973125, 48.509391], [-88.972886, 48.509399], [-88.972658, 48.509408], [-88.972441, 48.509419], [-88.972235, 48.509431], [-88.97204, 48.509446], [-88.971855, 48.509462], [-88.971681, 48.509481], [-88.971526, 48.5095], [-88.971389, 48.50952], [-88.971271, 48.509541], [-88.971171, 48.509562], [-88.971089, 48.509585], [-88.971026, 48.509608], [-88.970982, 48.509632], [-88.970955, 48.509657], [-88.970932, 48.509679], [-88.970913, 48.509698], [-88.970896, 48.509714], [-88.970883, 48.509726], [-88.970873, 48.509735], [-88.970867, 48.509742], [-88.970863, 48.509745]]}}, {"type": "Feature", "properties": {"lead": 48}, "geometry": {"type": "LineString", "coordinates": [[-88.962813, 48.511209], [-88.962798, 48.511216], [-88.962768, 48.51123], [-88.962723, 48.511251], [-88.962662, 48.511279], [-88.962586, 48.511315], [-88.962496, 48.511357], [-88.96239, 48.511407], [-88.962269, 48.511463], [-88.962143, 48.51151], [-88.962011, 48.511547], [-88.961875, 48.511573], [-88.961734, 48.51159], [-88.961588, 48.511597], [-88.961437, 48.511594], [-88.961281, 48.511581], [-88.961119, 48.511559], [-88.960953, 48.511546], [-88.960783, 48.511543], [-88.960608, 48.511549], [-88.960428, 48.511565], [-88.960243, 48.511591], [-88.960054, 48.511627], [-88.95986, 48.511673], [-88.959662, 48.511728], [-88.95947, 48.511775], [-88.959286, 48.511815], [-88.959108, 48.511846], [-88.958938, 48.511869], [-88.958774, 48.511884], [-88.958618, 48.511892], [-88.958468, 48.511891], [-88.958326, 48.511882], [-88.958177, 48.511884], [-88.958022, 48.511896], [-88.957861, 48.51192], [-88.957693, 48.511954], [-88.95752, 48.511998], [-88.95734, 48.512054], [-88.957153, 48.51212], [-88.956961, 48.512197], [-88.956795, 48.512269], [-88.956654, 48.512336], [-88.95654, 48.512399], [-88.956451, 48.512456], [-88.956388, 48.512509], [-88.956352, 48.512557], [-88.956341, 48.5126], [-88.956356, 48.512638], [-88.956352, 48.51268], [-88.956327, 48.512725], [-88.956283, 48.512774], [-88.956219, 48.512826], [-88.956136, 48.512881], [-88.956033, 48.51294], [-88.95591, 48.513003], [-88.955767, 48.513068], [-88.955641, 48.513136], [-88.955532, 48.513206], [-88.95544, 48.513278], [-88.955364, 48.513352], [-88.955306, 48.513428], [-88.955264, 48.513506], [-88.955239, 48.513587], [-88.955232, 48.513669], [-88.955216, 48.513745], [-88.955193, 48.513815], [-88.955162, 48.513879], [-88.955123, 48.513936], [-88.955077, 48.513988], [-88.955023, 48.514033], [-88.954962, 48.514072], [-88.954892, 48.514105], [-88.954811, 48.514164], [-88.954717, 48.514248], [-88.954611, 48.514359], [-88.954493, 48.514495], [-88.954362, 48.514658], [-88.954219, 48.514846], [-88.954064, 48.51506], [-88.953897, 48.5153], [-88.953745, 48.515509], [-88.953608, 48.515689], [-88.953487, 48.515838], [-88.953382, 48.515958], [-88.953292, 48.516047], [-88.953217, 48.516106], [-88.953158, 48.516135], [-88.953114, 48.516133], [-88.953074, 48.516124], [-88.953036, 48.516106], [-88.953001, 48.516081], [-88.952969, 48.516047], [-88.95294, 48.516006], [-88.952914, 48.515956], [-88.95289, 48.515898], [-88.95287, 48.515832], [-88.95286, 48.515752], [-88.952861, 48.515658], [-88.952872, 48.515549], [-88.952894, 48.515426], [-88.952926, 48.515289], [-88.952969, 48.515138], [-88.953023, 48.514972], [-88.953087, 48.514792], [-88.953109, 48.514644], [-88.953089, 48.514528], [-88.953026, 48.514443], [-88.952922, 48.51439], [-88.952775, 48.51437], [-88.952587, 48.514381], [-88.952356, 48.514423], [-88.952083, 48.514498], [-88.951844, 48.514563], [-88.951639, 48.514619], [-88.951469, 48.514666], [-88.951332, 48.514703], [-88.95123, 48.514731], [-88.951162, 48.51475], [-88.951128, 48.514759]]}}, {"type": "Feature", "properties": {"lead": 48}, "geometry": {"type": "LineString", "coordinates": [[-88.966384, 48.51042], [-88.964295, 48.510909]]}}, {"type": "Feature", "properties": {"lead": 48}, "geometry": {"type": "LineString", "coordinates": [[-88.970646, 48.509765], [-88.970609, 48.509767], [-88.970535, 48.50977], [-88.970425, 48.509774], [-88.970278, 48.509779], [-88.970095, 48.509786], [-88.969874, 48.509795], [-88.969617, 48.509805], [-88.969323, 48.509816], [-88.969039, 48.509834], [-88.968765, 48.50986], [-88.968501, 48.509892], [-88.968246, 48.509932], [-88.968002, 48.509979], [-88.967767, 48.510033], [-88.967541, 48.510095], [-88.967326, 48.510163], [-88.967138, 48.510223], [-88.966976, 48.510275], [-88.966842, 48.510317], [-88.966734, 48.510352], [-88.966653, 48.510377], [-88.9666, 48.510394], [-88.966573, 48.510403]]}}, {"type": "Feature", "properties": {"lead": 48}, "geometry": {"type": "LineString", "coordinates": [[-88.990561, 48.500069], [-88.990535, 48.500081], [-88.990482, 48.500106], [-88.990404, 48.500143], [-88.990298, 48.500193], [-88.990167, 48.500254], [-88.990009, 48.500328], [-88.989826, 48.500415], [-88.989615, 48.500513], [-88.989408, 48.500606], [-88.989202, 48.500692], [-88.988999, 48.500772], [-88.988798, 48.500846], [-88.988599, 48.500914], [-88.988403, 48.500975], [-88.988209, 48.50103], [-88.988018, 48.501079], [-88.987838, 48.501131], [-88.98767, 48.501188], [-88.987513, 48.501248], [-88.987367, 48.501313], [-88.987233, 48.501381], [-88.987111, 48.501453], [-88.987, 48.501528], [-88.986901, 48.501608], [-88.986789, 48.501683], [-88.986665, 48.501754], [-88.986528, 48.50182], [-88.986379, 48.501882], [-88.986217, 48.50194], [-88.986042, 48.501993], [-88.985855, 48.502042], [-88.985656, 48.502086], [-88.985466, 48.502132], [-88.985285, 48.50218], [-88.985115, 48.502229], [-88.984953, 48.502279], [-88.984802, 48.502332], [-88.98466, 48.502385], [-88.984527, 48.502441], [-88.984404, 48.502498], [-88.984295, 48.502554], [-88.9842, 48.502609], [-88.984118, 48.502664], [-88.98405, 48.502718], [-88.983997, 48.502771], [-88.983957, 48.502823], [-88.98393, 48.502875], [-88.983918, 48.502925], [-88.98389, 48.502967], [-88.983847, 48.503], [-88.983788, 48.503024], [-88.983713, 48.503038], [-88.983623, 48.503044], [-88.983518, 48.503041], [-88.983397, 48.503029], [-88.983261, 48.503008], [-88.98314, 48.502999], [-88.983035, 48.503003], [-88.982947, 48.503019], [-88.982874, 48.503048], [-88.982817, 48.503089], [-88.982776, 48.503142], [-88.98275, 48.503207], [-88.982741, 48.503285], [-88.982716, 48.503363], [-88.982674, 48.503442], [-88.982616, 48.50352], [-88.982541, 48.503599], [-88.98245, 48.503678], [-88.982343, 48.503757], [-88.98222, 48.503836], [-88.982081, 48.503916], [-88.981952, 48.503983], [-88.981835, 48.504039], [-88.981729, 48.504082], [-88.981635, 48.504114], [-88.981551, 48.504133], [-88.981479, 48.504141], [-88.981419, 48.504137], [-88.981369, 48.50412], [-88.981324, 48.50411], [-88.981284, 48.504104], [-88.981248, 48.504104], [-88.981217, 48.50411], [-88.981191, 48.504121], [-88.981169, 48.504138], [-88.981152, 48.50416], [-88.981139, 48.504187], [-88.981104, 48.504213], [-88.981045, 48.504237], [-88.980963, 48.50426], [-88.980857, 48.504281], [-88.980729, 48.5043], [-88.980577, 48.504317], [-88.980401, 48.504333], [-88.980203, 48.504348], [-88.980012, 48.504365], [-88.979829, 48.504387], [-88.979654, 48.504412], [-88.979487, 48.50444], [-88.979327, 48.504472], [-88.979175, 48.504508], [-88.979031, 48.504547], [-88.978894, 48.504589], [-88.978769, 48.504634], [-88.978655, 48.50468], [-88.978551, 48.504729], [-88.978459, 48.504779], [-88.978378, 48.504831], [-88.978308, 48.504886], [-88.978249, 48.504942], [-88.978201, 48.505], [-88.97816, 48.50506], [-88.978127, 48.505122], [-88.978101, 48.505186], [-88.978082, 48.505252], [-88.978071, 48.50532], [-88.978067, 48.50539], [-88.97807, 48.505462], [-88.978081, 48.505535], [-88.978098, 48.505606], [-88.978122, 48.505674], [-88.978151, 48.505739], [-88.978187, 48.5058], [-88.97823, 48.505859], [-88.978278, 48.505915], [-88.978333, 48.505967], [-88.978395, 48.506017], [-88.978459, 48.506063], [-88.978527, 48.506104], [-88.978598, 48.506142], [-88.978672, 48.506176], [-88.97875, 48.506205], [-88.978831, 48.506231], [-88.978915, 48.506252], [-88.979003, 48.50627], [-88.979105, 48.506283], [-88.979222, 48.506292], [-88.979354, 48.506296], [-88.9795, 48.506296], [-88.979661, 48.506292], [-88.979837, 48.506283], [-88.980027, 48.50627], [-88.980232, 48.506252], [-88.980451, 48.50622], [-88.980686, 48.506174], [-88.980935, 48.506114], [-88.9812, 48.506039], [-88.981479, 48.50595], [-88.981773, 48.505847], [-88.982082, 48.50573], [-88.982406, 48.505598], [-88.982735, 48.50547], [-88.983069, 48.505346], [-88.983408, 48.505226], [-88.983752, 48.50511], [-88.984101, 48.504997], [-88.984455, 48.504888], [-88.984815, 48.504783], [-88.985179, 48.504682], [-88.985541, 48.504561], [-88.985902, 48.504419], [-88.98626, 48.504258], [-88.986615, 48.504077], [-88.986969, 48.503876], [-88.987321, 48.503655], [-88.98767, 48.503414], [-88.988017, 48.503153], [-88.9884, 48.50289], [-88.988818, 48.502627], [-88.989271, 48.502362], [-88.98976, 48.502096], [-88.990283, 48.501828], [-88.990842, 48.50156], [-88.991436, 48.50129], [-88.992066, 48.501019], [-88.992617, 48.500781], [-88.993089, 48.500578], [-88.993482, 48.500408], [-88.993797, 48.500273], [-88.994033, 48.500171], [-88.994191, 48.500103], [-88.994269, 48.500069]]}}, {"type": "Feature", "properties": {"lead": 48}, "geometry": {"type": "LineString", "coordinates": [[-88.994719, 48.499937], [-88.994724, 48.49993], [-88.994734, 48.499916], [-88.994749, 48.499894], [-88.994768, 48.499865], [-88.994793, 48.499829], [-88.994822, 48.499786], [-88.994856, 48.499736], [-88.994895, 48.499678], [-88.994925, 48.499621], [-88.994947, 48.499564], [-88.99496, 48.499508], [-88.994964, 48.499451], [-88.99496, 48.499395], [-88.994947, 48.49934], [-88.994926, 48.499285], [-88.994896, 48.49923], [-88.99486, 48.499187], [-88.994819, 48.499156], [-88.994772, 48.499137], [-88.99472, 48.499129], [-88.994662, 48.499134], [-88.994599, 48.49915], [-88.99453, 48.499179], [-88.994455, 48.499219], [-88.994381, 48.49925], [-88.994306, 48.499271], [-88.994232, 48.499283], [-88.994158, 48.499285], [-88.994083, 48.499278], [-88.994009, 48.499261], [-88.993934, 48.499236], [-88.99386, 48.4992], [-88.993784, 48.499171], [-88.993706, 48.499149], [-88.993627, 48.499134], [-88.993547, 48.499125], [-88.993464, 48.499123], [-88.993381, 48.499128], [-88.993295, 48.499139], [-88.993209, 48.499157], [-88.993109, 48.499184], [-88.992998, 48.49922], [-88.992874, 48.499265], [-88.992738, 48.499318], [-88.992589, 48.499381], [-88.992428, 48.499453], [-88.992255, 48.499534], [-88.992069, 48.499623], [-88.991907, 48.499702], [-88.991768, 48.499769], [-88.991652, 48.499825], [-88.991559, 48.49987], [-88.991489, 48.499904], [-88.991443, 48.499926], [-88.99142, 48.499937]]}}, {"type": "Feature", "properties": {"lead": 72}, "geometry": {"type": "LineString", "coordinates": [[-88.934258, 48.522929], [-88.93423, 48.522916], [-88.934175, 48.52289], [-88.934091, 48.522852], [-88.933979, 48.522801], [-88.93384, 48.522737], [-88.933672, 48.52266], [-88.933477, 48.52257], [-88.933254, 48.522468], [-88.933059, 48.522395], [-88.932893, 48.522351], [-88.932755, 48.522337], [-88.932646, 48.522352], [-88.932565, 48.522396], [-88.932513, 48.52247], [-88.93249, 48.522573], [-88.932495, 48.522706], [-88.932486, 48.522822], [-88.932464, 48.522923], [-88.932428, 48.523009], [-88.932379, 48.523078], [-88.932315, 48.523132], [-88.932238, 48.52317], [-88.932148, 48.523193], [-88.932043, 48.5232], [-88.931947, 48.523203], [-88.931858, 48.523202], [-88.931776, 48.523197], [-88.931702, 48.523189], [-88.931636, 48.523177], [-88.931577, 48.523162], [-88.931526, 48.523142], [-88.931483, 48.523119], [-88.931445, 48.52307], [-88.931413, 48.522995], [-88.931386, 48.522894], [-88.931366, 48.522767], [-88.93135, 48.522615], [-88.93134, 48.522436], [-88.931336, 48.522232], [-88.931338, 48.522001], [-88.931346, 48.5218], [-88.931361, 48.521627], [-88.931382, 48.521483], [-88.93141, 48.521368], [-88.931444, 48.521281], [-88.931485, 48.521223], [-88.931533, 48.521194], [-88.931587, 48.521193], [-88.931643, 48.521178], [-88.931699, 48.521149], [-88.931756, 48.521104], [-88.931814, 48.521045], [-88.931873, 48.520971], [-88.931933, 48.520883], [-88.931995, 48.520779], [-88.932057, 48.520662], [-88.932117, 48.520564], [-88.932176, 48.520486], [-88.932233, 48.520427], [-88.932289, 48.520389], [-88.932343, 48.520371], [-88.932396, 48.520372], [-88.932447, 48.520394], [-88.932497, 48.520435], [-88.932557, 48.520464], [-88.932629, 48.52048], [-88.932711, 48.520484], [-88.932804, 48.520475], [-88.932908, 48.520454], [-88.933022, 48.52042], [-88.933148, 48.520374], [-88.933285, 48.520315], [-88.933404, 48.520264], [-88.933506, 48.52022], [-88.933592, 48.520183], [-88.93366, 48.520153], [-88.933711, 48.520131], [-88.933745, 48.520117], [-88.933762, 48.520109]]}}, {"type": "Feature", "properties": {"lead": 72}, "geometry": {"type": "LineString", "coordinates": [[-88.948521, 48.521411], [-88.948504, 48.521422], [-88.948471, 48.521444], [-88.948421, 48.521478], [-88.948354, 48.521524], [-88.948271, 48.52158], [-88.948171, 48.521648], [-88.948055, 48.521727], [-88.947922, 48.521817], [-88.947782, 48.521897], [-88.947636, 48.521966], [-88.947483, 48.522024], [-88.947323, 48.522072], [-88.947157, 48.522109], [-88.946984, 48.522136], [-88.946805, 48.522152], [-88.946619, 48.522157], [-88.946447, 48.522167], [-88.946289, 48.522183], [-88.946144, 48.522203], [-88.946014, 48.522228], [-88.945898, 48.522259], [-88.945796, 48.522294], [-88.945707, 48.522334], [-88.945633, 48.52238], [-88.945534, 48.522419], [-88.94541, 48.522453], [-88.945261, 48.522481], [-88.945087, 48.522503], [-88.944889, 48.52252], [-88.944665, 48.522531], [-88.944417, 48.522536], [-88.944144, 48.522535], [-88.943884, 48.522545], [-88.943636, 48.522566], [-88.9434, 48.522598], [-88.943177, 48.52264], [-88.942966, 48.522693], [-88.942767, 48.522756], [-88.942581, 48.522831], [-88.942408, 48.522916], [-88.942237, 48.522992], [-88.94207, 48.523059], [-88.941905, 48.523117], [-88.941744, 48.523166], [-88.941586, 48.523205], [-88.941431, 48.523236], [-88.941279, 48.523258], [-88.94113, 48.523271], [-88.940987, 48.523273], [-88.940851, 48.523265], [-88.940721, 48.523246], [-88.940597, 48.523218], [-88.940479, 48.523179], [-88.940367, 48.523129], [-88.940262, 48.523069], [-88.940163, 48.522999], [-88.940076, 48.522938], [-88.940001, 48.522885], [-88.939939, 48.522841], [-88.93989, 48.522806], [-88.939852, 48.52278], [-88.939828, 48.522763], [-88.939815, 48.522754]]}}, {"type": "Feature", "properties": {"lead": 72}, "geometry": {"type": "LineString", "coordinates": [[-88.933515, 48.519847], [-88.933497, 48.519851], [-88.933461, 48.519861], [-88.933408, 48.519874], [-88.933336, 48.519892], [-88.933247, 48.519915], [-88.93314, 48.519943], [-88.933015, 48.519974], [-88.932872, 48.520011], [-88.93275, 48.520035], [-88.932649, 48.520046], [-88.932568, 48.520044], [-88.932508, 48.52003], [-88.932468, 48.520002], [-88.932449, 48.519963], [-88.93245, 48.51991], [-88.932472, 48.519845], [-88.932484, 48.519785], [-88.932486, 48.519732], [-88.932478, 48.519685], [-88.932459, 48.519644], [-88.93243, 48.519609], [-88.932391, 48.51958], [-88.932342, 48.519557], [-88.932283, 48.51954], [-88.932226, 48.519532], [-88.932172, 48.519532], [-88.932121, 48.51954], [-88.932073, 48.519556], [-88.932028, 48.519581], [-88.931985, 48.519615], [-88.931945, 48.519656], [-88.931908, 48.519707], [-88.931858, 48.519754], [-88.931796, 48.519799], [-88.931722, 48.519841], [-88.931635, 48.519881], [-88.931536, 48.519918], [-88.931424, 48.519953], [-88.9313, 48.519985], [-88.931163, 48.520014], [-88.931035, 48.520028], [-88.930914, 48.520026], [-88.930802, 48.520009], [-88.930697, 48.519976], [-88.930601, 48.519927], [-88.930512, 48.519863], [-88.930432, 48.519783], [-88.930359, 48.519687], [-88.930272, 48.519597], [-88.930171, 48.51951], [-88.930055, 48.519429], [-88.929925, 48.519352], [-88.92978, 48.51928], [-88.929621, 48.519213], [-88.929448, 48.51915], [-88.92926, 48.519092], [-88.929071, 48.519056], [-88.928881, 48.519044], [-88.928689, 48.519054], [-88.928497, 48.519087], [-88.928304, 48.519143], [-88.928109, 48.519221], [-88.927913, 48.519322], [-88.927717, 48.519446], [-88.927502, 48.519565], [-88.927271, 48.519679], [-88.927021, 48.519789], [-88.926755, 48.519894], [-88.926471, 48.519994], [-88.926169, 48.520089], [-88.92585, 48.52018], [-88.925513, 48.520266], [-88.925219, 48.520341], [-88.924966, 48.520405], [-88.924756, 48.520459], [-88.924587, 48.520502], [-88.924461, 48.520534], [-88.924377, 48.520556], [-88.924335, 48.520566]]}}, {"type": "Feature", "properties": {"lead": 72}, "geometry": {"type": "LineString", "coordinates": [[-88.999653, 48.511472], [-88.999631, 48.511479], [-88.999587, 48.511493], [-88.999522, 48.511514], [-88.999435, 48.511542], [-88.999327, 48.511577], [-88.999197, 48.511619], [-88.999045, 48.511668], [-88.998871, 48.511724], [-88.998691, 48.511773], [-88.998505, 48.511817], [-88.998313, 48.511855], [-88.998114, 48.511886], [-88.99791, 48.511911], [-88.997699, 48.51193], [-88.997482, 48.511943], [-88.997259, 48.51195], [-88.997007, 48.511941], [-88.996727, 48.511915], [-88.99642, 48.511874], [-88.996084, 48.511816], [-88.995719, 48.511742], [-88.995327, 48.511652], [-88.994906, 48.511546], [-88.994458, 48.511424], [-88.994031, 48.511304], [-88.993628, 48.511188], [-88.993247, 48.511074], [-88.992888, 48.510964], [-88.992552, 48.510856], [-88.992239, 48.510751], [-88.991948, 48.51065], [-88.99168, 48.510551], [-88.99141, 48.510445], [-88.991139, 48.510332], [-88.990867, 48.510212], [-88.990594, 48.510084], [-88.990319, 48.509949], [-88.990042, 48.509808], [-88.989765, 48.509658], [-88.989486, 48.509502], [-88.989216, 48.509344], [-88.988954, 48.509183], [-88.988701, 48.509021], [-88.988457, 48.508856], [-88.988222, 48.50869], [-88.987995, 48.508521], [-88.987777, 48.50835], [-88.987567, 48.508178], [-88.987389, 48.508022], [-88.987241, 48.507883], [-88.987125, 48.507762], [-88.98704, 48.507658], [-88.986986, 48.50757], [-88.986963, 48.5075], [-88.986972, 48.507447], [-88.987011, 48.507411], [-88.987016, 48.507371], [-88.986987, 48.507326], [-88.986923, 48.507277], [-88.986825, 48.507223], [-88.986693, 48.507165], [-88.986526, 48.507103], [-88.986324, 48.507036], [-88.986089, 48.506965], [-88.985834, 48.506905], [-88.985561, 48.506858], [-88.98527, 48.506822], [-88.98496, 48.506799], [-88.984631, 48.506787], [-88.984284, 48.506788], [-88.983918, 48.5068], [-88.983533, 48.506824], [-88.983188, 48.506852], [-88.982881, 48.506884], [-88.982612, 48.50692], [-88.982383, 48.50696], [-88.982192, 48.507003], [-88.98204, 48.507051], [-88.981927, 48.507102], [-88.981853, 48.507158], [-88.981772, 48.507203], [-88.981685, 48.507239], [-88.981592, 48.507265], [-88.981493, 48.507281], [-88.981388, 48.507288], [-88.981276, 48.507284], [-88.981158, 48.507271], [-88.981034, 48.507248], [-88.98091, 48.507231], [-88.980786, 48.507218], [-88.980662, 48.507211], [-88.980538, 48.507209], [-88.980414, 48.507212], [-88.98029, 48.507221], [-88.980166, 48.507235], [-88.980042, 48.507254], [-88.979898, 48.507289], [-88.979735, 48.50734], [-88.979553, 48.507407], [-88.979351, 48.50749], [-88.97913, 48.507589], [-88.97889, 48.507704], [-88.97863, 48.507834], [-88.978351, 48.507981], [-88.978087, 48.508115], [-88.977839, 48.508235], [-88.977606, 48.508342], [-88.977389, 48.508437], [-88.977188, 48.508518], [-88.977002, 48.508586], [-88.976831, 48.508641], [-88.976676, 48.508683], [-88.97651, 48.508716], [-88.976331, 48.508741], [-88.976141, 48.508758], [-88.975939, 48.508766], [-88.975725, 48.508766], [-88.975499, 48.508757], [-88.975262, 48.50874], [-88.975013, 48.508715], [-88.97479, 48.508698], [-88.974595, 48.508689], [-88.974428, 48.508689], [-88.974287, 48.508696], [-88.974174, 48.508713], [-88.974088, 48.508737], [-88.974029, 48.50877], [-88.973997, 48.508811], [-88.973978, 48.508853], [-88.973972, 48.508896], [-88.97398, 48.508941], [-88.974, 48.508986], [-88.974034, 48.509032], [-88.974081, 48.509079], [-88.97414, 48.509128], [-88.974213, 48.509177], [-88.974238, 48.509221], [-88.974214, 48.50926], [-88.974142, 48.509293], [-88.974022, 48.509322], [-88.973854, 48.509344], [-88.973638, 48.509362], [-88.973374, 48.509374], [-88.973061, 48.509381], [-88.972769, 48.509392], [-88.972498, 48.509408], [-88.972247, 48.509428], [-88.972017, 48.509453], [-88.971808, 48.509482], [-88.971619, 48.509516], [-88.971451, 48.509554], [-88.971304, 48.509596], [-88.971175, 48.509633], [-88.971064, 48.509665], [-88.970972, 48.509692], [-88.970899, 48.509713], [-88.970844, 48.509729], [-88.970807, 48.50974], [-88.970788, 48.509745]]}}, {"type": "Feature", "properties": {"lead": 72}, "geometry": {"type": "LineString", "coordinates": [[-88.962829, 48.511198], [-88.962814, 48.511204], [-88.962783, 48.511216], [-88.962737, 48.511234], [-88.962675, 48.511258], [-88.962598, 48.511288], [-88.962506, 48.511325], [-88.962399, 48.511367], [-88.962276, 48.511415], [-88.962148, 48.511455], [-88.962015, 48.511488], [-88.961878, 48.511513], [-88.961736, 48.51153], [-88.961589, 48.511539], [-88.961437, 48.511541], [-88.961281, 48.511535], [-88.961119, 48.511521], [-88.96095, 48.511516], [-88.960774, 48.51152], [-88.960589, 48.511533], [-88.960397, 48.511555], [-88.960197, 48.511585], [-88.959989, 48.511625], [-88.959773, 48.511674], [-88.95955, 48.511731], [-88.959335, 48.51178], [-88.959127, 48.51182], [-88.958927, 48.511851], [-88.958735, 48.511873], [-88.95855, 48.511887], [-88.958373, 48.511891], [-88.958204, 48.511887], [-88.958043, 48.511874], [-88.957894, 48.511866], [-88.957758, 48.511862], [-88.957634, 48.511863], [-88.957522, 48.511869], [-88.957423, 48.511879], [-88.957336, 48.511893], [-88.957262, 48.511913], [-88.9572, 48.511937], [-88.957131, 48.511965], [-88.957057, 48.511999], [-88.956976, 48.512036], [-88.956888, 48.512079], [-88.956795, 48.512126], [-88.956695, 48.512178], [-88.956589, 48.512234], [-88.956476, 48.512295], [-88.95638, 48.512353], [-88.956302, 48.512407], [-88.95624, 48.512457], [-88.956196, 48.512504], [-88.956168, 48.512548], [-88.956158, 48.512588], [-88.956165, 48.512624], [-88.956188, 48.512657], [-88.956192, 48.512694], [-88.956177, 48.512735], [-88.956142, 48.51278], [-88.956088, 48.51283], [-88.956015, 48.512883], [-88.955922, 48.512941], [-88.95581, 48.513003], [-88.955678, 48.513068], [-88.955563, 48.513134], [-88.955465, 48.5132], [-88.955383, 48.513266], [-88.955318, 48.513332], [-88.95527, 48.513397], [-88.955239, 48.513463], [-88.955224, 48.513529], [-88.955225, 48.513595], [-88.955202, 48.513681], [-88.955152, 48.513789], [-88.955077, 48.513917], [-88.954977, 48.514066], [-88.954851, 48.514236], [-88.954699, 48.514426], [-88.954522, 48.514637], [-88.954319, 48.51487], [-88.954132, 48.515072], [-88.953961, 48.515246], [-88.953806, 48.51539], [-88.953667, 48.515506], [-88.953544, 48.515592], [-88.953437, 48.515648], [-88.953346, 48.515676], [-88.953271, 48.515674], [-88.953211, 48.515647], [-88.953164, 48.515596], [-88.953131, 48.51552], [-88.953113, 48.515419], [-88.953108, 48.515294], [-88.953118, 48.515143], [-88.953141, 48.514968], [-88.953179, 48.514768], [-88.953201, 48.514598], [-88.953208, 48.51446], [-88.953199, 48.514352], [-88.953174, 48.514274], [-88.953134, 48.514227], [-88.953078, 48.514211], [-88.953007, 48.514225], [-88.95292, 48.51427], [-88.952821, 48.514313], [-88.952709, 48.514354], [-88.952585, 48.514394], [-88.952449, 48.514431], [-88.9523, 48.514466], [-88.952139, 48.5145], [-88.951965, 48.514532], [-88.951779, 48.514561], [-88.951616, 48.514588], [-88.951477, 48.51461], [-88.95136, 48.514628], [-88.951267, 48.514643], [-88.951198, 48.514655], [-88.951151, 48.514662], [-88.951128, 48.514666]]}}, {"type": "Feature", "properties": {"lead": 72}, "geometry": {"type": "LineString", "coordinates": [[-88.966395, 48.510413], [-88.964289, 48.510905]]}}, {"type": "Feature", "properties": {"lead": 72}, "geometry": {"type": "LineString", "coordinates": [[-88.970671, 48.509748], [-88.970634, 48.50975], [-88.97056, 48.509753], [-88.970449, 48.509758], [-88.9703, 48.509764], [-88.970114, 48.509771], [-88.969892, 48.509781], [-88.969632, 48.509792], [-88.969335, 48.509804], [-88.969047, 48.509823], [-88.96877, 48.50985], [-88.968502, 48.509884], [-88.968245, 48.509925], [-88.967997, 48.509973], [-88.967759, 48.510028], [-88.96753, 48.51009], [-88.967312, 48.51016], [-88.967121, 48.510221], [-88.966957, 48.510273], [-88.96682, 48.510316], [-88.966711, 48.510351], [-88.966629, 48.510377], [-88.966574, 48.510394], [-88.966547, 48.510403]]}}, {"type": "Feature", "properties": {"lead": 72}, "geometry": {"type": "LineString", "coordinates": [[-88.990428, 48.500069], [-88.990406, 48.50008], [-88.990362, 48.500101], [-88.990297, 48.500133], [-88.99021, 48.500175], [-88.990101, 48.500228], [-88.989971, 48.500291], [-88.989818, 48.500365], [-88.989644, 48.50045], [-88.989465, 48.50053], [-88.989282, 48.500605], [-88.989094, 48.500676], [-88.988901, 48.500742], [-88.988703, 48.500803], [-88.988501, 48.500859], [-88.988294, 48.500911], [-88.988083, 48.500958], [-88.987889, 48.501008], [-88.987712, 48.501061], [-88.987552, 48.501117], [-88.987409, 48.501176], [-88.987284, 48.501238], [-88.987176, 48.501303], [-88.987084, 48.501371], [-88.987011, 48.501442], [-88.986914, 48.501513], [-88.986796, 48.501584], [-88.986654, 48.501654], [-88.986491, 48.501724], [-88.986304, 48.501794], [-88.986096, 48.501863], [-88.985865, 48.501932], [-88.985611, 48.502001], [-88.985376, 48.502072], [-88.985159, 48.502145], [-88.984961, 48.50222], [-88.984781, 48.502297], [-88.984619, 48.502376], [-88.984476, 48.502458], [-88.984352, 48.502541], [-88.984246, 48.502627], [-88.984136, 48.502701], [-88.984022, 48.502765], [-88.983905, 48.502818], [-88.983784, 48.502859], [-88.983658, 48.50289], [-88.98353, 48.502909], [-88.983397, 48.502918], [-88.983261, 48.502916], [-88.983135, 48.50292], [-88.983019, 48.50293], [-88.982914, 48.502947], [-88.98282, 48.50297], [-88.982736, 48.502999], [-88.982663, 48.503035], [-88.982601, 48.503077], [-88.982548, 48.503125], [-88.982505, 48.503172], [-88.982471, 48.503216], [-88.982446, 48.503259], [-88.982431, 48.503299], [-88.982424, 48.503338], [-88.982426, 48.503375], [-88.982438, 48.50341], [-88.982458, 48.503443], [-88.982462, 48.503481], [-88.982448, 48.503524], [-88.982417, 48.503573], [-88.982368, 48.503627], [-88.982303, 48.503686], [-88.98222, 48.503751], [-88.98212, 48.503821], [-88.982003, 48.503896], [-88.981878, 48.503962], [-88.981747, 48.504019], [-88.981609, 48.504067], [-88.981463, 48.504106], [-88.981311, 48.504136], [-88.981151, 48.504157], [-88.980984, 48.504169], [-88.980811, 48.504172], [-88.980631, 48.504183], [-88.980445, 48.504202], [-88.980253, 48.504228], [-88.980054, 48.504262], [-88.979849, 48.504304], [-88.979639, 48.504354], [-88.979421, 48.504411], [-88.979198, 48.504477], [-88.978995, 48.504543], [-88.978812, 48.504609], [-88.978649, 48.504677], [-88.978507, 48.504745], [-88.978384, 48.504813], [-88.978282, 48.504883], [-88.9782, 48.504953], [-88.978138, 48.505024], [-88.978083, 48.505095], [-88.978037, 48.505166], [-88.977997, 48.505238], [-88.977966, 48.505311], [-88.977942, 48.505383], [-88.977926, 48.505456], [-88.977918, 48.50553], [-88.977917, 48.505603], [-88.977938, 48.505676], [-88.977981, 48.505746], [-88.978046, 48.505815], [-88.978133, 48.505882], [-88.978241, 48.505948], [-88.978372, 48.506012], [-88.978525, 48.506074], [-88.978699, 48.506135], [-88.978878, 48.506186], [-88.979061, 48.506227], [-88.979248, 48.506257], [-88.979439, 48.506278], [-88.979635, 48.506288], [-88.979834, 48.506289], [-88.980038, 48.506279], [-88.980246, 48.50626], [-88.98046, 48.506232], [-88.980678, 48.506198], [-88.980902, 48.506156], [-88.981132, 48.506106], [-88.981367, 48.506049], [-88.981607, 48.505984], [-88.981852, 48.505912], [-88.982103, 48.505833], [-88.982332, 48.505756], [-88.982539, 48.505684], [-88.982724, 48.505615], [-88.982886, 48.505549], [-88.983027, 48.505487], [-88.983145, 48.505428], [-88.983242, 48.505373], [-88.983316, 48.505321], [-88.983426, 48.505263], [-88.983572, 48.505199], [-88.983754, 48.505129], [-88.983971, 48.505053], [-88.984223, 48.504971], [-88.984512, 48.504883], [-88.984836, 48.504788], [-88.985196, 48.504687], [-88.985567, 48.50456], [-88.985951, 48.504404], [-88.986346, 48.504222], [-88.986753, 48.504012], [-88.987172, 48.503774], [-88.987603, 48.50351], [-88.988046, 48.503218], [-88.988501, 48.502898], [-88.988964, 48.502592], [-88.989437, 48.502299], [-88.989918, 48.502019], [-88.990408, 48.501753], [-88.990907, 48.501499], [-88.991415, 48.501259], [-88.991932, 48.501032], [-88.992457, 48.500818], [-88.992917, 48.500631], [-88.993311, 48.50047], [-88.99364, 48.500337], [-88.993903, 48.50023], [-88.9941, 48.500149], [-88.994231, 48.500096], [-88.994297, 48.500069]]}}, {"type": "Feature", "properties": {"lead": 72}, "geometry": {"type": "LineString", "coordinates": [[-88.994757, 48.499937], [-88.994765, 48.499926], [-88.99478, 48.499904], [-88.994804, 48.49987], [-88.994835, 48.499824], [-88.994874, 48.499768], [-88.994921, 48.4997], [-88.994976, 48.499621], [-88.995039, 48.49953], [-88.99509, 48.499446], [-88.995128, 48.499369], [-88.995155, 48.499299], [-88.995169, 48.499236], [-88.995172, 48.499179], [-88.995162, 48.499129], [-88.99514, 48.499086], [-88.995107, 48.49905], [-88.995065, 48.499023], [-88.995015, 48.499005], [-88.994956, 48.498997], [-88.99489, 48.498998], [-88.994815, 48.499008], [-88.994732, 48.499027], [-88.994641, 48.499055], [-88.994542, 48.499093], [-88.99444, 48.499124], [-88.994334, 48.499147], [-88.994226, 48.499163], [-88.994114, 48.499172], [-88.993999, 48.499174], [-88.993882, 48.499169], [-88.993761, 48.499156], [-88.993637, 48.499136], [-88.993495, 48.499133], [-88.993336, 48.499145], [-88.993159, 48.499173], [-88.992965, 48.499218], [-88.992753, 48.499278], [-88.992523, 48.499355], [-88.992277, 48.499448], [-88.992012, 48.499557], [-88.99178, 48.499652], [-88.991582, 48.499733], [-88.991417, 48.499801], [-88.991284, 48.499856], [-88.991185, 48.499897], [-88.991119, 48.499924], [-88.991086, 48.499937]]}}, {"type": "Feature", "properties": {"lead": 72}, "geometry": {"type": "LineString", "coordinates": [[-88.995683, 48.498757], [-88.995683, 48.498757]]}}, {"type": "Feature", "properties": {"lead": 96}, "geometry": {"type": "LineString", "coordinates": [[-88.934258, 48.523081], [-88.934237, 48.523071], [-88.934193, 48.523049], [-88.934128, 48.523016], [-88.934041, 48.522973], [-88.933933, 48.522918], [-88.933802, 48.522853], [-88.93365, 48.522777], [-88.933477, 48.52269], [-88.933322, 48.522629], [-88.933185, 48.522593], [-88.933067, 48.522583], [-88.932968, 48.522598], [-88.932888, 48.52264], [-88.932826, 48.522706], [-88.932782, 48.522799], [-88.932757, 48.522917], [-88.93272, 48.52302], [-88.932671, 48.523109], [-88.932609, 48.523182], [-88.932534, 48.523241], [-88.932447, 48.523285], [-88.932348, 48.523314], [-88.932236, 48.523328], [-88.932112, 48.523328], [-88.931998, 48.523322], [-88.931892, 48.523313], [-88.931797, 48.523299], [-88.93171, 48.523281], [-88.931633, 48.523258], [-88.931565, 48.523231], [-88.931507, 48.523199], [-88.931458, 48.523164], [-88.931419, 48.523121], [-88.931389, 48.523071], [-88.931368, 48.523015], [-88.931356, 48.522952], [-88.931354, 48.522882], [-88.931362, 48.522805], [-88.931378, 48.522721], [-88.931404, 48.522631], [-88.931422, 48.522536], [-88.931432, 48.522436], [-88.931433, 48.522333], [-88.931427, 48.522225], [-88.931412, 48.522112], [-88.931389, 48.521995], [-88.931358, 48.521874], [-88.931319, 48.521748], [-88.931297, 48.521628], [-88.931293, 48.521515], [-88.931305, 48.521409], [-88.931335, 48.521308], [-88.931383, 48.521214], [-88.931447, 48.521126], [-88.931529, 48.521045], [-88.931629, 48.52097], [-88.931723, 48.520887], [-88.931813, 48.520795], [-88.931898, 48.520696], [-88.931979, 48.520588], [-88.932055, 48.520472], [-88.932126, 48.520348], [-88.932193, 48.520215], [-88.932255, 48.520075], [-88.9323, 48.519952], [-88.932328, 48.519848], [-88.932339, 48.519761], [-88.932333, 48.519693], [-88.932309, 48.519643], [-88.932269, 48.519611], [-88.932212, 48.519597], [-88.932137, 48.519601], [-88.93207, 48.519609], [-88.932012, 48.519621], [-88.93196, 48.519638], [-88.931917, 48.519659], [-88.931881, 48.519684], [-88.931853, 48.519713], [-88.931833, 48.519747], [-88.931821, 48.519784], [-88.931793, 48.519822], [-88.93175, 48.51986], [-88.931691, 48.519898], [-88.931616, 48.519935], [-88.931526, 48.519973], [-88.931421, 48.520011], [-88.9313, 48.520049], [-88.931163, 48.520087], [-88.931033, 48.520106], [-88.930909, 48.520107], [-88.930791, 48.520091], [-88.930678, 48.520055], [-88.930572, 48.520002], [-88.930472, 48.51993], [-88.930378, 48.51984], [-88.930291, 48.519732], [-88.930192, 48.519631], [-88.930083, 48.519538], [-88.929964, 48.519452], [-88.929833, 48.519374], [-88.929692, 48.519304], [-88.929541, 48.51924], [-88.929379, 48.519185], [-88.929206, 48.519137], [-88.929031, 48.519109], [-88.928853, 48.519102], [-88.928673, 48.519114], [-88.928489, 48.519147], [-88.928303, 48.5192], [-88.928115, 48.519274], [-88.927924, 48.519367], [-88.92773, 48.519481], [-88.927518, 48.519592], [-88.927288, 48.519699], [-88.92704, 48.519802], [-88.926773, 48.519903], [-88.926488, 48.52], [-88.926185, 48.520094], [-88.925863, 48.520184], [-88.925524, 48.520272], [-88.925227, 48.520348], [-88.924972, 48.520413], [-88.92476, 48.520468], [-88.92459, 48.520511], [-88.924462, 48.520544], [-88.924377, 48.520566], [-88.924335, 48.520577]]}}, {"type": "Feature", "properties": {"lead": 96}, "geometry": {"type": "LineString", "coordinates": [[-88.948993, 48.521164], [-88.94899, 48.521171], [-88.948986, 48.521186], [-88.948979, 48.521209], [-88.94897, 48.521239], [-88.948958, 48.521277], [-88.948944, 48.521323], [-88.948928, 48.521376], [-88.94891, 48.521436], [-88.948875, 48.521499], [-88.948824, 48.521563], [-88.948756, 48.521629], [-88.948672, 48.521697], [-88.948572, 48.521766], [-88.948455, 48.521838], [-88.948322, 48.521911], [-88.948172, 48.521986], [-88.948021, 48.52205], [-88.947869, 48.522104], [-88.947715, 48.522147], [-88.94756, 48.52218], [-88.947404, 48.522202], [-88.947246, 48.522213], [-88.947087, 48.522214], [-88.946926, 48.522205], [-88.94677, 48.522202], [-88.946619, 48.522207], [-88.946472, 48.52222], [-88.94633, 48.522239], [-88.946192, 48.522266], [-88.946059, 48.522301], [-88.94593, 48.522342], [-88.945806, 48.522392], [-88.945664, 48.522434], [-88.945503, 48.522471], [-88.945323, 48.522501], [-88.945124, 48.522525], [-88.944907, 48.522542], [-88.944671, 48.522553], [-88.944417, 48.522558], [-88.944144, 48.522556], [-88.943892, 48.522567], [-88.943659, 48.522592], [-88.943447, 48.522629], [-88.943254, 48.522679], [-88.943082, 48.522742], [-88.94293, 48.522819], [-88.942798, 48.522908], [-88.942687, 48.52301], [-88.942555, 48.523099], [-88.942403, 48.523176], [-88.942231, 48.52324], [-88.942039, 48.523291], [-88.941826, 48.52333], [-88.941594, 48.523356], [-88.941341, 48.523369], [-88.941068, 48.523369], [-88.940823, 48.523364], [-88.940606, 48.523354], [-88.940417, 48.523339], [-88.940256, 48.523318], [-88.940122, 48.523293], [-88.940017, 48.523262], [-88.939939, 48.523226], [-88.93989, 48.523186], [-88.939846, 48.52315], [-88.939809, 48.523119], [-88.939778, 48.523094], [-88.939753, 48.523073], [-88.939735, 48.523058], [-88.939722, 48.523048], [-88.939716, 48.523042]]}}, {"type": "Feature", "properties": {"lead": 96}, "geometry": {"type": "LineString", "coordinates": [[-88.933567, 48.519882], [-88.933553, 48.519884], [-88.933525, 48.519888], [-88.933483, 48.519894], [-88.933427, 48.519902], [-88.933357, 48.519912], [-88.933273, 48.519924], [-88.933175, 48.519938], [-88.933063, 48.519954], [-88.93296, 48.519975], [-88.932865, 48.519999], [-88.932778, 48.520028], [-88.9327, 48.520061], [-88.932631, 48.520097], [-88.93257, 48.520138], [-88.932518, 48.520184], [-88.932474, 48.520233], [-88.932444, 48.520278], [-88.932428, 48.52032], [-88.932426, 48.520357], [-88.932439, 48.52039], [-88.932465, 48.520419], [-88.932506, 48.520444], [-88.93256, 48.520465], [-88.932629, 48.520482], [-88.932703, 48.52049], [-88.932782, 48.520489], [-88.932867, 48.520479], [-88.932957, 48.52046], [-88.933053, 48.520433], [-88.933153, 48.520396], [-88.93326, 48.52035], [-88.933371, 48.520295], [-88.933469, 48.520247], [-88.933553, 48.520206], [-88.933623, 48.520172], [-88.933678, 48.520145], [-88.93372, 48.520124], [-88.933748, 48.520111], [-88.933762, 48.520104]]}}, {"type": "Feature", "properties": {"lead": 96}, "geometry": {"type": "LineString", "coordinates": [[-88.999653, 48.511515], [-88.999624, 48.511524], [-88.999568, 48.511543], [-88.999484, 48.511571], [-88.999371, 48.511608], [-88.999231, 48.511655], [-88.999062, 48.511711], [-88.998865, 48.511777], [-88.99864, 48.511852], [-88.998422, 48.51192], [-88.99821, 48.51198], [-88.998005, 48.512033], [-88.997807, 48.512079], [-88.997615, 48.512118], [-88.99743, 48.512149], [-88.997251, 48.512173], [-88.997079, 48.51219], [-88.996912, 48.512196], [-88.996748, 48.512192], [-88.99659, 48.512176], [-88.996436, 48.51215], [-88.996286, 48.512114], [-88.99614, 48.512066], [-88.996, 48.512008], [-88.995863, 48.511939], [-88.995699, 48.511868], [-88.995506, 48.511794], [-88.995286, 48.511719], [-88.995038, 48.511641], [-88.994762, 48.511562], [-88.994458, 48.51148], [-88.994126, 48.511396], [-88.993767, 48.511309], [-88.993403, 48.511212], [-88.993036, 48.511104], [-88.992664, 48.510985], [-88.992289, 48.510855], [-88.991909, 48.510713], [-88.991526, 48.510561], [-88.991139, 48.510398], [-88.990747, 48.510223], [-88.990362, 48.510042], [-88.989984, 48.509854], [-88.989612, 48.509659], [-88.989246, 48.509457], [-88.988886, 48.509248], [-88.988533, 48.509032], [-88.988186, 48.508809], [-88.987845, 48.50858], [-88.987549, 48.508373], [-88.987297, 48.508188], [-88.98709, 48.508025], [-88.986927, 48.507886], [-88.986809, 48.507768], [-88.986735, 48.507673], [-88.986705, 48.507601], [-88.98672, 48.507551], [-88.986726, 48.507506], [-88.986723, 48.507466], [-88.986712, 48.507432], [-88.986691, 48.507403], [-88.986661, 48.507379], [-88.986623, 48.50736], [-88.986576, 48.507347], [-88.986519, 48.507338], [-88.986472, 48.507329], [-88.986434, 48.507318], [-88.986405, 48.507306], [-88.986385, 48.507293], [-88.986375, 48.507278], [-88.986373, 48.507262], [-88.98638, 48.507244], [-88.986397, 48.507226], [-88.986386, 48.507202], [-88.986349, 48.507174], [-88.986285, 48.507141], [-88.986194, 48.507103], [-88.986076, 48.507061], [-88.985932, 48.507013], [-88.98576, 48.506961], [-88.985561, 48.506904], [-88.985352, 48.506857], [-88.985132, 48.50682], [-88.984901, 48.506793], [-88.984659, 48.506777], [-88.984406, 48.50677], [-88.984143, 48.506774], [-88.983868, 48.506788], [-88.983583, 48.506812], [-88.983315, 48.506842], [-88.983064, 48.506877], [-88.98283, 48.506917], [-88.982614, 48.506964], [-88.982415, 48.507015], [-88.982233, 48.507072], [-88.982068, 48.507135], [-88.98192, 48.507203], [-88.981763, 48.507261], [-88.981596, 48.507309], [-88.98142, 48.507346], [-88.981234, 48.507374], [-88.981038, 48.507391], [-88.980833, 48.507398], [-88.980618, 48.507395], [-88.980393, 48.507382], [-88.980164, 48.507389], [-88.979931, 48.507416], [-88.979693, 48.507462], [-88.97945, 48.50753], [-88.979203, 48.507617], [-88.978952, 48.507724], [-88.978696, 48.507851], [-88.978435, 48.507998], [-88.978183, 48.508134], [-88.977938, 48.508259], [-88.9777, 48.508372], [-88.977471, 48.508474], [-88.977249, 48.508565], [-88.977035, 48.508644], [-88.976829, 48.508712], [-88.976631, 48.508769], [-88.976438, 48.508813], [-88.976252, 48.508844], [-88.976072, 48.508864], [-88.975899, 48.50887], [-88.975731, 48.508864], [-88.97557, 48.508846], [-88.975415, 48.508815], [-88.975266, 48.508772], [-88.975123, 48.508735], [-88.974987, 48.508706], [-88.974857, 48.508683], [-88.974733, 48.508668], [-88.974615, 48.50866], [-88.974503, 48.508658], [-88.974398, 48.508663], [-88.974299, 48.508676], [-88.974212, 48.508691], [-88.974137, 48.50871], [-88.974075, 48.508732], [-88.974026, 48.508757], [-88.973988, 48.508785], [-88.973964, 48.508815], [-88.973951, 48.50885], [-88.973951, 48.508887], [-88.973961, 48.508925], [-88.973979, 48.508963], [-88.974007, 48.509002], [-88.974044, 48.509043], [-88.974091, 48.509083], [-88.974147, 48.509125], [-88.974212, 48.509167], [-88.974286, 48.50921], [-88.974319, 48.509249], [-88.974309, 48.509282], [-88.974258, 48.50931], [-88.974165, 48.509334], [-88.97403, 48.509353], [-88.973854, 48.509366], [-88.973635, 48.509375], [-88.973374, 48.509379], [-88.973125, 48.509385], [-88.972886, 48.509393], [-88.972658, 48.509402], [-88.972441, 48.509413], [-88.972235, 48.509426], [-88.97204, 48.509441], [-88.971855, 48.509457], [-88.971681, 48.509475], [-88.971526, 48.509494], [-88.971388, 48.509514], [-88.971269, 48.509535], [-88.971167, 48.509557], [-88.971084, 48.50958], [-88.971018, 48.509604], [-88.970971, 48.509629], [-88.970942, 48.509655], [-88.970916, 48.509677], [-88.970894, 48.509697], [-88.970876, 48.509713], [-88.970861, 48.509726], [-88.97085, 48.509735], [-88.970843, 48.509742], [-88.970839, 48.509745]]}}, {"type": "Feature", "properties": {"lead": 96}, "geometry": {"type": "LineString", "coordinates": [[-88.962825, 48.511201], [-88.962809, 48.511207], [-88.962779, 48.511219], [-88.962733, 48.511237], [-88.962672, 48.511261], [-88.962595, 48.511292], [-88.962503, 48.511328], [-88.962396, 48.51137], [-88.962274, 48.511418], [-88.962142, 48.511459], [-88.962, 48.511493], [-88.961849, 48.511519], [-88.961689, 48.511538], [-88.961519, 48.511549], [-88.961339, 48.511553], [-88.96115, 48.51155], [-88.960952, 48.511539], [-88.960755, 48.511536], [-88.96056, 48.511542], [-88.960366, 48.511556], [-88.960173, 48.511578], [-88.959983, 48.511608], [-88.959794, 48.511646], [-88.959606, 48.511693], [-88.95942, 48.511747], [-88.959237, 48.511793], [-88.959057, 48.511831], [-88.95888, 48.511861], [-88.958707, 48.511882], [-88.958536, 48.511895], [-88.958369, 48.511899], [-88.958204, 48.511895], [-88.958043, 48.511883], [-88.957894, 48.511875], [-88.957758, 48.511872], [-88.957634, 48.511874], [-88.957522, 48.51188], [-88.957423, 48.511891], [-88.957336, 48.511906], [-88.957262, 48.511926], [-88.9572, 48.511951], [-88.957131, 48.511981], [-88.957057, 48.512018], [-88.956976, 48.51206], [-88.956889, 48.512109], [-88.956796, 48.512163], [-88.956697, 48.512223], [-88.956592, 48.512289], [-88.95648, 48.512361], [-88.956387, 48.512427], [-88.956313, 48.512486], [-88.956257, 48.512538], [-88.95622, 48.512584], [-88.956202, 48.512624], [-88.956203, 48.512657], [-88.956222, 48.512683], [-88.95626, 48.512703], [-88.956275, 48.512728], [-88.956267, 48.51276], [-88.956237, 48.512797], [-88.956184, 48.51284], [-88.956108, 48.512888], [-88.95601, 48.512943], [-88.955889, 48.513003], [-88.955745, 48.513068], [-88.955619, 48.513134], [-88.955512, 48.5132], [-88.955422, 48.513266], [-88.955351, 48.513332], [-88.955297, 48.513397], [-88.955262, 48.513463], [-88.955245, 48.513529], [-88.955245, 48.513595], [-88.955216, 48.513685], [-88.955156, 48.513799], [-88.955066, 48.513938], [-88.954945, 48.514101], [-88.954794, 48.514288], [-88.954612, 48.514499], [-88.954401, 48.514735], [-88.954159, 48.514994], [-88.953942, 48.515222], [-88.953751, 48.515418], [-88.953586, 48.515581], [-88.953446, 48.515712], [-88.953332, 48.515811], [-88.953243, 48.515878], [-88.953181, 48.515912], [-88.953143, 48.515915], [-88.953108, 48.515912], [-88.953073, 48.515903], [-88.953041, 48.51589], [-88.953009, 48.515871], [-88.95298, 48.515847], [-88.952951, 48.515817], [-88.952924, 48.515782], [-88.952899, 48.515742], [-88.952885, 48.515684], [-88.952881, 48.515606], [-88.952889, 48.515509], [-88.952908, 48.515394], [-88.952937, 48.51526], [-88.952978, 48.515108], [-88.953029, 48.514936], [-88.953092, 48.514746], [-88.953136, 48.514585], [-88.953161, 48.514453], [-88.953168, 48.514351], [-88.953155, 48.514278], [-88.953125, 48.514234], [-88.953075, 48.51422], [-88.953007, 48.514235], [-88.95292, 48.514279], [-88.952821, 48.514321], [-88.952709, 48.514362], [-88.952585, 48.514401], [-88.952449, 48.514439], [-88.9523, 48.514475], [-88.952139, 48.514509], [-88.951965, 48.514541], [-88.951779, 48.514572], [-88.951616, 48.514599], [-88.951477, 48.514622], [-88.95136, 48.514641], [-88.951267, 48.514656], [-88.951198, 48.514668], [-88.951151, 48.514675], [-88.951128, 48.514679]]}}, {"type": "Feature", "properties": {"lead": 96}, "geometry": {"type": "LineString", "coordinates": [[-88.966393, 48.510414], [-88.964291, 48.510906]]}}, {"type": "Feature", "properties": {"lead": 96}, "geometry": {"type": "LineString", "coordinates": [[-88.970655, 48.509759], [-88.970618, 48.50976], [-88.970545, 48.509763], [-88.970434, 48.509767], [-88.970286, 48.509773], [-88.970102, 48.50978], [-88.969881, 48.509788], [-88.969623, 48.509798], [-88.969328, 48.509809], [-88.969042, 48.509828], [-88.968766, 48.509854], [-88.9685, 48.509887], [-88.968244, 48.509927], [-88.967997, 48.509974], [-88.96776, 48.510029], [-88.967532, 48.510091], [-88.967314, 48.510161], [-88.967124, 48.510221], [-88.96696, 48.510273], [-88.966824, 48.510316], [-88.966715, 48.510351], [-88.966633, 48.510377], [-88.966579, 48.510394], [-88.966552, 48.510403]]}}, {"type": "Feature", "properties": {"lead": 96}, "geometry": {"type": "LineString", "coordinates": [[-88.990492, 48.500069], [-88.990471, 48.500079], [-88.990428, 48.5001], [-88.990364, 48.500131], [-88.990279, 48.500172], [-88.990173, 48.500223], [-88.990045, 48.500285], [-88.989897, 48.500357], [-88.989726, 48.500439], [-88.989552, 48.500518], [-88.989373, 48.500592], [-88.98919, 48.500662], [-88.989002, 48.500727], [-88.98881, 48.500789], [-88.988614, 48.500847], [-88.988413, 48.5009], [-88.988208, 48.50095], [-88.988014, 48.501004], [-88.987831, 48.501064], [-88.987659, 48.501129], [-88.987498, 48.501199], [-88.987348, 48.501274], [-88.987209, 48.501355], [-88.987081, 48.501441], [-88.986964, 48.501532], [-88.986835, 48.501618], [-88.986695, 48.501698], [-88.986543, 48.501773], [-88.98638, 48.501843], [-88.986205, 48.501908], [-88.986019, 48.501967], [-88.985822, 48.502021], [-88.985612, 48.50207], [-88.985415, 48.50212], [-88.98523, 48.50217], [-88.985057, 48.502221], [-88.984895, 48.502272], [-88.984746, 48.502324], [-88.984609, 48.502376], [-88.984484, 48.50243], [-88.98437, 48.502483], [-88.98427, 48.502536], [-88.984182, 48.502589], [-88.984106, 48.50264], [-88.984043, 48.502691], [-88.983993, 48.50274], [-88.983955, 48.502789], [-88.98393, 48.502837], [-88.983918, 48.502885], [-88.983901, 48.502923], [-88.983879, 48.502951], [-88.983853, 48.50297], [-88.983822, 48.50298], [-88.983786, 48.50298], [-88.983746, 48.502972], [-88.983701, 48.502953], [-88.983651, 48.502926], [-88.983606, 48.502905], [-88.983566, 48.502891], [-88.98353, 48.502883], [-88.983499, 48.502883], [-88.983473, 48.502889], [-88.983451, 48.502902], [-88.983434, 48.502922], [-88.983422, 48.502949], [-88.983402, 48.50297], [-88.983374, 48.502986], [-88.983338, 48.502997], [-88.983295, 48.503003], [-88.983243, 48.503003], [-88.983185, 48.502998], [-88.983118, 48.502988], [-88.983043, 48.502973], [-88.982972, 48.502965], [-88.982904, 48.502966], [-88.982838, 48.502974], [-88.982776, 48.502989], [-88.982717, 48.503013], [-88.98266, 48.503044], [-88.982607, 48.503083], [-88.982556, 48.50313], [-88.982517, 48.503174], [-88.982489, 48.503214], [-88.982472, 48.503251], [-88.982465, 48.503284], [-88.98247, 48.503314], [-88.982486, 48.50334], [-88.982513, 48.503363], [-88.982551, 48.503383], [-88.982567, 48.503411], [-88.982561, 48.503449], [-88.982534, 48.503495], [-88.982485, 48.50355], [-88.982414, 48.503614], [-88.982321, 48.503686], [-88.982206, 48.503768], [-88.98207, 48.503858], [-88.981929, 48.503938], [-88.981783, 48.504006], [-88.981632, 48.504064], [-88.981477, 48.50411], [-88.981318, 48.504146], [-88.981153, 48.504171], [-88.980984, 48.504185], [-88.980811, 48.504188], [-88.980631, 48.504198], [-88.980445, 48.504217], [-88.980253, 48.504243], [-88.980054, 48.504277], [-88.979849, 48.504319], [-88.979639, 48.504368], [-88.979421, 48.504425], [-88.979198, 48.50449], [-88.978995, 48.504556], [-88.978812, 48.504623], [-88.978649, 48.504692], [-88.978507, 48.504762], [-88.978384, 48.504833], [-88.978282, 48.504905], [-88.9782, 48.504979], [-88.978138, 48.505054], [-88.978086, 48.505128], [-88.978043, 48.505201], [-88.978011, 48.505273], [-88.977988, 48.505345], [-88.977976, 48.505416], [-88.977973, 48.505486], [-88.97798, 48.505555], [-88.977997, 48.505623], [-88.978032, 48.50569], [-88.978084, 48.505756], [-88.978153, 48.505821], [-88.97824, 48.505885], [-88.978344, 48.505948], [-88.978466, 48.50601], [-88.978605, 48.506071], [-88.978762, 48.506131], [-88.978925, 48.506181], [-88.979094, 48.506221], [-88.979269, 48.506251], [-88.97945, 48.506272], [-88.979638, 48.506283], [-88.979832, 48.506284], [-88.980032, 48.506275], [-88.980238, 48.506256], [-88.980459, 48.506223], [-88.980695, 48.506176], [-88.980946, 48.506115], [-88.981211, 48.50604], [-88.981491, 48.505951], [-88.981786, 48.505847], [-88.982096, 48.50573], [-88.98242, 48.505598], [-88.98275, 48.505471], [-88.983084, 48.505347], [-88.983422, 48.505226], [-88.983766, 48.50511], [-88.984114, 48.504998], [-88.984467, 48.504889], [-88.984824, 48.504784], [-88.985186, 48.504683], [-88.98556, 48.504555], [-88.985945, 48.5044], [-88.986342, 48.504217], [-88.98675, 48.504008], [-88.987169, 48.503771], [-88.9876, 48.503506], [-88.988042, 48.503215], [-88.988496, 48.502896], [-88.988959, 48.50259], [-88.98943, 48.502298], [-88.98991, 48.502019], [-88.9904, 48.501752], [-88.990898, 48.501499], [-88.991405, 48.501259], [-88.991922, 48.501032], [-88.992447, 48.500818], [-88.992906, 48.500631], [-88.9933, 48.50047], [-88.993628, 48.500337], [-88.993891, 48.50023], [-88.994088, 48.500149], [-88.994219, 48.500096], [-88.994285, 48.500069]]}}, {"type": "Feature", "properties": {"lead": 96}, "geometry": {"type": "LineString", "coordinates": [[-88.99474, 48.499937], [-88.994748, 48.499926], [-88.994763, 48.499904], [-88.994785, 48.49987], [-88.994815, 48.499824], [-88.994853, 48.499768], [-88.994898, 48.4997], [-88.994951, 48.499621], [-88.995011, 48.49953], [-88.99506, 48.499447], [-88.995098, 48.49937], [-88.995124, 48.499301], [-88.99514, 48.499239], [-88.995144, 48.499183], [-88.995137, 48.499135], [-88.99512, 48.499094], [-88.99509, 48.49906], [-88.995053, 48.499035], [-88.995006, 48.499019], [-88.994951, 48.499012], [-88.994886, 48.499014], [-88.994813, 48.499026], [-88.994732, 48.499046], [-88.994641, 48.499076], [-88.994542, 48.499115], [-88.99444, 48.499146], [-88.994334, 48.49917], [-88.994226, 48.499186], [-88.994114, 48.499194], [-88.993999, 48.499196], [-88.993882, 48.499189], [-88.993761, 48.499175], [-88.993637, 48.499154], [-88.993495, 48.499148], [-88.993337, 48.499159], [-88.993161, 48.499186], [-88.992968, 48.499229], [-88.992757, 48.499288], [-88.99253, 48.499363], [-88.992285, 48.499454], [-88.992023, 48.499561], [-88.991794, 48.499655], [-88.991597, 48.499736], [-88.991433, 48.499803], [-88.991302, 48.499857], [-88.991204, 48.499897], [-88.991138, 48.499924], [-88.991106, 48.499937]]}}, {"type": "Feature", "properties": {"lead": 120}, "geometry": {"type": "LineString", "coordinates": [[-88.934213, 48.523133], [-88.934194, 48.523122], [-88.934155, 48.5231], [-88.934097, 48.523067], [-88.934019, 48.523023], [-88.933921, 48.522968], [-88.933805, 48.522902], [-88.933669, 48.522825], [-88.933513, 48.522737], [-88.933375, 48.522674], [-88.933255, 48.522635], [-88.933153, 48.522622], [-88.933069, 48.522632], [-88.933003, 48.522668], [-88.932955, 48.522728], [-88.932925, 48.522813], [-88.932912, 48.522922], [-88.932883, 48.523019], [-88.932836, 48.523102], [-88.932773, 48.523172], [-88.932692, 48.523229], [-88.932595, 48.523273], [-88.93248, 48.523304], [-88.932348, 48.523322], [-88.932199, 48.523327], [-88.932061, 48.523326], [-88.931933, 48.52332], [-88.931816, 48.523308], [-88.93171, 48.523292], [-88.931614, 48.523269], [-88.931529, 48.523242], [-88.931454, 48.523209], [-88.93139, 48.523171], [-88.931334, 48.523109], [-88.931287, 48.523022], [-88.931247, 48.522912], [-88.931216, 48.522777], [-88.931194, 48.522617], [-88.931179, 48.522434], [-88.931173, 48.522226], [-88.931175, 48.521995], [-88.931193, 48.521779], [-88.931227, 48.521578], [-88.931278, 48.521394], [-88.931345, 48.521225], [-88.931427, 48.521073], [-88.931526, 48.520936], [-88.931641, 48.520814], [-88.931773, 48.520709], [-88.931891, 48.520605], [-88.931997, 48.520503], [-88.932091, 48.520402], [-88.932171, 48.520303], [-88.932239, 48.520205], [-88.932294, 48.520109], [-88.932337, 48.520014], [-88.932367, 48.519921], [-88.932387, 48.51984], [-88.932397, 48.519769], [-88.932397, 48.51971], [-88.932388, 48.519661], [-88.932368, 48.519624], [-88.932338, 48.519599], [-88.932298, 48.519584], [-88.932249, 48.519581], [-88.932198, 48.519586], [-88.932145, 48.519599], [-88.932091, 48.519621], [-88.932035, 48.519651], [-88.931978, 48.519689], [-88.931919, 48.519736], [-88.931859, 48.519791], [-88.931798, 48.519855], [-88.93173, 48.519913], [-88.931655, 48.519966], [-88.931575, 48.520013], [-88.931488, 48.520055], [-88.931395, 48.520092], [-88.931295, 48.520124], [-88.93119, 48.52015], [-88.931078, 48.520171], [-88.930969, 48.520175], [-88.930862, 48.520163], [-88.930759, 48.520134], [-88.930658, 48.520089], [-88.93056, 48.520027], [-88.930465, 48.519949], [-88.930373, 48.519854], [-88.930283, 48.519743], [-88.930184, 48.519639], [-88.930074, 48.519544], [-88.929954, 48.519457], [-88.929824, 48.519378], [-88.929683, 48.519307], [-88.929533, 48.519244], [-88.929372, 48.519189], [-88.929201, 48.519142], [-88.929027, 48.519115], [-88.928851, 48.519108], [-88.928672, 48.519121], [-88.92849, 48.519153], [-88.928306, 48.519206], [-88.928119, 48.519279], [-88.92793, 48.519372], [-88.927738, 48.519485], [-88.927527, 48.519594], [-88.927298, 48.519701], [-88.92705, 48.519804], [-88.926783, 48.519905], [-88.926498, 48.520002], [-88.926194, 48.520096], [-88.925871, 48.520187], [-88.92553, 48.520275], [-88.925231, 48.520352], [-88.924975, 48.520418], [-88.924762, 48.520473], [-88.924591, 48.520517], [-88.924463, 48.52055], [-88.924378, 48.520572], [-88.924335, 48.520583]]}}, {"type": "Feature", "properties": {"lead": 120}, "geometry": {"type": "LineString", "coordinates": [[-88.949536, 48.520935], [-88.949526, 48.52095], [-88.949506, 48.520981], [-88.949475, 48.521027], [-88.949434, 48.521088], [-88.949383, 48.521165], [-88.949322, 48.521258], [-88.949251, 48.521365], [-88.949169, 48.521488], [-88.949075, 48.521606], [-88.94897, 48.521717], [-88.948852, 48.521822], [-88.948722, 48.521922], [-88.94858, 48.522015], [-88.948425, 48.522103], [-88.948259, 48.522184], [-88.948081, 48.52226], [-88.947907, 48.522322], [-88.94774, 48.52237], [-88.947577, 48.522405], [-88.947419, 48.522426], [-88.947267, 48.522433], [-88.94712, 48.522427], [-88.946979, 48.522407], [-88.946842, 48.522373], [-88.946707, 48.522349], [-88.946574, 48.522334], [-88.946442, 48.522328], [-88.946312, 48.522332], [-88.946183, 48.522345], [-88.946056, 48.522367], [-88.94593, 48.522399], [-88.945806, 48.522439], [-88.945664, 48.522475], [-88.945503, 48.522505], [-88.945323, 48.522529], [-88.945124, 48.522548], [-88.944907, 48.522562], [-88.944671, 48.52257], [-88.944417, 48.522572], [-88.944144, 48.522569], [-88.943888, 48.522581], [-88.94365, 48.522609], [-88.943428, 48.522651], [-88.943223, 48.522709], [-88.943036, 48.522783], [-88.942865, 48.522872], [-88.942712, 48.522976], [-88.942575, 48.523095], [-88.942433, 48.5232], [-88.942284, 48.52329], [-88.942129, 48.523365], [-88.941967, 48.523426], [-88.9418, 48.523472], [-88.941626, 48.523504], [-88.941446, 48.52352], [-88.94126, 48.523523], [-88.941084, 48.52352], [-88.940916, 48.523512], [-88.940758, 48.523499], [-88.940609, 48.523481], [-88.94047, 48.523457], [-88.940339, 48.523429], [-88.940218, 48.523395], [-88.940107, 48.523356], [-88.940009, 48.523322], [-88.939925, 48.523293], [-88.939856, 48.523269], [-88.9398, 48.52325], [-88.939758, 48.523235], [-88.93973, 48.523226], [-88.939716, 48.523221]]}}, {"type": "Feature", "properties": {"lead": 120}, "geometry": {"type": "LineString", "coordinates": [[-88.93359, 48.519897], [-88.933576, 48.519899], [-88.933548, 48.519902], [-88.933507, 48.519907], [-88.933452, 48.519915], [-88.933383, 48.519923], [-88.9333, 48.519934], [-88.933203, 48.519947], [-88.933093, 48.519961], [-88.93299, 48.51998], [-88.932896, 48.520003], [-88.932809, 48.52003], [-88.932731, 48.520062], [-88.93266, 48.520098], [-88.932598, 48.520139], [-88.932543, 48.520184], [-88.932497, 48.520233], [-88.932461, 48.520279], [-88.932437, 48.520321], [-88.932424, 48.520359], [-88.932421, 48.520394], [-88.93243, 48.520425], [-88.93245, 48.520452], [-88.932481, 48.520476], [-88.932523, 48.520496], [-88.932577, 48.520506], [-88.932643, 48.520507], [-88.93272, 48.520497], [-88.93281, 48.520478], [-88.932911, 48.520449], [-88.933023, 48.52041], [-88.933148, 48.520362], [-88.933285, 48.520303], [-88.933404, 48.520252], [-88.933506, 48.520208], [-88.933592, 48.520172], [-88.93366, 48.520142], [-88.933711, 48.520121], [-88.933745, 48.520106], [-88.933762, 48.520099]]}}, {"type": "Feature", "properties": {"lead": 120}, "geometry": {"type": "LineString", "coordinates": [[-88.999653, 48.511542], [-88.999631, 48.511551], [-88.999587, 48.511569], [-88.999522, 48.511596], [-88.999435, 48.511632], [-88.999327, 48.511678], [-88.999197, 48.511732], [-88.999045, 48.511795], [-88.998871, 48.511867], [-88.998691, 48.511933], [-88.998505, 48.511992], [-88.998313, 48.512046], [-88.998114, 48.512093], [-88.99791, 48.512134], [-88.997699, 48.512169], [-88.997482, 48.512197], [-88.997259, 48.51222], [-88.997001, 48.51222], [-88.99671, 48.512198], [-88.996384, 48.512154], [-88.996024, 48.512087], [-88.99563, 48.511998], [-88.995203, 48.511887], [-88.994741, 48.511753], [-88.994244, 48.511597], [-88.993762, 48.511441], [-88.993293, 48.511283], [-88.992838, 48.511124], [-88.992397, 48.510965], [-88.991969, 48.510804], [-88.991555, 48.510643], [-88.991154, 48.51048], [-88.990768, 48.510317], [-88.990385, 48.510145], [-88.990007, 48.509965], [-88.989633, 48.509776], [-88.989263, 48.509579], [-88.988898, 48.509374], [-88.988537, 48.509161], [-88.988179, 48.508939], [-88.987826, 48.508708], [-88.987517, 48.508498], [-88.98725, 48.508309], [-88.987026, 48.508141], [-88.986845, 48.507992], [-88.986707, 48.507865], [-88.986612, 48.507758], [-88.98656, 48.507672], [-88.986551, 48.507606], [-88.986537, 48.507549], [-88.986519, 48.507502], [-88.986495, 48.507464], [-88.986467, 48.507435], [-88.986435, 48.507416], [-88.986398, 48.507405], [-88.986355, 48.507404], [-88.986309, 48.507412], [-88.986267, 48.507416], [-88.98623, 48.507414], [-88.986198, 48.507406], [-88.986172, 48.507394], [-88.98615, 48.507376], [-88.986133, 48.507354], [-88.986121, 48.507326], [-88.986115, 48.507293], [-88.98609, 48.507259], [-88.986046, 48.507225], [-88.985985, 48.507189], [-88.985905, 48.507153], [-88.985807, 48.507116], [-88.98569, 48.507078], [-88.985555, 48.50704], [-88.985402, 48.507], [-88.985268, 48.506963], [-88.985154, 48.506928], [-88.985058, 48.506895], [-88.984982, 48.506865], [-88.984924, 48.506837], [-88.984886, 48.506811], [-88.984867, 48.506788], [-88.984867, 48.506767], [-88.984834, 48.506751], [-88.984769, 48.50674], [-88.984671, 48.506735], [-88.984541, 48.506735], [-88.984378, 48.50674], [-88.984183, 48.50675], [-88.983955, 48.506766], [-88.983695, 48.506786], [-88.983448, 48.506812], [-88.983216, 48.506843], [-88.982997, 48.506879], [-88.982792, 48.50692], [-88.982602, 48.506967], [-88.982425, 48.507018], [-88.982262, 48.507074], [-88.982113, 48.507136], [-88.981952, 48.50719], [-88.981778, 48.507236], [-88.981592, 48.507274], [-88.981394, 48.507304], [-88.981183, 48.507327], [-88.98096, 48.507342], [-88.980724, 48.507349], [-88.980476, 48.507348], [-88.980232, 48.507364], [-88.979991, 48.507395], [-88.979755, 48.507442], [-88.979522, 48.507506], [-88.979293, 48.507585], [-88.979068, 48.50768], [-88.978847, 48.507791], [-88.97863, 48.507918], [-88.978413, 48.508039], [-88.978196, 48.508153], [-88.977979, 48.508262], [-88.977762, 48.508364], [-88.977545, 48.50846], [-88.977328, 48.508549], [-88.977111, 48.508633], [-88.976894, 48.50871], [-88.976676, 48.508772], [-88.976457, 48.508819], [-88.976238, 48.50885], [-88.976018, 48.508866], [-88.975797, 48.508867], [-88.975575, 48.508852], [-88.975353, 48.508822], [-88.97513, 48.508777], [-88.974927, 48.508743], [-88.974746, 48.508719], [-88.974585, 48.508707], [-88.974446, 48.508705], [-88.974327, 48.508715], [-88.97423, 48.508735], [-88.974153, 48.508766], [-88.974097, 48.508808], [-88.974057, 48.508847], [-88.974033, 48.508882], [-88.974025, 48.508915], [-88.974032, 48.508944], [-88.974055, 48.50897], [-88.974094, 48.508993], [-88.974149, 48.509013], [-88.97422, 48.509029], [-88.974283, 48.509048], [-88.974338, 48.509069], [-88.974386, 48.509093], [-88.974427, 48.509118], [-88.974459, 48.509147], [-88.974484, 48.509177], [-88.974502, 48.50921], [-88.974512, 48.509245], [-88.974466, 48.509279], [-88.974365, 48.509311], [-88.974209, 48.509341], [-88.973997, 48.50937], [-88.973729, 48.509397], [-88.973406, 48.509423], [-88.973027, 48.509447], [-88.972593, 48.509469], [-88.972212, 48.509491], [-88.971883, 48.509514], [-88.971607, 48.509537], [-88.971384, 48.509561], [-88.971213, 48.509585], [-88.971096, 48.509609], [-88.971031, 48.509633], [-88.971019, 48.509658], [-88.971008, 48.50968], [-88.970999, 48.509698], [-88.970991, 48.509714], [-88.970985, 48.509726], [-88.97098, 48.509736], [-88.970977, 48.509742], [-88.970976, 48.509745]]}}, {"type": "Feature", "properties": {"lead": 120}, "geometry": {"type": "LineString", "coordinates": [[-88.962814, 48.511208], [-88.962799, 48.511215], [-88.962769, 48.511229], [-88.962723, 48.511251], [-88.962663, 48.511279], [-88.962587, 48.511314], [-88.962496, 48.511357], [-88.96239, 48.511406], [-88.962269, 48.511463], [-88.962143, 48.51151], [-88.962012, 48.511546], [-88.961875, 48.511573], [-88.961734, 48.51159], [-88.961588, 48.511597], [-88.961437, 48.511594], [-88.961281, 48.511581], [-88.961119, 48.511558], [-88.960953, 48.511545], [-88.960783, 48.511542], [-88.960608, 48.511548], [-88.960428, 48.511565], [-88.960243, 48.511591], [-88.960054, 48.511627], [-88.95986, 48.511672], [-88.959662, 48.511727], [-88.95947, 48.511775], [-88.959285, 48.511814], [-88.959106, 48.511845], [-88.958934, 48.511869], [-88.958768, 48.511884], [-88.958609, 48.511891], [-88.958456, 48.51189], [-88.95831, 48.511882], [-88.958159, 48.511883], [-88.958002, 48.511896], [-88.95784, 48.511919], [-88.957673, 48.511953], [-88.9575, 48.511997], [-88.957322, 48.512052], [-88.957138, 48.512118], [-88.956949, 48.512195], [-88.956786, 48.512266], [-88.956648, 48.512333], [-88.956535, 48.512395], [-88.956448, 48.512453], [-88.956387, 48.512506], [-88.956351, 48.512554], [-88.95634, 48.512598], [-88.956355, 48.512636], [-88.956351, 48.512679], [-88.956326, 48.512724], [-88.956282, 48.512773], [-88.956218, 48.512825], [-88.956135, 48.512881], [-88.956032, 48.51294], [-88.955909, 48.513003], [-88.955766, 48.513068], [-88.955641, 48.513136], [-88.955532, 48.513206], [-88.95544, 48.513278], [-88.955365, 48.513352], [-88.955307, 48.513428], [-88.955265, 48.513506], [-88.955241, 48.513587], [-88.955233, 48.513669], [-88.955218, 48.513745], [-88.955195, 48.513815], [-88.955164, 48.513879], [-88.955126, 48.513936], [-88.95508, 48.513988], [-88.955026, 48.514033], [-88.954964, 48.514072], [-88.954895, 48.514105], [-88.954813, 48.514164], [-88.954719, 48.514249], [-88.954613, 48.514361], [-88.954495, 48.514499], [-88.954364, 48.514663], [-88.954221, 48.514854], [-88.954065, 48.51507], [-88.953898, 48.515313], [-88.953742, 48.515523], [-88.953599, 48.5157], [-88.953468, 48.515844], [-88.953349, 48.515955], [-88.953242, 48.516034], [-88.953147, 48.516079], [-88.953065, 48.516091], [-88.952994, 48.51607], [-88.952942, 48.516023], [-88.952907, 48.51595], [-88.952889, 48.515852], [-88.952889, 48.515727], [-88.952907, 48.515577], [-88.952942, 48.5154], [-88.952994, 48.515198], [-88.953065, 48.514969], [-88.953092, 48.514779], [-88.953077, 48.514626], [-88.953018, 48.514511], [-88.952917, 48.514434], [-88.952773, 48.514394], [-88.952586, 48.514393], [-88.952356, 48.514429], [-88.952083, 48.514503], [-88.951844, 48.514567], [-88.951639, 48.514623], [-88.951469, 48.514669], [-88.951332, 48.514706], [-88.95123, 48.514734], [-88.951162, 48.514752], [-88.951128, 48.514761]]}}, {"type": "Feature", "properties": {"lead": 120}, "geometry": {"type": "LineString", "coordinates": [[-88.966385, 48.51042], [-88.964295, 48.510909]]}}, {"type": "Feature", "properties": {"lead": 120}, "geometry": {"type": "LineString", "coordinates": [[-88.970639, 48.50977], [-88.970603, 48.509771], [-88.970529, 48.509774], [-88.97042, 48.509778], [-88.970273, 48.509783], [-88.97009, 48.509789], [-88.96987, 48.509797], [-88.969614, 48.509807], [-88.969321, 48.509817], [-88.969037, 48.509835], [-88.968764, 48.50986], [-88.9685, 48.509893], [-88.968246, 48.509932], [-88.968001, 48.509979], [-88.967766, 48.510033], [-88.967541, 48.510094], [-88.967326, 48.510163], [-88.967138, 48.510223], [-88.966976, 48.510274], [-88.966842, 48.510317], [-88.966734, 48.510352], [-88.966653, 48.510377], [-88.966599, 48.510394], [-88.966572, 48.510403]]}}, {"type": "Feature", "properties": {"lead": 120}, "geometry": {"type": "LineString", "coordinates": [[-88.990505, 48.500069], [-88.990484, 48.500079], [-88.990441, 48.5001], [-88.990377, 48.500131], [-88.990291, 48.500172], [-88.990184, 48.500224], [-88.990055, 48.500286], [-88.989905, 48.500358], [-88.989734, 48.500441], [-88.989558, 48.500519], [-88.989379, 48.500593], [-88.989195, 48.500663], [-88.989007, 48.500729], [-88.988815, 48.500791], [-88.988619, 48.500848], [-88.988418, 48.500902], [-88.988214, 48.500951], [-88.98802, 48.501005], [-88.987837, 48.501065], [-88.987665, 48.50113], [-88.987504, 48.5012], [-88.987353, 48.501276], [-88.987214, 48.501357], [-88.987085, 48.501443], [-88.986967, 48.501535], [-88.986838, 48.501621], [-88.986697, 48.501702], [-88.986545, 48.501778], [-88.986382, 48.501847], [-88.986207, 48.501912], [-88.986022, 48.501971], [-88.985825, 48.502025], [-88.985616, 48.502073], [-88.98542, 48.502122], [-88.985235, 48.502171], [-88.985062, 48.502222], [-88.984901, 48.502273], [-88.984751, 48.502325], [-88.984614, 48.502377], [-88.984488, 48.502431], [-88.984373, 48.502485], [-88.984272, 48.502538], [-88.984183, 48.502591], [-88.984107, 48.502643], [-88.984044, 48.502694], [-88.983993, 48.502744], [-88.983955, 48.502793], [-88.98393, 48.502842], [-88.983918, 48.50289], [-88.983901, 48.502929], [-88.983879, 48.502958], [-88.983853, 48.502977], [-88.983822, 48.502987], [-88.983786, 48.502987], [-88.983746, 48.502978], [-88.983701, 48.502959], [-88.983651, 48.50293], [-88.983606, 48.502909], [-88.983566, 48.502894], [-88.98353, 48.502886], [-88.983499, 48.502885], [-88.983473, 48.502891], [-88.983451, 48.502904], [-88.983434, 48.502924], [-88.983422, 48.50295], [-88.983402, 48.502972], [-88.983374, 48.502988], [-88.983338, 48.502999], [-88.983295, 48.503004], [-88.983243, 48.503004], [-88.983185, 48.503], [-88.983118, 48.502989], [-88.983043, 48.502974], [-88.982977, 48.502966], [-88.982918, 48.502965], [-88.982867, 48.502971], [-88.982823, 48.502985], [-88.982788, 48.503006], [-88.98276, 48.503034], [-88.98274, 48.50307], [-88.982727, 48.503113], [-88.982712, 48.503151], [-88.982693, 48.503184], [-88.982671, 48.503213], [-88.982646, 48.503236], [-88.982618, 48.503255], [-88.982586, 48.503268], [-88.982552, 48.503277], [-88.982514, 48.503281], [-88.982486, 48.503287], [-88.982467, 48.503295], [-88.982458, 48.503305], [-88.982458, 48.503318], [-88.982467, 48.503332], [-88.982486, 48.503349], [-88.982514, 48.503368], [-88.982552, 48.503388], [-88.982568, 48.503418], [-88.982562, 48.503456], [-88.982534, 48.503503], [-88.982485, 48.503558], [-88.982414, 48.503622], [-88.982321, 48.503695], [-88.982206, 48.503776], [-88.98207, 48.503866], [-88.981929, 48.503945], [-88.981783, 48.504014], [-88.981632, 48.504071], [-88.981477, 48.504117], [-88.981318, 48.504153], [-88.981153, 48.504177], [-88.980984, 48.504191], [-88.980811, 48.504194], [-88.980631, 48.504204], [-88.980445, 48.504222], [-88.980253, 48.504248], [-88.980054, 48.504282], [-88.979849, 48.504324], [-88.979639, 48.504373], [-88.979421, 48.50443], [-88.979198, 48.504495], [-88.978997, 48.504559], [-88.978817, 48.504623], [-88.978659, 48.504686], [-88.978523, 48.504748], [-88.978409, 48.50481], [-88.978317, 48.504872], [-88.978246, 48.504933], [-88.978198, 48.504993], [-88.978156, 48.505056], [-88.978122, 48.505121], [-88.978095, 48.50519], [-88.978075, 48.505261], [-88.978062, 48.505335], [-88.978056, 48.505412], [-88.978057, 48.505491], [-88.978066, 48.505574], [-88.978093, 48.505653], [-88.978137, 48.505729], [-88.978199, 48.505803], [-88.978279, 48.505873], [-88.978377, 48.505941], [-88.978493, 48.506006], [-88.978627, 48.506067], [-88.978779, 48.506126], [-88.978937, 48.506175], [-88.979102, 48.506215], [-88.979274, 48.506245], [-88.979452, 48.506266], [-88.979636, 48.506277], [-88.979828, 48.506278], [-88.980026, 48.50627], [-88.98023, 48.506252], [-88.98045, 48.506221], [-88.980684, 48.506174], [-88.980934, 48.506114], [-88.981198, 48.506039], [-88.981477, 48.505951], [-88.981771, 48.505847], [-88.98208, 48.50573], [-88.982404, 48.505598], [-88.982733, 48.50547], [-88.983067, 48.505346], [-88.983406, 48.505226], [-88.983751, 48.50511], [-88.9841, 48.504997], [-88.984455, 48.504888], [-88.984814, 48.504783], [-88.985179, 48.504682], [-88.985554, 48.504553], [-88.985941, 48.504398], [-88.986339, 48.504215], [-88.986748, 48.504005], [-88.987168, 48.503768], [-88.987599, 48.503504], [-88.988041, 48.503213], [-88.988494, 48.502895], [-88.988956, 48.502589], [-88.989428, 48.502297], [-88.989908, 48.502018], [-88.990397, 48.501752], [-88.990895, 48.501499], [-88.991402, 48.501259], [-88.991918, 48.501032], [-88.992444, 48.500818], [-88.992903, 48.500631], [-88.993297, 48.50047], [-88.993625, 48.500337], [-88.993888, 48.50023], [-88.994085, 48.500149], [-88.994216, 48.500096], [-88.994281, 48.500069]]}}, {"type": "Feature", "properties": {"lead": 120}, "geometry": {"type": "LineString", "coordinates": [[-88.994736, 48.499937], [-88.994744, 48.499926], [-88.994759, 48.499904], [-88.994781, 48.49987], [-88.994811, 48.499824], [-88.994849, 48.499768], [-88.994894, 48.4997], [-88.994946, 48.499621], [-88.995006, 48.49953], [-88.995055, 48.499447], [-88.995093, 48.49937], [-88.99512, 48.499301], [-88.995136, 48.499239], [-88.995141, 48.499184], [-88.995134, 48.499135], [-88.995117, 48.499094], [-88.995088, 48.49906], [-88.995051, 48.499036], [-88.995005, 48.49902], [-88.99495, 48.499013], [-88.994886, 48.499016], [-88.994813, 48.499028], [-88.994732, 48.499048], [-88.994641, 48.499078], [-88.994542, 48.499117], [-88.99444, 48.499149], [-88.994334, 48.499173], [-88.994226, 48.499189], [-88.994114, 48.499198], [-88.993999, 48.499199], [-88.993882, 48.499192], [-88.993761, 48.499178], [-88.993637, 48.499156], [-88.993495, 48.49915], [-88.993337, 48.499161], [-88.993161, 48.499187], [-88.992969, 48.49923], [-88.992759, 48.499289], [-88.992531, 48.499364], [-88.992287, 48.499455], [-88.992025, 48.499562], [-88.991797, 48.499656], [-88.9916, 48.499736], [-88.991437, 48.499803], [-88.991306, 48.499857], [-88.991208, 48.499897], [-88.991143, 48.499924], [-88.99111, 48.499937]]}}]}