valid_date,site,lead_h,issue_date,sat_c,model_c,persist_sat_c,clim_sat_c,phase,wind_kn,wind_dir,model_station,model_dist_km,sat_dist_km,retrieved_utc
2025-05-01,tbay,0,2025-05-01,3.390,6.216,2.970,1.894,neutral,5.0,63,10050,0.0,0.56,2026-08-10T15:32:55+00:00
2025-05-02,tbay,24,2025-05-01,4.030,6.206,2.970,1.973,neutral,5.5,11,10050,0.0,0.56,2026-08-10T15:32:55+00:00
2025-05-03,tbay,48,2025-05-01,4.360,5.229,2.970,2.051,neutral,3.1,254,10050,0.0,0.56,2026-08-10T15:32:55+00:00
2025-05-04,tbay,72,2025-05-01,4.620,7.582,2.970,2.136,neutral,6.5,68,10050,0.0,0.56,2026-08-10T15:32:55+00:00
2025-05-05,tbay,96,2025-05-01,4.850,8.091,2.970,2.201,neutral,2.9,60,10050,0.0,0.56,2026-08-10T15:32:55+00:00
2025-05-06,tbay,120,2025-05-01,5.020,8.273,2.970,2.265,neutral,5.0,268,10050,0.0,0.56,2026-08-10T15:32:55+00:00
2025-05-02,tbay,0,2025-05-02,4.030,6.172,3.390,1.973,neutral,5.5,11,10050,0.0,0.56,2026-08-10T15:32:55+00:00
2025-05-03,tbay,24,2025-05-02,4.360,5.399,3.390,2.051,neutral,3.1,254,10050,0.0,0.56,2026-08-10T15:32:55+00:00
2025-05-04,tbay,48,2025-05-02,4.620,6.624,3.390,2.136,neutral,6.5,68,10050,0.0,0.56,2026-08-10T15:32:55+00:00
2025-05-05,tbay,72,2025-05-02,4.850,8.711,3.390,2.201,neutral,2.9,60,10050,0.0,0.56,2026-08-10T15:32:55+00:00
2025-05-06,tbay,96,2025-05-02,5.020,9.185,3.390,2.265,neutral,5.0,268,10050,0.0,0.56,2026-08-10T15:32:55+00:00
2025-05-07,tbay,120,2025-05-02,5.230,9.668,3.390,2.334,neutral,6.0,21,10050,0.0,0.56,2026-08-10T15:32:55+00:00
2025-05-03,tbay,0,2025-05-03,4.360,6.386,4.030,2.051,neutral,3.1,254,10050,0.0,0.56,2026-08-10T15:32:55+00:00
2025-05-04,tbay,24,2025-05-03,4.620,6.180,4.030,2.136,neutral,6.5,68,10050,0.0,0.56,2026-08-10T15:32:55+00:00
2025-05-05,tbay,48,2025-05-03,4.850,9.077,4.030,2.201,neutral,2.9,60,10050,0.0,0.56,2026-08-10T15:32:55+00:00
2025-05-06,tbay,72,2025-05-03,5.020,9.079,4.030,2.265,neutral,5.0,268,10050,0.0,0.56,2026-08-10T15:32:55+00:00
2025-05-07,tbay,96,2025-05-03,5.230,9.123,4.030,2.334,neutral,6.0,21,10050,0.0,0.56,2026-08-10T15:32:55+00:00
2025-05-08,tbay,120,2025-05-03,0.200,10.812,4.030,2.439,neutral,4.7,85,10050,0.0,0.56,2026-08-10T15:32:55+00:00
2025-05-04,tbay,0,2025-05-04,4.620,5.773,4.360,2.136,neutral,6.5,68,10050,0.0,0.56,2026-08-10T15:32:55+00:00
2025-05-05,tbay,24,2025-05-04,4.850,8.771,4.360,2.201,neutral,2.9,60,10050,0.0,0.56,2026-08-10T15:32:55+00:00
2025-05-06,tbay,48,2025-05-04,5.020,9.875,4.360,2.265,neutral,5.0,268,10050,0.0,0.56,2026-08-10T15:32:55+00:00
2025-05-07,tbay,72,2025-05-04,5.230,6.761,4.360,2.334,neutral,6.0,21,10050,0.0,0.56,2026-08-10T15:32:55+00:00
2025-05-08,tbay,96,2025-05-04,0.200,10.647,4.360,2.439,neutral,4.7,85,10050,0.0,0.56,2026-08-10T15:32:55+00:00
2025-05-09,tbay,120,2025-05-04,5.610,10.259,4.360,2.544,neutral,1.7,180,10050,0.0,0.56,2026-08-10T15:32:55+00:00
2025-05-05,tbay,0,2025-05-05,4.850,8.755,4.620,2.201,neutral,2.9,60,10050,0.0,0.56,2026-08-10T15:32:55+00:00
2025-05-06,tbay,24,2025-05-05,5.020,9.827,4.620,2.265,neutral,5.0,268,10050,0.0,0.56,2026-08-10T15:32:55+00:00
2025-05-07,tbay,48,2025-05-05,5.230,8.541,4.620,2.334,neutral,6.0,21,10050,0.0,0.56,2026-08-10T15:32:55+00:00
2025-05-08,tbay,72,2025-05-05,0.200,10.212,4.620,2.439,neutral,4.7,85,10050,0.0,0.56,2026-08-10T15:32:55+00:00
2025-05-09,tbay,96,2025-05-05,5.610,10.373,4.620,2.544,neutral,1.7,180,10050,0.0,0.56,2026-08-10T15:32:55+00:00
2025-05-10,tbay,120,2025-05-05,5.960,8.218,4.620,2.686,neutral,3.5,360,10050,0.0,0.56,2026-08-10T15:32:55+00:00
2025-05-06,tbay,0,2025-05-06,5.020,9.562,4.850,2.265,neutral,5.0,268,10050,0.0,0.56,2026-08-10T15:32:55+00:00
2025-05-07,tbay,24,2025-05-06,5.230,9.535,4.850,2.334,neutral,6.0,21,10050,0.0,0.56,2026-08-10T15:32:55+00:00
2025-05-08,tbay,48,2025-05-06,0.200,9.570,4.850,2.439,neutral,4.7,85,10050,0.0,0.56,2026-08-10T15:32:55+00:00
2025-05-09,tbay,72,2025-05-06,5.610,10.341,4.850,2.544,neutral,1.7,180,10050,0.0,0.56,2026-08-10T15:32:55+00:00
2025-05-10,tbay,96,2025-05-06,5.960,6.940,4.850,2.686,neutral,3.5,360,10050,0.0,0.56,2026-08-10T15:32:55+00:00
2025-05-11,tbay,120,2025-05-06,6.250,10.956,4.850,2.833,neutral,9.1,174,10050,0.0,0.56,2026-08-10T15:32:55+00:00
2025-05-07,tbay,0,2025-05-07,5.230,7.367,5.020,2.334,neutral,6.0,21,10050,0.0,0.56,2026-08-10T15:32:55+00:00
2025-05-08,tbay,24,2025-05-07,0.200,9.611,5.020,2.439,neutral,4.7,85,10050,0.0,0.56,2026-08-10T15:32:55+00:00
2025-05-09,tbay,48,2025-05-07,5.610,10.004,5.020,2.544,neutral,1.7,180,10050,0.0,0.56,2026-08-10T15:32:55+00:00
2025-05-10,tbay,72,2025-05-07,5.960,6.427,5.020,2.686,neutral,3.5,360,10050,0.0,0.56,2026-08-10T15:32:55+00:00
2025-05-11,tbay,96,2025-05-07,6.250,8.962,5.020,2.833,neutral,9.1,174,10050,0.0,0.56,2026-08-10T15:32:55+00:00
2025-05-12,tbay,120,2025-05-07,6.520,10.688,5.020,3.024,neutral,7.6,59,10050,0.0,0.56,2026-08-10T15:32:55+00:00
2025-05-08,tbay,0,2025-05-08,0.200,9.412,5.230,2.439,neutral,4.7,85,10050,0.0,0.56,2026-08-10T15:32:55+00:00
2025-05-09,tbay,24,2025-05-08,5.610,10.199,5.230,2.544,neutral,1.7,180,10050,0.0,0.56,2026-08-10T15:32:55+00:00
2025-05-10,tbay,48,2025-05-08,5.960,9.055,5.230,2.686,neutral,3.5,360,10050,0.0,0.56,2026-08-10T15:32:55+00:00
2025-05-11,tbay,72,2025-05-08,6.250,10.070,5.230,2.833,neutral,9.1,174,10050,0.0,0.56,2026-08-10T15:32:55+00:00
2025-05-12,tbay,96,2025-05-08,6.520,8.689,5.230,3.024,neutral,7.6,59,10050,0.0,0.56,2026-08-10T15:32:55+00:00
2025-05-13,tbay,120,2025-05-08,6.300,9.999,5.230,3.199,neutral,1.0,49,10050,0.0,0.56,2026-08-10T15:32:55+00:00
2025-05-09,tbay,0,2025-05-09,5.610,10.241,0.200,2.544,neutral,1.7,180,10050,0.0,0.56,2026-08-10T15:32:55+00:00
2025-05-10,tbay,24,2025-05-09,5.960,9.538,0.200,2.686,neutral,3.5,360,10050,0.0,0.56,2026-08-10T15:32:55+00:00
2025-05-11,tbay,48,2025-05-09,6.250,9.585,0.200,2.833,neutral,9.1,174,10050,0.0,0.56,2026-08-10T15:32:55+00:00
2025-05-12,tbay,72,2025-05-09,6.520,7.663,0.200,3.024,neutral,7.6,59,10050,0.0,0.56,2026-08-10T15:32:55+00:00
2025-05-13,tbay,96,2025-05-09,6.300,7.644,0.200,3.199,neutral,1.0,49,10050,0.0,0.56,2026-08-10T15:32:55+00:00
2025-05-14,tbay,120,2025-05-09,5.880,10.241,0.200,3.410,neutral,3.8,60,10050,0.0,0.56,2026-08-10T15:32:55+00:00
2025-05-10,tbay,0,2025-05-10,5.960,8.942,5.610,2.686,neutral,3.5,360,10050,0.0,0.56,2026-08-10T15:32:55+00:00
2025-05-11,tbay,24,2025-05-10,6.250,10.259,5.610,2.833,neutral,9.1,174,10050,0.0,0.56,2026-08-10T15:32:55+00:00
2025-05-12,tbay,48,2025-05-10,6.520,10.583,5.610,3.024,neutral,7.6,59,10050,0.0,0.56,2026-08-10T15:32:55+00:00
2025-05-13,tbay,72,2025-05-10,6.300,9.940,5.610,3.199,neutral,1.0,49,10050,0.0,0.56,2026-08-10T15:32:55+00:00
2025-05-14,tbay,96,2025-05-10,5.880,10.755,5.610,3.410,neutral,3.8,60,10050,0.0,0.56,2026-08-10T15:32:55+00:00
2025-05-15,tbay,120,2025-05-10,5.540,11.423,5.610,3.620,neutral,7.5,83,10050,0.0,0.56,2026-08-10T15:32:55+00:00
2025-05-11,tbay,0,2025-05-11,6.250,10.119,5.960,2.833,neutral,9.1,174,10050,0.0,0.56,2026-08-10T15:32:55+00:00
2025-05-12,tbay,24,2025-05-11,6.520,10.447,5.960,3.024,neutral,7.6,59,10050,0.0,0.56,2026-08-10T15:32:55+00:00
2025-05-13,tbay,48,2025-05-11,6.300,10.837,5.960,3.199,neutral,1.0,49,10050,0.0,0.56,2026-08-10T15:32:55+00:00
2025-05-14,tbay,72,2025-05-11,5.880,10.937,5.960,3.410,neutral,3.8,60,10050,0.0,0.56,2026-08-10T15:32:55+00:00
2025-05-15,tbay,96,2025-05-11,5.540,11.645,5.960,3.620,neutral,7.5,83,10050,0.0,0.56,2026-08-10T15:32:55+00:00
2025-05-16,tbay,120,2025-05-11,5.430,12.284,5.960,3.833,neutral,2.1,95,10050,0.0,0.56,2026-08-10T15:32:55+00:00
2025-05-12,tbay,0,2025-05-12,6.520,10.076,6.250,3.024,neutral,7.6,59,10050,0.0,0.56,2026-08-10T15:32:55+00:00
2025-05-13,tbay,24,2025-05-12,6.300,10.651,6.250,3.199,neutral,1.0,49,10050,0.0,0.56,2026-08-10T15:32:55+00:00
2025-05-14,tbay,48,2025-05-12,5.880,11.332,6.250,3.410,neutral,3.8,60,10050,0.0,0.56,2026-08-10T15:32:55+00:00
2025-05-15,tbay,72,2025-05-12,5.540,12.454,6.250,3.620,neutral,7.5,83,10050,0.0,0.56,2026-08-10T15:32:55+00:00
2025-05-16,tbay,96,2025-05-12,5.430,12.892,6.250,3.833,neutral,2.1,95,10050,0.0,0.56,2026-08-10T15:32:55+00:00
2025-05-17,tbay,120,2025-05-12,5.360,7.659,6.250,4.103,neutral,10.6,354,10050,0.0,0.56,2026-08-10T15:32:55+00:00
2025-05-13,tbay,0,2025-05-13,6.300,10.783,6.520,3.199,neutral,1.0,49,10050,0.0,0.56,2026-08-10T15:32:55+00:00
2025-05-14,tbay,24,2025-05-13,5.880,12.111,6.520,3.410,neutral,3.8,60,10050,0.0,0.56,2026-08-10T15:32:55+00:00
2025-05-15,tbay,48,2025-05-13,5.540,13.582,6.520,3.620,neutral,7.5,83,10050,0.0,0.56,2026-08-10T15:32:55+00:00
2025-05-16,tbay,72,2025-05-13,5.430,13.560,6.520,3.833,neutral,2.1,95,10050,0.0,0.56,2026-08-10T15:32:55+00:00
2025-05-17,tbay,96,2025-05-13,5.360,7.971,6.520,4.103,neutral,10.6,354,10050,0.0,0.56,2026-08-10T15:32:55+00:00
2025-05-18,tbay,120,2025-05-13,5.170,8.332,6.520,4.381,neutral,7.1,13,10050,0.0,0.56,2026-08-10T15:32:55+00:00
2025-05-14,tbay,0,2025-05-14,5.880,11.175,6.300,3.410,neutral,3.8,60,10050,0.0,0.56,2026-08-10T15:32:55+00:00
2025-05-15,tbay,24,2025-05-14,5.540,13.586,6.300,3.620,neutral,7.5,83,10050,0.0,0.56,2026-08-10T15:32:55+00:00
2025-05-16,tbay,48,2025-05-14,5.430,13.290,6.300,3.833,neutral,2.1,95,10050,0.0,0.56,2026-08-10T15:32:55+00:00
2025-05-17,tbay,72,2025-05-14,5.360,11.280,6.300,4.103,neutral,10.6,354,10050,0.0,0.56,2026-08-10T15:32:55+00:00
2025-05-18,tbay,96,2025-05-14,5.170,10.817,6.300,4.381,neutral,7.1,13,10050,0.0,0.56,2026-08-10T15:32:55+00:00
2025-05-19,tbay,120,2025-05-14,5.070,11.485,6.300,4.647,neutral,6.9,48,10050,0.0,0.56,2026-08-10T15:32:55+00:00
2025-05-15,tbay,0,2025-05-15,5.540,13.389,5.880,3.620,neutral,7.5,83,10050,0.0,0.56,2026-08-10T15:32:55+00:00
2025-05-16,tbay,24,2025-05-15,5.430,13.020,5.880,3.833,neutral,2.1,95,10050,0.0,0.56,2026-08-10T15:32:55+00:00
2025-05-17,tbay,48,2025-05-15,5.360,11.667,5.880,4.103,neutral,10.6,354,10050,0.0,0.56,2026-08-10T15:32:55+00:00
2025-05-18,tbay,72,2025-05-15,5.170,9.980,5.880,4.381,neutral,7.1,13,10050,0.0,0.56,2026-08-10T15:32:55+00:00
2025-05-19,tbay,96,2025-05-15,5.070,11.902,5.880,4.647,neutral,6.9,48,10050,0.0,0.56,2026-08-10T15:32:55+00:00
2025-05-20,tbay,120,2025-05-15,5.250,12.435,5.880,4.900,neutral,12.9,71,10050,0.0,0.56,2026-08-10T15:32:55+00:00
2025-05-16,tbay,0,2025-05-16,5.430,13.073,5.540,3.833,neutral,2.1,95,10050,0.0,0.56,2026-08-10T15:32:55+00:00
2025-05-17,tbay,24,2025-05-16,5.360,12.131,5.540,4.103,neutral,10.6,354,10050,0.0,0.56,2026-08-10T15:32:55+00:00
2025-05-18,tbay,48,2025-05-16,5.170,8.544,5.540,4.381,neutral,7.1,13,10050,0.0,0.56,2026-08-10T15:32:55+00:00
2025-05-19,tbay,72,2025-05-16,5.070,10.278,5.540,4.647,neutral,6.9,48,10050,0.0,0.56,2026-08-10T15:32:55+00:00
2025-05-20,tbay,96,2025-05-16,5.250,12.137,5.540,4.900,neutral,12.9,71,10050,0.0,0.56,2026-08-10T15:32:55+00:00
2025-05-21,tbay,120,2025-05-16,5.730,13.374,5.540,5.142,neutral,9.9,58,10050,0.0,0.56,2026-08-10T15:32:55+00:00
2025-05-17,tbay,0,2025-05-17,5.360,11.912,5.430,4.103,neutral,10.6,354,10050,0.0,0.56,2026-08-10T15:32:55+00:00
2025-05-18,tbay,24,2025-05-17,5.170,9.184,5.430,4.381,neutral,7.1,13,10050,0.0,0.56,2026-08-10T15:32:55+00:00
2025-05-19,tbay,48,2025-05-17,5.070,9.733,5.430,4.647,neutral,6.9,48,10050,0.0,0.56,2026-08-10T15:32:55+00:00
2025-05-20,tbay,72,2025-05-17,5.250,12.336,5.430,4.900,neutral,12.9,71,10050,0.0,0.56,2026-08-10T15:32:55+00:00
2025-05-21,tbay,96,2025-05-17,5.730,10.591,5.430,5.142,neutral,9.9,58,10050,0.0,0.56,2026-08-10T15:32:55+00:00
2025-05-22,tbay,120,2025-05-17,6.180,9.014,5.430,5.392,neutral,8.3,353,10050,0.0,0.56,2026-08-10T15:32:55+00:00
2025-05-18,tbay,0,2025-05-18,5.170,9.407,5.360,4.381,neutral,7.1,13,10050,0.0,0.56,2026-08-10T15:32:55+00:00
2025-05-19,tbay,24,2025-05-18,5.070,9.952,5.360,4.647,neutral,6.9,48,10050,0.0,0.56,2026-08-10T15:32:55+00:00
2025-05-20,tbay,48,2025-05-18,5.250,11.390,5.360,4.900,neutral,12.9,71,10050,0.0,0.56,2026-08-10T15:32:55+00:00
2025-05-21,tbay,72,2025-05-18,5.730,12.175,5.360,5.142,neutral,9.9,58,10050,0.0,0.56,2026-08-10T15:32:55+00:00
2025-05-22,tbay,96,2025-05-18,6.180,13.121,5.360,5.392,neutral,8.3,353,10050,0.0,0.56,2026-08-10T15:32:55+00:00
2025-05-23,tbay,120,2025-05-18,6.460,13.751,5.360,5.616,neutral,8.6,349,10050,0.0,0.56,2026-08-10T15:32:55+00:00
2025-05-19,tbay,0,2025-05-19,5.070,9.219,5.170,4.647,neutral,6.9,48,10050,0.0,0.56,2026-08-10T15:32:55+00:00
2025-05-20,tbay,24,2025-05-19,5.250,11.342,5.170,4.900,neutral,12.9,71,10050,0.0,0.56,2026-08-10T15:32:55+00:00
2025-05-21,tbay,48,2025-05-19,5.730,7.985,5.170,5.142,neutral,9.9,58,10050,0.0,0.56,2026-08-10T15:32:55+00:00
2025-05-22,tbay,72,2025-05-19,6.180,7.463,5.170,5.392,neutral,8.3,353,10050,0.0,0.56,2026-08-10T15:32:55+00:00
2025-05-23,tbay,96,2025-05-19,6.460,13.517,5.170,5.616,neutral,8.6,349,10050,0.0,0.56,2026-08-10T15:32:55+00:00
2025-05-24,tbay,120,2025-05-19,6.660,14.189,5.170,5.850,neutral,3.1,338,10050,0.0,0.56,2026-08-10T15:32:55+00:00
2025-05-20,tbay,0,2025-05-20,5.250,11.103,5.070,4.900,neutral,12.9,71,10050,0.0,0.56,2026-08-10T15:32:55+00:00
2025-05-21,tbay,24,2025-05-20,5.730,10.635,5.070,5.142,neutral,9.9,58,10050,0.0,0.56,2026-08-10T15:32:55+00:00
2025-05-22,tbay,48,2025-05-20,6.180,9.891,5.070,5.392,neutral,8.3,353,10050,0.0,0.56,2026-08-10T15:32:55+00:00
2025-05-23,tbay,72,2025-05-20,6.460,7.864,5.070,5.616,neutral,8.6,349,10050,0.0,0.56,2026-08-10T15:32:55+00:00
2025-05-24,tbay,96,2025-05-20,6.660,14.173,5.070,5.850,neutral,3.1,338,10050,0.0,0.56,2026-08-10T15:32:55+00:00
2025-05-25,tbay,120,2025-05-20,7.170,13.924,5.070,6.058,neutral,3.2,293,10050,0.0,0.56,2026-08-10T15:32:55+00:00
2025-05-21,tbay,0,2025-05-21,5.730,11.345,5.250,5.142,neutral,9.9,58,10050,0.0,0.56,2026-08-10T15:32:55+00:00
2025-05-22,tbay,24,2025-05-21,6.180,10.284,5.250,5.392,neutral,8.3,353,10050,0.0,0.56,2026-08-10T15:32:55+00:00
2025-05-23,tbay,48,2025-05-21,6.460,7.428,5.250,5.616,neutral,8.6,349,10050,0.0,0.56,2026-08-10T15:32:55+00:00
2025-05-24,tbay,72,2025-05-21,6.660,14.116,5.250,5.850,neutral,3.1,338,10050,0.0,0.56,2026-08-10T15:32:55+00:00
2025-05-25,tbay,96,2025-05-21,7.170,13.849,5.250,6.058,neutral,3.2,293,10050,0.0,0.56,2026-08-10T15:32:55+00:00
2025-05-26,tbay,120,2025-05-21,8.220,14.333,5.250,6.268,neutral,3.4,277,10050,0.0,0.56,2026-08-10T15:32:55+00:00
2025-05-22,tbay,0,2025-05-22,6.180,11.827,5.730,5.392,neutral,8.3,353,10050,0.0,0.56,2026-08-10T15:32:55+00:00
2025-05-23,tbay,24,2025-05-22,6.460,6.139,5.730,5.616,neutral,8.6,349,10050,0.0,0.56,2026-08-10T15:32:55+00:00
2025-05-24,tbay,48,2025-05-22,6.660,14.384,5.730,5.850,neutral,3.1,338,10050,0.0,0.56,2026-08-10T15:32:55+00:00
2025-05-25,tbay,72,2025-05-22,7.170,14.406,5.730,6.058,neutral,3.2,293,10050,0.0,0.56,2026-08-10T15:32:55+00:00
2025-05-26,tbay,96,2025-05-22,8.220,14.588,5.730,6.268,neutral,3.4,277,10050,0.0,0.56,2026-08-10T15:32:55+00:00
2025-05-27,tbay,120,2025-05-22,9.100,14.715,5.730,6.450,neutral,3.1,59,10050,0.0,0.56,2026-08-10T15:32:55+00:00
2025-05-23,tbay,0,2025-05-23,6.460,8.353,6.180,5.616,neutral,8.6,349,10050,0.0,0.56,2026-08-10T15:32:55+00:00
2025-05-24,tbay,24,2025-05-23,6.660,13.507,6.180,5.850,neutral,3.1,338,10050,0.0,0.56,2026-08-10T15:32:55+00:00
2025-05-25,tbay,48,2025-05-23,7.170,13.973,6.180,6.058,neutral,3.2,293,10050,0.0,0.56,2026-08-10T15:32:55+00:00
2025-05-26,tbay,72,2025-05-23,8.220,14.669,6.180,6.268,neutral,3.4,277,10050,0.0,0.56,2026-08-10T15:32:55+00:00
2025-05-27,tbay,96,2025-05-23,9.100,14.912,6.180,6.450,neutral,3.1,59,10050,0.0,0.56,2026-08-10T15:32:55+00:00
2025-05-28,tbay,120,2025-05-23,9.410,15.126,6.180,6.632,neutral,2.4,256,10050,0.0,0.56,2026-08-10T15:32:55+00:00
2025-05-24,tbay,0,2025-05-24,6.660,13.463,6.460,5.850,neutral,3.1,338,10050,0.0,0.56,2026-08-10T15:32:55+00:00
2025-05-25,tbay,24,2025-05-24,7.170,14.194,6.460,6.058,neutral,3.2,293,10050,0.0,0.56,2026-08-10T15:32:55+00:00
2025-05-26,tbay,48,2025-05-24,8.220,14.544,6.460,6.268,neutral,3.4,277,10050,0.0,0.56,2026-08-10T15:32:55+00:00
2025-05-27,tbay,72,2025-05-24,9.100,15.005,6.460,6.450,neutral,3.1,59,10050,0.0,0.56,2026-08-10T15:32:55+00:00
2025-05-28,tbay,96,2025-05-24,9.410,15.426,6.460,6.632,neutral,2.4,256,10050,0.0,0.56,2026-08-10T15:32:55+00:00
2025-05-29,tbay,120,2025-05-24,9.470,15.148,6.460,6.731,neutral,6.3,293,10050,0.0,0.56,2026-08-10T15:32:55+00:00
2025-05-25,tbay,0,2025-05-25,7.170,14.162,6.660,6.058,neutral,3.2,293,10050,0.0,0.56,2026-08-10T15:32:55+00:00
2025-05-26,tbay,24,2025-05-25,8.220,14.586,6.660,6.268,neutral,3.4,277,10050,0.0,0.56,2026-08-10T15:32:55+00:00
2025-05-27,tbay,48,2025-05-25,9.100,15.024,6.660,6.450,neutral,3.1,59,10050,0.0,0.56,2026-08-10T15:32:55+00:00
2025-05-28,tbay,72,2025-05-25,9.410,15.493,6.660,6.632,neutral,2.4,256,10050,0.0,0.56,2026-08-10T15:32:55+00:00
2025-05-29,tbay,96,2025-05-25,9.470,15.510,6.660,6.731,neutral,6.3,293,10050,0.0,0.56,2026-08-10T15:32:55+00:00
2025-05-30,tbay,120,2025-05-25,9.110,14.954,6.660,6.821,neutral,8.8,330,10050,0.0,0.56,2026-08-10T15:32:55+00:00
2025-05-26,tbay,0,2025-05-26,8.220,14.300,7.170,6.268,neutral,3.4,277,10050,0.0,0.56,2026-08-10T15:32:55+00:00
2025-05-27,tbay,24,2025-05-26,9.100,14.937,7.170,6.450,neutral,3.1,59,10050,0.0,0.56,2026-08-10T15:32:55+00:00
2025-05-28,tbay,48,2025-05-26,9.410,15.426,7.170,6.632,neutral,2.4,256,10050,0.0,0.56,2026-08-10T15:32:55+00:00
2025-05-29,tbay,72,2025-05-26,9.470,15.337,7.170,6.731,neutral,6.3,293,10050,0.0,0.56,2026-08-10T15:32:55+00:00
2025-05-30,tbay,96,2025-05-26,9.110,14.176,7.170,6.821,neutral,8.8,330,10050,0.0,0.56,2026-08-10T15:32:55+00:00
2025-05-31,tbay,120,2025-05-26,9.170,16.246,7.170,6.906,neutral,6.0,353,10050,0.0,0.56,2026-08-10T15:32:55+00:00
2025-05-27,tbay,0,2025-05-27,9.100,14.955,8.220,6.450,neutral,3.1,59,10050,0.0,0.56,2026-08-10T15:32:55+00:00
2025-05-28,tbay,24,2025-05-27,9.410,15.282,8.220,6.632,neutral,2.4,256,10050,0.0,0.56,2026-08-10T15:32:55+00:00
2025-05-29,tbay,48,2025-05-27,9.470,15.551,8.220,6.731,neutral,6.3,293,10050,0.0,0.56,2026-08-10T15:32:55+00:00
2025-05-30,tbay,72,2025-05-27,9.110,13.602,8.220,6.821,neutral,8.8,330,10050,0.0,0.56,2026-08-10T15:32:55+00:00
2025-05-31,tbay,96,2025-05-27,9.170,16.190,8.220,6.906,neutral,6.0,353,10050,0.0,0.56,2026-08-10T15:32:55+00:00
2025-06-01,tbay,120,2025-05-27,9.260,15.582,8.220,6.943,neutral,3.3,284,10050,0.0,0.56,2026-08-10T15:32:55+00:00
2025-05-28,tbay,0,2025-05-28,9.410,15.411,9.100,6.632,neutral,2.4,256,10050,0.0,0.56,2026-08-10T15:32:55+00:00
2025-05-29,tbay,24,2025-05-28,9.470,15.271,9.100,6.731,neutral,6.3,293,10050,0.0,0.56,2026-08-10T15:32:55+00:00
2025-05-30,tbay,48,2025-05-28,9.110,15.328,9.100,6.821,neutral,8.8,330,10050,0.0,0.56,2026-08-10T15:32:55+00:00
2025-05-31,tbay,72,2025-05-28,9.170,16.256,9.100,6.906,neutral,6.0,353,10050,0.0,0.56,2026-08-10T15:32:55+00:00
2025-06-01,tbay,96,2025-05-28,9.260,15.496,9.100,6.943,neutral,3.3,284,10050,0.0,0.56,2026-08-10T15:32:55+00:00
2025-06-02,tbay,120,2025-05-28,9.210,15.149,9.100,6.993,neutral,2.2,95,10050,0.0,0.56,2026-08-10T15:32:55+00:00
2025-05-29,tbay,0,2025-05-29,9.470,14.737,9.410,6.731,neutral,6.3,293,10050,0.0,0.56,2026-08-10T15:32:55+00:00
2025-05-30,tbay,24,2025-05-29,9.110,12.216,9.410,6.821,neutral,8.8,330,10050,0.0,0.56,2026-08-10T15:32:55+00:00
2025-05-31,tbay,48,2025-05-29,9.170,15.809,9.410,6.906,neutral,6.0,353,10050,0.0,0.56,2026-08-10T15:32:55+00:00
2025-06-01,tbay,72,2025-05-29,9.260,15.435,9.410,6.943,neutral,3.3,284,10050,0.0,0.56,2026-08-10T15:32:55+00:00
2025-06-02,tbay,96,2025-05-29,9.210,14.318,9.410,6.993,neutral,2.2,95,10050,0.0,0.56,2026-08-10T15:32:55+00:00
2025-06-03,tbay,120,2025-05-29,9.580,12.872,9.410,7.067,neutral,3.7,307,10050,0.0,0.56,2026-08-10T15:32:55+00:00
2025-05-30,tbay,0,2025-05-30,9.110,12.221,9.470,6.821,neutral,8.8,330,10050,0.0,0.56,2026-08-10T15:32:55+00:00
2025-05-31,tbay,24,2025-05-30,9.170,15.875,9.470,6.906,neutral,6.0,353,10050,0.0,0.56,2026-08-10T15:32:55+00:00
2025-06-01,tbay,48,2025-05-30,9.260,14.940,9.470,6.943,neutral,3.3,284,10050,0.0,0.56,2026-08-10T15:32:55+00:00
2025-06-02,tbay,72,2025-05-30,9.210,14.810,9.470,6.993,neutral,2.2,95,10050,0.0,0.56,2026-08-10T15:32:55+00:00
2025-06-03,tbay,96,2025-05-30,9.580,14.929,9.470,7.067,neutral,3.7,307,10050,0.0,0.56,2026-08-10T15:32:55+00:00
2025-06-04,tbay,120,2025-05-30,9.970,15.631,9.470,7.154,neutral,4.6,265,10050,0.0,0.56,2026-08-10T15:32:55+00:00
2025-05-31,tbay,0,2025-05-31,9.170,15.566,9.110,6.906,neutral,6.0,353,10050,0.0,0.56,2026-08-10T15:32:55+00:00
2025-06-01,tbay,24,2025-05-31,9.260,15.086,9.110,6.943,neutral,3.3,284,10050,0.0,0.56,2026-08-10T15:32:55+00:00
2025-06-02,tbay,48,2025-05-31,9.210,14.947,9.110,6.993,neutral,2.2,95,10050,0.0,0.56,2026-08-10T15:32:55+00:00
2025-06-03,tbay,72,2025-05-31,9.580,13.108,9.110,7.067,neutral,3.7,307,10050,0.0,0.56,2026-08-10T15:32:55+00:00
2025-06-04,tbay,96,2025-05-31,9.970,14.969,9.110,7.154,neutral,4.6,265,10050,0.0,0.56,2026-08-10T15:32:55+00:00
2025-06-05,tbay,120,2025-05-31,10.150,15.277,9.110,7.254,neutral,4.7,269,10050,0.0,0.56,2026-08-10T15:32:55+00:00
2025-06-01,tbay,0,2025-06-01,9.260,14.582,9.170,6.943,neutral,3.3,284,10050,0.0,0.56,2026-08-10T15:32:55+00:00
2025-06-02,tbay,24,2025-06-01,9.210,14.533,9.170,6.993,neutral,2.2,95,10050,0.0,0.56,2026-08-10T15:32:55+00:00
2025-06-03,tbay,48,2025-06-01,9.580,14.045,9.170,7.067,neutral,3.7,307,10050,0.0,0.56,2026-08-10T15:32:55+00:00
2025-06-04,tbay,72,2025-06-01,9.970,15.391,9.170,7.154,neutral,4.6,265,10050,0.0,0.56,2026-08-10T15:32:55+00:00
2025-06-05,tbay,96,2025-06-01,10.150,15.412,9.170,7.254,neutral,4.7,269,10050,0.0,0.56,2026-08-10T15:32:55+00:00
2025-06-06,tbay,120,2025-06-01,10.230,16.001,9.170,7.351,neutral,3.3,294,10050,0.0,0.56,2026-08-10T15:32:55+00:00
2025-06-02,tbay,0,2025-06-02,9.210,15.190,9.260,6.993,neutral,2.2,95,10050,0.0,0.56,2026-08-10T15:32:55+00:00
2025-06-03,tbay,24,2025-06-02,9.580,14.360,9.260,7.067,neutral,3.7,307,10050,0.0,0.56,2026-08-10T15:32:55+00:00
2025-06-04,tbay,48,2025-06-02,9.970,13.883,9.260,7.154,neutral,4.6,265,10050,0.0,0.56,2026-08-10T15:32:55+00:00
2025-06-05,tbay,72,2025-06-02,10.150,15.835,9.260,7.254,neutral,4.7,269,10050,0.0,0.56,2026-08-10T15:32:55+00:00
2025-06-06,tbay,96,2025-06-02,10.230,16.136,9.260,7.351,neutral,3.3,294,10050,0.0,0.56,2026-08-10T15:32:55+00:00
2025-06-07,tbay,120,2025-06-02,9.990,16.582,9.260,7.463,neutral,2.1,77,10050,0.0,0.56,2026-08-10T15:32:55+00:00
2025-06-03,tbay,0,2025-06-03,9.580,12.586,9.210,7.067,neutral,3.7,307,10050,0.0,0.56,2026-08-10T15:32:55+00:00
2025-06-04,tbay,24,2025-06-03,9.970,14.119,9.210,7.154,neutral,4.6,265,10050,0.0,0.56,2026-08-10T15:32:55+00:00
2025-06-05,tbay,48,2025-06-03,10.150,15.700,9.210,7.254,neutral,4.7,269,10050,0.0,0.56,2026-08-10T15:32:55+00:00
2025-06-06,tbay,72,2025-06-03,10.230,16.200,9.210,7.351,neutral,3.3,294,10050,0.0,0.56,2026-08-10T15:32:55+00:00
2025-06-07,tbay,96,2025-06-03,9.990,16.422,9.210,7.463,neutral,2.1,77,10050,0.0,0.56,2026-08-10T15:32:55+00:00
2025-06-08,tbay,120,2025-06-03,10.160,14.807,9.210,7.580,neutral,6.4,158,10050,0.0,0.56,2026-08-10T15:32:55+00:00
2025-06-04,tbay,0,2025-06-04,9.970,13.937,9.580,7.154,neutral,4.6,265,10050,0.0,0.56,2026-08-10T15:32:55+00:00
2025-06-05,tbay,24,2025-06-04,10.150,14.397,9.580,7.254,neutral,4.7,269,10050,0.0,0.56,2026-08-10T15:32:55+00:00
2025-06-06,tbay,48,2025-06-04,10.230,15.508,9.580,7.351,neutral,3.3,294,10050,0.0,0.56,2026-08-10T15:32:55+00:00
2025-06-07,tbay,72,2025-06-04,9.990,16.611,9.580,7.463,neutral,2.1,77,10050,0.0,0.56,2026-08-10T15:32:55+00:00
2025-06-08,tbay,96,2025-06-04,10.160,14.341,9.580,7.580,neutral,6.4,158,10050,0.0,0.56,2026-08-10T15:32:55+00:00
2025-06-09,tbay,120,2025-06-04,10.490,16.438,9.580,7.694,neutral,2.3,48,10050,0.0,0.56,2026-08-10T15:32:55+00:00
2025-06-05,tbay,0,2025-06-05,10.150,14.931,9.970,7.254,neutral,4.7,269,10050,0.0,0.56,2026-08-10T15:32:55+00:00
2025-06-06,tbay,24,2025-06-05,10.230,16.140,9.970,7.351,neutral,3.3,294,10050,0.0,0.56,2026-08-10T15:32:55+00:00
2025-06-07,tbay,48,2025-06-05,9.990,16.566,9.970,7.463,neutral,2.1,77,10050,0.0,0.56,2026-08-10T15:32:55+00:00
2025-06-08,tbay,72,2025-06-05,10.160,15.576,9.970,7.580,neutral,6.4,158,10050,0.0,0.56,2026-08-10T15:32:55+00:00
2025-06-09,tbay,96,2025-06-05,10.490,15.743,9.970,7.694,neutral,2.3,48,10050,0.0,0.56,2026-08-10T15:32:55+00:00
2025-06-10,tbay,120,2025-06-05,10.850,17.933,9.970,7.797,neutral,7.9,303,10050,0.0,0.56,2026-08-10T15:32:55+00:00
2025-06-06,tbay,0,2025-06-06,10.230,15.877,10.150,7.351,neutral,3.3,294,10050,0.0,0.56,2026-08-10T15:32:55+00:00
2025-06-07,tbay,24,2025-06-06,9.990,16.428,10.150,7.463,neutral,2.1,77,10050,0.0,0.56,2026-08-10T15:32:55+00:00
2025-06-08,tbay,48,2025-06-06,10.160,16.241,10.150,7.580,neutral,6.4,158,10050,0.0,0.56,2026-08-10T15:32:55+00:00
2025-06-09,tbay,72,2025-06-06,10.490,17.290,10.150,7.694,neutral,2.3,48,10050,0.0,0.56,2026-08-10T15:32:55+00:00
2025-06-10,tbay,96,2025-06-06,10.850,17.729,10.150,7.797,neutral,7.9,303,10050,0.0,0.56,2026-08-10T15:32:55+00:00
2025-06-11,tbay,120,2025-06-06,11.330,15.821,10.150,7.904,neutral,6.2,307,10050,0.0,0.56,2026-08-10T15:32:55+00:00
2025-06-07,tbay,0,2025-06-07,9.990,16.173,10.230,7.463,neutral,2.1,77,10050,0.0,0.56,2026-08-10T15:32:55+00:00
2025-06-08,tbay,24,2025-06-07,10.160,16.425,10.230,7.580,neutral,6.4,158,10050,0.0,0.56,2026-08-10T15:32:55+00:00
2025-06-09,tbay,48,2025-06-07,10.490,16.421,10.230,7.694,neutral,2.3,48,10050,0.0,0.56,2026-08-10T15:32:55+00:00
2025-06-10,tbay,72,2025-06-07,10.850,17.045,10.230,7.797,neutral,7.9,303,10050,0.0,0.56,2026-08-10T15:32:55+00:00
2025-06-11,tbay,96,2025-06-07,11.330,16.352,10.230,7.904,neutral,6.2,307,10050,0.0,0.56,2026-08-10T15:32:55+00:00
2025-06-12,tbay,120,2025-06-07,11.510,18.252,10.230,7.986,neutral,2.5,16,10050,0.0,0.56,2026-08-10T15:32:55+00:00
2025-06-08,tbay,0,2025-06-08,10.160,16.431,9.990,7.580,neutral,6.4,158,10050,0.0,0.56,2026-08-10T15:32:55+00:00
2025-06-09,tbay,24,2025-06-08,10.490,17.036,9.990,7.694,neutral,2.3,48,10050,0.0,0.56,2026-08-10T15:32:55+00:00
2025-06-10,tbay,48,2025-06-08,10.850,14.646,9.990,7.797,neutral,7.9,303,10050,0.0,0.56,2026-08-10T15:32:55+00:00
2025-06-11,tbay,72,2025-06-08,11.330,16.450,9.990,7.904,neutral,6.2,307,10050,0.0,0.56,2026-08-10T15:32:55+00:00
2025-06-12,tbay,96,2025-06-08,11.510,18.558,9.990,7.986,neutral,2.5,16,10050,0.0,0.56,2026-08-10T15:32:55+00:00
2025-06-13,tbay,120,2025-06-08,11.840,18.142,9.990,8.122,neutral,4.6,78,10050,0.0,0.56,2026-08-10T15:32:55+00:00
2025-06-09,tbay,0,2025-06-09,10.490,17.292,10.160,7.694,neutral,2.3,48,10050,0.0,0.56,2026-08-10T15:32:55+00:00
2025-06-10,tbay,24,2025-06-09,10.850,17.047,10.160,7.797,neutral,7.9,303,10050,0.0,0.56,2026-08-10T15:32:55+00:00
2025-06-11,tbay,48,2025-06-09,11.330,16.721,10.160,7.904,neutral,6.2,307,10050,0.0,0.56,2026-08-10T15:32:55+00:00
2025-06-12,tbay,72,2025-06-09,11.510,18.380,10.160,7.986,neutral,2.5,16,10050,0.0,0.56,2026-08-10T15:32:55+00:00
2025-06-13,tbay,96,2025-06-09,11.840,17.811,10.160,8.122,neutral,4.6,78,10050,0.0,0.56,2026-08-10T15:32:55+00:00
2025-06-14,tbay,120,2025-06-09,12.260,18.302,10.160,8.281,neutral,2.5,34,10050,0.0,0.56,2026-08-10T15:32:55+00:00
2025-06-10,tbay,0,2025-06-10,10.850,16.914,10.490,7.797,neutral,7.9,303,10050,0.0,0.56,2026-08-10T15:32:55+00:00
2025-06-11,tbay,24,2025-06-10,11.330,17.032,10.490,7.904,neutral,6.2,307,10050,0.0,0.56,2026-08-10T15:32:55+00:00
2025-06-12,tbay,48,2025-06-10,11.510,18.162,10.490,7.986,neutral,2.5,16,10050,0.0,0.56,2026-08-10T15:32:55+00:00
2025-06-13,tbay,72,2025-06-10,11.840,17.776,10.490,8.122,neutral,4.6,78,10050,0.0,0.56,2026-08-10T15:32:55+00:00
2025-06-14,tbay,96,2025-06-10,12.260,18.086,10.490,8.281,neutral,2.5,34,10050,0.0,0.56,2026-08-10T15:32:55+00:00
2025-06-15,tbay,120,2025-06-10,12.720,16.938,10.490,8.461,neutral,0.9,319,10050,0.0,0.56,2026-08-10T15:32:55+00:00
2025-06-11,tbay,0,2025-06-11,11.330,17.220,10.850,7.904,neutral,6.2,307,10050,0.0,0.56,2026-08-10T15:32:55+00:00
2025-06-12,tbay,24,2025-06-11,11.510,18.079,10.850,7.986,neutral,2.5,16,10050,0.0,0.56,2026-08-10T15:32:55+00:00
2025-06-13,tbay,48,2025-06-11,11.840,18.058,10.850,8.122,neutral,4.6,78,10050,0.0,0.56,2026-08-10T15:32:55+00:00
2025-06-14,tbay,72,2025-06-11,12.260,18.178,10.850,8.281,neutral,2.5,34,10050,0.0,0.56,2026-08-10T15:32:55+00:00
2025-06-15,tbay,96,2025-06-11,12.720,17.330,10.850,8.461,neutral,0.9,319,10050,0.0,0.56,2026-08-10T15:32:55+00:00
2025-06-16,tbay,120,2025-06-11,12.950,17.684,10.850,8.655,neutral,0.9,186,10050,0.0,0.56,2026-08-10T15:32:55+00:00
2025-06-12,tbay,0,2025-06-12,11.510,17.641,11.330,7.986,neutral,2.5,16,10050,0.0,0.56,2026-08-10T15:32:55+00:00
2025-06-13,tbay,24,2025-06-12,11.840,17.691,11.330,8.122,neutral,4.6,78,10050,0.0,0.56,2026-08-10T15:32:55+00:00
2025-06-14,tbay,48,2025-06-12,12.260,18.103,11.330,8.281,neutral,2.5,34,10050,0.0,0.56,2026-08-10T15:32:55+00:00
2025-06-15,tbay,72,2025-06-12,12.720,17.862,11.330,8.461,neutral,0.9,319,10050,0.0,0.56,2026-08-10T15:32:55+00:00
2025-06-16,tbay,96,2025-06-12,12.950,17.342,11.330,8.655,neutral,0.9,186,10050,0.0,0.56,2026-08-10T15:32:55+00:00
2025-06-17,tbay,120,2025-06-12,13.250,17.460,11.330,8.845,neutral,10.3,304,10050,0.0,0.56,2026-08-10T15:32:55+00:00
2025-06-13,tbay,0,2025-06-13,11.840,17.295,11.510,8.122,neutral,4.6,78,10050,0.0,0.56,2026-08-10T15:32:55+00:00
2025-06-14,tbay,24,2025-06-13,12.260,18.081,11.510,8.281,neutral,2.5,34,10050,0.0,0.56,2026-08-10T15:32:55+00:00
2025-06-15,tbay,48,2025-06-13,12.720,17.825,11.510,8.461,neutral,0.9,319,10050,0.0,0.56,2026-08-10T15:32:55+00:00
2025-06-16,tbay,72,2025-06-13,12.950,18.012,11.510,8.655,neutral,0.9,186,10050,0.0,0.56,2026-08-10T15:32:55+00:00
2025-06-17,tbay,96,2025-06-13,13.250,18.067,11.510,8.845,neutral,10.3,304,10050,0.0,0.56,2026-08-10T15:32:55+00:00
2025-06-18,tbay,120,2025-06-13,13.420,18.476,11.510,9.022,neutral,4.4,282,10050,0.0,0.56,2026-08-10T15:32:55+00:00
2025-06-14,tbay,0,2025-06-14,12.260,17.724,11.840,8.281,neutral,2.5,34,10050,0.0,0.56,2026-08-10T15:32:55+00:00
2025-06-15,tbay,24,2025-06-14,12.720,17.819,11.840,8.461,neutral,0.9,319,10050,0.0,0.56,2026-08-10T15:32:55+00:00
2025-06-16,tbay,48,2025-06-14,12.950,17.637,11.840,8.655,neutral,0.9,186,10050,0.0,0.56,2026-08-10T15:32:55+00:00
2025-06-17,tbay,72,2025-06-14,13.250,18.097,11.840,8.845,neutral,10.3,304,10050,0.0,0.56,2026-08-10T15:32:55+00:00
2025-06-18,tbay,96,2025-06-14,13.420,18.488,11.840,9.022,neutral,4.4,282,10050,0.0,0.56,2026-08-10T15:32:55+00:00
2025-06-19,tbay,120,2025-06-14,13.640,19.214,11.840,9.207,neutral,4.9,1,10050,0.0,0.56,2026-08-10T15:32:55+00:00
2025-06-15,tbay,0,2025-06-15,12.720,17.184,12.260,8.461,neutral,0.9,319,10050,0.0,0.56,2026-08-10T15:32:55+00:00
2025-06-16,tbay,24,2025-06-15,12.950,17.647,12.260,8.655,neutral,0.9,186,10050,0.0,0.56,2026-08-10T15:32:55+00:00
2025-06-17,tbay,48,2025-06-15,13.250,18.170,12.260,8.845,neutral,10.3,304,10050,0.0,0.56,2026-08-10T15:32:55+00:00
2025-06-18,tbay,72,2025-06-15,13.420,18.114,12.260,9.022,neutral,4.4,282,10050,0.0,0.56,2026-08-10T15:32:55+00:00
2025-06-19,tbay,96,2025-06-15,13.640,18.133,12.260,9.207,neutral,4.9,1,10050,0.0,0.56,2026-08-10T15:32:55+00:00
2025-06-20,tbay,120,2025-06-15,13.990,18.435,12.260,9.403,neutral,2.8,88,10050,0.0,0.56,2026-08-10T15:32:55+00:00
2025-06-16,tbay,0,2025-06-16,12.950,17.674,12.720,8.655,neutral,0.9,186,10050,0.0,0.56,2026-08-10T15:32:55+00:00
2025-06-17,tbay,24,2025-06-16,13.250,17.561,12.720,8.845,neutral,10.3,304,10050,0.0,0.56,2026-08-10T15:32:55+00:00
2025-06-18,tbay,48,2025-06-16,13.420,17.631,12.720,9.022,neutral,4.4,282,10050,0.0,0.56,2026-08-10T15:32:55+00:00
2025-06-19,tbay,72,2025-06-16,13.640,17.841,12.720,9.207,neutral,4.9,1,10050,0.0,0.56,2026-08-10T15:32:55+00:00
2025-06-20,tbay,96,2025-06-16,13.990,17.792,12.720,9.403,neutral,2.8,88,10050,0.0,0.56,2026-08-10T15:32:55+00:00
2025-06-21,tbay,120,2025-06-16,14.090,17.935,12.720,9.609,neutral,9.6,82,10050,0.0,0.56,2026-08-10T15:32:55+00:00
2025-06-17,tbay,0,2025-06-17,13.250,18.018,12.950,8.845,neutral,10.3,304,10050,0.0,0.56,2026-08-10T15:32:55+00:00
2025-06-18,tbay,24,2025-06-17,13.420,18.328,12.950,9.022,neutral,4.4,282,10050,0.0,0.56,2026-08-10T15:32:55+00:00
2025-06-19,tbay,48,2025-06-17,13.640,17.833,12.950,9.207,neutral,4.9,1,10050,0.0,0.56,2026-08-10T15:32:55+00:00
2025-06-20,tbay,72,2025-06-17,13.990,18.859,12.950,9.403,neutral,2.8,88,10050,0.0,0.56,2026-08-10T15:32:55+00:00
2025-06-21,tbay,96,2025-06-17,14.090,18.093,12.950,9.609,neutral,9.6,82,10050,0.0,0.56,2026-08-10T15:32:55+00:00
2025-06-22,tbay,120,2025-06-17,14.250,18.937,12.950,9.810,neutral,11.8,68,10050,0.0,0.56,2026-08-10T15:32:55+00:00
2025-06-18,tbay,0,2025-06-18,13.420,18.135,13.250,9.022,neutral,4.4,282,10050,0.0,0.56,2026-08-10T15:32:55+00:00
2025-06-19,tbay,24,2025-06-18,13.640,17.411,13.250,9.207,neutral,4.9,1,10050,0.0,0.56,2026-08-10T15:32:55+00:00
2025-06-20,tbay,48,2025-06-18,13.990,18.252,13.250,9.403,neutral,2.8,88,10050,0.0,0.56,2026-08-10T15:32:55+00:00
2025-06-21,tbay,72,2025-06-18,14.090,18.459,13.250,9.609,neutral,9.6,82,10050,0.0,0.56,2026-08-10T15:32:55+00:00
2025-06-22,tbay,96,2025-06-18,14.250,19.119,13.250,9.810,neutral,11.8,68,10050,0.0,0.56,2026-08-10T15:32:55+00:00
2025-06-23,tbay,120,2025-06-18,14.660,18.360,13.250,9.999,neutral,1.7,43,10050,0.0,0.56,2026-08-10T15:32:55+00:00
2025-06-19,tbay,0,2025-06-19,13.640,17.258,13.420,9.207,neutral,4.9,1,10050,0.0,0.56,2026-08-10T15:32:55+00:00
2025-06-20,tbay,24,2025-06-19,13.990,18.356,13.420,9.403,neutral,2.8,88,10050,0.0,0.56,2026-08-10T15:32:55+00:00
2025-06-21,tbay,48,2025-06-19,14.090,18.813,13.420,9.609,neutral,9.6,82,10050,0.0,0.56,2026-08-10T15:32:55+00:00
2025-06-22,tbay,72,2025-06-19,14.250,19.029,13.420,9.810,neutral,11.8,68,10050,0.0,0.56,2026-08-10T15:32:55+00:00
2025-06-23,tbay,96,2025-06-19,14.660,18.259,13.420,9.999,neutral,1.7,43,10050,0.0,0.56,2026-08-10T15:32:55+00:00
2025-06-24,tbay,120,2025-06-19,14.910,18.119,13.420,10.232,neutral,3.8,255,10050,0.0,0.56,2026-08-10T15:32:55+00:00
2025-06-20,tbay,0,2025-06-20,13.990,18.189,13.640,9.403,neutral,2.8,88,10050,0.0,0.56,2026-08-10T15:32:55+00:00
2025-06-21,tbay,24,2025-06-20,14.090,18.414,13.640,9.609,neutral,9.6,82,10050,0.0,0.56,2026-08-10T15:32:55+00:00
2025-06-22,tbay,48,2025-06-20,14.250,19.094,13.640,9.810,neutral,11.8,68,10050,0.0,0.56,2026-08-10T15:32:55+00:00
2025-06-23,tbay,72,2025-06-20,14.660,18.589,13.640,9.999,neutral,1.7,43,10050,0.0,0.56,2026-08-10T15:32:55+00:00
2025-06-24,tbay,96,2025-06-20,14.910,18.228,13.640,10.232,neutral,3.8,255,10050,0.0,0.56,2026-08-10T15:32:55+00:00
2025-06-25,tbay,120,2025-06-20,14.870,18.335,13.640,10.477,neutral,2.2,234,10050,0.0,0.56,2026-08-10T15:32:55+00:00
2025-06-21,tbay,0,2025-06-21,14.090,18.276,13.990,9.609,neutral,9.6,82,10050,0.0,0.56,2026-08-10T15:32:55+00:00
2025-06-22,tbay,24,2025-06-21,14.250,19.197,13.990,9.810,neutral,11.8,68,10050,0.0,0.56,2026-08-10T15:32:55+00:00
2025-06-23,tbay,48,2025-06-21,14.660,18.578,13.990,9.999,neutral,1.7,43,10050,0.0,0.56,2026-08-10T15:32:55+00:00
2025-06-24,tbay,72,2025-06-21,14.910,17.977,13.990,10.232,neutral,3.8,255,10050,0.0,0.56,2026-08-10T15:32:55+00:00
2025-06-25,tbay,96,2025-06-21,14.870,18.214,13.990,10.477,neutral,2.2,234,10050,0.0,0.56,2026-08-10T15:32:55+00:00
2025-06-26,tbay,120,2025-06-21,14.810,18.583,13.990,10.728,neutral,1.8,167,10050,0.0,0.56,2026-08-10T15:32:55+00:00
2025-06-22,tbay,0,2025-06-22,14.250,18.756,14.090,9.810,neutral,11.8,68,10050,0.0,0.56,2026-08-10T15:32:55+00:00
2025-06-23,tbay,24,2025-06-22,14.660,18.522,14.090,9.999,neutral,1.7,43,10050,0.0,0.56,2026-08-10T15:32:55+00:00
2025-06-24,tbay,48,2025-06-22,14.910,17.371,14.090,10.232,neutral,3.8,255,10050,0.0,0.56,2026-08-10T15:32:55+00:00
2025-06-25,tbay,72,2025-06-22,14.870,18.289,14.090,10.477,neutral,2.2,234,10050,0.0,0.56,2026-08-10T15:32:55+00:00
2025-06-26,tbay,96,2025-06-22,14.810,18.610,14.090,10.728,neutral,1.8,167,10050,0.0,0.56,2026-08-10T15:32:55+00:00
2025-06-27,tbay,120,2025-06-22,14.940,19.270,14.090,11.006,neutral,8.1,42,10050,0.0,0.56,2026-08-10T15:32:55+00:00
2025-06-23,tbay,0,2025-06-23,14.660,18.440,14.250,9.999,neutral,1.7,43,10050,0.0,0.56,2026-08-10T15:32:55+00:00
2025-06-24,tbay,24,2025-06-23,14.910,17.894,14.250,10.232,neutral,3.8,255,10050,0.0,0.56,2026-08-10T15:32:55+00:00
2025-06-25,tbay,48,2025-06-23,14.870,17.726,14.250,10.477,neutral,2.2,234,10050,0.0,0.56,2026-08-10T15:32:55+00:00
2025-06-26,tbay,72,2025-06-23,14.810,18.615,14.250,10.728,neutral,1.8,167,10050,0.0,0.56,2026-08-10T15:32:55+00:00
2025-06-27,tbay,96,2025-06-23,14.940,19.295,14.250,11.006,neutral,8.1,42,10050,0.0,0.56,2026-08-10T15:32:55+00:00
2025-06-28,tbay,120,2025-06-23,15.030,19.316,14.250,11.294,neutral,4.0,263,10050,0.0,0.56,2026-08-10T15:32:55+00:00
2025-06-24,tbay,0,2025-06-24,14.910,17.266,14.660,10.232,neutral,3.8,255,10050,0.0,0.56,2026-08-10T15:32:55+00:00
2025-06-25,tbay,24,2025-06-24,14.870,17.978,14.660,10.477,neutral,2.2,234,10050,0.0,0.56,2026-08-10T15:32:55+00:00
2025-06-26,tbay,48,2025-06-24,14.810,18.133,14.660,10.728,neutral,1.8,167,10050,0.0,0.56,2026-08-10T15:32:55+00:00
2025-06-27,tbay,72,2025-06-24,14.940,18.405,14.660,11.006,neutral,8.1,42,10050,0.0,0.56,2026-08-10T15:32:55+00:00
2025-06-28,tbay,96,2025-06-24,15.030,19.421,14.660,11.294,neutral,4.0,263,10050,0.0,0.56,2026-08-10T15:32:55+00:00
2025-06-29,tbay,120,2025-06-24,15.200,18.905,14.660,11.598,neutral,2.9,105,10050,0.0,0.56,2026-08-10T15:32:55+00:00
2025-06-25,tbay,0,2025-06-25,14.870,17.795,14.910,10.477,neutral,2.2,234,10050,0.0,0.56,2026-08-10T15:32:55+00:00
2025-06-26,tbay,24,2025-06-25,14.810,18.584,14.910,10.728,neutral,1.8,167,10050,0.0,0.56,2026-08-10T15:32:55+00:00
2025-06-27,tbay,48,2025-06-25,14.940,19.122,14.910,11.006,neutral,8.1,42,10050,0.0,0.56,2026-08-10T15:32:55+00:00
2025-06-28,tbay,72,2025-06-25,15.030,19.481,14.910,11.294,neutral,4.0,263,10050,0.0,0.56,2026-08-10T15:32:55+00:00
2025-06-29,tbay,96,2025-06-25,15.200,18.575,14.910,11.598,neutral,2.9,105,10050,0.0,0.56,2026-08-10T15:32:55+00:00
2025-06-30,tbay,120,2025-06-25,15.410,18.782,14.910,11.900,neutral,7.1,278,10050,0.0,0.56,2026-08-10T15:32:55+00:00
2025-06-26,tbay,0,2025-06-26,14.810,18.481,14.870,10.728,neutral,1.8,167,10050,0.0,0.56,2026-08-10T15:32:55+00:00
2025-06-27,tbay,24,2025-06-26,14.940,19.279,14.870,11.006,neutral,8.1,42,10050,0.0,0.56,2026-08-10T15:32:55+00:00
2025-06-28,tbay,48,2025-06-26,15.030,18.890,14.870,11.294,neutral,4.0,263,10050,0.0,0.56,2026-08-10T15:32:55+00:00
2025-06-29,tbay,72,2025-06-26,15.200,18.773,14.870,11.598,neutral,2.9,105,10050,0.0,0.56,2026-08-10T15:32:55+00:00
2025-06-30,tbay,96,2025-06-26,15.410,18.711,14.870,11.900,neutral,7.1,278,10050,0.0,0.56,2026-08-10T15:32:55+00:00
2025-07-01,tbay,120,2025-06-26,15.840,19.512,14.870,12.181,neutral,7.9,285,10050,0.0,0.56,2026-08-10T15:32:55+00:00
2025-06-27,tbay,0,2025-06-27,14.940,19.301,14.810,11.006,neutral,8.1,42,10050,0.0,0.56,2026-08-10T15:32:55+00:00
2025-06-28,tbay,24,2025-06-27,15.030,19.222,14.810,11.294,neutral,4.0,263,10050,0.0,0.56,2026-08-10T15:32:55+00:00
2025-06-29,tbay,48,2025-06-27,15.200,18.939,14.810,11.598,neutral,2.9,105,10050,0.0,0.56,2026-08-10T15:32:55+00:00
2025-06-30,tbay,72,2025-06-27,15.410,18.734,14.810,11.900,neutral,7.1,278,10050,0.0,0.56,2026-08-10T15:32:55+00:00
2025-07-01,tbay,96,2025-06-27,15.840,19.234,14.810,12.181,neutral,7.9,285,10050,0.0,0.56,2026-08-10T15:32:55+00:00
2025-07-02,tbay,120,2025-06-27,16.080,19.876,14.810,12.453,neutral,7.0,284,10050,0.0,0.56,2026-08-10T15:32:55+00:00
2025-06-28,tbay,0,2025-06-28,15.030,19.009,14.940,11.294,neutral,4.0,263,10050,0.0,0.56,2026-08-10T15:32:55+00:00
2025-06-29,tbay,24,2025-06-28,15.200,19.042,14.940,11.598,neutral,2.9,105,10050,0.0,0.56,2026-08-10T15:32:55+00:00
2025-06-30,tbay,48,2025-06-28,15.410,18.630,14.940,11.900,neutral,7.1,278,10050,0.0,0.56,2026-08-10T15:32:55+00:00
2025-07-01,tbay,72,2025-06-28,15.840,18.845,14.940,12.181,neutral,7.9,285,10050,0.0,0.56,2026-08-10T15:32:55+00:00
2025-07-02,tbay,96,2025-06-28,16.080,19.098,14.940,12.453,neutral,7.0,284,10050,0.0,0.56,2026-08-10T15:32:55+00:00
2025-07-03,tbay,120,2025-06-28,16.420,19.753,14.940,12.728,neutral,2.1,298,10050,0.0,0.56,2026-08-10T15:32:55+00:00
2025-06-29,tbay,0,2025-06-29,15.200,18.875,15.030,11.598,neutral,2.9,105,10050,0.0,0.56,2026-08-10T15:32:55+00:00
2025-06-30,tbay,24,2025-06-29,15.410,18.648,15.030,11.900,neutral,7.1,278,10050,0.0,0.56,2026-08-10T15:32:55+00:00
2025-07-01,tbay,48,2025-06-29,15.840,18.261,15.030,12.181,neutral,7.9,285,10050,0.0,0.56,2026-08-10T15:32:55+00:00
2025-07-02,tbay,72,2025-06-29,16.080,18.997,15.030,12.453,neutral,7.0,284,10050,0.0,0.56,2026-08-10T15:32:55+00:00
2025-07-03,tbay,96,2025-06-29,16.420,20.417,15.030,12.728,neutral,2.1,298,10050,0.0,0.56,2026-08-10T15:32:55+00:00
2025-07-04,tbay,120,2025-06-29,16.670,19.701,15.030,13.015,neutral,4.8,86,10050,0.0,0.56,2026-08-10T15:32:55+00:00
2025-06-30,tbay,0,2025-06-30,15.410,18.702,15.200,11.900,neutral,7.1,278,10050,0.0,0.56,2026-08-10T15:32:55+00:00
2025-07-01,tbay,24,2025-06-30,15.840,18.420,15.200,12.181,neutral,7.9,285,10050,0.0,0.56,2026-08-10T15:32:55+00:00
2025-07-02,tbay,48,2025-06-30,16.080,19.494,15.200,12.453,neutral,7.0,284,10050,0.0,0.56,2026-08-10T15:32:55+00:00
2025-07-03,tbay,72,2025-06-30,16.420,20.354,15.200,12.728,neutral,2.1,298,10050,0.0,0.56,2026-08-10T15:32:55+00:00
2025-07-04,tbay,96,2025-06-30,16.670,19.747,15.200,13.015,neutral,4.8,86,10050,0.0,0.56,2026-08-10T15:32:55+00:00
2025-07-05,tbay,120,2025-06-30,16.900,19.690,15.200,13.322,neutral,2.0,9,10050,0.0,0.56,2026-08-10T15:32:55+00:00
2025-07-01,tbay,0,2025-07-01,15.840,18.730,15.410,12.181,neutral,7.9,285,10050,0.0,0.56,2026-08-10T15:32:55+00:00
2025-07-02,tbay,24,2025-07-01,16.080,18.044,15.410,12.453,neutral,7.0,284,10050,0.0,0.56,2026-08-10T15:32:55+00:00
2025-07-03,tbay,48,2025-07-01,16.420,20.333,15.410,12.728,neutral,2.1,298,10050,0.0,0.56,2026-08-10T15:32:55+00:00
2025-07-04,tbay,72,2025-07-01,16.670,20.151,15.410,13.015,neutral,4.8,86,10050,0.0,0.56,2026-08-10T15:32:55+00:00
2025-07-05,tbay,96,2025-07-01,16.900,18.907,15.410,13.322,neutral,2.0,9,10050,0.0,0.56,2026-08-10T15:32:55+00:00
2025-07-06,tbay,120,2025-07-01,17.100,20.754,15.410,13.651,neutral,6.5,25,10050,0.0,0.56,2026-08-10T15:32:55+00:00
2025-07-02,tbay,0,2025-07-02,16.080,18.158,15.840,12.453,neutral,7.0,284,10050,0.0,0.56,2026-08-10T15:32:55+00:00
2025-07-03,tbay,24,2025-07-02,16.420,20.052,15.840,12.728,neutral,2.1,298,10050,0.0,0.56,2026-08-10T15:32:55+00:00
2025-07-04,tbay,48,2025-07-02,16.670,20.482,15.840,13.015,neutral,4.8,86,10050,0.0,0.56,2026-08-10T15:32:55+00:00
2025-07-05,tbay,72,2025-07-02,16.900,19.717,15.840,13.322,neutral,2.0,9,10050,0.0,0.56,2026-08-10T15:32:55+00:00
2025-07-06,tbay,96,2025-07-02,17.100,21.874,15.840,13.651,neutral,6.5,25,10050,0.0,0.56,2026-08-10T15:32:55+00:00
2025-07-07,tbay,120,2025-07-02,17.200,22.388,15.840,13.992,neutral,0.2,90,10050,0.0,0.56,2026-08-10T15:32:55+00:00
2025-07-03,tbay,0,2025-07-03,16.420,20.104,16.080,12.728,neutral,2.1,298,10050,0.0,0.56,2026-08-10T15:32:55+00:00
2025-07-04,tbay,24,2025-07-03,16.670,20.454,16.080,13.015,neutral,4.8,86,10050,0.0,0.56,2026-08-10T15:32:55+00:00
2025-07-05,tbay,48,2025-07-03,16.900,20.774,16.080,13.322,neutral,2.0,9,10050,0.0,0.56,2026-08-10T15:32:55+00:00
2025-07-06,tbay,72,2025-07-03,17.100,21.394,16.080,13.651,neutral,6.5,25,10050,0.0,0.56,2026-08-10T15:32:55+00:00
2025-07-07,tbay,96,2025-07-03,17.200,22.669,16.080,13.992,neutral,0.2,90,10050,0.0,0.56,2026-08-10T15:32:55+00:00
2025-07-08,tbay,120,2025-07-03,17.440,22.412,16.080,14.343,neutral,5.8,95,10050,0.0,0.56,2026-08-10T15:32:55+00:00
2025-07-04,tbay,0,2025-07-04,16.670,20.502,16.420,13.015,neutral,4.8,86,10050,0.0,0.56,2026-08-10T15:32:55+00:00
2025-07-05,tbay,24,2025-07-04,16.900,20.398,16.420,13.322,neutral,2.0,9,10050,0.0,0.56,2026-08-10T15:32:55+00:00
2025-07-06,tbay,48,2025-07-04,17.100,17.421,16.420,13.651,neutral,6.5,25,10050,0.0,0.56,2026-08-10T15:32:55+00:00
2025-07-07,tbay,72,2025-07-04,17.200,21.278,16.420,13.992,neutral,0.2,90,10050,0.0,0.56,2026-08-10T15:32:55+00:00
2025-07-08,tbay,96,2025-07-04,17.440,22.177,16.420,14.343,neutral,5.8,95,10050,0.0,0.56,2026-08-10T15:32:55+00:00
2025-07-09,tbay,120,2025-07-04,17.640,21.999,16.420,14.664,neutral,2.6,307,10050,0.0,0.56,2026-08-10T15:32:55+00:00
2025-07-05,tbay,0,2025-07-05,16.900,20.326,16.670,13.322,neutral,2.0,9,10050,0.0,0.56,2026-08-10T15:32:55+00:00
2025-07-06,tbay,24,2025-07-05,17.100,17.921,16.670,13.651,neutral,6.5,25,10050,0.0,0.56,2026-08-10T15:32:55+00:00
2025-07-07,tbay,48,2025-07-05,17.200,19.578,16.670,13.992,neutral,0.2,90,10050,0.0,0.56,2026-08-10T15:32:55+00:00
2025-07-08,tbay,72,2025-07-05,17.440,22.235,16.670,14.343,neutral,5.8,95,10050,0.0,0.56,2026-08-10T15:32:55+00:00
2025-07-09,tbay,96,2025-07-05,17.640,22.018,16.670,14.664,neutral,2.6,307,10050,0.0,0.56,2026-08-10T15:32:55+00:00
2025-07-10,tbay,120,2025-07-05,17.760,22.168,16.670,14.976,neutral,3.4,100,10050,0.0,0.56,2026-08-10T15:32:55+00:00
2025-07-06,tbay,0,2025-07-06,17.100,18.770,16.900,13.651,neutral,6.5,25,10050,0.0,0.56,2026-08-10T15:32:55+00:00
2025-07-07,tbay,24,2025-07-06,17.200,19.354,16.900,13.992,neutral,0.2,90,10050,0.0,0.56,2026-08-10T15:32:55+00:00
2025-07-08,tbay,48,2025-07-06,17.440,21.143,16.900,14.343,neutral,5.8,95,10050,0.0,0.56,2026-08-10T15:32:55+00:00
2025-07-09,tbay,72,2025-07-06,17.640,22.417,16.900,14.664,neutral,2.6,307,10050,0.0,0.56,2026-08-10T15:32:55+00:00
2025-07-10,tbay,96,2025-07-06,17.760,22.095,16.900,14.976,neutral,3.4,100,10050,0.0,0.56,2026-08-10T15:32:55+00:00
2025-07-11,tbay,120,2025-07-06,17.790,21.624,16.900,15.292,neutral,1.9,114,10050,0.0,0.56,2026-08-10T15:32:55+00:00
2025-07-07,tbay,0,2025-07-07,17.200,21.140,17.100,13.992,neutral,0.2,90,10050,0.0,0.56,2026-08-10T15:32:55+00:00
2025-07-08,tbay,24,2025-07-07,17.440,21.218,17.100,14.343,neutral,5.8,95,10050,0.0,0.56,2026-08-10T15:32:55+00:00
2025-07-09,tbay,48,2025-07-07,17.640,22.407,17.100,14.664,neutral,2.6,307,10050,0.0,0.56,2026-08-10T15:32:55+00:00
2025-07-10,tbay,72,2025-07-07,17.760,22.359,17.100,14.976,neutral,3.4,100,10050,0.0,0.56,2026-08-10T15:32:55+00:00
2025-07-11,tbay,96,2025-07-07,17.790,21.659,17.100,15.292,neutral,1.9,114,10050,0.0,0.56,2026-08-10T15:32:55+00:00
2025-07-12,tbay,120,2025-07-07,17.790,21.590,17.100,15.600,neutral,3.1,136,10050,0.0,0.56,2026-08-10T15:32:55+00:00
2025-07-08,tbay,0,2025-07-08,17.440,21.596,17.200,14.343,neutral,5.8,95,10050,0.0,0.56,2026-08-10T15:32:55+00:00
2025-07-09,tbay,24,2025-07-08,17.640,22.073,17.200,14.664,neutral,2.6,307,10050,0.0,0.56,2026-08-10T15:32:55+00:00
2025-07-10,tbay,48,2025-07-08,17.760,21.842,17.200,14.976,neutral,3.4,100,10050,0.0,0.56,2026-08-10T15:32:55+00:00
2025-07-11,tbay,72,2025-07-08,17.790,21.302,17.200,15.292,neutral,1.9,114,10050,0.0,0.56,2026-08-10T15:32:55+00:00
2025-07-12,tbay,96,2025-07-08,17.790,21.731,17.200,15.600,neutral,3.1,136,10050,0.0,0.56,2026-08-10T15:32:55+00:00
2025-07-13,tbay,120,2025-07-08,17.860,20.171,17.200,15.891,neutral,8.2,273,10050,0.0,0.56,2026-08-10T15:32:55+00:00
2025-07-09,tbay,0,2025-07-09,17.640,21.891,17.440,14.664,neutral,2.6,307,10050,0.0,0.56,2026-08-10T15:32:55+00:00
2025-07-10,tbay,24,2025-07-09,17.760,21.925,17.440,14.976,neutral,3.4,100,10050,0.0,0.56,2026-08-10T15:32:55+00:00
2025-07-11,tbay,48,2025-07-09,17.790,21.671,17.440,15.292,neutral,1.9,114,10050,0.0,0.56,2026-08-10T15:32:55+00:00
2025-07-12,tbay,72,2025-07-09,17.790,21.840,17.440,15.600,neutral,3.1,136,10050,0.0,0.56,2026-08-10T15:32:55+00:00
2025-07-13,tbay,96,2025-07-09,17.860,19.094,17.440,15.891,neutral,8.2,273,10050,0.0,0.56,2026-08-10T15:32:55+00:00
2025-07-14,tbay,120,2025-07-09,17.420,19.172,17.440,16.157,neutral,6.5,278,10050,0.0,0.56,2026-08-10T15:32:55+00:00
2025-07-10,tbay,0,2025-07-10,17.760,21.863,17.640,14.976,neutral,3.4,100,10050,0.0,0.56,2026-08-10T15:32:55+00:00
2025-07-11,tbay,24,2025-07-10,17.790,21.730,17.640,15.292,neutral,1.9,114,10050,0.0,0.56,2026-08-10T15:32:55+00:00
2025-07-12,tbay,48,2025-07-10,17.790,21.476,17.640,15.600,neutral,3.1,136,10050,0.0,0.56,2026-08-10T15:32:55+00:00
2025-07-13,tbay,72,2025-07-10,17.860,20.496,17.640,15.891,neutral,8.2,273,10050,0.0,0.56,2026-08-10T15:32:55+00:00
2025-07-14,tbay,96,2025-07-10,17.420,18.578,17.640,16.157,neutral,6.5,278,10050,0.0,0.56,2026-08-10T15:32:55+00:00
2025-07-15,tbay,120,2025-07-10,17.120,20.890,17.640,16.401,neutral,7.1,103,10050,0.0,0.56,2026-08-10T15:32:55+00:00
2025-07-11,tbay,0,2025-07-11,17.790,21.437,17.760,15.292,neutral,1.9,114,10050,0.0,0.56,2026-08-10T15:32:55+00:00
2025-07-12,tbay,24,2025-07-11,17.790,21.781,17.760,15.600,neutral,3.1,136,10050,0.0,0.56,2026-08-10T15:32:55+00:00
2025-07-13,tbay,48,2025-07-11,17.860,18.350,17.760,15.891,neutral,8.2,273,10050,0.0,0.56,2026-08-10T15:32:55+00:00
2025-07-14,tbay,72,2025-07-11,17.420,19.550,17.760,16.157,neutral,6.5,278,10050,0.0,0.56,2026-08-10T15:32:55+00:00
2025-07-15,tbay,96,2025-07-11,17.120,20.689,17.760,16.401,neutral,7.1,103,10050,0.0,0.56,2026-08-10T15:32:55+00:00
2025-07-16,tbay,120,2025-07-11,16.840,16.931,17.760,16.635,neutral,9.7,26,10050,0.0,0.56,2026-08-10T15:32:55+00:00
2025-07-12,tbay,0,2025-07-12,17.790,21.741,17.790,15.600,neutral,3.1,136,10050,0.0,0.56,2026-08-10T15:32:55+00:00
2025-07-13,tbay,24,2025-07-12,17.860,18.719,17.790,15.891,neutral,8.2,273,10050,0.0,0.56,2026-08-10T15:32:55+00:00
2025-07-14,tbay,48,2025-07-12,17.420,20.610,17.790,16.157,neutral,6.5,278,10050,0.0,0.56,2026-08-10T15:32:55+00:00
2025-07-15,tbay,72,2025-07-12,17.120,20.763,17.790,16.401,neutral,7.1,103,10050,0.0,0.56,2026-08-10T15:32:55+00:00
2025-07-16,tbay,96,2025-07-12,16.840,16.987,17.790,16.635,neutral,9.7,26,10050,0.0,0.56,2026-08-10T15:32:55+00:00
2025-07-17,tbay,120,2025-07-12,16.900,17.213,17.790,16.860,neutral,6.0,298,10050,0.0,0.56,2026-08-10T15:32:55+00:00
2025-07-13,tbay,0,2025-07-13,17.860,18.982,17.790,15.891,neutral,8.2,273,10050,0.0,0.56,2026-08-10T15:32:55+00:00
2025-07-14,tbay,24,2025-07-13,17.420,19.680,17.790,16.157,neutral,6.5,278,10050,0.0,0.56,2026-08-10T15:32:55+00:00
2025-07-15,tbay,48,2025-07-13,17.120,20.948,17.790,16.401,neutral,7.1,103,10050,0.0,0.56,2026-08-10T15:32:55+00:00
2025-07-16,tbay,72,2025-07-13,16.840,15.792,17.790,16.635,neutral,9.7,26,10050,0.0,0.56,2026-08-10T15:32:55+00:00
2025-07-17,tbay,96,2025-07-13,16.900,16.397,17.790,16.860,neutral,6.0,298,10050,0.0,0.56,2026-08-10T15:32:55+00:00
2025-07-18,tbay,120,2025-07-13,16.790,21.192,17.790,17.067,neutral,4.2,290,10050,0.0,0.56,2026-08-10T15:32:55+00:00
2025-07-14,tbay,0,2025-07-14,17.420,19.903,17.860,16.157,neutral,6.5,278,10050,0.0,0.56,2026-08-10T15:32:55+00:00
2025-07-15,tbay,24,2025-07-14,17.120,20.897,17.860,16.401,neutral,7.1,103,10050,0.0,0.56,2026-08-10T15:32:55+00:00
2025-07-16,tbay,48,2025-07-14,16.840,14.669,17.860,16.635,neutral,9.7,26,10050,0.0,0.56,2026-08-10T15:32:55+00:00
2025-07-17,tbay,72,2025-07-14,16.900,16.172,17.860,16.860,neutral,6.0,298,10050,0.0,0.56,2026-08-10T15:32:55+00:00
2025-07-18,tbay,96,2025-07-14,16.790,21.468,17.860,17.067,neutral,4.2,290,10050,0.0,0.56,2026-08-10T15:32:55+00:00
2025-07-19,tbay,120,2025-07-14,16.440,21.782,17.860,17.254,neutral,3.6,311,10050,0.0,0.56,2026-08-10T15:32:55+00:00
2025-07-15,tbay,0,2025-07-15,17.120,20.704,17.420,16.401,neutral,7.1,103,10050,0.0,0.56,2026-08-10T15:32:55+00:00
2025-07-16,tbay,24,2025-07-15,16.840,14.714,17.420,16.635,neutral,9.7,26,10050,0.0,0.56,2026-08-10T15:32:55+00:00
2025-07-17,tbay,48,2025-07-15,16.900,15.808,17.420,16.860,neutral,6.0,298,10050,0.0,0.56,2026-08-10T15:32:55+00:00
2025-07-18,tbay,72,2025-07-15,16.790,21.745,17.420,17.067,neutral,4.2,290,10050,0.0,0.56,2026-08-10T15:32:55+00:00
2025-07-19,tbay,96,2025-07-15,16.440,21.908,17.420,17.254,neutral,3.6,311,10050,0.0,0.56,2026-08-10T15:32:55+00:00
2025-07-20,tbay,120,2025-07-15,16.020,22.087,17.420,17.412,neutral,5.2,324,10050,0.0,0.56,2026-08-10T15:32:55+00:00
2025-07-16,tbay,0,2025-07-16,16.840,14.871,17.120,16.635,neutral,9.7,26,10050,0.0,0.56,2026-08-10T15:32:55+00:00
2025-07-17,tbay,24,2025-07-16,16.900,15.430,17.120,16.860,neutral,6.0,298,10050,0.0,0.56,2026-08-10T15:32:55+00:00
2025-07-18,tbay,48,2025-07-16,16.790,21.173,17.120,17.067,neutral,4.2,290,10050,0.0,0.56,2026-08-10T15:32:55+00:00
2025-07-19,tbay,72,2025-07-16,16.440,21.850,17.120,17.254,neutral,3.6,311,10050,0.0,0.56,2026-08-10T15:32:55+00:00
2025-07-20,tbay,96,2025-07-16,16.020,22.082,17.120,17.412,neutral,5.2,324,10050,0.0,0.56,2026-08-10T15:32:55+00:00
2025-07-21,tbay,120,2025-07-16,16.070,22.260,17.120,17.524,neutral,0.7,286,10050,0.0,0.56,2026-08-10T15:32:55+00:00
2025-07-17,tbay,0,2025-07-17,16.900,15.438,16.840,16.860,neutral,6.0,298,10050,0.0,0.56,2026-08-10T15:32:55+00:00
2025-07-18,tbay,24,2025-07-17,16.790,21.221,16.840,17.067,neutral,4.2,290,10050,0.0,0.56,2026-08-10T15:32:55+00:00
2025-07-19,tbay,48,2025-07-17,16.440,21.875,16.840,17.254,neutral,3.6,311,10050,0.0,0.56,2026-08-10T15:32:55+00:00
2025-07-20,tbay,72,2025-07-17,16.020,21.951,16.840,17.412,neutral,5.2,324,10050,0.0,0.56,2026-08-10T15:32:55+00:00
2025-07-21,tbay,96,2025-07-17,16.070,21.724,16.840,17.524,neutral,0.7,286,10050,0.0,0.56,2026-08-10T15:32:55+00:00
2025-07-22,tbay,120,2025-07-17,16.470,21.812,16.840,17.606,neutral,2.7,114,10050,0.0,0.56,2026-08-10T15:32:55+00:00
2025-07-18,tbay,0,2025-07-18,16.790,20.636,16.900,17.067,neutral,4.2,290,10050,0.0,0.56,2026-08-10T15:32:55+00:00
2025-07-19,tbay,24,2025-07-18,16.440,21.806,16.900,17.254,neutral,3.6,311,10050,0.0,0.56,2026-08-10T15:32:55+00:00
2025-07-20,tbay,48,2025-07-18,16.020,20.756,16.900,17.412,neutral,5.2,324,10050,0.0,0.56,2026-08-10T15:32:55+00:00
2025-07-21,tbay,72,2025-07-18,16.070,21.538,16.900,17.524,neutral,0.7,286,10050,0.0,0.56,2026-08-10T15:32:55+00:00
2025-07-22,tbay,96,2025-07-18,16.470,21.791,16.900,17.606,neutral,2.7,114,10050,0.0,0.56,2026-08-10T15:32:55+00:00
2025-07-23,tbay,120,2025-07-18,17.230,22.111,16.900,17.666,neutral,2.7,225,10050,0.0,0.56,2026-08-10T15:32:55+00:00
2025-07-19,tbay,0,2025-07-19,16.440,21.640,16.790,17.254,neutral,3.6,311,10050,0.0,0.56,2026-08-10T15:32:55+00:00
2025-07-20,tbay,24,2025-07-19,16.020,21.438,16.790,17.412,neutral,5.2,324,10050,0.0,0.56,2026-08-10T15:32:55+00:00
2025-07-21,tbay,48,2025-07-19,16.070,22.133,16.790,17.524,neutral,0.7,286,10050,0.0,0.56,2026-08-10T15:32:55+00:00
2025-07-22,tbay,72,2025-07-19,16.470,22.168,16.790,17.606,neutral,2.7,114,10050,0.0,0.56,2026-08-10T15:32:55+00:00
2025-07-23,tbay,96,2025-07-19,17.230,22.597,16.790,17.666,neutral,2.7,225,10050,0.0,0.56,2026-08-10T15:32:55+00:00
2025-07-24,tbay,120,2025-07-19,17.860,23.030,16.790,17.712,neutral,6.7,306,10050,0.0,0.56,2026-08-10T15:32:55+00:00
2025-07-20,tbay,0,2025-07-20,16.020,21.613,16.440,17.412,neutral,5.2,324,10050,0.0,0.56,2026-08-10T15:32:55+00:00
2025-07-21,tbay,24,2025-07-20,16.070,21.982,16.440,17.524,neutral,0.7,286,10050,0.0,0.56,2026-08-10T15:32:55+00:00
2025-07-22,tbay,48,2025-07-20,16.470,22.429,16.440,17.606,neutral,2.7,114,10050,0.0,0.56,2026-08-10T15:32:55+00:00
2025-07-23,tbay,72,2025-07-20,17.230,22.011,16.440,17.666,neutral,2.7,225,10050,0.0,0.56,2026-08-10T15:32:55+00:00
2025-07-24,tbay,96,2025-07-20,17.860,22.236,16.440,17.712,neutral,6.7,306,10050,0.0,0.56,2026-08-10T15:32:55+00:00
2025-07-25,tbay,120,2025-07-20,18.200,22.102,16.440,17.759,neutral,3.9,292,10050,0.0,0.56,2026-08-10T15:32:55+00:00
2025-07-21,tbay,0,2025-07-21,16.070,22.023,16.020,17.524,neutral,0.7,286,10050,0.0,0.56,2026-08-10T15:32:55+00:00
2025-07-22,tbay,24,2025-07-21,16.470,22.831,16.020,17.606,neutral,2.7,114,10050,0.0,0.56,2026-08-10T15:32:55+00:00
2025-07-23,tbay,48,2025-07-21,17.230,23.234,16.020,17.666,neutral,2.7,225,10050,0.0,0.56,2026-08-10T15:32:55+00:00
2025-07-24,tbay,72,2025-07-21,17.860,22.856,16.020,17.712,neutral,6.7,306,10050,0.0,0.56,2026-08-10T15:32:55+00:00
2025-07-25,tbay,96,2025-07-21,18.200,22.320,16.020,17.759,neutral,3.9,292,10050,0.0,0.56,2026-08-10T15:32:55+00:00
2025-07-26,tbay,120,2025-07-21,18.190,22.554,16.020,17.798,neutral,3.4,130,10050,0.0,0.56,2026-08-10T15:32:55+00:00
2025-07-22,tbay,0,2025-07-22,16.470,21.915,16.070,17.606,neutral,2.7,114,10050,0.0,0.56,2026-08-10T15:32:55+00:00
2025-07-23,tbay,24,2025-07-22,17.230,22.548,16.070,17.666,neutral,2.7,225,10050,0.0,0.56,2026-08-10T15:32:55+00:00
2025-07-24,tbay,48,2025-07-22,17.860,22.458,16.070,17.712,neutral,6.7,306,10050,0.0,0.56,2026-08-10T15:32:55+00:00
2025-07-25,tbay,72,2025-07-22,18.200,22.296,16.070,17.759,neutral,3.9,292,10050,0.0,0.56,2026-08-10T15:32:55+00:00
2025-07-26,tbay,96,2025-07-22,18.190,22.391,16.070,17.798,neutral,3.4,130,10050,0.0,0.56,2026-08-10T15:32:55+00:00
2025-07-27,tbay,120,2025-07-22,18.160,21.788,16.070,17.832,neutral,4.5,222,10050,0.0,0.56,2026-08-10T15:32:55+00:00
2025-07-23,tbay,0,2025-07-23,17.230,22.508,16.470,17.666,neutral,2.7,225,10050,0.0,0.56,2026-08-10T15:32:55+00:00
2025-07-24,tbay,24,2025-07-23,17.860,22.538,16.470,17.712,neutral,6.7,306,10050,0.0,0.56,2026-08-10T15:32:55+00:00
2025-07-25,tbay,48,2025-07-23,18.200,22.023,16.470,17.759,neutral,3.9,292,10050,0.0,0.56,2026-08-10T15:32:55+00:00
2025-07-26,tbay,72,2025-07-23,18.190,22.466,16.470,17.798,neutral,3.4,130,10050,0.0,0.56,2026-08-10T15:32:55+00:00
2025-07-27,tbay,96,2025-07-23,18.160,21.906,16.470,17.832,neutral,4.5,222,10050,0.0,0.56,2026-08-10T15:32:55+00:00
2025-07-28,tbay,120,2025-07-23,18.320,21.499,16.470,17.859,neutral,12.3,317,10050,0.0,0.56,2026-08-10T15:32:55+00:00
2025-07-24,tbay,0,2025-07-24,17.860,22.148,17.230,17.712,neutral,6.7,306,10050,0.0,0.56,2026-08-10T15:32:55+00:00
2025-07-25,tbay,24,2025-07-24,18.200,22.285,17.230,17.759,neutral,3.9,292,10050,0.0,0.56,2026-08-10T15:32:55+00:00
2025-07-26,tbay,48,2025-07-24,18.190,22.159,17.230,17.798,neutral,3.4,130,10050,0.0,0.56,2026-08-10T15:32:55+00:00
2025-07-27,tbay,72,2025-07-24,18.160,21.556,17.230,17.832,neutral,4.5,222,10050,0.0,0.56,2026-08-10T15:32:55+00:00
2025-07-28,tbay,96,2025-07-24,18.320,21.664,17.230,17.859,neutral,12.3,317,10050,0.0,0.56,2026-08-10T15:32:55+00:00
2025-07-29,tbay,120,2025-07-24,18.310,21.250,17.230,17.867,neutral,5.3,328,10050,0.0,0.56,2026-08-10T15:32:55+00:00
2025-07-25,tbay,0,2025-07-25,18.200,21.754,17.860,17.759,neutral,3.9,292,10050,0.0,0.56,2026-08-10T15:32:55+00:00
2025-07-26,tbay,24,2025-07-25,18.190,22.006,17.860,17.798,neutral,3.4,130,10050,0.0,0.56,2026-08-10T15:32:55+00:00
2025-07-27,tbay,48,2025-07-25,18.160,21.704,17.860,17.832,neutral,4.5,222,10050,0.0,0.56,2026-08-10T15:32:55+00:00
2025-07-28,tbay,72,2025-07-25,18.320,21.332,17.860,17.859,neutral,12.3,317,10050,0.0,0.56,2026-08-10T15:32:55+00:00
2025-07-29,tbay,96,2025-07-25,18.310,22.041,17.860,17.867,neutral,5.3,328,10050,0.0,0.56,2026-08-10T15:32:55+00:00
2025-07-30,tbay,120,2025-07-25,18.270,21.601,17.860,17.869,neutral,3.8,305,10050,0.0,0.56,2026-08-10T15:32:55+00:00
2025-07-26,tbay,0,2025-07-26,18.190,21.961,18.200,17.798,neutral,3.4,130,10050,0.0,0.56,2026-08-10T15:32:55+00:00
2025-07-27,tbay,24,2025-07-26,18.160,21.668,18.200,17.832,neutral,4.5,222,10050,0.0,0.56,2026-08-10T15:32:55+00:00
2025-07-28,tbay,48,2025-07-26,18.320,21.514,18.200,17.859,neutral,12.3,317,10050,0.0,0.56,2026-08-10T15:32:55+00:00
2025-07-29,tbay,72,2025-07-26,18.310,21.221,18.200,17.867,neutral,5.3,328,10050,0.0,0.56,2026-08-10T15:32:55+00:00
2025-07-30,tbay,96,2025-07-26,18.270,21.630,18.200,17.869,neutral,3.8,305,10050,0.0,0.56,2026-08-10T15:32:55+00:00
2025-07-31,tbay,120,2025-07-26,18.070,21.611,18.200,17.874,neutral,4.7,293,10050,0.0,0.56,2026-08-10T15:32:55+00:00
2025-07-27,tbay,0,2025-07-27,18.160,21.460,18.190,17.832,neutral,4.5,222,10050,0.0,0.56,2026-08-10T15:32:55+00:00
2025-07-28,tbay,24,2025-07-27,18.320,18.393,18.190,17.859,neutral,12.3,317,10050,0.0,0.56,2026-08-10T15:32:55+00:00
2025-07-29,tbay,48,2025-07-27,18.310,21.410,18.190,17.867,neutral,5.3,328,10050,0.0,0.56,2026-08-10T15:32:55+00:00
2025-07-30,tbay,72,2025-07-27,18.270,21.437,18.190,17.869,neutral,3.8,305,10050,0.0,0.56,2026-08-10T15:32:55+00:00
2025-07-31,tbay,96,2025-07-27,18.070,21.643,18.190,17.874,neutral,4.7,293,10050,0.0,0.56,2026-08-10T15:32:55+00:00
2025-08-01,tbay,120,2025-07-27,17.710,21.743,18.190,17.879,neutral,7.2,275,10050,0.0,0.56,2026-08-10T15:32:55+00:00
2025-07-28,tbay,0,2025-07-28,18.320,20.087,18.160,17.859,neutral,12.3,317,10050,0.0,0.56,2026-08-10T15:32:55+00:00
2025-07-29,tbay,24,2025-07-28,18.310,21.372,18.160,17.867,neutral,5.3,328,10050,0.0,0.56,2026-08-10T15:32:55+00:00
2025-07-30,tbay,48,2025-07-28,18.270,21.226,18.160,17.869,neutral,3.8,305,10050,0.0,0.56,2026-08-10T15:32:55+00:00
2025-07-31,tbay,72,2025-07-28,18.070,22.044,18.160,17.874,neutral,4.7,293,10050,0.0,0.56,2026-08-10T15:32:55+00:00
2025-08-01,tbay,96,2025-07-28,17.710,22.027,18.160,17.879,neutral,7.2,275,10050,0.0,0.56,2026-08-10T15:32:55+00:00
2025-08-02,tbay,120,2025-07-28,17.440,21.677,18.160,17.887,neutral,7.0,279,10050,0.0,0.56,2026-08-10T15:32:55+00:00
2025-07-29,tbay,0,2025-07-29,18.310,21.061,18.320,17.867,neutral,5.3,328,10050,0.0,0.56,2026-08-10T15:32:55+00:00
2025-07-30,tbay,24,2025-07-29,18.270,21.808,18.320,17.869,neutral,3.8,305,10050,0.0,0.56,2026-08-10T15:32:55+00:00
2025-07-31,tbay,48,2025-07-29,18.070,21.051,18.320,17.874,neutral,4.7,293,10050,0.0,0.56,2026-08-10T15:32:55+00:00
2025-08-01,tbay,72,2025-07-29,17.710,21.965,18.320,17.879,neutral,7.2,275,10050,0.0,0.56,2026-08-10T15:32:55+00:00
2025-08-02,tbay,96,2025-07-29,17.440,21.739,18.320,17.887,neutral,7.0,279,10050,0.0,0.56,2026-08-10T15:32:55+00:00
2025-08-03,tbay,120,2025-07-29,17.400,20.475,18.320,17.880,neutral,7.0,276,10050,0.0,0.56,2026-08-10T15:32:55+00:00
2025-07-30,tbay,0,2025-07-30,18.270,21.166,18.310,17.869,neutral,3.8,305,10050,0.0,0.56,2026-08-10T15:32:55+00:00
2025-07-31,tbay,24,2025-07-30,18.070,21.289,18.310,17.874,neutral,4.7,293,10050,0.0,0.56,2026-08-10T15:32:55+00:00
2025-08-01,tbay,48,2025-07-30,17.710,20.280,18.310,17.879,neutral,7.2,275,10050,0.0,0.56,2026-08-10T15:32:55+00:00
2025-08-02,tbay,72,2025-07-30,17.440,21.260,18.310,17.887,neutral,7.0,279,10050,0.0,0.56,2026-08-10T15:32:55+00:00
2025-08-03,tbay,96,2025-07-30,17.400,20.432,18.310,17.880,neutral,7.0,276,10050,0.0,0.56,2026-08-10T15:32:55+00:00
2025-08-04,tbay,120,2025-07-30,17.740,20.756,18.310,17.857,neutral,1.0,338,10050,0.0,0.56,2026-08-10T15:32:55+00:00
2025-07-31,tbay,0,2025-07-31,18.070,20.258,18.270,17.874,neutral,4.7,293,10050,0.0,0.56,2026-08-10T15:32:55+00:00
2025-08-01,tbay,24,2025-07-31,17.710,20.823,18.270,17.879,neutral,7.2,275,10050,0.0,0.56,2026-08-10T15:32:55+00:00
2025-08-02,tbay,48,2025-07-31,17.440,20.724,18.270,17.887,neutral,7.0,279,10050,0.0,0.56,2026-08-10T15:32:55+00:00
2025-08-03,tbay,72,2025-07-31,17.400,21.025,18.270,17.880,neutral,7.0,276,10050,0.0,0.56,2026-08-10T15:32:55+00:00
2025-08-04,tbay,96,2025-07-31,17.740,20.861,18.270,17.857,neutral,1.0,338,10050,0.0,0.56,2026-08-10T15:32:55+00:00
2025-08-05,tbay,120,2025-07-31,18.290,20.981,18.270,17.829,neutral,4.7,68,10050,0.0,0.56,2026-08-10T15:32:55+00:00
2025-08-01,tbay,0,2025-08-01,17.710,21.039,18.070,17.879,neutral,7.2,275,10050,0.0,0.56,2026-08-10T15:32:55+00:00
2025-08-02,tbay,24,2025-08-01,17.440,20.593,18.070,17.887,neutral,7.0,279,10050,0.0,0.56,2026-08-10T15:32:55+00:00
2025-08-03,tbay,48,2025-08-01,17.400,19.836,18.070,17.880,neutral,7.0,276,10050,0.0,0.56,2026-08-10T15:32:55+00:00
2025-08-04,tbay,72,2025-08-01,17.740,20.785,18.070,17.857,neutral,1.0,338,10050,0.0,0.56,2026-08-10T15:32:55+00:00
2025-08-05,tbay,96,2025-08-01,18.290,20.938,18.070,17.829,neutral,4.7,68,10050,0.0,0.56,2026-08-10T15:32:55+00:00
2025-08-06,tbay,120,2025-08-01,18.850,20.918,18.070,17.804,neutral,5.1,73,10050,0.0,0.56,2026-08-10T15:32:55+00:00
2025-08-02,tbay,0,2025-08-02,17.440,20.246,17.710,17.887,neutral,7.0,279,10050,0.0,0.56,2026-08-10T15:32:55+00:00
2025-08-03,tbay,24,2025-08-02,17.400,19.743,17.710,17.880,neutral,7.0,276,10050,0.0,0.56,2026-08-10T15:32:55+00:00
2025-08-04,tbay,48,2025-08-02,17.740,20.856,17.710,17.857,neutral,1.0,338,10050,0.0,0.56,2026-08-10T15:32:55+00:00
2025-08-05,tbay,72,2025-08-02,18.290,20.742,17.710,17.829,neutral,4.7,68,10050,0.0,0.56,2026-08-10T15:32:55+00:00
2025-08-06,tbay,96,2025-08-02,18.850,20.981,17.710,17.804,neutral,5.1,73,10050,0.0,0.56,2026-08-10T15:32:55+00:00
2025-08-07,tbay,120,2025-08-02,19.370,20.359,17.710,17.788,neutral,4.1,169,10050,0.0,0.56,2026-08-10T15:32:55+00:00
2025-08-03,tbay,0,2025-08-03,17.400,19.165,17.440,17.880,neutral,7.0,276,10050,0.0,0.56,2026-08-10T15:32:55+00:00
2025-08-04,tbay,24,2025-08-03,17.740,20.821,17.440,17.857,neutral,1.0,338,10050,0.0,0.56,2026-08-10T15:32:55+00:00
2025-08-05,tbay,48,2025-08-03,18.290,21.031,17.440,17.829,neutral,4.7,68,10050,0.0,0.56,2026-08-10T15:32:55+00:00
2025-08-06,tbay,72,2025-08-03,18.850,20.985,17.440,17.804,neutral,5.1,73,10050,0.0,0.56,2026-08-10T15:32:55+00:00
2025-08-07,tbay,96,2025-08-03,19.370,20.606,17.440,17.788,neutral,4.1,169,10050,0.0,0.56,2026-08-10T15:32:55+00:00
2025-08-08,tbay,120,2025-08-03,19.630,20.291,17.440,17.778,neutral,1.5,328,10050,0.0,0.56,2026-08-10T15:32:55+00:00
2025-08-04,tbay,0,2025-08-04,17.740,20.885,17.400,17.857,neutral,1.0,338,10050,0.0,0.56,2026-08-10T15:32:55+00:00
2025-08-05,tbay,24,2025-08-04,18.290,21.280,17.400,17.829,neutral,4.7,68,10050,0.0,0.56,2026-08-10T15:32:55+00:00
2025-08-06,tbay,48,2025-08-04,18.850,17.437,17.400,17.804,neutral,5.1,73,10050,0.0,0.56,2026-08-10T15:32:55+00:00
2025-08-07,tbay,72,2025-08-04,19.370,19.880,17.400,17.788,neutral,4.1,169,10050,0.0,0.56,2026-08-10T15:32:55+00:00
2025-08-08,tbay,96,2025-08-04,19.630,19.118,17.400,17.778,neutral,1.5,328,10050,0.0,0.56,2026-08-10T15:32:55+00:00
2025-08-09,tbay,120,2025-08-04,19.590,20.510,17.400,17.764,neutral,0.7,315,10050,0.0,0.56,2026-08-10T15:32:55+00:00
2025-08-05,tbay,0,2025-08-05,18.290,20.749,17.740,17.829,neutral,4.7,68,10050,0.0,0.56,2026-08-10T15:32:55+00:00
2025-08-06,tbay,24,2025-08-05,18.850,18.710,17.740,17.804,neutral,5.1,73,10050,0.0,0.56,2026-08-10T15:32:55+00:00
2025-08-07,tbay,48,2025-08-05,19.370,21.035,17.740,17.788,neutral,4.1,169,10050,0.0,0.56,2026-08-10T15:32:55+00:00
2025-08-08,tbay,72,2025-08-05,19.630,19.898,17.740,17.778,neutral,1.5,328,10050,0.0,0.56,2026-08-10T15:32:55+00:00
2025-08-09,tbay,96,2025-08-05,19.590,19.444,17.740,17.764,neutral,0.7,315,10050,0.0,0.56,2026-08-10T15:32:55+00:00
2025-08-10,tbay,120,2025-08-05,19.530,19.105,17.740,17.732,neutral,6.6,221,10050,0.0,0.56,2026-08-10T15:32:55+00:00
2025-08-06,tbay,0,2025-08-06,18.850,18.662,18.290,17.804,neutral,5.1,73,10050,0.0,0.56,2026-08-10T15:32:55+00:00
2025-08-07,tbay,24,2025-08-06,19.370,21.626,18.290,17.788,neutral,4.1,169,10050,0.0,0.56,2026-08-10T15:32:55+00:00
2025-08-08,tbay,48,2025-08-06,19.630,21.482,18.290,17.778,neutral,1.5,328,10050,0.0,0.56,2026-08-10T15:32:55+00:00
2025-08-09,tbay,72,2025-08-06,19.590,20.453,18.290,17.764,neutral,0.7,315,10050,0.0,0.56,2026-08-10T15:32:55+00:00
2025-08-10,tbay,96,2025-08-06,19.530,19.724,18.290,17.732,neutral,6.6,221,10050,0.0,0.56,2026-08-10T15:32:55+00:00
2025-08-11,tbay,120,2025-08-06,19.190,19.189,18.290,17.683,neutral,5.8,285,10050,0.0,0.56,2026-08-10T15:32:55+00:00
2025-08-07,tbay,0,2025-08-07,19.370,21.460,18.850,17.788,neutral,4.1,169,10050,0.0,0.56,2026-08-10T15:32:55+00:00
2025-08-08,tbay,24,2025-08-07,19.630,21.359,18.850,17.778,neutral,1.5,328,10050,0.0,0.56,2026-08-10T15:32:55+00:00
2025-08-09,tbay,48,2025-08-07,19.590,21.070,18.850,17.764,neutral,0.7,315,10050,0.0,0.56,2026-08-10T15:32:55+00:00
2025-08-10,tbay,72,2025-08-07,19.530,19.316,18.850,17.732,neutral,6.6,221,10050,0.0,0.56,2026-08-10T15:32:55+00:00
2025-08-11,tbay,96,2025-08-07,19.190,18.547,18.850,17.683,neutral,5.8,285,10050,0.0,0.56,2026-08-10T15:32:55+00:00
2025-08-12,tbay,120,2025-08-07,18.640,19.223,18.850,17.634,neutral,6.3,234,10050,0.0,0.56,2026-08-10T15:32:55+00:00
2025-08-08,tbay,0,2025-08-08,19.630,21.274,19.370,17.778,neutral,1.5,328,10050,0.0,0.56,2026-08-10T15:32:55+00:00
2025-08-09,tbay,24,2025-08-08,19.590,21.430,19.370,17.764,neutral,0.7,315,10050,0.0,0.56,2026-08-10T15:32:55+00:00
2025-08-10,tbay,48,2025-08-08,19.530,21.294,19.370,17.732,neutral,6.6,221,10050,0.0,0.56,2026-08-10T15:32:55+00:00
2025-08-11,tbay,72,2025-08-08,19.190,19.664,19.370,17.683,neutral,5.8,285,10050,0.0,0.56,2026-08-10T15:32:55+00:00
2025-08-12,tbay,96,2025-08-08,18.640,19.356,19.370,17.634,neutral,6.3,234,10050,0.0,0.56,2026-08-10T15:32:55+00:00
2025-08-13,tbay,120,2025-08-08,18.290,20.655,19.370,17.592,neutral,5.6,326,10050,0.0,0.56,2026-08-10T15:32:55+00:00
2025-08-09,tbay,0,2025-08-09,19.590,20.599,19.630,17.764,neutral,0.7,315,10050,0.0,0.56,2026-08-10T15:32:55+00:00
2025-08-10,tbay,24,2025-08-09,19.530,20.917,19.630,17.732,neutral,6.6,221,10050,0.0,0.56,2026-08-10T15:32:55+00:00
2025-08-11,tbay,48,2025-08-09,19.190,19.922,19.630,17.683,neutral,5.8,285,10050,0.0,0.56,2026-08-10T15:32:55+00:00
2025-08-12,tbay,72,2025-08-09,18.640,19.567,19.630,17.634,neutral,6.3,234,10050,0.0,0.56,2026-08-10T15:32:55+00:00
2025-08-13,tbay,96,2025-08-09,18.290,21.499,19.630,17.592,neutral,5.6,326,10050,0.0,0.56,2026-08-10T15:32:55+00:00
2025-08-14,tbay,120,2025-08-09,18.050,20.835,19.630,17.552,neutral,6.5,117,10050,0.0,0.56,2026-08-10T15:32:55+00:00
2025-08-10,tbay,0,2025-08-10,19.530,20.441,19.590,17.732,neutral,6.6,221,10050,0.0,0.56,2026-08-10T15:32:55+00:00
2025-08-11,tbay,24,2025-08-10,19.190,20.528,19.590,17.683,neutral,5.8,285,10050,0.0,0.56,2026-08-10T15:32:55+00:00
2025-08-12,tbay,48,2025-08-10,18.640,19.018,19.590,17.634,neutral,6.3,234,10050,0.0,0.56,2026-08-10T15:32:55+00:00
2025-08-13,tbay,72,2025-08-10,18.290,21.156,19.590,17.592,neutral,5.6,326,10050,0.0,0.56,2026-08-10T15:32:55+00:00
2025-08-14,tbay,96,2025-08-10,18.050,20.712,19.590,17.552,neutral,6.5,117,10050,0.0,0.56,2026-08-10T15:32:55+00:00
2025-08-15,tbay,120,2025-08-10,18.330,20.859,19.590,17.511,neutral,7.1,231,10050,0.0,0.56,2026-08-10T15:32:55+00:00
2025-08-11,tbay,0,2025-08-11,19.190,19.773,19.530,17.683,neutral,5.8,285,10050,0.0,0.56,2026-08-10T15:32:55+00:00
2025-08-12,tbay,24,2025-08-11,18.640,19.048,19.530,17.634,neutral,6.3,234,10050,0.0,0.56,2026-08-10T15:32:55+00:00
2025-08-13,tbay,48,2025-08-11,18.290,20.103,19.530,17.592,neutral,5.6,326,10050,0.0,0.56,2026-08-10T15:32:55+00:00
2025-08-14,tbay,72,2025-08-11,18.050,20.943,19.530,17.552,neutral,6.5,117,10050,0.0,0.56,2026-08-10T15:32:55+00:00
2025-08-15,tbay,96,2025-08-11,18.330,20.380,19.530,17.511,neutral,7.1,231,10050,0.0,0.56,2026-08-10T15:32:55+00:00
2025-08-16,tbay,120,2025-08-11,18.310,21.154,19.530,17.482,neutral,3.4,325,10050,0.0,0.56,2026-08-10T15:32:55+00:00
2025-08-12,tbay,0,2025-08-12,18.640,19.497,19.190,17.634,neutral,6.3,234,10050,0.0,0.56,2026-08-10T15:32:55+00:00
2025-08-13,tbay,24,2025-08-12,18.290,20.574,19.190,17.592,neutral,5.6,326,10050,0.0,0.56,2026-08-10T15:32:55+00:00
2025-08-14,tbay,48,2025-08-12,18.050,20.939,19.190,17.552,neutral,6.5,117,10050,0.0,0.56,2026-08-10T15:32:55+00:00
2025-08-15,tbay,72,2025-08-12,18.330,19.593,19.190,17.511,neutral,7.1,231,10050,0.0,0.56,2026-08-10T15:32:55+00:00
2025-08-16,tbay,96,2025-08-12,18.310,21.696,19.190,17.482,neutral,3.4,325,10050,0.0,0.56,2026-08-10T15:32:55+00:00
2025-08-17,tbay,120,2025-08-12,18.080,21.301,19.190,17.470,neutral,6.7,47,10050,0.0,0.56,2026-08-10T15:32:55+00:00
2025-08-13,tbay,0,2025-08-13,18.290,20.508,18.640,17.592,neutral,5.6,326,10050,0.0,0.56,2026-08-10T15:32:55+00:00
2025-08-14,tbay,24,2025-08-13,18.050,20.508,18.640,17.552,neutral,6.5,117,10050,0.0,0.56,2026-08-10T15:32:55+00:00
2025-08-15,tbay,48,2025-08-13,18.330,21.476,18.640,17.511,neutral,7.1,231,10050,0.0,0.56,2026-08-10T15:32:55+00:00
2025-08-16,tbay,72,2025-08-13,18.310,21.854,18.640,17.482,neutral,3.4,325,10050,0.0,0.56,2026-08-10T15:32:55+00:00
2025-08-17,tbay,96,2025-08-13,18.080,21.671,18.640,17.470,neutral,6.7,47,10050,0.0,0.56,2026-08-10T15:32:55+00:00
2025-08-18,tbay,120,2025-08-13,18.110,21.189,18.640,17.473,neutral,6.8,111,10050,0.0,0.56,2026-08-10T15:32:55+00:00
2025-08-14,tbay,0,2025-08-14,18.050,21.062,18.290,17.552,neutral,6.5,117,10050,0.0,0.56,2026-08-10T15:32:55+00:00
2025-08-15,tbay,24,2025-08-14,18.330,20.945,18.290,17.511,neutral,7.1,231,10050,0.0,0.56,2026-08-10T15:32:55+00:00
2025-08-16,tbay,48,2025-08-14,18.310,21.437,18.290,17.482,neutral,3.4,325,10050,0.0,0.56,2026-08-10T15:32:55+00:00
2025-08-17,tbay,72,2025-08-14,18.080,21.879,18.290,17.470,neutral,6.7,47,10050,0.0,0.56,2026-08-10T15:32:55+00:00
2025-08-18,tbay,96,2025-08-14,18.110,20.353,18.290,17.473,neutral,6.8,111,10050,0.0,0.56,2026-08-10T15:32:55+00:00
2025-08-19,tbay,120,2025-08-14,18.270,21.328,18.290,17.478,neutral,2.7,45,10050,0.0,0.56,2026-08-10T15:32:55+00:00
2025-08-15,tbay,0,2025-08-15,18.330,20.810,18.050,17.511,neutral,7.1,231,10050,0.0,0.56,2026-08-10T15:32:55+00:00
2025-08-16,tbay,24,2025-08-15,18.310,20.408,18.050,17.482,neutral,3.4,325,10050,0.0,0.56,2026-08-10T15:32:55+00:00
2025-08-17,tbay,48,2025-08-15,18.080,20.137,18.050,17.470,neutral,6.7,47,10050,0.0,0.56,2026-08-10T15:32:55+00:00
2025-08-18,tbay,72,2025-08-15,18.110,21.015,18.050,17.473,neutral,6.8,111,10050,0.0,0.56,2026-08-10T15:32:55+00:00
2025-08-19,tbay,96,2025-08-15,18.270,21.437,18.050,17.478,neutral,2.7,45,10050,0.0,0.56,2026-08-10T15:32:55+00:00
2025-08-20,tbay,120,2025-08-15,18.380,21.206,18.050,17.471,neutral,4.6,338,10050,0.0,0.56,2026-08-10T15:32:55+00:00
2025-08-16,tbay,0,2025-08-16,18.310,20.682,18.330,17.482,neutral,3.4,325,10050,0.0,0.56,2026-08-10T15:32:55+00:00
2025-08-17,tbay,24,2025-08-16,18.080,19.112,18.330,17.470,neutral,6.7,47,10050,0.0,0.56,2026-08-10T15:32:55+00:00
2025-08-18,tbay,48,2025-08-16,18.110,20.880,18.330,17.473,neutral,6.8,111,10050,0.0,0.56,2026-08-10T15:32:55+00:00
2025-08-19,tbay,72,2025-08-16,18.270,21.410,18.330,17.478,neutral,2.7,45,10050,0.0,0.56,2026-08-10T15:32:55+00:00
2025-08-20,tbay,96,2025-08-16,18.380,20.750,18.330,17.471,neutral,4.6,338,10050,0.0,0.56,2026-08-10T15:32:55+00:00
2025-08-21,tbay,120,2025-08-16,18.100,20.774,18.330,17.440,neutral,2.6,272,10050,0.0,0.56,2026-08-10T15:32:55+00:00
2025-08-17,tbay,0,2025-08-17,18.080,19.688,18.310,17.470,neutral,6.7,47,10050,0.0,0.56,2026-08-10T15:32:55+00:00
2025-08-18,tbay,24,2025-08-17,18.110,20.888,18.310,17.473,neutral,6.8,111,10050,0.0,0.56,2026-08-10T15:32:55+00:00
2025-08-19,tbay,48,2025-08-17,18.270,20.500,18.310,17.478,neutral,2.7,45,10050,0.0,0.56,2026-08-10T15:32:55+00:00
2025-08-20,tbay,72,2025-08-17,18.380,21.044,18.310,17.471,neutral,4.6,338,10050,0.0,0.56,2026-08-10T15:32:55+00:00
2025-08-21,tbay,96,2025-08-17,18.100,20.601,18.310,17.440,neutral,2.6,272,10050,0.0,0.56,2026-08-10T15:32:55+00:00
2025-08-22,tbay,120,2025-08-17,17.790,18.377,18.310,17.392,neutral,4.3,258,10050,0.0,0.56,2026-08-10T15:32:55+00:00
2025-08-18,tbay,0,2025-08-18,18.110,21.159,18.080,17.473,neutral,6.8,111,10050,0.0,0.56,2026-08-10T15:32:55+00:00
2025-08-19,tbay,24,2025-08-18,18.270,21.323,18.080,17.478,neutral,2.7,45,10050,0.0,0.56,2026-08-10T15:32:55+00:00
2025-08-20,tbay,48,2025-08-18,18.380,20.540,18.080,17.471,neutral,4.6,338,10050,0.0,0.56,2026-08-10T15:32:55+00:00
2025-08-21,tbay,72,2025-08-18,18.100,20.486,18.080,17.440,neutral,2.6,272,10050,0.0,0.56,2026-08-10T15:32:55+00:00
2025-08-22,tbay,96,2025-08-18,17.790,19.173,18.080,17.392,neutral,4.3,258,10050,0.0,0.56,2026-08-10T15:32:55+00:00
2025-08-23,tbay,120,2025-08-18,17.310,19.235,18.080,17.323,neutral,9.6,295,10050,0.0,0.56,2026-08-10T15:32:55+00:00
2025-08-19,tbay,0,2025-08-19,18.270,21.202,18.110,17.478,neutral,2.7,45,10050,0.0,0.56,2026-08-10T15:32:55+00:00
2025-08-20,tbay,24,2025-08-19,18.380,21.154,18.110,17.471,neutral,4.6,338,10050,0.0,0.56,2026-08-10T15:32:55+00:00
2025-08-21,tbay,48,2025-08-19,18.100,20.767,18.110,17.440,neutral,2.6,272,10050,0.0,0.56,2026-08-10T15:32:55+00:00
2025-08-22,tbay,72,2025-08-19,17.790,19.089,18.110,17.392,neutral,4.3,258,10050,0.0,0.56,2026-08-10T15:32:55+00:00
2025-08-23,tbay,96,2025-08-19,17.310,19.254,18.110,17.323,neutral,9.6,295,10050,0.0,0.56,2026-08-10T15:32:55+00:00
2025-08-24,tbay,120,2025-08-19,16.780,19.287,18.110,17.244,neutral,10.5,303,10050,0.0,0.56,2026-08-10T15:32:55+00:00
2025-08-20,tbay,0,2025-08-20,18.380,21.191,18.270,17.471,neutral,4.6,338,10050,0.0,0.56,2026-08-10T15:32:55+00:00
2025-08-21,tbay,24,2025-08-20,18.100,20.775,18.270,17.440,neutral,2.6,272,10050,0.0,0.56,2026-08-10T15:32:55+00:00
2025-08-22,tbay,48,2025-08-20,17.790,20.566,18.270,17.392,neutral,4.3,258,10050,0.0,0.56,2026-08-10T15:32:55+00:00
2025-08-23,tbay,72,2025-08-20,17.310,18.561,18.270,17.323,neutral,9.6,295,10050,0.0,0.56,2026-08-10T15:32:55+00:00
2025-08-24,tbay,96,2025-08-20,16.780,18.861,18.270,17.244,neutral,10.5,303,10050,0.0,0.56,2026-08-10T15:32:55+00:00
2025-08-25,tbay,120,2025-08-20,16.350,19.854,18.270,17.175,neutral,8.3,308,10050,0.0,0.56,2026-08-10T15:32:55+00:00
2025-08-21,tbay,0,2025-08-21,18.100,20.317,18.380,17.440,neutral,2.6,272,10050,0.0,0.56,2026-08-10T15:32:55+00:00
2025-08-22,tbay,24,2025-08-21,17.790,19.816,18.380,17.392,neutral,4.3,258,10050,0.0,0.56,2026-08-10T15:32:55+00:00
2025-08-23,tbay,48,2025-08-21,17.310,16.737,18.380,17.323,neutral,9.6,295,10050,0.0,0.56,2026-08-10T15:32:55+00:00
2025-08-24,tbay,72,2025-08-21,16.780,19.264,18.380,17.244,neutral,10.5,303,10050,0.0,0.56,2026-08-10T15:32:55+00:00
2025-08-25,tbay,96,2025-08-21,16.350,19.652,18.380,17.175,neutral,8.3,308,10050,0.0,0.56,2026-08-10T15:32:55+00:00
2025-08-26,tbay,120,2025-08-21,16.150,20.004,18.380,17.102,neutral,6.3,314,10050,0.0,0.56,2026-08-10T15:32:55+00:00
2025-08-22,tbay,0,2025-08-22,17.790,19.762,18.100,17.392,neutral,4.3,258,10050,0.0,0.56,2026-08-10T15:32:55+00:00
2025-08-23,tbay,24,2025-08-22,17.310,17.577,18.100,17.323,neutral,9.6,295,10050,0.0,0.56,2026-08-10T15:32:55+00:00
2025-08-24,tbay,48,2025-08-22,16.780,19.417,18.100,17.244,neutral,10.5,303,10050,0.0,0.56,2026-08-10T15:32:55+00:00
2025-08-25,tbay,72,2025-08-22,16.350,19.461,18.100,17.175,neutral,8.3,308,10050,0.0,0.56,2026-08-10T15:32:55+00:00
2025-08-26,tbay,96,2025-08-22,16.150,19.939,18.100,17.102,neutral,6.3,314,10050,0.0,0.56,2026-08-10T15:32:55+00:00
2025-08-27,tbay,120,2025-08-22,16.180,19.853,18.100,17.018,neutral,6.7,258,10050,0.0,0.56,2026-08-10T15:32:55+00:00
2025-08-23,tbay,0,2025-08-23,17.310,18.696,17.790,17.323,neutral,9.6,295,10050,0.0,0.56,2026-08-10T15:32:55+00:00
2025-08-24,tbay,24,2025-08-23,16.780,17.201,17.790,17.244,neutral,10.5,303,10050,0.0,0.56,2026-08-10T15:32:55+00:00
2025-08-25,tbay,48,2025-08-23,16.350,19.405,17.790,17.175,neutral,8.3,308,10050,0.0,0.56,2026-08-10T15:32:55+00:00
2025-08-26,tbay,72,2025-08-23,16.150,19.821,17.790,17.102,neutral,6.3,314,10050,0.0,0.56,2026-08-10T15:32:55+00:00
2025-08-27,tbay,96,2025-08-23,16.180,19.021,17.790,17.018,neutral,6.7,258,10050,0.0,0.56,2026-08-10T15:32:55+00:00
2025-08-28,tbay,120,2025-08-23,16.300,18.896,17.790,16.942,neutral,4.8,12,10050,0.0,0.56,2026-08-10T15:32:55+00:00
2025-08-24,tbay,0,2025-08-24,16.780,17.917,17.310,17.244,neutral,10.5,303,10050,0.0,0.56,2026-08-10T15:32:55+00:00
2025-08-25,tbay,24,2025-08-24,16.350,18.199,17.310,17.175,neutral,8.3,308,10050,0.0,0.56,2026-08-10T15:32:55+00:00
2025-08-26,tbay,48,2025-08-24,16.150,19.903,17.310,17.102,neutral,6.3,314,10050,0.0,0.56,2026-08-10T15:32:55+00:00
2025-08-27,tbay,72,2025-08-24,16.180,18.602,17.310,17.018,neutral,6.7,258,10050,0.0,0.56,2026-08-10T15:32:55+00:00
2025-08-28,tbay,96,2025-08-24,16.300,19.849,17.310,16.942,neutral,4.8,12,10050,0.0,0.56,2026-08-10T15:32:55+00:00
2025-08-29,tbay,120,2025-08-24,16.420,20.425,17.310,16.872,neutral,2.0,309,10050,0.0,0.56,2026-08-10T15:32:55+00:00
2025-08-25,tbay,0,2025-08-25,16.350,18.539,16.780,17.175,neutral,8.3,308,10050,0.0,0.56,2026-08-10T15:32:55+00:00
2025-08-26,tbay,24,2025-08-25,16.150,19.878,16.780,17.102,neutral,6.3,314,10050,0.0,0.56,2026-08-10T15:32:55+00:00
2025-08-27,tbay,48,2025-08-25,16.180,18.543,16.780,17.018,neutral,6.7,258,10050,0.0,0.56,2026-08-10T15:32:55+00:00
2025-08-28,tbay,72,2025-08-25,16.300,20.142,16.780,16.942,neutral,4.8,12,10050,0.0,0.56,2026-08-10T15:32:55+00:00
2025-08-29,tbay,96,2025-08-25,16.420,20.206,16.780,16.872,neutral,2.0,309,10050,0.0,0.56,2026-08-10T15:32:55+00:00
2025-08-30,tbay,120,2025-08-25,16.570,19.971,16.780,16.799,neutral,4.0,269,10050,0.0,0.56,2026-08-10T15:32:55+00:00
2025-08-26,tbay,0,2025-08-26,16.150,19.828,16.350,17.102,neutral,6.3,314,10050,0.0,0.56,2026-08-10T15:32:55+00:00
2025-08-27,tbay,24,2025-08-26,16.180,19.257,16.350,17.018,neutral,6.7,258,10050,0.0,0.56,2026-08-10T15:32:55+00:00
2025-08-28,tbay,48,2025-08-26,16.300,18.837,16.350,16.942,neutral,4.8,12,10050,0.0,0.56,2026-08-10T15:32:55+00:00
2025-08-29,tbay,72,2025-08-26,16.420,19.547,16.350,16.872,neutral,2.0,309,10050,0.0,0.56,2026-08-10T15:32:55+00:00
2025-08-30,tbay,96,2025-08-26,16.570,19.757,16.350,16.799,neutral,4.0,269,10050,0.0,0.56,2026-08-10T15:32:55+00:00
2025-08-31,tbay,120,2025-08-26,16.910,19.700,16.350,16.705,neutral,2.1,313,10050,0.0,0.56,2026-08-10T15:32:55+00:00
2025-08-27,tbay,0,2025-08-27,16.180,17.938,16.150,17.018,neutral,6.7,258,10050,0.0,0.56,2026-08-10T15:32:55+00:00
2025-08-28,tbay,24,2025-08-27,16.300,19.444,16.150,16.942,neutral,4.8,12,10050,0.0,0.56,2026-08-10T15:32:55+00:00
2025-08-29,tbay,48,2025-08-27,16.420,19.443,16.150,16.872,neutral,2.0,309,10050,0.0,0.56,2026-08-10T15:32:55+00:00
2025-08-30,tbay,72,2025-08-27,16.570,19.514,16.150,16.799,neutral,4.0,269,10050,0.0,0.56,2026-08-10T15:32:55+00:00
2025-08-31,tbay,96,2025-08-27,16.910,19.895,16.150,16.705,neutral,2.1,313,10050,0.0,0.56,2026-08-10T15:32:55+00:00
2025-09-01,tbay,120,2025-08-27,17.230,19.893,16.150,16.582,neutral,4.7,264,10050,0.0,0.56,2026-08-10T15:32:55+00:00
2025-08-28,tbay,0,2025-08-28,16.300,19.629,16.180,16.942,neutral,4.8,12,10050,0.0,0.56,2026-08-10T15:32:55+00:00
2025-08-29,tbay,24,2025-08-28,16.420,19.769,16.180,16.872,neutral,2.0,309,10050,0.0,0.56,2026-08-10T15:32:55+00:00
2025-08-30,tbay,48,2025-08-28,16.570,19.708,16.180,16.799,neutral,4.0,269,10050,0.0,0.56,2026-08-10T15:32:55+00:00
2025-08-31,tbay,72,2025-08-28,16.910,19.919,16.180,16.705,neutral,2.1,313,10050,0.0,0.56,2026-08-10T15:32:55+00:00
2025-09-01,tbay,96,2025-08-28,17.230,19.854,16.180,16.582,neutral,4.7,264,10050,0.0,0.56,2026-08-10T15:32:55+00:00
2025-09-02,tbay,120,2025-08-28,17.300,19.664,16.180,16.436,neutral,0.2,360,10050,0.0,0.56,2026-08-10T15:32:55+00:00
2025-08-29,tbay,0,2025-08-29,16.420,19.611,16.300,16.872,neutral,2.0,309,10050,0.0,0.56,2026-08-10T15:32:55+00:00
2025-08-30,tbay,24,2025-08-29,16.570,19.755,16.300,16.799,neutral,4.0,269,10050,0.0,0.56,2026-08-10T15:32:55+00:00
2025-08-31,tbay,48,2025-08-29,16.910,19.841,16.300,16.705,neutral,2.1,313,10050,0.0,0.56,2026-08-10T15:32:55+00:00
2025-09-01,tbay,72,2025-08-29,17.230,20.071,16.300,16.582,neutral,4.7,264,10050,0.0,0.56,2026-08-10T15:32:55+00:00
2025-09-02,tbay,96,2025-08-29,17.300,19.660,16.300,16.436,neutral,0.2,360,10050,0.0,0.56,2026-08-10T15:32:55+00:00
2025-09-03,tbay,120,2025-08-29,17.210,19.319,16.300,16.282,neutral,13.2,333,10050,0.0,0.56,2026-08-10T15:32:55+00:00
2025-08-30,tbay,0,2025-08-30,16.570,19.606,16.420,16.799,neutral,4.0,269,10050,0.0,0.56,2026-08-10T15:32:55+00:00
2025-08-31,tbay,24,2025-08-30,16.910,19.946,16.420,16.705,neutral,2.1,313,10050,0.0,0.56,2026-08-10T15:32:55+00:00
2025-09-01,tbay,48,2025-08-30,17.230,19.937,16.420,16.582,neutral,4.7,264,10050,0.0,0.56,2026-08-10T15:32:55+00:00
2025-09-02,tbay,72,2025-08-30,17.300,19.417,16.420,16.436,neutral,0.2,360,10050,0.0,0.56,2026-08-10T15:32:55+00:00
2025-09-03,tbay,96,2025-08-30,17.210,13.842,16.420,16.282,neutral,13.2,333,10050,0.0,0.56,2026-08-10T15:32:55+00:00
2025-09-04,tbay,120,2025-08-30,17.060,19.306,16.420,16.136,neutral,10.1,279,10050,0.0,0.56,2026-08-10T15:32:55+00:00
2025-08-31,tbay,0,2025-08-31,16.910,19.561,16.570,16.705,neutral,2.1,313,10050,0.0,0.56,2026-08-10T15:32:55+00:00
2025-09-01,tbay,24,2025-08-31,17.230,20.265,16.570,16.582,neutral,4.7,264,10050,0.0,0.56,2026-08-10T15:32:55+00:00
2025-09-02,tbay,48,2025-08-31,17.300,20.237,16.570,16.436,neutral,0.2,360,10050,0.0,0.56,2026-08-10T15:32:55+00:00
2025-09-03,tbay,72,2025-08-31,17.210,12.847,16.570,16.282,neutral,13.2,333,10050,0.0,0.56,2026-08-10T15:32:55+00:00
2025-09-04,tbay,96,2025-08-31,17.060,19.799,16.570,16.136,neutral,10.1,279,10050,0.0,0.56,2026-08-10T15:32:55+00:00
2025-09-05,tbay,120,2025-08-31,16.850,18.801,16.570,16.005,neutral,9.0,297,10050,0.0,0.56,2026-08-10T15:32:55+00:00
2025-09-01,tbay,0,2025-09-01,17.230,20.151,16.910,16.582,neutral,4.7,264,10050,0.0,0.56,2026-08-10T15:32:55+00:00
2025-09-02,tbay,24,2025-09-01,17.300,19.535,16.910,16.436,neutral,0.2,360,10050,0.0,0.56,2026-08-10T15:32:55+00:00
2025-09-03,tbay,48,2025-09-01,17.210,15.297,16.910,16.282,neutral,13.2,333,10050,0.0,0.56,2026-08-10T15:32:55+00:00
2025-09-04,tbay,72,2025-09-01,17.060,17.837,16.910,16.136,neutral,10.1,279,10050,0.0,0.56,2026-08-10T15:32:55+00:00
2025-09-05,tbay,96,2025-09-01,16.850,18.196,16.910,16.005,neutral,9.0,297,10050,0.0,0.56,2026-08-10T15:32:55+00:00
2025-09-06,tbay,120,2025-09-01,16.590,17.980,16.910,15.881,relaxation,5.9,267,10050,0.0,0.56,2026-08-10T15:32:55+00:00
2025-09-02,tbay,0,2025-09-02,17.300,19.849,17.230,16.436,neutral,0.2,360,10050,0.0,0.56,2026-08-10T15:32:55+00:00
2025-09-03,tbay,24,2025-09-02,17.210,12.737,17.230,16.282,neutral,13.2,333,10050,0.0,0.56,2026-08-10T15:32:55+00:00
2025-09-04,tbay,48,2025-09-02,17.060,18.360,17.230,16.136,neutral,10.1,279,10050,0.0,0.56,2026-08-10T15:32:55+00:00
2025-09-05,tbay,72,2025-09-02,16.850,17.479,17.230,16.005,neutral,9.0,297,10050,0.0,0.56,2026-08-10T15:32:55+00:00
2025-09-06,tbay,96,2025-09-02,16.590,17.931,17.230,15.881,relaxation,5.9,267,10050,0.0,0.56,2026-08-10T15:32:55+00:00
2025-09-07,tbay,120,2025-09-02,16.130,18.531,17.230,15.769,relaxation,8.5,312,10050,0.0,0.56,2026-08-10T15:32:55+00:00
2025-09-03,tbay,0,2025-09-03,17.210,14.650,17.300,16.282,neutral,13.2,333,10050,0.0,0.56,2026-08-10T15:32:55+00:00
2025-09-04,tbay,24,2025-09-03,17.060,18.926,17.300,16.136,neutral,10.1,279,10050,0.0,0.56,2026-08-10T15:32:55+00:00
2025-09-05,tbay,48,2025-09-03,16.850,17.202,17.300,16.005,neutral,9.0,297,10050,0.0,0.56,2026-08-10T15:32:55+00:00
2025-09-06,tbay,72,2025-09-03,16.590,17.425,17.300,15.881,relaxation,5.9,267,10050,0.0,0.56,2026-08-10T15:32:55+00:00
2025-09-07,tbay,96,2025-09-03,16.130,18.270,17.300,15.769,relaxation,8.5,312,10050,0.0,0.56,2026-08-10T15:32:55+00:00
2025-09-08,tbay,120,2025-09-03,15.450,17.761,17.300,15.667,neutral,2.3,272,10050,0.0,0.56,2026-08-10T15:32:55+00:00
2025-09-04,tbay,0,2025-09-04,17.060,18.265,17.210,16.136,neutral,10.1,279,10050,0.0,0.56,2026-08-10T15:32:55+00:00
2025-09-05,tbay,24,2025-09-04,16.850,17.891,17.210,16.005,neutral,9.0,297,10050,0.0,0.56,2026-08-10T15:32:55+00:00
2025-09-06,tbay,48,2025-09-04,16.590,17.729,17.210,15.881,relaxation,5.9,267,10050,0.0,0.56,2026-08-10T15:32:55+00:00
2025-09-07,tbay,72,2025-09-04,16.130,18.324,17.210,15.769,relaxation,8.5,312,10050,0.0,0.56,2026-08-10T15:32:55+00:00
2025-09-08,tbay,96,2025-09-04,15.450,17.870,17.210,15.667,neutral,2.3,272,10050,0.0,0.56,2026-08-10T15:32:55+00:00
2025-09-09,tbay,120,2025-09-04,14.540,17.173,17.210,15.575,neutral,2.3,315,10050,0.0,0.56,2026-08-10T15:32:55+00:00
2025-09-05,tbay,0,2025-09-05,16.850,16.115,17.060,16.005,neutral,9.0,297,10050,0.0,0.56,2026-08-10T15:32:55+00:00
2025-09-06,tbay,24,2025-09-05,16.590,17.971,17.060,15.881,relaxation,5.9,267,10050,0.0,0.56,2026-08-10T15:32:55+00:00
2025-09-07,tbay,48,2025-09-05,16.130,17.885,17.060,15.769,relaxation,8.5,312,10050,0.0,0.56,2026-08-10T15:32:55+00:00
2025-09-08,tbay,72,2025-09-05,15.450,18.186,17.060,15.667,neutral,2.3,272,10050,0.0,0.56,2026-08-10T15:32:55+00:00
2025-09-09,tbay,96,2025-09-05,14.540,17.080,17.060,15.575,neutral,2.3,315,10050,0.0,0.56,2026-08-10T15:32:55+00:00
2025-09-10,tbay,120,2025-09-05,14.000,17.333,17.060,15.499,neutral,2.4,14,10050,0.0,0.56,2026-08-10T15:32:55+00:00
2025-09-06,tbay,0,2025-09-06,16.590,17.566,16.850,15.881,relaxation,5.9,267,10050,0.0,0.56,2026-08-10T15:32:55+00:00
2025-09-07,tbay,24,2025-09-06,16.130,18.321,16.850,15.769,relaxation,8.5,312,10050,0.0,0.56,2026-08-10T15:32:55+00:00
2025-09-08,tbay,48,2025-09-06,15.450,18.372,16.850,15.667,neutral,2.3,272,10050,0.0,0.56,2026-08-10T15:32:55+00:00
2025-09-09,tbay,72,2025-09-06,14.540,17.527,16.850,15.575,neutral,2.3,315,10050,0.0,0.56,2026-08-10T15:32:55+00:00
2025-09-10,tbay,96,2025-09-06,14.000,17.508,16.850,15.499,neutral,2.4,14,10050,0.0,0.56,2026-08-10T15:32:55+00:00
2025-09-11,tbay,120,2025-09-06,14.350,18.437,16.850,15.432,neutral,1.9,204,10050,0.0,0.56,2026-08-10T15:32:55+00:00
2025-09-07,tbay,0,2025-09-07,16.130,17.082,16.590,15.769,relaxation,8.5,312,10050,0.0,0.56,2026-08-10T15:32:55+00:00
2025-09-08,tbay,24,2025-09-07,15.450,18.418,16.590,15.667,neutral,2.3,272,10050,0.0,0.56,2026-08-10T15:32:55+00:00
2025-09-09,tbay,48,2025-09-07,14.540,18.126,16.590,15.575,neutral,2.3,315,10050,0.0,0.56,2026-08-10T15:32:55+00:00
2025-09-10,tbay,72,2025-09-07,14.000,17.663,16.590,15.499,neutral,2.4,14,10050,0.0,0.56,2026-08-10T15:32:55+00:00
2025-09-11,tbay,96,2025-09-07,14.350,18.333,16.590,15.432,neutral,1.9,204,10050,0.0,0.56,2026-08-10T15:32:55+00:00
2025-09-12,tbay,120,2025-09-07,14.800,18.009,16.590,15.367,neutral,0.7,203,10050,0.0,0.56,2026-08-10T15:32:55+00:00
2025-09-08,tbay,0,2025-09-08,15.450,17.932,16.130,15.667,neutral,2.3,272,10050,0.0,0.56,2026-08-10T15:32:55+00:00
2025-09-09,tbay,24,2025-09-08,14.540,17.203,16.130,15.575,neutral,2.3,315,10050,0.0,0.56,2026-08-10T15:32:55+00:00
2025-09-10,tbay,48,2025-09-08,14.000,18.120,16.130,15.499,neutral,2.4,14,10050,0.0,0.56,2026-08-10T15:32:55+00:00
2025-09-11,tbay,72,2025-09-08,14.350,18.078,16.130,15.432,neutral,1.9,204,10050,0.0,0.56,2026-08-10T15:32:55+00:00
2025-09-12,tbay,96,2025-09-08,14.800,18.060,16.130,15.367,neutral,0.7,203,10050,0.0,0.56,2026-08-10T15:32:55+00:00
2025-09-13,tbay,120,2025-09-08,15.000,17.530,16.130,15.300,neutral,2.6,272,10050,0.0,0.56,2026-08-10T15:32:55+00:00
2025-09-09,tbay,0,2025-09-09,14.540,18.488,15.450,15.575,neutral,2.3,315,10050,0.0,0.56,2026-08-10T15:32:55+00:00
2025-09-10,tbay,24,2025-09-09,14.000,18.306,15.450,15.499,neutral,2.4,14,10050,0.0,0.56,2026-08-10T15:32:55+00:00
2025-09-11,tbay,48,2025-09-09,14.350,18.139,15.450,15.432,neutral,1.9,204,10050,0.0,0.56,2026-08-10T15:32:55+00:00
2025-09-12,tbay,72,2025-09-09,14.800,18.079,15.450,15.367,neutral,0.7,203,10050,0.0,0.56,2026-08-10T15:32:55+00:00
2025-09-13,tbay,96,2025-09-09,15.000,17.746,15.450,15.300,neutral,2.6,272,10050,0.0,0.56,2026-08-10T15:32:55+00:00
2025-09-14,tbay,120,2025-09-09,15.150,18.297,15.450,15.235,neutral,5.1,79,10050,0.0,0.56,2026-08-10T15:32:55+00:00
2025-09-10,tbay,0,2025-09-10,14.000,18.105,14.540,15.499,neutral,2.4,14,10050,0.0,0.56,2026-08-10T15:32:55+00:00
2025-09-11,tbay,24,2025-09-10,14.350,18.172,14.540,15.432,neutral,1.9,204,10050,0.0,0.56,2026-08-10T15:32:55+00:00
2025-09-12,tbay,48,2025-09-10,14.800,17.836,14.540,15.367,neutral,0.7,203,10050,0.0,0.56,2026-08-10T15:32:55+00:00
2025-09-13,tbay,72,2025-09-10,15.000,17.755,14.540,15.300,neutral,2.6,272,10050,0.0,0.56,2026-08-10T15:32:55+00:00
2025-09-14,tbay,96,2025-09-10,15.150,18.010,14.540,15.235,neutral,5.1,79,10050,0.0,0.56,2026-08-10T15:32:55+00:00
2025-09-15,tbay,120,2025-09-10,15.390,17.582,14.540,15.168,neutral,4.7,64,10050,0.0,0.56,2026-08-10T15:32:55+00:00
2025-09-11,tbay,0,2025-09-11,14.350,18.249,14.000,15.432,neutral,1.9,204,10050,0.0,0.56,2026-08-10T15:32:55+00:00
2025-09-12,tbay,24,2025-09-11,14.800,17.965,14.000,15.367,neutral,0.7,203,10050,0.0,0.56,2026-08-10T15:32:55+00:00
2025-09-13,tbay,48,2025-09-11,15.000,18.235,14.000,15.300,neutral,2.6,272,10050,0.0,0.56,2026-08-10T15:32:55+00:00
2025-09-14,tbay,72,2025-09-11,15.150,18.146,14.000,15.235,neutral,5.1,79,10050,0.0,0.56,2026-08-10T15:32:55+00:00
2025-09-15,tbay,96,2025-09-11,15.390,18.004,14.000,15.168,neutral,4.7,64,10050,0.0,0.56,2026-08-10T15:32:55+00:00
2025-09-16,tbay,120,2025-09-11,15.610,17.533,14.000,15.107,neutral,1.9,133,10050,0.0,0.56,2026-08-10T15:32:55+00:00
2025-09-12,tbay,0,2025-09-12,14.800,18.219,14.350,15.367,neutral,0.7,203,10050,0.0,0.56,2026-08-10T15:32:55+00:00
2025-09-13,tbay,24,2025-09-12,15.000,18.137,14.350,15.300,neutral,2.6,272,10050,0.0,0.56,2026-08-10T15:32:55+00:00
2025-09-14,tbay,48,2025-09-12,15.150,17.744,14.350,15.235,neutral,5.1,79,10050,0.0,0.56,2026-08-10T15:32:55+00:00
2025-09-15,tbay,72,2025-09-12,15.390,17.988,14.350,15.168,neutral,4.7,64,10050,0.0,0.56,2026-08-10T15:32:55+00:00
2025-09-16,tbay,96,2025-09-12,15.610,17.555,14.350,15.107,neutral,1.9,133,10050,0.0,0.56,2026-08-10T15:32:55+00:00
2025-09-17,tbay,120,2025-09-12,15.610,17.021,14.350,15.057,neutral,5.4,291,10050,0.0,0.56,2026-08-10T15:32:55+00:00
2025-09-13,tbay,0,2025-09-13,15.000,18.387,14.800,15.300,neutral,2.6,272,10050,0.0,0.56,2026-08-10T15:32:55+00:00
2025-09-14,tbay,24,2025-09-13,15.150,17.922,14.800,15.235,neutral,5.1,79,10050,0.0,0.56,2026-08-10T15:32:55+00:00
2025-09-15,tbay,48,2025-09-13,15.390,17.778,14.800,15.168,neutral,4.7,64,10050,0.0,0.56,2026-08-10T15:32:55+00:00
2025-09-16,tbay,72,2025-09-13,15.610,17.810,14.800,15.107,neutral,1.9,133,10050,0.0,0.56,2026-08-10T15:32:55+00:00
2025-09-17,tbay,96,2025-09-13,15.610,17.308,14.800,15.057,neutral,5.4,291,10050,0.0,0.56,2026-08-10T15:32:55+00:00
2025-09-18,tbay,120,2025-09-13,15.590,17.024,14.800,15.010,neutral,5.4,27,10050,0.0,0.56,2026-08-10T15:32:55+00:00
2025-09-14,tbay,0,2025-09-14,15.150,17.742,15.000,15.235,neutral,5.1,79,10050,0.0,0.56,2026-08-10T15:32:55+00:00
2025-09-15,tbay,24,2025-09-14,15.390,18.122,15.000,15.168,neutral,4.7,64,10050,0.0,0.56,2026-08-10T15:32:55+00:00
2025-09-16,tbay,48,2025-09-14,15.610,18.287,15.000,15.107,neutral,1.9,133,10050,0.0,0.56,2026-08-10T15:32:55+00:00
2025-09-17,tbay,72,2025-09-14,15.610,17.379,15.000,15.057,neutral,5.4,291,10050,0.0,0.56,2026-08-10T15:32:55+00:00
2025-09-18,tbay,96,2025-09-14,15.590,17.258,15.000,15.010,neutral,5.4,27,10050,0.0,0.56,2026-08-10T15:32:55+00:00
2025-09-19,tbay,120,2025-09-14,15.580,17.931,15.000,14.960,neutral,7.0,66,10050,0.0,0.56,2026-08-10T15:32:55+00:00
2025-09-15,tbay,0,2025-09-15,15.390,17.997,15.150,15.168,neutral,4.7,64,10050,0.0,0.56,2026-08-10T15:32:55+00:00
2025-09-16,tbay,24,2025-09-15,15.610,17.913,15.150,15.107,neutral,1.9,133,10050,0.0,0.56,2026-08-10T15:32:55+00:00
2025-09-17,tbay,48,2025-09-15,15.610,17.302,15.150,15.057,neutral,5.4,291,10050,0.0,0.56,2026-08-10T15:32:55+00:00
2025-09-18,tbay,72,2025-09-15,15.590,18.006,15.150,15.010,neutral,5.4,27,10050,0.0,0.56,2026-08-10T15:32:55+00:00
2025-09-19,tbay,96,2025-09-15,15.580,17.702,15.150,14.960,neutral,7.0,66,10050,0.0,0.56,2026-08-10T15:32:55+00:00
2025-09-20,tbay,120,2025-09-15,15.560,16.293,15.150,14.911,neutral,7.7,80,10050,0.0,0.56,2026-08-10T15:32:55+00:00
2025-09-16,tbay,0,2025-09-16,15.610,18.115,15.390,15.107,neutral,1.9,133,10050,0.0,0.56,2026-08-10T15:32:55+00:00
2025-09-17,tbay,24,2025-09-16,15.610,17.179,15.390,15.057,neutral,5.4,291,10050,0.0,0.56,2026-08-10T15:32:55+00:00
2025-09-18,tbay,48,2025-09-16,15.590,18.015,15.390,15.010,neutral,5.4,27,10050,0.0,0.56,2026-08-10T15:32:55+00:00
2025-09-19,tbay,72,2025-09-16,15.580,17.582,15.390,14.960,neutral,7.0,66,10050,0.0,0.56,2026-08-10T15:32:55+00:00
2025-09-20,tbay,96,2025-09-16,15.560,16.800,15.390,14.911,neutral,7.7,80,10050,0.0,0.56,2026-08-10T15:32:55+00:00
2025-09-21,tbay,120,2025-09-16,15.610,16.503,15.390,14.865,neutral,2.8,72,10050,0.0,0.56,2026-08-10T15:32:55+00:00
2025-09-17,tbay,0,2025-09-17,15.610,17.012,15.610,15.057,neutral,5.4,291,10050,0.0,0.56,2026-08-10T15:32:55+00:00
2025-09-18,tbay,24,2025-09-17,15.590,18.003,15.610,15.010,neutral,5.4,27,10050,0.0,0.56,2026-08-10T15:32:55+00:00
2025-09-19,tbay,48,2025-09-17,15.580,17.001,15.610,14.960,neutral,7.0,66,10050,0.0,0.56,2026-08-10T15:32:55+00:00
2025-09-20,tbay,72,2025-09-17,15.560,16.471,15.610,14.911,neutral,7.7,80,10050,0.0,0.56,2026-08-10T15:32:55+00:00
2025-09-21,tbay,96,2025-09-17,15.610,15.855,15.610,14.865,neutral,2.8,72,10050,0.0,0.56,2026-08-10T15:32:55+00:00
2025-09-22,tbay,120,2025-09-17,15.690,15.408,15.610,14.820,neutral,2.7,63,10050,0.0,0.56,2026-08-10T15:32:55+00:00
2025-09-18,tbay,0,2025-09-18,15.590,18.079,15.610,15.010,neutral,5.4,27,10050,0.0,0.56,2026-08-10T15:32:55+00:00
2025-09-19,tbay,24,2025-09-18,15.580,17.245,15.610,14.960,neutral,7.0,66,10050,0.0,0.56,2026-08-10T15:32:55+00:00
2025-09-20,tbay,48,2025-09-18,15.560,16.523,15.610,14.911,neutral,7.7,80,10050,0.0,0.56,2026-08-10T15:32:55+00:00
2025-09-21,tbay,72,2025-09-18,15.610,15.817,15.610,14.865,neutral,2.8,72,10050,0.0,0.56,2026-08-10T15:32:55+00:00
2025-09-22,tbay,96,2025-09-18,15.690,15.262,15.610,14.820,neutral,2.7,63,10050,0.0,0.56,2026-08-10T15:32:55+00:00
2025-09-23,tbay,120,2025-09-18,15.730,14.759,15.610,14.774,neutral,2.4,331,10050,0.0,0.56,2026-08-10T15:32:55+00:00
2025-09-19,tbay,0,2025-09-19,15.580,17.331,15.590,14.960,neutral,7.0,66,10050,0.0,0.56,2026-08-10T15:32:55+00:00
2025-09-20,tbay,24,2025-09-19,15.560,16.463,15.590,14.911,neutral,7.7,80,10050,0.0,0.56,2026-08-10T15:32:55+00:00
2025-09-21,tbay,48,2025-09-19,15.610,15.634,15.590,14.865,neutral,2.8,72,10050,0.0,0.56,2026-08-10T15:32:55+00:00
2025-09-22,tbay,72,2025-09-19,15.690,15.558,15.590,14.820,neutral,2.7,63,10050,0.0,0.56,2026-08-10T15:32:55+00:00
2025-09-23,tbay,96,2025-09-19,15.730,15.573,15.590,14.774,neutral,2.4,331,10050,0.0,0.56,2026-08-10T15:32:55+00:00
2025-09-24,tbay,120,2025-09-19,15.670,15.768,15.590,14.719,neutral,1.3,32,10050,0.0,0.56,2026-08-10T15:32:55+00:00
2025-09-20,tbay,0,2025-09-20,15.560,16.387,15.580,14.911,neutral,7.7,80,10050,0.0,0.56,2026-08-10T15:32:55+00:00
2025-09-21,tbay,24,2025-09-20,15.610,15.570,15.580,14.865,neutral,2.8,72,10050,0.0,0.56,2026-08-10T15:32:55+00:00
2025-09-22,tbay,48,2025-09-20,15.690,15.456,15.580,14.820,neutral,2.7,63,10050,0.0,0.56,2026-08-10T15:32:55+00:00
2025-09-23,tbay,72,2025-09-20,15.730,15.829,15.580,14.774,neutral,2.4,331,10050,0.0,0.56,2026-08-10T15:32:55+00:00
2025-09-24,tbay,96,2025-09-20,15.670,15.875,15.580,14.719,neutral,1.3,32,10050,0.0,0.56,2026-08-10T15:32:55+00:00
2025-09-25,tbay,120,2025-09-20,15.490,15.481,15.580,14.656,neutral,1.0,217,10050,0.0,0.56,2026-08-10T15:32:55+00:00
2025-09-21,tbay,0,2025-09-21,15.610,15.617,15.560,14.865,neutral,2.8,72,10050,0.0,0.56,2026-08-10T15:32:55+00:00
2025-09-22,tbay,24,2025-09-21,15.690,15.385,15.560,14.820,neutral,2.7,63,10050,0.0,0.56,2026-08-10T15:32:55+00:00
2025-09-23,tbay,48,2025-09-21,15.730,15.488,15.560,14.774,neutral,2.4,331,10050,0.0,0.56,2026-08-10T15:32:55+00:00
2025-09-24,tbay,72,2025-09-21,15.670,15.644,15.560,14.719,neutral,1.3,32,10050,0.0,0.56,2026-08-10T15:32:55+00:00
2025-09-25,tbay,96,2025-09-21,15.490,15.350,15.560,14.656,neutral,1.0,217,10050,0.0,0.56,2026-08-10T15:32:55+00:00
2025-09-26,tbay,120,2025-09-21,15.260,14.791,15.560,14.587,neutral,2.3,303,10050,0.0,0.56,2026-08-10T15:32:55+00:00
2025-09-22,tbay,0,2025-09-22,15.690,15.522,15.610,14.820,neutral,2.7,63,10050,0.0,0.56,2026-08-10T15:32:55+00:00
2025-09-23,tbay,24,2025-09-22,15.730,15.288,15.610,14.774,neutral,2.4,331,10050,0.0,0.56,2026-08-10T15:32:55+00:00
2025-09-24,tbay,48,2025-09-22,15.670,15.569,15.610,14.719,neutral,1.3,32,10050,0.0,0.56,2026-08-10T15:32:55+00:00
2025-09-25,tbay,72,2025-09-22,15.490,15.313,15.610,14.656,neutral,1.0,217,10050,0.0,0.56,2026-08-10T15:32:55+00:00
2025-09-26,tbay,96,2025-09-22,15.260,14.763,15.610,14.587,neutral,2.3,303,10050,0.0,0.56,2026-08-10T15:32:55+00:00
2025-09-27,tbay,120,2025-09-22,15.070,15.079,15.610,14.500,neutral,3.4,299,10050,0.0,0.56,2026-08-10T15:32:55+00:00
2025-09-23,tbay,0,2025-09-23,15.730,15.225,15.690,14.774,neutral,2.4,331,10050,0.0,0.56,2026-08-10T15:32:55+00:00
2025-09-24,tbay,24,2025-09-23,15.670,15.395,15.690,14.719,neutral,1.3,32,10050,0.0,0.56,2026-08-10T15:32:55+00:00
2025-09-25,tbay,48,2025-09-23,15.490,15.145,15.690,14.656,neutral,1.0,217,10050,0.0,0.56,2026-08-10T15:32:55+00:00
2025-09-26,tbay,72,2025-09-23,15.260,14.735,15.690,14.587,neutral,2.3,303,10050,0.0,0.56,2026-08-10T15:32:55+00:00
2025-09-27,tbay,96,2025-09-23,15.070,14.518,15.690,14.500,neutral,3.4,299,10050,0.0,0.56,2026-08-10T15:32:55+00:00
2025-09-28,tbay,120,2025-09-23,14.910,14.119,15.690,14.398,neutral,6.5,271,10050,0.0,0.56,2026-08-10T15:32:55+00:00
2025-09-24,tbay,0,2025-09-24,15.670,15.149,15.730,14.719,neutral,1.3,32,10050,0.0,0.56,2026-08-10T15:32:55+00:00
2025-09-25,tbay,24,2025-09-24,15.490,14.922,15.730,14.656,neutral,1.0,217,10050,0.0,0.56,2026-08-10T15:32:55+00:00
2025-09-26,tbay,48,2025-09-24,15.260,14.759,15.730,14.587,neutral,2.3,303,10050,0.0,0.56,2026-08-10T15:32:55+00:00
2025-09-27,tbay,72,2025-09-24,15.070,14.686,15.730,14.500,neutral,3.4,299,10050,0.0,0.56,2026-08-10T15:32:55+00:00
2025-09-28,tbay,96,2025-09-24,14.910,14.438,15.730,14.398,neutral,6.5,271,10050,0.0,0.56,2026-08-10T15:32:55+00:00
2025-09-29,tbay,120,2025-09-24,14.740,13.823,15.730,14.282,neutral,3.2,286,10050,0.0,0.56,2026-08-10T15:32:55+00:00
2025-09-25,tbay,0,2025-09-25,15.490,14.998,15.670,14.656,neutral,1.0,217,10050,0.0,0.56,2026-08-10T15:32:55+00:00
2025-09-26,tbay,24,2025-09-25,15.260,14.365,15.670,14.587,neutral,2.3,303,10050,0.0,0.56,2026-08-10T15:32:55+00:00
2025-09-27,tbay,48,2025-09-25,15.070,13.982,15.670,14.500,neutral,3.4,299,10050,0.0,0.56,2026-08-10T15:32:55+00:00
2025-09-28,tbay,72,2025-09-25,14.910,13.939,15.670,14.398,neutral,6.5,271,10050,0.0,0.56,2026-08-10T15:32:55+00:00
2025-09-29,tbay,96,2025-09-25,14.740,14.040,15.670,14.282,neutral,3.2,286,10050,0.0,0.56,2026-08-10T15:32:55+00:00
2025-09-30,tbay,120,2025-09-25,14.680,14.249,15.670,14.155,neutral,9.5,70,10050,0.0,0.56,2026-08-10T15:32:55+00:00
2025-09-26,tbay,0,2025-09-26,15.260,14.858,15.490,14.587,neutral,2.3,303,10050,0.0,0.56,2026-08-10T15:32:55+00:00
2025-09-27,tbay,24,2025-09-26,15.070,14.281,15.490,14.500,neutral,3.4,299,10050,0.0,0.56,2026-08-10T15:32:55+00:00
2025-09-28,tbay,48,2025-09-26,14.910,13.777,15.490,14.398,neutral,6.5,271,10050,0.0,0.56,2026-08-10T15:32:55+00:00
2025-09-29,tbay,72,2025-09-26,14.740,13.450,15.490,14.282,neutral,3.2,286,10050,0.0,0.56,2026-08-10T15:32:55+00:00
2025-09-30,tbay,96,2025-09-26,14.680,14.276,15.490,14.155,neutral,9.5,70,10050,0.0,0.56,2026-08-10T15:32:55+00:00
2025-10-01,tbay,120,2025-09-26,14.880,14.385,15.490,14.023,neutral,5.0,83,10050,0.0,0.56,2026-08-10T15:32:55+00:00
2025-09-27,tbay,0,2025-09-27,15.070,14.137,15.260,14.500,neutral,3.4,299,10050,0.0,0.56,2026-08-10T15:32:55+00:00
2025-09-28,tbay,24,2025-09-27,14.910,13.662,15.260,14.398,neutral,6.5,271,10050,0.0,0.56,2026-08-10T15:32:55+00:00
2025-09-29,tbay,48,2025-09-27,14.740,13.397,15.260,14.282,neutral,3.2,286,10050,0.0,0.56,2026-08-10T15:32:55+00:00
2025-09-30,tbay,72,2025-09-27,14.680,14.347,15.260,14.155,neutral,9.5,70,10050,0.0,0.56,2026-08-10T15:32:55+00:00
2025-10-01,tbay,96,2025-09-27,14.880,14.846,15.260,14.023,neutral,5.0,83,10050,0.0,0.56,2026-08-10T15:32:55+00:00
2025-10-02,tbay,120,2025-09-27,15.080,14.568,15.260,13.882,neutral,1.6,147,10050,0.0,0.56,2026-08-10T15:32:55+00:00
2025-09-28,tbay,0,2025-09-28,14.910,13.525,15.070,14.398,neutral,6.5,271,10050,0.0,0.56,2026-08-10T15:32:55+00:00
2025-09-29,tbay,24,2025-09-28,14.740,12.887,15.070,14.282,neutral,3.2,286,10050,0.0,0.56,2026-08-10T15:32:55+00:00
2025-09-30,tbay,48,2025-09-28,14.680,14.184,15.070,14.155,neutral,9.5,70,10050,0.0,0.56,2026-08-10T15:32:55+00:00
2025-10-01,tbay,72,2025-09-28,14.880,14.281,15.070,14.023,neutral,5.0,83,10050,0.0,0.56,2026-08-10T15:32:55+00:00
2025-10-02,tbay,96,2025-09-28,15.080,13.543,15.070,13.882,neutral,1.6,147,10050,0.0,0.56,2026-08-10T15:32:55+00:00
2025-10-03,tbay,120,2025-09-28,15.190,13.035,15.070,13.741,neutral,4.6,295,10050,0.0,0.56,2026-08-10T15:32:55+00:00
2025-09-29,tbay,0,2025-09-29,14.740,13.112,14.910,14.282,neutral,3.2,286,10050,0.0,0.56,2026-08-10T15:32:55+00:00
2025-09-30,tbay,24,2025-09-29,14.680,14.105,14.910,14.155,neutral,9.5,70,10050,0.0,0.56,2026-08-10T15:32:55+00:00
2025-10-01,tbay,48,2025-09-29,14.880,14.062,14.910,14.023,neutral,5.0,83,10050,0.0,0.56,2026-08-10T15:32:55+00:00
2025-10-02,tbay,72,2025-09-29,15.080,13.510,14.910,13.882,neutral,1.6,147,10050,0.0,0.56,2026-08-10T15:32:55+00:00
2025-10-03,tbay,96,2025-09-29,15.190,12.793,14.910,13.741,neutral,4.6,295,10050,0.0,0.56,2026-08-10T15:32:55+00:00
2025-10-04,tbay,120,2025-09-29,15.140,12.423,14.910,13.597,neutral,1.6,104,10050,0.0,0.56,2026-08-10T15:32:55+00:00
2025-09-30,tbay,0,2025-09-30,14.680,14.267,14.740,14.155,neutral,9.5,70,10050,0.0,0.56,2026-08-10T15:32:55+00:00
2025-10-01,tbay,24,2025-09-30,14.880,14.374,14.740,14.023,neutral,5.0,83,10050,0.0,0.56,2026-08-10T15:32:55+00:00
2025-10-02,tbay,48,2025-09-30,15.080,14.475,14.740,13.882,neutral,1.6,147,10050,0.0,0.56,2026-08-10T15:32:55+00:00
2025-10-03,tbay,72,2025-09-30,15.190,12.904,14.740,13.741,neutral,4.6,295,10050,0.0,0.56,2026-08-10T15:32:55+00:00
2025-10-04,tbay,96,2025-09-30,15.140,12.585,14.740,13.597,neutral,1.6,104,10050,0.0,0.56,2026-08-10T15:32:55+00:00
2025-10-05,tbay,120,2025-09-30,15.180,12.609,14.740,13.443,neutral,9.1,202,10050,0.0,0.56,2026-08-10T15:32:55+00:00
2025-10-01,tbay,0,2025-10-01,14.880,14.366,14.680,14.023,neutral,5.0,83,10050,0.0,0.56,2026-08-10T15:32:55+00:00
2025-10-02,tbay,24,2025-10-01,15.080,14.452,14.680,13.882,neutral,1.6,147,10050,0.0,0.56,2026-08-10T15:32:55+00:00
2025-10-03,tbay,48,2025-10-01,15.190,13.775,14.680,13.741,neutral,4.6,295,10050,0.0,0.56,2026-08-10T15:32:55+00:00
2025-10-04,tbay,72,2025-10-01,15.140,13.279,14.680,13.597,neutral,1.6,104,10050,0.0,0.56,2026-08-10T15:32:55+00:00
2025-10-05,tbay,96,2025-10-01,15.180,12.657,14.680,13.443,neutral,9.1,202,10050,0.0,0.56,2026-08-10T15:32:55+00:00
2025-10-06,tbay,120,2025-10-01,14.780,11.759,14.680,13.277,neutral,5.9,302,10050,0.0,0.56,2026-08-10T15:32:55+00:00
2025-10-02,tbay,0,2025-10-02,15.080,14.512,14.880,13.882,neutral,1.6,147,10050,0.0,0.56,2026-08-10T15:32:55+00:00
2025-10-03,tbay,24,2025-10-02,15.190,13.973,14.880,13.741,neutral,4.6,295,10050,0.0,0.56,2026-08-10T15:32:55+00:00
2025-10-04,tbay,48,2025-10-02,15.140,14.425,14.880,13.597,neutral,1.6,104,10050,0.0,0.56,2026-08-10T15:32:55+00:00
2025-10-05,tbay,72,2025-10-02,15.180,12.679,14.880,13.443,neutral,9.1,202,10050,0.0,0.56,2026-08-10T15:32:55+00:00
2025-10-06,tbay,96,2025-10-02,14.780,11.543,14.880,13.277,neutral,5.9,302,10050,0.0,0.56,2026-08-10T15:32:55+00:00
2025-10-07,tbay,120,2025-10-02,14.190,11.369,14.880,13.100,neutral,6.6,248,10050,0.0,0.56,2026-08-10T15:32:55+00:00
2025-10-03,tbay,0,2025-10-03,15.190,13.751,15.080,13.741,neutral,4.6,295,10050,0.0,0.56,2026-08-10T15:32:55+00:00
2025-10-04,tbay,24,2025-10-03,15.140,14.407,15.080,13.597,neutral,1.6,104,10050,0.0,0.56,2026-08-10T15:32:55+00:00
2025-10-05,tbay,48,2025-10-03,15.180,13.504,15.080,13.443,neutral,9.1,202,10050,0.0,0.56,2026-08-10T15:32:55+00:00
2025-10-06,tbay,72,2025-10-03,14.780,11.937,15.080,13.277,neutral,5.9,302,10050,0.0,0.56,2026-08-10T15:32:55+00:00
2025-10-07,tbay,96,2025-10-03,14.190,11.779,15.080,13.100,neutral,6.6,248,10050,0.0,0.56,2026-08-10T15:32:55+00:00
2025-10-08,tbay,120,2025-10-03,13.880,11.266,15.080,12.908,neutral,5.5,295,10050,0.0,0.56,2026-08-10T15:32:55+00:00
2025-10-04,tbay,0,2025-10-04,15.140,14.566,15.190,13.597,neutral,1.6,104,10050,0.0,0.56,2026-08-10T15:32:55+00:00
2025-10-05,tbay,24,2025-10-04,15.180,13.367,15.190,13.443,neutral,9.1,202,10050,0.0,0.56,2026-08-10T15:32:55+00:00
2025-10-06,tbay,48,2025-10-04,14.780,11.893,15.190,13.277,neutral,5.9,302,10050,0.0,0.56,2026-08-10T15:32:55+00:00
2025-10-07,tbay,72,2025-10-04,14.190,11.783,15.190,13.100,neutral,6.6,248,10050,0.0,0.56,2026-08-10T15:32:55+00:00
2025-10-08,tbay,96,2025-10-04,13.880,11.473,15.190,12.908,neutral,5.5,295,10050,0.0,0.56,2026-08-10T15:32:55+00:00
2025-10-09,tbay,120,2025-10-04,13.720,11.167,15.190,12.710,neutral,1.1,340,10050,0.0,0.56,2026-08-10T15:32:55+00:00
2025-10-05,tbay,0,2025-10-05,15.180,13.132,15.140,13.443,neutral,9.1,202,10050,0.0,0.56,2026-08-10T15:32:55+00:00
2025-10-06,tbay,24,2025-10-05,14.780,11.843,15.140,13.277,neutral,5.9,302,10050,0.0,0.56,2026-08-10T15:32:55+00:00
2025-10-07,tbay,48,2025-10-05,14.190,11.579,15.140,13.100,neutral,6.6,248,10050,0.0,0.56,2026-08-10T15:32:55+00:00
2025-10-08,tbay,72,2025-10-05,13.880,11.301,15.140,12.908,neutral,5.5,295,10050,0.0,0.56,2026-08-10T15:32:55+00:00
2025-10-09,tbay,96,2025-10-05,13.720,10.888,15.140,12.710,neutral,1.1,340,10050,0.0,0.56,2026-08-10T15:32:55+00:00
2025-10-10,tbay,120,2025-10-05,13.520,10.741,15.140,12.505,neutral,10.4,295,10050,0.0,0.56,2026-08-10T15:32:55+00:00
2025-10-06,tbay,0,2025-10-06,14.780,11.743,15.180,13.277,neutral,5.9,302,10050,0.0,0.56,2026-08-10T15:32:55+00:00
2025-10-07,tbay,24,2025-10-06,14.190,11.538,15.180,13.100,neutral,6.6,248,10050,0.0,0.56,2026-08-10T15:32:55+00:00
2025-10-08,tbay,48,2025-10-06,13.880,10.971,15.180,12.908,neutral,5.5,295,10050,0.0,0.56,2026-08-10T15:32:55+00:00
2025-10-09,tbay,72,2025-10-06,13.720,10.900,15.180,12.710,neutral,1.1,340,10050,0.0,0.56,2026-08-10T15:32:55+00:00
2025-10-10,tbay,96,2025-10-06,13.520,10.768,15.180,12.505,neutral,10.4,295,10050,0.0,0.56,2026-08-10T15:32:55+00:00
2025-10-11,tbay,120,2025-10-06,13.310,10.965,15.180,12.296,neutral,1.3,333,10050,0.0,0.56,2026-08-10T15:32:55+00:00
2025-10-07,tbay,0,2025-10-07,14.190,11.552,14.780,13.100,neutral,6.6,248,10050,0.0,0.56,2026-08-10T15:32:55+00:00
2025-10-08,tbay,24,2025-10-07,13.880,11.100,14.780,12.908,neutral,5.5,295,10050,0.0,0.56,2026-08-10T15:32:55+00:00
2025-10-09,tbay,48,2025-10-07,13.720,10.983,14.780,12.710,neutral,1.1,340,10050,0.0,0.56,2026-08-10T15:32:55+00:00
2025-10-10,tbay,72,2025-10-07,13.520,10.800,14.780,12.505,neutral,10.4,295,10050,0.0,0.56,2026-08-10T15:32:55+00:00
2025-10-11,tbay,96,2025-10-07,13.310,11.150,14.780,12.296,neutral,1.3,333,10050,0.0,0.56,2026-08-10T15:32:55+00:00
2025-10-12,tbay,120,2025-10-07,13.220,10.747,14.780,12.091,neutral,9.8,170,10050,0.0,0.56,2026-08-10T15:32:55+00:00
2025-10-08,tbay,0,2025-10-08,13.880,11.064,14.190,12.908,neutral,5.5,295,10050,0.0,0.56,2026-08-10T15:32:55+00:00
2025-10-09,tbay,24,2025-10-08,13.720,10.966,14.190,12.710,neutral,1.1,340,10050,0.0,0.56,2026-08-10T15:32:55+00:00
2025-10-10,tbay,48,2025-10-08,13.520,10.867,14.190,12.505,neutral,10.4,295,10050,0.0,0.56,2026-08-10T15:32:55+00:00
2025-10-11,tbay,72,2025-10-08,13.310,11.185,14.190,12.296,neutral,1.3,333,10050,0.0,0.56,2026-08-10T15:32:55+00:00
2025-10-12,tbay,96,2025-10-08,13.220,10.828,14.190,12.091,neutral,9.8,170,10050,0.0,0.56,2026-08-10T15:32:55+00:00
2025-10-13,tbay,120,2025-10-08,13.050,10.909,14.190,11.893,neutral,9.1,254,10050,0.0,0.56,2026-08-10T15:32:55+00:00
2025-10-09,tbay,0,2025-10-09,13.720,11.000,13.880,12.710,neutral,1.1,340,10050,0.0,0.56,2026-08-10T15:32:55+00:00
2025-10-10,tbay,24,2025-10-09,13.520,10.908,13.880,12.505,neutral,10.4,295,10050,0.0,0.56,2026-08-10T15:32:55+00:00
2025-10-11,tbay,48,2025-10-09,13.310,10.672,13.880,12.296,neutral,1.3,333,10050,0.0,0.56,2026-08-10T15:32:55+00:00
2025-10-12,tbay,72,2025-10-09,13.220,10.756,13.880,12.091,neutral,9.8,170,10050,0.0,0.56,2026-08-10T15:32:55+00:00
2025-10-13,tbay,96,2025-10-09,13.050,10.812,13.880,11.893,neutral,9.1,254,10050,0.0,0.56,2026-08-10T15:32:55+00:00
2025-10-14,tbay,120,2025-10-09,12.810,11.058,13.880,11.707,neutral,5.2,307,10050,0.0,0.56,2026-08-10T15:32:55+00:00
2025-10-10,tbay,0,2025-10-10,13.520,10.920,13.720,12.505,neutral,10.4,295,10050,0.0,0.56,2026-08-10T15:32:55+00:00
2025-10-11,tbay,24,2025-10-10,13.310,10.839,13.720,12.296,neutral,1.3,333,10050,0.0,0.56,2026-08-10T15:32:55+00:00
2025-10-12,tbay,48,2025-10-10,13.220,10.782,13.720,12.091,neutral,9.8,170,10050,0.0,0.56,2026-08-10T15:32:55+00:00
2025-10-13,tbay,72,2025-10-10,13.050,10.826,13.720,11.893,neutral,9.1,254,10050,0.0,0.56,2026-08-10T15:32:55+00:00
2025-10-14,tbay,96,2025-10-10,12.810,11.008,13.720,11.707,neutral,5.2,307,10050,0.0,0.56,2026-08-10T15:32:55+00:00
2025-10-15,tbay,120,2025-10-10,12.660,10.989,13.720,11.536,neutral,2.5,328,10050,0.0,0.56,2026-08-10T15:32:55+00:00
2025-10-11,tbay,0,2025-10-11,13.310,10.782,13.520,12.296,neutral,1.3,333,10050,0.0,0.56,2026-08-10T15:32:55+00:00
2025-10-12,tbay,24,2025-10-11,13.220,10.804,13.520,12.091,neutral,9.8,170,10050,0.0,0.56,2026-08-10T15:32:55+00:00
2025-10-13,tbay,48,2025-10-11,13.050,10.862,13.520,11.893,neutral,9.1,254,10050,0.0,0.56,2026-08-10T15:32:55+00:00
2025-10-14,tbay,72,2025-10-11,12.810,10.947,13.520,11.707,neutral,5.2,307,10050,0.0,0.56,2026-08-10T15:32:55+00:00
2025-10-15,tbay,96,2025-10-11,12.660,10.967,13.520,11.536,neutral,2.5,328,10050,0.0,0.56,2026-08-10T15:32:55+00:00
2025-10-16,tbay,120,2025-10-11,12.430,10.949,13.520,11.373,neutral,1.2,45,10050,0.0,0.56,2026-08-10T15:32:55+00:00
2025-10-12,tbay,0,2025-10-12,13.220,10.812,13.310,12.091,neutral,9.8,170,10050,0.0,0.56,2026-08-10T15:32:55+00:00
2025-10-13,tbay,24,2025-10-12,13.050,10.800,13.310,11.893,neutral,9.1,254,10050,0.0,0.56,2026-08-10T15:32:55+00:00
2025-10-14,tbay,48,2025-10-12,12.810,10.845,13.310,11.707,neutral,5.2,307,10050,0.0,0.56,2026-08-10T15:32:55+00:00
2025-10-15,tbay,72,2025-10-12,12.660,10.955,13.310,11.536,neutral,2.5,328,10050,0.0,0.56,2026-08-10T15:32:55+00:00
2025-10-16,tbay,96,2025-10-12,12.430,10.919,13.310,11.373,neutral,1.2,45,10050,0.0,0.56,2026-08-10T15:32:55+00:00
2025-10-17,tbay,120,2025-10-12,12.330,10.094,13.310,11.213,neutral,2.7,147,10050,0.0,0.56,2026-08-10T15:32:55+00:00
2025-10-13,tbay,0,2025-10-13,13.050,10.824,13.220,11.893,neutral,9.1,254,10050,0.0,0.56,2026-08-10T15:32:55+00:00
2025-10-14,tbay,24,2025-10-13,12.810,10.860,13.220,11.707,neutral,5.2,307,10050,0.0,0.56,2026-08-10T15:32:55+00:00
2025-10-15,tbay,48,2025-10-13,12.660,10.887,13.220,11.536,neutral,2.5,328,10050,0.0,0.56,2026-08-10T15:32:55+00:00
2025-10-16,tbay,72,2025-10-13,12.430,10.928,13.220,11.373,neutral,1.2,45,10050,0.0,0.56,2026-08-10T15:32:55+00:00
2025-10-17,tbay,96,2025-10-13,12.330,10.624,13.220,11.213,neutral,2.7,147,10050,0.0,0.56,2026-08-10T15:32:55+00:00
2025-10-18,tbay,120,2025-10-13,12.200,11.092,13.220,11.047,neutral,6.2,250,10050,0.0,0.56,2026-08-10T15:32:55+00:00
2025-10-14,tbay,0,2025-10-14,12.810,10.868,13.050,11.707,neutral,5.2,307,10050,0.0,0.56,2026-08-10T15:32:55+00:00
2025-10-15,tbay,24,2025-10-14,12.660,10.980,13.050,11.536,neutral,2.5,328,10050,0.0,0.56,2026-08-10T15:32:55+00:00
2025-10-16,tbay,48,2025-10-14,12.430,11.015,13.050,11.373,neutral,1.2,45,10050,0.0,0.56,2026-08-10T15:32:55+00:00
2025-10-17,tbay,72,2025-10-14,12.330,10.525,13.050,11.213,neutral,2.7,147,10050,0.0,0.56,2026-08-10T15:32:55+00:00
2025-10-18,tbay,96,2025-10-14,12.200,10.820,13.050,11.047,neutral,6.2,250,10050,0.0,0.56,2026-08-10T15:32:55+00:00
2025-10-19,tbay,120,2025-10-14,12.040,11.010,13.050,10.880,neutral,6.0,292,10050,0.0,0.56,2026-08-10T15:32:55+00:00
2025-10-15,tbay,0,2025-10-15,12.660,10.958,12.810,11.536,neutral,2.5,328,10050,0.0,0.56,2026-08-10T15:32:55+00:00
2025-10-16,tbay,24,2025-10-15,12.430,10.913,12.810,11.373,neutral,1.2,45,10050,0.0,0.56,2026-08-10T15:32:55+00:00
2025-10-17,tbay,48,2025-10-15,12.330,10.360,12.810,11.213,neutral,2.7,147,10050,0.0,0.56,2026-08-10T15:32:55+00:00
2025-10-18,tbay,72,2025-10-15,12.200,10.377,12.810,11.047,neutral,6.2,250,10050,0.0,0.56,2026-08-10T15:32:55+00:00
2025-10-19,tbay,96,2025-10-15,12.040,10.949,12.810,10.880,neutral,6.0,292,10050,0.0,0.56,2026-08-10T15:32:55+00:00
2025-10-20,tbay,120,2025-10-15,11.820,10.992,12.810,10.719,neutral,4.4,303,10050,0.0,0.56,2026-08-10T15:32:55+00:00
2025-10-16,tbay,0,2025-10-16,12.430,10.950,12.660,11.373,neutral,1.2,45,10050,0.0,0.56,2026-08-10T15:32:55+00:00
2025-10-17,tbay,24,2025-10-16,12.330,10.556,12.660,11.213,neutral,2.7,147,10050,0.0,0.56,2026-08-10T15:32:55+00:00
2025-10-18,tbay,48,2025-10-16,12.200,10.587,12.660,11.047,neutral,6.2,250,10050,0.0,0.56,2026-08-10T15:32:55+00:00
2025-10-19,tbay,72,2025-10-16,12.040,11.012,12.660,10.880,neutral,6.0,292,10050,0.0,0.56,2026-08-10T15:32:55+00:00
2025-10-20,tbay,96,2025-10-16,11.820,11.021,12.660,10.719,neutral,4.4,303,10050,0.0,0.56,2026-08-10T15:32:55+00:00
2025-10-21,tbay,120,2025-10-16,11.560,10.977,12.660,10.562,neutral,2.8,122,10050,0.0,0.56,2026-08-10T15:32:55+00:00
2025-10-17,tbay,0,2025-10-17,12.330,10.740,12.430,11.213,neutral,2.7,147,10050,0.0,0.56,2026-08-10T15:32:55+00:00
2025-10-18,tbay,24,2025-10-17,12.200,10.924,12.430,11.047,neutral,6.2,250,10050,0.0,0.56,2026-08-10T15:32:55+00:00
2025-10-19,tbay,48,2025-10-17,12.040,10.981,12.430,10.880,neutral,6.0,292,10050,0.0,0.56,2026-08-10T15:32:55+00:00
2025-10-20,tbay,72,2025-10-17,11.820,10.984,12.430,10.719,neutral,4.4,303,10050,0.0,0.56,2026-08-10T15:32:55+00:00
2025-10-21,tbay,96,2025-10-17,11.560,10.970,12.430,10.562,neutral,2.8,122,10050,0.0,0.56,2026-08-10T15:32:55+00:00
2025-10-22,tbay,120,2025-10-17,11.290,10.901,12.430,10.408,neutral,10.1,341,10050,0.0,0.56,2026-08-10T15:32:55+00:00
2025-10-18,tbay,0,2025-10-18,12.200,10.923,12.330,11.047,neutral,6.2,250,10050,0.0,0.56,2026-08-10T15:32:55+00:00
2025-10-19,tbay,24,2025-10-18,12.040,10.988,12.330,10.880,neutral,6.0,292,10050,0.0,0.56,2026-08-10T15:32:55+00:00
2025-10-20,tbay,48,2025-10-18,11.820,10.862,12.330,10.719,neutral,4.4,303,10050,0.0,0.56,2026-08-10T15:32:55+00:00
2025-10-21,tbay,72,2025-10-18,11.560,10.778,12.330,10.562,neutral,2.8,122,10050,0.0,0.56,2026-08-10T15:32:55+00:00
2025-10-22,tbay,96,2025-10-18,11.290,10.669,12.330,10.408,neutral,10.1,341,10050,0.0,0.56,2026-08-10T15:32:55+00:00
2025-10-23,tbay,120,2025-10-18,11.180,10.672,12.330,10.265,neutral,8.6,321,10050,0.0,0.56,2026-08-10T15:32:55+00:00
2025-10-19,tbay,0,2025-10-19,12.040,10.942,12.200,10.880,neutral,6.0,292,10050,0.0,0.56,2026-08-10T15:32:55+00:00
2025-10-20,tbay,24,2025-10-19,11.820,10.820,12.200,10.719,neutral,4.4,303,10050,0.0,0.56,2026-08-10T15:32:55+00:00
2025-10-21,tbay,48,2025-10-19,11.560,8.859,12.200,10.562,neutral,2.8,122,10050,0.0,0.56,2026-08-10T15:32:55+00:00
2025-10-22,tbay,72,2025-10-19,11.290,10.442,12.200,10.408,neutral,10.1,341,10050,0.0,0.56,2026-08-10T15:32:55+00:00
2025-10-23,tbay,96,2025-10-19,11.180,10.219,12.200,10.265,neutral,8.6,321,10050,0.0,0.56,2026-08-10T15:32:55+00:00
2025-10-24,tbay,120,2025-10-19,11.050,10.167,12.200,10.128,neutral,4.9,304,10050,0.0,0.56,2026-08-10T15:32:55+00:00
2025-10-20,tbay,0,2025-10-20,11.820,10.814,12.040,10.719,neutral,4.4,303,10050,0.0,0.56,2026-08-10T15:32:55+00:00
2025-10-21,tbay,24,2025-10-20,11.560,8.789,12.040,10.562,neutral,2.8,122,10050,0.0,0.56,2026-08-10T15:32:55+00:00
2025-10-22,tbay,48,2025-10-20,11.290,10.028,12.040,10.408,neutral,10.1,341,10050,0.0,0.56,2026-08-10T15:32:55+00:00
2025-10-23,tbay,72,2025-10-20,11.180,9.980,12.040,10.265,neutral,8.6,321,10050,0.0,0.56,2026-08-10T15:32:55+00:00
2025-10-24,tbay,96,2025-10-20,11.050,9.800,12.040,10.128,neutral,4.9,304,10050,0.0,0.56,2026-08-10T15:32:55+00:00
2025-10-25,tbay,120,2025-10-20,10.890,9.931,12.040,9.994,neutral,1.3,94,10050,0.0,0.56,2026-08-10T15:32:55+00:00
2025-10-21,tbay,0,2025-10-21,11.560,8.868,11.820,10.562,neutral,2.8,122,10050,0.0,0.56,2026-08-10T15:32:55+00:00
2025-10-22,tbay,24,2025-10-21,11.290,10.216,11.820,10.408,neutral,10.1,341,10050,0.0,0.56,2026-08-10T15:32:55+00:00
2025-10-23,tbay,48,2025-10-21,11.180,9.997,11.820,10.265,neutral,8.6,321,10050,0.0,0.56,2026-08-10T15:32:55+00:00
2025-10-24,tbay,72,2025-10-21,11.050,9.859,11.820,10.128,neutral,4.9,304,10050,0.0,0.56,2026-08-10T15:32:55+00:00
2025-10-25,tbay,96,2025-10-21,10.890,9.872,11.820,9.994,neutral,1.3,94,10050,0.0,0.56,2026-08-10T15:32:55+00:00
2025-10-26,tbay,120,2025-10-21,10.830,9.825,11.820,9.851,neutral,0.6,270,10050,0.0,0.56,2026-08-10T15:32:55+00:00
2025-10-22,tbay,0,2025-10-22,11.290,10.210,11.560,10.408,neutral,10.1,341,10050,0.0,0.56,2026-08-10T15:32:55+00:00
2025-10-23,tbay,24,2025-10-22,11.180,10.051,11.560,10.265,neutral,8.6,321,10050,0.0,0.56,2026-08-10T15:32:55+00:00
2025-10-24,tbay,48,2025-10-22,11.050,9.769,11.560,10.128,neutral,4.9,304,10050,0.0,0.56,2026-08-10T15:32:55+00:00
2025-10-25,tbay,72,2025-10-22,10.890,9.766,11.560,9.994,neutral,1.3,94,10050,0.0,0.56,2026-08-10T15:32:55+00:00
2025-10-26,tbay,96,2025-10-22,10.830,9.802,11.560,9.851,neutral,0.6,270,10050,0.0,0.56,2026-08-10T15:32:55+00:00
2025-10-27,tbay,120,2025-10-22,10.810,10.197,11.560,9.696,neutral,3.5,193,10050,0.0,0.56,2026-08-10T15:32:55+00:00
2025-10-23,tbay,0,2025-10-23,11.180,10.026,11.290,10.265,neutral,8.6,321,10050,0.0,0.56,2026-08-10T15:32:55+00:00
2025-10-24,tbay,24,2025-10-23,11.050,9.762,11.290,10.128,neutral,4.9,304,10050,0.0,0.56,2026-08-10T15:32:55+00:00
2025-10-25,tbay,48,2025-10-23,10.890,9.665,11.290,9.994,neutral,1.3,94,10050,0.0,0.56,2026-08-10T15:32:55+00:00
2025-10-26,tbay,72,2025-10-23,10.830,9.750,11.290,9.851,neutral,0.6,270,10050,0.0,0.56,2026-08-10T15:32:55+00:00
2025-10-27,tbay,96,2025-10-23,10.810,9.856,11.290,9.696,neutral,3.5,193,10050,0.0,0.56,2026-08-10T15:32:55+00:00
2025-10-28,tbay,120,2025-10-23,10.730,9.984,11.290,9.537,neutral,6.7,157,10050,0.0,0.56,2026-08-10T15:32:55+00:00
2025-10-24,tbay,0,2025-10-24,11.050,9.742,11.180,10.128,neutral,4.9,304,10050,0.0,0.56,2026-08-10T15:32:55+00:00
2025-10-25,tbay,24,2025-10-24,10.890,9.717,11.180,9.994,neutral,1.3,94,10050,0.0,0.56,2026-08-10T15:32:55+00:00
2025-10-26,tbay,48,2025-10-24,10.830,9.604,11.180,9.851,neutral,0.6,270,10050,0.0,0.56,2026-08-10T15:32:55+00:00
2025-10-27,tbay,72,2025-10-24,10.810,9.708,11.180,9.696,neutral,3.5,193,10050,0.0,0.56,2026-08-10T15:32:55+00:00
2025-10-28,tbay,96,2025-10-24,10.730,10.038,11.180,9.537,neutral,6.7,157,10050,0.0,0.56,2026-08-10T15:32:55+00:00
2025-10-29,tbay,120,2025-10-24,10.620,9.886,11.180,9.384,neutral,1.0,319,10050,0.0,0.56,2026-08-10T15:32:55+00:00
2025-10-25,tbay,0,2025-10-25,10.890,9.733,11.050,9.994,neutral,1.3,94,10050,0.0,0.56,2026-08-10T15:32:55+00:00
2025-10-26,tbay,24,2025-10-25,10.830,9.756,11.050,9.851,neutral,0.6,270,10050,0.0,0.56,2026-08-10T15:32:55+00:00
2025-10-27,tbay,48,2025-10-25,10.810,9.819,11.050,9.696,neutral,3.5,193,10050,0.0,0.56,2026-08-10T15:32:55+00:00
2025-10-28,tbay,72,2025-10-25,10.730,9.949,11.050,9.537,neutral,6.7,157,10050,0.0,0.56,2026-08-10T15:32:55+00:00
2025-10-29,tbay,96,2025-10-25,10.620,10.035,11.050,9.384,neutral,1.0,319,10050,0.0,0.56,2026-08-10T15:32:55+00:00
2025-10-30,tbay,120,2025-10-25,10.390,9.963,11.050,9.230,neutral,2.6,321,10050,0.0,0.56,2026-08-10T15:32:55+00:00
2025-10-26,tbay,0,2025-10-26,10.830,9.758,10.890,9.851,neutral,0.6,270,10050,0.0,0.56,2026-08-10T15:32:55+00:00
2025-10-27,tbay,24,2025-10-26,10.810,9.810,10.890,9.696,neutral,3.5,193,10050,0.0,0.56,2026-08-10T15:32:55+00:00
2025-10-28,tbay,48,2025-10-26,10.730,9.834,10.890,9.537,neutral,6.7,157,10050,0.0,0.56,2026-08-10T15:32:55+00:00
2025-10-29,tbay,72,2025-10-26,10.620,9.997,10.890,9.384,neutral,1.0,319,10050,0.0,0.56,2026-08-10T15:32:55+00:00
2025-10-30,tbay,96,2025-10-26,10.390,9.870,10.890,9.230,neutral,2.6,321,10050,0.0,0.56,2026-08-10T15:32:55+00:00
2025-10-31,tbay,120,2025-10-26,10.240,9.727,10.890,9.077,neutral,5.0,33,10050,0.0,0.56,2026-08-10T15:32:55+00:00
2025-10-27,tbay,0,2025-10-27,10.810,9.808,10.830,9.696,neutral,3.5,193,10050,0.0,0.56,2026-08-10T15:32:55+00:00
2025-10-28,tbay,24,2025-10-27,10.730,9.804,10.830,9.537,neutral,6.7,157,10050,0.0,0.56,2026-08-10T15:32:55+00:00
2025-10-29,tbay,48,2025-10-27,10.620,9.913,10.830,9.384,neutral,1.0,319,10050,0.0,0.56,2026-08-10T15:32:55+00:00
2025-10-30,tbay,72,2025-10-27,10.390,9.986,10.830,9.230,neutral,2.6,321,10050,0.0,0.56,2026-08-10T15:32:55+00:00
2025-10-31,tbay,96,2025-10-27,10.240,9.952,10.830,9.077,neutral,5.0,33,10050,0.0,0.56,2026-08-10T15:32:55+00:00
2025-11-01,tbay,120,2025-10-27,10.010,9.915,10.830,8.925,neutral,5.9,349,10050,0.0,0.56,2026-08-10T15:32:55+00:00
2025-10-28,tbay,0,2025-10-28,10.730,9.878,10.810,9.537,neutral,6.7,157,10050,0.0,0.56,2026-08-10T15:32:55+00:00
2025-10-29,tbay,24,2025-10-28,10.620,9.987,10.810,9.384,neutral,1.0,319,10050,0.0,0.56,2026-08-10T15:32:55+00:00
2025-10-30,tbay,48,2025-10-28,10.390,10.048,10.810,9.230,neutral,2.6,321,10050,0.0,0.56,2026-08-10T15:32:55+00:00
2025-10-31,tbay,72,2025-10-28,10.240,9.910,10.810,9.077,neutral,5.0,33,10050,0.0,0.56,2026-08-10T15:32:55+00:00
2025-11-01,tbay,96,2025-10-28,10.010,9.636,10.810,8.925,neutral,5.9,349,10050,0.0,0.56,2026-08-10T15:32:55+00:00
2025-11-02,tbay,120,2025-10-28,9.770,9.524,10.810,8.785,neutral,9.7,212,10050,0.0,0.56,2026-08-10T15:32:55+00:00
2025-10-29,tbay,0,2025-10-29,10.620,9.980,10.730,9.384,neutral,1.0,319,10050,0.0,0.56,2026-08-10T15:32:55+00:00
2025-10-30,tbay,24,2025-10-29,10.390,10.056,10.730,9.230,neutral,2.6,321,10050,0.0,0.56,2026-08-10T15:32:55+00:00
2025-10-31,tbay,48,2025-10-29,10.240,9.941,10.730,9.077,neutral,5.0,33,10050,0.0,0.56,2026-08-10T15:32:55+00:00
2025-11-01,tbay,72,2025-10-29,10.010,9.663,10.730,8.925,neutral,5.9,349,10050,0.0,0.56,2026-08-10T15:32:55+00:00
2025-11-02,tbay,96,2025-10-29,9.770,9.521,10.730,8.785,neutral,9.7,212,10050,0.0,0.56,2026-08-10T15:32:55+00:00
2025-11-03,tbay,120,2025-10-29,9.640,9.627,10.730,8.650,peak,14.2,276,10050,0.0,0.56,2026-08-10T15:32:55+00:00
2025-10-30,tbay,0,2025-10-30,10.390,9.991,10.620,9.230,neutral,2.6,321,10050,0.0,0.56,2026-08-10T15:32:55+00:00
2025-10-31,tbay,24,2025-10-30,10.240,9.926,10.620,9.077,neutral,5.0,33,10050,0.0,0.56,2026-08-10T15:32:55+00:00
2025-11-01,tbay,48,2025-10-30,10.010,9.520,10.620,8.925,neutral,5.9,349,10050,0.0,0.56,2026-08-10T15:32:55+00:00
2025-11-02,tbay,72,2025-10-30,9.770,9.427,10.620,8.785,neutral,9.7,212,10050,0.0,0.56,2026-08-10T15:32:55+00:00
2025-11-03,tbay,96,2025-10-30,9.640,9.401,10.620,8.650,peak,14.2,276,10050,0.0,0.56,2026-08-10T15:32:55+00:00
2025-11-04,tbay,120,2025-10-30,9.420,9.144,10.620,8.518,relaxation,7.4,262,10050,0.0,0.56,2026-08-10T15:32:55+00:00
2025-10-31,tbay,0,2025-10-31,10.240,9.917,10.390,9.077,neutral,5.0,33,10050,0.0,0.56,2026-08-10T15:32:55+00:00
2025-11-01,tbay,24,2025-10-31,10.010,9.526,10.390,8.925,neutral,5.9,349,10050,0.0,0.56,2026-08-10T15:32:55+00:00
2025-11-02,tbay,48,2025-10-31,9.770,9.183,10.390,8.785,neutral,9.7,212,10050,0.0,0.56,2026-08-10T15:32:55+00:00
2025-11-03,tbay,72,2025-10-31,9.640,9.097,10.390,8.650,peak,14.2,276,10050,0.0,0.56,2026-08-10T15:32:55+00:00
2025-11-04,tbay,96,2025-10-31,9.420,9.015,10.390,8.518,relaxation,7.4,262,10050,0.0,0.56,2026-08-10T15:32:55+00:00
2025-11-05,tbay,120,2025-10-31,9.210,9.122,10.390,8.385,relaxation,10.2,303,10050,0.0,0.56,2026-08-10T15:32:55+00:00
2026-08-10,tbay,0,2026-08-10,17.010,20.018,16.800,17.859,neutral,3.9,277,10050,0.0,0.56,2026-08-14T19:01:00+00:00
2026-08-11,tbay,24,2026-08-10,17.320,20.539,16.800,17.823,neutral,4.6,286,10050,0.0,0.56,2026-08-14T19:01:00+00:00
2026-08-12,tbay,48,2026-08-10,17.290,20.920,16.800,17.787,neutral,4.6,308,10050,0.0,0.56,2026-08-14T19:01:00+00:00
2026-08-13,tbay,72,2026-08-10,17.690,21.306,16.800,17.751,neutral,4.5,312,10050,0.0,0.56,2026-08-14T19:01:00+00:00
2026-08-11,tbay,0,2026-08-11,17.320,19.884,17.010,17.823,neutral,4.6,286,10050,0.0,0.56,2026-08-14T19:01:00+00:00
2026-08-12,tbay,24,2026-08-11,17.290,20.976,17.010,17.787,neutral,4.6,308,10050,0.0,0.56,2026-08-14T19:01:00+00:00
2026-08-13,tbay,48,2026-08-11,17.690,21.124,17.010,17.751,neutral,4.5,312,10050,0.0,0.56,2026-08-14T19:01:00+00:00
2026-08-12,tbay,0,2026-08-12,17.290,20.314,17.320,17.787,neutral,4.6,308,10050,0.0,0.56,2026-08-14T19:01:00+00:00
2026-08-13,tbay,24,2026-08-12,17.690,20.602,17.320,17.751,neutral,4.5,312,10050,0.0,0.56,2026-08-14T19:01:00+00:00
2026-08-13,tbay,0,2026-08-13,17.690,20.427,17.290,17.751,neutral,4.5,312,10050,0.0,0.56,2026-08-14T19:01:00+00:00
2026-08-04,tbay,0,2026-08-04,18.060,19.685,17.820,17.951,neutral,10.7,268,10050,0.0,0.56,2026-08-14T19:19:40+00:00
2026-08-05,tbay,24,2026-08-04,16.900,20.486,17.820,17.930,neutral,6.0,283,10050,0.0,0.56,2026-08-14T19:19:40+00:00
2026-08-06,tbay,48,2026-08-04,15.540,19.829,17.820,17.908,neutral,1.8,183,10050,0.0,0.56,2026-08-14T19:19:40+00:00
2026-08-07,tbay,72,2026-08-04,15.490,18.813,17.820,17.893,neutral,6.7,193,10050,0.0,0.56,2026-08-14T19:19:40+00:00
2026-08-08,tbay,96,2026-08-04,16.440,20.156,17.820,17.886,neutral,5.8,282,10050,0.0,0.56,2026-08-14T19:19:40+00:00
2026-08-09,tbay,120,2026-08-04,16.800,20.346,17.820,17.880,neutral,4.0,274,10050,0.0,0.56,2026-08-14T19:19:40+00:00
2026-08-05,tbay,0,2026-08-05,16.900,18.442,18.060,17.930,neutral,6.0,283,10050,0.0,0.56,2026-08-14T19:19:40+00:00
2026-08-06,tbay,24,2026-08-05,15.540,19.495,18.060,17.908,neutral,1.8,183,10050,0.0,0.56,2026-08-14T19:19:40+00:00
2026-08-07,tbay,48,2026-08-05,15.490,16.727,18.060,17.893,neutral,6.7,193,10050,0.0,0.56,2026-08-14T19:19:40+00:00
2026-08-08,tbay,72,2026-08-05,16.440,20.346,18.060,17.886,neutral,5.8,282,10050,0.0,0.56,2026-08-14T19:19:40+00:00
2026-08-09,tbay,96,2026-08-05,16.800,20.601,18.060,17.880,neutral,4.0,274,10050,0.0,0.56,2026-08-14T19:19:40+00:00
2026-08-10,tbay,120,2026-08-05,17.010,20.946,18.060,17.859,neutral,3.9,277,10050,0.0,0.56,2026-08-14T19:19:40+00:00
2026-08-06,tbay,0,2026-08-06,15.540,19.991,16.900,17.908,neutral,1.8,183,10050,0.0,0.56,2026-08-14T19:19:40+00:00
2026-08-07,tbay,24,2026-08-06,15.490,17.934,16.900,17.893,neutral,6.7,193,10050,0.0,0.56,2026-08-14T19:19:40+00:00
2026-08-08,tbay,48,2026-08-06,16.440,18.385,16.900,17.886,neutral,5.8,282,10050,0.0,0.56,2026-08-14T19:19:40+00:00
2026-08-09,tbay,72,2026-08-06,16.800,20.208,16.900,17.880,neutral,4.0,274,10050,0.0,0.56,2026-08-14T19:19:40+00:00
2026-08-10,tbay,96,2026-08-06,17.010,21.177,16.900,17.859,neutral,3.9,277,10050,0.0,0.56,2026-08-14T19:19:40+00:00
2026-08-11,tbay,120,2026-08-06,17.320,21.147,16.900,17.823,neutral,4.6,286,10050,0.0,0.56,2026-08-14T19:19:40+00:00
2026-08-07,tbay,0,2026-08-07,15.490,18.880,15.540,17.893,neutral,6.7,193,10050,0.0,0.56,2026-08-14T19:19:40+00:00
2026-08-08,tbay,24,2026-08-07,16.440,19.377,15.540,17.886,neutral,5.8,282,10050,0.0,0.56,2026-08-14T19:19:40+00:00
2026-08-09,tbay,48,2026-08-07,16.800,19.395,15.540,17.880,neutral,4.0,274,10050,0.0,0.56,2026-08-14T19:19:40+00:00
2026-08-10,tbay,72,2026-08-07,17.010,20.881,15.540,17.859,neutral,3.9,277,10050,0.0,0.56,2026-08-14T19:19:40+00:00
2026-08-11,tbay,96,2026-08-07,17.320,20.876,15.540,17.823,neutral,4.6,286,10050,0.0,0.56,2026-08-14T19:19:40+00:00
2026-08-12,tbay,120,2026-08-07,17.290,20.633,15.540,17.787,neutral,4.6,308,10050,0.0,0.56,2026-08-14T19:19:40+00:00
2026-08-08,tbay,0,2026-08-08,16.440,18.631,15.490,17.886,neutral,5.8,282,10050,0.0,0.56,2026-08-14T19:19:40+00:00
2026-08-09,tbay,24,2026-08-08,16.800,20.239,15.490,17.880,neutral,4.0,274,10050,0.0,0.56,2026-08-14T19:19:40+00:00
2026-08-10,tbay,48,2026-08-08,17.010,20.764,15.490,17.859,neutral,3.9,277,10050,0.0,0.56,2026-08-14T19:19:40+00:00
2026-08-11,tbay,72,2026-08-08,17.320,21.039,15.490,17.823,neutral,4.6,286,10050,0.0,0.56,2026-08-14T19:19:40+00:00
2026-08-12,tbay,96,2026-08-08,17.290,21.035,15.490,17.787,neutral,4.6,308,10050,0.0,0.56,2026-08-14T19:19:40+00:00
2026-08-13,tbay,120,2026-08-08,17.690,21.259,15.490,17.751,neutral,4.5,312,10050,0.0,0.56,2026-08-14T19:19:40+00:00
2026-08-09,tbay,0,2026-08-09,16.800,20.166,16.440,17.880,neutral,4.0,274,10050,0.0,0.56,2026-08-14T19:19:40+00:00
2026-08-10,tbay,24,2026-08-09,17.010,20.816,16.440,17.859,neutral,3.9,277,10050,0.0,0.56,2026-08-14T19:19:40+00:00
2026-08-11,tbay,48,2026-08-09,17.320,20.984,16.440,17.823,neutral,4.6,286,10050,0.0,0.56,2026-08-14T19:19:40+00:00
2026-08-12,tbay,72,2026-08-09,17.290,20.954,16.440,17.787,neutral,4.6,308,10050,0.0,0.56,2026-08-14T19:19:40+00:00
2026-08-13,tbay,96,2026-08-09,17.690,21.105,16.440,17.751,neutral,4.5,312,10050,0.0,0.56,2026-08-14T19:19:40+00:00
2026-08-14,tbay,120,2026-08-09,17.480,21.352,16.440,17.710,neutral,2.1,344,10050,0.0,0.56,2026-08-17T16:49:43+00:00
2026-08-14,tbay,96,2026-08-10,17.480,20.982,16.800,17.710,neutral,2.1,344,10050,0.0,0.56,2026-08-17T16:49:43+00:00
2026-08-15,tbay,120,2026-08-10,17.410,21.421,16.800,17.660,neutral,4.5,115,10050,0.0,0.56,2026-08-17T16:49:43+00:00
2026-08-14,tbay,72,2026-08-11,17.480,21.414,17.010,17.710,neutral,2.1,344,10050,0.0,0.56,2026-08-17T16:49:43+00:00
2026-08-15,tbay,96,2026-08-11,17.410,21.541,17.010,17.660,neutral,4.5,115,10050,0.0,0.56,2026-08-17T16:49:43+00:00
2026-08-16,tbay,120,2026-08-11,17.400,21.616,17.010,17.613,neutral,7.4,296,10050,0.0,0.56,2026-08-17T16:49:43+00:00
2026-08-14,tbay,48,2026-08-12,17.480,21.232,17.320,17.710,neutral,2.1,344,10050,0.0,0.56,2026-08-17T16:49:43+00:00
2026-08-15,tbay,72,2026-08-12,17.410,21.402,17.320,17.660,neutral,4.5,115,10050,0.0,0.56,2026-08-17T16:49:43+00:00
2026-08-16,tbay,96,2026-08-12,17.400,21.656,17.320,17.613,neutral,7.4,296,10050,0.0,0.56,2026-08-17T16:49:43+00:00
2026-08-14,tbay,24,2026-08-13,17.480,20.952,17.290,17.710,neutral,2.1,344,10050,0.0,0.56,2026-08-17T16:49:43+00:00
2026-08-15,tbay,48,2026-08-13,17.410,21.352,17.290,17.660,neutral,4.5,115,10050,0.0,0.56,2026-08-17T16:49:43+00:00
2026-08-16,tbay,72,2026-08-13,17.400,21.986,17.290,17.613,neutral,7.4,296,10050,0.0,0.56,2026-08-17T16:49:43+00:00
2026-08-14,tbay,0,2026-08-14,17.480,21.059,17.690,17.710,neutral,2.1,344,10050,0.0,0.56,2026-08-17T16:49:43+00:00
2026-08-15,tbay,24,2026-08-14,17.410,21.592,17.690,17.660,neutral,4.5,115,10050,0.0,0.56,2026-08-17T16:49:43+00:00
2026-08-16,tbay,48,2026-08-14,17.400,20.904,17.690,17.613,neutral,7.4,296,10050,0.0,0.56,2026-08-17T16:49:43+00:00
2026-08-15,tbay,0,2026-08-15,17.410,21.245,17.480,17.660,neutral,4.5,115,10050,0.0,0.56,2026-08-17T16:49:43+00:00
2026-08-16,tbay,24,2026-08-15,17.400,20.962,17.480,17.613,neutral,7.4,296,10050,0.0,0.56,2026-08-17T16:49:43+00:00
2026-08-16,tbay,0,2026-08-16,17.400,21.755,17.410,17.613,neutral,7.4,296,10050,0.0,0.56,2026-08-17T16:49:43+00:00
