valid_utc,chain,lead_h,issue_date,depth_m,obs_c,fcst_c,persist_obs_c,clim_c,qc,model_station,model_dist_km,retrieved_utc
2025-05-16T12:00:00+00:00,llo1,24,2025-05-15,3.00,3.170,8.492,3.260,,2,45027,0.11,2026-08-10T14:18:44+00:00
2025-05-16T12:00:00+00:00,llo1,24,2025-05-15,6.00,2.980,8.051,3.040,4.191,2,45027,0.11,2026-08-10T14:18:44+00:00
2025-05-16T12:00:00+00:00,llo1,24,2025-05-15,8.00,3.020,7.571,3.060,4.099,2,45027,0.11,2026-08-10T14:18:44+00:00
2025-05-16T12:00:00+00:00,llo1,24,2025-05-15,13.00,2.800,6.383,2.840,4.086,2,45027,0.11,2026-08-10T14:18:44+00:00
2025-05-16T12:00:00+00:00,llo1,24,2025-05-15,18.00,3.040,5.672,3.080,4.096,2,45027,0.11,2026-08-10T14:18:44+00:00
2025-05-16T12:00:00+00:00,llo1,24,2025-05-15,23.00,2.940,5.307,2.990,4.196,2,45027,0.11,2026-08-10T14:18:44+00:00
2025-05-16T12:00:00+00:00,llo1,24,2025-05-15,28.00,2.890,5.039,2.940,3.901,2,45027,0.11,2026-08-10T14:18:44+00:00
2025-05-16T12:00:00+00:00,llo1,24,2025-05-15,33.00,2.870,4.926,2.920,4.097,2,45027,0.11,2026-08-10T14:18:44+00:00
2025-05-16T12:00:00+00:00,llo1,24,2025-05-15,38.00,2.920,4.863,2.980,4.009,2,45027,0.11,2026-08-10T14:18:44+00:00
2025-05-17T12:00:00+00:00,llo1,48,2025-05-15,3.00,3.370,7.678,3.260,,2,45027,0.11,2026-08-10T14:18:44+00:00
2025-05-17T12:00:00+00:00,llo1,48,2025-05-15,6.00,3.210,7.687,3.040,4.191,2,45027,0.11,2026-08-10T14:18:44+00:00
2025-05-17T12:00:00+00:00,llo1,48,2025-05-15,8.00,3.210,7.630,3.060,4.099,2,45027,0.11,2026-08-10T14:18:44+00:00
2025-05-17T12:00:00+00:00,llo1,48,2025-05-15,13.00,2.950,6.580,2.840,4.086,2,45027,0.11,2026-08-10T14:18:44+00:00
2025-05-17T12:00:00+00:00,llo1,48,2025-05-15,18.00,3.150,5.447,3.080,4.096,2,45027,0.11,2026-08-10T14:18:44+00:00
2025-05-17T12:00:00+00:00,llo1,48,2025-05-15,23.00,3.040,4.922,2.990,4.196,2,45027,0.11,2026-08-10T14:18:44+00:00
2025-05-17T12:00:00+00:00,llo1,48,2025-05-15,28.00,2.990,4.604,2.940,3.901,2,45027,0.11,2026-08-10T14:18:44+00:00
2025-05-17T12:00:00+00:00,llo1,48,2025-05-15,33.00,2.960,4.391,2.920,4.097,2,45027,0.11,2026-08-10T14:18:44+00:00
2025-05-17T12:00:00+00:00,llo1,48,2025-05-15,38.00,3.010,4.336,2.980,4.009,2,45027,0.11,2026-08-10T14:18:44+00:00
2025-05-18T12:00:00+00:00,llo1,72,2025-05-15,3.00,3.270,6.402,3.260,,2,45027,0.11,2026-08-10T14:18:44+00:00
2025-05-18T12:00:00+00:00,llo1,72,2025-05-15,6.00,3.110,5.919,3.040,4.519,2,45027,0.11,2026-08-10T14:18:44+00:00
2025-05-18T12:00:00+00:00,llo1,72,2025-05-15,8.00,3.170,5.726,3.060,4.432,2,45027,0.11,2026-08-10T14:18:44+00:00
2025-05-18T12:00:00+00:00,llo1,72,2025-05-15,13.00,2.960,5.312,2.840,4.427,2,45027,0.11,2026-08-10T14:18:44+00:00
2025-05-18T12:00:00+00:00,llo1,72,2025-05-15,18.00,3.190,5.003,3.080,4.446,2,45027,0.11,2026-08-10T14:18:44+00:00
2025-05-18T12:00:00+00:00,llo1,72,2025-05-15,23.00,3.110,4.679,2.990,4.540,2,45027,0.11,2026-08-10T14:18:44+00:00
2025-05-18T12:00:00+00:00,llo1,72,2025-05-15,28.00,3.050,4.522,2.940,4.253,2,45027,0.11,2026-08-10T14:18:44+00:00
2025-05-18T12:00:00+00:00,llo1,72,2025-05-15,33.00,3.020,4.280,2.920,4.449,2,45027,0.11,2026-08-10T14:18:44+00:00
2025-05-18T12:00:00+00:00,llo1,72,2025-05-15,38.00,3.080,4.270,2.980,4.356,2,45027,0.11,2026-08-10T14:18:44+00:00
2025-05-19T12:00:00+00:00,llo1,96,2025-05-15,3.00,3.540,8.548,3.260,,2,45027,0.11,2026-08-10T14:18:44+00:00
2025-05-19T12:00:00+00:00,llo1,96,2025-05-15,6.00,3.360,8.374,3.040,4.388,2,45027,0.11,2026-08-10T14:18:44+00:00
2025-05-19T12:00:00+00:00,llo1,96,2025-05-15,8.00,3.380,7.678,3.060,4.306,2,45027,0.11,2026-08-10T14:18:44+00:00
2025-05-19T12:00:00+00:00,llo1,96,2025-05-15,13.00,3.140,6.308,2.840,4.307,2,45027,0.11,2026-08-10T14:18:44+00:00
2025-05-19T12:00:00+00:00,llo1,96,2025-05-15,18.00,3.380,5.895,3.080,4.330,2,45027,0.11,2026-08-10T14:18:44+00:00
2025-05-19T12:00:00+00:00,llo1,96,2025-05-15,23.00,3.280,5.495,2.990,4.432,2,45027,0.11,2026-08-10T14:18:44+00:00
2025-05-19T12:00:00+00:00,llo1,96,2025-05-15,28.00,3.230,5.184,2.940,4.145,2,45027,0.11,2026-08-10T14:18:44+00:00
2025-05-19T12:00:00+00:00,llo1,96,2025-05-15,33.00,3.210,4.941,2.920,4.352,2,45027,0.11,2026-08-10T14:18:44+00:00
2025-05-19T12:00:00+00:00,llo1,96,2025-05-15,38.00,3.270,4.793,2.980,4.267,2,45027,0.11,2026-08-10T14:18:44+00:00
2025-05-20T12:00:00+00:00,llo1,120,2025-05-15,3.00,3.220,8.730,3.260,,2,45027,0.11,2026-08-10T14:18:44+00:00
2025-05-20T12:00:00+00:00,llo1,120,2025-05-15,6.00,3.070,8.734,3.040,4.345,2,45027,0.11,2026-08-10T14:18:44+00:00
2025-05-20T12:00:00+00:00,llo1,120,2025-05-15,8.00,3.120,8.736,3.060,4.267,2,45027,0.11,2026-08-10T14:18:44+00:00
2025-05-20T12:00:00+00:00,llo1,120,2025-05-15,13.00,2.900,8.168,2.840,4.274,2,45027,0.11,2026-08-10T14:18:44+00:00
2025-05-20T12:00:00+00:00,llo1,120,2025-05-15,18.00,3.140,7.003,3.080,4.298,2,45027,0.11,2026-08-10T14:18:44+00:00
2025-05-20T12:00:00+00:00,llo1,120,2025-05-15,23.00,3.040,6.279,2.990,4.401,2,45027,0.11,2026-08-10T14:18:44+00:00
2025-05-20T12:00:00+00:00,llo1,120,2025-05-15,28.00,2.990,5.731,2.940,4.116,2,45027,0.11,2026-08-10T14:18:44+00:00
2025-05-20T12:00:00+00:00,llo1,120,2025-05-15,33.00,2.960,5.460,2.920,4.324,2,45027,0.11,2026-08-10T14:18:44+00:00
2025-05-20T12:00:00+00:00,llo1,120,2025-05-15,38.00,3.010,5.361,2.980,4.235,2,45027,0.11,2026-08-10T14:18:44+00:00
2025-05-17T12:00:00+00:00,llo1,24,2025-05-16,3.00,3.370,7.354,3.170,,2,45027,0.11,2026-08-10T14:18:44+00:00
2025-05-17T12:00:00+00:00,llo1,24,2025-05-16,6.00,3.210,7.266,2.980,4.191,2,45027,0.11,2026-08-10T14:18:44+00:00
2025-05-17T12:00:00+00:00,llo1,24,2025-05-16,8.00,3.210,7.147,3.020,4.099,2,45027,0.11,2026-08-10T14:18:44+00:00
2025-05-17T12:00:00+00:00,llo1,24,2025-05-16,13.00,2.950,6.742,2.800,4.086,2,45027,0.11,2026-08-10T14:18:44+00:00
2025-05-17T12:00:00+00:00,llo1,24,2025-05-16,18.00,3.150,5.745,3.040,4.096,2,45027,0.11,2026-08-10T14:18:44+00:00
2025-05-17T12:00:00+00:00,llo1,24,2025-05-16,23.00,3.040,5.042,2.940,4.196,2,45027,0.11,2026-08-10T14:18:44+00:00
2025-05-17T12:00:00+00:00,llo1,24,2025-05-16,28.00,2.990,4.677,2.890,3.901,2,45027,0.11,2026-08-10T14:18:44+00:00
2025-05-17T12:00:00+00:00,llo1,24,2025-05-16,33.00,2.960,4.468,2.870,4.097,2,45027,0.11,2026-08-10T14:18:44+00:00
2025-05-17T12:00:00+00:00,llo1,24,2025-05-16,38.00,3.010,4.394,2.920,4.009,2,45027,0.11,2026-08-10T14:18:44+00:00
2025-05-18T12:00:00+00:00,llo1,48,2025-05-16,3.00,3.270,5.113,3.170,,2,45027,0.11,2026-08-10T14:18:44+00:00
2025-05-18T12:00:00+00:00,llo1,48,2025-05-16,6.00,3.110,5.148,2.980,4.519,2,45027,0.11,2026-08-10T14:18:44+00:00
2025-05-18T12:00:00+00:00,llo1,48,2025-05-16,8.00,3.170,5.156,3.020,4.432,2,45027,0.11,2026-08-10T14:18:44+00:00
2025-05-18T12:00:00+00:00,llo1,48,2025-05-16,13.00,2.960,5.165,2.800,4.427,2,45027,0.11,2026-08-10T14:18:44+00:00
2025-05-18T12:00:00+00:00,llo1,48,2025-05-16,18.00,3.190,5.168,3.040,4.446,2,45027,0.11,2026-08-10T14:18:44+00:00
2025-05-18T12:00:00+00:00,llo1,48,2025-05-16,23.00,3.110,4.898,2.940,4.540,2,45027,0.11,2026-08-10T14:18:44+00:00
2025-05-18T12:00:00+00:00,llo1,48,2025-05-16,28.00,3.050,4.485,2.890,4.253,2,45027,0.11,2026-08-10T14:18:44+00:00
2025-05-18T12:00:00+00:00,llo1,48,2025-05-16,33.00,3.020,4.265,2.870,4.449,2,45027,0.11,2026-08-10T14:18:44+00:00
2025-05-18T12:00:00+00:00,llo1,48,2025-05-16,38.00,3.080,4.230,2.920,4.356,2,45027,0.11,2026-08-10T14:18:44+00:00
2025-05-19T12:00:00+00:00,llo1,72,2025-05-16,3.00,3.540,7.205,3.170,,2,45027,0.11,2026-08-10T14:18:44+00:00
2025-05-19T12:00:00+00:00,llo1,72,2025-05-16,6.00,3.360,7.157,2.980,4.388,2,45027,0.11,2026-08-10T14:18:44+00:00
2025-05-19T12:00:00+00:00,llo1,72,2025-05-16,8.00,3.380,6.550,3.020,4.306,2,45027,0.11,2026-08-10T14:18:44+00:00
2025-05-19T12:00:00+00:00,llo1,72,2025-05-16,13.00,3.140,5.654,2.800,4.307,2,45027,0.11,2026-08-10T14:18:44+00:00
2025-05-19T12:00:00+00:00,llo1,72,2025-05-16,18.00,3.380,5.432,3.040,4.330,2,45027,0.11,2026-08-10T14:18:44+00:00
2025-05-19T12:00:00+00:00,llo1,72,2025-05-16,23.00,3.280,5.211,2.940,4.432,2,45027,0.11,2026-08-10T14:18:44+00:00
2025-05-19T12:00:00+00:00,llo1,72,2025-05-16,28.00,3.230,4.985,2.890,4.145,2,45027,0.11,2026-08-10T14:18:44+00:00
2025-05-19T12:00:00+00:00,llo1,72,2025-05-16,33.00,3.210,4.873,2.870,4.352,2,45027,0.11,2026-08-10T14:18:44+00:00
2025-05-19T12:00:00+00:00,llo1,72,2025-05-16,38.00,3.270,4.771,2.920,4.267,2,45027,0.11,2026-08-10T14:18:44+00:00
2025-05-20T12:00:00+00:00,llo1,96,2025-05-16,3.00,3.220,7.839,3.170,,2,45027,0.11,2026-08-10T14:18:44+00:00
2025-05-20T12:00:00+00:00,llo1,96,2025-05-16,6.00,3.070,7.842,2.980,4.345,2,45027,0.11,2026-08-10T14:18:44+00:00
2025-05-20T12:00:00+00:00,llo1,96,2025-05-16,8.00,3.120,7.842,3.020,4.267,2,45027,0.11,2026-08-10T14:18:44+00:00
2025-05-20T12:00:00+00:00,llo1,96,2025-05-16,13.00,2.900,7.412,2.800,4.274,2,45027,0.11,2026-08-10T14:18:44+00:00
2025-05-20T12:00:00+00:00,llo1,96,2025-05-16,18.00,3.140,5.686,3.040,4.298,2,45027,0.11,2026-08-10T14:18:44+00:00
2025-05-20T12:00:00+00:00,llo1,96,2025-05-16,23.00,3.040,5.367,2.940,4.401,2,45027,0.11,2026-08-10T14:18:44+00:00
2025-05-20T12:00:00+00:00,llo1,96,2025-05-16,28.00,2.990,5.074,2.890,4.116,2,45027,0.11,2026-08-10T14:18:44+00:00
2025-05-20T12:00:00+00:00,llo1,96,2025-05-16,33.00,2.960,4.936,2.870,4.324,2,45027,0.11,2026-08-10T14:18:44+00:00
2025-05-20T12:00:00+00:00,llo1,96,2025-05-16,38.00,3.010,4.899,2.920,4.235,2,45027,0.11,2026-08-10T14:18:44+00:00
2025-05-21T12:00:00+00:00,llo1,120,2025-05-16,3.00,3.160,7.971,3.170,,2,45027,0.11,2026-08-10T14:18:44+00:00
2025-05-21T12:00:00+00:00,llo1,120,2025-05-16,6.00,3.000,7.971,2.980,4.463,2,45027,0.11,2026-08-10T14:18:44+00:00
2025-05-21T12:00:00+00:00,llo1,120,2025-05-16,8.00,3.060,7.970,3.020,4.339,2,45027,0.11,2026-08-10T14:18:44+00:00
2025-05-21T12:00:00+00:00,llo1,120,2025-05-16,13.00,2.850,7.843,2.800,4.303,2,45027,0.11,2026-08-10T14:18:44+00:00
2025-05-21T12:00:00+00:00,llo1,120,2025-05-16,18.00,3.090,6.773,3.040,4.311,2,45027,0.11,2026-08-10T14:18:44+00:00
2025-05-21T12:00:00+00:00,llo1,120,2025-05-16,23.00,3.000,6.137,2.940,4.399,2,45027,0.11,2026-08-10T14:18:44+00:00
2025-05-21T12:00:00+00:00,llo1,120,2025-05-16,28.00,2.940,5.710,2.890,4.103,2,45027,0.11,2026-08-10T14:18:44+00:00
2025-05-21T12:00:00+00:00,llo1,120,2025-05-16,33.00,2.930,5.634,2.870,4.307,2,45027,0.11,2026-08-10T14:18:44+00:00
2025-05-21T12:00:00+00:00,llo1,120,2025-05-16,38.00,2.980,5.629,2.920,4.217,2,45027,0.11,2026-08-10T14:18:44+00:00
2025-05-18T12:00:00+00:00,llo1,24,2025-05-17,3.00,3.270,6.326,3.370,,2,45027,0.11,2026-08-10T14:18:44+00:00
2025-05-18T12:00:00+00:00,llo1,24,2025-05-17,6.00,3.110,6.090,3.210,4.519,2,45027,0.11,2026-08-10T14:18:44+00:00
2025-05-18T12:00:00+00:00,llo1,24,2025-05-17,8.00,3.170,5.794,3.210,4.432,2,45027,0.11,2026-08-10T14:18:44+00:00
2025-05-18T12:00:00+00:00,llo1,24,2025-05-17,13.00,2.960,5.160,2.950,4.427,2,45027,0.11,2026-08-10T14:18:44+00:00
2025-05-18T12:00:00+00:00,llo1,24,2025-05-17,18.00,3.190,4.804,3.150,4.446,2,45027,0.11,2026-08-10T14:18:44+00:00
2025-05-18T12:00:00+00:00,llo1,24,2025-05-17,23.00,3.110,4.532,3.040,4.540,2,45027,0.11,2026-08-10T14:18:44+00:00
2025-05-18T12:00:00+00:00,llo1,24,2025-05-17,28.00,3.050,4.327,2.990,4.253,2,45027,0.11,2026-08-10T14:18:44+00:00
2025-05-18T12:00:00+00:00,llo1,24,2025-05-17,33.00,3.020,4.205,2.960,4.449,2,45027,0.11,2026-08-10T14:18:44+00:00
2025-05-18T12:00:00+00:00,llo1,24,2025-05-17,38.00,3.080,4.207,3.010,4.356,2,45027,0.11,2026-08-10T14:18:44+00:00
2025-05-19T12:00:00+00:00,llo1,48,2025-05-17,3.00,3.540,7.748,3.370,,2,45027,0.11,2026-08-10T14:18:44+00:00
2025-05-19T12:00:00+00:00,llo1,48,2025-05-17,6.00,3.360,7.754,3.210,4.388,2,45027,0.11,2026-08-10T14:18:44+00:00
2025-05-19T12:00:00+00:00,llo1,48,2025-05-17,8.00,3.380,7.756,3.210,4.306,2,45027,0.11,2026-08-10T14:18:44+00:00
2025-05-19T12:00:00+00:00,llo1,48,2025-05-17,13.00,3.140,7.559,2.950,4.307,2,45027,0.11,2026-08-10T14:18:44+00:00
2025-05-19T12:00:00+00:00,llo1,48,2025-05-17,18.00,3.380,6.653,3.150,4.330,2,45027,0.11,2026-08-10T14:18:44+00:00
2025-05-19T12:00:00+00:00,llo1,48,2025-05-17,23.00,3.280,5.847,3.040,4.432,2,45027,0.11,2026-08-10T14:18:44+00:00
2025-05-19T12:00:00+00:00,llo1,48,2025-05-17,28.00,3.230,5.372,2.990,4.145,2,45027,0.11,2026-08-10T14:18:44+00:00
2025-05-19T12:00:00+00:00,llo1,48,2025-05-17,33.00,3.210,5.152,2.960,4.352,2,45027,0.11,2026-08-10T14:18:44+00:00
2025-05-19T12:00:00+00:00,llo1,48,2025-05-17,38.00,3.270,4.966,3.010,4.267,2,45027,0.11,2026-08-10T14:18:44+00:00
2025-05-20T12:00:00+00:00,llo1,72,2025-05-17,3.00,3.220,7.694,3.370,,2,45027,0.11,2026-08-10T14:18:44+00:00
2025-05-20T12:00:00+00:00,llo1,72,2025-05-17,6.00,3.070,7.698,3.210,4.345,2,45027,0.11,2026-08-10T14:18:44+00:00
2025-05-20T12:00:00+00:00,llo1,72,2025-05-17,8.00,3.120,7.699,3.210,4.267,2,45027,0.11,2026-08-10T14:18:44+00:00
2025-05-20T12:00:00+00:00,llo1,72,2025-05-17,13.00,2.900,7.241,2.950,4.274,2,45027,0.11,2026-08-10T14:18:44+00:00
2025-05-20T12:00:00+00:00,llo1,72,2025-05-17,18.00,3.140,5.855,3.150,4.298,2,45027,0.11,2026-08-10T14:18:44+00:00
2025-05-20T12:00:00+00:00,llo1,72,2025-05-17,23.00,3.040,5.614,3.040,4.401,2,45027,0.11,2026-08-10T14:18:44+00:00
2025-05-20T12:00:00+00:00,llo1,72,2025-05-17,28.00,2.990,5.488,2.990,4.116,2,45027,0.11,2026-08-10T14:18:44+00:00
2025-05-20T12:00:00+00:00,llo1,72,2025-05-17,33.00,2.960,5.373,2.960,4.324,2,45027,0.11,2026-08-10T14:18:44+00:00
2025-05-20T12:00:00+00:00,llo1,72,2025-05-17,38.00,3.010,5.260,3.010,4.235,2,45027,0.11,2026-08-10T14:18:44+00:00
2025-05-21T12:00:00+00:00,llo1,96,2025-05-17,3.00,3.160,7.799,3.370,,2,45027,0.11,2026-08-10T14:18:44+00:00
2025-05-21T12:00:00+00:00,llo1,96,2025-05-17,6.00,3.000,7.803,3.210,4.463,2,45027,0.11,2026-08-10T14:18:44+00:00
2025-05-21T12:00:00+00:00,llo1,96,2025-05-17,8.00,3.060,7.802,3.210,4.339,2,45027,0.11,2026-08-10T14:18:44+00:00
2025-05-21T12:00:00+00:00,llo1,96,2025-05-17,13.00,2.850,7.592,2.950,4.303,2,45027,0.11,2026-08-10T14:18:44+00:00
2025-05-21T12:00:00+00:00,llo1,96,2025-05-17,18.00,3.090,6.725,3.150,4.311,2,45027,0.11,2026-08-10T14:18:44+00:00
2025-05-21T12:00:00+00:00,llo1,96,2025-05-17,23.00,3.000,6.053,3.040,4.399,2,45027,0.11,2026-08-10T14:18:44+00:00
2025-05-21T12:00:00+00:00,llo1,96,2025-05-17,28.00,2.940,5.885,2.990,4.103,2,45027,0.11,2026-08-10T14:18:44+00:00
2025-05-21T12:00:00+00:00,llo1,96,2025-05-17,33.00,2.930,5.867,2.960,4.307,2,45027,0.11,2026-08-10T14:18:44+00:00
2025-05-21T12:00:00+00:00,llo1,96,2025-05-17,38.00,2.980,5.856,3.010,4.217,2,45027,0.11,2026-08-10T14:18:44+00:00
2025-05-22T12:00:00+00:00,llo1,120,2025-05-17,3.00,3.320,8.114,3.370,,2,45027,0.11,2026-08-10T14:18:44+00:00
2025-05-22T12:00:00+00:00,llo1,120,2025-05-17,6.00,3.140,7.981,3.210,4.476,2,45027,0.11,2026-08-10T14:18:44+00:00
2025-05-22T12:00:00+00:00,llo1,120,2025-05-17,8.00,3.170,7.645,3.210,4.358,2,45027,0.11,2026-08-10T14:18:44+00:00
2025-05-22T12:00:00+00:00,llo1,120,2025-05-17,13.00,2.850,6.573,2.950,4.328,2,45027,0.11,2026-08-10T14:18:44+00:00
2025-05-22T12:00:00+00:00,llo1,120,2025-05-17,18.00,3.120,6.124,3.150,4.339,2,45027,0.11,2026-08-10T14:18:44+00:00
2025-05-22T12:00:00+00:00,llo1,120,2025-05-17,23.00,3.010,5.827,3.040,4.429,2,45027,0.11,2026-08-10T14:18:44+00:00
2025-05-22T12:00:00+00:00,llo1,120,2025-05-17,28.00,2.960,5.668,2.990,4.132,2,45027,0.11,2026-08-10T14:18:44+00:00
2025-05-22T12:00:00+00:00,llo1,120,2025-05-17,33.00,2.920,5.564,2.960,4.330,2,45027,0.11,2026-08-10T14:18:44+00:00
2025-05-22T12:00:00+00:00,llo1,120,2025-05-17,38.00,2.940,5.503,3.010,4.226,2,45027,0.11,2026-08-10T14:18:44+00:00
2025-05-19T12:00:00+00:00,llo1,24,2025-05-18,3.00,3.540,8.015,3.270,,2,45027,0.11,2026-08-10T14:18:44+00:00
2025-05-19T12:00:00+00:00,llo1,24,2025-05-18,6.00,3.360,8.023,3.110,4.388,2,45027,0.11,2026-08-10T14:18:44+00:00
2025-05-19T12:00:00+00:00,llo1,24,2025-05-18,8.00,3.380,8.026,3.170,4.306,2,45027,0.11,2026-08-10T14:18:44+00:00
2025-05-19T12:00:00+00:00,llo1,24,2025-05-18,13.00,3.140,8.004,2.960,4.307,2,45027,0.11,2026-08-10T14:18:44+00:00
2025-05-19T12:00:00+00:00,llo1,24,2025-05-18,18.00,3.380,7.152,3.190,4.330,2,45027,0.11,2026-08-10T14:18:44+00:00
2025-05-19T12:00:00+00:00,llo1,24,2025-05-18,23.00,3.280,6.024,3.110,4.432,2,45027,0.11,2026-08-10T14:18:44+00:00
2025-05-19T12:00:00+00:00,llo1,24,2025-05-18,28.00,3.230,5.496,3.050,4.145,2,45027,0.11,2026-08-10T14:18:44+00:00
2025-05-19T12:00:00+00:00,llo1,24,2025-05-18,33.00,3.210,5.125,3.020,4.352,2,45027,0.11,2026-08-10T14:18:44+00:00
2025-05-19T12:00:00+00:00,llo1,24,2025-05-18,38.00,3.270,4.968,3.080,4.267,2,45027,0.11,2026-08-10T14:18:44+00:00
2025-05-20T12:00:00+00:00,llo1,48,2025-05-18,3.00,3.220,7.234,3.270,,2,45027,0.11,2026-08-10T14:18:44+00:00
2025-05-20T12:00:00+00:00,llo1,48,2025-05-18,6.00,3.070,7.235,3.110,4.345,2,45027,0.11,2026-08-10T14:18:44+00:00
2025-05-20T12:00:00+00:00,llo1,48,2025-05-18,8.00,3.120,7.235,3.170,4.267,2,45027,0.11,2026-08-10T14:18:44+00:00
2025-05-20T12:00:00+00:00,llo1,48,2025-05-18,13.00,2.900,7.234,2.960,4.274,2,45027,0.11,2026-08-10T14:18:44+00:00
2025-05-20T12:00:00+00:00,llo1,48,2025-05-18,18.00,3.140,7.045,3.190,4.298,2,45027,0.11,2026-08-10T14:18:44+00:00
2025-05-20T12:00:00+00:00,llo1,48,2025-05-18,23.00,3.040,5.941,3.110,4.401,2,45027,0.11,2026-08-10T14:18:44+00:00
2025-05-20T12:00:00+00:00,llo1,48,2025-05-18,28.00,2.990,5.439,3.050,4.116,2,45027,0.11,2026-08-10T14:18:44+00:00
2025-05-20T12:00:00+00:00,llo1,48,2025-05-18,33.00,2.960,5.093,3.020,4.324,2,45027,0.11,2026-08-10T14:18:44+00:00
2025-05-20T12:00:00+00:00,llo1,48,2025-05-18,38.00,3.010,5.017,3.080,4.235,2,45027,0.11,2026-08-10T14:18:44+00:00
2025-05-21T12:00:00+00:00,llo1,72,2025-05-18,3.00,3.160,7.615,3.270,,2,45027,0.11,2026-08-10T14:18:44+00:00
2025-05-21T12:00:00+00:00,llo1,72,2025-05-18,6.00,3.000,7.635,3.110,4.463,2,45027,0.11,2026-08-10T14:18:44+00:00
2025-05-21T12:00:00+00:00,llo1,72,2025-05-18,8.00,3.060,7.641,3.170,4.339,2,45027,0.11,2026-08-10T14:18:44+00:00
2025-05-21T12:00:00+00:00,llo1,72,2025-05-18,13.00,2.850,7.104,2.960,4.303,2,45027,0.11,2026-08-10T14:18:44+00:00
2025-05-21T12:00:00+00:00,llo1,72,2025-05-18,18.00,3.090,5.909,3.190,4.311,2,45027,0.11,2026-08-10T14:18:44+00:00
2025-05-21T12:00:00+00:00,llo1,72,2025-05-18,23.00,3.000,5.693,3.110,4.399,2,45027,0.11,2026-08-10T14:18:44+00:00
2025-05-21T12:00:00+00:00,llo1,72,2025-05-18,28.00,2.940,5.473,3.050,4.103,2,45027,0.11,2026-08-10T14:18:44+00:00
2025-05-21T12:00:00+00:00,llo1,72,2025-05-18,33.00,2.930,5.280,3.020,4.307,2,45027,0.11,2026-08-10T14:18:44+00:00
2025-05-21T12:00:00+00:00,llo1,72,2025-05-18,38.00,2.980,5.257,3.080,4.217,2,45027,0.11,2026-08-10T14:18:44+00:00
2025-05-22T12:00:00+00:00,llo1,96,2025-05-18,3.00,3.320,9.067,3.270,,2,45027,0.11,2026-08-10T14:18:44+00:00
2025-05-22T12:00:00+00:00,llo1,96,2025-05-18,6.00,3.140,8.164,3.110,4.476,2,45027,0.11,2026-08-10T14:18:44+00:00
2025-05-22T12:00:00+00:00,llo1,96,2025-05-18,8.00,3.170,7.330,3.170,4.358,2,45027,0.11,2026-08-10T14:18:44+00:00
2025-05-22T12:00:00+00:00,llo1,96,2025-05-18,13.00,2.850,5.634,2.960,4.328,2,45027,0.11,2026-08-10T14:18:44+00:00
2025-05-22T12:00:00+00:00,llo1,96,2025-05-18,18.00,3.120,5.083,3.190,4.339,2,45027,0.11,2026-08-10T14:18:44+00:00
2025-05-22T12:00:00+00:00,llo1,96,2025-05-18,23.00,3.010,4.914,3.110,4.429,2,45027,0.11,2026-08-10T14:18:44+00:00
2025-05-22T12:00:00+00:00,llo1,96,2025-05-18,28.00,2.960,4.885,3.050,4.132,2,45027,0.11,2026-08-10T14:18:44+00:00
2025-05-22T12:00:00+00:00,llo1,96,2025-05-18,33.00,2.920,4.885,3.020,4.330,2,45027,0.11,2026-08-10T14:18:44+00:00
2025-05-22T12:00:00+00:00,llo1,96,2025-05-18,38.00,2.940,4.887,3.080,4.226,2,45027,0.11,2026-08-10T14:18:44+00:00
2025-05-23T12:00:00+00:00,llo1,120,2025-05-18,3.00,3.270,9.472,3.270,,2,45027,0.11,2026-08-10T14:18:44+00:00
2025-05-23T12:00:00+00:00,llo1,120,2025-05-18,6.00,3.100,7.891,3.110,4.667,2,45027,0.11,2026-08-10T14:18:44+00:00
2025-05-23T12:00:00+00:00,llo1,120,2025-05-18,8.00,3.160,6.649,3.170,4.515,2,45027,0.11,2026-08-10T14:18:44+00:00
2025-05-23T12:00:00+00:00,llo1,120,2025-05-18,13.00,2.920,5.562,2.960,4.446,2,45027,0.11,2026-08-10T14:18:44+00:00
2025-05-23T12:00:00+00:00,llo1,120,2025-05-18,18.00,3.180,5.181,3.190,4.424,2,45027,0.11,2026-08-10T14:18:44+00:00
2025-05-23T12:00:00+00:00,llo1,120,2025-05-18,23.00,3.090,4.981,3.110,4.496,2,45027,0.11,2026-08-10T14:18:44+00:00
2025-05-23T12:00:00+00:00,llo1,120,2025-05-18,28.00,3.040,4.881,3.050,4.193,2,45027,0.11,2026-08-10T14:18:44+00:00
2025-05-23T12:00:00+00:00,llo1,120,2025-05-18,33.00,3.000,4.790,3.020,4.392,2,45027,0.11,2026-08-10T14:18:44+00:00
2025-05-23T12:00:00+00:00,llo1,120,2025-05-18,38.00,3.050,4.757,3.080,4.279,2,45027,0.11,2026-08-10T14:18:44+00:00
2025-05-20T12:00:00+00:00,llo1,24,2025-05-19,3.00,3.220,7.458,3.540,,2,45027,0.11,2026-08-10T14:18:44+00:00
2025-05-20T12:00:00+00:00,llo1,24,2025-05-19,6.00,3.070,7.459,3.360,4.345,2,45027,0.11,2026-08-10T14:18:44+00:00
2025-05-20T12:00:00+00:00,llo1,24,2025-05-19,8.00,3.120,7.459,3.380,4.267,2,45027,0.11,2026-08-10T14:18:44+00:00
2025-05-20T12:00:00+00:00,llo1,24,2025-05-19,13.00,2.900,7.458,3.140,4.274,2,45027,0.11,2026-08-10T14:18:44+00:00
2025-05-20T12:00:00+00:00,llo1,24,2025-05-19,18.00,3.140,7.345,3.380,4.298,2,45027,0.11,2026-08-10T14:18:44+00:00
2025-05-20T12:00:00+00:00,llo1,24,2025-05-19,23.00,3.040,6.063,3.280,4.401,2,45027,0.11,2026-08-10T14:18:44+00:00
2025-05-20T12:00:00+00:00,llo1,24,2025-05-19,28.00,2.990,5.543,3.230,4.116,2,45027,0.11,2026-08-10T14:18:44+00:00
2025-05-20T12:00:00+00:00,llo1,24,2025-05-19,33.00,2.960,5.307,3.210,4.324,2,45027,0.11,2026-08-10T14:18:44+00:00
2025-05-20T12:00:00+00:00,llo1,24,2025-05-19,38.00,3.010,5.282,3.270,4.235,2,45027,0.11,2026-08-10T14:18:44+00:00
2025-05-21T12:00:00+00:00,llo1,48,2025-05-19,3.00,3.160,6.807,3.540,,2,45027,0.11,2026-08-10T14:18:44+00:00
2025-05-21T12:00:00+00:00,llo1,48,2025-05-19,6.00,3.000,6.811,3.360,4.463,2,45027,0.11,2026-08-10T14:18:44+00:00
2025-05-21T12:00:00+00:00,llo1,48,2025-05-19,8.00,3.060,6.815,3.380,4.339,2,45027,0.11,2026-08-10T14:18:44+00:00
2025-05-21T12:00:00+00:00,llo1,48,2025-05-19,13.00,2.850,6.829,3.140,4.303,2,45027,0.11,2026-08-10T14:18:44+00:00
2025-05-21T12:00:00+00:00,llo1,48,2025-05-19,18.00,3.090,6.839,3.380,4.311,2,45027,0.11,2026-08-10T14:18:44+00:00
2025-05-21T12:00:00+00:00,llo1,48,2025-05-19,23.00,3.000,6.828,3.280,4.399,2,45027,0.11,2026-08-10T14:18:44+00:00
2025-05-21T12:00:00+00:00,llo1,48,2025-05-19,28.00,2.940,6.470,3.230,4.103,2,45027,0.11,2026-08-10T14:18:44+00:00
2025-05-21T12:00:00+00:00,llo1,48,2025-05-19,33.00,2.930,5.962,3.210,4.307,2,45027,0.11,2026-08-10T14:18:44+00:00
2025-05-21T12:00:00+00:00,llo1,48,2025-05-19,38.00,2.980,5.740,3.270,4.217,2,45027,0.11,2026-08-10T14:18:44+00:00
2025-05-22T12:00:00+00:00,llo1,72,2025-05-19,3.00,3.320,8.516,3.540,,2,45027,0.11,2026-08-10T14:18:44+00:00
2025-05-22T12:00:00+00:00,llo1,72,2025-05-19,6.00,3.140,7.811,3.360,4.476,2,45027,0.11,2026-08-10T14:18:44+00:00
2025-05-22T12:00:00+00:00,llo1,72,2025-05-19,8.00,3.170,7.079,3.380,4.358,2,45027,0.11,2026-08-10T14:18:44+00:00
2025-05-22T12:00:00+00:00,llo1,72,2025-05-19,13.00,2.850,6.139,3.140,4.328,2,45027,0.11,2026-08-10T14:18:44+00:00
2025-05-22T12:00:00+00:00,llo1,72,2025-05-19,18.00,3.120,5.511,3.380,4.339,2,45027,0.11,2026-08-10T14:18:44+00:00
2025-05-22T12:00:00+00:00,llo1,72,2025-05-19,23.00,3.010,5.010,3.280,4.429,2,45027,0.11,2026-08-10T14:18:44+00:00
2025-05-22T12:00:00+00:00,llo1,72,2025-05-19,28.00,2.960,4.798,3.230,4.132,2,45027,0.11,2026-08-10T14:18:44+00:00
2025-05-22T12:00:00+00:00,llo1,72,2025-05-19,33.00,2.920,4.793,3.210,4.330,2,45027,0.11,2026-08-10T14:18:44+00:00
2025-05-22T12:00:00+00:00,llo1,72,2025-05-19,38.00,2.940,4.796,3.270,4.226,2,45027,0.11,2026-08-10T14:18:44+00:00
2025-05-23T12:00:00+00:00,llo1,96,2025-05-19,3.00,3.270,8.937,3.540,,2,45027,0.11,2026-08-10T14:18:44+00:00
2025-05-23T12:00:00+00:00,llo1,96,2025-05-19,6.00,3.100,6.762,3.360,4.667,2,45027,0.11,2026-08-10T14:18:44+00:00
2025-05-23T12:00:00+00:00,llo1,96,2025-05-19,8.00,3.160,5.919,3.380,4.515,2,45027,0.11,2026-08-10T14:18:44+00:00
2025-05-23T12:00:00+00:00,llo1,96,2025-05-19,13.00,2.920,5.026,3.140,4.446,2,45027,0.11,2026-08-10T14:18:44+00:00
2025-05-23T12:00:00+00:00,llo1,96,2025-05-19,18.00,3.180,4.648,3.380,4.424,2,45027,0.11,2026-08-10T14:18:44+00:00
2025-05-23T12:00:00+00:00,llo1,96,2025-05-19,23.00,3.090,4.529,3.280,4.496,2,45027,0.11,2026-08-10T14:18:44+00:00
2025-05-23T12:00:00+00:00,llo1,96,2025-05-19,28.00,3.040,4.513,3.230,4.193,2,45027,0.11,2026-08-10T14:18:44+00:00
2025-05-23T12:00:00+00:00,llo1,96,2025-05-19,33.00,3.000,4.501,3.210,4.392,2,45027,0.11,2026-08-10T14:18:44+00:00
2025-05-23T12:00:00+00:00,llo1,96,2025-05-19,38.00,3.050,4.501,3.270,4.279,2,45027,0.11,2026-08-10T14:18:44+00:00
2025-05-24T12:00:00+00:00,llo1,120,2025-05-19,3.00,3.560,9.204,3.540,,2,45027,0.11,2026-08-10T14:18:44+00:00
2025-05-24T12:00:00+00:00,llo1,120,2025-05-19,6.00,3.370,7.108,3.360,5.047,2,45027,0.11,2026-08-10T14:18:44+00:00
2025-05-24T12:00:00+00:00,llo1,120,2025-05-19,8.00,3.410,6.463,3.380,4.897,2,45027,0.11,2026-08-10T14:18:44+00:00
2025-05-24T12:00:00+00:00,llo1,120,2025-05-19,13.00,3.130,5.946,3.140,4.646,2,45027,0.11,2026-08-10T14:18:44+00:00
2025-05-24T12:00:00+00:00,llo1,120,2025-05-19,18.00,3.370,5.556,3.380,4.594,2,45027,0.11,2026-08-10T14:18:44+00:00
2025-05-24T12:00:00+00:00,llo1,120,2025-05-19,23.00,3.270,5.246,3.280,4.623,2,45027,0.11,2026-08-10T14:18:44+00:00
2025-05-24T12:00:00+00:00,llo1,120,2025-05-19,28.00,3.210,5.102,3.230,4.301,2,45027,0.11,2026-08-10T14:18:44+00:00
2025-05-24T12:00:00+00:00,llo1,120,2025-05-19,33.00,3.180,4.954,3.210,4.489,2,45027,0.11,2026-08-10T14:18:44+00:00
2025-05-24T12:00:00+00:00,llo1,120,2025-05-19,38.00,3.210,4.852,3.270,4.365,2,45027,0.11,2026-08-10T14:18:44+00:00
2025-05-21T12:00:00+00:00,llo1,24,2025-05-20,3.00,3.160,6.942,3.220,,2,45027,0.11,2026-08-10T14:18:44+00:00
2025-05-21T12:00:00+00:00,llo1,24,2025-05-20,6.00,3.000,6.943,3.070,4.463,2,45027,0.11,2026-08-10T14:18:44+00:00
2025-05-21T12:00:00+00:00,llo1,24,2025-05-20,8.00,3.060,6.944,3.120,4.339,2,45027,0.11,2026-08-10T14:18:44+00:00
2025-05-21T12:00:00+00:00,llo1,24,2025-05-20,13.00,2.850,6.945,2.900,4.303,2,45027,0.11,2026-08-10T14:18:44+00:00
2025-05-21T12:00:00+00:00,llo1,24,2025-05-20,18.00,3.090,6.936,3.140,4.311,2,45027,0.11,2026-08-10T14:18:44+00:00
2025-05-21T12:00:00+00:00,llo1,24,2025-05-20,23.00,3.000,6.704,3.040,4.399,2,45027,0.11,2026-08-10T14:18:44+00:00
2025-05-21T12:00:00+00:00,llo1,24,2025-05-20,28.00,2.940,6.322,2.990,4.103,2,45027,0.11,2026-08-10T14:18:44+00:00
2025-05-21T12:00:00+00:00,llo1,24,2025-05-20,33.00,2.930,6.012,2.960,4.307,2,45027,0.11,2026-08-10T14:18:44+00:00
2025-05-21T12:00:00+00:00,llo1,24,2025-05-20,38.00,2.980,5.934,3.010,4.217,2,45027,0.11,2026-08-10T14:18:44+00:00
2025-05-22T12:00:00+00:00,llo1,48,2025-05-20,3.00,3.320,6.894,3.220,,2,45027,0.11,2026-08-10T14:18:44+00:00
2025-05-22T12:00:00+00:00,llo1,48,2025-05-20,6.00,3.140,6.926,3.070,4.476,2,45027,0.11,2026-08-10T14:18:44+00:00
2025-05-22T12:00:00+00:00,llo1,48,2025-05-20,8.00,3.170,6.905,3.120,4.358,2,45027,0.11,2026-08-10T14:18:44+00:00
2025-05-22T12:00:00+00:00,llo1,48,2025-05-20,13.00,2.850,6.288,2.900,4.328,2,45027,0.11,2026-08-10T14:18:44+00:00
2025-05-22T12:00:00+00:00,llo1,48,2025-05-20,18.00,3.120,5.880,3.140,4.339,2,45027,0.11,2026-08-10T14:18:44+00:00
2025-05-22T12:00:00+00:00,llo1,48,2025-05-20,23.00,3.010,5.456,3.040,4.429,2,45027,0.11,2026-08-10T14:18:44+00:00
2025-05-22T12:00:00+00:00,llo1,48,2025-05-20,28.00,2.960,5.230,2.990,4.132,2,45027,0.11,2026-08-10T14:18:44+00:00
2025-05-22T12:00:00+00:00,llo1,48,2025-05-20,33.00,2.920,5.124,2.960,4.330,2,45027,0.11,2026-08-10T14:18:44+00:00
2025-05-22T12:00:00+00:00,llo1,48,2025-05-20,38.00,2.940,5.075,3.010,4.226,2,45027,0.11,2026-08-10T14:18:44+00:00
2025-05-23T12:00:00+00:00,llo1,72,2025-05-20,3.00,3.270,8.851,3.220,,2,45027,0.11,2026-08-10T14:18:44+00:00
2025-05-23T12:00:00+00:00,llo1,72,2025-05-20,6.00,3.100,7.372,3.070,4.667,2,45027,0.11,2026-08-10T14:18:44+00:00
2025-05-23T12:00:00+00:00,llo1,72,2025-05-20,8.00,3.160,6.358,3.120,4.515,2,45027,0.11,2026-08-10T14:18:44+00:00
2025-05-23T12:00:00+00:00,llo1,72,2025-05-20,13.00,2.920,5.208,2.900,4.446,2,45027,0.11,2026-08-10T14:18:44+00:00
2025-05-23T12:00:00+00:00,llo1,72,2025-05-20,18.00,3.180,4.821,3.140,4.424,2,45027,0.11,2026-08-10T14:18:44+00:00
2025-05-23T12:00:00+00:00,llo1,72,2025-05-20,23.00,3.090,4.652,3.040,4.496,2,45027,0.11,2026-08-10T14:18:44+00:00
2025-05-23T12:00:00+00:00,llo1,72,2025-05-20,28.00,3.040,4.592,2.990,4.193,2,45027,0.11,2026-08-10T14:18:44+00:00
2025-05-23T12:00:00+00:00,llo1,72,2025-05-20,33.00,3.000,4.589,2.960,4.392,2,45027,0.11,2026-08-10T14:18:44+00:00
2025-05-23T12:00:00+00:00,llo1,72,2025-05-20,38.00,3.050,4.590,3.010,4.279,2,45027,0.11,2026-08-10T14:18:44+00:00
2025-05-24T12:00:00+00:00,llo1,96,2025-05-20,3.00,3.560,9.260,3.220,,2,45027,0.11,2026-08-10T14:18:44+00:00
2025-05-24T12:00:00+00:00,llo1,96,2025-05-20,6.00,3.370,6.795,3.070,5.047,2,45027,0.11,2026-08-10T14:18:44+00:00
2025-05-24T12:00:00+00:00,llo1,96,2025-05-20,8.00,3.410,5.907,3.120,4.897,2,45027,0.11,2026-08-10T14:18:44+00:00
2025-05-24T12:00:00+00:00,llo1,96,2025-05-20,13.00,3.130,5.245,2.900,4.646,2,45027,0.11,2026-08-10T14:18:44+00:00
2025-05-24T12:00:00+00:00,llo1,96,2025-05-20,18.00,3.370,4.885,3.140,4.594,2,45027,0.11,2026-08-10T14:18:44+00:00
2025-05-24T12:00:00+00:00,llo1,96,2025-05-20,23.00,3.270,4.738,3.040,4.623,2,45027,0.11,2026-08-10T14:18:44+00:00
2025-05-24T12:00:00+00:00,llo1,96,2025-05-20,28.00,3.210,4.678,2.990,4.301,2,45027,0.11,2026-08-10T14:18:44+00:00
2025-05-24T12:00:00+00:00,llo1,96,2025-05-20,33.00,3.180,4.655,2.960,4.489,2,45027,0.11,2026-08-10T14:18:44+00:00
2025-05-24T12:00:00+00:00,llo1,96,2025-05-20,38.00,3.210,4.645,3.010,4.365,2,45027,0.11,2026-08-10T14:18:44+00:00
2025-05-25T12:00:00+00:00,llo1,120,2025-05-20,3.00,3.760,10.159,3.220,,2,45027,0.11,2026-08-10T14:18:44+00:00
2025-05-25T12:00:00+00:00,llo1,120,2025-05-20,6.00,3.470,7.385,3.070,5.346,2,45027,0.11,2026-08-10T14:18:44+00:00
2025-05-25T12:00:00+00:00,llo1,120,2025-05-20,8.00,3.460,6.476,3.120,5.152,2,45027,0.11,2026-08-10T14:18:44+00:00
2025-05-25T12:00:00+00:00,llo1,120,2025-05-20,13.00,3.170,5.977,2.900,4.785,2,45027,0.11,2026-08-10T14:18:44+00:00
2025-05-25T12:00:00+00:00,llo1,120,2025-05-20,18.00,3.460,5.619,3.140,4.677,2,45027,0.11,2026-08-10T14:18:44+00:00
2025-05-25T12:00:00+00:00,llo1,120,2025-05-20,23.00,3.370,5.364,3.040,4.683,2,45027,0.11,2026-08-10T14:18:44+00:00
2025-05-25T12:00:00+00:00,llo1,120,2025-05-20,28.00,3.310,5.184,2.990,4.359,2,45027,0.11,2026-08-10T14:18:44+00:00
2025-05-25T12:00:00+00:00,llo1,120,2025-05-20,33.00,3.300,5.039,2.960,4.546,2,45027,0.11,2026-08-10T14:18:44+00:00
2025-05-25T12:00:00+00:00,llo1,120,2025-05-20,38.00,3.350,4.928,3.010,4.418,2,45027,0.11,2026-08-10T14:18:44+00:00
2025-05-22T12:00:00+00:00,llo1,24,2025-05-21,3.00,3.320,6.955,3.160,,2,45027,0.11,2026-08-10T14:18:44+00:00
2025-05-22T12:00:00+00:00,llo1,24,2025-05-21,6.00,3.140,6.959,3.000,4.476,2,45027,0.11,2026-08-10T14:18:44+00:00
2025-05-22T12:00:00+00:00,llo1,24,2025-05-21,8.00,3.170,6.944,3.060,4.358,2,45027,0.11,2026-08-10T14:18:44+00:00
2025-05-22T12:00:00+00:00,llo1,24,2025-05-21,13.00,2.850,6.561,2.850,4.328,2,45027,0.11,2026-08-10T14:18:44+00:00
2025-05-22T12:00:00+00:00,llo1,24,2025-05-21,18.00,3.120,6.110,3.090,4.339,2,45027,0.11,2026-08-10T14:18:44+00:00
2025-05-22T12:00:00+00:00,llo1,24,2025-05-21,23.00,3.010,6.003,3.000,4.429,2,45027,0.11,2026-08-10T14:18:44+00:00
2025-05-22T12:00:00+00:00,llo1,24,2025-05-21,28.00,2.960,5.938,2.940,4.132,2,45027,0.11,2026-08-10T14:18:44+00:00
2025-05-22T12:00:00+00:00,llo1,24,2025-05-21,33.00,2.920,5.844,2.930,4.330,2,45027,0.11,2026-08-10T14:18:44+00:00
2025-05-22T12:00:00+00:00,llo1,24,2025-05-21,38.00,2.940,5.727,2.980,4.226,2,45027,0.11,2026-08-10T14:18:44+00:00
2025-05-23T12:00:00+00:00,llo1,48,2025-05-21,3.00,3.270,8.515,3.160,,2,45027,0.11,2026-08-10T14:18:44+00:00
2025-05-23T12:00:00+00:00,llo1,48,2025-05-21,6.00,3.100,7.608,3.000,4.667,2,45027,0.11,2026-08-10T14:18:44+00:00
2025-05-23T12:00:00+00:00,llo1,48,2025-05-21,8.00,3.160,6.622,3.060,4.515,2,45027,0.11,2026-08-10T14:18:44+00:00
2025-05-23T12:00:00+00:00,llo1,48,2025-05-21,13.00,2.920,5.321,2.850,4.446,2,45027,0.11,2026-08-10T14:18:44+00:00
2025-05-23T12:00:00+00:00,llo1,48,2025-05-21,18.00,3.180,4.964,3.090,4.424,2,45027,0.11,2026-08-10T14:18:44+00:00
2025-05-23T12:00:00+00:00,llo1,48,2025-05-21,23.00,3.090,4.900,3.000,4.496,2,45027,0.11,2026-08-10T14:18:44+00:00
2025-05-23T12:00:00+00:00,llo1,48,2025-05-21,28.00,3.040,4.835,2.940,4.193,2,45027,0.11,2026-08-10T14:18:44+00:00
2025-05-23T12:00:00+00:00,llo1,48,2025-05-21,33.00,3.000,4.798,2.930,4.392,2,45027,0.11,2026-08-10T14:18:44+00:00
2025-05-23T12:00:00+00:00,llo1,48,2025-05-21,38.00,3.050,4.796,2.980,4.279,2,45027,0.11,2026-08-10T14:18:44+00:00
2025-05-24T12:00:00+00:00,llo1,72,2025-05-21,3.00,3.560,8.049,3.160,,2,45027,0.11,2026-08-10T14:18:44+00:00
2025-05-24T12:00:00+00:00,llo1,72,2025-05-21,6.00,3.370,5.756,3.000,5.047,2,45027,0.11,2026-08-10T14:18:44+00:00
2025-05-24T12:00:00+00:00,llo1,72,2025-05-21,8.00,3.410,5.276,3.060,4.897,2,45027,0.11,2026-08-10T14:18:44+00:00
2025-05-24T12:00:00+00:00,llo1,72,2025-05-21,13.00,3.130,5.117,2.850,4.646,2,45027,0.11,2026-08-10T14:18:44+00:00
2025-05-24T12:00:00+00:00,llo1,72,2025-05-21,18.00,3.370,4.946,3.090,4.594,2,45027,0.11,2026-08-10T14:18:44+00:00
2025-05-24T12:00:00+00:00,llo1,72,2025-05-21,23.00,3.270,4.826,3.000,4.623,2,45027,0.11,2026-08-10T14:18:44+00:00
2025-05-24T12:00:00+00:00,llo1,72,2025-05-21,28.00,3.210,4.756,2.940,4.301,2,45027,0.11,2026-08-10T14:18:44+00:00
2025-05-24T12:00:00+00:00,llo1,72,2025-05-21,33.00,3.180,4.727,2.930,4.489,2,45027,0.11,2026-08-10T14:18:44+00:00
2025-05-24T12:00:00+00:00,llo1,72,2025-05-21,38.00,3.210,4.720,2.980,4.365,2,45027,0.11,2026-08-10T14:18:44+00:00
2025-05-25T12:00:00+00:00,llo1,96,2025-05-21,3.00,3.760,10.061,3.160,,2,45027,0.11,2026-08-10T14:18:44+00:00
2025-05-25T12:00:00+00:00,llo1,96,2025-05-21,6.00,3.470,7.413,3.000,5.346,2,45027,0.11,2026-08-10T14:18:44+00:00
2025-05-25T12:00:00+00:00,llo1,96,2025-05-21,8.00,3.460,6.545,3.060,5.152,2,45027,0.11,2026-08-10T14:18:44+00:00
2025-05-25T12:00:00+00:00,llo1,96,2025-05-21,13.00,3.170,5.935,2.850,4.785,2,45027,0.11,2026-08-10T14:18:44+00:00
2025-05-25T12:00:00+00:00,llo1,96,2025-05-21,18.00,3.460,5.579,3.090,4.677,2,45027,0.11,2026-08-10T14:18:44+00:00
2025-05-25T12:00:00+00:00,llo1,96,2025-05-21,23.00,3.370,5.355,3.000,4.683,2,45027,0.11,2026-08-10T14:18:44+00:00
2025-05-25T12:00:00+00:00,llo1,96,2025-05-21,28.00,3.310,5.165,2.940,4.359,2,45027,0.11,2026-08-10T14:18:44+00:00
2025-05-25T12:00:00+00:00,llo1,96,2025-05-21,33.00,3.300,5.047,2.930,4.546,2,45027,0.11,2026-08-10T14:18:44+00:00
2025-05-25T12:00:00+00:00,llo1,96,2025-05-21,38.00,3.350,4.974,2.980,4.418,2,45027,0.11,2026-08-10T14:18:44+00:00
2025-05-26T12:00:00+00:00,llo1,120,2025-05-21,3.00,3.830,10.507,3.160,,2,45027,0.11,2026-08-10T14:18:44+00:00
2025-05-26T12:00:00+00:00,llo1,120,2025-05-21,6.00,3.630,9.278,3.000,5.478,2,45027,0.11,2026-08-10T14:18:44+00:00
2025-05-26T12:00:00+00:00,llo1,120,2025-05-21,8.00,3.680,8.003,3.060,5.271,2,45027,0.11,2026-08-10T14:18:44+00:00
2025-05-26T12:00:00+00:00,llo1,120,2025-05-21,13.00,3.420,6.401,2.850,4.836,2,45027,0.11,2026-08-10T14:18:44+00:00
2025-05-26T12:00:00+00:00,llo1,120,2025-05-21,18.00,3.690,6.316,3.090,4.719,2,45027,0.11,2026-08-10T14:18:44+00:00
2025-05-26T12:00:00+00:00,llo1,120,2025-05-21,23.00,3.570,5.813,3.000,4.703,2,45027,0.11,2026-08-10T14:18:44+00:00
2025-05-26T12:00:00+00:00,llo1,120,2025-05-21,28.00,3.500,5.346,2.940,4.368,2,45027,0.11,2026-08-10T14:18:44+00:00
2025-05-26T12:00:00+00:00,llo1,120,2025-05-21,33.00,3.450,5.080,2.930,4.550,2,45027,0.11,2026-08-10T14:18:44+00:00
2025-05-26T12:00:00+00:00,llo1,120,2025-05-21,38.00,3.500,5.044,2.980,4.424,2,45027,0.11,2026-08-10T14:18:44+00:00
2025-05-23T12:00:00+00:00,llo1,24,2025-05-22,3.00,3.270,8.500,3.320,,2,45027,0.11,2026-08-10T14:18:44+00:00
2025-05-23T12:00:00+00:00,llo1,24,2025-05-22,6.00,3.100,7.746,3.140,4.667,2,45027,0.11,2026-08-10T14:18:44+00:00
2025-05-23T12:00:00+00:00,llo1,24,2025-05-22,8.00,3.160,6.925,3.170,4.515,2,45027,0.11,2026-08-10T14:18:44+00:00
2025-05-23T12:00:00+00:00,llo1,24,2025-05-22,13.00,2.920,6.029,2.850,4.446,2,45027,0.11,2026-08-10T14:18:44+00:00
2025-05-23T12:00:00+00:00,llo1,24,2025-05-22,18.00,3.180,5.856,3.120,4.424,2,45027,0.11,2026-08-10T14:18:44+00:00
2025-05-23T12:00:00+00:00,llo1,24,2025-05-22,23.00,3.090,5.703,3.010,4.496,2,45027,0.11,2026-08-10T14:18:44+00:00
2025-05-23T12:00:00+00:00,llo1,24,2025-05-22,28.00,3.040,5.618,2.960,4.193,2,45027,0.11,2026-08-10T14:18:44+00:00
2025-05-23T12:00:00+00:00,llo1,24,2025-05-22,33.00,3.000,5.595,2.920,4.392,2,45027,0.11,2026-08-10T14:18:44+00:00
2025-05-23T12:00:00+00:00,llo1,24,2025-05-22,38.00,3.050,5.594,2.940,4.279,2,45027,0.11,2026-08-10T14:18:44+00:00
2025-05-24T12:00:00+00:00,llo1,48,2025-05-22,3.00,3.560,9.619,3.320,,2,45027,0.11,2026-08-10T14:18:44+00:00
2025-05-24T12:00:00+00:00,llo1,48,2025-05-22,6.00,3.370,8.292,3.140,5.047,2,45027,0.11,2026-08-10T14:18:44+00:00
2025-05-24T12:00:00+00:00,llo1,48,2025-05-22,8.00,3.410,7.194,3.170,4.897,2,45027,0.11,2026-08-10T14:18:44+00:00
2025-05-24T12:00:00+00:00,llo1,48,2025-05-22,13.00,3.130,6.116,2.850,4.646,2,45027,0.11,2026-08-10T14:18:44+00:00
2025-05-24T12:00:00+00:00,llo1,48,2025-05-22,18.00,3.370,5.656,3.120,4.594,2,45027,0.11,2026-08-10T14:18:44+00:00
2025-05-24T12:00:00+00:00,llo1,48,2025-05-22,23.00,3.270,5.417,3.010,4.623,2,45027,0.11,2026-08-10T14:18:44+00:00
2025-05-24T12:00:00+00:00,llo1,48,2025-05-22,28.00,3.210,5.287,2.960,4.301,2,45027,0.11,2026-08-10T14:18:44+00:00
2025-05-24T12:00:00+00:00,llo1,48,2025-05-22,33.00,3.180,5.202,2.920,4.489,2,45027,0.11,2026-08-10T14:18:44+00:00
2025-05-24T12:00:00+00:00,llo1,48,2025-05-22,38.00,3.210,5.133,2.940,4.365,2,45027,0.11,2026-08-10T14:18:44+00:00
2025-05-25T12:00:00+00:00,llo1,72,2025-05-22,3.00,3.760,9.987,3.320,,2,45027,0.11,2026-08-10T14:18:44+00:00
2025-05-25T12:00:00+00:00,llo1,72,2025-05-22,6.00,3.470,7.723,3.140,5.346,2,45027,0.11,2026-08-10T14:18:44+00:00
2025-05-25T12:00:00+00:00,llo1,72,2025-05-22,8.00,3.460,6.676,3.170,5.152,2,45027,0.11,2026-08-10T14:18:44+00:00
2025-05-25T12:00:00+00:00,llo1,72,2025-05-22,13.00,3.170,5.976,2.850,4.785,2,45027,0.11,2026-08-10T14:18:44+00:00
2025-05-25T12:00:00+00:00,llo1,72,2025-05-22,18.00,3.460,5.610,3.120,4.677,2,45027,0.11,2026-08-10T14:18:44+00:00
2025-05-25T12:00:00+00:00,llo1,72,2025-05-22,23.00,3.370,5.395,3.010,4.683,2,45027,0.11,2026-08-10T14:18:44+00:00
2025-05-25T12:00:00+00:00,llo1,72,2025-05-22,28.00,3.310,5.244,2.960,4.359,2,45027,0.11,2026-08-10T14:18:44+00:00
2025-05-25T12:00:00+00:00,llo1,72,2025-05-22,33.00,3.300,5.174,2.920,4.546,2,45027,0.11,2026-08-10T14:18:44+00:00
2025-05-25T12:00:00+00:00,llo1,72,2025-05-22,38.00,3.350,5.146,2.940,4.418,2,45027,0.11,2026-08-10T14:18:44+00:00
2025-05-26T12:00:00+00:00,llo1,96,2025-05-22,3.00,3.830,9.858,3.320,,2,45027,0.11,2026-08-10T14:18:44+00:00
2025-05-26T12:00:00+00:00,llo1,96,2025-05-22,6.00,3.630,6.880,3.140,5.478,2,45027,0.11,2026-08-10T14:18:44+00:00
2025-05-26T12:00:00+00:00,llo1,96,2025-05-22,8.00,3.680,6.189,3.170,5.271,2,45027,0.11,2026-08-10T14:18:44+00:00
2025-05-26T12:00:00+00:00,llo1,96,2025-05-22,13.00,3.420,6.018,2.850,4.836,2,45027,0.11,2026-08-10T14:18:44+00:00
2025-05-26T12:00:00+00:00,llo1,96,2025-05-22,18.00,3.690,5.732,3.120,4.719,2,45027,0.11,2026-08-10T14:18:44+00:00
2025-05-26T12:00:00+00:00,llo1,96,2025-05-22,23.00,3.570,5.573,3.010,4.703,2,45027,0.11,2026-08-10T14:18:44+00:00
2025-05-26T12:00:00+00:00,llo1,96,2025-05-22,28.00,3.500,5.426,2.960,4.368,2,45027,0.11,2026-08-10T14:18:44+00:00
2025-05-26T12:00:00+00:00,llo1,96,2025-05-22,33.00,3.450,5.331,2.920,4.550,2,45027,0.11,2026-08-10T14:18:44+00:00
2025-05-26T12:00:00+00:00,llo1,96,2025-05-22,38.00,3.500,5.250,2.940,4.424,2,45027,0.11,2026-08-10T14:18:44+00:00
2025-05-27T12:00:00+00:00,llo1,120,2025-05-22,3.00,3.760,11.099,3.320,,2,45027,0.11,2026-08-10T14:18:44+00:00
2025-05-27T12:00:00+00:00,llo1,120,2025-05-22,6.00,3.600,9.542,3.140,5.969,2,45027,0.11,2026-08-10T14:18:44+00:00
2025-05-27T12:00:00+00:00,llo1,120,2025-05-22,8.00,3.650,8.120,3.170,5.591,2,45027,0.11,2026-08-10T14:18:44+00:00
2025-05-27T12:00:00+00:00,llo1,120,2025-05-22,13.00,3.410,6.868,2.850,4.990,2,45027,0.11,2026-08-10T14:18:44+00:00
2025-05-27T12:00:00+00:00,llo1,120,2025-05-22,18.00,3.650,6.394,3.120,4.820,2,45027,0.11,2026-08-10T14:18:44+00:00
2025-05-27T12:00:00+00:00,llo1,120,2025-05-22,23.00,3.540,5.981,3.010,4.790,2,45027,0.11,2026-08-10T14:18:44+00:00
2025-05-27T12:00:00+00:00,llo1,120,2025-05-22,28.00,3.470,5.647,2.960,4.417,2,45027,0.11,2026-08-10T14:18:44+00:00
2025-05-27T12:00:00+00:00,llo1,120,2025-05-22,33.00,3.440,5.413,2.920,4.586,2,45027,0.11,2026-08-10T14:18:44+00:00
2025-05-27T12:00:00+00:00,llo1,120,2025-05-22,38.00,3.490,5.241,2.940,4.458,2,45027,0.11,2026-08-10T14:18:44+00:00
2025-05-24T12:00:00+00:00,llo1,24,2025-05-23,3.00,3.560,8.811,3.270,,2,45027,0.11,2026-08-10T14:18:44+00:00
2025-05-24T12:00:00+00:00,llo1,24,2025-05-23,6.00,3.370,7.080,3.100,5.047,2,45027,0.11,2026-08-10T14:18:44+00:00
2025-05-24T12:00:00+00:00,llo1,24,2025-05-23,8.00,3.410,6.438,3.160,4.897,2,45027,0.11,2026-08-10T14:18:44+00:00
2025-05-24T12:00:00+00:00,llo1,24,2025-05-23,13.00,3.130,6.010,2.920,4.646,2,45027,0.11,2026-08-10T14:18:44+00:00
2025-05-24T12:00:00+00:00,llo1,24,2025-05-23,18.00,3.370,5.685,3.180,4.594,2,45027,0.11,2026-08-10T14:18:44+00:00
2025-05-24T12:00:00+00:00,llo1,24,2025-05-23,23.00,3.270,5.491,3.090,4.623,2,45027,0.11,2026-08-10T14:18:44+00:00
2025-05-24T12:00:00+00:00,llo1,24,2025-05-23,28.00,3.210,5.367,3.040,4.301,2,45027,0.11,2026-08-10T14:18:44+00:00
2025-05-24T12:00:00+00:00,llo1,24,2025-05-23,33.00,3.180,5.250,3.000,4.489,2,45027,0.11,2026-08-10T14:18:44+00:00
2025-05-24T12:00:00+00:00,llo1,24,2025-05-23,38.00,3.210,5.113,3.050,4.365,2,45027,0.11,2026-08-10T14:18:44+00:00
2025-05-25T12:00:00+00:00,llo1,48,2025-05-23,3.00,3.760,9.357,3.270,,2,45027,0.11,2026-08-10T14:18:44+00:00
2025-05-25T12:00:00+00:00,llo1,48,2025-05-23,6.00,3.470,7.008,3.100,5.346,2,45027,0.11,2026-08-10T14:18:44+00:00
2025-05-25T12:00:00+00:00,llo1,48,2025-05-23,8.00,3.460,6.342,3.160,5.152,2,45027,0.11,2026-08-10T14:18:44+00:00
2025-05-25T12:00:00+00:00,llo1,48,2025-05-23,13.00,3.170,6.080,2.920,4.785,2,45027,0.11,2026-08-10T14:18:44+00:00
2025-05-25T12:00:00+00:00,llo1,48,2025-05-23,18.00,3.460,5.774,3.180,4.677,2,45027,0.11,2026-08-10T14:18:44+00:00
2025-05-25T12:00:00+00:00,llo1,48,2025-05-23,23.00,3.370,5.536,3.090,4.683,2,45027,0.11,2026-08-10T14:18:44+00:00
2025-05-25T12:00:00+00:00,llo1,48,2025-05-23,28.00,3.310,5.357,3.040,4.359,2,45027,0.11,2026-08-10T14:18:44+00:00
2025-05-25T12:00:00+00:00,llo1,48,2025-05-23,33.00,3.300,5.160,3.000,4.546,2,45027,0.11,2026-08-10T14:18:44+00:00
2025-05-25T12:00:00+00:00,llo1,48,2025-05-23,38.00,3.350,5.016,3.050,4.418,2,45027,0.11,2026-08-10T14:18:44+00:00
2025-05-26T12:00:00+00:00,llo1,72,2025-05-23,3.00,3.830,10.353,3.270,,2,45027,0.11,2026-08-10T14:18:44+00:00
2025-05-26T12:00:00+00:00,llo1,72,2025-05-23,6.00,3.630,7.758,3.100,5.478,2,45027,0.11,2026-08-10T14:18:44+00:00
2025-05-26T12:00:00+00:00,llo1,72,2025-05-23,8.00,3.680,6.681,3.160,5.271,2,45027,0.11,2026-08-10T14:18:44+00:00
2025-05-26T12:00:00+00:00,llo1,72,2025-05-23,13.00,3.420,5.983,2.920,4.836,2,45027,0.11,2026-08-10T14:18:44+00:00
2025-05-26T12:00:00+00:00,llo1,72,2025-05-23,18.00,3.690,5.693,3.180,4.719,2,45027,0.11,2026-08-10T14:18:44+00:00
2025-05-26T12:00:00+00:00,llo1,72,2025-05-23,23.00,3.570,5.445,3.090,4.703,2,45027,0.11,2026-08-10T14:18:44+00:00
2025-05-26T12:00:00+00:00,llo1,72,2025-05-23,28.00,3.500,5.177,3.040,4.368,2,45027,0.11,2026-08-10T14:18:44+00:00
2025-05-26T12:00:00+00:00,llo1,72,2025-05-23,33.00,3.450,5.011,3.000,4.550,2,45027,0.11,2026-08-10T14:18:44+00:00
2025-05-26T12:00:00+00:00,llo1,72,2025-05-23,38.00,3.500,4.976,3.050,4.424,2,45027,0.11,2026-08-10T14:18:44+00:00
2025-05-27T12:00:00+00:00,llo1,96,2025-05-23,3.00,3.760,10.853,3.270,,2,45027,0.11,2026-08-10T14:18:44+00:00
2025-05-27T12:00:00+00:00,llo1,96,2025-05-23,6.00,3.600,9.269,3.100,5.969,2,45027,0.11,2026-08-10T14:18:44+00:00
2025-05-27T12:00:00+00:00,llo1,96,2025-05-23,8.00,3.650,7.751,3.160,5.591,2,45027,0.11,2026-08-10T14:18:44+00:00
2025-05-27T12:00:00+00:00,llo1,96,2025-05-23,13.00,3.410,6.473,2.920,4.990,2,45027,0.11,2026-08-10T14:18:44+00:00
2025-05-27T12:00:00+00:00,llo1,96,2025-05-23,18.00,3.650,6.266,3.180,4.820,2,45027,0.11,2026-08-10T14:18:44+00:00
2025-05-27T12:00:00+00:00,llo1,96,2025-05-23,23.00,3.540,5.765,3.090,4.790,2,45027,0.11,2026-08-10T14:18:44+00:00
2025-05-27T12:00:00+00:00,llo1,96,2025-05-23,28.00,3.470,5.483,3.040,4.417,2,45027,0.11,2026-08-10T14:18:44+00:00
2025-05-27T12:00:00+00:00,llo1,96,2025-05-23,33.00,3.440,5.149,3.000,4.586,2,45027,0.11,2026-08-10T14:18:44+00:00
2025-05-27T12:00:00+00:00,llo1,96,2025-05-23,38.00,3.490,5.002,3.050,4.458,2,45027,0.11,2026-08-10T14:18:44+00:00
2025-05-28T12:00:00+00:00,llo1,120,2025-05-23,3.00,3.830,10.663,3.270,,2,45027,0.11,2026-08-10T14:18:44+00:00
2025-05-28T12:00:00+00:00,llo1,120,2025-05-23,6.00,3.640,9.779,3.100,6.546,2,45027,0.11,2026-08-10T14:18:44+00:00
2025-05-28T12:00:00+00:00,llo1,120,2025-05-23,8.00,3.680,8.878,3.160,6.166,2,45027,0.11,2026-08-10T14:18:44+00:00
2025-05-28T12:00:00+00:00,llo1,120,2025-05-23,13.00,3.440,6.841,2.920,5.404,2,45027,0.11,2026-08-10T14:18:44+00:00
2025-05-28T12:00:00+00:00,llo1,120,2025-05-23,18.00,3.690,6.322,3.180,5.008,2,45027,0.11,2026-08-10T14:18:44+00:00
2025-05-28T12:00:00+00:00,llo1,120,2025-05-23,23.00,3.590,5.792,3.090,4.924,2,45027,0.11,2026-08-10T14:18:44+00:00
2025-05-28T12:00:00+00:00,llo1,120,2025-05-23,28.00,3.550,5.335,3.040,4.513,2,45027,0.11,2026-08-10T14:18:44+00:00
2025-05-28T12:00:00+00:00,llo1,120,2025-05-23,33.00,3.540,5.092,3.000,4.669,2,45027,0.11,2026-08-10T14:18:44+00:00
2025-05-28T12:00:00+00:00,llo1,120,2025-05-23,38.00,3.580,4.966,3.050,4.518,2,45027,0.11,2026-08-10T14:18:44+00:00
2025-05-25T12:00:00+00:00,llo1,24,2025-05-24,3.00,3.760,9.887,3.560,,2,45027,0.11,2026-08-10T14:18:44+00:00
2025-05-25T12:00:00+00:00,llo1,24,2025-05-24,6.00,3.470,8.099,3.370,5.346,2,45027,0.11,2026-08-10T14:18:44+00:00
2025-05-25T12:00:00+00:00,llo1,24,2025-05-24,8.00,3.460,7.074,3.410,5.152,2,45027,0.11,2026-08-10T14:18:44+00:00
2025-05-25T12:00:00+00:00,llo1,24,2025-05-24,13.00,3.170,5.859,3.130,4.785,2,45027,0.11,2026-08-10T14:18:44+00:00
2025-05-25T12:00:00+00:00,llo1,24,2025-05-24,18.00,3.460,5.732,3.370,4.677,2,45027,0.11,2026-08-10T14:18:44+00:00
2025-05-25T12:00:00+00:00,llo1,24,2025-05-24,23.00,3.370,5.452,3.270,4.683,2,45027,0.11,2026-08-10T14:18:44+00:00
2025-05-25T12:00:00+00:00,llo1,24,2025-05-24,28.00,3.310,5.207,3.210,4.359,2,45027,0.11,2026-08-10T14:18:44+00:00
2025-05-25T12:00:00+00:00,llo1,24,2025-05-24,33.00,3.300,5.004,3.180,4.546,2,45027,0.11,2026-08-10T14:18:44+00:00
2025-05-25T12:00:00+00:00,llo1,24,2025-05-24,38.00,3.350,4.917,3.210,4.418,2,45027,0.11,2026-08-10T14:18:44+00:00
2025-05-26T12:00:00+00:00,llo1,48,2025-05-24,3.00,3.830,10.325,3.560,,2,45027,0.11,2026-08-10T14:18:44+00:00
2025-05-26T12:00:00+00:00,llo1,48,2025-05-24,6.00,3.630,8.865,3.370,5.478,2,45027,0.11,2026-08-10T14:18:44+00:00
2025-05-26T12:00:00+00:00,llo1,48,2025-05-24,8.00,3.680,7.689,3.410,5.271,2,45027,0.11,2026-08-10T14:18:44+00:00
2025-05-26T12:00:00+00:00,llo1,48,2025-05-24,13.00,3.420,6.199,3.130,4.836,2,45027,0.11,2026-08-10T14:18:44+00:00
2025-05-26T12:00:00+00:00,llo1,48,2025-05-24,18.00,3.690,5.717,3.370,4.719,2,45027,0.11,2026-08-10T14:18:44+00:00
2025-05-26T12:00:00+00:00,llo1,48,2025-05-24,23.00,3.570,5.479,3.270,4.703,2,45027,0.11,2026-08-10T14:18:44+00:00
2025-05-26T12:00:00+00:00,llo1,48,2025-05-24,28.00,3.500,5.262,3.210,4.368,2,45027,0.11,2026-08-10T14:18:44+00:00
2025-05-26T12:00:00+00:00,llo1,48,2025-05-24,33.00,3.450,5.114,3.180,4.550,2,45027,0.11,2026-08-10T14:18:44+00:00
2025-05-26T12:00:00+00:00,llo1,48,2025-05-24,38.00,3.500,5.098,3.210,4.424,2,45027,0.11,2026-08-10T14:18:44+00:00
2025-05-27T12:00:00+00:00,llo1,72,2025-05-24,3.00,3.760,10.887,3.560,,2,45027,0.11,2026-08-10T14:18:44+00:00
2025-05-27T12:00:00+00:00,llo1,72,2025-05-24,6.00,3.600,9.428,3.370,5.969,2,45027,0.11,2026-08-10T14:18:44+00:00
2025-05-27T12:00:00+00:00,llo1,72,2025-05-24,8.00,3.650,8.000,3.410,5.591,2,45027,0.11,2026-08-10T14:18:44+00:00
2025-05-27T12:00:00+00:00,llo1,72,2025-05-24,13.00,3.410,6.634,3.130,4.990,2,45027,0.11,2026-08-10T14:18:44+00:00
2025-05-27T12:00:00+00:00,llo1,72,2025-05-24,18.00,3.650,6.050,3.370,4.820,2,45027,0.11,2026-08-10T14:18:44+00:00
2025-05-27T12:00:00+00:00,llo1,72,2025-05-24,23.00,3.540,5.676,3.270,4.790,2,45027,0.11,2026-08-10T14:18:44+00:00
2025-05-27T12:00:00+00:00,llo1,72,2025-05-24,28.00,3.470,5.394,3.210,4.417,2,45027,0.11,2026-08-10T14:18:44+00:00
2025-05-27T12:00:00+00:00,llo1,72,2025-05-24,33.00,3.440,5.181,3.180,4.586,2,45027,0.11,2026-08-10T14:18:44+00:00
2025-05-27T12:00:00+00:00,llo1,72,2025-05-24,38.00,3.490,5.083,3.210,4.458,2,45027,0.11,2026-08-10T14:18:44+00:00
2025-05-28T12:00:00+00:00,llo1,96,2025-05-24,3.00,3.830,10.877,3.560,,2,45027,0.11,2026-08-10T14:18:44+00:00
2025-05-28T12:00:00+00:00,llo1,96,2025-05-24,6.00,3.640,9.619,3.370,6.546,2,45027,0.11,2026-08-10T14:18:44+00:00
2025-05-28T12:00:00+00:00,llo1,96,2025-05-24,8.00,3.680,8.377,3.410,6.166,2,45027,0.11,2026-08-10T14:18:44+00:00
2025-05-28T12:00:00+00:00,llo1,96,2025-05-24,13.00,3.440,6.543,3.130,5.404,2,45027,0.11,2026-08-10T14:18:44+00:00
2025-05-28T12:00:00+00:00,llo1,96,2025-05-24,18.00,3.690,5.945,3.370,5.008,2,45027,0.11,2026-08-10T14:18:44+00:00
2025-05-28T12:00:00+00:00,llo1,96,2025-05-24,23.00,3.590,5.666,3.270,4.924,2,45027,0.11,2026-08-10T14:18:44+00:00
2025-05-28T12:00:00+00:00,llo1,96,2025-05-24,28.00,3.550,5.356,3.210,4.513,2,45027,0.11,2026-08-10T14:18:44+00:00
2025-05-28T12:00:00+00:00,llo1,96,2025-05-24,33.00,3.540,5.152,3.180,4.669,2,45027,0.11,2026-08-10T14:18:44+00:00
2025-05-28T12:00:00+00:00,llo1,96,2025-05-24,38.00,3.580,5.131,3.210,4.518,2,45027,0.11,2026-08-10T14:18:44+00:00
2025-05-29T12:00:00+00:00,llo1,120,2025-05-24,3.00,3.560,10.262,3.560,,2,45027,0.11,2026-08-10T14:18:44+00:00
2025-05-29T12:00:00+00:00,llo1,120,2025-05-24,6.00,3.590,8.930,3.370,7.122,2,45027,0.11,2026-08-10T14:18:44+00:00
2025-05-29T12:00:00+00:00,llo1,120,2025-05-24,8.00,3.600,8.376,3.410,6.750,2,45027,0.11,2026-08-10T14:18:44+00:00
2025-05-29T12:00:00+00:00,llo1,120,2025-05-24,13.00,3.630,6.943,3.130,5.990,2,45027,0.11,2026-08-10T14:18:44+00:00
2025-05-29T12:00:00+00:00,llo1,120,2025-05-24,18.00,3.620,6.376,3.370,5.564,2,45027,0.11,2026-08-10T14:18:44+00:00
2025-05-29T12:00:00+00:00,llo1,120,2025-05-24,23.00,3.610,6.003,3.270,5.142,2,45027,0.11,2026-08-10T14:18:44+00:00
2025-05-29T12:00:00+00:00,llo1,120,2025-05-24,28.00,3.620,5.727,3.210,4.650,2,45027,0.11,2026-08-10T14:18:44+00:00
2025-05-29T12:00:00+00:00,llo1,120,2025-05-24,33.00,3.610,5.470,3.180,4.775,2,45027,0.11,2026-08-10T14:18:44+00:00
2025-05-29T12:00:00+00:00,llo1,120,2025-05-24,38.00,3.610,5.292,3.210,4.603,2,45027,0.11,2026-08-10T14:18:44+00:00
2025-05-26T12:00:00+00:00,llo1,24,2025-05-25,3.00,3.830,10.607,3.760,,2,45027,0.11,2026-08-10T14:18:44+00:00
2025-05-26T12:00:00+00:00,llo1,24,2025-05-25,6.00,3.630,9.201,3.470,5.478,2,45027,0.11,2026-08-10T14:18:44+00:00
2025-05-26T12:00:00+00:00,llo1,24,2025-05-25,8.00,3.680,7.942,3.460,5.271,2,45027,0.11,2026-08-10T14:18:44+00:00
2025-05-26T12:00:00+00:00,llo1,24,2025-05-25,13.00,3.420,6.282,3.170,4.836,2,45027,0.11,2026-08-10T14:18:44+00:00
2025-05-26T12:00:00+00:00,llo1,24,2025-05-25,18.00,3.690,5.799,3.460,4.719,2,45027,0.11,2026-08-10T14:18:44+00:00
2025-05-26T12:00:00+00:00,llo1,24,2025-05-25,23.00,3.570,5.482,3.370,4.703,2,45027,0.11,2026-08-10T14:18:44+00:00
2025-05-26T12:00:00+00:00,llo1,24,2025-05-25,28.00,3.500,5.230,3.310,4.368,2,45027,0.11,2026-08-10T14:18:44+00:00
2025-05-26T12:00:00+00:00,llo1,24,2025-05-25,33.00,3.450,5.012,3.300,4.550,2,45027,0.11,2026-08-10T14:18:44+00:00
2025-05-26T12:00:00+00:00,llo1,24,2025-05-25,38.00,3.500,4.905,3.350,4.424,2,45027,0.11,2026-08-10T14:18:44+00:00
2025-05-27T12:00:00+00:00,llo1,48,2025-05-25,3.00,3.760,10.828,3.760,,2,45027,0.11,2026-08-10T14:18:44+00:00
2025-05-27T12:00:00+00:00,llo1,48,2025-05-25,6.00,3.600,10.253,3.470,5.969,2,45027,0.11,2026-08-10T14:18:44+00:00
2025-05-27T12:00:00+00:00,llo1,48,2025-05-25,8.00,3.650,9.443,3.460,5.591,2,45027,0.11,2026-08-10T14:18:44+00:00
2025-05-27T12:00:00+00:00,llo1,48,2025-05-25,13.00,3.410,6.888,3.170,4.990,2,45027,0.11,2026-08-10T14:18:44+00:00
2025-05-27T12:00:00+00:00,llo1,48,2025-05-25,18.00,3.650,6.436,3.460,4.820,2,45027,0.11,2026-08-10T14:18:44+00:00
2025-05-27T12:00:00+00:00,llo1,48,2025-05-25,23.00,3.540,5.971,3.370,4.790,2,45027,0.11,2026-08-10T14:18:44+00:00
2025-05-27T12:00:00+00:00,llo1,48,2025-05-25,28.00,3.470,5.628,3.310,4.417,2,45027,0.11,2026-08-10T14:18:44+00:00
2025-05-27T12:00:00+00:00,llo1,48,2025-05-25,33.00,3.440,5.260,3.300,4.586,2,45027,0.11,2026-08-10T14:18:44+00:00
2025-05-27T12:00:00+00:00,llo1,48,2025-05-25,38.00,3.490,5.116,3.350,4.458,2,45027,0.11,2026-08-10T14:18:44+00:00
2025-05-28T12:00:00+00:00,llo1,72,2025-05-25,3.00,3.830,10.787,3.760,,2,45027,0.11,2026-08-10T14:18:44+00:00
2025-05-28T12:00:00+00:00,llo1,72,2025-05-25,6.00,3.640,9.144,3.470,6.546,2,45027,0.11,2026-08-10T14:18:44+00:00
2025-05-28T12:00:00+00:00,llo1,72,2025-05-25,8.00,3.680,8.267,3.460,6.166,2,45027,0.11,2026-08-10T14:18:44+00:00
2025-05-28T12:00:00+00:00,llo1,72,2025-05-25,13.00,3.440,7.144,3.170,5.404,2,45027,0.11,2026-08-10T14:18:44+00:00
2025-05-28T12:00:00+00:00,llo1,72,2025-05-25,18.00,3.690,6.361,3.460,5.008,2,45027,0.11,2026-08-10T14:18:44+00:00
2025-05-28T12:00:00+00:00,llo1,72,2025-05-25,23.00,3.590,5.855,3.370,4.924,2,45027,0.11,2026-08-10T14:18:44+00:00
2025-05-28T12:00:00+00:00,llo1,72,2025-05-25,28.00,3.550,5.460,3.310,4.513,2,45027,0.11,2026-08-10T14:18:44+00:00
2025-05-28T12:00:00+00:00,llo1,72,2025-05-25,33.00,3.540,5.206,3.300,4.669,2,45027,0.11,2026-08-10T14:18:44+00:00
2025-05-28T12:00:00+00:00,llo1,72,2025-05-25,38.00,3.580,5.131,3.350,4.518,2,45027,0.11,2026-08-10T14:18:44+00:00
2025-05-29T12:00:00+00:00,llo1,96,2025-05-25,3.00,3.560,10.531,3.760,,2,45027,0.11,2026-08-10T14:18:44+00:00
2025-05-29T12:00:00+00:00,llo1,96,2025-05-25,6.00,3.590,9.396,3.470,7.122,2,45027,0.11,2026-08-10T14:18:44+00:00
2025-05-29T12:00:00+00:00,llo1,96,2025-05-25,8.00,3.600,8.518,3.460,6.750,2,45027,0.11,2026-08-10T14:18:44+00:00
2025-05-29T12:00:00+00:00,llo1,96,2025-05-25,13.00,3.630,6.928,3.170,5.990,2,45027,0.11,2026-08-10T14:18:44+00:00
2025-05-29T12:00:00+00:00,llo1,96,2025-05-25,18.00,3.620,6.288,3.460,5.564,2,45027,0.11,2026-08-10T14:18:44+00:00
2025-05-29T12:00:00+00:00,llo1,96,2025-05-25,23.00,3.610,5.773,3.370,5.142,2,45027,0.11,2026-08-10T14:18:44+00:00
2025-05-29T12:00:00+00:00,llo1,96,2025-05-25,28.00,3.620,5.470,3.310,4.650,2,45027,0.11,2026-08-10T14:18:44+00:00
2025-05-29T12:00:00+00:00,llo1,96,2025-05-25,33.00,3.610,5.260,3.300,4.775,2,45027,0.11,2026-08-10T14:18:44+00:00
2025-05-29T12:00:00+00:00,llo1,96,2025-05-25,38.00,3.610,5.155,3.350,4.603,2,45027,0.11,2026-08-10T14:18:44+00:00
2025-05-30T12:00:00+00:00,llo1,120,2025-05-25,3.00,3.700,8.160,3.760,,2,45027,0.11,2026-08-10T14:18:44+00:00
2025-05-30T12:00:00+00:00,llo1,120,2025-05-25,6.00,3.710,7.463,3.470,7.532,2,45027,0.11,2026-08-10T14:18:44+00:00
2025-05-30T12:00:00+00:00,llo1,120,2025-05-25,8.00,3.720,7.028,3.460,7.146,2,45027,0.11,2026-08-10T14:18:44+00:00
2025-05-30T12:00:00+00:00,llo1,120,2025-05-25,13.00,3.720,5.957,3.170,6.359,2,45027,0.11,2026-08-10T14:18:44+00:00
2025-05-30T12:00:00+00:00,llo1,120,2025-05-25,18.00,3.710,5.544,3.460,5.900,2,45027,0.11,2026-08-10T14:18:44+00:00
2025-05-30T12:00:00+00:00,llo1,120,2025-05-25,23.00,3.710,5.366,3.370,5.437,2,45027,0.11,2026-08-10T14:18:44+00:00
2025-05-30T12:00:00+00:00,llo1,120,2025-05-25,28.00,3.720,5.219,3.310,4.869,2,45027,0.11,2026-08-10T14:18:44+00:00
2025-05-30T12:00:00+00:00,llo1,120,2025-05-25,33.00,3.730,5.086,3.300,4.985,2,45027,0.11,2026-08-10T14:18:44+00:00
2025-05-30T12:00:00+00:00,llo1,120,2025-05-25,38.00,3.730,4.984,3.350,4.812,2,45027,0.11,2026-08-10T14:18:44+00:00
2025-05-27T12:00:00+00:00,llo1,24,2025-05-26,3.00,3.760,11.096,3.830,,2,45027,0.11,2026-08-10T14:18:44+00:00
2025-05-27T12:00:00+00:00,llo1,24,2025-05-26,6.00,3.600,10.509,3.630,5.969,2,45027,0.11,2026-08-10T14:18:44+00:00
2025-05-27T12:00:00+00:00,llo1,24,2025-05-26,8.00,3.650,9.422,3.680,5.591,2,45027,0.11,2026-08-10T14:18:44+00:00
2025-05-27T12:00:00+00:00,llo1,24,2025-05-26,13.00,3.410,6.707,3.420,4.990,2,45027,0.11,2026-08-10T14:18:44+00:00
2025-05-27T12:00:00+00:00,llo1,24,2025-05-26,18.00,3.650,6.379,3.690,4.820,2,45027,0.11,2026-08-10T14:18:44+00:00
2025-05-27T12:00:00+00:00,llo1,24,2025-05-26,23.00,3.540,5.901,3.570,4.790,2,45027,0.11,2026-08-10T14:18:44+00:00
2025-05-27T12:00:00+00:00,llo1,24,2025-05-26,28.00,3.470,5.605,3.500,4.417,2,45027,0.11,2026-08-10T14:18:44+00:00
2025-05-27T12:00:00+00:00,llo1,24,2025-05-26,33.00,3.440,5.241,3.450,4.586,2,45027,0.11,2026-08-10T14:18:44+00:00
2025-05-27T12:00:00+00:00,llo1,24,2025-05-26,38.00,3.490,5.056,3.500,4.458,2,45027,0.11,2026-08-10T14:18:44+00:00
2025-05-28T12:00:00+00:00,llo1,48,2025-05-26,3.00,3.830,10.768,3.830,,2,45027,0.11,2026-08-10T14:18:44+00:00
2025-05-28T12:00:00+00:00,llo1,48,2025-05-26,6.00,3.640,9.077,3.630,6.546,2,45027,0.11,2026-08-10T14:18:44+00:00
2025-05-28T12:00:00+00:00,llo1,48,2025-05-26,8.00,3.680,8.005,3.680,6.166,2,45027,0.11,2026-08-10T14:18:44+00:00
2025-05-28T12:00:00+00:00,llo1,48,2025-05-26,13.00,3.440,7.064,3.420,5.404,2,45027,0.11,2026-08-10T14:18:44+00:00
2025-05-28T12:00:00+00:00,llo1,48,2025-05-26,18.00,3.690,6.332,3.690,5.008,2,45027,0.11,2026-08-10T14:18:44+00:00
2025-05-28T12:00:00+00:00,llo1,48,2025-05-26,23.00,3.590,5.870,3.570,4.924,2,45027,0.11,2026-08-10T14:18:44+00:00
2025-05-28T12:00:00+00:00,llo1,48,2025-05-26,28.00,3.550,5.525,3.500,4.513,2,45027,0.11,2026-08-10T14:18:44+00:00
2025-05-28T12:00:00+00:00,llo1,48,2025-05-26,33.00,3.540,5.237,3.450,4.669,2,45027,0.11,2026-08-10T14:18:44+00:00
2025-05-28T12:00:00+00:00,llo1,48,2025-05-26,38.00,3.580,5.141,3.500,4.518,2,45027,0.11,2026-08-10T14:18:44+00:00
2025-05-29T12:00:00+00:00,llo1,72,2025-05-26,3.00,3.560,10.393,3.830,,2,45027,0.11,2026-08-10T14:18:44+00:00
2025-05-29T12:00:00+00:00,llo1,72,2025-05-26,6.00,3.590,9.019,3.630,7.122,2,45027,0.11,2026-08-10T14:18:44+00:00
2025-05-29T12:00:00+00:00,llo1,72,2025-05-26,8.00,3.600,8.284,3.680,6.750,2,45027,0.11,2026-08-10T14:18:44+00:00
2025-05-29T12:00:00+00:00,llo1,72,2025-05-26,13.00,3.630,6.977,3.420,5.990,2,45027,0.11,2026-08-10T14:18:44+00:00
2025-05-29T12:00:00+00:00,llo1,72,2025-05-26,18.00,3.620,6.298,3.690,5.564,2,45027,0.11,2026-08-10T14:18:44+00:00
2025-05-29T12:00:00+00:00,llo1,72,2025-05-26,23.00,3.610,5.794,3.570,5.142,2,45027,0.11,2026-08-10T14:18:44+00:00
2025-05-29T12:00:00+00:00,llo1,72,2025-05-26,28.00,3.620,5.458,3.500,4.650,2,45027,0.11,2026-08-10T14:18:44+00:00
2025-05-29T12:00:00+00:00,llo1,72,2025-05-26,33.00,3.610,5.256,3.450,4.775,2,45027,0.11,2026-08-10T14:18:44+00:00
2025-05-29T12:00:00+00:00,llo1,72,2025-05-26,38.00,3.610,5.159,3.500,4.603,2,45027,0.11,2026-08-10T14:18:44+00:00
2025-05-30T12:00:00+00:00,llo1,96,2025-05-26,3.00,3.700,7.932,3.830,,2,45027,0.11,2026-08-10T14:18:44+00:00
2025-05-30T12:00:00+00:00,llo1,96,2025-05-26,6.00,3.710,7.210,3.630,7.532,2,45027,0.11,2026-08-10T14:18:44+00:00
2025-05-30T12:00:00+00:00,llo1,96,2025-05-26,8.00,3.720,6.978,3.680,7.146,2,45027,0.11,2026-08-10T14:18:44+00:00
2025-05-30T12:00:00+00:00,llo1,96,2025-05-26,13.00,3.720,6.127,3.420,6.359,2,45027,0.11,2026-08-10T14:18:44+00:00
2025-05-30T12:00:00+00:00,llo1,96,2025-05-26,18.00,3.710,5.593,3.690,5.900,2,45027,0.11,2026-08-10T14:18:44+00:00
2025-05-30T12:00:00+00:00,llo1,96,2025-05-26,23.00,3.710,5.322,3.570,5.437,2,45027,0.11,2026-08-10T14:18:44+00:00
2025-05-30T12:00:00+00:00,llo1,96,2025-05-26,28.00,3.720,5.174,3.500,4.869,2,45027,0.11,2026-08-10T14:18:44+00:00
2025-05-30T12:00:00+00:00,llo1,96,2025-05-26,33.00,3.730,5.057,3.450,4.985,2,45027,0.11,2026-08-10T14:18:44+00:00
2025-05-30T12:00:00+00:00,llo1,96,2025-05-26,38.00,3.730,4.972,3.500,4.812,2,45027,0.11,2026-08-10T14:18:44+00:00
2025-05-31T12:00:00+00:00,llo1,120,2025-05-26,6.00,3.920,7.884,3.630,7.532,2,45027,0.11,2026-08-10T14:18:44+00:00
2025-05-31T12:00:00+00:00,llo1,120,2025-05-26,8.00,3.930,7.176,3.680,7.146,2,45027,0.11,2026-08-10T14:18:44+00:00
2025-05-31T12:00:00+00:00,llo1,120,2025-05-26,13.00,3.950,6.426,3.420,6.359,2,45027,0.11,2026-08-10T14:18:44+00:00
2025-05-31T12:00:00+00:00,llo1,120,2025-05-26,18.00,3.950,5.760,3.690,5.900,2,45027,0.11,2026-08-10T14:18:44+00:00
2025-05-31T12:00:00+00:00,llo1,120,2025-05-26,23.00,3.940,5.479,3.570,5.437,2,45027,0.11,2026-08-10T14:18:44+00:00
2025-05-31T12:00:00+00:00,llo1,120,2025-05-26,28.00,3.940,5.159,3.500,4.869,2,45027,0.11,2026-08-10T14:18:44+00:00
2025-05-31T12:00:00+00:00,llo1,120,2025-05-26,33.00,3.940,4.956,3.450,4.985,2,45027,0.11,2026-08-10T14:18:44+00:00
2025-05-31T12:00:00+00:00,llo1,120,2025-05-26,38.00,3.920,4.818,3.500,4.812,2,45027,0.11,2026-08-10T14:18:44+00:00
2025-05-31T12:00:00+00:00,llo1,120,2025-05-26,43.00,3.910,4.793,,,2,45027,0.11,2026-08-10T14:18:44+00:00
2025-05-28T12:00:00+00:00,llo1,24,2025-05-27,3.00,3.830,10.774,3.760,,2,45027,0.11,2026-08-10T14:18:44+00:00
2025-05-28T12:00:00+00:00,llo1,24,2025-05-27,6.00,3.640,8.803,3.600,6.546,2,45027,0.11,2026-08-10T14:18:44+00:00
2025-05-28T12:00:00+00:00,llo1,24,2025-05-27,8.00,3.680,7.841,3.650,6.166,2,45027,0.11,2026-08-10T14:18:44+00:00
2025-05-28T12:00:00+00:00,llo1,24,2025-05-27,13.00,3.440,6.948,3.410,5.404,2,45027,0.11,2026-08-10T14:18:44+00:00
2025-05-28T12:00:00+00:00,llo1,24,2025-05-27,18.00,3.690,6.216,3.650,5.008,2,45027,0.11,2026-08-10T14:18:44+00:00
2025-05-28T12:00:00+00:00,llo1,24,2025-05-27,23.00,3.590,5.768,3.540,4.924,2,45027,0.11,2026-08-10T14:18:44+00:00
2025-05-28T12:00:00+00:00,llo1,24,2025-05-27,28.00,3.550,5.433,3.470,4.513,2,45027,0.11,2026-08-10T14:18:44+00:00
2025-05-28T12:00:00+00:00,llo1,24,2025-05-27,33.00,3.540,5.168,3.440,4.669,2,45027,0.11,2026-08-10T14:18:44+00:00
2025-05-28T12:00:00+00:00,llo1,24,2025-05-27,38.00,3.580,5.070,3.490,4.518,2,45027,0.11,2026-08-10T14:18:44+00:00
2025-05-29T12:00:00+00:00,llo1,48,2025-05-27,3.00,3.560,10.556,3.760,,2,45027,0.11,2026-08-10T14:18:44+00:00
2025-05-29T12:00:00+00:00,llo1,48,2025-05-27,6.00,3.590,9.051,3.600,7.122,2,45027,0.11,2026-08-10T14:18:44+00:00
2025-05-29T12:00:00+00:00,llo1,48,2025-05-27,8.00,3.600,8.186,3.650,6.750,2,45027,0.11,2026-08-10T14:18:44+00:00
2025-05-29T12:00:00+00:00,llo1,48,2025-05-27,13.00,3.630,7.019,3.410,5.990,2,45027,0.11,2026-08-10T14:18:44+00:00
2025-05-29T12:00:00+00:00,llo1,48,2025-05-27,18.00,3.620,6.254,3.650,5.564,2,45027,0.11,2026-08-10T14:18:44+00:00
2025-05-29T12:00:00+00:00,llo1,48,2025-05-27,23.00,3.610,5.898,3.540,5.142,2,45027,0.11,2026-08-10T14:18:44+00:00
2025-05-29T12:00:00+00:00,llo1,48,2025-05-27,28.00,3.620,5.615,3.470,4.650,2,45027,0.11,2026-08-10T14:18:44+00:00
2025-05-29T12:00:00+00:00,llo1,48,2025-05-27,33.00,3.610,5.375,3.440,4.775,2,45027,0.11,2026-08-10T14:18:44+00:00
2025-05-29T12:00:00+00:00,llo1,48,2025-05-27,38.00,3.610,5.244,3.490,4.603,2,45027,0.11,2026-08-10T14:18:44+00:00
2025-05-30T12:00:00+00:00,llo1,72,2025-05-27,3.00,3.700,7.315,3.760,,2,45027,0.11,2026-08-10T14:18:44+00:00
2025-05-30T12:00:00+00:00,llo1,72,2025-05-27,6.00,3.710,6.911,3.600,7.532,2,45027,0.11,2026-08-10T14:18:44+00:00
2025-05-30T12:00:00+00:00,llo1,72,2025-05-27,8.00,3.720,6.537,3.650,7.146,2,45027,0.11,2026-08-10T14:18:44+00:00
2025-05-30T12:00:00+00:00,llo1,72,2025-05-27,13.00,3.720,5.856,3.410,6.359,2,45027,0.11,2026-08-10T14:18:44+00:00
2025-05-30T12:00:00+00:00,llo1,72,2025-05-27,18.00,3.710,5.427,3.650,5.900,2,45027,0.11,2026-08-10T14:18:44+00:00
2025-05-30T12:00:00+00:00,llo1,72,2025-05-27,23.00,3.710,5.261,3.540,5.437,2,45027,0.11,2026-08-10T14:18:44+00:00
2025-05-30T12:00:00+00:00,llo1,72,2025-05-27,28.00,3.720,5.186,3.470,4.869,2,45027,0.11,2026-08-10T14:18:44+00:00
2025-05-30T12:00:00+00:00,llo1,72,2025-05-27,33.00,3.730,5.172,3.440,4.985,2,45027,0.11,2026-08-10T14:18:44+00:00
2025-05-30T12:00:00+00:00,llo1,72,2025-05-27,38.00,3.730,5.150,3.490,4.812,2,45027,0.11,2026-08-10T14:18:44+00:00
2025-05-31T12:00:00+00:00,llo1,96,2025-05-27,6.00,3.920,7.973,3.600,7.532,2,45027,0.11,2026-08-10T14:18:44+00:00
2025-05-31T12:00:00+00:00,llo1,96,2025-05-27,8.00,3.930,7.022,3.650,7.146,2,45027,0.11,2026-08-10T14:18:44+00:00
2025-05-31T12:00:00+00:00,llo1,96,2025-05-27,13.00,3.950,5.986,3.410,6.359,2,45027,0.11,2026-08-10T14:18:44+00:00
2025-05-31T12:00:00+00:00,llo1,96,2025-05-27,18.00,3.950,5.501,3.650,5.900,2,45027,0.11,2026-08-10T14:18:44+00:00
2025-05-31T12:00:00+00:00,llo1,96,2025-05-27,23.00,3.940,5.255,3.540,5.437,2,45027,0.11,2026-08-10T14:18:44+00:00
2025-05-31T12:00:00+00:00,llo1,96,2025-05-27,28.00,3.940,5.078,3.470,4.869,2,45027,0.11,2026-08-10T14:18:44+00:00
2025-05-31T12:00:00+00:00,llo1,96,2025-05-27,33.00,3.940,4.992,3.440,4.985,2,45027,0.11,2026-08-10T14:18:44+00:00
2025-05-31T12:00:00+00:00,llo1,96,2025-05-27,38.00,3.920,4.953,3.490,4.812,2,45027,0.11,2026-08-10T14:18:44+00:00
2025-05-31T12:00:00+00:00,llo1,96,2025-05-27,43.00,3.910,4.920,,,2,45027,0.11,2026-08-10T14:18:44+00:00
2025-06-01T12:00:00+00:00,llo1,120,2025-05-27,6.00,4.210,7.466,3.600,7.532,2,45027,0.11,2026-08-10T14:18:44+00:00
2025-06-01T12:00:00+00:00,llo1,120,2025-05-27,8.00,4.220,6.834,3.650,7.146,2,45027,0.11,2026-08-10T14:18:44+00:00
2025-06-01T12:00:00+00:00,llo1,120,2025-05-27,13.00,4.190,6.350,3.410,6.359,2,45027,0.11,2026-08-10T14:18:44+00:00
2025-06-01T12:00:00+00:00,llo1,120,2025-05-27,18.00,4.060,5.980,3.650,5.900,2,45027,0.11,2026-08-10T14:18:44+00:00
2025-06-01T12:00:00+00:00,llo1,120,2025-05-27,23.00,4.040,5.606,3.540,5.437,2,45027,0.11,2026-08-10T14:18:44+00:00
2025-06-01T12:00:00+00:00,llo1,120,2025-05-27,28.00,4.070,5.284,3.470,4.869,2,45027,0.11,2026-08-10T14:18:44+00:00
2025-06-01T12:00:00+00:00,llo1,120,2025-05-27,33.00,4.020,5.075,3.440,4.985,2,45027,0.11,2026-08-10T14:18:44+00:00
2025-06-01T12:00:00+00:00,llo1,120,2025-05-27,38.00,4.010,4.908,3.490,4.812,2,45027,0.11,2026-08-10T14:18:44+00:00
2025-06-01T12:00:00+00:00,llo1,120,2025-05-27,43.00,3.990,4.874,,,2,45027,0.11,2026-08-10T14:18:44+00:00
2025-05-29T12:00:00+00:00,llo1,24,2025-05-28,3.00,3.560,10.768,3.830,,2,45027,0.11,2026-08-10T14:18:44+00:00
2025-05-29T12:00:00+00:00,llo1,24,2025-05-28,6.00,3.590,8.862,3.640,7.122,2,45027,0.11,2026-08-10T14:18:44+00:00
2025-05-29T12:00:00+00:00,llo1,24,2025-05-28,8.00,3.600,7.603,3.680,6.750,2,45027,0.11,2026-08-10T14:18:44+00:00
2025-05-29T12:00:00+00:00,llo1,24,2025-05-28,13.00,3.630,6.655,3.440,5.990,2,45027,0.11,2026-08-10T14:18:44+00:00
2025-05-29T12:00:00+00:00,llo1,24,2025-05-28,18.00,3.620,6.031,3.690,5.564,2,45027,0.11,2026-08-10T14:18:44+00:00
2025-05-29T12:00:00+00:00,llo1,24,2025-05-28,23.00,3.610,5.645,3.590,5.142,2,45027,0.11,2026-08-10T14:18:44+00:00
2025-05-29T12:00:00+00:00,llo1,24,2025-05-28,28.00,3.620,5.351,3.550,4.650,2,45027,0.11,2026-08-10T14:18:44+00:00
2025-05-29T12:00:00+00:00,llo1,24,2025-05-28,33.00,3.610,5.134,3.540,4.775,2,45027,0.11,2026-08-10T14:18:44+00:00
2025-05-29T12:00:00+00:00,llo1,24,2025-05-28,38.00,3.610,5.024,3.580,4.603,2,45027,0.11,2026-08-10T14:18:44+00:00
2025-05-30T12:00:00+00:00,llo1,48,2025-05-28,3.00,3.700,6.793,3.830,,2,45027,0.11,2026-08-10T14:18:44+00:00
2025-05-30T12:00:00+00:00,llo1,48,2025-05-28,6.00,3.710,6.760,3.640,7.532,2,45027,0.11,2026-08-10T14:18:44+00:00
2025-05-30T12:00:00+00:00,llo1,48,2025-05-28,8.00,3.720,6.504,3.680,7.146,2,45027,0.11,2026-08-10T14:18:44+00:00
2025-05-30T12:00:00+00:00,llo1,48,2025-05-28,13.00,3.720,5.939,3.440,6.359,2,45027,0.11,2026-08-10T14:18:44+00:00
2025-05-30T12:00:00+00:00,llo1,48,2025-05-28,18.00,3.710,5.519,3.690,5.900,2,45027,0.11,2026-08-10T14:18:44+00:00
2025-05-30T12:00:00+00:00,llo1,48,2025-05-28,23.00,3.710,5.310,3.590,5.437,2,45027,0.11,2026-08-10T14:18:44+00:00
2025-05-30T12:00:00+00:00,llo1,48,2025-05-28,28.00,3.720,5.148,3.550,4.869,2,45027,0.11,2026-08-10T14:18:44+00:00
2025-05-30T12:00:00+00:00,llo1,48,2025-05-28,33.00,3.730,5.000,3.540,4.985,2,45027,0.11,2026-08-10T14:18:44+00:00
2025-05-30T12:00:00+00:00,llo1,48,2025-05-28,38.00,3.730,4.910,3.580,4.812,2,45027,0.11,2026-08-10T14:18:44+00:00
2025-05-31T12:00:00+00:00,llo1,72,2025-05-28,6.00,3.920,8.667,3.640,7.532,2,45027,0.11,2026-08-10T14:18:44+00:00
2025-05-31T12:00:00+00:00,llo1,72,2025-05-28,8.00,3.930,8.075,3.680,7.146,2,45027,0.11,2026-08-10T14:18:44+00:00
2025-05-31T12:00:00+00:00,llo1,72,2025-05-28,13.00,3.950,6.462,3.440,6.359,2,45027,0.11,2026-08-10T14:18:44+00:00
2025-05-31T12:00:00+00:00,llo1,72,2025-05-28,18.00,3.950,5.713,3.690,5.900,2,45027,0.11,2026-08-10T14:18:44+00:00
2025-05-31T12:00:00+00:00,llo1,72,2025-05-28,23.00,3.940,5.361,3.590,5.437,2,45027,0.11,2026-08-10T14:18:44+00:00
2025-05-31T12:00:00+00:00,llo1,72,2025-05-28,28.00,3.940,5.138,3.550,4.869,2,45027,0.11,2026-08-10T14:18:44+00:00
2025-05-31T12:00:00+00:00,llo1,72,2025-05-28,33.00,3.940,4.948,3.540,4.985,2,45027,0.11,2026-08-10T14:18:44+00:00
2025-05-31T12:00:00+00:00,llo1,72,2025-05-28,38.00,3.920,4.809,3.580,4.812,2,45027,0.11,2026-08-10T14:18:44+00:00
2025-05-31T12:00:00+00:00,llo1,72,2025-05-28,43.00,3.910,4.790,,,2,45027,0.11,2026-08-10T14:18:44+00:00
2025-06-01T12:00:00+00:00,llo1,96,2025-05-28,6.00,4.210,7.955,3.640,7.532,2,45027,0.11,2026-08-10T14:18:44+00:00
2025-06-01T12:00:00+00:00,llo1,96,2025-05-28,8.00,4.220,7.547,3.680,7.146,2,45027,0.11,2026-08-10T14:18:44+00:00
2025-06-01T12:00:00+00:00,llo1,96,2025-05-28,13.00,4.190,6.329,3.440,6.359,2,45027,0.11,2026-08-10T14:18:44+00:00
2025-06-01T12:00:00+00:00,llo1,96,2025-05-28,18.00,4.060,5.935,3.690,5.900,2,45027,0.11,2026-08-10T14:18:44+00:00
2025-06-01T12:00:00+00:00,llo1,96,2025-05-28,23.00,4.040,5.708,3.590,5.437,2,45027,0.11,2026-08-10T14:18:44+00:00
2025-06-01T12:00:00+00:00,llo1,96,2025-05-28,28.00,4.070,5.424,3.550,4.869,2,45027,0.11,2026-08-10T14:18:44+00:00
2025-06-01T12:00:00+00:00,llo1,96,2025-05-28,33.00,4.020,5.179,3.540,4.985,2,45027,0.11,2026-08-10T14:18:44+00:00
2025-06-01T12:00:00+00:00,llo1,96,2025-05-28,38.00,4.010,4.924,3.580,4.812,2,45027,0.11,2026-08-10T14:18:44+00:00
2025-06-01T12:00:00+00:00,llo1,96,2025-05-28,43.00,3.990,4.866,,,2,45027,0.11,2026-08-10T14:18:44+00:00
2025-06-02T12:00:00+00:00,llo1,120,2025-05-28,6.00,4.430,10.592,3.640,7.553,2,45027,0.11,2026-08-10T14:18:44+00:00
2025-06-02T12:00:00+00:00,llo1,120,2025-05-28,8.00,4.240,8.968,3.680,7.168,2,45027,0.11,2026-08-10T14:18:44+00:00
2025-06-02T12:00:00+00:00,llo1,120,2025-05-28,13.00,4.150,7.057,3.440,6.376,2,45027,0.11,2026-08-10T14:18:44+00:00
2025-06-02T12:00:00+00:00,llo1,120,2025-05-28,18.00,4.140,6.287,3.690,5.902,2,45027,0.11,2026-08-10T14:18:44+00:00
2025-06-02T12:00:00+00:00,llo1,120,2025-05-28,23.00,4.090,5.830,3.590,5.389,2,45027,0.11,2026-08-10T14:18:44+00:00
2025-06-02T12:00:00+00:00,llo1,120,2025-05-28,28.00,4.040,5.515,3.550,4.798,2,45027,0.11,2026-08-10T14:18:44+00:00
2025-06-02T12:00:00+00:00,llo1,120,2025-05-28,33.00,3.980,5.244,3.540,4.909,2,45027,0.11,2026-08-10T14:18:44+00:00
2025-06-02T12:00:00+00:00,llo1,120,2025-05-28,38.00,3.960,5.040,3.580,4.722,2,45027,0.11,2026-08-10T14:18:44+00:00
2025-06-02T12:00:00+00:00,llo1,120,2025-05-28,43.00,3.930,5.013,,,2,45027,0.11,2026-08-10T14:18:44+00:00
2025-05-30T12:00:00+00:00,llo1,24,2025-05-29,3.00,3.700,6.359,3.560,,2,45027,0.11,2026-08-10T14:18:44+00:00
2025-05-30T12:00:00+00:00,llo1,24,2025-05-29,6.00,3.710,6.291,3.590,7.532,2,45027,0.11,2026-08-10T14:18:44+00:00
2025-05-30T12:00:00+00:00,llo1,24,2025-05-29,8.00,3.720,6.211,3.600,7.146,2,45027,0.11,2026-08-10T14:18:44+00:00
2025-05-30T12:00:00+00:00,llo1,24,2025-05-29,13.00,3.720,5.947,3.630,6.359,2,45027,0.11,2026-08-10T14:18:44+00:00
2025-05-30T12:00:00+00:00,llo1,24,2025-05-29,18.00,3.710,5.588,3.620,5.900,2,45027,0.11,2026-08-10T14:18:44+00:00
2025-05-30T12:00:00+00:00,llo1,24,2025-05-29,23.00,3.710,5.384,3.610,5.437,2,45027,0.11,2026-08-10T14:18:44+00:00
2025-05-30T12:00:00+00:00,llo1,24,2025-05-29,28.00,3.720,5.185,3.620,4.869,2,45027,0.11,2026-08-10T14:18:44+00:00
2025-05-30T12:00:00+00:00,llo1,24,2025-05-29,33.00,3.730,5.002,3.610,4.985,2,45027,0.11,2026-08-10T14:18:44+00:00
2025-05-30T12:00:00+00:00,llo1,24,2025-05-29,38.00,3.730,4.874,3.610,4.812,2,45027,0.11,2026-08-10T14:18:44+00:00
2025-05-31T12:00:00+00:00,llo1,48,2025-05-29,6.00,3.920,7.983,3.590,7.532,2,45027,0.11,2026-08-10T14:18:44+00:00
2025-05-31T12:00:00+00:00,llo1,48,2025-05-29,8.00,3.930,7.865,3.600,7.146,2,45027,0.11,2026-08-10T14:18:44+00:00
2025-05-31T12:00:00+00:00,llo1,48,2025-05-29,13.00,3.950,7.108,3.630,6.359,2,45027,0.11,2026-08-10T14:18:44+00:00
2025-05-31T12:00:00+00:00,llo1,48,2025-05-29,18.00,3.950,6.431,3.620,5.900,2,45027,0.11,2026-08-10T14:18:44+00:00
2025-05-31T12:00:00+00:00,llo1,48,2025-05-29,23.00,3.940,5.930,3.610,5.437,2,45027,0.11,2026-08-10T14:18:44+00:00
2025-05-31T12:00:00+00:00,llo1,48,2025-05-29,28.00,3.940,5.591,3.620,4.869,2,45027,0.11,2026-08-10T14:18:44+00:00
2025-05-31T12:00:00+00:00,llo1,48,2025-05-29,33.00,3.940,5.325,3.610,4.985,2,45027,0.11,2026-08-10T14:18:44+00:00
2025-05-31T12:00:00+00:00,llo1,48,2025-05-29,38.00,3.920,5.081,3.610,4.812,2,45027,0.11,2026-08-10T14:18:44+00:00
2025-05-31T12:00:00+00:00,llo1,48,2025-05-29,43.00,3.910,5.049,,,2,45027,0.11,2026-08-10T14:18:44+00:00
2025-06-01T12:00:00+00:00,llo1,72,2025-05-29,6.00,4.210,7.607,3.590,7.532,2,45027,0.11,2026-08-10T14:18:44+00:00
2025-06-01T12:00:00+00:00,llo1,72,2025-05-29,8.00,4.220,6.628,3.600,7.146,2,45027,0.11,2026-08-10T14:18:44+00:00
2025-06-01T12:00:00+00:00,llo1,72,2025-05-29,13.00,4.190,6.018,3.630,6.359,2,45027,0.11,2026-08-10T14:18:44+00:00
2025-06-01T12:00:00+00:00,llo1,72,2025-05-29,18.00,4.060,5.890,3.620,5.900,2,45027,0.11,2026-08-10T14:18:44+00:00
2025-06-01T12:00:00+00:00,llo1,72,2025-05-29,23.00,4.040,5.667,3.610,5.437,2,45027,0.11,2026-08-10T14:18:44+00:00
2025-06-01T12:00:00+00:00,llo1,72,2025-05-29,28.00,4.070,5.470,3.620,4.869,2,45027,0.11,2026-08-10T14:18:44+00:00
2025-06-01T12:00:00+00:00,llo1,72,2025-05-29,33.00,4.020,5.272,3.610,4.985,2,45027,0.11,2026-08-10T14:18:44+00:00
2025-06-01T12:00:00+00:00,llo1,72,2025-05-29,38.00,4.010,5.095,3.610,4.812,2,45027,0.11,2026-08-10T14:18:44+00:00
2025-06-01T12:00:00+00:00,llo1,72,2025-05-29,43.00,3.990,5.055,,,2,45027,0.11,2026-08-10T14:18:44+00:00
2025-06-02T12:00:00+00:00,llo1,96,2025-05-29,6.00,4.430,11.520,3.590,7.553,2,45027,0.11,2026-08-10T14:18:44+00:00
2025-06-02T12:00:00+00:00,llo1,96,2025-05-29,8.00,4.240,9.895,3.600,7.168,2,45027,0.11,2026-08-10T14:18:44+00:00
2025-06-02T12:00:00+00:00,llo1,96,2025-05-29,13.00,4.150,7.051,3.630,6.376,2,45027,0.11,2026-08-10T14:18:44+00:00
2025-06-02T12:00:00+00:00,llo1,96,2025-05-29,18.00,4.140,6.324,3.620,5.902,2,45027,0.11,2026-08-10T14:18:44+00:00
2025-06-02T12:00:00+00:00,llo1,96,2025-05-29,23.00,4.090,5.991,3.610,5.389,2,45027,0.11,2026-08-10T14:18:44+00:00
2025-06-02T12:00:00+00:00,llo1,96,2025-05-29,28.00,4.040,5.718,3.620,4.798,2,45027,0.11,2026-08-10T14:18:44+00:00
2025-06-02T12:00:00+00:00,llo1,96,2025-05-29,33.00,3.980,5.486,3.610,4.909,2,45027,0.11,2026-08-10T14:18:44+00:00
2025-06-02T12:00:00+00:00,llo1,96,2025-05-29,38.00,3.960,5.290,3.610,4.722,2,45027,0.11,2026-08-10T14:18:44+00:00
2025-06-02T12:00:00+00:00,llo1,96,2025-05-29,43.00,3.930,5.225,,,2,45027,0.11,2026-08-10T14:18:44+00:00
2025-06-03T12:00:00+00:00,llo1,120,2025-05-29,6.00,4.180,7.391,3.590,7.596,2,45027,0.11,2026-08-10T14:18:44+00:00
2025-06-03T12:00:00+00:00,llo1,120,2025-05-29,8.00,4.190,6.785,3.600,7.206,2,45027,0.11,2026-08-10T14:18:44+00:00
2025-06-03T12:00:00+00:00,llo1,120,2025-05-29,13.00,4.190,6.344,3.630,6.395,2,45027,0.11,2026-08-10T14:18:44+00:00
2025-06-03T12:00:00+00:00,llo1,120,2025-05-29,18.00,4.190,5.744,3.620,5.874,2,45027,0.11,2026-08-10T14:18:44+00:00
2025-06-03T12:00:00+00:00,llo1,120,2025-05-29,23.00,4.180,5.576,3.610,5.367,2,45027,0.11,2026-08-10T14:18:44+00:00
2025-06-03T12:00:00+00:00,llo1,120,2025-05-29,28.00,4.170,5.429,3.620,4.789,2,45027,0.11,2026-08-10T14:18:44+00:00
2025-06-03T12:00:00+00:00,llo1,120,2025-05-29,33.00,4.140,5.293,3.610,4.881,2,45027,0.11,2026-08-10T14:18:44+00:00
2025-06-03T12:00:00+00:00,llo1,120,2025-05-29,38.00,4.120,5.220,3.610,4.694,2,45027,0.11,2026-08-10T14:18:44+00:00
2025-06-03T12:00:00+00:00,llo1,120,2025-05-29,43.00,4.040,5.217,,,2,45027,0.11,2026-08-10T14:18:44+00:00
2025-05-31T12:00:00+00:00,llo1,24,2025-05-30,6.00,3.920,8.020,3.710,7.532,2,45027,0.11,2026-08-10T14:18:44+00:00
2025-05-31T12:00:00+00:00,llo1,24,2025-05-30,8.00,3.930,7.910,3.720,7.146,2,45027,0.11,2026-08-10T14:18:44+00:00
2025-05-31T12:00:00+00:00,llo1,24,2025-05-30,13.00,3.950,6.996,3.720,6.359,2,45027,0.11,2026-08-10T14:18:44+00:00
2025-05-31T12:00:00+00:00,llo1,24,2025-05-30,18.00,3.950,6.054,3.710,5.900,2,45027,0.11,2026-08-10T14:18:44+00:00
2025-05-31T12:00:00+00:00,llo1,24,2025-05-30,23.00,3.940,5.753,3.710,5.437,2,45027,0.11,2026-08-10T14:18:44+00:00
2025-05-31T12:00:00+00:00,llo1,24,2025-05-30,28.00,3.940,5.584,3.720,4.869,2,45027,0.11,2026-08-10T14:18:44+00:00
2025-05-31T12:00:00+00:00,llo1,24,2025-05-30,33.00,3.940,5.319,3.730,4.985,2,45027,0.11,2026-08-10T14:18:44+00:00
2025-05-31T12:00:00+00:00,llo1,24,2025-05-30,38.00,3.920,5.138,3.730,4.812,2,45027,0.11,2026-08-10T14:18:44+00:00
2025-05-31T12:00:00+00:00,llo1,24,2025-05-30,43.00,3.910,5.015,,,2,45027,0.11,2026-08-10T14:18:44+00:00
2025-06-01T12:00:00+00:00,llo1,48,2025-05-30,6.00,4.210,7.819,3.710,7.532,2,45027,0.11,2026-08-10T14:18:44+00:00
2025-06-01T12:00:00+00:00,llo1,48,2025-05-30,8.00,4.220,6.963,3.720,7.146,2,45027,0.11,2026-08-10T14:18:44+00:00
2025-06-01T12:00:00+00:00,llo1,48,2025-05-30,13.00,4.190,6.226,3.720,6.359,2,45027,0.11,2026-08-10T14:18:44+00:00
2025-06-01T12:00:00+00:00,llo1,48,2025-05-30,18.00,4.060,5.986,3.710,5.900,2,45027,0.11,2026-08-10T14:18:44+00:00
2025-06-01T12:00:00+00:00,llo1,48,2025-05-30,23.00,4.040,5.819,3.710,5.437,2,45027,0.11,2026-08-10T14:18:44+00:00
2025-06-01T12:00:00+00:00,llo1,48,2025-05-30,28.00,4.070,5.587,3.720,4.869,2,45027,0.11,2026-08-10T14:18:44+00:00
2025-06-01T12:00:00+00:00,llo1,48,2025-05-30,33.00,4.020,5.399,3.730,4.985,2,45027,0.11,2026-08-10T14:18:44+00:00
2025-06-01T12:00:00+00:00,llo1,48,2025-05-30,38.00,4.010,5.188,3.730,4.812,2,45027,0.11,2026-08-10T14:18:44+00:00
2025-06-01T12:00:00+00:00,llo1,48,2025-05-30,43.00,3.990,5.085,,,2,45027,0.11,2026-08-10T14:18:44+00:00
2025-06-02T12:00:00+00:00,llo1,72,2025-05-30,6.00,4.430,10.792,3.710,7.553,2,45027,0.11,2026-08-10T14:18:44+00:00
2025-06-02T12:00:00+00:00,llo1,72,2025-05-30,8.00,4.240,9.127,3.720,7.168,2,45027,0.11,2026-08-10T14:18:44+00:00
2025-06-02T12:00:00+00:00,llo1,72,2025-05-30,13.00,4.150,6.702,3.720,6.376,2,45027,0.11,2026-08-10T14:18:44+00:00
2025-06-02T12:00:00+00:00,llo1,72,2025-05-30,18.00,4.140,6.226,3.710,5.902,2,45027,0.11,2026-08-10T14:18:44+00:00
2025-06-02T12:00:00+00:00,llo1,72,2025-05-30,23.00,4.090,5.890,3.710,5.389,2,45027,0.11,2026-08-10T14:18:44+00:00
2025-06-02T12:00:00+00:00,llo1,72,2025-05-30,28.00,4.040,5.596,3.720,4.798,2,45027,0.11,2026-08-10T14:18:44+00:00
2025-06-02T12:00:00+00:00,llo1,72,2025-05-30,33.00,3.980,5.332,3.730,4.909,2,45027,0.11,2026-08-10T14:18:44+00:00
2025-06-02T12:00:00+00:00,llo1,72,2025-05-30,38.00,3.960,5.145,3.730,4.722,2,45027,0.11,2026-08-10T14:18:44+00:00
2025-06-02T12:00:00+00:00,llo1,72,2025-05-30,43.00,3.930,5.136,,,2,45027,0.11,2026-08-10T14:18:44+00:00
2025-06-03T12:00:00+00:00,llo1,96,2025-05-30,6.00,4.180,6.921,3.710,7.596,2,45027,0.11,2026-08-10T14:18:44+00:00
2025-06-03T12:00:00+00:00,llo1,96,2025-05-30,8.00,4.190,6.288,3.720,7.206,2,45027,0.11,2026-08-10T14:18:44+00:00
2025-06-03T12:00:00+00:00,llo1,96,2025-05-30,13.00,4.190,6.155,3.720,6.395,2,45027,0.11,2026-08-10T14:18:44+00:00
2025-06-03T12:00:00+00:00,llo1,96,2025-05-30,18.00,4.190,5.681,3.710,5.874,2,45027,0.11,2026-08-10T14:18:44+00:00
2025-06-03T12:00:00+00:00,llo1,96,2025-05-30,23.00,4.180,5.481,3.710,5.367,2,45027,0.11,2026-08-10T14:18:44+00:00
2025-06-03T12:00:00+00:00,llo1,96,2025-05-30,28.00,4.170,5.306,3.720,4.789,2,45027,0.11,2026-08-10T14:18:44+00:00
2025-06-03T12:00:00+00:00,llo1,96,2025-05-30,33.00,4.140,5.159,3.730,4.881,2,45027,0.11,2026-08-10T14:18:44+00:00
2025-06-03T12:00:00+00:00,llo1,96,2025-05-30,38.00,4.120,5.125,3.730,4.694,2,45027,0.11,2026-08-10T14:18:44+00:00
2025-06-03T12:00:00+00:00,llo1,96,2025-05-30,43.00,4.040,5.119,,,2,45027,0.11,2026-08-10T14:18:44+00:00
2025-06-04T12:00:00+00:00,llo1,120,2025-05-30,6.00,4.470,9.469,3.710,7.832,2,45027,0.11,2026-08-10T14:18:44+00:00
2025-06-04T12:00:00+00:00,llo1,120,2025-05-30,8.00,4.410,8.229,3.720,7.349,2,45027,0.11,2026-08-10T14:18:44+00:00
2025-06-04T12:00:00+00:00,llo1,120,2025-05-30,13.00,4.190,6.929,3.720,6.449,2,45027,0.11,2026-08-10T14:18:44+00:00
2025-06-04T12:00:00+00:00,llo1,120,2025-05-30,18.00,4.130,6.338,3.710,5.857,2,45027,0.11,2026-08-10T14:18:44+00:00
2025-06-04T12:00:00+00:00,llo1,120,2025-05-30,23.00,4.090,5.844,3.710,5.320,2,45027,0.11,2026-08-10T14:18:44+00:00
2025-06-04T12:00:00+00:00,llo1,120,2025-05-30,28.00,4.060,5.489,3.720,4.752,2,45027,0.11,2026-08-10T14:18:44+00:00
2025-06-04T12:00:00+00:00,llo1,120,2025-05-30,33.00,4.040,5.227,3.730,4.833,2,45027,0.11,2026-08-10T14:18:44+00:00
2025-06-04T12:00:00+00:00,llo1,120,2025-05-30,38.00,3.990,5.166,3.730,4.653,2,45027,0.11,2026-08-10T14:18:44+00:00
2025-06-04T12:00:00+00:00,llo1,120,2025-05-30,43.00,3.930,5.165,,,2,45027,0.11,2026-08-10T14:18:44+00:00
2025-06-01T12:00:00+00:00,llo1,24,2025-05-31,6.00,4.210,8.132,3.920,7.532,2,45027,0.11,2026-08-10T14:18:44+00:00
2025-06-01T12:00:00+00:00,llo1,24,2025-05-31,8.00,4.220,7.497,3.930,7.146,2,45027,0.11,2026-08-10T14:18:44+00:00
2025-06-01T12:00:00+00:00,llo1,24,2025-05-31,13.00,4.190,6.367,3.950,6.359,2,45027,0.11,2026-08-10T14:18:44+00:00
2025-06-01T12:00:00+00:00,llo1,24,2025-05-31,18.00,4.060,5.968,3.950,5.900,2,45027,0.11,2026-08-10T14:18:44+00:00
2025-06-01T12:00:00+00:00,llo1,24,2025-05-31,23.00,4.040,5.806,3.940,5.437,2,45027,0.11,2026-08-10T14:18:44+00:00
2025-06-01T12:00:00+00:00,llo1,24,2025-05-31,28.00,4.070,5.505,3.940,4.869,2,45027,0.11,2026-08-10T14:18:44+00:00
2025-06-01T12:00:00+00:00,llo1,24,2025-05-31,33.00,4.020,5.256,3.940,4.985,2,45027,0.11,2026-08-10T14:18:44+00:00
2025-06-01T12:00:00+00:00,llo1,24,2025-05-31,38.00,4.010,5.040,3.920,4.812,2,45027,0.11,2026-08-10T14:18:44+00:00
2025-06-01T12:00:00+00:00,llo1,24,2025-05-31,43.00,3.990,4.993,3.910,,2,45027,0.11,2026-08-10T14:18:44+00:00
2025-06-02T12:00:00+00:00,llo1,48,2025-05-31,6.00,4.430,8.707,3.920,7.553,2,45027,0.11,2026-08-10T14:18:44+00:00
2025-06-02T12:00:00+00:00,llo1,48,2025-05-31,8.00,4.240,7.793,3.930,7.168,2,45027,0.11,2026-08-10T14:18:44+00:00
2025-06-02T12:00:00+00:00,llo1,48,2025-05-31,13.00,4.150,6.455,3.950,6.376,2,45027,0.11,2026-08-10T14:18:44+00:00
2025-06-02T12:00:00+00:00,llo1,48,2025-05-31,18.00,4.140,6.025,3.950,5.902,2,45027,0.11,2026-08-10T14:18:44+00:00
2025-06-02T12:00:00+00:00,llo1,48,2025-05-31,23.00,4.090,5.745,3.940,5.389,2,45027,0.11,2026-08-10T14:18:44+00:00
2025-06-02T12:00:00+00:00,llo1,48,2025-05-31,28.00,4.040,5.391,3.940,4.798,2,45027,0.11,2026-08-10T14:18:44+00:00
2025-06-02T12:00:00+00:00,llo1,48,2025-05-31,33.00,3.980,5.148,3.940,4.909,2,45027,0.11,2026-08-10T14:18:44+00:00
2025-06-02T12:00:00+00:00,llo1,48,2025-05-31,38.00,3.960,5.040,3.920,4.722,2,45027,0.11,2026-08-10T14:18:44+00:00
2025-06-02T12:00:00+00:00,llo1,48,2025-05-31,43.00,3.930,5.031,3.910,,2,45027,0.11,2026-08-10T14:18:44+00:00
2025-06-03T12:00:00+00:00,llo1,72,2025-05-31,6.00,4.180,6.006,3.920,7.596,2,45027,0.11,2026-08-10T14:18:44+00:00
2025-06-03T12:00:00+00:00,llo1,72,2025-05-31,8.00,4.190,5.901,3.930,7.206,2,45027,0.11,2026-08-10T14:18:44+00:00
2025-06-03T12:00:00+00:00,llo1,72,2025-05-31,13.00,4.190,5.716,3.950,6.395,2,45027,0.11,2026-08-10T14:18:44+00:00
2025-06-03T12:00:00+00:00,llo1,72,2025-05-31,18.00,4.190,5.554,3.950,5.874,2,45027,0.11,2026-08-10T14:18:44+00:00
2025-06-03T12:00:00+00:00,llo1,72,2025-05-31,23.00,4.180,5.329,3.940,5.367,2,45027,0.11,2026-08-10T14:18:44+00:00
2025-06-03T12:00:00+00:00,llo1,72,2025-05-31,28.00,4.170,5.206,3.940,4.789,2,45027,0.11,2026-08-10T14:18:44+00:00
2025-06-03T12:00:00+00:00,llo1,72,2025-05-31,33.00,4.140,5.010,3.940,4.881,2,45027,0.11,2026-08-10T14:18:44+00:00
2025-06-03T12:00:00+00:00,llo1,72,2025-05-31,38.00,4.120,4.903,3.920,4.694,2,45027,0.11,2026-08-10T14:18:44+00:00
2025-06-03T12:00:00+00:00,llo1,72,2025-05-31,43.00,4.040,4.875,3.910,,2,45027,0.11,2026-08-10T14:18:44+00:00
2025-06-04T12:00:00+00:00,llo1,96,2025-05-31,6.00,4.470,6.166,3.920,7.832,2,45027,0.11,2026-08-10T14:18:44+00:00
2025-06-04T12:00:00+00:00,llo1,96,2025-05-31,8.00,4.410,6.142,3.930,7.349,2,45027,0.11,2026-08-10T14:18:44+00:00
2025-06-04T12:00:00+00:00,llo1,96,2025-05-31,13.00,4.190,5.892,3.950,6.449,2,45027,0.11,2026-08-10T14:18:44+00:00
2025-06-04T12:00:00+00:00,llo1,96,2025-05-31,18.00,4.130,5.408,3.950,5.857,2,45027,0.11,2026-08-10T14:18:44+00:00
2025-06-04T12:00:00+00:00,llo1,96,2025-05-31,23.00,4.090,5.149,3.940,5.320,2,45027,0.11,2026-08-10T14:18:44+00:00
2025-06-04T12:00:00+00:00,llo1,96,2025-05-31,28.00,4.060,4.970,3.940,4.752,2,45027,0.11,2026-08-10T14:18:44+00:00
2025-06-04T12:00:00+00:00,llo1,96,2025-05-31,33.00,4.040,4.787,3.940,4.833,2,45027,0.11,2026-08-10T14:18:44+00:00
2025-06-04T12:00:00+00:00,llo1,96,2025-05-31,38.00,3.990,4.780,3.920,4.653,2,45027,0.11,2026-08-10T14:18:44+00:00
2025-06-04T12:00:00+00:00,llo1,96,2025-05-31,43.00,3.930,4.745,3.910,,2,45027,0.11,2026-08-10T14:18:44+00:00
2025-06-05T12:00:00+00:00,llo1,120,2025-05-31,6.00,4.970,6.631,3.920,8.144,2,45027,0.11,2026-08-10T14:18:44+00:00
2025-06-05T12:00:00+00:00,llo1,120,2025-05-31,8.00,4.910,6.495,3.930,7.595,2,45027,0.11,2026-08-10T14:18:44+00:00
2025-06-05T12:00:00+00:00,llo1,120,2025-05-31,13.00,4.810,6.023,3.950,6.609,2,45027,0.11,2026-08-10T14:18:44+00:00
2025-06-05T12:00:00+00:00,llo1,120,2025-05-31,18.00,4.780,5.733,3.950,5.926,2,45027,0.11,2026-08-10T14:18:44+00:00
2025-06-05T12:00:00+00:00,llo1,120,2025-05-31,23.00,4.750,5.366,3.940,5.333,2,45027,0.11,2026-08-10T14:18:44+00:00
2025-06-05T12:00:00+00:00,llo1,120,2025-05-31,28.00,4.670,5.101,3.940,4.742,2,45027,0.11,2026-08-10T14:18:44+00:00
2025-06-05T12:00:00+00:00,llo1,120,2025-05-31,33.00,4.610,4.830,3.940,4.812,2,45027,0.11,2026-08-10T14:18:44+00:00
2025-06-05T12:00:00+00:00,llo1,120,2025-05-31,38.00,4.380,4.651,3.920,4.634,2,45027,0.11,2026-08-10T14:18:44+00:00
2025-06-05T12:00:00+00:00,llo1,120,2025-05-31,43.00,4.220,4.639,3.910,,2,45027,0.11,2026-08-10T14:18:44+00:00
2025-06-02T12:00:00+00:00,llo1,24,2025-06-01,6.00,4.430,9.577,4.210,7.553,2,45027,0.11,2026-08-10T14:18:44+00:00
2025-06-02T12:00:00+00:00,llo1,24,2025-06-01,8.00,4.240,8.515,4.220,7.168,2,45027,0.11,2026-08-10T14:18:44+00:00
2025-06-02T12:00:00+00:00,llo1,24,2025-06-01,13.00,4.150,6.924,4.190,6.376,2,45027,0.11,2026-08-10T14:18:44+00:00
2025-06-02T12:00:00+00:00,llo1,24,2025-06-01,18.00,4.140,6.223,4.060,5.902,2,45027,0.11,2026-08-10T14:18:44+00:00
2025-06-02T12:00:00+00:00,llo1,24,2025-06-01,23.00,4.090,5.852,4.040,5.389,2,45027,0.11,2026-08-10T14:18:44+00:00
2025-06-02T12:00:00+00:00,llo1,24,2025-06-01,28.00,4.040,5.442,4.070,4.798,2,45027,0.11,2026-08-10T14:18:44+00:00
2025-06-02T12:00:00+00:00,llo1,24,2025-06-01,33.00,3.980,5.192,4.020,4.909,2,45027,0.11,2026-08-10T14:18:44+00:00
2025-06-02T12:00:00+00:00,llo1,24,2025-06-01,38.00,3.960,5.043,4.010,4.722,2,45027,0.11,2026-08-10T14:18:44+00:00
2025-06-02T12:00:00+00:00,llo1,24,2025-06-01,43.00,3.930,4.994,3.990,,2,45027,0.11,2026-08-10T14:18:44+00:00
2025-06-03T12:00:00+00:00,llo1,48,2025-06-01,6.00,4.180,7.080,4.210,7.596,2,45027,0.11,2026-08-10T14:18:44+00:00
2025-06-03T12:00:00+00:00,llo1,48,2025-06-01,8.00,4.190,6.832,4.220,7.206,2,45027,0.11,2026-08-10T14:18:44+00:00
2025-06-03T12:00:00+00:00,llo1,48,2025-06-01,13.00,4.190,6.169,4.190,6.395,2,45027,0.11,2026-08-10T14:18:44+00:00
2025-06-03T12:00:00+00:00,llo1,48,2025-06-01,18.00,4.190,5.802,4.060,5.874,2,45027,0.11,2026-08-10T14:18:44+00:00
2025-06-03T12:00:00+00:00,llo1,48,2025-06-01,23.00,4.180,5.499,4.040,5.367,2,45027,0.11,2026-08-10T14:18:44+00:00
2025-06-03T12:00:00+00:00,llo1,48,2025-06-01,28.00,4.170,5.211,4.070,4.789,2,45027,0.11,2026-08-10T14:18:44+00:00
2025-06-03T12:00:00+00:00,llo1,48,2025-06-01,33.00,4.140,5.016,4.020,4.881,2,45027,0.11,2026-08-10T14:18:44+00:00
2025-06-03T12:00:00+00:00,llo1,48,2025-06-01,38.00,4.120,4.976,4.010,4.694,2,45027,0.11,2026-08-10T14:18:44+00:00
2025-06-03T12:00:00+00:00,llo1,48,2025-06-01,43.00,4.040,4.964,3.990,,2,45027,0.11,2026-08-10T14:18:44+00:00
2025-06-04T12:00:00+00:00,llo1,72,2025-06-01,6.00,4.470,7.204,4.210,7.832,2,45027,0.11,2026-08-10T14:18:44+00:00
2025-06-04T12:00:00+00:00,llo1,72,2025-06-01,8.00,4.410,6.777,4.220,7.349,2,45027,0.11,2026-08-10T14:18:44+00:00
2025-06-04T12:00:00+00:00,llo1,72,2025-06-01,13.00,4.190,6.002,4.190,6.449,2,45027,0.11,2026-08-10T14:18:44+00:00
2025-06-04T12:00:00+00:00,llo1,72,2025-06-01,18.00,4.130,5.686,4.060,5.857,2,45027,0.11,2026-08-10T14:18:44+00:00
2025-06-04T12:00:00+00:00,llo1,72,2025-06-01,23.00,4.090,5.379,4.040,5.320,2,45027,0.11,2026-08-10T14:18:44+00:00
2025-06-04T12:00:00+00:00,llo1,72,2025-06-01,28.00,4.060,5.118,4.070,4.752,2,45027,0.11,2026-08-10T14:18:44+00:00
2025-06-04T12:00:00+00:00,llo1,72,2025-06-01,33.00,4.040,4.972,4.020,4.833,2,45027,0.11,2026-08-10T14:18:44+00:00
2025-06-04T12:00:00+00:00,llo1,72,2025-06-01,38.00,3.990,4.967,4.010,4.653,2,45027,0.11,2026-08-10T14:18:44+00:00
2025-06-04T12:00:00+00:00,llo1,72,2025-06-01,43.00,3.930,4.962,3.990,,2,45027,0.11,2026-08-10T14:18:44+00:00
2025-06-05T12:00:00+00:00,llo1,96,2025-06-01,6.00,4.970,6.643,4.210,8.144,2,45027,0.11,2026-08-10T14:18:44+00:00
2025-06-05T12:00:00+00:00,llo1,96,2025-06-01,8.00,4.910,6.315,4.220,7.595,2,45027,0.11,2026-08-10T14:18:44+00:00
2025-06-05T12:00:00+00:00,llo1,96,2025-06-01,13.00,4.810,5.905,4.190,6.609,2,45027,0.11,2026-08-10T14:18:44+00:00
2025-06-05T12:00:00+00:00,llo1,96,2025-06-01,18.00,4.780,5.533,4.060,5.926,2,45027,0.11,2026-08-10T14:18:44+00:00
2025-06-05T12:00:00+00:00,llo1,96,2025-06-01,23.00,4.750,5.262,4.040,5.333,2,45027,0.11,2026-08-10T14:18:44+00:00
2025-06-05T12:00:00+00:00,llo1,96,2025-06-01,28.00,4.670,5.094,4.070,4.742,2,45027,0.11,2026-08-10T14:18:44+00:00
2025-06-05T12:00:00+00:00,llo1,96,2025-06-01,33.00,4.610,4.992,4.020,4.812,2,45027,0.11,2026-08-10T14:18:44+00:00
2025-06-05T12:00:00+00:00,llo1,96,2025-06-01,38.00,4.380,4.960,4.010,4.634,2,45027,0.11,2026-08-10T14:18:44+00:00
2025-06-05T12:00:00+00:00,llo1,96,2025-06-01,43.00,4.220,4.960,3.990,,2,45027,0.11,2026-08-10T14:18:44+00:00
2025-06-06T12:00:00+00:00,llo1,120,2025-06-01,6.00,5.000,8.489,4.210,8.386,2,45027,0.11,2026-08-10T14:18:44+00:00
2025-06-06T12:00:00+00:00,llo1,120,2025-06-01,8.00,4.820,7.245,4.220,7.686,2,45027,0.11,2026-08-10T14:18:44+00:00
2025-06-06T12:00:00+00:00,llo1,120,2025-06-01,13.00,4.520,6.212,4.190,6.566,2,45027,0.11,2026-08-10T14:18:44+00:00
2025-06-06T12:00:00+00:00,llo1,120,2025-06-01,18.00,4.430,5.868,4.060,5.879,2,45027,0.11,2026-08-10T14:18:44+00:00
2025-06-06T12:00:00+00:00,llo1,120,2025-06-01,23.00,4.370,5.544,4.040,5.286,2,45027,0.11,2026-08-10T14:18:44+00:00
2025-06-06T12:00:00+00:00,llo1,120,2025-06-01,28.00,4.340,5.294,4.070,4.713,2,45027,0.11,2026-08-10T14:18:44+00:00
2025-06-06T12:00:00+00:00,llo1,120,2025-06-01,33.00,4.270,5.104,4.020,4.771,2,45027,0.11,2026-08-10T14:18:44+00:00
2025-06-06T12:00:00+00:00,llo1,120,2025-06-01,38.00,4.200,5.007,4.010,4.603,2,45027,0.11,2026-08-10T14:18:44+00:00
2025-06-06T12:00:00+00:00,llo1,120,2025-06-01,43.00,4.100,5.004,3.990,,2,45027,0.11,2026-08-10T14:18:44+00:00
2025-06-03T12:00:00+00:00,llo1,24,2025-06-02,6.00,4.180,6.770,4.430,7.596,2,45027,0.11,2026-08-10T14:18:44+00:00
2025-06-03T12:00:00+00:00,llo1,24,2025-06-02,8.00,4.190,6.632,4.240,7.206,2,45027,0.11,2026-08-10T14:18:44+00:00
2025-06-03T12:00:00+00:00,llo1,24,2025-06-02,13.00,4.190,5.889,4.150,6.395,2,45027,0.11,2026-08-10T14:18:44+00:00
2025-06-03T12:00:00+00:00,llo1,24,2025-06-02,18.00,4.190,5.726,4.140,5.874,2,45027,0.11,2026-08-10T14:18:44+00:00
2025-06-03T12:00:00+00:00,llo1,24,2025-06-02,23.00,4.180,5.435,4.090,5.367,2,45027,0.11,2026-08-10T14:18:44+00:00
2025-06-03T12:00:00+00:00,llo1,24,2025-06-02,28.00,4.170,5.183,4.040,4.789,2,45027,0.11,2026-08-10T14:18:44+00:00
2025-06-03T12:00:00+00:00,llo1,24,2025-06-02,33.00,4.140,4.969,3.980,4.881,2,45027,0.11,2026-08-10T14:18:44+00:00
2025-06-03T12:00:00+00:00,llo1,24,2025-06-02,38.00,4.120,4.899,3.960,4.694,2,45027,0.11,2026-08-10T14:18:44+00:00
2025-06-03T12:00:00+00:00,llo1,24,2025-06-02,43.00,4.040,4.888,3.930,,2,45027,0.11,2026-08-10T14:18:44+00:00
2025-06-04T12:00:00+00:00,llo1,48,2025-06-02,6.00,4.470,7.879,4.430,7.832,2,45027,0.11,2026-08-10T14:18:44+00:00
2025-06-04T12:00:00+00:00,llo1,48,2025-06-02,8.00,4.410,7.432,4.240,7.349,2,45027,0.11,2026-08-10T14:18:44+00:00
2025-06-04T12:00:00+00:00,llo1,48,2025-06-02,13.00,4.190,6.563,4.150,6.449,2,45027,0.11,2026-08-10T14:18:44+00:00
2025-06-04T12:00:00+00:00,llo1,48,2025-06-02,18.00,4.130,5.934,4.140,5.857,2,45027,0.11,2026-08-10T14:18:44+00:00
2025-06-04T12:00:00+00:00,llo1,48,2025-06-02,23.00,4.090,5.528,4.090,5.320,2,45027,0.11,2026-08-10T14:18:44+00:00
2025-06-04T12:00:00+00:00,llo1,48,2025-06-02,28.00,4.060,5.220,4.040,4.752,2,45027,0.11,2026-08-10T14:18:44+00:00
2025-06-04T12:00:00+00:00,llo1,48,2025-06-02,33.00,4.040,5.017,3.980,4.833,2,45027,0.11,2026-08-10T14:18:44+00:00
2025-06-04T12:00:00+00:00,llo1,48,2025-06-02,38.00,3.990,4.915,3.960,4.653,2,45027,0.11,2026-08-10T14:18:44+00:00
2025-06-04T12:00:00+00:00,llo1,48,2025-06-02,43.00,3.930,4.900,3.930,,2,45027,0.11,2026-08-10T14:18:44+00:00
2025-06-05T12:00:00+00:00,llo1,72,2025-06-02,6.00,4.970,6.684,4.430,8.144,2,45027,0.11,2026-08-10T14:18:44+00:00
2025-06-05T12:00:00+00:00,llo1,72,2025-06-02,8.00,4.910,6.305,4.240,7.595,2,45027,0.11,2026-08-10T14:18:44+00:00
2025-06-05T12:00:00+00:00,llo1,72,2025-06-02,13.00,4.810,5.698,4.150,6.609,2,45027,0.11,2026-08-10T14:18:44+00:00
2025-06-05T12:00:00+00:00,llo1,72,2025-06-02,18.00,4.780,5.431,4.140,5.926,2,45027,0.11,2026-08-10T14:18:44+00:00
2025-06-05T12:00:00+00:00,llo1,72,2025-06-02,23.00,4.750,5.208,4.090,5.333,2,45027,0.11,2026-08-10T14:18:44+00:00
2025-06-05T12:00:00+00:00,llo1,72,2025-06-02,28.00,4.670,5.086,4.040,4.742,2,45027,0.11,2026-08-10T14:18:44+00:00
2025-06-05T12:00:00+00:00,llo1,72,2025-06-02,33.00,4.610,4.940,3.980,4.812,2,45027,0.11,2026-08-10T14:18:44+00:00
2025-06-05T12:00:00+00:00,llo1,72,2025-06-02,38.00,4.380,4.889,3.960,4.634,2,45027,0.11,2026-08-10T14:18:44+00:00
2025-06-05T12:00:00+00:00,llo1,72,2025-06-02,43.00,4.220,4.888,3.930,,2,45027,0.11,2026-08-10T14:18:44+00:00
2025-06-06T12:00:00+00:00,llo1,96,2025-06-02,6.00,5.000,7.367,4.430,8.386,2,45027,0.11,2026-08-10T14:18:44+00:00
2025-06-06T12:00:00+00:00,llo1,96,2025-06-02,8.00,4.820,6.934,4.240,7.686,2,45027,0.11,2026-08-10T14:18:44+00:00
2025-06-06T12:00:00+00:00,llo1,96,2025-06-02,13.00,4.520,6.307,4.150,6.566,2,45027,0.11,2026-08-10T14:18:44+00:00
2025-06-06T12:00:00+00:00,llo1,96,2025-06-02,18.00,4.430,5.841,4.140,5.879,2,45027,0.11,2026-08-10T14:18:44+00:00
2025-06-06T12:00:00+00:00,llo1,96,2025-06-02,23.00,4.370,5.389,4.090,5.286,2,45027,0.11,2026-08-10T14:18:44+00:00
2025-06-06T12:00:00+00:00,llo1,96,2025-06-02,28.00,4.340,5.113,4.040,4.713,2,45027,0.11,2026-08-10T14:18:44+00:00
2025-06-06T12:00:00+00:00,llo1,96,2025-06-02,33.00,4.270,4.959,3.980,4.771,2,45027,0.11,2026-08-10T14:18:44+00:00
2025-06-06T12:00:00+00:00,llo1,96,2025-06-02,38.00,4.200,4.901,3.960,4.603,2,45027,0.11,2026-08-10T14:18:44+00:00
2025-06-06T12:00:00+00:00,llo1,96,2025-06-02,43.00,4.100,4.895,3.930,,2,45027,0.11,2026-08-10T14:18:44+00:00
2025-06-07T12:00:00+00:00,llo1,120,2025-06-02,6.00,6.280,6.689,4.430,8.541,2,45027,0.11,2026-08-10T14:18:44+00:00
2025-06-07T12:00:00+00:00,llo1,120,2025-06-02,8.00,5.840,5.993,4.240,7.823,2,45027,0.11,2026-08-10T14:18:44+00:00
2025-06-07T12:00:00+00:00,llo1,120,2025-06-02,13.00,5.140,5.733,4.150,6.649,2,45027,0.11,2026-08-10T14:18:44+00:00
2025-06-07T12:00:00+00:00,llo1,120,2025-06-02,18.00,4.820,5.469,4.140,5.934,2,45027,0.11,2026-08-10T14:18:44+00:00
2025-06-07T12:00:00+00:00,llo1,120,2025-06-02,23.00,4.700,5.252,4.090,5.302,2,45027,0.11,2026-08-10T14:18:44+00:00
2025-06-07T12:00:00+00:00,llo1,120,2025-06-02,28.00,4.530,5.137,4.040,4.713,2,45027,0.11,2026-08-10T14:18:44+00:00
2025-06-07T12:00:00+00:00,llo1,120,2025-06-02,33.00,4.410,5.035,3.980,4.760,2,45027,0.11,2026-08-10T14:18:44+00:00
2025-06-07T12:00:00+00:00,llo1,120,2025-06-02,38.00,4.160,4.937,3.960,4.594,2,45027,0.11,2026-08-10T14:18:44+00:00
2025-06-07T12:00:00+00:00,llo1,120,2025-06-02,43.00,4.120,4.934,3.930,,2,45027,0.11,2026-08-10T14:18:44+00:00
2025-06-04T12:00:00+00:00,llo1,24,2025-06-03,6.00,4.470,7.154,4.180,7.832,2,45027,0.11,2026-08-10T14:18:44+00:00
2025-06-04T12:00:00+00:00,llo1,24,2025-06-03,8.00,4.410,6.945,4.190,7.349,2,45027,0.11,2026-08-10T14:18:44+00:00
2025-06-04T12:00:00+00:00,llo1,24,2025-06-03,13.00,4.190,6.293,4.190,6.449,2,45027,0.11,2026-08-10T14:18:44+00:00
2025-06-04T12:00:00+00:00,llo1,24,2025-06-03,18.00,4.130,5.772,4.190,5.857,2,45027,0.11,2026-08-10T14:18:44+00:00
2025-06-04T12:00:00+00:00,llo1,24,2025-06-03,23.00,4.090,5.490,4.180,5.320,2,45027,0.11,2026-08-10T14:18:44+00:00
2025-06-04T12:00:00+00:00,llo1,24,2025-06-03,28.00,4.060,5.236,4.170,4.752,2,45027,0.11,2026-08-10T14:18:44+00:00
2025-06-04T12:00:00+00:00,llo1,24,2025-06-03,33.00,4.040,5.012,4.140,4.833,2,45027,0.11,2026-08-10T14:18:44+00:00
2025-06-04T12:00:00+00:00,llo1,24,2025-06-03,38.00,3.990,4.962,4.120,4.653,2,45027,0.11,2026-08-10T14:18:44+00:00
2025-06-04T12:00:00+00:00,llo1,24,2025-06-03,43.00,3.930,4.961,4.040,,2,45027,0.11,2026-08-10T14:18:44+00:00
2025-06-05T12:00:00+00:00,llo1,48,2025-06-03,6.00,4.970,7.114,4.180,8.144,2,45027,0.11,2026-08-10T14:18:44+00:00
2025-06-05T12:00:00+00:00,llo1,48,2025-06-03,8.00,4.910,6.633,4.190,7.595,2,45027,0.11,2026-08-10T14:18:44+00:00
2025-06-05T12:00:00+00:00,llo1,48,2025-06-03,13.00,4.810,5.974,4.190,6.609,2,45027,0.11,2026-08-10T14:18:44+00:00
2025-06-05T12:00:00+00:00,llo1,48,2025-06-03,18.00,4.780,5.591,4.190,5.926,2,45027,0.11,2026-08-10T14:18:44+00:00
2025-06-05T12:00:00+00:00,llo1,48,2025-06-03,23.00,4.750,5.280,4.180,5.333,2,45027,0.11,2026-08-10T14:18:44+00:00
2025-06-05T12:00:00+00:00,llo1,48,2025-06-03,28.00,4.670,5.111,4.170,4.742,2,45027,0.11,2026-08-10T14:18:44+00:00
2025-06-05T12:00:00+00:00,llo1,48,2025-06-03,33.00,4.610,4.999,4.140,4.812,2,45027,0.11,2026-08-10T14:18:44+00:00
2025-06-05T12:00:00+00:00,llo1,48,2025-06-03,38.00,4.380,4.987,4.120,4.634,2,45027,0.11,2026-08-10T14:18:44+00:00
2025-06-05T12:00:00+00:00,llo1,48,2025-06-03,43.00,4.220,4.988,4.040,,2,45027,0.11,2026-08-10T14:18:44+00:00
2025-06-06T12:00:00+00:00,llo1,72,2025-06-03,6.00,5.000,6.782,4.180,8.386,2,45027,0.11,2026-08-10T14:18:44+00:00
2025-06-06T12:00:00+00:00,llo1,72,2025-06-03,8.00,4.820,6.450,4.190,7.686,2,45027,0.11,2026-08-10T14:18:44+00:00
2025-06-06T12:00:00+00:00,llo1,72,2025-06-03,13.00,4.520,5.940,4.190,6.566,2,45027,0.11,2026-08-10T14:18:44+00:00
2025-06-06T12:00:00+00:00,llo1,72,2025-06-03,18.00,4.430,5.537,4.190,5.879,2,45027,0.11,2026-08-10T14:18:44+00:00
2025-06-06T12:00:00+00:00,llo1,72,2025-06-03,23.00,4.370,5.244,4.180,5.286,2,45027,0.11,2026-08-10T14:18:44+00:00
2025-06-06T12:00:00+00:00,llo1,72,2025-06-03,28.00,4.340,5.041,4.170,4.713,2,45027,0.11,2026-08-10T14:18:44+00:00
2025-06-06T12:00:00+00:00,llo1,72,2025-06-03,33.00,4.270,4.966,4.140,4.771,2,45027,0.11,2026-08-10T14:18:44+00:00
2025-06-06T12:00:00+00:00,llo1,72,2025-06-03,38.00,4.200,4.965,4.120,4.603,2,45027,0.11,2026-08-10T14:18:44+00:00
2025-06-06T12:00:00+00:00,llo1,72,2025-06-03,43.00,4.100,4.964,4.040,,2,45027,0.11,2026-08-10T14:18:44+00:00
2025-06-07T12:00:00+00:00,llo1,96,2025-06-03,6.00,6.280,6.917,4.180,8.541,2,45027,0.11,2026-08-10T14:18:44+00:00
2025-06-07T12:00:00+00:00,llo1,96,2025-06-03,8.00,5.840,6.253,4.190,7.823,2,45027,0.11,2026-08-10T14:18:44+00:00
2025-06-07T12:00:00+00:00,llo1,96,2025-06-03,13.00,5.140,6.040,4.190,6.649,2,45027,0.11,2026-08-10T14:18:44+00:00
2025-06-07T12:00:00+00:00,llo1,96,2025-06-03,18.00,4.820,5.571,4.190,5.934,2,45027,0.11,2026-08-10T14:18:44+00:00
2025-06-07T12:00:00+00:00,llo1,96,2025-06-03,23.00,4.700,5.232,4.180,5.302,2,45027,0.11,2026-08-10T14:18:44+00:00
2025-06-07T12:00:00+00:00,llo1,96,2025-06-03,28.00,4.530,5.046,4.170,4.713,2,45027,0.11,2026-08-10T14:18:44+00:00
2025-06-07T12:00:00+00:00,llo1,96,2025-06-03,33.00,4.410,5.000,4.140,4.760,2,45027,0.11,2026-08-10T14:18:44+00:00
2025-06-07T12:00:00+00:00,llo1,96,2025-06-03,38.00,4.160,5.000,4.120,4.594,2,45027,0.11,2026-08-10T14:18:44+00:00
2025-06-07T12:00:00+00:00,llo1,96,2025-06-03,43.00,4.120,5.002,4.040,,2,45027,0.11,2026-08-10T14:18:44+00:00
2025-06-08T12:00:00+00:00,llo1,120,2025-06-03,6.00,11.260,6.706,4.180,8.644,2,45027,0.11,2026-08-10T14:18:44+00:00
2025-06-08T12:00:00+00:00,llo1,120,2025-06-03,8.00,10.780,6.065,4.190,7.826,2,45027,0.11,2026-08-10T14:18:44+00:00
2025-06-08T12:00:00+00:00,llo1,120,2025-06-03,13.00,7.100,5.709,4.190,6.609,2,45027,0.11,2026-08-10T14:18:44+00:00
2025-06-08T12:00:00+00:00,llo1,120,2025-06-03,18.00,5.380,5.416,4.190,5.899,2,45027,0.11,2026-08-10T14:18:44+00:00
2025-06-08T12:00:00+00:00,llo1,120,2025-06-03,23.00,5.100,5.184,4.180,5.265,2,45027,0.11,2026-08-10T14:18:44+00:00
2025-06-08T12:00:00+00:00,llo1,120,2025-06-03,28.00,4.950,5.037,4.170,4.653,2,45027,0.11,2026-08-10T14:18:44+00:00
2025-06-08T12:00:00+00:00,llo1,120,2025-06-03,33.00,4.830,5.001,4.140,4.692,2,45027,0.11,2026-08-10T14:18:44+00:00
2025-06-08T12:00:00+00:00,llo1,120,2025-06-03,38.00,4.630,4.994,4.120,4.530,2,45027,0.11,2026-08-10T14:18:44+00:00
2025-06-08T12:00:00+00:00,llo1,120,2025-06-03,43.00,4.400,4.994,4.040,,2,45027,0.11,2026-08-10T14:18:44+00:00
2025-06-05T12:00:00+00:00,llo1,24,2025-06-04,6.00,4.970,6.605,4.470,8.144,2,45027,0.11,2026-08-10T14:18:44+00:00
2025-06-05T12:00:00+00:00,llo1,24,2025-06-04,8.00,4.910,6.578,4.410,7.595,2,45027,0.11,2026-08-10T14:18:44+00:00
2025-06-05T12:00:00+00:00,llo1,24,2025-06-04,13.00,4.810,6.012,4.190,6.609,2,45027,0.11,2026-08-10T14:18:44+00:00
2025-06-05T12:00:00+00:00,llo1,24,2025-06-04,18.00,4.780,5.518,4.130,5.926,2,45027,0.11,2026-08-10T14:18:44+00:00
2025-06-05T12:00:00+00:00,llo1,24,2025-06-04,23.00,4.750,5.183,4.090,5.333,2,45027,0.11,2026-08-10T14:18:44+00:00
2025-06-05T12:00:00+00:00,llo1,24,2025-06-04,28.00,4.670,5.022,4.060,4.742,2,45027,0.11,2026-08-10T14:18:44+00:00
2025-06-05T12:00:00+00:00,llo1,24,2025-06-04,33.00,4.610,4.934,4.040,4.812,2,45027,0.11,2026-08-10T14:18:44+00:00
2025-06-05T12:00:00+00:00,llo1,24,2025-06-04,38.00,4.380,4.905,3.990,4.634,2,45027,0.11,2026-08-10T14:18:44+00:00
2025-06-05T12:00:00+00:00,llo1,24,2025-06-04,43.00,4.220,4.905,3.930,,2,45027,0.11,2026-08-10T14:18:44+00:00
2025-06-06T12:00:00+00:00,llo1,48,2025-06-04,6.00,5.000,6.536,4.470,8.386,2,45027,0.11,2026-08-10T14:18:44+00:00
2025-06-06T12:00:00+00:00,llo1,48,2025-06-04,8.00,4.820,6.216,4.410,7.686,2,45027,0.11,2026-08-10T14:18:44+00:00
2025-06-06T12:00:00+00:00,llo1,48,2025-06-04,13.00,4.520,5.791,4.190,6.566,2,45027,0.11,2026-08-10T14:18:44+00:00
2025-06-06T12:00:00+00:00,llo1,48,2025-06-04,18.00,4.430,5.413,4.130,5.879,2,45027,0.11,2026-08-10T14:18:44+00:00
2025-06-06T12:00:00+00:00,llo1,48,2025-06-04,23.00,4.370,5.110,4.090,5.286,2,45027,0.11,2026-08-10T14:18:44+00:00
2025-06-06T12:00:00+00:00,llo1,48,2025-06-04,28.00,4.340,4.971,4.060,4.713,2,45027,0.11,2026-08-10T14:18:44+00:00
2025-06-06T12:00:00+00:00,llo1,48,2025-06-04,33.00,4.270,4.907,4.040,4.771,2,45027,0.11,2026-08-10T14:18:44+00:00
2025-06-06T12:00:00+00:00,llo1,48,2025-06-04,38.00,4.200,4.875,3.990,4.603,2,45027,0.11,2026-08-10T14:18:44+00:00
2025-06-06T12:00:00+00:00,llo1,48,2025-06-04,43.00,4.100,4.856,3.930,,2,45027,0.11,2026-08-10T14:18:44+00:00
2025-06-07T12:00:00+00:00,llo1,72,2025-06-04,6.00,6.280,8.615,4.470,8.541,2,45027,0.11,2026-08-10T14:18:44+00:00
2025-06-07T12:00:00+00:00,llo1,72,2025-06-04,8.00,5.840,7.514,4.410,7.823,2,45027,0.11,2026-08-10T14:18:44+00:00
2025-06-07T12:00:00+00:00,llo1,72,2025-06-04,13.00,5.140,6.233,4.190,6.649,2,45027,0.11,2026-08-10T14:18:44+00:00
2025-06-07T12:00:00+00:00,llo1,72,2025-06-04,18.00,4.820,5.800,4.130,5.934,2,45027,0.11,2026-08-10T14:18:44+00:00
2025-06-07T12:00:00+00:00,llo1,72,2025-06-04,23.00,4.700,5.430,4.090,5.302,2,45027,0.11,2026-08-10T14:18:44+00:00
2025-06-07T12:00:00+00:00,llo1,72,2025-06-04,28.00,4.530,5.202,4.060,4.713,2,45027,0.11,2026-08-10T14:18:44+00:00
2025-06-07T12:00:00+00:00,llo1,72,2025-06-04,33.00,4.410,5.054,4.040,4.760,2,45027,0.11,2026-08-10T14:18:44+00:00
2025-06-07T12:00:00+00:00,llo1,72,2025-06-04,38.00,4.160,4.871,3.990,4.594,2,45027,0.11,2026-08-10T14:18:44+00:00
2025-06-07T12:00:00+00:00,llo1,72,2025-06-04,43.00,4.120,4.838,3.930,,2,45027,0.11,2026-08-10T14:18:44+00:00
2025-06-08T12:00:00+00:00,llo1,96,2025-06-04,6.00,11.260,6.622,4.470,8.644,2,45027,0.11,2026-08-10T14:18:44+00:00
2025-06-08T12:00:00+00:00,llo1,96,2025-06-04,8.00,10.780,5.821,4.410,7.826,2,45027,0.11,2026-08-10T14:18:44+00:00
2025-06-08T12:00:00+00:00,llo1,96,2025-06-04,13.00,7.100,5.829,4.190,6.609,2,45027,0.11,2026-08-10T14:18:44+00:00
2025-06-08T12:00:00+00:00,llo1,96,2025-06-04,18.00,5.380,5.745,4.130,5.899,2,45027,0.11,2026-08-10T14:18:44+00:00
2025-06-08T12:00:00+00:00,llo1,96,2025-06-04,23.00,5.100,5.341,4.090,5.265,2,45027,0.11,2026-08-10T14:18:44+00:00
2025-06-08T12:00:00+00:00,llo1,96,2025-06-04,28.00,4.950,5.131,4.060,4.653,2,45027,0.11,2026-08-10T14:18:44+00:00
2025-06-08T12:00:00+00:00,llo1,96,2025-06-04,33.00,4.830,4.929,4.040,4.692,2,45027,0.11,2026-08-10T14:18:44+00:00
2025-06-08T12:00:00+00:00,llo1,96,2025-06-04,38.00,4.630,4.806,3.990,4.530,2,45027,0.11,2026-08-10T14:18:44+00:00
2025-06-08T12:00:00+00:00,llo1,96,2025-06-04,43.00,4.400,4.805,3.930,,2,45027,0.11,2026-08-10T14:18:44+00:00
2025-06-09T12:00:00+00:00,llo1,120,2025-06-04,6.00,6.490,5.955,4.470,8.882,2,45027,0.11,2026-08-10T14:18:44+00:00
2025-06-09T12:00:00+00:00,llo1,120,2025-06-04,8.00,6.150,5.957,4.410,8.071,2,45027,0.11,2026-08-10T14:18:44+00:00
2025-06-09T12:00:00+00:00,llo1,120,2025-06-04,13.00,5.790,5.958,4.190,6.804,2,45027,0.11,2026-08-10T14:18:44+00:00
2025-06-09T12:00:00+00:00,llo1,120,2025-06-04,18.00,4.830,5.850,4.130,5.989,2,45027,0.11,2026-08-10T14:18:44+00:00
2025-06-09T12:00:00+00:00,llo1,120,2025-06-04,23.00,4.660,5.369,4.090,5.361,2,45027,0.11,2026-08-10T14:18:44+00:00
2025-06-09T12:00:00+00:00,llo1,120,2025-06-04,28.00,4.520,5.041,4.060,4.680,2,45027,0.11,2026-08-10T14:18:44+00:00
2025-06-09T12:00:00+00:00,llo1,120,2025-06-04,33.00,4.430,4.882,4.040,4.680,2,45027,0.11,2026-08-10T14:18:44+00:00
2025-06-09T12:00:00+00:00,llo1,120,2025-06-04,38.00,4.310,4.742,3.990,4.503,2,45027,0.11,2026-08-10T14:18:44+00:00
2025-06-09T12:00:00+00:00,llo1,120,2025-06-04,43.00,4.210,4.687,3.930,,2,45027,0.11,2026-08-10T14:18:44+00:00
2025-06-06T12:00:00+00:00,llo1,24,2025-06-05,6.00,5.000,6.539,4.970,8.386,2,45027,0.11,2026-08-10T14:18:44+00:00
2025-06-06T12:00:00+00:00,llo1,24,2025-06-05,8.00,4.820,6.330,4.910,7.686,2,45027,0.11,2026-08-10T14:18:44+00:00
2025-06-06T12:00:00+00:00,llo1,24,2025-06-05,13.00,4.520,5.902,4.810,6.566,2,45027,0.11,2026-08-10T14:18:44+00:00
2025-06-06T12:00:00+00:00,llo1,24,2025-06-05,18.00,4.430,5.588,4.780,5.879,2,45027,0.11,2026-08-10T14:18:44+00:00
2025-06-06T12:00:00+00:00,llo1,24,2025-06-05,23.00,4.370,5.203,4.750,5.286,2,45027,0.11,2026-08-10T14:18:44+00:00
2025-06-06T12:00:00+00:00,llo1,24,2025-06-05,28.00,4.340,5.020,4.670,4.713,2,45027,0.11,2026-08-10T14:18:44+00:00
2025-06-06T12:00:00+00:00,llo1,24,2025-06-05,33.00,4.270,4.904,4.610,4.771,2,45027,0.11,2026-08-10T14:18:44+00:00
2025-06-06T12:00:00+00:00,llo1,24,2025-06-05,38.00,4.200,4.861,4.380,4.603,2,45027,0.11,2026-08-10T14:18:44+00:00
2025-06-06T12:00:00+00:00,llo1,24,2025-06-05,43.00,4.100,4.836,4.220,,2,45027,0.11,2026-08-10T14:18:44+00:00
2025-06-07T12:00:00+00:00,llo1,48,2025-06-05,6.00,6.280,8.299,4.970,8.541,2,45027,0.11,2026-08-10T14:18:44+00:00
2025-06-07T12:00:00+00:00,llo1,48,2025-06-05,8.00,5.840,7.318,4.910,7.823,2,45027,0.11,2026-08-10T14:18:44+00:00
2025-06-07T12:00:00+00:00,llo1,48,2025-06-05,13.00,5.140,6.204,4.810,6.649,2,45027,0.11,2026-08-10T14:18:44+00:00
2025-06-07T12:00:00+00:00,llo1,48,2025-06-05,18.00,4.820,5.805,4.780,5.934,2,45027,0.11,2026-08-10T14:18:44+00:00
2025-06-07T12:00:00+00:00,llo1,48,2025-06-05,23.00,4.700,5.415,4.750,5.302,2,45027,0.11,2026-08-10T14:18:44+00:00
2025-06-07T12:00:00+00:00,llo1,48,2025-06-05,28.00,4.530,5.199,4.670,4.713,2,45027,0.11,2026-08-10T14:18:44+00:00
2025-06-07T12:00:00+00:00,llo1,48,2025-06-05,33.00,4.410,5.031,4.610,4.760,2,45027,0.11,2026-08-10T14:18:44+00:00
2025-06-07T12:00:00+00:00,llo1,48,2025-06-05,38.00,4.160,4.880,4.380,4.594,2,45027,0.11,2026-08-10T14:18:44+00:00
2025-06-07T12:00:00+00:00,llo1,48,2025-06-05,43.00,4.120,4.865,4.220,,2,45027,0.11,2026-08-10T14:18:44+00:00
2025-06-08T12:00:00+00:00,llo1,72,2025-06-05,6.00,11.260,7.615,4.970,8.644,2,45027,0.11,2026-08-10T14:18:44+00:00
2025-06-08T12:00:00+00:00,llo1,72,2025-06-05,8.00,10.780,6.614,4.910,7.826,2,45027,0.11,2026-08-10T14:18:44+00:00
2025-06-08T12:00:00+00:00,llo1,72,2025-06-05,13.00,7.100,6.065,4.810,6.609,2,45027,0.11,2026-08-10T14:18:44+00:00
2025-06-08T12:00:00+00:00,llo1,72,2025-06-05,18.00,5.380,5.856,4.780,5.899,2,45027,0.11,2026-08-10T14:18:44+00:00
2025-06-08T12:00:00+00:00,llo1,72,2025-06-05,23.00,5.100,5.460,4.750,5.265,2,45027,0.11,2026-08-10T14:18:44+00:00
2025-06-08T12:00:00+00:00,llo1,72,2025-06-05,28.00,4.950,5.216,4.670,4.653,2,45027,0.11,2026-08-10T14:18:44+00:00
2025-06-08T12:00:00+00:00,llo1,72,2025-06-05,33.00,4.830,5.030,4.610,4.692,2,45027,0.11,2026-08-10T14:18:44+00:00
2025-06-08T12:00:00+00:00,llo1,72,2025-06-05,38.00,4.630,4.898,4.380,4.530,2,45027,0.11,2026-08-10T14:18:44+00:00
2025-06-08T12:00:00+00:00,llo1,72,2025-06-05,43.00,4.400,4.897,4.220,,2,45027,0.11,2026-08-10T14:18:44+00:00
2025-06-09T12:00:00+00:00,llo1,96,2025-06-05,6.00,6.490,6.420,4.970,8.882,2,45027,0.11,2026-08-10T14:18:44+00:00
2025-06-09T12:00:00+00:00,llo1,96,2025-06-05,8.00,6.150,6.417,4.910,8.071,2,45027,0.11,2026-08-10T14:18:44+00:00
2025-06-09T12:00:00+00:00,llo1,96,2025-06-05,13.00,5.790,6.227,4.810,6.804,2,45027,0.11,2026-08-10T14:18:44+00:00
2025-06-09T12:00:00+00:00,llo1,96,2025-06-05,18.00,4.830,5.594,4.780,5.989,2,45027,0.11,2026-08-10T14:18:44+00:00
2025-06-09T12:00:00+00:00,llo1,96,2025-06-05,23.00,4.660,5.183,4.750,5.361,2,45027,0.11,2026-08-10T14:18:44+00:00
2025-06-09T12:00:00+00:00,llo1,96,2025-06-05,28.00,4.520,5.018,4.670,4.680,2,45027,0.11,2026-08-10T14:18:44+00:00
2025-06-09T12:00:00+00:00,llo1,96,2025-06-05,33.00,4.430,4.905,4.610,4.680,2,45027,0.11,2026-08-10T14:18:44+00:00
2025-06-09T12:00:00+00:00,llo1,96,2025-06-05,38.00,4.310,4.812,4.380,4.503,2,45027,0.11,2026-08-10T14:18:44+00:00
2025-06-09T12:00:00+00:00,llo1,96,2025-06-05,43.00,4.210,4.753,4.220,,2,45027,0.11,2026-08-10T14:18:44+00:00
2025-06-10T12:00:00+00:00,llo1,120,2025-06-05,6.00,5.370,6.725,4.970,9.134,2,45027,0.11,2026-08-10T14:18:44+00:00
2025-06-10T12:00:00+00:00,llo1,120,2025-06-05,8.00,5.290,6.504,4.910,8.270,2,45027,0.11,2026-08-10T14:18:44+00:00
2025-06-10T12:00:00+00:00,llo1,120,2025-06-05,13.00,5.240,6.009,4.810,6.928,2,45027,0.11,2026-08-10T14:18:44+00:00
2025-06-10T12:00:00+00:00,llo1,120,2025-06-05,18.00,5.160,5.619,4.780,6.166,2,45027,0.11,2026-08-10T14:18:44+00:00
2025-06-10T12:00:00+00:00,llo1,120,2025-06-05,23.00,4.890,5.341,4.750,5.606,2,45027,0.11,2026-08-10T14:18:44+00:00
2025-06-10T12:00:00+00:00,llo1,120,2025-06-05,28.00,4.660,5.154,4.670,4.986,2,45027,0.11,2026-08-10T14:18:44+00:00
2025-06-10T12:00:00+00:00,llo1,120,2025-06-05,33.00,4.440,4.933,4.610,4.816,2,45027,0.11,2026-08-10T14:18:44+00:00
2025-06-10T12:00:00+00:00,llo1,120,2025-06-05,38.00,4.250,4.776,4.380,4.570,2,45027,0.11,2026-08-10T14:18:44+00:00
2025-06-10T12:00:00+00:00,llo1,120,2025-06-05,43.00,4.090,4.731,4.220,,2,45027,0.11,2026-08-10T14:18:44+00:00
2025-06-07T12:00:00+00:00,llo1,24,2025-06-06,6.00,6.280,8.095,5.000,8.541,2,45027,0.11,2026-08-10T14:18:44+00:00
2025-06-07T12:00:00+00:00,llo1,24,2025-06-06,8.00,5.840,7.350,4.820,7.823,2,45027,0.11,2026-08-10T14:18:44+00:00
2025-06-07T12:00:00+00:00,llo1,24,2025-06-06,13.00,5.140,6.395,4.520,6.649,2,45027,0.11,2026-08-10T14:18:44+00:00
2025-06-07T12:00:00+00:00,llo1,24,2025-06-06,18.00,4.820,5.891,4.430,5.934,2,45027,0.11,2026-08-10T14:18:44+00:00
2025-06-07T12:00:00+00:00,llo1,24,2025-06-06,23.00,4.700,5.485,4.370,5.302,2,45027,0.11,2026-08-10T14:18:44+00:00
2025-06-07T12:00:00+00:00,llo1,24,2025-06-06,28.00,4.530,5.249,4.340,4.713,2,45027,0.11,2026-08-10T14:18:44+00:00
2025-06-07T12:00:00+00:00,llo1,24,2025-06-06,33.00,4.410,5.023,4.270,4.760,2,45027,0.11,2026-08-10T14:18:44+00:00
2025-06-07T12:00:00+00:00,llo1,24,2025-06-06,38.00,4.160,4.779,4.200,4.594,2,45027,0.11,2026-08-10T14:18:44+00:00
2025-06-07T12:00:00+00:00,llo1,24,2025-06-06,43.00,4.120,4.748,4.100,,2,45027,0.11,2026-08-10T14:18:44+00:00
2025-06-08T12:00:00+00:00,llo1,48,2025-06-06,6.00,11.260,6.846,5.000,8.644,2,45027,0.11,2026-08-10T14:18:44+00:00
2025-06-08T12:00:00+00:00,llo1,48,2025-06-06,8.00,10.780,6.154,4.820,7.826,2,45027,0.11,2026-08-10T14:18:44+00:00
2025-06-08T12:00:00+00:00,llo1,48,2025-06-06,13.00,7.100,6.056,4.520,6.609,2,45027,0.11,2026-08-10T14:18:44+00:00
2025-06-08T12:00:00+00:00,llo1,48,2025-06-06,18.00,5.380,5.622,4.430,5.899,2,45027,0.11,2026-08-10T14:18:44+00:00
2025-06-08T12:00:00+00:00,llo1,48,2025-06-06,23.00,5.100,5.278,4.370,5.265,2,45027,0.11,2026-08-10T14:18:44+00:00
2025-06-08T12:00:00+00:00,llo1,48,2025-06-06,28.00,4.950,5.019,4.340,4.653,2,45027,0.11,2026-08-10T14:18:44+00:00
2025-06-08T12:00:00+00:00,llo1,48,2025-06-06,33.00,4.830,4.757,4.270,4.692,2,45027,0.11,2026-08-10T14:18:44+00:00
2025-06-08T12:00:00+00:00,llo1,48,2025-06-06,38.00,4.630,4.689,4.200,4.530,2,45027,0.11,2026-08-10T14:18:44+00:00
2025-06-08T12:00:00+00:00,llo1,48,2025-06-06,43.00,4.400,4.690,4.100,,2,45027,0.11,2026-08-10T14:18:44+00:00
2025-06-09T12:00:00+00:00,llo1,72,2025-06-06,6.00,6.490,6.387,5.000,8.882,2,45027,0.11,2026-08-10T14:18:44+00:00
2025-06-09T12:00:00+00:00,llo1,72,2025-06-06,8.00,6.150,6.384,4.820,8.071,2,45027,0.11,2026-08-10T14:18:44+00:00
2025-06-09T12:00:00+00:00,llo1,72,2025-06-06,13.00,5.790,6.197,4.520,6.804,2,45027,0.11,2026-08-10T14:18:44+00:00
2025-06-09T12:00:00+00:00,llo1,72,2025-06-06,18.00,4.830,5.747,4.430,5.989,2,45027,0.11,2026-08-10T14:18:44+00:00
2025-06-09T12:00:00+00:00,llo1,72,2025-06-06,23.00,4.660,5.325,4.370,5.361,2,45027,0.11,2026-08-10T14:18:44+00:00
2025-06-09T12:00:00+00:00,llo1,72,2025-06-06,28.00,4.520,5.034,4.340,4.680,2,45027,0.11,2026-08-10T14:18:44+00:00
2025-06-09T12:00:00+00:00,llo1,72,2025-06-06,33.00,4.430,4.865,4.270,4.680,2,45027,0.11,2026-08-10T14:18:44+00:00
2025-06-09T12:00:00+00:00,llo1,72,2025-06-06,38.00,4.310,4.709,4.200,4.503,2,45027,0.11,2026-08-10T14:18:44+00:00
2025-06-09T12:00:00+00:00,llo1,72,2025-06-06,43.00,4.210,4.662,4.100,,2,45027,0.11,2026-08-10T14:18:44+00:00
2025-06-10T12:00:00+00:00,llo1,96,2025-06-06,6.00,5.370,6.538,5.000,9.134,2,45027,0.11,2026-08-10T14:18:44+00:00
2025-06-10T12:00:00+00:00,llo1,96,2025-06-06,8.00,5.290,6.264,4.820,8.270,2,45027,0.11,2026-08-10T14:18:44+00:00
2025-06-10T12:00:00+00:00,llo1,96,2025-06-06,13.00,5.240,5.882,4.520,6.928,2,45027,0.11,2026-08-10T14:18:44+00:00
2025-06-10T12:00:00+00:00,llo1,96,2025-06-06,18.00,5.160,5.419,4.430,6.166,2,45027,0.11,2026-08-10T14:18:44+00:00
2025-06-10T12:00:00+00:00,llo1,96,2025-06-06,23.00,4.890,5.237,4.370,5.606,2,45027,0.11,2026-08-10T14:18:44+00:00
2025-06-10T12:00:00+00:00,llo1,96,2025-06-06,28.00,4.660,5.028,4.340,4.986,2,45027,0.11,2026-08-10T14:18:44+00:00
2025-06-10T12:00:00+00:00,llo1,96,2025-06-06,33.00,4.440,4.852,4.270,4.816,2,45027,0.11,2026-08-10T14:18:44+00:00
2025-06-10T12:00:00+00:00,llo1,96,2025-06-06,38.00,4.250,4.763,4.200,4.570,2,45027,0.11,2026-08-10T14:18:44+00:00
2025-06-10T12:00:00+00:00,llo1,96,2025-06-06,43.00,4.090,4.720,4.100,,2,45027,0.11,2026-08-10T14:18:44+00:00
2025-06-11T12:00:00+00:00,llo1,120,2025-06-06,6.00,5.910,6.787,5.000,9.318,2,45027,0.11,2026-08-10T14:18:44+00:00
2025-06-11T12:00:00+00:00,llo1,120,2025-06-06,8.00,5.820,6.396,4.820,8.601,2,45027,0.11,2026-08-10T14:18:44+00:00
2025-06-11T12:00:00+00:00,llo1,120,2025-06-06,13.00,5.290,5.692,4.520,7.057,2,45027,0.11,2026-08-10T14:18:44+00:00
2025-06-11T12:00:00+00:00,llo1,120,2025-06-06,18.00,5.100,5.393,4.430,6.258,2,45027,0.11,2026-08-10T14:18:44+00:00
2025-06-11T12:00:00+00:00,llo1,120,2025-06-06,23.00,4.960,5.139,4.370,5.666,2,45027,0.11,2026-08-10T14:18:44+00:00
2025-06-11T12:00:00+00:00,llo1,120,2025-06-06,28.00,4.850,4.934,4.340,5.049,2,45027,0.11,2026-08-10T14:18:44+00:00
2025-06-11T12:00:00+00:00,llo1,120,2025-06-06,33.00,4.730,4.776,4.270,4.865,2,45027,0.11,2026-08-10T14:18:44+00:00
2025-06-11T12:00:00+00:00,llo1,120,2025-06-06,38.00,4.440,4.698,4.200,4.603,2,45027,0.11,2026-08-10T14:18:44+00:00
2025-06-11T12:00:00+00:00,llo1,120,2025-06-06,43.00,4.190,4.657,4.100,,2,45027,0.11,2026-08-10T14:18:44+00:00
2025-06-08T12:00:00+00:00,llo1,24,2025-06-07,6.00,11.260,9.493,6.280,8.644,2,45027,0.11,2026-08-10T14:18:44+00:00
2025-06-08T12:00:00+00:00,llo1,24,2025-06-07,8.00,10.780,7.756,5.840,7.826,2,45027,0.11,2026-08-10T14:18:44+00:00
2025-06-08T12:00:00+00:00,llo1,24,2025-06-07,13.00,7.100,6.560,5.140,6.609,2,45027,0.11,2026-08-10T14:18:44+00:00
2025-06-08T12:00:00+00:00,llo1,24,2025-06-07,18.00,5.380,5.939,4.820,5.899,2,45027,0.11,2026-08-10T14:18:44+00:00
2025-06-08T12:00:00+00:00,llo1,24,2025-06-07,23.00,5.100,5.461,4.700,5.265,2,45027,0.11,2026-08-10T14:18:44+00:00
2025-06-08T12:00:00+00:00,llo1,24,2025-06-07,28.00,4.950,5.135,4.530,4.653,2,45027,0.11,2026-08-10T14:18:44+00:00
2025-06-08T12:00:00+00:00,llo1,24,2025-06-07,33.00,4.830,4.864,4.410,4.692,2,45027,0.11,2026-08-10T14:18:44+00:00
2025-06-08T12:00:00+00:00,llo1,24,2025-06-07,38.00,4.630,4.815,4.160,4.530,2,45027,0.11,2026-08-10T14:18:44+00:00
2025-06-08T12:00:00+00:00,llo1,24,2025-06-07,43.00,4.400,4.816,4.120,,2,45027,0.11,2026-08-10T14:18:44+00:00
2025-06-09T12:00:00+00:00,llo1,48,2025-06-07,6.00,6.490,6.526,6.280,8.882,2,45027,0.11,2026-08-10T14:18:44+00:00
2025-06-09T12:00:00+00:00,llo1,48,2025-06-07,8.00,6.150,6.205,5.840,8.071,2,45027,0.11,2026-08-10T14:18:44+00:00
2025-06-09T12:00:00+00:00,llo1,48,2025-06-07,13.00,5.790,5.993,5.140,6.804,2,45027,0.11,2026-08-10T14:18:44+00:00
2025-06-09T12:00:00+00:00,llo1,48,2025-06-07,18.00,4.830,5.632,4.820,5.989,2,45027,0.11,2026-08-10T14:18:44+00:00
2025-06-09T12:00:00+00:00,llo1,48,2025-06-07,23.00,4.660,5.270,4.700,5.361,2,45027,0.11,2026-08-10T14:18:44+00:00
2025-06-09T12:00:00+00:00,llo1,48,2025-06-07,28.00,4.520,5.042,4.530,4.680,2,45027,0.11,2026-08-10T14:18:44+00:00
2025-06-09T12:00:00+00:00,llo1,48,2025-06-07,33.00,4.430,4.883,4.410,4.680,2,45027,0.11,2026-08-10T14:18:44+00:00
2025-06-09T12:00:00+00:00,llo1,48,2025-06-07,38.00,4.310,4.739,4.160,4.503,2,45027,0.11,2026-08-10T14:18:44+00:00
2025-06-09T12:00:00+00:00,llo1,48,2025-06-07,43.00,4.210,4.674,4.120,,2,45027,0.11,2026-08-10T14:18:44+00:00
2025-06-10T12:00:00+00:00,llo1,72,2025-06-07,6.00,5.370,6.788,6.280,9.134,2,45027,0.11,2026-08-10T14:18:44+00:00
2025-06-10T12:00:00+00:00,llo1,72,2025-06-07,8.00,5.290,6.242,5.840,8.270,2,45027,0.11,2026-08-10T14:18:44+00:00
2025-06-10T12:00:00+00:00,llo1,72,2025-06-07,13.00,5.240,5.835,5.140,6.928,2,45027,0.11,2026-08-10T14:18:44+00:00
2025-06-10T12:00:00+00:00,llo1,72,2025-06-07,18.00,5.160,5.628,4.820,6.166,2,45027,0.11,2026-08-10T14:18:44+00:00
2025-06-10T12:00:00+00:00,llo1,72,2025-06-07,23.00,4.890,5.296,4.700,5.606,2,45027,0.11,2026-08-10T14:18:44+00:00
2025-06-10T12:00:00+00:00,llo1,72,2025-06-07,28.00,4.660,5.064,4.530,4.986,2,45027,0.11,2026-08-10T14:18:44+00:00
2025-06-10T12:00:00+00:00,llo1,72,2025-06-07,33.00,4.440,4.897,4.410,4.816,2,45027,0.11,2026-08-10T14:18:44+00:00
2025-06-10T12:00:00+00:00,llo1,72,2025-06-07,38.00,4.250,4.775,4.160,4.570,2,45027,0.11,2026-08-10T14:18:44+00:00
2025-06-10T12:00:00+00:00,llo1,72,2025-06-07,43.00,4.090,4.723,4.120,,2,45027,0.11,2026-08-10T14:18:44+00:00
2025-06-11T12:00:00+00:00,llo1,96,2025-06-07,6.00,5.910,6.889,6.280,9.318,2,45027,0.11,2026-08-10T14:18:44+00:00
2025-06-11T12:00:00+00:00,llo1,96,2025-06-07,8.00,5.820,6.481,5.840,8.601,2,45027,0.11,2026-08-10T14:18:44+00:00
2025-06-11T12:00:00+00:00,llo1,96,2025-06-07,13.00,5.290,5.869,5.140,7.057,2,45027,0.11,2026-08-10T14:18:44+00:00
2025-06-11T12:00:00+00:00,llo1,96,2025-06-07,18.00,5.100,5.471,4.820,6.258,2,45027,0.11,2026-08-10T14:18:44+00:00
2025-06-11T12:00:00+00:00,llo1,96,2025-06-07,23.00,4.960,5.100,4.700,5.666,2,45027,0.11,2026-08-10T14:18:44+00:00
2025-06-11T12:00:00+00:00,llo1,96,2025-06-07,28.00,4.850,4.894,4.530,5.049,2,45027,0.11,2026-08-10T14:18:44+00:00
2025-06-11T12:00:00+00:00,llo1,96,2025-06-07,33.00,4.730,4.779,4.410,4.865,2,45027,0.11,2026-08-10T14:18:44+00:00
2025-06-11T12:00:00+00:00,llo1,96,2025-06-07,38.00,4.440,4.734,4.160,4.603,2,45027,0.11,2026-08-10T14:18:44+00:00
2025-06-11T12:00:00+00:00,llo1,96,2025-06-07,43.00,4.190,4.681,4.120,,2,45027,0.11,2026-08-10T14:18:44+00:00
2025-06-12T12:00:00+00:00,llo1,120,2025-06-07,6.00,6.030,6.746,6.280,9.286,2,45027,0.11,2026-08-10T14:18:44+00:00
2025-06-12T12:00:00+00:00,llo1,120,2025-06-07,8.00,5.630,6.640,5.840,8.572,2,45027,0.11,2026-08-10T14:18:44+00:00
2025-06-12T12:00:00+00:00,llo1,120,2025-06-07,13.00,5.260,6.112,5.140,7.148,2,45027,0.11,2026-08-10T14:18:44+00:00
2025-06-12T12:00:00+00:00,llo1,120,2025-06-07,18.00,5.110,5.534,4.820,6.514,2,45027,0.11,2026-08-10T14:18:44+00:00
2025-06-12T12:00:00+00:00,llo1,120,2025-06-07,23.00,4.840,5.141,4.700,5.827,2,45027,0.11,2026-08-10T14:18:44+00:00
2025-06-12T12:00:00+00:00,llo1,120,2025-06-07,28.00,4.550,4.918,4.530,5.158,2,45027,0.11,2026-08-10T14:18:44+00:00
2025-06-12T12:00:00+00:00,llo1,120,2025-06-07,33.00,4.410,4.749,4.410,4.945,2,45027,0.11,2026-08-10T14:18:44+00:00
2025-06-12T12:00:00+00:00,llo1,120,2025-06-07,38.00,4.370,4.706,4.160,4.692,2,45027,0.11,2026-08-10T14:18:44+00:00
2025-06-12T12:00:00+00:00,llo1,120,2025-06-07,43.00,4.250,4.674,4.120,,2,45027,0.11,2026-08-10T14:18:44+00:00
2025-06-09T12:00:00+00:00,llo1,24,2025-06-08,6.00,6.490,6.235,11.260,8.882,2,45027,0.11,2026-08-10T14:18:44+00:00
2025-06-09T12:00:00+00:00,llo1,24,2025-06-08,8.00,6.150,6.236,10.780,8.071,2,45027,0.11,2026-08-10T14:18:44+00:00
2025-06-09T12:00:00+00:00,llo1,24,2025-06-08,13.00,5.790,6.001,7.100,6.804,2,45027,0.11,2026-08-10T14:18:44+00:00
2025-06-09T12:00:00+00:00,llo1,24,2025-06-08,18.00,4.830,5.645,5.380,5.989,2,45027,0.11,2026-08-10T14:18:44+00:00
2025-06-09T12:00:00+00:00,llo1,24,2025-06-08,23.00,4.660,5.233,5.100,5.361,2,45027,0.11,2026-08-10T14:18:44+00:00
2025-06-09T12:00:00+00:00,llo1,24,2025-06-08,28.00,4.520,4.997,4.950,4.680,2,45027,0.11,2026-08-10T14:18:44+00:00
2025-06-09T12:00:00+00:00,llo1,24,2025-06-08,33.00,4.430,4.872,4.830,4.680,2,45027,0.11,2026-08-10T14:18:44+00:00
2025-06-09T12:00:00+00:00,llo1,24,2025-06-08,38.00,4.310,4.733,4.630,4.503,2,45027,0.11,2026-08-10T14:18:44+00:00
2025-06-09T12:00:00+00:00,llo1,24,2025-06-08,43.00,4.210,4.676,4.400,,2,45027,0.11,2026-08-10T14:18:44+00:00
2025-06-10T12:00:00+00:00,llo1,48,2025-06-08,6.00,5.370,6.542,11.260,9.134,2,45027,0.11,2026-08-10T14:18:44+00:00
2025-06-10T12:00:00+00:00,llo1,48,2025-06-08,8.00,5.290,6.279,10.780,8.270,2,45027,0.11,2026-08-10T14:18:44+00:00
2025-06-10T12:00:00+00:00,llo1,48,2025-06-08,13.00,5.240,5.767,7.100,6.928,2,45027,0.11,2026-08-10T14:18:44+00:00
2025-06-10T12:00:00+00:00,llo1,48,2025-06-08,18.00,5.160,5.373,5.380,6.166,2,45027,0.11,2026-08-10T14:18:44+00:00
2025-06-10T12:00:00+00:00,llo1,48,2025-06-08,23.00,4.890,5.225,5.100,5.606,2,45027,0.11,2026-08-10T14:18:44+00:00
2025-06-10T12:00:00+00:00,llo1,48,2025-06-08,28.00,4.660,5.049,4.950,4.986,2,45027,0.11,2026-08-10T14:18:44+00:00
2025-06-10T12:00:00+00:00,llo1,48,2025-06-08,33.00,4.440,4.861,4.830,4.816,2,45027,0.11,2026-08-10T14:18:44+00:00
2025-06-10T12:00:00+00:00,llo1,48,2025-06-08,38.00,4.250,4.757,4.630,4.570,2,45027,0.11,2026-08-10T14:18:44+00:00
2025-06-10T12:00:00+00:00,llo1,48,2025-06-08,43.00,4.090,4.706,4.400,,2,45027,0.11,2026-08-10T14:18:44+00:00
2025-06-11T12:00:00+00:00,llo1,72,2025-06-08,6.00,5.910,6.679,11.260,9.318,2,45027,0.11,2026-08-10T14:18:44+00:00
2025-06-11T12:00:00+00:00,llo1,72,2025-06-08,8.00,5.820,6.521,10.780,8.601,2,45027,0.11,2026-08-10T14:18:44+00:00
2025-06-11T12:00:00+00:00,llo1,72,2025-06-08,13.00,5.290,5.795,7.100,7.057,2,45027,0.11,2026-08-10T14:18:44+00:00
2025-06-11T12:00:00+00:00,llo1,72,2025-06-08,18.00,5.100,5.350,5.380,6.258,2,45027,0.11,2026-08-10T14:18:44+00:00
2025-06-11T12:00:00+00:00,llo1,72,2025-06-08,23.00,4.960,5.101,5.100,5.666,2,45027,0.11,2026-08-10T14:18:44+00:00
2025-06-11T12:00:00+00:00,llo1,72,2025-06-08,28.00,4.850,4.909,4.950,5.049,2,45027,0.11,2026-08-10T14:18:44+00:00
2025-06-11T12:00:00+00:00,llo1,72,2025-06-08,33.00,4.730,4.746,4.830,4.865,2,45027,0.11,2026-08-10T14:18:44+00:00
2025-06-11T12:00:00+00:00,llo1,72,2025-06-08,38.00,4.440,4.667,4.630,4.603,2,45027,0.11,2026-08-10T14:18:44+00:00
2025-06-11T12:00:00+00:00,llo1,72,2025-06-08,43.00,4.190,4.614,4.400,,2,45027,0.11,2026-08-10T14:18:44+00:00
2025-06-12T12:00:00+00:00,llo1,96,2025-06-08,6.00,6.030,6.254,11.260,9.286,2,45027,0.11,2026-08-10T14:18:44+00:00
2025-06-12T12:00:00+00:00,llo1,96,2025-06-08,8.00,5.630,6.004,10.780,8.572,2,45027,0.11,2026-08-10T14:18:44+00:00
2025-06-12T12:00:00+00:00,llo1,96,2025-06-08,13.00,5.260,5.707,7.100,7.148,2,45027,0.11,2026-08-10T14:18:44+00:00
2025-06-12T12:00:00+00:00,llo1,96,2025-06-08,18.00,5.110,5.464,5.380,6.514,2,45027,0.11,2026-08-10T14:18:44+00:00
2025-06-12T12:00:00+00:00,llo1,96,2025-06-08,23.00,4.840,5.242,5.100,5.827,2,45027,0.11,2026-08-10T14:18:44+00:00
2025-06-12T12:00:00+00:00,llo1,96,2025-06-08,28.00,4.550,4.985,4.950,5.158,2,45027,0.11,2026-08-10T14:18:44+00:00
2025-06-12T12:00:00+00:00,llo1,96,2025-06-08,33.00,4.410,4.751,4.830,4.945,2,45027,0.11,2026-08-10T14:18:44+00:00
2025-06-12T12:00:00+00:00,llo1,96,2025-06-08,38.00,4.370,4.664,4.630,4.692,2,45027,0.11,2026-08-10T14:18:44+00:00
2025-06-12T12:00:00+00:00,llo1,96,2025-06-08,43.00,4.250,4.627,4.400,,2,45027,0.11,2026-08-10T14:18:44+00:00
2025-06-13T12:00:00+00:00,llo1,120,2025-06-08,6.00,7.580,9.096,11.260,9.175,2,45027,0.11,2026-08-10T14:18:44+00:00
2025-06-13T12:00:00+00:00,llo1,120,2025-06-08,8.00,7.530,8.238,10.780,8.428,2,45027,0.11,2026-08-10T14:18:44+00:00
2025-06-13T12:00:00+00:00,llo1,120,2025-06-08,13.00,6.430,6.862,7.100,6.945,2,45027,0.11,2026-08-10T14:18:44+00:00
2025-06-13T12:00:00+00:00,llo1,120,2025-06-08,18.00,6.130,6.243,5.380,6.262,2,45027,0.11,2026-08-10T14:18:44+00:00
2025-06-13T12:00:00+00:00,llo1,120,2025-06-08,23.00,6.110,5.744,5.100,5.762,2,45027,0.11,2026-08-10T14:18:44+00:00
2025-06-13T12:00:00+00:00,llo1,120,2025-06-08,28.00,6.050,5.278,4.950,5.124,2,45027,0.11,2026-08-10T14:18:44+00:00
2025-06-13T12:00:00+00:00,llo1,120,2025-06-08,33.00,5.940,4.968,4.830,4.903,2,45027,0.11,2026-08-10T14:18:44+00:00
2025-06-13T12:00:00+00:00,llo1,120,2025-06-08,38.00,5.490,4.777,4.630,4.652,2,45027,0.11,2026-08-10T14:18:44+00:00
2025-06-13T12:00:00+00:00,llo1,120,2025-06-08,43.00,5.280,4.761,4.400,,2,45027,0.11,2026-08-10T14:18:44+00:00
2025-06-10T12:00:00+00:00,llo1,24,2025-06-09,6.00,5.370,6.379,6.490,9.134,2,45027,0.11,2026-08-10T14:18:44+00:00
2025-06-10T12:00:00+00:00,llo1,24,2025-06-09,8.00,5.290,6.332,6.150,8.270,2,45027,0.11,2026-08-10T14:18:44+00:00
2025-06-10T12:00:00+00:00,llo1,24,2025-06-09,13.00,5.240,5.797,5.790,6.928,2,45027,0.11,2026-08-10T14:18:44+00:00
2025-06-10T12:00:00+00:00,llo1,24,2025-06-09,18.00,5.160,5.439,4.830,6.166,2,45027,0.11,2026-08-10T14:18:44+00:00
2025-06-10T12:00:00+00:00,llo1,24,2025-06-09,23.00,4.890,5.237,4.660,5.606,2,45027,0.11,2026-08-10T14:18:44+00:00
2025-06-10T12:00:00+00:00,llo1,24,2025-06-09,28.00,4.660,5.053,4.520,4.986,2,45027,0.11,2026-08-10T14:18:44+00:00
2025-06-10T12:00:00+00:00,llo1,24,2025-06-09,33.00,4.440,4.852,4.430,4.816,2,45027,0.11,2026-08-10T14:18:44+00:00
2025-06-10T12:00:00+00:00,llo1,24,2025-06-09,38.00,4.250,4.739,4.310,4.570,2,45027,0.11,2026-08-10T14:18:44+00:00
2025-06-10T12:00:00+00:00,llo1,24,2025-06-09,43.00,4.090,4.687,4.210,,2,45027,0.11,2026-08-10T14:18:44+00:00
2025-06-11T12:00:00+00:00,llo1,48,2025-06-09,6.00,5.910,6.463,6.490,9.318,2,45027,0.11,2026-08-10T14:18:44+00:00
2025-06-11T12:00:00+00:00,llo1,48,2025-06-09,8.00,5.820,6.168,6.150,8.601,2,45027,0.11,2026-08-10T14:18:44+00:00
2025-06-11T12:00:00+00:00,llo1,48,2025-06-09,13.00,5.290,5.566,5.790,7.057,2,45027,0.11,2026-08-10T14:18:44+00:00
2025-06-11T12:00:00+00:00,llo1,48,2025-06-09,18.00,5.100,5.158,4.830,6.258,2,45027,0.11,2026-08-10T14:18:44+00:00
2025-06-11T12:00:00+00:00,llo1,48,2025-06-09,23.00,4.960,5.006,4.660,5.666,2,45027,0.11,2026-08-10T14:18:44+00:00
2025-06-11T12:00:00+00:00,llo1,48,2025-06-09,28.00,4.850,4.835,4.520,5.049,2,45027,0.11,2026-08-10T14:18:44+00:00
2025-06-11T12:00:00+00:00,llo1,48,2025-06-09,33.00,4.730,4.695,4.430,4.865,2,45027,0.11,2026-08-10T14:18:44+00:00
2025-06-11T12:00:00+00:00,llo1,48,2025-06-09,38.00,4.440,4.652,4.310,4.603,2,45027,0.11,2026-08-10T14:18:44+00:00
2025-06-11T12:00:00+00:00,llo1,48,2025-06-09,43.00,4.190,4.613,4.210,,2,45027,0.11,2026-08-10T14:18:44+00:00
2025-06-12T12:00:00+00:00,llo1,72,2025-06-09,6.00,6.030,6.216,6.490,9.286,2,45027,0.11,2026-08-10T14:18:44+00:00
2025-06-12T12:00:00+00:00,llo1,72,2025-06-09,8.00,5.630,5.813,6.150,8.572,2,45027,0.11,2026-08-10T14:18:44+00:00
2025-06-12T12:00:00+00:00,llo1,72,2025-06-09,13.00,5.260,5.459,5.790,7.148,2,45027,0.11,2026-08-10T14:18:44+00:00
2025-06-12T12:00:00+00:00,llo1,72,2025-06-09,18.00,5.110,5.255,4.830,6.514,2,45027,0.11,2026-08-10T14:18:44+00:00
2025-06-12T12:00:00+00:00,llo1,72,2025-06-09,23.00,4.840,5.119,4.660,5.827,2,45027,0.11,2026-08-10T14:18:44+00:00
2025-06-12T12:00:00+00:00,llo1,72,2025-06-09,28.00,4.550,4.930,4.520,5.158,2,45027,0.11,2026-08-10T14:18:44+00:00
2025-06-12T12:00:00+00:00,llo1,72,2025-06-09,33.00,4.410,4.731,4.430,4.945,2,45027,0.11,2026-08-10T14:18:44+00:00
2025-06-12T12:00:00+00:00,llo1,72,2025-06-09,38.00,4.370,4.637,4.310,4.692,2,45027,0.11,2026-08-10T14:18:44+00:00
2025-06-12T12:00:00+00:00,llo1,72,2025-06-09,43.00,4.250,4.620,4.210,,2,45027,0.11,2026-08-10T14:18:44+00:00
2025-06-13T12:00:00+00:00,llo1,96,2025-06-09,6.00,7.580,9.243,6.490,9.175,2,45027,0.11,2026-08-10T14:18:44+00:00
2025-06-13T12:00:00+00:00,llo1,96,2025-06-09,8.00,7.530,8.290,6.150,8.428,2,45027,0.11,2026-08-10T14:18:44+00:00
2025-06-13T12:00:00+00:00,llo1,96,2025-06-09,13.00,6.430,7.520,5.790,6.945,2,45027,0.11,2026-08-10T14:18:44+00:00
2025-06-13T12:00:00+00:00,llo1,96,2025-06-09,18.00,6.130,6.631,4.830,6.262,2,45027,0.11,2026-08-10T14:18:44+00:00
2025-06-13T12:00:00+00:00,llo1,96,2025-06-09,23.00,6.110,5.885,4.660,5.762,2,45027,0.11,2026-08-10T14:18:44+00:00
2025-06-13T12:00:00+00:00,llo1,96,2025-06-09,28.00,6.050,5.406,4.520,5.124,2,45027,0.11,2026-08-10T14:18:44+00:00
2025-06-13T12:00:00+00:00,llo1,96,2025-06-09,33.00,5.940,5.056,4.430,4.903,2,45027,0.11,2026-08-10T14:18:44+00:00
2025-06-13T12:00:00+00:00,llo1,96,2025-06-09,38.00,5.490,4.806,4.310,4.652,2,45027,0.11,2026-08-10T14:18:44+00:00
2025-06-13T12:00:00+00:00,llo1,96,2025-06-09,43.00,5.280,4.790,4.210,,2,45027,0.11,2026-08-10T14:18:44+00:00
2025-06-11T12:00:00+00:00,llo1,24,2025-06-10,6.00,5.910,6.212,5.370,9.318,2,45027,0.11,2026-08-10T14:18:44+00:00
2025-06-11T12:00:00+00:00,llo1,24,2025-06-10,8.00,5.820,5.980,5.290,8.601,2,45027,0.11,2026-08-10T14:18:44+00:00
2025-06-11T12:00:00+00:00,llo1,24,2025-06-10,13.00,5.290,5.597,5.240,7.057,2,45027,0.11,2026-08-10T14:18:44+00:00
2025-06-11T12:00:00+00:00,llo1,24,2025-06-10,18.00,5.100,5.177,5.160,6.258,2,45027,0.11,2026-08-10T14:18:44+00:00
2025-06-11T12:00:00+00:00,llo1,24,2025-06-10,23.00,4.960,5.000,4.890,5.666,2,45027,0.11,2026-08-10T14:18:44+00:00
2025-06-11T12:00:00+00:00,llo1,24,2025-06-10,28.00,4.850,4.841,4.660,5.049,2,45027,0.11,2026-08-10T14:18:44+00:00
2025-06-11T12:00:00+00:00,llo1,24,2025-06-10,33.00,4.730,4.707,4.440,4.865,2,45027,0.11,2026-08-10T14:18:44+00:00
2025-06-11T12:00:00+00:00,llo1,24,2025-06-10,38.00,4.440,4.662,4.250,4.603,2,45027,0.11,2026-08-10T14:18:44+00:00
2025-06-11T12:00:00+00:00,llo1,24,2025-06-10,43.00,4.190,4.635,4.090,,2,45027,0.11,2026-08-10T14:18:44+00:00
2025-06-12T12:00:00+00:00,llo1,48,2025-06-10,6.00,6.030,6.671,5.370,9.286,2,45027,0.11,2026-08-10T14:18:44+00:00
2025-06-12T12:00:00+00:00,llo1,48,2025-06-10,8.00,5.630,6.235,5.290,8.572,2,45027,0.11,2026-08-10T14:18:44+00:00
2025-06-12T12:00:00+00:00,llo1,48,2025-06-10,13.00,5.260,5.677,5.240,7.148,2,45027,0.11,2026-08-10T14:18:44+00:00
2025-06-12T12:00:00+00:00,llo1,48,2025-06-10,18.00,5.110,5.455,5.160,6.514,2,45027,0.11,2026-08-10T14:18:44+00:00
2025-06-12T12:00:00+00:00,llo1,48,2025-06-10,23.00,4.840,5.273,4.890,5.827,2,45027,0.11,2026-08-10T14:18:44+00:00
2025-06-12T12:00:00+00:00,llo1,48,2025-06-10,28.00,4.550,5.046,4.660,5.158,2,45027,0.11,2026-08-10T14:18:44+00:00
2025-06-12T12:00:00+00:00,llo1,48,2025-06-10,33.00,4.410,4.825,4.440,4.945,2,45027,0.11,2026-08-10T14:18:44+00:00
2025-06-12T12:00:00+00:00,llo1,48,2025-06-10,38.00,4.370,4.691,4.250,4.692,2,45027,0.11,2026-08-10T14:18:44+00:00
2025-06-12T12:00:00+00:00,llo1,48,2025-06-10,43.00,4.250,4.662,4.090,,2,45027,0.11,2026-08-10T14:18:44+00:00
2025-06-13T12:00:00+00:00,llo1,72,2025-06-10,6.00,7.580,9.981,5.370,9.175,2,45027,0.11,2026-08-10T14:18:44+00:00
2025-06-13T12:00:00+00:00,llo1,72,2025-06-10,8.00,7.530,8.677,5.290,8.428,2,45027,0.11,2026-08-10T14:18:44+00:00
2025-06-13T12:00:00+00:00,llo1,72,2025-06-10,13.00,6.430,8.019,5.240,6.945,2,45027,0.11,2026-08-10T14:18:44+00:00
2025-06-13T12:00:00+00:00,llo1,72,2025-06-10,18.00,6.130,6.918,5.160,6.262,2,45027,0.11,2026-08-10T14:18:44+00:00
2025-06-13T12:00:00+00:00,llo1,72,2025-06-10,23.00,6.110,6.268,4.890,5.762,2,45027,0.11,2026-08-10T14:18:44+00:00
2025-06-13T12:00:00+00:00,llo1,72,2025-06-10,28.00,6.050,5.751,4.660,5.124,2,45027,0.11,2026-08-10T14:18:44+00:00
2025-06-13T12:00:00+00:00,llo1,72,2025-06-10,33.00,5.940,5.252,4.440,4.903,2,45027,0.11,2026-08-10T14:18:44+00:00
2025-06-13T12:00:00+00:00,llo1,72,2025-06-10,38.00,5.490,4.973,4.250,4.652,2,45027,0.11,2026-08-10T14:18:44+00:00
2025-06-13T12:00:00+00:00,llo1,72,2025-06-10,43.00,5.280,4.911,4.090,,2,45027,0.11,2026-08-10T14:18:44+00:00
2025-06-15T12:00:00+00:00,llo1,120,2025-06-10,6.00,8.570,13.148,5.370,9.334,2,45027,0.11,2026-08-10T14:18:44+00:00
2025-06-15T12:00:00+00:00,llo1,120,2025-06-10,8.00,8.550,12.389,5.290,8.525,2,45027,0.11,2026-08-10T14:18:44+00:00
2025-06-15T12:00:00+00:00,llo1,120,2025-06-10,13.00,7.990,10.807,5.240,7.049,2,45027,0.11,2026-08-10T14:18:44+00:00
2025-06-15T12:00:00+00:00,llo1,120,2025-06-10,18.00,7.740,9.589,5.160,6.240,2,45027,0.11,2026-08-10T14:18:44+00:00
2025-06-15T12:00:00+00:00,llo1,120,2025-06-10,23.00,7.060,8.538,4.890,5.699,2,45027,0.11,2026-08-10T14:18:44+00:00
2025-06-15T12:00:00+00:00,llo1,120,2025-06-10,28.00,6.370,7.720,4.660,5.115,2,45027,0.11,2026-08-10T14:18:44+00:00
2025-06-15T12:00:00+00:00,llo1,120,2025-06-10,33.00,6.130,7.055,4.440,4.892,2,45027,0.11,2026-08-10T14:18:44+00:00
2025-06-15T12:00:00+00:00,llo1,120,2025-06-10,38.00,5.640,6.468,4.250,4.645,2,45027,0.11,2026-08-10T14:18:44+00:00
2025-06-15T12:00:00+00:00,llo1,120,2025-06-10,43.00,5.120,6.306,4.090,,2,45027,0.11,2026-08-10T14:18:44+00:00
2025-06-12T12:00:00+00:00,llo1,24,2025-06-11,6.00,6.030,6.291,5.910,9.286,2,45027,0.11,2026-08-10T14:18:44+00:00
2025-06-12T12:00:00+00:00,llo1,24,2025-06-11,8.00,5.630,5.812,5.820,8.572,2,45027,0.11,2026-08-10T14:18:44+00:00
2025-06-12T12:00:00+00:00,llo1,24,2025-06-11,13.00,5.260,5.500,5.290,7.148,2,45027,0.11,2026-08-10T14:18:44+00:00
2025-06-12T12:00:00+00:00,llo1,24,2025-06-11,18.00,5.110,5.327,5.100,6.514,2,45027,0.11,2026-08-10T14:18:44+00:00
2025-06-12T12:00:00+00:00,llo1,24,2025-06-11,23.00,4.840,5.149,4.960,5.827,2,45027,0.11,2026-08-10T14:18:44+00:00
2025-06-12T12:00:00+00:00,llo1,24,2025-06-11,28.00,4.550,4.944,4.850,5.158,2,45027,0.11,2026-08-10T14:18:44+00:00
2025-06-12T12:00:00+00:00,llo1,24,2025-06-11,33.00,4.410,4.784,4.730,4.945,2,45027,0.11,2026-08-10T14:18:44+00:00
2025-06-12T12:00:00+00:00,llo1,24,2025-06-11,38.00,4.370,4.704,4.440,4.692,2,45027,0.11,2026-08-10T14:18:44+00:00
2025-06-12T12:00:00+00:00,llo1,24,2025-06-11,43.00,4.250,4.687,4.190,,2,45027,0.11,2026-08-10T14:18:44+00:00
2025-06-13T12:00:00+00:00,llo1,48,2025-06-11,6.00,7.580,11.918,5.910,9.175,2,45027,0.11,2026-08-10T14:18:44+00:00
2025-06-13T12:00:00+00:00,llo1,48,2025-06-11,8.00,7.530,10.586,5.820,8.428,2,45027,0.11,2026-08-10T14:18:44+00:00
2025-06-13T12:00:00+00:00,llo1,48,2025-06-11,13.00,6.430,8.557,5.290,6.945,2,45027,0.11,2026-08-10T14:18:44+00:00
2025-06-13T12:00:00+00:00,llo1,48,2025-06-11,18.00,6.130,7.970,5.100,6.262,2,45027,0.11,2026-08-10T14:18:44+00:00
2025-06-13T12:00:00+00:00,llo1,48,2025-06-11,23.00,6.110,7.283,4.960,5.762,2,45027,0.11,2026-08-10T14:18:44+00:00
2025-06-13T12:00:00+00:00,llo1,48,2025-06-11,28.00,6.050,6.377,4.850,5.124,2,45027,0.11,2026-08-10T14:18:44+00:00
2025-06-13T12:00:00+00:00,llo1,48,2025-06-11,33.00,5.940,5.823,4.730,4.903,2,45027,0.11,2026-08-10T14:18:44+00:00
2025-06-13T12:00:00+00:00,llo1,48,2025-06-11,38.00,5.490,5.491,4.440,4.652,2,45027,0.11,2026-08-10T14:18:44+00:00
2025-06-13T12:00:00+00:00,llo1,48,2025-06-11,43.00,5.280,5.408,4.190,,2,45027,0.11,2026-08-10T14:18:44+00:00
2025-06-15T12:00:00+00:00,llo1,96,2025-06-11,6.00,8.570,12.685,5.910,9.334,2,45027,0.11,2026-08-10T14:18:44+00:00
2025-06-15T12:00:00+00:00,llo1,96,2025-06-11,8.00,8.550,12.157,5.820,8.525,2,45027,0.11,2026-08-10T14:18:44+00:00
2025-06-15T12:00:00+00:00,llo1,96,2025-06-11,13.00,7.990,10.568,5.290,7.049,2,45027,0.11,2026-08-10T14:18:44+00:00
2025-06-15T12:00:00+00:00,llo1,96,2025-06-11,18.00,7.740,9.380,5.100,6.240,2,45027,0.11,2026-08-10T14:18:44+00:00
2025-06-15T12:00:00+00:00,llo1,96,2025-06-11,23.00,7.060,8.477,4.960,5.699,2,45027,0.11,2026-08-10T14:18:44+00:00
2025-06-15T12:00:00+00:00,llo1,96,2025-06-11,28.00,6.370,7.828,4.850,5.115,2,45027,0.11,2026-08-10T14:18:44+00:00
2025-06-15T12:00:00+00:00,llo1,96,2025-06-11,33.00,6.130,7.307,4.730,4.892,2,45027,0.11,2026-08-10T14:18:44+00:00
2025-06-15T12:00:00+00:00,llo1,96,2025-06-11,38.00,5.640,6.867,4.440,4.645,2,45027,0.11,2026-08-10T14:18:44+00:00
2025-06-15T12:00:00+00:00,llo1,96,2025-06-11,43.00,5.120,6.806,4.190,,2,45027,0.11,2026-08-10T14:18:44+00:00
2025-06-16T12:00:00+00:00,llo1,120,2025-06-11,6.00,8.720,12.411,5.910,9.516,2,45027,0.11,2026-08-10T14:18:44+00:00
2025-06-16T12:00:00+00:00,llo1,120,2025-06-11,8.00,8.700,11.557,5.820,8.752,2,45027,0.11,2026-08-10T14:18:44+00:00
2025-06-16T12:00:00+00:00,llo1,120,2025-06-11,13.00,8.510,9.880,5.290,7.259,2,45027,0.11,2026-08-10T14:18:44+00:00
2025-06-16T12:00:00+00:00,llo1,120,2025-06-11,18.00,8.240,8.839,5.100,6.310,2,45027,0.11,2026-08-10T14:18:44+00:00
2025-06-16T12:00:00+00:00,llo1,120,2025-06-11,23.00,6.290,8.074,4.960,5.742,2,45027,0.11,2026-08-10T14:18:44+00:00
2025-06-16T12:00:00+00:00,llo1,120,2025-06-11,28.00,5.620,7.513,4.850,5.149,2,45027,0.11,2026-08-10T14:18:44+00:00
2025-06-16T12:00:00+00:00,llo1,120,2025-06-11,33.00,5.130,7.136,4.730,4.938,2,45027,0.11,2026-08-10T14:18:44+00:00
2025-06-16T12:00:00+00:00,llo1,120,2025-06-11,38.00,4.700,6.888,4.440,4.685,2,45027,0.11,2026-08-10T14:18:44+00:00
2025-06-16T12:00:00+00:00,llo1,120,2025-06-11,43.00,4.640,6.694,4.190,,2,45027,0.11,2026-08-10T14:18:44+00:00
2025-06-13T12:00:00+00:00,llo1,24,2025-06-12,6.00,7.580,9.549,6.030,9.175,2,45027,0.11,2026-08-10T14:18:44+00:00
2025-06-13T12:00:00+00:00,llo1,24,2025-06-12,8.00,7.530,8.391,5.630,8.428,2,45027,0.11,2026-08-10T14:18:44+00:00
2025-06-13T12:00:00+00:00,llo1,24,2025-06-12,13.00,6.430,7.849,5.260,6.945,2,45027,0.11,2026-08-10T14:18:44+00:00
2025-06-13T12:00:00+00:00,llo1,24,2025-06-12,18.00,6.130,7.267,5.110,6.262,2,45027,0.11,2026-08-10T14:18:44+00:00
2025-06-13T12:00:00+00:00,llo1,24,2025-06-12,23.00,6.110,6.862,4.840,5.762,2,45027,0.11,2026-08-10T14:18:44+00:00
2025-06-13T12:00:00+00:00,llo1,24,2025-06-12,28.00,6.050,6.171,4.550,5.124,2,45027,0.11,2026-08-10T14:18:44+00:00
2025-06-13T12:00:00+00:00,llo1,24,2025-06-12,33.00,5.940,5.503,4.410,4.903,2,45027,0.11,2026-08-10T14:18:44+00:00
2025-06-13T12:00:00+00:00,llo1,24,2025-06-12,38.00,5.490,5.130,4.370,4.652,2,45027,0.11,2026-08-10T14:18:44+00:00
2025-06-13T12:00:00+00:00,llo1,24,2025-06-12,43.00,5.280,5.045,4.250,,2,45027,0.11,2026-08-10T14:18:44+00:00
2025-06-15T12:00:00+00:00,llo1,72,2025-06-12,6.00,8.570,12.394,6.030,9.334,2,45027,0.11,2026-08-10T14:18:44+00:00
2025-06-15T12:00:00+00:00,llo1,72,2025-06-12,8.00,8.550,11.845,5.630,8.525,2,45027,0.11,2026-08-10T14:18:44+00:00
2025-06-15T12:00:00+00:00,llo1,72,2025-06-12,13.00,7.990,10.355,5.260,7.049,2,45027,0.11,2026-08-10T14:18:44+00:00
2025-06-15T12:00:00+00:00,llo1,72,2025-06-12,18.00,7.740,9.172,5.110,6.240,2,45027,0.11,2026-08-10T14:18:44+00:00
2025-06-15T12:00:00+00:00,llo1,72,2025-06-12,23.00,7.060,8.310,4.840,5.699,2,45027,0.11,2026-08-10T14:18:44+00:00
2025-06-15T12:00:00+00:00,llo1,72,2025-06-12,28.00,6.370,7.660,4.550,5.115,2,45027,0.11,2026-08-10T14:18:44+00:00
2025-06-15T12:00:00+00:00,llo1,72,2025-06-12,33.00,6.130,7.112,4.410,4.892,2,45027,0.11,2026-08-10T14:18:44+00:00
2025-06-15T12:00:00+00:00,llo1,72,2025-06-12,38.00,5.640,6.614,4.370,4.645,2,45027,0.11,2026-08-10T14:18:44+00:00
2025-06-15T12:00:00+00:00,llo1,72,2025-06-12,43.00,5.120,6.460,4.250,,2,45027,0.11,2026-08-10T14:18:44+00:00
2025-06-16T12:00:00+00:00,llo1,96,2025-06-12,6.00,8.720,12.210,6.030,9.516,2,45027,0.11,2026-08-10T14:18:44+00:00
2025-06-16T12:00:00+00:00,llo1,96,2025-06-12,8.00,8.700,11.226,5.630,8.752,2,45027,0.11,2026-08-10T14:18:44+00:00
2025-06-16T12:00:00+00:00,llo1,96,2025-06-12,13.00,8.510,9.680,5.260,7.259,2,45027,0.11,2026-08-10T14:18:44+00:00
2025-06-16T12:00:00+00:00,llo1,96,2025-06-12,18.00,8.240,8.711,5.110,6.310,2,45027,0.11,2026-08-10T14:18:44+00:00
2025-06-16T12:00:00+00:00,llo1,96,2025-06-12,23.00,6.290,7.928,4.840,5.742,2,45027,0.11,2026-08-10T14:18:44+00:00
2025-06-16T12:00:00+00:00,llo1,96,2025-06-12,28.00,5.620,7.379,4.550,5.149,2,45027,0.11,2026-08-10T14:18:44+00:00
2025-06-16T12:00:00+00:00,llo1,96,2025-06-12,33.00,5.130,7.015,4.410,4.938,2,45027,0.11,2026-08-10T14:18:44+00:00
2025-06-16T12:00:00+00:00,llo1,96,2025-06-12,38.00,4.700,6.709,4.370,4.685,2,45027,0.11,2026-08-10T14:18:44+00:00
2025-06-16T12:00:00+00:00,llo1,96,2025-06-12,43.00,4.640,6.485,4.250,,2,45027,0.11,2026-08-10T14:18:44+00:00
2025-06-17T12:00:00+00:00,llo1,120,2025-06-12,6.00,8.820,11.117,6.030,9.888,2,45027,0.11,2026-08-10T14:18:44+00:00
2025-06-17T12:00:00+00:00,llo1,120,2025-06-12,8.00,8.680,10.223,5.630,9.036,2,45027,0.11,2026-08-10T14:18:44+00:00
2025-06-17T12:00:00+00:00,llo1,120,2025-06-12,13.00,8.610,8.881,5.260,7.476,2,45027,0.11,2026-08-10T14:18:44+00:00
2025-06-17T12:00:00+00:00,llo1,120,2025-06-12,18.00,8.450,8.053,5.110,6.506,2,45027,0.11,2026-08-10T14:18:44+00:00
2025-06-17T12:00:00+00:00,llo1,120,2025-06-12,23.00,6.360,7.468,4.840,5.931,2,45027,0.11,2026-08-10T14:18:44+00:00
2025-06-17T12:00:00+00:00,llo1,120,2025-06-12,28.00,5.710,7.102,4.550,5.262,2,45027,0.11,2026-08-10T14:18:44+00:00
2025-06-17T12:00:00+00:00,llo1,120,2025-06-12,33.00,4.940,6.851,4.410,5.014,2,45027,0.11,2026-08-10T14:18:44+00:00
2025-06-17T12:00:00+00:00,llo1,120,2025-06-12,38.00,4.680,6.625,4.370,4.752,2,45027,0.11,2026-08-10T14:18:44+00:00
2025-06-17T12:00:00+00:00,llo1,120,2025-06-12,43.00,4.650,6.613,4.250,,2,45027,0.11,2026-08-10T14:18:44+00:00
2025-06-15T12:00:00+00:00,llo1,48,2025-06-13,6.00,8.570,12.977,7.580,9.334,2,45027,0.11,2026-08-10T14:18:44+00:00
2025-06-15T12:00:00+00:00,llo1,48,2025-06-13,8.00,8.550,12.448,7.530,8.525,2,45027,0.11,2026-08-10T14:18:44+00:00
2025-06-15T12:00:00+00:00,llo1,48,2025-06-13,13.00,7.990,11.429,6.430,7.049,2,45027,0.11,2026-08-10T14:18:44+00:00
2025-06-15T12:00:00+00:00,llo1,48,2025-06-13,18.00,7.740,10.756,6.130,6.240,2,45027,0.11,2026-08-10T14:18:44+00:00
2025-06-15T12:00:00+00:00,llo1,48,2025-06-13,23.00,7.060,9.880,6.110,5.699,2,45027,0.11,2026-08-10T14:18:44+00:00
2025-06-15T12:00:00+00:00,llo1,48,2025-06-13,28.00,6.370,8.911,6.050,5.115,2,45027,0.11,2026-08-10T14:18:44+00:00
2025-06-15T12:00:00+00:00,llo1,48,2025-06-13,33.00,6.130,8.067,5.940,4.892,2,45027,0.11,2026-08-10T14:18:44+00:00
2025-06-15T12:00:00+00:00,llo1,48,2025-06-13,38.00,5.640,7.540,5.490,4.645,2,45027,0.11,2026-08-10T14:18:44+00:00
2025-06-15T12:00:00+00:00,llo1,48,2025-06-13,43.00,5.120,7.303,5.280,,2,45027,0.11,2026-08-10T14:18:44+00:00
2025-06-16T12:00:00+00:00,llo1,72,2025-06-13,6.00,8.720,12.109,7.580,9.516,2,45027,0.11,2026-08-10T14:18:44+00:00
2025-06-16T12:00:00+00:00,llo1,72,2025-06-13,8.00,8.700,11.432,7.530,8.752,2,45027,0.11,2026-08-10T14:18:44+00:00
2025-06-16T12:00:00+00:00,llo1,72,2025-06-13,13.00,8.510,10.218,6.430,7.259,2,45027,0.11,2026-08-10T14:18:44+00:00
2025-06-16T12:00:00+00:00,llo1,72,2025-06-13,18.00,8.240,9.355,6.130,6.310,2,45027,0.11,2026-08-10T14:18:44+00:00
2025-06-16T12:00:00+00:00,llo1,72,2025-06-13,23.00,6.290,8.767,6.110,5.742,2,45027,0.11,2026-08-10T14:18:44+00:00
2025-06-16T12:00:00+00:00,llo1,72,2025-06-13,28.00,5.620,8.323,6.050,5.149,2,45027,0.11,2026-08-10T14:18:44+00:00
2025-06-16T12:00:00+00:00,llo1,72,2025-06-13,33.00,5.130,7.977,5.940,4.938,2,45027,0.11,2026-08-10T14:18:44+00:00
2025-06-16T12:00:00+00:00,llo1,72,2025-06-13,38.00,4.700,7.689,5.490,4.685,2,45027,0.11,2026-08-10T14:18:44+00:00
2025-06-16T12:00:00+00:00,llo1,72,2025-06-13,43.00,4.640,7.587,5.280,,2,45027,0.11,2026-08-10T14:18:44+00:00
2025-06-17T12:00:00+00:00,llo1,96,2025-06-13,6.00,8.820,11.996,7.580,9.888,2,45027,0.11,2026-08-10T14:18:44+00:00
2025-06-17T12:00:00+00:00,llo1,96,2025-06-13,8.00,8.680,10.757,7.530,9.036,2,45027,0.11,2026-08-10T14:18:44+00:00
2025-06-17T12:00:00+00:00,llo1,96,2025-06-13,13.00,8.610,9.837,6.430,7.476,2,45027,0.11,2026-08-10T14:18:44+00:00
2025-06-17T12:00:00+00:00,llo1,96,2025-06-13,18.00,8.450,9.254,6.130,6.506,2,45027,0.11,2026-08-10T14:18:44+00:00
2025-06-17T12:00:00+00:00,llo1,96,2025-06-13,23.00,6.360,8.785,6.110,5.931,2,45027,0.11,2026-08-10T14:18:44+00:00
2025-06-17T12:00:00+00:00,llo1,96,2025-06-13,28.00,5.710,8.397,6.050,5.262,2,45027,0.11,2026-08-10T14:18:44+00:00
2025-06-17T12:00:00+00:00,llo1,96,2025-06-13,33.00,4.940,8.046,5.940,5.014,2,45027,0.11,2026-08-10T14:18:44+00:00
2025-06-17T12:00:00+00:00,llo1,96,2025-06-13,38.00,4.680,7.763,5.490,4.752,2,45027,0.11,2026-08-10T14:18:44+00:00
2025-06-17T12:00:00+00:00,llo1,96,2025-06-13,43.00,4.650,7.670,5.280,,2,45027,0.11,2026-08-10T14:18:44+00:00
2025-06-18T12:00:00+00:00,llo1,120,2025-06-13,6.00,8.290,12.379,7.580,10.294,2,45027,0.11,2026-08-10T14:18:44+00:00
2025-06-18T12:00:00+00:00,llo1,120,2025-06-13,8.00,7.850,10.797,7.530,9.426,2,45027,0.11,2026-08-10T14:18:44+00:00
2025-06-18T12:00:00+00:00,llo1,120,2025-06-13,13.00,7.300,9.679,6.430,7.875,2,45027,0.11,2026-08-10T14:18:44+00:00
2025-06-18T12:00:00+00:00,llo1,120,2025-06-13,18.00,6.710,9.075,6.130,6.892,2,45027,0.11,2026-08-10T14:18:44+00:00
2025-06-18T12:00:00+00:00,llo1,120,2025-06-13,23.00,5.820,8.510,6.110,6.291,2,45027,0.11,2026-08-10T14:18:44+00:00
2025-06-18T12:00:00+00:00,llo1,120,2025-06-13,28.00,5.110,8.198,6.050,5.546,2,45027,0.11,2026-08-10T14:18:44+00:00
2025-06-18T12:00:00+00:00,llo1,120,2025-06-13,33.00,4.760,7.949,5.940,5.195,2,45027,0.11,2026-08-10T14:18:44+00:00
2025-06-18T12:00:00+00:00,llo1,120,2025-06-13,38.00,4.520,7.731,5.490,4.886,2,45027,0.11,2026-08-10T14:18:44+00:00
2025-06-18T12:00:00+00:00,llo1,120,2025-06-13,43.00,4.440,7.678,5.280,,2,45027,0.11,2026-08-10T14:18:44+00:00
2025-06-15T12:00:00+00:00,llo1,24,2025-06-14,6.00,8.570,12.817,7.790,9.334,2,45027,0.11,2026-08-10T14:18:44+00:00
2025-06-15T12:00:00+00:00,llo1,24,2025-06-14,8.00,8.550,12.346,7.800,8.525,2,45027,0.11,2026-08-10T14:18:44+00:00
2025-06-15T12:00:00+00:00,llo1,24,2025-06-14,13.00,7.990,11.212,7.790,7.049,2,45027,0.11,2026-08-10T14:18:44+00:00
2025-06-15T12:00:00+00:00,llo1,24,2025-06-14,18.00,7.740,10.511,7.710,6.240,2,45027,0.11,2026-08-10T14:18:44+00:00
2025-06-15T12:00:00+00:00,llo1,24,2025-06-14,23.00,7.060,9.499,7.070,5.699,2,45027,0.11,2026-08-10T14:18:44+00:00
2025-06-15T12:00:00+00:00,llo1,24,2025-06-14,28.00,6.370,8.668,6.600,5.115,2,45027,0.11,2026-08-10T14:18:44+00:00
2025-06-15T12:00:00+00:00,llo1,24,2025-06-14,33.00,6.130,8.045,5.930,4.892,2,45027,0.11,2026-08-10T14:18:44+00:00
2025-06-15T12:00:00+00:00,llo1,24,2025-06-14,38.00,5.640,7.578,5.500,4.645,2,45027,0.11,2026-08-10T14:18:44+00:00
2025-06-15T12:00:00+00:00,llo1,24,2025-06-14,43.00,5.120,7.274,5.320,,2,45027,0.11,2026-08-10T14:18:44+00:00
2025-06-16T12:00:00+00:00,llo1,48,2025-06-14,6.00,8.720,11.903,7.790,9.516,2,45027,0.11,2026-08-10T14:18:44+00:00
2025-06-16T12:00:00+00:00,llo1,48,2025-06-14,8.00,8.700,11.599,7.800,8.752,2,45027,0.11,2026-08-10T14:18:44+00:00
2025-06-16T12:00:00+00:00,llo1,48,2025-06-14,13.00,8.510,10.934,7.790,7.259,2,45027,0.11,2026-08-10T14:18:44+00:00
2025-06-16T12:00:00+00:00,llo1,48,2025-06-14,18.00,8.240,10.160,7.710,6.310,2,45027,0.11,2026-08-10T14:18:44+00:00
2025-06-16T12:00:00+00:00,llo1,48,2025-06-14,23.00,6.290,9.382,7.070,5.742,2,45027,0.11,2026-08-10T14:18:44+00:00
2025-06-16T12:00:00+00:00,llo1,48,2025-06-14,28.00,5.620,8.669,6.600,5.149,2,45027,0.11,2026-08-10T14:18:44+00:00
2025-06-16T12:00:00+00:00,llo1,48,2025-06-14,33.00,5.130,8.148,5.930,4.938,2,45027,0.11,2026-08-10T14:18:44+00:00
2025-06-16T12:00:00+00:00,llo1,48,2025-06-14,38.00,4.700,7.938,5.500,4.685,2,45027,0.11,2026-08-10T14:18:44+00:00
2025-06-16T12:00:00+00:00,llo1,48,2025-06-14,43.00,4.640,7.768,5.320,,2,45027,0.11,2026-08-10T14:18:44+00:00
2025-06-17T12:00:00+00:00,llo1,72,2025-06-14,6.00,8.820,11.866,7.790,9.888,2,45027,0.11,2026-08-10T14:18:44+00:00
2025-06-17T12:00:00+00:00,llo1,72,2025-06-14,8.00,8.680,10.977,7.800,9.036,2,45027,0.11,2026-08-10T14:18:44+00:00
2025-06-17T12:00:00+00:00,llo1,72,2025-06-14,13.00,8.610,10.175,7.790,7.476,2,45027,0.11,2026-08-10T14:18:44+00:00
2025-06-17T12:00:00+00:00,llo1,72,2025-06-14,18.00,8.450,9.363,7.710,6.506,2,45027,0.11,2026-08-10T14:18:44+00:00
2025-06-17T12:00:00+00:00,llo1,72,2025-06-14,23.00,6.360,8.792,7.070,5.931,2,45027,0.11,2026-08-10T14:18:44+00:00
2025-06-17T12:00:00+00:00,llo1,72,2025-06-14,28.00,5.710,8.377,6.600,5.262,2,45027,0.11,2026-08-10T14:18:44+00:00
2025-06-17T12:00:00+00:00,llo1,72,2025-06-14,33.00,4.940,8.100,5.930,5.014,2,45027,0.11,2026-08-10T14:18:44+00:00
2025-06-17T12:00:00+00:00,llo1,72,2025-06-14,38.00,4.680,7.828,5.500,4.752,2,45027,0.11,2026-08-10T14:18:44+00:00
2025-06-17T12:00:00+00:00,llo1,72,2025-06-14,43.00,4.650,7.741,5.320,,2,45027,0.11,2026-08-10T14:18:44+00:00
2025-06-18T12:00:00+00:00,llo1,96,2025-06-14,6.00,8.290,11.977,7.790,10.294,2,45027,0.11,2026-08-10T14:18:44+00:00
2025-06-18T12:00:00+00:00,llo1,96,2025-06-14,8.00,7.850,10.580,7.800,9.426,2,45027,0.11,2026-08-10T14:18:44+00:00
2025-06-18T12:00:00+00:00,llo1,96,2025-06-14,13.00,7.300,9.548,7.790,7.875,2,45027,0.11,2026-08-10T14:18:44+00:00
2025-06-18T12:00:00+00:00,llo1,96,2025-06-14,18.00,6.710,9.063,7.710,6.892,2,45027,0.11,2026-08-10T14:18:44+00:00
2025-06-18T12:00:00+00:00,llo1,96,2025-06-14,23.00,5.820,8.677,7.070,6.291,2,45027,0.11,2026-08-10T14:18:44+00:00
2025-06-18T12:00:00+00:00,llo1,96,2025-06-14,28.00,5.110,8.366,6.600,5.546,2,45027,0.11,2026-08-10T14:18:44+00:00
2025-06-18T12:00:00+00:00,llo1,96,2025-06-14,33.00,4.760,8.130,5.930,5.195,2,45027,0.11,2026-08-10T14:18:44+00:00
2025-06-18T12:00:00+00:00,llo1,96,2025-06-14,38.00,4.520,7.907,5.500,4.886,2,45027,0.11,2026-08-10T14:18:44+00:00
2025-06-18T12:00:00+00:00,llo1,96,2025-06-14,43.00,4.440,7.826,5.320,,2,45027,0.11,2026-08-10T14:18:44+00:00
2025-06-19T12:00:00+00:00,llo1,120,2025-06-14,6.00,8.790,12.181,7.790,10.731,2,45027,0.11,2026-08-10T14:18:44+00:00
2025-06-19T12:00:00+00:00,llo1,120,2025-06-14,8.00,8.530,10.827,7.800,9.872,2,45027,0.11,2026-08-10T14:18:44+00:00
2025-06-19T12:00:00+00:00,llo1,120,2025-06-14,13.00,7.400,9.882,7.790,8.357,2,45027,0.11,2026-08-10T14:18:44+00:00
2025-06-19T12:00:00+00:00,llo1,120,2025-06-14,18.00,6.740,9.324,7.710,7.239,2,45027,0.11,2026-08-10T14:18:44+00:00
2025-06-19T12:00:00+00:00,llo1,120,2025-06-14,23.00,5.780,8.818,7.070,6.595,2,45027,0.11,2026-08-10T14:18:44+00:00
2025-06-19T12:00:00+00:00,llo1,120,2025-06-14,28.00,5.040,8.381,6.600,5.815,2,45027,0.11,2026-08-10T14:18:44+00:00
2025-06-19T12:00:00+00:00,llo1,120,2025-06-14,33.00,4.770,8.010,5.930,5.421,2,45027,0.11,2026-08-10T14:18:44+00:00
2025-06-19T12:00:00+00:00,llo1,120,2025-06-14,38.00,4.650,7.763,5.500,5.088,2,45027,0.11,2026-08-10T14:18:44+00:00
2025-06-19T12:00:00+00:00,llo1,120,2025-06-14,43.00,4.620,7.675,5.320,,2,45027,0.11,2026-08-10T14:18:44+00:00
2025-06-16T12:00:00+00:00,llo1,24,2025-06-15,6.00,8.720,12.166,8.570,9.516,2,45027,0.11,2026-08-10T14:18:44+00:00
2025-06-16T12:00:00+00:00,llo1,24,2025-06-15,8.00,8.700,11.632,8.550,8.752,2,45027,0.11,2026-08-10T14:18:44+00:00
2025-06-16T12:00:00+00:00,llo1,24,2025-06-15,13.00,8.510,10.659,7.990,7.259,2,45027,0.11,2026-08-10T14:18:44+00:00
2025-06-16T12:00:00+00:00,llo1,24,2025-06-15,18.00,8.240,9.687,7.740,6.310,2,45027,0.11,2026-08-10T14:18:44+00:00
2025-06-16T12:00:00+00:00,llo1,24,2025-06-15,23.00,6.290,9.021,7.060,5.742,2,45027,0.11,2026-08-10T14:18:44+00:00
2025-06-16T12:00:00+00:00,llo1,24,2025-06-15,28.00,5.620,8.390,6.370,5.149,2,45027,0.11,2026-08-10T14:18:44+00:00
2025-06-16T12:00:00+00:00,llo1,24,2025-06-15,33.00,5.130,7.931,6.130,4.938,2,45027,0.11,2026-08-10T14:18:44+00:00
2025-06-16T12:00:00+00:00,llo1,24,2025-06-15,38.00,4.700,7.660,5.640,4.685,2,45027,0.11,2026-08-10T14:18:44+00:00
2025-06-16T12:00:00+00:00,llo1,24,2025-06-15,43.00,4.640,7.587,5.120,,2,45027,0.11,2026-08-10T14:18:44+00:00
2025-06-17T12:00:00+00:00,llo1,48,2025-06-15,6.00,8.820,11.851,8.570,9.888,2,45027,0.11,2026-08-10T14:18:44+00:00
2025-06-17T12:00:00+00:00,llo1,48,2025-06-15,8.00,8.680,11.030,8.550,9.036,2,45027,0.11,2026-08-10T14:18:44+00:00
2025-06-17T12:00:00+00:00,llo1,48,2025-06-15,13.00,8.610,10.167,7.990,7.476,2,45027,0.11,2026-08-10T14:18:44+00:00
2025-06-17T12:00:00+00:00,llo1,48,2025-06-15,18.00,8.450,9.323,7.740,6.506,2,45027,0.11,2026-08-10T14:18:44+00:00
2025-06-17T12:00:00+00:00,llo1,48,2025-06-15,23.00,6.360,8.723,7.060,5.931,2,45027,0.11,2026-08-10T14:18:44+00:00
2025-06-17T12:00:00+00:00,llo1,48,2025-06-15,28.00,5.710,8.264,6.370,5.262,2,45027,0.11,2026-08-10T14:18:44+00:00
2025-06-17T12:00:00+00:00,llo1,48,2025-06-15,33.00,4.940,7.915,6.130,5.014,2,45027,0.11,2026-08-10T14:18:44+00:00
2025-06-17T12:00:00+00:00,llo1,48,2025-06-15,38.00,4.680,7.624,5.640,4.752,2,45027,0.11,2026-08-10T14:18:44+00:00
2025-06-17T12:00:00+00:00,llo1,48,2025-06-15,43.00,4.650,7.524,5.120,,2,45027,0.11,2026-08-10T14:18:44+00:00
2025-06-18T12:00:00+00:00,llo1,72,2025-06-15,6.00,8.290,9.819,8.570,10.294,2,45027,0.11,2026-08-10T14:18:44+00:00
2025-06-18T12:00:00+00:00,llo1,72,2025-06-15,8.00,7.850,9.592,8.550,9.426,2,45027,0.11,2026-08-10T14:18:44+00:00
2025-06-18T12:00:00+00:00,llo1,72,2025-06-15,13.00,7.300,8.899,7.990,7.875,2,45027,0.11,2026-08-10T14:18:44+00:00
2025-06-18T12:00:00+00:00,llo1,72,2025-06-15,18.00,6.710,8.482,7.740,6.892,2,45027,0.11,2026-08-10T14:18:44+00:00
2025-06-18T12:00:00+00:00,llo1,72,2025-06-15,23.00,5.820,8.057,7.060,6.291,2,45027,0.11,2026-08-10T14:18:44+00:00
2025-06-18T12:00:00+00:00,llo1,72,2025-06-15,28.00,5.110,7.737,6.370,5.546,2,45027,0.11,2026-08-10T14:18:44+00:00
2025-06-18T12:00:00+00:00,llo1,72,2025-06-15,33.00,4.760,7.536,6.130,5.195,2,45027,0.11,2026-08-10T14:18:44+00:00
2025-06-18T12:00:00+00:00,llo1,72,2025-06-15,38.00,4.520,7.503,5.640,4.886,2,45027,0.11,2026-08-10T14:18:44+00:00
2025-06-18T12:00:00+00:00,llo1,72,2025-06-15,43.00,4.440,7.448,5.120,,2,45027,0.11,2026-08-10T14:18:44+00:00
2025-06-19T12:00:00+00:00,llo1,96,2025-06-15,6.00,8.790,10.129,8.570,10.731,2,45027,0.11,2026-08-10T14:18:44+00:00
2025-06-19T12:00:00+00:00,llo1,96,2025-06-15,8.00,8.530,9.991,8.550,9.872,2,45027,0.11,2026-08-10T14:18:44+00:00
2025-06-19T12:00:00+00:00,llo1,96,2025-06-15,13.00,7.400,9.312,7.990,8.357,2,45027,0.11,2026-08-10T14:18:44+00:00
2025-06-19T12:00:00+00:00,llo1,96,2025-06-15,18.00,6.740,8.674,7.740,7.239,2,45027,0.11,2026-08-10T14:18:44+00:00
2025-06-19T12:00:00+00:00,llo1,96,2025-06-15,23.00,5.780,8.083,7.060,6.595,2,45027,0.11,2026-08-10T14:18:44+00:00
2025-06-19T12:00:00+00:00,llo1,96,2025-06-15,28.00,5.040,7.687,6.370,5.815,2,45027,0.11,2026-08-10T14:18:44+00:00
2025-06-19T12:00:00+00:00,llo1,96,2025-06-15,33.00,4.770,7.436,6.130,5.421,2,45027,0.11,2026-08-10T14:18:44+00:00
2025-06-19T12:00:00+00:00,llo1,96,2025-06-15,38.00,4.650,7.282,5.640,5.088,2,45027,0.11,2026-08-10T14:18:44+00:00
2025-06-19T12:00:00+00:00,llo1,96,2025-06-15,43.00,4.620,7.089,5.120,,2,45027,0.11,2026-08-10T14:18:44+00:00
2025-06-20T12:00:00+00:00,llo1,120,2025-06-15,6.00,9.950,10.107,8.570,10.852,2,45027,0.11,2026-08-10T14:18:44+00:00
2025-06-20T12:00:00+00:00,llo1,120,2025-06-15,8.00,8.970,9.517,8.550,10.024,2,45027,0.11,2026-08-10T14:18:44+00:00
2025-06-20T12:00:00+00:00,llo1,120,2025-06-15,13.00,8.420,9.259,7.990,8.507,2,45027,0.11,2026-08-10T14:18:44+00:00
2025-06-20T12:00:00+00:00,llo1,120,2025-06-15,18.00,7.950,8.459,7.740,7.318,2,45027,0.11,2026-08-10T14:18:44+00:00
2025-06-20T12:00:00+00:00,llo1,120,2025-06-15,23.00,6.330,8.013,7.060,6.690,2,45027,0.11,2026-08-10T14:18:44+00:00
2025-06-20T12:00:00+00:00,llo1,120,2025-06-15,28.00,5.080,7.652,6.370,5.887,2,45027,0.11,2026-08-10T14:18:44+00:00
2025-06-20T12:00:00+00:00,llo1,120,2025-06-15,33.00,4.890,7.333,6.130,5.497,2,45027,0.11,2026-08-10T14:18:44+00:00
2025-06-20T12:00:00+00:00,llo1,120,2025-06-15,38.00,4.810,7.149,5.640,5.162,2,45027,0.11,2026-08-10T14:18:44+00:00
2025-06-20T12:00:00+00:00,llo1,120,2025-06-15,43.00,4.690,7.039,5.120,,2,45027,0.11,2026-08-10T14:18:44+00:00
2025-06-17T12:00:00+00:00,llo1,24,2025-06-16,6.00,8.820,11.987,8.720,9.888,2,45027,0.11,2026-08-10T14:18:44+00:00
2025-06-17T12:00:00+00:00,llo1,24,2025-06-16,8.00,8.680,11.116,8.700,9.036,2,45027,0.11,2026-08-10T14:18:44+00:00
2025-06-17T12:00:00+00:00,llo1,24,2025-06-16,13.00,8.610,10.124,8.510,7.476,2,45027,0.11,2026-08-10T14:18:44+00:00
2025-06-17T12:00:00+00:00,llo1,24,2025-06-16,18.00,8.450,9.316,8.240,6.506,2,45027,0.11,2026-08-10T14:18:44+00:00
2025-06-17T12:00:00+00:00,llo1,24,2025-06-16,23.00,6.360,8.868,6.290,5.931,2,45027,0.11,2026-08-10T14:18:44+00:00
2025-06-17T12:00:00+00:00,llo1,24,2025-06-16,28.00,5.710,8.418,5.620,5.262,2,45027,0.11,2026-08-10T14:18:44+00:00
2025-06-17T12:00:00+00:00,llo1,24,2025-06-16,33.00,4.940,8.065,5.130,5.014,2,45027,0.11,2026-08-10T14:18:44+00:00
2025-06-17T12:00:00+00:00,llo1,24,2025-06-16,38.00,4.680,7.749,4.700,4.752,2,45027,0.11,2026-08-10T14:18:44+00:00
2025-06-17T12:00:00+00:00,llo1,24,2025-06-16,43.00,4.650,7.654,4.640,,2,45027,0.11,2026-08-10T14:18:44+00:00
2025-06-18T12:00:00+00:00,llo1,48,2025-06-16,6.00,8.290,9.616,8.720,10.294,2,45027,0.11,2026-08-10T14:18:44+00:00
2025-06-18T12:00:00+00:00,llo1,48,2025-06-16,8.00,7.850,9.232,8.700,9.426,2,45027,0.11,2026-08-10T14:18:44+00:00
2025-06-18T12:00:00+00:00,llo1,48,2025-06-16,13.00,7.300,8.674,8.510,7.875,2,45027,0.11,2026-08-10T14:18:44+00:00
2025-06-18T12:00:00+00:00,llo1,48,2025-06-16,18.00,6.710,8.238,8.240,6.892,2,45027,0.11,2026-08-10T14:18:44+00:00
2025-06-18T12:00:00+00:00,llo1,48,2025-06-16,23.00,5.820,7.891,6.290,6.291,2,45027,0.11,2026-08-10T14:18:44+00:00
2025-06-18T12:00:00+00:00,llo1,48,2025-06-16,28.00,5.110,7.654,5.620,5.546,2,45027,0.11,2026-08-10T14:18:44+00:00
2025-06-18T12:00:00+00:00,llo1,48,2025-06-16,33.00,4.760,7.488,5.130,5.195,2,45027,0.11,2026-08-10T14:18:44+00:00
2025-06-18T12:00:00+00:00,llo1,48,2025-06-16,38.00,4.520,7.319,4.700,4.886,2,45027,0.11,2026-08-10T14:18:44+00:00
2025-06-18T12:00:00+00:00,llo1,48,2025-06-16,43.00,4.440,7.097,4.640,,2,45027,0.11,2026-08-10T14:18:44+00:00
2025-06-19T12:00:00+00:00,llo1,72,2025-06-16,6.00,8.790,9.564,8.720,10.731,2,45027,0.11,2026-08-10T14:18:44+00:00
2025-06-19T12:00:00+00:00,llo1,72,2025-06-16,8.00,8.530,9.328,8.700,9.872,2,45027,0.11,2026-08-10T14:18:44+00:00
2025-06-19T12:00:00+00:00,llo1,72,2025-06-16,13.00,7.400,8.623,8.510,8.357,2,45027,0.11,2026-08-10T14:18:44+00:00
2025-06-19T12:00:00+00:00,llo1,72,2025-06-16,18.00,6.740,7.946,8.240,7.239,2,45027,0.11,2026-08-10T14:18:44+00:00
2025-06-19T12:00:00+00:00,llo1,72,2025-06-16,23.00,5.780,7.631,6.290,6.595,2,45027,0.11,2026-08-10T14:18:44+00:00
2025-06-19T12:00:00+00:00,llo1,72,2025-06-16,28.00,5.040,7.411,5.620,5.815,2,45027,0.11,2026-08-10T14:18:44+00:00
2025-06-19T12:00:00+00:00,llo1,72,2025-06-16,33.00,4.770,7.232,5.130,5.421,2,45027,0.11,2026-08-10T14:18:44+00:00
2025-06-19T12:00:00+00:00,llo1,72,2025-06-16,38.00,4.650,7.062,4.700,5.088,2,45027,0.11,2026-08-10T14:18:44+00:00
2025-06-19T12:00:00+00:00,llo1,72,2025-06-16,43.00,4.620,6.831,4.640,,2,45027,0.11,2026-08-10T14:18:44+00:00
2025-06-20T12:00:00+00:00,llo1,96,2025-06-16,6.00,9.950,10.746,8.720,10.852,2,45027,0.11,2026-08-10T14:18:44+00:00
2025-06-20T12:00:00+00:00,llo1,96,2025-06-16,8.00,8.970,9.828,8.700,10.024,2,45027,0.11,2026-08-10T14:18:44+00:00
2025-06-20T12:00:00+00:00,llo1,96,2025-06-16,13.00,8.420,9.117,8.510,8.507,2,45027,0.11,2026-08-10T14:18:44+00:00
2025-06-20T12:00:00+00:00,llo1,96,2025-06-16,18.00,7.950,8.699,8.240,7.318,2,45027,0.11,2026-08-10T14:18:44+00:00
2025-06-20T12:00:00+00:00,llo1,96,2025-06-16,23.00,6.330,8.327,6.290,6.690,2,45027,0.11,2026-08-10T14:18:44+00:00
2025-06-20T12:00:00+00:00,llo1,96,2025-06-16,28.00,5.080,7.832,5.620,5.887,2,45027,0.11,2026-08-10T14:18:44+00:00
2025-06-20T12:00:00+00:00,llo1,96,2025-06-16,33.00,4.890,7.428,5.130,5.497,2,45027,0.11,2026-08-10T14:18:44+00:00
2025-06-20T12:00:00+00:00,llo1,96,2025-06-16,38.00,4.810,7.177,4.700,5.162,2,45027,0.11,2026-08-10T14:18:44+00:00
2025-06-20T12:00:00+00:00,llo1,96,2025-06-16,43.00,4.690,6.879,4.640,,2,45027,0.11,2026-08-10T14:18:44+00:00
2025-06-21T12:00:00+00:00,llo1,120,2025-06-16,6.00,9.140,11.070,8.720,11.238,2,45027,0.11,2026-08-10T14:18:44+00:00
2025-06-21T12:00:00+00:00,llo1,120,2025-06-16,8.00,8.850,9.739,8.700,10.447,2,45027,0.11,2026-08-10T14:18:44+00:00
2025-06-21T12:00:00+00:00,llo1,120,2025-06-16,13.00,8.230,8.710,8.510,8.829,2,45027,0.11,2026-08-10T14:18:44+00:00
2025-06-21T12:00:00+00:00,llo1,120,2025-06-16,18.00,8.170,7.943,8.240,7.482,2,45027,0.11,2026-08-10T14:18:44+00:00
2025-06-21T12:00:00+00:00,llo1,120,2025-06-16,23.00,8.100,7.546,6.290,6.790,2,45027,0.11,2026-08-10T14:18:44+00:00
2025-06-21T12:00:00+00:00,llo1,120,2025-06-16,28.00,8.070,7.268,5.620,5.944,2,45027,0.11,2026-08-10T14:18:44+00:00
2025-06-21T12:00:00+00:00,llo1,120,2025-06-16,33.00,7.490,7.075,5.130,5.552,2,45027,0.11,2026-08-10T14:18:44+00:00
2025-06-21T12:00:00+00:00,llo1,120,2025-06-16,38.00,6.650,6.948,4.700,5.215,2,45027,0.11,2026-08-10T14:18:44+00:00
2025-06-21T12:00:00+00:00,llo1,120,2025-06-16,43.00,6.430,6.892,4.640,,2,45027,0.11,2026-08-10T14:18:44+00:00
2025-06-18T12:00:00+00:00,llo1,24,2025-06-17,6.00,8.290,9.823,8.820,10.294,2,45027,0.11,2026-08-10T14:18:44+00:00
2025-06-18T12:00:00+00:00,llo1,24,2025-06-17,8.00,7.850,9.576,8.680,9.426,2,45027,0.11,2026-08-10T14:18:44+00:00
2025-06-18T12:00:00+00:00,llo1,24,2025-06-17,13.00,7.300,9.142,8.610,7.875,2,45027,0.11,2026-08-10T14:18:44+00:00
2025-06-18T12:00:00+00:00,llo1,24,2025-06-17,18.00,6.710,8.760,8.450,6.892,2,45027,0.11,2026-08-10T14:18:44+00:00
2025-06-18T12:00:00+00:00,llo1,24,2025-06-17,23.00,5.820,8.329,6.360,6.291,2,45027,0.11,2026-08-10T14:18:44+00:00
2025-06-18T12:00:00+00:00,llo1,24,2025-06-17,28.00,5.110,7.979,5.710,5.546,2,45027,0.11,2026-08-10T14:18:44+00:00
2025-06-18T12:00:00+00:00,llo1,24,2025-06-17,33.00,4.760,7.716,4.940,5.195,2,45027,0.11,2026-08-10T14:18:44+00:00
2025-06-18T12:00:00+00:00,llo1,24,2025-06-17,38.00,4.520,7.600,4.680,4.886,2,45027,0.11,2026-08-10T14:18:44+00:00
2025-06-18T12:00:00+00:00,llo1,24,2025-06-17,43.00,4.440,7.538,4.650,,2,45027,0.11,2026-08-10T14:18:44+00:00
2025-06-19T12:00:00+00:00,llo1,48,2025-06-17,6.00,8.790,9.970,8.820,10.731,2,45027,0.11,2026-08-10T14:18:44+00:00
2025-06-19T12:00:00+00:00,llo1,48,2025-06-17,8.00,8.530,9.503,8.680,9.872,2,45027,0.11,2026-08-10T14:18:44+00:00
2025-06-19T12:00:00+00:00,llo1,48,2025-06-17,13.00,7.400,8.911,8.610,8.357,2,45027,0.11,2026-08-10T14:18:44+00:00
2025-06-19T12:00:00+00:00,llo1,48,2025-06-17,18.00,6.740,8.183,8.450,7.239,2,45027,0.11,2026-08-10T14:18:44+00:00
2025-06-19T12:00:00+00:00,llo1,48,2025-06-17,23.00,5.780,7.760,6.360,6.595,2,45027,0.11,2026-08-10T14:18:44+00:00
2025-06-19T12:00:00+00:00,llo1,48,2025-06-17,28.00,5.040,7.532,5.710,5.815,2,45027,0.11,2026-08-10T14:18:44+00:00
2025-06-19T12:00:00+00:00,llo1,48,2025-06-17,33.00,4.770,7.375,4.940,5.421,2,45027,0.11,2026-08-10T14:18:44+00:00
2025-06-19T12:00:00+00:00,llo1,48,2025-06-17,38.00,4.650,7.266,4.680,5.088,2,45027,0.11,2026-08-10T14:18:44+00:00
2025-06-19T12:00:00+00:00,llo1,48,2025-06-17,43.00,4.620,7.038,4.650,,2,45027,0.11,2026-08-10T14:18:44+00:00
2025-06-20T12:00:00+00:00,llo1,72,2025-06-17,6.00,9.950,11.483,8.820,10.852,2,45027,0.11,2026-08-10T14:18:44+00:00
2025-06-20T12:00:00+00:00,llo1,72,2025-06-17,8.00,8.970,10.419,8.680,10.024,2,45027,0.11,2026-08-10T14:18:44+00:00
2025-06-20T12:00:00+00:00,llo1,72,2025-06-17,13.00,8.420,9.090,8.610,8.507,2,45027,0.11,2026-08-10T14:18:44+00:00
2025-06-20T12:00:00+00:00,llo1,72,2025-06-17,18.00,7.950,8.715,8.450,7.318,2,45027,0.11,2026-08-10T14:18:44+00:00
2025-06-20T12:00:00+00:00,llo1,72,2025-06-17,23.00,6.330,8.436,6.360,6.690,2,45027,0.11,2026-08-10T14:18:44+00:00
2025-06-20T12:00:00+00:00,llo1,72,2025-06-17,28.00,5.080,8.235,5.710,5.887,2,45027,0.11,2026-08-10T14:18:44+00:00
2025-06-20T12:00:00+00:00,llo1,72,2025-06-17,33.00,4.890,7.910,4.940,5.497,2,45027,0.11,2026-08-10T14:18:44+00:00
2025-06-20T12:00:00+00:00,llo1,72,2025-06-17,38.00,4.810,7.614,4.680,5.162,2,45027,0.11,2026-08-10T14:18:44+00:00
2025-06-20T12:00:00+00:00,llo1,72,2025-06-17,43.00,4.690,7.380,4.650,,2,45027,0.11,2026-08-10T14:18:44+00:00
2025-06-21T12:00:00+00:00,llo1,96,2025-06-17,6.00,9.140,13.788,8.820,11.238,2,45027,0.11,2026-08-10T14:18:44+00:00
2025-06-21T12:00:00+00:00,llo1,96,2025-06-17,8.00,8.850,12.773,8.680,10.447,2,45027,0.11,2026-08-10T14:18:44+00:00
2025-06-21T12:00:00+00:00,llo1,96,2025-06-17,13.00,8.230,10.451,8.610,8.829,2,45027,0.11,2026-08-10T14:18:44+00:00
2025-06-21T12:00:00+00:00,llo1,96,2025-06-17,18.00,8.170,9.277,8.450,7.482,2,45027,0.11,2026-08-10T14:18:44+00:00
2025-06-21T12:00:00+00:00,llo1,96,2025-06-17,23.00,8.100,8.489,6.360,6.790,2,45027,0.11,2026-08-10T14:18:44+00:00
2025-06-21T12:00:00+00:00,llo1,96,2025-06-17,28.00,8.070,7.822,5.710,5.944,2,45027,0.11,2026-08-10T14:18:44+00:00
2025-06-21T12:00:00+00:00,llo1,96,2025-06-17,33.00,7.490,7.502,4.940,5.552,2,45027,0.11,2026-08-10T14:18:44+00:00
2025-06-21T12:00:00+00:00,llo1,96,2025-06-17,38.00,6.650,7.352,4.680,5.215,2,45027,0.11,2026-08-10T14:18:44+00:00
2025-06-21T12:00:00+00:00,llo1,96,2025-06-17,43.00,6.430,7.318,4.650,,2,45027,0.11,2026-08-10T14:18:44+00:00
2025-06-22T12:00:00+00:00,llo1,120,2025-06-17,6.00,8.430,15.666,8.820,11.421,2,45027,0.11,2026-08-10T14:18:44+00:00
2025-06-22T12:00:00+00:00,llo1,120,2025-06-17,8.00,8.450,15.192,8.680,10.629,2,45027,0.11,2026-08-10T14:18:44+00:00
2025-06-22T12:00:00+00:00,llo1,120,2025-06-17,13.00,8.440,11.913,8.610,9.075,2,45027,0.11,2026-08-10T14:18:44+00:00
2025-06-22T12:00:00+00:00,llo1,120,2025-06-17,18.00,8.420,9.629,8.450,7.707,2,45027,0.11,2026-08-10T14:18:44+00:00
2025-06-22T12:00:00+00:00,llo1,120,2025-06-17,23.00,8.350,8.780,6.360,6.828,2,45027,0.11,2026-08-10T14:18:44+00:00
2025-06-22T12:00:00+00:00,llo1,120,2025-06-17,28.00,8.240,8.438,5.710,5.967,2,45027,0.11,2026-08-10T14:18:44+00:00
2025-06-22T12:00:00+00:00,llo1,120,2025-06-17,33.00,6.330,8.020,4.940,5.576,2,45027,0.11,2026-08-10T14:18:44+00:00
2025-06-22T12:00:00+00:00,llo1,120,2025-06-17,38.00,5.300,7.633,4.680,5.233,2,45027,0.11,2026-08-10T14:18:44+00:00
2025-06-22T12:00:00+00:00,llo1,120,2025-06-17,43.00,5.030,7.403,4.650,,2,45027,0.11,2026-08-10T14:18:44+00:00
2025-06-19T12:00:00+00:00,llo1,24,2025-06-18,6.00,8.790,9.938,8.290,10.731,2,45027,0.11,2026-08-10T14:18:44+00:00
2025-06-19T12:00:00+00:00,llo1,24,2025-06-18,8.00,8.530,9.563,7.850,9.872,2,45027,0.11,2026-08-10T14:18:44+00:00
2025-06-19T12:00:00+00:00,llo1,24,2025-06-18,13.00,7.400,9.120,7.300,8.357,2,45027,0.11,2026-08-10T14:18:44+00:00
2025-06-19T12:00:00+00:00,llo1,24,2025-06-18,18.00,6.740,8.303,6.710,7.239,2,45027,0.11,2026-08-10T14:18:44+00:00
2025-06-19T12:00:00+00:00,llo1,24,2025-06-18,23.00,5.780,7.746,5.820,6.595,2,45027,0.11,2026-08-10T14:18:44+00:00
2025-06-19T12:00:00+00:00,llo1,24,2025-06-18,28.00,5.040,7.453,5.110,5.815,2,45027,0.11,2026-08-10T14:18:44+00:00
2025-06-19T12:00:00+00:00,llo1,24,2025-06-18,33.00,4.770,7.231,4.760,5.421,2,45027,0.11,2026-08-10T14:18:44+00:00
2025-06-19T12:00:00+00:00,llo1,24,2025-06-18,38.00,4.650,7.054,4.520,5.088,2,45027,0.11,2026-08-10T14:18:44+00:00
2025-06-19T12:00:00+00:00,llo1,24,2025-06-18,43.00,4.620,6.920,4.440,,2,45027,0.11,2026-08-10T14:18:44+00:00
2025-06-20T12:00:00+00:00,llo1,48,2025-06-18,6.00,9.950,12.866,8.290,10.852,2,45027,0.11,2026-08-10T14:18:44+00:00
2025-06-20T12:00:00+00:00,llo1,48,2025-06-18,8.00,8.970,12.640,7.850,10.024,2,45027,0.11,2026-08-10T14:18:44+00:00
2025-06-20T12:00:00+00:00,llo1,48,2025-06-18,13.00,8.420,11.647,7.300,8.507,2,45027,0.11,2026-08-10T14:18:44+00:00
2025-06-20T12:00:00+00:00,llo1,48,2025-06-18,18.00,7.950,11.017,6.710,7.318,2,45027,0.11,2026-08-10T14:18:44+00:00
2025-06-20T12:00:00+00:00,llo1,48,2025-06-18,23.00,6.330,9.732,5.820,6.690,2,45027,0.11,2026-08-10T14:18:44+00:00
2025-06-20T12:00:00+00:00,llo1,48,2025-06-18,28.00,5.080,8.820,5.110,5.887,2,45027,0.11,2026-08-10T14:18:44+00:00
2025-06-20T12:00:00+00:00,llo1,48,2025-06-18,33.00,4.890,8.135,4.760,5.497,2,45027,0.11,2026-08-10T14:18:44+00:00
2025-06-20T12:00:00+00:00,llo1,48,2025-06-18,38.00,4.810,7.662,4.520,5.162,2,45027,0.11,2026-08-10T14:18:44+00:00
2025-06-20T12:00:00+00:00,llo1,48,2025-06-18,43.00,4.690,7.351,4.440,,2,45027,0.11,2026-08-10T14:18:44+00:00
2025-06-21T12:00:00+00:00,llo1,72,2025-06-18,6.00,9.140,13.633,8.290,11.238,2,45027,0.11,2026-08-10T14:18:44+00:00
2025-06-21T12:00:00+00:00,llo1,72,2025-06-18,8.00,8.850,12.951,7.850,10.447,2,45027,0.11,2026-08-10T14:18:44+00:00
2025-06-21T12:00:00+00:00,llo1,72,2025-06-18,13.00,8.230,11.290,7.300,8.829,2,45027,0.11,2026-08-10T14:18:44+00:00
2025-06-21T12:00:00+00:00,llo1,72,2025-06-18,18.00,8.170,10.228,6.710,7.482,2,45027,0.11,2026-08-10T14:18:44+00:00
2025-06-21T12:00:00+00:00,llo1,72,2025-06-18,23.00,8.100,9.095,5.820,6.790,2,45027,0.11,2026-08-10T14:18:44+00:00
2025-06-21T12:00:00+00:00,llo1,72,2025-06-18,28.00,8.070,8.322,5.110,5.944,2,45027,0.11,2026-08-10T14:18:44+00:00
2025-06-21T12:00:00+00:00,llo1,72,2025-06-18,33.00,7.490,7.846,4.760,5.552,2,45027,0.11,2026-08-10T14:18:44+00:00
2025-06-21T12:00:00+00:00,llo1,72,2025-06-18,38.00,6.650,7.610,4.520,5.215,2,45027,0.11,2026-08-10T14:18:44+00:00
2025-06-21T12:00:00+00:00,llo1,72,2025-06-18,43.00,6.430,7.435,4.440,,2,45027,0.11,2026-08-10T14:18:44+00:00
2025-06-22T12:00:00+00:00,llo1,96,2025-06-18,6.00,8.430,14.531,8.290,11.421,2,45027,0.11,2026-08-10T14:18:44+00:00
2025-06-22T12:00:00+00:00,llo1,96,2025-06-18,8.00,8.450,13.924,7.850,10.629,2,45027,0.11,2026-08-10T14:18:44+00:00
2025-06-22T12:00:00+00:00,llo1,96,2025-06-18,13.00,8.440,12.431,7.300,9.075,2,45027,0.11,2026-08-10T14:18:44+00:00
2025-06-22T12:00:00+00:00,llo1,96,2025-06-18,18.00,8.420,10.326,6.710,7.707,2,45027,0.11,2026-08-10T14:18:44+00:00
2025-06-22T12:00:00+00:00,llo1,96,2025-06-18,23.00,8.350,9.036,5.820,6.828,2,45027,0.11,2026-08-10T14:18:44+00:00
2025-06-22T12:00:00+00:00,llo1,96,2025-06-18,28.00,8.240,8.507,5.110,5.967,2,45027,0.11,2026-08-10T14:18:44+00:00
2025-06-22T12:00:00+00:00,llo1,96,2025-06-18,33.00,6.330,8.165,4.760,5.576,2,45027,0.11,2026-08-10T14:18:44+00:00
2025-06-22T12:00:00+00:00,llo1,96,2025-06-18,38.00,5.300,7.809,4.520,5.233,2,45027,0.11,2026-08-10T14:18:44+00:00
2025-06-22T12:00:00+00:00,llo1,96,2025-06-18,43.00,5.030,7.646,4.440,,2,45027,0.11,2026-08-10T14:18:44+00:00
2025-06-23T12:00:00+00:00,llo1,120,2025-06-18,6.00,8.410,9.689,8.290,11.704,2,45027,0.11,2026-08-10T14:18:44+00:00
2025-06-23T12:00:00+00:00,llo1,120,2025-06-18,8.00,8.290,9.262,7.850,10.905,2,45027,0.11,2026-08-10T14:18:44+00:00
2025-06-23T12:00:00+00:00,llo1,120,2025-06-18,13.00,7.930,8.525,7.300,9.338,2,45027,0.11,2026-08-10T14:18:44+00:00
2025-06-23T12:00:00+00:00,llo1,120,2025-06-18,18.00,7.790,8.117,6.710,7.871,2,45027,0.11,2026-08-10T14:18:44+00:00
2025-06-23T12:00:00+00:00,llo1,120,2025-06-18,23.00,7.620,7.824,5.820,6.861,2,45027,0.11,2026-08-10T14:18:44+00:00
2025-06-23T12:00:00+00:00,llo1,120,2025-06-18,28.00,7.520,7.516,5.110,5.992,2,45027,0.11,2026-08-10T14:18:44+00:00
2025-06-23T12:00:00+00:00,llo1,120,2025-06-18,33.00,7.430,7.304,4.760,5.603,2,45027,0.11,2026-08-10T14:18:44+00:00
2025-06-23T12:00:00+00:00,llo1,120,2025-06-18,38.00,7.290,6.956,4.520,5.257,2,45027,0.11,2026-08-10T14:18:44+00:00
2025-06-23T12:00:00+00:00,llo1,120,2025-06-18,43.00,6.890,6.777,4.440,,2,45027,0.11,2026-08-10T14:18:44+00:00
2025-06-20T12:00:00+00:00,llo1,24,2025-06-19,6.00,9.950,11.562,8.790,10.852,2,45027,0.11,2026-08-10T14:18:44+00:00
2025-06-20T12:00:00+00:00,llo1,24,2025-06-19,8.00,8.970,11.231,8.530,10.024,2,45027,0.11,2026-08-10T14:18:44+00:00
2025-06-20T12:00:00+00:00,llo1,24,2025-06-19,13.00,8.420,10.599,7.400,8.507,2,45027,0.11,2026-08-10T14:18:44+00:00
2025-06-20T12:00:00+00:00,llo1,24,2025-06-19,18.00,7.950,9.206,6.740,7.318,2,45027,0.11,2026-08-10T14:18:44+00:00
2025-06-20T12:00:00+00:00,llo1,24,2025-06-19,23.00,6.330,8.902,5.780,6.690,2,45027,0.11,2026-08-10T14:18:44+00:00
2025-06-20T12:00:00+00:00,llo1,24,2025-06-19,28.00,5.080,8.857,5.040,5.887,2,45027,0.11,2026-08-10T14:18:44+00:00
2025-06-20T12:00:00+00:00,llo1,24,2025-06-19,33.00,4.890,8.295,4.770,5.497,2,45027,0.11,2026-08-10T14:18:44+00:00
2025-06-20T12:00:00+00:00,llo1,24,2025-06-19,38.00,4.810,7.684,4.650,5.162,2,45027,0.11,2026-08-10T14:18:44+00:00
2025-06-20T12:00:00+00:00,llo1,24,2025-06-19,43.00,4.690,7.319,4.620,,2,45027,0.11,2026-08-10T14:18:44+00:00
2025-06-21T12:00:00+00:00,llo1,48,2025-06-19,6.00,9.140,14.004,8.790,11.238,2,45027,0.11,2026-08-10T14:18:44+00:00
2025-06-21T12:00:00+00:00,llo1,48,2025-06-19,8.00,8.850,13.936,8.530,10.447,2,45027,0.11,2026-08-10T14:18:44+00:00
2025-06-21T12:00:00+00:00,llo1,48,2025-06-19,13.00,8.230,13.272,7.400,8.829,2,45027,0.11,2026-08-10T14:18:44+00:00
2025-06-21T12:00:00+00:00,llo1,48,2025-06-19,18.00,8.170,11.452,6.740,7.482,2,45027,0.11,2026-08-10T14:18:44+00:00
2025-06-21T12:00:00+00:00,llo1,48,2025-06-19,23.00,8.100,10.035,5.780,6.790,2,45027,0.11,2026-08-10T14:18:44+00:00
2025-06-21T12:00:00+00:00,llo1,48,2025-06-19,28.00,8.070,9.168,5.040,5.944,2,45027,0.11,2026-08-10T14:18:44+00:00
2025-06-21T12:00:00+00:00,llo1,48,2025-06-19,33.00,7.490,8.533,4.770,5.552,2,45027,0.11,2026-08-10T14:18:44+00:00
2025-06-21T12:00:00+00:00,llo1,48,2025-06-19,38.00,6.650,8.101,4.650,5.215,2,45027,0.11,2026-08-10T14:18:44+00:00
2025-06-21T12:00:00+00:00,llo1,48,2025-06-19,43.00,6.430,7.764,4.620,,2,45027,0.11,2026-08-10T14:18:44+00:00
2025-06-22T12:00:00+00:00,llo1,72,2025-06-19,6.00,8.430,13.966,8.790,11.421,2,45027,0.11,2026-08-10T14:18:44+00:00
2025-06-22T12:00:00+00:00,llo1,72,2025-06-19,8.00,8.450,13.338,8.530,10.629,2,45027,0.11,2026-08-10T14:18:44+00:00
2025-06-22T12:00:00+00:00,llo1,72,2025-06-19,13.00,8.440,12.184,7.400,9.075,2,45027,0.11,2026-08-10T14:18:44+00:00
2025-06-22T12:00:00+00:00,llo1,72,2025-06-19,18.00,8.420,11.110,6.740,7.707,2,45027,0.11,2026-08-10T14:18:44+00:00
2025-06-22T12:00:00+00:00,llo1,72,2025-06-19,23.00,8.350,10.096,5.780,6.828,2,45027,0.11,2026-08-10T14:18:44+00:00
2025-06-22T12:00:00+00:00,llo1,72,2025-06-19,28.00,8.240,9.114,5.040,5.967,2,45027,0.11,2026-08-10T14:18:44+00:00
2025-06-22T12:00:00+00:00,llo1,72,2025-06-19,33.00,6.330,8.596,4.770,5.576,2,45027,0.11,2026-08-10T14:18:44+00:00
2025-06-22T12:00:00+00:00,llo1,72,2025-06-19,38.00,5.300,8.192,4.650,5.233,2,45027,0.11,2026-08-10T14:18:44+00:00
2025-06-22T12:00:00+00:00,llo1,72,2025-06-19,43.00,5.030,7.984,4.620,,2,45027,0.11,2026-08-10T14:18:44+00:00
2025-06-23T12:00:00+00:00,llo1,96,2025-06-19,6.00,8.410,12.761,8.790,11.704,2,45027,0.11,2026-08-10T14:18:44+00:00
2025-06-23T12:00:00+00:00,llo1,96,2025-06-19,8.00,8.290,12.408,8.530,10.905,2,45027,0.11,2026-08-10T14:18:44+00:00
2025-06-23T12:00:00+00:00,llo1,96,2025-06-19,13.00,7.930,11.464,7.400,9.338,2,45027,0.11,2026-08-10T14:18:44+00:00
2025-06-23T12:00:00+00:00,llo1,96,2025-06-19,18.00,7.790,10.248,6.740,7.871,2,45027,0.11,2026-08-10T14:18:44+00:00
2025-06-23T12:00:00+00:00,llo1,96,2025-06-19,23.00,7.620,9.036,5.780,6.861,2,45027,0.11,2026-08-10T14:18:44+00:00
2025-06-23T12:00:00+00:00,llo1,96,2025-06-19,28.00,7.520,8.449,5.040,5.992,2,45027,0.11,2026-08-10T14:18:44+00:00
2025-06-23T12:00:00+00:00,llo1,96,2025-06-19,33.00,7.430,8.129,4.770,5.603,2,45027,0.11,2026-08-10T14:18:44+00:00
2025-06-23T12:00:00+00:00,llo1,96,2025-06-19,38.00,7.290,7.917,4.650,5.257,2,45027,0.11,2026-08-10T14:18:44+00:00
2025-06-23T12:00:00+00:00,llo1,96,2025-06-19,43.00,6.890,7.776,4.620,,2,45027,0.11,2026-08-10T14:18:44+00:00
2025-06-24T12:00:00+00:00,llo1,120,2025-06-19,6.00,8.700,12.187,8.790,11.756,2,45027,0.11,2026-08-10T14:18:44+00:00
2025-06-24T12:00:00+00:00,llo1,120,2025-06-19,8.00,8.530,11.093,8.530,10.980,2,45027,0.11,2026-08-10T14:18:44+00:00
2025-06-24T12:00:00+00:00,llo1,120,2025-06-19,13.00,8.160,9.974,7.400,9.226,2,45027,0.11,2026-08-10T14:18:44+00:00
2025-06-24T12:00:00+00:00,llo1,120,2025-06-19,18.00,7.310,9.084,6.740,7.807,2,45027,0.11,2026-08-10T14:18:44+00:00
2025-06-24T12:00:00+00:00,llo1,120,2025-06-19,23.00,7.200,8.290,5.780,6.795,2,45027,0.11,2026-08-10T14:18:44+00:00
2025-06-24T12:00:00+00:00,llo1,120,2025-06-19,28.00,6.570,7.779,5.040,5.969,2,45027,0.11,2026-08-10T14:18:44+00:00
2025-06-24T12:00:00+00:00,llo1,120,2025-06-19,33.00,6.130,7.528,4.770,5.601,2,45027,0.11,2026-08-10T14:18:44+00:00
2025-06-24T12:00:00+00:00,llo1,120,2025-06-19,38.00,5.950,7.333,4.650,5.273,2,45027,0.11,2026-08-10T14:18:44+00:00
2025-06-24T12:00:00+00:00,llo1,120,2025-06-19,43.00,5.870,7.199,4.620,,2,45027,0.11,2026-08-10T14:18:44+00:00
2025-06-21T12:00:00+00:00,llo1,24,2025-06-20,6.00,9.140,13.429,9.950,11.238,2,45027,0.11,2026-08-10T14:18:44+00:00
2025-06-21T12:00:00+00:00,llo1,24,2025-06-20,8.00,8.850,13.349,8.970,10.447,2,45027,0.11,2026-08-10T14:18:44+00:00
2025-06-21T12:00:00+00:00,llo1,24,2025-06-20,13.00,8.230,12.922,8.420,8.829,2,45027,0.11,2026-08-10T14:18:44+00:00
2025-06-21T12:00:00+00:00,llo1,24,2025-06-20,18.00,8.170,11.465,7.950,7.482,2,45027,0.11,2026-08-10T14:18:44+00:00
2025-06-21T12:00:00+00:00,llo1,24,2025-06-20,23.00,8.100,10.460,6.330,6.790,2,45027,0.11,2026-08-10T14:18:44+00:00
2025-06-21T12:00:00+00:00,llo1,24,2025-06-20,28.00,8.070,9.517,5.080,5.944,2,45027,0.11,2026-08-10T14:18:44+00:00
2025-06-21T12:00:00+00:00,llo1,24,2025-06-20,33.00,7.490,8.661,4.890,5.552,2,45027,0.11,2026-08-10T14:18:44+00:00
2025-06-21T12:00:00+00:00,llo1,24,2025-06-20,38.00,6.650,8.117,4.810,5.215,2,45027,0.11,2026-08-10T14:18:44+00:00
2025-06-21T12:00:00+00:00,llo1,24,2025-06-20,43.00,6.430,7.679,4.690,,2,45027,0.11,2026-08-10T14:18:44+00:00
2025-06-22T12:00:00+00:00,llo1,48,2025-06-20,6.00,8.430,14.107,9.950,11.421,2,45027,0.11,2026-08-10T14:18:44+00:00
2025-06-22T12:00:00+00:00,llo1,48,2025-06-20,8.00,8.450,13.755,8.970,10.629,2,45027,0.11,2026-08-10T14:18:44+00:00
2025-06-22T12:00:00+00:00,llo1,48,2025-06-20,13.00,8.440,12.384,8.420,9.075,2,45027,0.11,2026-08-10T14:18:44+00:00
2025-06-22T12:00:00+00:00,llo1,48,2025-06-20,18.00,8.420,10.999,7.950,7.707,2,45027,0.11,2026-08-10T14:18:44+00:00
2025-06-22T12:00:00+00:00,llo1,48,2025-06-20,23.00,8.350,9.765,6.330,6.828,2,45027,0.11,2026-08-10T14:18:44+00:00
2025-06-22T12:00:00+00:00,llo1,48,2025-06-20,28.00,8.240,9.025,5.080,5.967,2,45027,0.11,2026-08-10T14:18:44+00:00
2025-06-22T12:00:00+00:00,llo1,48,2025-06-20,33.00,6.330,8.378,4.890,5.576,2,45027,0.11,2026-08-10T14:18:44+00:00
2025-06-22T12:00:00+00:00,llo1,48,2025-06-20,38.00,5.300,8.062,4.810,5.233,2,45027,0.11,2026-08-10T14:18:44+00:00
2025-06-22T12:00:00+00:00,llo1,48,2025-06-20,43.00,5.030,7.951,4.690,,2,45027,0.11,2026-08-10T14:18:44+00:00
2025-06-23T12:00:00+00:00,llo1,72,2025-06-20,6.00,8.410,12.014,9.950,11.704,2,45027,0.11,2026-08-10T14:18:44+00:00
2025-06-23T12:00:00+00:00,llo1,72,2025-06-20,8.00,8.290,11.566,8.970,10.905,2,45027,0.11,2026-08-10T14:18:44+00:00
2025-06-23T12:00:00+00:00,llo1,72,2025-06-20,13.00,7.930,10.881,8.420,9.338,2,45027,0.11,2026-08-10T14:18:44+00:00
2025-06-23T12:00:00+00:00,llo1,72,2025-06-20,18.00,7.790,9.875,7.950,7.871,2,45027,0.11,2026-08-10T14:18:44+00:00
2025-06-23T12:00:00+00:00,llo1,72,2025-06-20,23.00,7.620,8.966,6.330,6.861,2,45027,0.11,2026-08-10T14:18:44+00:00
2025-06-23T12:00:00+00:00,llo1,72,2025-06-20,28.00,7.520,8.284,5.080,5.992,2,45027,0.11,2026-08-10T14:18:44+00:00
2025-06-23T12:00:00+00:00,llo1,72,2025-06-20,33.00,7.430,8.042,4.890,5.603,2,45027,0.11,2026-08-10T14:18:44+00:00
2025-06-23T12:00:00+00:00,llo1,72,2025-06-20,38.00,7.290,7.828,4.810,5.257,2,45027,0.11,2026-08-10T14:18:44+00:00
2025-06-23T12:00:00+00:00,llo1,72,2025-06-20,43.00,6.890,7.555,4.690,,2,45027,0.11,2026-08-10T14:18:44+00:00
2025-06-24T12:00:00+00:00,llo1,96,2025-06-20,6.00,8.700,11.612,9.950,11.756,2,45027,0.11,2026-08-10T14:18:44+00:00
2025-06-24T12:00:00+00:00,llo1,96,2025-06-20,8.00,8.530,10.807,8.970,10.980,2,45027,0.11,2026-08-10T14:18:44+00:00
2025-06-24T12:00:00+00:00,llo1,96,2025-06-20,13.00,8.160,9.302,8.420,9.226,2,45027,0.11,2026-08-10T14:18:44+00:00
2025-06-24T12:00:00+00:00,llo1,96,2025-06-20,18.00,7.310,8.280,7.950,7.807,2,45027,0.11,2026-08-10T14:18:44+00:00
2025-06-24T12:00:00+00:00,llo1,96,2025-06-20,23.00,7.200,7.667,6.330,6.795,2,45027,0.11,2026-08-10T14:18:44+00:00
2025-06-24T12:00:00+00:00,llo1,96,2025-06-20,28.00,6.570,7.384,5.080,5.969,2,45027,0.11,2026-08-10T14:18:44+00:00
2025-06-24T12:00:00+00:00,llo1,96,2025-06-20,33.00,6.130,7.219,4.890,5.601,2,45027,0.11,2026-08-10T14:18:44+00:00
2025-06-24T12:00:00+00:00,llo1,96,2025-06-20,38.00,5.950,7.022,4.810,5.273,2,45027,0.11,2026-08-10T14:18:44+00:00
2025-06-24T12:00:00+00:00,llo1,96,2025-06-20,43.00,5.870,6.843,4.690,,2,45027,0.11,2026-08-10T14:18:44+00:00
2025-06-25T12:00:00+00:00,llo1,120,2025-06-20,6.00,9.190,13.200,9.950,12.036,2,45027,0.11,2026-08-10T14:18:44+00:00
2025-06-25T12:00:00+00:00,llo1,120,2025-06-20,8.00,8.600,12.010,8.970,11.318,2,45027,0.11,2026-08-10T14:18:44+00:00
2025-06-25T12:00:00+00:00,llo1,120,2025-06-20,13.00,7.760,9.615,8.420,9.402,2,45027,0.11,2026-08-10T14:18:44+00:00
2025-06-25T12:00:00+00:00,llo1,120,2025-06-20,18.00,7.270,8.894,7.950,7.877,2,45027,0.11,2026-08-10T14:18:44+00:00
2025-06-25T12:00:00+00:00,llo1,120,2025-06-20,23.00,6.770,8.430,6.330,6.787,2,45027,0.11,2026-08-10T14:18:44+00:00
2025-06-25T12:00:00+00:00,llo1,120,2025-06-20,28.00,6.260,8.038,5.080,5.879,2,45027,0.11,2026-08-10T14:18:44+00:00
2025-06-25T12:00:00+00:00,llo1,120,2025-06-20,33.00,5.830,7.718,4.890,5.583,2,45027,0.11,2026-08-10T14:18:44+00:00
2025-06-25T12:00:00+00:00,llo1,120,2025-06-20,38.00,5.770,7.460,4.810,5.286,2,45027,0.11,2026-08-10T14:18:44+00:00
2025-06-25T12:00:00+00:00,llo1,120,2025-06-20,43.00,5.750,7.243,4.690,,2,45027,0.11,2026-08-10T14:18:44+00:00
2025-06-22T12:00:00+00:00,llo1,24,2025-06-21,6.00,8.430,14.554,9.140,11.421,2,45027,0.11,2026-08-10T14:18:44+00:00
2025-06-22T12:00:00+00:00,llo1,24,2025-06-21,8.00,8.450,14.544,8.850,10.629,2,45027,0.11,2026-08-10T14:18:44+00:00
2025-06-22T12:00:00+00:00,llo1,24,2025-06-21,13.00,8.440,14.489,8.230,9.075,2,45027,0.11,2026-08-10T14:18:44+00:00
2025-06-22T12:00:00+00:00,llo1,24,2025-06-21,18.00,8.420,13.051,8.170,7.707,2,45027,0.11,2026-08-10T14:18:44+00:00
2025-06-22T12:00:00+00:00,llo1,24,2025-06-21,23.00,8.350,11.302,8.100,6.828,2,45027,0.11,2026-08-10T14:18:44+00:00
2025-06-22T12:00:00+00:00,llo1,24,2025-06-21,28.00,8.240,9.901,8.070,5.967,2,45027,0.11,2026-08-10T14:18:44+00:00
2025-06-22T12:00:00+00:00,llo1,24,2025-06-21,33.00,6.330,8.902,7.490,5.576,2,45027,0.11,2026-08-10T14:18:44+00:00
2025-06-22T12:00:00+00:00,llo1,24,2025-06-21,38.00,5.300,8.235,6.650,5.233,2,45027,0.11,2026-08-10T14:18:44+00:00
2025-06-22T12:00:00+00:00,llo1,24,2025-06-21,43.00,5.030,7.854,6.430,,2,45027,0.11,2026-08-10T14:18:44+00:00
2025-06-23T12:00:00+00:00,llo1,48,2025-06-21,6.00,8.410,14.170,9.140,11.704,2,45027,0.11,2026-08-10T14:18:44+00:00
2025-06-23T12:00:00+00:00,llo1,48,2025-06-21,8.00,8.290,13.630,8.850,10.905,2,45027,0.11,2026-08-10T14:18:44+00:00
2025-06-23T12:00:00+00:00,llo1,48,2025-06-21,13.00,7.930,12.464,8.230,9.338,2,45027,0.11,2026-08-10T14:18:44+00:00
2025-06-23T12:00:00+00:00,llo1,48,2025-06-21,18.00,7.790,11.227,8.170,7.871,2,45027,0.11,2026-08-10T14:18:44+00:00
2025-06-23T12:00:00+00:00,llo1,48,2025-06-21,23.00,7.620,10.015,8.100,6.861,2,45027,0.11,2026-08-10T14:18:44+00:00
2025-06-23T12:00:00+00:00,llo1,48,2025-06-21,28.00,7.520,9.164,8.070,5.992,2,45027,0.11,2026-08-10T14:18:44+00:00
2025-06-23T12:00:00+00:00,llo1,48,2025-06-21,33.00,7.430,8.607,7.490,5.603,2,45027,0.11,2026-08-10T14:18:44+00:00
2025-06-23T12:00:00+00:00,llo1,48,2025-06-21,38.00,7.290,8.384,6.650,5.257,2,45027,0.11,2026-08-10T14:18:44+00:00
2025-06-23T12:00:00+00:00,llo1,48,2025-06-21,43.00,6.890,8.100,6.430,,2,45027,0.11,2026-08-10T14:18:44+00:00
2025-06-24T12:00:00+00:00,llo1,72,2025-06-21,6.00,8.700,13.697,9.140,11.756,2,45027,0.11,2026-08-10T14:18:44+00:00
2025-06-24T12:00:00+00:00,llo1,72,2025-06-21,8.00,8.530,12.846,8.850,10.980,2,45027,0.11,2026-08-10T14:18:44+00:00
2025-06-24T12:00:00+00:00,llo1,72,2025-06-21,13.00,8.160,10.901,8.230,9.226,2,45027,0.11,2026-08-10T14:18:44+00:00
2025-06-24T12:00:00+00:00,llo1,72,2025-06-21,18.00,7.310,9.614,8.170,7.807,2,45027,0.11,2026-08-10T14:18:44+00:00
2025-06-24T12:00:00+00:00,llo1,72,2025-06-21,23.00,7.200,8.755,8.100,6.795,2,45027,0.11,2026-08-10T14:18:44+00:00
2025-06-24T12:00:00+00:00,llo1,72,2025-06-21,28.00,6.570,8.196,8.070,5.969,2,45027,0.11,2026-08-10T14:18:44+00:00
2025-06-24T12:00:00+00:00,llo1,72,2025-06-21,33.00,6.130,7.794,7.490,5.601,2,45027,0.11,2026-08-10T14:18:44+00:00
2025-06-24T12:00:00+00:00,llo1,72,2025-06-21,38.00,5.950,7.561,6.650,5.273,2,45027,0.11,2026-08-10T14:18:44+00:00
2025-06-24T12:00:00+00:00,llo1,72,2025-06-21,43.00,5.870,7.345,6.430,,2,45027,0.11,2026-08-10T14:18:44+00:00
2025-06-25T12:00:00+00:00,llo1,96,2025-06-21,6.00,9.190,14.023,9.140,12.036,2,45027,0.11,2026-08-10T14:18:44+00:00
2025-06-25T12:00:00+00:00,llo1,96,2025-06-21,8.00,8.600,12.388,8.850,11.318,2,45027,0.11,2026-08-10T14:18:44+00:00
2025-06-25T12:00:00+00:00,llo1,96,2025-06-21,13.00,7.760,10.470,8.230,9.402,2,45027,0.11,2026-08-10T14:18:44+00:00
2025-06-25T12:00:00+00:00,llo1,96,2025-06-21,18.00,7.270,9.639,8.170,7.877,2,45027,0.11,2026-08-10T14:18:44+00:00
2025-06-25T12:00:00+00:00,llo1,96,2025-06-21,23.00,6.770,8.950,8.100,6.787,2,45027,0.11,2026-08-10T14:18:44+00:00
2025-06-25T12:00:00+00:00,llo1,96,2025-06-21,28.00,6.260,8.466,8.070,5.879,2,45027,0.11,2026-08-10T14:18:44+00:00
2025-06-25T12:00:00+00:00,llo1,96,2025-06-21,33.00,5.830,8.077,7.490,5.583,2,45027,0.11,2026-08-10T14:18:44+00:00
2025-06-25T12:00:00+00:00,llo1,96,2025-06-21,38.00,5.770,7.808,6.650,5.286,2,45027,0.11,2026-08-10T14:18:44+00:00
2025-06-25T12:00:00+00:00,llo1,96,2025-06-21,43.00,5.750,7.675,6.430,,2,45027,0.11,2026-08-10T14:18:44+00:00
2025-06-26T12:00:00+00:00,llo1,120,2025-06-21,6.00,10.780,16.037,9.140,12.209,2,45027,0.11,2026-08-10T14:18:44+00:00
2025-06-26T12:00:00+00:00,llo1,120,2025-06-21,8.00,10.770,15.361,8.850,11.350,2,45027,0.11,2026-08-10T14:18:44+00:00
2025-06-26T12:00:00+00:00,llo1,120,2025-06-21,13.00,9.130,11.641,8.230,9.484,2,45027,0.11,2026-08-10T14:18:44+00:00
2025-06-26T12:00:00+00:00,llo1,120,2025-06-21,18.00,7.590,10.590,8.170,7.874,2,45027,0.11,2026-08-10T14:18:44+00:00
2025-06-26T12:00:00+00:00,llo1,120,2025-06-21,23.00,7.160,9.269,8.100,6.771,2,45027,0.11,2026-08-10T14:18:44+00:00
2025-06-26T12:00:00+00:00,llo1,120,2025-06-21,28.00,6.850,8.585,8.070,5.861,2,45027,0.11,2026-08-10T14:18:44+00:00
2025-06-26T12:00:00+00:00,llo1,120,2025-06-21,33.00,6.400,8.195,7.490,5.556,2,45027,0.11,2026-08-10T14:18:44+00:00
2025-06-26T12:00:00+00:00,llo1,120,2025-06-21,38.00,6.240,7.882,6.650,5.265,2,45027,0.11,2026-08-10T14:18:44+00:00
2025-06-26T12:00:00+00:00,llo1,120,2025-06-21,43.00,6.140,7.781,6.430,,2,45027,0.11,2026-08-10T14:18:44+00:00
2025-06-23T12:00:00+00:00,llo1,24,2025-06-22,6.00,8.410,14.145,8.430,11.704,2,45027,0.11,2026-08-10T14:18:44+00:00
2025-06-23T12:00:00+00:00,llo1,24,2025-06-22,8.00,8.290,13.768,8.450,10.905,2,45027,0.11,2026-08-10T14:18:44+00:00
2025-06-23T12:00:00+00:00,llo1,24,2025-06-22,13.00,7.930,12.645,8.440,9.338,2,45027,0.11,2026-08-10T14:18:44+00:00
2025-06-23T12:00:00+00:00,llo1,24,2025-06-22,18.00,7.790,11.682,8.420,7.871,2,45027,0.11,2026-08-10T14:18:44+00:00
2025-06-23T12:00:00+00:00,llo1,24,2025-06-22,23.00,7.620,10.603,8.350,6.861,2,45027,0.11,2026-08-10T14:18:44+00:00
2025-06-23T12:00:00+00:00,llo1,24,2025-06-22,28.00,7.520,9.747,8.240,5.992,2,45027,0.11,2026-08-10T14:18:44+00:00
2025-06-23T12:00:00+00:00,llo1,24,2025-06-22,33.00,7.430,9.126,6.330,5.603,2,45027,0.11,2026-08-10T14:18:44+00:00
2025-06-23T12:00:00+00:00,llo1,24,2025-06-22,38.00,7.290,8.771,5.300,5.257,2,45027,0.11,2026-08-10T14:18:44+00:00
2025-06-23T12:00:00+00:00,llo1,24,2025-06-22,43.00,6.890,8.430,5.030,,2,45027,0.11,2026-08-10T14:18:44+00:00
2025-06-24T12:00:00+00:00,llo1,48,2025-06-22,6.00,8.700,13.616,8.430,11.756,2,45027,0.11,2026-08-10T14:18:44+00:00
2025-06-24T12:00:00+00:00,llo1,48,2025-06-22,8.00,8.530,13.141,8.450,10.980,2,45027,0.11,2026-08-10T14:18:44+00:00
2025-06-24T12:00:00+00:00,llo1,48,2025-06-22,13.00,8.160,11.469,8.440,9.226,2,45027,0.11,2026-08-10T14:18:44+00:00
2025-06-24T12:00:00+00:00,llo1,48,2025-06-22,18.00,7.310,9.905,8.420,7.807,2,45027,0.11,2026-08-10T14:18:44+00:00
2025-06-24T12:00:00+00:00,llo1,48,2025-06-22,23.00,7.200,8.936,8.350,6.795,2,45027,0.11,2026-08-10T14:18:44+00:00
2025-06-24T12:00:00+00:00,llo1,48,2025-06-22,28.00,6.570,8.348,8.240,5.969,2,45027,0.11,2026-08-10T14:18:44+00:00
2025-06-24T12:00:00+00:00,llo1,48,2025-06-22,33.00,6.130,7.989,6.330,5.601,2,45027,0.11,2026-08-10T14:18:44+00:00
2025-06-24T12:00:00+00:00,llo1,48,2025-06-22,38.00,5.950,7.787,5.300,5.273,2,45027,0.11,2026-08-10T14:18:44+00:00
2025-06-24T12:00:00+00:00,llo1,48,2025-06-22,43.00,5.870,7.549,5.030,,2,45027,0.11,2026-08-10T14:18:44+00:00
2025-06-25T12:00:00+00:00,llo1,72,2025-06-22,6.00,9.190,12.864,8.430,12.036,2,45027,0.11,2026-08-10T14:18:44+00:00
2025-06-25T12:00:00+00:00,llo1,72,2025-06-22,8.00,8.600,11.948,8.450,11.318,2,45027,0.11,2026-08-10T14:18:44+00:00
2025-06-25T12:00:00+00:00,llo1,72,2025-06-22,13.00,7.760,10.425,8.440,9.402,2,45027,0.11,2026-08-10T14:18:44+00:00
2025-06-25T12:00:00+00:00,llo1,72,2025-06-22,18.00,7.270,9.530,8.420,7.877,2,45027,0.11,2026-08-10T14:18:44+00:00
2025-06-25T12:00:00+00:00,llo1,72,2025-06-22,23.00,6.770,8.897,8.350,6.787,2,45027,0.11,2026-08-10T14:18:44+00:00
2025-06-25T12:00:00+00:00,llo1,72,2025-06-22,28.00,6.260,8.353,8.240,5.879,2,45027,0.11,2026-08-10T14:18:44+00:00
2025-06-25T12:00:00+00:00,llo1,72,2025-06-22,33.00,5.830,7.978,6.330,5.583,2,45027,0.11,2026-08-10T14:18:44+00:00
2025-06-25T12:00:00+00:00,llo1,72,2025-06-22,38.00,5.770,7.758,5.300,5.286,2,45027,0.11,2026-08-10T14:18:44+00:00
2025-06-25T12:00:00+00:00,llo1,72,2025-06-22,43.00,5.750,7.714,5.030,,2,45027,0.11,2026-08-10T14:18:44+00:00
2025-06-26T12:00:00+00:00,llo1,96,2025-06-22,6.00,10.780,15.611,8.430,12.209,2,45027,0.11,2026-08-10T14:18:44+00:00
2025-06-26T12:00:00+00:00,llo1,96,2025-06-22,8.00,10.770,14.428,8.450,11.350,2,45027,0.11,2026-08-10T14:18:44+00:00
2025-06-26T12:00:00+00:00,llo1,96,2025-06-22,13.00,9.130,10.881,8.440,9.484,2,45027,0.11,2026-08-10T14:18:44+00:00
2025-06-26T12:00:00+00:00,llo1,96,2025-06-22,18.00,7.590,9.481,8.420,7.874,2,45027,0.11,2026-08-10T14:18:44+00:00
2025-06-26T12:00:00+00:00,llo1,96,2025-06-22,23.00,7.160,8.550,8.350,6.771,2,45027,0.11,2026-08-10T14:18:44+00:00
2025-06-26T12:00:00+00:00,llo1,96,2025-06-22,28.00,6.850,8.044,8.240,5.861,2,45027,0.11,2026-08-10T14:18:44+00:00
2025-06-26T12:00:00+00:00,llo1,96,2025-06-22,33.00,6.400,7.811,6.330,5.556,2,45027,0.11,2026-08-10T14:18:44+00:00
2025-06-26T12:00:00+00:00,llo1,96,2025-06-22,38.00,6.240,7.665,5.300,5.265,2,45027,0.11,2026-08-10T14:18:44+00:00
2025-06-26T12:00:00+00:00,llo1,96,2025-06-22,43.00,6.140,7.486,5.030,,2,45027,0.11,2026-08-10T14:18:44+00:00
2025-06-27T12:00:00+00:00,llo1,120,2025-06-22,6.00,9.570,15.967,8.430,12.408,2,45027,0.11,2026-08-10T14:18:44+00:00
2025-06-27T12:00:00+00:00,llo1,120,2025-06-22,8.00,9.460,15.707,8.450,11.532,2,45027,0.11,2026-08-10T14:18:44+00:00
2025-06-27T12:00:00+00:00,llo1,120,2025-06-22,13.00,9.320,13.307,8.440,9.505,2,45027,0.11,2026-08-10T14:18:44+00:00
2025-06-27T12:00:00+00:00,llo1,120,2025-06-22,18.00,9.270,10.756,8.420,7.767,2,45027,0.11,2026-08-10T14:18:44+00:00
2025-06-27T12:00:00+00:00,llo1,120,2025-06-22,23.00,9.220,9.602,8.350,6.714,2,45027,0.11,2026-08-10T14:18:44+00:00
2025-06-27T12:00:00+00:00,llo1,120,2025-06-22,28.00,9.190,8.941,8.240,5.823,2,45027,0.11,2026-08-10T14:18:44+00:00
2025-06-27T12:00:00+00:00,llo1,120,2025-06-22,33.00,9.100,8.463,6.330,5.524,2,45027,0.11,2026-08-10T14:18:44+00:00
2025-06-27T12:00:00+00:00,llo1,120,2025-06-22,38.00,9.030,8.062,5.300,5.225,2,45027,0.11,2026-08-10T14:18:44+00:00
2025-06-27T12:00:00+00:00,llo1,120,2025-06-22,43.00,9.010,7.894,5.030,,2,45027,0.11,2026-08-10T14:18:44+00:00
2025-06-24T12:00:00+00:00,llo1,24,2025-06-23,6.00,8.700,13.156,8.410,11.756,2,45027,0.11,2026-08-10T14:18:44+00:00
2025-06-24T12:00:00+00:00,llo1,24,2025-06-23,8.00,8.530,12.578,8.290,10.980,2,45027,0.11,2026-08-10T14:18:44+00:00
2025-06-24T12:00:00+00:00,llo1,24,2025-06-23,13.00,8.160,11.301,7.930,9.226,2,45027,0.11,2026-08-10T14:18:44+00:00
2025-06-24T12:00:00+00:00,llo1,24,2025-06-23,18.00,7.310,10.002,7.790,7.807,2,45027,0.11,2026-08-10T14:18:44+00:00
2025-06-24T12:00:00+00:00,llo1,24,2025-06-23,23.00,7.200,8.999,7.620,6.795,2,45027,0.11,2026-08-10T14:18:44+00:00
2025-06-24T12:00:00+00:00,llo1,24,2025-06-23,28.00,6.570,8.336,7.520,5.969,2,45027,0.11,2026-08-10T14:18:44+00:00
2025-06-24T12:00:00+00:00,llo1,24,2025-06-23,33.00,6.130,8.009,7.430,5.601,2,45027,0.11,2026-08-10T14:18:44+00:00
2025-06-24T12:00:00+00:00,llo1,24,2025-06-23,38.00,5.950,7.799,7.290,5.273,2,45027,0.11,2026-08-10T14:18:44+00:00
2025-06-24T12:00:00+00:00,llo1,24,2025-06-23,43.00,5.870,7.524,6.890,,2,45027,0.11,2026-08-10T14:18:44+00:00
2025-06-25T12:00:00+00:00,llo1,48,2025-06-23,6.00,9.190,12.977,8.410,12.036,2,45027,0.11,2026-08-10T14:18:44+00:00
2025-06-25T12:00:00+00:00,llo1,48,2025-06-23,8.00,8.600,11.652,8.290,11.318,2,45027,0.11,2026-08-10T14:18:44+00:00
2025-06-25T12:00:00+00:00,llo1,48,2025-06-23,13.00,7.760,9.751,7.930,9.402,2,45027,0.11,2026-08-10T14:18:44+00:00
2025-06-25T12:00:00+00:00,llo1,48,2025-06-23,18.00,7.270,9.487,7.790,7.877,2,45027,0.11,2026-08-10T14:18:44+00:00
2025-06-25T12:00:00+00:00,llo1,48,2025-06-23,23.00,6.770,8.835,7.620,6.787,2,45027,0.11,2026-08-10T14:18:44+00:00
2025-06-25T12:00:00+00:00,llo1,48,2025-06-23,28.00,6.260,8.291,7.520,5.879,2,45027,0.11,2026-08-10T14:18:44+00:00
2025-06-25T12:00:00+00:00,llo1,48,2025-06-23,33.00,5.830,7.995,7.430,5.583,2,45027,0.11,2026-08-10T14:18:44+00:00
2025-06-25T12:00:00+00:00,llo1,48,2025-06-23,38.00,5.770,7.789,7.290,5.286,2,45027,0.11,2026-08-10T14:18:44+00:00
2025-06-25T12:00:00+00:00,llo1,48,2025-06-23,43.00,5.750,7.740,6.890,,2,45027,0.11,2026-08-10T14:18:44+00:00
2025-06-26T12:00:00+00:00,llo1,72,2025-06-23,6.00,10.780,15.460,8.410,12.209,2,45027,0.11,2026-08-10T14:18:44+00:00
2025-06-26T12:00:00+00:00,llo1,72,2025-06-23,8.00,10.770,14.800,8.290,11.350,2,45027,0.11,2026-08-10T14:18:44+00:00
2025-06-26T12:00:00+00:00,llo1,72,2025-06-23,13.00,9.130,12.559,7.930,9.484,2,45027,0.11,2026-08-10T14:18:44+00:00
2025-06-26T12:00:00+00:00,llo1,72,2025-06-23,18.00,7.590,11.141,7.790,7.874,2,45027,0.11,2026-08-10T14:18:44+00:00
2025-06-26T12:00:00+00:00,llo1,72,2025-06-23,23.00,7.160,9.926,7.620,6.771,2,45027,0.11,2026-08-10T14:18:44+00:00
2025-06-26T12:00:00+00:00,llo1,72,2025-06-23,28.00,6.850,8.908,7.520,5.861,2,45027,0.11,2026-08-10T14:18:44+00:00
2025-06-26T12:00:00+00:00,llo1,72,2025-06-23,33.00,6.400,8.177,7.430,5.556,2,45027,0.11,2026-08-10T14:18:44+00:00
2025-06-26T12:00:00+00:00,llo1,72,2025-06-23,38.00,6.240,7.898,7.290,5.265,2,45027,0.11,2026-08-10T14:18:44+00:00
2025-06-26T12:00:00+00:00,llo1,72,2025-06-23,43.00,6.140,7.788,6.890,,2,45027,0.11,2026-08-10T14:18:44+00:00
2025-06-27T12:00:00+00:00,llo1,96,2025-06-23,6.00,9.570,15.942,8.410,12.408,2,45027,0.11,2026-08-10T14:18:44+00:00
2025-06-27T12:00:00+00:00,llo1,96,2025-06-23,8.00,9.460,15.687,8.290,11.532,2,45027,0.11,2026-08-10T14:18:44+00:00
2025-06-27T12:00:00+00:00,llo1,96,2025-06-23,13.00,9.320,13.515,7.930,9.505,2,45027,0.11,2026-08-10T14:18:44+00:00
2025-06-27T12:00:00+00:00,llo1,96,2025-06-23,18.00,9.270,11.269,7.790,7.767,2,45027,0.11,2026-08-10T14:18:44+00:00
2025-06-27T12:00:00+00:00,llo1,96,2025-06-23,23.00,9.220,9.762,7.620,6.714,2,45027,0.11,2026-08-10T14:18:44+00:00
2025-06-27T12:00:00+00:00,llo1,96,2025-06-23,28.00,9.190,9.020,7.520,5.823,2,45027,0.11,2026-08-10T14:18:44+00:00
2025-06-27T12:00:00+00:00,llo1,96,2025-06-23,33.00,9.100,8.579,7.430,5.524,2,45027,0.11,2026-08-10T14:18:44+00:00
2025-06-27T12:00:00+00:00,llo1,96,2025-06-23,38.00,9.030,8.194,7.290,5.225,2,45027,0.11,2026-08-10T14:18:44+00:00
2025-06-27T12:00:00+00:00,llo1,96,2025-06-23,43.00,9.010,7.995,6.890,,2,45027,0.11,2026-08-10T14:18:44+00:00
2025-06-28T12:00:00+00:00,llo1,120,2025-06-23,6.00,9.210,15.526,8.410,12.447,2,45027,0.11,2026-08-10T14:18:44+00:00
2025-06-28T12:00:00+00:00,llo1,120,2025-06-23,8.00,9.210,14.368,8.290,11.546,2,45027,0.11,2026-08-10T14:18:44+00:00
2025-06-28T12:00:00+00:00,llo1,120,2025-06-23,13.00,9.210,11.549,7.930,9.467,2,45027,0.11,2026-08-10T14:18:44+00:00
2025-06-28T12:00:00+00:00,llo1,120,2025-06-23,18.00,9.170,10.117,7.790,7.673,2,45027,0.11,2026-08-10T14:18:44+00:00
2025-06-28T12:00:00+00:00,llo1,120,2025-06-23,23.00,8.970,9.456,7.620,6.646,2,45027,0.11,2026-08-10T14:18:44+00:00
2025-06-28T12:00:00+00:00,llo1,120,2025-06-23,28.00,8.850,8.870,7.520,5.786,2,45027,0.11,2026-08-10T14:18:44+00:00
2025-06-28T12:00:00+00:00,llo1,120,2025-06-23,33.00,8.710,8.316,7.430,5.509,2,45027,0.11,2026-08-10T14:18:44+00:00
2025-06-28T12:00:00+00:00,llo1,120,2025-06-23,38.00,8.470,7.986,7.290,5.217,2,45027,0.11,2026-08-10T14:18:44+00:00
2025-06-28T12:00:00+00:00,llo1,120,2025-06-23,43.00,8.400,7.756,6.890,,2,45027,0.11,2026-08-10T14:18:44+00:00
2025-06-25T12:00:00+00:00,llo1,24,2025-06-24,6.00,9.190,13.631,8.700,12.036,2,45027,0.11,2026-08-10T14:18:44+00:00
2025-06-25T12:00:00+00:00,llo1,24,2025-06-24,8.00,8.600,12.159,8.530,11.318,2,45027,0.11,2026-08-10T14:18:44+00:00
2025-06-25T12:00:00+00:00,llo1,24,2025-06-24,13.00,7.760,9.917,8.160,9.402,2,45027,0.11,2026-08-10T14:18:44+00:00
2025-06-25T12:00:00+00:00,llo1,24,2025-06-24,18.00,7.270,9.109,7.310,7.877,2,45027,0.11,2026-08-10T14:18:44+00:00
2025-06-25T12:00:00+00:00,llo1,24,2025-06-24,23.00,6.770,8.526,7.200,6.787,2,45027,0.11,2026-08-10T14:18:44+00:00
2025-06-25T12:00:00+00:00,llo1,24,2025-06-24,28.00,6.260,8.043,6.570,5.879,2,45027,0.11,2026-08-10T14:18:44+00:00
2025-06-25T12:00:00+00:00,llo1,24,2025-06-24,33.00,5.830,7.760,6.130,5.583,2,45027,0.11,2026-08-10T14:18:44+00:00
2025-06-25T12:00:00+00:00,llo1,24,2025-06-24,38.00,5.770,7.620,5.950,5.286,2,45027,0.11,2026-08-10T14:18:44+00:00
2025-06-25T12:00:00+00:00,llo1,24,2025-06-24,43.00,5.750,7.546,5.870,,2,45027,0.11,2026-08-10T14:18:44+00:00
2025-06-26T12:00:00+00:00,llo1,48,2025-06-24,6.00,10.780,15.474,8.700,12.209,2,45027,0.11,2026-08-10T14:18:44+00:00
2025-06-26T12:00:00+00:00,llo1,48,2025-06-24,8.00,10.770,15.060,8.530,11.350,2,45027,0.11,2026-08-10T14:18:44+00:00
2025-06-26T12:00:00+00:00,llo1,48,2025-06-24,13.00,9.130,12.381,8.160,9.484,2,45027,0.11,2026-08-10T14:18:44+00:00
2025-06-26T12:00:00+00:00,llo1,48,2025-06-24,18.00,7.590,10.467,7.310,7.874,2,45027,0.11,2026-08-10T14:18:44+00:00
2025-06-26T12:00:00+00:00,llo1,48,2025-06-24,23.00,7.160,9.744,7.200,6.771,2,45027,0.11,2026-08-10T14:18:44+00:00
2025-06-26T12:00:00+00:00,llo1,48,2025-06-24,28.00,6.850,8.903,6.570,5.861,2,45027,0.11,2026-08-10T14:18:44+00:00
2025-06-26T12:00:00+00:00,llo1,48,2025-06-24,33.00,6.400,8.254,6.130,5.556,2,45027,0.11,2026-08-10T14:18:44+00:00
2025-06-26T12:00:00+00:00,llo1,48,2025-06-24,38.00,6.240,7.913,5.950,5.265,2,45027,0.11,2026-08-10T14:18:44+00:00
2025-06-26T12:00:00+00:00,llo1,48,2025-06-24,43.00,6.140,7.768,5.870,,2,45027,0.11,2026-08-10T14:18:44+00:00
2025-06-27T12:00:00+00:00,llo1,72,2025-06-24,6.00,9.570,15.645,8.700,12.408,2,45027,0.11,2026-08-10T14:18:44+00:00
2025-06-27T12:00:00+00:00,llo1,72,2025-06-24,8.00,9.460,15.622,8.530,11.532,2,45027,0.11,2026-08-10T14:18:44+00:00
2025-06-27T12:00:00+00:00,llo1,72,2025-06-24,13.00,9.320,15.021,8.160,9.505,2,45027,0.11,2026-08-10T14:18:44+00:00
2025-06-27T12:00:00+00:00,llo1,72,2025-06-24,18.00,9.270,12.948,7.310,7.767,2,45027,0.11,2026-08-10T14:18:44+00:00
2025-06-27T12:00:00+00:00,llo1,72,2025-06-24,23.00,9.220,10.910,7.200,6.714,2,45027,0.11,2026-08-10T14:18:44+00:00
2025-06-27T12:00:00+00:00,llo1,72,2025-06-24,28.00,9.190,9.785,6.570,5.823,2,45027,0.11,2026-08-10T14:18:44+00:00
2025-06-27T12:00:00+00:00,llo1,72,2025-06-24,33.00,9.100,9.022,6.130,5.524,2,45027,0.11,2026-08-10T14:18:44+00:00
2025-06-27T12:00:00+00:00,llo1,72,2025-06-24,38.00,9.030,8.535,5.950,5.225,2,45027,0.11,2026-08-10T14:18:44+00:00
2025-06-27T12:00:00+00:00,llo1,72,2025-06-24,43.00,9.010,8.281,5.870,,2,45027,0.11,2026-08-10T14:18:44+00:00
2025-06-28T12:00:00+00:00,llo1,96,2025-06-24,6.00,9.210,15.601,8.700,12.447,2,45027,0.11,2026-08-10T14:18:44+00:00
2025-06-28T12:00:00+00:00,llo1,96,2025-06-24,8.00,9.210,14.978,8.530,11.546,2,45027,0.11,2026-08-10T14:18:44+00:00
2025-06-28T12:00:00+00:00,llo1,96,2025-06-24,13.00,9.210,12.821,8.160,9.467,2,45027,0.11,2026-08-10T14:18:44+00:00
2025-06-28T12:00:00+00:00,llo1,96,2025-06-24,18.00,9.170,11.277,7.310,7.673,2,45027,0.11,2026-08-10T14:18:44+00:00
2025-06-28T12:00:00+00:00,llo1,96,2025-06-24,23.00,8.970,10.347,7.200,6.646,2,45027,0.11,2026-08-10T14:18:44+00:00
2025-06-28T12:00:00+00:00,llo1,96,2025-06-24,28.00,8.850,9.637,6.570,5.786,2,45027,0.11,2026-08-10T14:18:44+00:00
2025-06-28T12:00:00+00:00,llo1,96,2025-06-24,33.00,8.710,9.175,6.130,5.509,2,45027,0.11,2026-08-10T14:18:44+00:00
2025-06-28T12:00:00+00:00,llo1,96,2025-06-24,38.00,8.470,8.788,5.950,5.217,2,45027,0.11,2026-08-10T14:18:44+00:00
2025-06-28T12:00:00+00:00,llo1,96,2025-06-24,43.00,8.400,8.450,5.870,,2,45027,0.11,2026-08-10T14:18:44+00:00
2025-06-29T12:00:00+00:00,llo1,120,2025-06-24,6.00,9.450,14.591,8.700,12.523,2,45027,0.11,2026-08-10T14:18:44+00:00
2025-06-29T12:00:00+00:00,llo1,120,2025-06-24,8.00,9.460,13.760,8.530,11.601,2,45027,0.11,2026-08-10T14:18:44+00:00
2025-06-29T12:00:00+00:00,llo1,120,2025-06-24,13.00,9.330,11.394,8.160,9.510,2,45027,0.11,2026-08-10T14:18:44+00:00
2025-06-29T12:00:00+00:00,llo1,120,2025-06-24,18.00,9.150,9.890,7.310,7.628,2,45027,0.11,2026-08-10T14:18:44+00:00
2025-06-29T12:00:00+00:00,llo1,120,2025-06-24,23.00,8.770,9.011,7.200,6.599,2,45027,0.11,2026-08-10T14:18:44+00:00
2025-06-29T12:00:00+00:00,llo1,120,2025-06-24,28.00,8.620,8.490,6.570,5.756,2,45027,0.11,2026-08-10T14:18:44+00:00
2025-06-29T12:00:00+00:00,llo1,120,2025-06-24,33.00,8.530,8.139,6.130,5.458,2,45027,0.11,2026-08-10T14:18:44+00:00
2025-06-29T12:00:00+00:00,llo1,120,2025-06-24,38.00,8.330,8.009,5.950,5.151,2,45027,0.11,2026-08-10T14:18:44+00:00
2025-06-29T12:00:00+00:00,llo1,120,2025-06-24,43.00,7.560,7.741,5.870,,2,45027,0.11,2026-08-10T14:18:44+00:00
2025-06-26T12:00:00+00:00,llo1,24,2025-06-25,6.00,10.780,15.549,9.190,12.209,2,45027,0.11,2026-08-10T14:18:44+00:00
2025-06-26T12:00:00+00:00,llo1,24,2025-06-25,8.00,10.770,15.538,8.600,11.350,2,45027,0.11,2026-08-10T14:18:44+00:00
2025-06-26T12:00:00+00:00,llo1,24,2025-06-25,13.00,9.130,14.565,7.760,9.484,2,45027,0.11,2026-08-10T14:18:44+00:00
2025-06-26T12:00:00+00:00,llo1,24,2025-06-25,18.00,7.590,11.588,7.270,7.874,2,45027,0.11,2026-08-10T14:18:44+00:00
2025-06-26T12:00:00+00:00,llo1,24,2025-06-25,23.00,7.160,10.173,6.770,6.771,2,45027,0.11,2026-08-10T14:18:44+00:00
2025-06-26T12:00:00+00:00,llo1,24,2025-06-25,28.00,6.850,9.132,6.260,5.861,2,45027,0.11,2026-08-10T14:18:44+00:00
2025-06-26T12:00:00+00:00,llo1,24,2025-06-25,33.00,6.400,8.335,5.830,5.556,2,45027,0.11,2026-08-10T14:18:44+00:00
2025-06-26T12:00:00+00:00,llo1,24,2025-06-25,38.00,6.240,7.822,5.770,5.265,2,45027,0.11,2026-08-10T14:18:44+00:00
2025-06-26T12:00:00+00:00,llo1,24,2025-06-25,43.00,6.140,7.686,5.750,,2,45027,0.11,2026-08-10T14:18:44+00:00
2025-06-27T12:00:00+00:00,llo1,48,2025-06-25,6.00,9.570,14.878,9.190,12.408,2,45027,0.11,2026-08-10T14:18:44+00:00
2025-06-27T12:00:00+00:00,llo1,48,2025-06-25,8.00,9.460,14.881,8.600,11.532,2,45027,0.11,2026-08-10T14:18:44+00:00
2025-06-27T12:00:00+00:00,llo1,48,2025-06-25,13.00,9.320,14.885,7.760,9.505,2,45027,0.11,2026-08-10T14:18:44+00:00
2025-06-27T12:00:00+00:00,llo1,48,2025-06-25,18.00,9.270,14.887,7.270,7.767,2,45027,0.11,2026-08-10T14:18:44+00:00
2025-06-27T12:00:00+00:00,llo1,48,2025-06-25,23.00,9.220,14.511,6.770,6.714,2,45027,0.11,2026-08-10T14:18:44+00:00
2025-06-27T12:00:00+00:00,llo1,48,2025-06-25,28.00,9.190,13.234,6.260,5.823,2,45027,0.11,2026-08-10T14:18:44+00:00
2025-06-27T12:00:00+00:00,llo1,48,2025-06-25,33.00,9.100,11.988,5.830,5.524,2,45027,0.11,2026-08-10T14:18:44+00:00
2025-06-27T12:00:00+00:00,llo1,48,2025-06-25,38.00,9.030,10.796,5.770,5.225,2,45027,0.11,2026-08-10T14:18:44+00:00
2025-06-27T12:00:00+00:00,llo1,48,2025-06-25,43.00,9.010,9.827,5.750,,2,45027,0.11,2026-08-10T14:18:44+00:00
2025-06-28T12:00:00+00:00,llo1,72,2025-06-25,6.00,9.210,14.857,9.190,12.447,2,45027,0.11,2026-08-10T14:18:44+00:00
2025-06-28T12:00:00+00:00,llo1,72,2025-06-25,8.00,9.210,14.713,8.600,11.546,2,45027,0.11,2026-08-10T14:18:44+00:00
2025-06-28T12:00:00+00:00,llo1,72,2025-06-25,13.00,9.210,14.179,7.760,9.467,2,45027,0.11,2026-08-10T14:18:44+00:00
2025-06-28T12:00:00+00:00,llo1,72,2025-06-25,18.00,9.170,13.249,7.270,7.673,2,45027,0.11,2026-08-10T14:18:44+00:00
2025-06-28T12:00:00+00:00,llo1,72,2025-06-25,23.00,8.970,12.381,6.770,6.646,2,45027,0.11,2026-08-10T14:18:44+00:00
2025-06-28T12:00:00+00:00,llo1,72,2025-06-25,28.00,8.850,11.472,6.260,5.786,2,45027,0.11,2026-08-10T14:18:44+00:00
2025-06-28T12:00:00+00:00,llo1,72,2025-06-25,33.00,8.710,10.714,5.830,5.509,2,45027,0.11,2026-08-10T14:18:44+00:00
2025-06-28T12:00:00+00:00,llo1,72,2025-06-25,38.00,8.470,10.019,5.770,5.217,2,45027,0.11,2026-08-10T14:18:44+00:00
2025-06-28T12:00:00+00:00,llo1,72,2025-06-25,43.00,8.400,9.634,5.750,,2,45027,0.11,2026-08-10T14:18:44+00:00
2025-06-29T12:00:00+00:00,llo1,96,2025-06-25,6.00,9.450,14.225,9.190,12.523,2,45027,0.11,2026-08-10T14:18:44+00:00
2025-06-29T12:00:00+00:00,llo1,96,2025-06-25,8.00,9.460,13.945,8.600,11.601,2,45027,0.11,2026-08-10T14:18:44+00:00
2025-06-29T12:00:00+00:00,llo1,96,2025-06-25,13.00,9.330,13.202,7.760,9.510,2,45027,0.11,2026-08-10T14:18:44+00:00
2025-06-29T12:00:00+00:00,llo1,96,2025-06-25,18.00,9.150,12.292,7.270,7.628,2,45027,0.11,2026-08-10T14:18:44+00:00
2025-06-29T12:00:00+00:00,llo1,96,2025-06-25,23.00,8.770,11.227,6.770,6.599,2,45027,0.11,2026-08-10T14:18:44+00:00
2025-06-29T12:00:00+00:00,llo1,96,2025-06-25,28.00,8.620,10.345,6.260,5.756,2,45027,0.11,2026-08-10T14:18:44+00:00
2025-06-29T12:00:00+00:00,llo1,96,2025-06-25,33.00,8.530,9.590,5.830,5.458,2,45027,0.11,2026-08-10T14:18:44+00:00
2025-06-29T12:00:00+00:00,llo1,96,2025-06-25,38.00,8.330,9.167,5.770,5.151,2,45027,0.11,2026-08-10T14:18:44+00:00
2025-06-29T12:00:00+00:00,llo1,96,2025-06-25,43.00,7.560,8.804,5.750,,2,45027,0.11,2026-08-10T14:18:44+00:00
2025-06-30T12:00:00+00:00,llo1,120,2025-06-25,6.00,9.470,13.463,9.190,12.604,2,45027,0.11,2026-08-10T14:18:44+00:00
2025-06-30T12:00:00+00:00,llo1,120,2025-06-25,8.00,9.230,12.919,8.600,11.676,2,45027,0.11,2026-08-10T14:18:44+00:00
2025-06-30T12:00:00+00:00,llo1,120,2025-06-25,13.00,9.020,11.492,7.760,9.503,2,45027,0.11,2026-08-10T14:18:44+00:00
2025-06-30T12:00:00+00:00,llo1,120,2025-06-25,18.00,8.570,10.314,7.270,7.558,2,45027,0.11,2026-08-10T14:18:44+00:00
2025-06-30T12:00:00+00:00,llo1,120,2025-06-25,23.00,8.460,9.550,6.770,6.552,2,45027,0.11,2026-08-10T14:18:44+00:00
2025-06-30T12:00:00+00:00,llo1,120,2025-06-25,28.00,8.220,8.971,6.260,5.734,2,45027,0.11,2026-08-10T14:18:44+00:00
2025-06-30T12:00:00+00:00,llo1,120,2025-06-25,33.00,7.670,8.575,5.830,5.437,2,45027,0.11,2026-08-10T14:18:44+00:00
2025-06-30T12:00:00+00:00,llo1,120,2025-06-25,38.00,7.220,8.272,5.770,5.137,2,45027,0.11,2026-08-10T14:18:44+00:00
2025-06-30T12:00:00+00:00,llo1,120,2025-06-25,43.00,6.760,8.012,5.750,,2,45027,0.11,2026-08-10T14:18:44+00:00
2025-06-27T12:00:00+00:00,llo1,24,2025-06-26,6.00,9.570,15.005,10.780,12.408,2,45027,0.11,2026-08-10T14:18:44+00:00
2025-06-27T12:00:00+00:00,llo1,24,2025-06-26,8.00,9.460,15.007,10.770,11.532,2,45027,0.11,2026-08-10T14:18:44+00:00
2025-06-27T12:00:00+00:00,llo1,24,2025-06-26,13.00,9.320,15.010,9.130,9.505,2,45027,0.11,2026-08-10T14:18:44+00:00
2025-06-27T12:00:00+00:00,llo1,24,2025-06-26,18.00,9.270,14.994,7.590,7.767,2,45027,0.11,2026-08-10T14:18:44+00:00
2025-06-27T12:00:00+00:00,llo1,24,2025-06-26,23.00,9.220,14.576,7.160,6.714,2,45027,0.11,2026-08-10T14:18:44+00:00
2025-06-27T12:00:00+00:00,llo1,24,2025-06-26,28.00,9.190,13.380,6.850,5.823,2,45027,0.11,2026-08-10T14:18:44+00:00
2025-06-27T12:00:00+00:00,llo1,24,2025-06-26,33.00,9.100,12.314,6.400,5.524,2,45027,0.11,2026-08-10T14:18:44+00:00
2025-06-27T12:00:00+00:00,llo1,24,2025-06-26,38.00,9.030,11.189,6.240,5.225,2,45027,0.11,2026-08-10T14:18:44+00:00
2025-06-27T12:00:00+00:00,llo1,24,2025-06-26,43.00,9.010,10.099,6.140,,2,45027,0.11,2026-08-10T14:18:44+00:00
2025-06-28T12:00:00+00:00,llo1,48,2025-06-26,6.00,9.210,14.616,10.780,12.447,2,45027,0.11,2026-08-10T14:18:44+00:00
2025-06-28T12:00:00+00:00,llo1,48,2025-06-26,8.00,9.210,14.433,10.770,11.546,2,45027,0.11,2026-08-10T14:18:44+00:00
2025-06-28T12:00:00+00:00,llo1,48,2025-06-26,13.00,9.210,13.647,9.130,9.467,2,45027,0.11,2026-08-10T14:18:44+00:00
2025-06-28T12:00:00+00:00,llo1,48,2025-06-26,18.00,9.170,12.757,7.590,7.673,2,45027,0.11,2026-08-10T14:18:44+00:00
2025-06-28T12:00:00+00:00,llo1,48,2025-06-26,23.00,8.970,12.104,7.160,6.646,2,45027,0.11,2026-08-10T14:18:44+00:00
2025-06-28T12:00:00+00:00,llo1,48,2025-06-26,28.00,8.850,11.418,6.850,5.786,2,45027,0.11,2026-08-10T14:18:44+00:00
2025-06-28T12:00:00+00:00,llo1,48,2025-06-26,33.00,8.710,10.753,6.400,5.509,2,45027,0.11,2026-08-10T14:18:44+00:00
2025-06-28T12:00:00+00:00,llo1,48,2025-06-26,38.00,8.470,10.223,6.240,5.217,2,45027,0.11,2026-08-10T14:18:44+00:00
2025-06-28T12:00:00+00:00,llo1,48,2025-06-26,43.00,8.400,9.852,6.140,,2,45027,0.11,2026-08-10T14:18:44+00:00
2025-06-29T12:00:00+00:00,llo1,72,2025-06-26,6.00,9.450,14.285,10.780,12.523,2,45027,0.11,2026-08-10T14:18:44+00:00
2025-06-29T12:00:00+00:00,llo1,72,2025-06-26,8.00,9.460,13.894,10.770,11.601,2,45027,0.11,2026-08-10T14:18:44+00:00
2025-06-29T12:00:00+00:00,llo1,72,2025-06-26,13.00,9.330,13.067,9.130,9.510,2,45027,0.11,2026-08-10T14:18:44+00:00
2025-06-29T12:00:00+00:00,llo1,72,2025-06-26,18.00,9.150,12.007,7.590,7.628,2,45027,0.11,2026-08-10T14:18:44+00:00
2025-06-29T12:00:00+00:00,llo1,72,2025-06-26,23.00,8.770,10.786,7.160,6.599,2,45027,0.11,2026-08-10T14:18:44+00:00
2025-06-29T12:00:00+00:00,llo1,72,2025-06-26,28.00,8.620,9.840,6.850,5.756,2,45027,0.11,2026-08-10T14:18:44+00:00
2025-06-29T12:00:00+00:00,llo1,72,2025-06-26,33.00,8.530,9.293,6.400,5.458,2,45027,0.11,2026-08-10T14:18:44+00:00
2025-06-29T12:00:00+00:00,llo1,72,2025-06-26,38.00,8.330,9.006,6.240,5.151,2,45027,0.11,2026-08-10T14:18:44+00:00
2025-06-29T12:00:00+00:00,llo1,72,2025-06-26,43.00,7.560,8.730,6.140,,2,45027,0.11,2026-08-10T14:18:44+00:00
2025-06-30T12:00:00+00:00,llo1,96,2025-06-26,6.00,9.470,13.116,10.780,12.604,2,45027,0.11,2026-08-10T14:18:44+00:00
2025-06-30T12:00:00+00:00,llo1,96,2025-06-26,8.00,9.230,12.436,10.770,11.676,2,45027,0.11,2026-08-10T14:18:44+00:00
2025-06-30T12:00:00+00:00,llo1,96,2025-06-26,13.00,9.020,11.208,9.130,9.503,2,45027,0.11,2026-08-10T14:18:44+00:00
2025-06-30T12:00:00+00:00,llo1,96,2025-06-26,18.00,8.570,10.327,7.590,7.558,2,45027,0.11,2026-08-10T14:18:44+00:00
2025-06-30T12:00:00+00:00,llo1,96,2025-06-26,23.00,8.460,9.538,7.160,6.552,2,45027,0.11,2026-08-10T14:18:44+00:00
2025-06-30T12:00:00+00:00,llo1,96,2025-06-26,28.00,8.220,9.031,6.850,5.734,2,45027,0.11,2026-08-10T14:18:44+00:00
2025-06-30T12:00:00+00:00,llo1,96,2025-06-26,33.00,7.670,8.683,6.400,5.437,2,45027,0.11,2026-08-10T14:18:44+00:00
2025-06-30T12:00:00+00:00,llo1,96,2025-06-26,38.00,7.220,8.312,6.240,5.137,2,45027,0.11,2026-08-10T14:18:44+00:00
2025-06-30T12:00:00+00:00,llo1,96,2025-06-26,43.00,6.760,7.957,6.140,,2,45027,0.11,2026-08-10T14:18:44+00:00
2025-07-01T12:00:00+00:00,llo1,120,2025-06-26,6.00,9.410,12.552,10.780,12.645,2,45027,0.11,2026-08-10T14:18:44+00:00
2025-07-01T12:00:00+00:00,llo1,120,2025-06-26,8.00,9.330,11.684,10.770,11.683,2,45027,0.11,2026-08-10T14:18:44+00:00
2025-07-01T12:00:00+00:00,llo1,120,2025-06-26,13.00,8.970,9.994,9.130,9.490,2,45027,0.11,2026-08-10T14:18:44+00:00
2025-07-01T12:00:00+00:00,llo1,120,2025-06-26,18.00,8.390,8.826,7.590,7.555,2,45027,0.11,2026-08-10T14:18:44+00:00
2025-07-01T12:00:00+00:00,llo1,120,2025-06-26,23.00,8.050,8.365,7.160,6.546,2,45027,0.11,2026-08-10T14:18:44+00:00
2025-07-01T12:00:00+00:00,llo1,120,2025-06-26,28.00,6.980,8.050,6.850,5.730,2,45027,0.11,2026-08-10T14:18:44+00:00
2025-07-01T12:00:00+00:00,llo1,120,2025-06-26,33.00,6.200,7.761,6.400,5.427,2,45027,0.11,2026-08-10T14:18:44+00:00
2025-07-01T12:00:00+00:00,llo1,120,2025-06-26,38.00,5.710,7.558,6.240,5.128,2,45027,0.11,2026-08-10T14:18:44+00:00
2025-07-01T12:00:00+00:00,llo1,120,2025-06-26,43.00,5.490,7.410,6.140,,2,45027,0.11,2026-08-10T14:18:44+00:00
2025-06-28T12:00:00+00:00,llo1,24,2025-06-27,6.00,9.210,14.860,9.570,12.447,2,45027,0.11,2026-08-10T14:18:44+00:00
2025-06-28T12:00:00+00:00,llo1,24,2025-06-27,8.00,9.210,14.591,9.460,11.546,2,45027,0.11,2026-08-10T14:18:44+00:00
2025-06-28T12:00:00+00:00,llo1,24,2025-06-27,13.00,9.210,13.393,9.320,9.467,2,45027,0.11,2026-08-10T14:18:44+00:00
2025-06-28T12:00:00+00:00,llo1,24,2025-06-27,18.00,9.170,12.384,9.270,7.673,2,45027,0.11,2026-08-10T14:18:44+00:00
2025-06-28T12:00:00+00:00,llo1,24,2025-06-27,23.00,8.970,11.371,9.220,6.646,2,45027,0.11,2026-08-10T14:18:44+00:00
2025-06-28T12:00:00+00:00,llo1,24,2025-06-27,28.00,8.850,10.360,9.190,5.786,2,45027,0.11,2026-08-10T14:18:44+00:00
2025-06-28T12:00:00+00:00,llo1,24,2025-06-27,33.00,8.710,9.678,9.100,5.509,2,45027,0.11,2026-08-10T14:18:44+00:00
2025-06-28T12:00:00+00:00,llo1,24,2025-06-27,38.00,8.470,9.190,9.030,5.217,2,45027,0.11,2026-08-10T14:18:44+00:00
2025-06-28T12:00:00+00:00,llo1,24,2025-06-27,43.00,8.400,8.760,9.010,,2,45027,0.11,2026-08-10T14:18:44+00:00
2025-06-29T12:00:00+00:00,llo1,48,2025-06-27,6.00,9.450,14.775,9.570,12.523,2,45027,0.11,2026-08-10T14:18:44+00:00
2025-06-29T12:00:00+00:00,llo1,48,2025-06-27,8.00,9.460,14.187,9.460,11.601,2,45027,0.11,2026-08-10T14:18:44+00:00
2025-06-29T12:00:00+00:00,llo1,48,2025-06-27,13.00,9.330,12.781,9.320,9.510,2,45027,0.11,2026-08-10T14:18:44+00:00
2025-06-29T12:00:00+00:00,llo1,48,2025-06-27,18.00,9.150,11.163,9.270,7.628,2,45027,0.11,2026-08-10T14:18:44+00:00
2025-06-29T12:00:00+00:00,llo1,48,2025-06-27,23.00,8.770,10.058,9.220,6.599,2,45027,0.11,2026-08-10T14:18:44+00:00
2025-06-29T12:00:00+00:00,llo1,48,2025-06-27,28.00,8.620,9.363,9.190,5.756,2,45027,0.11,2026-08-10T14:18:44+00:00
2025-06-29T12:00:00+00:00,llo1,48,2025-06-27,33.00,8.530,8.939,9.100,5.458,2,45027,0.11,2026-08-10T14:18:44+00:00
2025-06-29T12:00:00+00:00,llo1,48,2025-06-27,38.00,8.330,8.633,9.030,5.151,2,45027,0.11,2026-08-10T14:18:44+00:00
2025-06-29T12:00:00+00:00,llo1,48,2025-06-27,43.00,7.560,8.462,9.010,,2,45027,0.11,2026-08-10T14:18:44+00:00
2025-06-30T12:00:00+00:00,llo1,72,2025-06-27,6.00,9.470,13.109,9.570,12.604,2,45027,0.11,2026-08-10T14:18:44+00:00
2025-06-30T12:00:00+00:00,llo1,72,2025-06-27,8.00,9.230,12.068,9.460,11.676,2,45027,0.11,2026-08-10T14:18:44+00:00
2025-06-30T12:00:00+00:00,llo1,72,2025-06-27,13.00,9.020,10.331,9.320,9.503,2,45027,0.11,2026-08-10T14:18:44+00:00
2025-06-30T12:00:00+00:00,llo1,72,2025-06-27,18.00,8.570,9.559,9.270,7.558,2,45027,0.11,2026-08-10T14:18:44+00:00
2025-06-30T12:00:00+00:00,llo1,72,2025-06-27,23.00,8.460,8.921,9.220,6.552,2,45027,0.11,2026-08-10T14:18:44+00:00
2025-06-30T12:00:00+00:00,llo1,72,2025-06-27,28.00,8.220,8.392,9.190,5.734,2,45027,0.11,2026-08-10T14:18:44+00:00
2025-06-30T12:00:00+00:00,llo1,72,2025-06-27,33.00,7.670,8.039,9.100,5.437,2,45027,0.11,2026-08-10T14:18:44+00:00
2025-06-30T12:00:00+00:00,llo1,72,2025-06-27,38.00,7.220,7.771,9.030,5.137,2,45027,0.11,2026-08-10T14:18:44+00:00
2025-06-30T12:00:00+00:00,llo1,72,2025-06-27,43.00,6.760,7.582,9.010,,2,45027,0.11,2026-08-10T14:18:44+00:00
2025-07-01T12:00:00+00:00,llo1,96,2025-06-27,6.00,9.410,11.853,9.570,12.645,2,45027,0.11,2026-08-10T14:18:44+00:00
2025-07-01T12:00:00+00:00,llo1,96,2025-06-27,8.00,9.330,11.000,9.460,11.683,2,45027,0.11,2026-08-10T14:18:44+00:00
2025-07-01T12:00:00+00:00,llo1,96,2025-06-27,13.00,8.970,9.146,9.320,9.490,2,45027,0.11,2026-08-10T14:18:44+00:00
2025-07-01T12:00:00+00:00,llo1,96,2025-06-27,18.00,8.390,8.402,9.270,7.555,2,45027,0.11,2026-08-10T14:18:44+00:00
2025-07-01T12:00:00+00:00,llo1,96,2025-06-27,23.00,8.050,8.013,9.220,6.546,2,45027,0.11,2026-08-10T14:18:44+00:00
2025-07-01T12:00:00+00:00,llo1,96,2025-06-27,28.00,6.980,7.675,9.190,5.730,2,45027,0.11,2026-08-10T14:18:44+00:00
2025-07-01T12:00:00+00:00,llo1,96,2025-06-27,33.00,6.200,7.424,9.100,5.427,2,45027,0.11,2026-08-10T14:18:44+00:00
2025-07-01T12:00:00+00:00,llo1,96,2025-06-27,38.00,5.710,7.262,9.030,5.128,2,45027,0.11,2026-08-10T14:18:44+00:00
2025-07-01T12:00:00+00:00,llo1,96,2025-06-27,43.00,5.490,7.182,9.010,,2,45027,0.11,2026-08-10T14:18:44+00:00
2025-07-02T12:00:00+00:00,llo1,120,2025-06-27,6.00,11.100,10.255,9.570,12.800,2,45027,0.11,2026-08-10T14:18:44+00:00
2025-07-02T12:00:00+00:00,llo1,120,2025-06-27,8.00,9.550,9.009,9.460,11.842,2,45027,0.11,2026-08-10T14:18:44+00:00
2025-07-02T12:00:00+00:00,llo1,120,2025-06-27,13.00,8.970,8.644,9.320,9.596,2,45027,0.11,2026-08-10T14:18:44+00:00
2025-07-02T12:00:00+00:00,llo1,120,2025-06-27,18.00,8.250,7.847,9.270,7.540,2,45027,0.11,2026-08-10T14:18:44+00:00
2025-07-02T12:00:00+00:00,llo1,120,2025-06-27,23.00,7.890,7.539,9.220,6.494,2,45027,0.11,2026-08-10T14:18:44+00:00
2025-07-02T12:00:00+00:00,llo1,120,2025-06-27,28.00,6.590,7.276,9.190,5.715,2,45027,0.11,2026-08-10T14:18:44+00:00
2025-07-02T12:00:00+00:00,llo1,120,2025-06-27,33.00,5.860,7.089,9.100,5.423,2,45027,0.11,2026-08-10T14:18:44+00:00
2025-07-02T12:00:00+00:00,llo1,120,2025-06-27,38.00,5.500,6.982,9.030,5.125,2,45027,0.11,2026-08-10T14:18:44+00:00
2025-07-02T12:00:00+00:00,llo1,120,2025-06-27,43.00,5.360,6.885,9.010,,2,45027,0.11,2026-08-10T14:18:44+00:00
2025-06-29T12:00:00+00:00,llo1,24,2025-06-28,6.00,9.450,14.333,9.210,12.523,2,45027,0.11,2026-08-10T14:18:44+00:00
2025-06-29T12:00:00+00:00,llo1,24,2025-06-28,8.00,9.460,13.674,9.210,11.601,2,45027,0.11,2026-08-10T14:18:44+00:00
2025-06-29T12:00:00+00:00,llo1,24,2025-06-28,13.00,9.330,12.523,9.210,9.510,2,45027,0.11,2026-08-10T14:18:44+00:00
2025-06-29T12:00:00+00:00,llo1,24,2025-06-28,18.00,9.150,11.095,9.170,7.628,2,45027,0.11,2026-08-10T14:18:44+00:00
2025-06-29T12:00:00+00:00,llo1,24,2025-06-28,23.00,8.770,10.037,8.970,6.599,2,45027,0.11,2026-08-10T14:18:44+00:00
2025-06-29T12:00:00+00:00,llo1,24,2025-06-28,28.00,8.620,9.334,8.850,5.756,2,45027,0.11,2026-08-10T14:18:44+00:00
2025-06-29T12:00:00+00:00,llo1,24,2025-06-28,33.00,8.530,8.922,8.710,5.458,2,45027,0.11,2026-08-10T14:18:44+00:00
2025-06-29T12:00:00+00:00,llo1,24,2025-06-28,38.00,8.330,8.579,8.470,5.151,2,45027,0.11,2026-08-10T14:18:44+00:00
2025-06-29T12:00:00+00:00,llo1,24,2025-06-28,43.00,7.560,8.415,8.400,,2,45027,0.11,2026-08-10T14:18:44+00:00
2025-06-30T12:00:00+00:00,llo1,48,2025-06-28,6.00,9.470,13.338,9.210,12.604,2,45027,0.11,2026-08-10T14:18:44+00:00
2025-06-30T12:00:00+00:00,llo1,48,2025-06-28,8.00,9.230,12.684,9.210,11.676,2,45027,0.11,2026-08-10T14:18:44+00:00
2025-06-30T12:00:00+00:00,llo1,48,2025-06-28,13.00,9.020,10.315,9.210,9.503,2,45027,0.11,2026-08-10T14:18:44+00:00
2025-06-30T12:00:00+00:00,llo1,48,2025-06-28,18.00,8.570,9.818,9.170,7.558,2,45027,0.11,2026-08-10T14:18:44+00:00
2025-06-30T12:00:00+00:00,llo1,48,2025-06-28,23.00,8.460,9.082,8.970,6.552,2,45027,0.11,2026-08-10T14:18:44+00:00
2025-06-30T12:00:00+00:00,llo1,48,2025-06-28,28.00,8.220,8.604,8.850,5.734,2,45027,0.11,2026-08-10T14:18:44+00:00
2025-06-30T12:00:00+00:00,llo1,48,2025-06-28,33.00,7.670,8.217,8.710,5.437,2,45027,0.11,2026-08-10T14:18:44+00:00
2025-06-30T12:00:00+00:00,llo1,48,2025-06-28,38.00,7.220,7.884,8.470,5.137,2,45027,0.11,2026-08-10T14:18:44+00:00
2025-06-30T12:00:00+00:00,llo1,48,2025-06-28,43.00,6.760,7.665,8.400,,2,45027,0.11,2026-08-10T14:18:44+00:00
2025-07-01T12:00:00+00:00,llo1,72,2025-06-28,6.00,9.410,10.514,9.210,12.645,2,45027,0.11,2026-08-10T14:18:44+00:00
2025-07-01T12:00:00+00:00,llo1,72,2025-06-28,8.00,9.330,10.492,9.210,11.683,2,45027,0.11,2026-08-10T14:18:44+00:00
2025-07-01T12:00:00+00:00,llo1,72,2025-06-28,13.00,8.970,10.150,9.210,9.490,2,45027,0.11,2026-08-10T14:18:44+00:00
2025-07-01T12:00:00+00:00,llo1,72,2025-06-28,18.00,8.390,8.823,9.170,7.555,2,45027,0.11,2026-08-10T14:18:44+00:00
2025-07-01T12:00:00+00:00,llo1,72,2025-06-28,23.00,8.050,8.113,8.970,6.546,2,45027,0.11,2026-08-10T14:18:44+00:00
2025-07-01T12:00:00+00:00,llo1,72,2025-06-28,28.00,6.980,7.727,8.850,5.730,2,45027,0.11,2026-08-10T14:18:44+00:00
2025-07-01T12:00:00+00:00,llo1,72,2025-06-28,33.00,6.200,7.464,8.710,5.427,2,45027,0.11,2026-08-10T14:18:44+00:00
2025-07-01T12:00:00+00:00,llo1,72,2025-06-28,38.00,5.710,7.313,8.470,5.128,2,45027,0.11,2026-08-10T14:18:44+00:00
2025-07-01T12:00:00+00:00,llo1,72,2025-06-28,43.00,5.490,7.259,8.400,,2,45027,0.11,2026-08-10T14:18:44+00:00
2025-07-02T12:00:00+00:00,llo1,96,2025-06-28,6.00,11.100,9.950,9.210,12.800,2,45027,0.11,2026-08-10T14:18:44+00:00
2025-07-02T12:00:00+00:00,llo1,96,2025-06-28,8.00,9.550,9.566,9.210,11.842,2,45027,0.11,2026-08-10T14:18:44+00:00
2025-07-02T12:00:00+00:00,llo1,96,2025-06-28,13.00,8.970,8.946,9.210,9.596,2,45027,0.11,2026-08-10T14:18:44+00:00
2025-07-02T12:00:00+00:00,llo1,96,2025-06-28,18.00,8.250,7.907,9.170,7.540,2,45027,0.11,2026-08-10T14:18:44+00:00
2025-07-02T12:00:00+00:00,llo1,96,2025-06-28,23.00,7.890,7.376,8.970,6.494,2,45027,0.11,2026-08-10T14:18:44+00:00
2025-07-02T12:00:00+00:00,llo1,96,2025-06-28,28.00,6.590,7.035,8.850,5.715,2,45027,0.11,2026-08-10T14:18:44+00:00
2025-07-02T12:00:00+00:00,llo1,96,2025-06-28,33.00,5.860,6.790,8.710,5.423,2,45027,0.11,2026-08-10T14:18:44+00:00
2025-07-02T12:00:00+00:00,llo1,96,2025-06-28,38.00,5.500,6.679,8.470,5.125,2,45027,0.11,2026-08-10T14:18:44+00:00
2025-07-02T12:00:00+00:00,llo1,96,2025-06-28,43.00,5.360,6.641,8.400,,2,45027,0.11,2026-08-10T14:18:44+00:00
2025-07-03T12:00:00+00:00,llo1,120,2025-06-28,6.00,10.620,9.264,9.210,12.751,2,45027,0.11,2026-08-10T14:18:44+00:00
2025-07-03T12:00:00+00:00,llo1,120,2025-06-28,8.00,10.130,8.340,9.210,11.708,2,45027,0.11,2026-08-10T14:18:44+00:00
2025-07-03T12:00:00+00:00,llo1,120,2025-06-28,13.00,8.780,7.921,9.210,9.437,2,45027,0.11,2026-08-10T14:18:44+00:00
2025-07-03T12:00:00+00:00,llo1,120,2025-06-28,18.00,8.560,7.487,9.170,7.338,2,45027,0.11,2026-08-10T14:18:44+00:00
2025-07-03T12:00:00+00:00,llo1,120,2025-06-28,23.00,7.770,7.143,8.970,6.277,2,45027,0.11,2026-08-10T14:18:44+00:00
2025-07-03T12:00:00+00:00,llo1,120,2025-06-28,28.00,7.130,6.867,8.850,5.530,2,45027,0.11,2026-08-10T14:18:44+00:00
2025-07-03T12:00:00+00:00,llo1,120,2025-06-28,33.00,5.660,6.681,8.710,5.317,2,45027,0.11,2026-08-10T14:18:44+00:00
2025-07-03T12:00:00+00:00,llo1,120,2025-06-28,38.00,5.040,6.597,8.470,5.055,2,45027,0.11,2026-08-10T14:18:44+00:00
2025-07-03T12:00:00+00:00,llo1,120,2025-06-28,43.00,4.950,6.543,8.400,,2,45027,0.11,2026-08-10T14:18:44+00:00
2025-06-30T12:00:00+00:00,llo1,24,2025-06-29,6.00,9.470,12.275,9.450,12.604,2,45027,0.11,2026-08-10T14:18:44+00:00
2025-06-30T12:00:00+00:00,llo1,24,2025-06-29,8.00,9.230,10.935,9.460,11.676,2,45027,0.11,2026-08-10T14:18:44+00:00
2025-06-30T12:00:00+00:00,llo1,24,2025-06-29,13.00,9.020,9.710,9.330,9.503,2,45027,0.11,2026-08-10T14:18:44+00:00
2025-06-30T12:00:00+00:00,llo1,24,2025-06-29,18.00,8.570,8.921,9.150,7.558,2,45027,0.11,2026-08-10T14:18:44+00:00
2025-06-30T12:00:00+00:00,llo1,24,2025-06-29,23.00,8.460,8.389,8.770,6.552,2,45027,0.11,2026-08-10T14:18:44+00:00
2025-06-30T12:00:00+00:00,llo1,24,2025-06-29,28.00,8.220,7.963,8.620,5.734,2,45027,0.11,2026-08-10T14:18:44+00:00
2025-06-30T12:00:00+00:00,llo1,24,2025-06-29,33.00,7.670,7.654,8.530,5.437,2,45027,0.11,2026-08-10T14:18:44+00:00
2025-06-30T12:00:00+00:00,llo1,24,2025-06-29,38.00,7.220,7.465,8.330,5.137,2,45027,0.11,2026-08-10T14:18:44+00:00
2025-06-30T12:00:00+00:00,llo1,24,2025-06-29,43.00,6.760,7.344,7.560,,2,45027,0.11,2026-08-10T14:18:44+00:00
2025-07-01T12:00:00+00:00,llo1,48,2025-06-29,6.00,9.410,10.534,9.450,12.645,2,45027,0.11,2026-08-10T14:18:44+00:00
2025-07-01T12:00:00+00:00,llo1,48,2025-06-29,8.00,9.330,10.310,9.460,11.683,2,45027,0.11,2026-08-10T14:18:44+00:00
2025-07-01T12:00:00+00:00,llo1,48,2025-06-29,13.00,8.970,9.083,9.330,9.490,2,45027,0.11,2026-08-10T14:18:44+00:00
2025-07-01T12:00:00+00:00,llo1,48,2025-06-29,18.00,8.390,8.327,9.150,7.555,2,45027,0.11,2026-08-10T14:18:44+00:00
2025-07-01T12:00:00+00:00,llo1,48,2025-06-29,23.00,8.050,7.815,8.770,6.546,2,45027,0.11,2026-08-10T14:18:44+00:00
2025-07-01T12:00:00+00:00,llo1,48,2025-06-29,28.00,6.980,7.491,8.620,5.730,2,45027,0.11,2026-08-10T14:18:44+00:00
2025-07-01T12:00:00+00:00,llo1,48,2025-06-29,33.00,6.200,7.274,8.530,5.427,2,45027,0.11,2026-08-10T14:18:44+00:00
2025-07-01T12:00:00+00:00,llo1,48,2025-06-29,38.00,5.710,7.103,8.330,5.128,2,45027,0.11,2026-08-10T14:18:44+00:00
2025-07-01T12:00:00+00:00,llo1,48,2025-06-29,43.00,5.490,6.993,7.560,,2,45027,0.11,2026-08-10T14:18:44+00:00
2025-07-02T12:00:00+00:00,llo1,72,2025-06-29,6.00,11.100,8.776,9.450,12.800,2,45027,0.11,2026-08-10T14:18:44+00:00
2025-07-02T12:00:00+00:00,llo1,72,2025-06-29,8.00,9.550,8.647,9.460,11.842,2,45027,0.11,2026-08-10T14:18:44+00:00
2025-07-02T12:00:00+00:00,llo1,72,2025-06-29,13.00,8.970,8.363,9.330,9.596,2,45027,0.11,2026-08-10T14:18:44+00:00
2025-07-02T12:00:00+00:00,llo1,72,2025-06-29,18.00,8.250,7.618,9.150,7.540,2,45027,0.11,2026-08-10T14:18:44+00:00
2025-07-02T12:00:00+00:00,llo1,72,2025-06-29,23.00,7.890,7.316,8.770,6.494,2,45027,0.11,2026-08-10T14:18:44+00:00
2025-07-02T12:00:00+00:00,llo1,72,2025-06-29,28.00,6.590,7.064,8.620,5.715,2,45027,0.11,2026-08-10T14:18:44+00:00
2025-07-02T12:00:00+00:00,llo1,72,2025-06-29,33.00,5.860,6.906,8.530,5.423,2,45027,0.11,2026-08-10T14:18:44+00:00
2025-07-02T12:00:00+00:00,llo1,72,2025-06-29,38.00,5.500,6.820,8.330,5.125,2,45027,0.11,2026-08-10T14:18:44+00:00
2025-07-02T12:00:00+00:00,llo1,72,2025-06-29,43.00,5.360,6.755,7.560,,2,45027,0.11,2026-08-10T14:18:44+00:00
2025-07-03T12:00:00+00:00,llo1,96,2025-06-29,6.00,10.620,10.626,9.450,12.751,2,45027,0.11,2026-08-10T14:18:44+00:00
2025-07-03T12:00:00+00:00,llo1,96,2025-06-29,8.00,10.130,8.823,9.460,11.708,2,45027,0.11,2026-08-10T14:18:44+00:00
2025-07-03T12:00:00+00:00,llo1,96,2025-06-29,13.00,8.780,7.882,9.330,9.437,2,45027,0.11,2026-08-10T14:18:44+00:00
2025-07-03T12:00:00+00:00,llo1,96,2025-06-29,18.00,8.560,7.355,9.150,7.338,2,45027,0.11,2026-08-10T14:18:44+00:00
2025-07-03T12:00:00+00:00,llo1,96,2025-06-29,23.00,7.770,7.180,8.770,6.277,2,45027,0.11,2026-08-10T14:18:44+00:00
2025-07-03T12:00:00+00:00,llo1,96,2025-06-29,28.00,7.130,6.951,8.620,5.530,2,45027,0.11,2026-08-10T14:18:44+00:00
2025-07-03T12:00:00+00:00,llo1,96,2025-06-29,33.00,5.660,6.774,8.530,5.317,2,45027,0.11,2026-08-10T14:18:44+00:00
2025-07-03T12:00:00+00:00,llo1,96,2025-06-29,38.00,5.040,6.653,8.330,5.055,2,45027,0.11,2026-08-10T14:18:44+00:00
2025-07-03T12:00:00+00:00,llo1,96,2025-06-29,43.00,4.950,6.576,7.560,,2,45027,0.11,2026-08-10T14:18:44+00:00
2025-07-04T12:00:00+00:00,llo1,120,2025-06-29,6.00,11.210,12.482,9.450,12.808,2,45027,0.11,2026-08-10T14:18:44+00:00
2025-07-04T12:00:00+00:00,llo1,120,2025-06-29,8.00,11.220,9.978,9.460,11.725,2,45027,0.11,2026-08-10T14:18:44+00:00
2025-07-04T12:00:00+00:00,llo1,120,2025-06-29,13.00,11.000,8.072,9.330,9.266,2,45027,0.11,2026-08-10T14:18:44+00:00
2025-07-04T12:00:00+00:00,llo1,120,2025-06-29,18.00,10.590,7.823,9.150,7.191,2,45027,0.11,2026-08-10T14:18:44+00:00
2025-07-04T12:00:00+00:00,llo1,120,2025-06-29,23.00,8.910,7.248,8.770,6.138,2,45027,0.11,2026-08-10T14:18:44+00:00
2025-07-04T12:00:00+00:00,llo1,120,2025-06-29,28.00,8.530,6.929,8.620,5.396,2,45027,0.11,2026-08-10T14:18:44+00:00
2025-07-04T12:00:00+00:00,llo1,120,2025-06-29,33.00,7.380,6.791,8.530,5.201,2,45027,0.11,2026-08-10T14:18:44+00:00
2025-07-04T12:00:00+00:00,llo1,120,2025-06-29,38.00,5.590,6.726,8.330,4.951,2,45027,0.11,2026-08-10T14:18:44+00:00
2025-07-04T12:00:00+00:00,llo1,120,2025-06-29,43.00,5.200,6.690,7.560,,2,45027,0.11,2026-08-10T14:18:44+00:00
2025-07-01T12:00:00+00:00,llo1,24,2025-06-30,6.00,9.410,10.770,9.470,12.645,2,45027,0.11,2026-08-10T14:18:44+00:00
2025-07-01T12:00:00+00:00,llo1,24,2025-06-30,8.00,9.330,10.300,9.230,11.683,2,45027,0.11,2026-08-10T14:18:44+00:00
2025-07-01T12:00:00+00:00,llo1,24,2025-06-30,13.00,8.970,8.815,9.020,9.490,2,45027,0.11,2026-08-10T14:18:44+00:00
2025-07-01T12:00:00+00:00,llo1,24,2025-06-30,18.00,8.390,8.156,8.570,7.555,2,45027,0.11,2026-08-10T14:18:44+00:00
2025-07-01T12:00:00+00:00,llo1,24,2025-06-30,23.00,8.050,7.769,8.460,6.546,2,45027,0.11,2026-08-10T14:18:44+00:00
2025-07-01T12:00:00+00:00,llo1,24,2025-06-30,28.00,6.980,7.522,8.220,5.730,2,45027,0.11,2026-08-10T14:18:44+00:00
2025-07-01T12:00:00+00:00,llo1,24,2025-06-30,33.00,6.200,7.300,7.670,5.427,2,45027,0.11,2026-08-10T14:18:44+00:00
2025-07-01T12:00:00+00:00,llo1,24,2025-06-30,38.00,5.710,7.140,7.220,5.128,2,45027,0.11,2026-08-10T14:18:44+00:00
2025-07-01T12:00:00+00:00,llo1,24,2025-06-30,43.00,5.490,7.043,6.760,,2,45027,0.11,2026-08-10T14:18:44+00:00
2025-07-02T12:00:00+00:00,llo1,48,2025-06-30,6.00,11.100,8.906,9.470,12.800,2,45027,0.11,2026-08-10T14:18:44+00:00
2025-07-02T12:00:00+00:00,llo1,48,2025-06-30,8.00,9.550,8.894,9.230,11.842,2,45027,0.11,2026-08-10T14:18:44+00:00
2025-07-02T12:00:00+00:00,llo1,48,2025-06-30,13.00,8.970,8.176,9.020,9.596,2,45027,0.11,2026-08-10T14:18:44+00:00
2025-07-02T12:00:00+00:00,llo1,48,2025-06-30,18.00,8.250,7.560,8.570,7.540,2,45027,0.11,2026-08-10T14:18:44+00:00
2025-07-02T12:00:00+00:00,llo1,48,2025-06-30,23.00,7.890,7.366,8.460,6.494,2,45027,0.11,2026-08-10T14:18:44+00:00
2025-07-02T12:00:00+00:00,llo1,48,2025-06-30,28.00,6.590,7.103,8.220,5.715,2,45027,0.11,2026-08-10T14:18:44+00:00
2025-07-02T12:00:00+00:00,llo1,48,2025-06-30,33.00,5.860,6.935,7.670,5.423,2,45027,0.11,2026-08-10T14:18:44+00:00
2025-07-02T12:00:00+00:00,llo1,48,2025-06-30,38.00,5.500,6.793,7.220,5.125,2,45027,0.11,2026-08-10T14:18:44+00:00
2025-07-02T12:00:00+00:00,llo1,48,2025-06-30,43.00,5.360,6.660,6.760,,2,45027,0.11,2026-08-10T14:18:44+00:00
2025-07-03T12:00:00+00:00,llo1,72,2025-06-30,6.00,10.620,9.957,9.470,12.751,2,45027,0.11,2026-08-10T14:18:44+00:00
2025-07-03T12:00:00+00:00,llo1,72,2025-06-30,8.00,10.130,8.671,9.230,11.708,2,45027,0.11,2026-08-10T14:18:44+00:00
2025-07-03T12:00:00+00:00,llo1,72,2025-06-30,13.00,8.780,7.953,9.020,9.437,2,45027,0.11,2026-08-10T14:18:44+00:00
2025-07-03T12:00:00+00:00,llo1,72,2025-06-30,18.00,8.560,7.433,8.570,7.338,2,45027,0.11,2026-08-10T14:18:44+00:00
2025-07-03T12:00:00+00:00,llo1,72,2025-06-30,23.00,7.770,7.149,8.460,6.277,2,45027,0.11,2026-08-10T14:18:44+00:00
2025-07-03T12:00:00+00:00,llo1,72,2025-06-30,28.00,7.130,6.860,8.220,5.530,2,45027,0.11,2026-08-10T14:18:44+00:00
2025-07-03T12:00:00+00:00,llo1,72,2025-06-30,33.00,5.660,6.674,7.670,5.317,2,45027,0.11,2026-08-10T14:18:44+00:00
2025-07-03T12:00:00+00:00,llo1,72,2025-06-30,38.00,5.040,6.564,7.220,5.055,2,45027,0.11,2026-08-10T14:18:44+00:00
2025-07-03T12:00:00+00:00,llo1,72,2025-06-30,43.00,4.950,6.536,6.760,,2,45027,0.11,2026-08-10T14:18:44+00:00
2025-07-04T12:00:00+00:00,llo1,96,2025-06-30,6.00,11.210,12.304,9.470,12.808,2,45027,0.11,2026-08-10T14:18:44+00:00
2025-07-04T12:00:00+00:00,llo1,96,2025-06-30,8.00,11.220,9.933,9.230,11.725,2,45027,0.11,2026-08-10T14:18:44+00:00
2025-07-04T12:00:00+00:00,llo1,96,2025-06-30,13.00,11.000,8.114,9.020,9.266,2,45027,0.11,2026-08-10T14:18:44+00:00
2025-07-04T12:00:00+00:00,llo1,96,2025-06-30,18.00,10.590,7.628,8.570,7.191,2,45027,0.11,2026-08-10T14:18:44+00:00
2025-07-04T12:00:00+00:00,llo1,96,2025-06-30,23.00,8.910,7.090,8.460,6.138,2,45027,0.11,2026-08-10T14:18:44+00:00
2025-07-04T12:00:00+00:00,llo1,96,2025-06-30,28.00,8.530,6.808,8.220,5.396,2,45027,0.11,2026-08-10T14:18:44+00:00
2025-07-04T12:00:00+00:00,llo1,96,2025-06-30,33.00,7.380,6.651,7.670,5.201,2,45027,0.11,2026-08-10T14:18:44+00:00
2025-07-04T12:00:00+00:00,llo1,96,2025-06-30,38.00,5.590,6.590,7.220,4.951,2,45027,0.11,2026-08-10T14:18:44+00:00
2025-07-04T12:00:00+00:00,llo1,96,2025-06-30,43.00,5.200,6.555,6.760,,2,45027,0.11,2026-08-10T14:18:44+00:00
2025-07-05T12:00:00+00:00,llo1,120,2025-06-30,6.00,12.720,9.602,9.470,13.123,2,45027,0.11,2026-08-10T14:18:44+00:00
2025-07-05T12:00:00+00:00,llo1,120,2025-06-30,8.00,12.370,8.892,9.230,12.034,2,45027,0.11,2026-08-10T14:18:44+00:00
2025-07-05T12:00:00+00:00,llo1,120,2025-06-30,13.00,11.100,7.974,9.020,9.585,2,45027,0.11,2026-08-10T14:18:44+00:00
2025-07-05T12:00:00+00:00,llo1,120,2025-06-30,18.00,9.900,7.473,8.570,7.397,2,45027,0.11,2026-08-10T14:18:44+00:00
2025-07-05T12:00:00+00:00,llo1,120,2025-06-30,23.00,8.980,6.964,8.460,6.253,2,45027,0.11,2026-08-10T14:18:44+00:00
2025-07-05T12:00:00+00:00,llo1,120,2025-06-30,28.00,8.400,6.768,8.220,5.444,2,45027,0.11,2026-08-10T14:18:44+00:00
2025-07-05T12:00:00+00:00,llo1,120,2025-06-30,33.00,7.900,6.666,7.670,5.233,2,45027,0.11,2026-08-10T14:18:44+00:00
2025-07-05T12:00:00+00:00,llo1,120,2025-06-30,38.00,7.160,6.652,7.220,4.971,2,45027,0.11,2026-08-10T14:18:44+00:00
2025-07-05T12:00:00+00:00,llo1,120,2025-06-30,43.00,6.340,6.639,6.760,,2,45027,0.11,2026-08-10T14:18:44+00:00
2025-07-02T12:00:00+00:00,llo1,24,2025-07-01,6.00,11.100,8.972,9.410,12.800,2,45027,0.11,2026-08-10T14:18:44+00:00
2025-07-02T12:00:00+00:00,llo1,24,2025-07-01,8.00,9.550,8.929,9.330,11.842,2,45027,0.11,2026-08-10T14:18:44+00:00
2025-07-02T12:00:00+00:00,llo1,24,2025-07-01,13.00,8.970,8.228,8.970,9.596,2,45027,0.11,2026-08-10T14:18:44+00:00
2025-07-02T12:00:00+00:00,llo1,24,2025-07-01,18.00,8.250,7.673,8.390,7.540,2,45027,0.11,2026-08-10T14:18:44+00:00
2025-07-02T12:00:00+00:00,llo1,24,2025-07-01,23.00,7.890,7.337,8.050,6.494,2,45027,0.11,2026-08-10T14:18:44+00:00
2025-07-02T12:00:00+00:00,llo1,24,2025-07-01,28.00,6.590,7.072,6.980,5.715,2,45027,0.11,2026-08-10T14:18:44+00:00
2025-07-02T12:00:00+00:00,llo1,24,2025-07-01,33.00,5.860,6.905,6.200,5.423,2,45027,0.11,2026-08-10T14:18:44+00:00
2025-07-02T12:00:00+00:00,llo1,24,2025-07-01,38.00,5.500,6.773,5.710,5.125,2,45027,0.11,2026-08-10T14:18:44+00:00
2025-07-02T12:00:00+00:00,llo1,24,2025-07-01,43.00,5.360,6.654,5.490,,2,45027,0.11,2026-08-10T14:18:44+00:00
2025-07-03T12:00:00+00:00,llo1,48,2025-07-01,6.00,10.620,11.869,9.410,12.751,2,45027,0.11,2026-08-10T14:18:44+00:00
2025-07-03T12:00:00+00:00,llo1,48,2025-07-01,8.00,10.130,9.856,9.330,11.708,2,45027,0.11,2026-08-10T14:18:44+00:00
2025-07-03T12:00:00+00:00,llo1,48,2025-07-01,13.00,8.780,8.205,8.970,9.437,2,45027,0.11,2026-08-10T14:18:44+00:00
2025-07-03T12:00:00+00:00,llo1,48,2025-07-01,18.00,8.560,7.520,8.390,7.338,2,45027,0.11,2026-08-10T14:18:44+00:00
2025-07-03T12:00:00+00:00,llo1,48,2025-07-01,23.00,7.770,7.193,8.050,6.277,2,45027,0.11,2026-08-10T14:18:44+00:00
2025-07-03T12:00:00+00:00,llo1,48,2025-07-01,28.00,7.130,6.895,6.980,5.530,2,45027,0.11,2026-08-10T14:18:44+00:00
2025-07-03T12:00:00+00:00,llo1,48,2025-07-01,33.00,5.660,6.706,6.200,5.317,2,45027,0.11,2026-08-10T14:18:44+00:00
2025-07-03T12:00:00+00:00,llo1,48,2025-07-01,38.00,5.040,6.590,5.710,5.055,2,45027,0.11,2026-08-10T14:18:44+00:00
2025-07-03T12:00:00+00:00,llo1,48,2025-07-01,43.00,4.950,6.539,5.490,,2,45027,0.11,2026-08-10T14:18:44+00:00
2025-07-04T12:00:00+00:00,llo1,72,2025-07-01,6.00,11.210,14.343,9.410,12.808,2,45027,0.11,2026-08-10T14:18:44+00:00
2025-07-04T12:00:00+00:00,llo1,72,2025-07-01,8.00,11.220,11.245,9.330,11.725,2,45027,0.11,2026-08-10T14:18:44+00:00
2025-07-04T12:00:00+00:00,llo1,72,2025-07-01,13.00,11.000,8.159,8.970,9.266,2,45027,0.11,2026-08-10T14:18:44+00:00
2025-07-04T12:00:00+00:00,llo1,72,2025-07-01,18.00,10.590,7.785,8.390,7.191,2,45027,0.11,2026-08-10T14:18:44+00:00
2025-07-04T12:00:00+00:00,llo1,72,2025-07-01,23.00,8.910,7.388,8.050,6.138,2,45027,0.11,2026-08-10T14:18:44+00:00
2025-07-04T12:00:00+00:00,llo1,72,2025-07-01,28.00,8.530,6.973,6.980,5.396,2,45027,0.11,2026-08-10T14:18:44+00:00
2025-07-04T12:00:00+00:00,llo1,72,2025-07-01,33.00,7.380,6.777,6.200,5.201,2,45027,0.11,2026-08-10T14:18:44+00:00
2025-07-04T12:00:00+00:00,llo1,72,2025-07-01,38.00,5.590,6.693,5.710,4.951,2,45027,0.11,2026-08-10T14:18:44+00:00
2025-07-04T12:00:00+00:00,llo1,72,2025-07-01,43.00,5.200,6.683,5.490,,2,45027,0.11,2026-08-10T14:18:44+00:00
2025-07-05T12:00:00+00:00,llo1,96,2025-07-01,6.00,12.720,10.722,9.410,13.123,2,45027,0.11,2026-08-10T14:18:44+00:00
2025-07-05T12:00:00+00:00,llo1,96,2025-07-01,8.00,12.370,9.794,9.330,12.034,2,45027,0.11,2026-08-10T14:18:44+00:00
2025-07-05T12:00:00+00:00,llo1,96,2025-07-01,13.00,11.100,8.438,8.970,9.585,2,45027,0.11,2026-08-10T14:18:44+00:00
2025-07-05T12:00:00+00:00,llo1,96,2025-07-01,18.00,9.900,7.790,8.390,7.397,2,45027,0.11,2026-08-10T14:18:44+00:00
2025-07-05T12:00:00+00:00,llo1,96,2025-07-01,23.00,8.980,7.285,8.050,6.253,2,45027,0.11,2026-08-10T14:18:44+00:00
2025-07-05T12:00:00+00:00,llo1,96,2025-07-01,28.00,8.400,6.967,6.980,5.444,2,45027,0.11,2026-08-10T14:18:44+00:00
2025-07-05T12:00:00+00:00,llo1,96,2025-07-01,33.00,7.900,6.787,6.200,5.233,2,45027,0.11,2026-08-10T14:18:44+00:00
2025-07-05T12:00:00+00:00,llo1,96,2025-07-01,38.00,7.160,6.755,5.710,4.971,2,45027,0.11,2026-08-10T14:18:44+00:00
2025-07-05T12:00:00+00:00,llo1,96,2025-07-01,43.00,6.340,6.754,5.490,,2,45027,0.11,2026-08-10T14:18:44+00:00
2025-07-06T12:00:00+00:00,llo1,120,2025-07-01,6.00,14.230,9.713,9.410,12.841,2,45027,0.11,2026-08-10T14:18:44+00:00
2025-07-06T12:00:00+00:00,llo1,120,2025-07-01,8.00,13.680,9.177,9.330,11.800,2,45027,0.11,2026-08-10T14:18:44+00:00
2025-07-06T12:00:00+00:00,llo1,120,2025-07-01,13.00,10.410,7.637,8.970,9.504,2,45027,0.11,2026-08-10T14:18:44+00:00
2025-07-06T12:00:00+00:00,llo1,120,2025-07-01,18.00,9.450,7.315,8.390,7.335,2,45027,0.11,2026-08-10T14:18:44+00:00
2025-07-06T12:00:00+00:00,llo1,120,2025-07-01,23.00,8.660,7.018,8.050,6.184,2,45027,0.11,2026-08-10T14:18:44+00:00
2025-07-06T12:00:00+00:00,llo1,120,2025-07-01,28.00,8.160,6.851,6.980,5.393,2,45027,0.11,2026-08-10T14:18:44+00:00
2025-07-06T12:00:00+00:00,llo1,120,2025-07-01,33.00,7.140,6.732,6.200,5.191,2,45027,0.11,2026-08-10T14:18:44+00:00
2025-07-06T12:00:00+00:00,llo1,120,2025-07-01,38.00,5.510,6.716,5.710,4.933,2,45027,0.11,2026-08-10T14:18:44+00:00
2025-07-06T12:00:00+00:00,llo1,120,2025-07-01,43.00,5.220,6.672,5.490,,2,45027,0.11,2026-08-10T14:18:44+00:00
2025-07-03T12:00:00+00:00,llo1,24,2025-07-02,6.00,10.620,10.960,11.100,12.751,2,45027,0.11,2026-08-10T14:18:44+00:00
2025-07-03T12:00:00+00:00,llo1,24,2025-07-02,8.00,10.130,9.079,9.550,11.708,2,45027,0.11,2026-08-10T14:18:44+00:00
2025-07-03T12:00:00+00:00,llo1,24,2025-07-02,13.00,8.780,8.268,8.970,9.437,2,45027,0.11,2026-08-10T14:18:44+00:00
2025-07-03T12:00:00+00:00,llo1,24,2025-07-02,18.00,8.560,7.560,8.250,7.338,2,45027,0.11,2026-08-10T14:18:44+00:00
2025-07-03T12:00:00+00:00,llo1,24,2025-07-02,23.00,7.770,7.244,7.890,6.277,2,45027,0.11,2026-08-10T14:18:44+00:00
2025-07-03T12:00:00+00:00,llo1,24,2025-07-02,28.00,7.130,6.959,6.590,5.530,2,45027,0.11,2026-08-10T14:18:44+00:00
2025-07-03T12:00:00+00:00,llo1,24,2025-07-02,33.00,5.660,6.767,5.860,5.317,2,45027,0.11,2026-08-10T14:18:44+00:00
2025-07-03T12:00:00+00:00,llo1,24,2025-07-02,38.00,5.040,6.647,5.500,5.055,2,45027,0.11,2026-08-10T14:18:44+00:00
2025-07-03T12:00:00+00:00,llo1,24,2025-07-02,43.00,4.950,6.594,5.360,,2,45027,0.11,2026-08-10T14:18:44+00:00
2025-07-04T12:00:00+00:00,llo1,48,2025-07-02,6.00,11.210,17.573,11.100,12.808,2,45027,0.11,2026-08-10T14:18:44+00:00
2025-07-04T12:00:00+00:00,llo1,48,2025-07-02,8.00,11.220,16.973,9.550,11.725,2,45027,0.11,2026-08-10T14:18:44+00:00
2025-07-04T12:00:00+00:00,llo1,48,2025-07-02,13.00,11.000,12.524,8.970,9.266,2,45027,0.11,2026-08-10T14:18:44+00:00
2025-07-04T12:00:00+00:00,llo1,48,2025-07-02,18.00,10.590,9.351,8.250,7.191,2,45027,0.11,2026-08-10T14:18:44+00:00
2025-07-04T12:00:00+00:00,llo1,48,2025-07-02,23.00,8.910,7.954,7.890,6.138,2,45027,0.11,2026-08-10T14:18:44+00:00
2025-07-04T12:00:00+00:00,llo1,48,2025-07-02,28.00,8.530,7.656,6.590,5.396,2,45027,0.11,2026-08-10T14:18:44+00:00
2025-07-04T12:00:00+00:00,llo1,48,2025-07-02,33.00,7.380,7.075,5.860,5.201,2,45027,0.11,2026-08-10T14:18:44+00:00
2025-07-04T12:00:00+00:00,llo1,48,2025-07-02,38.00,5.590,6.934,5.500,4.951,2,45027,0.11,2026-08-10T14:18:44+00:00
2025-07-04T12:00:00+00:00,llo1,48,2025-07-02,43.00,5.200,6.876,5.360,,2,45027,0.11,2026-08-10T14:18:44+00:00
2025-07-05T12:00:00+00:00,llo1,72,2025-07-02,6.00,12.720,12.353,11.100,13.123,2,45027,0.11,2026-08-10T14:18:44+00:00
2025-07-05T12:00:00+00:00,llo1,72,2025-07-02,8.00,12.370,10.756,9.550,12.034,2,45027,0.11,2026-08-10T14:18:44+00:00
2025-07-05T12:00:00+00:00,llo1,72,2025-07-02,13.00,11.100,9.456,8.970,9.585,2,45027,0.11,2026-08-10T14:18:44+00:00
2025-07-05T12:00:00+00:00,llo1,72,2025-07-02,18.00,9.900,8.482,8.250,7.397,2,45027,0.11,2026-08-10T14:18:44+00:00
2025-07-05T12:00:00+00:00,llo1,72,2025-07-02,23.00,8.980,7.942,7.890,6.253,2,45027,0.11,2026-08-10T14:18:44+00:00
2025-07-05T12:00:00+00:00,llo1,72,2025-07-02,28.00,8.400,7.424,6.590,5.444,2,45027,0.11,2026-08-10T14:18:44+00:00
2025-07-05T12:00:00+00:00,llo1,72,2025-07-02,33.00,7.900,7.243,5.860,5.233,2,45027,0.11,2026-08-10T14:18:44+00:00
2025-07-05T12:00:00+00:00,llo1,72,2025-07-02,38.00,7.160,7.182,5.500,4.971,2,45027,0.11,2026-08-10T14:18:44+00:00
2025-07-05T12:00:00+00:00,llo1,72,2025-07-02,43.00,6.340,7.124,5.360,,2,45027,0.11,2026-08-10T14:18:44+00:00
2025-07-06T12:00:00+00:00,llo1,96,2025-07-02,6.00,14.230,10.829,11.100,12.841,2,45027,0.11,2026-08-10T14:18:44+00:00
2025-07-06T12:00:00+00:00,llo1,96,2025-07-02,8.00,13.680,9.688,9.550,11.800,2,45027,0.11,2026-08-10T14:18:44+00:00
2025-07-06T12:00:00+00:00,llo1,96,2025-07-02,13.00,10.410,8.395,8.970,9.504,2,45027,0.11,2026-08-10T14:18:44+00:00
2025-07-06T12:00:00+00:00,llo1,96,2025-07-02,18.00,9.450,7.762,8.250,7.335,2,45027,0.11,2026-08-10T14:18:44+00:00
2025-07-06T12:00:00+00:00,llo1,96,2025-07-02,23.00,8.660,7.378,7.890,6.184,2,45027,0.11,2026-08-10T14:18:44+00:00
2025-07-06T12:00:00+00:00,llo1,96,2025-07-02,28.00,8.160,7.122,6.590,5.393,2,45027,0.11,2026-08-10T14:18:44+00:00
2025-07-06T12:00:00+00:00,llo1,96,2025-07-02,33.00,7.140,6.995,5.860,5.191,2,45027,0.11,2026-08-10T14:18:44+00:00
2025-07-06T12:00:00+00:00,llo1,96,2025-07-02,38.00,5.510,6.963,5.500,4.933,2,45027,0.11,2026-08-10T14:18:44+00:00
2025-07-06T12:00:00+00:00,llo1,96,2025-07-02,43.00,5.220,6.918,5.360,,2,45027,0.11,2026-08-10T14:18:44+00:00
2025-07-07T12:00:00+00:00,llo1,120,2025-07-02,6.00,13.620,12.418,11.100,12.583,2,45027,0.11,2026-08-10T14:18:44+00:00
2025-07-07T12:00:00+00:00,llo1,120,2025-07-02,8.00,13.220,10.212,9.550,11.480,2,45027,0.11,2026-08-10T14:18:44+00:00
2025-07-07T12:00:00+00:00,llo1,120,2025-07-02,13.00,12.660,9.122,8.970,9.116,2,45027,0.11,2026-08-10T14:18:44+00:00
2025-07-07T12:00:00+00:00,llo1,120,2025-07-02,18.00,11.380,8.366,8.250,6.993,2,45027,0.11,2026-08-10T14:18:44+00:00
2025-07-07T12:00:00+00:00,llo1,120,2025-07-02,23.00,8.910,7.846,7.890,6.040,2,45027,0.11,2026-08-10T14:18:44+00:00
2025-07-07T12:00:00+00:00,llo1,120,2025-07-02,28.00,8.180,7.566,6.590,5.290,2,45027,0.11,2026-08-10T14:18:44+00:00
2025-07-07T12:00:00+00:00,llo1,120,2025-07-02,33.00,7.250,7.301,5.860,5.100,2,45027,0.11,2026-08-10T14:18:44+00:00
2025-07-07T12:00:00+00:00,llo1,120,2025-07-02,38.00,6.180,7.119,5.500,4.858,2,45027,0.11,2026-08-10T14:18:44+00:00
2025-07-07T12:00:00+00:00,llo1,120,2025-07-02,43.00,5.190,7.085,5.360,,2,45027,0.11,2026-08-10T14:18:44+00:00
2025-07-04T12:00:00+00:00,llo1,24,2025-07-03,6.00,11.210,17.362,10.620,12.808,2,45027,0.11,2026-08-10T14:18:44+00:00
2025-07-04T12:00:00+00:00,llo1,24,2025-07-03,8.00,11.220,15.197,10.130,11.725,2,45027,0.11,2026-08-10T14:18:44+00:00
2025-07-04T12:00:00+00:00,llo1,24,2025-07-03,13.00,11.000,9.415,8.780,9.266,2,45027,0.11,2026-08-10T14:18:44+00:00
2025-07-04T12:00:00+00:00,llo1,24,2025-07-03,18.00,10.590,8.340,8.560,7.191,2,45027,0.11,2026-08-10T14:18:44+00:00
2025-07-04T12:00:00+00:00,llo1,24,2025-07-03,23.00,8.910,7.771,7.770,6.138,2,45027,0.11,2026-08-10T14:18:44+00:00
2025-07-04T12:00:00+00:00,llo1,24,2025-07-03,28.00,8.530,7.230,7.130,5.396,2,45027,0.11,2026-08-10T14:18:44+00:00
2025-07-04T12:00:00+00:00,llo1,24,2025-07-03,33.00,7.380,6.836,5.660,5.201,2,45027,0.11,2026-08-10T14:18:44+00:00
2025-07-04T12:00:00+00:00,llo1,24,2025-07-03,38.00,5.590,6.738,5.040,4.951,2,45027,0.11,2026-08-10T14:18:44+00:00
2025-07-04T12:00:00+00:00,llo1,24,2025-07-03,43.00,5.200,6.729,4.950,,2,45027,0.11,2026-08-10T14:18:44+00:00
2025-07-05T12:00:00+00:00,llo1,48,2025-07-03,6.00,12.720,13.931,10.620,13.123,2,45027,0.11,2026-08-10T14:18:44+00:00
2025-07-05T12:00:00+00:00,llo1,48,2025-07-03,8.00,12.370,11.499,10.130,12.034,2,45027,0.11,2026-08-10T14:18:44+00:00
2025-07-05T12:00:00+00:00,llo1,48,2025-07-03,13.00,11.100,9.261,8.780,9.585,2,45027,0.11,2026-08-10T14:18:44+00:00
2025-07-05T12:00:00+00:00,llo1,48,2025-07-03,18.00,9.900,8.242,8.560,7.397,2,45027,0.11,2026-08-10T14:18:44+00:00
2025-07-05T12:00:00+00:00,llo1,48,2025-07-03,23.00,8.980,7.903,7.770,6.253,2,45027,0.11,2026-08-10T14:18:44+00:00
2025-07-05T12:00:00+00:00,llo1,48,2025-07-03,28.00,8.400,7.379,7.130,5.444,2,45027,0.11,2026-08-10T14:18:44+00:00
2025-07-05T12:00:00+00:00,llo1,48,2025-07-03,33.00,7.900,7.037,5.660,5.233,2,45027,0.11,2026-08-10T14:18:44+00:00
2025-07-05T12:00:00+00:00,llo1,48,2025-07-03,38.00,7.160,6.841,5.040,4.971,2,45027,0.11,2026-08-10T14:18:44+00:00
2025-07-05T12:00:00+00:00,llo1,48,2025-07-03,43.00,6.340,6.823,4.950,,2,45027,0.11,2026-08-10T14:18:44+00:00
2025-07-06T12:00:00+00:00,llo1,72,2025-07-03,6.00,14.230,12.255,10.620,12.841,2,45027,0.11,2026-08-10T14:18:44+00:00
2025-07-06T12:00:00+00:00,llo1,72,2025-07-03,8.00,13.680,10.233,10.130,11.800,2,45027,0.11,2026-08-10T14:18:44+00:00
2025-07-06T12:00:00+00:00,llo1,72,2025-07-03,13.00,10.410,9.248,8.780,9.504,2,45027,0.11,2026-08-10T14:18:44+00:00
2025-07-06T12:00:00+00:00,llo1,72,2025-07-03,18.00,9.450,8.182,8.560,7.335,2,45027,0.11,2026-08-10T14:18:44+00:00
2025-07-06T12:00:00+00:00,llo1,72,2025-07-03,23.00,8.660,7.673,7.770,6.184,2,45027,0.11,2026-08-10T14:18:44+00:00
2025-07-06T12:00:00+00:00,llo1,72,2025-07-03,28.00,8.160,7.306,7.130,5.393,2,45027,0.11,2026-08-10T14:18:44+00:00
2025-07-06T12:00:00+00:00,llo1,72,2025-07-03,33.00,7.140,7.030,5.660,5.191,2,45027,0.11,2026-08-10T14:18:44+00:00
2025-07-06T12:00:00+00:00,llo1,72,2025-07-03,38.00,5.510,6.982,5.040,4.933,2,45027,0.11,2026-08-10T14:18:44+00:00
2025-07-06T12:00:00+00:00,llo1,72,2025-07-03,43.00,5.220,6.958,4.950,,2,45027,0.11,2026-08-10T14:18:44+00:00
2025-07-07T12:00:00+00:00,llo1,96,2025-07-03,6.00,13.620,12.984,10.620,12.583,2,45027,0.11,2026-08-10T14:18:44+00:00
2025-07-07T12:00:00+00:00,llo1,96,2025-07-03,8.00,13.220,10.932,10.130,11.480,2,45027,0.11,2026-08-10T14:18:44+00:00
2025-07-07T12:00:00+00:00,llo1,96,2025-07-03,13.00,12.660,9.283,8.780,9.116,2,45027,0.11,2026-08-10T14:18:44+00:00
2025-07-07T12:00:00+00:00,llo1,96,2025-07-03,18.00,11.380,8.612,8.560,6.993,2,45027,0.11,2026-08-10T14:18:44+00:00
2025-07-07T12:00:00+00:00,llo1,96,2025-07-03,23.00,8.910,8.033,7.770,6.040,2,45027,0.11,2026-08-10T14:18:44+00:00
2025-07-07T12:00:00+00:00,llo1,96,2025-07-03,28.00,8.180,7.648,7.130,5.290,2,45027,0.11,2026-08-10T14:18:44+00:00
2025-07-07T12:00:00+00:00,llo1,96,2025-07-03,33.00,7.250,7.353,5.660,5.100,2,45027,0.11,2026-08-10T14:18:44+00:00
2025-07-07T12:00:00+00:00,llo1,96,2025-07-03,38.00,6.180,7.203,5.040,4.858,2,45027,0.11,2026-08-10T14:18:44+00:00
2025-07-07T12:00:00+00:00,llo1,96,2025-07-03,43.00,5.190,7.203,4.950,,2,45027,0.11,2026-08-10T14:18:44+00:00
2025-07-08T12:00:00+00:00,llo1,120,2025-07-03,6.00,14.780,14.729,10.620,12.510,2,45027,0.11,2026-08-10T14:18:44+00:00
2025-07-08T12:00:00+00:00,llo1,120,2025-07-03,8.00,14.760,12.298,10.130,11.378,2,45027,0.11,2026-08-10T14:18:44+00:00
2025-07-08T12:00:00+00:00,llo1,120,2025-07-03,13.00,14.720,9.986,8.780,8.923,2,45027,0.11,2026-08-10T14:18:44+00:00
2025-07-08T12:00:00+00:00,llo1,120,2025-07-03,18.00,13.100,8.880,8.560,6.774,2,45027,0.11,2026-08-10T14:18:44+00:00
2025-07-08T12:00:00+00:00,llo1,120,2025-07-03,23.00,10.960,8.239,7.770,5.957,2,45027,0.11,2026-08-10T14:18:44+00:00
2025-07-08T12:00:00+00:00,llo1,120,2025-07-03,28.00,8.480,7.779,7.130,5.247,2,45027,0.11,2026-08-10T14:18:44+00:00
2025-07-08T12:00:00+00:00,llo1,120,2025-07-03,33.00,7.060,7.513,5.660,5.064,2,45027,0.11,2026-08-10T14:18:44+00:00
2025-07-08T12:00:00+00:00,llo1,120,2025-07-03,38.00,5.900,7.372,5.040,4.827,2,45027,0.11,2026-08-10T14:18:44+00:00
2025-07-08T12:00:00+00:00,llo1,120,2025-07-03,43.00,5.220,7.341,4.950,,2,45027,0.11,2026-08-10T14:18:44+00:00
2025-07-05T12:00:00+00:00,llo1,24,2025-07-04,6.00,12.720,12.352,11.210,13.123,2,45027,0.11,2026-08-10T14:18:44+00:00
2025-07-05T12:00:00+00:00,llo1,24,2025-07-04,8.00,12.370,10.508,11.220,12.034,2,45027,0.11,2026-08-10T14:18:44+00:00
2025-07-05T12:00:00+00:00,llo1,24,2025-07-04,13.00,11.100,8.813,11.000,9.585,2,45027,0.11,2026-08-10T14:18:44+00:00
2025-07-05T12:00:00+00:00,llo1,24,2025-07-04,18.00,9.900,8.063,10.590,7.397,2,45027,0.11,2026-08-10T14:18:44+00:00
2025-07-05T12:00:00+00:00,llo1,24,2025-07-04,23.00,8.980,7.512,8.910,6.253,2,45027,0.11,2026-08-10T14:18:44+00:00
2025-07-05T12:00:00+00:00,llo1,24,2025-07-04,28.00,8.400,7.154,8.530,5.444,2,45027,0.11,2026-08-10T14:18:44+00:00
2025-07-05T12:00:00+00:00,llo1,24,2025-07-04,33.00,7.900,6.881,7.380,5.233,2,45027,0.11,2026-08-10T14:18:44+00:00
2025-07-05T12:00:00+00:00,llo1,24,2025-07-04,38.00,7.160,6.768,5.590,4.971,2,45027,0.11,2026-08-10T14:18:44+00:00
2025-07-05T12:00:00+00:00,llo1,24,2025-07-04,43.00,6.340,6.740,5.200,,2,45027,0.11,2026-08-10T14:18:44+00:00
2025-07-06T12:00:00+00:00,llo1,48,2025-07-04,6.00,14.230,10.504,11.210,12.841,2,45027,0.11,2026-08-10T14:18:44+00:00
2025-07-06T12:00:00+00:00,llo1,48,2025-07-04,8.00,13.680,9.806,11.220,11.800,2,45027,0.11,2026-08-10T14:18:44+00:00
2025-07-06T12:00:00+00:00,llo1,48,2025-07-04,13.00,10.410,8.781,11.000,9.504,2,45027,0.11,2026-08-10T14:18:44+00:00
2025-07-06T12:00:00+00:00,llo1,48,2025-07-04,18.00,9.450,7.676,10.590,7.335,2,45027,0.11,2026-08-10T14:18:44+00:00
2025-07-06T12:00:00+00:00,llo1,48,2025-07-04,23.00,8.660,7.564,8.910,6.184,2,45027,0.11,2026-08-10T14:18:44+00:00
2025-07-06T12:00:00+00:00,llo1,48,2025-07-04,28.00,8.160,7.154,8.530,5.393,2,45027,0.11,2026-08-10T14:18:44+00:00
2025-07-06T12:00:00+00:00,llo1,48,2025-07-04,33.00,7.140,6.899,7.380,5.191,2,45027,0.11,2026-08-10T14:18:44+00:00
2025-07-06T12:00:00+00:00,llo1,48,2025-07-04,38.00,5.510,6.880,5.590,4.933,2,45027,0.11,2026-08-10T14:18:44+00:00
2025-07-06T12:00:00+00:00,llo1,48,2025-07-04,43.00,5.220,6.873,5.200,,2,45027,0.11,2026-08-10T14:18:44+00:00
2025-07-07T12:00:00+00:00,llo1,72,2025-07-04,6.00,13.620,13.293,11.210,12.583,2,45027,0.11,2026-08-10T14:18:44+00:00
2025-07-07T12:00:00+00:00,llo1,72,2025-07-04,8.00,13.220,11.028,11.220,11.480,2,45027,0.11,2026-08-10T14:18:44+00:00
2025-07-07T12:00:00+00:00,llo1,72,2025-07-04,13.00,12.660,8.896,11.000,9.116,2,45027,0.11,2026-08-10T14:18:44+00:00
2025-07-07T12:00:00+00:00,llo1,72,2025-07-04,18.00,11.380,8.058,10.590,6.993,2,45027,0.11,2026-08-10T14:18:44+00:00
2025-07-07T12:00:00+00:00,llo1,72,2025-07-04,23.00,8.910,7.797,8.910,6.040,2,45027,0.11,2026-08-10T14:18:44+00:00
2025-07-07T12:00:00+00:00,llo1,72,2025-07-04,28.00,8.180,7.466,8.530,5.290,2,45027,0.11,2026-08-10T14:18:44+00:00
2025-07-07T12:00:00+00:00,llo1,72,2025-07-04,33.00,7.250,7.143,7.380,5.100,2,45027,0.11,2026-08-10T14:18:44+00:00
2025-07-07T12:00:00+00:00,llo1,72,2025-07-04,38.00,6.180,7.031,5.590,4.858,2,45027,0.11,2026-08-10T14:18:44+00:00
2025-07-07T12:00:00+00:00,llo1,72,2025-07-04,43.00,5.190,7.025,5.200,,2,45027,0.11,2026-08-10T14:18:44+00:00
2025-07-08T12:00:00+00:00,llo1,96,2025-07-04,6.00,14.780,13.719,11.210,12.510,2,45027,0.11,2026-08-10T14:18:44+00:00
2025-07-08T12:00:00+00:00,llo1,96,2025-07-04,8.00,14.760,11.544,11.220,11.378,2,45027,0.11,2026-08-10T14:18:44+00:00
2025-07-08T12:00:00+00:00,llo1,96,2025-07-04,13.00,14.720,9.389,11.000,8.923,2,45027,0.11,2026-08-10T14:18:44+00:00
2025-07-08T12:00:00+00:00,llo1,96,2025-07-04,18.00,13.100,8.250,10.590,6.774,2,45027,0.11,2026-08-10T14:18:44+00:00
2025-07-08T12:00:00+00:00,llo1,96,2025-07-04,23.00,10.960,7.697,8.910,5.957,2,45027,0.11,2026-08-10T14:18:44+00:00
2025-07-08T12:00:00+00:00,llo1,96,2025-07-04,28.00,8.480,7.390,8.530,5.247,2,45027,0.11,2026-08-10T14:18:44+00:00
2025-07-08T12:00:00+00:00,llo1,96,2025-07-04,33.00,7.060,7.168,7.380,5.064,2,45027,0.11,2026-08-10T14:18:44+00:00
2025-07-08T12:00:00+00:00,llo1,96,2025-07-04,38.00,5.900,7.127,5.590,4.827,2,45027,0.11,2026-08-10T14:18:44+00:00
2025-07-08T12:00:00+00:00,llo1,96,2025-07-04,43.00,5.220,7.122,5.200,,2,45027,0.11,2026-08-10T14:18:44+00:00
2025-07-06T12:00:00+00:00,llo1,24,2025-07-05,6.00,14.230,11.969,12.720,12.841,2,45027,0.11,2026-08-10T14:18:44+00:00
2025-07-06T12:00:00+00:00,llo1,24,2025-07-05,8.00,13.680,10.058,12.370,11.800,2,45027,0.11,2026-08-10T14:18:44+00:00
2025-07-06T12:00:00+00:00,llo1,24,2025-07-05,13.00,10.410,9.185,11.100,9.504,2,45027,0.11,2026-08-10T14:18:44+00:00
2025-07-06T12:00:00+00:00,llo1,24,2025-07-05,18.00,9.450,7.897,9.900,7.335,2,45027,0.11,2026-08-10T14:18:44+00:00
2025-07-06T12:00:00+00:00,llo1,24,2025-07-05,23.00,8.660,7.650,8.980,6.184,2,45027,0.11,2026-08-10T14:18:44+00:00
2025-07-06T12:00:00+00:00,llo1,24,2025-07-05,28.00,8.160,7.304,8.400,5.393,2,45027,0.11,2026-08-10T14:18:44+00:00
2025-07-06T12:00:00+00:00,llo1,24,2025-07-05,33.00,7.140,7.020,7.900,5.191,2,45027,0.11,2026-08-10T14:18:44+00:00
2025-07-06T12:00:00+00:00,llo1,24,2025-07-05,38.00,5.510,6.923,7.160,4.933,2,45027,0.11,2026-08-10T14:18:44+00:00
2025-07-06T12:00:00+00:00,llo1,24,2025-07-05,43.00,5.220,6.920,6.340,,2,45027,0.11,2026-08-10T14:18:44+00:00
2025-07-07T12:00:00+00:00,llo1,48,2025-07-05,6.00,13.620,17.582,12.720,12.583,2,45027,0.11,2026-08-10T14:18:44+00:00
2025-07-07T12:00:00+00:00,llo1,48,2025-07-05,8.00,13.220,16.761,12.370,11.480,2,45027,0.11,2026-08-10T14:18:44+00:00
2025-07-07T12:00:00+00:00,llo1,48,2025-07-05,13.00,12.660,13.563,11.100,9.116,2,45027,0.11,2026-08-10T14:18:44+00:00
2025-07-07T12:00:00+00:00,llo1,48,2025-07-05,18.00,11.380,10.963,9.900,6.993,2,45027,0.11,2026-08-10T14:18:44+00:00
2025-07-07T12:00:00+00:00,llo1,48,2025-07-05,23.00,8.910,9.164,8.980,6.040,2,45027,0.11,2026-08-10T14:18:44+00:00
2025-07-07T12:00:00+00:00,llo1,48,2025-07-05,28.00,8.180,8.301,8.400,5.290,2,45027,0.11,2026-08-10T14:18:44+00:00
2025-07-07T12:00:00+00:00,llo1,48,2025-07-05,33.00,7.250,7.764,7.900,5.100,2,45027,0.11,2026-08-10T14:18:44+00:00
2025-07-07T12:00:00+00:00,llo1,48,2025-07-05,38.00,6.180,7.580,7.160,4.858,2,45027,0.11,2026-08-10T14:18:44+00:00
2025-07-07T12:00:00+00:00,llo1,48,2025-07-05,43.00,5.190,7.570,6.340,,2,45027,0.11,2026-08-10T14:18:44+00:00
2025-07-08T12:00:00+00:00,llo1,72,2025-07-05,6.00,14.780,14.980,12.720,12.510,2,45027,0.11,2026-08-10T14:18:44+00:00
2025-07-08T12:00:00+00:00,llo1,72,2025-07-05,8.00,14.760,13.423,12.370,11.378,2,45027,0.11,2026-08-10T14:18:44+00:00
2025-07-08T12:00:00+00:00,llo1,72,2025-07-05,13.00,14.720,11.045,11.100,8.923,2,45027,0.11,2026-08-10T14:18:44+00:00
2025-07-08T12:00:00+00:00,llo1,72,2025-07-05,18.00,13.100,9.423,9.900,6.774,2,45027,0.11,2026-08-10T14:18:44+00:00
2025-07-08T12:00:00+00:00,llo1,72,2025-07-05,23.00,10.960,8.622,8.980,5.957,2,45027,0.11,2026-08-10T14:18:44+00:00
2025-07-08T12:00:00+00:00,llo1,72,2025-07-05,28.00,8.480,8.249,8.400,5.247,2,45027,0.11,2026-08-10T14:18:44+00:00
2025-07-08T12:00:00+00:00,llo1,72,2025-07-05,33.00,7.060,7.900,7.900,5.064,2,45027,0.11,2026-08-10T14:18:44+00:00
2025-07-08T12:00:00+00:00,llo1,72,2025-07-05,38.00,5.900,7.470,7.160,4.827,2,45027,0.11,2026-08-10T14:18:44+00:00
2025-07-08T12:00:00+00:00,llo1,72,2025-07-05,43.00,5.220,7.413,6.340,,2,45027,0.11,2026-08-10T14:18:44+00:00
2025-07-07T12:00:00+00:00,llo1,24,2025-07-06,6.00,13.620,16.962,14.230,12.583,2,45027,0.11,2026-08-10T14:18:44+00:00
2025-07-07T12:00:00+00:00,llo1,24,2025-07-06,8.00,13.220,15.751,13.680,11.480,2,45027,0.11,2026-08-10T14:18:44+00:00
2025-07-07T12:00:00+00:00,llo1,24,2025-07-06,13.00,12.660,13.056,10.410,9.116,2,45027,0.11,2026-08-10T14:18:44+00:00
2025-07-07T12:00:00+00:00,llo1,24,2025-07-06,18.00,11.380,10.806,9.450,6.993,2,45027,0.11,2026-08-10T14:18:44+00:00
2025-07-07T12:00:00+00:00,llo1,24,2025-07-06,23.00,8.910,9.373,8.660,6.040,2,45027,0.11,2026-08-10T14:18:44+00:00
2025-07-07T12:00:00+00:00,llo1,24,2025-07-06,28.00,8.180,8.468,8.160,5.290,2,45027,0.11,2026-08-10T14:18:44+00:00
2025-07-07T12:00:00+00:00,llo1,24,2025-07-06,33.00,7.250,8.116,7.140,5.100,2,45027,0.11,2026-08-10T14:18:44+00:00
2025-07-07T12:00:00+00:00,llo1,24,2025-07-06,38.00,6.180,7.818,5.510,4.858,2,45027,0.11,2026-08-10T14:18:44+00:00
2025-07-07T12:00:00+00:00,llo1,24,2025-07-06,43.00,5.190,7.633,5.220,,2,45027,0.11,2026-08-10T14:18:44+00:00
2025-07-08T12:00:00+00:00,llo1,48,2025-07-06,6.00,14.780,16.841,14.230,12.510,2,45027,0.11,2026-08-10T14:18:44+00:00
2025-07-08T12:00:00+00:00,llo1,48,2025-07-06,8.00,14.760,15.943,13.680,11.378,2,45027,0.11,2026-08-10T14:18:44+00:00
2025-07-08T12:00:00+00:00,llo1,48,2025-07-06,13.00,14.720,13.355,10.410,8.923,2,45027,0.11,2026-08-10T14:18:44+00:00
2025-07-08T12:00:00+00:00,llo1,48,2025-07-06,18.00,13.100,11.247,9.450,6.774,2,45027,0.11,2026-08-10T14:18:44+00:00
2025-07-08T12:00:00+00:00,llo1,48,2025-07-06,23.00,10.960,9.591,8.660,5.957,2,45027,0.11,2026-08-10T14:18:44+00:00
2025-07-08T12:00:00+00:00,llo1,48,2025-07-06,28.00,8.480,8.979,8.160,5.247,2,45027,0.11,2026-08-10T14:18:44+00:00
2025-07-08T12:00:00+00:00,llo1,48,2025-07-06,33.00,7.060,8.517,7.140,5.064,2,45027,0.11,2026-08-10T14:18:44+00:00
2025-07-08T12:00:00+00:00,llo1,48,2025-07-06,38.00,5.900,7.946,5.510,4.827,2,45027,0.11,2026-08-10T14:18:44+00:00
2025-07-08T12:00:00+00:00,llo1,48,2025-07-06,43.00,5.220,7.776,5.220,,2,45027,0.11,2026-08-10T14:18:44+00:00
2025-07-11T12:00:00+00:00,llo1,120,2025-07-06,6.00,15.030,16.962,14.230,11.737,2,45027,0.11,2026-08-10T14:18:44+00:00
2025-07-11T12:00:00+00:00,llo1,120,2025-07-06,8.00,14.820,15.233,13.680,10.592,2,45027,0.11,2026-08-10T14:18:44+00:00
2025-07-11T12:00:00+00:00,llo1,120,2025-07-06,13.00,14.600,11.661,10.410,8.553,2,45027,0.11,2026-08-10T14:18:44+00:00
2025-07-11T12:00:00+00:00,llo1,120,2025-07-06,18.00,14.340,10.293,9.450,6.506,2,45027,0.11,2026-08-10T14:18:44+00:00
2025-07-11T12:00:00+00:00,llo1,120,2025-07-06,23.00,12.660,9.427,8.660,5.776,2,45027,0.11,2026-08-10T14:18:44+00:00
2025-07-11T12:00:00+00:00,llo1,120,2025-07-06,28.00,10.360,8.826,8.160,5.154,2,45027,0.11,2026-08-10T14:18:44+00:00
2025-07-11T12:00:00+00:00,llo1,120,2025-07-06,33.00,8.410,8.474,7.140,4.992,2,45027,0.11,2026-08-10T14:18:44+00:00
2025-07-11T12:00:00+00:00,llo1,120,2025-07-06,38.00,6.630,8.078,5.510,4.748,2,45027,0.11,2026-08-10T14:18:44+00:00
2025-07-11T12:00:00+00:00,llo1,120,2025-07-06,43.00,5.140,7.882,5.220,,2,45027,0.11,2026-08-10T14:18:44+00:00
2025-07-08T12:00:00+00:00,llo1,24,2025-07-07,6.00,14.780,17.050,13.620,12.510,2,45027,0.11,2026-08-10T14:18:44+00:00
2025-07-08T12:00:00+00:00,llo1,24,2025-07-07,8.00,14.760,15.666,13.220,11.378,2,45027,0.11,2026-08-10T14:18:44+00:00
2025-07-08T12:00:00+00:00,llo1,24,2025-07-07,13.00,14.720,12.452,12.660,8.923,2,45027,0.11,2026-08-10T14:18:44+00:00
2025-07-08T12:00:00+00:00,llo1,24,2025-07-07,18.00,13.100,10.214,11.380,6.774,2,45027,0.11,2026-08-10T14:18:44+00:00
2025-07-08T12:00:00+00:00,llo1,24,2025-07-07,23.00,10.960,9.188,8.910,5.957,2,45027,0.11,2026-08-10T14:18:44+00:00
2025-07-08T12:00:00+00:00,llo1,24,2025-07-07,28.00,8.480,8.649,8.180,5.247,2,45027,0.11,2026-08-10T14:18:44+00:00
2025-07-08T12:00:00+00:00,llo1,24,2025-07-07,33.00,7.060,8.085,7.250,5.064,2,45027,0.11,2026-08-10T14:18:44+00:00
2025-07-08T12:00:00+00:00,llo1,24,2025-07-07,38.00,5.900,7.718,6.180,4.827,2,45027,0.11,2026-08-10T14:18:44+00:00
2025-07-08T12:00:00+00:00,llo1,24,2025-07-07,43.00,5.220,7.569,5.190,,2,45027,0.11,2026-08-10T14:18:44+00:00
2025-07-11T12:00:00+00:00,llo1,96,2025-07-07,6.00,15.030,18.078,13.620,11.737,2,45027,0.11,2026-08-10T14:18:44+00:00
2025-07-11T12:00:00+00:00,llo1,96,2025-07-07,8.00,14.820,15.972,13.220,10.592,2,45027,0.11,2026-08-10T14:18:44+00:00
2025-07-11T12:00:00+00:00,llo1,96,2025-07-07,13.00,14.600,11.696,12.660,8.553,2,45027,0.11,2026-08-10T14:18:44+00:00
2025-07-11T12:00:00+00:00,llo1,96,2025-07-07,18.00,14.340,10.233,11.380,6.506,2,45027,0.11,2026-08-10T14:18:44+00:00
2025-07-11T12:00:00+00:00,llo1,96,2025-07-07,23.00,12.660,9.419,8.910,5.776,2,45027,0.11,2026-08-10T14:18:44+00:00
2025-07-11T12:00:00+00:00,llo1,96,2025-07-07,28.00,10.360,8.930,8.180,5.154,2,45027,0.11,2026-08-10T14:18:44+00:00
2025-07-11T12:00:00+00:00,llo1,96,2025-07-07,33.00,8.410,8.526,7.250,4.992,2,45027,0.11,2026-08-10T14:18:44+00:00
2025-07-11T12:00:00+00:00,llo1,96,2025-07-07,38.00,6.630,8.079,6.180,4.748,2,45027,0.11,2026-08-10T14:18:44+00:00
2025-07-11T12:00:00+00:00,llo1,96,2025-07-07,43.00,5.140,7.788,5.190,,2,45027,0.11,2026-08-10T14:18:44+00:00
2025-07-12T12:00:00+00:00,llo1,120,2025-07-07,6.00,15.220,15.100,13.620,11.401,2,45027,0.11,2026-08-10T14:18:44+00:00
2025-07-12T12:00:00+00:00,llo1,120,2025-07-07,8.00,15.030,13.229,13.220,10.225,2,45027,0.11,2026-08-10T14:18:44+00:00
2025-07-12T12:00:00+00:00,llo1,120,2025-07-07,13.00,14.110,10.633,12.660,8.324,2,45027,0.11,2026-08-10T14:18:44+00:00
2025-07-12T12:00:00+00:00,llo1,120,2025-07-07,18.00,12.360,9.773,11.380,6.319,2,45027,0.11,2026-08-10T14:18:44+00:00
2025-07-12T12:00:00+00:00,llo1,120,2025-07-07,23.00,10.830,9.235,8.910,5.596,2,45027,0.11,2026-08-10T14:18:44+00:00
2025-07-12T12:00:00+00:00,llo1,120,2025-07-07,28.00,9.850,8.718,8.180,5.031,2,45027,0.11,2026-08-10T14:18:44+00:00
2025-07-12T12:00:00+00:00,llo1,120,2025-07-07,33.00,9.000,8.266,7.250,4.885,2,45027,0.11,2026-08-10T14:18:44+00:00
2025-07-12T12:00:00+00:00,llo1,120,2025-07-07,38.00,7.330,7.871,6.180,4.657,2,45027,0.11,2026-08-10T14:18:44+00:00
2025-07-12T12:00:00+00:00,llo1,120,2025-07-07,43.00,5.660,7.567,5.190,,2,45027,0.11,2026-08-10T14:18:44+00:00
2025-07-11T12:00:00+00:00,llo1,72,2025-07-08,6.00,15.030,18.388,14.780,11.737,2,45027,0.11,2026-08-10T14:18:44+00:00
2025-07-11T12:00:00+00:00,llo1,72,2025-07-08,8.00,14.820,16.619,14.760,10.592,2,45027,0.11,2026-08-10T14:18:44+00:00
2025-07-11T12:00:00+00:00,llo1,72,2025-07-08,13.00,14.600,12.025,14.720,8.553,2,45027,0.11,2026-08-10T14:18:44+00:00
2025-07-11T12:00:00+00:00,llo1,72,2025-07-08,18.00,14.340,10.502,13.100,6.506,2,45027,0.11,2026-08-10T14:18:44+00:00
2025-07-11T12:00:00+00:00,llo1,72,2025-07-08,23.00,12.660,9.667,10.960,5.776,2,45027,0.11,2026-08-10T14:18:44+00:00
2025-07-11T12:00:00+00:00,llo1,72,2025-07-08,28.00,10.360,9.028,8.480,5.154,2,45027,0.11,2026-08-10T14:18:44+00:00
2025-07-11T12:00:00+00:00,llo1,72,2025-07-08,33.00,8.410,8.683,7.060,4.992,2,45027,0.11,2026-08-10T14:18:44+00:00
2025-07-11T12:00:00+00:00,llo1,72,2025-07-08,38.00,6.630,8.211,5.900,4.748,2,45027,0.11,2026-08-10T14:18:44+00:00
2025-07-11T12:00:00+00:00,llo1,72,2025-07-08,43.00,5.140,7.933,5.220,,2,45027,0.11,2026-08-10T14:18:44+00:00
2025-07-12T12:00:00+00:00,llo1,96,2025-07-08,6.00,15.220,17.621,14.780,11.401,2,45027,0.11,2026-08-10T14:18:44+00:00
2025-07-12T12:00:00+00:00,llo1,96,2025-07-08,8.00,15.030,15.790,14.760,10.225,2,45027,0.11,2026-08-10T14:18:44+00:00
2025-07-12T12:00:00+00:00,llo1,96,2025-07-08,13.00,14.110,11.485,14.720,8.324,2,45027,0.11,2026-08-10T14:18:44+00:00
2025-07-12T12:00:00+00:00,llo1,96,2025-07-08,18.00,12.360,10.087,13.100,6.319,2,45027,0.11,2026-08-10T14:18:44+00:00
2025-07-12T12:00:00+00:00,llo1,96,2025-07-08,23.00,10.830,9.351,10.960,5.596,2,45027,0.11,2026-08-10T14:18:44+00:00
2025-07-12T12:00:00+00:00,llo1,96,2025-07-08,28.00,9.850,8.800,8.480,5.031,2,45027,0.11,2026-08-10T14:18:44+00:00
2025-07-12T12:00:00+00:00,llo1,96,2025-07-08,33.00,9.000,8.371,7.060,4.885,2,45027,0.11,2026-08-10T14:18:44+00:00
2025-07-12T12:00:00+00:00,llo1,96,2025-07-08,38.00,7.330,7.943,5.900,4.657,2,45027,0.11,2026-08-10T14:18:44+00:00
2025-07-12T12:00:00+00:00,llo1,96,2025-07-08,43.00,5.660,7.624,5.220,,2,45027,0.11,2026-08-10T14:18:44+00:00
2025-07-13T12:00:00+00:00,llo1,120,2025-07-08,6.00,14.680,11.708,14.780,11.697,2,45027,0.11,2026-08-10T14:18:44+00:00
2025-07-13T12:00:00+00:00,llo1,120,2025-07-08,8.00,13.400,10.789,14.760,10.410,2,45027,0.11,2026-08-10T14:18:44+00:00
2025-07-13T12:00:00+00:00,llo1,120,2025-07-08,13.00,12.230,9.513,14.720,8.347,2,45027,0.11,2026-08-10T14:18:44+00:00
2025-07-13T12:00:00+00:00,llo1,120,2025-07-08,18.00,10.150,8.938,13.100,6.341,2,45027,0.11,2026-08-10T14:18:44+00:00
2025-07-13T12:00:00+00:00,llo1,120,2025-07-08,23.00,8.010,8.469,10.960,5.632,2,45027,0.11,2026-08-10T14:18:44+00:00
2025-07-13T12:00:00+00:00,llo1,120,2025-07-08,28.00,6.990,7.995,8.480,5.060,2,45027,0.11,2026-08-10T14:18:44+00:00
2025-07-13T12:00:00+00:00,llo1,120,2025-07-08,33.00,5.430,7.689,7.060,4.893,2,45027,0.11,2026-08-10T14:18:44+00:00
2025-07-13T12:00:00+00:00,llo1,120,2025-07-08,38.00,4.900,7.537,5.900,4.659,2,45027,0.11,2026-08-10T14:18:44+00:00
2025-07-13T12:00:00+00:00,llo1,120,2025-07-08,43.00,4.370,7.472,5.220,,2,45027,0.11,2026-08-10T14:18:44+00:00
2025-07-11T12:00:00+00:00,llo1,48,2025-07-09,6.00,15.030,18.026,,11.737,2,45027,0.11,2026-08-10T14:18:44+00:00
2025-07-11T12:00:00+00:00,llo1,48,2025-07-09,8.00,14.820,16.373,,10.592,2,45027,0.11,2026-08-10T14:18:44+00:00
2025-07-11T12:00:00+00:00,llo1,48,2025-07-09,13.00,14.600,12.289,,8.553,2,45027,0.11,2026-08-10T14:18:44+00:00
2025-07-11T12:00:00+00:00,llo1,48,2025-07-09,18.00,14.340,10.581,,6.506,2,45027,0.11,2026-08-10T14:18:44+00:00
2025-07-11T12:00:00+00:00,llo1,48,2025-07-09,23.00,12.660,9.544,,5.776,2,45027,0.11,2026-08-10T14:18:44+00:00
2025-07-11T12:00:00+00:00,llo1,48,2025-07-09,28.00,10.360,8.906,,5.154,2,45027,0.11,2026-08-10T14:18:44+00:00
2025-07-11T12:00:00+00:00,llo1,48,2025-07-09,33.00,8.410,8.585,,4.992,2,45027,0.11,2026-08-10T14:18:44+00:00
2025-07-11T12:00:00+00:00,llo1,48,2025-07-09,38.00,6.630,8.154,,4.748,2,45027,0.11,2026-08-10T14:18:44+00:00
2025-07-11T12:00:00+00:00,llo1,48,2025-07-09,43.00,5.140,7.912,,,2,45027,0.11,2026-08-10T14:18:44+00:00
2025-07-12T12:00:00+00:00,llo1,72,2025-07-09,6.00,15.220,15.274,,11.401,2,45027,0.11,2026-08-10T14:18:44+00:00
2025-07-12T12:00:00+00:00,llo1,72,2025-07-09,8.00,15.030,13.781,,10.225,2,45027,0.11,2026-08-10T14:18:44+00:00
2025-07-12T12:00:00+00:00,llo1,72,2025-07-09,13.00,14.110,10.902,,8.324,2,45027,0.11,2026-08-10T14:18:44+00:00
2025-07-12T12:00:00+00:00,llo1,72,2025-07-09,18.00,12.360,9.959,,6.319,2,45027,0.11,2026-08-10T14:18:44+00:00
2025-07-12T12:00:00+00:00,llo1,72,2025-07-09,23.00,10.830,9.228,,5.596,2,45027,0.11,2026-08-10T14:18:44+00:00
2025-07-12T12:00:00+00:00,llo1,72,2025-07-09,28.00,9.850,8.800,,5.031,2,45027,0.11,2026-08-10T14:18:44+00:00
2025-07-12T12:00:00+00:00,llo1,72,2025-07-09,33.00,9.000,8.315,,4.885,2,45027,0.11,2026-08-10T14:18:44+00:00
2025-07-12T12:00:00+00:00,llo1,72,2025-07-09,38.00,7.330,7.915,,4.657,2,45027,0.11,2026-08-10T14:18:44+00:00
2025-07-12T12:00:00+00:00,llo1,72,2025-07-09,43.00,5.660,7.578,,,2,45027,0.11,2026-08-10T14:18:44+00:00
2025-07-13T12:00:00+00:00,llo1,96,2025-07-09,6.00,14.680,11.738,,11.697,2,45027,0.11,2026-08-10T14:18:44+00:00
2025-07-13T12:00:00+00:00,llo1,96,2025-07-09,8.00,13.400,10.424,,10.410,2,45027,0.11,2026-08-10T14:18:44+00:00
2025-07-13T12:00:00+00:00,llo1,96,2025-07-09,13.00,12.230,9.315,,8.347,2,45027,0.11,2026-08-10T14:18:44+00:00
2025-07-13T12:00:00+00:00,llo1,96,2025-07-09,18.00,10.150,8.566,,6.341,2,45027,0.11,2026-08-10T14:18:44+00:00
2025-07-13T12:00:00+00:00,llo1,96,2025-07-09,23.00,8.010,8.174,,5.632,2,45027,0.11,2026-08-10T14:18:44+00:00
2025-07-13T12:00:00+00:00,llo1,96,2025-07-09,28.00,6.990,7.829,,5.060,2,45027,0.11,2026-08-10T14:18:44+00:00
2025-07-13T12:00:00+00:00,llo1,96,2025-07-09,33.00,5.430,7.588,,4.893,2,45027,0.11,2026-08-10T14:18:44+00:00
2025-07-13T12:00:00+00:00,llo1,96,2025-07-09,38.00,4.900,7.501,,4.659,2,45027,0.11,2026-08-10T14:18:44+00:00
2025-07-13T12:00:00+00:00,llo1,96,2025-07-09,43.00,4.370,7.452,,,2,45027,0.11,2026-08-10T14:18:44+00:00
2025-07-14T12:00:00+00:00,llo1,120,2025-07-09,6.00,12.520,9.023,,11.638,2,45027,0.11,2026-08-10T14:18:44+00:00
2025-07-14T12:00:00+00:00,llo1,120,2025-07-09,8.00,10.990,8.676,,10.264,2,45027,0.11,2026-08-10T14:18:44+00:00
2025-07-14T12:00:00+00:00,llo1,120,2025-07-09,13.00,10.160,8.290,,8.202,2,45027,0.11,2026-08-10T14:18:44+00:00
2025-07-14T12:00:00+00:00,llo1,120,2025-07-09,18.00,8.640,7.651,,6.297,2,45027,0.11,2026-08-10T14:18:44+00:00
2025-07-14T12:00:00+00:00,llo1,120,2025-07-09,23.00,7.200,7.462,,5.617,2,45027,0.11,2026-08-10T14:18:44+00:00
2025-07-14T12:00:00+00:00,llo1,120,2025-07-09,28.00,5.340,7.341,,5.034,2,45027,0.11,2026-08-10T14:18:44+00:00
2025-07-14T12:00:00+00:00,llo1,120,2025-07-09,33.00,4.820,7.289,,4.897,2,45027,0.11,2026-08-10T14:18:44+00:00
2025-07-14T12:00:00+00:00,llo1,120,2025-07-09,38.00,4.570,7.184,,4.676,2,45027,0.11,2026-08-10T14:18:44+00:00
2025-07-14T12:00:00+00:00,llo1,120,2025-07-09,43.00,4.360,7.070,,,2,45027,0.11,2026-08-10T14:18:44+00:00
2025-07-11T12:00:00+00:00,llo1,24,2025-07-10,6.00,15.030,18.367,15.400,11.737,2,45027,0.11,2026-08-10T14:18:44+00:00
2025-07-11T12:00:00+00:00,llo1,24,2025-07-10,8.00,14.820,16.700,15.410,10.592,2,45027,0.11,2026-08-10T14:18:44+00:00
2025-07-11T12:00:00+00:00,llo1,24,2025-07-10,13.00,14.600,12.169,14.410,8.553,2,45027,0.11,2026-08-10T14:18:44+00:00
2025-07-11T12:00:00+00:00,llo1,24,2025-07-10,18.00,14.340,10.384,13.360,6.506,2,45027,0.11,2026-08-10T14:18:44+00:00
2025-07-11T12:00:00+00:00,llo1,24,2025-07-10,23.00,12.660,9.487,12.210,5.776,2,45027,0.11,2026-08-10T14:18:44+00:00
2025-07-11T12:00:00+00:00,llo1,24,2025-07-10,28.00,10.360,8.969,9.090,5.154,2,45027,0.11,2026-08-10T14:18:44+00:00
2025-07-11T12:00:00+00:00,llo1,24,2025-07-10,33.00,8.410,8.550,7.440,4.992,2,45027,0.11,2026-08-10T14:18:44+00:00
2025-07-11T12:00:00+00:00,llo1,24,2025-07-10,38.00,6.630,8.105,6.530,4.748,2,45027,0.11,2026-08-10T14:18:44+00:00
2025-07-11T12:00:00+00:00,llo1,24,2025-07-10,43.00,5.140,7.861,5.870,,2,45027,0.11,2026-08-10T14:18:44+00:00
2025-07-12T12:00:00+00:00,llo1,48,2025-07-10,6.00,15.220,15.560,15.400,11.401,2,45027,0.11,2026-08-10T14:18:44+00:00
2025-07-12T12:00:00+00:00,llo1,48,2025-07-10,8.00,15.030,13.965,15.410,10.225,2,45027,0.11,2026-08-10T14:18:44+00:00
2025-07-12T12:00:00+00:00,llo1,48,2025-07-10,13.00,14.110,11.103,14.410,8.324,2,45027,0.11,2026-08-10T14:18:44+00:00
2025-07-12T12:00:00+00:00,llo1,48,2025-07-10,18.00,12.360,9.993,13.360,6.319,2,45027,0.11,2026-08-10T14:18:44+00:00
2025-07-12T12:00:00+00:00,llo1,48,2025-07-10,23.00,10.830,9.388,12.210,5.596,2,45027,0.11,2026-08-10T14:18:44+00:00
2025-07-12T12:00:00+00:00,llo1,48,2025-07-10,28.00,9.850,8.839,9.090,5.031,2,45027,0.11,2026-08-10T14:18:44+00:00
2025-07-12T12:00:00+00:00,llo1,48,2025-07-10,33.00,9.000,8.300,7.440,4.885,2,45027,0.11,2026-08-10T14:18:44+00:00
2025-07-12T12:00:00+00:00,llo1,48,2025-07-10,38.00,7.330,7.856,6.530,4.657,2,45027,0.11,2026-08-10T14:18:44+00:00
2025-07-12T12:00:00+00:00,llo1,48,2025-07-10,43.00,5.660,7.505,5.870,,2,45027,0.11,2026-08-10T14:18:44+00:00
2025-07-13T12:00:00+00:00,llo1,72,2025-07-10,6.00,14.680,11.112,15.400,11.697,2,45027,0.11,2026-08-10T14:18:44+00:00
2025-07-13T12:00:00+00:00,llo1,72,2025-07-10,8.00,13.400,10.048,15.410,10.410,2,45027,0.11,2026-08-10T14:18:44+00:00
2025-07-13T12:00:00+00:00,llo1,72,2025-07-10,13.00,12.230,9.334,14.410,8.347,2,45027,0.11,2026-08-10T14:18:44+00:00
2025-07-13T12:00:00+00:00,llo1,72,2025-07-10,18.00,10.150,8.825,13.360,6.341,2,45027,0.11,2026-08-10T14:18:44+00:00
2025-07-13T12:00:00+00:00,llo1,72,2025-07-10,23.00,8.010,8.374,12.210,5.632,2,45027,0.11,2026-08-10T14:18:44+00:00
2025-07-13T12:00:00+00:00,llo1,72,2025-07-10,28.00,6.990,7.983,9.090,5.060,2,45027,0.11,2026-08-10T14:18:44+00:00
2025-07-13T12:00:00+00:00,llo1,72,2025-07-10,33.00,5.430,7.649,7.440,4.893,2,45027,0.11,2026-08-10T14:18:44+00:00
2025-07-13T12:00:00+00:00,llo1,72,2025-07-10,38.00,4.900,7.470,6.530,4.659,2,45027,0.11,2026-08-10T14:18:44+00:00
2025-07-13T12:00:00+00:00,llo1,72,2025-07-10,43.00,4.370,7.368,5.870,,2,45027,0.11,2026-08-10T14:18:44+00:00
2025-07-14T12:00:00+00:00,llo1,96,2025-07-10,6.00,12.520,9.569,15.400,11.638,2,45027,0.11,2026-08-10T14:18:44+00:00
2025-07-14T12:00:00+00:00,llo1,96,2025-07-10,8.00,10.990,9.207,15.410,10.264,2,45027,0.11,2026-08-10T14:18:44+00:00
2025-07-14T12:00:00+00:00,llo1,96,2025-07-10,13.00,10.160,8.856,14.410,8.202,2,45027,0.11,2026-08-10T14:18:44+00:00
2025-07-14T12:00:00+00:00,llo1,96,2025-07-10,18.00,8.640,8.150,13.360,6.297,2,45027,0.11,2026-08-10T14:18:44+00:00
2025-07-14T12:00:00+00:00,llo1,96,2025-07-10,23.00,7.200,7.763,12.210,5.617,2,45027,0.11,2026-08-10T14:18:44+00:00
2025-07-14T12:00:00+00:00,llo1,96,2025-07-10,28.00,5.340,7.487,9.090,5.034,2,45027,0.11,2026-08-10T14:18:44+00:00
2025-07-14T12:00:00+00:00,llo1,96,2025-07-10,33.00,4.820,7.351,7.440,4.897,2,45027,0.11,2026-08-10T14:18:44+00:00
2025-07-14T12:00:00+00:00,llo1,96,2025-07-10,38.00,4.570,7.272,6.530,4.676,2,45027,0.11,2026-08-10T14:18:44+00:00
2025-07-14T12:00:00+00:00,llo1,96,2025-07-10,43.00,4.360,7.146,5.870,,2,45027,0.11,2026-08-10T14:18:44+00:00
2025-07-15T12:00:00+00:00,llo1,120,2025-07-10,6.00,16.550,11.055,15.400,12.048,2,45027,0.11,2026-08-10T14:18:44+00:00
2025-07-15T12:00:00+00:00,llo1,120,2025-07-10,8.00,16.460,9.383,15.410,10.580,2,45027,0.11,2026-08-10T14:18:44+00:00
2025-07-15T12:00:00+00:00,llo1,120,2025-07-10,13.00,12.720,8.173,14.410,8.426,2,45027,0.11,2026-08-10T14:18:44+00:00
2025-07-15T12:00:00+00:00,llo1,120,2025-07-10,18.00,9.890,7.426,13.360,6.439,2,45027,0.11,2026-08-10T14:18:44+00:00
2025-07-15T12:00:00+00:00,llo1,120,2025-07-10,23.00,7.380,7.258,12.210,5.701,2,45027,0.11,2026-08-10T14:18:44+00:00
2025-07-15T12:00:00+00:00,llo1,120,2025-07-10,28.00,6.090,7.163,9.090,5.074,2,45027,0.11,2026-08-10T14:18:44+00:00
2025-07-15T12:00:00+00:00,llo1,120,2025-07-10,33.00,5.330,7.110,7.440,4.942,2,45027,0.11,2026-08-10T14:18:44+00:00
2025-07-15T12:00:00+00:00,llo1,120,2025-07-10,38.00,5.050,7.044,6.530,4.701,2,45027,0.11,2026-08-10T14:18:44+00:00
2025-07-15T12:00:00+00:00,llo1,120,2025-07-10,43.00,4.710,6.932,5.870,,2,45027,0.11,2026-08-10T14:18:44+00:00
2025-07-12T12:00:00+00:00,llo1,24,2025-07-11,6.00,15.220,12.994,15.030,11.401,2,45027,0.11,2026-08-10T14:18:44+00:00
2025-07-12T12:00:00+00:00,llo1,24,2025-07-11,8.00,15.030,11.350,14.820,10.225,2,45027,0.11,2026-08-10T14:18:44+00:00
2025-07-12T12:00:00+00:00,llo1,24,2025-07-11,13.00,14.110,9.996,14.600,8.324,2,45027,0.11,2026-08-10T14:18:44+00:00
2025-07-12T12:00:00+00:00,llo1,24,2025-07-11,18.00,12.360,9.332,14.340,6.319,2,45027,0.11,2026-08-10T14:18:44+00:00
2025-07-12T12:00:00+00:00,llo1,24,2025-07-11,23.00,10.830,8.757,12.660,5.596,2,45027,0.11,2026-08-10T14:18:44+00:00
2025-07-12T12:00:00+00:00,llo1,24,2025-07-11,28.00,9.850,8.224,10.360,5.031,2,45027,0.11,2026-08-10T14:18:44+00:00
2025-07-12T12:00:00+00:00,llo1,24,2025-07-11,33.00,9.000,7.793,8.410,4.885,2,45027,0.11,2026-08-10T14:18:44+00:00
2025-07-12T12:00:00+00:00,llo1,24,2025-07-11,38.00,7.330,7.457,6.630,4.657,2,45027,0.11,2026-08-10T14:18:44+00:00
2025-07-12T12:00:00+00:00,llo1,24,2025-07-11,43.00,5.660,7.190,5.140,,2,45027,0.11,2026-08-10T14:18:44+00:00
2025-07-13T12:00:00+00:00,llo1,48,2025-07-11,6.00,14.680,11.139,15.030,11.697,2,45027,0.11,2026-08-10T14:18:44+00:00
2025-07-13T12:00:00+00:00,llo1,48,2025-07-11,8.00,13.400,9.944,14.820,10.410,2,45027,0.11,2026-08-10T14:18:44+00:00
2025-07-13T12:00:00+00:00,llo1,48,2025-07-11,13.00,12.230,9.260,14.600,8.347,2,45027,0.11,2026-08-10T14:18:44+00:00
2025-07-13T12:00:00+00:00,llo1,48,2025-07-11,18.00,10.150,8.454,14.340,6.341,2,45027,0.11,2026-08-10T14:18:44+00:00
2025-07-13T12:00:00+00:00,llo1,48,2025-07-11,23.00,8.010,8.090,12.660,5.632,2,45027,0.11,2026-08-10T14:18:44+00:00
2025-07-13T12:00:00+00:00,llo1,48,2025-07-11,28.00,6.990,7.749,10.360,5.060,2,45027,0.11,2026-08-10T14:18:44+00:00
2025-07-13T12:00:00+00:00,llo1,48,2025-07-11,33.00,5.430,7.492,8.410,4.893,2,45027,0.11,2026-08-10T14:18:44+00:00
2025-07-13T12:00:00+00:00,llo1,48,2025-07-11,38.00,4.900,7.380,6.630,4.659,2,45027,0.11,2026-08-10T14:18:44+00:00
2025-07-13T12:00:00+00:00,llo1,48,2025-07-11,43.00,4.370,7.294,5.140,,2,45027,0.11,2026-08-10T14:18:44+00:00
2025-07-14T12:00:00+00:00,llo1,72,2025-07-11,6.00,12.520,9.260,15.030,11.638,2,45027,0.11,2026-08-10T14:18:44+00:00
2025-07-14T12:00:00+00:00,llo1,72,2025-07-11,8.00,10.990,8.918,14.820,10.264,2,45027,0.11,2026-08-10T14:18:44+00:00
2025-07-14T12:00:00+00:00,llo1,72,2025-07-11,13.00,10.160,8.391,14.600,8.202,2,45027,0.11,2026-08-10T14:18:44+00:00
2025-07-14T12:00:00+00:00,llo1,72,2025-07-11,18.00,8.640,7.894,14.340,6.297,2,45027,0.11,2026-08-10T14:18:44+00:00
2025-07-14T12:00:00+00:00,llo1,72,2025-07-11,23.00,7.200,7.542,12.660,5.617,2,45027,0.11,2026-08-10T14:18:44+00:00
2025-07-14T12:00:00+00:00,llo1,72,2025-07-11,28.00,5.340,7.309,10.360,5.034,2,45027,0.11,2026-08-10T14:18:44+00:00
2025-07-14T12:00:00+00:00,llo1,72,2025-07-11,33.00,4.820,7.222,8.410,4.897,2,45027,0.11,2026-08-10T14:18:44+00:00
2025-07-14T12:00:00+00:00,llo1,72,2025-07-11,38.00,4.570,7.138,6.630,4.676,2,45027,0.11,2026-08-10T14:18:44+00:00
2025-07-14T12:00:00+00:00,llo1,72,2025-07-11,43.00,4.360,7.057,5.140,,2,45027,0.11,2026-08-10T14:18:44+00:00
2025-07-15T12:00:00+00:00,llo1,96,2025-07-11,6.00,16.550,11.519,15.030,12.048,2,45027,0.11,2026-08-10T14:18:44+00:00
2025-07-15T12:00:00+00:00,llo1,96,2025-07-11,8.00,16.460,10.344,14.820,10.580,2,45027,0.11,2026-08-10T14:18:44+00:00
2025-07-15T12:00:00+00:00,llo1,96,2025-07-11,13.00,12.720,7.954,14.600,8.426,2,45027,0.11,2026-08-10T14:18:44+00:00
2025-07-15T12:00:00+00:00,llo1,96,2025-07-11,18.00,9.890,7.460,14.340,6.439,2,45027,0.11,2026-08-10T14:18:44+00:00
2025-07-15T12:00:00+00:00,llo1,96,2025-07-11,23.00,7.380,7.220,12.660,5.701,2,45027,0.11,2026-08-10T14:18:44+00:00
2025-07-15T12:00:00+00:00,llo1,96,2025-07-11,28.00,6.090,7.111,10.360,5.074,2,45027,0.11,2026-08-10T14:18:44+00:00
2025-07-15T12:00:00+00:00,llo1,96,2025-07-11,33.00,5.330,7.042,8.410,4.942,2,45027,0.11,2026-08-10T14:18:44+00:00
2025-07-15T12:00:00+00:00,llo1,96,2025-07-11,38.00,5.050,6.970,6.630,4.701,2,45027,0.11,2026-08-10T14:18:44+00:00
2025-07-15T12:00:00+00:00,llo1,96,2025-07-11,43.00,4.710,6.891,5.140,,2,45027,0.11,2026-08-10T14:18:44+00:00
2025-07-16T12:00:00+00:00,llo1,120,2025-07-11,6.00,17.060,12.654,15.030,12.401,2,45027,0.11,2026-08-10T14:18:44+00:00
2025-07-16T12:00:00+00:00,llo1,120,2025-07-11,8.00,17.100,9.383,14.820,11.000,2,45027,0.11,2026-08-10T14:18:44+00:00
2025-07-16T12:00:00+00:00,llo1,120,2025-07-11,13.00,17.080,7.864,14.600,8.765,2,45027,0.11,2026-08-10T14:18:44+00:00
2025-07-16T12:00:00+00:00,llo1,120,2025-07-11,18.00,15.560,7.442,14.340,6.599,2,45027,0.11,2026-08-10T14:18:44+00:00
2025-07-16T12:00:00+00:00,llo1,120,2025-07-11,23.00,8.810,7.123,12.660,5.752,2,45027,0.11,2026-08-10T14:18:44+00:00
2025-07-16T12:00:00+00:00,llo1,120,2025-07-11,28.00,7.790,6.975,10.360,5.125,2,45027,0.11,2026-08-10T14:18:44+00:00
2025-07-16T12:00:00+00:00,llo1,120,2025-07-11,33.00,6.280,6.862,8.410,4.980,2,45027,0.11,2026-08-10T14:18:44+00:00
2025-07-16T12:00:00+00:00,llo1,120,2025-07-11,38.00,5.380,6.751,6.630,4.728,2,45027,0.11,2026-08-10T14:18:44+00:00
2025-07-16T12:00:00+00:00,llo1,120,2025-07-11,43.00,4.820,6.675,5.140,,2,45027,0.11,2026-08-10T14:18:44+00:00
2025-07-13T12:00:00+00:00,llo1,24,2025-07-12,6.00,14.680,10.803,15.220,11.697,2,45027,0.11,2026-08-10T14:18:44+00:00
2025-07-13T12:00:00+00:00,llo1,24,2025-07-12,8.00,13.400,9.870,15.030,10.410,2,45027,0.11,2026-08-10T14:18:44+00:00
2025-07-13T12:00:00+00:00,llo1,24,2025-07-12,13.00,12.230,9.118,14.110,8.347,2,45027,0.11,2026-08-10T14:18:44+00:00
2025-07-13T12:00:00+00:00,llo1,24,2025-07-12,18.00,10.150,8.368,12.360,6.341,2,45027,0.11,2026-08-10T14:18:44+00:00
2025-07-13T12:00:00+00:00,llo1,24,2025-07-12,23.00,8.010,7.893,10.830,5.632,2,45027,0.11,2026-08-10T14:18:44+00:00
2025-07-13T12:00:00+00:00,llo1,24,2025-07-12,28.00,6.990,7.539,9.850,5.060,2,45027,0.11,2026-08-10T14:18:44+00:00
2025-07-13T12:00:00+00:00,llo1,24,2025-07-12,33.00,5.430,7.386,9.000,4.893,2,45027,0.11,2026-08-10T14:18:44+00:00
2025-07-13T12:00:00+00:00,llo1,24,2025-07-12,38.00,4.900,7.309,7.330,4.659,2,45027,0.11,2026-08-10T14:18:44+00:00
2025-07-13T12:00:00+00:00,llo1,24,2025-07-12,43.00,4.370,7.234,5.660,,2,45027,0.11,2026-08-10T14:18:44+00:00
2025-07-14T12:00:00+00:00,llo1,48,2025-07-12,6.00,12.520,8.961,15.220,11.638,2,45027,0.11,2026-08-10T14:18:44+00:00
2025-07-14T12:00:00+00:00,llo1,48,2025-07-12,8.00,10.990,8.789,15.030,10.264,2,45027,0.11,2026-08-10T14:18:44+00:00
2025-07-14T12:00:00+00:00,llo1,48,2025-07-12,13.00,10.160,7.796,14.110,8.202,2,45027,0.11,2026-08-10T14:18:44+00:00
2025-07-14T12:00:00+00:00,llo1,48,2025-07-12,18.00,8.640,7.526,12.360,6.297,2,45027,0.11,2026-08-10T14:18:44+00:00
2025-07-14T12:00:00+00:00,llo1,48,2025-07-12,23.00,7.200,7.226,10.830,5.617,2,45027,0.11,2026-08-10T14:18:44+00:00
2025-07-14T12:00:00+00:00,llo1,48,2025-07-12,28.00,5.340,7.116,9.850,5.034,2,45027,0.11,2026-08-10T14:18:44+00:00
2025-07-14T12:00:00+00:00,llo1,48,2025-07-12,33.00,4.820,7.060,9.000,4.897,2,45027,0.11,2026-08-10T14:18:44+00:00
2025-07-14T12:00:00+00:00,llo1,48,2025-07-12,38.00,4.570,6.967,7.330,4.676,2,45027,0.11,2026-08-10T14:18:44+00:00
2025-07-14T12:00:00+00:00,llo1,48,2025-07-12,43.00,4.360,6.901,5.660,,2,45027,0.11,2026-08-10T14:18:44+00:00
2025-07-15T12:00:00+00:00,llo1,72,2025-07-12,6.00,16.550,10.626,15.220,12.048,2,45027,0.11,2026-08-10T14:18:44+00:00
2025-07-15T12:00:00+00:00,llo1,72,2025-07-12,8.00,16.460,9.647,15.030,10.580,2,45027,0.11,2026-08-10T14:18:44+00:00
2025-07-15T12:00:00+00:00,llo1,72,2025-07-12,13.00,12.720,8.223,14.110,8.426,2,45027,0.11,2026-08-10T14:18:44+00:00
2025-07-15T12:00:00+00:00,llo1,72,2025-07-12,18.00,9.890,7.399,12.360,6.439,2,45027,0.11,2026-08-10T14:18:44+00:00
2025-07-15T12:00:00+00:00,llo1,72,2025-07-12,23.00,7.380,7.175,10.830,5.701,2,45027,0.11,2026-08-10T14:18:44+00:00
2025-07-15T12:00:00+00:00,llo1,72,2025-07-12,28.00,6.090,7.036,9.850,5.074,2,45027,0.11,2026-08-10T14:18:44+00:00
2025-07-15T12:00:00+00:00,llo1,72,2025-07-12,33.00,5.330,6.963,9.000,4.942,2,45027,0.11,2026-08-10T14:18:44+00:00
2025-07-15T12:00:00+00:00,llo1,72,2025-07-12,38.00,5.050,6.904,7.330,4.701,2,45027,0.11,2026-08-10T14:18:44+00:00
2025-07-15T12:00:00+00:00,llo1,72,2025-07-12,43.00,4.710,6.812,5.660,,2,45027,0.11,2026-08-10T14:18:44+00:00
2025-07-16T12:00:00+00:00,llo1,96,2025-07-12,6.00,17.060,10.213,15.220,12.401,2,45027,0.11,2026-08-10T14:18:44+00:00
2025-07-16T12:00:00+00:00,llo1,96,2025-07-12,8.00,17.100,8.150,15.030,11.000,2,45027,0.11,2026-08-10T14:18:44+00:00
2025-07-16T12:00:00+00:00,llo1,96,2025-07-12,13.00,17.080,7.612,14.110,8.765,2,45027,0.11,2026-08-10T14:18:44+00:00
2025-07-16T12:00:00+00:00,llo1,96,2025-07-12,18.00,15.560,7.289,12.360,6.599,2,45027,0.11,2026-08-10T14:18:44+00:00
2025-07-16T12:00:00+00:00,llo1,96,2025-07-12,23.00,8.810,7.021,10.830,5.752,2,45027,0.11,2026-08-10T14:18:44+00:00
2025-07-16T12:00:00+00:00,llo1,96,2025-07-12,28.00,7.790,6.892,9.850,5.125,2,45027,0.11,2026-08-10T14:18:44+00:00
2025-07-16T12:00:00+00:00,llo1,96,2025-07-12,33.00,6.280,6.793,9.000,4.980,2,45027,0.11,2026-08-10T14:18:44+00:00
2025-07-16T12:00:00+00:00,llo1,96,2025-07-12,38.00,5.380,6.700,7.330,4.728,2,45027,0.11,2026-08-10T14:18:44+00:00
2025-07-16T12:00:00+00:00,llo1,96,2025-07-12,43.00,4.820,6.608,5.660,,2,45027,0.11,2026-08-10T14:18:44+00:00
2025-07-17T12:00:00+00:00,llo1,120,2025-07-12,6.00,16.410,15.031,15.220,12.665,2,45027,0.11,2026-08-10T14:18:44+00:00
2025-07-17T12:00:00+00:00,llo1,120,2025-07-12,8.00,16.430,12.264,15.030,11.348,2,45027,0.11,2026-08-10T14:18:44+00:00
2025-07-17T12:00:00+00:00,llo1,120,2025-07-12,13.00,16.080,9.908,14.110,9.214,2,45027,0.11,2026-08-10T14:18:44+00:00
2025-07-17T12:00:00+00:00,llo1,120,2025-07-12,18.00,15.940,8.353,12.360,7.183,2,45027,0.11,2026-08-10T14:18:44+00:00
2025-07-17T12:00:00+00:00,llo1,120,2025-07-12,23.00,15.010,7.915,10.830,6.367,2,45027,0.11,2026-08-10T14:18:44+00:00
2025-07-17T12:00:00+00:00,llo1,120,2025-07-12,28.00,9.360,7.629,9.850,5.316,2,45027,0.11,2026-08-10T14:18:44+00:00
2025-07-17T12:00:00+00:00,llo1,120,2025-07-12,33.00,6.620,7.306,9.000,5.039,2,45027,0.11,2026-08-10T14:18:44+00:00
2025-07-17T12:00:00+00:00,llo1,120,2025-07-12,38.00,5.110,7.102,7.330,4.765,2,45027,0.11,2026-08-10T14:18:44+00:00
2025-07-17T12:00:00+00:00,llo1,120,2025-07-12,43.00,4.800,7.091,5.660,,2,45027,0.11,2026-08-10T14:18:44+00:00
2025-07-14T12:00:00+00:00,llo1,24,2025-07-13,6.00,12.520,8.990,14.680,11.638,2,45027,0.11,2026-08-10T14:18:44+00:00
2025-07-14T12:00:00+00:00,llo1,24,2025-07-13,8.00,10.990,8.953,13.400,10.264,2,45027,0.11,2026-08-10T14:18:44+00:00
2025-07-14T12:00:00+00:00,llo1,24,2025-07-13,13.00,10.160,8.252,12.230,8.202,2,45027,0.11,2026-08-10T14:18:44+00:00
2025-07-14T12:00:00+00:00,llo1,24,2025-07-13,18.00,8.640,7.619,10.150,6.297,2,45027,0.11,2026-08-10T14:18:44+00:00
2025-07-14T12:00:00+00:00,llo1,24,2025-07-13,23.00,7.200,7.244,8.010,5.617,2,45027,0.11,2026-08-10T14:18:44+00:00
2025-07-14T12:00:00+00:00,llo1,24,2025-07-13,28.00,5.340,7.101,6.990,5.034,2,45027,0.11,2026-08-10T14:18:44+00:00
2025-07-14T12:00:00+00:00,llo1,24,2025-07-13,33.00,4.820,7.033,5.430,4.897,2,45027,0.11,2026-08-10T14:18:44+00:00
2025-07-14T12:00:00+00:00,llo1,24,2025-07-13,38.00,4.570,6.922,4.900,4.676,2,45027,0.11,2026-08-10T14:18:44+00:00
2025-07-14T12:00:00+00:00,llo1,24,2025-07-13,43.00,4.360,6.854,4.370,,2,45027,0.11,2026-08-10T14:18:44+00:00
2025-07-15T12:00:00+00:00,llo1,48,2025-07-13,6.00,16.550,9.982,14.680,12.048,2,45027,0.11,2026-08-10T14:18:44+00:00
2025-07-15T12:00:00+00:00,llo1,48,2025-07-13,8.00,16.460,8.770,13.400,10.580,2,45027,0.11,2026-08-10T14:18:44+00:00
2025-07-15T12:00:00+00:00,llo1,48,2025-07-13,13.00,12.720,7.760,12.230,8.426,2,45027,0.11,2026-08-10T14:18:44+00:00
2025-07-15T12:00:00+00:00,llo1,48,2025-07-13,18.00,9.890,7.227,10.150,6.439,2,45027,0.11,2026-08-10T14:18:44+00:00
2025-07-15T12:00:00+00:00,llo1,48,2025-07-13,23.00,7.380,7.079,8.010,5.701,2,45027,0.11,2026-08-10T14:18:44+00:00
2025-07-15T12:00:00+00:00,llo1,48,2025-07-13,28.00,6.090,6.987,6.990,5.074,2,45027,0.11,2026-08-10T14:18:44+00:00
2025-07-15T12:00:00+00:00,llo1,48,2025-07-13,33.00,5.330,6.908,5.430,4.942,2,45027,0.11,2026-08-10T14:18:44+00:00
2025-07-15T12:00:00+00:00,llo1,48,2025-07-13,38.00,5.050,6.850,4.900,4.701,2,45027,0.11,2026-08-10T14:18:44+00:00
2025-07-15T12:00:00+00:00,llo1,48,2025-07-13,43.00,4.710,6.772,4.370,,2,45027,0.11,2026-08-10T14:18:44+00:00
2025-07-16T12:00:00+00:00,llo1,72,2025-07-13,6.00,17.060,9.867,14.680,12.401,2,45027,0.11,2026-08-10T14:18:44+00:00
2025-07-16T12:00:00+00:00,llo1,72,2025-07-13,8.00,17.100,8.091,13.400,11.000,2,45027,0.11,2026-08-10T14:18:44+00:00
2025-07-16T12:00:00+00:00,llo1,72,2025-07-13,13.00,17.080,7.634,12.230,8.765,2,45027,0.11,2026-08-10T14:18:44+00:00
2025-07-16T12:00:00+00:00,llo1,72,2025-07-13,18.00,15.560,7.375,10.150,6.599,2,45027,0.11,2026-08-10T14:18:44+00:00
2025-07-16T12:00:00+00:00,llo1,72,2025-07-13,23.00,8.810,7.034,8.010,5.752,2,45027,0.11,2026-08-10T14:18:44+00:00
2025-07-16T12:00:00+00:00,llo1,72,2025-07-13,28.00,7.790,6.895,6.990,5.125,2,45027,0.11,2026-08-10T14:18:44+00:00
2025-07-16T12:00:00+00:00,llo1,72,2025-07-13,33.00,6.280,6.795,5.430,4.980,2,45027,0.11,2026-08-10T14:18:44+00:00
2025-07-16T12:00:00+00:00,llo1,72,2025-07-13,38.00,5.380,6.693,4.900,4.728,2,45027,0.11,2026-08-10T14:18:44+00:00
2025-07-16T12:00:00+00:00,llo1,72,2025-07-13,43.00,4.820,6.582,4.370,,2,45027,0.11,2026-08-10T14:18:44+00:00
2025-07-17T12:00:00+00:00,llo1,96,2025-07-13,6.00,16.410,15.791,14.680,12.665,2,45027,0.11,2026-08-10T14:18:44+00:00
2025-07-17T12:00:00+00:00,llo1,96,2025-07-13,8.00,16.430,12.357,13.400,11.348,2,45027,0.11,2026-08-10T14:18:44+00:00
2025-07-17T12:00:00+00:00,llo1,96,2025-07-13,13.00,16.080,9.819,12.230,9.214,2,45027,0.11,2026-08-10T14:18:44+00:00
2025-07-17T12:00:00+00:00,llo1,96,2025-07-13,18.00,15.940,8.642,10.150,7.183,2,45027,0.11,2026-08-10T14:18:44+00:00
2025-07-17T12:00:00+00:00,llo1,96,2025-07-13,23.00,15.010,7.903,8.010,6.367,2,45027,0.11,2026-08-10T14:18:44+00:00
2025-07-17T12:00:00+00:00,llo1,96,2025-07-13,28.00,9.360,7.302,6.990,5.316,2,45027,0.11,2026-08-10T14:18:44+00:00
2025-07-17T12:00:00+00:00,llo1,96,2025-07-13,33.00,6.620,6.926,5.430,5.039,2,45027,0.11,2026-08-10T14:18:44+00:00
2025-07-17T12:00:00+00:00,llo1,96,2025-07-13,38.00,5.110,6.870,4.900,4.765,2,45027,0.11,2026-08-10T14:18:44+00:00
2025-07-17T12:00:00+00:00,llo1,96,2025-07-13,43.00,4.800,6.859,4.370,,2,45027,0.11,2026-08-10T14:18:44+00:00
2025-07-18T12:00:00+00:00,llo1,120,2025-07-13,6.00,16.190,15.142,14.680,13.240,2,45027,0.11,2026-08-10T14:18:44+00:00
2025-07-18T12:00:00+00:00,llo1,120,2025-07-13,8.00,16.140,13.406,13.400,11.995,2,45027,0.11,2026-08-10T14:18:44+00:00
2025-07-18T12:00:00+00:00,llo1,120,2025-07-13,13.00,16.060,10.623,12.230,9.783,2,45027,0.11,2026-08-10T14:18:44+00:00
2025-07-18T12:00:00+00:00,llo1,120,2025-07-13,18.00,14.930,9.230,10.150,7.823,2,45027,0.11,2026-08-10T14:18:44+00:00
2025-07-18T12:00:00+00:00,llo1,120,2025-07-13,23.00,9.830,8.441,8.010,7.030,2,45027,0.11,2026-08-10T14:18:44+00:00
2025-07-18T12:00:00+00:00,llo1,120,2025-07-13,28.00,8.060,7.811,6.990,5.424,2,45027,0.11,2026-08-10T14:18:44+00:00
2025-07-18T12:00:00+00:00,llo1,120,2025-07-13,33.00,7.240,7.445,5.430,5.111,2,45027,0.11,2026-08-10T14:18:44+00:00
2025-07-18T12:00:00+00:00,llo1,120,2025-07-13,38.00,6.340,7.301,4.900,4.821,2,45027,0.11,2026-08-10T14:18:44+00:00
2025-07-18T12:00:00+00:00,llo1,120,2025-07-13,43.00,5.480,7.252,4.370,,2,45027,0.11,2026-08-10T14:18:44+00:00
2025-07-15T12:00:00+00:00,llo1,24,2025-07-14,6.00,16.550,10.046,12.520,12.048,2,45027,0.11,2026-08-10T14:18:44+00:00
2025-07-15T12:00:00+00:00,llo1,24,2025-07-14,8.00,16.460,8.183,10.990,10.580,2,45027,0.11,2026-08-10T14:18:44+00:00
2025-07-15T12:00:00+00:00,llo1,24,2025-07-14,13.00,12.720,7.915,10.160,8.426,2,45027,0.11,2026-08-10T14:18:44+00:00
2025-07-15T12:00:00+00:00,llo1,24,2025-07-14,18.00,9.890,7.314,8.640,6.439,2,45027,0.11,2026-08-10T14:18:44+00:00
2025-07-15T12:00:00+00:00,llo1,24,2025-07-14,23.00,7.380,7.122,7.200,5.701,2,45027,0.11,2026-08-10T14:18:44+00:00
2025-07-15T12:00:00+00:00,llo1,24,2025-07-14,28.00,6.090,6.999,5.340,5.074,2,45027,0.11,2026-08-10T14:18:44+00:00
2025-07-15T12:00:00+00:00,llo1,24,2025-07-14,33.00,5.330,6.909,4.820,4.942,2,45027,0.11,2026-08-10T14:18:44+00:00
2025-07-15T12:00:00+00:00,llo1,24,2025-07-14,38.00,5.050,6.834,4.570,4.701,2,45027,0.11,2026-08-10T14:18:44+00:00
2025-07-15T12:00:00+00:00,llo1,24,2025-07-14,43.00,4.710,6.768,4.360,,2,45027,0.11,2026-08-10T14:18:44+00:00
2025-07-16T12:00:00+00:00,llo1,48,2025-07-14,6.00,17.060,16.455,12.520,12.401,2,45027,0.11,2026-08-10T14:18:44+00:00
2025-07-16T12:00:00+00:00,llo1,48,2025-07-14,8.00,17.100,13.223,10.990,11.000,2,45027,0.11,2026-08-10T14:18:44+00:00
2025-07-16T12:00:00+00:00,llo1,48,2025-07-14,13.00,17.080,9.314,10.160,8.765,2,45027,0.11,2026-08-10T14:18:44+00:00
2025-07-16T12:00:00+00:00,llo1,48,2025-07-14,18.00,15.560,7.759,8.640,6.599,2,45027,0.11,2026-08-10T14:18:44+00:00
2025-07-16T12:00:00+00:00,llo1,48,2025-07-14,23.00,8.810,7.486,7.200,5.752,2,45027,0.11,2026-08-10T14:18:44+00:00
2025-07-16T12:00:00+00:00,llo1,48,2025-07-14,28.00,7.790,7.158,5.340,5.125,2,45027,0.11,2026-08-10T14:18:44+00:00
2025-07-16T12:00:00+00:00,llo1,48,2025-07-14,33.00,6.280,6.977,4.820,4.980,2,45027,0.11,2026-08-10T14:18:44+00:00
2025-07-16T12:00:00+00:00,llo1,48,2025-07-14,38.00,5.380,6.942,4.570,4.728,2,45027,0.11,2026-08-10T14:18:44+00:00
2025-07-16T12:00:00+00:00,llo1,48,2025-07-14,43.00,4.820,6.942,4.360,,2,45027,0.11,2026-08-10T14:18:44+00:00
2025-07-17T12:00:00+00:00,llo1,72,2025-07-14,6.00,16.410,17.893,12.520,12.665,2,45027,0.11,2026-08-10T14:18:44+00:00
2025-07-17T12:00:00+00:00,llo1,72,2025-07-14,8.00,16.430,16.315,10.990,11.348,2,45027,0.11,2026-08-10T14:18:44+00:00
2025-07-17T12:00:00+00:00,llo1,72,2025-07-14,13.00,16.080,13.717,10.160,9.214,2,45027,0.11,2026-08-10T14:18:44+00:00
2025-07-17T12:00:00+00:00,llo1,72,2025-07-14,18.00,15.940,11.520,8.640,7.183,2,45027,0.11,2026-08-10T14:18:44+00:00
2025-07-17T12:00:00+00:00,llo1,72,2025-07-14,23.00,15.010,9.906,7.200,6.367,2,45027,0.11,2026-08-10T14:18:44+00:00
2025-07-17T12:00:00+00:00,llo1,72,2025-07-14,28.00,9.360,8.977,5.340,5.316,2,45027,0.11,2026-08-10T14:18:44+00:00
2025-07-17T12:00:00+00:00,llo1,72,2025-07-14,33.00,6.620,8.320,4.820,5.039,2,45027,0.11,2026-08-10T14:18:44+00:00
2025-07-17T12:00:00+00:00,llo1,72,2025-07-14,38.00,5.110,8.110,4.570,4.765,2,45027,0.11,2026-08-10T14:18:44+00:00
2025-07-17T12:00:00+00:00,llo1,72,2025-07-14,43.00,4.800,8.024,4.360,,2,45027,0.11,2026-08-10T14:18:44+00:00
2025-07-18T12:00:00+00:00,llo1,96,2025-07-14,6.00,16.190,16.096,12.520,13.240,2,45027,0.11,2026-08-10T14:18:44+00:00
2025-07-18T12:00:00+00:00,llo1,96,2025-07-14,8.00,16.140,15.062,10.990,11.995,2,45027,0.11,2026-08-10T14:18:44+00:00
2025-07-18T12:00:00+00:00,llo1,96,2025-07-14,13.00,16.060,12.805,10.160,9.783,2,45027,0.11,2026-08-10T14:18:44+00:00
2025-07-18T12:00:00+00:00,llo1,96,2025-07-14,18.00,14.930,11.070,8.640,7.823,2,45027,0.11,2026-08-10T14:18:44+00:00
2025-07-18T12:00:00+00:00,llo1,96,2025-07-14,23.00,9.830,9.765,7.200,7.030,2,45027,0.11,2026-08-10T14:18:44+00:00
2025-07-18T12:00:00+00:00,llo1,96,2025-07-14,28.00,8.060,9.028,5.340,5.424,2,45027,0.11,2026-08-10T14:18:44+00:00
2025-07-18T12:00:00+00:00,llo1,96,2025-07-14,33.00,7.240,8.668,4.820,5.111,2,45027,0.11,2026-08-10T14:18:44+00:00
2025-07-18T12:00:00+00:00,llo1,96,2025-07-14,38.00,6.340,8.084,4.570,4.821,2,45027,0.11,2026-08-10T14:18:44+00:00
2025-07-18T12:00:00+00:00,llo1,96,2025-07-14,43.00,5.480,7.882,4.360,,2,45027,0.11,2026-08-10T14:18:44+00:00
2025-07-19T12:00:00+00:00,llo1,120,2025-07-14,6.00,16.640,13.888,12.520,13.628,2,45027,0.11,2026-08-10T14:18:44+00:00
2025-07-19T12:00:00+00:00,llo1,120,2025-07-14,8.00,16.560,13.157,10.990,12.440,2,45027,0.11,2026-08-10T14:18:44+00:00
2025-07-19T12:00:00+00:00,llo1,120,2025-07-14,13.00,16.050,11.385,10.160,10.057,2,45027,0.11,2026-08-10T14:18:44+00:00
2025-07-19T12:00:00+00:00,llo1,120,2025-07-14,18.00,15.970,10.305,8.640,8.117,2,45027,0.11,2026-08-10T14:18:44+00:00
2025-07-19T12:00:00+00:00,llo1,120,2025-07-14,23.00,12.860,9.578,7.200,7.259,2,45027,0.11,2026-08-10T14:18:44+00:00
2025-07-19T12:00:00+00:00,llo1,120,2025-07-14,28.00,8.810,9.035,5.340,5.491,2,45027,0.11,2026-08-10T14:18:44+00:00
2025-07-19T12:00:00+00:00,llo1,120,2025-07-14,33.00,5.690,8.708,4.820,5.147,2,45027,0.11,2026-08-10T14:18:44+00:00
2025-07-19T12:00:00+00:00,llo1,120,2025-07-14,38.00,5.220,8.267,4.570,4.838,2,45027,0.11,2026-08-10T14:18:44+00:00
2025-07-19T12:00:00+00:00,llo1,120,2025-07-14,43.00,4.770,8.149,4.360,,2,45027,0.11,2026-08-10T14:18:44+00:00
2025-07-16T12:00:00+00:00,llo1,24,2025-07-15,6.00,17.060,18.495,16.550,12.401,2,45027,0.11,2026-08-10T14:18:44+00:00
2025-07-16T12:00:00+00:00,llo1,24,2025-07-15,8.00,17.100,15.394,16.460,11.000,2,45027,0.11,2026-08-10T14:18:44+00:00
2025-07-16T12:00:00+00:00,llo1,24,2025-07-15,13.00,17.080,10.054,12.720,8.765,2,45027,0.11,2026-08-10T14:18:44+00:00
2025-07-16T12:00:00+00:00,llo1,24,2025-07-15,18.00,15.560,7.659,9.890,6.599,2,45027,0.11,2026-08-10T14:18:44+00:00
2025-07-16T12:00:00+00:00,llo1,24,2025-07-15,23.00,8.810,7.341,7.380,5.752,2,45027,0.11,2026-08-10T14:18:44+00:00
2025-07-16T12:00:00+00:00,llo1,24,2025-07-15,28.00,7.790,7.131,6.090,5.125,2,45027,0.11,2026-08-10T14:18:44+00:00
2025-07-16T12:00:00+00:00,llo1,24,2025-07-15,33.00,6.280,6.964,5.330,4.980,2,45027,0.11,2026-08-10T14:18:44+00:00
2025-07-16T12:00:00+00:00,llo1,24,2025-07-15,38.00,5.380,6.923,5.050,4.728,2,45027,0.11,2026-08-10T14:18:44+00:00
2025-07-16T12:00:00+00:00,llo1,24,2025-07-15,43.00,4.820,6.914,4.710,,2,45027,0.11,2026-08-10T14:18:44+00:00
2025-07-17T12:00:00+00:00,llo1,48,2025-07-15,6.00,16.410,18.907,16.550,12.665,2,45027,0.11,2026-08-10T14:18:44+00:00
2025-07-17T12:00:00+00:00,llo1,48,2025-07-15,8.00,16.430,17.939,16.460,11.348,2,45027,0.11,2026-08-10T14:18:44+00:00
2025-07-17T12:00:00+00:00,llo1,48,2025-07-15,13.00,16.080,12.854,12.720,9.214,2,45027,0.11,2026-08-10T14:18:44+00:00
2025-07-17T12:00:00+00:00,llo1,48,2025-07-15,18.00,15.940,10.951,9.890,7.183,2,45027,0.11,2026-08-10T14:18:44+00:00
2025-07-17T12:00:00+00:00,llo1,48,2025-07-15,23.00,15.010,9.365,7.380,6.367,2,45027,0.11,2026-08-10T14:18:44+00:00
2025-07-17T12:00:00+00:00,llo1,48,2025-07-15,28.00,9.360,8.668,6.090,5.316,2,45027,0.11,2026-08-10T14:18:44+00:00
2025-07-17T12:00:00+00:00,llo1,48,2025-07-15,33.00,6.620,8.085,5.330,5.039,2,45027,0.11,2026-08-10T14:18:44+00:00
2025-07-17T12:00:00+00:00,llo1,48,2025-07-15,38.00,5.110,7.665,5.050,4.765,2,45027,0.11,2026-08-10T14:18:44+00:00
2025-07-17T12:00:00+00:00,llo1,48,2025-07-15,43.00,4.800,7.485,4.710,,2,45027,0.11,2026-08-10T14:18:44+00:00
2025-07-18T12:00:00+00:00,llo1,72,2025-07-15,6.00,16.190,14.583,16.550,13.240,2,45027,0.11,2026-08-10T14:18:44+00:00
2025-07-18T12:00:00+00:00,llo1,72,2025-07-15,8.00,16.140,13.463,16.460,11.995,2,45027,0.11,2026-08-10T14:18:44+00:00
2025-07-18T12:00:00+00:00,llo1,72,2025-07-15,13.00,16.060,11.871,12.720,9.783,2,45027,0.11,2026-08-10T14:18:44+00:00
2025-07-18T12:00:00+00:00,llo1,72,2025-07-15,18.00,14.930,10.611,9.890,7.823,2,45027,0.11,2026-08-10T14:18:44+00:00
2025-07-18T12:00:00+00:00,llo1,72,2025-07-15,23.00,9.830,9.600,7.380,7.030,2,45027,0.11,2026-08-10T14:18:44+00:00
2025-07-18T12:00:00+00:00,llo1,72,2025-07-15,28.00,8.060,8.880,6.090,5.424,2,45027,0.11,2026-08-10T14:18:44+00:00
2025-07-18T12:00:00+00:00,llo1,72,2025-07-15,33.00,7.240,8.545,5.330,5.111,2,45027,0.11,2026-08-10T14:18:44+00:00
2025-07-18T12:00:00+00:00,llo1,72,2025-07-15,38.00,6.340,8.292,5.050,4.821,2,45027,0.11,2026-08-10T14:18:44+00:00
2025-07-18T12:00:00+00:00,llo1,72,2025-07-15,43.00,5.480,8.123,4.710,,2,45027,0.11,2026-08-10T14:18:44+00:00
2025-07-19T12:00:00+00:00,llo1,96,2025-07-15,6.00,16.640,13.855,16.550,13.628,2,45027,0.11,2026-08-10T14:18:44+00:00
2025-07-19T12:00:00+00:00,llo1,96,2025-07-15,8.00,16.560,12.725,16.460,12.440,2,45027,0.11,2026-08-10T14:18:44+00:00
2025-07-19T12:00:00+00:00,llo1,96,2025-07-15,13.00,16.050,11.126,12.720,10.057,2,45027,0.11,2026-08-10T14:18:44+00:00
2025-07-19T12:00:00+00:00,llo1,96,2025-07-15,18.00,15.970,10.155,9.890,8.117,2,45027,0.11,2026-08-10T14:18:44+00:00
2025-07-19T12:00:00+00:00,llo1,96,2025-07-15,23.00,12.860,9.578,7.380,7.259,2,45027,0.11,2026-08-10T14:18:44+00:00
2025-07-19T12:00:00+00:00,llo1,96,2025-07-15,28.00,8.810,9.160,6.090,5.491,2,45027,0.11,2026-08-10T14:18:44+00:00
2025-07-19T12:00:00+00:00,llo1,96,2025-07-15,33.00,5.690,8.652,5.330,5.147,2,45027,0.11,2026-08-10T14:18:44+00:00
2025-07-19T12:00:00+00:00,llo1,96,2025-07-15,38.00,5.220,8.240,5.050,4.838,2,45027,0.11,2026-08-10T14:18:44+00:00
2025-07-19T12:00:00+00:00,llo1,96,2025-07-15,43.00,4.770,8.219,4.710,,2,45027,0.11,2026-08-10T14:18:44+00:00
2025-07-20T12:00:00+00:00,llo1,120,2025-07-15,6.00,17.120,13.674,16.550,13.885,2,45027,0.11,2026-08-10T14:18:44+00:00
2025-07-20T12:00:00+00:00,llo1,120,2025-07-15,8.00,17.060,12.413,16.460,12.730,2,45027,0.11,2026-08-10T14:18:44+00:00
2025-07-20T12:00:00+00:00,llo1,120,2025-07-15,13.00,16.230,10.860,12.720,9.965,2,45027,0.11,2026-08-10T14:18:44+00:00
2025-07-20T12:00:00+00:00,llo1,120,2025-07-15,18.00,9.960,9.869,9.890,8.096,2,45027,0.11,2026-08-10T14:18:44+00:00
2025-07-20T12:00:00+00:00,llo1,120,2025-07-15,23.00,8.370,9.228,7.380,7.099,2,45027,0.11,2026-08-10T14:18:44+00:00
2025-07-20T12:00:00+00:00,llo1,120,2025-07-15,28.00,6.760,8.718,6.090,5.443,2,45027,0.11,2026-08-10T14:18:44+00:00
2025-07-20T12:00:00+00:00,llo1,120,2025-07-15,33.00,5.780,8.394,5.330,5.095,2,45027,0.11,2026-08-10T14:18:44+00:00
2025-07-20T12:00:00+00:00,llo1,120,2025-07-15,38.00,5.020,8.227,5.050,4.780,2,45027,0.11,2026-08-10T14:18:44+00:00
2025-07-20T12:00:00+00:00,llo1,120,2025-07-15,43.00,4.840,8.151,4.710,,2,45027,0.11,2026-08-10T14:18:44+00:00
2025-07-17T12:00:00+00:00,llo1,24,2025-07-16,6.00,16.410,18.687,17.060,12.665,2,45027,0.11,2026-08-10T14:18:44+00:00
2025-07-17T12:00:00+00:00,llo1,24,2025-07-16,8.00,16.430,17.663,17.100,11.348,2,45027,0.11,2026-08-10T14:18:44+00:00
2025-07-17T12:00:00+00:00,llo1,24,2025-07-16,13.00,16.080,12.036,17.080,9.214,2,45027,0.11,2026-08-10T14:18:44+00:00
2025-07-17T12:00:00+00:00,llo1,24,2025-07-16,18.00,15.940,10.641,15.560,7.183,2,45027,0.11,2026-08-10T14:18:44+00:00
2025-07-17T12:00:00+00:00,llo1,24,2025-07-16,23.00,15.010,9.294,8.810,6.367,2,45027,0.11,2026-08-10T14:18:44+00:00
2025-07-17T12:00:00+00:00,llo1,24,2025-07-16,28.00,9.360,8.501,7.790,5.316,2,45027,0.11,2026-08-10T14:18:44+00:00
2025-07-17T12:00:00+00:00,llo1,24,2025-07-16,33.00,6.620,7.723,6.280,5.039,2,45027,0.11,2026-08-10T14:18:44+00:00
2025-07-17T12:00:00+00:00,llo1,24,2025-07-16,38.00,5.110,7.210,5.380,4.765,2,45027,0.11,2026-08-10T14:18:44+00:00
2025-07-17T12:00:00+00:00,llo1,24,2025-07-16,43.00,4.800,7.137,4.820,,2,45027,0.11,2026-08-10T14:18:44+00:00
2025-07-18T12:00:00+00:00,llo1,48,2025-07-16,6.00,16.190,13.587,17.060,13.240,2,45027,0.11,2026-08-10T14:18:44+00:00
2025-07-18T12:00:00+00:00,llo1,48,2025-07-16,8.00,16.140,12.862,17.100,11.995,2,45027,0.11,2026-08-10T14:18:44+00:00
2025-07-18T12:00:00+00:00,llo1,48,2025-07-16,13.00,16.060,11.863,17.080,9.783,2,45027,0.11,2026-08-10T14:18:44+00:00
2025-07-18T12:00:00+00:00,llo1,48,2025-07-16,18.00,14.930,10.808,15.560,7.823,2,45027,0.11,2026-08-10T14:18:44+00:00
2025-07-18T12:00:00+00:00,llo1,48,2025-07-16,23.00,9.830,9.938,8.810,7.030,2,45027,0.11,2026-08-10T14:18:44+00:00
2025-07-18T12:00:00+00:00,llo1,48,2025-07-16,28.00,8.060,9.232,7.790,5.424,2,45027,0.11,2026-08-10T14:18:44+00:00
2025-07-18T12:00:00+00:00,llo1,48,2025-07-16,33.00,7.240,8.750,6.280,5.111,2,45027,0.11,2026-08-10T14:18:44+00:00
2025-07-18T12:00:00+00:00,llo1,48,2025-07-16,38.00,6.340,8.433,5.380,4.821,2,45027,0.11,2026-08-10T14:18:44+00:00
2025-07-18T12:00:00+00:00,llo1,48,2025-07-16,43.00,5.480,8.203,4.820,,2,45027,0.11,2026-08-10T14:18:44+00:00
2025-07-19T12:00:00+00:00,llo1,72,2025-07-16,6.00,16.640,13.352,17.060,13.628,2,45027,0.11,2026-08-10T14:18:44+00:00
2025-07-19T12:00:00+00:00,llo1,72,2025-07-16,8.00,16.560,12.467,17.100,12.440,2,45027,0.11,2026-08-10T14:18:44+00:00
2025-07-19T12:00:00+00:00,llo1,72,2025-07-16,13.00,16.050,11.239,17.080,10.057,2,45027,0.11,2026-08-10T14:18:44+00:00
2025-07-19T12:00:00+00:00,llo1,72,2025-07-16,18.00,15.970,10.046,15.560,8.117,2,45027,0.11,2026-08-10T14:18:44+00:00
2025-07-19T12:00:00+00:00,llo1,72,2025-07-16,23.00,12.860,9.206,8.810,7.259,2,45027,0.11,2026-08-10T14:18:44+00:00
2025-07-19T12:00:00+00:00,llo1,72,2025-07-16,28.00,8.810,8.746,7.790,5.491,2,45027,0.11,2026-08-10T14:18:44+00:00
2025-07-19T12:00:00+00:00,llo1,72,2025-07-16,33.00,5.690,8.409,6.280,5.147,2,45027,0.11,2026-08-10T14:18:44+00:00
2025-07-19T12:00:00+00:00,llo1,72,2025-07-16,38.00,5.220,8.089,5.380,4.838,2,45027,0.11,2026-08-10T14:18:44+00:00
2025-07-19T12:00:00+00:00,llo1,72,2025-07-16,43.00,4.770,7.904,4.820,,2,45027,0.11,2026-08-10T14:18:44+00:00
2025-07-20T12:00:00+00:00,llo1,96,2025-07-16,6.00,17.120,14.115,17.060,13.885,2,45027,0.11,2026-08-10T14:18:44+00:00
2025-07-20T12:00:00+00:00,llo1,96,2025-07-16,8.00,17.060,12.730,17.100,12.730,2,45027,0.11,2026-08-10T14:18:44+00:00
2025-07-20T12:00:00+00:00,llo1,96,2025-07-16,13.00,16.230,10.847,17.080,9.965,2,45027,0.11,2026-08-10T14:18:44+00:00
2025-07-20T12:00:00+00:00,llo1,96,2025-07-16,18.00,9.960,9.996,15.560,8.096,2,45027,0.11,2026-08-10T14:18:44+00:00
2025-07-20T12:00:00+00:00,llo1,96,2025-07-16,23.00,8.370,9.317,8.810,7.099,2,45027,0.11,2026-08-10T14:18:44+00:00
2025-07-20T12:00:00+00:00,llo1,96,2025-07-16,28.00,6.760,8.768,7.790,5.443,2,45027,0.11,2026-08-10T14:18:44+00:00
2025-07-20T12:00:00+00:00,llo1,96,2025-07-16,33.00,5.780,8.365,6.280,5.095,2,45027,0.11,2026-08-10T14:18:44+00:00
2025-07-20T12:00:00+00:00,llo1,96,2025-07-16,38.00,5.020,8.140,5.380,4.780,2,45027,0.11,2026-08-10T14:18:44+00:00
2025-07-20T12:00:00+00:00,llo1,96,2025-07-16,43.00,4.840,8.062,4.820,,2,45027,0.11,2026-08-10T14:18:44+00:00
2025-07-21T12:00:00+00:00,llo1,120,2025-07-16,6.00,16.760,13.350,17.060,14.601,2,45027,0.11,2026-08-10T14:18:44+00:00
2025-07-21T12:00:00+00:00,llo1,120,2025-07-16,8.00,16.720,11.881,17.100,13.390,2,45027,0.11,2026-08-10T14:18:44+00:00
2025-07-21T12:00:00+00:00,llo1,120,2025-07-16,13.00,16.140,10.393,17.080,10.433,2,45027,0.11,2026-08-10T14:18:44+00:00
2025-07-21T12:00:00+00:00,llo1,120,2025-07-16,18.00,15.290,9.604,15.560,8.203,2,45027,0.11,2026-08-10T14:18:44+00:00
2025-07-21T12:00:00+00:00,llo1,120,2025-07-16,23.00,8.810,9.017,8.810,7.187,2,45027,0.11,2026-08-10T14:18:44+00:00
2025-07-21T12:00:00+00:00,llo1,120,2025-07-16,28.00,6.830,8.602,7.790,5.510,2,45027,0.11,2026-08-10T14:18:44+00:00
2025-07-21T12:00:00+00:00,llo1,120,2025-07-16,33.00,5.710,8.336,6.280,5.148,2,45027,0.11,2026-08-10T14:18:44+00:00
2025-07-21T12:00:00+00:00,llo1,120,2025-07-16,38.00,4.970,8.103,5.380,4.816,2,45027,0.11,2026-08-10T14:18:44+00:00
2025-07-21T12:00:00+00:00,llo1,120,2025-07-16,43.00,4.760,8.001,4.820,,2,45027,0.11,2026-08-10T14:18:44+00:00
2025-07-18T12:00:00+00:00,llo1,24,2025-07-17,6.00,16.190,12.354,16.410,13.240,2,45027,0.11,2026-08-10T14:18:44+00:00
2025-07-18T12:00:00+00:00,llo1,24,2025-07-17,8.00,16.140,11.737,16.430,11.995,2,45027,0.11,2026-08-10T14:18:44+00:00
2025-07-18T12:00:00+00:00,llo1,24,2025-07-17,13.00,16.060,10.679,16.080,9.783,2,45027,0.11,2026-08-10T14:18:44+00:00
2025-07-18T12:00:00+00:00,llo1,24,2025-07-17,18.00,14.930,9.838,15.940,7.823,2,45027,0.11,2026-08-10T14:18:44+00:00
2025-07-18T12:00:00+00:00,llo1,24,2025-07-17,23.00,9.830,9.146,15.010,7.030,2,45027,0.11,2026-08-10T14:18:44+00:00
2025-07-18T12:00:00+00:00,llo1,24,2025-07-17,28.00,8.060,8.585,9.360,5.424,2,45027,0.11,2026-08-10T14:18:44+00:00
2025-07-18T12:00:00+00:00,llo1,24,2025-07-17,33.00,7.240,8.132,6.620,5.111,2,45027,0.11,2026-08-10T14:18:44+00:00
2025-07-18T12:00:00+00:00,llo1,24,2025-07-17,38.00,6.340,7.941,5.110,4.821,2,45027,0.11,2026-08-10T14:18:44+00:00
2025-07-18T12:00:00+00:00,llo1,24,2025-07-17,43.00,5.480,7.718,4.800,,2,45027,0.11,2026-08-10T14:18:44+00:00
2025-07-19T12:00:00+00:00,llo1,48,2025-07-17,6.00,16.640,14.560,16.410,13.628,2,45027,0.11,2026-08-10T14:18:44+00:00
2025-07-19T12:00:00+00:00,llo1,48,2025-07-17,8.00,16.560,13.328,16.430,12.440,2,45027,0.11,2026-08-10T14:18:44+00:00
2025-07-19T12:00:00+00:00,llo1,48,2025-07-17,13.00,16.050,11.116,16.080,10.057,2,45027,0.11,2026-08-10T14:18:44+00:00
2025-07-19T12:00:00+00:00,llo1,48,2025-07-17,18.00,15.970,9.917,15.940,8.117,2,45027,0.11,2026-08-10T14:18:44+00:00
2025-07-19T12:00:00+00:00,llo1,48,2025-07-17,23.00,12.860,9.235,15.010,7.259,2,45027,0.11,2026-08-10T14:18:44+00:00
2025-07-19T12:00:00+00:00,llo1,48,2025-07-17,28.00,8.810,8.684,9.360,5.491,2,45027,0.11,2026-08-10T14:18:44+00:00
2025-07-19T12:00:00+00:00,llo1,48,2025-07-17,33.00,5.690,8.304,6.620,5.147,2,45027,0.11,2026-08-10T14:18:44+00:00
2025-07-19T12:00:00+00:00,llo1,48,2025-07-17,38.00,5.220,8.040,5.110,4.838,2,45027,0.11,2026-08-10T14:18:44+00:00
2025-07-19T12:00:00+00:00,llo1,48,2025-07-17,43.00,4.770,7.894,4.800,,2,45027,0.11,2026-08-10T14:18:44+00:00
2025-07-20T12:00:00+00:00,llo1,72,2025-07-17,6.00,17.120,14.035,16.410,13.885,2,45027,0.11,2026-08-10T14:18:44+00:00
2025-07-20T12:00:00+00:00,llo1,72,2025-07-17,8.00,17.060,12.727,16.430,12.730,2,45027,0.11,2026-08-10T14:18:44+00:00
2025-07-20T12:00:00+00:00,llo1,72,2025-07-17,13.00,16.230,10.711,16.080,9.965,2,45027,0.11,2026-08-10T14:18:44+00:00
2025-07-20T12:00:00+00:00,llo1,72,2025-07-17,18.00,9.960,9.679,15.940,8.096,2,45027,0.11,2026-08-10T14:18:44+00:00
2025-07-20T12:00:00+00:00,llo1,72,2025-07-17,23.00,8.370,9.031,15.010,7.099,2,45027,0.11,2026-08-10T14:18:44+00:00
2025-07-20T12:00:00+00:00,llo1,72,2025-07-17,28.00,6.760,8.519,9.360,5.443,2,45027,0.11,2026-08-10T14:18:44+00:00
2025-07-20T12:00:00+00:00,llo1,72,2025-07-17,33.00,5.780,8.222,6.620,5.095,2,45027,0.11,2026-08-10T14:18:44+00:00
2025-07-20T12:00:00+00:00,llo1,72,2025-07-17,38.00,5.020,7.975,5.110,4.780,2,45027,0.11,2026-08-10T14:18:44+00:00
2025-07-20T12:00:00+00:00,llo1,72,2025-07-17,43.00,4.840,7.862,4.800,,2,45027,0.11,2026-08-10T14:18:44+00:00
2025-07-21T12:00:00+00:00,llo1,96,2025-07-17,6.00,16.760,13.621,16.410,14.601,2,45027,0.11,2026-08-10T14:18:44+00:00
2025-07-21T12:00:00+00:00,llo1,96,2025-07-17,8.00,16.720,11.823,16.430,13.390,2,45027,0.11,2026-08-10T14:18:44+00:00
2025-07-21T12:00:00+00:00,llo1,96,2025-07-17,13.00,16.140,10.390,16.080,10.433,2,45027,0.11,2026-08-10T14:18:44+00:00
2025-07-21T12:00:00+00:00,llo1,96,2025-07-17,18.00,15.290,9.457,15.940,8.203,2,45027,0.11,2026-08-10T14:18:44+00:00
2025-07-21T12:00:00+00:00,llo1,96,2025-07-17,23.00,8.810,8.894,15.010,7.187,2,45027,0.11,2026-08-10T14:18:44+00:00
2025-07-21T12:00:00+00:00,llo1,96,2025-07-17,28.00,6.830,8.459,9.360,5.510,2,45027,0.11,2026-08-10T14:18:44+00:00
2025-07-21T12:00:00+00:00,llo1,96,2025-07-17,33.00,5.710,8.167,6.620,5.148,2,45027,0.11,2026-08-10T14:18:44+00:00
2025-07-21T12:00:00+00:00,llo1,96,2025-07-17,38.00,4.970,7.911,5.110,4.816,2,45027,0.11,2026-08-10T14:18:44+00:00
2025-07-21T12:00:00+00:00,llo1,96,2025-07-17,43.00,4.760,7.796,4.800,,2,45027,0.11,2026-08-10T14:18:44+00:00
2025-07-22T12:00:00+00:00,llo1,120,2025-07-17,6.00,16.600,15.723,16.410,15.042,2,45027,0.11,2026-08-10T14:18:44+00:00
2025-07-22T12:00:00+00:00,llo1,120,2025-07-17,8.00,16.620,13.419,16.430,13.937,2,45027,0.11,2026-08-10T14:18:44+00:00
2025-07-22T12:00:00+00:00,llo1,120,2025-07-17,13.00,16.520,10.654,16.080,11.016,2,45027,0.11,2026-08-10T14:18:44+00:00
2025-07-22T12:00:00+00:00,llo1,120,2025-07-17,18.00,16.460,9.650,15.940,8.607,2,45027,0.11,2026-08-10T14:18:44+00:00
2025-07-22T12:00:00+00:00,llo1,120,2025-07-17,23.00,14.220,8.938,15.010,7.369,2,45027,0.11,2026-08-10T14:18:44+00:00
2025-07-22T12:00:00+00:00,llo1,120,2025-07-17,28.00,7.650,8.482,9.360,5.643,2,45027,0.11,2026-08-10T14:18:44+00:00
2025-07-22T12:00:00+00:00,llo1,120,2025-07-17,33.00,5.500,8.170,6.620,5.260,2,45027,0.11,2026-08-10T14:18:44+00:00
2025-07-22T12:00:00+00:00,llo1,120,2025-07-17,38.00,4.990,7.890,5.110,4.896,2,45027,0.11,2026-08-10T14:18:44+00:00
2025-07-22T12:00:00+00:00,llo1,120,2025-07-17,43.00,4.540,7.822,4.800,,2,45027,0.11,2026-08-10T14:18:44+00:00
2025-07-19T12:00:00+00:00,llo1,24,2025-07-18,6.00,16.640,15.178,16.190,13.628,2,45027,0.11,2026-08-10T14:18:44+00:00
2025-07-19T12:00:00+00:00,llo1,24,2025-07-18,8.00,16.560,13.809,16.140,12.440,2,45027,0.11,2026-08-10T14:18:44+00:00
2025-07-19T12:00:00+00:00,llo1,24,2025-07-18,13.00,16.050,11.441,16.060,10.057,2,45027,0.11,2026-08-10T14:18:44+00:00
2025-07-19T12:00:00+00:00,llo1,24,2025-07-18,18.00,15.970,10.219,14.930,8.117,2,45027,0.11,2026-08-10T14:18:44+00:00
2025-07-19T12:00:00+00:00,llo1,24,2025-07-18,23.00,12.860,9.128,9.830,7.259,2,45027,0.11,2026-08-10T14:18:44+00:00
2025-07-19T12:00:00+00:00,llo1,24,2025-07-18,28.00,8.810,8.500,8.060,5.491,2,45027,0.11,2026-08-10T14:18:44+00:00
2025-07-19T12:00:00+00:00,llo1,24,2025-07-18,33.00,5.690,8.122,7.240,5.147,2,45027,0.11,2026-08-10T14:18:44+00:00
2025-07-19T12:00:00+00:00,llo1,24,2025-07-18,38.00,5.220,7.851,6.340,4.838,2,45027,0.11,2026-08-10T14:18:44+00:00
2025-07-19T12:00:00+00:00,llo1,24,2025-07-18,43.00,4.770,7.795,5.480,,2,45027,0.11,2026-08-10T14:18:44+00:00
2025-07-20T12:00:00+00:00,llo1,48,2025-07-18,6.00,17.120,13.131,16.190,13.885,2,45027,0.11,2026-08-10T14:18:44+00:00
2025-07-20T12:00:00+00:00,llo1,48,2025-07-18,8.00,17.060,12.319,16.140,12.730,2,45027,0.11,2026-08-10T14:18:44+00:00
2025-07-20T12:00:00+00:00,llo1,48,2025-07-18,13.00,16.230,10.634,16.060,9.965,2,45027,0.11,2026-08-10T14:18:44+00:00
2025-07-20T12:00:00+00:00,llo1,48,2025-07-18,18.00,9.960,9.516,14.930,8.096,2,45027,0.11,2026-08-10T14:18:44+00:00
2025-07-20T12:00:00+00:00,llo1,48,2025-07-18,23.00,8.370,8.789,9.830,7.099,2,45027,0.11,2026-08-10T14:18:44+00:00
2025-07-20T12:00:00+00:00,llo1,48,2025-07-18,28.00,6.760,8.350,8.060,5.443,2,45027,0.11,2026-08-10T14:18:44+00:00
2025-07-20T12:00:00+00:00,llo1,48,2025-07-18,33.00,5.780,8.103,7.240,5.095,2,45027,0.11,2026-08-10T14:18:44+00:00
2025-07-20T12:00:00+00:00,llo1,48,2025-07-18,38.00,5.020,7.823,6.340,4.780,2,45027,0.11,2026-08-10T14:18:44+00:00
2025-07-20T12:00:00+00:00,llo1,48,2025-07-18,43.00,4.840,7.644,5.480,,2,45027,0.11,2026-08-10T14:18:44+00:00
2025-07-21T12:00:00+00:00,llo1,72,2025-07-18,6.00,16.760,14.332,16.190,14.601,2,45027,0.11,2026-08-10T14:18:44+00:00
2025-07-21T12:00:00+00:00,llo1,72,2025-07-18,8.00,16.720,12.187,16.140,13.390,2,45027,0.11,2026-08-10T14:18:44+00:00
2025-07-21T12:00:00+00:00,llo1,72,2025-07-18,13.00,16.140,10.471,16.060,10.433,2,45027,0.11,2026-08-10T14:18:44+00:00
2025-07-21T12:00:00+00:00,llo1,72,2025-07-18,18.00,15.290,9.435,14.930,8.203,2,45027,0.11,2026-08-10T14:18:44+00:00
2025-07-21T12:00:00+00:00,llo1,72,2025-07-18,23.00,8.810,8.791,9.830,7.187,2,45027,0.11,2026-08-10T14:18:44+00:00
2025-07-21T12:00:00+00:00,llo1,72,2025-07-18,28.00,6.830,8.340,8.060,5.510,2,45027,0.11,2026-08-10T14:18:44+00:00
2025-07-21T12:00:00+00:00,llo1,72,2025-07-18,33.00,5.710,8.031,7.240,5.148,2,45027,0.11,2026-08-10T14:18:44+00:00
2025-07-21T12:00:00+00:00,llo1,72,2025-07-18,38.00,4.970,7.764,6.340,4.816,2,45027,0.11,2026-08-10T14:18:44+00:00
2025-07-21T12:00:00+00:00,llo1,72,2025-07-18,43.00,4.760,7.697,5.480,,2,45027,0.11,2026-08-10T14:18:44+00:00
2025-07-22T12:00:00+00:00,llo1,96,2025-07-18,6.00,16.600,16.042,16.190,15.042,2,45027,0.11,2026-08-10T14:18:44+00:00
2025-07-22T12:00:00+00:00,llo1,96,2025-07-18,8.00,16.620,14.303,16.140,13.937,2,45027,0.11,2026-08-10T14:18:44+00:00
2025-07-22T12:00:00+00:00,llo1,96,2025-07-18,13.00,16.520,10.802,16.060,11.016,2,45027,0.11,2026-08-10T14:18:44+00:00
2025-07-22T12:00:00+00:00,llo1,96,2025-07-18,18.00,16.460,9.636,14.930,8.607,2,45027,0.11,2026-08-10T14:18:44+00:00
2025-07-22T12:00:00+00:00,llo1,96,2025-07-18,23.00,14.220,8.939,9.830,7.369,2,45027,0.11,2026-08-10T14:18:44+00:00
2025-07-22T12:00:00+00:00,llo1,96,2025-07-18,28.00,7.650,8.468,8.060,5.643,2,45027,0.11,2026-08-10T14:18:44+00:00
2025-07-22T12:00:00+00:00,llo1,96,2025-07-18,33.00,5.500,8.126,7.240,5.260,2,45027,0.11,2026-08-10T14:18:44+00:00
2025-07-22T12:00:00+00:00,llo1,96,2025-07-18,38.00,4.990,7.859,6.340,4.896,2,45027,0.11,2026-08-10T14:18:44+00:00
2025-07-22T12:00:00+00:00,llo1,96,2025-07-18,43.00,4.540,7.797,5.480,,2,45027,0.11,2026-08-10T14:18:44+00:00
2025-07-23T12:00:00+00:00,llo1,120,2025-07-18,6.00,16.810,13.599,16.190,15.382,2,45027,0.11,2026-08-10T14:18:44+00:00
2025-07-23T12:00:00+00:00,llo1,120,2025-07-18,8.00,16.730,12.502,16.140,14.349,2,45027,0.11,2026-08-10T14:18:44+00:00
2025-07-23T12:00:00+00:00,llo1,120,2025-07-18,13.00,16.450,9.755,16.060,11.399,2,45027,0.11,2026-08-10T14:18:44+00:00
2025-07-23T12:00:00+00:00,llo1,120,2025-07-18,18.00,16.420,8.908,14.930,8.758,2,45027,0.11,2026-08-10T14:18:44+00:00
2025-07-23T12:00:00+00:00,llo1,120,2025-07-18,23.00,10.150,8.298,9.830,7.481,2,45027,0.11,2026-08-10T14:18:44+00:00
2025-07-23T12:00:00+00:00,llo1,120,2025-07-18,28.00,6.620,7.862,8.060,5.725,2,45027,0.11,2026-08-10T14:18:44+00:00
2025-07-23T12:00:00+00:00,llo1,120,2025-07-18,33.00,5.430,7.660,7.240,5.316,2,45027,0.11,2026-08-10T14:18:44+00:00
2025-07-23T12:00:00+00:00,llo1,120,2025-07-18,38.00,4.890,7.602,6.340,4.942,2,45027,0.11,2026-08-10T14:18:44+00:00
2025-07-23T12:00:00+00:00,llo1,120,2025-07-18,43.00,4.700,7.479,5.480,,2,45027,0.11,2026-08-10T14:18:44+00:00
2025-07-20T12:00:00+00:00,llo1,24,2025-07-19,6.00,17.120,13.163,16.640,13.885,2,45027,0.11,2026-08-10T14:18:44+00:00
2025-07-20T12:00:00+00:00,llo1,24,2025-07-19,8.00,17.060,12.018,16.560,12.730,2,45027,0.11,2026-08-10T14:18:44+00:00
2025-07-20T12:00:00+00:00,llo1,24,2025-07-19,13.00,16.230,10.449,16.050,9.965,2,45027,0.11,2026-08-10T14:18:44+00:00
2025-07-20T12:00:00+00:00,llo1,24,2025-07-19,18.00,9.960,9.521,15.970,8.096,2,45027,0.11,2026-08-10T14:18:44+00:00
2025-07-20T12:00:00+00:00,llo1,24,2025-07-19,23.00,8.370,8.868,12.860,7.099,2,45027,0.11,2026-08-10T14:18:44+00:00
2025-07-20T12:00:00+00:00,llo1,24,2025-07-19,28.00,6.760,8.437,8.810,5.443,2,45027,0.11,2026-08-10T14:18:44+00:00
2025-07-20T12:00:00+00:00,llo1,24,2025-07-19,33.00,5.780,8.160,5.690,5.095,2,45027,0.11,2026-08-10T14:18:44+00:00
2025-07-20T12:00:00+00:00,llo1,24,2025-07-19,38.00,5.020,7.856,5.220,4.780,2,45027,0.11,2026-08-10T14:18:44+00:00
2025-07-20T12:00:00+00:00,llo1,24,2025-07-19,43.00,4.840,7.704,4.770,,2,45027,0.11,2026-08-10T14:18:44+00:00
2025-07-21T12:00:00+00:00,llo1,48,2025-07-19,6.00,16.760,14.474,16.640,14.601,2,45027,0.11,2026-08-10T14:18:44+00:00
2025-07-21T12:00:00+00:00,llo1,48,2025-07-19,8.00,16.720,12.012,16.560,13.390,2,45027,0.11,2026-08-10T14:18:44+00:00
2025-07-21T12:00:00+00:00,llo1,48,2025-07-19,13.00,16.140,10.139,16.050,10.433,2,45027,0.11,2026-08-10T14:18:44+00:00
2025-07-21T12:00:00+00:00,llo1,48,2025-07-19,18.00,15.290,9.221,15.970,8.203,2,45027,0.11,2026-08-10T14:18:44+00:00
2025-07-21T12:00:00+00:00,llo1,48,2025-07-19,23.00,8.810,8.673,12.860,7.187,2,45027,0.11,2026-08-10T14:18:44+00:00
2025-07-21T12:00:00+00:00,llo1,48,2025-07-19,28.00,6.830,8.295,8.810,5.510,2,45027,0.11,2026-08-10T14:18:44+00:00
2025-07-21T12:00:00+00:00,llo1,48,2025-07-19,33.00,5.710,8.053,5.690,5.148,2,45027,0.11,2026-08-10T14:18:44+00:00
2025-07-21T12:00:00+00:00,llo1,48,2025-07-19,38.00,4.970,7.763,5.220,4.816,2,45027,0.11,2026-08-10T14:18:44+00:00
2025-07-21T12:00:00+00:00,llo1,48,2025-07-19,43.00,4.760,7.677,4.770,,2,45027,0.11,2026-08-10T14:18:44+00:00
2025-07-22T12:00:00+00:00,llo1,72,2025-07-19,6.00,16.600,16.237,16.640,15.042,2,45027,0.11,2026-08-10T14:18:44+00:00
2025-07-22T12:00:00+00:00,llo1,72,2025-07-19,8.00,16.620,14.344,16.560,13.937,2,45027,0.11,2026-08-10T14:18:44+00:00
2025-07-22T12:00:00+00:00,llo1,72,2025-07-19,13.00,16.520,10.954,16.050,11.016,2,45027,0.11,2026-08-10T14:18:44+00:00
2025-07-22T12:00:00+00:00,llo1,72,2025-07-19,18.00,16.460,9.949,15.970,8.607,2,45027,0.11,2026-08-10T14:18:44+00:00
2025-07-22T12:00:00+00:00,llo1,72,2025-07-19,23.00,14.220,9.144,12.860,7.369,2,45027,0.11,2026-08-10T14:18:44+00:00
2025-07-22T12:00:00+00:00,llo1,72,2025-07-19,28.00,7.650,8.588,8.810,5.643,2,45027,0.11,2026-08-10T14:18:44+00:00
2025-07-22T12:00:00+00:00,llo1,72,2025-07-19,33.00,5.500,8.230,5.690,5.260,2,45027,0.11,2026-08-10T14:18:44+00:00
2025-07-22T12:00:00+00:00,llo1,72,2025-07-19,38.00,4.990,7.920,5.220,4.896,2,45027,0.11,2026-08-10T14:18:44+00:00
2025-07-22T12:00:00+00:00,llo1,72,2025-07-19,43.00,4.540,7.792,4.770,,2,45027,0.11,2026-08-10T14:18:44+00:00
2025-07-23T12:00:00+00:00,llo1,96,2025-07-19,6.00,16.810,14.524,16.640,15.382,2,45027,0.11,2026-08-10T14:18:44+00:00
2025-07-23T12:00:00+00:00,llo1,96,2025-07-19,8.00,16.730,12.964,16.560,14.349,2,45027,0.11,2026-08-10T14:18:44+00:00
2025-07-23T12:00:00+00:00,llo1,96,2025-07-19,13.00,16.450,10.314,16.050,11.399,2,45027,0.11,2026-08-10T14:18:44+00:00
2025-07-23T12:00:00+00:00,llo1,96,2025-07-19,18.00,16.420,9.185,15.970,8.758,2,45027,0.11,2026-08-10T14:18:44+00:00
2025-07-23T12:00:00+00:00,llo1,96,2025-07-19,23.00,10.150,8.687,12.860,7.481,2,45027,0.11,2026-08-10T14:18:44+00:00
2025-07-23T12:00:00+00:00,llo1,96,2025-07-19,28.00,6.620,8.228,8.810,5.725,2,45027,0.11,2026-08-10T14:18:44+00:00
2025-07-23T12:00:00+00:00,llo1,96,2025-07-19,33.00,5.430,7.892,5.690,5.316,2,45027,0.11,2026-08-10T14:18:44+00:00
2025-07-23T12:00:00+00:00,llo1,96,2025-07-19,38.00,4.890,7.716,5.220,4.942,2,45027,0.11,2026-08-10T14:18:44+00:00
2025-07-23T12:00:00+00:00,llo1,96,2025-07-19,43.00,4.700,7.675,4.770,,2,45027,0.11,2026-08-10T14:18:44+00:00
2025-07-24T12:00:00+00:00,llo1,120,2025-07-19,6.00,16.640,15.383,16.640,15.719,2,45027,0.11,2026-08-10T14:18:44+00:00
2025-07-24T12:00:00+00:00,llo1,120,2025-07-19,8.00,16.420,13.051,16.560,14.740,2,45027,0.11,2026-08-10T14:18:44+00:00
2025-07-24T12:00:00+00:00,llo1,120,2025-07-19,13.00,16.210,10.717,16.050,11.776,2,45027,0.11,2026-08-10T14:18:44+00:00
2025-07-24T12:00:00+00:00,llo1,120,2025-07-19,18.00,14.930,9.307,15.970,8.970,2,45027,0.11,2026-08-10T14:18:44+00:00
2025-07-24T12:00:00+00:00,llo1,120,2025-07-19,23.00,7.520,8.673,12.860,7.622,2,45027,0.11,2026-08-10T14:18:44+00:00
2025-07-24T12:00:00+00:00,llo1,120,2025-07-19,28.00,5.620,8.182,8.810,5.788,2,45027,0.11,2026-08-10T14:18:44+00:00
2025-07-24T12:00:00+00:00,llo1,120,2025-07-19,33.00,4.910,7.849,5.690,5.355,2,45027,0.11,2026-08-10T14:18:44+00:00
2025-07-24T12:00:00+00:00,llo1,120,2025-07-19,38.00,4.750,7.678,5.220,4.972,2,45027,0.11,2026-08-10T14:18:44+00:00
2025-07-24T12:00:00+00:00,llo1,120,2025-07-19,43.00,4.550,7.552,4.770,,2,45027,0.11,2026-08-10T14:18:44+00:00
2025-07-21T12:00:00+00:00,llo1,24,2025-07-20,6.00,16.760,14.020,17.120,14.601,2,45027,0.11,2026-08-10T14:18:44+00:00
2025-07-21T12:00:00+00:00,llo1,24,2025-07-20,8.00,16.720,11.687,17.060,13.390,2,45027,0.11,2026-08-10T14:18:44+00:00
2025-07-21T12:00:00+00:00,llo1,24,2025-07-20,13.00,16.140,10.040,16.230,10.433,2,45027,0.11,2026-08-10T14:18:44+00:00
2025-07-21T12:00:00+00:00,llo1,24,2025-07-20,18.00,15.290,9.297,9.960,8.203,2,45027,0.11,2026-08-10T14:18:44+00:00
2025-07-21T12:00:00+00:00,llo1,24,2025-07-20,23.00,8.810,8.654,8.370,7.187,2,45027,0.11,2026-08-10T14:18:44+00:00
2025-07-21T12:00:00+00:00,llo1,24,2025-07-20,28.00,6.830,8.277,6.760,5.510,2,45027,0.11,2026-08-10T14:18:44+00:00
2025-07-21T12:00:00+00:00,llo1,24,2025-07-20,33.00,5.710,8.021,5.780,5.148,2,45027,0.11,2026-08-10T14:18:44+00:00
2025-07-21T12:00:00+00:00,llo1,24,2025-07-20,38.00,4.970,7.746,5.020,4.816,2,45027,0.11,2026-08-10T14:18:44+00:00
2025-07-21T12:00:00+00:00,llo1,24,2025-07-20,43.00,4.760,7.663,4.840,,2,45027,0.11,2026-08-10T14:18:44+00:00
2025-07-22T12:00:00+00:00,llo1,48,2025-07-20,6.00,16.600,15.694,17.120,15.042,2,45027,0.11,2026-08-10T14:18:44+00:00
2025-07-22T12:00:00+00:00,llo1,48,2025-07-20,8.00,16.620,13.695,17.060,13.937,2,45027,0.11,2026-08-10T14:18:44+00:00
2025-07-22T12:00:00+00:00,llo1,48,2025-07-20,13.00,16.520,10.952,16.230,11.016,2,45027,0.11,2026-08-10T14:18:44+00:00
2025-07-22T12:00:00+00:00,llo1,48,2025-07-20,18.00,16.460,9.753,9.960,8.607,2,45027,0.11,2026-08-10T14:18:44+00:00
2025-07-22T12:00:00+00:00,llo1,48,2025-07-20,23.00,14.220,9.076,8.370,7.369,2,45027,0.11,2026-08-10T14:18:44+00:00
2025-07-22T12:00:00+00:00,llo1,48,2025-07-20,28.00,7.650,8.509,6.760,5.643,2,45027,0.11,2026-08-10T14:18:44+00:00
2025-07-22T12:00:00+00:00,llo1,48,2025-07-20,33.00,5.500,8.103,5.780,5.260,2,45027,0.11,2026-08-10T14:18:44+00:00
2025-07-22T12:00:00+00:00,llo1,48,2025-07-20,38.00,4.990,7.811,5.020,4.896,2,45027,0.11,2026-08-10T14:18:44+00:00
2025-07-22T12:00:00+00:00,llo1,48,2025-07-20,43.00,4.540,7.658,4.840,,2,45027,0.11,2026-08-10T14:18:44+00:00
2025-07-23T12:00:00+00:00,llo1,72,2025-07-20,6.00,16.810,14.893,17.120,15.382,2,45027,0.11,2026-08-10T14:18:44+00:00
2025-07-23T12:00:00+00:00,llo1,72,2025-07-20,8.00,16.730,13.269,17.060,14.349,2,45027,0.11,2026-08-10T14:18:44+00:00
2025-07-23T12:00:00+00:00,llo1,72,2025-07-20,13.00,16.450,10.770,16.230,11.399,2,45027,0.11,2026-08-10T14:18:44+00:00
2025-07-23T12:00:00+00:00,llo1,72,2025-07-20,18.00,16.420,9.901,9.960,8.758,2,45027,0.11,2026-08-10T14:18:44+00:00
2025-07-23T12:00:00+00:00,llo1,72,2025-07-20,23.00,10.150,8.984,8.370,7.481,2,45027,0.11,2026-08-10T14:18:44+00:00
2025-07-23T12:00:00+00:00,llo1,72,2025-07-20,28.00,6.620,8.543,6.760,5.725,2,45027,0.11,2026-08-10T14:18:44+00:00
2025-07-23T12:00:00+00:00,llo1,72,2025-07-20,33.00,5.430,8.213,5.780,5.316,2,45027,0.11,2026-08-10T14:18:44+00:00
2025-07-23T12:00:00+00:00,llo1,72,2025-07-20,38.00,4.890,7.921,5.020,4.942,2,45027,0.11,2026-08-10T14:18:44+00:00
2025-07-23T12:00:00+00:00,llo1,72,2025-07-20,43.00,4.700,7.808,4.840,,2,45027,0.11,2026-08-10T14:18:44+00:00
2025-07-24T12:00:00+00:00,llo1,96,2025-07-20,6.00,16.640,12.094,17.120,15.719,2,45027,0.11,2026-08-10T14:18:44+00:00
2025-07-24T12:00:00+00:00,llo1,96,2025-07-20,8.00,16.420,11.061,17.060,14.740,2,45027,0.11,2026-08-10T14:18:44+00:00
2025-07-24T12:00:00+00:00,llo1,96,2025-07-20,13.00,16.210,9.922,16.230,11.776,2,45027,0.11,2026-08-10T14:18:44+00:00
2025-07-24T12:00:00+00:00,llo1,96,2025-07-20,18.00,14.930,9.187,9.960,8.970,2,45027,0.11,2026-08-10T14:18:44+00:00
2025-07-24T12:00:00+00:00,llo1,96,2025-07-20,23.00,7.520,8.648,8.370,7.622,2,45027,0.11,2026-08-10T14:18:44+00:00
2025-07-24T12:00:00+00:00,llo1,96,2025-07-20,28.00,5.620,8.249,6.760,5.788,2,45027,0.11,2026-08-10T14:18:44+00:00
2025-07-24T12:00:00+00:00,llo1,96,2025-07-20,33.00,4.910,7.865,5.780,5.355,2,45027,0.11,2026-08-10T14:18:44+00:00
2025-07-24T12:00:00+00:00,llo1,96,2025-07-20,38.00,4.750,7.691,5.020,4.972,2,45027,0.11,2026-08-10T14:18:44+00:00
2025-07-24T12:00:00+00:00,llo1,96,2025-07-20,43.00,4.550,7.583,4.840,,2,45027,0.11,2026-08-10T14:18:44+00:00
2025-07-25T12:00:00+00:00,llo1,120,2025-07-20,6.00,17.040,12.892,17.120,16.268,2,45027,0.11,2026-08-10T14:18:44+00:00
2025-07-25T12:00:00+00:00,llo1,120,2025-07-20,8.00,16.730,11.425,17.060,15.233,2,45027,0.11,2026-08-10T14:18:44+00:00
2025-07-25T12:00:00+00:00,llo1,120,2025-07-20,13.00,15.350,9.968,16.230,11.931,2,45027,0.11,2026-08-10T14:18:44+00:00
2025-07-25T12:00:00+00:00,llo1,120,2025-07-20,18.00,12.900,9.036,9.960,9.007,2,45027,0.11,2026-08-10T14:18:44+00:00
2025-07-25T12:00:00+00:00,llo1,120,2025-07-20,23.00,7.110,8.544,8.370,7.634,2,45027,0.11,2026-08-10T14:18:44+00:00
2025-07-25T12:00:00+00:00,llo1,120,2025-07-20,28.00,5.280,8.055,6.760,5.820,2,45027,0.11,2026-08-10T14:18:44+00:00
2025-07-25T12:00:00+00:00,llo1,120,2025-07-20,33.00,4.880,7.737,5.780,5.377,2,45027,0.11,2026-08-10T14:18:44+00:00
2025-07-25T12:00:00+00:00,llo1,120,2025-07-20,38.00,4.620,7.557,5.020,4.971,2,45027,0.11,2026-08-10T14:18:44+00:00
2025-07-25T12:00:00+00:00,llo1,120,2025-07-20,43.00,4.360,7.475,4.840,,2,45027,0.11,2026-08-10T14:18:44+00:00
2025-07-22T12:00:00+00:00,llo1,24,2025-07-21,6.00,16.600,18.050,16.760,15.042,2,45027,0.11,2026-08-10T14:18:44+00:00
2025-07-22T12:00:00+00:00,llo1,24,2025-07-21,8.00,16.620,16.597,16.720,13.937,2,45027,0.11,2026-08-10T14:18:44+00:00
2025-07-22T12:00:00+00:00,llo1,24,2025-07-21,13.00,16.520,12.519,16.140,11.016,2,45027,0.11,2026-08-10T14:18:44+00:00
2025-07-22T12:00:00+00:00,llo1,24,2025-07-21,18.00,16.460,10.610,15.290,8.607,2,45027,0.11,2026-08-10T14:18:44+00:00
2025-07-22T12:00:00+00:00,llo1,24,2025-07-21,23.00,14.220,9.753,8.810,7.369,2,45027,0.11,2026-08-10T14:18:44+00:00
2025-07-22T12:00:00+00:00,llo1,24,2025-07-21,28.00,7.650,9.072,6.830,5.643,2,45027,0.11,2026-08-10T14:18:44+00:00
2025-07-22T12:00:00+00:00,llo1,24,2025-07-21,33.00,5.500,8.463,5.710,5.260,2,45027,0.11,2026-08-10T14:18:44+00:00
2025-07-22T12:00:00+00:00,llo1,24,2025-07-21,38.00,4.990,8.027,4.970,4.896,2,45027,0.11,2026-08-10T14:18:44+00:00
2025-07-22T12:00:00+00:00,llo1,24,2025-07-21,43.00,4.540,7.821,4.760,,2,45027,0.11,2026-08-10T14:18:44+00:00
2025-07-23T12:00:00+00:00,llo1,48,2025-07-21,6.00,16.810,17.912,16.760,15.382,2,45027,0.11,2026-08-10T14:18:44+00:00
2025-07-23T12:00:00+00:00,llo1,48,2025-07-21,8.00,16.730,16.780,16.720,14.349,2,45027,0.11,2026-08-10T14:18:44+00:00
2025-07-23T12:00:00+00:00,llo1,48,2025-07-21,13.00,16.450,13.088,16.140,11.399,2,45027,0.11,2026-08-10T14:18:44+00:00
2025-07-23T12:00:00+00:00,llo1,48,2025-07-21,18.00,16.420,10.839,15.290,8.758,2,45027,0.11,2026-08-10T14:18:44+00:00
2025-07-23T12:00:00+00:00,llo1,48,2025-07-21,23.00,10.150,9.640,8.810,7.481,2,45027,0.11,2026-08-10T14:18:44+00:00
2025-07-23T12:00:00+00:00,llo1,48,2025-07-21,28.00,6.620,8.886,6.830,5.725,2,45027,0.11,2026-08-10T14:18:44+00:00
2025-07-23T12:00:00+00:00,llo1,48,2025-07-21,33.00,5.430,8.485,5.710,5.316,2,45027,0.11,2026-08-10T14:18:44+00:00
2025-07-23T12:00:00+00:00,llo1,48,2025-07-21,38.00,4.890,8.143,4.970,4.942,2,45027,0.11,2026-08-10T14:18:44+00:00
2025-07-23T12:00:00+00:00,llo1,48,2025-07-21,43.00,4.700,7.916,4.760,,2,45027,0.11,2026-08-10T14:18:44+00:00
2025-07-24T12:00:00+00:00,llo1,72,2025-07-21,6.00,16.640,13.525,16.760,15.719,2,45027,0.11,2026-08-10T14:18:44+00:00
2025-07-24T12:00:00+00:00,llo1,72,2025-07-21,8.00,16.420,11.556,16.720,14.740,2,45027,0.11,2026-08-10T14:18:44+00:00
2025-07-24T12:00:00+00:00,llo1,72,2025-07-21,13.00,16.210,9.963,16.140,11.776,2,45027,0.11,2026-08-10T14:18:44+00:00
2025-07-24T12:00:00+00:00,llo1,72,2025-07-21,18.00,14.930,9.199,15.290,8.970,2,45027,0.11,2026-08-10T14:18:44+00:00
2025-07-24T12:00:00+00:00,llo1,72,2025-07-21,23.00,7.520,8.745,8.810,7.622,2,45027,0.11,2026-08-10T14:18:44+00:00
2025-07-24T12:00:00+00:00,llo1,72,2025-07-21,28.00,5.620,8.358,6.830,5.788,2,45027,0.11,2026-08-10T14:18:44+00:00
2025-07-24T12:00:00+00:00,llo1,72,2025-07-21,33.00,4.910,7.928,5.710,5.355,2,45027,0.11,2026-08-10T14:18:44+00:00
2025-07-24T12:00:00+00:00,llo1,72,2025-07-21,38.00,4.750,7.731,4.970,4.972,2,45027,0.11,2026-08-10T14:18:44+00:00
2025-07-24T12:00:00+00:00,llo1,72,2025-07-21,43.00,4.550,7.486,4.760,,2,45027,0.11,2026-08-10T14:18:44+00:00
2025-07-25T12:00:00+00:00,llo1,96,2025-07-21,6.00,17.040,16.126,16.760,16.268,2,45027,0.11,2026-08-10T14:18:44+00:00
2025-07-25T12:00:00+00:00,llo1,96,2025-07-21,8.00,16.730,15.373,16.720,15.233,2,45027,0.11,2026-08-10T14:18:44+00:00
2025-07-25T12:00:00+00:00,llo1,96,2025-07-21,13.00,15.350,12.999,16.140,11.931,2,45027,0.11,2026-08-10T14:18:44+00:00
2025-07-25T12:00:00+00:00,llo1,96,2025-07-21,18.00,12.900,10.936,15.290,9.007,2,45027,0.11,2026-08-10T14:18:44+00:00
2025-07-25T12:00:00+00:00,llo1,96,2025-07-21,23.00,7.110,9.824,8.810,7.634,2,45027,0.11,2026-08-10T14:18:44+00:00
2025-07-25T12:00:00+00:00,llo1,96,2025-07-21,28.00,5.280,9.166,6.830,5.820,2,45027,0.11,2026-08-10T14:18:44+00:00
2025-07-25T12:00:00+00:00,llo1,96,2025-07-21,33.00,4.880,8.643,5.710,5.377,2,45027,0.11,2026-08-10T14:18:44+00:00
2025-07-25T12:00:00+00:00,llo1,96,2025-07-21,38.00,4.620,8.204,4.970,4.971,2,45027,0.11,2026-08-10T14:18:44+00:00
2025-07-25T12:00:00+00:00,llo1,96,2025-07-21,43.00,4.360,8.062,4.760,,2,45027,0.11,2026-08-10T14:18:44+00:00
2025-07-26T12:00:00+00:00,llo1,120,2025-07-21,6.00,17.700,15.730,16.760,16.735,2,45027,0.11,2026-08-10T14:18:44+00:00
2025-07-26T12:00:00+00:00,llo1,120,2025-07-21,8.00,16.630,13.731,16.720,15.668,2,45027,0.11,2026-08-10T14:18:44+00:00
2025-07-26T12:00:00+00:00,llo1,120,2025-07-21,13.00,15.130,10.536,16.140,12.232,2,45027,0.11,2026-08-10T14:18:44+00:00
2025-07-26T12:00:00+00:00,llo1,120,2025-07-21,18.00,13.570,10.038,15.290,9.177,2,45027,0.11,2026-08-10T14:18:44+00:00
2025-07-26T12:00:00+00:00,llo1,120,2025-07-21,23.00,6.220,9.490,8.810,7.746,2,45027,0.11,2026-08-10T14:18:44+00:00
2025-07-26T12:00:00+00:00,llo1,120,2025-07-21,28.00,4.940,9.026,6.830,5.875,2,45027,0.11,2026-08-10T14:18:44+00:00
2025-07-26T12:00:00+00:00,llo1,120,2025-07-21,33.00,4.640,8.587,5.710,5.428,2,45027,0.11,2026-08-10T14:18:44+00:00
2025-07-26T12:00:00+00:00,llo1,120,2025-07-21,38.00,4.450,8.271,4.970,5.012,2,45027,0.11,2026-08-10T14:18:44+00:00
2025-07-26T12:00:00+00:00,llo1,120,2025-07-21,43.00,4.270,8.096,4.760,,2,45027,0.11,2026-08-10T14:18:44+00:00
2025-07-23T12:00:00+00:00,llo1,24,2025-07-22,6.00,16.810,14.084,16.600,15.382,2,45027,0.11,2026-08-10T14:18:44+00:00
2025-07-23T12:00:00+00:00,llo1,24,2025-07-22,8.00,16.730,12.273,16.620,14.349,2,45027,0.11,2026-08-10T14:18:44+00:00
2025-07-23T12:00:00+00:00,llo1,24,2025-07-22,13.00,16.450,9.645,16.520,11.399,2,45027,0.11,2026-08-10T14:18:44+00:00
2025-07-23T12:00:00+00:00,llo1,24,2025-07-22,18.00,16.420,9.105,16.460,8.758,2,45027,0.11,2026-08-10T14:18:44+00:00
2025-07-23T12:00:00+00:00,llo1,24,2025-07-22,23.00,10.150,8.588,14.220,7.481,2,45027,0.11,2026-08-10T14:18:44+00:00
2025-07-23T12:00:00+00:00,llo1,24,2025-07-22,28.00,6.620,8.228,7.650,5.725,2,45027,0.11,2026-08-10T14:18:44+00:00
2025-07-23T12:00:00+00:00,llo1,24,2025-07-22,33.00,5.430,7.933,5.500,5.316,2,45027,0.11,2026-08-10T14:18:44+00:00
2025-07-23T12:00:00+00:00,llo1,24,2025-07-22,38.00,4.890,7.715,4.990,4.942,2,45027,0.11,2026-08-10T14:18:44+00:00
2025-07-23T12:00:00+00:00,llo1,24,2025-07-22,43.00,4.700,7.681,4.540,,2,45027,0.11,2026-08-10T14:18:44+00:00
2025-07-24T12:00:00+00:00,llo1,48,2025-07-22,6.00,16.640,15.893,16.600,15.719,2,45027,0.11,2026-08-10T14:18:44+00:00
2025-07-24T12:00:00+00:00,llo1,48,2025-07-22,8.00,16.420,13.590,16.620,14.740,2,45027,0.11,2026-08-10T14:18:44+00:00
2025-07-24T12:00:00+00:00,llo1,48,2025-07-22,13.00,16.210,10.456,16.520,11.776,2,45027,0.11,2026-08-10T14:18:44+00:00
2025-07-24T12:00:00+00:00,llo1,48,2025-07-22,18.00,14.930,9.121,16.460,8.970,2,45027,0.11,2026-08-10T14:18:44+00:00
2025-07-24T12:00:00+00:00,llo1,48,2025-07-22,23.00,7.520,8.365,14.220,7.622,2,45027,0.11,2026-08-10T14:18:44+00:00
2025-07-24T12:00:00+00:00,llo1,48,2025-07-22,28.00,5.620,7.861,7.650,5.788,2,45027,0.11,2026-08-10T14:18:44+00:00
2025-07-24T12:00:00+00:00,llo1,48,2025-07-22,33.00,4.910,7.703,5.500,5.355,2,45027,0.11,2026-08-10T14:18:44+00:00
2025-07-24T12:00:00+00:00,llo1,48,2025-07-22,38.00,4.750,7.569,4.990,4.972,2,45027,0.11,2026-08-10T14:18:44+00:00
2025-07-24T12:00:00+00:00,llo1,48,2025-07-22,43.00,4.550,7.453,4.540,,2,45027,0.11,2026-08-10T14:18:44+00:00
2025-07-25T12:00:00+00:00,llo1,72,2025-07-22,6.00,17.040,11.287,16.600,16.268,2,45027,0.11,2026-08-10T14:18:44+00:00
2025-07-25T12:00:00+00:00,llo1,72,2025-07-22,8.00,16.730,10.507,16.620,15.233,2,45027,0.11,2026-08-10T14:18:44+00:00
2025-07-25T12:00:00+00:00,llo1,72,2025-07-22,13.00,15.350,9.054,16.520,11.931,2,45027,0.11,2026-08-10T14:18:44+00:00
2025-07-25T12:00:00+00:00,llo1,72,2025-07-22,18.00,12.900,8.595,16.460,9.007,2,45027,0.11,2026-08-10T14:18:44+00:00
2025-07-25T12:00:00+00:00,llo1,72,2025-07-22,23.00,7.110,8.244,14.220,7.634,2,45027,0.11,2026-08-10T14:18:44+00:00
2025-07-25T12:00:00+00:00,llo1,72,2025-07-22,28.00,5.280,7.899,7.650,5.820,2,45027,0.11,2026-08-10T14:18:44+00:00
2025-07-25T12:00:00+00:00,llo1,72,2025-07-22,33.00,4.880,7.666,5.500,5.377,2,45027,0.11,2026-08-10T14:18:44+00:00
2025-07-25T12:00:00+00:00,llo1,72,2025-07-22,38.00,4.620,7.555,4.990,4.971,2,45027,0.11,2026-08-10T14:18:44+00:00
2025-07-25T12:00:00+00:00,llo1,72,2025-07-22,43.00,4.360,7.495,4.540,,2,45027,0.11,2026-08-10T14:18:44+00:00
2025-07-26T12:00:00+00:00,llo1,96,2025-07-22,6.00,17.700,14.052,16.600,16.735,2,45027,0.11,2026-08-10T14:18:44+00:00
2025-07-26T12:00:00+00:00,llo1,96,2025-07-22,8.00,16.630,11.999,16.620,15.668,2,45027,0.11,2026-08-10T14:18:44+00:00
2025-07-26T12:00:00+00:00,llo1,96,2025-07-22,13.00,15.130,10.277,16.520,12.232,2,45027,0.11,2026-08-10T14:18:44+00:00
2025-07-26T12:00:00+00:00,llo1,96,2025-07-22,18.00,13.570,9.122,16.460,9.177,2,45027,0.11,2026-08-10T14:18:44+00:00
2025-07-26T12:00:00+00:00,llo1,96,2025-07-22,23.00,6.220,8.578,14.220,7.746,2,45027,0.11,2026-08-10T14:18:44+00:00
2025-07-26T12:00:00+00:00,llo1,96,2025-07-22,28.00,4.940,8.234,7.650,5.875,2,45027,0.11,2026-08-10T14:18:44+00:00
2025-07-26T12:00:00+00:00,llo1,96,2025-07-22,33.00,4.640,7.998,5.500,5.428,2,45027,0.11,2026-08-10T14:18:44+00:00
2025-07-26T12:00:00+00:00,llo1,96,2025-07-22,38.00,4.450,7.893,4.990,5.012,2,45027,0.11,2026-08-10T14:18:44+00:00
2025-07-26T12:00:00+00:00,llo1,96,2025-07-22,43.00,4.270,7.814,4.540,,2,45027,0.11,2026-08-10T14:18:44+00:00
2025-07-27T12:00:00+00:00,llo1,120,2025-07-22,6.00,17.270,13.406,16.600,17.006,2,45027,0.11,2026-08-10T14:18:44+00:00
2025-07-27T12:00:00+00:00,llo1,120,2025-07-22,8.00,16.370,12.465,16.620,15.744,2,45027,0.11,2026-08-10T14:18:44+00:00
2025-07-27T12:00:00+00:00,llo1,120,2025-07-22,13.00,14.780,10.667,16.520,12.108,2,45027,0.11,2026-08-10T14:18:44+00:00
2025-07-27T12:00:00+00:00,llo1,120,2025-07-22,18.00,10.970,9.437,16.460,9.136,2,45027,0.11,2026-08-10T14:18:44+00:00
2025-07-27T12:00:00+00:00,llo1,120,2025-07-22,23.00,5.520,8.764,14.220,7.739,2,45027,0.11,2026-08-10T14:18:44+00:00
2025-07-27T12:00:00+00:00,llo1,120,2025-07-22,28.00,4.890,8.475,7.650,5.909,2,45027,0.11,2026-08-10T14:18:44+00:00
2025-07-27T12:00:00+00:00,llo1,120,2025-07-22,33.00,4.520,8.261,5.500,5.452,2,45027,0.11,2026-08-10T14:18:44+00:00
2025-07-27T12:00:00+00:00,llo1,120,2025-07-22,38.00,4.350,8.085,4.990,5.023,2,45027,0.11,2026-08-10T14:18:44+00:00
2025-07-27T12:00:00+00:00,llo1,120,2025-07-22,43.00,4.240,8.003,4.540,,2,45027,0.11,2026-08-10T14:18:44+00:00
2025-07-24T12:00:00+00:00,llo1,24,2025-07-23,6.00,16.640,14.094,16.810,15.719,2,45027,0.11,2026-08-10T14:18:44+00:00
2025-07-24T12:00:00+00:00,llo1,24,2025-07-23,8.00,16.420,12.504,16.730,14.740,2,45027,0.11,2026-08-10T14:18:44+00:00
2025-07-24T12:00:00+00:00,llo1,24,2025-07-23,13.00,16.210,9.881,16.450,11.776,2,45027,0.11,2026-08-10T14:18:44+00:00
2025-07-24T12:00:00+00:00,llo1,24,2025-07-23,18.00,14.930,8.952,16.420,8.970,2,45027,0.11,2026-08-10T14:18:44+00:00
2025-07-24T12:00:00+00:00,llo1,24,2025-07-23,23.00,7.520,8.314,10.150,7.622,2,45027,0.11,2026-08-10T14:18:44+00:00
2025-07-24T12:00:00+00:00,llo1,24,2025-07-23,28.00,5.620,7.888,6.620,5.788,2,45027,0.11,2026-08-10T14:18:44+00:00
2025-07-24T12:00:00+00:00,llo1,24,2025-07-23,33.00,4.910,7.669,5.430,5.355,2,45027,0.11,2026-08-10T14:18:44+00:00
2025-07-24T12:00:00+00:00,llo1,24,2025-07-23,38.00,4.750,7.565,4.890,4.972,2,45027,0.11,2026-08-10T14:18:44+00:00
2025-07-24T12:00:00+00:00,llo1,24,2025-07-23,43.00,4.550,7.490,4.700,,2,45027,0.11,2026-08-10T14:18:44+00:00
2025-07-25T12:00:00+00:00,llo1,48,2025-07-23,6.00,17.040,12.707,16.810,16.268,2,45027,0.11,2026-08-10T14:18:44+00:00
2025-07-25T12:00:00+00:00,llo1,48,2025-07-23,8.00,16.730,11.321,16.730,15.233,2,45027,0.11,2026-08-10T14:18:44+00:00
2025-07-25T12:00:00+00:00,llo1,48,2025-07-23,13.00,15.350,9.609,16.450,11.931,2,45027,0.11,2026-08-10T14:18:44+00:00
2025-07-25T12:00:00+00:00,llo1,48,2025-07-23,18.00,12.900,8.999,16.420,9.007,2,45027,0.11,2026-08-10T14:18:44+00:00
2025-07-25T12:00:00+00:00,llo1,48,2025-07-23,23.00,7.110,8.411,10.150,7.634,2,45027,0.11,2026-08-10T14:18:44+00:00
2025-07-25T12:00:00+00:00,llo1,48,2025-07-23,28.00,5.280,7.952,6.620,5.820,2,45027,0.11,2026-08-10T14:18:44+00:00
2025-07-25T12:00:00+00:00,llo1,48,2025-07-23,33.00,4.880,7.731,5.430,5.377,2,45027,0.11,2026-08-10T14:18:44+00:00
2025-07-25T12:00:00+00:00,llo1,48,2025-07-23,38.00,4.620,7.591,4.890,4.971,2,45027,0.11,2026-08-10T14:18:44+00:00
2025-07-25T12:00:00+00:00,llo1,48,2025-07-23,43.00,4.360,7.535,4.700,,2,45027,0.11,2026-08-10T14:18:44+00:00
2025-07-26T12:00:00+00:00,llo1,72,2025-07-23,6.00,17.700,14.470,16.810,16.735,2,45027,0.11,2026-08-10T14:18:44+00:00
2025-07-26T12:00:00+00:00,llo1,72,2025-07-23,8.00,16.630,13.056,16.730,15.668,2,45027,0.11,2026-08-10T14:18:44+00:00
2025-07-26T12:00:00+00:00,llo1,72,2025-07-23,13.00,15.130,10.679,16.450,12.232,2,45027,0.11,2026-08-10T14:18:44+00:00
2025-07-26T12:00:00+00:00,llo1,72,2025-07-23,18.00,13.570,9.465,16.420,9.177,2,45027,0.11,2026-08-10T14:18:44+00:00
2025-07-26T12:00:00+00:00,llo1,72,2025-07-23,23.00,6.220,8.671,10.150,7.746,2,45027,0.11,2026-08-10T14:18:44+00:00
2025-07-26T12:00:00+00:00,llo1,72,2025-07-23,28.00,4.940,8.263,6.620,5.875,2,45027,0.11,2026-08-10T14:18:44+00:00
2025-07-26T12:00:00+00:00,llo1,72,2025-07-23,33.00,4.640,8.056,5.430,5.428,2,45027,0.11,2026-08-10T14:18:44+00:00
2025-07-26T12:00:00+00:00,llo1,72,2025-07-23,38.00,4.450,7.896,4.890,5.012,2,45027,0.11,2026-08-10T14:18:44+00:00
2025-07-26T12:00:00+00:00,llo1,72,2025-07-23,43.00,4.270,7.831,4.700,,2,45027,0.11,2026-08-10T14:18:44+00:00
2025-07-27T12:00:00+00:00,llo1,96,2025-07-23,6.00,17.270,13.722,16.810,17.006,2,45027,0.11,2026-08-10T14:18:44+00:00
2025-07-27T12:00:00+00:00,llo1,96,2025-07-23,8.00,16.370,12.716,16.730,15.744,2,45027,0.11,2026-08-10T14:18:44+00:00
2025-07-27T12:00:00+00:00,llo1,96,2025-07-23,13.00,14.780,10.658,16.450,12.108,2,45027,0.11,2026-08-10T14:18:44+00:00
2025-07-27T12:00:00+00:00,llo1,96,2025-07-23,18.00,10.970,9.511,16.420,9.136,2,45027,0.11,2026-08-10T14:18:44+00:00
2025-07-27T12:00:00+00:00,llo1,96,2025-07-23,23.00,5.520,8.880,10.150,7.739,2,45027,0.11,2026-08-10T14:18:44+00:00
2025-07-27T12:00:00+00:00,llo1,96,2025-07-23,28.00,4.890,8.399,6.620,5.909,2,45027,0.11,2026-08-10T14:18:44+00:00
2025-07-27T12:00:00+00:00,llo1,96,2025-07-23,33.00,4.520,8.193,5.430,5.452,2,45027,0.11,2026-08-10T14:18:44+00:00
2025-07-27T12:00:00+00:00,llo1,96,2025-07-23,38.00,4.350,8.020,4.890,5.023,2,45027,0.11,2026-08-10T14:18:44+00:00
2025-07-27T12:00:00+00:00,llo1,96,2025-07-23,43.00,4.240,7.929,4.700,,2,45027,0.11,2026-08-10T14:18:44+00:00
2025-07-28T12:00:00+00:00,llo1,120,2025-07-23,6.00,15.700,13.143,16.810,17.106,2,45027,0.11,2026-08-10T14:18:44+00:00
2025-07-28T12:00:00+00:00,llo1,120,2025-07-23,8.00,15.290,11.974,16.730,15.752,2,45027,0.11,2026-08-10T14:18:44+00:00
2025-07-28T12:00:00+00:00,llo1,120,2025-07-23,13.00,11.110,10.031,16.450,12.048,2,45027,0.11,2026-08-10T14:18:44+00:00
2025-07-28T12:00:00+00:00,llo1,120,2025-07-23,18.00,7.730,9.214,16.420,9.136,2,45027,0.11,2026-08-10T14:18:44+00:00
2025-07-28T12:00:00+00:00,llo1,120,2025-07-23,23.00,5.160,8.575,10.150,7.735,2,45027,0.11,2026-08-10T14:18:44+00:00
2025-07-28T12:00:00+00:00,llo1,120,2025-07-23,28.00,4.740,8.306,6.620,5.894,2,45027,0.11,2026-08-10T14:18:44+00:00
2025-07-28T12:00:00+00:00,llo1,120,2025-07-23,33.00,4.620,8.085,5.430,5.436,2,45027,0.11,2026-08-10T14:18:44+00:00
2025-07-28T12:00:00+00:00,llo1,120,2025-07-23,38.00,4.450,7.892,4.890,5.009,2,45027,0.11,2026-08-10T14:18:44+00:00
2025-07-28T12:00:00+00:00,llo1,120,2025-07-23,43.00,4.260,7.753,4.700,,2,45027,0.11,2026-08-10T14:18:44+00:00
2025-07-25T12:00:00+00:00,llo1,24,2025-07-24,6.00,17.040,12.816,16.640,16.268,2,45027,0.11,2026-08-10T14:18:44+00:00
2025-07-25T12:00:00+00:00,llo1,24,2025-07-24,8.00,16.730,11.466,16.420,15.233,2,45027,0.11,2026-08-10T14:18:44+00:00
2025-07-25T12:00:00+00:00,llo1,24,2025-07-24,13.00,15.350,9.530,16.210,11.931,2,45027,0.11,2026-08-10T14:18:44+00:00
2025-07-25T12:00:00+00:00,llo1,24,2025-07-24,18.00,12.900,8.807,14.930,9.007,2,45027,0.11,2026-08-10T14:18:44+00:00
2025-07-25T12:00:00+00:00,llo1,24,2025-07-24,23.00,7.110,8.248,7.520,7.634,2,45027,0.11,2026-08-10T14:18:44+00:00
2025-07-25T12:00:00+00:00,llo1,24,2025-07-24,28.00,5.280,7.816,5.620,5.820,2,45027,0.11,2026-08-10T14:18:44+00:00
2025-07-25T12:00:00+00:00,llo1,24,2025-07-24,33.00,4.880,7.621,4.910,5.377,2,45027,0.11,2026-08-10T14:18:44+00:00
2025-07-25T12:00:00+00:00,llo1,24,2025-07-24,38.00,4.620,7.495,4.750,4.971,2,45027,0.11,2026-08-10T14:18:44+00:00
2025-07-25T12:00:00+00:00,llo1,24,2025-07-24,43.00,4.360,7.396,4.550,,2,45027,0.11,2026-08-10T14:18:44+00:00
2025-07-26T12:00:00+00:00,llo1,48,2025-07-24,6.00,17.700,12.787,16.640,16.735,2,45027,0.11,2026-08-10T14:18:44+00:00
2025-07-26T12:00:00+00:00,llo1,48,2025-07-24,8.00,16.630,11.611,16.420,15.668,2,45027,0.11,2026-08-10T14:18:44+00:00
2025-07-26T12:00:00+00:00,llo1,48,2025-07-24,13.00,15.130,9.930,16.210,12.232,2,45027,0.11,2026-08-10T14:18:44+00:00
2025-07-26T12:00:00+00:00,llo1,48,2025-07-24,18.00,13.570,9.079,14.930,9.177,2,45027,0.11,2026-08-10T14:18:44+00:00
2025-07-26T12:00:00+00:00,llo1,48,2025-07-24,23.00,6.220,8.438,7.520,7.746,2,45027,0.11,2026-08-10T14:18:44+00:00
2025-07-26T12:00:00+00:00,llo1,48,2025-07-24,28.00,4.940,8.108,5.620,5.875,2,45027,0.11,2026-08-10T14:18:44+00:00
2025-07-26T12:00:00+00:00,llo1,48,2025-07-24,33.00,4.640,7.865,4.910,5.428,2,45027,0.11,2026-08-10T14:18:44+00:00
2025-07-26T12:00:00+00:00,llo1,48,2025-07-24,38.00,4.450,7.781,4.750,5.012,2,45027,0.11,2026-08-10T14:18:44+00:00
2025-07-26T12:00:00+00:00,llo1,48,2025-07-24,43.00,4.270,7.774,4.550,,2,45027,0.11,2026-08-10T14:18:44+00:00
2025-07-27T12:00:00+00:00,llo1,72,2025-07-24,6.00,17.270,12.376,16.640,17.006,2,45027,0.11,2026-08-10T14:18:44+00:00
2025-07-27T12:00:00+00:00,llo1,72,2025-07-24,8.00,16.370,11.090,16.420,15.744,2,45027,0.11,2026-08-10T14:18:44+00:00
2025-07-27T12:00:00+00:00,llo1,72,2025-07-24,13.00,14.780,9.741,16.210,12.108,2,45027,0.11,2026-08-10T14:18:44+00:00
2025-07-27T12:00:00+00:00,llo1,72,2025-07-24,18.00,10.970,9.035,14.930,9.136,2,45027,0.11,2026-08-10T14:18:44+00:00
2025-07-27T12:00:00+00:00,llo1,72,2025-07-24,23.00,5.520,8.451,7.520,7.739,2,45027,0.11,2026-08-10T14:18:44+00:00
2025-07-27T12:00:00+00:00,llo1,72,2025-07-24,28.00,4.890,8.030,5.620,5.909,2,45027,0.11,2026-08-10T14:18:44+00:00
2025-07-27T12:00:00+00:00,llo1,72,2025-07-24,33.00,4.520,7.861,4.910,5.452,2,45027,0.11,2026-08-10T14:18:44+00:00
2025-07-27T12:00:00+00:00,llo1,72,2025-07-24,38.00,4.350,7.733,4.750,5.023,2,45027,0.11,2026-08-10T14:18:44+00:00
2025-07-27T12:00:00+00:00,llo1,72,2025-07-24,43.00,4.240,7.604,4.550,,2,45027,0.11,2026-08-10T14:18:44+00:00
2025-07-28T12:00:00+00:00,llo1,96,2025-07-24,6.00,15.700,11.701,16.640,17.106,2,45027,0.11,2026-08-10T14:18:44+00:00
2025-07-28T12:00:00+00:00,llo1,96,2025-07-24,8.00,15.290,10.752,16.420,15.752,2,45027,0.11,2026-08-10T14:18:44+00:00
2025-07-28T12:00:00+00:00,llo1,96,2025-07-24,13.00,11.110,9.668,16.210,12.048,2,45027,0.11,2026-08-10T14:18:44+00:00
2025-07-28T12:00:00+00:00,llo1,96,2025-07-24,18.00,7.730,8.734,14.930,9.136,2,45027,0.11,2026-08-10T14:18:44+00:00
2025-07-28T12:00:00+00:00,llo1,96,2025-07-24,23.00,5.160,8.220,7.520,7.735,2,45027,0.11,2026-08-10T14:18:44+00:00
2025-07-28T12:00:00+00:00,llo1,96,2025-07-24,28.00,4.740,7.910,5.620,5.894,2,45027,0.11,2026-08-10T14:18:44+00:00
2025-07-28T12:00:00+00:00,llo1,96,2025-07-24,33.00,4.620,7.645,4.910,5.436,2,45027,0.11,2026-08-10T14:18:44+00:00
2025-07-28T12:00:00+00:00,llo1,96,2025-07-24,38.00,4.450,7.563,4.750,5.009,2,45027,0.11,2026-08-10T14:18:44+00:00
2025-07-28T12:00:00+00:00,llo1,96,2025-07-24,43.00,4.260,7.506,4.550,,2,45027,0.11,2026-08-10T14:18:44+00:00
2025-07-29T12:00:00+00:00,llo1,120,2025-07-24,6.00,18.740,13.101,16.640,17.488,2,45027,0.11,2026-08-10T14:18:44+00:00
2025-07-29T12:00:00+00:00,llo1,120,2025-07-24,8.00,16.140,11.335,16.420,16.059,2,45027,0.11,2026-08-10T14:18:44+00:00
2025-07-29T12:00:00+00:00,llo1,120,2025-07-24,13.00,14.520,9.774,16.210,12.349,2,45027,0.11,2026-08-10T14:18:44+00:00
2025-07-29T12:00:00+00:00,llo1,120,2025-07-24,18.00,8.540,8.745,14.930,9.399,2,45027,0.11,2026-08-10T14:18:44+00:00
2025-07-29T12:00:00+00:00,llo1,120,2025-07-24,23.00,5.550,8.147,7.520,7.797,2,45027,0.11,2026-08-10T14:18:44+00:00
2025-07-29T12:00:00+00:00,llo1,120,2025-07-24,28.00,4.970,7.881,5.620,5.914,2,45027,0.11,2026-08-10T14:18:44+00:00
2025-07-29T12:00:00+00:00,llo1,120,2025-07-24,33.00,4.660,7.696,4.910,5.434,2,45027,0.11,2026-08-10T14:18:44+00:00
2025-07-29T12:00:00+00:00,llo1,120,2025-07-24,38.00,4.470,7.605,4.750,5.010,2,45027,0.11,2026-08-10T14:18:44+00:00
2025-07-29T12:00:00+00:00,llo1,120,2025-07-24,43.00,4.310,7.593,4.550,,2,45027,0.11,2026-08-10T14:18:44+00:00
2025-07-26T12:00:00+00:00,llo1,24,2025-07-25,6.00,17.700,13.815,17.040,16.735,2,45027,0.11,2026-08-10T14:18:44+00:00
2025-07-26T12:00:00+00:00,llo1,24,2025-07-25,8.00,16.630,11.551,16.730,15.668,2,45027,0.11,2026-08-10T14:18:44+00:00
2025-07-26T12:00:00+00:00,llo1,24,2025-07-25,13.00,15.130,10.148,15.350,12.232,2,45027,0.11,2026-08-10T14:18:44+00:00
2025-07-26T12:00:00+00:00,llo1,24,2025-07-25,18.00,13.570,9.165,12.900,9.177,2,45027,0.11,2026-08-10T14:18:44+00:00
2025-07-26T12:00:00+00:00,llo1,24,2025-07-25,23.00,6.220,8.487,7.110,7.746,2,45027,0.11,2026-08-10T14:18:44+00:00
2025-07-26T12:00:00+00:00,llo1,24,2025-07-25,28.00,4.940,8.169,5.280,5.875,2,45027,0.11,2026-08-10T14:18:44+00:00
2025-07-26T12:00:00+00:00,llo1,24,2025-07-25,33.00,4.640,7.943,4.880,5.428,2,45027,0.11,2026-08-10T14:18:44+00:00
2025-07-26T12:00:00+00:00,llo1,24,2025-07-25,38.00,4.450,7.762,4.620,5.012,2,45027,0.11,2026-08-10T14:18:44+00:00
2025-07-26T12:00:00+00:00,llo1,24,2025-07-25,43.00,4.270,7.716,4.360,,2,45027,0.11,2026-08-10T14:18:44+00:00
2025-07-27T12:00:00+00:00,llo1,48,2025-07-25,6.00,17.270,14.196,17.040,17.006,2,45027,0.11,2026-08-10T14:18:44+00:00
2025-07-27T12:00:00+00:00,llo1,48,2025-07-25,8.00,16.370,12.210,16.730,15.744,2,45027,0.11,2026-08-10T14:18:44+00:00
2025-07-27T12:00:00+00:00,llo1,48,2025-07-25,13.00,14.780,10.216,15.350,12.108,2,45027,0.11,2026-08-10T14:18:44+00:00
2025-07-27T12:00:00+00:00,llo1,48,2025-07-25,18.00,10.970,9.567,12.900,9.136,2,45027,0.11,2026-08-10T14:18:44+00:00
2025-07-27T12:00:00+00:00,llo1,48,2025-07-25,23.00,5.520,8.688,7.110,7.739,2,45027,0.11,2026-08-10T14:18:44+00:00
2025-07-27T12:00:00+00:00,llo1,48,2025-07-25,28.00,4.890,8.157,5.280,5.909,2,45027,0.11,2026-08-10T14:18:44+00:00
2025-07-27T12:00:00+00:00,llo1,48,2025-07-25,33.00,4.520,7.919,4.880,5.452,2,45027,0.11,2026-08-10T14:18:44+00:00
2025-07-27T12:00:00+00:00,llo1,48,2025-07-25,38.00,4.350,7.806,4.620,5.023,2,45027,0.11,2026-08-10T14:18:44+00:00
2025-07-27T12:00:00+00:00,llo1,48,2025-07-25,43.00,4.240,7.688,4.360,,2,45027,0.11,2026-08-10T14:18:44+00:00
2025-07-28T12:00:00+00:00,llo1,72,2025-07-25,6.00,15.700,11.473,17.040,17.106,2,45027,0.11,2026-08-10T14:18:44+00:00
2025-07-28T12:00:00+00:00,llo1,72,2025-07-25,8.00,15.290,10.662,16.730,15.752,2,45027,0.11,2026-08-10T14:18:44+00:00
2025-07-28T12:00:00+00:00,llo1,72,2025-07-25,13.00,11.110,9.630,15.350,12.048,2,45027,0.11,2026-08-10T14:18:44+00:00
2025-07-28T12:00:00+00:00,llo1,72,2025-07-25,18.00,7.730,8.705,12.900,9.136,2,45027,0.11,2026-08-10T14:18:44+00:00
2025-07-28T12:00:00+00:00,llo1,72,2025-07-25,23.00,5.160,8.204,7.110,7.735,2,45027,0.11,2026-08-10T14:18:44+00:00
2025-07-28T12:00:00+00:00,llo1,72,2025-07-25,28.00,4.740,7.915,5.280,5.894,2,45027,0.11,2026-08-10T14:18:44+00:00
2025-07-28T12:00:00+00:00,llo1,72,2025-07-25,33.00,4.620,7.735,4.880,5.436,2,45027,0.11,2026-08-10T14:18:44+00:00
2025-07-28T12:00:00+00:00,llo1,72,2025-07-25,38.00,4.450,7.650,4.620,5.009,2,45027,0.11,2026-08-10T14:18:44+00:00
2025-07-28T12:00:00+00:00,llo1,72,2025-07-25,43.00,4.260,7.596,4.360,,2,45027,0.11,2026-08-10T14:18:44+00:00
2025-07-29T12:00:00+00:00,llo1,96,2025-07-25,6.00,18.740,14.544,17.040,17.488,2,45027,0.11,2026-08-10T14:18:44+00:00
2025-07-29T12:00:00+00:00,llo1,96,2025-07-25,8.00,16.140,12.395,16.730,16.059,2,45027,0.11,2026-08-10T14:18:44+00:00
2025-07-29T12:00:00+00:00,llo1,96,2025-07-25,13.00,14.520,10.038,15.350,12.349,2,45027,0.11,2026-08-10T14:18:44+00:00
2025-07-29T12:00:00+00:00,llo1,96,2025-07-25,18.00,8.540,8.981,12.900,9.399,2,45027,0.11,2026-08-10T14:18:44+00:00
2025-07-29T12:00:00+00:00,llo1,96,2025-07-25,23.00,5.550,8.548,7.110,7.797,2,45027,0.11,2026-08-10T14:18:44+00:00
2025-07-29T12:00:00+00:00,llo1,96,2025-07-25,28.00,4.970,8.256,5.280,5.914,2,45027,0.11,2026-08-10T14:18:44+00:00
2025-07-29T12:00:00+00:00,llo1,96,2025-07-25,33.00,4.660,7.993,4.880,5.434,2,45027,0.11,2026-08-10T14:18:44+00:00
2025-07-29T12:00:00+00:00,llo1,96,2025-07-25,38.00,4.470,7.791,4.620,5.010,2,45027,0.11,2026-08-10T14:18:44+00:00
2025-07-29T12:00:00+00:00,llo1,96,2025-07-25,43.00,4.310,7.742,4.360,,2,45027,0.11,2026-08-10T14:18:44+00:00
2025-07-30T12:00:00+00:00,llo1,120,2025-07-25,6.00,22.340,13.693,17.040,17.583,2,45027,0.11,2026-08-10T14:18:44+00:00
2025-07-30T12:00:00+00:00,llo1,120,2025-07-25,8.00,18.420,11.967,16.730,16.273,2,45027,0.11,2026-08-10T14:18:44+00:00
2025-07-30T12:00:00+00:00,llo1,120,2025-07-25,13.00,13.100,9.798,15.350,12.658,2,45027,0.11,2026-08-10T14:18:44+00:00
2025-07-30T12:00:00+00:00,llo1,120,2025-07-25,18.00,9.170,9.188,12.900,9.930,2,45027,0.11,2026-08-10T14:18:44+00:00
2025-07-30T12:00:00+00:00,llo1,120,2025-07-25,23.00,6.960,8.770,7.110,8.301,2,45027,0.11,2026-08-10T14:18:44+00:00
2025-07-30T12:00:00+00:00,llo1,120,2025-07-25,28.00,5.310,8.404,5.280,5.986,2,45027,0.11,2026-08-10T14:18:44+00:00
2025-07-30T12:00:00+00:00,llo1,120,2025-07-25,33.00,4.820,8.128,4.880,5.452,2,45027,0.11,2026-08-10T14:18:44+00:00
2025-07-30T12:00:00+00:00,llo1,120,2025-07-25,38.00,4.570,7.866,4.620,5.015,2,45027,0.11,2026-08-10T14:18:44+00:00
2025-07-30T12:00:00+00:00,llo1,120,2025-07-25,43.00,4.350,7.773,4.360,,2,45027,0.11,2026-08-10T14:18:44+00:00
2025-07-27T12:00:00+00:00,llo1,24,2025-07-26,6.00,17.270,10.992,17.700,17.006,2,45027,0.11,2026-08-10T14:18:44+00:00
2025-07-27T12:00:00+00:00,llo1,24,2025-07-26,8.00,16.370,9.857,16.630,15.744,2,45027,0.11,2026-08-10T14:18:44+00:00
2025-07-27T12:00:00+00:00,llo1,24,2025-07-26,13.00,14.780,9.498,15.130,12.108,2,45027,0.11,2026-08-10T14:18:44+00:00
2025-07-27T12:00:00+00:00,llo1,24,2025-07-26,18.00,10.970,8.716,13.570,9.136,2,45027,0.11,2026-08-10T14:18:44+00:00
2025-07-27T12:00:00+00:00,llo1,24,2025-07-26,23.00,5.520,8.183,6.220,7.739,2,45027,0.11,2026-08-10T14:18:44+00:00
2025-07-27T12:00:00+00:00,llo1,24,2025-07-26,28.00,4.890,7.876,4.940,5.909,2,45027,0.11,2026-08-10T14:18:44+00:00
2025-07-27T12:00:00+00:00,llo1,24,2025-07-26,33.00,4.520,7.690,4.640,5.452,2,45027,0.11,2026-08-10T14:18:44+00:00
2025-07-27T12:00:00+00:00,llo1,24,2025-07-26,38.00,4.350,7.599,4.450,5.023,2,45027,0.11,2026-08-10T14:18:44+00:00
2025-07-27T12:00:00+00:00,llo1,24,2025-07-26,43.00,4.240,7.494,4.270,,2,45027,0.11,2026-08-10T14:18:44+00:00
2025-07-28T12:00:00+00:00,llo1,48,2025-07-26,6.00,15.700,10.387,17.700,17.106,2,45027,0.11,2026-08-10T14:18:44+00:00
2025-07-28T12:00:00+00:00,llo1,48,2025-07-26,8.00,15.290,9.834,16.630,15.752,2,45027,0.11,2026-08-10T14:18:44+00:00
2025-07-28T12:00:00+00:00,llo1,48,2025-07-26,13.00,11.110,9.432,15.130,12.048,2,45027,0.11,2026-08-10T14:18:44+00:00
2025-07-28T12:00:00+00:00,llo1,48,2025-07-26,18.00,7.730,8.795,13.570,9.136,2,45027,0.11,2026-08-10T14:18:44+00:00
2025-07-28T12:00:00+00:00,llo1,48,2025-07-26,23.00,5.160,8.280,6.220,7.735,2,45027,0.11,2026-08-10T14:18:44+00:00
2025-07-28T12:00:00+00:00,llo1,48,2025-07-26,28.00,4.740,7.938,4.940,5.894,2,45027,0.11,2026-08-10T14:18:44+00:00
2025-07-28T12:00:00+00:00,llo1,48,2025-07-26,33.00,4.620,7.673,4.640,5.436,2,45027,0.11,2026-08-10T14:18:44+00:00
2025-07-28T12:00:00+00:00,llo1,48,2025-07-26,38.00,4.450,7.511,4.450,5.009,2,45027,0.11,2026-08-10T14:18:44+00:00
2025-07-28T12:00:00+00:00,llo1,48,2025-07-26,43.00,4.260,7.482,4.270,,2,45027,0.11,2026-08-10T14:18:44+00:00
2025-07-29T12:00:00+00:00,llo1,72,2025-07-26,6.00,18.740,11.566,17.700,17.488,2,45027,0.11,2026-08-10T14:18:44+00:00
2025-07-29T12:00:00+00:00,llo1,72,2025-07-26,8.00,16.140,10.350,16.630,16.059,2,45027,0.11,2026-08-10T14:18:44+00:00
2025-07-29T12:00:00+00:00,llo1,72,2025-07-26,13.00,14.520,9.272,15.130,12.349,2,45027,0.11,2026-08-10T14:18:44+00:00
2025-07-29T12:00:00+00:00,llo1,72,2025-07-26,18.00,8.540,8.516,13.570,9.399,2,45027,0.11,2026-08-10T14:18:44+00:00
2025-07-29T12:00:00+00:00,llo1,72,2025-07-26,23.00,5.550,8.030,6.220,7.797,2,45027,0.11,2026-08-10T14:18:44+00:00
2025-07-29T12:00:00+00:00,llo1,72,2025-07-26,28.00,4.970,7.769,4.940,5.914,2,45027,0.11,2026-08-10T14:18:44+00:00
2025-07-29T12:00:00+00:00,llo1,72,2025-07-26,33.00,4.660,7.626,4.640,5.434,2,45027,0.11,2026-08-10T14:18:44+00:00
2025-07-29T12:00:00+00:00,llo1,72,2025-07-26,38.00,4.470,7.532,4.450,5.010,2,45027,0.11,2026-08-10T14:18:44+00:00
2025-07-29T12:00:00+00:00,llo1,72,2025-07-26,43.00,4.310,7.516,4.270,,2,45027,0.11,2026-08-10T14:18:44+00:00
2025-07-30T12:00:00+00:00,llo1,96,2025-07-26,6.00,22.340,11.775,17.700,17.583,2,45027,0.11,2026-08-10T14:18:44+00:00
2025-07-30T12:00:00+00:00,llo1,96,2025-07-26,8.00,18.420,10.776,16.630,16.273,2,45027,0.11,2026-08-10T14:18:44+00:00
2025-07-30T12:00:00+00:00,llo1,96,2025-07-26,13.00,13.100,9.344,15.130,12.658,2,45027,0.11,2026-08-10T14:18:44+00:00
2025-07-30T12:00:00+00:00,llo1,96,2025-07-26,18.00,9.170,8.569,13.570,9.930,2,45027,0.11,2026-08-10T14:18:44+00:00
2025-07-30T12:00:00+00:00,llo1,96,2025-07-26,23.00,6.960,8.152,6.220,8.301,2,45027,0.11,2026-08-10T14:18:44+00:00
2025-07-30T12:00:00+00:00,llo1,96,2025-07-26,28.00,5.310,7.882,4.940,5.986,2,45027,0.11,2026-08-10T14:18:44+00:00
2025-07-30T12:00:00+00:00,llo1,96,2025-07-26,33.00,4.820,7.679,4.640,5.452,2,45027,0.11,2026-08-10T14:18:44+00:00
2025-07-30T12:00:00+00:00,llo1,96,2025-07-26,38.00,4.570,7.535,4.450,5.015,2,45027,0.11,2026-08-10T14:18:44+00:00
2025-07-30T12:00:00+00:00,llo1,96,2025-07-26,43.00,4.350,7.531,4.270,,2,45027,0.11,2026-08-10T14:18:44+00:00
2025-07-31T12:00:00+00:00,llo1,120,2025-07-26,6.00,21.510,11.958,17.700,17.849,2,45027,0.11,2026-08-10T14:18:44+00:00
2025-07-31T12:00:00+00:00,llo1,120,2025-07-26,8.00,21.520,10.821,16.630,16.565,2,45027,0.11,2026-08-10T14:18:44+00:00
2025-07-31T12:00:00+00:00,llo1,120,2025-07-26,13.00,15.660,9.420,15.130,13.159,2,45027,0.11,2026-08-10T14:18:44+00:00
2025-07-31T12:00:00+00:00,llo1,120,2025-07-26,18.00,8.810,8.583,13.570,10.387,2,45027,0.11,2026-08-10T14:18:44+00:00
2025-07-31T12:00:00+00:00,llo1,120,2025-07-26,23.00,5.620,8.315,6.220,8.447,2,45027,0.11,2026-08-10T14:18:44+00:00
2025-07-31T12:00:00+00:00,llo1,120,2025-07-26,28.00,4.960,8.079,4.940,6.021,2,45027,0.11,2026-08-10T14:18:44+00:00
2025-07-31T12:00:00+00:00,llo1,120,2025-07-26,33.00,4.670,7.891,4.640,5.463,2,45027,0.11,2026-08-10T14:18:44+00:00
2025-07-31T12:00:00+00:00,llo1,120,2025-07-26,38.00,4.460,7.713,4.450,5.026,2,45027,0.11,2026-08-10T14:18:44+00:00
2025-07-31T12:00:00+00:00,llo1,120,2025-07-26,43.00,4.250,7.685,4.270,,2,45027,0.11,2026-08-10T14:18:44+00:00
2025-07-28T12:00:00+00:00,llo1,24,2025-07-27,6.00,15.700,9.393,17.270,17.106,2,45027,0.11,2026-08-10T14:18:44+00:00
2025-07-28T12:00:00+00:00,llo1,24,2025-07-27,8.00,15.290,9.160,16.370,15.752,2,45027,0.11,2026-08-10T14:18:44+00:00
2025-07-28T12:00:00+00:00,llo1,24,2025-07-27,13.00,11.110,8.913,14.780,12.048,2,45027,0.11,2026-08-10T14:18:44+00:00
2025-07-28T12:00:00+00:00,llo1,24,2025-07-27,18.00,7.730,8.139,10.970,9.136,2,45027,0.11,2026-08-10T14:18:44+00:00
2025-07-28T12:00:00+00:00,llo1,24,2025-07-27,23.00,5.160,7.722,5.520,7.735,2,45027,0.11,2026-08-10T14:18:44+00:00
2025-07-28T12:00:00+00:00,llo1,24,2025-07-27,28.00,4.740,7.512,4.890,5.894,2,45027,0.11,2026-08-10T14:18:44+00:00
2025-07-28T12:00:00+00:00,llo1,24,2025-07-27,33.00,4.620,7.422,4.520,5.436,2,45027,0.11,2026-08-10T14:18:44+00:00
2025-07-28T12:00:00+00:00,llo1,24,2025-07-27,38.00,4.450,7.387,4.350,5.009,2,45027,0.11,2026-08-10T14:18:44+00:00
2025-07-28T12:00:00+00:00,llo1,24,2025-07-27,43.00,4.260,7.336,4.240,,2,45027,0.11,2026-08-10T14:18:44+00:00
2025-07-29T12:00:00+00:00,llo1,48,2025-07-27,6.00,18.740,12.642,17.270,17.488,2,45027,0.11,2026-08-10T14:18:44+00:00
2025-07-29T12:00:00+00:00,llo1,48,2025-07-27,8.00,16.140,11.121,16.370,16.059,2,45027,0.11,2026-08-10T14:18:44+00:00
2025-07-29T12:00:00+00:00,llo1,48,2025-07-27,13.00,14.520,9.724,14.780,12.349,2,45027,0.11,2026-08-10T14:18:44+00:00
2025-07-29T12:00:00+00:00,llo1,48,2025-07-27,18.00,8.540,9.289,10.970,9.399,2,45027,0.11,2026-08-10T14:18:44+00:00
2025-07-29T12:00:00+00:00,llo1,48,2025-07-27,23.00,5.550,8.678,5.520,7.797,2,45027,0.11,2026-08-10T14:18:44+00:00
2025-07-29T12:00:00+00:00,llo1,48,2025-07-27,28.00,4.970,8.114,4.890,5.914,2,45027,0.11,2026-08-10T14:18:44+00:00
2025-07-29T12:00:00+00:00,llo1,48,2025-07-27,33.00,4.660,7.759,4.520,5.434,2,45027,0.11,2026-08-10T14:18:44+00:00
2025-07-29T12:00:00+00:00,llo1,48,2025-07-27,38.00,4.470,7.575,4.350,5.010,2,45027,0.11,2026-08-10T14:18:44+00:00
2025-07-29T12:00:00+00:00,llo1,48,2025-07-27,43.00,4.310,7.485,4.240,,2,45027,0.11,2026-08-10T14:18:44+00:00
2025-07-30T12:00:00+00:00,llo1,72,2025-07-27,6.00,22.340,11.575,17.270,17.583,2,45027,0.11,2026-08-10T14:18:44+00:00
2025-07-30T12:00:00+00:00,llo1,72,2025-07-27,8.00,18.420,10.550,16.370,16.273,2,45027,0.11,2026-08-10T14:18:44+00:00
2025-07-30T12:00:00+00:00,llo1,72,2025-07-27,13.00,13.100,9.220,14.780,12.658,2,45027,0.11,2026-08-10T14:18:44+00:00
2025-07-30T12:00:00+00:00,llo1,72,2025-07-27,18.00,9.170,8.620,10.970,9.930,2,45027,0.11,2026-08-10T14:18:44+00:00
2025-07-30T12:00:00+00:00,llo1,72,2025-07-27,23.00,6.960,8.139,5.520,8.301,2,45027,0.11,2026-08-10T14:18:44+00:00
2025-07-30T12:00:00+00:00,llo1,72,2025-07-27,28.00,5.310,7.824,4.890,5.986,2,45027,0.11,2026-08-10T14:18:44+00:00
2025-07-30T12:00:00+00:00,llo1,72,2025-07-27,33.00,4.820,7.601,4.520,5.452,2,45027,0.11,2026-08-10T14:18:44+00:00
2025-07-30T12:00:00+00:00,llo1,72,2025-07-27,38.00,4.570,7.499,4.350,5.015,2,45027,0.11,2026-08-10T14:18:44+00:00
2025-07-30T12:00:00+00:00,llo1,72,2025-07-27,43.00,4.350,7.497,4.240,,2,45027,0.11,2026-08-10T14:18:44+00:00
2025-07-31T12:00:00+00:00,llo1,96,2025-07-27,6.00,21.510,13.807,17.270,17.849,2,45027,0.11,2026-08-10T14:18:44+00:00
2025-07-31T12:00:00+00:00,llo1,96,2025-07-27,8.00,21.520,11.624,16.370,16.565,2,45027,0.11,2026-08-10T14:18:44+00:00
2025-07-31T12:00:00+00:00,llo1,96,2025-07-27,13.00,15.660,9.511,14.780,13.159,2,45027,0.11,2026-08-10T14:18:44+00:00
2025-07-31T12:00:00+00:00,llo1,96,2025-07-27,18.00,8.810,8.759,10.970,10.387,2,45027,0.11,2026-08-10T14:18:44+00:00
2025-07-31T12:00:00+00:00,llo1,96,2025-07-27,23.00,5.620,8.352,5.520,8.447,2,45027,0.11,2026-08-10T14:18:44+00:00
2025-07-31T12:00:00+00:00,llo1,96,2025-07-27,28.00,4.960,8.046,4.890,6.021,2,45027,0.11,2026-08-10T14:18:44+00:00
2025-07-31T12:00:00+00:00,llo1,96,2025-07-27,33.00,4.670,7.706,4.520,5.463,2,45027,0.11,2026-08-10T14:18:44+00:00
2025-07-31T12:00:00+00:00,llo1,96,2025-07-27,38.00,4.460,7.536,4.350,5.026,2,45027,0.11,2026-08-10T14:18:44+00:00
2025-07-31T12:00:00+00:00,llo1,96,2025-07-27,43.00,4.250,7.526,4.240,,2,45027,0.11,2026-08-10T14:18:44+00:00
2025-08-01T12:00:00+00:00,llo1,120,2025-07-27,6.00,20.850,12.292,17.270,17.903,2,45027,0.11,2026-08-10T14:18:44+00:00
2025-08-01T12:00:00+00:00,llo1,120,2025-07-27,8.00,20.640,11.073,16.370,16.640,2,45027,0.11,2026-08-10T14:18:44+00:00
2025-08-01T12:00:00+00:00,llo1,120,2025-07-27,13.00,15.300,9.554,14.780,13.086,2,45027,0.11,2026-08-10T14:18:44+00:00
2025-08-01T12:00:00+00:00,llo1,120,2025-07-27,18.00,7.990,8.744,10.970,9.842,2,45027,0.11,2026-08-10T14:18:44+00:00
2025-08-01T12:00:00+00:00,llo1,120,2025-07-27,23.00,5.910,8.346,5.520,7.820,2,45027,0.11,2026-08-10T14:18:44+00:00
2025-08-01T12:00:00+00:00,llo1,120,2025-07-27,28.00,4.830,8.128,4.890,5.837,2,45027,0.11,2026-08-10T14:18:44+00:00
2025-08-01T12:00:00+00:00,llo1,120,2025-07-27,33.00,4.550,7.943,4.520,5.393,2,45027,0.11,2026-08-10T14:18:44+00:00
2025-08-01T12:00:00+00:00,llo1,120,2025-07-27,38.00,4.350,7.737,4.350,4.981,2,45027,0.11,2026-08-10T14:18:44+00:00
2025-08-01T12:00:00+00:00,llo1,120,2025-07-27,43.00,4.190,7.680,4.240,,2,45027,0.11,2026-08-10T14:18:44+00:00
2025-07-29T12:00:00+00:00,llo1,24,2025-07-28,6.00,18.740,11.135,15.700,17.488,2,45027,0.11,2026-08-10T14:18:44+00:00
2025-07-29T12:00:00+00:00,llo1,24,2025-07-28,8.00,16.140,10.463,15.290,16.059,2,45027,0.11,2026-08-10T14:18:44+00:00
2025-07-29T12:00:00+00:00,llo1,24,2025-07-28,13.00,14.520,9.389,11.110,12.349,2,45027,0.11,2026-08-10T14:18:44+00:00
2025-07-29T12:00:00+00:00,llo1,24,2025-07-28,18.00,8.540,8.753,7.730,9.399,2,45027,0.11,2026-08-10T14:18:44+00:00
2025-07-29T12:00:00+00:00,llo1,24,2025-07-28,23.00,5.550,8.261,5.160,7.797,2,45027,0.11,2026-08-10T14:18:44+00:00
2025-07-29T12:00:00+00:00,llo1,24,2025-07-28,28.00,4.970,7.791,4.740,5.914,2,45027,0.11,2026-08-10T14:18:44+00:00
2025-07-29T12:00:00+00:00,llo1,24,2025-07-28,33.00,4.660,7.527,4.620,5.434,2,45027,0.11,2026-08-10T14:18:44+00:00
2025-07-29T12:00:00+00:00,llo1,24,2025-07-28,38.00,4.470,7.411,4.450,5.010,2,45027,0.11,2026-08-10T14:18:44+00:00
2025-07-29T12:00:00+00:00,llo1,24,2025-07-28,43.00,4.310,7.364,4.260,,2,45027,0.11,2026-08-10T14:18:44+00:00
2025-07-30T12:00:00+00:00,llo1,48,2025-07-28,6.00,22.340,14.753,15.700,17.583,2,45027,0.11,2026-08-10T14:18:44+00:00
2025-07-30T12:00:00+00:00,llo1,48,2025-07-28,8.00,18.420,12.972,15.290,16.273,2,45027,0.11,2026-08-10T14:18:44+00:00
2025-07-30T12:00:00+00:00,llo1,48,2025-07-28,13.00,13.100,10.337,11.110,12.658,2,45027,0.11,2026-08-10T14:18:44+00:00
2025-07-30T12:00:00+00:00,llo1,48,2025-07-28,18.00,9.170,9.475,7.730,9.930,2,45027,0.11,2026-08-10T14:18:44+00:00
2025-07-30T12:00:00+00:00,llo1,48,2025-07-28,23.00,6.960,8.611,5.160,8.301,2,45027,0.11,2026-08-10T14:18:44+00:00
2025-07-30T12:00:00+00:00,llo1,48,2025-07-28,28.00,5.310,8.118,4.740,5.986,2,45027,0.11,2026-08-10T14:18:44+00:00
2025-07-30T12:00:00+00:00,llo1,48,2025-07-28,33.00,4.820,7.842,4.620,5.452,2,45027,0.11,2026-08-10T14:18:44+00:00
2025-07-30T12:00:00+00:00,llo1,48,2025-07-28,38.00,4.570,7.654,4.450,5.015,2,45027,0.11,2026-08-10T14:18:44+00:00
2025-07-30T12:00:00+00:00,llo1,48,2025-07-28,43.00,4.350,7.613,4.260,,2,45027,0.11,2026-08-10T14:18:44+00:00
2025-07-31T12:00:00+00:00,llo1,72,2025-07-28,6.00,21.510,16.248,15.700,17.849,2,45027,0.11,2026-08-10T14:18:44+00:00
2025-07-31T12:00:00+00:00,llo1,72,2025-07-28,8.00,21.520,14.970,15.290,16.565,2,45027,0.11,2026-08-10T14:18:44+00:00
2025-07-31T12:00:00+00:00,llo1,72,2025-07-28,13.00,15.660,11.854,11.110,13.159,2,45027,0.11,2026-08-10T14:18:44+00:00
2025-07-31T12:00:00+00:00,llo1,72,2025-07-28,18.00,8.810,10.205,7.730,10.387,2,45027,0.11,2026-08-10T14:18:44+00:00
2025-07-31T12:00:00+00:00,llo1,72,2025-07-28,23.00,5.620,9.122,5.160,8.447,2,45027,0.11,2026-08-10T14:18:44+00:00
2025-07-31T12:00:00+00:00,llo1,72,2025-07-28,28.00,4.960,8.473,4.740,6.021,2,45027,0.11,2026-08-10T14:18:44+00:00
2025-07-31T12:00:00+00:00,llo1,72,2025-07-28,33.00,4.670,8.136,4.620,5.463,2,45027,0.11,2026-08-10T14:18:44+00:00
2025-07-31T12:00:00+00:00,llo1,72,2025-07-28,38.00,4.460,7.951,4.450,5.026,2,45027,0.11,2026-08-10T14:18:44+00:00
2025-07-31T12:00:00+00:00,llo1,72,2025-07-28,43.00,4.250,7.827,4.260,,2,45027,0.11,2026-08-10T14:18:44+00:00
2025-08-01T12:00:00+00:00,llo1,96,2025-07-28,6.00,20.850,14.195,15.700,17.903,2,45027,0.11,2026-08-10T14:18:44+00:00
2025-08-01T12:00:00+00:00,llo1,96,2025-07-28,8.00,20.640,12.774,15.290,16.640,2,45027,0.11,2026-08-10T14:18:44+00:00
2025-08-01T12:00:00+00:00,llo1,96,2025-07-28,13.00,15.300,10.419,11.110,13.086,2,45027,0.11,2026-08-10T14:18:44+00:00
2025-08-01T12:00:00+00:00,llo1,96,2025-07-28,18.00,7.990,9.378,7.730,9.842,2,45027,0.11,2026-08-10T14:18:44+00:00
2025-08-01T12:00:00+00:00,llo1,96,2025-07-28,23.00,5.910,8.960,5.160,7.820,2,45027,0.11,2026-08-10T14:18:44+00:00
2025-08-01T12:00:00+00:00,llo1,96,2025-07-28,28.00,4.830,8.536,4.740,5.837,2,45027,0.11,2026-08-10T14:18:44+00:00
2025-08-01T12:00:00+00:00,llo1,96,2025-07-28,33.00,4.550,8.277,4.620,5.393,2,45027,0.11,2026-08-10T14:18:44+00:00
2025-08-01T12:00:00+00:00,llo1,96,2025-07-28,38.00,4.350,8.035,4.450,4.981,2,45027,0.11,2026-08-10T14:18:44+00:00
2025-08-01T12:00:00+00:00,llo1,96,2025-07-28,43.00,4.190,7.915,4.260,,2,45027,0.11,2026-08-10T14:18:44+00:00
2025-08-02T12:00:00+00:00,llo1,120,2025-07-28,6.00,19.790,15.277,15.700,17.777,2,45027,0.11,2026-08-10T14:18:44+00:00
2025-08-02T12:00:00+00:00,llo1,120,2025-07-28,8.00,16.320,13.373,15.290,16.344,2,45027,0.11,2026-08-10T14:18:44+00:00
2025-08-02T12:00:00+00:00,llo1,120,2025-07-28,13.00,10.300,10.676,11.110,12.677,2,45027,0.11,2026-08-10T14:18:44+00:00
2025-08-02T12:00:00+00:00,llo1,120,2025-07-28,18.00,6.660,9.546,7.730,9.327,2,45027,0.11,2026-08-10T14:18:44+00:00
2025-08-02T12:00:00+00:00,llo1,120,2025-07-28,23.00,5.150,9.052,5.160,7.275,2,45027,0.11,2026-08-10T14:18:44+00:00
2025-08-02T12:00:00+00:00,llo1,120,2025-07-28,28.00,4.800,8.538,4.740,5.774,2,45027,0.11,2026-08-10T14:18:44+00:00
2025-08-02T12:00:00+00:00,llo1,120,2025-07-28,33.00,4.620,8.261,4.620,5.358,2,45027,0.11,2026-08-10T14:18:44+00:00
2025-08-02T12:00:00+00:00,llo1,120,2025-07-28,38.00,4.410,8.035,4.450,4.949,2,45027,0.11,2026-08-10T14:18:44+00:00
2025-08-02T12:00:00+00:00,llo1,120,2025-07-28,43.00,4.220,7.937,4.260,,2,45027,0.11,2026-08-10T14:18:44+00:00
2025-07-30T12:00:00+00:00,llo1,24,2025-07-29,6.00,22.340,11.650,18.740,17.583,2,45027,0.11,2026-08-10T14:18:44+00:00
2025-07-30T12:00:00+00:00,llo1,24,2025-07-29,8.00,18.420,10.908,16.140,16.273,2,45027,0.11,2026-08-10T14:18:44+00:00
2025-07-30T12:00:00+00:00,llo1,24,2025-07-29,13.00,13.100,9.601,14.520,12.658,2,45027,0.11,2026-08-10T14:18:44+00:00
2025-07-30T12:00:00+00:00,llo1,24,2025-07-29,18.00,9.170,8.756,8.540,9.930,2,45027,0.11,2026-08-10T14:18:44+00:00
2025-07-30T12:00:00+00:00,llo1,24,2025-07-29,23.00,6.960,8.174,5.550,8.301,2,45027,0.11,2026-08-10T14:18:44+00:00
2025-07-30T12:00:00+00:00,llo1,24,2025-07-29,28.00,5.310,7.853,4.970,5.986,2,45027,0.11,2026-08-10T14:18:44+00:00
2025-07-30T12:00:00+00:00,llo1,24,2025-07-29,33.00,4.820,7.653,4.660,5.452,2,45027,0.11,2026-08-10T14:18:44+00:00
2025-07-30T12:00:00+00:00,llo1,24,2025-07-29,38.00,4.570,7.542,4.470,5.015,2,45027,0.11,2026-08-10T14:18:44+00:00
2025-07-30T12:00:00+00:00,llo1,24,2025-07-29,43.00,4.350,7.519,4.310,,2,45027,0.11,2026-08-10T14:18:44+00:00
2025-07-31T12:00:00+00:00,llo1,48,2025-07-29,6.00,21.510,20.420,18.740,17.849,2,45027,0.11,2026-08-10T14:18:44+00:00
2025-07-31T12:00:00+00:00,llo1,48,2025-07-29,8.00,21.520,18.147,16.140,16.565,2,45027,0.11,2026-08-10T14:18:44+00:00
2025-07-31T12:00:00+00:00,llo1,48,2025-07-29,13.00,15.660,13.699,14.520,13.159,2,45027,0.11,2026-08-10T14:18:44+00:00
2025-07-31T12:00:00+00:00,llo1,48,2025-07-29,18.00,8.810,11.214,8.540,10.387,2,45027,0.11,2026-08-10T14:18:44+00:00
2025-07-31T12:00:00+00:00,llo1,48,2025-07-29,23.00,5.620,9.770,5.550,8.447,2,45027,0.11,2026-08-10T14:18:44+00:00
2025-07-31T12:00:00+00:00,llo1,48,2025-07-29,28.00,4.960,9.091,4.970,6.021,2,45027,0.11,2026-08-10T14:18:44+00:00
2025-07-31T12:00:00+00:00,llo1,48,2025-07-29,33.00,4.670,8.656,4.660,5.463,2,45027,0.11,2026-08-10T14:18:44+00:00
2025-07-31T12:00:00+00:00,llo1,48,2025-07-29,38.00,4.460,8.141,4.470,5.026,2,45027,0.11,2026-08-10T14:18:44+00:00
2025-07-31T12:00:00+00:00,llo1,48,2025-07-29,43.00,4.250,7.910,4.310,,2,45027,0.11,2026-08-10T14:18:44+00:00
2025-08-01T12:00:00+00:00,llo1,72,2025-07-29,6.00,20.850,15.951,18.740,17.903,2,45027,0.11,2026-08-10T14:18:44+00:00
2025-08-01T12:00:00+00:00,llo1,72,2025-07-29,8.00,20.640,14.895,16.140,16.640,2,45027,0.11,2026-08-10T14:18:44+00:00
2025-08-01T12:00:00+00:00,llo1,72,2025-07-29,13.00,15.300,12.030,14.520,13.086,2,45027,0.11,2026-08-10T14:18:44+00:00
2025-08-01T12:00:00+00:00,llo1,72,2025-07-29,18.00,7.990,10.220,8.540,9.842,2,45027,0.11,2026-08-10T14:18:44+00:00
2025-08-01T12:00:00+00:00,llo1,72,2025-07-29,23.00,5.910,9.204,5.550,7.820,2,45027,0.11,2026-08-10T14:18:44+00:00
2025-08-01T12:00:00+00:00,llo1,72,2025-07-29,28.00,4.830,8.661,4.970,5.837,2,45027,0.11,2026-08-10T14:18:44+00:00
2025-08-01T12:00:00+00:00,llo1,72,2025-07-29,33.00,4.550,8.502,4.660,5.393,2,45027,0.11,2026-08-10T14:18:44+00:00
2025-08-01T12:00:00+00:00,llo1,72,2025-07-29,38.00,4.350,8.246,4.470,4.981,2,45027,0.11,2026-08-10T14:18:44+00:00
2025-08-01T12:00:00+00:00,llo1,72,2025-07-29,43.00,4.190,8.040,4.310,,2,45027,0.11,2026-08-10T14:18:44+00:00
2025-08-02T12:00:00+00:00,llo1,96,2025-07-29,6.00,19.790,15.415,18.740,17.777,2,45027,0.11,2026-08-10T14:18:44+00:00
2025-08-02T12:00:00+00:00,llo1,96,2025-07-29,8.00,16.320,14.068,16.140,16.344,2,45027,0.11,2026-08-10T14:18:44+00:00
2025-08-02T12:00:00+00:00,llo1,96,2025-07-29,13.00,10.300,11.938,14.520,12.677,2,45027,0.11,2026-08-10T14:18:44+00:00
2025-08-02T12:00:00+00:00,llo1,96,2025-07-29,18.00,6.660,10.770,8.540,9.327,2,45027,0.11,2026-08-10T14:18:44+00:00
2025-08-02T12:00:00+00:00,llo1,96,2025-07-29,23.00,5.150,9.946,5.550,7.275,2,45027,0.11,2026-08-10T14:18:44+00:00
2025-08-02T12:00:00+00:00,llo1,96,2025-07-29,28.00,4.800,9.212,4.970,5.774,2,45027,0.11,2026-08-10T14:18:44+00:00
2025-08-02T12:00:00+00:00,llo1,96,2025-07-29,33.00,4.620,8.791,4.660,5.358,2,45027,0.11,2026-08-10T14:18:44+00:00
2025-08-02T12:00:00+00:00,llo1,96,2025-07-29,38.00,4.410,8.473,4.470,4.949,2,45027,0.11,2026-08-10T14:18:44+00:00
2025-08-02T12:00:00+00:00,llo1,96,2025-07-29,43.00,4.220,8.254,4.310,,2,45027,0.11,2026-08-10T14:18:44+00:00
2025-08-03T12:00:00+00:00,llo1,120,2025-07-29,6.00,15.630,12.758,18.740,17.226,2,45027,0.11,2026-08-10T14:18:44+00:00
2025-08-03T12:00:00+00:00,llo1,120,2025-07-29,8.00,14.860,11.748,16.140,15.801,2,45027,0.11,2026-08-10T14:18:44+00:00
2025-08-03T12:00:00+00:00,llo1,120,2025-07-29,13.00,9.320,10.639,14.520,12.422,2,45027,0.11,2026-08-10T14:18:44+00:00
2025-08-03T12:00:00+00:00,llo1,120,2025-07-29,18.00,6.440,9.694,8.540,9.062,2,45027,0.11,2026-08-10T14:18:44+00:00
2025-08-03T12:00:00+00:00,llo1,120,2025-07-29,23.00,4.720,9.027,5.550,7.048,2,45027,0.11,2026-08-10T14:18:44+00:00
2025-08-03T12:00:00+00:00,llo1,120,2025-07-29,28.00,4.560,8.665,4.970,5.708,2,45027,0.11,2026-08-10T14:18:44+00:00
2025-08-03T12:00:00+00:00,llo1,120,2025-07-29,33.00,4.390,8.294,4.660,5.327,2,45027,0.11,2026-08-10T14:18:44+00:00
2025-08-03T12:00:00+00:00,llo1,120,2025-07-29,38.00,4.290,8.101,4.470,4.931,2,45027,0.11,2026-08-10T14:18:44+00:00
2025-08-03T12:00:00+00:00,llo1,120,2025-07-29,43.00,4.150,8.004,4.310,,2,45027,0.11,2026-08-10T14:18:44+00:00
2025-07-31T12:00:00+00:00,llo1,24,2025-07-30,6.00,21.510,16.134,22.340,17.849,2,45027,0.11,2026-08-10T14:18:44+00:00
2025-07-31T12:00:00+00:00,llo1,24,2025-07-30,8.00,21.520,13.331,18.420,16.565,2,45027,0.11,2026-08-10T14:18:44+00:00
2025-07-31T12:00:00+00:00,llo1,24,2025-07-30,13.00,15.660,10.266,13.100,13.159,2,45027,0.11,2026-08-10T14:18:44+00:00
2025-07-31T12:00:00+00:00,llo1,24,2025-07-30,18.00,8.810,9.197,9.170,10.387,2,45027,0.11,2026-08-10T14:18:44+00:00
2025-07-31T12:00:00+00:00,llo1,24,2025-07-30,23.00,5.620,8.522,6.960,8.447,2,45027,0.11,2026-08-10T14:18:44+00:00
2025-07-31T12:00:00+00:00,llo1,24,2025-07-30,28.00,4.960,8.206,5.310,6.021,2,45027,0.11,2026-08-10T14:18:44+00:00
2025-07-31T12:00:00+00:00,llo1,24,2025-07-30,33.00,4.670,7.903,4.820,5.463,2,45027,0.11,2026-08-10T14:18:44+00:00
2025-07-31T12:00:00+00:00,llo1,24,2025-07-30,38.00,4.460,7.701,4.570,5.026,2,45027,0.11,2026-08-10T14:18:44+00:00
2025-07-31T12:00:00+00:00,llo1,24,2025-07-30,43.00,4.250,7.678,4.350,,2,45027,0.11,2026-08-10T14:18:44+00:00
2025-08-01T12:00:00+00:00,llo1,48,2025-07-30,6.00,20.850,14.835,22.340,17.903,2,45027,0.11,2026-08-10T14:18:44+00:00
2025-08-01T12:00:00+00:00,llo1,48,2025-07-30,8.00,20.640,13.112,18.420,16.640,2,45027,0.11,2026-08-10T14:18:44+00:00
2025-08-01T12:00:00+00:00,llo1,48,2025-07-30,13.00,15.300,10.690,13.100,13.086,2,45027,0.11,2026-08-10T14:18:44+00:00
2025-08-01T12:00:00+00:00,llo1,48,2025-07-30,18.00,7.990,9.323,9.170,9.842,2,45027,0.11,2026-08-10T14:18:44+00:00
2025-08-01T12:00:00+00:00,llo1,48,2025-07-30,23.00,5.910,8.790,6.960,7.820,2,45027,0.11,2026-08-10T14:18:44+00:00
2025-08-01T12:00:00+00:00,llo1,48,2025-07-30,28.00,4.830,8.536,5.310,5.837,2,45027,0.11,2026-08-10T14:18:44+00:00
2025-08-01T12:00:00+00:00,llo1,48,2025-07-30,33.00,4.550,8.252,4.820,5.393,2,45027,0.11,2026-08-10T14:18:44+00:00
2025-08-01T12:00:00+00:00,llo1,48,2025-07-30,38.00,4.350,7.965,4.570,4.981,2,45027,0.11,2026-08-10T14:18:44+00:00
2025-08-01T12:00:00+00:00,llo1,48,2025-07-30,43.00,4.190,7.853,4.350,,2,45027,0.11,2026-08-10T14:18:44+00:00
2025-08-02T12:00:00+00:00,llo1,72,2025-07-30,6.00,19.790,13.559,22.340,17.777,2,45027,0.11,2026-08-10T14:18:44+00:00
2025-08-02T12:00:00+00:00,llo1,72,2025-07-30,8.00,16.320,12.178,18.420,16.344,2,45027,0.11,2026-08-10T14:18:44+00:00
2025-08-02T12:00:00+00:00,llo1,72,2025-07-30,13.00,10.300,10.066,13.100,12.677,2,45027,0.11,2026-08-10T14:18:44+00:00
2025-08-02T12:00:00+00:00,llo1,72,2025-07-30,18.00,6.660,9.018,9.170,9.327,2,45027,0.11,2026-08-10T14:18:44+00:00
2025-08-02T12:00:00+00:00,llo1,72,2025-07-30,23.00,5.150,8.640,6.960,7.275,2,45027,0.11,2026-08-10T14:18:44+00:00
2025-08-02T12:00:00+00:00,llo1,72,2025-07-30,28.00,4.800,8.332,5.310,5.774,2,45027,0.11,2026-08-10T14:18:44+00:00
2025-08-02T12:00:00+00:00,llo1,72,2025-07-30,33.00,4.620,8.036,4.820,5.358,2,45027,0.11,2026-08-10T14:18:44+00:00
2025-08-02T12:00:00+00:00,llo1,72,2025-07-30,38.00,4.410,7.878,4.570,4.949,2,45027,0.11,2026-08-10T14:18:44+00:00
2025-08-02T12:00:00+00:00,llo1,72,2025-07-30,43.00,4.220,7.842,4.350,,2,45027,0.11,2026-08-10T14:18:44+00:00
2025-08-03T12:00:00+00:00,llo1,96,2025-07-30,6.00,15.630,12.163,22.340,17.226,2,45027,0.11,2026-08-10T14:18:44+00:00
2025-08-03T12:00:00+00:00,llo1,96,2025-07-30,8.00,14.860,11.049,18.420,15.801,2,45027,0.11,2026-08-10T14:18:44+00:00
2025-08-03T12:00:00+00:00,llo1,96,2025-07-30,13.00,9.320,9.511,13.100,12.422,2,45027,0.11,2026-08-10T14:18:44+00:00
2025-08-03T12:00:00+00:00,llo1,96,2025-07-30,18.00,6.440,8.780,9.170,9.062,2,45027,0.11,2026-08-10T14:18:44+00:00
2025-08-03T12:00:00+00:00,llo1,96,2025-07-30,23.00,4.720,8.423,6.960,7.048,2,45027,0.11,2026-08-10T14:18:44+00:00
2025-08-03T12:00:00+00:00,llo1,96,2025-07-30,28.00,4.560,8.164,5.310,5.708,2,45027,0.11,2026-08-10T14:18:44+00:00
2025-08-03T12:00:00+00:00,llo1,96,2025-07-30,33.00,4.390,7.956,4.820,5.327,2,45027,0.11,2026-08-10T14:18:44+00:00
2025-08-03T12:00:00+00:00,llo1,96,2025-07-30,38.00,4.290,7.834,4.570,4.931,2,45027,0.11,2026-08-10T14:18:44+00:00
2025-08-03T12:00:00+00:00,llo1,96,2025-07-30,43.00,4.150,7.808,4.350,,2,45027,0.11,2026-08-10T14:18:44+00:00
2025-08-04T12:00:00+00:00,llo1,120,2025-07-30,6.00,15.640,12.140,22.340,16.589,2,45027,0.11,2026-08-10T14:18:44+00:00
2025-08-04T12:00:00+00:00,llo1,120,2025-07-30,8.00,14.100,10.789,18.420,15.144,2,45027,0.11,2026-08-10T14:18:44+00:00
2025-08-04T12:00:00+00:00,llo1,120,2025-07-30,13.00,8.530,9.694,13.100,12.126,2,45027,0.11,2026-08-10T14:18:44+00:00
2025-08-04T12:00:00+00:00,llo1,120,2025-07-30,18.00,6.030,8.853,9.170,8.835,2,45027,0.11,2026-08-10T14:18:44+00:00
2025-08-04T12:00:00+00:00,llo1,120,2025-07-30,23.00,4.910,8.426,6.960,7.036,2,45027,0.11,2026-08-10T14:18:44+00:00
2025-08-04T12:00:00+00:00,llo1,120,2025-07-30,28.00,4.550,8.130,5.310,5.704,2,45027,0.11,2026-08-10T14:18:44+00:00
2025-08-04T12:00:00+00:00,llo1,120,2025-07-30,33.00,4.380,7.894,4.820,5.342,2,45027,0.11,2026-08-10T14:18:44+00:00
2025-08-04T12:00:00+00:00,llo1,120,2025-07-30,38.00,4.250,7.813,4.570,4.952,2,45027,0.11,2026-08-10T14:18:44+00:00
2025-08-04T12:00:00+00:00,llo1,120,2025-07-30,43.00,4.130,7.739,4.350,,2,45027,0.11,2026-08-10T14:18:44+00:00
2025-08-01T12:00:00+00:00,llo1,24,2025-07-31,6.00,20.850,13.810,21.510,17.903,2,45027,0.11,2026-08-10T14:18:44+00:00
2025-08-01T12:00:00+00:00,llo1,24,2025-07-31,8.00,20.640,11.979,21.520,16.640,2,45027,0.11,2026-08-10T14:18:44+00:00
2025-08-01T12:00:00+00:00,llo1,24,2025-07-31,13.00,15.300,10.069,15.660,13.086,2,45027,0.11,2026-08-10T14:18:44+00:00
2025-08-01T12:00:00+00:00,llo1,24,2025-07-31,18.00,7.990,8.975,8.810,9.842,2,45027,0.11,2026-08-10T14:18:44+00:00
2025-08-01T12:00:00+00:00,llo1,24,2025-07-31,23.00,5.910,8.404,5.620,7.820,2,45027,0.11,2026-08-10T14:18:44+00:00
2025-08-01T12:00:00+00:00,llo1,24,2025-07-31,28.00,4.830,8.266,4.960,5.837,2,45027,0.11,2026-08-10T14:18:44+00:00
2025-08-01T12:00:00+00:00,llo1,24,2025-07-31,33.00,4.550,8.030,4.670,5.393,2,45027,0.11,2026-08-10T14:18:44+00:00
2025-08-01T12:00:00+00:00,llo1,24,2025-07-31,38.00,4.350,7.836,4.460,4.981,2,45027,0.11,2026-08-10T14:18:44+00:00
2025-08-01T12:00:00+00:00,llo1,24,2025-07-31,43.00,4.190,7.777,4.250,,2,45027,0.11,2026-08-10T14:18:44+00:00
2025-08-02T12:00:00+00:00,llo1,48,2025-07-31,6.00,19.790,12.523,21.510,17.777,2,45027,0.11,2026-08-10T14:18:44+00:00
2025-08-02T12:00:00+00:00,llo1,48,2025-07-31,8.00,16.320,10.962,21.520,16.344,2,45027,0.11,2026-08-10T14:18:44+00:00
2025-08-02T12:00:00+00:00,llo1,48,2025-07-31,13.00,10.300,9.399,15.660,12.677,2,45027,0.11,2026-08-10T14:18:44+00:00
2025-08-02T12:00:00+00:00,llo1,48,2025-07-31,18.00,6.660,8.726,8.810,9.327,2,45027,0.11,2026-08-10T14:18:44+00:00
2025-08-02T12:00:00+00:00,llo1,48,2025-07-31,23.00,5.150,8.449,5.620,7.275,2,45027,0.11,2026-08-10T14:18:44+00:00
2025-08-02T12:00:00+00:00,llo1,48,2025-07-31,28.00,4.800,8.159,4.960,5.774,2,45027,0.11,2026-08-10T14:18:44+00:00
2025-08-02T12:00:00+00:00,llo1,48,2025-07-31,33.00,4.620,7.942,4.670,5.358,2,45027,0.11,2026-08-10T14:18:44+00:00
2025-08-02T12:00:00+00:00,llo1,48,2025-07-31,38.00,4.410,7.774,4.460,4.949,2,45027,0.11,2026-08-10T14:18:44+00:00
2025-08-02T12:00:00+00:00,llo1,48,2025-07-31,43.00,4.220,7.744,4.250,,2,45027,0.11,2026-08-10T14:18:44+00:00
2025-08-03T12:00:00+00:00,llo1,72,2025-07-31,6.00,15.630,11.049,21.510,17.226,2,45027,0.11,2026-08-10T14:18:44+00:00
2025-08-03T12:00:00+00:00,llo1,72,2025-07-31,8.00,14.860,9.924,21.520,15.801,2,45027,0.11,2026-08-10T14:18:44+00:00
2025-08-03T12:00:00+00:00,llo1,72,2025-07-31,13.00,9.320,9.003,15.660,12.422,2,45027,0.11,2026-08-10T14:18:44+00:00
2025-08-03T12:00:00+00:00,llo1,72,2025-07-31,18.00,6.440,8.512,8.810,9.062,2,45027,0.11,2026-08-10T14:18:44+00:00
2025-08-03T12:00:00+00:00,llo1,72,2025-07-31,23.00,4.720,8.168,5.620,7.048,2,45027,0.11,2026-08-10T14:18:44+00:00
2025-08-03T12:00:00+00:00,llo1,72,2025-07-31,28.00,4.560,7.927,4.960,5.708,2,45027,0.11,2026-08-10T14:18:44+00:00
2025-08-03T12:00:00+00:00,llo1,72,2025-07-31,33.00,4.390,7.788,4.670,5.327,2,45027,0.11,2026-08-10T14:18:44+00:00
2025-08-03T12:00:00+00:00,llo1,72,2025-07-31,38.00,4.290,7.704,4.460,4.931,2,45027,0.11,2026-08-10T14:18:44+00:00
2025-08-03T12:00:00+00:00,llo1,72,2025-07-31,43.00,4.150,7.695,4.250,,2,45027,0.11,2026-08-10T14:18:44+00:00
2025-08-04T12:00:00+00:00,llo1,96,2025-07-31,6.00,15.640,11.466,21.510,16.589,2,45027,0.11,2026-08-10T14:18:44+00:00
2025-08-04T12:00:00+00:00,llo1,96,2025-07-31,8.00,14.100,10.144,21.520,15.144,2,45027,0.11,2026-08-10T14:18:44+00:00
2025-08-04T12:00:00+00:00,llo1,96,2025-07-31,13.00,8.530,9.010,15.660,12.126,2,45027,0.11,2026-08-10T14:18:44+00:00
2025-08-04T12:00:00+00:00,llo1,96,2025-07-31,18.00,6.030,8.413,8.810,8.835,2,45027,0.11,2026-08-10T14:18:44+00:00
2025-08-04T12:00:00+00:00,llo1,96,2025-07-31,23.00,4.910,8.036,5.620,7.036,2,45027,0.11,2026-08-10T14:18:44+00:00
2025-08-04T12:00:00+00:00,llo1,96,2025-07-31,28.00,4.550,7.814,4.960,5.704,2,45027,0.11,2026-08-10T14:18:44+00:00
2025-08-04T12:00:00+00:00,llo1,96,2025-07-31,33.00,4.380,7.689,4.670,5.342,2,45027,0.11,2026-08-10T14:18:44+00:00
2025-08-04T12:00:00+00:00,llo1,96,2025-07-31,38.00,4.250,7.649,4.460,4.952,2,45027,0.11,2026-08-10T14:18:44+00:00
2025-08-04T12:00:00+00:00,llo1,96,2025-07-31,43.00,4.130,7.587,4.250,,2,45027,0.11,2026-08-10T14:18:44+00:00
2025-08-05T12:00:00+00:00,llo1,120,2025-07-31,6.00,21.370,13.878,21.510,15.927,2,45027,0.11,2026-08-10T14:18:44+00:00
2025-08-05T12:00:00+00:00,llo1,120,2025-07-31,8.00,21.410,12.119,21.520,14.595,2,45027,0.11,2026-08-10T14:18:44+00:00
2025-08-05T12:00:00+00:00,llo1,120,2025-07-31,13.00,21.030,9.860,15.660,11.875,2,45027,0.11,2026-08-10T14:18:44+00:00
2025-08-05T12:00:00+00:00,llo1,120,2025-07-31,18.00,8.480,8.697,8.810,9.005,2,45027,0.11,2026-08-10T14:18:44+00:00
2025-08-05T12:00:00+00:00,llo1,120,2025-07-31,23.00,6.280,8.351,5.620,6.977,2,45027,0.11,2026-08-10T14:18:44+00:00
2025-08-05T12:00:00+00:00,llo1,120,2025-07-31,28.00,4.970,8.048,4.960,5.667,2,45027,0.11,2026-08-10T14:18:44+00:00
2025-08-05T12:00:00+00:00,llo1,120,2025-07-31,33.00,4.620,7.853,4.670,5.312,2,45027,0.11,2026-08-10T14:18:44+00:00
2025-08-05T12:00:00+00:00,llo1,120,2025-07-31,38.00,4.440,7.745,4.460,4.925,2,45027,0.11,2026-08-10T14:18:44+00:00
2025-08-05T12:00:00+00:00,llo1,120,2025-07-31,43.00,4.220,7.679,4.250,,2,45027,0.11,2026-08-10T14:18:44+00:00
2025-08-02T12:00:00+00:00,llo1,24,2025-08-01,6.00,19.790,11.924,20.850,17.777,2,45027,0.11,2026-08-10T14:18:44+00:00
2025-08-02T12:00:00+00:00,llo1,24,2025-08-01,8.00,16.320,10.376,20.640,16.344,2,45027,0.11,2026-08-10T14:18:44+00:00
2025-08-02T12:00:00+00:00,llo1,24,2025-08-01,13.00,10.300,9.218,15.300,12.677,2,45027,0.11,2026-08-10T14:18:44+00:00
2025-08-02T12:00:00+00:00,llo1,24,2025-08-01,18.00,6.660,8.467,7.990,9.327,2,45027,0.11,2026-08-10T14:18:44+00:00
2025-08-02T12:00:00+00:00,llo1,24,2025-08-01,23.00,5.150,8.160,5.910,7.275,2,45027,0.11,2026-08-10T14:18:44+00:00
2025-08-02T12:00:00+00:00,llo1,24,2025-08-01,28.00,4.800,7.950,4.830,5.774,2,45027,0.11,2026-08-10T14:18:44+00:00
2025-08-02T12:00:00+00:00,llo1,24,2025-08-01,33.00,4.620,7.773,4.550,5.358,2,45027,0.11,2026-08-10T14:18:44+00:00
2025-08-02T12:00:00+00:00,llo1,24,2025-08-01,38.00,4.410,7.667,4.350,4.949,2,45027,0.11,2026-08-10T14:18:44+00:00
2025-08-02T12:00:00+00:00,llo1,24,2025-08-01,43.00,4.220,7.658,4.190,,2,45027,0.11,2026-08-10T14:18:44+00:00
2025-08-03T12:00:00+00:00,llo1,48,2025-08-01,6.00,15.630,9.874,20.850,17.226,2,45027,0.11,2026-08-10T14:18:44+00:00
2025-08-03T12:00:00+00:00,llo1,48,2025-08-01,8.00,14.860,8.992,20.640,15.801,2,45027,0.11,2026-08-10T14:18:44+00:00
2025-08-03T12:00:00+00:00,llo1,48,2025-08-01,13.00,9.320,8.541,15.300,12.422,2,45027,0.11,2026-08-10T14:18:44+00:00
2025-08-03T12:00:00+00:00,llo1,48,2025-08-01,18.00,6.440,8.090,7.990,9.062,2,45027,0.11,2026-08-10T14:18:44+00:00
2025-08-03T12:00:00+00:00,llo1,48,2025-08-01,23.00,4.720,7.845,5.910,7.048,2,45027,0.11,2026-08-10T14:18:44+00:00
2025-08-03T12:00:00+00:00,llo1,48,2025-08-01,28.00,4.560,7.691,4.830,5.708,2,45027,0.11,2026-08-10T14:18:44+00:00
2025-08-03T12:00:00+00:00,llo1,48,2025-08-01,33.00,4.390,7.593,4.550,5.327,2,45027,0.11,2026-08-10T14:18:44+00:00
2025-08-03T12:00:00+00:00,llo1,48,2025-08-01,38.00,4.290,7.561,4.350,4.931,2,45027,0.11,2026-08-10T14:18:44+00:00
2025-08-03T12:00:00+00:00,llo1,48,2025-08-01,43.00,4.150,7.512,4.190,,2,45027,0.11,2026-08-10T14:18:44+00:00
2025-08-04T12:00:00+00:00,llo1,72,2025-08-01,6.00,15.640,9.912,20.850,16.589,2,45027,0.11,2026-08-10T14:18:44+00:00
2025-08-04T12:00:00+00:00,llo1,72,2025-08-01,8.00,14.100,9.091,20.640,15.144,2,45027,0.11,2026-08-10T14:18:44+00:00
2025-08-04T12:00:00+00:00,llo1,72,2025-08-01,13.00,8.530,8.347,15.300,12.126,2,45027,0.11,2026-08-10T14:18:44+00:00
2025-08-04T12:00:00+00:00,llo1,72,2025-08-01,18.00,6.030,7.998,7.990,8.835,2,45027,0.11,2026-08-10T14:18:44+00:00
2025-08-04T12:00:00+00:00,llo1,72,2025-08-01,23.00,4.910,7.797,5.910,7.036,2,45027,0.11,2026-08-10T14:18:44+00:00
2025-08-04T12:00:00+00:00,llo1,72,2025-08-01,28.00,4.550,7.650,4.830,5.704,2,45027,0.11,2026-08-10T14:18:44+00:00
2025-08-04T12:00:00+00:00,llo1,72,2025-08-01,33.00,4.380,7.557,4.550,5.342,2,45027,0.11,2026-08-10T14:18:44+00:00
2025-08-04T12:00:00+00:00,llo1,72,2025-08-01,38.00,4.250,7.517,4.350,4.952,2,45027,0.11,2026-08-10T14:18:44+00:00
2025-08-04T12:00:00+00:00,llo1,72,2025-08-01,43.00,4.130,7.495,4.190,,2,45027,0.11,2026-08-10T14:18:44+00:00
2025-08-05T12:00:00+00:00,llo1,96,2025-08-01,6.00,21.370,11.318,20.850,15.927,2,45027,0.11,2026-08-10T14:18:44+00:00
2025-08-05T12:00:00+00:00,llo1,96,2025-08-01,8.00,21.410,10.051,20.640,14.595,2,45027,0.11,2026-08-10T14:18:44+00:00
2025-08-05T12:00:00+00:00,llo1,96,2025-08-01,13.00,21.030,9.014,15.300,11.875,2,45027,0.11,2026-08-10T14:18:44+00:00
2025-08-05T12:00:00+00:00,llo1,96,2025-08-01,18.00,8.480,8.339,7.990,9.005,2,45027,0.11,2026-08-10T14:18:44+00:00
2025-08-05T12:00:00+00:00,llo1,96,2025-08-01,23.00,6.280,7.945,5.910,6.977,2,45027,0.11,2026-08-10T14:18:44+00:00
2025-08-05T12:00:00+00:00,llo1,96,2025-08-01,28.00,4.970,7.777,4.830,5.667,2,45027,0.11,2026-08-10T14:18:44+00:00
2025-08-05T12:00:00+00:00,llo1,96,2025-08-01,33.00,4.620,7.645,4.550,5.312,2,45027,0.11,2026-08-10T14:18:44+00:00
2025-08-05T12:00:00+00:00,llo1,96,2025-08-01,38.00,4.440,7.576,4.350,4.925,2,45027,0.11,2026-08-10T14:18:44+00:00
2025-08-05T12:00:00+00:00,llo1,96,2025-08-01,43.00,4.220,7.563,4.190,,2,45027,0.11,2026-08-10T14:18:44+00:00
2025-08-06T12:00:00+00:00,llo1,120,2025-08-01,6.00,20.200,14.526,20.850,15.592,2,45027,0.11,2026-08-10T14:18:44+00:00
2025-08-06T12:00:00+00:00,llo1,120,2025-08-01,8.00,20.170,12.302,20.640,14.298,2,45027,0.11,2026-08-10T14:18:44+00:00
2025-08-06T12:00:00+00:00,llo1,120,2025-08-01,13.00,20.040,9.826,15.300,11.706,2,45027,0.11,2026-08-10T14:18:44+00:00
2025-08-06T12:00:00+00:00,llo1,120,2025-08-01,18.00,19.190,9.149,7.990,9.083,2,45027,0.11,2026-08-10T14:18:44+00:00
2025-08-06T12:00:00+00:00,llo1,120,2025-08-01,23.00,18.510,8.631,5.910,7.225,2,45027,0.11,2026-08-10T14:18:44+00:00
2025-08-06T12:00:00+00:00,llo1,120,2025-08-01,28.00,13.490,8.170,4.830,5.792,2,45027,0.11,2026-08-10T14:18:44+00:00
2025-08-06T12:00:00+00:00,llo1,120,2025-08-01,33.00,5.590,7.889,4.550,5.271,2,45027,0.11,2026-08-10T14:18:44+00:00
2025-08-06T12:00:00+00:00,llo1,120,2025-08-01,38.00,5.010,7.730,4.350,4.881,2,45027,0.11,2026-08-10T14:18:44+00:00
2025-08-06T12:00:00+00:00,llo1,120,2025-08-01,43.00,4.810,7.683,4.190,,2,45027,0.11,2026-08-10T14:18:44+00:00
2025-08-03T12:00:00+00:00,llo1,24,2025-08-02,6.00,15.630,8.568,19.790,17.226,2,45027,0.11,2026-08-10T14:18:44+00:00
2025-08-03T12:00:00+00:00,llo1,24,2025-08-02,8.00,14.860,8.329,16.320,15.801,2,45027,0.11,2026-08-10T14:18:44+00:00
2025-08-03T12:00:00+00:00,llo1,24,2025-08-02,13.00,9.320,8.128,10.300,12.422,2,45027,0.11,2026-08-10T14:18:44+00:00
2025-08-03T12:00:00+00:00,llo1,24,2025-08-02,18.00,6.440,7.826,6.660,9.062,2,45027,0.11,2026-08-10T14:18:44+00:00
2025-08-03T12:00:00+00:00,llo1,24,2025-08-02,23.00,4.720,7.649,5.150,7.048,2,45027,0.11,2026-08-10T14:18:44+00:00
2025-08-03T12:00:00+00:00,llo1,24,2025-08-02,28.00,4.560,7.529,4.800,5.708,2,45027,0.11,2026-08-10T14:18:44+00:00
2025-08-03T12:00:00+00:00,llo1,24,2025-08-02,33.00,4.390,7.453,4.620,5.327,2,45027,0.11,2026-08-10T14:18:44+00:00
2025-08-03T12:00:00+00:00,llo1,24,2025-08-02,38.00,4.290,7.414,4.410,4.931,2,45027,0.11,2026-08-10T14:18:44+00:00
2025-08-03T12:00:00+00:00,llo1,24,2025-08-02,43.00,4.150,7.336,4.220,,2,45027,0.11,2026-08-10T14:18:44+00:00
2025-08-04T12:00:00+00:00,llo1,48,2025-08-02,6.00,15.640,9.501,19.790,16.589,2,45027,0.11,2026-08-10T14:18:44+00:00
2025-08-04T12:00:00+00:00,llo1,48,2025-08-02,8.00,14.100,8.916,16.320,15.144,2,45027,0.11,2026-08-10T14:18:44+00:00
2025-08-04T12:00:00+00:00,llo1,48,2025-08-02,13.00,8.530,8.292,10.300,12.126,2,45027,0.11,2026-08-10T14:18:44+00:00
2025-08-04T12:00:00+00:00,llo1,48,2025-08-02,18.00,6.030,7.912,6.660,8.835,2,45027,0.11,2026-08-10T14:18:44+00:00
2025-08-04T12:00:00+00:00,llo1,48,2025-08-02,23.00,4.910,7.690,5.150,7.036,2,45027,0.11,2026-08-10T14:18:44+00:00
2025-08-04T12:00:00+00:00,llo1,48,2025-08-02,28.00,4.550,7.568,4.800,5.704,2,45027,0.11,2026-08-10T14:18:44+00:00
2025-08-04T12:00:00+00:00,llo1,48,2025-08-02,33.00,4.380,7.484,4.620,5.342,2,45027,0.11,2026-08-10T14:18:44+00:00
2025-08-04T12:00:00+00:00,llo1,48,2025-08-02,38.00,4.250,7.445,4.410,4.952,2,45027,0.11,2026-08-10T14:18:44+00:00
2025-08-04T12:00:00+00:00,llo1,48,2025-08-02,43.00,4.130,7.431,4.220,,2,45027,0.11,2026-08-10T14:18:44+00:00
2025-08-05T12:00:00+00:00,llo1,72,2025-08-02,6.00,21.370,14.221,19.790,15.927,2,45027,0.11,2026-08-10T14:18:44+00:00
2025-08-05T12:00:00+00:00,llo1,72,2025-08-02,8.00,21.410,11.715,16.320,14.595,2,45027,0.11,2026-08-10T14:18:44+00:00
2025-08-05T12:00:00+00:00,llo1,72,2025-08-02,13.00,21.030,9.026,10.300,11.875,2,45027,0.11,2026-08-10T14:18:44+00:00
2025-08-05T12:00:00+00:00,llo1,72,2025-08-02,18.00,8.480,8.463,6.660,9.005,2,45027,0.11,2026-08-10T14:18:44+00:00
2025-08-05T12:00:00+00:00,llo1,72,2025-08-02,23.00,6.280,8.177,5.150,6.977,2,45027,0.11,2026-08-10T14:18:44+00:00
2025-08-05T12:00:00+00:00,llo1,72,2025-08-02,28.00,4.970,7.950,4.800,5.667,2,45027,0.11,2026-08-10T14:18:44+00:00
2025-08-05T12:00:00+00:00,llo1,72,2025-08-02,33.00,4.620,7.774,4.620,5.312,2,45027,0.11,2026-08-10T14:18:44+00:00
2025-08-05T12:00:00+00:00,llo1,72,2025-08-02,38.00,4.440,7.642,4.410,4.925,2,45027,0.11,2026-08-10T14:18:44+00:00
2025-08-05T12:00:00+00:00,llo1,72,2025-08-02,43.00,4.220,7.584,4.220,,2,45027,0.11,2026-08-10T14:18:44+00:00
2025-08-06T12:00:00+00:00,llo1,96,2025-08-02,6.00,20.200,16.382,19.790,15.592,2,45027,0.11,2026-08-10T14:18:44+00:00
2025-08-06T12:00:00+00:00,llo1,96,2025-08-02,8.00,20.170,13.530,16.320,14.298,2,45027,0.11,2026-08-10T14:18:44+00:00
2025-08-06T12:00:00+00:00,llo1,96,2025-08-02,13.00,20.040,10.048,10.300,11.706,2,45027,0.11,2026-08-10T14:18:44+00:00
2025-08-06T12:00:00+00:00,llo1,96,2025-08-02,18.00,19.190,9.048,6.660,9.083,2,45027,0.11,2026-08-10T14:18:44+00:00
2025-08-06T12:00:00+00:00,llo1,96,2025-08-02,23.00,18.510,8.567,5.150,7.225,2,45027,0.11,2026-08-10T14:18:44+00:00
2025-08-06T12:00:00+00:00,llo1,96,2025-08-02,28.00,13.490,8.182,4.800,5.792,2,45027,0.11,2026-08-10T14:18:44+00:00
2025-08-06T12:00:00+00:00,llo1,96,2025-08-02,33.00,5.590,7.914,4.620,5.271,2,45027,0.11,2026-08-10T14:18:44+00:00
2025-08-06T12:00:00+00:00,llo1,96,2025-08-02,38.00,5.010,7.719,4.410,4.881,2,45027,0.11,2026-08-10T14:18:44+00:00
2025-08-06T12:00:00+00:00,llo1,96,2025-08-02,43.00,4.810,7.659,4.220,,2,45027,0.11,2026-08-10T14:18:44+00:00
2025-08-07T12:00:00+00:00,llo1,120,2025-08-02,6.00,19.680,14.482,19.790,15.170,2,45027,0.11,2026-08-10T14:18:44+00:00
2025-08-07T12:00:00+00:00,llo1,120,2025-08-02,8.00,19.680,12.445,16.320,13.912,2,45027,0.11,2026-08-10T14:18:44+00:00
2025-08-07T12:00:00+00:00,llo1,120,2025-08-02,13.00,19.450,10.490,10.300,11.635,2,45027,0.11,2026-08-10T14:18:44+00:00
2025-08-07T12:00:00+00:00,llo1,120,2025-08-02,18.00,19.350,9.261,6.660,9.427,2,45027,0.11,2026-08-10T14:18:44+00:00
2025-08-07T12:00:00+00:00,llo1,120,2025-08-02,23.00,12.830,8.468,5.150,7.622,2,45027,0.11,2026-08-10T14:18:44+00:00
2025-08-07T12:00:00+00:00,llo1,120,2025-08-02,28.00,5.550,8.053,4.800,6.197,2,45027,0.11,2026-08-10T14:18:44+00:00
2025-08-07T12:00:00+00:00,llo1,120,2025-08-02,33.00,4.880,7.748,4.620,5.414,2,45027,0.11,2026-08-10T14:18:44+00:00
2025-08-07T12:00:00+00:00,llo1,120,2025-08-02,38.00,4.620,7.567,4.410,4.904,2,45027,0.11,2026-08-10T14:18:44+00:00
2025-08-07T12:00:00+00:00,llo1,120,2025-08-02,43.00,4.390,7.493,4.220,,2,45027,0.11,2026-08-10T14:18:44+00:00
2025-08-04T12:00:00+00:00,llo1,24,2025-08-03,6.00,15.640,8.690,15.630,16.589,2,45027,0.11,2026-08-10T14:18:44+00:00
2025-08-04T12:00:00+00:00,llo1,24,2025-08-03,8.00,14.100,8.670,14.860,15.144,2,45027,0.11,2026-08-10T14:18:44+00:00
2025-08-04T12:00:00+00:00,llo1,24,2025-08-03,13.00,8.530,8.300,9.320,12.126,2,45027,0.11,2026-08-10T14:18:44+00:00
2025-08-04T12:00:00+00:00,llo1,24,2025-08-03,18.00,6.030,7.914,6.440,8.835,2,45027,0.11,2026-08-10T14:18:44+00:00
2025-08-04T12:00:00+00:00,llo1,24,2025-08-03,23.00,4.910,7.726,4.720,7.036,2,45027,0.11,2026-08-10T14:18:44+00:00
2025-08-04T12:00:00+00:00,llo1,24,2025-08-03,28.00,4.550,7.588,4.560,5.704,2,45027,0.11,2026-08-10T14:18:44+00:00
2025-08-04T12:00:00+00:00,llo1,24,2025-08-03,33.00,4.380,7.489,4.390,5.342,2,45027,0.11,2026-08-10T14:18:44+00:00
2025-08-04T12:00:00+00:00,llo1,24,2025-08-03,38.00,4.250,7.423,4.290,4.952,2,45027,0.11,2026-08-10T14:18:44+00:00
2025-08-04T12:00:00+00:00,llo1,24,2025-08-03,43.00,4.130,7.408,4.150,,2,45027,0.11,2026-08-10T14:18:44+00:00
2025-08-05T12:00:00+00:00,llo1,48,2025-08-03,6.00,21.370,14.622,15.630,15.927,2,45027,0.11,2026-08-10T14:18:44+00:00
2025-08-05T12:00:00+00:00,llo1,48,2025-08-03,8.00,21.410,11.438,14.860,14.595,2,45027,0.11,2026-08-10T14:18:44+00:00
2025-08-05T12:00:00+00:00,llo1,48,2025-08-03,13.00,21.030,8.960,9.320,11.875,2,45027,0.11,2026-08-10T14:18:44+00:00
2025-08-05T12:00:00+00:00,llo1,48,2025-08-03,18.00,8.480,8.556,6.440,9.005,2,45027,0.11,2026-08-10T14:18:44+00:00
2025-08-05T12:00:00+00:00,llo1,48,2025-08-03,23.00,6.280,8.206,4.720,6.977,2,45027,0.11,2026-08-10T14:18:44+00:00
2025-08-05T12:00:00+00:00,llo1,48,2025-08-03,28.00,4.970,7.921,4.560,5.667,2,45027,0.11,2026-08-10T14:18:44+00:00
2025-08-05T12:00:00+00:00,llo1,48,2025-08-03,33.00,4.620,7.722,4.390,5.312,2,45027,0.11,2026-08-10T14:18:44+00:00
2025-08-05T12:00:00+00:00,llo1,48,2025-08-03,38.00,4.440,7.560,4.290,4.925,2,45027,0.11,2026-08-10T14:18:44+00:00
2025-08-05T12:00:00+00:00,llo1,48,2025-08-03,43.00,4.220,7.505,4.150,,2,45027,0.11,2026-08-10T14:18:44+00:00
2025-08-06T12:00:00+00:00,llo1,72,2025-08-03,6.00,20.200,15.789,15.630,15.592,2,45027,0.11,2026-08-10T14:18:44+00:00
2025-08-06T12:00:00+00:00,llo1,72,2025-08-03,8.00,20.170,13.224,14.860,14.298,2,45027,0.11,2026-08-10T14:18:44+00:00
2025-08-06T12:00:00+00:00,llo1,72,2025-08-03,13.00,20.040,10.291,9.320,11.706,2,45027,0.11,2026-08-10T14:18:44+00:00
2025-08-06T12:00:00+00:00,llo1,72,2025-08-03,18.00,19.190,8.994,6.440,9.083,2,45027,0.11,2026-08-10T14:18:44+00:00
2025-08-06T12:00:00+00:00,llo1,72,2025-08-03,23.00,18.510,8.506,4.720,7.225,2,45027,0.11,2026-08-10T14:18:44+00:00
2025-08-06T12:00:00+00:00,llo1,72,2025-08-03,28.00,13.490,8.150,4.560,5.792,2,45027,0.11,2026-08-10T14:18:44+00:00
2025-08-06T12:00:00+00:00,llo1,72,2025-08-03,33.00,5.590,7.892,4.390,5.271,2,45027,0.11,2026-08-10T14:18:44+00:00
2025-08-06T12:00:00+00:00,llo1,72,2025-08-03,38.00,5.010,7.673,4.290,4.881,2,45027,0.11,2026-08-10T14:18:44+00:00
2025-08-06T12:00:00+00:00,llo1,72,2025-08-03,43.00,4.810,7.604,4.150,,2,45027,0.11,2026-08-10T14:18:44+00:00
2025-08-07T12:00:00+00:00,llo1,96,2025-08-03,6.00,19.680,13.881,15.630,15.170,2,45027,0.11,2026-08-10T14:18:44+00:00
2025-08-07T12:00:00+00:00,llo1,96,2025-08-03,8.00,19.680,12.170,14.860,13.912,2,45027,0.11,2026-08-10T14:18:44+00:00
2025-08-07T12:00:00+00:00,llo1,96,2025-08-03,13.00,19.450,10.215,9.320,11.635,2,45027,0.11,2026-08-10T14:18:44+00:00
2025-08-07T12:00:00+00:00,llo1,96,2025-08-03,18.00,19.350,8.769,6.440,9.427,2,45027,0.11,2026-08-10T14:18:44+00:00
2025-08-07T12:00:00+00:00,llo1,96,2025-08-03,23.00,12.830,8.153,4.720,7.622,2,45027,0.11,2026-08-10T14:18:44+00:00
2025-08-07T12:00:00+00:00,llo1,96,2025-08-03,28.00,5.550,7.916,4.560,6.197,2,45027,0.11,2026-08-10T14:18:44+00:00
2025-08-07T12:00:00+00:00,llo1,96,2025-08-03,33.00,4.880,7.738,4.390,5.414,2,45027,0.11,2026-08-10T14:18:44+00:00
2025-08-07T12:00:00+00:00,llo1,96,2025-08-03,38.00,4.620,7.549,4.290,4.904,2,45027,0.11,2026-08-10T14:18:44+00:00
2025-08-07T12:00:00+00:00,llo1,96,2025-08-03,43.00,4.390,7.444,4.150,,2,45027,0.11,2026-08-10T14:18:44+00:00
2025-08-08T12:00:00+00:00,llo1,120,2025-08-03,6.00,20.130,12.018,15.630,15.250,2,45027,0.11,2026-08-10T14:18:44+00:00
2025-08-08T12:00:00+00:00,llo1,120,2025-08-03,8.00,19.990,10.698,14.860,14.021,2,45027,0.11,2026-08-10T14:18:44+00:00
2025-08-08T12:00:00+00:00,llo1,120,2025-08-03,13.00,19.760,9.351,9.320,11.875,2,45027,0.11,2026-08-10T14:18:44+00:00
2025-08-08T12:00:00+00:00,llo1,120,2025-08-03,18.00,19.520,8.500,6.440,9.812,2,45027,0.11,2026-08-10T14:18:44+00:00
2025-08-08T12:00:00+00:00,llo1,120,2025-08-03,23.00,7.790,8.000,4.720,8.058,2,45027,0.11,2026-08-10T14:18:44+00:00
2025-08-08T12:00:00+00:00,llo1,120,2025-08-03,28.00,4.920,7.742,4.560,6.376,2,45027,0.11,2026-08-10T14:18:44+00:00
2025-08-08T12:00:00+00:00,llo1,120,2025-08-03,33.00,4.680,7.554,4.390,5.460,2,45027,0.11,2026-08-10T14:18:44+00:00
2025-08-08T12:00:00+00:00,llo1,120,2025-08-03,38.00,4.520,7.402,4.290,4.927,2,45027,0.11,2026-08-10T14:18:44+00:00
2025-08-08T12:00:00+00:00,llo1,120,2025-08-03,43.00,4.320,7.333,4.150,,2,45027,0.11,2026-08-10T14:18:44+00:00
2025-08-05T12:00:00+00:00,llo1,24,2025-08-04,6.00,21.370,12.644,15.640,15.927,2,45027,0.11,2026-08-10T14:18:44+00:00
2025-08-05T12:00:00+00:00,llo1,24,2025-08-04,8.00,21.410,11.324,14.100,14.595,2,45027,0.11,2026-08-10T14:18:44+00:00
2025-08-05T12:00:00+00:00,llo1,24,2025-08-04,13.00,21.030,9.699,8.530,11.875,2,45027,0.11,2026-08-10T14:18:44+00:00
2025-08-05T12:00:00+00:00,llo1,24,2025-08-04,18.00,8.480,8.809,6.030,9.005,2,45027,0.11,2026-08-10T14:18:44+00:00
2025-08-05T12:00:00+00:00,llo1,24,2025-08-04,23.00,6.280,8.388,4.910,6.977,2,45027,0.11,2026-08-10T14:18:44+00:00
2025-08-05T12:00:00+00:00,llo1,24,2025-08-04,28.00,4.970,8.145,4.550,5.667,2,45027,0.11,2026-08-10T14:18:44+00:00
2025-08-05T12:00:00+00:00,llo1,24,2025-08-04,33.00,4.620,7.924,4.380,5.312,2,45027,0.11,2026-08-10T14:18:44+00:00
2025-08-05T12:00:00+00:00,llo1,24,2025-08-04,38.00,4.440,7.702,4.250,4.925,2,45027,0.11,2026-08-10T14:18:44+00:00
2025-08-05T12:00:00+00:00,llo1,24,2025-08-04,43.00,4.220,7.552,4.130,,2,45027,0.11,2026-08-10T14:18:44+00:00
2025-08-06T12:00:00+00:00,llo1,48,2025-08-04,6.00,20.200,18.497,15.640,15.592,2,45027,0.11,2026-08-10T14:18:44+00:00
2025-08-06T12:00:00+00:00,llo1,48,2025-08-04,8.00,20.170,16.152,14.100,14.298,2,45027,0.11,2026-08-10T14:18:44+00:00
2025-08-06T12:00:00+00:00,llo1,48,2025-08-04,13.00,20.040,11.946,8.530,11.706,2,45027,0.11,2026-08-10T14:18:44+00:00
2025-08-06T12:00:00+00:00,llo1,48,2025-08-04,18.00,19.190,10.066,6.030,9.083,2,45027,0.11,2026-08-10T14:18:44+00:00
2025-08-06T12:00:00+00:00,llo1,48,2025-08-04,23.00,18.510,9.168,4.910,7.225,2,45027,0.11,2026-08-10T14:18:44+00:00
2025-08-06T12:00:00+00:00,llo1,48,2025-08-04,28.00,13.490,8.564,4.550,5.792,2,45027,0.11,2026-08-10T14:18:44+00:00
2025-08-06T12:00:00+00:00,llo1,48,2025-08-04,33.00,5.590,8.221,4.380,5.271,2,45027,0.11,2026-08-10T14:18:44+00:00
2025-08-06T12:00:00+00:00,llo1,48,2025-08-04,38.00,5.010,7.884,4.250,4.881,2,45027,0.11,2026-08-10T14:18:44+00:00
2025-08-06T12:00:00+00:00,llo1,48,2025-08-04,43.00,4.810,7.664,4.130,,2,45027,0.11,2026-08-10T14:18:44+00:00
2025-08-07T12:00:00+00:00,llo1,72,2025-08-04,6.00,19.680,16.069,15.640,15.170,2,45027,0.11,2026-08-10T14:18:44+00:00
2025-08-07T12:00:00+00:00,llo1,72,2025-08-04,8.00,19.680,14.343,14.100,13.912,2,45027,0.11,2026-08-10T14:18:44+00:00
2025-08-07T12:00:00+00:00,llo1,72,2025-08-04,13.00,19.450,11.893,8.530,11.635,2,45027,0.11,2026-08-10T14:18:44+00:00
2025-08-07T12:00:00+00:00,llo1,72,2025-08-04,18.00,19.350,10.000,6.030,9.427,2,45027,0.11,2026-08-10T14:18:44+00:00
2025-08-07T12:00:00+00:00,llo1,72,2025-08-04,23.00,12.830,9.079,4.910,7.622,2,45027,0.11,2026-08-10T14:18:44+00:00
2025-08-07T12:00:00+00:00,llo1,72,2025-08-04,28.00,5.550,8.418,4.550,6.197,2,45027,0.11,2026-08-10T14:18:44+00:00
2025-08-07T12:00:00+00:00,llo1,72,2025-08-04,33.00,4.880,8.087,4.380,5.414,2,45027,0.11,2026-08-10T14:18:44+00:00
2025-08-07T12:00:00+00:00,llo1,72,2025-08-04,38.00,4.620,7.794,4.250,4.904,2,45027,0.11,2026-08-10T14:18:44+00:00
2025-08-07T12:00:00+00:00,llo1,72,2025-08-04,43.00,4.390,7.684,4.130,,2,45027,0.11,2026-08-10T14:18:44+00:00
2025-08-08T12:00:00+00:00,llo1,96,2025-08-04,6.00,20.130,12.686,15.640,15.250,2,45027,0.11,2026-08-10T14:18:44+00:00
2025-08-08T12:00:00+00:00,llo1,96,2025-08-04,8.00,19.990,11.413,14.100,14.021,2,45027,0.11,2026-08-10T14:18:44+00:00
2025-08-08T12:00:00+00:00,llo1,96,2025-08-04,13.00,19.760,10.156,8.530,11.875,2,45027,0.11,2026-08-10T14:18:44+00:00
2025-08-08T12:00:00+00:00,llo1,96,2025-08-04,18.00,19.520,9.193,6.030,9.812,2,45027,0.11,2026-08-10T14:18:44+00:00
2025-08-08T12:00:00+00:00,llo1,96,2025-08-04,23.00,7.790,8.603,4.910,8.058,2,45027,0.11,2026-08-10T14:18:44+00:00
2025-08-08T12:00:00+00:00,llo1,96,2025-08-04,28.00,4.920,8.146,4.550,6.376,2,45027,0.11,2026-08-10T14:18:44+00:00
2025-08-08T12:00:00+00:00,llo1,96,2025-08-04,33.00,4.680,7.844,4.380,5.460,2,45027,0.11,2026-08-10T14:18:44+00:00
2025-08-08T12:00:00+00:00,llo1,96,2025-08-04,38.00,4.520,7.563,4.250,4.927,2,45027,0.11,2026-08-10T14:18:44+00:00
2025-08-08T12:00:00+00:00,llo1,96,2025-08-04,43.00,4.320,7.471,4.130,,2,45027,0.11,2026-08-10T14:18:44+00:00
2025-08-09T12:00:00+00:00,llo1,120,2025-08-04,6.00,20.280,15.878,15.640,15.446,2,45027,0.11,2026-08-10T14:18:44+00:00
2025-08-09T12:00:00+00:00,llo1,120,2025-08-04,8.00,20.280,13.887,14.100,13.983,2,45027,0.11,2026-08-10T14:18:44+00:00
2025-08-09T12:00:00+00:00,llo1,120,2025-08-04,13.00,20.070,11.312,8.530,12.072,2,45027,0.11,2026-08-10T14:18:44+00:00
2025-08-09T12:00:00+00:00,llo1,120,2025-08-04,18.00,19.640,10.030,6.030,9.909,2,45027,0.11,2026-08-10T14:18:44+00:00
2025-08-09T12:00:00+00:00,llo1,120,2025-08-04,23.00,7.420,9.346,4.910,8.089,2,45027,0.11,2026-08-10T14:18:44+00:00
2025-08-09T12:00:00+00:00,llo1,120,2025-08-04,28.00,5.020,8.845,4.550,6.392,2,45027,0.11,2026-08-10T14:18:44+00:00
2025-08-09T12:00:00+00:00,llo1,120,2025-08-04,33.00,4.730,8.393,4.380,5.469,2,45027,0.11,2026-08-10T14:18:44+00:00
2025-08-09T12:00:00+00:00,llo1,120,2025-08-04,38.00,4.530,7.984,4.250,4.942,2,45027,0.11,2026-08-10T14:18:44+00:00
2025-08-09T12:00:00+00:00,llo1,120,2025-08-04,43.00,4.400,7.814,4.130,,2,45027,0.11,2026-08-10T14:18:44+00:00
2025-08-06T12:00:00+00:00,llo1,24,2025-08-05,6.00,20.200,17.625,21.370,15.592,2,45027,0.11,2026-08-10T14:18:44+00:00
2025-08-06T12:00:00+00:00,llo1,24,2025-08-05,8.00,20.170,16.074,21.410,14.298,2,45027,0.11,2026-08-10T14:18:44+00:00
2025-08-06T12:00:00+00:00,llo1,24,2025-08-05,13.00,20.040,12.326,21.030,11.706,2,45027,0.11,2026-08-10T14:18:44+00:00
2025-08-06T12:00:00+00:00,llo1,24,2025-08-05,18.00,19.190,10.184,8.480,9.083,2,45027,0.11,2026-08-10T14:18:44+00:00
2025-08-06T12:00:00+00:00,llo1,24,2025-08-05,23.00,18.510,9.307,6.280,7.225,2,45027,0.11,2026-08-10T14:18:44+00:00
2025-08-06T12:00:00+00:00,llo1,24,2025-08-05,28.00,13.490,8.721,4.970,5.792,2,45027,0.11,2026-08-10T14:18:44+00:00
2025-08-06T12:00:00+00:00,llo1,24,2025-08-05,33.00,5.590,8.346,4.620,5.271,2,45027,0.11,2026-08-10T14:18:44+00:00
2025-08-06T12:00:00+00:00,llo1,24,2025-08-05,38.00,5.010,7.930,4.440,4.881,2,45027,0.11,2026-08-10T14:18:44+00:00
2025-08-06T12:00:00+00:00,llo1,24,2025-08-05,43.00,4.810,7.747,4.220,,2,45027,0.11,2026-08-10T14:18:44+00:00
2025-08-07T12:00:00+00:00,llo1,48,2025-08-05,6.00,19.680,17.888,21.370,15.170,2,45027,0.11,2026-08-10T14:18:44+00:00
2025-08-07T12:00:00+00:00,llo1,48,2025-08-05,8.00,19.680,15.938,21.410,13.912,2,45027,0.11,2026-08-10T14:18:44+00:00
2025-08-07T12:00:00+00:00,llo1,48,2025-08-05,13.00,19.450,12.653,21.030,11.635,2,45027,0.11,2026-08-10T14:18:44+00:00
2025-08-07T12:00:00+00:00,llo1,48,2025-08-05,18.00,19.350,10.777,8.480,9.427,2,45027,0.11,2026-08-10T14:18:44+00:00
2025-08-07T12:00:00+00:00,llo1,48,2025-08-05,23.00,12.830,9.739,6.280,7.622,2,45027,0.11,2026-08-10T14:18:44+00:00
2025-08-07T12:00:00+00:00,llo1,48,2025-08-05,28.00,5.550,9.033,4.970,6.197,2,45027,0.11,2026-08-10T14:18:44+00:00
2025-08-07T12:00:00+00:00,llo1,48,2025-08-05,33.00,4.880,8.442,4.620,5.414,2,45027,0.11,2026-08-10T14:18:44+00:00
2025-08-07T12:00:00+00:00,llo1,48,2025-08-05,38.00,4.620,7.948,4.440,4.904,2,45027,0.11,2026-08-10T14:18:44+00:00
2025-08-07T12:00:00+00:00,llo1,48,2025-08-05,43.00,4.390,7.809,4.220,,2,45027,0.11,2026-08-10T14:18:44+00:00
2025-08-08T12:00:00+00:00,llo1,72,2025-08-05,6.00,20.130,14.629,21.370,15.250,2,45027,0.11,2026-08-10T14:18:44+00:00
2025-08-08T12:00:00+00:00,llo1,72,2025-08-05,8.00,19.990,13.596,21.410,14.021,2,45027,0.11,2026-08-10T14:18:44+00:00
2025-08-08T12:00:00+00:00,llo1,72,2025-08-05,13.00,19.760,11.466,21.030,11.875,2,45027,0.11,2026-08-10T14:18:44+00:00
2025-08-08T12:00:00+00:00,llo1,72,2025-08-05,18.00,19.520,10.347,8.480,9.812,2,45027,0.11,2026-08-10T14:18:44+00:00
2025-08-08T12:00:00+00:00,llo1,72,2025-08-05,23.00,7.790,9.525,6.280,8.058,2,45027,0.11,2026-08-10T14:18:44+00:00
2025-08-08T12:00:00+00:00,llo1,72,2025-08-05,28.00,4.920,8.911,4.970,6.376,2,45027,0.11,2026-08-10T14:18:44+00:00
2025-08-08T12:00:00+00:00,llo1,72,2025-08-05,33.00,4.680,8.424,4.620,5.460,2,45027,0.11,2026-08-10T14:18:44+00:00
2025-08-08T12:00:00+00:00,llo1,72,2025-08-05,38.00,4.520,8.046,4.440,4.927,2,45027,0.11,2026-08-10T14:18:44+00:00
2025-08-08T12:00:00+00:00,llo1,72,2025-08-05,43.00,4.320,7.888,4.220,,2,45027,0.11,2026-08-10T14:18:44+00:00
2025-08-09T12:00:00+00:00,llo1,96,2025-08-05,6.00,20.280,13.146,21.370,15.446,2,45027,0.11,2026-08-10T14:18:44+00:00
2025-08-09T12:00:00+00:00,llo1,96,2025-08-05,8.00,20.280,12.342,21.410,13.983,2,45027,0.11,2026-08-10T14:18:44+00:00
2025-08-09T12:00:00+00:00,llo1,96,2025-08-05,13.00,20.070,11.026,21.030,12.072,2,45027,0.11,2026-08-10T14:18:44+00:00
2025-08-09T12:00:00+00:00,llo1,96,2025-08-05,18.00,19.640,9.836,8.480,9.909,2,45027,0.11,2026-08-10T14:18:44+00:00
2025-08-09T12:00:00+00:00,llo1,96,2025-08-05,23.00,7.420,9.300,6.280,8.089,2,45027,0.11,2026-08-10T14:18:44+00:00
2025-08-09T12:00:00+00:00,llo1,96,2025-08-05,28.00,5.020,8.872,4.970,6.392,2,45027,0.11,2026-08-10T14:18:44+00:00
2025-08-09T12:00:00+00:00,llo1,96,2025-08-05,33.00,4.730,8.527,4.620,5.469,2,45027,0.11,2026-08-10T14:18:44+00:00
2025-08-09T12:00:00+00:00,llo1,96,2025-08-05,38.00,4.530,8.224,4.440,4.942,2,45027,0.11,2026-08-10T14:18:44+00:00
2025-08-09T12:00:00+00:00,llo1,96,2025-08-05,43.00,4.400,8.037,4.220,,2,45027,0.11,2026-08-10T14:18:44+00:00
2025-08-10T12:00:00+00:00,llo1,120,2025-08-05,6.00,20.750,10.267,21.370,15.354,2,45027,0.11,2026-08-10T14:18:44+00:00
2025-08-10T12:00:00+00:00,llo1,120,2025-08-05,8.00,20.760,9.803,21.410,13.954,2,45027,0.11,2026-08-10T14:18:44+00:00
2025-08-10T12:00:00+00:00,llo1,120,2025-08-05,13.00,19.470,9.088,21.030,12.249,2,45027,0.11,2026-08-10T14:18:44+00:00
2025-08-10T12:00:00+00:00,llo1,120,2025-08-05,18.00,10.240,8.751,8.480,10.216,2,45027,0.11,2026-08-10T14:18:44+00:00
2025-08-10T12:00:00+00:00,llo1,120,2025-08-05,23.00,5.810,8.445,6.280,8.240,2,45027,0.11,2026-08-10T14:18:44+00:00
2025-08-10T12:00:00+00:00,llo1,120,2025-08-05,28.00,4.790,8.217,4.970,6.469,2,45027,0.11,2026-08-10T14:18:44+00:00
2025-08-10T12:00:00+00:00,llo1,120,2025-08-05,33.00,4.530,7.973,4.620,5.518,2,45027,0.11,2026-08-10T14:18:44+00:00
2025-08-10T12:00:00+00:00,llo1,120,2025-08-05,38.00,4.390,7.781,4.440,4.970,2,45027,0.11,2026-08-10T14:18:44+00:00
2025-08-10T12:00:00+00:00,llo1,120,2025-08-05,43.00,4.200,7.613,4.220,,2,45027,0.11,2026-08-10T14:18:44+00:00
2025-08-07T12:00:00+00:00,llo1,24,2025-08-06,6.00,19.680,15.833,20.200,15.170,2,45027,0.11,2026-08-10T14:18:44+00:00
2025-08-07T12:00:00+00:00,llo1,24,2025-08-06,8.00,19.680,14.134,20.170,13.912,2,45027,0.11,2026-08-10T14:18:44+00:00
2025-08-07T12:00:00+00:00,llo1,24,2025-08-06,13.00,19.450,11.401,20.040,11.635,2,45027,0.11,2026-08-10T14:18:44+00:00
2025-08-07T12:00:00+00:00,llo1,24,2025-08-06,18.00,19.350,9.655,19.190,9.427,2,45027,0.11,2026-08-10T14:18:44+00:00
2025-08-07T12:00:00+00:00,llo1,24,2025-08-06,23.00,12.830,8.746,18.510,7.622,2,45027,0.11,2026-08-10T14:18:44+00:00
2025-08-07T12:00:00+00:00,llo1,24,2025-08-06,28.00,5.550,8.175,13.490,6.197,2,45027,0.11,2026-08-10T14:18:44+00:00
2025-08-07T12:00:00+00:00,llo1,24,2025-08-06,33.00,4.880,7.894,5.590,5.414,2,45027,0.11,2026-08-10T14:18:44+00:00
2025-08-07T12:00:00+00:00,llo1,24,2025-08-06,38.00,4.620,7.683,5.010,4.904,2,45027,0.11,2026-08-10T14:18:44+00:00
2025-08-07T12:00:00+00:00,llo1,24,2025-08-06,43.00,4.390,7.581,4.810,,2,45027,0.11,2026-08-10T14:18:44+00:00
2025-08-08T12:00:00+00:00,llo1,48,2025-08-06,6.00,20.130,17.427,20.200,15.250,2,45027,0.11,2026-08-10T14:18:44+00:00
2025-08-08T12:00:00+00:00,llo1,48,2025-08-06,8.00,19.990,15.328,20.170,14.021,2,45027,0.11,2026-08-10T14:18:44+00:00
2025-08-08T12:00:00+00:00,llo1,48,2025-08-06,13.00,19.760,11.986,20.040,11.875,2,45027,0.11,2026-08-10T14:18:44+00:00
2025-08-08T12:00:00+00:00,llo1,48,2025-08-06,18.00,19.520,10.386,19.190,9.812,2,45027,0.11,2026-08-10T14:18:44+00:00
2025-08-08T12:00:00+00:00,llo1,48,2025-08-06,23.00,7.790,9.557,18.510,8.058,2,45027,0.11,2026-08-10T14:18:44+00:00
2025-08-08T12:00:00+00:00,llo1,48,2025-08-06,28.00,4.920,8.879,13.490,6.376,2,45027,0.11,2026-08-10T14:18:44+00:00
2025-08-08T12:00:00+00:00,llo1,48,2025-08-06,33.00,4.680,8.392,5.590,5.460,2,45027,0.11,2026-08-10T14:18:44+00:00
2025-08-08T12:00:00+00:00,llo1,48,2025-08-06,38.00,4.520,7.953,5.010,4.927,2,45027,0.11,2026-08-10T14:18:44+00:00
2025-08-08T12:00:00+00:00,llo1,48,2025-08-06,43.00,4.320,7.813,4.810,,2,45027,0.11,2026-08-10T14:18:44+00:00
2025-08-09T12:00:00+00:00,llo1,72,2025-08-06,6.00,20.280,17.884,20.200,15.446,2,45027,0.11,2026-08-10T14:18:44+00:00
2025-08-09T12:00:00+00:00,llo1,72,2025-08-06,8.00,20.280,15.474,20.170,13.983,2,45027,0.11,2026-08-10T14:18:44+00:00
2025-08-09T12:00:00+00:00,llo1,72,2025-08-06,13.00,20.070,12.225,20.040,12.072,2,45027,0.11,2026-08-10T14:18:44+00:00
2025-08-09T12:00:00+00:00,llo1,72,2025-08-06,18.00,19.640,10.904,19.190,9.909,2,45027,0.11,2026-08-10T14:18:44+00:00
2025-08-09T12:00:00+00:00,llo1,72,2025-08-06,23.00,7.420,9.917,18.510,8.089,2,45027,0.11,2026-08-10T14:18:44+00:00
2025-08-09T12:00:00+00:00,llo1,72,2025-08-06,28.00,5.020,9.268,13.490,6.392,2,45027,0.11,2026-08-10T14:18:44+00:00
2025-08-09T12:00:00+00:00,llo1,72,2025-08-06,33.00,4.730,8.786,5.590,5.469,2,45027,0.11,2026-08-10T14:18:44+00:00
2025-08-09T12:00:00+00:00,llo1,72,2025-08-06,38.00,4.530,8.326,5.010,4.942,2,45027,0.11,2026-08-10T14:18:44+00:00
2025-08-09T12:00:00+00:00,llo1,72,2025-08-06,43.00,4.400,8.108,4.810,,2,45027,0.11,2026-08-10T14:18:44+00:00
2025-08-10T12:00:00+00:00,llo1,96,2025-08-06,6.00,20.750,10.907,20.200,15.354,2,45027,0.11,2026-08-10T14:18:44+00:00
2025-08-10T12:00:00+00:00,llo1,96,2025-08-06,8.00,20.760,10.355,20.170,13.954,2,45027,0.11,2026-08-10T14:18:44+00:00
2025-08-10T12:00:00+00:00,llo1,96,2025-08-06,13.00,19.470,9.459,20.040,12.249,2,45027,0.11,2026-08-10T14:18:44+00:00
2025-08-10T12:00:00+00:00,llo1,96,2025-08-06,18.00,10.240,9.043,19.190,10.216,2,45027,0.11,2026-08-10T14:18:44+00:00
2025-08-10T12:00:00+00:00,llo1,96,2025-08-06,23.00,5.810,8.708,18.510,8.240,2,45027,0.11,2026-08-10T14:18:44+00:00
2025-08-10T12:00:00+00:00,llo1,96,2025-08-06,28.00,4.790,8.532,13.490,6.469,2,45027,0.11,2026-08-10T14:18:44+00:00
2025-08-10T12:00:00+00:00,llo1,96,2025-08-06,33.00,4.530,8.290,5.590,5.518,2,45027,0.11,2026-08-10T14:18:44+00:00
2025-08-10T12:00:00+00:00,llo1,96,2025-08-06,38.00,4.390,8.062,5.010,4.970,2,45027,0.11,2026-08-10T14:18:44+00:00
2025-08-10T12:00:00+00:00,llo1,96,2025-08-06,43.00,4.200,7.900,4.810,,2,45027,0.11,2026-08-10T14:18:44+00:00
2025-08-08T12:00:00+00:00,llo1,24,2025-08-07,6.00,20.130,17.714,19.680,15.250,2,45027,0.11,2026-08-10T14:18:44+00:00
2025-08-08T12:00:00+00:00,llo1,24,2025-08-07,8.00,19.990,15.232,19.680,14.021,2,45027,0.11,2026-08-10T14:18:44+00:00
2025-08-08T12:00:00+00:00,llo1,24,2025-08-07,13.00,19.760,11.600,19.450,11.875,2,45027,0.11,2026-08-10T14:18:44+00:00
2025-08-08T12:00:00+00:00,llo1,24,2025-08-07,18.00,19.520,10.153,19.350,9.812,2,45027,0.11,2026-08-10T14:18:44+00:00
2025-08-08T12:00:00+00:00,llo1,24,2025-08-07,23.00,7.790,9.337,12.830,8.058,2,45027,0.11,2026-08-10T14:18:44+00:00
2025-08-08T12:00:00+00:00,llo1,24,2025-08-07,28.00,4.920,8.706,5.550,6.376,2,45027,0.11,2026-08-10T14:18:44+00:00
2025-08-08T12:00:00+00:00,llo1,24,2025-08-07,33.00,4.680,8.276,4.880,5.460,2,45027,0.11,2026-08-10T14:18:44+00:00
2025-08-08T12:00:00+00:00,llo1,24,2025-08-07,38.00,4.520,7.926,4.620,4.927,2,45027,0.11,2026-08-10T14:18:44+00:00
2025-08-08T12:00:00+00:00,llo1,24,2025-08-07,43.00,4.320,7.770,4.390,,2,45027,0.11,2026-08-10T14:18:44+00:00
2025-08-09T12:00:00+00:00,llo1,48,2025-08-07,6.00,20.280,21.191,19.680,15.446,2,45027,0.11,2026-08-10T14:18:44+00:00
2025-08-09T12:00:00+00:00,llo1,48,2025-08-07,8.00,20.280,18.375,19.680,13.983,2,45027,0.11,2026-08-10T14:18:44+00:00
2025-08-09T12:00:00+00:00,llo1,48,2025-08-07,13.00,20.070,11.539,19.450,12.072,2,45027,0.11,2026-08-10T14:18:44+00:00
2025-08-09T12:00:00+00:00,llo1,48,2025-08-07,18.00,19.640,11.064,19.350,9.909,2,45027,0.11,2026-08-10T14:18:44+00:00
2025-08-09T12:00:00+00:00,llo1,48,2025-08-07,23.00,7.420,9.789,12.830,8.089,2,45027,0.11,2026-08-10T14:18:44+00:00
2025-08-09T12:00:00+00:00,llo1,48,2025-08-07,28.00,5.020,9.113,5.550,6.392,2,45027,0.11,2026-08-10T14:18:44+00:00
2025-08-09T12:00:00+00:00,llo1,48,2025-08-07,33.00,4.730,8.593,4.880,5.469,2,45027,0.11,2026-08-10T14:18:44+00:00
2025-08-09T12:00:00+00:00,llo1,48,2025-08-07,38.00,4.530,8.199,4.620,4.942,2,45027,0.11,2026-08-10T14:18:44+00:00
2025-08-09T12:00:00+00:00,llo1,48,2025-08-07,43.00,4.400,8.028,4.390,,2,45027,0.11,2026-08-10T14:18:44+00:00
2025-08-10T12:00:00+00:00,llo1,72,2025-08-07,6.00,20.750,11.618,19.680,15.354,2,45027,0.11,2026-08-10T14:18:44+00:00
2025-08-10T12:00:00+00:00,llo1,72,2025-08-07,8.00,20.760,11.069,19.680,13.954,2,45027,0.11,2026-08-10T14:18:44+00:00
2025-08-10T12:00:00+00:00,llo1,72,2025-08-07,13.00,19.470,10.127,19.450,12.249,2,45027,0.11,2026-08-10T14:18:44+00:00
2025-08-10T12:00:00+00:00,llo1,72,2025-08-07,18.00,10.240,9.243,19.350,10.216,2,45027,0.11,2026-08-10T14:18:44+00:00
2025-08-10T12:00:00+00:00,llo1,72,2025-08-07,23.00,5.810,8.923,12.830,8.240,2,45027,0.11,2026-08-10T14:18:44+00:00
2025-08-10T12:00:00+00:00,llo1,72,2025-08-07,28.00,4.790,8.671,5.550,6.469,2,45027,0.11,2026-08-10T14:18:44+00:00
2025-08-10T12:00:00+00:00,llo1,72,2025-08-07,33.00,4.530,8.400,4.880,5.518,2,45027,0.11,2026-08-10T14:18:44+00:00
2025-08-10T12:00:00+00:00,llo1,72,2025-08-07,38.00,4.390,8.126,4.620,4.970,2,45027,0.11,2026-08-10T14:18:44+00:00
2025-08-10T12:00:00+00:00,llo1,72,2025-08-07,43.00,4.200,7.950,4.390,,2,45027,0.11,2026-08-10T14:18:44+00:00
2025-08-12T12:00:00+00:00,llo1,120,2025-08-07,6.00,11.150,10.048,19.680,14.876,2,45027,0.11,2026-08-10T14:18:44+00:00
2025-08-12T12:00:00+00:00,llo1,120,2025-08-07,8.00,9.900,9.527,19.680,13.778,2,45027,0.11,2026-08-10T14:18:44+00:00
2025-08-12T12:00:00+00:00,llo1,120,2025-08-07,13.00,6.780,8.491,19.450,12.304,2,45027,0.11,2026-08-10T14:18:44+00:00
2025-08-12T12:00:00+00:00,llo1,120,2025-08-07,18.00,5.230,8.255,19.350,10.281,2,45027,0.11,2026-08-10T14:18:44+00:00
2025-08-12T12:00:00+00:00,llo1,120,2025-08-07,23.00,4.680,8.040,12.830,8.399,2,45027,0.11,2026-08-10T14:18:44+00:00
2025-08-12T12:00:00+00:00,llo1,120,2025-08-07,28.00,4.440,7.897,5.550,6.601,2,45027,0.11,2026-08-10T14:18:44+00:00
2025-08-12T12:00:00+00:00,llo1,120,2025-08-07,33.00,4.270,7.814,4.880,5.678,2,45027,0.11,2026-08-10T14:18:44+00:00
2025-08-12T12:00:00+00:00,llo1,120,2025-08-07,38.00,4.130,7.751,4.620,5.101,2,45027,0.11,2026-08-10T14:18:44+00:00
2025-08-12T12:00:00+00:00,llo1,120,2025-08-07,43.00,4.100,7.701,4.390,,2,45027,0.11,2026-08-10T14:18:44+00:00
2025-08-09T12:00:00+00:00,llo1,24,2025-08-08,6.00,20.280,16.568,20.130,15.446,2,45027,0.11,2026-08-10T14:18:44+00:00
2025-08-09T12:00:00+00:00,llo1,24,2025-08-08,8.00,20.280,13.830,19.990,13.983,2,45027,0.11,2026-08-10T14:18:44+00:00
2025-08-09T12:00:00+00:00,llo1,24,2025-08-08,13.00,20.070,11.460,19.760,12.072,2,45027,0.11,2026-08-10T14:18:44+00:00
2025-08-09T12:00:00+00:00,llo1,24,2025-08-08,18.00,19.640,10.221,19.520,9.909,2,45027,0.11,2026-08-10T14:18:44+00:00
2025-08-09T12:00:00+00:00,llo1,24,2025-08-08,23.00,7.420,9.442,7.790,8.089,2,45027,0.11,2026-08-10T14:18:44+00:00
2025-08-09T12:00:00+00:00,llo1,24,2025-08-08,28.00,5.020,8.913,4.920,6.392,2,45027,0.11,2026-08-10T14:18:44+00:00
2025-08-09T12:00:00+00:00,llo1,24,2025-08-08,33.00,4.730,8.473,4.680,5.469,2,45027,0.11,2026-08-10T14:18:44+00:00
2025-08-09T12:00:00+00:00,llo1,24,2025-08-08,38.00,4.530,8.119,4.520,4.942,2,45027,0.11,2026-08-10T14:18:44+00:00
2025-08-09T12:00:00+00:00,llo1,24,2025-08-08,43.00,4.400,7.929,4.320,,2,45027,0.11,2026-08-10T14:18:44+00:00
2025-08-10T12:00:00+00:00,llo1,48,2025-08-08,6.00,20.750,11.649,20.130,15.354,2,45027,0.11,2026-08-10T14:18:44+00:00
2025-08-10T12:00:00+00:00,llo1,48,2025-08-08,8.00,20.760,10.845,19.990,13.954,2,45027,0.11,2026-08-10T14:18:44+00:00
2025-08-10T12:00:00+00:00,llo1,48,2025-08-08,13.00,19.470,9.861,19.760,12.249,2,45027,0.11,2026-08-10T14:18:44+00:00
2025-08-10T12:00:00+00:00,llo1,48,2025-08-08,18.00,10.240,9.195,19.520,10.216,2,45027,0.11,2026-08-10T14:18:44+00:00
2025-08-10T12:00:00+00:00,llo1,48,2025-08-08,23.00,5.810,8.819,7.790,8.240,2,45027,0.11,2026-08-10T14:18:44+00:00
2025-08-10T12:00:00+00:00,llo1,48,2025-08-08,28.00,4.790,8.542,4.920,6.469,2,45027,0.11,2026-08-10T14:18:44+00:00
2025-08-10T12:00:00+00:00,llo1,48,2025-08-08,33.00,4.530,8.296,4.680,5.518,2,45027,0.11,2026-08-10T14:18:44+00:00
2025-08-10T12:00:00+00:00,llo1,48,2025-08-08,38.00,4.390,8.075,4.520,4.970,2,45027,0.11,2026-08-10T14:18:44+00:00
2025-08-10T12:00:00+00:00,llo1,48,2025-08-08,43.00,4.200,7.887,4.320,,2,45027,0.11,2026-08-10T14:18:44+00:00
2025-08-12T12:00:00+00:00,llo1,96,2025-08-08,6.00,11.150,9.290,20.130,14.876,2,45027,0.11,2026-08-10T14:18:44+00:00
2025-08-12T12:00:00+00:00,llo1,96,2025-08-08,8.00,9.900,8.913,19.990,13.778,2,45027,0.11,2026-08-10T14:18:44+00:00
2025-08-12T12:00:00+00:00,llo1,96,2025-08-08,13.00,6.780,8.192,19.760,12.304,2,45027,0.11,2026-08-10T14:18:44+00:00
2025-08-12T12:00:00+00:00,llo1,96,2025-08-08,18.00,5.230,7.876,19.520,10.281,2,45027,0.11,2026-08-10T14:18:44+00:00
2025-08-12T12:00:00+00:00,llo1,96,2025-08-08,23.00,4.680,7.682,7.790,8.399,2,45027,0.11,2026-08-10T14:18:44+00:00
2025-08-12T12:00:00+00:00,llo1,96,2025-08-08,28.00,4.440,7.555,4.920,6.601,2,45027,0.11,2026-08-10T14:18:44+00:00
2025-08-12T12:00:00+00:00,llo1,96,2025-08-08,33.00,4.270,7.487,4.680,5.678,2,45027,0.11,2026-08-10T14:18:44+00:00
2025-08-12T12:00:00+00:00,llo1,96,2025-08-08,38.00,4.130,7.432,4.520,5.101,2,45027,0.11,2026-08-10T14:18:44+00:00
2025-08-12T12:00:00+00:00,llo1,96,2025-08-08,43.00,4.100,7.356,4.320,,2,45027,0.11,2026-08-10T14:18:44+00:00
2025-08-13T12:00:00+00:00,llo1,120,2025-08-08,6.00,7.790,9.624,20.130,14.482,2,45027,0.11,2026-08-10T14:18:44+00:00
2025-08-13T12:00:00+00:00,llo1,120,2025-08-08,8.00,7.350,9.288,19.990,13.400,2,45027,0.11,2026-08-10T14:18:44+00:00
2025-08-13T12:00:00+00:00,llo1,120,2025-08-08,13.00,5.110,8.702,19.760,12.042,2,45027,0.11,2026-08-10T14:18:44+00:00
2025-08-13T12:00:00+00:00,llo1,120,2025-08-08,18.00,4.710,8.011,19.520,10.078,2,45027,0.11,2026-08-10T14:18:44+00:00
2025-08-13T12:00:00+00:00,llo1,120,2025-08-08,23.00,4.420,7.699,7.790,8.404,2,45027,0.11,2026-08-10T14:18:44+00:00
2025-08-13T12:00:00+00:00,llo1,120,2025-08-08,28.00,4.280,7.570,4.920,6.643,2,45027,0.11,2026-08-10T14:18:44+00:00
2025-08-13T12:00:00+00:00,llo1,120,2025-08-08,33.00,4.180,7.462,4.680,5.746,2,45027,0.11,2026-08-10T14:18:44+00:00
2025-08-13T12:00:00+00:00,llo1,120,2025-08-08,38.00,4.070,7.423,4.520,5.183,2,45027,0.11,2026-08-10T14:18:44+00:00
2025-08-13T12:00:00+00:00,llo1,120,2025-08-08,43.00,4.000,7.405,4.320,,2,45027,0.11,2026-08-10T14:18:44+00:00
2025-08-10T12:00:00+00:00,llo1,24,2025-08-09,6.00,20.750,10.446,20.280,15.354,2,45027,0.11,2026-08-10T14:18:44+00:00
2025-08-10T12:00:00+00:00,llo1,24,2025-08-09,8.00,20.760,10.034,20.280,13.954,2,45027,0.11,2026-08-10T14:18:44+00:00
2025-08-10T12:00:00+00:00,llo1,24,2025-08-09,13.00,19.470,9.200,20.070,12.249,2,45027,0.11,2026-08-10T14:18:44+00:00
2025-08-10T12:00:00+00:00,llo1,24,2025-08-09,18.00,10.240,8.735,19.640,10.216,2,45027,0.11,2026-08-10T14:18:44+00:00
2025-08-10T12:00:00+00:00,llo1,24,2025-08-09,23.00,5.810,8.406,7.420,8.240,2,45027,0.11,2026-08-10T14:18:44+00:00
2025-08-10T12:00:00+00:00,llo1,24,2025-08-09,28.00,4.790,8.224,5.020,6.469,2,45027,0.11,2026-08-10T14:18:44+00:00
2025-08-10T12:00:00+00:00,llo1,24,2025-08-09,33.00,4.530,8.010,4.730,5.518,2,45027,0.11,2026-08-10T14:18:44+00:00
2025-08-10T12:00:00+00:00,llo1,24,2025-08-09,38.00,4.390,7.833,4.530,4.970,2,45027,0.11,2026-08-10T14:18:44+00:00
2025-08-10T12:00:00+00:00,llo1,24,2025-08-09,43.00,4.200,7.626,4.400,,2,45027,0.11,2026-08-10T14:18:44+00:00
2025-08-12T12:00:00+00:00,llo1,72,2025-08-09,6.00,11.150,9.387,20.280,14.876,2,45027,0.11,2026-08-10T14:18:44+00:00
2025-08-12T12:00:00+00:00,llo1,72,2025-08-09,8.00,9.900,8.894,20.280,13.778,2,45027,0.11,2026-08-10T14:18:44+00:00
2025-08-12T12:00:00+00:00,llo1,72,2025-08-09,13.00,6.780,8.006,20.070,12.304,2,45027,0.11,2026-08-10T14:18:44+00:00
2025-08-12T12:00:00+00:00,llo1,72,2025-08-09,18.00,5.230,7.738,19.640,10.281,2,45027,0.11,2026-08-10T14:18:44+00:00
2025-08-12T12:00:00+00:00,llo1,72,2025-08-09,23.00,4.680,7.563,7.420,8.399,2,45027,0.11,2026-08-10T14:18:44+00:00
2025-08-12T12:00:00+00:00,llo1,72,2025-08-09,28.00,4.440,7.463,5.020,6.601,2,45027,0.11,2026-08-10T14:18:44+00:00
2025-08-12T12:00:00+00:00,llo1,72,2025-08-09,33.00,4.270,7.372,4.730,5.678,2,45027,0.11,2026-08-10T14:18:44+00:00
2025-08-12T12:00:00+00:00,llo1,72,2025-08-09,38.00,4.130,7.332,4.530,5.101,2,45027,0.11,2026-08-10T14:18:44+00:00
2025-08-12T12:00:00+00:00,llo1,72,2025-08-09,43.00,4.100,7.243,4.400,,2,45027,0.11,2026-08-10T14:18:44+00:00
2025-08-13T12:00:00+00:00,llo1,96,2025-08-09,6.00,7.790,8.997,20.280,14.482,2,45027,0.11,2026-08-10T14:18:44+00:00
2025-08-13T12:00:00+00:00,llo1,96,2025-08-09,8.00,7.350,8.676,20.280,13.400,2,45027,0.11,2026-08-10T14:18:44+00:00
2025-08-13T12:00:00+00:00,llo1,96,2025-08-09,13.00,5.110,7.710,20.070,12.042,2,45027,0.11,2026-08-10T14:18:44+00:00
2025-08-13T12:00:00+00:00,llo1,96,2025-08-09,18.00,4.710,7.543,19.640,10.078,2,45027,0.11,2026-08-10T14:18:44+00:00
2025-08-13T12:00:00+00:00,llo1,96,2025-08-09,23.00,4.420,7.517,7.420,8.404,2,45027,0.11,2026-08-10T14:18:44+00:00
2025-08-13T12:00:00+00:00,llo1,96,2025-08-09,28.00,4.280,7.418,5.020,6.643,2,45027,0.11,2026-08-10T14:18:44+00:00
2025-08-13T12:00:00+00:00,llo1,96,2025-08-09,33.00,4.180,7.348,4.730,5.746,2,45027,0.11,2026-08-10T14:18:44+00:00
2025-08-13T12:00:00+00:00,llo1,96,2025-08-09,38.00,4.070,7.317,4.530,5.183,2,45027,0.11,2026-08-10T14:18:44+00:00
2025-08-13T12:00:00+00:00,llo1,96,2025-08-09,43.00,4.000,7.273,4.400,,2,45027,0.11,2026-08-10T14:18:44+00:00
2025-08-14T12:00:00+00:00,llo1,120,2025-08-09,6.00,21.090,9.054,20.280,14.779,2,45027,0.11,2026-08-10T14:18:44+00:00
2025-08-14T12:00:00+00:00,llo1,120,2025-08-09,8.00,21.110,8.886,20.280,13.554,2,45027,0.11,2026-08-10T14:18:44+00:00
2025-08-14T12:00:00+00:00,llo1,120,2025-08-09,13.00,7.250,8.250,20.070,11.791,2,45027,0.11,2026-08-10T14:18:44+00:00
2025-08-14T12:00:00+00:00,llo1,120,2025-08-09,18.00,6.180,7.684,19.640,9.651,2,45027,0.11,2026-08-10T14:18:44+00:00
2025-08-14T12:00:00+00:00,llo1,120,2025-08-09,23.00,5.150,7.556,7.420,8.041,2,45027,0.11,2026-08-10T14:18:44+00:00
2025-08-14T12:00:00+00:00,llo1,120,2025-08-09,28.00,4.620,7.439,5.020,6.691,2,45027,0.11,2026-08-10T14:18:44+00:00
2025-08-14T12:00:00+00:00,llo1,120,2025-08-09,33.00,4.410,7.341,4.730,5.857,2,45027,0.11,2026-08-10T14:18:44+00:00
2025-08-14T12:00:00+00:00,llo1,120,2025-08-09,38.00,4.200,7.316,4.530,5.321,2,45027,0.11,2026-08-10T14:18:44+00:00
2025-08-14T12:00:00+00:00,llo1,120,2025-08-09,43.00,4.080,7.288,4.400,4.300,2,45027,0.11,2026-08-10T14:18:44+00:00
2025-08-12T12:00:00+00:00,llo1,48,2025-08-10,6.00,11.150,8.545,20.750,14.876,2,45027,0.11,2026-08-10T14:18:44+00:00
2025-08-12T12:00:00+00:00,llo1,48,2025-08-10,8.00,9.900,8.276,20.760,13.778,2,45027,0.11,2026-08-10T14:18:44+00:00
2025-08-12T12:00:00+00:00,llo1,48,2025-08-10,13.00,6.780,7.725,19.470,12.304,2,45027,0.11,2026-08-10T14:18:44+00:00
2025-08-12T12:00:00+00:00,llo1,48,2025-08-10,18.00,5.230,7.616,10.240,10.281,2,45027,0.11,2026-08-10T14:18:44+00:00
2025-08-12T12:00:00+00:00,llo1,48,2025-08-10,23.00,4.680,7.528,5.810,8.399,2,45027,0.11,2026-08-10T14:18:44+00:00
2025-08-12T12:00:00+00:00,llo1,48,2025-08-10,28.00,4.440,7.428,4.790,6.601,2,45027,0.11,2026-08-10T14:18:44+00:00
2025-08-12T12:00:00+00:00,llo1,48,2025-08-10,33.00,4.270,7.337,4.530,5.678,2,45027,0.11,2026-08-10T14:18:44+00:00
2025-08-12T12:00:00+00:00,llo1,48,2025-08-10,38.00,4.130,7.282,4.390,5.101,2,45027,0.11,2026-08-10T14:18:44+00:00
2025-08-12T12:00:00+00:00,llo1,48,2025-08-10,43.00,4.100,7.186,4.200,,2,45027,0.11,2026-08-10T14:18:44+00:00
2025-08-13T12:00:00+00:00,llo1,72,2025-08-10,6.00,7.790,9.008,20.750,14.482,2,45027,0.11,2026-08-10T14:18:44+00:00
2025-08-13T12:00:00+00:00,llo1,72,2025-08-10,8.00,7.350,8.788,20.760,13.400,2,45027,0.11,2026-08-10T14:18:44+00:00
2025-08-13T12:00:00+00:00,llo1,72,2025-08-10,13.00,5.110,8.080,19.470,12.042,2,45027,0.11,2026-08-10T14:18:44+00:00
2025-08-13T12:00:00+00:00,llo1,72,2025-08-10,18.00,4.710,7.601,10.240,10.078,2,45027,0.11,2026-08-10T14:18:44+00:00
2025-08-13T12:00:00+00:00,llo1,72,2025-08-10,23.00,4.420,7.497,5.810,8.404,2,45027,0.11,2026-08-10T14:18:44+00:00
2025-08-13T12:00:00+00:00,llo1,72,2025-08-10,28.00,4.280,7.402,4.790,6.643,2,45027,0.11,2026-08-10T14:18:44+00:00
2025-08-13T12:00:00+00:00,llo1,72,2025-08-10,33.00,4.180,7.279,4.530,5.746,2,45027,0.11,2026-08-10T14:18:44+00:00
2025-08-13T12:00:00+00:00,llo1,72,2025-08-10,38.00,4.070,7.201,4.390,5.183,2,45027,0.11,2026-08-10T14:18:44+00:00
2025-08-13T12:00:00+00:00,llo1,72,2025-08-10,43.00,4.000,7.128,4.200,,2,45027,0.11,2026-08-10T14:18:44+00:00
2025-08-14T12:00:00+00:00,llo1,96,2025-08-10,6.00,21.090,9.197,20.750,14.779,2,45027,0.11,2026-08-10T14:18:44+00:00
2025-08-14T12:00:00+00:00,llo1,96,2025-08-10,8.00,21.110,8.726,20.760,13.554,2,45027,0.11,2026-08-10T14:18:44+00:00
2025-08-14T12:00:00+00:00,llo1,96,2025-08-10,13.00,7.250,7.889,19.470,11.791,2,45027,0.11,2026-08-10T14:18:44+00:00
2025-08-14T12:00:00+00:00,llo1,96,2025-08-10,18.00,6.180,7.471,10.240,9.651,2,45027,0.11,2026-08-10T14:18:44+00:00
2025-08-14T12:00:00+00:00,llo1,96,2025-08-10,23.00,5.150,7.320,5.810,8.041,2,45027,0.11,2026-08-10T14:18:44+00:00
2025-08-14T12:00:00+00:00,llo1,96,2025-08-10,28.00,4.620,7.201,4.790,6.691,2,45027,0.11,2026-08-10T14:18:44+00:00
2025-08-14T12:00:00+00:00,llo1,96,2025-08-10,33.00,4.410,7.125,4.530,5.857,2,45027,0.11,2026-08-10T14:18:44+00:00
2025-08-14T12:00:00+00:00,llo1,96,2025-08-10,38.00,4.200,7.089,4.390,5.321,2,45027,0.11,2026-08-10T14:18:44+00:00
2025-08-14T12:00:00+00:00,llo1,96,2025-08-10,43.00,4.080,7.070,4.200,4.300,2,45027,0.11,2026-08-10T14:18:44+00:00
2025-08-15T12:00:00+00:00,llo1,120,2025-08-10,6.00,20.750,10.087,20.750,14.363,2,45027,0.11,2026-08-10T14:18:44+00:00
2025-08-15T12:00:00+00:00,llo1,120,2025-08-10,8.00,20.550,8.836,20.760,13.143,2,45027,0.11,2026-08-10T14:18:44+00:00
2025-08-15T12:00:00+00:00,llo1,120,2025-08-10,13.00,8.470,8.257,19.470,11.449,2,45027,0.11,2026-08-10T14:18:44+00:00
2025-08-15T12:00:00+00:00,llo1,120,2025-08-10,18.00,5.700,7.701,10.240,9.652,2,45027,0.11,2026-08-10T14:18:44+00:00
2025-08-15T12:00:00+00:00,llo1,120,2025-08-10,23.00,4.970,7.449,5.810,8.267,2,45027,0.11,2026-08-10T14:18:44+00:00
2025-08-15T12:00:00+00:00,llo1,120,2025-08-10,28.00,4.720,7.303,4.790,7.025,2,45027,0.11,2026-08-10T14:18:44+00:00
2025-08-15T12:00:00+00:00,llo1,120,2025-08-10,33.00,4.420,7.174,4.530,6.138,2,45027,0.11,2026-08-10T14:18:44+00:00
2025-08-15T12:00:00+00:00,llo1,120,2025-08-10,38.00,4.250,7.118,4.390,5.551,2,45027,0.11,2026-08-10T14:18:44+00:00
2025-08-15T12:00:00+00:00,llo1,120,2025-08-10,43.00,4.120,7.089,4.200,4.257,2,45027,0.11,2026-08-10T14:18:44+00:00
2025-08-12T12:00:00+00:00,llo1,24,2025-08-11,6.00,11.150,9.076,19.260,14.876,2,45027,0.11,2026-08-10T14:18:44+00:00
2025-08-12T12:00:00+00:00,llo1,24,2025-08-11,8.00,9.900,8.781,18.360,13.778,2,45027,0.11,2026-08-10T14:18:44+00:00
2025-08-12T12:00:00+00:00,llo1,24,2025-08-11,13.00,6.780,8.046,8.520,12.304,2,45027,0.11,2026-08-10T14:18:44+00:00
2025-08-12T12:00:00+00:00,llo1,24,2025-08-11,18.00,5.230,7.645,5.710,10.281,2,45027,0.11,2026-08-10T14:18:44+00:00
2025-08-12T12:00:00+00:00,llo1,24,2025-08-11,23.00,4.680,7.533,4.910,8.399,2,45027,0.11,2026-08-10T14:18:44+00:00
2025-08-12T12:00:00+00:00,llo1,24,2025-08-11,28.00,4.440,7.436,4.580,6.601,2,45027,0.11,2026-08-10T14:18:44+00:00
2025-08-12T12:00:00+00:00,llo1,24,2025-08-11,33.00,4.270,7.346,4.370,5.678,2,45027,0.11,2026-08-10T14:18:44+00:00
2025-08-12T12:00:00+00:00,llo1,24,2025-08-11,38.00,4.130,7.286,4.270,5.101,2,45027,0.11,2026-08-10T14:18:44+00:00
2025-08-12T12:00:00+00:00,llo1,24,2025-08-11,43.00,4.100,7.194,4.200,,2,45027,0.11,2026-08-10T14:18:44+00:00
2025-08-13T12:00:00+00:00,llo1,48,2025-08-11,6.00,7.790,8.638,19.260,14.482,2,45027,0.11,2026-08-10T14:18:44+00:00
2025-08-13T12:00:00+00:00,llo1,48,2025-08-11,8.00,7.350,8.638,18.360,13.400,2,45027,0.11,2026-08-10T14:18:44+00:00
2025-08-13T12:00:00+00:00,llo1,48,2025-08-11,13.00,5.110,8.576,8.520,12.042,2,45027,0.11,2026-08-10T14:18:44+00:00
2025-08-13T12:00:00+00:00,llo1,48,2025-08-11,18.00,4.710,7.968,5.710,10.078,2,45027,0.11,2026-08-10T14:18:44+00:00
2025-08-13T12:00:00+00:00,llo1,48,2025-08-11,23.00,4.420,7.567,4.910,8.404,2,45027,0.11,2026-08-10T14:18:44+00:00
2025-08-13T12:00:00+00:00,llo1,48,2025-08-11,28.00,4.280,7.460,4.580,6.643,2,45027,0.11,2026-08-10T14:18:44+00:00
2025-08-13T12:00:00+00:00,llo1,48,2025-08-11,33.00,4.180,7.332,4.370,5.746,2,45027,0.11,2026-08-10T14:18:44+00:00
2025-08-13T12:00:00+00:00,llo1,48,2025-08-11,38.00,4.070,7.241,4.270,5.183,2,45027,0.11,2026-08-10T14:18:44+00:00
2025-08-13T12:00:00+00:00,llo1,48,2025-08-11,43.00,4.000,7.169,4.200,,2,45027,0.11,2026-08-10T14:18:44+00:00
2025-08-14T12:00:00+00:00,llo1,72,2025-08-11,6.00,21.090,8.622,19.260,14.779,2,45027,0.11,2026-08-10T14:18:44+00:00
2025-08-14T12:00:00+00:00,llo1,72,2025-08-11,8.00,21.110,8.202,18.360,13.554,2,45027,0.11,2026-08-10T14:18:44+00:00
2025-08-14T12:00:00+00:00,llo1,72,2025-08-11,13.00,7.250,7.643,8.520,11.791,2,45027,0.11,2026-08-10T14:18:44+00:00
2025-08-14T12:00:00+00:00,llo1,72,2025-08-11,18.00,6.180,7.432,5.710,9.651,2,45027,0.11,2026-08-10T14:18:44+00:00
2025-08-14T12:00:00+00:00,llo1,72,2025-08-11,23.00,5.150,7.292,4.910,8.041,2,45027,0.11,2026-08-10T14:18:44+00:00
2025-08-14T12:00:00+00:00,llo1,72,2025-08-11,28.00,4.620,7.172,4.580,6.691,2,45027,0.11,2026-08-10T14:18:44+00:00
2025-08-14T12:00:00+00:00,llo1,72,2025-08-11,33.00,4.410,7.143,4.370,5.857,2,45027,0.11,2026-08-10T14:18:44+00:00
2025-08-14T12:00:00+00:00,llo1,72,2025-08-11,38.00,4.200,7.140,4.270,5.321,2,45027,0.11,2026-08-10T14:18:44+00:00
2025-08-14T12:00:00+00:00,llo1,72,2025-08-11,43.00,4.080,7.119,4.200,4.300,2,45027,0.11,2026-08-10T14:18:44+00:00
2025-08-15T12:00:00+00:00,llo1,96,2025-08-11,6.00,20.750,10.349,19.260,14.363,2,45027,0.11,2026-08-10T14:18:44+00:00
2025-08-15T12:00:00+00:00,llo1,96,2025-08-11,8.00,20.550,8.872,18.360,13.143,2,45027,0.11,2026-08-10T14:18:44+00:00
2025-08-15T12:00:00+00:00,llo1,96,2025-08-11,13.00,8.470,8.210,8.520,11.449,2,45027,0.11,2026-08-10T14:18:44+00:00
2025-08-15T12:00:00+00:00,llo1,96,2025-08-11,18.00,5.700,7.942,5.710,9.652,2,45027,0.11,2026-08-10T14:18:44+00:00
2025-08-15T12:00:00+00:00,llo1,96,2025-08-11,23.00,4.970,7.603,4.910,8.267,2,45027,0.11,2026-08-10T14:18:44+00:00
2025-08-15T12:00:00+00:00,llo1,96,2025-08-11,28.00,4.720,7.393,4.580,7.025,2,45027,0.11,2026-08-10T14:18:44+00:00
2025-08-15T12:00:00+00:00,llo1,96,2025-08-11,33.00,4.420,7.255,4.370,6.138,2,45027,0.11,2026-08-10T14:18:44+00:00
2025-08-15T12:00:00+00:00,llo1,96,2025-08-11,38.00,4.250,7.208,4.270,5.551,2,45027,0.11,2026-08-10T14:18:44+00:00
2025-08-15T12:00:00+00:00,llo1,96,2025-08-11,43.00,4.120,7.184,4.200,4.257,2,45027,0.11,2026-08-10T14:18:44+00:00
2025-08-16T12:00:00+00:00,llo1,120,2025-08-11,6.00,20.810,8.227,19.260,14.048,2,45027,0.11,2026-08-10T14:18:44+00:00
2025-08-16T12:00:00+00:00,llo1,120,2025-08-11,8.00,16.950,7.944,18.360,12.670,2,45027,0.11,2026-08-10T14:18:44+00:00
2025-08-16T12:00:00+00:00,llo1,120,2025-08-11,13.00,10.900,7.641,8.520,11.159,2,45027,0.11,2026-08-10T14:18:44+00:00
2025-08-16T12:00:00+00:00,llo1,120,2025-08-11,18.00,7.010,7.333,5.710,9.814,2,45027,0.11,2026-08-10T14:18:44+00:00
2025-08-16T12:00:00+00:00,llo1,120,2025-08-11,23.00,5.540,7.236,4.910,8.538,2,45027,0.11,2026-08-10T14:18:44+00:00
2025-08-16T12:00:00+00:00,llo1,120,2025-08-11,28.00,4.740,7.194,4.580,7.262,2,45027,0.11,2026-08-10T14:18:44+00:00
2025-08-16T12:00:00+00:00,llo1,120,2025-08-11,33.00,4.470,7.192,4.370,6.375,2,45027,0.11,2026-08-10T14:18:44+00:00
2025-08-16T12:00:00+00:00,llo1,120,2025-08-11,38.00,4.400,7.166,4.270,5.777,2,45027,0.11,2026-08-10T14:18:44+00:00
2025-08-16T12:00:00+00:00,llo1,120,2025-08-11,43.00,4.370,7.108,4.200,4.546,2,45027,0.11,2026-08-10T14:18:44+00:00
2025-08-13T12:00:00+00:00,llo1,24,2025-08-12,6.00,7.790,8.651,11.150,14.482,2,45027,0.11,2026-08-10T14:18:44+00:00
2025-08-13T12:00:00+00:00,llo1,24,2025-08-12,8.00,7.350,8.545,9.900,13.400,2,45027,0.11,2026-08-10T14:18:44+00:00
2025-08-13T12:00:00+00:00,llo1,24,2025-08-12,13.00,5.110,8.071,6.780,12.042,2,45027,0.11,2026-08-10T14:18:44+00:00
2025-08-13T12:00:00+00:00,llo1,24,2025-08-12,18.00,4.710,7.663,5.230,10.078,2,45027,0.11,2026-08-10T14:18:44+00:00
2025-08-13T12:00:00+00:00,llo1,24,2025-08-12,23.00,4.420,7.453,4.680,8.404,2,45027,0.11,2026-08-10T14:18:44+00:00
2025-08-13T12:00:00+00:00,llo1,24,2025-08-12,28.00,4.280,7.374,4.440,6.643,2,45027,0.11,2026-08-10T14:18:44+00:00
2025-08-13T12:00:00+00:00,llo1,24,2025-08-12,33.00,4.180,7.258,4.270,5.746,2,45027,0.11,2026-08-10T14:18:44+00:00
2025-08-13T12:00:00+00:00,llo1,24,2025-08-12,38.00,4.070,7.163,4.130,5.183,2,45027,0.11,2026-08-10T14:18:44+00:00
2025-08-13T12:00:00+00:00,llo1,24,2025-08-12,43.00,4.000,7.093,4.100,,2,45027,0.11,2026-08-10T14:18:44+00:00
2025-08-14T12:00:00+00:00,llo1,48,2025-08-12,6.00,21.090,8.943,11.150,14.779,2,45027,0.11,2026-08-10T14:18:44+00:00
2025-08-14T12:00:00+00:00,llo1,48,2025-08-12,8.00,21.110,8.083,9.900,13.554,2,45027,0.11,2026-08-10T14:18:44+00:00
2025-08-14T12:00:00+00:00,llo1,48,2025-08-12,13.00,7.250,7.808,6.780,11.791,2,45027,0.11,2026-08-10T14:18:44+00:00
2025-08-14T12:00:00+00:00,llo1,48,2025-08-12,18.00,6.180,7.424,5.230,9.651,2,45027,0.11,2026-08-10T14:18:44+00:00
2025-08-14T12:00:00+00:00,llo1,48,2025-08-12,23.00,5.150,7.316,4.680,8.041,2,45027,0.11,2026-08-10T14:18:44+00:00
2025-08-14T12:00:00+00:00,llo1,48,2025-08-12,28.00,4.620,7.197,4.440,6.691,2,45027,0.11,2026-08-10T14:18:44+00:00
2025-08-14T12:00:00+00:00,llo1,48,2025-08-12,33.00,4.410,7.136,4.270,5.857,2,45027,0.11,2026-08-10T14:18:44+00:00
2025-08-14T12:00:00+00:00,llo1,48,2025-08-12,38.00,4.200,7.132,4.130,5.321,2,45027,0.11,2026-08-10T14:18:44+00:00
2025-08-14T12:00:00+00:00,llo1,48,2025-08-12,43.00,4.080,7.088,4.100,4.300,2,45027,0.11,2026-08-10T14:18:44+00:00
2025-08-15T12:00:00+00:00,llo1,72,2025-08-12,6.00,20.750,9.482,11.150,14.363,2,45027,0.11,2026-08-10T14:18:44+00:00
2025-08-15T12:00:00+00:00,llo1,72,2025-08-12,8.00,20.550,8.630,9.900,13.143,2,45027,0.11,2026-08-10T14:18:44+00:00
2025-08-15T12:00:00+00:00,llo1,72,2025-08-12,13.00,8.470,8.444,6.780,11.449,2,45027,0.11,2026-08-10T14:18:44+00:00
2025-08-15T12:00:00+00:00,llo1,72,2025-08-12,18.00,5.700,7.897,5.230,9.652,2,45027,0.11,2026-08-10T14:18:44+00:00
2025-08-15T12:00:00+00:00,llo1,72,2025-08-12,23.00,4.970,7.598,4.680,8.267,2,45027,0.11,2026-08-10T14:18:44+00:00
2025-08-15T12:00:00+00:00,llo1,72,2025-08-12,28.00,4.720,7.433,4.440,7.025,2,45027,0.11,2026-08-10T14:18:44+00:00
2025-08-15T12:00:00+00:00,llo1,72,2025-08-12,33.00,4.420,7.319,4.270,6.138,2,45027,0.11,2026-08-10T14:18:44+00:00
2025-08-15T12:00:00+00:00,llo1,72,2025-08-12,38.00,4.250,7.236,4.130,5.551,2,45027,0.11,2026-08-10T14:18:44+00:00
2025-08-15T12:00:00+00:00,llo1,72,2025-08-12,43.00,4.120,7.232,4.100,4.257,2,45027,0.11,2026-08-10T14:18:44+00:00
2025-08-16T12:00:00+00:00,llo1,96,2025-08-12,6.00,20.810,8.494,11.150,14.048,2,45027,0.11,2026-08-10T14:18:44+00:00
2025-08-16T12:00:00+00:00,llo1,96,2025-08-12,8.00,16.950,8.008,9.900,12.670,2,45027,0.11,2026-08-10T14:18:44+00:00
2025-08-16T12:00:00+00:00,llo1,96,2025-08-12,13.00,10.900,7.850,6.780,11.159,2,45027,0.11,2026-08-10T14:18:44+00:00
2025-08-16T12:00:00+00:00,llo1,96,2025-08-12,18.00,7.010,7.604,5.230,9.814,2,45027,0.11,2026-08-10T14:18:44+00:00
2025-08-16T12:00:00+00:00,llo1,96,2025-08-12,23.00,5.540,7.363,4.680,8.538,2,45027,0.11,2026-08-10T14:18:44+00:00
2025-08-16T12:00:00+00:00,llo1,96,2025-08-12,28.00,4.740,7.270,4.440,7.262,2,45027,0.11,2026-08-10T14:18:44+00:00
2025-08-16T12:00:00+00:00,llo1,96,2025-08-12,33.00,4.470,7.214,4.270,6.375,2,45027,0.11,2026-08-10T14:18:44+00:00
2025-08-16T12:00:00+00:00,llo1,96,2025-08-12,38.00,4.400,7.163,4.130,5.777,2,45027,0.11,2026-08-10T14:18:44+00:00
2025-08-16T12:00:00+00:00,llo1,96,2025-08-12,43.00,4.370,7.114,4.100,4.546,2,45027,0.11,2026-08-10T14:18:44+00:00
2025-08-17T12:00:00+00:00,llo1,120,2025-08-12,6.00,18.330,11.441,11.150,14.155,2,45027,0.11,2026-08-10T14:18:44+00:00
2025-08-17T12:00:00+00:00,llo1,120,2025-08-12,8.00,18.370,9.473,9.900,12.949,2,45027,0.11,2026-08-10T14:18:44+00:00
2025-08-17T12:00:00+00:00,llo1,120,2025-08-12,13.00,18.340,8.145,6.780,11.584,2,45027,0.11,2026-08-10T14:18:44+00:00
2025-08-17T12:00:00+00:00,llo1,120,2025-08-12,18.00,18.220,7.894,5.230,10.198,2,45027,0.11,2026-08-10T14:18:44+00:00
2025-08-17T12:00:00+00:00,llo1,120,2025-08-12,23.00,17.130,7.650,4.680,8.987,2,45027,0.11,2026-08-10T14:18:44+00:00
2025-08-17T12:00:00+00:00,llo1,120,2025-08-12,28.00,14.520,7.458,4.440,7.765,2,45027,0.11,2026-08-10T14:18:44+00:00
2025-08-17T12:00:00+00:00,llo1,120,2025-08-12,33.00,13.420,7.316,4.270,6.884,2,45027,0.11,2026-08-10T14:18:44+00:00
2025-08-17T12:00:00+00:00,llo1,120,2025-08-12,38.00,9.800,7.236,4.130,6.247,2,45027,0.11,2026-08-10T14:18:44+00:00
2025-08-17T12:00:00+00:00,llo1,120,2025-08-12,43.00,8.270,7.208,4.100,4.520,2,45027,0.11,2026-08-10T14:18:44+00:00
2025-08-14T12:00:00+00:00,llo1,24,2025-08-13,6.00,21.090,9.924,7.790,14.779,2,45027,0.11,2026-08-10T14:18:44+00:00
2025-08-14T12:00:00+00:00,llo1,24,2025-08-13,8.00,21.110,8.815,7.350,13.554,2,45027,0.11,2026-08-10T14:18:44+00:00
2025-08-14T12:00:00+00:00,llo1,24,2025-08-13,13.00,7.250,8.025,5.110,11.791,2,45027,0.11,2026-08-10T14:18:44+00:00
2025-08-14T12:00:00+00:00,llo1,24,2025-08-13,18.00,6.180,7.662,4.710,9.651,2,45027,0.11,2026-08-10T14:18:44+00:00
2025-08-14T12:00:00+00:00,llo1,24,2025-08-13,23.00,5.150,7.413,4.420,8.041,2,45027,0.11,2026-08-10T14:18:44+00:00
2025-08-14T12:00:00+00:00,llo1,24,2025-08-13,28.00,4.620,7.234,4.280,6.691,2,45027,0.11,2026-08-10T14:18:44+00:00
2025-08-14T12:00:00+00:00,llo1,24,2025-08-13,33.00,4.410,7.104,4.180,5.857,2,45027,0.11,2026-08-10T14:18:44+00:00
2025-08-14T12:00:00+00:00,llo1,24,2025-08-13,38.00,4.200,7.069,4.070,5.321,2,45027,0.11,2026-08-10T14:18:44+00:00
2025-08-14T12:00:00+00:00,llo1,24,2025-08-13,43.00,4.080,7.035,4.000,4.300,2,45027,0.11,2026-08-10T14:18:44+00:00
2025-08-15T12:00:00+00:00,llo1,48,2025-08-13,6.00,20.750,10.377,7.790,14.363,2,45027,0.11,2026-08-10T14:18:44+00:00
2025-08-15T12:00:00+00:00,llo1,48,2025-08-13,8.00,20.550,9.324,7.350,13.143,2,45027,0.11,2026-08-10T14:18:44+00:00
2025-08-15T12:00:00+00:00,llo1,48,2025-08-13,13.00,8.470,8.829,5.110,11.449,2,45027,0.11,2026-08-10T14:18:44+00:00
2025-08-15T12:00:00+00:00,llo1,48,2025-08-13,18.00,5.700,8.229,4.710,9.652,2,45027,0.11,2026-08-10T14:18:44+00:00
2025-08-15T12:00:00+00:00,llo1,48,2025-08-13,23.00,4.970,7.707,4.420,8.267,2,45027,0.11,2026-08-10T14:18:44+00:00
2025-08-15T12:00:00+00:00,llo1,48,2025-08-13,28.00,4.720,7.408,4.280,7.025,2,45027,0.11,2026-08-10T14:18:44+00:00
2025-08-15T12:00:00+00:00,llo1,48,2025-08-13,33.00,4.420,7.258,4.180,6.138,2,45027,0.11,2026-08-10T14:18:44+00:00
2025-08-15T12:00:00+00:00,llo1,48,2025-08-13,38.00,4.250,7.224,4.070,5.551,2,45027,0.11,2026-08-10T14:18:44+00:00
2025-08-15T12:00:00+00:00,llo1,48,2025-08-13,43.00,4.120,7.225,4.000,4.257,2,45027,0.11,2026-08-10T14:18:44+00:00
2025-08-16T12:00:00+00:00,llo1,72,2025-08-13,6.00,20.810,10.133,7.790,14.048,2,45027,0.11,2026-08-10T14:18:44+00:00
2025-08-16T12:00:00+00:00,llo1,72,2025-08-13,8.00,16.950,9.594,7.350,12.670,2,45027,0.11,2026-08-10T14:18:44+00:00
2025-08-16T12:00:00+00:00,llo1,72,2025-08-13,13.00,10.900,9.038,5.110,11.159,2,45027,0.11,2026-08-10T14:18:44+00:00
2025-08-16T12:00:00+00:00,llo1,72,2025-08-13,18.00,7.010,8.579,4.710,9.814,2,45027,0.11,2026-08-10T14:18:44+00:00
2025-08-16T12:00:00+00:00,llo1,72,2025-08-13,23.00,5.540,8.206,4.420,8.538,2,45027,0.11,2026-08-10T14:18:44+00:00
2025-08-16T12:00:00+00:00,llo1,72,2025-08-13,28.00,4.740,7.903,4.280,7.262,2,45027,0.11,2026-08-10T14:18:44+00:00
2025-08-16T12:00:00+00:00,llo1,72,2025-08-13,33.00,4.470,7.730,4.180,6.375,2,45027,0.11,2026-08-10T14:18:44+00:00
2025-08-16T12:00:00+00:00,llo1,72,2025-08-13,38.00,4.400,7.492,4.070,5.777,2,45027,0.11,2026-08-10T14:18:44+00:00
2025-08-16T12:00:00+00:00,llo1,72,2025-08-13,43.00,4.370,7.438,4.000,4.546,2,45027,0.11,2026-08-10T14:18:44+00:00
2025-08-17T12:00:00+00:00,llo1,96,2025-08-13,6.00,18.330,12.764,7.790,14.155,2,45027,0.11,2026-08-10T14:18:44+00:00
2025-08-17T12:00:00+00:00,llo1,96,2025-08-13,8.00,18.370,12.059,7.350,12.949,2,45027,0.11,2026-08-10T14:18:44+00:00
2025-08-17T12:00:00+00:00,llo1,96,2025-08-13,13.00,18.340,10.217,5.110,11.584,2,45027,0.11,2026-08-10T14:18:44+00:00
2025-08-17T12:00:00+00:00,llo1,96,2025-08-13,18.00,18.220,9.407,4.710,10.198,2,45027,0.11,2026-08-10T14:18:44+00:00
2025-08-17T12:00:00+00:00,llo1,96,2025-08-13,23.00,17.130,8.806,4.420,8.987,2,45027,0.11,2026-08-10T14:18:44+00:00
2025-08-17T12:00:00+00:00,llo1,96,2025-08-13,28.00,14.520,8.306,4.280,7.765,2,45027,0.11,2026-08-10T14:18:44+00:00
2025-08-17T12:00:00+00:00,llo1,96,2025-08-13,33.00,13.420,7.947,4.180,6.884,2,45027,0.11,2026-08-10T14:18:44+00:00
2025-08-17T12:00:00+00:00,llo1,96,2025-08-13,38.00,9.800,7.837,4.070,6.247,2,45027,0.11,2026-08-10T14:18:44+00:00
2025-08-17T12:00:00+00:00,llo1,96,2025-08-13,43.00,8.270,7.827,4.000,4.520,2,45027,0.11,2026-08-10T14:18:44+00:00
2025-08-18T12:00:00+00:00,llo1,120,2025-08-13,6.00,17.720,16.904,7.790,14.588,2,45027,0.11,2026-08-10T14:18:44+00:00
2025-08-18T12:00:00+00:00,llo1,120,2025-08-13,8.00,17.760,16.086,7.350,13.430,2,45027,0.11,2026-08-10T14:18:44+00:00
2025-08-18T12:00:00+00:00,llo1,120,2025-08-13,13.00,17.740,13.801,5.110,12.116,2,45027,0.11,2026-08-10T14:18:44+00:00
2025-08-18T12:00:00+00:00,llo1,120,2025-08-13,18.00,17.730,12.178,4.710,10.741,2,45027,0.11,2026-08-10T14:18:44+00:00
2025-08-18T12:00:00+00:00,llo1,120,2025-08-13,23.00,17.580,10.961,4.420,9.537,2,45027,0.11,2026-08-10T14:18:44+00:00
2025-08-18T12:00:00+00:00,llo1,120,2025-08-13,28.00,17.360,10.001,4.280,8.271,2,45027,0.11,2026-08-10T14:18:44+00:00
2025-08-18T12:00:00+00:00,llo1,120,2025-08-13,33.00,16.490,9.441,4.180,7.303,2,45027,0.11,2026-08-10T14:18:44+00:00
2025-08-18T12:00:00+00:00,llo1,120,2025-08-13,38.00,15.680,9.182,4.070,6.363,2,45027,0.11,2026-08-10T14:18:44+00:00
2025-08-18T12:00:00+00:00,llo1,120,2025-08-13,43.00,14.680,8.773,4.000,4.733,2,45027,0.11,2026-08-10T14:18:44+00:00
2025-08-15T12:00:00+00:00,llo1,24,2025-08-14,6.00,20.750,9.800,21.090,14.363,2,45027,0.11,2026-08-10T14:18:44+00:00
2025-08-15T12:00:00+00:00,llo1,24,2025-08-14,8.00,20.550,8.689,21.110,13.143,2,45027,0.11,2026-08-10T14:18:44+00:00
2025-08-15T12:00:00+00:00,llo1,24,2025-08-14,13.00,8.470,8.389,7.250,11.449,2,45027,0.11,2026-08-10T14:18:44+00:00
2025-08-15T12:00:00+00:00,llo1,24,2025-08-14,18.00,5.700,7.932,6.180,9.652,2,45027,0.11,2026-08-10T14:18:44+00:00
2025-08-15T12:00:00+00:00,llo1,24,2025-08-14,23.00,4.970,7.478,5.150,8.267,2,45027,0.11,2026-08-10T14:18:44+00:00
2025-08-15T12:00:00+00:00,llo1,24,2025-08-14,28.00,4.720,7.306,4.620,7.025,2,45027,0.11,2026-08-10T14:18:44+00:00
2025-08-15T12:00:00+00:00,llo1,24,2025-08-14,33.00,4.420,7.164,4.410,6.138,2,45027,0.11,2026-08-10T14:18:44+00:00
2025-08-15T12:00:00+00:00,llo1,24,2025-08-14,38.00,4.250,7.113,4.200,5.551,2,45027,0.11,2026-08-10T14:18:44+00:00
2025-08-15T12:00:00+00:00,llo1,24,2025-08-14,43.00,4.120,7.111,4.080,4.257,2,45027,0.11,2026-08-10T14:18:44+00:00
2025-08-16T12:00:00+00:00,llo1,48,2025-08-14,6.00,20.810,10.653,21.090,14.048,2,45027,0.11,2026-08-10T14:18:44+00:00
2025-08-16T12:00:00+00:00,llo1,48,2025-08-14,8.00,16.950,9.599,21.110,12.670,2,45027,0.11,2026-08-10T14:18:44+00:00
2025-08-16T12:00:00+00:00,llo1,48,2025-08-14,13.00,10.900,8.649,7.250,11.159,2,45027,0.11,2026-08-10T14:18:44+00:00
2025-08-16T12:00:00+00:00,llo1,48,2025-08-14,18.00,7.010,8.252,6.180,9.814,2,45027,0.11,2026-08-10T14:18:44+00:00
2025-08-16T12:00:00+00:00,llo1,48,2025-08-14,23.00,5.540,7.850,5.150,8.538,2,45027,0.11,2026-08-10T14:18:44+00:00
2025-08-16T12:00:00+00:00,llo1,48,2025-08-14,28.00,4.740,7.525,4.620,7.262,2,45027,0.11,2026-08-10T14:18:44+00:00
2025-08-16T12:00:00+00:00,llo1,48,2025-08-14,33.00,4.470,7.309,4.410,6.375,2,45027,0.11,2026-08-10T14:18:44+00:00
2025-08-16T12:00:00+00:00,llo1,48,2025-08-14,38.00,4.400,7.227,4.200,5.777,2,45027,0.11,2026-08-10T14:18:44+00:00
2025-08-16T12:00:00+00:00,llo1,48,2025-08-14,43.00,4.370,7.228,4.080,4.546,2,45027,0.11,2026-08-10T14:18:44+00:00
2025-08-17T12:00:00+00:00,llo1,72,2025-08-14,6.00,18.330,15.235,21.090,14.155,2,45027,0.11,2026-08-10T14:18:44+00:00
2025-08-17T12:00:00+00:00,llo1,72,2025-08-14,8.00,18.370,13.021,21.110,12.949,2,45027,0.11,2026-08-10T14:18:44+00:00
2025-08-17T12:00:00+00:00,llo1,72,2025-08-14,13.00,18.340,10.418,7.250,11.584,2,45027,0.11,2026-08-10T14:18:44+00:00
2025-08-17T12:00:00+00:00,llo1,72,2025-08-14,18.00,18.220,9.342,6.180,10.198,2,45027,0.11,2026-08-10T14:18:44+00:00
2025-08-17T12:00:00+00:00,llo1,72,2025-08-14,23.00,17.130,8.686,5.150,8.987,2,45027,0.11,2026-08-10T14:18:44+00:00
2025-08-17T12:00:00+00:00,llo1,72,2025-08-14,28.00,14.520,8.191,4.620,7.765,2,45027,0.11,2026-08-10T14:18:44+00:00
2025-08-17T12:00:00+00:00,llo1,72,2025-08-14,33.00,13.420,7.807,4.410,6.884,2,45027,0.11,2026-08-10T14:18:44+00:00
2025-08-17T12:00:00+00:00,llo1,72,2025-08-14,38.00,9.800,7.650,4.200,6.247,2,45027,0.11,2026-08-10T14:18:44+00:00
2025-08-17T12:00:00+00:00,llo1,72,2025-08-14,43.00,8.270,7.636,4.080,4.520,2,45027,0.11,2026-08-10T14:18:44+00:00
2025-08-18T12:00:00+00:00,llo1,96,2025-08-14,6.00,17.720,17.705,21.090,14.588,2,45027,0.11,2026-08-10T14:18:44+00:00
2025-08-18T12:00:00+00:00,llo1,96,2025-08-14,8.00,17.760,16.971,21.110,13.430,2,45027,0.11,2026-08-10T14:18:44+00:00
2025-08-18T12:00:00+00:00,llo1,96,2025-08-14,13.00,17.740,15.137,7.250,12.116,2,45027,0.11,2026-08-10T14:18:44+00:00
2025-08-18T12:00:00+00:00,llo1,96,2025-08-14,18.00,17.730,13.310,6.180,10.741,2,45027,0.11,2026-08-10T14:18:44+00:00
2025-08-18T12:00:00+00:00,llo1,96,2025-08-14,23.00,17.580,11.777,5.150,9.537,2,45027,0.11,2026-08-10T14:18:44+00:00
2025-08-18T12:00:00+00:00,llo1,96,2025-08-14,28.00,17.360,10.159,4.620,8.271,2,45027,0.11,2026-08-10T14:18:44+00:00
2025-08-18T12:00:00+00:00,llo1,96,2025-08-14,33.00,16.490,9.629,4.410,7.303,2,45027,0.11,2026-08-10T14:18:44+00:00
2025-08-18T12:00:00+00:00,llo1,96,2025-08-14,38.00,15.680,9.185,4.200,6.363,2,45027,0.11,2026-08-10T14:18:44+00:00
2025-08-18T12:00:00+00:00,llo1,96,2025-08-14,43.00,14.680,8.573,4.080,4.733,2,45027,0.11,2026-08-10T14:18:44+00:00
2025-08-19T12:00:00+00:00,llo1,120,2025-08-14,6.00,17.530,17.745,21.090,15.001,2,45027,0.11,2026-08-10T14:18:44+00:00
2025-08-19T12:00:00+00:00,llo1,120,2025-08-14,8.00,17.520,16.983,21.110,13.890,2,45027,0.11,2026-08-10T14:18:44+00:00
2025-08-19T12:00:00+00:00,llo1,120,2025-08-14,13.00,17.330,15.579,7.250,12.603,2,45027,0.11,2026-08-10T14:18:44+00:00
2025-08-19T12:00:00+00:00,llo1,120,2025-08-14,18.00,17.300,13.723,6.180,11.212,2,45027,0.11,2026-08-10T14:18:44+00:00
2025-08-19T12:00:00+00:00,llo1,120,2025-08-14,23.00,17.180,11.912,5.150,9.896,2,45027,0.11,2026-08-10T14:18:44+00:00
2025-08-19T12:00:00+00:00,llo1,120,2025-08-14,28.00,16.810,10.776,4.620,8.630,2,45027,0.11,2026-08-10T14:18:44+00:00
2025-08-19T12:00:00+00:00,llo1,120,2025-08-14,33.00,15.820,9.971,4.410,7.547,2,45027,0.11,2026-08-10T14:18:44+00:00
2025-08-19T12:00:00+00:00,llo1,120,2025-08-14,38.00,6.450,9.442,4.200,6.461,2,45027,0.11,2026-08-10T14:18:44+00:00
2025-08-19T12:00:00+00:00,llo1,120,2025-08-14,43.00,5.660,9.117,4.080,4.630,2,45027,0.11,2026-08-10T14:18:44+00:00
2025-08-16T12:00:00+00:00,llo1,24,2025-08-15,6.00,20.810,8.049,20.750,14.048,2,45027,0.11,2026-08-10T14:18:44+00:00
2025-08-16T12:00:00+00:00,llo1,24,2025-08-15,8.00,16.950,7.838,20.550,12.670,2,45027,0.11,2026-08-10T14:18:44+00:00
2025-08-16T12:00:00+00:00,llo1,24,2025-08-15,13.00,10.900,7.594,8.470,11.159,2,45027,0.11,2026-08-10T14:18:44+00:00
2025-08-16T12:00:00+00:00,llo1,24,2025-08-15,18.00,7.010,7.325,5.700,9.814,2,45027,0.11,2026-08-10T14:18:44+00:00
2025-08-16T12:00:00+00:00,llo1,24,2025-08-15,23.00,5.540,7.075,4.970,8.538,2,45027,0.11,2026-08-10T14:18:44+00:00
2025-08-16T12:00:00+00:00,llo1,24,2025-08-15,28.00,4.740,7.022,4.720,7.262,2,45027,0.11,2026-08-10T14:18:44+00:00
2025-08-16T12:00:00+00:00,llo1,24,2025-08-15,33.00,4.470,7.001,4.420,6.375,2,45027,0.11,2026-08-10T14:18:44+00:00
2025-08-16T12:00:00+00:00,llo1,24,2025-08-15,38.00,4.400,6.954,4.250,5.777,2,45027,0.11,2026-08-10T14:18:44+00:00
2025-08-16T12:00:00+00:00,llo1,24,2025-08-15,43.00,4.370,6.896,4.120,4.546,2,45027,0.11,2026-08-10T14:18:44+00:00
2025-08-17T12:00:00+00:00,llo1,48,2025-08-15,6.00,18.330,19.657,20.750,14.155,2,45027,0.11,2026-08-10T14:18:44+00:00
2025-08-17T12:00:00+00:00,llo1,48,2025-08-15,8.00,18.370,19.123,20.550,12.949,2,45027,0.11,2026-08-10T14:18:44+00:00
2025-08-17T12:00:00+00:00,llo1,48,2025-08-15,13.00,18.340,14.439,8.470,11.584,2,45027,0.11,2026-08-10T14:18:44+00:00
2025-08-17T12:00:00+00:00,llo1,48,2025-08-15,18.00,18.220,10.074,5.700,10.198,2,45027,0.11,2026-08-10T14:18:44+00:00
2025-08-17T12:00:00+00:00,llo1,48,2025-08-15,23.00,17.130,9.196,4.970,8.987,2,45027,0.11,2026-08-10T14:18:44+00:00
2025-08-17T12:00:00+00:00,llo1,48,2025-08-15,28.00,14.520,8.542,4.720,7.765,2,45027,0.11,2026-08-10T14:18:44+00:00
2025-08-17T12:00:00+00:00,llo1,48,2025-08-15,33.00,13.420,8.181,4.420,6.884,2,45027,0.11,2026-08-10T14:18:44+00:00
2025-08-17T12:00:00+00:00,llo1,48,2025-08-15,38.00,9.800,7.933,4.250,6.247,2,45027,0.11,2026-08-10T14:18:44+00:00
2025-08-17T12:00:00+00:00,llo1,48,2025-08-15,43.00,8.270,7.724,4.120,4.520,2,45027,0.11,2026-08-10T14:18:44+00:00
2025-08-18T12:00:00+00:00,llo1,72,2025-08-15,6.00,17.720,14.122,20.750,14.588,2,45027,0.11,2026-08-10T14:18:44+00:00
2025-08-18T12:00:00+00:00,llo1,72,2025-08-15,8.00,17.760,13.618,20.550,13.430,2,45027,0.11,2026-08-10T14:18:44+00:00
2025-08-18T12:00:00+00:00,llo1,72,2025-08-15,13.00,17.740,13.030,8.470,12.116,2,45027,0.11,2026-08-10T14:18:44+00:00
2025-08-18T12:00:00+00:00,llo1,72,2025-08-15,18.00,17.730,12.274,5.700,10.741,2,45027,0.11,2026-08-10T14:18:44+00:00
2025-08-18T12:00:00+00:00,llo1,72,2025-08-15,23.00,17.580,11.526,4.970,9.537,2,45027,0.11,2026-08-10T14:18:44+00:00
2025-08-18T12:00:00+00:00,llo1,72,2025-08-15,28.00,17.360,10.746,4.720,8.271,2,45027,0.11,2026-08-10T14:18:44+00:00
2025-08-18T12:00:00+00:00,llo1,72,2025-08-15,33.00,16.490,10.204,4.420,7.303,2,45027,0.11,2026-08-10T14:18:44+00:00
2025-08-18T12:00:00+00:00,llo1,72,2025-08-15,38.00,15.680,9.905,4.250,6.363,2,45027,0.11,2026-08-10T14:18:44+00:00
2025-08-18T12:00:00+00:00,llo1,72,2025-08-15,43.00,14.680,9.667,4.120,4.733,2,45027,0.11,2026-08-10T14:18:44+00:00
2025-08-19T12:00:00+00:00,llo1,96,2025-08-15,6.00,17.530,16.571,20.750,15.001,2,45027,0.11,2026-08-10T14:18:44+00:00
2025-08-19T12:00:00+00:00,llo1,96,2025-08-15,8.00,17.520,15.881,20.550,13.890,2,45027,0.11,2026-08-10T14:18:44+00:00
2025-08-19T12:00:00+00:00,llo1,96,2025-08-15,13.00,17.330,14.611,8.470,12.603,2,45027,0.11,2026-08-10T14:18:44+00:00
2025-08-19T12:00:00+00:00,llo1,96,2025-08-15,18.00,17.300,13.282,5.700,11.212,2,45027,0.11,2026-08-10T14:18:44+00:00
2025-08-19T12:00:00+00:00,llo1,96,2025-08-15,23.00,17.180,11.904,4.970,9.896,2,45027,0.11,2026-08-10T14:18:44+00:00
2025-08-19T12:00:00+00:00,llo1,96,2025-08-15,28.00,16.810,11.047,4.720,8.630,2,45027,0.11,2026-08-10T14:18:44+00:00
2025-08-19T12:00:00+00:00,llo1,96,2025-08-15,33.00,15.820,10.474,4.420,7.547,2,45027,0.11,2026-08-10T14:18:44+00:00
2025-08-19T12:00:00+00:00,llo1,96,2025-08-15,38.00,6.450,9.849,4.250,6.461,2,45027,0.11,2026-08-10T14:18:44+00:00
2025-08-19T12:00:00+00:00,llo1,96,2025-08-15,43.00,5.660,9.499,4.120,4.630,2,45027,0.11,2026-08-10T14:18:44+00:00
2025-08-20T12:00:00+00:00,llo1,120,2025-08-15,6.00,18.410,16.957,20.750,15.404,2,45027,0.11,2026-08-10T14:18:44+00:00
2025-08-20T12:00:00+00:00,llo1,120,2025-08-15,8.00,18.090,16.129,20.550,14.307,2,45027,0.11,2026-08-10T14:18:44+00:00
2025-08-20T12:00:00+00:00,llo1,120,2025-08-15,13.00,17.970,14.763,8.470,13.036,2,45027,0.11,2026-08-10T14:18:44+00:00
2025-08-20T12:00:00+00:00,llo1,120,2025-08-15,18.00,17.400,12.997,5.700,11.774,2,45027,0.11,2026-08-10T14:18:44+00:00
2025-08-20T12:00:00+00:00,llo1,120,2025-08-15,23.00,16.780,11.371,4.970,10.718,2,45027,0.11,2026-08-10T14:18:44+00:00
2025-08-20T12:00:00+00:00,llo1,120,2025-08-15,28.00,14.210,10.590,4.720,9.500,2,45027,0.11,2026-08-10T14:18:44+00:00
2025-08-20T12:00:00+00:00,llo1,120,2025-08-15,33.00,10.530,9.795,4.420,8.113,2,45027,0.11,2026-08-10T14:18:44+00:00
2025-08-20T12:00:00+00:00,llo1,120,2025-08-15,38.00,6.810,9.434,4.250,6.752,2,45027,0.11,2026-08-10T14:18:44+00:00
2025-08-20T12:00:00+00:00,llo1,120,2025-08-15,43.00,5.420,9.139,4.120,4.844,2,45027,0.11,2026-08-10T14:18:44+00:00
2025-08-17T12:00:00+00:00,llo1,24,2025-08-16,6.00,18.330,19.558,20.810,14.155,2,45027,0.11,2026-08-10T14:18:44+00:00
2025-08-17T12:00:00+00:00,llo1,24,2025-08-16,8.00,18.370,19.264,16.950,12.949,2,45027,0.11,2026-08-10T14:18:44+00:00
2025-08-17T12:00:00+00:00,llo1,24,2025-08-16,13.00,18.340,15.935,10.900,11.584,2,45027,0.11,2026-08-10T14:18:44+00:00
2025-08-17T12:00:00+00:00,llo1,24,2025-08-16,18.00,18.220,11.501,7.010,10.198,2,45027,0.11,2026-08-10T14:18:44+00:00
2025-08-17T12:00:00+00:00,llo1,24,2025-08-16,23.00,17.130,9.336,5.540,8.987,2,45027,0.11,2026-08-10T14:18:44+00:00
2025-08-17T12:00:00+00:00,llo1,24,2025-08-16,28.00,14.520,8.358,4.740,7.765,2,45027,0.11,2026-08-10T14:18:44+00:00
2025-08-17T12:00:00+00:00,llo1,24,2025-08-16,33.00,13.420,7.751,4.470,6.884,2,45027,0.11,2026-08-10T14:18:44+00:00
2025-08-17T12:00:00+00:00,llo1,24,2025-08-16,38.00,9.800,7.325,4.400,6.247,2,45027,0.11,2026-08-10T14:18:44+00:00
2025-08-17T12:00:00+00:00,llo1,24,2025-08-16,43.00,8.270,7.167,4.370,4.520,2,45027,0.11,2026-08-10T14:18:44+00:00
2025-08-18T12:00:00+00:00,llo1,48,2025-08-16,6.00,17.720,13.698,20.810,14.588,2,45027,0.11,2026-08-10T14:18:44+00:00
2025-08-18T12:00:00+00:00,llo1,48,2025-08-16,8.00,17.760,13.460,16.950,13.430,2,45027,0.11,2026-08-10T14:18:44+00:00
2025-08-18T12:00:00+00:00,llo1,48,2025-08-16,13.00,17.740,13.176,10.900,12.116,2,45027,0.11,2026-08-10T14:18:44+00:00
2025-08-18T12:00:00+00:00,llo1,48,2025-08-16,18.00,17.730,12.517,7.010,10.741,2,45027,0.11,2026-08-10T14:18:44+00:00
2025-08-18T12:00:00+00:00,llo1,48,2025-08-16,23.00,17.580,11.727,5.540,9.537,2,45027,0.11,2026-08-10T14:18:44+00:00
2025-08-18T12:00:00+00:00,llo1,48,2025-08-16,28.00,17.360,11.100,4.740,8.271,2,45027,0.11,2026-08-10T14:18:44+00:00
2025-08-18T12:00:00+00:00,llo1,48,2025-08-16,33.00,16.490,10.478,4.470,7.303,2,45027,0.11,2026-08-10T14:18:44+00:00
2025-08-18T12:00:00+00:00,llo1,48,2025-08-16,38.00,15.680,10.033,4.400,6.363,2,45027,0.11,2026-08-10T14:18:44+00:00
2025-08-18T12:00:00+00:00,llo1,48,2025-08-16,43.00,14.680,9.876,4.370,4.733,2,45027,0.11,2026-08-10T14:18:44+00:00
2025-08-19T12:00:00+00:00,llo1,72,2025-08-16,6.00,17.530,16.841,20.810,15.001,2,45027,0.11,2026-08-10T14:18:44+00:00
2025-08-19T12:00:00+00:00,llo1,72,2025-08-16,8.00,17.520,16.195,16.950,13.890,2,45027,0.11,2026-08-10T14:18:44+00:00
2025-08-19T12:00:00+00:00,llo1,72,2025-08-16,13.00,17.330,14.751,10.900,12.603,2,45027,0.11,2026-08-10T14:18:44+00:00
2025-08-19T12:00:00+00:00,llo1,72,2025-08-16,18.00,17.300,13.508,7.010,11.212,2,45027,0.11,2026-08-10T14:18:44+00:00
2025-08-19T12:00:00+00:00,llo1,72,2025-08-16,23.00,17.180,12.251,5.540,9.896,2,45027,0.11,2026-08-10T14:18:44+00:00
2025-08-19T12:00:00+00:00,llo1,72,2025-08-16,28.00,16.810,11.162,4.740,8.630,2,45027,0.11,2026-08-10T14:18:44+00:00
2025-08-19T12:00:00+00:00,llo1,72,2025-08-16,33.00,15.820,10.443,4.470,7.547,2,45027,0.11,2026-08-10T14:18:44+00:00
2025-08-19T12:00:00+00:00,llo1,72,2025-08-16,38.00,6.450,9.959,4.400,6.461,2,45027,0.11,2026-08-10T14:18:44+00:00
2025-08-19T12:00:00+00:00,llo1,72,2025-08-16,43.00,5.660,9.577,4.370,4.630,2,45027,0.11,2026-08-10T14:18:44+00:00
2025-08-20T12:00:00+00:00,llo1,96,2025-08-16,6.00,18.410,17.526,20.810,15.404,2,45027,0.11,2026-08-10T14:18:44+00:00
2025-08-20T12:00:00+00:00,llo1,96,2025-08-16,8.00,18.090,16.777,16.950,14.307,2,45027,0.11,2026-08-10T14:18:44+00:00
2025-08-20T12:00:00+00:00,llo1,96,2025-08-16,13.00,17.970,15.262,10.900,13.036,2,45027,0.11,2026-08-10T14:18:44+00:00
2025-08-20T12:00:00+00:00,llo1,96,2025-08-16,18.00,17.400,13.070,7.010,11.774,2,45027,0.11,2026-08-10T14:18:44+00:00
2025-08-20T12:00:00+00:00,llo1,96,2025-08-16,23.00,16.780,11.547,5.540,10.718,2,45027,0.11,2026-08-10T14:18:44+00:00
2025-08-20T12:00:00+00:00,llo1,96,2025-08-16,28.00,14.210,10.771,4.740,9.500,2,45027,0.11,2026-08-10T14:18:44+00:00
2025-08-20T12:00:00+00:00,llo1,96,2025-08-16,33.00,10.530,10.314,4.470,8.113,2,45027,0.11,2026-08-10T14:18:44+00:00
2025-08-20T12:00:00+00:00,llo1,96,2025-08-16,38.00,6.810,9.718,4.400,6.752,2,45027,0.11,2026-08-10T14:18:44+00:00
2025-08-20T12:00:00+00:00,llo1,96,2025-08-16,43.00,5.420,9.183,4.370,4.844,2,45027,0.11,2026-08-10T14:18:44+00:00
2025-08-21T12:00:00+00:00,llo1,120,2025-08-16,6.00,18.840,17.386,20.810,15.594,2,45027,0.11,2026-08-10T14:18:44+00:00
2025-08-21T12:00:00+00:00,llo1,120,2025-08-16,8.00,18.030,16.563,16.950,14.444,2,45027,0.11,2026-08-10T14:18:44+00:00
2025-08-21T12:00:00+00:00,llo1,120,2025-08-16,13.00,17.240,14.119,10.900,13.131,2,45027,0.11,2026-08-10T14:18:44+00:00
2025-08-21T12:00:00+00:00,llo1,120,2025-08-16,18.00,16.590,12.105,7.010,11.850,2,45027,0.11,2026-08-10T14:18:44+00:00
2025-08-21T12:00:00+00:00,llo1,120,2025-08-16,23.00,15.630,11.353,5.540,10.844,2,45027,0.11,2026-08-10T14:18:44+00:00
2025-08-21T12:00:00+00:00,llo1,120,2025-08-16,28.00,14.880,10.776,4.740,9.760,2,45027,0.11,2026-08-10T14:18:44+00:00
2025-08-21T12:00:00+00:00,llo1,120,2025-08-16,33.00,13.220,10.235,4.470,8.455,2,45027,0.11,2026-08-10T14:18:44+00:00
2025-08-21T12:00:00+00:00,llo1,120,2025-08-16,38.00,10.550,9.939,4.400,7.067,2,45027,0.11,2026-08-10T14:18:44+00:00
2025-08-21T12:00:00+00:00,llo1,120,2025-08-16,43.00,7.280,9.781,4.370,5.841,2,45027,0.11,2026-08-10T14:18:44+00:00
2025-08-18T12:00:00+00:00,llo1,24,2025-08-17,6.00,17.720,12.987,18.330,14.588,2,45027,0.11,2026-08-10T14:18:44+00:00
2025-08-18T12:00:00+00:00,llo1,24,2025-08-17,8.00,17.760,12.819,18.370,13.430,2,45027,0.11,2026-08-10T14:18:44+00:00
2025-08-18T12:00:00+00:00,llo1,24,2025-08-17,13.00,17.740,12.130,18.340,12.116,2,45027,0.11,2026-08-10T14:18:44+00:00
2025-08-18T12:00:00+00:00,llo1,24,2025-08-17,18.00,17.730,11.458,18.220,10.741,2,45027,0.11,2026-08-10T14:18:44+00:00
2025-08-18T12:00:00+00:00,llo1,24,2025-08-17,23.00,17.580,10.890,17.130,9.537,2,45027,0.11,2026-08-10T14:18:44+00:00
2025-08-18T12:00:00+00:00,llo1,24,2025-08-17,28.00,17.360,10.516,14.520,8.271,2,45027,0.11,2026-08-10T14:18:44+00:00
2025-08-18T12:00:00+00:00,llo1,24,2025-08-17,33.00,16.490,10.249,13.420,7.303,2,45027,0.11,2026-08-10T14:18:44+00:00
2025-08-18T12:00:00+00:00,llo1,24,2025-08-17,38.00,15.680,10.046,9.800,6.363,2,45027,0.11,2026-08-10T14:18:44+00:00
2025-08-18T12:00:00+00:00,llo1,24,2025-08-17,43.00,14.680,9.855,8.270,4.733,2,45027,0.11,2026-08-10T14:18:44+00:00
2025-08-19T12:00:00+00:00,llo1,48,2025-08-17,6.00,17.530,14.260,18.330,15.001,2,45027,0.11,2026-08-10T14:18:44+00:00
2025-08-19T12:00:00+00:00,llo1,48,2025-08-17,8.00,17.520,13.819,18.370,13.890,2,45027,0.11,2026-08-10T14:18:44+00:00
2025-08-19T12:00:00+00:00,llo1,48,2025-08-17,13.00,17.330,13.196,18.340,12.603,2,45027,0.11,2026-08-10T14:18:44+00:00
2025-08-19T12:00:00+00:00,llo1,48,2025-08-17,18.00,17.300,12.048,18.220,11.212,2,45027,0.11,2026-08-10T14:18:44+00:00
2025-08-19T12:00:00+00:00,llo1,48,2025-08-17,23.00,17.180,11.082,17.130,9.896,2,45027,0.11,2026-08-10T14:18:44+00:00
2025-08-19T12:00:00+00:00,llo1,48,2025-08-17,28.00,16.810,10.116,14.520,8.630,2,45027,0.11,2026-08-10T14:18:44+00:00
2025-08-19T12:00:00+00:00,llo1,48,2025-08-17,33.00,15.820,9.719,13.420,7.547,2,45027,0.11,2026-08-10T14:18:44+00:00
2025-08-19T12:00:00+00:00,llo1,48,2025-08-17,38.00,6.450,9.446,9.800,6.461,2,45027,0.11,2026-08-10T14:18:44+00:00
2025-08-19T12:00:00+00:00,llo1,48,2025-08-17,43.00,5.660,9.132,8.270,4.630,2,45027,0.11,2026-08-10T14:18:44+00:00
2025-08-20T12:00:00+00:00,llo1,72,2025-08-17,6.00,18.410,15.533,18.330,15.404,2,45027,0.11,2026-08-10T14:18:44+00:00
2025-08-20T12:00:00+00:00,llo1,72,2025-08-17,8.00,18.090,14.847,18.370,14.307,2,45027,0.11,2026-08-10T14:18:44+00:00
2025-08-20T12:00:00+00:00,llo1,72,2025-08-17,13.00,17.970,13.823,18.340,13.036,2,45027,0.11,2026-08-10T14:18:44+00:00
2025-08-20T12:00:00+00:00,llo1,72,2025-08-17,18.00,17.400,12.566,18.220,11.774,2,45027,0.11,2026-08-10T14:18:44+00:00
2025-08-20T12:00:00+00:00,llo1,72,2025-08-17,23.00,16.780,10.888,17.130,10.718,2,45027,0.11,2026-08-10T14:18:44+00:00
2025-08-20T12:00:00+00:00,llo1,72,2025-08-17,28.00,14.210,9.873,14.520,9.500,2,45027,0.11,2026-08-10T14:18:44+00:00
2025-08-20T12:00:00+00:00,llo1,72,2025-08-17,33.00,10.530,9.456,13.420,8.113,2,45027,0.11,2026-08-10T14:18:44+00:00
2025-08-20T12:00:00+00:00,llo1,72,2025-08-17,38.00,6.810,9.023,9.800,6.752,2,45027,0.11,2026-08-10T14:18:44+00:00
2025-08-20T12:00:00+00:00,llo1,72,2025-08-17,43.00,5.420,8.801,8.270,4.844,2,45027,0.11,2026-08-10T14:18:44+00:00
2025-08-21T12:00:00+00:00,llo1,96,2025-08-17,6.00,18.840,15.371,18.330,15.594,2,45027,0.11,2026-08-10T14:18:44+00:00
2025-08-21T12:00:00+00:00,llo1,96,2025-08-17,8.00,18.030,14.343,18.370,14.444,2,45027,0.11,2026-08-10T14:18:44+00:00
2025-08-21T12:00:00+00:00,llo1,96,2025-08-17,13.00,17.240,12.363,18.340,13.131,2,45027,0.11,2026-08-10T14:18:44+00:00
2025-08-21T12:00:00+00:00,llo1,96,2025-08-17,18.00,16.590,11.192,18.220,11.850,2,45027,0.11,2026-08-10T14:18:44+00:00
2025-08-21T12:00:00+00:00,llo1,96,2025-08-17,23.00,15.630,10.740,17.130,10.844,2,45027,0.11,2026-08-10T14:18:44+00:00
2025-08-21T12:00:00+00:00,llo1,96,2025-08-17,28.00,14.880,10.238,14.520,9.760,2,45027,0.11,2026-08-10T14:18:44+00:00
2025-08-21T12:00:00+00:00,llo1,96,2025-08-17,33.00,13.220,9.831,13.420,8.455,2,45027,0.11,2026-08-10T14:18:44+00:00
2025-08-21T12:00:00+00:00,llo1,96,2025-08-17,38.00,10.550,9.546,9.800,7.067,2,45027,0.11,2026-08-10T14:18:44+00:00
2025-08-21T12:00:00+00:00,llo1,96,2025-08-17,43.00,7.280,9.374,8.270,5.841,2,45027,0.11,2026-08-10T14:18:44+00:00
2025-08-22T12:00:00+00:00,llo1,120,2025-08-17,6.00,17.320,13.458,18.330,15.821,2,45027,0.11,2026-08-10T14:18:44+00:00
2025-08-22T12:00:00+00:00,llo1,120,2025-08-17,8.00,17.190,12.806,18.370,14.651,2,45027,0.11,2026-08-10T14:18:44+00:00
2025-08-22T12:00:00+00:00,llo1,120,2025-08-17,13.00,16.730,11.923,18.340,13.300,2,45027,0.11,2026-08-10T14:18:44+00:00
2025-08-22T12:00:00+00:00,llo1,120,2025-08-17,18.00,16.020,11.169,18.220,11.998,2,45027,0.11,2026-08-10T14:18:44+00:00
2025-08-22T12:00:00+00:00,llo1,120,2025-08-17,23.00,15.200,10.494,17.130,10.987,2,45027,0.11,2026-08-10T14:18:44+00:00
2025-08-22T12:00:00+00:00,llo1,120,2025-08-17,28.00,14.060,10.103,14.520,9.789,2,45027,0.11,2026-08-10T14:18:44+00:00
2025-08-22T12:00:00+00:00,llo1,120,2025-08-17,33.00,10.190,9.841,13.420,8.618,2,45027,0.11,2026-08-10T14:18:44+00:00
2025-08-22T12:00:00+00:00,llo1,120,2025-08-17,38.00,6.300,9.612,9.800,7.279,2,45027,0.11,2026-08-10T14:18:44+00:00
2025-08-22T12:00:00+00:00,llo1,120,2025-08-17,43.00,4.710,9.481,8.270,6.442,2,45027,0.11,2026-08-10T14:18:44+00:00
2025-08-19T12:00:00+00:00,llo1,24,2025-08-18,6.00,17.530,14.758,17.720,15.001,2,45027,0.11,2026-08-10T14:18:44+00:00
2025-08-19T12:00:00+00:00,llo1,24,2025-08-18,8.00,17.520,14.341,17.760,13.890,2,45027,0.11,2026-08-10T14:18:44+00:00
2025-08-19T12:00:00+00:00,llo1,24,2025-08-18,13.00,17.330,13.630,17.740,12.603,2,45027,0.11,2026-08-10T14:18:44+00:00
2025-08-19T12:00:00+00:00,llo1,24,2025-08-18,18.00,17.300,12.752,17.730,11.212,2,45027,0.11,2026-08-10T14:18:44+00:00
2025-08-19T12:00:00+00:00,llo1,24,2025-08-18,23.00,17.180,11.579,17.580,9.896,2,45027,0.11,2026-08-10T14:18:44+00:00
2025-08-19T12:00:00+00:00,llo1,24,2025-08-18,28.00,16.810,10.485,17.360,8.630,2,45027,0.11,2026-08-10T14:18:44+00:00
2025-08-19T12:00:00+00:00,llo1,24,2025-08-18,33.00,15.820,9.811,16.490,7.547,2,45027,0.11,2026-08-10T14:18:44+00:00
2025-08-19T12:00:00+00:00,llo1,24,2025-08-18,38.00,6.450,9.464,15.680,6.461,2,45027,0.11,2026-08-10T14:18:44+00:00
2025-08-19T12:00:00+00:00,llo1,24,2025-08-18,43.00,5.660,9.077,14.680,4.630,2,45027,0.11,2026-08-10T14:18:44+00:00
2025-08-20T12:00:00+00:00,llo1,48,2025-08-18,6.00,18.410,15.645,17.720,15.404,2,45027,0.11,2026-08-10T14:18:44+00:00
2025-08-20T12:00:00+00:00,llo1,48,2025-08-18,8.00,18.090,14.884,17.760,14.307,2,45027,0.11,2026-08-10T14:18:44+00:00
2025-08-20T12:00:00+00:00,llo1,48,2025-08-18,13.00,17.970,13.724,17.740,13.036,2,45027,0.11,2026-08-10T14:18:44+00:00
2025-08-20T12:00:00+00:00,llo1,48,2025-08-18,18.00,17.400,12.482,17.730,11.774,2,45027,0.11,2026-08-10T14:18:44+00:00
2025-08-20T12:00:00+00:00,llo1,48,2025-08-18,23.00,16.780,10.910,17.580,10.718,2,45027,0.11,2026-08-10T14:18:44+00:00
2025-08-20T12:00:00+00:00,llo1,48,2025-08-18,28.00,14.210,10.016,17.360,9.500,2,45027,0.11,2026-08-10T14:18:44+00:00
2025-08-20T12:00:00+00:00,llo1,48,2025-08-18,33.00,10.530,9.591,16.490,8.113,2,45027,0.11,2026-08-10T14:18:44+00:00
2025-08-20T12:00:00+00:00,llo1,48,2025-08-18,38.00,6.810,9.049,15.680,6.752,2,45027,0.11,2026-08-10T14:18:44+00:00
2025-08-20T12:00:00+00:00,llo1,48,2025-08-18,43.00,5.420,8.943,14.680,4.844,2,45027,0.11,2026-08-10T14:18:44+00:00
2025-08-21T12:00:00+00:00,llo1,72,2025-08-18,6.00,18.840,14.932,17.720,15.594,2,45027,0.11,2026-08-10T14:18:44+00:00
2025-08-21T12:00:00+00:00,llo1,72,2025-08-18,8.00,18.030,14.330,17.760,14.444,2,45027,0.11,2026-08-10T14:18:44+00:00
2025-08-21T12:00:00+00:00,llo1,72,2025-08-18,13.00,17.240,12.892,17.740,13.131,2,45027,0.11,2026-08-10T14:18:44+00:00
2025-08-21T12:00:00+00:00,llo1,72,2025-08-18,18.00,16.590,11.709,17.730,11.850,2,45027,0.11,2026-08-10T14:18:44+00:00
2025-08-21T12:00:00+00:00,llo1,72,2025-08-18,23.00,15.630,10.789,17.580,10.844,2,45027,0.11,2026-08-10T14:18:44+00:00
2025-08-21T12:00:00+00:00,llo1,72,2025-08-18,28.00,14.880,10.294,17.360,9.760,2,45027,0.11,2026-08-10T14:18:44+00:00
2025-08-21T12:00:00+00:00,llo1,72,2025-08-18,33.00,13.220,9.952,16.490,8.455,2,45027,0.11,2026-08-10T14:18:44+00:00
2025-08-21T12:00:00+00:00,llo1,72,2025-08-18,38.00,10.550,9.647,15.680,7.067,2,45027,0.11,2026-08-10T14:18:44+00:00
2025-08-21T12:00:00+00:00,llo1,72,2025-08-18,43.00,7.280,9.382,14.680,5.841,2,45027,0.11,2026-08-10T14:18:44+00:00
2025-08-22T12:00:00+00:00,llo1,96,2025-08-18,6.00,17.320,13.794,17.720,15.821,2,45027,0.11,2026-08-10T14:18:44+00:00
2025-08-22T12:00:00+00:00,llo1,96,2025-08-18,8.00,17.190,13.059,17.760,14.651,2,45027,0.11,2026-08-10T14:18:44+00:00
2025-08-22T12:00:00+00:00,llo1,96,2025-08-18,13.00,16.730,11.450,17.740,13.300,2,45027,0.11,2026-08-10T14:18:44+00:00
2025-08-22T12:00:00+00:00,llo1,96,2025-08-18,18.00,16.020,10.846,17.730,11.998,2,45027,0.11,2026-08-10T14:18:44+00:00
2025-08-22T12:00:00+00:00,llo1,96,2025-08-18,23.00,15.200,10.340,17.580,10.987,2,45027,0.11,2026-08-10T14:18:44+00:00
2025-08-22T12:00:00+00:00,llo1,96,2025-08-18,28.00,14.060,10.014,17.360,9.789,2,45027,0.11,2026-08-10T14:18:44+00:00
2025-08-22T12:00:00+00:00,llo1,96,2025-08-18,33.00,10.190,9.783,16.490,8.618,2,45027,0.11,2026-08-10T14:18:44+00:00
2025-08-22T12:00:00+00:00,llo1,96,2025-08-18,38.00,6.300,9.547,15.680,7.279,2,45027,0.11,2026-08-10T14:18:44+00:00
2025-08-22T12:00:00+00:00,llo1,96,2025-08-18,43.00,4.710,9.438,14.680,6.442,2,45027,0.11,2026-08-10T14:18:44+00:00
2025-08-23T12:00:00+00:00,llo1,120,2025-08-18,6.00,16.890,11.822,17.720,15.865,2,45027,0.11,2026-08-10T14:18:44+00:00
2025-08-23T12:00:00+00:00,llo1,120,2025-08-18,8.00,16.710,11.556,17.760,14.734,2,45027,0.11,2026-08-10T14:18:44+00:00
2025-08-23T12:00:00+00:00,llo1,120,2025-08-18,13.00,16.080,10.660,17.740,13.422,2,45027,0.11,2026-08-10T14:18:44+00:00
2025-08-23T12:00:00+00:00,llo1,120,2025-08-18,18.00,14.690,10.228,17.730,12.158,2,45027,0.11,2026-08-10T14:18:44+00:00
2025-08-23T12:00:00+00:00,llo1,120,2025-08-18,23.00,13.180,9.799,17.580,11.176,2,45027,0.11,2026-08-10T14:18:44+00:00
2025-08-23T12:00:00+00:00,llo1,120,2025-08-18,28.00,10.300,9.524,17.360,10.210,2,45027,0.11,2026-08-10T14:18:44+00:00
2025-08-23T12:00:00+00:00,llo1,120,2025-08-18,33.00,7.820,9.319,16.490,8.997,2,45027,0.11,2026-08-10T14:18:44+00:00
2025-08-23T12:00:00+00:00,llo1,120,2025-08-18,38.00,5.990,9.217,15.680,7.665,2,45027,0.11,2026-08-10T14:18:44+00:00
2025-08-23T12:00:00+00:00,llo1,120,2025-08-18,43.00,4.630,9.061,14.680,6.507,2,45027,0.11,2026-08-10T14:18:44+00:00
2025-08-20T12:00:00+00:00,llo1,24,2025-08-19,6.00,18.410,15.326,17.530,15.404,2,45027,0.11,2026-08-10T14:18:44+00:00
2025-08-20T12:00:00+00:00,llo1,24,2025-08-19,8.00,18.090,14.519,17.520,14.307,2,45027,0.11,2026-08-10T14:18:44+00:00
2025-08-20T12:00:00+00:00,llo1,24,2025-08-19,13.00,17.970,13.423,17.330,13.036,2,45027,0.11,2026-08-10T14:18:44+00:00
2025-08-20T12:00:00+00:00,llo1,24,2025-08-19,18.00,17.400,12.336,17.300,11.774,2,45027,0.11,2026-08-10T14:18:44+00:00
2025-08-20T12:00:00+00:00,llo1,24,2025-08-19,23.00,16.780,10.929,17.180,10.718,2,45027,0.11,2026-08-10T14:18:44+00:00
2025-08-20T12:00:00+00:00,llo1,24,2025-08-19,28.00,14.210,10.062,16.810,9.500,2,45027,0.11,2026-08-10T14:18:44+00:00
2025-08-20T12:00:00+00:00,llo1,24,2025-08-19,33.00,10.530,9.552,15.820,8.113,2,45027,0.11,2026-08-10T14:18:44+00:00
2025-08-20T12:00:00+00:00,llo1,24,2025-08-19,38.00,6.810,9.031,6.450,6.752,2,45027,0.11,2026-08-10T14:18:44+00:00
2025-08-20T12:00:00+00:00,llo1,24,2025-08-19,43.00,5.420,8.946,5.660,4.844,2,45027,0.11,2026-08-10T14:18:44+00:00
2025-08-21T12:00:00+00:00,llo1,48,2025-08-19,6.00,18.840,15.632,17.530,15.594,2,45027,0.11,2026-08-10T14:18:44+00:00
2025-08-21T12:00:00+00:00,llo1,48,2025-08-19,8.00,18.030,14.677,17.520,14.444,2,45027,0.11,2026-08-10T14:18:44+00:00
2025-08-21T12:00:00+00:00,llo1,48,2025-08-19,13.00,17.240,13.040,17.330,13.131,2,45027,0.11,2026-08-10T14:18:44+00:00
2025-08-21T12:00:00+00:00,llo1,48,2025-08-19,18.00,16.590,11.624,17.300,11.850,2,45027,0.11,2026-08-10T14:18:44+00:00
2025-08-21T12:00:00+00:00,llo1,48,2025-08-19,23.00,15.630,10.788,17.180,10.844,2,45027,0.11,2026-08-10T14:18:44+00:00
2025-08-21T12:00:00+00:00,llo1,48,2025-08-19,28.00,14.880,10.238,16.810,9.760,2,45027,0.11,2026-08-10T14:18:44+00:00
2025-08-21T12:00:00+00:00,llo1,48,2025-08-19,33.00,13.220,9.867,15.820,8.455,2,45027,0.11,2026-08-10T14:18:44+00:00
2025-08-21T12:00:00+00:00,llo1,48,2025-08-19,38.00,10.550,9.550,6.450,7.067,2,45027,0.11,2026-08-10T14:18:44+00:00
2025-08-21T12:00:00+00:00,llo1,48,2025-08-19,43.00,7.280,9.295,5.660,5.841,2,45027,0.11,2026-08-10T14:18:44+00:00
2025-08-22T12:00:00+00:00,llo1,72,2025-08-19,6.00,17.320,14.161,17.530,15.821,2,45027,0.11,2026-08-10T14:18:44+00:00
2025-08-22T12:00:00+00:00,llo1,72,2025-08-19,8.00,17.190,13.426,17.520,14.651,2,45027,0.11,2026-08-10T14:18:44+00:00
2025-08-22T12:00:00+00:00,llo1,72,2025-08-19,13.00,16.730,11.762,17.330,13.300,2,45027,0.11,2026-08-10T14:18:44+00:00
2025-08-22T12:00:00+00:00,llo1,72,2025-08-19,18.00,16.020,11.062,17.300,11.998,2,45027,0.11,2026-08-10T14:18:44+00:00
2025-08-22T12:00:00+00:00,llo1,72,2025-08-19,23.00,15.200,10.529,17.180,10.987,2,45027,0.11,2026-08-10T14:18:44+00:00
2025-08-22T12:00:00+00:00,llo1,72,2025-08-19,28.00,14.060,10.158,16.810,9.789,2,45027,0.11,2026-08-10T14:18:44+00:00
2025-08-22T12:00:00+00:00,llo1,72,2025-08-19,33.00,10.190,9.892,15.820,8.618,2,45027,0.11,2026-08-10T14:18:44+00:00
2025-08-22T12:00:00+00:00,llo1,72,2025-08-19,38.00,6.300,9.583,6.450,7.279,2,45027,0.11,2026-08-10T14:18:44+00:00
2025-08-22T12:00:00+00:00,llo1,72,2025-08-19,43.00,4.710,9.441,5.660,6.442,2,45027,0.11,2026-08-10T14:18:44+00:00
2025-08-23T12:00:00+00:00,llo1,96,2025-08-19,6.00,16.890,11.680,17.530,15.865,2,45027,0.11,2026-08-10T14:18:44+00:00
2025-08-23T12:00:00+00:00,llo1,96,2025-08-19,8.00,16.710,11.616,17.520,14.734,2,45027,0.11,2026-08-10T14:18:44+00:00
2025-08-23T12:00:00+00:00,llo1,96,2025-08-19,13.00,16.080,11.028,17.330,13.422,2,45027,0.11,2026-08-10T14:18:44+00:00
2025-08-23T12:00:00+00:00,llo1,96,2025-08-19,18.00,14.690,10.339,17.300,12.158,2,45027,0.11,2026-08-10T14:18:44+00:00
2025-08-23T12:00:00+00:00,llo1,96,2025-08-19,23.00,13.180,9.896,17.180,11.176,2,45027,0.11,2026-08-10T14:18:44+00:00
2025-08-23T12:00:00+00:00,llo1,96,2025-08-19,28.00,10.300,9.567,16.810,10.210,2,45027,0.11,2026-08-10T14:18:44+00:00
2025-08-23T12:00:00+00:00,llo1,96,2025-08-19,33.00,7.820,9.298,15.820,8.997,2,45027,0.11,2026-08-10T14:18:44+00:00
2025-08-23T12:00:00+00:00,llo1,96,2025-08-19,38.00,5.990,9.182,6.450,7.665,2,45027,0.11,2026-08-10T14:18:44+00:00
2025-08-23T12:00:00+00:00,llo1,96,2025-08-19,43.00,4.630,9.062,5.660,6.507,2,45027,0.11,2026-08-10T14:18:44+00:00
2025-08-21T12:00:00+00:00,llo1,24,2025-08-20,6.00,18.840,16.531,18.410,15.594,2,45027,0.11,2026-08-10T14:18:44+00:00
2025-08-21T12:00:00+00:00,llo1,24,2025-08-20,8.00,18.030,15.262,18.090,14.444,2,45027,0.11,2026-08-10T14:18:44+00:00
2025-08-21T12:00:00+00:00,llo1,24,2025-08-20,13.00,17.240,13.109,17.970,13.131,2,45027,0.11,2026-08-10T14:18:44+00:00
2025-08-21T12:00:00+00:00,llo1,24,2025-08-20,18.00,16.590,11.577,17.400,11.850,2,45027,0.11,2026-08-10T14:18:44+00:00
2025-08-21T12:00:00+00:00,llo1,24,2025-08-20,23.00,15.630,10.723,16.780,10.844,2,45027,0.11,2026-08-10T14:18:44+00:00
2025-08-21T12:00:00+00:00,llo1,24,2025-08-20,28.00,14.880,10.211,14.210,9.760,2,45027,0.11,2026-08-10T14:18:44+00:00
2025-08-21T12:00:00+00:00,llo1,24,2025-08-20,33.00,13.220,9.822,10.530,8.455,2,45027,0.11,2026-08-10T14:18:44+00:00
2025-08-21T12:00:00+00:00,llo1,24,2025-08-20,38.00,10.550,9.483,6.810,7.067,2,45027,0.11,2026-08-10T14:18:44+00:00
2025-08-21T12:00:00+00:00,llo1,24,2025-08-20,43.00,7.280,9.245,5.420,5.841,2,45027,0.11,2026-08-10T14:18:44+00:00
2025-08-22T12:00:00+00:00,llo1,48,2025-08-20,6.00,17.320,16.413,18.410,15.821,2,45027,0.11,2026-08-10T14:18:44+00:00
2025-08-22T12:00:00+00:00,llo1,48,2025-08-20,8.00,17.190,15.097,18.090,14.651,2,45027,0.11,2026-08-10T14:18:44+00:00
2025-08-22T12:00:00+00:00,llo1,48,2025-08-20,13.00,16.730,12.855,17.970,13.300,2,45027,0.11,2026-08-10T14:18:44+00:00
2025-08-22T12:00:00+00:00,llo1,48,2025-08-20,18.00,16.020,11.445,17.400,11.998,2,45027,0.11,2026-08-10T14:18:44+00:00
2025-08-22T12:00:00+00:00,llo1,48,2025-08-20,23.00,15.200,10.945,16.780,10.987,2,45027,0.11,2026-08-10T14:18:44+00:00
2025-08-22T12:00:00+00:00,llo1,48,2025-08-20,28.00,14.060,10.506,14.210,9.789,2,45027,0.11,2026-08-10T14:18:44+00:00
2025-08-22T12:00:00+00:00,llo1,48,2025-08-20,33.00,10.190,10.138,10.530,8.618,2,45027,0.11,2026-08-10T14:18:44+00:00
2025-08-22T12:00:00+00:00,llo1,48,2025-08-20,38.00,6.300,9.824,6.810,7.279,2,45027,0.11,2026-08-10T14:18:44+00:00
2025-08-22T12:00:00+00:00,llo1,48,2025-08-20,43.00,4.710,9.603,5.420,6.442,2,45027,0.11,2026-08-10T14:18:44+00:00
2025-08-23T12:00:00+00:00,llo1,72,2025-08-20,6.00,16.890,11.986,18.410,15.865,2,45027,0.11,2026-08-10T14:18:44+00:00
2025-08-23T12:00:00+00:00,llo1,72,2025-08-20,8.00,16.710,11.680,18.090,14.734,2,45027,0.11,2026-08-10T14:18:44+00:00
2025-08-23T12:00:00+00:00,llo1,72,2025-08-20,13.00,16.080,10.765,17.970,13.422,2,45027,0.11,2026-08-10T14:18:44+00:00
2025-08-23T12:00:00+00:00,llo1,72,2025-08-20,18.00,14.690,10.331,17.400,12.158,2,45027,0.11,2026-08-10T14:18:44+00:00
2025-08-23T12:00:00+00:00,llo1,72,2025-08-20,23.00,13.180,9.915,16.780,11.176,2,45027,0.11,2026-08-10T14:18:44+00:00
2025-08-23T12:00:00+00:00,llo1,72,2025-08-20,28.00,10.300,9.630,14.210,10.210,2,45027,0.11,2026-08-10T14:18:44+00:00
2025-08-23T12:00:00+00:00,llo1,72,2025-08-20,33.00,7.820,9.428,10.530,8.997,2,45027,0.11,2026-08-10T14:18:44+00:00
2025-08-23T12:00:00+00:00,llo1,72,2025-08-20,38.00,5.990,9.320,6.810,7.665,2,45027,0.11,2026-08-10T14:18:44+00:00
2025-08-23T12:00:00+00:00,llo1,72,2025-08-20,43.00,4.630,9.155,5.420,6.507,2,45027,0.11,2026-08-10T14:18:44+00:00
2025-08-22T12:00:00+00:00,llo1,24,2025-08-21,6.00,17.320,14.850,18.840,15.821,2,45027,0.11,2026-08-10T14:18:44+00:00
2025-08-22T12:00:00+00:00,llo1,24,2025-08-21,8.00,17.190,13.818,18.030,14.651,2,45027,0.11,2026-08-10T14:18:44+00:00
2025-08-22T12:00:00+00:00,llo1,24,2025-08-21,13.00,16.730,11.929,17.240,13.300,2,45027,0.11,2026-08-10T14:18:44+00:00
2025-08-22T12:00:00+00:00,llo1,24,2025-08-21,18.00,16.020,10.997,16.590,11.998,2,45027,0.11,2026-08-10T14:18:44+00:00
2025-08-22T12:00:00+00:00,llo1,24,2025-08-21,23.00,15.200,10.540,15.630,10.987,2,45027,0.11,2026-08-10T14:18:44+00:00
2025-08-22T12:00:00+00:00,llo1,24,2025-08-21,28.00,14.060,10.151,14.880,9.789,2,45027,0.11,2026-08-10T14:18:44+00:00
2025-08-22T12:00:00+00:00,llo1,24,2025-08-21,33.00,10.190,9.865,13.220,8.618,2,45027,0.11,2026-08-10T14:18:44+00:00
2025-08-22T12:00:00+00:00,llo1,24,2025-08-21,38.00,6.300,9.555,10.550,7.279,2,45027,0.11,2026-08-10T14:18:44+00:00
2025-08-22T12:00:00+00:00,llo1,24,2025-08-21,43.00,4.710,9.395,7.280,6.442,2,45027,0.11,2026-08-10T14:18:44+00:00
2025-08-23T12:00:00+00:00,llo1,48,2025-08-21,6.00,16.890,11.826,18.840,15.865,2,45027,0.11,2026-08-10T14:18:44+00:00
2025-08-23T12:00:00+00:00,llo1,48,2025-08-21,8.00,16.710,11.649,18.030,14.734,2,45027,0.11,2026-08-10T14:18:44+00:00
2025-08-23T12:00:00+00:00,llo1,48,2025-08-21,13.00,16.080,10.922,17.240,13.422,2,45027,0.11,2026-08-10T14:18:44+00:00
2025-08-23T12:00:00+00:00,llo1,48,2025-08-21,18.00,14.690,10.409,16.590,12.158,2,45027,0.11,2026-08-10T14:18:44+00:00
2025-08-23T12:00:00+00:00,llo1,48,2025-08-21,23.00,13.180,10.038,15.630,11.176,2,45027,0.11,2026-08-10T14:18:44+00:00
2025-08-23T12:00:00+00:00,llo1,48,2025-08-21,28.00,10.300,9.691,14.880,10.210,2,45027,0.11,2026-08-10T14:18:44+00:00
2025-08-23T12:00:00+00:00,llo1,48,2025-08-21,33.00,7.820,9.392,13.220,8.997,2,45027,0.11,2026-08-10T14:18:44+00:00
2025-08-23T12:00:00+00:00,llo1,48,2025-08-21,38.00,5.990,9.266,10.550,7.665,2,45027,0.11,2026-08-10T14:18:44+00:00
2025-08-23T12:00:00+00:00,llo1,48,2025-08-21,43.00,4.630,9.150,7.280,6.507,2,45027,0.11,2026-08-10T14:18:44+00:00
2025-08-26T12:00:00+00:00,llo1,120,2025-08-21,6.00,16.800,11.217,18.840,16.300,2,45027,0.11,2026-08-10T14:18:44+00:00
2025-08-26T12:00:00+00:00,llo1,120,2025-08-21,8.00,16.810,10.365,18.030,15.459,2,45027,0.11,2026-08-10T14:18:44+00:00
2025-08-26T12:00:00+00:00,llo1,120,2025-08-21,13.00,15.960,9.770,17.240,14.378,2,45027,0.11,2026-08-10T14:18:44+00:00
2025-08-26T12:00:00+00:00,llo1,120,2025-08-21,18.00,14.840,9.356,16.590,13.412,2,45027,0.11,2026-08-10T14:18:44+00:00
2025-08-26T12:00:00+00:00,llo1,120,2025-08-21,23.00,14.070,8.941,15.630,12.425,2,45027,0.11,2026-08-10T14:18:44+00:00
2025-08-26T12:00:00+00:00,llo1,120,2025-08-21,28.00,13.260,8.760,14.880,11.098,2,45027,0.11,2026-08-10T14:18:44+00:00
2025-08-26T12:00:00+00:00,llo1,120,2025-08-21,33.00,11.780,8.646,13.220,9.487,2,45027,0.11,2026-08-10T14:18:44+00:00
2025-08-26T12:00:00+00:00,llo1,120,2025-08-21,38.00,7.630,8.550,10.550,8.139,2,45027,0.11,2026-08-10T14:18:44+00:00
2025-08-26T12:00:00+00:00,llo1,120,2025-08-21,43.00,5.070,8.420,7.280,6.623,2,45027,0.11,2026-08-10T14:18:44+00:00
2025-08-23T12:00:00+00:00,llo1,24,2025-08-22,6.00,16.890,11.592,17.320,15.865,2,45027,0.11,2026-08-10T14:18:44+00:00
2025-08-23T12:00:00+00:00,llo1,24,2025-08-22,8.00,16.710,11.302,17.190,14.734,2,45027,0.11,2026-08-10T14:18:44+00:00
2025-08-23T12:00:00+00:00,llo1,24,2025-08-22,13.00,16.080,10.662,16.730,13.422,2,45027,0.11,2026-08-10T14:18:44+00:00
2025-08-23T12:00:00+00:00,llo1,24,2025-08-22,18.00,14.690,10.167,16.020,12.158,2,45027,0.11,2026-08-10T14:18:44+00:00
2025-08-23T12:00:00+00:00,llo1,24,2025-08-22,23.00,13.180,9.828,15.200,11.176,2,45027,0.11,2026-08-10T14:18:44+00:00
2025-08-23T12:00:00+00:00,llo1,24,2025-08-22,28.00,10.300,9.485,14.060,10.210,2,45027,0.11,2026-08-10T14:18:44+00:00
2025-08-23T12:00:00+00:00,llo1,24,2025-08-22,33.00,7.820,9.257,10.190,8.997,2,45027,0.11,2026-08-10T14:18:44+00:00
2025-08-23T12:00:00+00:00,llo1,24,2025-08-22,38.00,5.990,9.185,6.300,7.665,2,45027,0.11,2026-08-10T14:18:44+00:00
2025-08-23T12:00:00+00:00,llo1,24,2025-08-22,43.00,4.630,9.041,4.710,6.507,2,45027,0.11,2026-08-10T14:18:44+00:00
2025-08-26T12:00:00+00:00,llo1,96,2025-08-22,6.00,16.800,12.371,17.320,16.300,2,45027,0.11,2026-08-10T14:18:44+00:00
2025-08-26T12:00:00+00:00,llo1,96,2025-08-22,8.00,16.810,10.994,17.190,15.459,2,45027,0.11,2026-08-10T14:18:44+00:00
2025-08-26T12:00:00+00:00,llo1,96,2025-08-22,13.00,15.960,10.013,16.730,14.378,2,45027,0.11,2026-08-10T14:18:44+00:00
2025-08-26T12:00:00+00:00,llo1,96,2025-08-22,18.00,14.840,9.603,16.020,13.412,2,45027,0.11,2026-08-10T14:18:44+00:00
2025-08-26T12:00:00+00:00,llo1,96,2025-08-22,23.00,14.070,9.080,15.200,12.425,2,45027,0.11,2026-08-10T14:18:44+00:00
2025-08-26T12:00:00+00:00,llo1,96,2025-08-22,28.00,13.260,8.801,14.060,11.098,2,45027,0.11,2026-08-10T14:18:44+00:00
2025-08-26T12:00:00+00:00,llo1,96,2025-08-22,33.00,11.780,8.634,10.190,9.487,2,45027,0.11,2026-08-10T14:18:44+00:00
2025-08-26T12:00:00+00:00,llo1,96,2025-08-22,38.00,7.630,8.474,6.300,8.139,2,45027,0.11,2026-08-10T14:18:44+00:00
2025-08-26T12:00:00+00:00,llo1,96,2025-08-22,43.00,5.070,8.395,4.710,6.623,2,45027,0.11,2026-08-10T14:18:44+00:00
2025-08-27T12:00:00+00:00,llo1,120,2025-08-22,6.00,16.910,10.689,17.320,16.394,2,45027,0.11,2026-08-10T14:18:44+00:00
2025-08-27T12:00:00+00:00,llo1,120,2025-08-22,8.00,16.620,10.230,17.190,15.709,2,45027,0.11,2026-08-10T14:18:44+00:00
2025-08-27T12:00:00+00:00,llo1,120,2025-08-22,13.00,14.780,9.890,16.730,14.906,2,45027,0.11,2026-08-10T14:18:44+00:00
2025-08-27T12:00:00+00:00,llo1,120,2025-08-22,18.00,13.540,9.452,16.020,13.920,2,45027,0.11,2026-08-10T14:18:44+00:00
2025-08-27T12:00:00+00:00,llo1,120,2025-08-22,23.00,11.970,9.036,15.200,12.854,2,45027,0.11,2026-08-10T14:18:44+00:00
2025-08-27T12:00:00+00:00,llo1,120,2025-08-22,28.00,9.300,8.780,14.060,11.422,2,45027,0.11,2026-08-10T14:18:44+00:00
2025-08-27T12:00:00+00:00,llo1,120,2025-08-22,33.00,5.880,8.644,10.190,9.750,2,45027,0.11,2026-08-10T14:18:44+00:00
2025-08-27T12:00:00+00:00,llo1,120,2025-08-22,38.00,4.770,8.642,6.300,8.360,2,45027,0.11,2026-08-10T14:18:44+00:00
2025-08-27T12:00:00+00:00,llo1,120,2025-08-22,43.00,4.460,8.622,4.710,7.108,2,45027,0.11,2026-08-10T14:18:44+00:00
2025-08-26T12:00:00+00:00,llo1,72,2025-08-23,6.00,16.800,12.075,16.890,16.300,2,45027,0.11,2026-08-10T14:18:44+00:00
2025-08-26T12:00:00+00:00,llo1,72,2025-08-23,8.00,16.810,11.474,16.710,15.459,2,45027,0.11,2026-08-10T14:18:44+00:00
2025-08-26T12:00:00+00:00,llo1,72,2025-08-23,13.00,15.960,10.450,16.080,14.378,2,45027,0.11,2026-08-10T14:18:44+00:00
2025-08-26T12:00:00+00:00,llo1,72,2025-08-23,18.00,14.840,9.833,14.690,13.412,2,45027,0.11,2026-08-10T14:18:44+00:00
2025-08-26T12:00:00+00:00,llo1,72,2025-08-23,23.00,14.070,9.337,13.180,12.425,2,45027,0.11,2026-08-10T14:18:44+00:00
2025-08-26T12:00:00+00:00,llo1,72,2025-08-23,28.00,13.260,9.061,10.300,11.098,2,45027,0.11,2026-08-10T14:18:44+00:00
2025-08-26T12:00:00+00:00,llo1,72,2025-08-23,33.00,11.780,8.924,7.820,9.487,2,45027,0.11,2026-08-10T14:18:44+00:00
2025-08-26T12:00:00+00:00,llo1,72,2025-08-23,38.00,7.630,8.800,5.990,8.139,2,45027,0.11,2026-08-10T14:18:44+00:00
2025-08-26T12:00:00+00:00,llo1,72,2025-08-23,43.00,5.070,8.656,4.630,6.623,2,45027,0.11,2026-08-10T14:18:44+00:00
2025-08-27T12:00:00+00:00,llo1,96,2025-08-23,6.00,16.910,10.925,16.890,16.394,2,45027,0.11,2026-08-10T14:18:44+00:00
2025-08-27T12:00:00+00:00,llo1,96,2025-08-23,8.00,16.620,10.549,16.710,15.709,2,45027,0.11,2026-08-10T14:18:44+00:00
2025-08-27T12:00:00+00:00,llo1,96,2025-08-23,13.00,14.780,9.780,16.080,14.906,2,45027,0.11,2026-08-10T14:18:44+00:00
2025-08-27T12:00:00+00:00,llo1,96,2025-08-23,18.00,13.540,9.335,14.690,13.920,2,45027,0.11,2026-08-10T14:18:44+00:00
2025-08-27T12:00:00+00:00,llo1,96,2025-08-23,23.00,11.970,9.012,13.180,12.854,2,45027,0.11,2026-08-10T14:18:44+00:00
2025-08-27T12:00:00+00:00,llo1,96,2025-08-23,28.00,9.300,8.807,10.300,11.422,2,45027,0.11,2026-08-10T14:18:44+00:00
2025-08-27T12:00:00+00:00,llo1,96,2025-08-23,33.00,5.880,8.654,7.820,9.750,2,45027,0.11,2026-08-10T14:18:44+00:00
2025-08-27T12:00:00+00:00,llo1,96,2025-08-23,38.00,4.770,8.582,5.990,8.360,2,45027,0.11,2026-08-10T14:18:44+00:00
2025-08-27T12:00:00+00:00,llo1,96,2025-08-23,43.00,4.460,8.543,4.630,7.108,2,45027,0.11,2026-08-10T14:18:44+00:00
2025-08-28T12:00:00+00:00,llo1,120,2025-08-23,6.00,16.900,10.470,16.890,16.762,2,45027,0.11,2026-08-10T14:18:44+00:00
2025-08-28T12:00:00+00:00,llo1,120,2025-08-23,8.00,16.760,10.187,16.710,16.236,2,45027,0.11,2026-08-10T14:18:44+00:00
2025-08-28T12:00:00+00:00,llo1,120,2025-08-23,13.00,15.610,9.505,16.080,15.434,2,45027,0.11,2026-08-10T14:18:44+00:00
2025-08-28T12:00:00+00:00,llo1,120,2025-08-23,18.00,12.920,9.123,14.690,14.204,2,45027,0.11,2026-08-10T14:18:44+00:00
2025-08-28T12:00:00+00:00,llo1,120,2025-08-23,23.00,9.310,8.806,13.180,13.043,2,45027,0.11,2026-08-10T14:18:44+00:00
2025-08-28T12:00:00+00:00,llo1,120,2025-08-23,28.00,7.040,8.582,10.300,11.560,2,45027,0.11,2026-08-10T14:18:44+00:00
2025-08-28T12:00:00+00:00,llo1,120,2025-08-23,33.00,4.740,8.516,7.820,9.846,2,45027,0.11,2026-08-10T14:18:44+00:00
2025-08-28T12:00:00+00:00,llo1,120,2025-08-23,38.00,4.360,8.460,5.990,8.399,2,45027,0.11,2026-08-10T14:18:44+00:00
2025-08-28T12:00:00+00:00,llo1,120,2025-08-23,43.00,4.230,8.372,4.630,7.380,2,45027,0.11,2026-08-10T14:18:44+00:00
2025-08-26T12:00:00+00:00,llo1,48,2025-08-24,6.00,16.800,10.705,,16.300,2,45027,0.11,2026-08-10T14:18:44+00:00
2025-08-26T12:00:00+00:00,llo1,48,2025-08-24,8.00,16.810,10.357,,15.459,2,45027,0.11,2026-08-10T14:18:44+00:00
2025-08-26T12:00:00+00:00,llo1,48,2025-08-24,13.00,15.960,10.130,,14.378,2,45027,0.11,2026-08-10T14:18:44+00:00
2025-08-26T12:00:00+00:00,llo1,48,2025-08-24,18.00,14.840,9.599,,13.412,2,45027,0.11,2026-08-10T14:18:44+00:00
2025-08-26T12:00:00+00:00,llo1,48,2025-08-24,23.00,14.070,9.180,,12.425,2,45027,0.11,2026-08-10T14:18:44+00:00
2025-08-26T12:00:00+00:00,llo1,48,2025-08-24,28.00,13.260,8.972,,11.098,2,45027,0.11,2026-08-10T14:18:44+00:00
2025-08-26T12:00:00+00:00,llo1,48,2025-08-24,33.00,11.780,8.796,,9.487,2,45027,0.11,2026-08-10T14:18:44+00:00
2025-08-26T12:00:00+00:00,llo1,48,2025-08-24,38.00,7.630,8.665,,8.139,2,45027,0.11,2026-08-10T14:18:44+00:00
2025-08-26T12:00:00+00:00,llo1,48,2025-08-24,43.00,5.070,8.572,,6.623,2,45027,0.11,2026-08-10T14:18:44+00:00
2025-08-27T12:00:00+00:00,llo1,72,2025-08-24,6.00,16.910,11.399,,16.394,2,45027,0.11,2026-08-10T14:18:44+00:00
2025-08-27T12:00:00+00:00,llo1,72,2025-08-24,8.00,16.620,10.691,,15.709,2,45027,0.11,2026-08-10T14:18:44+00:00
2025-08-27T12:00:00+00:00,llo1,72,2025-08-24,13.00,14.780,9.931,,14.906,2,45027,0.11,2026-08-10T14:18:44+00:00
2025-08-27T12:00:00+00:00,llo1,72,2025-08-24,18.00,13.540,9.300,,13.920,2,45027,0.11,2026-08-10T14:18:44+00:00
2025-08-27T12:00:00+00:00,llo1,72,2025-08-24,23.00,11.970,8.865,,12.854,2,45027,0.11,2026-08-10T14:18:44+00:00
2025-08-27T12:00:00+00:00,llo1,72,2025-08-24,28.00,9.300,8.705,,11.422,2,45027,0.11,2026-08-10T14:18:44+00:00
2025-08-27T12:00:00+00:00,llo1,72,2025-08-24,33.00,5.880,8.614,,9.750,2,45027,0.11,2026-08-10T14:18:44+00:00
2025-08-27T12:00:00+00:00,llo1,72,2025-08-24,38.00,4.770,8.592,,8.360,2,45027,0.11,2026-08-10T14:18:44+00:00
2025-08-27T12:00:00+00:00,llo1,72,2025-08-24,43.00,4.460,8.548,,7.108,2,45027,0.11,2026-08-10T14:18:44+00:00
2025-08-28T12:00:00+00:00,llo1,96,2025-08-24,6.00,16.900,10.377,,16.762,2,45027,0.11,2026-08-10T14:18:44+00:00
2025-08-28T12:00:00+00:00,llo1,96,2025-08-24,8.00,16.760,10.142,,16.236,2,45027,0.11,2026-08-10T14:18:44+00:00
2025-08-28T12:00:00+00:00,llo1,96,2025-08-24,13.00,15.610,9.702,,15.434,2,45027,0.11,2026-08-10T14:18:44+00:00
2025-08-28T12:00:00+00:00,llo1,96,2025-08-24,18.00,12.920,9.197,,14.204,2,45027,0.11,2026-08-10T14:18:44+00:00
2025-08-28T12:00:00+00:00,llo1,96,2025-08-24,23.00,9.310,8.826,,13.043,2,45027,0.11,2026-08-10T14:18:44+00:00
2025-08-28T12:00:00+00:00,llo1,96,2025-08-24,28.00,7.040,8.616,,11.560,2,45027,0.11,2026-08-10T14:18:44+00:00
2025-08-28T12:00:00+00:00,llo1,96,2025-08-24,33.00,4.740,8.540,,9.846,2,45027,0.11,2026-08-10T14:18:44+00:00
2025-08-28T12:00:00+00:00,llo1,96,2025-08-24,38.00,4.360,8.474,,8.399,2,45027,0.11,2026-08-10T14:18:44+00:00
2025-08-28T12:00:00+00:00,llo1,96,2025-08-24,43.00,4.230,8.391,,7.380,2,45027,0.11,2026-08-10T14:18:44+00:00
2025-08-29T12:00:00+00:00,llo1,120,2025-08-24,6.00,17.150,10.200,,16.719,2,45027,0.11,2026-08-10T14:18:44+00:00
2025-08-29T12:00:00+00:00,llo1,120,2025-08-24,8.00,17.180,9.919,,16.338,2,45027,0.11,2026-08-10T14:18:44+00:00
2025-08-29T12:00:00+00:00,llo1,120,2025-08-24,13.00,17.160,9.384,,15.752,2,45027,0.11,2026-08-10T14:18:44+00:00
2025-08-29T12:00:00+00:00,llo1,120,2025-08-24,18.00,16.930,9.058,,14.355,2,45027,0.11,2026-08-10T14:18:44+00:00
2025-08-29T12:00:00+00:00,llo1,120,2025-08-24,23.00,15.790,8.684,,13.042,2,45027,0.11,2026-08-10T14:18:44+00:00
2025-08-29T12:00:00+00:00,llo1,120,2025-08-24,28.00,14.620,8.535,,11.535,2,45027,0.11,2026-08-10T14:18:44+00:00
2025-08-29T12:00:00+00:00,llo1,120,2025-08-24,33.00,12.510,8.446,,9.806,2,45027,0.11,2026-08-10T14:18:44+00:00
2025-08-29T12:00:00+00:00,llo1,120,2025-08-24,38.00,7.690,8.392,,8.352,2,45027,0.11,2026-08-10T14:18:44+00:00
2025-08-29T12:00:00+00:00,llo1,120,2025-08-24,43.00,5.460,8.367,,7.564,2,45027,0.11,2026-08-10T14:18:44+00:00
2025-08-26T12:00:00+00:00,llo1,24,2025-08-25,6.00,16.800,11.428,16.090,16.300,2,45027,0.11,2026-08-10T14:18:44+00:00
2025-08-26T12:00:00+00:00,llo1,24,2025-08-25,8.00,16.810,11.114,16.050,15.459,2,45027,0.11,2026-08-10T14:18:44+00:00
2025-08-26T12:00:00+00:00,llo1,24,2025-08-25,13.00,15.960,10.117,15.530,14.378,2,45027,0.11,2026-08-10T14:18:44+00:00
2025-08-26T12:00:00+00:00,llo1,24,2025-08-25,18.00,14.840,9.382,14.370,13.412,2,45027,0.11,2026-08-10T14:18:44+00:00
2025-08-26T12:00:00+00:00,llo1,24,2025-08-25,23.00,14.070,8.968,12.680,12.425,2,45027,0.11,2026-08-10T14:18:44+00:00
2025-08-26T12:00:00+00:00,llo1,24,2025-08-25,28.00,13.260,8.724,10.310,11.098,2,45027,0.11,2026-08-10T14:18:44+00:00
2025-08-26T12:00:00+00:00,llo1,24,2025-08-25,33.00,11.780,8.592,7.250,9.487,2,45027,0.11,2026-08-10T14:18:44+00:00
2025-08-26T12:00:00+00:00,llo1,24,2025-08-25,38.00,7.630,8.533,5.660,8.139,2,45027,0.11,2026-08-10T14:18:44+00:00
2025-08-26T12:00:00+00:00,llo1,24,2025-08-25,43.00,5.070,8.440,4.310,6.623,2,45027,0.11,2026-08-10T14:18:44+00:00
2025-08-27T12:00:00+00:00,llo1,48,2025-08-25,6.00,16.910,10.373,16.090,16.394,2,45027,0.11,2026-08-10T14:18:44+00:00
2025-08-27T12:00:00+00:00,llo1,48,2025-08-25,8.00,16.620,10.030,16.050,15.709,2,45027,0.11,2026-08-10T14:18:44+00:00
2025-08-27T12:00:00+00:00,llo1,48,2025-08-25,13.00,14.780,9.479,15.530,14.906,2,45027,0.11,2026-08-10T14:18:44+00:00
2025-08-27T12:00:00+00:00,llo1,48,2025-08-25,18.00,13.540,9.135,14.370,13.920,2,45027,0.11,2026-08-10T14:18:44+00:00
2025-08-27T12:00:00+00:00,llo1,48,2025-08-25,23.00,11.970,8.832,12.680,12.854,2,45027,0.11,2026-08-10T14:18:44+00:00
2025-08-27T12:00:00+00:00,llo1,48,2025-08-25,28.00,9.300,8.680,10.310,11.422,2,45027,0.11,2026-08-10T14:18:44+00:00
2025-08-27T12:00:00+00:00,llo1,48,2025-08-25,33.00,5.880,8.584,7.250,9.750,2,45027,0.11,2026-08-10T14:18:44+00:00
2025-08-27T12:00:00+00:00,llo1,48,2025-08-25,38.00,4.770,8.561,5.660,8.360,2,45027,0.11,2026-08-10T14:18:44+00:00
2025-08-27T12:00:00+00:00,llo1,48,2025-08-25,43.00,4.460,8.538,4.310,7.108,2,45027,0.11,2026-08-10T14:18:44+00:00
2025-08-28T12:00:00+00:00,llo1,72,2025-08-25,6.00,16.900,10.692,16.090,16.762,2,45027,0.11,2026-08-10T14:18:44+00:00
2025-08-28T12:00:00+00:00,llo1,72,2025-08-25,8.00,16.760,10.342,16.050,16.236,2,45027,0.11,2026-08-10T14:18:44+00:00
2025-08-28T12:00:00+00:00,llo1,72,2025-08-25,13.00,15.610,9.487,15.530,15.434,2,45027,0.11,2026-08-10T14:18:44+00:00
2025-08-28T12:00:00+00:00,llo1,72,2025-08-25,18.00,12.920,9.109,14.370,14.204,2,45027,0.11,2026-08-10T14:18:44+00:00
2025-08-28T12:00:00+00:00,llo1,72,2025-08-25,23.00,9.310,8.779,12.680,13.043,2,45027,0.11,2026-08-10T14:18:44+00:00
2025-08-28T12:00:00+00:00,llo1,72,2025-08-25,28.00,7.040,8.576,10.310,11.560,2,45027,0.11,2026-08-10T14:18:44+00:00
2025-08-28T12:00:00+00:00,llo1,72,2025-08-25,33.00,4.740,8.495,7.250,9.846,2,45027,0.11,2026-08-10T14:18:44+00:00
2025-08-28T12:00:00+00:00,llo1,72,2025-08-25,38.00,4.360,8.437,5.660,8.399,2,45027,0.11,2026-08-10T14:18:44+00:00
2025-08-28T12:00:00+00:00,llo1,72,2025-08-25,43.00,4.230,8.328,4.310,7.380,2,45027,0.11,2026-08-10T14:18:44+00:00
2025-08-29T12:00:00+00:00,llo1,96,2025-08-25,6.00,17.150,11.095,16.090,16.719,2,45027,0.11,2026-08-10T14:18:44+00:00
2025-08-29T12:00:00+00:00,llo1,96,2025-08-25,8.00,17.180,10.588,16.050,16.338,2,45027,0.11,2026-08-10T14:18:44+00:00
2025-08-29T12:00:00+00:00,llo1,96,2025-08-25,13.00,17.160,9.655,15.530,15.752,2,45027,0.11,2026-08-10T14:18:44+00:00
2025-08-29T12:00:00+00:00,llo1,96,2025-08-25,18.00,16.930,9.046,14.370,14.355,2,45027,0.11,2026-08-10T14:18:44+00:00
2025-08-29T12:00:00+00:00,llo1,96,2025-08-25,23.00,15.790,8.706,12.680,13.042,2,45027,0.11,2026-08-10T14:18:44+00:00
2025-08-29T12:00:00+00:00,llo1,96,2025-08-25,28.00,14.620,8.511,10.310,11.535,2,45027,0.11,2026-08-10T14:18:44+00:00
2025-08-29T12:00:00+00:00,llo1,96,2025-08-25,33.00,12.510,8.399,7.250,9.806,2,45027,0.11,2026-08-10T14:18:44+00:00
2025-08-29T12:00:00+00:00,llo1,96,2025-08-25,38.00,7.690,8.380,5.660,8.352,2,45027,0.11,2026-08-10T14:18:44+00:00
2025-08-29T12:00:00+00:00,llo1,96,2025-08-25,43.00,5.460,8.335,4.310,7.564,2,45027,0.11,2026-08-10T14:18:44+00:00
2025-08-30T12:00:00+00:00,llo1,120,2025-08-25,6.00,17.270,10.628,16.090,17.072,2,45027,0.11,2026-08-10T14:18:44+00:00
2025-08-30T12:00:00+00:00,llo1,120,2025-08-25,8.00,17.210,10.098,16.050,16.718,2,45027,0.11,2026-08-10T14:18:44+00:00
2025-08-30T12:00:00+00:00,llo1,120,2025-08-25,13.00,16.710,9.629,15.530,15.883,2,45027,0.11,2026-08-10T14:18:44+00:00
2025-08-30T12:00:00+00:00,llo1,120,2025-08-25,18.00,16.490,9.069,14.370,14.364,2,45027,0.11,2026-08-10T14:18:44+00:00
2025-08-30T12:00:00+00:00,llo1,120,2025-08-25,23.00,15.710,8.761,12.680,12.942,2,45027,0.11,2026-08-10T14:18:44+00:00
2025-08-30T12:00:00+00:00,llo1,120,2025-08-25,28.00,15.540,8.598,10.310,11.394,2,45027,0.11,2026-08-10T14:18:44+00:00
2025-08-30T12:00:00+00:00,llo1,120,2025-08-25,33.00,15.250,8.473,7.250,9.705,2,45027,0.11,2026-08-10T14:18:44+00:00
2025-08-30T12:00:00+00:00,llo1,120,2025-08-25,38.00,12.750,8.402,5.660,8.286,2,45027,0.11,2026-08-10T14:18:44+00:00
2025-08-30T12:00:00+00:00,llo1,120,2025-08-25,43.00,7.980,8.357,4.310,7.844,2,45027,0.11,2026-08-10T14:18:44+00:00
2025-08-27T12:00:00+00:00,llo1,24,2025-08-26,6.00,16.910,10.599,16.800,16.394,2,45027,0.11,2026-08-10T14:18:44+00:00
2025-08-27T12:00:00+00:00,llo1,24,2025-08-26,8.00,16.620,10.150,16.810,15.709,2,45027,0.11,2026-08-10T14:18:44+00:00
2025-08-27T12:00:00+00:00,llo1,24,2025-08-26,13.00,14.780,9.572,15.960,14.906,2,45027,0.11,2026-08-10T14:18:44+00:00
2025-08-27T12:00:00+00:00,llo1,24,2025-08-26,18.00,13.540,9.142,14.840,13.920,2,45027,0.11,2026-08-10T14:18:44+00:00
2025-08-27T12:00:00+00:00,llo1,24,2025-08-26,23.00,11.970,8.813,14.070,12.854,2,45027,0.11,2026-08-10T14:18:44+00:00
2025-08-27T12:00:00+00:00,llo1,24,2025-08-26,28.00,9.300,8.654,13.260,11.422,2,45027,0.11,2026-08-10T14:18:44+00:00
2025-08-27T12:00:00+00:00,llo1,24,2025-08-26,33.00,5.880,8.593,11.780,9.750,2,45027,0.11,2026-08-10T14:18:44+00:00
2025-08-27T12:00:00+00:00,llo1,24,2025-08-26,38.00,4.770,8.586,7.630,8.360,2,45027,0.11,2026-08-10T14:18:44+00:00
2025-08-27T12:00:00+00:00,llo1,24,2025-08-26,43.00,4.460,8.553,5.070,7.108,2,45027,0.11,2026-08-10T14:18:44+00:00
2025-08-28T12:00:00+00:00,llo1,48,2025-08-26,6.00,16.900,10.219,16.800,16.762,2,45027,0.11,2026-08-10T14:18:44+00:00
2025-08-28T12:00:00+00:00,llo1,48,2025-08-26,8.00,16.760,9.984,16.810,16.236,2,45027,0.11,2026-08-10T14:18:44+00:00
2025-08-28T12:00:00+00:00,llo1,48,2025-08-26,13.00,15.610,9.425,15.960,15.434,2,45027,0.11,2026-08-10T14:18:44+00:00
2025-08-28T12:00:00+00:00,llo1,48,2025-08-26,18.00,12.920,9.173,14.840,14.204,2,45027,0.11,2026-08-10T14:18:44+00:00
2025-08-28T12:00:00+00:00,llo1,48,2025-08-26,23.00,9.310,8.837,14.070,13.043,2,45027,0.11,2026-08-10T14:18:44+00:00
2025-08-28T12:00:00+00:00,llo1,48,2025-08-26,28.00,7.040,8.608,13.260,11.560,2,45027,0.11,2026-08-10T14:18:44+00:00
2025-08-28T12:00:00+00:00,llo1,48,2025-08-26,33.00,4.740,8.503,11.780,9.846,2,45027,0.11,2026-08-10T14:18:44+00:00
2025-08-28T12:00:00+00:00,llo1,48,2025-08-26,38.00,4.360,8.447,7.630,8.399,2,45027,0.11,2026-08-10T14:18:44+00:00
2025-08-28T12:00:00+00:00,llo1,48,2025-08-26,43.00,4.230,8.402,5.070,7.380,2,45027,0.11,2026-08-10T14:18:44+00:00
2025-08-29T12:00:00+00:00,llo1,72,2025-08-26,6.00,17.150,11.954,16.800,16.719,2,45027,0.11,2026-08-10T14:18:44+00:00
2025-08-29T12:00:00+00:00,llo1,72,2025-08-26,8.00,17.180,11.468,16.810,16.338,2,45027,0.11,2026-08-10T14:18:44+00:00
2025-08-29T12:00:00+00:00,llo1,72,2025-08-26,13.00,17.160,10.345,15.960,15.752,2,45027,0.11,2026-08-10T14:18:44+00:00
2025-08-29T12:00:00+00:00,llo1,72,2025-08-26,18.00,16.930,9.484,14.840,14.355,2,45027,0.11,2026-08-10T14:18:44+00:00
2025-08-29T12:00:00+00:00,llo1,72,2025-08-26,23.00,15.790,9.034,14.070,13.042,2,45027,0.11,2026-08-10T14:18:44+00:00
2025-08-29T12:00:00+00:00,llo1,72,2025-08-26,28.00,14.620,8.768,13.260,11.535,2,45027,0.11,2026-08-10T14:18:44+00:00
2025-08-29T12:00:00+00:00,llo1,72,2025-08-26,33.00,12.510,8.640,11.780,9.806,2,45027,0.11,2026-08-10T14:18:44+00:00
2025-08-29T12:00:00+00:00,llo1,72,2025-08-26,38.00,7.690,8.577,7.630,8.352,2,45027,0.11,2026-08-10T14:18:44+00:00
2025-08-29T12:00:00+00:00,llo1,72,2025-08-26,43.00,5.460,8.538,5.070,7.564,2,45027,0.11,2026-08-10T14:18:44+00:00
2025-08-30T12:00:00+00:00,llo1,96,2025-08-26,6.00,17.270,11.616,16.800,17.072,2,45027,0.11,2026-08-10T14:18:44+00:00
2025-08-30T12:00:00+00:00,llo1,96,2025-08-26,8.00,17.210,11.064,16.810,16.718,2,45027,0.11,2026-08-10T14:18:44+00:00
2025-08-30T12:00:00+00:00,llo1,96,2025-08-26,13.00,16.710,10.015,15.960,15.883,2,45027,0.11,2026-08-10T14:18:44+00:00
2025-08-30T12:00:00+00:00,llo1,96,2025-08-26,18.00,16.490,9.457,14.840,14.364,2,45027,0.11,2026-08-10T14:18:44+00:00
2025-08-30T12:00:00+00:00,llo1,96,2025-08-26,23.00,15.710,9.146,14.070,12.942,2,45027,0.11,2026-08-10T14:18:44+00:00
2025-08-30T12:00:00+00:00,llo1,96,2025-08-26,28.00,15.540,8.911,13.260,11.394,2,45027,0.11,2026-08-10T14:18:44+00:00
2025-08-30T12:00:00+00:00,llo1,96,2025-08-26,33.00,15.250,8.758,11.780,9.705,2,45027,0.11,2026-08-10T14:18:44+00:00
2025-08-30T12:00:00+00:00,llo1,96,2025-08-26,38.00,12.750,8.682,7.630,8.286,2,45027,0.11,2026-08-10T14:18:44+00:00
2025-08-30T12:00:00+00:00,llo1,96,2025-08-26,43.00,7.980,8.649,5.070,7.844,2,45027,0.11,2026-08-10T14:18:44+00:00
2025-08-31T12:00:00+00:00,llo1,120,2025-08-26,6.00,16.100,11.288,16.800,17.247,2,45027,0.11,2026-08-10T14:18:44+00:00
2025-08-31T12:00:00+00:00,llo1,120,2025-08-26,8.00,16.010,10.809,16.810,16.986,2,45027,0.11,2026-08-10T14:18:44+00:00
2025-08-31T12:00:00+00:00,llo1,120,2025-08-26,13.00,15.860,9.677,15.960,16.132,2,45027,0.11,2026-08-10T14:18:44+00:00
2025-08-31T12:00:00+00:00,llo1,120,2025-08-26,18.00,15.690,9.215,14.840,14.585,2,45027,0.11,2026-08-10T14:18:44+00:00
2025-08-31T12:00:00+00:00,llo1,120,2025-08-26,23.00,13.580,8.919,14.070,13.120,2,45027,0.11,2026-08-10T14:18:44+00:00
2025-08-31T12:00:00+00:00,llo1,120,2025-08-26,28.00,11.330,8.744,13.260,11.589,2,45027,0.11,2026-08-10T14:18:44+00:00
2025-08-31T12:00:00+00:00,llo1,120,2025-08-26,33.00,8.040,8.632,11.780,9.662,2,45027,0.11,2026-08-10T14:18:44+00:00
2025-08-31T12:00:00+00:00,llo1,120,2025-08-26,38.00,6.210,8.562,7.630,8.226,2,45027,0.11,2026-08-10T14:18:44+00:00
2025-08-31T12:00:00+00:00,llo1,120,2025-08-26,43.00,4.970,8.505,5.070,7.995,2,45027,0.11,2026-08-10T14:18:44+00:00
2025-08-28T12:00:00+00:00,llo1,24,2025-08-27,6.00,16.900,10.393,16.910,16.762,2,45027,0.11,2026-08-10T14:18:44+00:00
2025-08-28T12:00:00+00:00,llo1,24,2025-08-27,8.00,16.760,10.175,16.620,16.236,2,45027,0.11,2026-08-10T14:18:44+00:00
2025-08-28T12:00:00+00:00,llo1,24,2025-08-27,13.00,15.610,9.528,14.780,15.434,2,45027,0.11,2026-08-10T14:18:44+00:00
2025-08-28T12:00:00+00:00,llo1,24,2025-08-27,18.00,12.920,9.189,13.540,14.204,2,45027,0.11,2026-08-10T14:18:44+00:00
2025-08-28T12:00:00+00:00,llo1,24,2025-08-27,23.00,9.310,8.838,11.970,13.043,2,45027,0.11,2026-08-10T14:18:44+00:00
2025-08-28T12:00:00+00:00,llo1,24,2025-08-27,28.00,7.040,8.596,9.300,11.560,2,45027,0.11,2026-08-10T14:18:44+00:00
2025-08-28T12:00:00+00:00,llo1,24,2025-08-27,33.00,4.740,8.499,5.880,9.846,2,45027,0.11,2026-08-10T14:18:44+00:00
2025-08-28T12:00:00+00:00,llo1,24,2025-08-27,38.00,4.360,8.442,4.770,8.399,2,45027,0.11,2026-08-10T14:18:44+00:00
2025-08-28T12:00:00+00:00,llo1,24,2025-08-27,43.00,4.230,8.357,4.460,7.380,2,45027,0.11,2026-08-10T14:18:44+00:00
2025-08-29T12:00:00+00:00,llo1,48,2025-08-27,6.00,17.150,12.582,16.910,16.719,2,45027,0.11,2026-08-10T14:18:44+00:00
2025-08-29T12:00:00+00:00,llo1,48,2025-08-27,8.00,17.180,12.441,16.620,16.338,2,45027,0.11,2026-08-10T14:18:44+00:00
2025-08-29T12:00:00+00:00,llo1,48,2025-08-27,13.00,17.160,11.529,14.780,15.752,2,45027,0.11,2026-08-10T14:18:44+00:00
2025-08-29T12:00:00+00:00,llo1,48,2025-08-27,18.00,16.930,10.126,13.540,14.355,2,45027,0.11,2026-08-10T14:18:44+00:00
2025-08-29T12:00:00+00:00,llo1,48,2025-08-27,23.00,15.790,9.334,11.970,13.042,2,45027,0.11,2026-08-10T14:18:44+00:00
2025-08-29T12:00:00+00:00,llo1,48,2025-08-27,28.00,14.620,8.974,9.300,11.535,2,45027,0.11,2026-08-10T14:18:44+00:00
2025-08-29T12:00:00+00:00,llo1,48,2025-08-27,33.00,12.510,8.806,5.880,9.806,2,45027,0.11,2026-08-10T14:18:44+00:00
2025-08-29T12:00:00+00:00,llo1,48,2025-08-27,38.00,7.690,8.712,4.770,8.352,2,45027,0.11,2026-08-10T14:18:44+00:00
2025-08-29T12:00:00+00:00,llo1,48,2025-08-27,43.00,5.460,8.680,4.460,7.564,2,45027,0.11,2026-08-10T14:18:44+00:00
2025-08-30T12:00:00+00:00,llo1,72,2025-08-27,6.00,17.270,12.449,16.910,17.072,2,45027,0.11,2026-08-10T14:18:44+00:00
2025-08-30T12:00:00+00:00,llo1,72,2025-08-27,8.00,17.210,11.810,16.620,16.718,2,45027,0.11,2026-08-10T14:18:44+00:00
2025-08-30T12:00:00+00:00,llo1,72,2025-08-27,13.00,16.710,10.377,14.780,15.883,2,45027,0.11,2026-08-10T14:18:44+00:00
2025-08-30T12:00:00+00:00,llo1,72,2025-08-27,18.00,16.490,9.637,13.540,14.364,2,45027,0.11,2026-08-10T14:18:44+00:00
2025-08-30T12:00:00+00:00,llo1,72,2025-08-27,23.00,15.710,9.257,11.970,12.942,2,45027,0.11,2026-08-10T14:18:44+00:00
2025-08-30T12:00:00+00:00,llo1,72,2025-08-27,28.00,15.540,8.916,9.300,11.394,2,45027,0.11,2026-08-10T14:18:44+00:00
2025-08-30T12:00:00+00:00,llo1,72,2025-08-27,33.00,15.250,8.764,5.880,9.705,2,45027,0.11,2026-08-10T14:18:44+00:00
2025-08-30T12:00:00+00:00,llo1,72,2025-08-27,38.00,12.750,8.702,4.770,8.286,2,45027,0.11,2026-08-10T14:18:44+00:00
2025-08-30T12:00:00+00:00,llo1,72,2025-08-27,43.00,7.980,8.656,4.460,7.844,2,45027,0.11,2026-08-10T14:18:44+00:00
2025-08-31T12:00:00+00:00,llo1,96,2025-08-27,6.00,16.100,12.500,16.910,17.247,2,45027,0.11,2026-08-10T14:18:44+00:00
2025-08-31T12:00:00+00:00,llo1,96,2025-08-27,8.00,16.010,11.690,16.620,16.986,2,45027,0.11,2026-08-10T14:18:44+00:00
2025-08-31T12:00:00+00:00,llo1,96,2025-08-27,13.00,15.860,10.256,14.780,16.132,2,45027,0.11,2026-08-10T14:18:44+00:00
2025-08-31T12:00:00+00:00,llo1,96,2025-08-27,18.00,15.690,9.539,13.540,14.585,2,45027,0.11,2026-08-10T14:18:44+00:00
2025-08-31T12:00:00+00:00,llo1,96,2025-08-27,23.00,13.580,9.131,11.970,13.120,2,45027,0.11,2026-08-10T14:18:44+00:00
2025-08-31T12:00:00+00:00,llo1,96,2025-08-27,28.00,11.330,8.884,9.300,11.589,2,45027,0.11,2026-08-10T14:18:44+00:00
2025-08-31T12:00:00+00:00,llo1,96,2025-08-27,33.00,8.040,8.724,5.880,9.662,2,45027,0.11,2026-08-10T14:18:44+00:00
2025-08-31T12:00:00+00:00,llo1,96,2025-08-27,38.00,6.210,8.614,4.770,8.226,2,45027,0.11,2026-08-10T14:18:44+00:00
2025-08-31T12:00:00+00:00,llo1,96,2025-08-27,43.00,4.970,8.518,4.460,7.995,2,45027,0.11,2026-08-10T14:18:44+00:00
2025-09-01T12:00:00+00:00,llo1,120,2025-08-27,6.00,15.960,12.101,16.910,17.357,2,45027,0.11,2026-08-10T14:18:44+00:00
2025-09-01T12:00:00+00:00,llo1,120,2025-08-27,8.00,15.900,11.252,16.620,17.134,2,45027,0.11,2026-08-10T14:18:44+00:00
2025-09-01T12:00:00+00:00,llo1,120,2025-08-27,13.00,15.670,9.978,14.780,16.277,2,45027,0.11,2026-08-10T14:18:44+00:00
2025-09-01T12:00:00+00:00,llo1,120,2025-08-27,18.00,12.830,9.401,13.540,14.624,2,45027,0.11,2026-08-10T14:18:44+00:00
2025-09-01T12:00:00+00:00,llo1,120,2025-08-27,23.00,9.800,9.088,11.970,12.994,2,45027,0.11,2026-08-10T14:18:44+00:00
2025-09-01T12:00:00+00:00,llo1,120,2025-08-27,28.00,7.430,8.839,9.300,11.408,2,45027,0.11,2026-08-10T14:18:44+00:00
2025-09-01T12:00:00+00:00,llo1,120,2025-08-27,33.00,5.690,8.658,5.880,9.394,2,45027,0.11,2026-08-10T14:18:44+00:00
2025-09-01T12:00:00+00:00,llo1,120,2025-08-27,38.00,4.740,8.589,4.770,7.945,2,45027,0.11,2026-08-10T14:18:44+00:00
2025-09-01T12:00:00+00:00,llo1,120,2025-08-27,43.00,4.310,8.565,4.460,8.068,2,45027,0.11,2026-08-10T14:18:44+00:00
2025-08-29T12:00:00+00:00,llo1,24,2025-08-28,6.00,17.150,12.757,16.900,16.719,2,45027,0.11,2026-08-10T14:18:44+00:00
2025-08-29T12:00:00+00:00,llo1,24,2025-08-28,8.00,17.180,12.446,16.760,16.338,2,45027,0.11,2026-08-10T14:18:44+00:00
2025-08-29T12:00:00+00:00,llo1,24,2025-08-28,13.00,17.160,11.246,15.610,15.752,2,45027,0.11,2026-08-10T14:18:44+00:00
2025-08-29T12:00:00+00:00,llo1,24,2025-08-28,18.00,16.930,10.097,12.920,14.355,2,45027,0.11,2026-08-10T14:18:44+00:00
2025-08-29T12:00:00+00:00,llo1,24,2025-08-28,23.00,15.790,9.392,9.310,13.042,2,45027,0.11,2026-08-10T14:18:44+00:00
2025-08-29T12:00:00+00:00,llo1,24,2025-08-28,28.00,14.620,8.994,7.040,11.535,2,45027,0.11,2026-08-10T14:18:44+00:00
2025-08-29T12:00:00+00:00,llo1,24,2025-08-28,33.00,12.510,8.752,4.740,9.806,2,45027,0.11,2026-08-10T14:18:44+00:00
2025-08-29T12:00:00+00:00,llo1,24,2025-08-28,38.00,7.690,8.669,4.360,8.352,2,45027,0.11,2026-08-10T14:18:44+00:00
2025-08-29T12:00:00+00:00,llo1,24,2025-08-28,43.00,5.460,8.619,4.230,7.564,2,45027,0.11,2026-08-10T14:18:44+00:00
2025-08-30T12:00:00+00:00,llo1,48,2025-08-28,6.00,17.270,14.464,16.900,17.072,2,45027,0.11,2026-08-10T14:18:44+00:00
2025-08-30T12:00:00+00:00,llo1,48,2025-08-28,8.00,17.210,13.749,16.760,16.718,2,45027,0.11,2026-08-10T14:18:44+00:00
2025-08-30T12:00:00+00:00,llo1,48,2025-08-28,13.00,16.710,11.740,15.610,15.883,2,45027,0.11,2026-08-10T14:18:44+00:00
2025-08-30T12:00:00+00:00,llo1,48,2025-08-28,18.00,16.490,10.473,12.920,14.364,2,45027,0.11,2026-08-10T14:18:44+00:00
2025-08-30T12:00:00+00:00,llo1,48,2025-08-28,23.00,15.710,9.765,9.310,12.942,2,45027,0.11,2026-08-10T14:18:44+00:00
2025-08-30T12:00:00+00:00,llo1,48,2025-08-28,28.00,15.540,9.315,7.040,11.394,2,45027,0.11,2026-08-10T14:18:44+00:00
2025-08-30T12:00:00+00:00,llo1,48,2025-08-28,33.00,15.250,9.048,4.740,9.705,2,45027,0.11,2026-08-10T14:18:44+00:00
2025-08-30T12:00:00+00:00,llo1,48,2025-08-28,38.00,12.750,8.881,4.360,8.286,2,45027,0.11,2026-08-10T14:18:44+00:00
2025-08-30T12:00:00+00:00,llo1,48,2025-08-28,43.00,7.980,8.840,4.230,7.844,2,45027,0.11,2026-08-10T14:18:44+00:00
2025-08-31T12:00:00+00:00,llo1,72,2025-08-28,6.00,16.100,14.464,16.900,17.247,2,45027,0.11,2026-08-10T14:18:44+00:00
2025-08-31T12:00:00+00:00,llo1,72,2025-08-28,8.00,16.010,13.321,16.760,16.986,2,45027,0.11,2026-08-10T14:18:44+00:00
2025-08-31T12:00:00+00:00,llo1,72,2025-08-28,13.00,15.860,11.133,15.610,16.132,2,45027,0.11,2026-08-10T14:18:44+00:00
2025-08-31T12:00:00+00:00,llo1,72,2025-08-28,18.00,15.690,9.962,12.920,14.585,2,45027,0.11,2026-08-10T14:18:44+00:00
2025-08-31T12:00:00+00:00,llo1,72,2025-08-28,23.00,13.580,9.378,9.310,13.120,2,45027,0.11,2026-08-10T14:18:44+00:00
2025-08-31T12:00:00+00:00,llo1,72,2025-08-28,28.00,11.330,9.035,7.040,11.589,2,45027,0.11,2026-08-10T14:18:44+00:00
2025-08-31T12:00:00+00:00,llo1,72,2025-08-28,33.00,8.040,8.837,4.740,9.662,2,45027,0.11,2026-08-10T14:18:44+00:00
2025-08-31T12:00:00+00:00,llo1,72,2025-08-28,38.00,6.210,8.757,4.360,8.226,2,45027,0.11,2026-08-10T14:18:44+00:00
2025-08-31T12:00:00+00:00,llo1,72,2025-08-28,43.00,4.970,8.693,4.230,7.995,2,45027,0.11,2026-08-10T14:18:44+00:00
2025-09-01T12:00:00+00:00,llo1,96,2025-08-28,6.00,15.960,13.084,16.900,17.357,2,45027,0.11,2026-08-10T14:18:44+00:00
2025-09-01T12:00:00+00:00,llo1,96,2025-08-28,8.00,15.900,11.936,16.760,17.134,2,45027,0.11,2026-08-10T14:18:44+00:00
2025-09-01T12:00:00+00:00,llo1,96,2025-08-28,13.00,15.670,10.575,15.610,16.277,2,45027,0.11,2026-08-10T14:18:44+00:00
2025-09-01T12:00:00+00:00,llo1,96,2025-08-28,18.00,12.830,9.839,12.920,14.624,2,45027,0.11,2026-08-10T14:18:44+00:00
2025-09-01T12:00:00+00:00,llo1,96,2025-08-28,23.00,9.800,9.416,9.310,12.994,2,45027,0.11,2026-08-10T14:18:44+00:00
2025-09-01T12:00:00+00:00,llo1,96,2025-08-28,28.00,7.430,9.072,7.040,11.408,2,45027,0.11,2026-08-10T14:18:44+00:00
2025-09-01T12:00:00+00:00,llo1,96,2025-08-28,33.00,5.690,8.932,4.740,9.394,2,45027,0.11,2026-08-10T14:18:44+00:00
2025-09-01T12:00:00+00:00,llo1,96,2025-08-28,38.00,4.740,8.775,4.360,7.945,2,45027,0.11,2026-08-10T14:18:44+00:00
2025-09-01T12:00:00+00:00,llo1,96,2025-08-28,43.00,4.310,8.752,4.230,8.068,2,45027,0.11,2026-08-10T14:18:44+00:00
2025-09-02T12:00:00+00:00,llo1,120,2025-08-28,6.00,15.630,12.279,16.900,17.487,2,45027,0.11,2026-08-10T14:18:44+00:00
2025-09-02T12:00:00+00:00,llo1,120,2025-08-28,8.00,15.530,11.510,16.760,17.235,2,45027,0.11,2026-08-10T14:18:44+00:00
2025-09-02T12:00:00+00:00,llo1,120,2025-08-28,13.00,13.750,10.034,15.610,16.101,2,45027,0.11,2026-08-10T14:18:44+00:00
2025-09-02T12:00:00+00:00,llo1,120,2025-08-28,18.00,10.310,9.331,12.920,14.393,2,45027,0.11,2026-08-10T14:18:44+00:00
2025-09-02T12:00:00+00:00,llo1,120,2025-08-28,23.00,7.010,9.063,9.310,12.710,2,45027,0.11,2026-08-10T14:18:44+00:00
2025-09-02T12:00:00+00:00,llo1,120,2025-08-28,28.00,5.480,8.886,7.040,11.064,2,45027,0.11,2026-08-10T14:18:44+00:00
2025-09-02T12:00:00+00:00,llo1,120,2025-08-28,33.00,4.750,8.714,4.740,9.057,2,45027,0.11,2026-08-10T14:18:44+00:00
2025-09-02T12:00:00+00:00,llo1,120,2025-08-28,38.00,4.360,8.631,4.360,7.838,2,45027,0.11,2026-08-10T14:18:44+00:00
2025-09-02T12:00:00+00:00,llo1,120,2025-08-28,43.00,4.250,8.581,4.230,8.062,2,45027,0.11,2026-08-10T14:18:44+00:00
2025-08-30T12:00:00+00:00,llo1,24,2025-08-29,6.00,17.270,12.219,17.150,17.072,2,45027,0.11,2026-08-10T14:18:44+00:00
2025-08-30T12:00:00+00:00,llo1,24,2025-08-29,8.00,17.210,11.666,17.180,16.718,2,45027,0.11,2026-08-10T14:18:44+00:00
2025-08-30T12:00:00+00:00,llo1,24,2025-08-29,13.00,16.710,10.414,17.160,15.883,2,45027,0.11,2026-08-10T14:18:44+00:00
2025-08-30T12:00:00+00:00,llo1,24,2025-08-29,18.00,16.490,9.593,16.930,14.364,2,45027,0.11,2026-08-10T14:18:44+00:00
2025-08-30T12:00:00+00:00,llo1,24,2025-08-29,23.00,15.710,9.092,15.790,12.942,2,45027,0.11,2026-08-10T14:18:44+00:00
2025-08-30T12:00:00+00:00,llo1,24,2025-08-29,28.00,15.540,8.783,14.620,11.394,2,45027,0.11,2026-08-10T14:18:44+00:00
2025-08-30T12:00:00+00:00,llo1,24,2025-08-29,33.00,15.250,8.646,12.510,9.705,2,45027,0.11,2026-08-10T14:18:44+00:00
2025-08-30T12:00:00+00:00,llo1,24,2025-08-29,38.00,12.750,8.578,7.690,8.286,2,45027,0.11,2026-08-10T14:18:44+00:00
2025-08-30T12:00:00+00:00,llo1,24,2025-08-29,43.00,7.980,8.522,5.460,7.844,2,45027,0.11,2026-08-10T14:18:44+00:00
2025-08-31T12:00:00+00:00,llo1,48,2025-08-29,6.00,16.100,10.302,17.150,17.247,2,45027,0.11,2026-08-10T14:18:44+00:00
2025-08-31T12:00:00+00:00,llo1,48,2025-08-29,8.00,16.010,9.901,17.180,16.986,2,45027,0.11,2026-08-10T14:18:44+00:00
2025-08-31T12:00:00+00:00,llo1,48,2025-08-29,13.00,15.860,9.270,17.160,16.132,2,45027,0.11,2026-08-10T14:18:44+00:00
2025-08-31T12:00:00+00:00,llo1,48,2025-08-29,18.00,15.690,8.907,16.930,14.585,2,45027,0.11,2026-08-10T14:18:44+00:00
2025-08-31T12:00:00+00:00,llo1,48,2025-08-29,23.00,13.580,8.666,15.790,13.120,2,45027,0.11,2026-08-10T14:18:44+00:00
2025-08-31T12:00:00+00:00,llo1,48,2025-08-29,28.00,11.330,8.535,14.620,11.589,2,45027,0.11,2026-08-10T14:18:44+00:00
2025-08-31T12:00:00+00:00,llo1,48,2025-08-29,33.00,8.040,8.414,12.510,9.662,2,45027,0.11,2026-08-10T14:18:44+00:00
2025-08-31T12:00:00+00:00,llo1,48,2025-08-29,38.00,6.210,8.323,7.690,8.226,2,45027,0.11,2026-08-10T14:18:44+00:00
2025-08-31T12:00:00+00:00,llo1,48,2025-08-29,43.00,4.970,8.257,5.460,7.995,2,45027,0.11,2026-08-10T14:18:44+00:00
2025-09-01T12:00:00+00:00,llo1,72,2025-08-29,6.00,15.960,10.790,17.150,17.357,2,45027,0.11,2026-08-10T14:18:44+00:00
2025-09-01T12:00:00+00:00,llo1,72,2025-08-29,8.00,15.900,9.922,17.180,17.134,2,45027,0.11,2026-08-10T14:18:44+00:00
2025-09-01T12:00:00+00:00,llo1,72,2025-08-29,13.00,15.670,9.421,17.160,16.277,2,45027,0.11,2026-08-10T14:18:44+00:00
2025-09-01T12:00:00+00:00,llo1,72,2025-08-29,18.00,12.830,9.044,16.930,14.624,2,45027,0.11,2026-08-10T14:18:44+00:00
2025-09-01T12:00:00+00:00,llo1,72,2025-08-29,23.00,9.800,8.705,15.790,12.994,2,45027,0.11,2026-08-10T14:18:44+00:00
2025-09-01T12:00:00+00:00,llo1,72,2025-08-29,28.00,7.430,8.516,14.620,11.408,2,45027,0.11,2026-08-10T14:18:44+00:00
2025-09-01T12:00:00+00:00,llo1,72,2025-08-29,33.00,5.690,8.393,12.510,9.394,2,45027,0.11,2026-08-10T14:18:44+00:00
2025-09-01T12:00:00+00:00,llo1,72,2025-08-29,38.00,4.740,8.312,7.690,7.945,2,45027,0.11,2026-08-10T14:18:44+00:00
2025-09-01T12:00:00+00:00,llo1,72,2025-08-29,43.00,4.310,8.235,5.460,8.068,2,45027,0.11,2026-08-10T14:18:44+00:00
2025-09-02T12:00:00+00:00,llo1,96,2025-08-29,6.00,15.630,9.799,17.150,17.487,2,45027,0.11,2026-08-10T14:18:44+00:00
2025-09-02T12:00:00+00:00,llo1,96,2025-08-29,8.00,15.530,9.711,17.180,17.235,2,45027,0.11,2026-08-10T14:18:44+00:00
2025-09-02T12:00:00+00:00,llo1,96,2025-08-29,13.00,13.750,9.029,17.160,16.101,2,45027,0.11,2026-08-10T14:18:44+00:00
2025-09-02T12:00:00+00:00,llo1,96,2025-08-29,18.00,10.310,8.811,16.930,14.393,2,45027,0.11,2026-08-10T14:18:44+00:00
2025-09-02T12:00:00+00:00,llo1,96,2025-08-29,23.00,7.010,8.563,15.790,12.710,2,45027,0.11,2026-08-10T14:18:44+00:00
2025-09-02T12:00:00+00:00,llo1,96,2025-08-29,28.00,5.480,8.408,14.620,11.064,2,45027,0.11,2026-08-10T14:18:44+00:00
2025-09-02T12:00:00+00:00,llo1,96,2025-08-29,33.00,4.750,8.279,12.510,9.057,2,45027,0.11,2026-08-10T14:18:44+00:00
2025-09-02T12:00:00+00:00,llo1,96,2025-08-29,38.00,4.360,8.234,7.690,7.838,2,45027,0.11,2026-08-10T14:18:44+00:00
2025-09-02T12:00:00+00:00,llo1,96,2025-08-29,43.00,4.250,8.142,5.460,8.062,2,45027,0.11,2026-08-10T14:18:44+00:00
2025-09-03T12:00:00+00:00,llo1,120,2025-08-29,6.00,12.680,10.553,17.150,17.525,2,45027,0.11,2026-08-10T14:18:44+00:00
2025-09-03T12:00:00+00:00,llo1,120,2025-08-29,8.00,12.380,9.900,17.180,17.183,2,45027,0.11,2026-08-10T14:18:44+00:00
2025-09-03T12:00:00+00:00,llo1,120,2025-08-29,13.00,7.560,8.978,17.160,15.988,2,45027,0.11,2026-08-10T14:18:44+00:00
2025-09-03T12:00:00+00:00,llo1,120,2025-08-29,18.00,6.510,8.543,16.930,14.308,2,45027,0.11,2026-08-10T14:18:44+00:00
2025-09-03T12:00:00+00:00,llo1,120,2025-08-29,23.00,5.530,8.410,15.790,12.599,2,45027,0.11,2026-08-10T14:18:44+00:00
2025-09-03T12:00:00+00:00,llo1,120,2025-08-29,28.00,4.820,8.271,14.620,10.910,2,45027,0.11,2026-08-10T14:18:44+00:00
2025-09-03T12:00:00+00:00,llo1,120,2025-08-29,33.00,4.360,8.177,12.510,8.793,2,45027,0.11,2026-08-10T14:18:44+00:00
2025-09-03T12:00:00+00:00,llo1,120,2025-08-29,38.00,4.220,8.070,7.690,7.673,2,45027,0.11,2026-08-10T14:18:44+00:00
2025-09-03T12:00:00+00:00,llo1,120,2025-08-29,43.00,4.130,7.984,5.460,8.139,2,45027,0.11,2026-08-10T14:18:44+00:00
2025-08-31T12:00:00+00:00,llo1,24,2025-08-30,6.00,16.100,10.589,17.270,17.247,2,45027,0.11,2026-08-10T14:18:44+00:00
2025-08-31T12:00:00+00:00,llo1,24,2025-08-30,8.00,16.010,10.192,17.210,16.986,2,45027,0.11,2026-08-10T14:18:44+00:00
2025-08-31T12:00:00+00:00,llo1,24,2025-08-30,13.00,15.860,9.434,16.710,16.132,2,45027,0.11,2026-08-10T14:18:44+00:00
2025-08-31T12:00:00+00:00,llo1,24,2025-08-30,18.00,15.690,9.016,16.490,14.585,2,45027,0.11,2026-08-10T14:18:44+00:00
2025-08-31T12:00:00+00:00,llo1,24,2025-08-30,23.00,13.580,8.720,15.710,13.120,2,45027,0.11,2026-08-10T14:18:44+00:00
2025-08-31T12:00:00+00:00,llo1,24,2025-08-30,28.00,11.330,8.569,15.540,11.589,2,45027,0.11,2026-08-10T14:18:44+00:00
2025-08-31T12:00:00+00:00,llo1,24,2025-08-30,33.00,8.040,8.434,15.250,9.662,2,45027,0.11,2026-08-10T14:18:44+00:00
2025-08-31T12:00:00+00:00,llo1,24,2025-08-30,38.00,6.210,8.349,12.750,8.226,2,45027,0.11,2026-08-10T14:18:44+00:00
2025-08-31T12:00:00+00:00,llo1,24,2025-08-30,43.00,4.970,8.278,7.980,7.995,2,45027,0.11,2026-08-10T14:18:44+00:00
2025-09-01T12:00:00+00:00,llo1,48,2025-08-30,6.00,15.960,10.345,17.270,17.357,2,45027,0.11,2026-08-10T14:18:44+00:00
2025-09-01T12:00:00+00:00,llo1,48,2025-08-30,8.00,15.900,10.013,17.210,17.134,2,45027,0.11,2026-08-10T14:18:44+00:00
2025-09-01T12:00:00+00:00,llo1,48,2025-08-30,13.00,15.670,9.313,16.710,16.277,2,45027,0.11,2026-08-10T14:18:44+00:00
2025-09-01T12:00:00+00:00,llo1,48,2025-08-30,18.00,12.830,8.789,16.490,14.624,2,45027,0.11,2026-08-10T14:18:44+00:00
2025-09-01T12:00:00+00:00,llo1,48,2025-08-30,23.00,9.800,8.552,15.710,12.994,2,45027,0.11,2026-08-10T14:18:44+00:00
2025-09-01T12:00:00+00:00,llo1,48,2025-08-30,28.00,7.430,8.434,15.540,11.408,2,45027,0.11,2026-08-10T14:18:44+00:00
2025-09-01T12:00:00+00:00,llo1,48,2025-08-30,33.00,5.690,8.318,15.250,9.394,2,45027,0.11,2026-08-10T14:18:44+00:00
2025-09-01T12:00:00+00:00,llo1,48,2025-08-30,38.00,4.740,8.231,12.750,7.945,2,45027,0.11,2026-08-10T14:18:44+00:00
2025-09-01T12:00:00+00:00,llo1,48,2025-08-30,43.00,4.310,8.135,7.980,8.068,2,45027,0.11,2026-08-10T14:18:44+00:00
2025-09-02T12:00:00+00:00,llo1,72,2025-08-30,6.00,15.630,9.269,17.270,17.487,2,45027,0.11,2026-08-10T14:18:44+00:00
2025-09-02T12:00:00+00:00,llo1,72,2025-08-30,8.00,15.530,9.099,17.210,17.235,2,45027,0.11,2026-08-10T14:18:44+00:00
2025-09-02T12:00:00+00:00,llo1,72,2025-08-30,13.00,13.750,8.752,16.710,16.101,2,45027,0.11,2026-08-10T14:18:44+00:00
2025-09-02T12:00:00+00:00,llo1,72,2025-08-30,18.00,10.310,8.508,16.490,14.393,2,45027,0.11,2026-08-10T14:18:44+00:00
2025-09-02T12:00:00+00:00,llo1,72,2025-08-30,23.00,7.010,8.346,15.710,12.710,2,45027,0.11,2026-08-10T14:18:44+00:00
2025-09-02T12:00:00+00:00,llo1,72,2025-08-30,28.00,5.480,8.216,15.540,11.064,2,45027,0.11,2026-08-10T14:18:44+00:00
2025-09-02T12:00:00+00:00,llo1,72,2025-08-30,33.00,4.750,8.131,15.250,9.057,2,45027,0.11,2026-08-10T14:18:44+00:00
2025-09-02T12:00:00+00:00,llo1,72,2025-08-30,38.00,4.360,8.070,12.750,7.838,2,45027,0.11,2026-08-10T14:18:44+00:00
2025-09-02T12:00:00+00:00,llo1,72,2025-08-30,43.00,4.250,7.947,7.980,8.062,2,45027,0.11,2026-08-10T14:18:44+00:00
2025-09-03T12:00:00+00:00,llo1,96,2025-08-30,6.00,12.680,10.049,17.270,17.525,2,45027,0.11,2026-08-10T14:18:44+00:00
2025-09-03T12:00:00+00:00,llo1,96,2025-08-30,8.00,12.380,9.237,17.210,17.183,2,45027,0.11,2026-08-10T14:18:44+00:00
2025-09-03T12:00:00+00:00,llo1,96,2025-08-30,13.00,7.560,8.495,16.710,15.988,2,45027,0.11,2026-08-10T14:18:44+00:00
2025-09-03T12:00:00+00:00,llo1,96,2025-08-30,18.00,6.510,8.325,16.490,14.308,2,45027,0.11,2026-08-10T14:18:44+00:00
2025-09-03T12:00:00+00:00,llo1,96,2025-08-30,23.00,5.530,8.207,15.710,12.599,2,45027,0.11,2026-08-10T14:18:44+00:00
2025-09-03T12:00:00+00:00,llo1,96,2025-08-30,28.00,4.820,8.097,15.540,10.910,2,45027,0.11,2026-08-10T14:18:44+00:00
2025-09-03T12:00:00+00:00,llo1,96,2025-08-30,33.00,4.360,8.003,15.250,8.793,2,45027,0.11,2026-08-10T14:18:44+00:00
2025-09-03T12:00:00+00:00,llo1,96,2025-08-30,38.00,4.220,7.891,12.750,7.673,2,45027,0.11,2026-08-10T14:18:44+00:00
2025-09-03T12:00:00+00:00,llo1,96,2025-08-30,43.00,4.130,7.819,7.980,8.139,2,45027,0.11,2026-08-10T14:18:44+00:00
2025-09-04T12:00:00+00:00,llo1,120,2025-08-30,6.00,13.380,9.986,17.270,17.529,2,45027,0.11,2026-08-10T14:18:44+00:00
2025-09-04T12:00:00+00:00,llo1,120,2025-08-30,8.00,12.870,8.670,17.210,17.180,2,45027,0.11,2026-08-10T14:18:44+00:00
2025-09-04T12:00:00+00:00,llo1,120,2025-08-30,13.00,12.420,8.600,16.710,15.856,2,45027,0.11,2026-08-10T14:18:44+00:00
2025-09-04T12:00:00+00:00,llo1,120,2025-08-30,18.00,11.110,8.498,16.490,14.012,2,45027,0.11,2026-08-10T14:18:44+00:00
2025-09-04T12:00:00+00:00,llo1,120,2025-08-30,23.00,10.300,8.257,15.710,12.144,2,45027,0.11,2026-08-10T14:18:44+00:00
2025-09-04T12:00:00+00:00,llo1,120,2025-08-30,28.00,8.810,8.073,15.540,10.251,2,45027,0.11,2026-08-10T14:18:44+00:00
2025-09-04T12:00:00+00:00,llo1,120,2025-08-30,33.00,7.780,7.982,15.250,8.336,2,45027,0.11,2026-08-10T14:18:44+00:00
2025-09-04T12:00:00+00:00,llo1,120,2025-08-30,38.00,7.580,7.967,12.750,7.476,2,45027,0.11,2026-08-10T14:18:44+00:00
2025-09-04T12:00:00+00:00,llo1,120,2025-08-30,43.00,6.780,7.934,7.980,8.323,2,45027,0.11,2026-08-10T14:18:44+00:00
2025-09-01T12:00:00+00:00,llo1,24,2025-08-31,6.00,15.960,10.835,16.100,17.357,2,45027,0.11,2026-08-10T14:18:44+00:00
2025-09-01T12:00:00+00:00,llo1,24,2025-08-31,8.00,15.900,10.152,16.010,17.134,2,45027,0.11,2026-08-10T14:18:44+00:00
2025-09-01T12:00:00+00:00,llo1,24,2025-08-31,13.00,15.670,9.161,15.860,16.277,2,45027,0.11,2026-08-10T14:18:44+00:00
2025-09-01T12:00:00+00:00,llo1,24,2025-08-31,18.00,12.830,8.801,15.690,14.624,2,45027,0.11,2026-08-10T14:18:44+00:00
2025-09-01T12:00:00+00:00,llo1,24,2025-08-31,23.00,9.800,8.548,13.580,12.994,2,45027,0.11,2026-08-10T14:18:44+00:00
2025-09-01T12:00:00+00:00,llo1,24,2025-08-31,28.00,7.430,8.433,11.330,11.408,2,45027,0.11,2026-08-10T14:18:44+00:00
2025-09-01T12:00:00+00:00,llo1,24,2025-08-31,33.00,5.690,8.301,8.040,9.394,2,45027,0.11,2026-08-10T14:18:44+00:00
2025-09-01T12:00:00+00:00,llo1,24,2025-08-31,38.00,4.740,8.190,6.210,7.945,2,45027,0.11,2026-08-10T14:18:44+00:00
2025-09-01T12:00:00+00:00,llo1,24,2025-08-31,43.00,4.310,8.114,4.970,8.068,2,45027,0.11,2026-08-10T14:18:44+00:00
2025-09-02T12:00:00+00:00,llo1,48,2025-08-31,6.00,15.630,9.518,16.100,17.487,2,45027,0.11,2026-08-10T14:18:44+00:00
2025-09-02T12:00:00+00:00,llo1,48,2025-08-31,8.00,15.530,9.221,16.010,17.235,2,45027,0.11,2026-08-10T14:18:44+00:00
2025-09-02T12:00:00+00:00,llo1,48,2025-08-31,13.00,13.750,8.878,15.860,16.101,2,45027,0.11,2026-08-10T14:18:44+00:00
2025-09-02T12:00:00+00:00,llo1,48,2025-08-31,18.00,10.310,8.496,15.690,14.393,2,45027,0.11,2026-08-10T14:18:44+00:00
2025-09-02T12:00:00+00:00,llo1,48,2025-08-31,23.00,7.010,8.340,13.580,12.710,2,45027,0.11,2026-08-10T14:18:44+00:00
2025-09-02T12:00:00+00:00,llo1,48,2025-08-31,28.00,5.480,8.213,11.330,11.064,2,45027,0.11,2026-08-10T14:18:44+00:00
2025-09-02T12:00:00+00:00,llo1,48,2025-08-31,33.00,4.750,8.129,8.040,9.057,2,45027,0.11,2026-08-10T14:18:44+00:00
2025-09-02T12:00:00+00:00,llo1,48,2025-08-31,38.00,4.360,8.082,6.210,7.838,2,45027,0.11,2026-08-10T14:18:44+00:00
2025-09-02T12:00:00+00:00,llo1,48,2025-08-31,43.00,4.250,7.965,4.970,8.062,2,45027,0.11,2026-08-10T14:18:44+00:00
2025-09-03T12:00:00+00:00,llo1,72,2025-08-31,6.00,12.680,9.665,16.100,17.525,2,45027,0.11,2026-08-10T14:18:44+00:00
2025-09-03T12:00:00+00:00,llo1,72,2025-08-31,8.00,12.380,9.448,16.010,17.183,2,45027,0.11,2026-08-10T14:18:44+00:00
2025-09-03T12:00:00+00:00,llo1,72,2025-08-31,13.00,7.560,8.907,15.860,15.988,2,45027,0.11,2026-08-10T14:18:44+00:00
2025-09-03T12:00:00+00:00,llo1,72,2025-08-31,18.00,6.510,8.420,15.690,14.308,2,45027,0.11,2026-08-10T14:18:44+00:00
2025-09-03T12:00:00+00:00,llo1,72,2025-08-31,23.00,5.530,8.230,13.580,12.599,2,45027,0.11,2026-08-10T14:18:44+00:00
2025-09-03T12:00:00+00:00,llo1,72,2025-08-31,28.00,4.820,8.050,11.330,10.910,2,45027,0.11,2026-08-10T14:18:44+00:00
2025-09-03T12:00:00+00:00,llo1,72,2025-08-31,33.00,4.360,7.921,8.040,8.793,2,45027,0.11,2026-08-10T14:18:44+00:00
2025-09-03T12:00:00+00:00,llo1,72,2025-08-31,38.00,4.220,7.827,6.210,7.673,2,45027,0.11,2026-08-10T14:18:44+00:00
2025-09-03T12:00:00+00:00,llo1,72,2025-08-31,43.00,4.130,7.770,4.970,8.139,2,45027,0.11,2026-08-10T14:18:44+00:00
2025-09-04T12:00:00+00:00,llo1,96,2025-08-31,6.00,13.380,10.248,16.100,17.529,2,45027,0.11,2026-08-10T14:18:44+00:00
2025-09-04T12:00:00+00:00,llo1,96,2025-08-31,8.00,12.870,9.147,16.010,17.180,2,45027,0.11,2026-08-10T14:18:44+00:00
2025-09-04T12:00:00+00:00,llo1,96,2025-08-31,13.00,12.420,8.928,15.860,15.856,2,45027,0.11,2026-08-10T14:18:44+00:00
2025-09-04T12:00:00+00:00,llo1,96,2025-08-31,18.00,11.110,8.547,15.690,14.012,2,45027,0.11,2026-08-10T14:18:44+00:00
2025-09-04T12:00:00+00:00,llo1,96,2025-08-31,23.00,10.300,8.286,13.580,12.144,2,45027,0.11,2026-08-10T14:18:44+00:00
2025-09-04T12:00:00+00:00,llo1,96,2025-08-31,28.00,8.810,8.103,11.330,10.251,2,45027,0.11,2026-08-10T14:18:44+00:00
2025-09-04T12:00:00+00:00,llo1,96,2025-08-31,33.00,7.780,7.972,8.040,8.336,2,45027,0.11,2026-08-10T14:18:44+00:00
2025-09-04T12:00:00+00:00,llo1,96,2025-08-31,38.00,7.580,7.941,6.210,7.476,2,45027,0.11,2026-08-10T14:18:44+00:00
2025-09-04T12:00:00+00:00,llo1,96,2025-08-31,43.00,6.780,7.906,4.970,8.323,2,45027,0.11,2026-08-10T14:18:44+00:00
2025-09-05T12:00:00+00:00,llo1,120,2025-08-31,6.00,11.940,10.425,16.100,17.553,2,45027,0.11,2026-08-10T14:18:44+00:00
2025-09-05T12:00:00+00:00,llo1,120,2025-08-31,8.00,11.890,9.176,16.010,17.223,2,45027,0.11,2026-08-10T14:18:44+00:00
2025-09-05T12:00:00+00:00,llo1,120,2025-08-31,13.00,11.070,8.726,15.860,15.898,2,45027,0.11,2026-08-10T14:18:44+00:00
2025-09-05T12:00:00+00:00,llo1,120,2025-08-31,18.00,9.110,8.564,15.690,14.049,2,45027,0.11,2026-08-10T14:18:44+00:00
2025-09-05T12:00:00+00:00,llo1,120,2025-08-31,23.00,7.580,8.363,13.580,12.163,2,45027,0.11,2026-08-10T14:18:44+00:00
2025-09-05T12:00:00+00:00,llo1,120,2025-08-31,28.00,5.470,8.195,11.330,10.244,2,45027,0.11,2026-08-10T14:18:44+00:00
2025-09-05T12:00:00+00:00,llo1,120,2025-08-31,33.00,4.750,8.045,8.040,8.271,2,45027,0.11,2026-08-10T14:18:44+00:00
2025-09-05T12:00:00+00:00,llo1,120,2025-08-31,38.00,4.390,7.937,6.210,7.315,2,45027,0.11,2026-08-10T14:18:44+00:00
2025-09-05T12:00:00+00:00,llo1,120,2025-08-31,43.00,4.220,7.811,4.970,7.943,2,45027,0.11,2026-08-10T14:18:44+00:00
2025-09-02T12:00:00+00:00,llo1,24,2025-09-01,6.00,15.630,9.841,15.960,17.487,2,45027,0.11,2026-08-10T14:18:44+00:00
2025-09-02T12:00:00+00:00,llo1,24,2025-09-01,8.00,15.530,9.316,15.900,17.235,2,45027,0.11,2026-08-10T14:18:44+00:00
2025-09-02T12:00:00+00:00,llo1,24,2025-09-01,13.00,13.750,8.746,15.670,16.101,2,45027,0.11,2026-08-10T14:18:44+00:00
2025-09-02T12:00:00+00:00,llo1,24,2025-09-01,18.00,10.310,8.499,12.830,14.393,2,45027,0.11,2026-08-10T14:18:44+00:00
2025-09-02T12:00:00+00:00,llo1,24,2025-09-01,23.00,7.010,8.338,9.800,12.710,2,45027,0.11,2026-08-10T14:18:44+00:00
2025-09-02T12:00:00+00:00,llo1,24,2025-09-01,28.00,5.480,8.216,7.430,11.064,2,45027,0.11,2026-08-10T14:18:44+00:00
2025-09-02T12:00:00+00:00,llo1,24,2025-09-01,33.00,4.750,8.105,5.690,9.057,2,45027,0.11,2026-08-10T14:18:44+00:00
2025-09-02T12:00:00+00:00,llo1,24,2025-09-01,38.00,4.360,8.024,4.740,7.838,2,45027,0.11,2026-08-10T14:18:44+00:00
2025-09-02T12:00:00+00:00,llo1,24,2025-09-01,43.00,4.250,7.908,4.310,8.062,2,45027,0.11,2026-08-10T14:18:44+00:00
2025-09-03T12:00:00+00:00,llo1,48,2025-09-01,6.00,12.680,9.165,15.960,17.525,2,45027,0.11,2026-08-10T14:18:44+00:00
2025-09-03T12:00:00+00:00,llo1,48,2025-09-01,8.00,12.380,9.047,15.900,17.183,2,45027,0.11,2026-08-10T14:18:44+00:00
2025-09-03T12:00:00+00:00,llo1,48,2025-09-01,13.00,7.560,8.543,15.670,15.988,2,45027,0.11,2026-08-10T14:18:44+00:00
2025-09-03T12:00:00+00:00,llo1,48,2025-09-01,18.00,6.510,8.291,12.830,14.308,2,45027,0.11,2026-08-10T14:18:44+00:00
2025-09-03T12:00:00+00:00,llo1,48,2025-09-01,23.00,5.530,8.134,9.800,12.599,2,45027,0.11,2026-08-10T14:18:44+00:00
2025-09-03T12:00:00+00:00,llo1,48,2025-09-01,28.00,4.820,8.015,7.430,10.910,2,45027,0.11,2026-08-10T14:18:44+00:00
2025-09-03T12:00:00+00:00,llo1,48,2025-09-01,33.00,4.360,7.895,5.690,8.793,2,45027,0.11,2026-08-10T14:18:44+00:00
2025-09-03T12:00:00+00:00,llo1,48,2025-09-01,38.00,4.220,7.780,4.740,7.673,2,45027,0.11,2026-08-10T14:18:44+00:00
2025-09-03T12:00:00+00:00,llo1,48,2025-09-01,43.00,4.130,7.684,4.310,8.139,2,45027,0.11,2026-08-10T14:18:44+00:00
2025-09-04T12:00:00+00:00,llo1,72,2025-09-01,6.00,13.380,9.121,15.960,17.529,2,45027,0.11,2026-08-10T14:18:44+00:00
2025-09-04T12:00:00+00:00,llo1,72,2025-09-01,8.00,12.870,9.125,15.900,17.180,2,45027,0.11,2026-08-10T14:18:44+00:00
2025-09-04T12:00:00+00:00,llo1,72,2025-09-01,13.00,12.420,9.129,15.670,15.856,2,45027,0.11,2026-08-10T14:18:44+00:00
2025-09-04T12:00:00+00:00,llo1,72,2025-09-01,18.00,11.110,8.811,12.830,14.012,2,45027,0.11,2026-08-10T14:18:44+00:00
2025-09-04T12:00:00+00:00,llo1,72,2025-09-01,23.00,10.300,8.297,9.800,12.144,2,45027,0.11,2026-08-10T14:18:44+00:00
2025-09-04T12:00:00+00:00,llo1,72,2025-09-01,28.00,8.810,8.026,7.430,10.251,2,45027,0.11,2026-08-10T14:18:44+00:00
2025-09-04T12:00:00+00:00,llo1,72,2025-09-01,33.00,7.780,7.845,5.690,8.336,2,45027,0.11,2026-08-10T14:18:44+00:00
2025-09-04T12:00:00+00:00,llo1,72,2025-09-01,38.00,7.580,7.761,4.740,7.476,2,45027,0.11,2026-08-10T14:18:44+00:00
2025-09-04T12:00:00+00:00,llo1,72,2025-09-01,43.00,6.780,7.693,4.310,8.323,2,45027,0.11,2026-08-10T14:18:44+00:00
2025-09-05T12:00:00+00:00,llo1,96,2025-09-01,6.00,11.940,10.053,15.960,17.553,2,45027,0.11,2026-08-10T14:18:44+00:00
2025-09-05T12:00:00+00:00,llo1,96,2025-09-01,8.00,11.890,9.561,15.900,17.223,2,45027,0.11,2026-08-10T14:18:44+00:00
2025-09-05T12:00:00+00:00,llo1,96,2025-09-01,13.00,11.070,8.918,15.670,15.898,2,45027,0.11,2026-08-10T14:18:44+00:00
2025-09-05T12:00:00+00:00,llo1,96,2025-09-01,18.00,9.110,8.330,12.830,14.049,2,45027,0.11,2026-08-10T14:18:44+00:00
2025-09-05T12:00:00+00:00,llo1,96,2025-09-01,23.00,7.580,8.150,9.800,12.163,2,45027,0.11,2026-08-10T14:18:44+00:00
2025-09-05T12:00:00+00:00,llo1,96,2025-09-01,28.00,5.470,7.885,7.430,10.244,2,45027,0.11,2026-08-10T14:18:44+00:00
2025-09-05T12:00:00+00:00,llo1,96,2025-09-01,33.00,4.750,7.710,5.690,8.271,2,45027,0.11,2026-08-10T14:18:44+00:00
2025-09-05T12:00:00+00:00,llo1,96,2025-09-01,38.00,4.390,7.551,4.740,7.315,2,45027,0.11,2026-08-10T14:18:44+00:00
2025-09-05T12:00:00+00:00,llo1,96,2025-09-01,43.00,4.220,7.420,4.310,7.943,2,45027,0.11,2026-08-10T14:18:44+00:00
2025-09-06T12:00:00+00:00,llo1,120,2025-09-01,6.00,8.930,9.567,15.960,17.609,2,45027,0.11,2026-08-10T14:18:44+00:00
2025-09-06T12:00:00+00:00,llo1,120,2025-09-01,8.00,7.010,9.236,15.900,17.280,2,45027,0.11,2026-08-10T14:18:44+00:00
2025-09-06T12:00:00+00:00,llo1,120,2025-09-01,13.00,5.510,8.612,15.670,15.940,2,45027,0.11,2026-08-10T14:18:44+00:00
2025-09-06T12:00:00+00:00,llo1,120,2025-09-01,18.00,5.020,8.289,12.830,13.892,2,45027,0.11,2026-08-10T14:18:44+00:00
2025-09-06T12:00:00+00:00,llo1,120,2025-09-01,23.00,4.700,8.075,9.800,11.938,2,45027,0.11,2026-08-10T14:18:44+00:00
2025-09-06T12:00:00+00:00,llo1,120,2025-09-01,28.00,4.530,7.863,7.430,10.090,2,45027,0.11,2026-08-10T14:18:44+00:00
2025-09-06T12:00:00+00:00,llo1,120,2025-09-01,33.00,4.340,7.583,5.690,8.130,2,45027,0.11,2026-08-10T14:18:44+00:00
2025-09-06T12:00:00+00:00,llo1,120,2025-09-01,38.00,4.220,7.414,4.740,7.165,2,45027,0.11,2026-08-10T14:18:44+00:00
2025-09-06T12:00:00+00:00,llo1,120,2025-09-01,43.00,4.140,7.314,4.310,7.472,2,45027,0.11,2026-08-10T14:18:44+00:00
2025-09-03T12:00:00+00:00,llo1,24,2025-09-02,6.00,12.680,9.039,15.630,17.525,2,45027,0.11,2026-08-10T14:18:44+00:00
2025-09-03T12:00:00+00:00,llo1,24,2025-09-02,8.00,12.380,9.012,15.530,17.183,2,45027,0.11,2026-08-10T14:18:44+00:00
2025-09-03T12:00:00+00:00,llo1,24,2025-09-02,13.00,7.560,8.621,13.750,15.988,2,45027,0.11,2026-08-10T14:18:44+00:00
2025-09-03T12:00:00+00:00,llo1,24,2025-09-02,18.00,6.510,8.266,10.310,14.308,2,45027,0.11,2026-08-10T14:18:44+00:00
2025-09-03T12:00:00+00:00,llo1,24,2025-09-02,23.00,5.530,8.100,7.010,12.599,2,45027,0.11,2026-08-10T14:18:44+00:00
2025-09-03T12:00:00+00:00,llo1,24,2025-09-02,28.00,4.820,7.955,5.480,10.910,2,45027,0.11,2026-08-10T14:18:44+00:00
2025-09-03T12:00:00+00:00,llo1,24,2025-09-02,33.00,4.360,7.821,4.750,8.793,2,45027,0.11,2026-08-10T14:18:44+00:00
2025-09-03T12:00:00+00:00,llo1,24,2025-09-02,38.00,4.220,7.726,4.360,7.673,2,45027,0.11,2026-08-10T14:18:44+00:00
2025-09-03T12:00:00+00:00,llo1,24,2025-09-02,43.00,4.130,7.621,4.250,8.139,2,45027,0.11,2026-08-10T14:18:44+00:00
2025-09-04T12:00:00+00:00,llo1,48,2025-09-02,6.00,13.380,8.685,15.630,17.529,2,45027,0.11,2026-08-10T14:18:44+00:00
2025-09-04T12:00:00+00:00,llo1,48,2025-09-02,8.00,12.870,8.689,15.530,17.180,2,45027,0.11,2026-08-10T14:18:44+00:00
2025-09-04T12:00:00+00:00,llo1,48,2025-09-02,13.00,12.420,8.692,13.750,15.856,2,45027,0.11,2026-08-10T14:18:44+00:00
2025-09-04T12:00:00+00:00,llo1,48,2025-09-02,18.00,11.110,8.435,10.310,14.012,2,45027,0.11,2026-08-10T14:18:44+00:00
2025-09-04T12:00:00+00:00,llo1,48,2025-09-02,23.00,10.300,8.183,7.010,12.144,2,45027,0.11,2026-08-10T14:18:44+00:00
2025-09-04T12:00:00+00:00,llo1,48,2025-09-02,28.00,8.810,7.987,5.480,10.251,2,45027,0.11,2026-08-10T14:18:44+00:00
2025-09-04T12:00:00+00:00,llo1,48,2025-09-02,33.00,7.780,7.833,4.750,8.336,2,45027,0.11,2026-08-10T14:18:44+00:00
2025-09-04T12:00:00+00:00,llo1,48,2025-09-02,38.00,7.580,7.711,4.360,7.476,2,45027,0.11,2026-08-10T14:18:44+00:00
2025-09-04T12:00:00+00:00,llo1,48,2025-09-02,43.00,6.780,7.601,4.250,8.323,2,45027,0.11,2026-08-10T14:18:44+00:00
2025-09-05T12:00:00+00:00,llo1,72,2025-09-02,6.00,11.940,9.706,15.630,17.553,2,45027,0.11,2026-08-10T14:18:44+00:00
2025-09-05T12:00:00+00:00,llo1,72,2025-09-02,8.00,11.890,9.536,15.530,17.223,2,45027,0.11,2026-08-10T14:18:44+00:00
2025-09-05T12:00:00+00:00,llo1,72,2025-09-02,13.00,11.070,9.009,13.750,15.898,2,45027,0.11,2026-08-10T14:18:44+00:00
2025-09-05T12:00:00+00:00,llo1,72,2025-09-02,18.00,9.110,8.423,10.310,14.049,2,45027,0.11,2026-08-10T14:18:44+00:00
2025-09-05T12:00:00+00:00,llo1,72,2025-09-02,23.00,7.580,8.019,7.010,12.163,2,45027,0.11,2026-08-10T14:18:44+00:00
2025-09-05T12:00:00+00:00,llo1,72,2025-09-02,28.00,5.470,7.926,5.480,10.244,2,45027,0.11,2026-08-10T14:18:44+00:00
2025-09-05T12:00:00+00:00,llo1,72,2025-09-02,33.00,4.750,7.773,4.750,8.271,2,45027,0.11,2026-08-10T14:18:44+00:00
2025-09-05T12:00:00+00:00,llo1,72,2025-09-02,38.00,4.390,7.589,4.360,7.315,2,45027,0.11,2026-08-10T14:18:44+00:00
2025-09-05T12:00:00+00:00,llo1,72,2025-09-02,43.00,4.220,7.423,4.250,7.943,2,45027,0.11,2026-08-10T14:18:44+00:00
2025-09-06T12:00:00+00:00,llo1,96,2025-09-02,6.00,8.930,10.966,15.630,17.609,2,45027,0.11,2026-08-10T14:18:44+00:00
2025-09-06T12:00:00+00:00,llo1,96,2025-09-02,8.00,7.010,9.795,15.530,17.280,2,45027,0.11,2026-08-10T14:18:44+00:00
2025-09-06T12:00:00+00:00,llo1,96,2025-09-02,13.00,5.510,8.867,13.750,15.940,2,45027,0.11,2026-08-10T14:18:44+00:00
2025-09-06T12:00:00+00:00,llo1,96,2025-09-02,18.00,5.020,8.484,10.310,13.892,2,45027,0.11,2026-08-10T14:18:44+00:00
2025-09-06T12:00:00+00:00,llo1,96,2025-09-02,23.00,4.700,8.043,7.010,11.938,2,45027,0.11,2026-08-10T14:18:44+00:00
2025-09-06T12:00:00+00:00,llo1,96,2025-09-02,28.00,4.530,7.849,5.480,10.090,2,45027,0.11,2026-08-10T14:18:44+00:00
2025-09-06T12:00:00+00:00,llo1,96,2025-09-02,33.00,4.340,7.652,4.750,8.130,2,45027,0.11,2026-08-10T14:18:44+00:00
2025-09-06T12:00:00+00:00,llo1,96,2025-09-02,38.00,4.220,7.425,4.360,7.165,2,45027,0.11,2026-08-10T14:18:44+00:00
2025-09-06T12:00:00+00:00,llo1,96,2025-09-02,43.00,4.140,7.279,4.250,7.472,2,45027,0.11,2026-08-10T14:18:44+00:00
2025-09-07T12:00:00+00:00,llo1,120,2025-09-02,6.00,8.920,9.066,15.630,17.654,2,45027,0.11,2026-08-10T14:18:44+00:00
2025-09-07T12:00:00+00:00,llo1,120,2025-09-02,8.00,6.760,8.700,15.530,17.330,2,45027,0.11,2026-08-10T14:18:44+00:00
2025-09-07T12:00:00+00:00,llo1,120,2025-09-02,13.00,6.180,8.547,13.750,15.992,2,45027,0.11,2026-08-10T14:18:44+00:00
2025-09-07T12:00:00+00:00,llo1,120,2025-09-02,18.00,5.530,8.268,10.310,13.944,2,45027,0.11,2026-08-10T14:18:44+00:00
2025-09-07T12:00:00+00:00,llo1,120,2025-09-02,23.00,4.930,7.951,7.010,11.957,2,45027,0.11,2026-08-10T14:18:44+00:00
2025-09-07T12:00:00+00:00,llo1,120,2025-09-02,28.00,4.500,7.738,5.480,9.958,2,45027,0.11,2026-08-10T14:18:44+00:00
2025-09-07T12:00:00+00:00,llo1,120,2025-09-02,33.00,4.310,7.507,4.750,8.057,2,45027,0.11,2026-08-10T14:18:44+00:00
2025-09-07T12:00:00+00:00,llo1,120,2025-09-02,38.00,4.150,7.370,4.360,7.075,2,45027,0.11,2026-08-10T14:18:44+00:00
2025-09-07T12:00:00+00:00,llo1,120,2025-09-02,43.00,4.050,7.324,4.250,7.486,2,45027,0.11,2026-08-10T14:18:44+00:00
2025-09-04T12:00:00+00:00,llo1,24,2025-09-03,6.00,13.380,9.399,12.680,17.529,2,45027,0.11,2026-08-10T14:18:44+00:00
2025-09-04T12:00:00+00:00,llo1,24,2025-09-03,8.00,12.870,9.338,12.380,17.180,2,45027,0.11,2026-08-10T14:18:44+00:00
2025-09-04T12:00:00+00:00,llo1,24,2025-09-03,13.00,12.420,8.931,7.560,15.856,2,45027,0.11,2026-08-10T14:18:44+00:00
2025-09-04T12:00:00+00:00,llo1,24,2025-09-03,18.00,11.110,8.514,6.510,14.012,2,45027,0.11,2026-08-10T14:18:44+00:00
2025-09-04T12:00:00+00:00,llo1,24,2025-09-03,23.00,10.300,8.169,5.530,12.144,2,45027,0.11,2026-08-10T14:18:44+00:00
2025-09-04T12:00:00+00:00,llo1,24,2025-09-03,28.00,8.810,7.989,4.820,10.251,2,45027,0.11,2026-08-10T14:18:44+00:00
2025-09-04T12:00:00+00:00,llo1,24,2025-09-03,33.00,7.780,7.878,4.360,8.336,2,45027,0.11,2026-08-10T14:18:44+00:00
2025-09-04T12:00:00+00:00,llo1,24,2025-09-03,38.00,7.580,7.826,4.220,7.476,2,45027,0.11,2026-08-10T14:18:44+00:00
2025-09-04T12:00:00+00:00,llo1,24,2025-09-03,43.00,6.780,7.787,4.130,8.323,2,45027,0.11,2026-08-10T14:18:44+00:00
2025-09-05T12:00:00+00:00,llo1,48,2025-09-03,6.00,11.940,9.636,12.680,17.553,2,45027,0.11,2026-08-10T14:18:44+00:00
2025-09-05T12:00:00+00:00,llo1,48,2025-09-03,8.00,11.890,9.321,12.380,17.223,2,45027,0.11,2026-08-10T14:18:44+00:00
2025-09-05T12:00:00+00:00,llo1,48,2025-09-03,13.00,11.070,8.512,7.560,15.898,2,45027,0.11,2026-08-10T14:18:44+00:00
2025-09-05T12:00:00+00:00,llo1,48,2025-09-03,18.00,9.110,8.236,6.510,14.049,2,45027,0.11,2026-08-10T14:18:44+00:00
2025-09-05T12:00:00+00:00,llo1,48,2025-09-03,23.00,7.580,8.066,5.530,12.163,2,45027,0.11,2026-08-10T14:18:44+00:00
2025-09-05T12:00:00+00:00,llo1,48,2025-09-03,28.00,5.470,7.892,4.820,10.244,2,45027,0.11,2026-08-10T14:18:44+00:00
2025-09-05T12:00:00+00:00,llo1,48,2025-09-03,33.00,4.750,7.731,4.360,8.271,2,45027,0.11,2026-08-10T14:18:44+00:00
2025-09-05T12:00:00+00:00,llo1,48,2025-09-03,38.00,4.390,7.575,4.220,7.315,2,45027,0.11,2026-08-10T14:18:44+00:00
2025-09-05T12:00:00+00:00,llo1,48,2025-09-03,43.00,4.220,7.466,4.130,7.943,2,45027,0.11,2026-08-10T14:18:44+00:00
2025-09-06T12:00:00+00:00,llo1,72,2025-09-03,6.00,8.930,9.055,12.680,17.609,2,45027,0.11,2026-08-10T14:18:44+00:00
2025-09-06T12:00:00+00:00,llo1,72,2025-09-03,8.00,7.010,9.039,12.380,17.280,2,45027,0.11,2026-08-10T14:18:44+00:00
2025-09-06T12:00:00+00:00,llo1,72,2025-09-03,13.00,5.510,8.780,7.560,15.940,2,45027,0.11,2026-08-10T14:18:44+00:00
2025-09-06T12:00:00+00:00,llo1,72,2025-09-03,18.00,5.020,8.268,6.510,13.892,2,45027,0.11,2026-08-10T14:18:44+00:00
2025-09-06T12:00:00+00:00,llo1,72,2025-09-03,23.00,4.700,8.006,5.530,11.938,2,45027,0.11,2026-08-10T14:18:44+00:00
2025-09-06T12:00:00+00:00,llo1,72,2025-09-03,28.00,4.530,7.775,4.820,10.090,2,45027,0.11,2026-08-10T14:18:44+00:00
2025-09-06T12:00:00+00:00,llo1,72,2025-09-03,33.00,4.340,7.565,4.360,8.130,2,45027,0.11,2026-08-10T14:18:44+00:00
2025-09-06T12:00:00+00:00,llo1,72,2025-09-03,38.00,4.220,7.424,4.220,7.165,2,45027,0.11,2026-08-10T14:18:44+00:00
2025-09-06T12:00:00+00:00,llo1,72,2025-09-03,43.00,4.140,7.317,4.130,7.472,2,45027,0.11,2026-08-10T14:18:44+00:00
2025-09-07T12:00:00+00:00,llo1,96,2025-09-03,6.00,8.920,8.433,12.680,17.654,2,45027,0.11,2026-08-10T14:18:44+00:00
2025-09-07T12:00:00+00:00,llo1,96,2025-09-03,8.00,6.760,8.398,12.380,17.330,2,45027,0.11,2026-08-10T14:18:44+00:00
2025-09-07T12:00:00+00:00,llo1,96,2025-09-03,13.00,6.180,8.352,7.560,15.992,2,45027,0.11,2026-08-10T14:18:44+00:00
2025-09-07T12:00:00+00:00,llo1,96,2025-09-03,18.00,5.530,8.275,6.510,13.944,2,45027,0.11,2026-08-10T14:18:44+00:00
2025-09-07T12:00:00+00:00,llo1,96,2025-09-03,23.00,4.930,8.041,5.530,11.957,2,45027,0.11,2026-08-10T14:18:44+00:00
2025-09-07T12:00:00+00:00,llo1,96,2025-09-03,28.00,4.500,7.900,4.820,9.958,2,45027,0.11,2026-08-10T14:18:44+00:00
2025-09-07T12:00:00+00:00,llo1,96,2025-09-03,33.00,4.310,7.625,4.360,8.057,2,45027,0.11,2026-08-10T14:18:44+00:00
2025-09-07T12:00:00+00:00,llo1,96,2025-09-03,38.00,4.150,7.476,4.220,7.075,2,45027,0.11,2026-08-10T14:18:44+00:00
2025-09-07T12:00:00+00:00,llo1,96,2025-09-03,43.00,4.050,7.440,4.130,7.486,2,45027,0.11,2026-08-10T14:18:44+00:00
2025-09-08T12:00:00+00:00,llo1,120,2025-09-03,6.00,7.370,8.779,12.680,17.599,2,45027,0.11,2026-08-10T14:18:44+00:00
2025-09-08T12:00:00+00:00,llo1,120,2025-09-03,8.00,7.170,8.786,12.380,17.287,2,45027,0.11,2026-08-10T14:18:44+00:00
2025-09-08T12:00:00+00:00,llo1,120,2025-09-03,13.00,6.360,8.793,7.560,15.990,2,45027,0.11,2026-08-10T14:18:44+00:00
2025-09-08T12:00:00+00:00,llo1,120,2025-09-03,18.00,5.370,8.588,6.510,13.993,2,45027,0.11,2026-08-10T14:18:44+00:00
2025-09-08T12:00:00+00:00,llo1,120,2025-09-03,23.00,4.750,8.251,5.530,12.063,2,45027,0.11,2026-08-10T14:18:44+00:00
2025-09-08T12:00:00+00:00,llo1,120,2025-09-03,28.00,4.440,7.928,4.820,10.205,2,45027,0.11,2026-08-10T14:18:44+00:00
2025-09-08T12:00:00+00:00,llo1,120,2025-09-03,33.00,4.270,7.685,4.360,8.378,2,45027,0.11,2026-08-10T14:18:44+00:00
2025-09-08T12:00:00+00:00,llo1,120,2025-09-03,38.00,4.160,7.555,4.220,7.339,2,45027,0.11,2026-08-10T14:18:44+00:00
2025-09-08T12:00:00+00:00,llo1,120,2025-09-03,43.00,4.060,7.476,4.130,7.431,2,45027,0.11,2026-08-10T14:18:44+00:00
2025-09-05T12:00:00+00:00,llo1,24,2025-09-04,6.00,11.940,9.729,13.380,17.553,2,45027,0.11,2026-08-10T14:18:44+00:00
2025-09-05T12:00:00+00:00,llo1,24,2025-09-04,8.00,11.890,9.248,12.870,17.223,2,45027,0.11,2026-08-10T14:18:44+00:00
2025-09-05T12:00:00+00:00,llo1,24,2025-09-04,13.00,11.070,8.744,12.420,15.898,2,45027,0.11,2026-08-10T14:18:44+00:00
2025-09-05T12:00:00+00:00,llo1,24,2025-09-04,18.00,9.110,8.270,11.110,14.049,2,45027,0.11,2026-08-10T14:18:44+00:00
2025-09-05T12:00:00+00:00,llo1,24,2025-09-04,23.00,7.580,8.118,10.300,12.163,2,45027,0.11,2026-08-10T14:18:44+00:00
2025-09-05T12:00:00+00:00,llo1,24,2025-09-04,28.00,5.470,7.981,8.810,10.244,2,45027,0.11,2026-08-10T14:18:44+00:00
2025-09-05T12:00:00+00:00,llo1,24,2025-09-04,33.00,4.750,7.828,7.780,8.271,2,45027,0.11,2026-08-10T14:18:44+00:00
2025-09-05T12:00:00+00:00,llo1,24,2025-09-04,38.00,4.390,7.641,7.580,7.315,2,45027,0.11,2026-08-10T14:18:44+00:00
2025-09-05T12:00:00+00:00,llo1,24,2025-09-04,43.00,4.220,7.531,6.780,7.943,2,45027,0.11,2026-08-10T14:18:44+00:00
2025-09-06T12:00:00+00:00,llo1,48,2025-09-04,6.00,8.930,9.116,13.380,17.609,2,45027,0.11,2026-08-10T14:18:44+00:00
2025-09-06T12:00:00+00:00,llo1,48,2025-09-04,8.00,7.010,9.064,12.870,17.280,2,45027,0.11,2026-08-10T14:18:44+00:00
2025-09-06T12:00:00+00:00,llo1,48,2025-09-04,13.00,5.510,8.562,12.420,15.940,2,45027,0.11,2026-08-10T14:18:44+00:00
2025-09-06T12:00:00+00:00,llo1,48,2025-09-04,18.00,5.020,8.251,11.110,13.892,2,45027,0.11,2026-08-10T14:18:44+00:00
2025-09-06T12:00:00+00:00,llo1,48,2025-09-04,23.00,4.700,8.143,10.300,11.938,2,45027,0.11,2026-08-10T14:18:44+00:00
2025-09-06T12:00:00+00:00,llo1,48,2025-09-04,28.00,4.530,8.020,8.810,10.090,2,45027,0.11,2026-08-10T14:18:44+00:00
2025-09-06T12:00:00+00:00,llo1,48,2025-09-04,33.00,4.340,7.653,7.780,8.130,2,45027,0.11,2026-08-10T14:18:44+00:00
2025-09-06T12:00:00+00:00,llo1,48,2025-09-04,38.00,4.220,7.365,7.580,7.165,2,45027,0.11,2026-08-10T14:18:44+00:00
2025-09-06T12:00:00+00:00,llo1,48,2025-09-04,43.00,4.140,7.251,6.780,7.472,2,45027,0.11,2026-08-10T14:18:44+00:00
2025-09-07T12:00:00+00:00,llo1,72,2025-09-04,6.00,8.920,10.320,13.380,17.654,2,45027,0.11,2026-08-10T14:18:44+00:00
2025-09-07T12:00:00+00:00,llo1,72,2025-09-04,8.00,6.760,9.738,12.870,17.330,2,45027,0.11,2026-08-10T14:18:44+00:00
2025-09-07T12:00:00+00:00,llo1,72,2025-09-04,13.00,6.180,8.766,12.420,15.992,2,45027,0.11,2026-08-10T14:18:44+00:00
2025-09-07T12:00:00+00:00,llo1,72,2025-09-04,18.00,5.530,8.258,11.110,13.944,2,45027,0.11,2026-08-10T14:18:44+00:00
2025-09-07T12:00:00+00:00,llo1,72,2025-09-04,23.00,4.930,7.999,10.300,11.957,2,45027,0.11,2026-08-10T14:18:44+00:00
2025-09-07T12:00:00+00:00,llo1,72,2025-09-04,28.00,4.500,7.844,8.810,9.958,2,45027,0.11,2026-08-10T14:18:44+00:00
2025-09-07T12:00:00+00:00,llo1,72,2025-09-04,33.00,4.310,7.670,7.780,8.057,2,45027,0.11,2026-08-10T14:18:44+00:00
2025-09-07T12:00:00+00:00,llo1,72,2025-09-04,38.00,4.150,7.489,7.580,7.075,2,45027,0.11,2026-08-10T14:18:44+00:00
2025-09-07T12:00:00+00:00,llo1,72,2025-09-04,43.00,4.050,7.392,6.780,7.486,2,45027,0.11,2026-08-10T14:18:44+00:00
2025-09-08T12:00:00+00:00,llo1,96,2025-09-04,6.00,7.370,8.552,13.380,17.599,2,45027,0.11,2026-08-10T14:18:44+00:00
2025-09-08T12:00:00+00:00,llo1,96,2025-09-04,8.00,7.170,8.547,12.870,17.287,2,45027,0.11,2026-08-10T14:18:44+00:00
2025-09-08T12:00:00+00:00,llo1,96,2025-09-04,13.00,6.360,8.280,12.420,15.990,2,45027,0.11,2026-08-10T14:18:44+00:00
2025-09-08T12:00:00+00:00,llo1,96,2025-09-04,18.00,5.370,8.044,11.110,13.993,2,45027,0.11,2026-08-10T14:18:44+00:00
2025-09-08T12:00:00+00:00,llo1,96,2025-09-04,23.00,4.750,7.834,10.300,12.063,2,45027,0.11,2026-08-10T14:18:44+00:00
2025-09-08T12:00:00+00:00,llo1,96,2025-09-04,28.00,4.440,7.658,8.810,10.205,2,45027,0.11,2026-08-10T14:18:44+00:00
2025-09-08T12:00:00+00:00,llo1,96,2025-09-04,33.00,4.270,7.530,7.780,8.378,2,45027,0.11,2026-08-10T14:18:44+00:00
2025-09-08T12:00:00+00:00,llo1,96,2025-09-04,38.00,4.160,7.437,7.580,7.339,2,45027,0.11,2026-08-10T14:18:44+00:00
2025-09-08T12:00:00+00:00,llo1,96,2025-09-04,43.00,4.060,7.405,6.780,7.431,2,45027,0.11,2026-08-10T14:18:44+00:00
2025-09-09T12:00:00+00:00,llo1,120,2025-09-04,6.00,15.060,8.641,13.380,17.540,2,45027,0.11,2026-08-10T14:18:44+00:00
2025-09-09T12:00:00+00:00,llo1,120,2025-09-04,8.00,12.250,8.643,12.870,17.253,2,45027,0.11,2026-08-10T14:18:44+00:00
2025-09-09T12:00:00+00:00,llo1,120,2025-09-04,13.00,9.980,8.499,12.420,16.003,2,45027,0.11,2026-08-10T14:18:44+00:00
2025-09-09T12:00:00+00:00,llo1,120,2025-09-04,18.00,7.590,8.161,11.110,13.970,2,45027,0.11,2026-08-10T14:18:44+00:00
2025-09-09T12:00:00+00:00,llo1,120,2025-09-04,23.00,6.860,7.856,10.300,11.998,2,45027,0.11,2026-08-10T14:18:44+00:00
2025-09-09T12:00:00+00:00,llo1,120,2025-09-04,28.00,6.060,7.648,8.810,10.384,2,45027,0.11,2026-08-10T14:18:44+00:00
2025-09-09T12:00:00+00:00,llo1,120,2025-09-04,33.00,5.200,7.486,7.780,8.651,2,45027,0.11,2026-08-10T14:18:44+00:00
2025-09-09T12:00:00+00:00,llo1,120,2025-09-04,38.00,4.790,7.358,7.580,7.659,2,45027,0.11,2026-08-10T14:18:44+00:00
2025-09-09T12:00:00+00:00,llo1,120,2025-09-04,43.00,4.680,7.299,6.780,7.338,2,45027,0.11,2026-08-10T14:18:44+00:00
2025-09-06T12:00:00+00:00,llo1,24,2025-09-05,6.00,8.930,8.744,11.940,17.609,2,45027,0.11,2026-08-10T14:18:44+00:00
2025-09-06T12:00:00+00:00,llo1,24,2025-09-05,8.00,7.010,8.525,11.890,17.280,2,45027,0.11,2026-08-10T14:18:44+00:00
2025-09-06T12:00:00+00:00,llo1,24,2025-09-05,13.00,5.510,8.392,11.070,15.940,2,45027,0.11,2026-08-10T14:18:44+00:00
2025-09-06T12:00:00+00:00,llo1,24,2025-09-05,18.00,5.020,8.308,9.110,13.892,2,45027,0.11,2026-08-10T14:18:44+00:00
2025-09-06T12:00:00+00:00,llo1,24,2025-09-05,23.00,4.700,8.226,7.580,11.938,2,45027,0.11,2026-08-10T14:18:44+00:00
2025-09-06T12:00:00+00:00,llo1,24,2025-09-05,28.00,4.530,7.987,5.470,10.090,2,45027,0.11,2026-08-10T14:18:44+00:00
2025-09-06T12:00:00+00:00,llo1,24,2025-09-05,33.00,4.340,7.649,4.750,8.130,2,45027,0.11,2026-08-10T14:18:44+00:00
2025-09-06T12:00:00+00:00,llo1,24,2025-09-05,38.00,4.220,7.347,4.390,7.165,2,45027,0.11,2026-08-10T14:18:44+00:00
2025-09-06T12:00:00+00:00,llo1,24,2025-09-05,43.00,4.140,7.255,4.220,7.472,2,45027,0.11,2026-08-10T14:18:44+00:00
2025-09-07T12:00:00+00:00,llo1,48,2025-09-05,6.00,8.920,9.555,11.940,17.654,2,45027,0.11,2026-08-10T14:18:44+00:00
2025-09-07T12:00:00+00:00,llo1,48,2025-09-05,8.00,6.760,9.265,11.890,17.330,2,45027,0.11,2026-08-10T14:18:44+00:00
2025-09-07T12:00:00+00:00,llo1,48,2025-09-05,13.00,6.180,8.645,11.070,15.992,2,45027,0.11,2026-08-10T14:18:44+00:00
2025-09-07T12:00:00+00:00,llo1,48,2025-09-05,18.00,5.530,8.276,9.110,13.944,2,45027,0.11,2026-08-10T14:18:44+00:00
2025-09-07T12:00:00+00:00,llo1,48,2025-09-05,23.00,4.930,7.974,7.580,11.957,2,45027,0.11,2026-08-10T14:18:44+00:00
2025-09-07T12:00:00+00:00,llo1,48,2025-09-05,28.00,4.500,7.871,5.470,9.958,2,45027,0.11,2026-08-10T14:18:44+00:00
2025-09-07T12:00:00+00:00,llo1,48,2025-09-05,33.00,4.310,7.675,4.750,8.057,2,45027,0.11,2026-08-10T14:18:44+00:00
2025-09-07T12:00:00+00:00,llo1,48,2025-09-05,38.00,4.150,7.498,4.390,7.075,2,45027,0.11,2026-08-10T14:18:44+00:00
2025-09-07T12:00:00+00:00,llo1,48,2025-09-05,43.00,4.050,7.352,4.220,7.486,2,45027,0.11,2026-08-10T14:18:44+00:00
2025-09-08T12:00:00+00:00,llo1,72,2025-09-05,6.00,7.370,8.754,11.940,17.599,2,45027,0.11,2026-08-10T14:18:44+00:00
2025-09-08T12:00:00+00:00,llo1,72,2025-09-05,8.00,7.170,8.695,11.890,17.287,2,45027,0.11,2026-08-10T14:18:44+00:00
2025-09-08T12:00:00+00:00,llo1,72,2025-09-05,13.00,6.360,8.377,11.070,15.990,2,45027,0.11,2026-08-10T14:18:44+00:00
2025-09-08T12:00:00+00:00,llo1,72,2025-09-05,18.00,5.370,8.168,9.110,13.993,2,45027,0.11,2026-08-10T14:18:44+00:00
2025-09-08T12:00:00+00:00,llo1,72,2025-09-05,23.00,4.750,8.006,7.580,12.063,2,45027,0.11,2026-08-10T14:18:44+00:00
2025-09-08T12:00:00+00:00,llo1,72,2025-09-05,28.00,4.440,7.797,5.470,10.205,2,45027,0.11,2026-08-10T14:18:44+00:00
2025-09-08T12:00:00+00:00,llo1,72,2025-09-05,33.00,4.270,7.592,4.750,8.378,2,45027,0.11,2026-08-10T14:18:44+00:00
2025-09-08T12:00:00+00:00,llo1,72,2025-09-05,38.00,4.160,7.476,4.390,7.339,2,45027,0.11,2026-08-10T14:18:44+00:00
2025-09-08T12:00:00+00:00,llo1,72,2025-09-05,43.00,4.060,7.439,4.220,7.431,2,45027,0.11,2026-08-10T14:18:44+00:00
2025-09-09T12:00:00+00:00,llo1,96,2025-09-05,6.00,15.060,9.067,11.940,17.540,2,45027,0.11,2026-08-10T14:18:44+00:00
2025-09-09T12:00:00+00:00,llo1,96,2025-09-05,8.00,12.250,8.850,11.890,17.253,2,45027,0.11,2026-08-10T14:18:44+00:00
2025-09-09T12:00:00+00:00,llo1,96,2025-09-05,13.00,9.980,8.696,11.070,16.003,2,45027,0.11,2026-08-10T14:18:44+00:00
2025-09-09T12:00:00+00:00,llo1,96,2025-09-05,18.00,7.590,8.191,9.110,13.970,2,45027,0.11,2026-08-10T14:18:44+00:00
2025-09-09T12:00:00+00:00,llo1,96,2025-09-05,23.00,6.860,7.880,7.580,11.998,2,45027,0.11,2026-08-10T14:18:44+00:00
2025-09-09T12:00:00+00:00,llo1,96,2025-09-05,28.00,6.060,7.705,5.470,10.384,2,45027,0.11,2026-08-10T14:18:44+00:00
2025-09-09T12:00:00+00:00,llo1,96,2025-09-05,33.00,5.200,7.581,4.750,8.651,2,45027,0.11,2026-08-10T14:18:44+00:00
2025-09-09T12:00:00+00:00,llo1,96,2025-09-05,38.00,4.790,7.409,4.390,7.659,2,45027,0.11,2026-08-10T14:18:44+00:00
2025-09-09T12:00:00+00:00,llo1,96,2025-09-05,43.00,4.680,7.304,4.220,7.338,2,45027,0.11,2026-08-10T14:18:44+00:00
2025-09-07T12:00:00+00:00,llo1,24,2025-09-06,6.00,8.920,9.695,8.930,17.654,2,45027,0.11,2026-08-10T14:18:44+00:00
2025-09-07T12:00:00+00:00,llo1,24,2025-09-06,8.00,6.760,9.324,7.010,17.330,2,45027,0.11,2026-08-10T14:18:44+00:00
2025-09-07T12:00:00+00:00,llo1,24,2025-09-06,13.00,6.180,8.755,5.510,15.992,2,45027,0.11,2026-08-10T14:18:44+00:00
2025-09-07T12:00:00+00:00,llo1,24,2025-09-06,18.00,5.530,8.239,5.020,13.944,2,45027,0.11,2026-08-10T14:18:44+00:00
2025-09-07T12:00:00+00:00,llo1,24,2025-09-06,23.00,4.930,7.985,4.700,11.957,2,45027,0.11,2026-08-10T14:18:44+00:00
2025-09-07T12:00:00+00:00,llo1,24,2025-09-06,28.00,4.500,7.867,4.530,9.958,2,45027,0.11,2026-08-10T14:18:44+00:00
2025-09-07T12:00:00+00:00,llo1,24,2025-09-06,33.00,4.310,7.663,4.340,8.057,2,45027,0.11,2026-08-10T14:18:44+00:00
2025-09-07T12:00:00+00:00,llo1,24,2025-09-06,38.00,4.150,7.477,4.220,7.075,2,45027,0.11,2026-08-10T14:18:44+00:00
2025-09-07T12:00:00+00:00,llo1,24,2025-09-06,43.00,4.050,7.360,4.140,7.486,2,45027,0.11,2026-08-10T14:18:44+00:00
2025-09-08T12:00:00+00:00,llo1,48,2025-09-06,6.00,7.370,9.379,8.930,17.599,2,45027,0.11,2026-08-10T14:18:44+00:00
2025-09-08T12:00:00+00:00,llo1,48,2025-09-06,8.00,7.170,9.017,7.010,17.287,2,45027,0.11,2026-08-10T14:18:44+00:00
2025-09-08T12:00:00+00:00,llo1,48,2025-09-06,13.00,6.360,8.568,5.510,15.990,2,45027,0.11,2026-08-10T14:18:44+00:00
2025-09-08T12:00:00+00:00,llo1,48,2025-09-06,18.00,5.370,8.306,5.020,13.993,2,45027,0.11,2026-08-10T14:18:44+00:00
2025-09-08T12:00:00+00:00,llo1,48,2025-09-06,23.00,4.750,8.071,4.700,12.063,2,45027,0.11,2026-08-10T14:18:44+00:00
2025-09-08T12:00:00+00:00,llo1,48,2025-09-06,28.00,4.440,7.823,4.530,10.205,2,45027,0.11,2026-08-10T14:18:44+00:00
2025-09-08T12:00:00+00:00,llo1,48,2025-09-06,33.00,4.270,7.634,4.340,8.378,2,45027,0.11,2026-08-10T14:18:44+00:00
2025-09-08T12:00:00+00:00,llo1,48,2025-09-06,38.00,4.160,7.506,4.220,7.339,2,45027,0.11,2026-08-10T14:18:44+00:00
2025-09-08T12:00:00+00:00,llo1,48,2025-09-06,43.00,4.060,7.413,4.140,7.431,2,45027,0.11,2026-08-10T14:18:44+00:00
2025-09-09T12:00:00+00:00,llo1,72,2025-09-06,6.00,15.060,9.361,8.930,17.540,2,45027,0.11,2026-08-10T14:18:44+00:00
2025-09-09T12:00:00+00:00,llo1,72,2025-09-06,8.00,12.250,8.952,7.010,17.253,2,45027,0.11,2026-08-10T14:18:44+00:00
2025-09-09T12:00:00+00:00,llo1,72,2025-09-06,13.00,9.980,8.637,5.510,16.003,2,45027,0.11,2026-08-10T14:18:44+00:00
2025-09-09T12:00:00+00:00,llo1,72,2025-09-06,18.00,7.590,8.306,5.020,13.970,2,45027,0.11,2026-08-10T14:18:44+00:00
2025-09-09T12:00:00+00:00,llo1,72,2025-09-06,23.00,6.860,7.956,4.700,11.998,2,45027,0.11,2026-08-10T14:18:44+00:00
2025-09-09T12:00:00+00:00,llo1,72,2025-09-06,28.00,6.060,7.719,4.530,10.384,2,45027,0.11,2026-08-10T14:18:44+00:00
2025-09-09T12:00:00+00:00,llo1,72,2025-09-06,33.00,5.200,7.517,4.340,8.651,2,45027,0.11,2026-08-10T14:18:44+00:00
2025-09-09T12:00:00+00:00,llo1,72,2025-09-06,38.00,4.790,7.383,4.220,7.659,2,45027,0.11,2026-08-10T14:18:44+00:00
2025-09-09T12:00:00+00:00,llo1,72,2025-09-06,43.00,4.680,7.277,4.140,7.338,2,45027,0.11,2026-08-10T14:18:44+00:00
2025-09-11T12:00:00+00:00,llo1,120,2025-09-06,6.00,15.400,13.543,8.930,17.374,2,45027,0.11,2026-08-10T14:18:44+00:00
2025-09-11T12:00:00+00:00,llo1,120,2025-09-06,8.00,15.430,10.832,7.010,16.905,2,45027,0.11,2026-08-10T14:18:44+00:00
2025-09-11T12:00:00+00:00,llo1,120,2025-09-06,13.00,15.420,8.534,5.510,15.623,2,45027,0.11,2026-08-10T14:18:44+00:00
2025-09-11T12:00:00+00:00,llo1,120,2025-09-06,18.00,10.440,8.174,5.020,13.554,2,45027,0.11,2026-08-10T14:18:44+00:00
2025-09-11T12:00:00+00:00,llo1,120,2025-09-06,23.00,7.830,7.825,4.700,11.764,2,45027,0.11,2026-08-10T14:18:44+00:00
2025-09-11T12:00:00+00:00,llo1,120,2025-09-06,28.00,6.430,7.616,4.530,10.326,2,45027,0.11,2026-08-10T14:18:44+00:00
2025-09-11T12:00:00+00:00,llo1,120,2025-09-06,33.00,5.590,7.440,4.340,8.911,2,45027,0.11,2026-08-10T14:18:44+00:00
2025-09-11T12:00:00+00:00,llo1,120,2025-09-06,38.00,4.920,7.377,4.220,7.898,2,45027,0.11,2026-08-10T14:18:44+00:00
2025-09-11T12:00:00+00:00,llo1,120,2025-09-06,43.00,4.520,7.354,4.140,6.351,2,45027,0.11,2026-08-10T14:18:44+00:00
2025-09-08T12:00:00+00:00,llo1,24,2025-09-07,6.00,7.370,9.439,8.920,17.599,2,45027,0.11,2026-08-10T14:18:44+00:00
2025-09-08T12:00:00+00:00,llo1,24,2025-09-07,8.00,7.170,9.011,6.760,17.287,2,45027,0.11,2026-08-10T14:18:44+00:00
2025-09-08T12:00:00+00:00,llo1,24,2025-09-07,13.00,6.360,8.608,6.180,15.990,2,45027,0.11,2026-08-10T14:18:44+00:00
2025-09-08T12:00:00+00:00,llo1,24,2025-09-07,18.00,5.370,8.299,5.530,13.993,2,45027,0.11,2026-08-10T14:18:44+00:00
2025-09-08T12:00:00+00:00,llo1,24,2025-09-07,23.00,4.750,8.045,4.930,12.063,2,45027,0.11,2026-08-10T14:18:44+00:00
2025-09-08T12:00:00+00:00,llo1,24,2025-09-07,28.00,4.440,7.802,4.500,10.205,2,45027,0.11,2026-08-10T14:18:44+00:00
2025-09-08T12:00:00+00:00,llo1,24,2025-09-07,33.00,4.270,7.625,4.310,8.378,2,45027,0.11,2026-08-10T14:18:44+00:00
2025-09-08T12:00:00+00:00,llo1,24,2025-09-07,38.00,4.160,7.490,4.150,7.339,2,45027,0.11,2026-08-10T14:18:44+00:00
2025-09-08T12:00:00+00:00,llo1,24,2025-09-07,43.00,4.060,7.428,4.050,7.431,2,45027,0.11,2026-08-10T14:18:44+00:00
2025-09-09T12:00:00+00:00,llo1,48,2025-09-07,6.00,15.060,9.421,8.920,17.540,2,45027,0.11,2026-08-10T14:18:44+00:00
2025-09-09T12:00:00+00:00,llo1,48,2025-09-07,8.00,12.250,8.960,6.760,17.253,2,45027,0.11,2026-08-10T14:18:44+00:00
2025-09-09T12:00:00+00:00,llo1,48,2025-09-07,13.00,9.980,8.803,6.180,16.003,2,45027,0.11,2026-08-10T14:18:44+00:00
2025-09-09T12:00:00+00:00,llo1,48,2025-09-07,18.00,7.590,8.482,5.530,13.970,2,45027,0.11,2026-08-10T14:18:44+00:00
2025-09-09T12:00:00+00:00,llo1,48,2025-09-07,23.00,6.860,8.027,4.930,11.998,2,45027,0.11,2026-08-10T14:18:44+00:00
2025-09-09T12:00:00+00:00,llo1,48,2025-09-07,28.00,6.060,7.715,4.500,10.384,2,45027,0.11,2026-08-10T14:18:44+00:00
2025-09-09T12:00:00+00:00,llo1,48,2025-09-07,33.00,5.200,7.542,4.310,8.651,2,45027,0.11,2026-08-10T14:18:44+00:00
2025-09-09T12:00:00+00:00,llo1,48,2025-09-07,38.00,4.790,7.438,4.150,7.659,2,45027,0.11,2026-08-10T14:18:44+00:00
2025-09-09T12:00:00+00:00,llo1,48,2025-09-07,43.00,4.680,7.357,4.050,7.338,2,45027,0.11,2026-08-10T14:18:44+00:00
2025-09-11T12:00:00+00:00,llo1,96,2025-09-07,6.00,15.400,13.275,8.920,17.374,2,45027,0.11,2026-08-10T14:18:44+00:00
2025-09-11T12:00:00+00:00,llo1,96,2025-09-07,8.00,15.430,10.780,6.760,16.905,2,45027,0.11,2026-08-10T14:18:44+00:00
2025-09-11T12:00:00+00:00,llo1,96,2025-09-07,13.00,15.420,8.798,6.180,15.623,2,45027,0.11,2026-08-10T14:18:44+00:00
2025-09-11T12:00:00+00:00,llo1,96,2025-09-07,18.00,10.440,8.266,5.530,13.554,2,45027,0.11,2026-08-10T14:18:44+00:00
2025-09-11T12:00:00+00:00,llo1,96,2025-09-07,23.00,7.830,7.864,4.930,11.764,2,45027,0.11,2026-08-10T14:18:44+00:00
2025-09-11T12:00:00+00:00,llo1,96,2025-09-07,28.00,6.430,7.673,4.500,10.326,2,45027,0.11,2026-08-10T14:18:44+00:00
2025-09-11T12:00:00+00:00,llo1,96,2025-09-07,33.00,5.590,7.541,4.310,8.911,2,45027,0.11,2026-08-10T14:18:44+00:00
2025-09-11T12:00:00+00:00,llo1,96,2025-09-07,38.00,4.920,7.413,4.150,7.898,2,45027,0.11,2026-08-10T14:18:44+00:00
2025-09-11T12:00:00+00:00,llo1,96,2025-09-07,43.00,4.520,7.364,4.050,6.351,2,45027,0.11,2026-08-10T14:18:44+00:00
2025-09-12T12:00:00+00:00,llo1,120,2025-09-07,6.00,15.190,15.076,8.920,17.351,2,45027,0.11,2026-08-10T14:18:44+00:00
2025-09-12T12:00:00+00:00,llo1,120,2025-09-07,8.00,15.220,13.468,6.760,16.888,2,45027,0.11,2026-08-10T14:18:44+00:00
2025-09-12T12:00:00+00:00,llo1,120,2025-09-07,13.00,14.960,9.481,6.180,15.659,2,45027,0.11,2026-08-10T14:18:44+00:00
2025-09-12T12:00:00+00:00,llo1,120,2025-09-07,18.00,14.700,8.505,5.530,13.708,2,45027,0.11,2026-08-10T14:18:44+00:00
2025-09-12T12:00:00+00:00,llo1,120,2025-09-07,23.00,14.350,8.096,4.930,12.053,2,45027,0.11,2026-08-10T14:18:44+00:00
2025-09-12T12:00:00+00:00,llo1,120,2025-09-07,28.00,8.930,7.849,4.500,10.712,2,45027,0.11,2026-08-10T14:18:44+00:00
2025-09-12T12:00:00+00:00,llo1,120,2025-09-07,33.00,6.670,7.584,4.310,9.357,2,45027,0.11,2026-08-10T14:18:44+00:00
2025-09-12T12:00:00+00:00,llo1,120,2025-09-07,38.00,6.100,7.544,4.150,8.167,2,45027,0.11,2026-08-10T14:18:44+00:00
2025-09-12T12:00:00+00:00,llo1,120,2025-09-07,43.00,5.490,7.544,4.050,5.959,2,45027,0.11,2026-08-10T14:18:44+00:00
2025-09-09T12:00:00+00:00,llo1,24,2025-09-08,6.00,15.060,9.198,7.370,17.540,2,45027,0.11,2026-08-10T14:18:44+00:00
2025-09-09T12:00:00+00:00,llo1,24,2025-09-08,8.00,12.250,8.812,7.170,17.253,2,45027,0.11,2026-08-10T14:18:44+00:00
2025-09-09T12:00:00+00:00,llo1,24,2025-09-08,13.00,9.980,8.748,6.360,16.003,2,45027,0.11,2026-08-10T14:18:44+00:00
2025-09-09T12:00:00+00:00,llo1,24,2025-09-08,18.00,7.590,8.354,5.370,13.970,2,45027,0.11,2026-08-10T14:18:44+00:00
2025-09-09T12:00:00+00:00,llo1,24,2025-09-08,23.00,6.860,7.925,4.750,11.998,2,45027,0.11,2026-08-10T14:18:44+00:00
2025-09-09T12:00:00+00:00,llo1,24,2025-09-08,28.00,6.060,7.679,4.440,10.384,2,45027,0.11,2026-08-10T14:18:44+00:00
2025-09-09T12:00:00+00:00,llo1,24,2025-09-08,33.00,5.200,7.510,4.270,8.651,2,45027,0.11,2026-08-10T14:18:44+00:00
2025-09-09T12:00:00+00:00,llo1,24,2025-09-08,38.00,4.790,7.400,4.160,7.659,2,45027,0.11,2026-08-10T14:18:44+00:00
2025-09-09T12:00:00+00:00,llo1,24,2025-09-08,43.00,4.680,7.308,4.060,7.338,2,45027,0.11,2026-08-10T14:18:44+00:00
2025-09-11T12:00:00+00:00,llo1,72,2025-09-08,6.00,15.400,14.303,7.370,17.374,2,45027,0.11,2026-08-10T14:18:44+00:00
2025-09-11T12:00:00+00:00,llo1,72,2025-09-08,8.00,15.430,11.675,7.170,16.905,2,45027,0.11,2026-08-10T14:18:44+00:00
2025-09-11T12:00:00+00:00,llo1,72,2025-09-08,13.00,15.420,8.544,6.360,15.623,2,45027,0.11,2026-08-10T14:18:44+00:00
2025-09-11T12:00:00+00:00,llo1,72,2025-09-08,18.00,10.440,8.067,5.370,13.554,2,45027,0.11,2026-08-10T14:18:44+00:00
2025-09-11T12:00:00+00:00,llo1,72,2025-09-08,23.00,7.830,7.777,4.750,11.764,2,45027,0.11,2026-08-10T14:18:44+00:00
2025-09-11T12:00:00+00:00,llo1,72,2025-09-08,28.00,6.430,7.618,4.440,10.326,2,45027,0.11,2026-08-10T14:18:44+00:00
2025-09-11T12:00:00+00:00,llo1,72,2025-09-08,33.00,5.590,7.492,4.270,8.911,2,45027,0.11,2026-08-10T14:18:44+00:00
2025-09-11T12:00:00+00:00,llo1,72,2025-09-08,38.00,4.920,7.397,4.160,7.898,2,45027,0.11,2026-08-10T14:18:44+00:00
2025-09-11T12:00:00+00:00,llo1,72,2025-09-08,43.00,4.520,7.357,4.060,6.351,2,45027,0.11,2026-08-10T14:18:44+00:00
2025-09-12T12:00:00+00:00,llo1,96,2025-09-08,6.00,15.190,14.483,7.370,17.351,2,45027,0.11,2026-08-10T14:18:44+00:00
2025-09-12T12:00:00+00:00,llo1,96,2025-09-08,8.00,15.220,12.958,7.170,16.888,2,45027,0.11,2026-08-10T14:18:44+00:00
2025-09-12T12:00:00+00:00,llo1,96,2025-09-08,13.00,14.960,9.262,6.360,15.659,2,45027,0.11,2026-08-10T14:18:44+00:00
2025-09-12T12:00:00+00:00,llo1,96,2025-09-08,18.00,14.700,8.275,5.370,13.708,2,45027,0.11,2026-08-10T14:18:44+00:00
2025-09-12T12:00:00+00:00,llo1,96,2025-09-08,23.00,14.350,8.077,4.750,12.053,2,45027,0.11,2026-08-10T14:18:44+00:00
2025-09-12T12:00:00+00:00,llo1,96,2025-09-08,28.00,8.930,7.805,4.440,10.712,2,45027,0.11,2026-08-10T14:18:44+00:00
2025-09-12T12:00:00+00:00,llo1,96,2025-09-08,33.00,6.670,7.540,4.270,9.357,2,45027,0.11,2026-08-10T14:18:44+00:00
2025-09-12T12:00:00+00:00,llo1,96,2025-09-08,38.00,6.100,7.504,4.160,8.167,2,45027,0.11,2026-08-10T14:18:44+00:00
2025-09-12T12:00:00+00:00,llo1,96,2025-09-08,43.00,5.490,7.502,4.060,5.959,2,45027,0.11,2026-08-10T14:18:44+00:00
2025-09-13T12:00:00+00:00,llo1,120,2025-09-08,6.00,14.790,13.864,7.370,17.323,2,45027,0.11,2026-08-10T14:18:44+00:00
2025-09-13T12:00:00+00:00,llo1,120,2025-09-08,8.00,14.800,12.853,7.170,16.814,2,45027,0.11,2026-08-10T14:18:44+00:00
2025-09-13T12:00:00+00:00,llo1,120,2025-09-08,13.00,14.790,10.067,6.360,15.689,2,45027,0.11,2026-08-10T14:18:44+00:00
2025-09-13T12:00:00+00:00,llo1,120,2025-09-08,18.00,14.720,8.485,5.370,14.047,2,45027,0.11,2026-08-10T14:18:44+00:00
2025-09-13T12:00:00+00:00,llo1,120,2025-09-08,23.00,12.850,7.990,4.750,12.477,2,45027,0.11,2026-08-10T14:18:44+00:00
2025-09-13T12:00:00+00:00,llo1,120,2025-09-08,28.00,7.300,7.733,4.440,11.136,2,45027,0.11,2026-08-10T14:18:44+00:00
2025-09-13T12:00:00+00:00,llo1,120,2025-09-08,33.00,6.780,7.648,4.270,9.737,2,45027,0.11,2026-08-10T14:18:44+00:00
2025-09-13T12:00:00+00:00,llo1,120,2025-09-08,38.00,5.700,7.602,4.160,8.304,2,45027,0.11,2026-08-10T14:18:44+00:00
2025-09-13T12:00:00+00:00,llo1,120,2025-09-08,43.00,5.440,7.570,4.060,5.825,2,45027,0.11,2026-08-10T14:18:44+00:00
2025-09-11T12:00:00+00:00,llo1,48,2025-09-09,6.00,15.400,15.366,15.060,17.374,2,45027,0.11,2026-08-10T14:18:44+00:00
2025-09-11T12:00:00+00:00,llo1,48,2025-09-09,8.00,15.430,14.579,12.250,16.905,2,45027,0.11,2026-08-10T14:18:44+00:00
2025-09-11T12:00:00+00:00,llo1,48,2025-09-09,13.00,15.420,10.241,9.980,15.623,2,45027,0.11,2026-08-10T14:18:44+00:00
2025-09-11T12:00:00+00:00,llo1,48,2025-09-09,18.00,10.440,8.771,7.590,13.554,2,45027,0.11,2026-08-10T14:18:44+00:00
2025-09-11T12:00:00+00:00,llo1,48,2025-09-09,23.00,7.830,8.185,6.860,11.764,2,45027,0.11,2026-08-10T14:18:44+00:00
2025-09-11T12:00:00+00:00,llo1,48,2025-09-09,28.00,6.430,7.842,6.060,10.326,2,45027,0.11,2026-08-10T14:18:44+00:00
2025-09-11T12:00:00+00:00,llo1,48,2025-09-09,33.00,5.590,7.565,5.200,8.911,2,45027,0.11,2026-08-10T14:18:44+00:00
2025-09-11T12:00:00+00:00,llo1,48,2025-09-09,38.00,4.920,7.530,4.790,7.898,2,45027,0.11,2026-08-10T14:18:44+00:00
2025-09-11T12:00:00+00:00,llo1,48,2025-09-09,43.00,4.520,7.522,4.680,6.351,2,45027,0.11,2026-08-10T14:18:44+00:00
2025-09-12T12:00:00+00:00,llo1,72,2025-09-09,6.00,15.190,14.657,15.060,17.351,2,45027,0.11,2026-08-10T14:18:44+00:00
2025-09-12T12:00:00+00:00,llo1,72,2025-09-09,8.00,15.220,13.927,12.250,16.888,2,45027,0.11,2026-08-10T14:18:44+00:00
2025-09-12T12:00:00+00:00,llo1,72,2025-09-09,13.00,14.960,10.374,9.980,15.659,2,45027,0.11,2026-08-10T14:18:44+00:00
2025-09-12T12:00:00+00:00,llo1,72,2025-09-09,18.00,14.700,8.816,7.590,13.708,2,45027,0.11,2026-08-10T14:18:44+00:00
2025-09-12T12:00:00+00:00,llo1,72,2025-09-09,23.00,14.350,8.220,6.860,12.053,2,45027,0.11,2026-08-10T14:18:44+00:00
2025-09-12T12:00:00+00:00,llo1,72,2025-09-09,28.00,8.930,7.915,6.060,10.712,2,45027,0.11,2026-08-10T14:18:44+00:00
2025-09-12T12:00:00+00:00,llo1,72,2025-09-09,33.00,6.670,7.679,5.200,9.357,2,45027,0.11,2026-08-10T14:18:44+00:00
2025-09-12T12:00:00+00:00,llo1,72,2025-09-09,38.00,6.100,7.614,4.790,8.167,2,45027,0.11,2026-08-10T14:18:44+00:00
2025-09-12T12:00:00+00:00,llo1,72,2025-09-09,43.00,5.490,7.543,4.680,5.959,2,45027,0.11,2026-08-10T14:18:44+00:00
2025-09-13T12:00:00+00:00,llo1,96,2025-09-09,6.00,14.790,13.443,15.060,17.323,2,45027,0.11,2026-08-10T14:18:44+00:00
2025-09-13T12:00:00+00:00,llo1,96,2025-09-09,8.00,14.800,12.548,12.250,16.814,2,45027,0.11,2026-08-10T14:18:44+00:00
2025-09-13T12:00:00+00:00,llo1,96,2025-09-09,13.00,14.790,9.867,9.980,15.689,2,45027,0.11,2026-08-10T14:18:44+00:00
2025-09-13T12:00:00+00:00,llo1,96,2025-09-09,18.00,14.720,8.843,7.590,14.047,2,45027,0.11,2026-08-10T14:18:44+00:00
2025-09-13T12:00:00+00:00,llo1,96,2025-09-09,23.00,12.850,8.332,6.860,12.477,2,45027,0.11,2026-08-10T14:18:44+00:00
2025-09-13T12:00:00+00:00,llo1,96,2025-09-09,28.00,7.300,7.886,6.060,11.136,2,45027,0.11,2026-08-10T14:18:44+00:00
2025-09-13T12:00:00+00:00,llo1,96,2025-09-09,33.00,6.780,7.712,5.200,9.737,2,45027,0.11,2026-08-10T14:18:44+00:00
2025-09-13T12:00:00+00:00,llo1,96,2025-09-09,38.00,5.700,7.673,4.790,8.304,2,45027,0.11,2026-08-10T14:18:44+00:00
2025-09-13T12:00:00+00:00,llo1,96,2025-09-09,43.00,5.440,7.567,4.680,5.825,2,45027,0.11,2026-08-10T14:18:44+00:00
2025-09-14T12:00:00+00:00,llo1,120,2025-09-09,6.00,14.880,15.574,15.060,17.243,2,45027,0.11,2026-08-10T14:18:44+00:00
2025-09-14T12:00:00+00:00,llo1,120,2025-09-09,8.00,14.900,14.984,12.250,16.717,2,45027,0.11,2026-08-10T14:18:44+00:00
2025-09-14T12:00:00+00:00,llo1,120,2025-09-09,13.00,14.900,12.255,9.980,15.868,2,45027,0.11,2026-08-10T14:18:44+00:00
2025-09-14T12:00:00+00:00,llo1,120,2025-09-09,18.00,14.890,9.837,7.590,14.350,2,45027,0.11,2026-08-10T14:18:44+00:00
2025-09-14T12:00:00+00:00,llo1,120,2025-09-09,23.00,14.810,8.698,6.860,13.062,2,45027,0.11,2026-08-10T14:18:44+00:00
2025-09-14T12:00:00+00:00,llo1,120,2025-09-09,28.00,12.690,8.131,6.060,11.781,2,45027,0.11,2026-08-10T14:18:44+00:00
2025-09-14T12:00:00+00:00,llo1,120,2025-09-09,33.00,10.200,7.838,5.200,10.382,2,45027,0.11,2026-08-10T14:18:44+00:00
2025-09-14T12:00:00+00:00,llo1,120,2025-09-09,38.00,7.730,7.793,4.790,8.640,2,45027,0.11,2026-08-10T14:18:44+00:00
2025-09-14T12:00:00+00:00,llo1,120,2025-09-09,43.00,6.670,7.793,4.680,5.612,2,45027,0.11,2026-08-10T14:18:44+00:00
2025-09-11T12:00:00+00:00,llo1,24,2025-09-10,6.00,15.400,11.358,15.290,17.374,2,45027,0.11,2026-08-10T14:18:44+00:00
2025-09-11T12:00:00+00:00,llo1,24,2025-09-10,8.00,15.430,9.342,15.310,16.905,2,45027,0.11,2026-08-10T14:18:44+00:00
2025-09-11T12:00:00+00:00,llo1,24,2025-09-10,13.00,15.420,8.381,11.510,15.623,2,45027,0.11,2026-08-10T14:18:44+00:00
2025-09-11T12:00:00+00:00,llo1,24,2025-09-10,18.00,10.440,8.009,8.300,13.554,2,45027,0.11,2026-08-10T14:18:44+00:00
2025-09-11T12:00:00+00:00,llo1,24,2025-09-10,23.00,7.830,7.772,6.760,11.764,2,45027,0.11,2026-08-10T14:18:44+00:00
2025-09-11T12:00:00+00:00,llo1,24,2025-09-10,28.00,6.430,7.636,5.730,10.326,2,45027,0.11,2026-08-10T14:18:44+00:00
2025-09-11T12:00:00+00:00,llo1,24,2025-09-10,33.00,5.590,7.494,5.370,8.911,2,45027,0.11,2026-08-10T14:18:44+00:00
2025-09-11T12:00:00+00:00,llo1,24,2025-09-10,38.00,4.920,7.405,4.780,7.898,2,45027,0.11,2026-08-10T14:18:44+00:00
2025-09-11T12:00:00+00:00,llo1,24,2025-09-10,43.00,4.520,7.362,4.560,6.351,2,45027,0.11,2026-08-10T14:18:44+00:00
2025-09-12T12:00:00+00:00,llo1,48,2025-09-10,6.00,15.190,15.347,15.290,17.351,2,45027,0.11,2026-08-10T14:18:44+00:00
2025-09-12T12:00:00+00:00,llo1,48,2025-09-10,8.00,15.220,14.722,15.310,16.888,2,45027,0.11,2026-08-10T14:18:44+00:00
2025-09-12T12:00:00+00:00,llo1,48,2025-09-10,13.00,14.960,10.617,11.510,15.659,2,45027,0.11,2026-08-10T14:18:44+00:00
2025-09-12T12:00:00+00:00,llo1,48,2025-09-10,18.00,14.700,8.616,8.300,13.708,2,45027,0.11,2026-08-10T14:18:44+00:00
2025-09-12T12:00:00+00:00,llo1,48,2025-09-10,23.00,14.350,8.115,6.760,12.053,2,45027,0.11,2026-08-10T14:18:44+00:00
2025-09-12T12:00:00+00:00,llo1,48,2025-09-10,28.00,8.930,7.840,5.730,10.712,2,45027,0.11,2026-08-10T14:18:44+00:00
2025-09-12T12:00:00+00:00,llo1,48,2025-09-10,33.00,6.670,7.556,5.370,9.357,2,45027,0.11,2026-08-10T14:18:44+00:00
2025-09-12T12:00:00+00:00,llo1,48,2025-09-10,38.00,6.100,7.513,4.780,8.167,2,45027,0.11,2026-08-10T14:18:44+00:00
2025-09-12T12:00:00+00:00,llo1,48,2025-09-10,43.00,5.490,7.513,4.560,5.959,2,45027,0.11,2026-08-10T14:18:44+00:00
2025-09-13T12:00:00+00:00,llo1,72,2025-09-10,6.00,14.790,13.823,15.290,17.323,2,45027,0.11,2026-08-10T14:18:44+00:00
2025-09-13T12:00:00+00:00,llo1,72,2025-09-10,8.00,14.800,12.941,15.310,16.814,2,45027,0.11,2026-08-10T14:18:44+00:00
2025-09-13T12:00:00+00:00,llo1,72,2025-09-10,13.00,14.790,10.358,11.510,15.689,2,45027,0.11,2026-08-10T14:18:44+00:00
2025-09-13T12:00:00+00:00,llo1,72,2025-09-10,18.00,14.720,8.654,8.300,14.047,2,45027,0.11,2026-08-10T14:18:44+00:00
2025-09-13T12:00:00+00:00,llo1,72,2025-09-10,23.00,12.850,8.196,6.760,12.477,2,45027,0.11,2026-08-10T14:18:44+00:00
2025-09-13T12:00:00+00:00,llo1,72,2025-09-10,28.00,7.300,7.869,5.730,11.136,2,45027,0.11,2026-08-10T14:18:44+00:00
2025-09-13T12:00:00+00:00,llo1,72,2025-09-10,33.00,6.780,7.644,5.370,9.737,2,45027,0.11,2026-08-10T14:18:44+00:00
2025-09-13T12:00:00+00:00,llo1,72,2025-09-10,38.00,5.700,7.638,4.780,8.304,2,45027,0.11,2026-08-10T14:18:44+00:00
2025-09-13T12:00:00+00:00,llo1,72,2025-09-10,43.00,5.440,7.629,4.560,5.825,2,45027,0.11,2026-08-10T14:18:44+00:00
2025-09-14T12:00:00+00:00,llo1,96,2025-09-10,6.00,14.880,15.375,15.290,17.243,2,45027,0.11,2026-08-10T14:18:44+00:00
2025-09-14T12:00:00+00:00,llo1,96,2025-09-10,8.00,14.900,14.533,15.310,16.717,2,45027,0.11,2026-08-10T14:18:44+00:00
2025-09-14T12:00:00+00:00,llo1,96,2025-09-10,13.00,14.900,11.932,11.510,15.868,2,45027,0.11,2026-08-10T14:18:44+00:00
2025-09-14T12:00:00+00:00,llo1,96,2025-09-10,18.00,14.890,9.729,8.300,14.350,2,45027,0.11,2026-08-10T14:18:44+00:00
2025-09-14T12:00:00+00:00,llo1,96,2025-09-10,23.00,14.810,8.684,6.760,13.062,2,45027,0.11,2026-08-10T14:18:44+00:00
2025-09-14T12:00:00+00:00,llo1,96,2025-09-10,28.00,12.690,8.117,5.730,11.781,2,45027,0.11,2026-08-10T14:18:44+00:00
2025-09-14T12:00:00+00:00,llo1,96,2025-09-10,33.00,10.200,7.809,5.370,10.382,2,45027,0.11,2026-08-10T14:18:44+00:00
2025-09-14T12:00:00+00:00,llo1,96,2025-09-10,38.00,7.730,7.757,4.780,8.640,2,45027,0.11,2026-08-10T14:18:44+00:00
2025-09-14T12:00:00+00:00,llo1,96,2025-09-10,43.00,6.670,7.733,4.560,5.612,2,45027,0.11,2026-08-10T14:18:44+00:00
2025-09-15T12:00:00+00:00,llo1,120,2025-09-10,6.00,14.590,15.449,15.290,17.219,2,45027,0.11,2026-08-10T14:18:44+00:00
2025-09-15T12:00:00+00:00,llo1,120,2025-09-10,8.00,14.590,15.180,15.310,16.706,2,45027,0.11,2026-08-10T14:18:44+00:00
2025-09-15T12:00:00+00:00,llo1,120,2025-09-10,13.00,14.390,12.494,11.510,15.857,2,45027,0.11,2026-08-10T14:18:44+00:00
2025-09-15T12:00:00+00:00,llo1,120,2025-09-10,18.00,14.210,10.314,8.300,14.374,2,45027,0.11,2026-08-10T14:18:44+00:00
2025-09-15T12:00:00+00:00,llo1,120,2025-09-10,23.00,14.110,9.376,6.760,13.142,2,45027,0.11,2026-08-10T14:18:44+00:00
2025-09-15T12:00:00+00:00,llo1,120,2025-09-10,28.00,14.130,8.807,5.730,11.640,2,45027,0.11,2026-08-10T14:18:44+00:00
2025-09-15T12:00:00+00:00,llo1,120,2025-09-10,33.00,14.040,8.366,5.370,10.496,2,45027,0.11,2026-08-10T14:18:44+00:00
2025-09-15T12:00:00+00:00,llo1,120,2025-09-10,38.00,13.910,7.999,4.780,8.756,2,45027,0.11,2026-08-10T14:18:44+00:00
2025-09-15T12:00:00+00:00,llo1,120,2025-09-10,43.00,13.540,7.928,4.560,5.511,2,45027,0.11,2026-08-10T14:18:44+00:00
2025-09-12T12:00:00+00:00,llo1,24,2025-09-11,6.00,15.190,15.513,15.400,17.351,2,45027,0.11,2026-08-10T14:18:44+00:00
2025-09-12T12:00:00+00:00,llo1,24,2025-09-11,8.00,15.220,15.012,15.430,16.888,2,45027,0.11,2026-08-10T14:18:44+00:00
2025-09-12T12:00:00+00:00,llo1,24,2025-09-11,13.00,14.960,11.192,15.420,15.659,2,45027,0.11,2026-08-10T14:18:44+00:00
2025-09-12T12:00:00+00:00,llo1,24,2025-09-11,18.00,14.700,8.765,10.440,13.708,2,45027,0.11,2026-08-10T14:18:44+00:00
2025-09-12T12:00:00+00:00,llo1,24,2025-09-11,23.00,14.350,8.132,7.830,12.053,2,45027,0.11,2026-08-10T14:18:44+00:00
2025-09-12T12:00:00+00:00,llo1,24,2025-09-11,28.00,8.930,7.833,6.430,10.712,2,45027,0.11,2026-08-10T14:18:44+00:00
2025-09-12T12:00:00+00:00,llo1,24,2025-09-11,33.00,6.670,7.550,5.590,9.357,2,45027,0.11,2026-08-10T14:18:44+00:00
2025-09-12T12:00:00+00:00,llo1,24,2025-09-11,38.00,6.100,7.493,4.920,8.167,2,45027,0.11,2026-08-10T14:18:44+00:00
2025-09-12T12:00:00+00:00,llo1,24,2025-09-11,43.00,5.490,7.494,4.520,5.959,2,45027,0.11,2026-08-10T14:18:44+00:00
2025-09-13T12:00:00+00:00,llo1,48,2025-09-11,6.00,14.790,15.559,15.400,17.323,2,45027,0.11,2026-08-10T14:18:44+00:00
2025-09-13T12:00:00+00:00,llo1,48,2025-09-11,8.00,14.800,15.352,15.430,16.814,2,45027,0.11,2026-08-10T14:18:44+00:00
2025-09-13T12:00:00+00:00,llo1,48,2025-09-11,13.00,14.790,13.547,15.420,15.689,2,45027,0.11,2026-08-10T14:18:44+00:00
2025-09-13T12:00:00+00:00,llo1,48,2025-09-11,18.00,14.720,9.885,10.440,14.047,2,45027,0.11,2026-08-10T14:18:44+00:00
2025-09-13T12:00:00+00:00,llo1,48,2025-09-11,23.00,12.850,8.743,7.830,12.477,2,45027,0.11,2026-08-10T14:18:44+00:00
2025-09-13T12:00:00+00:00,llo1,48,2025-09-11,28.00,7.300,8.230,6.430,11.136,2,45027,0.11,2026-08-10T14:18:44+00:00
2025-09-13T12:00:00+00:00,llo1,48,2025-09-11,33.00,6.780,7.859,5.590,9.737,2,45027,0.11,2026-08-10T14:18:44+00:00
2025-09-13T12:00:00+00:00,llo1,48,2025-09-11,38.00,5.700,7.687,4.920,8.304,2,45027,0.11,2026-08-10T14:18:44+00:00
2025-09-13T12:00:00+00:00,llo1,48,2025-09-11,43.00,5.440,7.676,4.520,5.825,2,45027,0.11,2026-08-10T14:18:44+00:00
2025-09-14T12:00:00+00:00,llo1,72,2025-09-11,6.00,14.880,15.203,15.400,17.243,2,45027,0.11,2026-08-10T14:18:44+00:00
2025-09-14T12:00:00+00:00,llo1,72,2025-09-11,8.00,14.900,14.510,15.430,16.717,2,45027,0.11,2026-08-10T14:18:44+00:00
2025-09-14T12:00:00+00:00,llo1,72,2025-09-11,13.00,14.900,11.617,15.420,15.868,2,45027,0.11,2026-08-10T14:18:44+00:00
2025-09-14T12:00:00+00:00,llo1,72,2025-09-11,18.00,14.890,9.657,10.440,14.350,2,45027,0.11,2026-08-10T14:18:44+00:00
2025-09-14T12:00:00+00:00,llo1,72,2025-09-11,23.00,14.810,9.341,7.830,13.062,2,45027,0.11,2026-08-10T14:18:44+00:00
2025-09-14T12:00:00+00:00,llo1,72,2025-09-11,28.00,12.690,8.604,6.430,11.781,2,45027,0.11,2026-08-10T14:18:44+00:00
2025-09-14T12:00:00+00:00,llo1,72,2025-09-11,33.00,10.200,8.196,5.590,10.382,2,45027,0.11,2026-08-10T14:18:44+00:00
2025-09-14T12:00:00+00:00,llo1,72,2025-09-11,38.00,7.730,7.874,4.920,8.640,2,45027,0.11,2026-08-10T14:18:44+00:00
2025-09-14T12:00:00+00:00,llo1,72,2025-09-11,43.00,6.670,7.783,4.520,5.612,2,45027,0.11,2026-08-10T14:18:44+00:00
2025-09-15T12:00:00+00:00,llo1,96,2025-09-11,6.00,14.590,15.586,15.400,17.219,2,45027,0.11,2026-08-10T14:18:44+00:00
2025-09-15T12:00:00+00:00,llo1,96,2025-09-11,8.00,14.590,15.241,15.430,16.706,2,45027,0.11,2026-08-10T14:18:44+00:00
2025-09-15T12:00:00+00:00,llo1,96,2025-09-11,13.00,14.390,12.508,15.420,15.857,2,45027,0.11,2026-08-10T14:18:44+00:00
2025-09-15T12:00:00+00:00,llo1,96,2025-09-11,18.00,14.210,10.650,10.440,14.374,2,45027,0.11,2026-08-10T14:18:44+00:00
2025-09-15T12:00:00+00:00,llo1,96,2025-09-11,23.00,14.110,9.839,7.830,13.142,2,45027,0.11,2026-08-10T14:18:44+00:00
2025-09-15T12:00:00+00:00,llo1,96,2025-09-11,28.00,14.130,8.870,6.430,11.640,2,45027,0.11,2026-08-10T14:18:44+00:00
2025-09-15T12:00:00+00:00,llo1,96,2025-09-11,33.00,14.040,8.568,5.590,10.496,2,45027,0.11,2026-08-10T14:18:44+00:00
2025-09-15T12:00:00+00:00,llo1,96,2025-09-11,38.00,13.910,8.290,4.920,8.756,2,45027,0.11,2026-08-10T14:18:44+00:00
2025-09-15T12:00:00+00:00,llo1,96,2025-09-11,43.00,13.540,8.110,4.520,5.511,2,45027,0.11,2026-08-10T14:18:44+00:00
2025-09-16T12:00:00+00:00,llo1,120,2025-09-11,6.00,14.290,14.128,15.400,17.247,2,45027,0.11,2026-08-10T14:18:44+00:00
2025-09-16T12:00:00+00:00,llo1,120,2025-09-11,8.00,14.290,12.899,15.430,16.761,2,45027,0.11,2026-08-10T14:18:44+00:00
2025-09-16T12:00:00+00:00,llo1,120,2025-09-11,13.00,14.090,10.929,15.420,15.967,2,45027,0.11,2026-08-10T14:18:44+00:00
2025-09-16T12:00:00+00:00,llo1,120,2025-09-11,18.00,13.970,9.895,10.440,14.709,2,45027,0.11,2026-08-10T14:18:44+00:00
2025-09-16T12:00:00+00:00,llo1,120,2025-09-11,23.00,13.770,9.154,7.830,13.516,2,45027,0.11,2026-08-10T14:18:44+00:00
2025-09-16T12:00:00+00:00,llo1,120,2025-09-11,28.00,13.580,8.786,6.430,11.783,2,45027,0.11,2026-08-10T14:18:44+00:00
2025-09-16T12:00:00+00:00,llo1,120,2025-09-11,33.00,13.480,8.582,5.590,10.616,2,45027,0.11,2026-08-10T14:18:44+00:00
2025-09-16T12:00:00+00:00,llo1,120,2025-09-11,38.00,13.430,8.428,4.920,8.892,2,45027,0.11,2026-08-10T14:18:44+00:00
2025-09-16T12:00:00+00:00,llo1,120,2025-09-11,43.00,11.250,8.366,4.520,5.567,2,45027,0.11,2026-08-10T14:18:44+00:00
2025-09-13T12:00:00+00:00,llo1,24,2025-09-12,6.00,14.790,15.014,15.190,17.323,2,45027,0.11,2026-08-10T14:18:44+00:00
2025-09-13T12:00:00+00:00,llo1,24,2025-09-12,8.00,14.800,14.295,15.220,16.814,2,45027,0.11,2026-08-10T14:18:44+00:00
2025-09-13T12:00:00+00:00,llo1,24,2025-09-12,13.00,14.790,11.461,14.960,15.689,2,45027,0.11,2026-08-10T14:18:44+00:00
2025-09-13T12:00:00+00:00,llo1,24,2025-09-12,18.00,14.720,9.616,14.700,14.047,2,45027,0.11,2026-08-10T14:18:44+00:00
2025-09-13T12:00:00+00:00,llo1,24,2025-09-12,23.00,12.850,8.487,14.350,12.477,2,45027,0.11,2026-08-10T14:18:44+00:00
2025-09-13T12:00:00+00:00,llo1,24,2025-09-12,28.00,7.300,8.083,8.930,11.136,2,45027,0.11,2026-08-10T14:18:44+00:00
2025-09-13T12:00:00+00:00,llo1,24,2025-09-12,33.00,6.780,7.786,6.670,9.737,2,45027,0.11,2026-08-10T14:18:44+00:00
2025-09-13T12:00:00+00:00,llo1,24,2025-09-12,38.00,5.700,7.622,6.100,8.304,2,45027,0.11,2026-08-10T14:18:44+00:00
2025-09-13T12:00:00+00:00,llo1,24,2025-09-12,43.00,5.440,7.606,5.490,5.825,2,45027,0.11,2026-08-10T14:18:44+00:00
2025-09-14T12:00:00+00:00,llo1,48,2025-09-12,6.00,14.880,15.133,15.190,17.243,2,45027,0.11,2026-08-10T14:18:44+00:00
2025-09-14T12:00:00+00:00,llo1,48,2025-09-12,8.00,14.900,15.117,15.220,16.717,2,45027,0.11,2026-08-10T14:18:44+00:00
2025-09-14T12:00:00+00:00,llo1,48,2025-09-12,13.00,14.900,13.993,14.960,15.868,2,45027,0.11,2026-08-10T14:18:44+00:00
2025-09-14T12:00:00+00:00,llo1,48,2025-09-12,18.00,14.890,11.932,14.700,14.350,2,45027,0.11,2026-08-10T14:18:44+00:00
2025-09-14T12:00:00+00:00,llo1,48,2025-09-12,23.00,14.810,10.768,14.350,13.062,2,45027,0.11,2026-08-10T14:18:44+00:00
2025-09-14T12:00:00+00:00,llo1,48,2025-09-12,28.00,12.690,9.783,8.930,11.781,2,45027,0.11,2026-08-10T14:18:44+00:00
2025-09-14T12:00:00+00:00,llo1,48,2025-09-12,33.00,10.200,8.864,6.670,10.382,2,45027,0.11,2026-08-10T14:18:44+00:00
2025-09-14T12:00:00+00:00,llo1,48,2025-09-12,38.00,7.730,8.236,6.100,8.640,2,45027,0.11,2026-08-10T14:18:44+00:00
2025-09-14T12:00:00+00:00,llo1,48,2025-09-12,43.00,6.670,7.963,5.490,5.612,2,45027,0.11,2026-08-10T14:18:44+00:00
2025-09-15T12:00:00+00:00,llo1,72,2025-09-12,6.00,14.590,13.373,15.190,17.219,2,45027,0.11,2026-08-10T14:18:44+00:00
2025-09-15T12:00:00+00:00,llo1,72,2025-09-12,8.00,14.590,13.045,15.220,16.706,2,45027,0.11,2026-08-10T14:18:44+00:00
2025-09-15T12:00:00+00:00,llo1,72,2025-09-12,13.00,14.390,12.007,14.960,15.857,2,45027,0.11,2026-08-10T14:18:44+00:00
2025-09-15T12:00:00+00:00,llo1,72,2025-09-12,18.00,14.210,11.348,14.700,14.374,2,45027,0.11,2026-08-10T14:18:44+00:00
2025-09-15T12:00:00+00:00,llo1,72,2025-09-12,23.00,14.110,10.683,14.350,13.142,2,45027,0.11,2026-08-10T14:18:44+00:00
2025-09-15T12:00:00+00:00,llo1,72,2025-09-12,28.00,14.130,9.886,8.930,11.640,2,45027,0.11,2026-08-10T14:18:44+00:00
2025-09-15T12:00:00+00:00,llo1,72,2025-09-12,33.00,14.040,9.275,6.670,10.496,2,45027,0.11,2026-08-10T14:18:44+00:00
2025-09-15T12:00:00+00:00,llo1,72,2025-09-12,38.00,13.910,8.978,6.100,8.756,2,45027,0.11,2026-08-10T14:18:44+00:00
2025-09-15T12:00:00+00:00,llo1,72,2025-09-12,43.00,13.540,8.786,5.490,5.511,2,45027,0.11,2026-08-10T14:18:44+00:00
2025-09-16T12:00:00+00:00,llo1,96,2025-09-12,6.00,14.290,13.316,15.190,17.247,2,45027,0.11,2026-08-10T14:18:44+00:00
2025-09-16T12:00:00+00:00,llo1,96,2025-09-12,8.00,14.290,12.686,15.220,16.761,2,45027,0.11,2026-08-10T14:18:44+00:00
2025-09-16T12:00:00+00:00,llo1,96,2025-09-12,13.00,14.090,11.543,14.960,15.967,2,45027,0.11,2026-08-10T14:18:44+00:00
2025-09-16T12:00:00+00:00,llo1,96,2025-09-12,18.00,13.970,10.654,14.700,14.709,2,45027,0.11,2026-08-10T14:18:44+00:00
2025-09-16T12:00:00+00:00,llo1,96,2025-09-12,23.00,13.770,9.859,14.350,13.516,2,45027,0.11,2026-08-10T14:18:44+00:00
2025-09-16T12:00:00+00:00,llo1,96,2025-09-12,28.00,13.580,9.221,8.930,11.783,2,45027,0.11,2026-08-10T14:18:44+00:00
2025-09-16T12:00:00+00:00,llo1,96,2025-09-12,33.00,13.480,8.878,6.670,10.616,2,45027,0.11,2026-08-10T14:18:44+00:00
2025-09-16T12:00:00+00:00,llo1,96,2025-09-12,38.00,13.430,8.762,6.100,8.892,2,45027,0.11,2026-08-10T14:18:44+00:00
2025-09-16T12:00:00+00:00,llo1,96,2025-09-12,43.00,11.250,8.722,5.490,5.567,2,45027,0.11,2026-08-10T14:18:44+00:00
2025-09-17T12:00:00+00:00,llo1,120,2025-09-12,6.00,14.140,12.606,15.190,17.200,2,45027,0.11,2026-08-10T14:18:44+00:00
2025-09-17T12:00:00+00:00,llo1,120,2025-09-12,8.00,14.100,12.008,15.220,16.777,2,45027,0.11,2026-08-10T14:18:44+00:00
2025-09-17T12:00:00+00:00,llo1,120,2025-09-12,13.00,13.890,10.623,14.960,16.289,2,45027,0.11,2026-08-10T14:18:44+00:00
2025-09-17T12:00:00+00:00,llo1,120,2025-09-12,18.00,13.820,9.774,14.700,15.047,2,45027,0.11,2026-08-10T14:18:44+00:00
2025-09-17T12:00:00+00:00,llo1,120,2025-09-12,23.00,13.620,9.241,14.350,13.891,2,45027,0.11,2026-08-10T14:18:44+00:00
2025-09-17T12:00:00+00:00,llo1,120,2025-09-12,28.00,13.360,8.880,8.930,12.056,2,45027,0.11,2026-08-10T14:18:44+00:00
2025-09-17T12:00:00+00:00,llo1,120,2025-09-12,33.00,11.460,8.703,6.670,10.903,2,45027,0.11,2026-08-10T14:18:44+00:00
2025-09-17T12:00:00+00:00,llo1,120,2025-09-12,38.00,6.530,8.589,6.100,9.217,2,45027,0.11,2026-08-10T14:18:44+00:00
2025-09-17T12:00:00+00:00,llo1,120,2025-09-12,43.00,5.700,8.566,5.490,5.568,2,45027,0.11,2026-08-10T14:18:44+00:00
2025-09-14T12:00:00+00:00,llo1,24,2025-09-13,6.00,14.880,15.382,14.790,17.243,2,45027,0.11,2026-08-10T14:18:44+00:00
2025-09-14T12:00:00+00:00,llo1,24,2025-09-13,8.00,14.900,15.351,14.800,16.717,2,45027,0.11,2026-08-10T14:18:44+00:00
2025-09-14T12:00:00+00:00,llo1,24,2025-09-13,13.00,14.900,13.883,14.790,15.868,2,45027,0.11,2026-08-10T14:18:44+00:00
2025-09-14T12:00:00+00:00,llo1,24,2025-09-13,18.00,14.890,11.435,14.720,14.350,2,45027,0.11,2026-08-10T14:18:44+00:00
2025-09-14T12:00:00+00:00,llo1,24,2025-09-13,23.00,14.810,9.794,12.850,13.062,2,45027,0.11,2026-08-10T14:18:44+00:00
2025-09-14T12:00:00+00:00,llo1,24,2025-09-13,28.00,12.690,9.109,7.300,11.781,2,45027,0.11,2026-08-10T14:18:44+00:00
2025-09-14T12:00:00+00:00,llo1,24,2025-09-13,33.00,10.200,8.210,6.780,10.382,2,45027,0.11,2026-08-10T14:18:44+00:00
2025-09-14T12:00:00+00:00,llo1,24,2025-09-13,38.00,7.730,7.808,5.700,8.640,2,45027,0.11,2026-08-10T14:18:44+00:00
2025-09-14T12:00:00+00:00,llo1,24,2025-09-13,43.00,6.670,7.746,5.440,5.612,2,45027,0.11,2026-08-10T14:18:44+00:00
2025-09-15T12:00:00+00:00,llo1,48,2025-09-13,6.00,14.590,14.119,14.790,17.219,2,45027,0.11,2026-08-10T14:18:44+00:00
2025-09-15T12:00:00+00:00,llo1,48,2025-09-13,8.00,14.590,13.749,14.800,16.706,2,45027,0.11,2026-08-10T14:18:44+00:00
2025-09-15T12:00:00+00:00,llo1,48,2025-09-13,13.00,14.390,13.178,14.790,15.857,2,45027,0.11,2026-08-10T14:18:44+00:00
2025-09-15T12:00:00+00:00,llo1,48,2025-09-13,18.00,14.210,12.603,14.720,14.374,2,45027,0.11,2026-08-10T14:18:44+00:00
2025-09-15T12:00:00+00:00,llo1,48,2025-09-13,23.00,14.110,11.859,12.850,13.142,2,45027,0.11,2026-08-10T14:18:44+00:00
2025-09-15T12:00:00+00:00,llo1,48,2025-09-13,28.00,14.130,11.141,7.300,11.640,2,45027,0.11,2026-08-10T14:18:44+00:00
2025-09-15T12:00:00+00:00,llo1,48,2025-09-13,33.00,14.040,10.437,6.780,10.496,2,45027,0.11,2026-08-10T14:18:44+00:00
2025-09-15T12:00:00+00:00,llo1,48,2025-09-13,38.00,13.910,9.696,5.700,8.756,2,45027,0.11,2026-08-10T14:18:44+00:00
2025-09-15T12:00:00+00:00,llo1,48,2025-09-13,43.00,13.540,9.198,5.440,5.511,2,45027,0.11,2026-08-10T14:18:44+00:00
2025-09-16T12:00:00+00:00,llo1,72,2025-09-13,6.00,14.290,13.472,14.790,17.247,2,45027,0.11,2026-08-10T14:18:44+00:00
2025-09-16T12:00:00+00:00,llo1,72,2025-09-13,8.00,14.290,12.997,14.800,16.761,2,45027,0.11,2026-08-10T14:18:44+00:00
2025-09-16T12:00:00+00:00,llo1,72,2025-09-13,13.00,14.090,12.260,14.790,15.967,2,45027,0.11,2026-08-10T14:18:44+00:00
2025-09-16T12:00:00+00:00,llo1,72,2025-09-13,18.00,13.970,11.426,14.720,14.709,2,45027,0.11,2026-08-10T14:18:44+00:00
2025-09-16T12:00:00+00:00,llo1,72,2025-09-13,23.00,13.770,10.410,12.850,13.516,2,45027,0.11,2026-08-10T14:18:44+00:00
2025-09-16T12:00:00+00:00,llo1,72,2025-09-13,28.00,13.580,9.686,7.300,11.783,2,45027,0.11,2026-08-10T14:18:44+00:00
2025-09-16T12:00:00+00:00,llo1,72,2025-09-13,33.00,13.480,9.145,6.780,10.616,2,45027,0.11,2026-08-10T14:18:44+00:00
2025-09-16T12:00:00+00:00,llo1,72,2025-09-13,38.00,13.430,8.765,5.700,8.892,2,45027,0.11,2026-08-10T14:18:44+00:00
2025-09-16T12:00:00+00:00,llo1,72,2025-09-13,43.00,11.250,8.561,5.440,5.567,2,45027,0.11,2026-08-10T14:18:44+00:00
2025-09-17T12:00:00+00:00,llo1,96,2025-09-13,6.00,14.140,12.753,14.790,17.200,2,45027,0.11,2026-08-10T14:18:44+00:00
2025-09-17T12:00:00+00:00,llo1,96,2025-09-13,8.00,14.100,12.376,14.800,16.777,2,45027,0.11,2026-08-10T14:18:44+00:00
2025-09-17T12:00:00+00:00,llo1,96,2025-09-13,13.00,13.890,11.392,14.790,16.289,2,45027,0.11,2026-08-10T14:18:44+00:00
2025-09-17T12:00:00+00:00,llo1,96,2025-09-13,18.00,13.820,10.508,14.720,15.047,2,45027,0.11,2026-08-10T14:18:44+00:00
2025-09-17T12:00:00+00:00,llo1,96,2025-09-13,23.00,13.620,9.902,12.850,13.891,2,45027,0.11,2026-08-10T14:18:44+00:00
2025-09-17T12:00:00+00:00,llo1,96,2025-09-13,28.00,13.360,9.357,7.300,12.056,2,45027,0.11,2026-08-10T14:18:44+00:00
2025-09-17T12:00:00+00:00,llo1,96,2025-09-13,33.00,11.460,8.910,6.780,10.903,2,45027,0.11,2026-08-10T14:18:44+00:00
2025-09-17T12:00:00+00:00,llo1,96,2025-09-13,38.00,6.530,8.705,5.700,9.217,2,45027,0.11,2026-08-10T14:18:44+00:00
2025-09-17T12:00:00+00:00,llo1,96,2025-09-13,43.00,5.700,8.653,5.440,5.568,2,45027,0.11,2026-08-10T14:18:44+00:00
2025-09-18T12:00:00+00:00,llo1,120,2025-09-13,6.00,14.530,12.516,14.790,17.175,2,45027,0.11,2026-08-10T14:18:44+00:00
2025-09-18T12:00:00+00:00,llo1,120,2025-09-13,8.00,14.500,12.118,14.800,16.841,2,45027,0.11,2026-08-10T14:18:44+00:00
2025-09-18T12:00:00+00:00,llo1,120,2025-09-13,13.00,14.140,11.172,14.790,16.365,2,45027,0.11,2026-08-10T14:18:44+00:00
2025-09-18T12:00:00+00:00,llo1,120,2025-09-13,18.00,13.720,10.433,14.720,15.183,2,45027,0.11,2026-08-10T14:18:44+00:00
2025-09-18T12:00:00+00:00,llo1,120,2025-09-13,23.00,13.300,9.522,12.850,14.170,2,45027,0.11,2026-08-10T14:18:44+00:00
2025-09-18T12:00:00+00:00,llo1,120,2025-09-13,28.00,12.580,8.965,7.300,12.352,2,45027,0.11,2026-08-10T14:18:44+00:00
2025-09-18T12:00:00+00:00,llo1,120,2025-09-13,33.00,8.540,8.761,6.780,11.329,2,45027,0.11,2026-08-10T14:18:44+00:00
2025-09-18T12:00:00+00:00,llo1,120,2025-09-13,38.00,6.020,8.595,5.700,9.652,2,45027,0.11,2026-08-10T14:18:44+00:00
2025-09-18T12:00:00+00:00,llo1,120,2025-09-13,43.00,5.260,8.552,5.440,5.591,2,45027,0.11,2026-08-10T14:18:44+00:00
2025-09-15T12:00:00+00:00,llo1,24,2025-09-14,6.00,14.590,15.195,14.880,17.219,2,45027,0.11,2026-08-10T14:18:44+00:00
2025-09-15T12:00:00+00:00,llo1,24,2025-09-14,8.00,14.590,15.066,14.900,16.706,2,45027,0.11,2026-08-10T14:18:44+00:00
2025-09-15T12:00:00+00:00,llo1,24,2025-09-14,13.00,14.390,13.915,14.900,15.857,2,45027,0.11,2026-08-10T14:18:44+00:00
2025-09-15T12:00:00+00:00,llo1,24,2025-09-14,18.00,14.210,12.635,14.890,14.374,2,45027,0.11,2026-08-10T14:18:44+00:00
2025-09-15T12:00:00+00:00,llo1,24,2025-09-14,23.00,14.110,11.369,14.810,13.142,2,45027,0.11,2026-08-10T14:18:44+00:00
2025-09-15T12:00:00+00:00,llo1,24,2025-09-14,28.00,14.130,10.515,12.690,11.640,2,45027,0.11,2026-08-10T14:18:44+00:00
2025-09-15T12:00:00+00:00,llo1,24,2025-09-14,33.00,14.040,9.363,10.200,10.496,2,45027,0.11,2026-08-10T14:18:44+00:00
2025-09-15T12:00:00+00:00,llo1,24,2025-09-14,38.00,13.910,8.574,7.730,8.756,2,45027,0.11,2026-08-10T14:18:44+00:00
2025-09-15T12:00:00+00:00,llo1,24,2025-09-14,43.00,13.540,8.301,6.670,5.511,2,45027,0.11,2026-08-10T14:18:44+00:00
2025-09-16T12:00:00+00:00,llo1,48,2025-09-14,6.00,14.290,13.530,14.880,17.247,2,45027,0.11,2026-08-10T14:18:44+00:00
2025-09-16T12:00:00+00:00,llo1,48,2025-09-14,8.00,14.290,13.138,14.900,16.761,2,45027,0.11,2026-08-10T14:18:44+00:00
2025-09-16T12:00:00+00:00,llo1,48,2025-09-14,13.00,14.090,12.247,14.900,15.967,2,45027,0.11,2026-08-10T14:18:44+00:00
2025-09-16T12:00:00+00:00,llo1,48,2025-09-14,18.00,13.970,11.394,14.890,14.709,2,45027,0.11,2026-08-10T14:18:44+00:00
2025-09-16T12:00:00+00:00,llo1,48,2025-09-14,23.00,13.770,10.447,14.810,13.516,2,45027,0.11,2026-08-10T14:18:44+00:00
2025-09-16T12:00:00+00:00,llo1,48,2025-09-14,28.00,13.580,9.710,12.690,11.783,2,45027,0.11,2026-08-10T14:18:44+00:00
2025-09-16T12:00:00+00:00,llo1,48,2025-09-14,33.00,13.480,9.071,10.200,10.616,2,45027,0.11,2026-08-10T14:18:44+00:00
2025-09-16T12:00:00+00:00,llo1,48,2025-09-14,38.00,13.430,8.793,7.730,8.892,2,45027,0.11,2026-08-10T14:18:44+00:00
2025-09-16T12:00:00+00:00,llo1,48,2025-09-14,43.00,11.250,8.735,6.670,5.567,2,45027,0.11,2026-08-10T14:18:44+00:00
2025-09-17T12:00:00+00:00,llo1,72,2025-09-14,6.00,14.140,13.163,14.880,17.200,2,45027,0.11,2026-08-10T14:18:44+00:00
2025-09-17T12:00:00+00:00,llo1,72,2025-09-14,8.00,14.100,12.736,14.900,16.777,2,45027,0.11,2026-08-10T14:18:44+00:00
2025-09-17T12:00:00+00:00,llo1,72,2025-09-14,13.00,13.890,11.891,14.900,16.289,2,45027,0.11,2026-08-10T14:18:44+00:00
2025-09-17T12:00:00+00:00,llo1,72,2025-09-14,18.00,13.820,11.008,14.890,15.047,2,45027,0.11,2026-08-10T14:18:44+00:00
2025-09-17T12:00:00+00:00,llo1,72,2025-09-14,23.00,13.620,10.088,14.810,13.891,2,45027,0.11,2026-08-10T14:18:44+00:00
2025-09-17T12:00:00+00:00,llo1,72,2025-09-14,28.00,13.360,9.280,12.690,12.056,2,45027,0.11,2026-08-10T14:18:44+00:00
2025-09-17T12:00:00+00:00,llo1,72,2025-09-14,33.00,11.460,8.844,10.200,10.903,2,45027,0.11,2026-08-10T14:18:44+00:00
2025-09-17T12:00:00+00:00,llo1,72,2025-09-14,38.00,6.530,8.594,7.730,9.217,2,45027,0.11,2026-08-10T14:18:44+00:00
2025-09-17T12:00:00+00:00,llo1,72,2025-09-14,43.00,5.700,8.508,6.670,5.568,2,45027,0.11,2026-08-10T14:18:44+00:00
2025-09-18T12:00:00+00:00,llo1,96,2025-09-14,6.00,14.530,12.522,14.880,17.175,2,45027,0.11,2026-08-10T14:18:44+00:00
2025-09-18T12:00:00+00:00,llo1,96,2025-09-14,8.00,14.500,12.207,14.900,16.841,2,45027,0.11,2026-08-10T14:18:44+00:00
2025-09-18T12:00:00+00:00,llo1,96,2025-09-14,13.00,14.140,11.166,14.900,16.365,2,45027,0.11,2026-08-10T14:18:44+00:00
2025-09-18T12:00:00+00:00,llo1,96,2025-09-14,18.00,13.720,10.156,14.890,15.183,2,45027,0.11,2026-08-10T14:18:44+00:00
2025-09-18T12:00:00+00:00,llo1,96,2025-09-14,23.00,13.300,9.485,14.810,14.170,2,45027,0.11,2026-08-10T14:18:44+00:00
2025-09-18T12:00:00+00:00,llo1,96,2025-09-14,28.00,12.580,8.986,12.690,12.352,2,45027,0.11,2026-08-10T14:18:44+00:00
2025-09-18T12:00:00+00:00,llo1,96,2025-09-14,33.00,8.540,8.693,10.200,11.329,2,45027,0.11,2026-08-10T14:18:44+00:00
2025-09-18T12:00:00+00:00,llo1,96,2025-09-14,38.00,6.020,8.510,7.730,9.652,2,45027,0.11,2026-08-10T14:18:44+00:00
2025-09-18T12:00:00+00:00,llo1,96,2025-09-14,43.00,5.260,8.488,6.670,5.591,2,45027,0.11,2026-08-10T14:18:44+00:00
2025-09-19T12:00:00+00:00,llo1,120,2025-09-14,6.00,14.570,15.257,14.880,17.172,2,45027,0.11,2026-08-10T14:18:44+00:00
2025-09-19T12:00:00+00:00,llo1,120,2025-09-14,8.00,14.600,14.194,14.900,16.835,2,45027,0.11,2026-08-10T14:18:44+00:00
2025-09-19T12:00:00+00:00,llo1,120,2025-09-14,13.00,14.610,12.045,14.900,16.452,2,45027,0.11,2026-08-10T14:18:44+00:00
2025-09-19T12:00:00+00:00,llo1,120,2025-09-14,18.00,14.600,10.949,14.890,15.348,2,45027,0.11,2026-08-10T14:18:44+00:00
2025-09-19T12:00:00+00:00,llo1,120,2025-09-14,23.00,14.560,10.117,14.810,14.386,2,45027,0.11,2026-08-10T14:18:44+00:00
2025-09-19T12:00:00+00:00,llo1,120,2025-09-14,28.00,14.590,9.542,12.690,12.520,2,45027,0.11,2026-08-10T14:18:44+00:00
2025-09-19T12:00:00+00:00,llo1,120,2025-09-14,33.00,14.570,9.012,10.200,11.479,2,45027,0.11,2026-08-10T14:18:44+00:00
2025-09-19T12:00:00+00:00,llo1,120,2025-09-14,38.00,14.520,8.667,7.730,9.764,2,45027,0.11,2026-08-10T14:18:44+00:00
2025-09-19T12:00:00+00:00,llo1,120,2025-09-14,43.00,14.530,8.578,6.670,5.591,2,45027,0.11,2026-08-10T14:18:44+00:00
2025-09-16T12:00:00+00:00,llo1,24,2025-09-15,6.00,14.290,13.411,14.590,17.247,2,45027,0.11,2026-08-10T14:18:44+00:00
2025-09-16T12:00:00+00:00,llo1,24,2025-09-15,8.00,14.290,13.052,14.590,16.761,2,45027,0.11,2026-08-10T14:18:44+00:00
2025-09-16T12:00:00+00:00,llo1,24,2025-09-15,13.00,14.090,12.377,14.390,15.967,2,45027,0.11,2026-08-10T14:18:44+00:00
2025-09-16T12:00:00+00:00,llo1,24,2025-09-15,18.00,13.970,11.005,14.210,14.709,2,45027,0.11,2026-08-10T14:18:44+00:00
2025-09-16T12:00:00+00:00,llo1,24,2025-09-15,23.00,13.770,9.905,14.110,13.516,2,45027,0.11,2026-08-10T14:18:44+00:00
2025-09-16T12:00:00+00:00,llo1,24,2025-09-15,28.00,13.580,9.126,14.130,11.783,2,45027,0.11,2026-08-10T14:18:44+00:00
2025-09-16T12:00:00+00:00,llo1,24,2025-09-15,33.00,13.480,8.799,14.040,10.616,2,45027,0.11,2026-08-10T14:18:44+00:00
2025-09-16T12:00:00+00:00,llo1,24,2025-09-15,38.00,13.430,8.561,13.910,8.892,2,45027,0.11,2026-08-10T14:18:44+00:00
2025-09-16T12:00:00+00:00,llo1,24,2025-09-15,43.00,11.250,8.444,13.540,5.567,2,45027,0.11,2026-08-10T14:18:44+00:00
2025-09-17T12:00:00+00:00,llo1,48,2025-09-15,6.00,14.140,12.474,14.590,17.200,2,45027,0.11,2026-08-10T14:18:44+00:00
2025-09-17T12:00:00+00:00,llo1,48,2025-09-15,8.00,14.100,12.149,14.590,16.777,2,45027,0.11,2026-08-10T14:18:44+00:00
2025-09-17T12:00:00+00:00,llo1,48,2025-09-15,13.00,13.890,11.128,14.390,16.289,2,45027,0.11,2026-08-10T14:18:44+00:00
2025-09-17T12:00:00+00:00,llo1,48,2025-09-15,18.00,13.820,10.123,14.210,15.047,2,45027,0.11,2026-08-10T14:18:44+00:00
2025-09-17T12:00:00+00:00,llo1,48,2025-09-15,23.00,13.620,9.218,14.110,13.891,2,45027,0.11,2026-08-10T14:18:44+00:00
2025-09-17T12:00:00+00:00,llo1,48,2025-09-15,28.00,13.360,8.669,14.130,12.056,2,45027,0.11,2026-08-10T14:18:44+00:00
2025-09-17T12:00:00+00:00,llo1,48,2025-09-15,33.00,11.460,8.461,14.040,10.903,2,45027,0.11,2026-08-10T14:18:44+00:00
2025-09-17T12:00:00+00:00,llo1,48,2025-09-15,38.00,6.530,8.371,13.910,9.217,2,45027,0.11,2026-08-10T14:18:44+00:00
2025-09-17T12:00:00+00:00,llo1,48,2025-09-15,43.00,5.700,8.324,13.540,5.568,2,45027,0.11,2026-08-10T14:18:44+00:00
2025-09-18T12:00:00+00:00,llo1,72,2025-09-15,6.00,14.530,12.579,14.590,17.175,2,45027,0.11,2026-08-10T14:18:44+00:00
2025-09-18T12:00:00+00:00,llo1,72,2025-09-15,8.00,14.500,12.108,14.590,16.841,2,45027,0.11,2026-08-10T14:18:44+00:00
2025-09-18T12:00:00+00:00,llo1,72,2025-09-15,13.00,14.140,11.117,14.390,16.365,2,45027,0.11,2026-08-10T14:18:44+00:00
2025-09-18T12:00:00+00:00,llo1,72,2025-09-15,18.00,13.720,9.964,14.210,15.183,2,45027,0.11,2026-08-10T14:18:44+00:00
2025-09-18T12:00:00+00:00,llo1,72,2025-09-15,23.00,13.300,9.213,14.110,14.170,2,45027,0.11,2026-08-10T14:18:44+00:00
2025-09-18T12:00:00+00:00,llo1,72,2025-09-15,28.00,12.580,8.792,14.130,12.352,2,45027,0.11,2026-08-10T14:18:44+00:00
2025-09-18T12:00:00+00:00,llo1,72,2025-09-15,33.00,8.540,8.536,14.040,11.329,2,45027,0.11,2026-08-10T14:18:44+00:00
2025-09-18T12:00:00+00:00,llo1,72,2025-09-15,38.00,6.020,8.421,13.910,9.652,2,45027,0.11,2026-08-10T14:18:44+00:00
2025-09-18T12:00:00+00:00,llo1,72,2025-09-15,43.00,5.260,8.415,13.540,5.591,2,45027,0.11,2026-08-10T14:18:44+00:00
2025-09-19T12:00:00+00:00,llo1,96,2025-09-15,6.00,14.570,15.076,14.590,17.172,2,45027,0.11,2026-08-10T14:18:44+00:00
2025-09-19T12:00:00+00:00,llo1,96,2025-09-15,8.00,14.600,14.891,14.590,16.835,2,45027,0.11,2026-08-10T14:18:44+00:00
2025-09-19T12:00:00+00:00,llo1,96,2025-09-15,13.00,14.610,14.046,14.390,16.452,2,45027,0.11,2026-08-10T14:18:44+00:00
2025-09-19T12:00:00+00:00,llo1,96,2025-09-15,18.00,14.600,12.027,14.210,15.348,2,45027,0.11,2026-08-10T14:18:44+00:00
2025-09-19T12:00:00+00:00,llo1,96,2025-09-15,23.00,14.560,10.393,14.110,14.386,2,45027,0.11,2026-08-10T14:18:44+00:00
2025-09-19T12:00:00+00:00,llo1,96,2025-09-15,28.00,14.590,9.706,14.130,12.520,2,45027,0.11,2026-08-10T14:18:44+00:00
2025-09-19T12:00:00+00:00,llo1,96,2025-09-15,33.00,14.570,9.234,14.040,11.479,2,45027,0.11,2026-08-10T14:18:44+00:00
2025-09-19T12:00:00+00:00,llo1,96,2025-09-15,38.00,14.520,8.770,13.910,9.764,2,45027,0.11,2026-08-10T14:18:44+00:00
2025-09-19T12:00:00+00:00,llo1,96,2025-09-15,43.00,14.530,8.599,13.540,5.591,2,45027,0.11,2026-08-10T14:18:44+00:00
2025-09-20T12:00:00+00:00,llo1,120,2025-09-15,6.00,14.350,14.555,14.590,16.990,2,45027,0.11,2026-08-10T14:18:44+00:00
2025-09-20T12:00:00+00:00,llo1,120,2025-09-15,8.00,14.400,14.548,14.590,16.659,2,45027,0.11,2026-08-10T14:18:44+00:00
2025-09-20T12:00:00+00:00,llo1,120,2025-09-15,13.00,14.390,14.068,14.390,16.252,2,45027,0.11,2026-08-10T14:18:44+00:00
2025-09-20T12:00:00+00:00,llo1,120,2025-09-15,18.00,14.390,12.959,14.210,15.119,2,45027,0.11,2026-08-10T14:18:44+00:00
2025-09-20T12:00:00+00:00,llo1,120,2025-09-15,23.00,14.350,11.852,14.110,14.049,2,45027,0.11,2026-08-10T14:18:44+00:00
2025-09-20T12:00:00+00:00,llo1,120,2025-09-15,28.00,14.370,10.780,14.130,12.232,2,45027,0.11,2026-08-10T14:18:44+00:00
2025-09-20T12:00:00+00:00,llo1,120,2025-09-15,33.00,14.350,10.251,14.040,11.277,2,45027,0.11,2026-08-10T14:18:44+00:00
2025-09-20T12:00:00+00:00,llo1,120,2025-09-15,38.00,14.300,9.736,13.910,9.729,2,45027,0.11,2026-08-10T14:18:44+00:00
2025-09-20T12:00:00+00:00,llo1,120,2025-09-15,43.00,14.310,9.502,13.540,5.496,2,45027,0.11,2026-08-10T14:18:44+00:00
2025-09-17T12:00:00+00:00,llo1,24,2025-09-16,6.00,14.140,12.417,14.290,17.200,2,45027,0.11,2026-08-10T14:18:44+00:00
2025-09-17T12:00:00+00:00,llo1,24,2025-09-16,8.00,14.100,11.980,14.290,16.777,2,45027,0.11,2026-08-10T14:18:44+00:00
2025-09-17T12:00:00+00:00,llo1,24,2025-09-16,13.00,13.890,10.889,14.090,16.289,2,45027,0.11,2026-08-10T14:18:44+00:00
2025-09-17T12:00:00+00:00,llo1,24,2025-09-16,18.00,13.820,9.884,13.970,15.047,2,45027,0.11,2026-08-10T14:18:44+00:00
2025-09-17T12:00:00+00:00,llo1,24,2025-09-16,23.00,13.620,9.069,13.770,13.891,2,45027,0.11,2026-08-10T14:18:44+00:00
2025-09-17T12:00:00+00:00,llo1,24,2025-09-16,28.00,13.360,8.623,13.580,12.056,2,45027,0.11,2026-08-10T14:18:44+00:00
2025-09-17T12:00:00+00:00,llo1,24,2025-09-16,33.00,11.460,8.435,13.480,10.903,2,45027,0.11,2026-08-10T14:18:44+00:00
2025-09-17T12:00:00+00:00,llo1,24,2025-09-16,38.00,6.530,8.357,13.430,9.217,2,45027,0.11,2026-08-10T14:18:44+00:00
2025-09-17T12:00:00+00:00,llo1,24,2025-09-16,43.00,5.700,8.299,11.250,5.568,2,45027,0.11,2026-08-10T14:18:44+00:00
2025-09-18T12:00:00+00:00,llo1,48,2025-09-16,6.00,14.530,13.790,14.290,17.175,2,45027,0.11,2026-08-10T14:18:44+00:00
2025-09-18T12:00:00+00:00,llo1,48,2025-09-16,8.00,14.500,12.913,14.290,16.841,2,45027,0.11,2026-08-10T14:18:44+00:00
2025-09-18T12:00:00+00:00,llo1,48,2025-09-16,13.00,14.140,11.430,14.090,16.365,2,45027,0.11,2026-08-10T14:18:44+00:00
2025-09-18T12:00:00+00:00,llo1,48,2025-09-16,18.00,13.720,10.396,13.970,15.183,2,45027,0.11,2026-08-10T14:18:44+00:00
2025-09-18T12:00:00+00:00,llo1,48,2025-09-16,23.00,13.300,9.395,13.770,14.170,2,45027,0.11,2026-08-10T14:18:44+00:00
2025-09-18T12:00:00+00:00,llo1,48,2025-09-16,28.00,12.580,8.921,13.580,12.352,2,45027,0.11,2026-08-10T14:18:44+00:00
2025-09-18T12:00:00+00:00,llo1,48,2025-09-16,33.00,8.540,8.647,13.480,11.329,2,45027,0.11,2026-08-10T14:18:44+00:00
2025-09-18T12:00:00+00:00,llo1,48,2025-09-16,38.00,6.020,8.453,13.430,9.652,2,45027,0.11,2026-08-10T14:18:44+00:00
2025-09-18T12:00:00+00:00,llo1,48,2025-09-16,43.00,5.260,8.411,11.250,5.591,2,45027,0.11,2026-08-10T14:18:44+00:00
2025-09-19T12:00:00+00:00,llo1,72,2025-09-16,6.00,14.570,14.208,14.290,17.172,2,45027,0.11,2026-08-10T14:18:44+00:00
2025-09-19T12:00:00+00:00,llo1,72,2025-09-16,8.00,14.600,14.210,14.290,16.835,2,45027,0.11,2026-08-10T14:18:44+00:00
2025-09-19T12:00:00+00:00,llo1,72,2025-09-16,13.00,14.610,14.058,14.090,16.452,2,45027,0.11,2026-08-10T14:18:44+00:00
2025-09-19T12:00:00+00:00,llo1,72,2025-09-16,18.00,14.600,12.576,13.970,15.348,2,45027,0.11,2026-08-10T14:18:44+00:00
2025-09-19T12:00:00+00:00,llo1,72,2025-09-16,23.00,14.560,10.735,13.770,14.386,2,45027,0.11,2026-08-10T14:18:44+00:00
2025-09-19T12:00:00+00:00,llo1,72,2025-09-16,28.00,14.590,9.829,13.580,12.520,2,45027,0.11,2026-08-10T14:18:44+00:00
2025-09-19T12:00:00+00:00,llo1,72,2025-09-16,33.00,14.570,9.373,13.480,11.479,2,45027,0.11,2026-08-10T14:18:44+00:00
2025-09-19T12:00:00+00:00,llo1,72,2025-09-16,38.00,14.520,9.037,13.430,9.764,2,45027,0.11,2026-08-10T14:18:44+00:00
2025-09-19T12:00:00+00:00,llo1,72,2025-09-16,43.00,14.530,8.805,11.250,5.591,2,45027,0.11,2026-08-10T14:18:44+00:00
2025-09-20T12:00:00+00:00,llo1,96,2025-09-16,6.00,14.350,14.366,14.290,16.990,2,45027,0.11,2026-08-10T14:18:44+00:00
2025-09-20T12:00:00+00:00,llo1,96,2025-09-16,8.00,14.400,14.283,14.290,16.659,2,45027,0.11,2026-08-10T14:18:44+00:00
2025-09-20T12:00:00+00:00,llo1,96,2025-09-16,13.00,14.390,13.760,14.090,16.252,2,45027,0.11,2026-08-10T14:18:44+00:00
2025-09-20T12:00:00+00:00,llo1,96,2025-09-16,18.00,14.390,12.980,13.970,15.119,2,45027,0.11,2026-08-10T14:18:44+00:00
2025-09-20T12:00:00+00:00,llo1,96,2025-09-16,23.00,14.350,12.117,13.770,14.049,2,45027,0.11,2026-08-10T14:18:44+00:00
2025-09-20T12:00:00+00:00,llo1,96,2025-09-16,28.00,14.370,11.208,13.580,12.232,2,45027,0.11,2026-08-10T14:18:44+00:00
2025-09-20T12:00:00+00:00,llo1,96,2025-09-16,33.00,14.350,10.543,13.480,11.277,2,45027,0.11,2026-08-10T14:18:44+00:00
2025-09-20T12:00:00+00:00,llo1,96,2025-09-16,38.00,14.300,10.064,13.430,9.729,2,45027,0.11,2026-08-10T14:18:44+00:00
2025-09-20T12:00:00+00:00,llo1,96,2025-09-16,43.00,14.310,9.815,11.250,5.496,2,45027,0.11,2026-08-10T14:18:44+00:00
2025-09-21T12:00:00+00:00,llo1,120,2025-09-16,6.00,14.630,14.264,14.290,16.952,2,45027,0.11,2026-08-10T14:18:44+00:00
2025-09-21T12:00:00+00:00,llo1,120,2025-09-16,8.00,14.640,14.103,14.290,16.633,2,45027,0.11,2026-08-10T14:18:44+00:00
2025-09-21T12:00:00+00:00,llo1,120,2025-09-16,13.00,14.570,13.279,14.090,16.239,2,45027,0.11,2026-08-10T14:18:44+00:00
2025-09-21T12:00:00+00:00,llo1,120,2025-09-16,18.00,14.550,12.255,13.970,15.258,2,45027,0.11,2026-08-10T14:18:44+00:00
2025-09-21T12:00:00+00:00,llo1,120,2025-09-16,23.00,14.510,11.096,13.770,14.283,2,45027,0.11,2026-08-10T14:18:44+00:00
2025-09-21T12:00:00+00:00,llo1,120,2025-09-16,28.00,14.530,10.174,13.580,12.523,2,45027,0.11,2026-08-10T14:18:44+00:00
2025-09-21T12:00:00+00:00,llo1,120,2025-09-16,33.00,14.490,9.890,13.480,11.561,2,45027,0.11,2026-08-10T14:18:44+00:00
2025-09-21T12:00:00+00:00,llo1,120,2025-09-16,38.00,14.430,9.678,13.430,10.001,2,45027,0.11,2026-08-10T14:18:44+00:00
2025-09-21T12:00:00+00:00,llo1,120,2025-09-16,43.00,14.390,9.501,11.250,5.469,2,45027,0.11,2026-08-10T14:18:44+00:00
2025-05-15T12:00:00+00:00,llo1,0,2025-05-15,3.00,3.260,10.068,3.260,,2,45027,0.11,2026-08-10T14:23:27+00:00
2025-05-15T12:00:00+00:00,llo1,0,2025-05-15,6.00,3.040,8.979,3.040,4.191,2,45027,0.11,2026-08-10T14:23:27+00:00
2025-05-15T12:00:00+00:00,llo1,0,2025-05-15,8.00,3.060,8.064,3.060,4.099,2,45027,0.11,2026-08-10T14:23:27+00:00
2025-05-15T12:00:00+00:00,llo1,0,2025-05-15,13.00,2.840,6.147,2.840,4.086,2,45027,0.11,2026-08-10T14:23:27+00:00
2025-05-15T12:00:00+00:00,llo1,0,2025-05-15,18.00,3.080,4.882,3.080,4.096,2,45027,0.11,2026-08-10T14:23:27+00:00
2025-05-15T12:00:00+00:00,llo1,0,2025-05-15,23.00,2.990,4.445,2.990,4.196,2,45027,0.11,2026-08-10T14:23:27+00:00
2025-05-15T12:00:00+00:00,llo1,0,2025-05-15,28.00,2.940,4.279,2.940,3.901,2,45027,0.11,2026-08-10T14:23:27+00:00
2025-05-15T12:00:00+00:00,llo1,0,2025-05-15,33.00,2.920,4.165,2.920,4.097,2,45027,0.11,2026-08-10T14:23:27+00:00
2025-05-15T12:00:00+00:00,llo1,0,2025-05-15,38.00,2.980,4.109,2.980,4.009,2,45027,0.11,2026-08-10T14:23:27+00:00
2025-05-16T12:00:00+00:00,llo1,0,2025-05-16,3.00,3.170,8.650,3.170,,2,45027,0.11,2026-08-10T14:23:27+00:00
2025-05-16T12:00:00+00:00,llo1,0,2025-05-16,6.00,2.980,7.963,2.980,4.191,2,45027,0.11,2026-08-10T14:23:27+00:00
2025-05-16T12:00:00+00:00,llo1,0,2025-05-16,8.00,3.020,7.492,3.020,4.099,2,45027,0.11,2026-08-10T14:23:27+00:00
2025-05-16T12:00:00+00:00,llo1,0,2025-05-16,13.00,2.800,6.406,2.800,4.086,2,45027,0.11,2026-08-10T14:23:27+00:00
2025-05-16T12:00:00+00:00,llo1,0,2025-05-16,18.00,3.040,5.635,3.040,4.096,2,45027,0.11,2026-08-10T14:23:27+00:00
2025-05-16T12:00:00+00:00,llo1,0,2025-05-16,23.00,2.940,5.249,2.940,4.196,2,45027,0.11,2026-08-10T14:23:27+00:00
2025-05-16T12:00:00+00:00,llo1,0,2025-05-16,28.00,2.890,5.080,2.890,3.901,2,45027,0.11,2026-08-10T14:23:27+00:00
2025-05-16T12:00:00+00:00,llo1,0,2025-05-16,33.00,2.870,4.998,2.870,4.097,2,45027,0.11,2026-08-10T14:23:27+00:00
2025-05-16T12:00:00+00:00,llo1,0,2025-05-16,38.00,2.920,4.942,2.920,4.009,2,45027,0.11,2026-08-10T14:23:27+00:00
2025-05-17T12:00:00+00:00,llo1,0,2025-05-17,3.00,3.370,6.806,3.370,,2,45027,0.11,2026-08-10T14:23:27+00:00
2025-05-17T12:00:00+00:00,llo1,0,2025-05-17,6.00,3.210,6.801,3.210,4.191,2,45027,0.11,2026-08-10T14:23:27+00:00
2025-05-17T12:00:00+00:00,llo1,0,2025-05-17,8.00,3.210,6.795,3.210,4.099,2,45027,0.11,2026-08-10T14:23:27+00:00
2025-05-17T12:00:00+00:00,llo1,0,2025-05-17,13.00,2.950,6.490,2.950,4.086,2,45027,0.11,2026-08-10T14:23:27+00:00
2025-05-17T12:00:00+00:00,llo1,0,2025-05-17,18.00,3.150,5.721,3.150,4.096,2,45027,0.11,2026-08-10T14:23:27+00:00
2025-05-17T12:00:00+00:00,llo1,0,2025-05-17,23.00,3.040,5.076,3.040,4.196,2,45027,0.11,2026-08-10T14:23:27+00:00
2025-05-17T12:00:00+00:00,llo1,0,2025-05-17,28.00,2.990,4.689,2.990,3.901,2,45027,0.11,2026-08-10T14:23:27+00:00
2025-05-17T12:00:00+00:00,llo1,0,2025-05-17,33.00,2.960,4.476,2.960,4.097,2,45027,0.11,2026-08-10T14:23:27+00:00
2025-05-17T12:00:00+00:00,llo1,0,2025-05-17,38.00,3.010,4.364,3.010,4.009,2,45027,0.11,2026-08-10T14:23:27+00:00
2025-05-18T12:00:00+00:00,llo1,0,2025-05-18,3.00,3.270,6.899,3.270,,2,45027,0.11,2026-08-10T14:23:27+00:00
2025-05-18T12:00:00+00:00,llo1,0,2025-05-18,6.00,3.110,6.380,3.110,4.519,2,45027,0.11,2026-08-10T14:23:27+00:00
2025-05-18T12:00:00+00:00,llo1,0,2025-05-18,8.00,3.170,5.989,3.170,4.432,2,45027,0.11,2026-08-10T14:23:27+00:00
2025-05-18T12:00:00+00:00,llo1,0,2025-05-18,13.00,2.960,5.273,2.960,4.427,2,45027,0.11,2026-08-10T14:23:27+00:00
2025-05-18T12:00:00+00:00,llo1,0,2025-05-18,18.00,3.190,4.779,3.190,4.446,2,45027,0.11,2026-08-10T14:23:27+00:00
2025-05-18T12:00:00+00:00,llo1,0,2025-05-18,23.00,3.110,4.553,3.110,4.540,2,45027,0.11,2026-08-10T14:23:27+00:00
2025-05-18T12:00:00+00:00,llo1,0,2025-05-18,28.00,3.050,4.336,3.050,4.253,2,45027,0.11,2026-08-10T14:23:27+00:00
2025-05-18T12:00:00+00:00,llo1,0,2025-05-18,33.00,3.020,4.224,3.020,4.449,2,45027,0.11,2026-08-10T14:23:27+00:00
2025-05-18T12:00:00+00:00,llo1,0,2025-05-18,38.00,3.080,4.224,3.080,4.356,2,45027,0.11,2026-08-10T14:23:27+00:00
2025-05-19T12:00:00+00:00,llo1,0,2025-05-19,3.00,3.540,8.001,3.540,,2,45027,0.11,2026-08-10T14:23:27+00:00
2025-05-19T12:00:00+00:00,llo1,0,2025-05-19,6.00,3.360,8.007,3.360,4.388,2,45027,0.11,2026-08-10T14:23:27+00:00
2025-05-19T12:00:00+00:00,llo1,0,2025-05-19,8.00,3.380,8.012,3.380,4.306,2,45027,0.11,2026-08-10T14:23:27+00:00
2025-05-19T12:00:00+00:00,llo1,0,2025-05-19,13.00,3.140,7.903,3.140,4.307,2,45027,0.11,2026-08-10T14:23:27+00:00
2025-05-19T12:00:00+00:00,llo1,0,2025-05-19,18.00,3.380,6.708,3.380,4.330,2,45027,0.11,2026-08-10T14:23:27+00:00
2025-05-19T12:00:00+00:00,llo1,0,2025-05-19,23.00,3.280,5.930,3.280,4.432,2,45027,0.11,2026-08-10T14:23:27+00:00
2025-05-19T12:00:00+00:00,llo1,0,2025-05-19,28.00,3.230,5.495,3.230,4.145,2,45027,0.11,2026-08-10T14:23:27+00:00
2025-05-19T12:00:00+00:00,llo1,0,2025-05-19,33.00,3.210,5.171,3.210,4.352,2,45027,0.11,2026-08-10T14:23:27+00:00
2025-05-19T12:00:00+00:00,llo1,0,2025-05-19,38.00,3.270,4.956,3.270,4.267,2,45027,0.11,2026-08-10T14:23:27+00:00
2025-05-20T12:00:00+00:00,llo1,0,2025-05-20,3.00,3.220,7.566,3.220,,2,45027,0.11,2026-08-10T14:23:27+00:00
2025-05-20T12:00:00+00:00,llo1,0,2025-05-20,6.00,3.070,7.569,3.070,4.345,2,45027,0.11,2026-08-10T14:23:27+00:00
2025-05-20T12:00:00+00:00,llo1,0,2025-05-20,8.00,3.120,7.571,3.120,4.267,2,45027,0.11,2026-08-10T14:23:27+00:00
2025-05-20T12:00:00+00:00,llo1,0,2025-05-20,13.00,2.900,7.573,2.900,4.274,2,45027,0.11,2026-08-10T14:23:27+00:00
2025-05-20T12:00:00+00:00,llo1,0,2025-05-20,18.00,3.140,6.775,3.140,4.298,2,45027,0.11,2026-08-10T14:23:27+00:00
2025-05-20T12:00:00+00:00,llo1,0,2025-05-20,23.00,3.040,5.727,3.040,4.401,2,45027,0.11,2026-08-10T14:23:27+00:00
2025-05-20T12:00:00+00:00,llo1,0,2025-05-20,28.00,2.990,5.441,2.990,4.116,2,45027,0.11,2026-08-10T14:23:27+00:00
2025-05-20T12:00:00+00:00,llo1,0,2025-05-20,33.00,2.960,5.418,2.960,4.324,2,45027,0.11,2026-08-10T14:23:27+00:00
2025-05-20T12:00:00+00:00,llo1,0,2025-05-20,38.00,3.010,5.421,3.010,4.235,2,45027,0.11,2026-08-10T14:23:27+00:00
2025-05-21T12:00:00+00:00,llo1,0,2025-05-21,3.00,3.160,7.029,3.160,,2,45027,0.11,2026-08-10T14:23:27+00:00
2025-05-21T12:00:00+00:00,llo1,0,2025-05-21,6.00,3.000,7.028,3.000,4.463,2,45027,0.11,2026-08-10T14:23:27+00:00
2025-05-21T12:00:00+00:00,llo1,0,2025-05-21,8.00,3.060,7.026,3.060,4.339,2,45027,0.11,2026-08-10T14:23:27+00:00
2025-05-21T12:00:00+00:00,llo1,0,2025-05-21,13.00,2.850,6.984,2.850,4.303,2,45027,0.11,2026-08-10T14:23:27+00:00
2025-05-21T12:00:00+00:00,llo1,0,2025-05-21,18.00,3.090,6.604,3.090,4.311,2,45027,0.11,2026-08-10T14:23:27+00:00
2025-05-21T12:00:00+00:00,llo1,0,2025-05-21,23.00,3.000,6.279,3.000,4.399,2,45027,0.11,2026-08-10T14:23:27+00:00
2025-05-21T12:00:00+00:00,llo1,0,2025-05-21,28.00,2.940,6.053,2.940,4.103,2,45027,0.11,2026-08-10T14:23:27+00:00
2025-05-21T12:00:00+00:00,llo1,0,2025-05-21,33.00,2.930,5.908,2.930,4.307,2,45027,0.11,2026-08-10T14:23:27+00:00
2025-05-21T12:00:00+00:00,llo1,0,2025-05-21,38.00,2.980,5.822,2.980,4.217,2,45027,0.11,2026-08-10T14:23:27+00:00
2025-05-22T12:00:00+00:00,llo1,0,2025-05-22,3.00,3.320,6.774,3.320,,2,45027,0.11,2026-08-10T14:23:27+00:00
2025-05-22T12:00:00+00:00,llo1,0,2025-05-22,6.00,3.140,6.802,3.140,4.476,2,45027,0.11,2026-08-10T14:23:27+00:00
2025-05-22T12:00:00+00:00,llo1,0,2025-05-22,8.00,3.170,6.807,3.170,4.358,2,45027,0.11,2026-08-10T14:23:27+00:00
2025-05-22T12:00:00+00:00,llo1,0,2025-05-22,13.00,2.850,6.473,2.850,4.328,2,45027,0.11,2026-08-10T14:23:27+00:00
2025-05-22T12:00:00+00:00,llo1,0,2025-05-22,18.00,3.120,5.986,3.120,4.339,2,45027,0.11,2026-08-10T14:23:27+00:00
2025-05-22T12:00:00+00:00,llo1,0,2025-05-22,23.00,3.010,5.910,3.010,4.429,2,45027,0.11,2026-08-10T14:23:27+00:00
2025-05-22T12:00:00+00:00,llo1,0,2025-05-22,28.00,2.960,5.876,2.960,4.132,2,45027,0.11,2026-08-10T14:23:27+00:00
2025-05-22T12:00:00+00:00,llo1,0,2025-05-22,33.00,2.920,5.838,2.920,4.330,2,45027,0.11,2026-08-10T14:23:27+00:00
2025-05-22T12:00:00+00:00,llo1,0,2025-05-22,38.00,2.940,5.826,2.940,4.226,2,45027,0.11,2026-08-10T14:23:27+00:00
2025-05-23T12:00:00+00:00,llo1,0,2025-05-23,3.00,3.270,8.630,3.270,,2,45027,0.11,2026-08-10T14:23:27+00:00
2025-05-23T12:00:00+00:00,llo1,0,2025-05-23,6.00,3.100,7.518,3.100,4.667,2,45027,0.11,2026-08-10T14:23:27+00:00
2025-05-23T12:00:00+00:00,llo1,0,2025-05-23,8.00,3.160,6.747,3.160,4.515,2,45027,0.11,2026-08-10T14:23:27+00:00
2025-05-23T12:00:00+00:00,llo1,0,2025-05-23,13.00,2.920,5.900,2.920,4.446,2,45027,0.11,2026-08-10T14:23:27+00:00
2025-05-23T12:00:00+00:00,llo1,0,2025-05-23,18.00,3.180,5.695,3.180,4.424,2,45027,0.11,2026-08-10T14:23:27+00:00
2025-05-23T12:00:00+00:00,llo1,0,2025-05-23,23.00,3.090,5.595,3.090,4.496,2,45027,0.11,2026-08-10T14:23:27+00:00
2025-05-23T12:00:00+00:00,llo1,0,2025-05-23,28.00,3.040,5.527,3.040,4.193,2,45027,0.11,2026-08-10T14:23:27+00:00
2025-05-23T12:00:00+00:00,llo1,0,2025-05-23,33.00,3.000,5.406,3.000,4.392,2,45027,0.11,2026-08-10T14:23:27+00:00
2025-05-23T12:00:00+00:00,llo1,0,2025-05-23,38.00,3.050,5.357,3.050,4.279,2,45027,0.11,2026-08-10T14:23:27+00:00
2025-05-24T12:00:00+00:00,llo1,0,2025-05-24,3.00,3.560,8.637,3.560,,2,45027,0.11,2026-08-10T14:23:27+00:00
2025-05-24T12:00:00+00:00,llo1,0,2025-05-24,6.00,3.370,6.996,3.370,5.047,2,45027,0.11,2026-08-10T14:23:27+00:00
2025-05-24T12:00:00+00:00,llo1,0,2025-05-24,8.00,3.410,6.449,3.410,4.897,2,45027,0.11,2026-08-10T14:23:27+00:00
2025-05-24T12:00:00+00:00,llo1,0,2025-05-24,13.00,3.130,5.964,3.130,4.646,2,45027,0.11,2026-08-10T14:23:27+00:00
2025-05-24T12:00:00+00:00,llo1,0,2025-05-24,18.00,3.370,5.645,3.370,4.594,2,45027,0.11,2026-08-10T14:23:27+00:00
2025-05-24T12:00:00+00:00,llo1,0,2025-05-24,23.00,3.270,5.428,3.270,4.623,2,45027,0.11,2026-08-10T14:23:27+00:00
2025-05-24T12:00:00+00:00,llo1,0,2025-05-24,28.00,3.210,5.317,3.210,4.301,2,45027,0.11,2026-08-10T14:23:27+00:00
2025-05-24T12:00:00+00:00,llo1,0,2025-05-24,33.00,3.180,5.197,3.180,4.489,2,45027,0.11,2026-08-10T14:23:27+00:00
2025-05-24T12:00:00+00:00,llo1,0,2025-05-24,38.00,3.210,5.053,3.210,4.365,2,45027,0.11,2026-08-10T14:23:27+00:00
2025-05-25T12:00:00+00:00,llo1,0,2025-05-25,3.00,3.760,8.912,3.760,,2,45027,0.11,2026-08-10T14:23:27+00:00
2025-05-25T12:00:00+00:00,llo1,0,2025-05-25,6.00,3.470,6.766,3.470,5.346,2,45027,0.11,2026-08-10T14:23:27+00:00
2025-05-25T12:00:00+00:00,llo1,0,2025-05-25,8.00,3.460,6.200,3.460,5.152,2,45027,0.11,2026-08-10T14:23:27+00:00
2025-05-25T12:00:00+00:00,llo1,0,2025-05-25,13.00,3.170,6.015,3.170,4.785,2,45027,0.11,2026-08-10T14:23:27+00:00
2025-05-25T12:00:00+00:00,llo1,0,2025-05-25,18.00,3.460,5.744,3.460,4.677,2,45027,0.11,2026-08-10T14:23:27+00:00
2025-05-25T12:00:00+00:00,llo1,0,2025-05-25,23.00,3.370,5.463,3.370,4.683,2,45027,0.11,2026-08-10T14:23:27+00:00
2025-05-25T12:00:00+00:00,llo1,0,2025-05-25,28.00,3.310,5.235,3.310,4.359,2,45027,0.11,2026-08-10T14:23:27+00:00
2025-05-25T12:00:00+00:00,llo1,0,2025-05-25,33.00,3.300,5.019,3.300,4.546,2,45027,0.11,2026-08-10T14:23:27+00:00
2025-05-25T12:00:00+00:00,llo1,0,2025-05-25,38.00,3.350,4.886,3.350,4.418,2,45027,0.11,2026-08-10T14:23:27+00:00
2025-05-26T12:00:00+00:00,llo1,0,2025-05-26,3.00,3.830,10.217,3.830,,2,45027,0.11,2026-08-10T14:23:27+00:00
2025-05-26T12:00:00+00:00,llo1,0,2025-05-26,6.00,3.630,8.231,3.630,5.478,2,45027,0.11,2026-08-10T14:23:27+00:00
2025-05-26T12:00:00+00:00,llo1,0,2025-05-26,8.00,3.680,6.988,3.680,5.271,2,45027,0.11,2026-08-10T14:23:27+00:00
2025-05-26T12:00:00+00:00,llo1,0,2025-05-26,13.00,3.420,6.142,3.420,4.836,2,45027,0.11,2026-08-10T14:23:27+00:00
2025-05-26T12:00:00+00:00,llo1,0,2025-05-26,18.00,3.690,5.725,3.690,4.719,2,45027,0.11,2026-08-10T14:23:27+00:00
2025-05-26T12:00:00+00:00,llo1,0,2025-05-26,23.00,3.570,5.399,3.570,4.703,2,45027,0.11,2026-08-10T14:23:27+00:00
2025-05-26T12:00:00+00:00,llo1,0,2025-05-26,28.00,3.500,5.135,3.500,4.368,2,45027,0.11,2026-08-10T14:23:27+00:00
2025-05-26T12:00:00+00:00,llo1,0,2025-05-26,33.00,3.450,4.955,3.450,4.550,2,45027,0.11,2026-08-10T14:23:27+00:00
2025-05-26T12:00:00+00:00,llo1,0,2025-05-26,38.00,3.500,4.887,3.500,4.424,2,45027,0.11,2026-08-10T14:23:27+00:00
2025-05-27T12:00:00+00:00,llo1,0,2025-05-27,3.00,3.760,10.995,3.760,,2,45027,0.11,2026-08-10T14:23:27+00:00
2025-05-27T12:00:00+00:00,llo1,0,2025-05-27,6.00,3.600,9.557,3.600,5.969,2,45027,0.11,2026-08-10T14:23:27+00:00
2025-05-27T12:00:00+00:00,llo1,0,2025-05-27,8.00,3.650,8.146,3.650,5.591,2,45027,0.11,2026-08-10T14:23:27+00:00
2025-05-27T12:00:00+00:00,llo1,0,2025-05-27,13.00,3.410,6.452,3.410,4.990,2,45027,0.11,2026-08-10T14:23:27+00:00
2025-05-27T12:00:00+00:00,llo1,0,2025-05-27,18.00,3.650,6.283,3.650,4.820,2,45027,0.11,2026-08-10T14:23:27+00:00
2025-05-27T12:00:00+00:00,llo1,0,2025-05-27,23.00,3.540,5.830,3.540,4.790,2,45027,0.11,2026-08-10T14:23:27+00:00
2025-05-27T12:00:00+00:00,llo1,0,2025-05-27,28.00,3.470,5.576,3.470,4.417,2,45027,0.11,2026-08-10T14:23:27+00:00
2025-05-27T12:00:00+00:00,llo1,0,2025-05-27,33.00,3.440,5.197,3.440,4.586,2,45027,0.11,2026-08-10T14:23:27+00:00
2025-05-27T12:00:00+00:00,llo1,0,2025-05-27,38.00,3.490,5.051,3.490,4.458,2,45027,0.11,2026-08-10T14:23:27+00:00
2025-05-28T12:00:00+00:00,llo1,0,2025-05-28,3.00,3.830,9.840,3.830,,2,45027,0.11,2026-08-10T14:23:27+00:00
2025-05-28T12:00:00+00:00,llo1,0,2025-05-28,6.00,3.640,8.213,3.640,6.546,2,45027,0.11,2026-08-10T14:23:27+00:00
2025-05-28T12:00:00+00:00,llo1,0,2025-05-28,8.00,3.680,7.366,3.680,6.166,2,45027,0.11,2026-08-10T14:23:27+00:00
2025-05-28T12:00:00+00:00,llo1,0,2025-05-28,13.00,3.440,6.483,3.440,5.404,2,45027,0.11,2026-08-10T14:23:27+00:00
2025-05-28T12:00:00+00:00,llo1,0,2025-05-28,18.00,3.690,5.898,3.690,5.008,2,45027,0.11,2026-08-10T14:23:27+00:00
2025-05-28T12:00:00+00:00,llo1,0,2025-05-28,23.00,3.590,5.537,3.590,4.924,2,45027,0.11,2026-08-10T14:23:27+00:00
2025-05-28T12:00:00+00:00,llo1,0,2025-05-28,28.00,3.550,5.231,3.550,4.513,2,45027,0.11,2026-08-10T14:23:27+00:00
2025-05-28T12:00:00+00:00,llo1,0,2025-05-28,33.00,3.540,5.050,3.540,4.669,2,45027,0.11,2026-08-10T14:23:27+00:00
2025-05-28T12:00:00+00:00,llo1,0,2025-05-28,38.00,3.580,4.994,3.580,4.518,2,45027,0.11,2026-08-10T14:23:27+00:00
2025-05-29T12:00:00+00:00,llo1,0,2025-05-29,3.00,3.560,10.125,3.560,,2,45027,0.11,2026-08-10T14:23:27+00:00
2025-05-29T12:00:00+00:00,llo1,0,2025-05-29,6.00,3.590,7.740,3.590,7.122,2,45027,0.11,2026-08-10T14:23:27+00:00
2025-05-29T12:00:00+00:00,llo1,0,2025-05-29,8.00,3.600,6.932,3.600,6.750,2,45027,0.11,2026-08-10T14:23:27+00:00
2025-05-29T12:00:00+00:00,llo1,0,2025-05-29,13.00,3.630,6.402,3.630,5.990,2,45027,0.11,2026-08-10T14:23:27+00:00
2025-05-29T12:00:00+00:00,llo1,0,2025-05-29,18.00,3.620,5.883,3.620,5.564,2,45027,0.11,2026-08-10T14:23:27+00:00
2025-05-29T12:00:00+00:00,llo1,0,2025-05-29,23.00,3.610,5.558,3.610,5.142,2,45027,0.11,2026-08-10T14:23:27+00:00
2025-05-29T12:00:00+00:00,llo1,0,2025-05-29,28.00,3.620,5.289,3.620,4.650,2,45027,0.11,2026-08-10T14:23:27+00:00
2025-05-29T12:00:00+00:00,llo1,0,2025-05-29,33.00,3.610,5.098,3.610,4.775,2,45027,0.11,2026-08-10T14:23:27+00:00
2025-05-29T12:00:00+00:00,llo1,0,2025-05-29,38.00,3.610,4.999,3.610,4.603,2,45027,0.11,2026-08-10T14:23:27+00:00
2025-05-30T12:00:00+00:00,llo1,0,2025-05-30,3.00,3.700,6.130,3.700,,2,45027,0.11,2026-08-10T14:23:27+00:00
2025-05-30T12:00:00+00:00,llo1,0,2025-05-30,6.00,3.710,6.006,3.710,7.532,2,45027,0.11,2026-08-10T14:23:27+00:00
2025-05-30T12:00:00+00:00,llo1,0,2025-05-30,8.00,3.720,5.964,3.720,7.146,2,45027,0.11,2026-08-10T14:23:27+00:00
2025-05-30T12:00:00+00:00,llo1,0,2025-05-30,13.00,3.720,5.767,3.720,6.359,2,45027,0.11,2026-08-10T14:23:27+00:00
2025-05-30T12:00:00+00:00,llo1,0,2025-05-30,18.00,3.710,5.483,3.710,5.900,2,45027,0.11,2026-08-10T14:23:27+00:00
2025-05-30T12:00:00+00:00,llo1,0,2025-05-30,23.00,3.710,5.287,3.710,5.437,2,45027,0.11,2026-08-10T14:23:27+00:00
2025-05-30T12:00:00+00:00,llo1,0,2025-05-30,28.00,3.720,5.108,3.720,4.869,2,45027,0.11,2026-08-10T14:23:27+00:00
2025-05-30T12:00:00+00:00,llo1,0,2025-05-30,33.00,3.730,4.945,3.730,4.985,2,45027,0.11,2026-08-10T14:23:27+00:00
2025-05-30T12:00:00+00:00,llo1,0,2025-05-30,38.00,3.730,4.827,3.730,4.812,2,45027,0.11,2026-08-10T14:23:27+00:00
2025-05-31T12:00:00+00:00,llo1,0,2025-05-31,6.00,3.920,8.356,3.920,7.532,2,45027,0.11,2026-08-10T14:23:27+00:00
2025-05-31T12:00:00+00:00,llo1,0,2025-05-31,8.00,3.930,8.088,3.930,7.146,2,45027,0.11,2026-08-10T14:23:27+00:00
2025-05-31T12:00:00+00:00,llo1,0,2025-05-31,13.00,3.950,6.942,3.950,6.359,2,45027,0.11,2026-08-10T14:23:27+00:00
2025-05-31T12:00:00+00:00,llo1,0,2025-05-31,18.00,3.950,6.129,3.950,5.900,2,45027,0.11,2026-08-10T14:23:27+00:00
2025-05-31T12:00:00+00:00,llo1,0,2025-05-31,23.00,3.940,5.656,3.940,5.437,2,45027,0.11,2026-08-10T14:23:27+00:00
2025-05-31T12:00:00+00:00,llo1,0,2025-05-31,28.00,3.940,5.280,3.940,4.869,2,45027,0.11,2026-08-10T14:23:27+00:00
2025-05-31T12:00:00+00:00,llo1,0,2025-05-31,33.00,3.940,5.054,3.940,4.985,2,45027,0.11,2026-08-10T14:23:27+00:00
2025-05-31T12:00:00+00:00,llo1,0,2025-05-31,38.00,3.920,4.913,3.920,4.812,2,45027,0.11,2026-08-10T14:23:27+00:00
2025-05-31T12:00:00+00:00,llo1,0,2025-05-31,43.00,3.910,4.869,3.910,,2,45027,0.11,2026-08-10T14:23:27+00:00
2025-06-01T12:00:00+00:00,llo1,0,2025-06-01,6.00,4.210,7.917,4.210,7.532,2,45027,0.11,2026-08-10T14:23:27+00:00
2025-06-01T12:00:00+00:00,llo1,0,2025-06-01,8.00,4.220,7.293,4.220,7.146,2,45027,0.11,2026-08-10T14:23:27+00:00
2025-06-01T12:00:00+00:00,llo1,0,2025-06-01,13.00,4.190,6.418,4.190,6.359,2,45027,0.11,2026-08-10T14:23:27+00:00
2025-06-01T12:00:00+00:00,llo1,0,2025-06-01,18.00,4.060,6.005,4.060,5.900,2,45027,0.11,2026-08-10T14:23:27+00:00
2025-06-01T12:00:00+00:00,llo1,0,2025-06-01,23.00,4.040,5.675,4.040,5.437,2,45027,0.11,2026-08-10T14:23:27+00:00
2025-06-01T12:00:00+00:00,llo1,0,2025-06-01,28.00,4.070,5.380,4.070,4.869,2,45027,0.11,2026-08-10T14:23:27+00:00
2025-06-01T12:00:00+00:00,llo1,0,2025-06-01,33.00,4.020,5.140,4.020,4.985,2,45027,0.11,2026-08-10T14:23:27+00:00
2025-06-01T12:00:00+00:00,llo1,0,2025-06-01,38.00,4.010,4.937,4.010,4.812,2,45027,0.11,2026-08-10T14:23:27+00:00
2025-06-01T12:00:00+00:00,llo1,0,2025-06-01,43.00,3.990,4.903,3.990,,2,45027,0.11,2026-08-10T14:23:27+00:00
2025-06-02T12:00:00+00:00,llo1,0,2025-06-02,6.00,4.430,8.388,4.430,7.553,2,45027,0.11,2026-08-10T14:23:27+00:00
2025-06-02T12:00:00+00:00,llo1,0,2025-06-02,8.00,4.240,7.646,4.240,7.168,2,45027,0.11,2026-08-10T14:23:27+00:00
2025-06-02T12:00:00+00:00,llo1,0,2025-06-02,13.00,4.150,6.527,4.150,6.376,2,45027,0.11,2026-08-10T14:23:27+00:00
2025-06-02T12:00:00+00:00,llo1,0,2025-06-02,18.00,4.140,6.040,4.140,5.902,2,45027,0.11,2026-08-10T14:23:27+00:00
2025-06-02T12:00:00+00:00,llo1,0,2025-06-02,23.00,4.090,5.659,4.090,5.389,2,45027,0.11,2026-08-10T14:23:27+00:00
2025-06-02T12:00:00+00:00,llo1,0,2025-06-02,28.00,4.040,5.265,4.040,4.798,2,45027,0.11,2026-08-10T14:23:27+00:00
2025-06-02T12:00:00+00:00,llo1,0,2025-06-02,33.00,3.980,5.078,3.980,4.909,2,45027,0.11,2026-08-10T14:23:27+00:00
2025-06-02T12:00:00+00:00,llo1,0,2025-06-02,38.00,3.960,4.962,3.960,4.722,2,45027,0.11,2026-08-10T14:23:27+00:00
2025-06-02T12:00:00+00:00,llo1,0,2025-06-02,43.00,3.930,4.949,3.930,,2,45027,0.11,2026-08-10T14:23:27+00:00
2025-06-03T12:00:00+00:00,llo1,0,2025-06-03,6.00,4.180,7.017,4.180,7.596,2,45027,0.11,2026-08-10T14:23:27+00:00
2025-06-03T12:00:00+00:00,llo1,0,2025-06-03,8.00,4.190,6.641,4.190,7.206,2,45027,0.11,2026-08-10T14:23:27+00:00
2025-06-03T12:00:00+00:00,llo1,0,2025-06-03,13.00,4.190,6.042,4.190,6.395,2,45027,0.11,2026-08-10T14:23:27+00:00
2025-06-03T12:00:00+00:00,llo1,0,2025-06-03,18.00,4.190,5.714,4.190,5.874,2,45027,0.11,2026-08-10T14:23:27+00:00
2025-06-03T12:00:00+00:00,llo1,0,2025-06-03,23.00,4.180,5.434,4.180,5.367,2,45027,0.11,2026-08-10T14:23:27+00:00
2025-06-03T12:00:00+00:00,llo1,0,2025-06-03,28.00,4.170,5.194,4.170,4.789,2,45027,0.11,2026-08-10T14:23:27+00:00
2025-06-03T12:00:00+00:00,llo1,0,2025-06-03,33.00,4.140,4.994,4.140,4.881,2,45027,0.11,2026-08-10T14:23:27+00:00
2025-06-03T12:00:00+00:00,llo1,0,2025-06-03,38.00,4.120,4.926,4.120,4.694,2,45027,0.11,2026-08-10T14:23:27+00:00
2025-06-03T12:00:00+00:00,llo1,0,2025-06-03,43.00,4.040,4.919,4.040,,2,45027,0.11,2026-08-10T14:23:27+00:00
2025-06-04T12:00:00+00:00,llo1,0,2025-06-04,6.00,4.470,6.938,4.470,7.832,2,45027,0.11,2026-08-10T14:23:27+00:00
2025-06-04T12:00:00+00:00,llo1,0,2025-06-04,8.00,4.410,6.834,4.410,7.349,2,45027,0.11,2026-08-10T14:23:27+00:00
2025-06-04T12:00:00+00:00,llo1,0,2025-06-04,13.00,4.190,6.223,4.190,6.449,2,45027,0.11,2026-08-10T14:23:27+00:00
2025-06-04T12:00:00+00:00,llo1,0,2025-06-04,18.00,4.130,5.757,4.130,5.857,2,45027,0.11,2026-08-10T14:23:27+00:00
2025-06-04T12:00:00+00:00,llo1,0,2025-06-04,23.00,4.090,5.447,4.090,5.320,2,45027,0.11,2026-08-10T14:23:27+00:00
2025-06-04T12:00:00+00:00,llo1,0,2025-06-04,28.00,4.060,5.191,4.060,4.752,2,45027,0.11,2026-08-10T14:23:27+00:00
2025-06-04T12:00:00+00:00,llo1,0,2025-06-04,33.00,4.040,4.983,4.040,4.833,2,45027,0.11,2026-08-10T14:23:27+00:00
2025-06-04T12:00:00+00:00,llo1,0,2025-06-04,38.00,3.990,4.949,3.990,4.653,2,45027,0.11,2026-08-10T14:23:27+00:00
2025-06-04T12:00:00+00:00,llo1,0,2025-06-04,43.00,3.930,4.945,3.930,,2,45027,0.11,2026-08-10T14:23:27+00:00
2025-06-05T12:00:00+00:00,llo1,0,2025-06-05,6.00,4.970,6.330,4.970,8.144,2,45027,0.11,2026-08-10T14:23:27+00:00
2025-06-05T12:00:00+00:00,llo1,0,2025-06-05,8.00,4.910,6.328,4.910,7.595,2,45027,0.11,2026-08-10T14:23:27+00:00
2025-06-05T12:00:00+00:00,llo1,0,2025-06-05,13.00,4.810,5.911,4.810,6.609,2,45027,0.11,2026-08-10T14:23:27+00:00
2025-06-05T12:00:00+00:00,llo1,0,2025-06-05,18.00,4.780,5.469,4.780,5.926,2,45027,0.11,2026-08-10T14:23:27+00:00
2025-06-05T12:00:00+00:00,llo1,0,2025-06-05,23.00,4.750,5.160,4.750,5.333,2,45027,0.11,2026-08-10T14:23:27+00:00
2025-06-05T12:00:00+00:00,llo1,0,2025-06-05,28.00,4.670,5.019,4.670,4.742,2,45027,0.11,2026-08-10T14:23:27+00:00
2025-06-05T12:00:00+00:00,llo1,0,2025-06-05,33.00,4.610,4.929,4.610,4.812,2,45027,0.11,2026-08-10T14:23:27+00:00
2025-06-05T12:00:00+00:00,llo1,0,2025-06-05,38.00,4.380,4.895,4.380,4.634,2,45027,0.11,2026-08-10T14:23:27+00:00
2025-06-05T12:00:00+00:00,llo1,0,2025-06-05,43.00,4.220,4.894,4.220,,2,45027,0.11,2026-08-10T14:23:27+00:00
2025-06-06T12:00:00+00:00,llo1,0,2025-06-06,6.00,5.000,6.578,5.000,8.386,2,45027,0.11,2026-08-10T14:23:27+00:00
2025-06-06T12:00:00+00:00,llo1,0,2025-06-06,8.00,4.820,6.289,4.820,7.686,2,45027,0.11,2026-08-10T14:23:27+00:00
2025-06-06T12:00:00+00:00,llo1,0,2025-06-06,13.00,4.520,5.801,4.520,6.566,2,45027,0.11,2026-08-10T14:23:27+00:00
2025-06-06T12:00:00+00:00,llo1,0,2025-06-06,18.00,4.430,5.511,4.430,5.879,2,45027,0.11,2026-08-10T14:23:27+00:00
2025-06-06T12:00:00+00:00,llo1,0,2025-06-06,23.00,4.370,5.147,4.370,5.286,2,45027,0.11,2026-08-10T14:23:27+00:00
2025-06-06T12:00:00+00:00,llo1,0,2025-06-06,28.00,4.340,4.971,4.340,4.713,2,45027,0.11,2026-08-10T14:23:27+00:00
2025-06-06T12:00:00+00:00,llo1,0,2025-06-06,33.00,4.270,4.881,4.270,4.771,2,45027,0.11,2026-08-10T14:23:27+00:00
2025-06-06T12:00:00+00:00,llo1,0,2025-06-06,38.00,4.200,4.828,4.200,4.603,2,45027,0.11,2026-08-10T14:23:27+00:00
2025-06-06T12:00:00+00:00,llo1,0,2025-06-06,43.00,4.100,4.798,4.100,,2,45027,0.11,2026-08-10T14:23:27+00:00
2025-06-07T12:00:00+00:00,llo1,0,2025-06-07,6.00,6.280,7.990,6.280,8.541,2,45027,0.11,2026-08-10T14:23:27+00:00
2025-06-07T12:00:00+00:00,llo1,0,2025-06-07,8.00,5.840,7.560,5.840,7.823,2,45027,0.11,2026-08-10T14:23:27+00:00
2025-06-07T12:00:00+00:00,llo1,0,2025-06-07,13.00,5.140,6.372,5.140,6.649,2,45027,0.11,2026-08-10T14:23:27+00:00
2025-06-07T12:00:00+00:00,llo1,0,2025-06-07,18.00,4.820,5.840,4.820,5.934,2,45027,0.11,2026-08-10T14:23:27+00:00
2025-06-07T12:00:00+00:00,llo1,0,2025-06-07,23.00,4.700,5.455,4.700,5.302,2,45027,0.11,2026-08-10T14:23:27+00:00
2025-06-07T12:00:00+00:00,llo1,0,2025-06-07,28.00,4.530,5.237,4.530,4.713,2,45027,0.11,2026-08-10T14:23:27+00:00
2025-06-07T12:00:00+00:00,llo1,0,2025-06-07,33.00,4.410,5.014,4.410,4.760,2,45027,0.11,2026-08-10T14:23:27+00:00
2025-06-07T12:00:00+00:00,llo1,0,2025-06-07,38.00,4.160,4.766,4.160,4.594,2,45027,0.11,2026-08-10T14:23:27+00:00
2025-06-07T12:00:00+00:00,llo1,0,2025-06-07,43.00,4.120,4.737,4.120,,2,45027,0.11,2026-08-10T14:23:27+00:00
2025-06-08T12:00:00+00:00,llo1,0,2025-06-08,6.00,11.260,7.172,11.260,8.644,2,45027,0.11,2026-08-10T14:23:27+00:00
2025-06-08T12:00:00+00:00,llo1,0,2025-06-08,8.00,10.780,6.436,10.780,7.826,2,45027,0.11,2026-08-10T14:23:27+00:00
2025-06-08T12:00:00+00:00,llo1,0,2025-06-08,13.00,7.100,6.106,7.100,6.609,2,45027,0.11,2026-08-10T14:23:27+00:00
2025-06-08T12:00:00+00:00,llo1,0,2025-06-08,18.00,5.380,5.739,5.380,5.899,2,45027,0.11,2026-08-10T14:23:27+00:00
2025-06-08T12:00:00+00:00,llo1,0,2025-06-08,23.00,5.100,5.381,5.100,5.265,2,45027,0.11,2026-08-10T14:23:27+00:00
2025-06-08T12:00:00+00:00,llo1,0,2025-06-08,28.00,4.950,5.115,4.950,4.653,2,45027,0.11,2026-08-10T14:23:27+00:00
2025-06-08T12:00:00+00:00,llo1,0,2025-06-08,33.00,4.830,4.817,4.830,4.692,2,45027,0.11,2026-08-10T14:23:27+00:00
2025-06-08T12:00:00+00:00,llo1,0,2025-06-08,38.00,4.630,4.705,4.630,4.530,2,45027,0.11,2026-08-10T14:23:27+00:00
2025-06-08T12:00:00+00:00,llo1,0,2025-06-08,43.00,4.400,4.702,4.400,,2,45027,0.11,2026-08-10T14:23:27+00:00
2025-06-09T12:00:00+00:00,llo1,0,2025-06-09,6.00,6.490,5.999,6.490,8.882,2,45027,0.11,2026-08-10T14:23:27+00:00
2025-06-09T12:00:00+00:00,llo1,0,2025-06-09,8.00,6.150,5.991,6.150,8.071,2,45027,0.11,2026-08-10T14:23:27+00:00
2025-06-09T12:00:00+00:00,llo1,0,2025-06-09,13.00,5.790,5.878,5.790,6.804,2,45027,0.11,2026-08-10T14:23:27+00:00
2025-06-09T12:00:00+00:00,llo1,0,2025-06-09,18.00,4.830,5.604,4.830,5.989,2,45027,0.11,2026-08-10T14:23:27+00:00
2025-06-09T12:00:00+00:00,llo1,0,2025-06-09,23.00,4.660,5.208,4.660,5.361,2,45027,0.11,2026-08-10T14:23:27+00:00
2025-06-09T12:00:00+00:00,llo1,0,2025-06-09,28.00,4.520,4.966,4.520,4.680,2,45027,0.11,2026-08-10T14:23:27+00:00
2025-06-09T12:00:00+00:00,llo1,0,2025-06-09,33.00,4.430,4.856,4.430,4.680,2,45027,0.11,2026-08-10T14:23:27+00:00
2025-06-09T12:00:00+00:00,llo1,0,2025-06-09,38.00,4.310,4.736,4.310,4.503,2,45027,0.11,2026-08-10T14:23:27+00:00
2025-06-09T12:00:00+00:00,llo1,0,2025-06-09,43.00,4.210,4.672,4.210,,2,45027,0.11,2026-08-10T14:23:27+00:00
2025-06-10T12:00:00+00:00,llo1,0,2025-06-10,6.00,5.370,6.641,5.370,9.134,2,45027,0.11,2026-08-10T14:23:27+00:00
2025-06-10T12:00:00+00:00,llo1,0,2025-06-10,8.00,5.290,6.491,5.290,8.270,2,45027,0.11,2026-08-10T14:23:27+00:00
2025-06-10T12:00:00+00:00,llo1,0,2025-06-10,13.00,5.240,5.870,5.240,6.928,2,45027,0.11,2026-08-10T14:23:27+00:00
2025-06-10T12:00:00+00:00,llo1,0,2025-06-10,18.00,5.160,5.483,5.160,6.166,2,45027,0.11,2026-08-10T14:23:27+00:00
2025-06-10T12:00:00+00:00,llo1,0,2025-06-10,23.00,4.890,5.263,4.890,5.606,2,45027,0.11,2026-08-10T14:23:27+00:00
2025-06-10T12:00:00+00:00,llo1,0,2025-06-10,28.00,4.660,5.077,4.660,4.986,2,45027,0.11,2026-08-10T14:23:27+00:00
2025-06-10T12:00:00+00:00,llo1,0,2025-06-10,33.00,4.440,4.875,4.440,4.816,2,45027,0.11,2026-08-10T14:23:27+00:00
2025-06-10T12:00:00+00:00,llo1,0,2025-06-10,38.00,4.250,4.748,4.250,4.570,2,45027,0.11,2026-08-10T14:23:27+00:00
2025-06-10T12:00:00+00:00,llo1,0,2025-06-10,43.00,4.090,4.695,4.090,,2,45027,0.11,2026-08-10T14:23:27+00:00
2025-06-11T12:00:00+00:00,llo1,0,2025-06-11,6.00,5.910,6.344,5.910,9.318,2,45027,0.11,2026-08-10T14:23:27+00:00
2025-06-11T12:00:00+00:00,llo1,0,2025-06-11,8.00,5.820,6.044,5.820,8.601,2,45027,0.11,2026-08-10T14:23:27+00:00
2025-06-11T12:00:00+00:00,llo1,0,2025-06-11,13.00,5.290,5.597,5.290,7.057,2,45027,0.11,2026-08-10T14:23:27+00:00
2025-06-11T12:00:00+00:00,llo1,0,2025-06-11,18.00,5.100,5.241,5.100,6.258,2,45027,0.11,2026-08-10T14:23:27+00:00
2025-06-11T12:00:00+00:00,llo1,0,2025-06-11,23.00,4.960,5.053,4.960,5.666,2,45027,0.11,2026-08-10T14:23:27+00:00
2025-06-11T12:00:00+00:00,llo1,0,2025-06-11,28.00,4.850,4.888,4.850,5.049,2,45027,0.11,2026-08-10T14:23:27+00:00
2025-06-11T12:00:00+00:00,llo1,0,2025-06-11,33.00,4.730,4.739,4.730,4.865,2,45027,0.11,2026-08-10T14:23:27+00:00
2025-06-11T12:00:00+00:00,llo1,0,2025-06-11,38.00,4.440,4.683,4.440,4.603,2,45027,0.11,2026-08-10T14:23:27+00:00
2025-06-11T12:00:00+00:00,llo1,0,2025-06-11,43.00,4.190,4.663,4.190,,2,45027,0.11,2026-08-10T14:23:27+00:00
2025-06-12T12:00:00+00:00,llo1,0,2025-06-12,6.00,6.030,6.140,6.030,9.286,2,45027,0.11,2026-08-10T14:23:27+00:00
2025-06-12T12:00:00+00:00,llo1,0,2025-06-12,8.00,5.630,5.835,5.630,8.572,2,45027,0.11,2026-08-10T14:23:27+00:00
2025-06-12T12:00:00+00:00,llo1,0,2025-06-12,13.00,5.260,5.466,5.260,7.148,2,45027,0.11,2026-08-10T14:23:27+00:00
2025-06-12T12:00:00+00:00,llo1,0,2025-06-12,18.00,5.110,5.299,5.110,6.514,2,45027,0.11,2026-08-10T14:23:27+00:00
2025-06-12T12:00:00+00:00,llo1,0,2025-06-12,23.00,4.840,5.110,4.840,5.827,2,45027,0.11,2026-08-10T14:23:27+00:00
2025-06-12T12:00:00+00:00,llo1,0,2025-06-12,28.00,4.550,4.906,4.550,5.158,2,45027,0.11,2026-08-10T14:23:27+00:00
2025-06-12T12:00:00+00:00,llo1,0,2025-06-12,33.00,4.410,4.737,4.410,4.945,2,45027,0.11,2026-08-10T14:23:27+00:00
2025-06-12T12:00:00+00:00,llo1,0,2025-06-12,38.00,4.370,4.670,4.370,4.692,2,45027,0.11,2026-08-10T14:23:27+00:00
2025-06-12T12:00:00+00:00,llo1,0,2025-06-12,43.00,4.250,4.653,4.250,,2,45027,0.11,2026-08-10T14:23:27+00:00
2025-06-13T12:00:00+00:00,llo1,0,2025-06-13,6.00,7.580,10.842,7.580,9.175,2,45027,0.11,2026-08-10T14:23:27+00:00
2025-06-13T12:00:00+00:00,llo1,0,2025-06-13,8.00,7.530,9.440,7.530,8.428,2,45027,0.11,2026-08-10T14:23:27+00:00
2025-06-13T12:00:00+00:00,llo1,0,2025-06-13,13.00,6.430,8.264,6.430,6.945,2,45027,0.11,2026-08-10T14:23:27+00:00
2025-06-13T12:00:00+00:00,llo1,0,2025-06-13,18.00,6.130,7.578,6.130,6.262,2,45027,0.11,2026-08-10T14:23:27+00:00
2025-06-13T12:00:00+00:00,llo1,0,2025-06-13,23.00,6.110,6.974,6.110,5.762,2,45027,0.11,2026-08-10T14:23:27+00:00
2025-06-13T12:00:00+00:00,llo1,0,2025-06-13,28.00,6.050,6.250,6.050,5.124,2,45027,0.11,2026-08-10T14:23:27+00:00
2025-06-13T12:00:00+00:00,llo1,0,2025-06-13,33.00,5.940,5.519,5.940,4.903,2,45027,0.11,2026-08-10T14:23:27+00:00
2025-06-13T12:00:00+00:00,llo1,0,2025-06-13,38.00,5.490,5.050,5.490,4.652,2,45027,0.11,2026-08-10T14:23:27+00:00
2025-06-13T12:00:00+00:00,llo1,0,2025-06-13,43.00,5.280,4.920,5.280,,2,45027,0.11,2026-08-10T14:23:27+00:00
2025-06-15T12:00:00+00:00,llo1,0,2025-06-15,6.00,8.570,12.716,8.570,9.334,2,45027,0.11,2026-08-10T14:23:27+00:00
2025-06-15T12:00:00+00:00,llo1,0,2025-06-15,8.00,8.550,12.162,8.550,8.525,2,45027,0.11,2026-08-10T14:23:27+00:00
2025-06-15T12:00:00+00:00,llo1,0,2025-06-15,13.00,7.990,11.043,7.990,7.049,2,45027,0.11,2026-08-10T14:23:27+00:00
2025-06-15T12:00:00+00:00,llo1,0,2025-06-15,18.00,7.740,10.121,7.740,6.240,2,45027,0.11,2026-08-10T14:23:27+00:00
2025-06-15T12:00:00+00:00,llo1,0,2025-06-15,23.00,7.060,9.153,7.060,5.699,2,45027,0.11,2026-08-10T14:23:27+00:00
2025-06-15T12:00:00+00:00,llo1,0,2025-06-15,28.00,6.370,8.432,6.370,5.115,2,45027,0.11,2026-08-10T14:23:27+00:00
2025-06-15T12:00:00+00:00,llo1,0,2025-06-15,33.00,6.130,7.874,6.130,4.892,2,45027,0.11,2026-08-10T14:23:27+00:00
2025-06-15T12:00:00+00:00,llo1,0,2025-06-15,38.00,5.640,7.407,5.640,4.645,2,45027,0.11,2026-08-10T14:23:27+00:00
2025-06-15T12:00:00+00:00,llo1,0,2025-06-15,43.00,5.120,7.109,5.120,,2,45027,0.11,2026-08-10T14:23:27+00:00
2025-06-16T12:00:00+00:00,llo1,0,2025-06-16,6.00,8.720,12.177,8.720,9.516,2,45027,0.11,2026-08-10T14:23:27+00:00
2025-06-16T12:00:00+00:00,llo1,0,2025-06-16,8.00,8.700,11.672,8.700,8.752,2,45027,0.11,2026-08-10T14:23:27+00:00
2025-06-16T12:00:00+00:00,llo1,0,2025-06-16,13.00,8.510,10.603,8.510,7.259,2,45027,0.11,2026-08-10T14:23:27+00:00
2025-06-16T12:00:00+00:00,llo1,0,2025-06-16,18.00,8.240,9.622,8.240,6.310,2,45027,0.11,2026-08-10T14:23:27+00:00
2025-06-16T12:00:00+00:00,llo1,0,2025-06-16,23.00,6.290,8.927,6.290,5.742,2,45027,0.11,2026-08-10T14:23:27+00:00
2025-06-16T12:00:00+00:00,llo1,0,2025-06-16,28.00,5.620,8.358,5.620,5.149,2,45027,0.11,2026-08-10T14:23:27+00:00
2025-06-16T12:00:00+00:00,llo1,0,2025-06-16,33.00,5.130,7.905,5.130,4.938,2,45027,0.11,2026-08-10T14:23:27+00:00
2025-06-16T12:00:00+00:00,llo1,0,2025-06-16,38.00,4.700,7.628,4.700,4.685,2,45027,0.11,2026-08-10T14:23:27+00:00
2025-06-16T12:00:00+00:00,llo1,0,2025-06-16,43.00,4.640,7.551,4.640,,2,45027,0.11,2026-08-10T14:23:27+00:00
2025-06-17T12:00:00+00:00,llo1,0,2025-06-17,6.00,8.820,12.387,8.820,9.888,2,45027,0.11,2026-08-10T14:23:27+00:00
2025-06-17T12:00:00+00:00,llo1,0,2025-06-17,8.00,8.680,11.410,8.680,9.036,2,45027,0.11,2026-08-10T14:23:27+00:00
2025-06-17T12:00:00+00:00,llo1,0,2025-06-17,13.00,8.610,9.805,8.610,7.476,2,45027,0.11,2026-08-10T14:23:27+00:00
2025-06-17T12:00:00+00:00,llo1,0,2025-06-17,18.00,8.450,9.142,8.450,6.506,2,45027,0.11,2026-08-10T14:23:27+00:00
2025-06-17T12:00:00+00:00,llo1,0,2025-06-17,23.00,6.360,8.583,6.360,5.931,2,45027,0.11,2026-08-10T14:23:27+00:00
2025-06-17T12:00:00+00:00,llo1,0,2025-06-17,28.00,5.710,8.179,5.710,5.262,2,45027,0.11,2026-08-10T14:23:27+00:00
2025-06-17T12:00:00+00:00,llo1,0,2025-06-17,33.00,4.940,7.810,4.940,5.014,2,45027,0.11,2026-08-10T14:23:27+00:00
2025-06-17T12:00:00+00:00,llo1,0,2025-06-17,38.00,4.680,7.614,4.680,4.752,2,45027,0.11,2026-08-10T14:23:27+00:00
2025-06-17T12:00:00+00:00,llo1,0,2025-06-17,43.00,4.650,7.515,4.650,,2,45027,0.11,2026-08-10T14:23:27+00:00
2025-06-18T12:00:00+00:00,llo1,0,2025-06-18,6.00,8.290,9.128,8.290,10.294,2,45027,0.11,2026-08-10T14:23:27+00:00
2025-06-18T12:00:00+00:00,llo1,0,2025-06-18,8.00,7.850,8.950,7.850,9.426,2,45027,0.11,2026-08-10T14:23:27+00:00
2025-06-18T12:00:00+00:00,llo1,0,2025-06-18,13.00,7.300,8.782,7.300,7.875,2,45027,0.11,2026-08-10T14:23:27+00:00
2025-06-18T12:00:00+00:00,llo1,0,2025-06-18,18.00,6.710,8.254,6.710,6.892,2,45027,0.11,2026-08-10T14:23:27+00:00
2025-06-18T12:00:00+00:00,llo1,0,2025-06-18,23.00,5.820,7.851,5.820,6.291,2,45027,0.11,2026-08-10T14:23:27+00:00
2025-06-18T12:00:00+00:00,llo1,0,2025-06-18,28.00,5.110,7.585,5.110,5.546,2,45027,0.11,2026-08-10T14:23:27+00:00
2025-06-18T12:00:00+00:00,llo1,0,2025-06-18,33.00,4.760,7.452,4.760,5.195,2,45027,0.11,2026-08-10T14:23:27+00:00
2025-06-18T12:00:00+00:00,llo1,0,2025-06-18,38.00,4.520,7.307,4.520,4.886,2,45027,0.11,2026-08-10T14:23:27+00:00
2025-06-18T12:00:00+00:00,llo1,0,2025-06-18,43.00,4.440,7.143,4.440,,2,45027,0.11,2026-08-10T14:23:27+00:00
2025-06-19T12:00:00+00:00,llo1,0,2025-06-19,6.00,8.790,9.940,8.790,10.731,2,45027,0.11,2026-08-10T14:23:27+00:00
2025-06-19T12:00:00+00:00,llo1,0,2025-06-19,8.00,8.530,9.557,8.530,9.872,2,45027,0.11,2026-08-10T14:23:27+00:00
2025-06-19T12:00:00+00:00,llo1,0,2025-06-19,13.00,7.400,9.081,7.400,8.357,2,45027,0.11,2026-08-10T14:23:27+00:00
2025-06-19T12:00:00+00:00,llo1,0,2025-06-19,18.00,6.740,8.213,6.740,7.239,2,45027,0.11,2026-08-10T14:23:27+00:00
2025-06-19T12:00:00+00:00,llo1,0,2025-06-19,23.00,5.780,7.697,5.780,6.595,2,45027,0.11,2026-08-10T14:23:27+00:00
2025-06-19T12:00:00+00:00,llo1,0,2025-06-19,28.00,5.040,7.406,5.040,5.815,2,45027,0.11,2026-08-10T14:23:27+00:00
2025-06-19T12:00:00+00:00,llo1,0,2025-06-19,33.00,4.770,7.187,4.770,5.421,2,45027,0.11,2026-08-10T14:23:27+00:00
2025-06-19T12:00:00+00:00,llo1,0,2025-06-19,38.00,4.650,6.985,4.650,5.088,2,45027,0.11,2026-08-10T14:23:27+00:00
2025-06-19T12:00:00+00:00,llo1,0,2025-06-19,43.00,4.620,6.837,4.620,,2,45027,0.11,2026-08-10T14:23:27+00:00
2025-06-20T12:00:00+00:00,llo1,0,2025-06-20,6.00,9.950,11.616,9.950,10.852,2,45027,0.11,2026-08-10T14:23:27+00:00
2025-06-20T12:00:00+00:00,llo1,0,2025-06-20,8.00,8.970,11.248,8.970,10.024,2,45027,0.11,2026-08-10T14:23:27+00:00
2025-06-20T12:00:00+00:00,llo1,0,2025-06-20,13.00,8.420,9.691,8.420,8.507,2,45027,0.11,2026-08-10T14:23:27+00:00
2025-06-20T12:00:00+00:00,llo1,0,2025-06-20,18.00,7.950,9.029,7.950,7.318,2,45027,0.11,2026-08-10T14:23:27+00:00
2025-06-20T12:00:00+00:00,llo1,0,2025-06-20,23.00,6.330,8.616,6.330,6.690,2,45027,0.11,2026-08-10T14:23:27+00:00
2025-06-20T12:00:00+00:00,llo1,0,2025-06-20,28.00,5.080,7.902,5.080,5.887,2,45027,0.11,2026-08-10T14:23:27+00:00
2025-06-20T12:00:00+00:00,llo1,0,2025-06-20,33.00,4.890,7.496,4.890,5.497,2,45027,0.11,2026-08-10T14:23:27+00:00
2025-06-20T12:00:00+00:00,llo1,0,2025-06-20,38.00,4.810,7.188,4.810,5.162,2,45027,0.11,2026-08-10T14:23:27+00:00
2025-06-20T12:00:00+00:00,llo1,0,2025-06-20,43.00,4.690,6.963,4.690,,2,45027,0.11,2026-08-10T14:23:27+00:00
2025-06-21T12:00:00+00:00,llo1,0,2025-06-21,6.00,9.140,13.605,9.140,11.238,2,45027,0.11,2026-08-10T14:23:27+00:00
2025-06-21T12:00:00+00:00,llo1,0,2025-06-21,8.00,8.850,13.323,8.850,10.447,2,45027,0.11,2026-08-10T14:23:27+00:00
2025-06-21T12:00:00+00:00,llo1,0,2025-06-21,13.00,8.230,12.219,8.230,8.829,2,45027,0.11,2026-08-10T14:23:27+00:00
2025-06-21T12:00:00+00:00,llo1,0,2025-06-21,18.00,8.170,10.968,8.170,7.482,2,45027,0.11,2026-08-10T14:23:27+00:00
2025-06-21T12:00:00+00:00,llo1,0,2025-06-21,23.00,8.100,9.697,8.100,6.790,2,45027,0.11,2026-08-10T14:23:27+00:00
2025-06-21T12:00:00+00:00,llo1,0,2025-06-21,28.00,8.070,8.715,8.070,5.944,2,45027,0.11,2026-08-10T14:23:27+00:00
2025-06-21T12:00:00+00:00,llo1,0,2025-06-21,33.00,7.490,8.130,7.490,5.552,2,45027,0.11,2026-08-10T14:23:27+00:00
2025-06-21T12:00:00+00:00,llo1,0,2025-06-21,38.00,6.650,7.704,6.650,5.215,2,45027,0.11,2026-08-10T14:23:27+00:00
2025-06-21T12:00:00+00:00,llo1,0,2025-06-21,43.00,6.430,7.444,6.430,,2,45027,0.11,2026-08-10T14:23:27+00:00
2025-06-22T12:00:00+00:00,llo1,0,2025-06-22,6.00,8.430,14.400,8.430,11.421,2,45027,0.11,2026-08-10T14:23:27+00:00
2025-06-22T12:00:00+00:00,llo1,0,2025-06-22,8.00,8.450,14.402,8.450,10.629,2,45027,0.11,2026-08-10T14:23:27+00:00
2025-06-22T12:00:00+00:00,llo1,0,2025-06-22,13.00,8.440,14.090,8.440,9.075,2,45027,0.11,2026-08-10T14:23:27+00:00
2025-06-22T12:00:00+00:00,llo1,0,2025-06-22,18.00,8.420,12.208,8.420,7.707,2,45027,0.11,2026-08-10T14:23:27+00:00
2025-06-22T12:00:00+00:00,llo1,0,2025-06-22,23.00,8.350,10.575,8.350,6.828,2,45027,0.11,2026-08-10T14:23:27+00:00
2025-06-22T12:00:00+00:00,llo1,0,2025-06-22,28.00,8.240,9.415,8.240,5.967,2,45027,0.11,2026-08-10T14:23:27+00:00
2025-06-22T12:00:00+00:00,llo1,0,2025-06-22,33.00,6.330,8.622,6.330,5.576,2,45027,0.11,2026-08-10T14:23:27+00:00
2025-06-22T12:00:00+00:00,llo1,0,2025-06-22,38.00,5.300,8.052,5.300,5.233,2,45027,0.11,2026-08-10T14:23:27+00:00
2025-06-22T12:00:00+00:00,llo1,0,2025-06-22,43.00,5.030,7.729,5.030,,2,45027,0.11,2026-08-10T14:23:27+00:00
2025-06-23T12:00:00+00:00,llo1,0,2025-06-23,6.00,8.410,14.225,8.410,11.704,2,45027,0.11,2026-08-10T14:23:27+00:00
2025-06-23T12:00:00+00:00,llo1,0,2025-06-23,8.00,8.290,13.927,8.290,10.905,2,45027,0.11,2026-08-10T14:23:27+00:00
2025-06-23T12:00:00+00:00,llo1,0,2025-06-23,13.00,7.930,12.901,7.930,9.338,2,45027,0.11,2026-08-10T14:23:27+00:00
2025-06-23T12:00:00+00:00,llo1,0,2025-06-23,18.00,7.790,11.912,7.790,7.871,2,45027,0.11,2026-08-10T14:23:27+00:00
2025-06-23T12:00:00+00:00,llo1,0,2025-06-23,23.00,7.620,10.747,7.620,6.861,2,45027,0.11,2026-08-10T14:23:27+00:00
2025-06-23T12:00:00+00:00,llo1,0,2025-06-23,28.00,7.520,9.787,7.520,5.992,2,45027,0.11,2026-08-10T14:23:27+00:00
2025-06-23T12:00:00+00:00,llo1,0,2025-06-23,33.00,7.430,9.131,7.430,5.603,2,45027,0.11,2026-08-10T14:23:27+00:00
2025-06-23T12:00:00+00:00,llo1,0,2025-06-23,38.00,7.290,8.789,7.290,5.257,2,45027,0.11,2026-08-10T14:23:27+00:00
2025-06-23T12:00:00+00:00,llo1,0,2025-06-23,43.00,6.890,8.410,6.890,,2,45027,0.11,2026-08-10T14:23:27+00:00
2025-06-24T12:00:00+00:00,llo1,0,2025-06-24,6.00,8.700,13.153,8.700,11.756,2,45027,0.11,2026-08-10T14:23:27+00:00
2025-06-24T12:00:00+00:00,llo1,0,2025-06-24,8.00,8.530,12.425,8.530,10.980,2,45027,0.11,2026-08-10T14:23:27+00:00
2025-06-24T12:00:00+00:00,llo1,0,2025-06-24,13.00,8.160,11.082,8.160,9.226,2,45027,0.11,2026-08-10T14:23:27+00:00
2025-06-24T12:00:00+00:00,llo1,0,2025-06-24,18.00,7.310,9.668,7.310,7.807,2,45027,0.11,2026-08-10T14:23:27+00:00
2025-06-24T12:00:00+00:00,llo1,0,2025-06-24,23.00,7.200,8.771,7.200,6.795,2,45027,0.11,2026-08-10T14:23:27+00:00
2025-06-24T12:00:00+00:00,llo1,0,2025-06-24,28.00,6.570,8.184,6.570,5.969,2,45027,0.11,2026-08-10T14:23:27+00:00
2025-06-24T12:00:00+00:00,llo1,0,2025-06-24,33.00,6.130,7.947,6.130,5.601,2,45027,0.11,2026-08-10T14:23:27+00:00
2025-06-24T12:00:00+00:00,llo1,0,2025-06-24,38.00,5.950,7.735,5.950,5.273,2,45027,0.11,2026-08-10T14:23:27+00:00
2025-06-24T12:00:00+00:00,llo1,0,2025-06-24,43.00,5.870,7.455,5.870,,2,45027,0.11,2026-08-10T14:23:27+00:00
2025-06-25T12:00:00+00:00,llo1,0,2025-06-25,6.00,9.190,11.894,9.190,12.036,2,45027,0.11,2026-08-10T14:23:27+00:00
2025-06-25T12:00:00+00:00,llo1,0,2025-06-25,8.00,8.600,10.883,8.600,11.318,2,45027,0.11,2026-08-10T14:23:27+00:00
2025-06-25T12:00:00+00:00,llo1,0,2025-06-25,13.00,7.760,9.509,7.760,9.402,2,45027,0.11,2026-08-10T14:23:27+00:00
2025-06-25T12:00:00+00:00,llo1,0,2025-06-25,18.00,7.270,8.775,7.270,7.877,2,45027,0.11,2026-08-10T14:23:27+00:00
2025-06-25T12:00:00+00:00,llo1,0,2025-06-25,23.00,6.770,8.160,6.770,6.787,2,45027,0.11,2026-08-10T14:23:27+00:00
2025-06-25T12:00:00+00:00,llo1,0,2025-06-25,28.00,6.260,7.790,6.260,5.879,2,45027,0.11,2026-08-10T14:23:27+00:00
2025-06-25T12:00:00+00:00,llo1,0,2025-06-25,33.00,5.830,7.544,5.830,5.583,2,45027,0.11,2026-08-10T14:23:27+00:00
2025-06-25T12:00:00+00:00,llo1,0,2025-06-25,38.00,5.770,7.457,5.770,5.286,2,45027,0.11,2026-08-10T14:23:27+00:00
2025-06-25T12:00:00+00:00,llo1,0,2025-06-25,43.00,5.750,7.334,5.750,,2,45027,0.11,2026-08-10T14:23:27+00:00
2025-06-26T12:00:00+00:00,llo1,0,2025-06-26,6.00,10.780,15.747,10.780,12.209,2,45027,0.11,2026-08-10T14:23:27+00:00
2025-06-26T12:00:00+00:00,llo1,0,2025-06-26,8.00,10.770,15.732,10.770,11.350,2,45027,0.11,2026-08-10T14:23:27+00:00
2025-06-26T12:00:00+00:00,llo1,0,2025-06-26,13.00,9.130,15.026,9.130,9.484,2,45027,0.11,2026-08-10T14:23:27+00:00
2025-06-26T12:00:00+00:00,llo1,0,2025-06-26,18.00,7.590,11.862,7.590,7.874,2,45027,0.11,2026-08-10T14:23:27+00:00
2025-06-26T12:00:00+00:00,llo1,0,2025-06-26,23.00,7.160,9.557,7.160,6.771,2,45027,0.11,2026-08-10T14:23:27+00:00
2025-06-26T12:00:00+00:00,llo1,0,2025-06-26,28.00,6.850,8.596,6.850,5.861,2,45027,0.11,2026-08-10T14:23:27+00:00
2025-06-26T12:00:00+00:00,llo1,0,2025-06-26,33.00,6.400,8.011,6.400,5.556,2,45027,0.11,2026-08-10T14:23:27+00:00
2025-06-26T12:00:00+00:00,llo1,0,2025-06-26,38.00,6.240,7.675,6.240,5.265,2,45027,0.11,2026-08-10T14:23:27+00:00
2025-06-26T12:00:00+00:00,llo1,0,2025-06-26,43.00,6.140,7.550,6.140,,2,45027,0.11,2026-08-10T14:23:27+00:00
2025-06-27T12:00:00+00:00,llo1,0,2025-06-27,6.00,9.570,15.335,9.570,12.408,2,45027,0.11,2026-08-10T14:23:27+00:00
2025-06-27T12:00:00+00:00,llo1,0,2025-06-27,8.00,9.460,15.330,9.460,11.532,2,45027,0.11,2026-08-10T14:23:27+00:00
2025-06-27T12:00:00+00:00,llo1,0,2025-06-27,13.00,9.320,15.017,9.320,9.505,2,45027,0.11,2026-08-10T14:23:27+00:00
2025-06-27T12:00:00+00:00,llo1,0,2025-06-27,18.00,9.270,14.006,9.270,7.767,2,45027,0.11,2026-08-10T14:23:27+00:00
2025-06-27T12:00:00+00:00,llo1,0,2025-06-27,23.00,9.220,12.753,9.220,6.714,2,45027,0.11,2026-08-10T14:23:27+00:00
2025-06-27T12:00:00+00:00,llo1,0,2025-06-27,28.00,9.190,11.507,9.190,5.823,2,45027,0.11,2026-08-10T14:23:27+00:00
2025-06-27T12:00:00+00:00,llo1,0,2025-06-27,33.00,9.100,10.591,9.100,5.524,2,45027,0.11,2026-08-10T14:23:27+00:00
2025-06-27T12:00:00+00:00,llo1,0,2025-06-27,38.00,9.030,9.658,9.030,5.225,2,45027,0.11,2026-08-10T14:23:27+00:00
2025-06-27T12:00:00+00:00,llo1,0,2025-06-27,43.00,9.010,9.031,9.010,,2,45027,0.11,2026-08-10T14:23:27+00:00
2025-06-28T12:00:00+00:00,llo1,0,2025-06-28,6.00,9.210,14.776,9.210,12.447,2,45027,0.11,2026-08-10T14:23:27+00:00
2025-06-28T12:00:00+00:00,llo1,0,2025-06-28,8.00,9.210,14.472,9.210,11.546,2,45027,0.11,2026-08-10T14:23:27+00:00
2025-06-28T12:00:00+00:00,llo1,0,2025-06-28,13.00,9.210,13.264,9.210,9.467,2,45027,0.11,2026-08-10T14:23:27+00:00
2025-06-28T12:00:00+00:00,llo1,0,2025-06-28,18.00,9.170,12.168,9.170,7.673,2,45027,0.11,2026-08-10T14:23:27+00:00
2025-06-28T12:00:00+00:00,llo1,0,2025-06-28,23.00,8.970,11.115,8.970,6.646,2,45027,0.11,2026-08-10T14:23:27+00:00
2025-06-28T12:00:00+00:00,llo1,0,2025-06-28,28.00,8.850,10.148,8.850,5.786,2,45027,0.11,2026-08-10T14:23:27+00:00
2025-06-28T12:00:00+00:00,llo1,0,2025-06-28,33.00,8.710,9.479,8.710,5.509,2,45027,0.11,2026-08-10T14:23:27+00:00
2025-06-28T12:00:00+00:00,llo1,0,2025-06-28,38.00,8.470,8.978,8.470,5.217,2,45027,0.11,2026-08-10T14:23:27+00:00
2025-06-28T12:00:00+00:00,llo1,0,2025-06-28,43.00,8.400,8.577,8.400,,2,45027,0.11,2026-08-10T14:23:27+00:00
2025-06-29T12:00:00+00:00,llo1,0,2025-06-29,6.00,9.450,14.548,9.450,12.523,2,45027,0.11,2026-08-10T14:23:27+00:00
2025-06-29T12:00:00+00:00,llo1,0,2025-06-29,8.00,9.460,14.122,9.460,11.601,2,45027,0.11,2026-08-10T14:23:27+00:00
2025-06-29T12:00:00+00:00,llo1,0,2025-06-29,13.00,9.330,12.291,9.330,9.510,2,45027,0.11,2026-08-10T14:23:27+00:00
2025-06-29T12:00:00+00:00,llo1,0,2025-06-29,18.00,9.150,10.714,9.150,7.628,2,45027,0.11,2026-08-10T14:23:27+00:00
2025-06-29T12:00:00+00:00,llo1,0,2025-06-29,23.00,8.770,9.666,8.770,6.599,2,45027,0.11,2026-08-10T14:23:27+00:00
2025-06-29T12:00:00+00:00,llo1,0,2025-06-29,28.00,8.620,8.964,8.620,5.756,2,45027,0.11,2026-08-10T14:23:27+00:00
2025-06-29T12:00:00+00:00,llo1,0,2025-06-29,33.00,8.530,8.579,8.530,5.458,2,45027,0.11,2026-08-10T14:23:27+00:00
2025-06-29T12:00:00+00:00,llo1,0,2025-06-29,38.00,8.330,8.371,8.330,5.151,2,45027,0.11,2026-08-10T14:23:27+00:00
2025-06-29T12:00:00+00:00,llo1,0,2025-06-29,43.00,7.560,8.179,7.560,,2,45027,0.11,2026-08-10T14:23:27+00:00
2025-06-30T12:00:00+00:00,llo1,0,2025-06-30,6.00,9.470,12.951,9.470,12.604,2,45027,0.11,2026-08-10T14:23:27+00:00
2025-06-30T12:00:00+00:00,llo1,0,2025-06-30,8.00,9.230,12.005,9.230,11.676,2,45027,0.11,2026-08-10T14:23:27+00:00
2025-06-30T12:00:00+00:00,llo1,0,2025-06-30,13.00,9.020,9.850,9.020,9.503,2,45027,0.11,2026-08-10T14:23:27+00:00
2025-06-30T12:00:00+00:00,llo1,0,2025-06-30,18.00,8.570,9.302,8.570,7.558,2,45027,0.11,2026-08-10T14:23:27+00:00
2025-06-30T12:00:00+00:00,llo1,0,2025-06-30,23.00,8.460,8.673,8.460,6.552,2,45027,0.11,2026-08-10T14:23:27+00:00
2025-06-30T12:00:00+00:00,llo1,0,2025-06-30,28.00,8.220,8.229,8.220,5.734,2,45027,0.11,2026-08-10T14:23:27+00:00
2025-06-30T12:00:00+00:00,llo1,0,2025-06-30,33.00,7.670,7.886,7.670,5.437,2,45027,0.11,2026-08-10T14:23:27+00:00
2025-06-30T12:00:00+00:00,llo1,0,2025-06-30,38.00,7.220,7.639,7.220,5.137,2,45027,0.11,2026-08-10T14:23:27+00:00
2025-06-30T12:00:00+00:00,llo1,0,2025-06-30,43.00,6.760,7.498,6.760,,2,45027,0.11,2026-08-10T14:23:27+00:00
2025-07-01T12:00:00+00:00,llo1,0,2025-07-01,6.00,9.410,10.768,9.410,12.645,2,45027,0.11,2026-08-10T14:23:27+00:00
2025-07-01T12:00:00+00:00,llo1,0,2025-07-01,8.00,9.330,10.306,9.330,11.683,2,45027,0.11,2026-08-10T14:23:27+00:00
2025-07-01T12:00:00+00:00,llo1,0,2025-07-01,13.00,8.970,8.748,8.970,9.490,2,45027,0.11,2026-08-10T14:23:27+00:00
2025-07-01T12:00:00+00:00,llo1,0,2025-07-01,18.00,8.390,8.104,8.390,7.555,2,45027,0.11,2026-08-10T14:23:27+00:00
2025-07-01T12:00:00+00:00,llo1,0,2025-07-01,23.00,8.050,7.749,8.050,6.546,2,45027,0.11,2026-08-10T14:23:27+00:00
2025-07-01T12:00:00+00:00,llo1,0,2025-07-01,28.00,6.980,7.505,6.980,5.730,2,45027,0.11,2026-08-10T14:23:27+00:00
2025-07-01T12:00:00+00:00,llo1,0,2025-07-01,33.00,6.200,7.283,6.200,5.427,2,45027,0.11,2026-08-10T14:23:27+00:00
2025-07-01T12:00:00+00:00,llo1,0,2025-07-01,38.00,5.710,7.136,5.710,5.128,2,45027,0.11,2026-08-10T14:23:27+00:00
2025-07-01T12:00:00+00:00,llo1,0,2025-07-01,43.00,5.490,7.048,5.490,,2,45027,0.11,2026-08-10T14:23:27+00:00
2025-07-02T12:00:00+00:00,llo1,0,2025-07-02,6.00,11.100,9.396,11.100,12.800,2,45027,0.11,2026-08-10T14:23:27+00:00
2025-07-02T12:00:00+00:00,llo1,0,2025-07-02,8.00,9.550,8.956,9.550,11.842,2,45027,0.11,2026-08-10T14:23:27+00:00
2025-07-02T12:00:00+00:00,llo1,0,2025-07-02,13.00,8.970,8.267,8.970,9.596,2,45027,0.11,2026-08-10T14:23:27+00:00
2025-07-02T12:00:00+00:00,llo1,0,2025-07-02,18.00,8.250,7.757,8.250,7.540,2,45027,0.11,2026-08-10T14:23:27+00:00
2025-07-02T12:00:00+00:00,llo1,0,2025-07-02,23.00,7.890,7.381,7.890,6.494,2,45027,0.11,2026-08-10T14:23:27+00:00
2025-07-02T12:00:00+00:00,llo1,0,2025-07-02,28.00,6.590,7.105,6.590,5.715,2,45027,0.11,2026-08-10T14:23:27+00:00
2025-07-02T12:00:00+00:00,llo1,0,2025-07-02,33.00,5.860,6.928,5.860,5.423,2,45027,0.11,2026-08-10T14:23:27+00:00
2025-07-02T12:00:00+00:00,llo1,0,2025-07-02,38.00,5.500,6.787,5.500,5.125,2,45027,0.11,2026-08-10T14:23:27+00:00
2025-07-02T12:00:00+00:00,llo1,0,2025-07-02,43.00,5.360,6.680,5.360,,2,45027,0.11,2026-08-10T14:23:27+00:00
2025-07-03T12:00:00+00:00,llo1,0,2025-07-03,6.00,10.620,9.999,10.620,12.751,2,45027,0.11,2026-08-10T14:23:27+00:00
2025-07-03T12:00:00+00:00,llo1,0,2025-07-03,8.00,10.130,8.534,10.130,11.708,2,45027,0.11,2026-08-10T14:23:27+00:00
2025-07-03T12:00:00+00:00,llo1,0,2025-07-03,13.00,8.780,7.942,8.780,9.437,2,45027,0.11,2026-08-10T14:23:27+00:00
2025-07-03T12:00:00+00:00,llo1,0,2025-07-03,18.00,8.560,7.395,8.560,7.338,2,45027,0.11,2026-08-10T14:23:27+00:00
2025-07-03T12:00:00+00:00,llo1,0,2025-07-03,23.00,7.770,7.188,7.770,6.277,2,45027,0.11,2026-08-10T14:23:27+00:00
2025-07-03T12:00:00+00:00,llo1,0,2025-07-03,28.00,7.130,6.909,7.130,5.530,2,45027,0.11,2026-08-10T14:23:27+00:00
2025-07-03T12:00:00+00:00,llo1,0,2025-07-03,33.00,5.660,6.717,5.660,5.317,2,45027,0.11,2026-08-10T14:23:27+00:00
2025-07-03T12:00:00+00:00,llo1,0,2025-07-03,38.00,5.040,6.596,5.040,5.055,2,45027,0.11,2026-08-10T14:23:27+00:00
2025-07-03T12:00:00+00:00,llo1,0,2025-07-03,43.00,4.950,6.529,4.950,,2,45027,0.11,2026-08-10T14:23:27+00:00
2025-07-04T12:00:00+00:00,llo1,0,2025-07-04,6.00,11.210,16.366,11.210,12.808,2,45027,0.11,2026-08-10T14:23:27+00:00
2025-07-04T12:00:00+00:00,llo1,0,2025-07-04,8.00,11.220,13.791,11.220,11.725,2,45027,0.11,2026-08-10T14:23:27+00:00
2025-07-04T12:00:00+00:00,llo1,0,2025-07-04,13.00,11.000,8.756,11.000,9.266,2,45027,0.11,2026-08-10T14:23:27+00:00
2025-07-04T12:00:00+00:00,llo1,0,2025-07-04,18.00,10.590,8.061,10.590,7.191,2,45027,0.11,2026-08-10T14:23:27+00:00
2025-07-04T12:00:00+00:00,llo1,0,2025-07-04,23.00,8.910,7.615,8.910,6.138,2,45027,0.11,2026-08-10T14:23:27+00:00
2025-07-04T12:00:00+00:00,llo1,0,2025-07-04,28.00,8.530,7.057,8.530,5.396,2,45027,0.11,2026-08-10T14:23:27+00:00
2025-07-04T12:00:00+00:00,llo1,0,2025-07-04,33.00,7.380,6.777,7.380,5.201,2,45027,0.11,2026-08-10T14:23:27+00:00
2025-07-04T12:00:00+00:00,llo1,0,2025-07-04,38.00,5.590,6.699,5.590,4.951,2,45027,0.11,2026-08-10T14:23:27+00:00
2025-07-04T12:00:00+00:00,llo1,0,2025-07-04,43.00,5.200,6.692,5.200,,2,45027,0.11,2026-08-10T14:23:27+00:00
2025-07-05T12:00:00+00:00,llo1,0,2025-07-05,6.00,12.720,12.187,12.720,13.123,2,45027,0.11,2026-08-10T14:23:27+00:00
2025-07-05T12:00:00+00:00,llo1,0,2025-07-05,8.00,12.370,10.360,12.370,12.034,2,45027,0.11,2026-08-10T14:23:27+00:00
2025-07-05T12:00:00+00:00,llo1,0,2025-07-05,13.00,11.100,8.794,11.100,9.585,2,45027,0.11,2026-08-10T14:23:27+00:00
2025-07-05T12:00:00+00:00,llo1,0,2025-07-05,18.00,9.900,8.050,9.900,7.397,2,45027,0.11,2026-08-10T14:23:27+00:00
2025-07-05T12:00:00+00:00,llo1,0,2025-07-05,23.00,8.980,7.523,8.980,6.253,2,45027,0.11,2026-08-10T14:23:27+00:00
2025-07-05T12:00:00+00:00,llo1,0,2025-07-05,28.00,8.400,7.169,8.400,5.444,2,45027,0.11,2026-08-10T14:23:27+00:00
2025-07-05T12:00:00+00:00,llo1,0,2025-07-05,33.00,7.900,6.887,7.900,5.233,2,45027,0.11,2026-08-10T14:23:27+00:00
2025-07-05T12:00:00+00:00,llo1,0,2025-07-05,38.00,7.160,6.774,7.160,4.971,2,45027,0.11,2026-08-10T14:23:27+00:00
2025-07-05T12:00:00+00:00,llo1,0,2025-07-05,43.00,6.340,6.745,6.340,,2,45027,0.11,2026-08-10T14:23:27+00:00
2025-07-06T12:00:00+00:00,llo1,0,2025-07-06,6.00,14.230,10.964,14.230,12.841,2,45027,0.11,2026-08-10T14:23:27+00:00
2025-07-06T12:00:00+00:00,llo1,0,2025-07-06,8.00,13.680,9.768,13.680,11.800,2,45027,0.11,2026-08-10T14:23:27+00:00
2025-07-06T12:00:00+00:00,llo1,0,2025-07-06,13.00,10.410,9.008,10.410,9.504,2,45027,0.11,2026-08-10T14:23:27+00:00
2025-07-06T12:00:00+00:00,llo1,0,2025-07-06,18.00,9.450,7.782,9.450,7.335,2,45027,0.11,2026-08-10T14:23:27+00:00
2025-07-06T12:00:00+00:00,llo1,0,2025-07-06,23.00,8.660,7.613,8.660,6.184,2,45027,0.11,2026-08-10T14:23:27+00:00
2025-07-06T12:00:00+00:00,llo1,0,2025-07-06,28.00,8.160,7.254,8.160,5.393,2,45027,0.11,2026-08-10T14:23:27+00:00
2025-07-06T12:00:00+00:00,llo1,0,2025-07-06,33.00,7.140,6.965,7.140,5.191,2,45027,0.11,2026-08-10T14:23:27+00:00
2025-07-06T12:00:00+00:00,llo1,0,2025-07-06,38.00,5.510,6.905,5.510,4.933,2,45027,0.11,2026-08-10T14:23:27+00:00
2025-07-06T12:00:00+00:00,llo1,0,2025-07-06,43.00,5.220,6.903,5.220,,2,45027,0.11,2026-08-10T14:23:27+00:00
2025-07-07T12:00:00+00:00,llo1,0,2025-07-07,6.00,13.620,15.917,13.620,12.583,2,45027,0.11,2026-08-10T14:23:27+00:00
2025-07-07T12:00:00+00:00,llo1,0,2025-07-07,8.00,13.220,14.365,13.220,11.480,2,45027,0.11,2026-08-10T14:23:27+00:00
2025-07-07T12:00:00+00:00,llo1,0,2025-07-07,13.00,12.660,11.635,12.660,9.116,2,45027,0.11,2026-08-10T14:23:27+00:00
2025-07-07T12:00:00+00:00,llo1,0,2025-07-07,18.00,11.380,9.743,11.380,6.993,2,45027,0.11,2026-08-10T14:23:27+00:00
2025-07-07T12:00:00+00:00,llo1,0,2025-07-07,23.00,8.910,8.646,8.910,6.040,2,45027,0.11,2026-08-10T14:23:27+00:00
2025-07-07T12:00:00+00:00,llo1,0,2025-07-07,28.00,8.180,8.094,8.180,5.290,2,45027,0.11,2026-08-10T14:23:27+00:00
2025-07-07T12:00:00+00:00,llo1,0,2025-07-07,33.00,7.250,7.716,7.250,5.100,2,45027,0.11,2026-08-10T14:23:27+00:00
2025-07-07T12:00:00+00:00,llo1,0,2025-07-07,38.00,6.180,7.483,6.180,4.858,2,45027,0.11,2026-08-10T14:23:27+00:00
2025-07-07T12:00:00+00:00,llo1,0,2025-07-07,43.00,5.190,7.454,5.190,,2,45027,0.11,2026-08-10T14:23:27+00:00
2025-07-08T12:00:00+00:00,llo1,0,2025-07-08,6.00,14.780,17.499,14.780,12.510,2,45027,0.11,2026-08-10T14:23:27+00:00
2025-07-08T12:00:00+00:00,llo1,0,2025-07-08,8.00,14.760,15.889,14.760,11.378,2,45027,0.11,2026-08-10T14:23:27+00:00
2025-07-08T12:00:00+00:00,llo1,0,2025-07-08,13.00,14.720,11.983,14.720,8.923,2,45027,0.11,2026-08-10T14:23:27+00:00
2025-07-08T12:00:00+00:00,llo1,0,2025-07-08,18.00,13.100,10.004,13.100,6.774,2,45027,0.11,2026-08-10T14:23:27+00:00
2025-07-08T12:00:00+00:00,llo1,0,2025-07-08,23.00,10.960,9.047,10.960,5.957,2,45027,0.11,2026-08-10T14:23:27+00:00
2025-07-08T12:00:00+00:00,llo1,0,2025-07-08,28.00,8.480,8.395,8.480,5.247,2,45027,0.11,2026-08-10T14:23:27+00:00
2025-07-08T12:00:00+00:00,llo1,0,2025-07-08,33.00,7.060,7.935,7.060,5.064,2,45027,0.11,2026-08-10T14:23:27+00:00
2025-07-08T12:00:00+00:00,llo1,0,2025-07-08,38.00,5.900,7.626,5.900,4.827,2,45027,0.11,2026-08-10T14:23:27+00:00
2025-07-08T12:00:00+00:00,llo1,0,2025-07-08,43.00,5.220,7.506,5.220,,2,45027,0.11,2026-08-10T14:23:27+00:00
2025-07-11T12:00:00+00:00,llo1,0,2025-07-11,6.00,15.030,17.096,15.030,11.737,2,45027,0.11,2026-08-10T14:23:27+00:00
2025-07-11T12:00:00+00:00,llo1,0,2025-07-11,8.00,14.820,15.569,14.820,10.592,2,45027,0.11,2026-08-10T14:23:27+00:00
2025-07-11T12:00:00+00:00,llo1,0,2025-07-11,13.00,14.600,11.291,14.600,8.553,2,45027,0.11,2026-08-10T14:23:27+00:00
2025-07-11T12:00:00+00:00,llo1,0,2025-07-11,18.00,14.340,9.893,14.340,6.506,2,45027,0.11,2026-08-10T14:23:27+00:00
2025-07-11T12:00:00+00:00,llo1,0,2025-07-11,23.00,12.660,9.110,12.660,5.776,2,45027,0.11,2026-08-10T14:23:27+00:00
2025-07-11T12:00:00+00:00,llo1,0,2025-07-11,28.00,10.360,8.686,10.360,5.154,2,45027,0.11,2026-08-10T14:23:27+00:00
2025-07-11T12:00:00+00:00,llo1,0,2025-07-11,33.00,8.410,8.344,8.410,4.992,2,45027,0.11,2026-08-10T14:23:27+00:00
2025-07-11T12:00:00+00:00,llo1,0,2025-07-11,38.00,6.630,7.921,6.630,4.748,2,45027,0.11,2026-08-10T14:23:27+00:00
2025-07-11T12:00:00+00:00,llo1,0,2025-07-11,43.00,5.140,7.732,5.140,,2,45027,0.11,2026-08-10T14:23:27+00:00
2025-07-12T12:00:00+00:00,llo1,0,2025-07-12,6.00,15.220,12.077,15.220,11.401,2,45027,0.11,2026-08-10T14:23:27+00:00
2025-07-12T12:00:00+00:00,llo1,0,2025-07-12,8.00,15.030,10.711,15.030,10.225,2,45027,0.11,2026-08-10T14:23:27+00:00
2025-07-12T12:00:00+00:00,llo1,0,2025-07-12,13.00,14.110,9.873,14.110,8.324,2,45027,0.11,2026-08-10T14:23:27+00:00
2025-07-12T12:00:00+00:00,llo1,0,2025-07-12,18.00,12.360,9.202,12.360,6.319,2,45027,0.11,2026-08-10T14:23:27+00:00
2025-07-12T12:00:00+00:00,llo1,0,2025-07-12,23.00,10.830,8.658,10.830,5.596,2,45027,0.11,2026-08-10T14:23:27+00:00
2025-07-12T12:00:00+00:00,llo1,0,2025-07-12,28.00,9.850,8.107,9.850,5.031,2,45027,0.11,2026-08-10T14:23:27+00:00
2025-07-12T12:00:00+00:00,llo1,0,2025-07-12,33.00,9.000,7.704,9.000,4.885,2,45027,0.11,2026-08-10T14:23:27+00:00
2025-07-12T12:00:00+00:00,llo1,0,2025-07-12,38.00,7.330,7.403,7.330,4.657,2,45027,0.11,2026-08-10T14:23:27+00:00
2025-07-12T12:00:00+00:00,llo1,0,2025-07-12,43.00,5.660,7.149,5.660,,2,45027,0.11,2026-08-10T14:23:27+00:00
2025-07-13T12:00:00+00:00,llo1,0,2025-07-13,6.00,14.680,10.441,14.680,11.697,2,45027,0.11,2026-08-10T14:23:27+00:00
2025-07-13T12:00:00+00:00,llo1,0,2025-07-13,8.00,13.400,9.708,13.400,10.410,2,45027,0.11,2026-08-10T14:23:27+00:00
2025-07-13T12:00:00+00:00,llo1,0,2025-07-13,13.00,12.230,9.003,12.230,8.347,2,45027,0.11,2026-08-10T14:23:27+00:00
2025-07-13T12:00:00+00:00,llo1,0,2025-07-13,18.00,10.150,8.261,10.150,6.341,2,45027,0.11,2026-08-10T14:23:27+00:00
2025-07-13T12:00:00+00:00,llo1,0,2025-07-13,23.00,8.010,7.803,8.010,5.632,2,45027,0.11,2026-08-10T14:23:27+00:00
2025-07-13T12:00:00+00:00,llo1,0,2025-07-13,28.00,6.990,7.475,6.990,5.060,2,45027,0.11,2026-08-10T14:23:27+00:00
2025-07-13T12:00:00+00:00,llo1,0,2025-07-13,33.00,5.430,7.366,5.430,4.893,2,45027,0.11,2026-08-10T14:23:27+00:00
2025-07-13T12:00:00+00:00,llo1,0,2025-07-13,38.00,4.900,7.286,4.900,4.659,2,45027,0.11,2026-08-10T14:23:27+00:00
2025-07-13T12:00:00+00:00,llo1,0,2025-07-13,43.00,4.370,7.210,4.370,,2,45027,0.11,2026-08-10T14:23:27+00:00
2025-07-14T12:00:00+00:00,llo1,0,2025-07-14,6.00,12.520,8.851,12.520,11.638,2,45027,0.11,2026-08-10T14:23:27+00:00
2025-07-14T12:00:00+00:00,llo1,0,2025-07-14,8.00,10.990,8.819,10.990,10.264,2,45027,0.11,2026-08-10T14:23:27+00:00
2025-07-14T12:00:00+00:00,llo1,0,2025-07-14,13.00,10.160,8.240,10.160,8.202,2,45027,0.11,2026-08-10T14:23:27+00:00
2025-07-14T12:00:00+00:00,llo1,0,2025-07-14,18.00,8.640,7.541,8.640,6.297,2,45027,0.11,2026-08-10T14:23:27+00:00
2025-07-14T12:00:00+00:00,llo1,0,2025-07-14,23.00,7.200,7.228,7.200,5.617,2,45027,0.11,2026-08-10T14:23:27+00:00
2025-07-14T12:00:00+00:00,llo1,0,2025-07-14,28.00,5.340,7.089,5.340,5.034,2,45027,0.11,2026-08-10T14:23:27+00:00
2025-07-14T12:00:00+00:00,llo1,0,2025-07-14,33.00,4.820,7.020,4.820,4.897,2,45027,0.11,2026-08-10T14:23:27+00:00
2025-07-14T12:00:00+00:00,llo1,0,2025-07-14,38.00,4.570,6.911,4.570,4.676,2,45027,0.11,2026-08-10T14:23:27+00:00
2025-07-14T12:00:00+00:00,llo1,0,2025-07-14,43.00,4.360,6.840,4.360,,2,45027,0.11,2026-08-10T14:23:27+00:00
2025-07-15T12:00:00+00:00,llo1,0,2025-07-15,6.00,16.550,10.174,16.550,12.048,2,45027,0.11,2026-08-10T14:23:27+00:00
2025-07-15T12:00:00+00:00,llo1,0,2025-07-15,8.00,16.460,8.496,16.460,10.580,2,45027,0.11,2026-08-10T14:23:27+00:00
2025-07-15T12:00:00+00:00,llo1,0,2025-07-15,13.00,12.720,7.927,12.720,8.426,2,45027,0.11,2026-08-10T14:23:27+00:00
2025-07-15T12:00:00+00:00,llo1,0,2025-07-15,18.00,9.890,7.298,9.890,6.439,2,45027,0.11,2026-08-10T14:23:27+00:00
2025-07-15T12:00:00+00:00,llo1,0,2025-07-15,23.00,7.380,7.093,7.380,5.701,2,45027,0.11,2026-08-10T14:23:27+00:00
2025-07-15T12:00:00+00:00,llo1,0,2025-07-15,28.00,6.090,6.984,6.090,5.074,2,45027,0.11,2026-08-10T14:23:27+00:00
2025-07-15T12:00:00+00:00,llo1,0,2025-07-15,33.00,5.330,6.897,5.330,4.942,2,45027,0.11,2026-08-10T14:23:27+00:00
2025-07-15T12:00:00+00:00,llo1,0,2025-07-15,38.00,5.050,6.817,5.050,4.701,2,45027,0.11,2026-08-10T14:23:27+00:00
2025-07-15T12:00:00+00:00,llo1,0,2025-07-15,43.00,4.710,6.758,4.710,,2,45027,0.11,2026-08-10T14:23:27+00:00
2025-07-16T12:00:00+00:00,llo1,0,2025-07-16,6.00,17.060,19.896,17.060,12.401,2,45027,0.11,2026-08-10T14:23:27+00:00
2025-07-16T12:00:00+00:00,llo1,0,2025-07-16,8.00,17.100,17.443,17.100,11.000,2,45027,0.11,2026-08-10T14:23:27+00:00
2025-07-16T12:00:00+00:00,llo1,0,2025-07-16,13.00,17.080,9.529,17.080,8.765,2,45027,0.11,2026-08-10T14:23:27+00:00
2025-07-16T12:00:00+00:00,llo1,0,2025-07-16,18.00,15.560,7.741,15.560,6.599,2,45027,0.11,2026-08-10T14:23:27+00:00
2025-07-16T12:00:00+00:00,llo1,0,2025-07-16,23.00,8.810,7.279,8.810,5.752,2,45027,0.11,2026-08-10T14:23:27+00:00
2025-07-16T12:00:00+00:00,llo1,0,2025-07-16,28.00,7.790,7.020,7.790,5.125,2,45027,0.11,2026-08-10T14:23:27+00:00
2025-07-16T12:00:00+00:00,llo1,0,2025-07-16,33.00,6.280,6.886,6.280,4.980,2,45027,0.11,2026-08-10T14:23:27+00:00
2025-07-16T12:00:00+00:00,llo1,0,2025-07-16,38.00,5.380,6.819,5.380,4.728,2,45027,0.11,2026-08-10T14:23:27+00:00
2025-07-16T12:00:00+00:00,llo1,0,2025-07-16,43.00,4.820,6.776,4.820,,2,45027,0.11,2026-08-10T14:23:27+00:00
2025-07-17T12:00:00+00:00,llo1,0,2025-07-17,6.00,16.410,17.483,16.410,12.665,2,45027,0.11,2026-08-10T14:23:27+00:00
2025-07-17T12:00:00+00:00,llo1,0,2025-07-17,8.00,16.430,14.755,16.430,11.348,2,45027,0.11,2026-08-10T14:23:27+00:00
2025-07-17T12:00:00+00:00,llo1,0,2025-07-17,13.00,16.080,11.189,16.080,9.214,2,45027,0.11,2026-08-10T14:23:27+00:00
2025-07-17T12:00:00+00:00,llo1,0,2025-07-17,18.00,15.940,10.187,15.940,7.183,2,45027,0.11,2026-08-10T14:23:27+00:00
2025-07-17T12:00:00+00:00,llo1,0,2025-07-17,23.00,15.010,9.072,15.010,6.367,2,45027,0.11,2026-08-10T14:23:27+00:00
2025-07-17T12:00:00+00:00,llo1,0,2025-07-17,28.00,9.360,8.394,9.360,5.316,2,45027,0.11,2026-08-10T14:23:27+00:00
2025-07-17T12:00:00+00:00,llo1,0,2025-07-17,33.00,6.620,7.722,6.620,5.039,2,45027,0.11,2026-08-10T14:23:27+00:00
2025-07-17T12:00:00+00:00,llo1,0,2025-07-17,38.00,5.110,7.204,5.110,4.765,2,45027,0.11,2026-08-10T14:23:27+00:00
2025-07-17T12:00:00+00:00,llo1,0,2025-07-17,43.00,4.800,7.135,4.800,,2,45027,0.11,2026-08-10T14:23:27+00:00
2025-07-18T12:00:00+00:00,llo1,0,2025-07-18,6.00,16.190,12.073,16.190,13.240,2,45027,0.11,2026-08-10T14:23:27+00:00
2025-07-18T12:00:00+00:00,llo1,0,2025-07-18,8.00,16.140,11.553,16.140,11.995,2,45027,0.11,2026-08-10T14:23:27+00:00
2025-07-18T12:00:00+00:00,llo1,0,2025-07-18,13.00,16.060,10.570,16.060,9.783,2,45027,0.11,2026-08-10T14:23:27+00:00
2025-07-18T12:00:00+00:00,llo1,0,2025-07-18,18.00,14.930,9.738,14.930,7.823,2,45027,0.11,2026-08-10T14:23:27+00:00
2025-07-18T12:00:00+00:00,llo1,0,2025-07-18,23.00,9.830,9.014,9.830,7.030,2,45027,0.11,2026-08-10T14:23:27+00:00
2025-07-18T12:00:00+00:00,llo1,0,2025-07-18,28.00,8.060,8.449,8.060,5.424,2,45027,0.11,2026-08-10T14:23:27+00:00
2025-07-18T12:00:00+00:00,llo1,0,2025-07-18,33.00,7.240,8.020,7.240,5.111,2,45027,0.11,2026-08-10T14:23:27+00:00
2025-07-18T12:00:00+00:00,llo1,0,2025-07-18,38.00,6.340,7.848,6.340,4.821,2,45027,0.11,2026-08-10T14:23:27+00:00
2025-07-18T12:00:00+00:00,llo1,0,2025-07-18,43.00,5.480,7.649,5.480,,2,45027,0.11,2026-08-10T14:23:27+00:00
2025-07-19T12:00:00+00:00,llo1,0,2025-07-19,6.00,16.640,13.795,16.640,13.628,2,45027,0.11,2026-08-10T14:23:27+00:00
2025-07-19T12:00:00+00:00,llo1,0,2025-07-19,8.00,16.560,12.496,16.560,12.440,2,45027,0.11,2026-08-10T14:23:27+00:00
2025-07-19T12:00:00+00:00,llo1,0,2025-07-19,13.00,16.050,10.826,16.050,10.057,2,45027,0.11,2026-08-10T14:23:27+00:00
2025-07-19T12:00:00+00:00,llo1,0,2025-07-19,18.00,15.970,9.605,15.970,8.117,2,45027,0.11,2026-08-10T14:23:27+00:00
2025-07-19T12:00:00+00:00,llo1,0,2025-07-19,23.00,12.860,8.851,12.860,7.259,2,45027,0.11,2026-08-10T14:23:27+00:00
2025-07-19T12:00:00+00:00,llo1,0,2025-07-19,28.00,8.810,8.319,8.810,5.491,2,45027,0.11,2026-08-10T14:23:27+00:00
2025-07-19T12:00:00+00:00,llo1,0,2025-07-19,33.00,5.690,8.019,5.690,5.147,2,45027,0.11,2026-08-10T14:23:27+00:00
2025-07-19T12:00:00+00:00,llo1,0,2025-07-19,38.00,5.220,7.776,5.220,4.838,2,45027,0.11,2026-08-10T14:23:27+00:00
2025-07-19T12:00:00+00:00,llo1,0,2025-07-19,43.00,4.770,7.724,4.770,,2,45027,0.11,2026-08-10T14:23:27+00:00
2025-07-20T12:00:00+00:00,llo1,0,2025-07-20,6.00,17.120,12.624,17.120,13.885,2,45027,0.11,2026-08-10T14:23:27+00:00
2025-07-20T12:00:00+00:00,llo1,0,2025-07-20,8.00,17.060,11.802,17.060,12.730,2,45027,0.11,2026-08-10T14:23:27+00:00
2025-07-20T12:00:00+00:00,llo1,0,2025-07-20,13.00,16.230,10.410,16.230,9.965,2,45027,0.11,2026-08-10T14:23:27+00:00
2025-07-20T12:00:00+00:00,llo1,0,2025-07-20,18.00,9.960,9.429,9.960,8.096,2,45027,0.11,2026-08-10T14:23:27+00:00
2025-07-20T12:00:00+00:00,llo1,0,2025-07-20,23.00,8.370,8.771,8.370,7.099,2,45027,0.11,2026-08-10T14:23:27+00:00
2025-07-20T12:00:00+00:00,llo1,0,2025-07-20,28.00,6.760,8.340,6.760,5.443,2,45027,0.11,2026-08-10T14:23:27+00:00
2025-07-20T12:00:00+00:00,llo1,0,2025-07-20,33.00,5.780,8.087,5.780,5.095,2,45027,0.11,2026-08-10T14:23:27+00:00
2025-07-20T12:00:00+00:00,llo1,0,2025-07-20,38.00,5.020,7.817,5.020,4.780,2,45027,0.11,2026-08-10T14:23:27+00:00
2025-07-20T12:00:00+00:00,llo1,0,2025-07-20,43.00,4.840,7.696,4.840,,2,45027,0.11,2026-08-10T14:23:27+00:00
2025-07-21T12:00:00+00:00,llo1,0,2025-07-21,6.00,16.760,12.786,16.760,14.601,2,45027,0.11,2026-08-10T14:23:27+00:00
2025-07-21T12:00:00+00:00,llo1,0,2025-07-21,8.00,16.720,10.982,16.720,13.390,2,45027,0.11,2026-08-10T14:23:27+00:00
2025-07-21T12:00:00+00:00,llo1,0,2025-07-21,13.00,16.140,9.874,16.140,10.433,2,45027,0.11,2026-08-10T14:23:27+00:00
2025-07-21T12:00:00+00:00,llo1,0,2025-07-21,18.00,15.290,9.124,15.290,8.203,2,45027,0.11,2026-08-10T14:23:27+00:00
2025-07-21T12:00:00+00:00,llo1,0,2025-07-21,23.00,8.810,8.587,8.810,7.187,2,45027,0.11,2026-08-10T14:23:27+00:00
2025-07-21T12:00:00+00:00,llo1,0,2025-07-21,28.00,6.830,8.216,6.830,5.510,2,45027,0.11,2026-08-10T14:23:27+00:00
2025-07-21T12:00:00+00:00,llo1,0,2025-07-21,33.00,5.710,7.988,5.710,5.148,2,45027,0.11,2026-08-10T14:23:27+00:00
2025-07-21T12:00:00+00:00,llo1,0,2025-07-21,38.00,4.970,7.729,4.970,4.816,2,45027,0.11,2026-08-10T14:23:27+00:00
2025-07-21T12:00:00+00:00,llo1,0,2025-07-21,43.00,4.760,7.643,4.760,,2,45027,0.11,2026-08-10T14:23:27+00:00
2025-07-22T12:00:00+00:00,llo1,0,2025-07-22,6.00,16.600,15.128,16.600,15.042,2,45027,0.11,2026-08-10T14:23:27+00:00
2025-07-22T12:00:00+00:00,llo1,0,2025-07-22,8.00,16.620,13.259,16.620,13.937,2,45027,0.11,2026-08-10T14:23:27+00:00
2025-07-22T12:00:00+00:00,llo1,0,2025-07-22,13.00,16.520,10.421,16.520,11.016,2,45027,0.11,2026-08-10T14:23:27+00:00
2025-07-22T12:00:00+00:00,llo1,0,2025-07-22,18.00,16.460,9.476,16.460,8.607,2,45027,0.11,2026-08-10T14:23:27+00:00
2025-07-22T12:00:00+00:00,llo1,0,2025-07-22,23.00,14.220,8.601,14.220,7.369,2,45027,0.11,2026-08-10T14:23:27+00:00
2025-07-22T12:00:00+00:00,llo1,0,2025-07-22,28.00,7.650,8.139,7.650,5.643,2,45027,0.11,2026-08-10T14:23:27+00:00
2025-07-22T12:00:00+00:00,llo1,0,2025-07-22,33.00,5.500,7.866,5.500,5.260,2,45027,0.11,2026-08-10T14:23:27+00:00
2025-07-22T12:00:00+00:00,llo1,0,2025-07-22,38.00,4.990,7.707,4.990,4.896,2,45027,0.11,2026-08-10T14:23:27+00:00
2025-07-22T12:00:00+00:00,llo1,0,2025-07-22,43.00,4.540,7.600,4.540,,2,45027,0.11,2026-08-10T14:23:27+00:00
2025-07-23T12:00:00+00:00,llo1,0,2025-07-23,6.00,16.810,13.116,16.810,15.382,2,45027,0.11,2026-08-10T14:23:27+00:00
2025-07-23T12:00:00+00:00,llo1,0,2025-07-23,8.00,16.730,11.430,16.730,14.349,2,45027,0.11,2026-08-10T14:23:27+00:00
2025-07-23T12:00:00+00:00,llo1,0,2025-07-23,13.00,16.450,9.494,16.450,11.399,2,45027,0.11,2026-08-10T14:23:27+00:00
2025-07-23T12:00:00+00:00,llo1,0,2025-07-23,18.00,16.420,9.011,16.420,8.758,2,45027,0.11,2026-08-10T14:23:27+00:00
2025-07-23T12:00:00+00:00,llo1,0,2025-07-23,23.00,10.150,8.499,10.150,7.481,2,45027,0.11,2026-08-10T14:23:27+00:00
2025-07-23T12:00:00+00:00,llo1,0,2025-07-23,28.00,6.620,8.133,6.620,5.725,2,45027,0.11,2026-08-10T14:23:27+00:00
2025-07-23T12:00:00+00:00,llo1,0,2025-07-23,33.00,5.430,7.844,5.430,5.316,2,45027,0.11,2026-08-10T14:23:27+00:00
2025-07-23T12:00:00+00:00,llo1,0,2025-07-23,38.00,4.890,7.657,4.890,4.942,2,45027,0.11,2026-08-10T14:23:27+00:00
2025-07-23T12:00:00+00:00,llo1,0,2025-07-23,43.00,4.700,7.625,4.700,,2,45027,0.11,2026-08-10T14:23:27+00:00
2025-07-24T12:00:00+00:00,llo1,0,2025-07-24,6.00,16.640,12.887,16.640,15.719,2,45027,0.11,2026-08-10T14:23:27+00:00
2025-07-24T12:00:00+00:00,llo1,0,2025-07-24,8.00,16.420,11.304,16.420,14.740,2,45027,0.11,2026-08-10T14:23:27+00:00
2025-07-24T12:00:00+00:00,llo1,0,2025-07-24,13.00,16.210,9.479,16.210,11.776,2,45027,0.11,2026-08-10T14:23:27+00:00
2025-07-24T12:00:00+00:00,llo1,0,2025-07-24,18.00,14.930,8.624,14.930,8.970,2,45027,0.11,2026-08-10T14:23:27+00:00
2025-07-24T12:00:00+00:00,llo1,0,2025-07-24,23.00,7.520,8.048,7.520,7.622,2,45027,0.11,2026-08-10T14:23:27+00:00
2025-07-24T12:00:00+00:00,llo1,0,2025-07-24,28.00,5.620,7.752,5.620,5.788,2,45027,0.11,2026-08-10T14:23:27+00:00
2025-07-24T12:00:00+00:00,llo1,0,2025-07-24,33.00,4.910,7.580,4.910,5.355,2,45027,0.11,2026-08-10T14:23:27+00:00
2025-07-24T12:00:00+00:00,llo1,0,2025-07-24,38.00,4.750,7.515,4.750,4.972,2,45027,0.11,2026-08-10T14:23:27+00:00
2025-07-24T12:00:00+00:00,llo1,0,2025-07-24,43.00,4.550,7.404,4.550,,2,45027,0.11,2026-08-10T14:23:27+00:00
2025-07-25T12:00:00+00:00,llo1,0,2025-07-25,6.00,17.040,11.456,17.040,16.268,2,45027,0.11,2026-08-10T14:23:27+00:00
2025-07-25T12:00:00+00:00,llo1,0,2025-07-25,8.00,16.730,10.460,16.730,15.233,2,45027,0.11,2026-08-10T14:23:27+00:00
2025-07-25T12:00:00+00:00,llo1,0,2025-07-25,13.00,15.350,9.295,15.350,11.931,2,45027,0.11,2026-08-10T14:23:27+00:00
2025-07-25T12:00:00+00:00,llo1,0,2025-07-25,18.00,12.900,8.551,12.900,9.007,2,45027,0.11,2026-08-10T14:23:27+00:00
2025-07-25T12:00:00+00:00,llo1,0,2025-07-25,23.00,7.110,7.981,7.110,7.634,2,45027,0.11,2026-08-10T14:23:27+00:00
2025-07-25T12:00:00+00:00,llo1,0,2025-07-25,28.00,5.280,7.651,5.280,5.820,2,45027,0.11,2026-08-10T14:23:27+00:00
2025-07-25T12:00:00+00:00,llo1,0,2025-07-25,33.00,4.880,7.518,4.880,5.377,2,45027,0.11,2026-08-10T14:23:27+00:00
2025-07-25T12:00:00+00:00,llo1,0,2025-07-25,38.00,4.620,7.388,4.620,4.971,2,45027,0.11,2026-08-10T14:23:27+00:00
2025-07-25T12:00:00+00:00,llo1,0,2025-07-25,43.00,4.360,7.301,4.360,,2,45027,0.11,2026-08-10T14:23:27+00:00
2025-07-26T12:00:00+00:00,llo1,0,2025-07-26,6.00,17.700,12.598,17.700,16.735,2,45027,0.11,2026-08-10T14:23:27+00:00
2025-07-26T12:00:00+00:00,llo1,0,2025-07-26,8.00,16.630,11.250,16.630,15.668,2,45027,0.11,2026-08-10T14:23:27+00:00
2025-07-26T12:00:00+00:00,llo1,0,2025-07-26,13.00,15.130,10.020,15.130,12.232,2,45027,0.11,2026-08-10T14:23:27+00:00
2025-07-26T12:00:00+00:00,llo1,0,2025-07-26,18.00,13.570,9.181,13.570,9.177,2,45027,0.11,2026-08-10T14:23:27+00:00
2025-07-26T12:00:00+00:00,llo1,0,2025-07-26,23.00,6.220,8.521,6.220,7.746,2,45027,0.11,2026-08-10T14:23:27+00:00
2025-07-26T12:00:00+00:00,llo1,0,2025-07-26,28.00,4.940,8.174,4.940,5.875,2,45027,0.11,2026-08-10T14:23:27+00:00
2025-07-26T12:00:00+00:00,llo1,0,2025-07-26,33.00,4.640,7.960,4.640,5.428,2,45027,0.11,2026-08-10T14:23:27+00:00
2025-07-26T12:00:00+00:00,llo1,0,2025-07-26,38.00,4.450,7.758,4.450,5.012,2,45027,0.11,2026-08-10T14:23:27+00:00
2025-07-26T12:00:00+00:00,llo1,0,2025-07-26,43.00,4.270,7.712,4.270,,2,45027,0.11,2026-08-10T14:23:27+00:00
2025-07-27T12:00:00+00:00,llo1,0,2025-07-27,6.00,17.270,10.196,17.270,17.006,2,45027,0.11,2026-08-10T14:23:27+00:00
2025-07-27T12:00:00+00:00,llo1,0,2025-07-27,8.00,16.370,9.344,16.370,15.744,2,45027,0.11,2026-08-10T14:23:27+00:00
2025-07-27T12:00:00+00:00,llo1,0,2025-07-27,13.00,14.780,9.270,14.780,12.108,2,45027,0.11,2026-08-10T14:23:27+00:00
2025-07-27T12:00:00+00:00,llo1,0,2025-07-27,18.00,10.970,8.663,10.970,9.136,2,45027,0.11,2026-08-10T14:23:27+00:00
2025-07-27T12:00:00+00:00,llo1,0,2025-07-27,23.00,5.520,8.125,5.520,7.739,2,45027,0.11,2026-08-10T14:23:27+00:00
2025-07-27T12:00:00+00:00,llo1,0,2025-07-27,28.00,4.890,7.843,4.890,5.909,2,45027,0.11,2026-08-10T14:23:27+00:00
2025-07-27T12:00:00+00:00,llo1,0,2025-07-27,33.00,4.520,7.635,4.520,5.452,2,45027,0.11,2026-08-10T14:23:27+00:00
2025-07-27T12:00:00+00:00,llo1,0,2025-07-27,38.00,4.350,7.552,4.350,5.023,2,45027,0.11,2026-08-10T14:23:27+00:00
2025-07-27T12:00:00+00:00,llo1,0,2025-07-27,43.00,4.240,7.440,4.240,,2,45027,0.11,2026-08-10T14:23:27+00:00
2025-07-28T12:00:00+00:00,llo1,0,2025-07-28,6.00,15.700,9.439,15.700,17.106,2,45027,0.11,2026-08-10T14:23:27+00:00
2025-07-28T12:00:00+00:00,llo1,0,2025-07-28,8.00,15.290,9.273,15.290,15.752,2,45027,0.11,2026-08-10T14:23:27+00:00
2025-07-28T12:00:00+00:00,llo1,0,2025-07-28,13.00,11.110,8.662,11.110,12.048,2,45027,0.11,2026-08-10T14:23:27+00:00
2025-07-28T12:00:00+00:00,llo1,0,2025-07-28,18.00,7.730,7.928,7.730,9.136,2,45027,0.11,2026-08-10T14:23:27+00:00
2025-07-28T12:00:00+00:00,llo1,0,2025-07-28,23.00,5.160,7.533,5.160,7.735,2,45027,0.11,2026-08-10T14:23:27+00:00
2025-07-28T12:00:00+00:00,llo1,0,2025-07-28,28.00,4.740,7.388,4.740,5.894,2,45027,0.11,2026-08-10T14:23:27+00:00
2025-07-28T12:00:00+00:00,llo1,0,2025-07-28,33.00,4.620,7.348,4.620,5.436,2,45027,0.11,2026-08-10T14:23:27+00:00
2025-07-28T12:00:00+00:00,llo1,0,2025-07-28,38.00,4.450,7.307,4.450,5.009,2,45027,0.11,2026-08-10T14:23:27+00:00
2025-07-28T12:00:00+00:00,llo1,0,2025-07-28,43.00,4.260,7.244,4.260,,2,45027,0.11,2026-08-10T14:23:27+00:00
2025-07-29T12:00:00+00:00,llo1,0,2025-07-29,6.00,18.740,9.920,18.740,17.488,2,45027,0.11,2026-08-10T14:23:27+00:00
2025-07-29T12:00:00+00:00,llo1,0,2025-07-29,8.00,16.140,9.419,16.140,16.059,2,45027,0.11,2026-08-10T14:23:27+00:00
2025-07-29T12:00:00+00:00,llo1,0,2025-07-29,13.00,14.520,8.622,14.520,12.349,2,45027,0.11,2026-08-10T14:23:27+00:00
2025-07-29T12:00:00+00:00,llo1,0,2025-07-29,18.00,8.540,8.233,8.540,9.399,2,45027,0.11,2026-08-10T14:23:27+00:00
2025-07-29T12:00:00+00:00,llo1,0,2025-07-29,23.00,5.550,7.851,5.550,7.797,2,45027,0.11,2026-08-10T14:23:27+00:00
2025-07-29T12:00:00+00:00,llo1,0,2025-07-29,28.00,4.970,7.555,4.970,5.914,2,45027,0.11,2026-08-10T14:23:27+00:00
2025-07-29T12:00:00+00:00,llo1,0,2025-07-29,33.00,4.660,7.395,4.660,5.434,2,45027,0.11,2026-08-10T14:23:27+00:00
2025-07-29T12:00:00+00:00,llo1,0,2025-07-29,38.00,4.470,7.330,4.470,5.010,2,45027,0.11,2026-08-10T14:23:27+00:00
2025-07-29T12:00:00+00:00,llo1,0,2025-07-29,43.00,4.310,7.278,4.310,,2,45027,0.11,2026-08-10T14:23:27+00:00
2025-07-30T12:00:00+00:00,llo1,0,2025-07-30,6.00,22.340,10.418,22.340,17.583,2,45027,0.11,2026-08-10T14:23:27+00:00
2025-07-30T12:00:00+00:00,llo1,0,2025-07-30,8.00,18.420,9.909,18.420,16.273,2,45027,0.11,2026-08-10T14:23:27+00:00
2025-07-30T12:00:00+00:00,llo1,0,2025-07-30,13.00,13.100,8.993,13.100,12.658,2,45027,0.11,2026-08-10T14:23:27+00:00
2025-07-30T12:00:00+00:00,llo1,0,2025-07-30,18.00,9.170,8.522,9.170,9.930,2,45027,0.11,2026-08-10T14:23:27+00:00
2025-07-30T12:00:00+00:00,llo1,0,2025-07-30,23.00,6.960,8.030,6.960,8.301,2,45027,0.11,2026-08-10T14:23:27+00:00
2025-07-30T12:00:00+00:00,llo1,0,2025-07-30,28.00,5.310,7.757,5.310,5.986,2,45027,0.11,2026-08-10T14:23:27+00:00
2025-07-30T12:00:00+00:00,llo1,0,2025-07-30,33.00,4.820,7.574,4.820,5.452,2,45027,0.11,2026-08-10T14:23:27+00:00
2025-07-30T12:00:00+00:00,llo1,0,2025-07-30,38.00,4.570,7.477,4.570,5.015,2,45027,0.11,2026-08-10T14:23:27+00:00
2025-07-30T12:00:00+00:00,llo1,0,2025-07-30,43.00,4.350,7.473,4.350,,2,45027,0.11,2026-08-10T14:23:27+00:00
2025-07-31T12:00:00+00:00,llo1,0,2025-07-31,6.00,21.510,14.437,21.510,17.849,2,45027,0.11,2026-08-10T14:23:27+00:00
2025-07-31T12:00:00+00:00,llo1,0,2025-07-31,8.00,21.520,12.158,21.520,16.565,2,45027,0.11,2026-08-10T14:23:27+00:00
2025-07-31T12:00:00+00:00,llo1,0,2025-07-31,13.00,15.660,9.811,15.660,13.159,2,45027,0.11,2026-08-10T14:23:27+00:00
2025-07-31T12:00:00+00:00,llo1,0,2025-07-31,18.00,8.810,8.937,8.810,10.387,2,45027,0.11,2026-08-10T14:23:27+00:00
2025-07-31T12:00:00+00:00,llo1,0,2025-07-31,23.00,5.620,8.293,5.620,8.447,2,45027,0.11,2026-08-10T14:23:27+00:00
2025-07-31T12:00:00+00:00,llo1,0,2025-07-31,28.00,4.960,8.007,4.960,6.021,2,45027,0.11,2026-08-10T14:23:27+00:00
2025-07-31T12:00:00+00:00,llo1,0,2025-07-31,33.00,4.670,7.811,4.670,5.463,2,45027,0.11,2026-08-10T14:23:27+00:00
2025-07-31T12:00:00+00:00,llo1,0,2025-07-31,38.00,4.460,7.645,4.460,5.026,2,45027,0.11,2026-08-10T14:23:27+00:00
2025-07-31T12:00:00+00:00,llo1,0,2025-07-31,43.00,4.250,7.625,4.250,,2,45027,0.11,2026-08-10T14:23:27+00:00
2025-08-01T12:00:00+00:00,llo1,0,2025-08-01,6.00,20.850,11.477,20.850,17.903,2,45027,0.11,2026-08-10T14:23:27+00:00
2025-08-01T12:00:00+00:00,llo1,0,2025-08-01,8.00,20.640,10.106,20.640,16.640,2,45027,0.11,2026-08-10T14:23:27+00:00
2025-08-01T12:00:00+00:00,llo1,0,2025-08-01,13.00,15.300,9.307,15.300,13.086,2,45027,0.11,2026-08-10T14:23:27+00:00
2025-08-01T12:00:00+00:00,llo1,0,2025-08-01,18.00,7.990,8.498,7.990,9.842,2,45027,0.11,2026-08-10T14:23:27+00:00
2025-08-01T12:00:00+00:00,llo1,0,2025-08-01,23.00,5.910,8.091,5.910,7.820,2,45027,0.11,2026-08-10T14:23:27+00:00
2025-08-01T12:00:00+00:00,llo1,0,2025-08-01,28.00,4.830,7.966,4.830,5.837,2,45027,0.11,2026-08-10T14:23:27+00:00
2025-08-01T12:00:00+00:00,llo1,0,2025-08-01,33.00,4.550,7.815,4.550,5.393,2,45027,0.11,2026-08-10T14:23:27+00:00
2025-08-01T12:00:00+00:00,llo1,0,2025-08-01,38.00,4.350,7.708,4.350,4.981,2,45027,0.11,2026-08-10T14:23:27+00:00
2025-08-01T12:00:00+00:00,llo1,0,2025-08-01,43.00,4.190,7.686,4.190,,2,45027,0.11,2026-08-10T14:23:27+00:00
2025-08-02T12:00:00+00:00,llo1,0,2025-08-02,6.00,19.790,10.413,19.790,17.777,2,45027,0.11,2026-08-10T14:23:27+00:00
2025-08-02T12:00:00+00:00,llo1,0,2025-08-02,8.00,16.320,9.205,16.320,16.344,2,45027,0.11,2026-08-10T14:23:27+00:00
2025-08-02T12:00:00+00:00,llo1,0,2025-08-02,13.00,10.300,8.627,10.300,12.677,2,45027,0.11,2026-08-10T14:23:27+00:00
2025-08-02T12:00:00+00:00,llo1,0,2025-08-02,18.00,6.660,8.113,6.660,9.327,2,45027,0.11,2026-08-10T14:23:27+00:00
2025-08-02T12:00:00+00:00,llo1,0,2025-08-02,23.00,5.150,7.888,5.150,7.275,2,45027,0.11,2026-08-10T14:23:27+00:00
2025-08-02T12:00:00+00:00,llo1,0,2025-08-02,28.00,4.800,7.739,4.800,5.774,2,45027,0.11,2026-08-10T14:23:27+00:00
2025-08-02T12:00:00+00:00,llo1,0,2025-08-02,33.00,4.620,7.644,4.620,5.358,2,45027,0.11,2026-08-10T14:23:27+00:00
2025-08-02T12:00:00+00:00,llo1,0,2025-08-02,38.00,4.410,7.587,4.410,4.949,2,45027,0.11,2026-08-10T14:23:27+00:00
2025-08-02T12:00:00+00:00,llo1,0,2025-08-02,43.00,4.220,7.542,4.220,,2,45027,0.11,2026-08-10T14:23:27+00:00
2025-08-03T12:00:00+00:00,llo1,0,2025-08-03,6.00,15.630,8.841,15.630,17.226,2,45027,0.11,2026-08-10T14:23:27+00:00
2025-08-03T12:00:00+00:00,llo1,0,2025-08-03,8.00,14.860,8.487,14.860,15.801,2,45027,0.11,2026-08-10T14:23:27+00:00
2025-08-03T12:00:00+00:00,llo1,0,2025-08-03,13.00,9.320,8.207,9.320,12.422,2,45027,0.11,2026-08-10T14:23:27+00:00
2025-08-03T12:00:00+00:00,llo1,0,2025-08-03,18.00,6.440,7.857,6.440,9.062,2,45027,0.11,2026-08-10T14:23:27+00:00
2025-08-03T12:00:00+00:00,llo1,0,2025-08-03,23.00,4.720,7.674,4.720,7.048,2,45027,0.11,2026-08-10T14:23:27+00:00
2025-08-03T12:00:00+00:00,llo1,0,2025-08-03,28.00,4.560,7.544,4.560,5.708,2,45027,0.11,2026-08-10T14:23:27+00:00
2025-08-03T12:00:00+00:00,llo1,0,2025-08-03,33.00,4.390,7.461,4.390,5.327,2,45027,0.11,2026-08-10T14:23:27+00:00
2025-08-03T12:00:00+00:00,llo1,0,2025-08-03,38.00,4.290,7.416,4.290,4.931,2,45027,0.11,2026-08-10T14:23:27+00:00
2025-08-03T12:00:00+00:00,llo1,0,2025-08-03,43.00,4.150,7.341,4.150,,2,45027,0.11,2026-08-10T14:23:27+00:00
2025-08-04T12:00:00+00:00,llo1,0,2025-08-04,6.00,15.640,8.460,15.640,16.589,2,45027,0.11,2026-08-10T14:23:27+00:00
2025-08-04T12:00:00+00:00,llo1,0,2025-08-04,8.00,14.100,8.400,14.100,15.144,2,45027,0.11,2026-08-10T14:23:27+00:00
2025-08-04T12:00:00+00:00,llo1,0,2025-08-04,13.00,8.530,8.171,8.530,12.126,2,45027,0.11,2026-08-10T14:23:27+00:00
2025-08-04T12:00:00+00:00,llo1,0,2025-08-04,18.00,6.030,7.874,6.030,8.835,2,45027,0.11,2026-08-10T14:23:27+00:00
2025-08-04T12:00:00+00:00,llo1,0,2025-08-04,23.00,4.910,7.718,4.910,7.036,2,45027,0.11,2026-08-10T14:23:27+00:00
2025-08-04T12:00:00+00:00,llo1,0,2025-08-04,28.00,4.550,7.588,4.550,5.704,2,45027,0.11,2026-08-10T14:23:27+00:00
2025-08-04T12:00:00+00:00,llo1,0,2025-08-04,33.00,4.380,7.495,4.380,5.342,2,45027,0.11,2026-08-10T14:23:27+00:00
2025-08-04T12:00:00+00:00,llo1,0,2025-08-04,38.00,4.250,7.403,4.250,4.952,2,45027,0.11,2026-08-10T14:23:27+00:00
2025-08-04T12:00:00+00:00,llo1,0,2025-08-04,43.00,4.130,7.384,4.130,,2,45027,0.11,2026-08-10T14:23:27+00:00
2025-08-05T12:00:00+00:00,llo1,0,2025-08-05,6.00,21.370,12.793,21.370,15.927,2,45027,0.11,2026-08-10T14:23:27+00:00
2025-08-05T12:00:00+00:00,llo1,0,2025-08-05,8.00,21.410,10.398,21.410,14.595,2,45027,0.11,2026-08-10T14:23:27+00:00
2025-08-05T12:00:00+00:00,llo1,0,2025-08-05,13.00,21.030,9.043,21.030,11.875,2,45027,0.11,2026-08-10T14:23:27+00:00
2025-08-05T12:00:00+00:00,llo1,0,2025-08-05,18.00,8.480,8.432,8.480,9.005,2,45027,0.11,2026-08-10T14:23:27+00:00
2025-08-05T12:00:00+00:00,llo1,0,2025-08-05,23.00,6.280,8.168,6.280,6.977,2,45027,0.11,2026-08-10T14:23:27+00:00
2025-08-05T12:00:00+00:00,llo1,0,2025-08-05,28.00,4.970,7.932,4.970,5.667,2,45027,0.11,2026-08-10T14:23:27+00:00
2025-08-05T12:00:00+00:00,llo1,0,2025-08-05,33.00,4.620,7.721,4.620,5.312,2,45027,0.11,2026-08-10T14:23:27+00:00
2025-08-05T12:00:00+00:00,llo1,0,2025-08-05,38.00,4.440,7.550,4.440,4.925,2,45027,0.11,2026-08-10T14:23:27+00:00
2025-08-05T12:00:00+00:00,llo1,0,2025-08-05,43.00,4.220,7.490,4.220,,2,45027,0.11,2026-08-10T14:23:27+00:00
2025-08-06T12:00:00+00:00,llo1,0,2025-08-06,6.00,20.200,17.734,20.200,15.592,2,45027,0.11,2026-08-10T14:23:27+00:00
2025-08-06T12:00:00+00:00,llo1,0,2025-08-06,8.00,20.170,14.870,20.170,14.298,2,45027,0.11,2026-08-10T14:23:27+00:00
2025-08-06T12:00:00+00:00,llo1,0,2025-08-06,13.00,20.040,10.875,20.040,11.706,2,45027,0.11,2026-08-10T14:23:27+00:00
2025-08-06T12:00:00+00:00,llo1,0,2025-08-06,18.00,19.190,9.435,19.190,9.083,2,45027,0.11,2026-08-10T14:23:27+00:00
2025-08-06T12:00:00+00:00,llo1,0,2025-08-06,23.00,18.510,8.870,18.510,7.225,2,45027,0.11,2026-08-10T14:23:27+00:00
2025-08-06T12:00:00+00:00,llo1,0,2025-08-06,28.00,13.490,8.460,13.490,5.792,2,45027,0.11,2026-08-10T14:23:27+00:00
2025-08-06T12:00:00+00:00,llo1,0,2025-08-06,33.00,5.590,8.092,5.590,5.271,2,45027,0.11,2026-08-10T14:23:27+00:00
2025-08-06T12:00:00+00:00,llo1,0,2025-08-06,38.00,5.010,7.815,5.010,4.881,2,45027,0.11,2026-08-10T14:23:27+00:00
2025-08-06T12:00:00+00:00,llo1,0,2025-08-06,43.00,4.810,7.701,4.810,,2,45027,0.11,2026-08-10T14:23:27+00:00
2025-08-07T12:00:00+00:00,llo1,0,2025-08-07,6.00,19.680,16.331,19.680,15.170,2,45027,0.11,2026-08-10T14:23:27+00:00
2025-08-07T12:00:00+00:00,llo1,0,2025-08-07,8.00,19.680,14.754,19.680,13.912,2,45027,0.11,2026-08-10T14:23:27+00:00
2025-08-07T12:00:00+00:00,llo1,0,2025-08-07,13.00,19.450,11.613,19.450,11.635,2,45027,0.11,2026-08-10T14:23:27+00:00
2025-08-07T12:00:00+00:00,llo1,0,2025-08-07,18.00,19.350,9.870,19.350,9.427,2,45027,0.11,2026-08-10T14:23:27+00:00
2025-08-07T12:00:00+00:00,llo1,0,2025-08-07,23.00,12.830,9.000,12.830,7.622,2,45027,0.11,2026-08-10T14:23:27+00:00
2025-08-07T12:00:00+00:00,llo1,0,2025-08-07,28.00,5.550,8.264,5.550,6.197,2,45027,0.11,2026-08-10T14:23:27+00:00
2025-08-07T12:00:00+00:00,llo1,0,2025-08-07,33.00,4.880,7.933,4.880,5.414,2,45027,0.11,2026-08-10T14:23:27+00:00
2025-08-07T12:00:00+00:00,llo1,0,2025-08-07,38.00,4.620,7.728,4.620,4.904,2,45027,0.11,2026-08-10T14:23:27+00:00
2025-08-07T12:00:00+00:00,llo1,0,2025-08-07,43.00,4.390,7.626,4.390,,2,45027,0.11,2026-08-10T14:23:27+00:00
2025-08-08T12:00:00+00:00,llo1,0,2025-08-08,6.00,20.130,15.935,20.130,15.250,2,45027,0.11,2026-08-10T14:23:27+00:00
2025-08-08T12:00:00+00:00,llo1,0,2025-08-08,8.00,19.990,13.958,19.990,14.021,2,45027,0.11,2026-08-10T14:23:27+00:00
2025-08-08T12:00:00+00:00,llo1,0,2025-08-08,13.00,19.760,11.263,19.760,11.875,2,45027,0.11,2026-08-10T14:23:27+00:00
2025-08-08T12:00:00+00:00,llo1,0,2025-08-08,18.00,19.520,9.976,19.520,9.812,2,45027,0.11,2026-08-10T14:23:27+00:00
2025-08-08T12:00:00+00:00,llo1,0,2025-08-08,23.00,7.790,9.151,7.790,8.058,2,45027,0.11,2026-08-10T14:23:27+00:00
2025-08-08T12:00:00+00:00,llo1,0,2025-08-08,28.00,4.920,8.541,4.920,6.376,2,45027,0.11,2026-08-10T14:23:27+00:00
2025-08-08T12:00:00+00:00,llo1,0,2025-08-08,33.00,4.680,8.184,4.680,5.460,2,45027,0.11,2026-08-10T14:23:27+00:00
2025-08-08T12:00:00+00:00,llo1,0,2025-08-08,38.00,4.520,7.873,4.520,4.927,2,45027,0.11,2026-08-10T14:23:27+00:00
2025-08-08T12:00:00+00:00,llo1,0,2025-08-08,43.00,4.320,7.714,4.320,,2,45027,0.11,2026-08-10T14:23:27+00:00
2025-08-09T12:00:00+00:00,llo1,0,2025-08-09,6.00,20.280,15.750,20.280,15.446,2,45027,0.11,2026-08-10T14:23:27+00:00
2025-08-09T12:00:00+00:00,llo1,0,2025-08-09,8.00,20.280,13.793,20.280,13.983,2,45027,0.11,2026-08-10T14:23:27+00:00
2025-08-09T12:00:00+00:00,llo1,0,2025-08-09,13.00,20.070,11.454,20.070,12.072,2,45027,0.11,2026-08-10T14:23:27+00:00
2025-08-09T12:00:00+00:00,llo1,0,2025-08-09,18.00,19.640,10.386,19.640,9.909,2,45027,0.11,2026-08-10T14:23:27+00:00
2025-08-09T12:00:00+00:00,llo1,0,2025-08-09,23.00,7.420,9.544,7.420,8.089,2,45027,0.11,2026-08-10T14:23:27+00:00
2025-08-09T12:00:00+00:00,llo1,0,2025-08-09,28.00,5.020,8.948,5.020,6.392,2,45027,0.11,2026-08-10T14:23:27+00:00
2025-08-09T12:00:00+00:00,llo1,0,2025-08-09,33.00,4.730,8.510,4.730,5.469,2,45027,0.11,2026-08-10T14:23:27+00:00
2025-08-09T12:00:00+00:00,llo1,0,2025-08-09,38.00,4.530,8.153,4.530,4.942,2,45027,0.11,2026-08-10T14:23:27+00:00
2025-08-09T12:00:00+00:00,llo1,0,2025-08-09,43.00,4.400,7.959,4.400,,2,45027,0.11,2026-08-10T14:23:27+00:00
2025-08-10T12:00:00+00:00,llo1,0,2025-08-10,6.00,20.750,10.356,20.750,15.354,2,45027,0.11,2026-08-10T14:23:27+00:00
2025-08-10T12:00:00+00:00,llo1,0,2025-08-10,8.00,20.760,9.787,20.760,13.954,2,45027,0.11,2026-08-10T14:23:27+00:00
2025-08-10T12:00:00+00:00,llo1,0,2025-08-10,13.00,19.470,9.382,19.470,12.249,2,45027,0.11,2026-08-10T14:23:27+00:00
2025-08-10T12:00:00+00:00,llo1,0,2025-08-10,18.00,10.240,8.785,10.240,10.216,2,45027,0.11,2026-08-10T14:23:27+00:00
2025-08-10T12:00:00+00:00,llo1,0,2025-08-10,23.00,5.810,8.484,5.810,8.240,2,45027,0.11,2026-08-10T14:23:27+00:00
2025-08-10T12:00:00+00:00,llo1,0,2025-08-10,28.00,4.790,8.265,4.790,6.469,2,45027,0.11,2026-08-10T14:23:27+00:00
2025-08-10T12:00:00+00:00,llo1,0,2025-08-10,33.00,4.530,8.058,4.530,5.518,2,45027,0.11,2026-08-10T14:23:27+00:00
2025-08-10T12:00:00+00:00,llo1,0,2025-08-10,38.00,4.390,7.879,4.390,4.970,2,45027,0.11,2026-08-10T14:23:27+00:00
2025-08-10T12:00:00+00:00,llo1,0,2025-08-10,43.00,4.200,7.672,4.200,,2,45027,0.11,2026-08-10T14:23:27+00:00
2025-08-12T12:00:00+00:00,llo1,0,2025-08-12,6.00,11.150,8.503,11.150,14.876,2,45027,0.11,2026-08-10T14:23:27+00:00
2025-08-12T12:00:00+00:00,llo1,0,2025-08-12,8.00,9.900,8.375,9.900,13.778,2,45027,0.11,2026-08-10T14:23:27+00:00
2025-08-12T12:00:00+00:00,llo1,0,2025-08-12,13.00,6.780,7.946,6.780,12.304,2,45027,0.11,2026-08-10T14:23:27+00:00
2025-08-12T12:00:00+00:00,llo1,0,2025-08-12,18.00,5.230,7.644,5.230,10.281,2,45027,0.11,2026-08-10T14:23:27+00:00
2025-08-12T12:00:00+00:00,llo1,0,2025-08-12,23.00,4.680,7.573,4.680,8.399,2,45027,0.11,2026-08-10T14:23:27+00:00
2025-08-12T12:00:00+00:00,llo1,0,2025-08-12,28.00,4.440,7.474,4.440,6.601,2,45027,0.11,2026-08-10T14:23:27+00:00
2025-08-12T12:00:00+00:00,llo1,0,2025-08-12,33.00,4.270,7.368,4.270,5.678,2,45027,0.11,2026-08-10T14:23:27+00:00
2025-08-12T12:00:00+00:00,llo1,0,2025-08-12,38.00,4.130,7.283,4.130,5.101,2,45027,0.11,2026-08-10T14:23:27+00:00
2025-08-12T12:00:00+00:00,llo1,0,2025-08-12,43.00,4.100,7.197,4.100,,2,45027,0.11,2026-08-10T14:23:27+00:00
2025-08-13T12:00:00+00:00,llo1,0,2025-08-13,6.00,7.790,8.409,7.790,14.482,2,45027,0.11,2026-08-10T14:23:27+00:00
2025-08-13T12:00:00+00:00,llo1,0,2025-08-13,8.00,7.350,8.361,7.350,13.400,2,45027,0.11,2026-08-10T14:23:27+00:00
2025-08-13T12:00:00+00:00,llo1,0,2025-08-13,13.00,5.110,8.033,5.110,12.042,2,45027,0.11,2026-08-10T14:23:27+00:00
2025-08-13T12:00:00+00:00,llo1,0,2025-08-13,18.00,4.710,7.749,4.710,10.078,2,45027,0.11,2026-08-10T14:23:27+00:00
2025-08-13T12:00:00+00:00,llo1,0,2025-08-13,23.00,4.420,7.485,4.420,8.404,2,45027,0.11,2026-08-10T14:23:27+00:00
2025-08-13T12:00:00+00:00,llo1,0,2025-08-13,28.00,4.280,7.370,4.280,6.643,2,45027,0.11,2026-08-10T14:23:27+00:00
2025-08-13T12:00:00+00:00,llo1,0,2025-08-13,33.00,4.180,7.278,4.180,5.746,2,45027,0.11,2026-08-10T14:23:27+00:00
2025-08-13T12:00:00+00:00,llo1,0,2025-08-13,38.00,4.070,7.171,4.070,5.183,2,45027,0.11,2026-08-10T14:23:27+00:00
2025-08-13T12:00:00+00:00,llo1,0,2025-08-13,43.00,4.000,7.097,4.000,,2,45027,0.11,2026-08-10T14:23:27+00:00
2025-08-14T12:00:00+00:00,llo1,0,2025-08-14,6.00,21.090,8.409,21.090,14.779,2,45027,0.11,2026-08-10T14:23:27+00:00
2025-08-14T12:00:00+00:00,llo1,0,2025-08-14,8.00,21.110,8.106,21.110,13.554,2,45027,0.11,2026-08-10T14:23:27+00:00
2025-08-14T12:00:00+00:00,llo1,0,2025-08-14,13.00,7.250,7.776,7.250,11.791,2,45027,0.11,2026-08-10T14:23:27+00:00
2025-08-14T12:00:00+00:00,llo1,0,2025-08-14,18.00,6.180,7.420,6.180,9.651,2,45027,0.11,2026-08-10T14:23:27+00:00
2025-08-14T12:00:00+00:00,llo1,0,2025-08-14,23.00,5.150,7.254,5.150,8.041,2,45027,0.11,2026-08-10T14:23:27+00:00
2025-08-14T12:00:00+00:00,llo1,0,2025-08-14,28.00,4.620,7.109,4.620,6.691,2,45027,0.11,2026-08-10T14:23:27+00:00
2025-08-14T12:00:00+00:00,llo1,0,2025-08-14,33.00,4.410,7.051,4.410,5.857,2,45027,0.11,2026-08-10T14:23:27+00:00
2025-08-14T12:00:00+00:00,llo1,0,2025-08-14,38.00,4.200,7.023,4.200,5.321,2,45027,0.11,2026-08-10T14:23:27+00:00
2025-08-14T12:00:00+00:00,llo1,0,2025-08-14,43.00,4.080,6.997,4.080,4.300,2,45027,0.11,2026-08-10T14:23:27+00:00
2025-08-15T12:00:00+00:00,llo1,0,2025-08-15,6.00,20.750,8.595,20.750,14.363,2,45027,0.11,2026-08-10T14:23:27+00:00
2025-08-15T12:00:00+00:00,llo1,0,2025-08-15,8.00,20.550,8.131,20.550,13.143,2,45027,0.11,2026-08-10T14:23:27+00:00
2025-08-15T12:00:00+00:00,llo1,0,2025-08-15,13.00,8.470,7.918,8.470,11.449,2,45027,0.11,2026-08-10T14:23:27+00:00
2025-08-15T12:00:00+00:00,llo1,0,2025-08-15,18.00,5.700,7.360,5.700,9.652,2,45027,0.11,2026-08-10T14:23:27+00:00
2025-08-15T12:00:00+00:00,llo1,0,2025-08-15,23.00,4.970,7.264,4.970,8.267,2,45027,0.11,2026-08-10T14:23:27+00:00
2025-08-15T12:00:00+00:00,llo1,0,2025-08-15,28.00,4.720,7.158,4.720,7.025,2,45027,0.11,2026-08-10T14:23:27+00:00
2025-08-15T12:00:00+00:00,llo1,0,2025-08-15,33.00,4.420,7.083,4.420,6.138,2,45027,0.11,2026-08-10T14:23:27+00:00
2025-08-15T12:00:00+00:00,llo1,0,2025-08-15,38.00,4.250,7.058,4.250,5.551,2,45027,0.11,2026-08-10T14:23:27+00:00
2025-08-15T12:00:00+00:00,llo1,0,2025-08-15,43.00,4.120,7.058,4.120,4.257,2,45027,0.11,2026-08-10T14:23:27+00:00
2025-08-16T12:00:00+00:00,llo1,0,2025-08-16,6.00,20.810,8.076,20.810,14.048,2,45027,0.11,2026-08-10T14:23:27+00:00
2025-08-16T12:00:00+00:00,llo1,0,2025-08-16,8.00,16.950,7.638,16.950,12.670,2,45027,0.11,2026-08-10T14:23:27+00:00
2025-08-16T12:00:00+00:00,llo1,0,2025-08-16,13.00,10.900,7.568,10.900,11.159,2,45027,0.11,2026-08-10T14:23:27+00:00
2025-08-16T12:00:00+00:00,llo1,0,2025-08-16,18.00,7.010,7.289,7.010,9.814,2,45027,0.11,2026-08-10T14:23:27+00:00
2025-08-16T12:00:00+00:00,llo1,0,2025-08-16,23.00,5.540,7.044,5.540,8.538,2,45027,0.11,2026-08-10T14:23:27+00:00
2025-08-16T12:00:00+00:00,llo1,0,2025-08-16,28.00,4.740,7.009,4.740,7.262,2,45027,0.11,2026-08-10T14:23:27+00:00
2025-08-16T12:00:00+00:00,llo1,0,2025-08-16,33.00,4.470,6.987,4.470,6.375,2,45027,0.11,2026-08-10T14:23:27+00:00
2025-08-16T12:00:00+00:00,llo1,0,2025-08-16,38.00,4.400,6.928,4.400,5.777,2,45027,0.11,2026-08-10T14:23:27+00:00
2025-08-16T12:00:00+00:00,llo1,0,2025-08-16,43.00,4.370,6.869,4.370,4.546,2,45027,0.11,2026-08-10T14:23:27+00:00
2025-08-17T12:00:00+00:00,llo1,0,2025-08-17,6.00,18.330,18.999,18.330,14.155,2,45027,0.11,2026-08-10T14:23:27+00:00
2025-08-17T12:00:00+00:00,llo1,0,2025-08-17,8.00,18.370,17.449,18.370,12.949,2,45027,0.11,2026-08-10T14:23:27+00:00
2025-08-17T12:00:00+00:00,llo1,0,2025-08-17,13.00,18.340,12.685,18.340,11.584,2,45027,0.11,2026-08-10T14:23:27+00:00
2025-08-17T12:00:00+00:00,llo1,0,2025-08-17,18.00,18.220,9.922,18.220,10.198,2,45027,0.11,2026-08-10T14:23:27+00:00
2025-08-17T12:00:00+00:00,llo1,0,2025-08-17,23.00,17.130,8.692,17.130,8.987,2,45027,0.11,2026-08-10T14:23:27+00:00
2025-08-17T12:00:00+00:00,llo1,0,2025-08-17,28.00,14.520,8.039,14.520,7.765,2,45027,0.11,2026-08-10T14:23:27+00:00
2025-08-17T12:00:00+00:00,llo1,0,2025-08-17,33.00,13.420,7.712,13.420,6.884,2,45027,0.11,2026-08-10T14:23:27+00:00
2025-08-17T12:00:00+00:00,llo1,0,2025-08-17,38.00,9.800,7.456,9.800,6.247,2,45027,0.11,2026-08-10T14:23:27+00:00
2025-08-17T12:00:00+00:00,llo1,0,2025-08-17,43.00,8.270,7.358,8.270,4.520,2,45027,0.11,2026-08-10T14:23:27+00:00
2025-08-18T12:00:00+00:00,llo1,0,2025-08-18,6.00,17.720,12.952,17.720,14.588,2,45027,0.11,2026-08-10T14:23:27+00:00
2025-08-18T12:00:00+00:00,llo1,0,2025-08-18,8.00,17.760,12.700,17.760,13.430,2,45027,0.11,2026-08-10T14:23:27+00:00
2025-08-18T12:00:00+00:00,llo1,0,2025-08-18,13.00,17.740,11.986,17.740,12.116,2,45027,0.11,2026-08-10T14:23:27+00:00
2025-08-18T12:00:00+00:00,llo1,0,2025-08-18,18.00,17.730,11.300,17.730,10.741,2,45027,0.11,2026-08-10T14:23:27+00:00
2025-08-18T12:00:00+00:00,llo1,0,2025-08-18,23.00,17.580,10.840,17.580,9.537,2,45027,0.11,2026-08-10T14:23:27+00:00
2025-08-18T12:00:00+00:00,llo1,0,2025-08-18,28.00,17.360,10.470,17.360,8.271,2,45027,0.11,2026-08-10T14:23:27+00:00
2025-08-18T12:00:00+00:00,llo1,0,2025-08-18,33.00,16.490,10.096,16.490,7.303,2,45027,0.11,2026-08-10T14:23:27+00:00
2025-08-18T12:00:00+00:00,llo1,0,2025-08-18,38.00,15.680,9.832,15.680,6.363,2,45027,0.11,2026-08-10T14:23:27+00:00
2025-08-18T12:00:00+00:00,llo1,0,2025-08-18,43.00,14.680,9.629,14.680,4.733,2,45027,0.11,2026-08-10T14:23:27+00:00
2025-08-19T12:00:00+00:00,llo1,0,2025-08-19,6.00,17.530,14.613,17.530,15.001,2,45027,0.11,2026-08-10T14:23:27+00:00
2025-08-19T12:00:00+00:00,llo1,0,2025-08-19,8.00,17.520,14.198,17.520,13.890,2,45027,0.11,2026-08-10T14:23:27+00:00
2025-08-19T12:00:00+00:00,llo1,0,2025-08-19,13.00,17.330,13.460,17.330,12.603,2,45027,0.11,2026-08-10T14:23:27+00:00
2025-08-19T12:00:00+00:00,llo1,0,2025-08-19,18.00,17.300,12.567,17.300,11.212,2,45027,0.11,2026-08-10T14:23:27+00:00
2025-08-19T12:00:00+00:00,llo1,0,2025-08-19,23.00,17.180,11.450,17.180,9.896,2,45027,0.11,2026-08-10T14:23:27+00:00
2025-08-19T12:00:00+00:00,llo1,0,2025-08-19,28.00,16.810,10.411,16.810,8.630,2,45027,0.11,2026-08-10T14:23:27+00:00
2025-08-19T12:00:00+00:00,llo1,0,2025-08-19,33.00,15.820,9.679,15.820,7.547,2,45027,0.11,2026-08-10T14:23:27+00:00
2025-08-19T12:00:00+00:00,llo1,0,2025-08-19,38.00,6.450,9.366,6.450,6.461,2,45027,0.11,2026-08-10T14:23:27+00:00
2025-08-19T12:00:00+00:00,llo1,0,2025-08-19,43.00,5.660,8.997,5.660,4.630,2,45027,0.11,2026-08-10T14:23:27+00:00
2025-08-20T12:00:00+00:00,llo1,0,2025-08-20,6.00,18.410,14.911,18.410,15.404,2,45027,0.11,2026-08-10T14:23:27+00:00
2025-08-20T12:00:00+00:00,llo1,0,2025-08-20,8.00,18.090,14.170,18.090,14.307,2,45027,0.11,2026-08-10T14:23:27+00:00
2025-08-20T12:00:00+00:00,llo1,0,2025-08-20,13.00,17.970,13.130,17.970,13.036,2,45027,0.11,2026-08-10T14:23:27+00:00
2025-08-20T12:00:00+00:00,llo1,0,2025-08-20,18.00,17.400,12.115,17.400,11.774,2,45027,0.11,2026-08-10T14:23:27+00:00
2025-08-20T12:00:00+00:00,llo1,0,2025-08-20,23.00,16.780,10.784,16.780,10.718,2,45027,0.11,2026-08-10T14:23:27+00:00
2025-08-20T12:00:00+00:00,llo1,0,2025-08-20,28.00,14.210,9.974,14.210,9.500,2,45027,0.11,2026-08-10T14:23:27+00:00
2025-08-20T12:00:00+00:00,llo1,0,2025-08-20,33.00,10.530,9.501,10.530,8.113,2,45027,0.11,2026-08-10T14:23:27+00:00
2025-08-20T12:00:00+00:00,llo1,0,2025-08-20,38.00,6.810,9.004,6.810,6.752,2,45027,0.11,2026-08-10T14:23:27+00:00
2025-08-20T12:00:00+00:00,llo1,0,2025-08-20,43.00,5.420,8.918,5.420,4.844,2,45027,0.11,2026-08-10T14:23:27+00:00
2025-08-21T12:00:00+00:00,llo1,0,2025-08-21,6.00,18.840,15.317,18.840,15.594,2,45027,0.11,2026-08-10T14:23:27+00:00
2025-08-21T12:00:00+00:00,llo1,0,2025-08-21,8.00,18.030,14.493,18.030,14.444,2,45027,0.11,2026-08-10T14:23:27+00:00
2025-08-21T12:00:00+00:00,llo1,0,2025-08-21,13.00,17.240,12.626,17.240,13.131,2,45027,0.11,2026-08-10T14:23:27+00:00
2025-08-21T12:00:00+00:00,llo1,0,2025-08-21,18.00,16.590,11.235,16.590,11.850,2,45027,0.11,2026-08-10T14:23:27+00:00
2025-08-21T12:00:00+00:00,llo1,0,2025-08-21,23.00,15.630,10.499,15.630,10.844,2,45027,0.11,2026-08-10T14:23:27+00:00
2025-08-21T12:00:00+00:00,llo1,0,2025-08-21,28.00,14.880,10.020,14.880,9.760,2,45027,0.11,2026-08-10T14:23:27+00:00
2025-08-21T12:00:00+00:00,llo1,0,2025-08-21,33.00,13.220,9.684,13.220,8.455,2,45027,0.11,2026-08-10T14:23:27+00:00
2025-08-21T12:00:00+00:00,llo1,0,2025-08-21,38.00,10.550,9.383,10.550,7.067,2,45027,0.11,2026-08-10T14:23:27+00:00
2025-08-21T12:00:00+00:00,llo1,0,2025-08-21,43.00,7.280,9.206,7.280,5.841,2,45027,0.11,2026-08-10T14:23:27+00:00
2025-08-22T12:00:00+00:00,llo1,0,2025-08-22,6.00,17.320,13.956,17.320,15.821,2,45027,0.11,2026-08-10T14:23:27+00:00
2025-08-22T12:00:00+00:00,llo1,0,2025-08-22,8.00,17.190,13.173,17.190,14.651,2,45027,0.11,2026-08-10T14:23:27+00:00
2025-08-22T12:00:00+00:00,llo1,0,2025-08-22,13.00,16.730,11.414,16.730,13.300,2,45027,0.11,2026-08-10T14:23:27+00:00
2025-08-22T12:00:00+00:00,llo1,0,2025-08-22,18.00,16.020,10.798,16.020,11.998,2,45027,0.11,2026-08-10T14:23:27+00:00
2025-08-22T12:00:00+00:00,llo1,0,2025-08-22,23.00,15.200,10.374,15.200,10.987,2,45027,0.11,2026-08-10T14:23:27+00:00
2025-08-22T12:00:00+00:00,llo1,0,2025-08-22,28.00,14.060,10.035,14.060,9.789,2,45027,0.11,2026-08-10T14:23:27+00:00
2025-08-22T12:00:00+00:00,llo1,0,2025-08-22,33.00,10.190,9.787,10.190,8.618,2,45027,0.11,2026-08-10T14:23:27+00:00
2025-08-22T12:00:00+00:00,llo1,0,2025-08-22,38.00,6.300,9.494,6.300,7.279,2,45027,0.11,2026-08-10T14:23:27+00:00
2025-08-22T12:00:00+00:00,llo1,0,2025-08-22,43.00,4.710,9.369,4.710,6.442,2,45027,0.11,2026-08-10T14:23:27+00:00
2025-08-23T12:00:00+00:00,llo1,0,2025-08-23,6.00,16.890,11.581,16.890,15.865,2,45027,0.11,2026-08-10T14:23:27+00:00
2025-08-23T12:00:00+00:00,llo1,0,2025-08-23,8.00,16.710,11.237,16.710,14.734,2,45027,0.11,2026-08-10T14:23:27+00:00
2025-08-23T12:00:00+00:00,llo1,0,2025-08-23,13.00,16.080,10.653,16.080,13.422,2,45027,0.11,2026-08-10T14:23:27+00:00
2025-08-23T12:00:00+00:00,llo1,0,2025-08-23,18.00,14.690,10.163,14.690,12.158,2,45027,0.11,2026-08-10T14:23:27+00:00
2025-08-23T12:00:00+00:00,llo1,0,2025-08-23,23.00,13.180,9.769,13.180,11.176,2,45027,0.11,2026-08-10T14:23:27+00:00
2025-08-23T12:00:00+00:00,llo1,0,2025-08-23,28.00,10.300,9.432,10.300,10.210,2,45027,0.11,2026-08-10T14:23:27+00:00
2025-08-23T12:00:00+00:00,llo1,0,2025-08-23,33.00,7.820,9.241,7.820,8.997,2,45027,0.11,2026-08-10T14:23:27+00:00
2025-08-23T12:00:00+00:00,llo1,0,2025-08-23,38.00,5.990,9.176,5.990,7.665,2,45027,0.11,2026-08-10T14:23:27+00:00
2025-08-23T12:00:00+00:00,llo1,0,2025-08-23,43.00,4.630,9.020,4.630,6.507,2,45027,0.11,2026-08-10T14:23:27+00:00
2025-08-26T12:00:00+00:00,llo1,0,2025-08-26,6.00,16.800,11.799,16.800,16.300,2,45027,0.11,2026-08-10T14:23:27+00:00
2025-08-26T12:00:00+00:00,llo1,0,2025-08-26,8.00,16.810,11.381,16.810,15.459,2,45027,0.11,2026-08-10T14:23:27+00:00
2025-08-26T12:00:00+00:00,llo1,0,2025-08-26,13.00,15.960,10.398,15.960,14.378,2,45027,0.11,2026-08-10T14:23:27+00:00
2025-08-26T12:00:00+00:00,llo1,0,2025-08-26,18.00,14.840,9.541,14.840,13.412,2,45027,0.11,2026-08-10T14:23:27+00:00
2025-08-26T12:00:00+00:00,llo1,0,2025-08-26,23.00,14.070,9.029,14.070,12.425,2,45027,0.11,2026-08-10T14:23:27+00:00
2025-08-26T12:00:00+00:00,llo1,0,2025-08-26,28.00,13.260,8.766,13.260,11.098,2,45027,0.11,2026-08-10T14:23:27+00:00
2025-08-26T12:00:00+00:00,llo1,0,2025-08-26,33.00,11.780,8.618,11.780,9.487,2,45027,0.11,2026-08-10T14:23:27+00:00
2025-08-26T12:00:00+00:00,llo1,0,2025-08-26,38.00,7.630,8.554,7.630,8.139,2,45027,0.11,2026-08-10T14:23:27+00:00
2025-08-26T12:00:00+00:00,llo1,0,2025-08-26,43.00,5.070,8.473,5.070,6.623,2,45027,0.11,2026-08-10T14:23:27+00:00
2025-08-27T12:00:00+00:00,llo1,0,2025-08-27,6.00,16.910,10.283,16.910,16.394,2,45027,0.11,2026-08-10T14:23:27+00:00
2025-08-27T12:00:00+00:00,llo1,0,2025-08-27,8.00,16.620,9.986,16.620,15.709,2,45027,0.11,2026-08-10T14:23:27+00:00
2025-08-27T12:00:00+00:00,llo1,0,2025-08-27,13.00,14.780,9.447,14.780,14.906,2,45027,0.11,2026-08-10T14:23:27+00:00
2025-08-27T12:00:00+00:00,llo1,0,2025-08-27,18.00,13.540,9.053,13.540,13.920,2,45027,0.11,2026-08-10T14:23:27+00:00
2025-08-27T12:00:00+00:00,llo1,0,2025-08-27,23.00,11.970,8.775,11.970,12.854,2,45027,0.11,2026-08-10T14:23:27+00:00
2025-08-27T12:00:00+00:00,llo1,0,2025-08-27,28.00,9.300,8.603,9.300,11.422,2,45027,0.11,2026-08-10T14:23:27+00:00
2025-08-27T12:00:00+00:00,llo1,0,2025-08-27,33.00,5.880,8.555,5.880,9.750,2,45027,0.11,2026-08-10T14:23:27+00:00
2025-08-27T12:00:00+00:00,llo1,0,2025-08-27,38.00,4.770,8.543,4.770,8.360,2,45027,0.11,2026-08-10T14:23:27+00:00
2025-08-27T12:00:00+00:00,llo1,0,2025-08-27,43.00,4.460,8.493,4.460,7.108,2,45027,0.11,2026-08-10T14:23:27+00:00
2025-08-28T12:00:00+00:00,llo1,0,2025-08-28,6.00,16.900,10.244,16.900,16.762,2,45027,0.11,2026-08-10T14:23:27+00:00
2025-08-28T12:00:00+00:00,llo1,0,2025-08-28,8.00,16.760,10.106,16.760,16.236,2,45027,0.11,2026-08-10T14:23:27+00:00
2025-08-28T12:00:00+00:00,llo1,0,2025-08-28,13.00,15.610,9.550,15.610,15.434,2,45027,0.11,2026-08-10T14:23:27+00:00
2025-08-28T12:00:00+00:00,llo1,0,2025-08-28,18.00,12.920,9.172,12.920,14.204,2,45027,0.11,2026-08-10T14:23:27+00:00
2025-08-28T12:00:00+00:00,llo1,0,2025-08-28,23.00,9.310,8.810,9.310,13.043,2,45027,0.11,2026-08-10T14:23:27+00:00
2025-08-28T12:00:00+00:00,llo1,0,2025-08-28,28.00,7.040,8.579,7.040,11.560,2,45027,0.11,2026-08-10T14:23:27+00:00
2025-08-28T12:00:00+00:00,llo1,0,2025-08-28,33.00,4.740,8.496,4.740,9.846,2,45027,0.11,2026-08-10T14:23:27+00:00
2025-08-28T12:00:00+00:00,llo1,0,2025-08-28,38.00,4.360,8.439,4.360,8.399,2,45027,0.11,2026-08-10T14:23:27+00:00
2025-08-28T12:00:00+00:00,llo1,0,2025-08-28,43.00,4.230,8.356,4.230,7.380,2,45027,0.11,2026-08-10T14:23:27+00:00
2025-08-29T12:00:00+00:00,llo1,0,2025-08-29,6.00,17.150,11.829,17.150,16.719,2,45027,0.11,2026-08-10T14:23:27+00:00
2025-08-29T12:00:00+00:00,llo1,0,2025-08-29,8.00,17.180,11.372,17.180,16.338,2,45027,0.11,2026-08-10T14:23:27+00:00
2025-08-29T12:00:00+00:00,llo1,0,2025-08-29,13.00,17.160,10.330,17.160,15.752,2,45027,0.11,2026-08-10T14:23:27+00:00
2025-08-29T12:00:00+00:00,llo1,0,2025-08-29,18.00,16.930,9.384,16.930,14.355,2,45027,0.11,2026-08-10T14:23:27+00:00
2025-08-29T12:00:00+00:00,llo1,0,2025-08-29,23.00,15.790,8.948,15.790,13.042,2,45027,0.11,2026-08-10T14:23:27+00:00
2025-08-29T12:00:00+00:00,llo1,0,2025-08-29,28.00,14.620,8.705,14.620,11.535,2,45027,0.11,2026-08-10T14:23:27+00:00
2025-08-29T12:00:00+00:00,llo1,0,2025-08-29,33.00,12.510,8.591,12.510,9.806,2,45027,0.11,2026-08-10T14:23:27+00:00
2025-08-29T12:00:00+00:00,llo1,0,2025-08-29,38.00,7.690,8.539,7.690,8.352,2,45027,0.11,2026-08-10T14:23:27+00:00
2025-08-29T12:00:00+00:00,llo1,0,2025-08-29,43.00,5.460,8.492,5.460,7.564,2,45027,0.11,2026-08-10T14:23:27+00:00
2025-08-30T12:00:00+00:00,llo1,0,2025-08-30,6.00,17.270,12.348,17.270,17.072,2,45027,0.11,2026-08-10T14:23:27+00:00
2025-08-30T12:00:00+00:00,llo1,0,2025-08-30,8.00,17.210,11.776,17.210,16.718,2,45027,0.11,2026-08-10T14:23:27+00:00
2025-08-30T12:00:00+00:00,llo1,0,2025-08-30,13.00,16.710,10.498,16.710,15.883,2,45027,0.11,2026-08-10T14:23:27+00:00
2025-08-30T12:00:00+00:00,llo1,0,2025-08-30,18.00,16.490,9.592,16.490,14.364,2,45027,0.11,2026-08-10T14:23:27+00:00
2025-08-30T12:00:00+00:00,llo1,0,2025-08-30,23.00,15.710,9.106,15.710,12.942,2,45027,0.11,2026-08-10T14:23:27+00:00
2025-08-30T12:00:00+00:00,llo1,0,2025-08-30,28.00,15.540,8.799,15.540,11.394,2,45027,0.11,2026-08-10T14:23:27+00:00
2025-08-30T12:00:00+00:00,llo1,0,2025-08-30,33.00,15.250,8.655,15.250,9.705,2,45027,0.11,2026-08-10T14:23:27+00:00
2025-08-30T12:00:00+00:00,llo1,0,2025-08-30,38.00,12.750,8.587,12.750,8.286,2,45027,0.11,2026-08-10T14:23:27+00:00
2025-08-30T12:00:00+00:00,llo1,0,2025-08-30,43.00,7.980,8.538,7.980,7.844,2,45027,0.11,2026-08-10T14:23:27+00:00
2025-08-31T12:00:00+00:00,llo1,0,2025-08-31,6.00,16.100,10.069,16.100,17.247,2,45027,0.11,2026-08-10T14:23:27+00:00
2025-08-31T12:00:00+00:00,llo1,0,2025-08-31,8.00,16.010,9.615,16.010,16.986,2,45027,0.11,2026-08-10T14:23:27+00:00
2025-08-31T12:00:00+00:00,llo1,0,2025-08-31,13.00,15.860,9.269,15.860,16.132,2,45027,0.11,2026-08-10T14:23:27+00:00
2025-08-31T12:00:00+00:00,llo1,0,2025-08-31,18.00,15.690,8.858,15.690,14.585,2,45027,0.11,2026-08-10T14:23:27+00:00
2025-08-31T12:00:00+00:00,llo1,0,2025-08-31,23.00,13.580,8.629,13.580,13.120,2,45027,0.11,2026-08-10T14:23:27+00:00
2025-08-31T12:00:00+00:00,llo1,0,2025-08-31,28.00,11.330,8.497,11.330,11.589,2,45027,0.11,2026-08-10T14:23:27+00:00
2025-08-31T12:00:00+00:00,llo1,0,2025-08-31,33.00,8.040,8.377,8.040,9.662,2,45027,0.11,2026-08-10T14:23:27+00:00
2025-08-31T12:00:00+00:00,llo1,0,2025-08-31,38.00,6.210,8.294,6.210,8.226,2,45027,0.11,2026-08-10T14:23:27+00:00
2025-08-31T12:00:00+00:00,llo1,0,2025-08-31,43.00,4.970,8.217,4.970,7.995,2,45027,0.11,2026-08-10T14:23:27+00:00
2025-09-01T12:00:00+00:00,llo1,0,2025-09-01,6.00,15.960,9.820,15.960,17.357,2,45027,0.11,2026-08-10T14:23:27+00:00
2025-09-01T12:00:00+00:00,llo1,0,2025-09-01,8.00,15.900,9.649,15.900,17.134,2,45027,0.11,2026-08-10T14:23:27+00:00
2025-09-01T12:00:00+00:00,llo1,0,2025-09-01,13.00,15.670,9.196,15.670,16.277,2,45027,0.11,2026-08-10T14:23:27+00:00
2025-09-01T12:00:00+00:00,llo1,0,2025-09-01,18.00,12.830,8.799,12.830,14.624,2,45027,0.11,2026-08-10T14:23:27+00:00
2025-09-01T12:00:00+00:00,llo1,0,2025-09-01,23.00,9.800,8.524,9.800,12.994,2,45027,0.11,2026-08-10T14:23:27+00:00
2025-09-01T12:00:00+00:00,llo1,0,2025-09-01,28.00,7.430,8.414,7.430,11.408,2,45027,0.11,2026-08-10T14:23:27+00:00
2025-09-01T12:00:00+00:00,llo1,0,2025-09-01,33.00,5.690,8.289,5.690,9.394,2,45027,0.11,2026-08-10T14:23:27+00:00
2025-09-01T12:00:00+00:00,llo1,0,2025-09-01,38.00,4.740,8.165,4.740,7.945,2,45027,0.11,2026-08-10T14:23:27+00:00
2025-09-01T12:00:00+00:00,llo1,0,2025-09-01,43.00,4.310,8.081,4.310,8.068,2,45027,0.11,2026-08-10T14:23:27+00:00
2025-09-02T12:00:00+00:00,llo1,0,2025-09-02,6.00,15.630,9.922,15.630,17.487,2,45027,0.11,2026-08-10T14:23:27+00:00
2025-09-02T12:00:00+00:00,llo1,0,2025-09-02,8.00,15.530,9.385,15.530,17.235,2,45027,0.11,2026-08-10T14:23:27+00:00
2025-09-02T12:00:00+00:00,llo1,0,2025-09-02,13.00,13.750,8.796,13.750,16.101,2,45027,0.11,2026-08-10T14:23:27+00:00
2025-09-02T12:00:00+00:00,llo1,0,2025-09-02,18.00,10.310,8.502,10.310,14.393,2,45027,0.11,2026-08-10T14:23:27+00:00
2025-09-02T12:00:00+00:00,llo1,0,2025-09-02,23.00,7.010,8.347,7.010,12.710,2,45027,0.11,2026-08-10T14:23:27+00:00
2025-09-02T12:00:00+00:00,llo1,0,2025-09-02,28.00,5.480,8.223,5.480,11.064,2,45027,0.11,2026-08-10T14:23:27+00:00
2025-09-02T12:00:00+00:00,llo1,0,2025-09-02,33.00,4.750,8.110,4.750,9.057,2,45027,0.11,2026-08-10T14:23:27+00:00
2025-09-02T12:00:00+00:00,llo1,0,2025-09-02,38.00,4.360,8.026,4.360,7.838,2,45027,0.11,2026-08-10T14:23:27+00:00
2025-09-02T12:00:00+00:00,llo1,0,2025-09-02,43.00,4.250,7.913,4.250,8.062,2,45027,0.11,2026-08-10T14:23:27+00:00
2025-09-03T12:00:00+00:00,llo1,0,2025-09-03,6.00,12.680,9.156,12.680,17.525,2,45027,0.11,2026-08-10T14:23:27+00:00
2025-09-03T12:00:00+00:00,llo1,0,2025-09-03,8.00,12.380,8.978,12.380,17.183,2,45027,0.11,2026-08-10T14:23:27+00:00
2025-09-03T12:00:00+00:00,llo1,0,2025-09-03,13.00,7.560,8.555,7.560,15.988,2,45027,0.11,2026-08-10T14:23:27+00:00
2025-09-03T12:00:00+00:00,llo1,0,2025-09-03,18.00,6.510,8.362,6.510,14.308,2,45027,0.11,2026-08-10T14:23:27+00:00
2025-09-03T12:00:00+00:00,llo1,0,2025-09-03,23.00,5.530,8.182,5.530,12.599,2,45027,0.11,2026-08-10T14:23:27+00:00
2025-09-03T12:00:00+00:00,llo1,0,2025-09-03,28.00,4.820,8.038,4.820,10.910,2,45027,0.11,2026-08-10T14:23:27+00:00
2025-09-03T12:00:00+00:00,llo1,0,2025-09-03,33.00,4.360,7.903,4.360,8.793,2,45027,0.11,2026-08-10T14:23:27+00:00
2025-09-03T12:00:00+00:00,llo1,0,2025-09-03,38.00,4.220,7.783,4.220,7.673,2,45027,0.11,2026-08-10T14:23:27+00:00
2025-09-03T12:00:00+00:00,llo1,0,2025-09-03,43.00,4.130,7.685,4.130,8.139,2,45027,0.11,2026-08-10T14:23:27+00:00
2025-09-04T12:00:00+00:00,llo1,0,2025-09-04,6.00,13.380,8.995,13.380,17.529,2,45027,0.11,2026-08-10T14:23:27+00:00
2025-09-04T12:00:00+00:00,llo1,0,2025-09-04,8.00,12.870,8.959,12.870,17.180,2,45027,0.11,2026-08-10T14:23:27+00:00
2025-09-04T12:00:00+00:00,llo1,0,2025-09-04,13.00,12.420,8.711,12.420,15.856,2,45027,0.11,2026-08-10T14:23:27+00:00
2025-09-04T12:00:00+00:00,llo1,0,2025-09-04,18.00,11.110,8.324,11.110,14.012,2,45027,0.11,2026-08-10T14:23:27+00:00
2025-09-04T12:00:00+00:00,llo1,0,2025-09-04,23.00,10.300,8.089,10.300,12.144,2,45027,0.11,2026-08-10T14:23:27+00:00
2025-09-04T12:00:00+00:00,llo1,0,2025-09-04,28.00,8.810,7.968,8.810,10.251,2,45027,0.11,2026-08-10T14:23:27+00:00
2025-09-04T12:00:00+00:00,llo1,0,2025-09-04,33.00,7.780,7.846,7.780,8.336,2,45027,0.11,2026-08-10T14:23:27+00:00
2025-09-04T12:00:00+00:00,llo1,0,2025-09-04,38.00,7.580,7.766,7.580,7.476,2,45027,0.11,2026-08-10T14:23:27+00:00
2025-09-04T12:00:00+00:00,llo1,0,2025-09-04,43.00,6.780,7.657,6.780,8.323,2,45027,0.11,2026-08-10T14:23:27+00:00
2025-09-05T12:00:00+00:00,llo1,0,2025-09-05,6.00,11.940,9.525,11.940,17.553,2,45027,0.11,2026-08-10T14:23:27+00:00
2025-09-05T12:00:00+00:00,llo1,0,2025-09-05,8.00,11.890,9.362,11.890,17.223,2,45027,0.11,2026-08-10T14:23:27+00:00
2025-09-05T12:00:00+00:00,llo1,0,2025-09-05,13.00,11.070,8.606,11.070,15.898,2,45027,0.11,2026-08-10T14:23:27+00:00
2025-09-05T12:00:00+00:00,llo1,0,2025-09-05,18.00,9.110,8.225,9.110,14.049,2,45027,0.11,2026-08-10T14:23:27+00:00
2025-09-05T12:00:00+00:00,llo1,0,2025-09-05,23.00,7.580,8.099,7.580,12.163,2,45027,0.11,2026-08-10T14:23:27+00:00
2025-09-05T12:00:00+00:00,llo1,0,2025-09-05,28.00,5.470,7.901,5.470,10.244,2,45027,0.11,2026-08-10T14:23:27+00:00
2025-09-05T12:00:00+00:00,llo1,0,2025-09-05,33.00,4.750,7.719,4.750,8.271,2,45027,0.11,2026-08-10T14:23:27+00:00
2025-09-05T12:00:00+00:00,llo1,0,2025-09-05,38.00,4.390,7.518,4.390,7.315,2,45027,0.11,2026-08-10T14:23:27+00:00
2025-09-05T12:00:00+00:00,llo1,0,2025-09-05,43.00,4.220,7.412,4.220,7.943,2,45027,0.11,2026-08-10T14:23:27+00:00
2025-09-06T12:00:00+00:00,llo1,0,2025-09-06,6.00,8.930,8.527,8.930,17.609,2,45027,0.11,2026-08-10T14:23:27+00:00
2025-09-06T12:00:00+00:00,llo1,0,2025-09-06,8.00,7.010,8.421,7.010,17.280,2,45027,0.11,2026-08-10T14:23:27+00:00
2025-09-06T12:00:00+00:00,llo1,0,2025-09-06,13.00,5.510,8.389,5.510,15.940,2,45027,0.11,2026-08-10T14:23:27+00:00
2025-09-06T12:00:00+00:00,llo1,0,2025-09-06,18.00,5.020,8.351,5.020,13.892,2,45027,0.11,2026-08-10T14:23:27+00:00
2025-09-06T12:00:00+00:00,llo1,0,2025-09-06,23.00,4.700,8.273,4.700,11.938,2,45027,0.11,2026-08-10T14:23:27+00:00
2025-09-06T12:00:00+00:00,llo1,0,2025-09-06,28.00,4.530,7.969,4.530,10.090,2,45027,0.11,2026-08-10T14:23:27+00:00
2025-09-06T12:00:00+00:00,llo1,0,2025-09-06,33.00,4.340,7.645,4.340,8.130,2,45027,0.11,2026-08-10T14:23:27+00:00
2025-09-06T12:00:00+00:00,llo1,0,2025-09-06,38.00,4.220,7.336,4.220,7.165,2,45027,0.11,2026-08-10T14:23:27+00:00
2025-09-06T12:00:00+00:00,llo1,0,2025-09-06,43.00,4.140,7.247,4.140,7.472,2,45027,0.11,2026-08-10T14:23:27+00:00
2025-09-07T12:00:00+00:00,llo1,0,2025-09-07,6.00,8.920,9.768,8.920,17.654,2,45027,0.11,2026-08-10T14:23:27+00:00
2025-09-07T12:00:00+00:00,llo1,0,2025-09-07,8.00,6.760,9.354,6.760,17.330,2,45027,0.11,2026-08-10T14:23:27+00:00
2025-09-07T12:00:00+00:00,llo1,0,2025-09-07,13.00,6.180,8.772,6.180,15.992,2,45027,0.11,2026-08-10T14:23:27+00:00
2025-09-07T12:00:00+00:00,llo1,0,2025-09-07,18.00,5.530,8.226,5.530,13.944,2,45027,0.11,2026-08-10T14:23:27+00:00
2025-09-07T12:00:00+00:00,llo1,0,2025-09-07,23.00,4.930,7.977,4.930,11.957,2,45027,0.11,2026-08-10T14:23:27+00:00
2025-09-07T12:00:00+00:00,llo1,0,2025-09-07,28.00,4.500,7.879,4.500,9.958,2,45027,0.11,2026-08-10T14:23:27+00:00
2025-09-07T12:00:00+00:00,llo1,0,2025-09-07,33.00,4.310,7.682,4.310,8.057,2,45027,0.11,2026-08-10T14:23:27+00:00
2025-09-07T12:00:00+00:00,llo1,0,2025-09-07,38.00,4.150,7.485,4.150,7.075,2,45027,0.11,2026-08-10T14:23:27+00:00
2025-09-07T12:00:00+00:00,llo1,0,2025-09-07,43.00,4.050,7.369,4.050,7.486,2,45027,0.11,2026-08-10T14:23:27+00:00
2025-09-08T12:00:00+00:00,llo1,0,2025-09-08,6.00,7.370,9.387,7.370,17.599,2,45027,0.11,2026-08-10T14:23:27+00:00
2025-09-08T12:00:00+00:00,llo1,0,2025-09-08,8.00,7.170,8.951,7.170,17.287,2,45027,0.11,2026-08-10T14:23:27+00:00
2025-09-08T12:00:00+00:00,llo1,0,2025-09-08,13.00,6.360,8.577,6.360,15.990,2,45027,0.11,2026-08-10T14:23:27+00:00
2025-09-08T12:00:00+00:00,llo1,0,2025-09-08,18.00,5.370,8.298,5.370,13.993,2,45027,0.11,2026-08-10T14:23:27+00:00
2025-09-08T12:00:00+00:00,llo1,0,2025-09-08,23.00,4.750,8.048,4.750,12.063,2,45027,0.11,2026-08-10T14:23:27+00:00
2025-09-08T12:00:00+00:00,llo1,0,2025-09-08,28.00,4.440,7.802,4.440,10.205,2,45027,0.11,2026-08-10T14:23:27+00:00
2025-09-08T12:00:00+00:00,llo1,0,2025-09-08,33.00,4.270,7.631,4.270,8.378,2,45027,0.11,2026-08-10T14:23:27+00:00
2025-09-08T12:00:00+00:00,llo1,0,2025-09-08,38.00,4.160,7.495,4.160,7.339,2,45027,0.11,2026-08-10T14:23:27+00:00
2025-09-08T12:00:00+00:00,llo1,0,2025-09-08,43.00,4.060,7.423,4.060,7.431,2,45027,0.11,2026-08-10T14:23:27+00:00
2025-09-09T12:00:00+00:00,llo1,0,2025-09-09,6.00,15.060,9.103,15.060,17.540,2,45027,0.11,2026-08-10T14:23:27+00:00
2025-09-09T12:00:00+00:00,llo1,0,2025-09-09,8.00,12.250,8.955,12.250,17.253,2,45027,0.11,2026-08-10T14:23:27+00:00
2025-09-09T12:00:00+00:00,llo1,0,2025-09-09,13.00,9.980,8.757,9.980,16.003,2,45027,0.11,2026-08-10T14:23:27+00:00
2025-09-09T12:00:00+00:00,llo1,0,2025-09-09,18.00,7.590,8.380,7.590,13.970,2,45027,0.11,2026-08-10T14:23:27+00:00
2025-09-09T12:00:00+00:00,llo1,0,2025-09-09,23.00,6.860,7.932,6.860,11.998,2,45027,0.11,2026-08-10T14:23:27+00:00
2025-09-09T12:00:00+00:00,llo1,0,2025-09-09,28.00,6.060,7.688,6.060,10.384,2,45027,0.11,2026-08-10T14:23:27+00:00
2025-09-09T12:00:00+00:00,llo1,0,2025-09-09,33.00,5.200,7.523,5.200,8.651,2,45027,0.11,2026-08-10T14:23:27+00:00
2025-09-09T12:00:00+00:00,llo1,0,2025-09-09,38.00,4.790,7.402,4.790,7.659,2,45027,0.11,2026-08-10T14:23:27+00:00
2025-09-09T12:00:00+00:00,llo1,0,2025-09-09,43.00,4.680,7.312,4.680,7.338,2,45027,0.11,2026-08-10T14:23:27+00:00
2025-09-11T12:00:00+00:00,llo1,0,2025-09-11,6.00,15.400,10.716,15.400,17.374,2,45027,0.11,2026-08-10T14:23:27+00:00
2025-09-11T12:00:00+00:00,llo1,0,2025-09-11,8.00,15.430,8.944,15.430,16.905,2,45027,0.11,2026-08-10T14:23:27+00:00
2025-09-11T12:00:00+00:00,llo1,0,2025-09-11,13.00,15.420,8.172,15.420,15.623,2,45027,0.11,2026-08-10T14:23:27+00:00
2025-09-11T12:00:00+00:00,llo1,0,2025-09-11,18.00,10.440,8.016,10.440,13.554,2,45027,0.11,2026-08-10T14:23:27+00:00
2025-09-11T12:00:00+00:00,llo1,0,2025-09-11,23.00,7.830,7.773,7.830,11.764,2,45027,0.11,2026-08-10T14:23:27+00:00
2025-09-11T12:00:00+00:00,llo1,0,2025-09-11,28.00,6.430,7.649,6.430,10.326,2,45027,0.11,2026-08-10T14:23:27+00:00
2025-09-11T12:00:00+00:00,llo1,0,2025-09-11,33.00,5.590,7.510,5.590,8.911,2,45027,0.11,2026-08-10T14:23:27+00:00
2025-09-11T12:00:00+00:00,llo1,0,2025-09-11,38.00,4.920,7.408,4.920,7.898,2,45027,0.11,2026-08-10T14:23:27+00:00
2025-09-11T12:00:00+00:00,llo1,0,2025-09-11,43.00,4.520,7.344,4.520,6.351,2,45027,0.11,2026-08-10T14:23:27+00:00
2025-09-12T12:00:00+00:00,llo1,0,2025-09-12,6.00,15.190,14.981,15.190,17.351,2,45027,0.11,2026-08-10T14:23:27+00:00
2025-09-12T12:00:00+00:00,llo1,0,2025-09-12,8.00,15.220,13.988,15.220,16.888,2,45027,0.11,2026-08-10T14:23:27+00:00
2025-09-12T12:00:00+00:00,llo1,0,2025-09-12,13.00,14.960,9.747,14.960,15.659,2,45027,0.11,2026-08-10T14:23:27+00:00
2025-09-12T12:00:00+00:00,llo1,0,2025-09-12,18.00,14.700,8.251,14.700,13.708,2,45027,0.11,2026-08-10T14:23:27+00:00
2025-09-12T12:00:00+00:00,llo1,0,2025-09-12,23.00,14.350,7.870,14.350,12.053,2,45027,0.11,2026-08-10T14:23:27+00:00
2025-09-12T12:00:00+00:00,llo1,0,2025-09-12,28.00,8.930,7.638,8.930,10.712,2,45027,0.11,2026-08-10T14:23:27+00:00
2025-09-12T12:00:00+00:00,llo1,0,2025-09-12,33.00,6.670,7.456,6.670,9.357,2,45027,0.11,2026-08-10T14:23:27+00:00
2025-09-12T12:00:00+00:00,llo1,0,2025-09-12,38.00,6.100,7.430,6.100,8.167,2,45027,0.11,2026-08-10T14:23:27+00:00
2025-09-12T12:00:00+00:00,llo1,0,2025-09-12,43.00,5.490,7.409,5.490,5.959,2,45027,0.11,2026-08-10T14:23:27+00:00
2025-09-13T12:00:00+00:00,llo1,0,2025-09-13,6.00,14.790,13.795,14.790,17.323,2,45027,0.11,2026-08-10T14:23:27+00:00
2025-09-13T12:00:00+00:00,llo1,0,2025-09-13,8.00,14.800,12.642,14.800,16.814,2,45027,0.11,2026-08-10T14:23:27+00:00
2025-09-13T12:00:00+00:00,llo1,0,2025-09-13,13.00,14.790,9.831,14.790,15.689,2,45027,0.11,2026-08-10T14:23:27+00:00
2025-09-13T12:00:00+00:00,llo1,0,2025-09-13,18.00,14.720,8.598,14.720,14.047,2,45027,0.11,2026-08-10T14:23:27+00:00
2025-09-13T12:00:00+00:00,llo1,0,2025-09-13,23.00,12.850,8.087,12.850,12.477,2,45027,0.11,2026-08-10T14:23:27+00:00
2025-09-13T12:00:00+00:00,llo1,0,2025-09-13,28.00,7.300,7.797,7.300,11.136,2,45027,0.11,2026-08-10T14:23:27+00:00
2025-09-13T12:00:00+00:00,llo1,0,2025-09-13,33.00,6.780,7.586,6.780,9.737,2,45027,0.11,2026-08-10T14:23:27+00:00
2025-09-13T12:00:00+00:00,llo1,0,2025-09-13,38.00,5.700,7.565,5.700,8.304,2,45027,0.11,2026-08-10T14:23:27+00:00
2025-09-13T12:00:00+00:00,llo1,0,2025-09-13,43.00,5.440,7.566,5.440,5.825,2,45027,0.11,2026-08-10T14:23:27+00:00
2025-09-14T12:00:00+00:00,llo1,0,2025-09-14,6.00,14.880,15.337,14.880,17.243,2,45027,0.11,2026-08-10T14:23:27+00:00
2025-09-14T12:00:00+00:00,llo1,0,2025-09-14,8.00,14.900,14.779,14.900,16.717,2,45027,0.11,2026-08-10T14:23:27+00:00
2025-09-14T12:00:00+00:00,llo1,0,2025-09-14,13.00,14.900,12.592,14.900,15.868,2,45027,0.11,2026-08-10T14:23:27+00:00
2025-09-14T12:00:00+00:00,llo1,0,2025-09-14,18.00,14.890,10.351,14.890,14.350,2,45027,0.11,2026-08-10T14:23:27+00:00
2025-09-14T12:00:00+00:00,llo1,0,2025-09-14,23.00,14.810,9.201,14.810,13.062,2,45027,0.11,2026-08-10T14:23:27+00:00
2025-09-14T12:00:00+00:00,llo1,0,2025-09-14,28.00,12.690,8.444,12.690,11.781,2,45027,0.11,2026-08-10T14:23:27+00:00
2025-09-14T12:00:00+00:00,llo1,0,2025-09-14,33.00,10.200,7.826,10.200,10.382,2,45027,0.11,2026-08-10T14:23:27+00:00
2025-09-14T12:00:00+00:00,llo1,0,2025-09-14,38.00,7.730,7.748,7.730,8.640,2,45027,0.11,2026-08-10T14:23:27+00:00
2025-09-14T12:00:00+00:00,llo1,0,2025-09-14,43.00,6.670,7.705,6.670,5.612,2,45027,0.11,2026-08-10T14:23:27+00:00
2025-09-15T12:00:00+00:00,llo1,0,2025-09-15,6.00,14.590,15.365,14.590,17.219,2,45027,0.11,2026-08-10T14:23:27+00:00
2025-09-15T12:00:00+00:00,llo1,0,2025-09-15,8.00,14.590,15.000,14.590,16.706,2,45027,0.11,2026-08-10T14:23:27+00:00
2025-09-15T12:00:00+00:00,llo1,0,2025-09-15,13.00,14.390,13.150,14.390,15.857,2,45027,0.11,2026-08-10T14:23:27+00:00
2025-09-15T12:00:00+00:00,llo1,0,2025-09-15,18.00,14.210,11.483,14.210,14.374,2,45027,0.11,2026-08-10T14:23:27+00:00
2025-09-15T12:00:00+00:00,llo1,0,2025-09-15,23.00,14.110,10.197,14.110,13.142,2,45027,0.11,2026-08-10T14:23:27+00:00
2025-09-15T12:00:00+00:00,llo1,0,2025-09-15,28.00,14.130,9.144,14.130,11.640,2,45027,0.11,2026-08-10T14:23:27+00:00
2025-09-15T12:00:00+00:00,llo1,0,2025-09-15,33.00,14.040,8.672,14.040,10.496,2,45027,0.11,2026-08-10T14:23:27+00:00
2025-09-15T12:00:00+00:00,llo1,0,2025-09-15,38.00,13.910,8.227,13.910,8.756,2,45027,0.11,2026-08-10T14:23:27+00:00
2025-09-15T12:00:00+00:00,llo1,0,2025-09-15,43.00,13.540,8.078,13.540,5.511,2,45027,0.11,2026-08-10T14:23:27+00:00
2025-09-16T12:00:00+00:00,llo1,0,2025-09-16,6.00,14.290,13.392,14.290,17.247,2,45027,0.11,2026-08-10T14:23:27+00:00
2025-09-16T12:00:00+00:00,llo1,0,2025-09-16,8.00,14.290,12.946,14.290,16.761,2,45027,0.11,2026-08-10T14:23:27+00:00
2025-09-16T12:00:00+00:00,llo1,0,2025-09-16,13.00,14.090,12.291,14.090,15.967,2,45027,0.11,2026-08-10T14:23:27+00:00
2025-09-16T12:00:00+00:00,llo1,0,2025-09-16,18.00,13.970,10.697,13.970,14.709,2,45027,0.11,2026-08-10T14:23:27+00:00
2025-09-16T12:00:00+00:00,llo1,0,2025-09-16,23.00,13.770,9.633,13.770,13.516,2,45027,0.11,2026-08-10T14:23:27+00:00
2025-09-16T12:00:00+00:00,llo1,0,2025-09-16,28.00,13.580,8.939,13.580,11.783,2,45027,0.11,2026-08-10T14:23:27+00:00
2025-09-16T12:00:00+00:00,llo1,0,2025-09-16,33.00,13.480,8.683,13.480,10.616,2,45027,0.11,2026-08-10T14:23:27+00:00
2025-09-16T12:00:00+00:00,llo1,0,2025-09-16,38.00,13.430,8.490,13.430,8.892,2,45027,0.11,2026-08-10T14:23:27+00:00
2025-09-16T12:00:00+00:00,llo1,0,2025-09-16,43.00,11.250,8.390,11.250,5.567,2,45027,0.11,2026-08-10T14:23:27+00:00
2026-07-31T12:00:00+00:00,llo1,0,2026-07-31,6.00,7.080,9.565,7.080,17.849,2,45027,0.11,2026-08-10T15:57:11+00:00
2026-07-31T12:00:00+00:00,llo1,0,2026-07-31,13.00,5.020,6.659,5.020,13.159,2,45027,0.11,2026-08-10T15:57:11+00:00
2026-08-01T12:00:00+00:00,llo1,24,2026-07-31,6.00,8.680,10.827,7.080,17.903,2,45027,0.11,2026-08-10T15:57:11+00:00
2026-08-01T12:00:00+00:00,llo1,24,2026-07-31,8.00,7.260,9.322,,16.640,2,45027,0.11,2026-08-10T15:57:11+00:00
2026-08-01T12:00:00+00:00,llo1,24,2026-07-31,13.00,5.270,6.995,5.020,13.086,2,45027,0.11,2026-08-10T15:57:11+00:00
2026-08-02T12:00:00+00:00,llo1,48,2026-07-31,6.00,11.010,18.275,7.080,17.777,2,45027,0.11,2026-08-10T15:57:11+00:00
2026-08-02T12:00:00+00:00,llo1,48,2026-07-31,8.00,8.350,15.201,,16.344,2,45027,0.11,2026-08-10T15:57:11+00:00
2026-08-02T12:00:00+00:00,llo1,48,2026-07-31,13.00,6.120,8.496,5.020,12.677,2,45027,0.11,2026-08-10T15:57:11+00:00
2026-08-02T12:00:00+00:00,llo1,48,2026-07-31,18.00,5.440,7.210,,9.327,2,45027,0.11,2026-08-10T15:57:11+00:00
2026-08-03T12:00:00+00:00,llo1,72,2026-07-31,13.00,9.200,9.558,5.020,12.422,2,45027,0.11,2026-08-10T15:57:11+00:00
2026-08-03T12:00:00+00:00,llo1,72,2026-07-31,18.00,6.260,8.416,,9.062,2,45027,0.11,2026-08-10T15:57:11+00:00
2026-08-04T12:00:00+00:00,llo1,96,2026-07-31,6.00,9.470,14.536,7.080,16.589,2,45027,0.11,2026-08-10T15:57:11+00:00
2026-08-04T12:00:00+00:00,llo1,96,2026-07-31,8.00,8.000,11.751,,15.144,2,45027,0.11,2026-08-10T15:57:11+00:00
2026-08-04T12:00:00+00:00,llo1,96,2026-07-31,13.00,5.870,7.960,5.020,12.126,2,45027,0.11,2026-08-10T15:57:11+00:00
2026-08-04T12:00:00+00:00,llo1,96,2026-07-31,18.00,5.060,7.641,,8.835,2,45027,0.11,2026-08-10T15:57:11+00:00
2026-08-05T12:00:00+00:00,llo1,120,2026-07-31,8.00,8.480,7.707,,14.595,2,45027,0.11,2026-08-10T15:57:11+00:00
2026-08-01T12:00:00+00:00,llo1,0,2026-08-01,6.00,8.680,9.861,8.680,17.903,2,45027,0.11,2026-08-10T15:57:11+00:00
2026-08-01T12:00:00+00:00,llo1,0,2026-08-01,8.00,7.260,8.709,7.260,16.640,2,45027,0.11,2026-08-10T15:57:11+00:00
2026-08-01T12:00:00+00:00,llo1,0,2026-08-01,13.00,5.270,6.862,5.270,13.086,2,45027,0.11,2026-08-10T15:57:11+00:00
2026-08-02T12:00:00+00:00,llo1,24,2026-08-01,6.00,11.010,18.575,8.680,17.777,2,45027,0.11,2026-08-10T15:57:11+00:00
2026-08-02T12:00:00+00:00,llo1,24,2026-08-01,8.00,8.350,14.727,7.260,16.344,2,45027,0.11,2026-08-10T15:57:11+00:00
2026-08-02T12:00:00+00:00,llo1,24,2026-08-01,13.00,6.120,8.410,5.270,12.677,2,45027,0.11,2026-08-10T15:57:11+00:00
2026-08-02T12:00:00+00:00,llo1,24,2026-08-01,18.00,5.440,6.663,,9.327,2,45027,0.11,2026-08-10T15:57:11+00:00
2026-08-03T12:00:00+00:00,llo1,48,2026-08-01,13.00,9.200,11.558,5.270,12.422,2,45027,0.11,2026-08-10T15:57:11+00:00
2026-08-03T12:00:00+00:00,llo1,48,2026-08-01,18.00,6.260,8.631,,9.062,2,45027,0.11,2026-08-10T15:57:11+00:00
2026-08-04T12:00:00+00:00,llo1,72,2026-08-01,6.00,9.470,16.155,8.680,16.589,2,45027,0.11,2026-08-10T15:57:11+00:00
2026-08-04T12:00:00+00:00,llo1,72,2026-08-01,8.00,8.000,13.390,7.260,15.144,2,45027,0.11,2026-08-10T15:57:11+00:00
2026-08-04T12:00:00+00:00,llo1,72,2026-08-01,13.00,5.870,8.432,5.270,12.126,2,45027,0.11,2026-08-10T15:57:11+00:00
2026-08-04T12:00:00+00:00,llo1,72,2026-08-01,18.00,5.060,7.781,,8.835,2,45027,0.11,2026-08-10T15:57:11+00:00
2026-08-05T12:00:00+00:00,llo1,96,2026-08-01,8.00,8.480,8.799,7.260,14.595,2,45027,0.11,2026-08-10T15:57:11+00:00
2026-08-06T12:00:00+00:00,llo1,120,2026-08-01,6.00,7.010,12.322,8.680,15.592,2,45027,0.11,2026-08-10T15:57:11+00:00
2026-08-06T12:00:00+00:00,llo1,120,2026-08-01,8.00,6.000,10.544,7.260,14.298,2,45027,0.11,2026-08-10T15:57:11+00:00
2026-08-06T12:00:00+00:00,llo1,120,2026-08-01,23.00,4.200,6.404,,7.225,2,45027,0.11,2026-08-10T15:57:11+00:00
2026-08-02T12:00:00+00:00,llo1,0,2026-08-02,6.00,11.010,16.558,11.010,17.777,2,45027,0.11,2026-08-10T15:57:11+00:00
2026-08-02T12:00:00+00:00,llo1,0,2026-08-02,8.00,8.350,12.723,8.350,16.344,2,45027,0.11,2026-08-10T15:57:11+00:00
2026-08-02T12:00:00+00:00,llo1,0,2026-08-02,13.00,6.120,7.933,6.120,12.677,2,45027,0.11,2026-08-10T15:57:11+00:00
2026-08-02T12:00:00+00:00,llo1,0,2026-08-02,18.00,5.440,6.449,5.440,9.327,2,45027,0.11,2026-08-10T15:57:11+00:00
2026-08-03T12:00:00+00:00,llo1,24,2026-08-02,13.00,9.200,11.870,6.120,12.422,2,45027,0.11,2026-08-10T15:57:11+00:00
2026-08-03T12:00:00+00:00,llo1,24,2026-08-02,18.00,6.260,9.349,5.440,9.062,2,45027,0.11,2026-08-10T15:57:11+00:00
2026-08-04T12:00:00+00:00,llo1,48,2026-08-02,6.00,9.470,13.549,11.010,16.589,2,45027,0.11,2026-08-10T15:57:11+00:00
2026-08-04T12:00:00+00:00,llo1,48,2026-08-02,8.00,8.000,11.027,8.350,15.144,2,45027,0.11,2026-08-10T15:57:11+00:00
2026-08-04T12:00:00+00:00,llo1,48,2026-08-02,13.00,5.870,8.265,6.120,12.126,2,45027,0.11,2026-08-10T15:57:11+00:00
2026-08-04T12:00:00+00:00,llo1,48,2026-08-02,18.00,5.060,7.597,5.440,8.835,2,45027,0.11,2026-08-10T15:57:11+00:00
2026-08-05T12:00:00+00:00,llo1,72,2026-08-02,8.00,8.480,8.661,8.350,14.595,2,45027,0.11,2026-08-10T15:57:11+00:00
2026-08-06T12:00:00+00:00,llo1,96,2026-08-02,6.00,7.010,9.111,11.010,15.592,2,45027,0.11,2026-08-10T15:57:11+00:00
2026-08-06T12:00:00+00:00,llo1,96,2026-08-02,8.00,6.000,7.276,8.350,14.298,2,45027,0.11,2026-08-10T15:57:11+00:00
2026-08-06T12:00:00+00:00,llo1,96,2026-08-02,23.00,4.200,6.144,,7.225,2,45027,0.11,2026-08-10T15:57:11+00:00
2026-08-07T12:00:00+00:00,llo1,120,2026-08-02,6.00,8.160,8.950,11.010,15.170,2,45027,0.11,2026-08-10T15:57:11+00:00
2026-08-07T12:00:00+00:00,llo1,120,2026-08-02,8.00,7.550,7.548,8.350,13.912,2,45027,0.11,2026-08-10T15:57:11+00:00
2026-08-07T12:00:00+00:00,llo1,120,2026-08-02,13.00,5.900,6.995,6.120,11.635,2,45027,0.11,2026-08-10T15:57:11+00:00
2026-08-07T12:00:00+00:00,llo1,120,2026-08-02,18.00,5.180,6.636,5.440,9.427,2,45027,0.11,2026-08-10T15:57:11+00:00
2026-08-03T12:00:00+00:00,llo1,0,2026-08-03,13.00,9.200,9.332,9.200,12.422,2,45027,0.11,2026-08-10T15:57:11+00:00
2026-08-03T12:00:00+00:00,llo1,0,2026-08-03,18.00,6.260,7.892,6.260,9.062,2,45027,0.11,2026-08-10T15:57:11+00:00
2026-08-04T12:00:00+00:00,llo1,24,2026-08-03,6.00,9.470,14.607,,16.589,2,45027,0.11,2026-08-10T15:57:11+00:00
2026-08-04T12:00:00+00:00,llo1,24,2026-08-03,8.00,8.000,11.919,,15.144,2,45027,0.11,2026-08-10T15:57:11+00:00
2026-08-04T12:00:00+00:00,llo1,24,2026-08-03,13.00,5.870,8.235,9.200,12.126,2,45027,0.11,2026-08-10T15:57:11+00:00
2026-08-04T12:00:00+00:00,llo1,24,2026-08-03,18.00,5.060,7.599,6.260,8.835,2,45027,0.11,2026-08-10T15:57:11+00:00
2026-08-05T12:00:00+00:00,llo1,48,2026-08-03,8.00,8.480,8.712,,14.595,2,45027,0.11,2026-08-10T15:57:11+00:00
2026-08-06T12:00:00+00:00,llo1,72,2026-08-03,6.00,7.010,8.522,,15.592,2,45027,0.11,2026-08-10T15:57:11+00:00
2026-08-06T12:00:00+00:00,llo1,72,2026-08-03,8.00,6.000,6.688,,14.298,2,45027,0.11,2026-08-10T15:57:11+00:00
2026-08-06T12:00:00+00:00,llo1,72,2026-08-03,23.00,4.200,5.879,,7.225,2,45027,0.11,2026-08-10T15:57:11+00:00
2026-08-07T12:00:00+00:00,llo1,96,2026-08-03,6.00,8.160,8.808,,15.170,2,45027,0.11,2026-08-10T15:57:11+00:00
2026-08-07T12:00:00+00:00,llo1,96,2026-08-03,8.00,7.550,8.360,,13.912,2,45027,0.11,2026-08-10T15:57:11+00:00
2026-08-07T12:00:00+00:00,llo1,96,2026-08-03,13.00,5.900,6.891,9.200,11.635,2,45027,0.11,2026-08-10T15:57:11+00:00
2026-08-07T12:00:00+00:00,llo1,96,2026-08-03,18.00,5.180,6.256,6.260,9.427,2,45027,0.11,2026-08-10T15:57:11+00:00
2026-08-08T12:00:00+00:00,llo1,120,2026-08-03,6.00,5.610,7.807,,15.250,2,45027,0.11,2026-08-10T15:57:11+00:00
2026-08-08T12:00:00+00:00,llo1,120,2026-08-03,8.00,5.430,6.510,,14.021,2,45027,0.11,2026-08-10T15:57:11+00:00
2026-08-08T12:00:00+00:00,llo1,120,2026-08-03,13.00,5.000,5.952,9.200,11.875,2,45027,0.11,2026-08-10T15:57:11+00:00
2026-08-04T12:00:00+00:00,llo1,0,2026-08-04,6.00,9.470,12.933,9.470,16.589,2,45027,0.11,2026-08-10T15:57:11+00:00
2026-08-04T12:00:00+00:00,llo1,0,2026-08-04,8.00,8.000,10.326,8.000,15.144,2,45027,0.11,2026-08-10T15:57:11+00:00
2026-08-04T12:00:00+00:00,llo1,0,2026-08-04,13.00,5.870,7.701,5.870,12.126,2,45027,0.11,2026-08-10T15:57:11+00:00
2026-08-04T12:00:00+00:00,llo1,0,2026-08-04,18.00,5.060,7.386,5.060,8.835,2,45027,0.11,2026-08-10T15:57:11+00:00
2026-08-05T12:00:00+00:00,llo1,24,2026-08-04,8.00,8.480,7.267,8.000,14.595,2,45027,0.11,2026-08-10T15:57:11+00:00
2026-08-06T12:00:00+00:00,llo1,48,2026-08-04,6.00,7.010,6.946,9.470,15.592,2,45027,0.11,2026-08-10T15:57:11+00:00
2026-08-06T12:00:00+00:00,llo1,48,2026-08-04,8.00,6.000,6.081,8.000,14.298,2,45027,0.11,2026-08-10T15:57:11+00:00
2026-08-06T12:00:00+00:00,llo1,48,2026-08-04,23.00,4.200,5.590,,7.225,2,45027,0.11,2026-08-10T15:57:11+00:00
2026-08-07T12:00:00+00:00,llo1,72,2026-08-04,6.00,8.160,6.872,9.470,15.170,2,45027,0.11,2026-08-10T15:57:11+00:00
2026-08-07T12:00:00+00:00,llo1,72,2026-08-04,8.00,7.550,6.791,8.000,13.912,2,45027,0.11,2026-08-10T15:57:11+00:00
2026-08-07T12:00:00+00:00,llo1,72,2026-08-04,13.00,5.900,6.578,5.870,11.635,2,45027,0.11,2026-08-10T15:57:11+00:00
2026-08-07T12:00:00+00:00,llo1,72,2026-08-04,18.00,5.180,6.539,5.060,9.427,2,45027,0.11,2026-08-10T15:57:11+00:00
2026-08-08T12:00:00+00:00,llo1,96,2026-08-04,6.00,5.610,8.821,9.470,15.250,2,45027,0.11,2026-08-10T15:57:11+00:00
2026-08-08T12:00:00+00:00,llo1,96,2026-08-04,8.00,5.430,7.997,8.000,14.021,2,45027,0.11,2026-08-10T15:57:11+00:00
2026-08-08T12:00:00+00:00,llo1,96,2026-08-04,13.00,5.000,6.643,5.870,11.875,2,45027,0.11,2026-08-10T15:57:11+00:00
2026-08-09T12:00:00+00:00,llo1,120,2026-08-04,6.00,6.620,8.898,9.470,15.446,2,45027,0.11,2026-08-10T15:57:11+00:00
2026-08-09T12:00:00+00:00,llo1,120,2026-08-04,8.00,5.890,8.292,8.000,13.983,2,45027,0.11,2026-08-10T15:57:11+00:00
2026-08-05T12:00:00+00:00,llo1,0,2026-08-05,8.00,8.480,6.686,8.480,14.595,2,45027,0.11,2026-08-10T15:57:11+00:00
2026-08-06T12:00:00+00:00,llo1,24,2026-08-05,6.00,7.010,9.082,,15.592,2,45027,0.11,2026-08-10T15:57:11+00:00
2026-08-06T12:00:00+00:00,llo1,24,2026-08-05,8.00,6.000,7.344,8.480,14.298,2,45027,0.11,2026-08-10T15:57:11+00:00
2026-08-06T12:00:00+00:00,llo1,24,2026-08-05,23.00,4.200,5.640,,7.225,2,45027,0.11,2026-08-10T15:57:11+00:00
2026-08-07T12:00:00+00:00,llo1,48,2026-08-05,6.00,8.160,6.963,,15.170,2,45027,0.11,2026-08-10T15:57:11+00:00
2026-08-07T12:00:00+00:00,llo1,48,2026-08-05,8.00,7.550,6.865,8.480,13.912,2,45027,0.11,2026-08-10T15:57:11+00:00
2026-08-07T12:00:00+00:00,llo1,48,2026-08-05,13.00,5.900,6.700,,11.635,2,45027,0.11,2026-08-10T15:57:11+00:00
2026-08-07T12:00:00+00:00,llo1,48,2026-08-05,18.00,5.180,6.649,,9.427,2,45027,0.11,2026-08-10T15:57:11+00:00
2026-08-08T12:00:00+00:00,llo1,72,2026-08-05,6.00,5.610,8.385,,15.250,2,45027,0.11,2026-08-10T15:57:11+00:00
2026-08-08T12:00:00+00:00,llo1,72,2026-08-05,8.00,5.430,7.578,8.480,14.021,2,45027,0.11,2026-08-10T15:57:11+00:00
2026-08-08T12:00:00+00:00,llo1,72,2026-08-05,13.00,5.000,6.856,,11.875,2,45027,0.11,2026-08-10T15:57:11+00:00
2026-08-09T12:00:00+00:00,llo1,96,2026-08-05,6.00,6.620,8.762,,15.446,2,45027,0.11,2026-08-10T15:57:11+00:00
2026-08-09T12:00:00+00:00,llo1,96,2026-08-05,8.00,5.890,8.351,8.480,13.983,2,45027,0.11,2026-08-10T15:57:11+00:00
2026-08-06T12:00:00+00:00,llo1,0,2026-08-06,6.00,7.010,6.718,7.010,15.592,2,45027,0.11,2026-08-10T15:57:11+00:00
2026-08-06T12:00:00+00:00,llo1,0,2026-08-06,8.00,6.000,6.044,6.000,14.298,2,45027,0.11,2026-08-10T15:57:11+00:00
2026-08-06T12:00:00+00:00,llo1,0,2026-08-06,23.00,4.200,5.479,4.200,7.225,2,45027,0.11,2026-08-10T15:57:11+00:00
2026-08-07T12:00:00+00:00,llo1,24,2026-08-06,6.00,8.160,7.109,7.010,15.170,2,45027,0.11,2026-08-10T15:57:11+00:00
2026-08-07T12:00:00+00:00,llo1,24,2026-08-06,8.00,7.550,7.075,6.000,13.912,2,45027,0.11,2026-08-10T15:57:11+00:00
2026-08-07T12:00:00+00:00,llo1,24,2026-08-06,13.00,5.900,7.024,,11.635,2,45027,0.11,2026-08-10T15:57:11+00:00
2026-08-07T12:00:00+00:00,llo1,24,2026-08-06,18.00,5.180,6.919,,9.427,2,45027,0.11,2026-08-10T15:57:11+00:00
2026-08-08T12:00:00+00:00,llo1,48,2026-08-06,6.00,5.610,9.051,7.010,15.250,2,45027,0.11,2026-08-10T15:57:11+00:00
2026-08-08T12:00:00+00:00,llo1,48,2026-08-06,8.00,5.430,8.174,6.000,14.021,2,45027,0.11,2026-08-10T15:57:11+00:00
2026-08-08T12:00:00+00:00,llo1,48,2026-08-06,13.00,5.000,6.867,,11.875,2,45027,0.11,2026-08-10T15:57:11+00:00
2026-08-09T12:00:00+00:00,llo1,72,2026-08-06,6.00,6.620,7.789,7.010,15.446,2,45027,0.11,2026-08-10T15:57:11+00:00
2026-08-09T12:00:00+00:00,llo1,72,2026-08-06,8.00,5.890,7.280,6.000,13.983,2,45027,0.11,2026-08-10T15:57:11+00:00
2026-08-07T12:00:00+00:00,llo1,0,2026-08-07,6.00,8.160,7.040,8.160,15.170,2,45027,0.11,2026-08-10T15:57:11+00:00
2026-08-07T12:00:00+00:00,llo1,0,2026-08-07,8.00,7.550,7.004,7.550,13.912,2,45027,0.11,2026-08-10T15:57:11+00:00
2026-08-07T12:00:00+00:00,llo1,0,2026-08-07,13.00,5.900,6.966,5.900,11.635,2,45027,0.11,2026-08-10T15:57:11+00:00
2026-08-07T12:00:00+00:00,llo1,0,2026-08-07,18.00,5.180,6.899,5.180,9.427,2,45027,0.11,2026-08-10T15:57:11+00:00
2026-08-08T12:00:00+00:00,llo1,24,2026-08-07,6.00,5.610,7.789,8.160,15.250,2,45027,0.11,2026-08-10T15:57:11+00:00
2026-08-08T12:00:00+00:00,llo1,24,2026-08-07,8.00,5.430,7.218,7.550,14.021,2,45027,0.11,2026-08-10T15:57:11+00:00
2026-08-08T12:00:00+00:00,llo1,24,2026-08-07,13.00,5.000,6.704,5.900,11.875,2,45027,0.11,2026-08-10T15:57:11+00:00
2026-08-09T12:00:00+00:00,llo1,48,2026-08-07,6.00,6.620,7.548,8.160,15.446,2,45027,0.11,2026-08-10T15:57:11+00:00
2026-08-09T12:00:00+00:00,llo1,48,2026-08-07,8.00,5.890,7.461,7.550,13.983,2,45027,0.11,2026-08-10T15:57:11+00:00
2026-08-08T12:00:00+00:00,llo1,0,2026-08-08,6.00,5.610,7.577,5.610,15.250,2,45027,0.11,2026-08-10T15:57:11+00:00
2026-08-08T12:00:00+00:00,llo1,0,2026-08-08,8.00,5.430,7.245,5.430,14.021,2,45027,0.11,2026-08-10T15:57:11+00:00
2026-08-08T12:00:00+00:00,llo1,0,2026-08-08,13.00,5.000,6.479,5.000,11.875,2,45027,0.11,2026-08-10T15:57:11+00:00
2026-08-09T12:00:00+00:00,llo1,24,2026-08-08,6.00,6.620,8.243,5.610,15.446,2,45027,0.11,2026-08-10T15:57:11+00:00
2026-08-09T12:00:00+00:00,llo1,24,2026-08-08,8.00,5.890,7.712,5.430,13.983,2,45027,0.11,2026-08-10T15:57:11+00:00
2026-08-09T12:00:00+00:00,llo1,0,2026-08-09,6.00,6.620,8.650,6.620,15.446,2,45027,0.11,2026-08-10T15:57:11+00:00
2026-08-09T12:00:00+00:00,llo1,0,2026-08-09,8.00,5.890,7.943,5.890,13.983,2,45027,0.11,2026-08-10T15:57:11+00:00
2026-08-10T12:00:00+00:00,llo1,120,2026-08-05,6.00,7.910,8.463,,15.354,2,45027,0.11,2026-08-11T16:51:31+00:00
2026-08-10T12:00:00+00:00,llo1,120,2026-08-05,8.00,7.250,8.171,8.480,13.954,2,45027,0.11,2026-08-11T16:51:31+00:00
2026-08-10T12:00:00+00:00,llo1,120,2026-08-05,13.00,6.110,6.711,,12.249,2,45027,0.11,2026-08-11T16:51:31+00:00
2026-08-10T12:00:00+00:00,llo1,120,2026-08-05,18.00,5.450,6.020,,10.216,2,45027,0.11,2026-08-11T16:51:31+00:00
2026-08-10T12:00:00+00:00,llo1,96,2026-08-06,6.00,7.910,7.051,7.010,15.354,2,45027,0.11,2026-08-11T16:51:31+00:00
2026-08-10T12:00:00+00:00,llo1,96,2026-08-06,8.00,7.250,6.909,6.000,13.954,2,45027,0.11,2026-08-11T16:51:31+00:00
2026-08-10T12:00:00+00:00,llo1,96,2026-08-06,13.00,6.110,6.693,,12.249,2,45027,0.11,2026-08-11T16:51:31+00:00
2026-08-10T12:00:00+00:00,llo1,96,2026-08-06,18.00,5.450,5.998,,10.216,2,45027,0.11,2026-08-11T16:51:31+00:00
2026-08-10T12:00:00+00:00,llo1,72,2026-08-07,6.00,7.910,9.281,8.160,15.354,2,45027,0.11,2026-08-11T16:51:31+00:00
2026-08-10T12:00:00+00:00,llo1,72,2026-08-07,8.00,7.250,7.959,7.550,13.954,2,45027,0.11,2026-08-11T16:51:31+00:00
2026-08-10T12:00:00+00:00,llo1,72,2026-08-07,13.00,6.110,7.149,5.900,12.249,2,45027,0.11,2026-08-11T16:51:31+00:00
2026-08-10T12:00:00+00:00,llo1,72,2026-08-07,18.00,5.450,6.061,5.180,10.216,2,45027,0.11,2026-08-11T16:51:31+00:00
2026-08-10T12:00:00+00:00,llo1,48,2026-08-08,6.00,7.910,10.570,5.610,15.354,2,45027,0.11,2026-08-11T16:51:31+00:00
2026-08-10T12:00:00+00:00,llo1,48,2026-08-08,8.00,7.250,9.009,5.430,13.954,2,45027,0.11,2026-08-11T16:51:31+00:00
2026-08-10T12:00:00+00:00,llo1,48,2026-08-08,13.00,6.110,7.488,5.000,12.249,2,45027,0.11,2026-08-11T16:51:31+00:00
2026-08-10T12:00:00+00:00,llo1,48,2026-08-08,18.00,5.450,6.716,,10.216,2,45027,0.11,2026-08-11T16:51:31+00:00
2026-08-10T12:00:00+00:00,llo1,24,2026-08-09,6.00,7.910,9.422,6.620,15.354,2,45027,0.11,2026-08-11T16:51:31+00:00
2026-08-10T12:00:00+00:00,llo1,24,2026-08-09,8.00,7.250,8.368,5.890,13.954,2,45027,0.11,2026-08-11T16:51:31+00:00
2026-08-10T12:00:00+00:00,llo1,24,2026-08-09,13.00,6.110,7.382,,12.249,2,45027,0.11,2026-08-11T16:51:31+00:00
2026-08-10T12:00:00+00:00,llo1,24,2026-08-09,18.00,5.450,6.469,,10.216,2,45027,0.11,2026-08-11T16:51:31+00:00
2026-08-10T12:00:00+00:00,llo1,0,2026-08-10,6.00,7.910,8.537,7.910,15.354,2,45027,0.11,2026-08-11T16:51:31+00:00
2026-08-10T12:00:00+00:00,llo1,0,2026-08-10,8.00,7.250,7.637,7.250,13.954,2,45027,0.11,2026-08-11T16:51:31+00:00
2026-08-10T12:00:00+00:00,llo1,0,2026-08-10,13.00,6.110,7.038,6.110,12.249,2,45027,0.11,2026-08-11T16:51:31+00:00
2026-08-10T12:00:00+00:00,llo1,0,2026-08-10,18.00,5.450,6.183,5.450,10.216,2,45027,0.11,2026-08-11T16:51:31+00:00
