valid_utc,site,lead_h,obs_kn,obs_dir,obs_fav_kn,obs_drive_kth,fcst_kn,fcst_dir,fcst_fav_kn,fcst_drive_kth,persist_drive_kth,clim_drive_kth,obs_event,fcst_event,obs_station,obs_dist_km,clim_years,retrieved_utc
2026-09-24T00:00:00+00:00,welcome_island,24,12.42,130,-9.514,26.46,12.60,118,-11.125,0.00,73.43,58.64,0,0,WELCOME ISLAND (AUT),0.0,2018-2025,2026-10-08T21:12:02+00:00
2026-09-24T01:00:00+00:00,welcome_island,24,11.88,130,-9.100,26.46,11.00,124,-9.119,0.00,73.43,58.64,0,0,WELCOME ISLAND (AUT),0.0,2018-2025,2026-10-08T21:12:02+00:00
2026-09-24T02:00:00+00:00,welcome_island,24,9.18,140,-5.900,26.46,10.60,124,-8.788,0.00,73.43,58.64,0,0,WELCOME ISLAND (AUT),0.0,2018-2025,2026-10-08T21:12:02+00:00
2026-09-24T03:00:00+00:00,welcome_island,24,8.10,140,-5.206,26.46,11.00,125,-9.011,0.00,73.43,58.64,0,0,WELCOME ISLAND (AUT),0.0,2018-2025,2026-10-08T21:12:02+00:00
2026-09-24T04:00:00+00:00,welcome_island,24,9.18,120,-7.949,26.46,8.80,135,-6.223,0.00,73.43,58.64,0,0,WELCOME ISLAND (AUT),0.0,2018-2025,2026-10-08T21:12:02+00:00
2026-09-24T05:00:00+00:00,welcome_island,24,2.70,120,-2.338,26.46,6.30,149,-3.245,0.00,73.43,58.64,0,0,WELCOME ISLAND (AUT),0.0,2018-2025,2026-10-08T21:12:02+00:00
2026-09-24T06:00:00+00:00,welcome_island,24,4.86,120,-4.209,26.46,6.70,156,-2.725,0.00,68.03,58.64,0,0,WELCOME ISLAND (AUT),0.0,2018-2025,2026-10-08T21:12:02+00:00
2026-09-24T07:00:00+00:00,welcome_island,24,4.86,130,-3.723,26.46,5.90,197,1.725,0.00,61.29,58.64,0,0,WELCOME ISLAND (AUT),0.0,2018-2025,2026-10-08T21:12:02+00:00
2026-09-24T08:00:00+00:00,welcome_island,24,5.94,180,0.000,26.46,6.00,170,-1.042,0.00,53.46,58.64,0,0,WELCOME ISLAND (AUT),0.0,2018-2025,2026-10-08T21:12:02+00:00
2026-09-24T09:00:00+00:00,welcome_island,24,5.40,160,-1.847,25.11,9.40,178,-0.328,0.00,45.90,58.64,0,0,WELCOME ISLAND (AUT),0.0,2018-2025,2026-10-08T21:12:02+00:00
2026-09-24T10:00:00+00:00,welcome_island,24,4.32,190,0.750,21.33,10.90,201,3.906,0.00,41.04,58.64,0,0,WELCOME ISLAND (AUT),0.0,2018-2025,2026-10-08T21:12:02+00:00
2026-09-24T11:00:00+00:00,welcome_island,24,5.40,190,0.938,15.93,8.20,223,5.592,0.00,38.07,58.64,0,0,WELCOME ISLAND (AUT),0.0,2018-2025,2026-10-08T21:12:02+00:00
2026-09-24T12:00:00+00:00,welcome_island,24,4.32,170,-0.750,10.80,7.50,194,1.814,0.00,34.83,58.64,0,0,WELCOME ISLAND (AUT),0.0,2018-2025,2026-10-08T21:12:02+00:00
2026-09-24T13:00:00+00:00,welcome_island,24,4.86,160,-1.662,6.75,7.30,196,2.012,0.00,30.78,58.64,0,0,WELCOME ISLAND (AUT),0.0,2018-2025,2026-10-08T21:12:02+00:00
2026-09-24T14:00:00+00:00,welcome_island,24,3.78,170,-0.656,2.43,7.30,202,2.735,0.00,27.54,58.64,0,0,WELCOME ISLAND (AUT),0.0,2018-2025,2026-10-08T21:12:02+00:00
2026-09-24T15:00:00+00:00,welcome_island,24,5.94,150,-2.970,0.00,6.90,203,2.696,0.00,26.46,58.64,0,0,WELCOME ISLAND (AUT),0.0,2018-2025,2026-10-08T21:12:02+00:00
2026-09-24T16:00:00+00:00,welcome_island,24,6.48,210,3.240,0.00,6.80,198,2.101,0.00,26.46,58.64,0,0,WELCOME ISLAND (AUT),0.0,2018-2025,2026-10-08T21:12:02+00:00
2026-09-24T17:00:00+00:00,welcome_island,24,5.94,210,2.970,0.00,5.70,177,-0.298,0.00,26.46,58.64,0,0,WELCOME ISLAND (AUT),0.0,2018-2025,2026-10-08T21:12:02+00:00
2026-09-24T18:00:00+00:00,welcome_island,24,5.40,210,2.700,0.00,3.30,145,-1.893,0.00,26.46,58.64,0,0,WELCOME ISLAND (AUT),0.0,2018-2025,2026-10-08T21:12:02+00:00
2026-09-24T19:00:00+00:00,welcome_island,24,7.02,200,2.401,0.00,3.00,145,-1.721,0.00,26.46,58.64,0,0,WELCOME ISLAND (AUT),0.0,2018-2025,2026-10-08T21:12:02+00:00
2026-09-24T20:00:00+00:00,welcome_island,24,4.86,200,1.662,0.00,3.30,145,-1.893,0.00,26.46,58.64,0,0,WELCOME ISLAND (AUT),0.0,2018-2025,2026-10-08T21:12:02+00:00
2026-09-24T21:00:00+00:00,welcome_island,24,4.32,220,2.777,0.00,3.30,123,-2.768,0.00,26.46,58.64,0,0,WELCOME ISLAND (AUT),0.0,2018-2025,2026-10-08T21:12:02+00:00
2026-09-24T22:00:00+00:00,welcome_island,24,2.16,180,0.000,0.00,3.30,113,-3.038,0.00,26.46,58.64,0,0,WELCOME ISLAND (AUT),0.0,2018-2025,2026-10-08T21:12:02+00:00
2026-09-24T23:00:00+00:00,welcome_island,24,5.94,130,-4.550,0.00,4.50,121,-3.857,0.00,26.46,58.64,0,0,WELCOME ISLAND (AUT),0.0,2018-2025,2026-10-08T21:12:02+00:00
2026-09-25T00:00:00+00:00,welcome_island,24,0.00,,0.000,0.00,7.20,134,-5.179,0.00,26.46,59.07,0,0,WELCOME ISLAND (AUT),0.0,2018-2025,2026-10-08T21:12:02+00:00
2026-09-25T01:00:00+00:00,welcome_island,24,1.62,120,-1.403,0.00,2.60,143,-1.565,0.00,26.46,59.07,0,0,WELCOME ISLAND (AUT),0.0,2018-2025,2026-10-08T21:12:02+00:00
2026-09-25T02:00:00+00:00,welcome_island,24,2.70,110,-2.537,0.00,3.20,133,-2.340,0.00,26.46,59.07,0,0,WELCOME ISLAND (AUT),0.0,2018-2025,2026-10-08T21:12:02+00:00
2026-09-25T03:00:00+00:00,welcome_island,24,0.00,,0.000,0.00,1.60,88,-1.599,0.00,26.46,59.07,0,0,WELCOME ISLAND (AUT),0.0,2018-2025,2026-10-08T21:12:02+00:00
2026-09-25T04:00:00+00:00,welcome_island,24,2.16,180,0.000,0.00,1.80,114,-1.644,0.00,26.46,59.07,0,0,WELCOME ISLAND (AUT),0.0,2018-2025,2026-10-08T21:12:02+00:00
2026-09-25T05:00:00+00:00,welcome_island,24,0.00,,0.000,0.00,0.80,50,-0.613,0.00,26.46,59.07,0,0,WELCOME ISLAND (AUT),0.0,2018-2025,2026-10-08T21:12:02+00:00
2026-09-25T06:00:00+00:00,welcome_island,24,1.62,50,-1.241,0.00,1.00,27,-0.454,0.00,26.46,59.07,0,0,WELCOME ISLAND (AUT),0.0,2018-2025,2026-10-08T21:12:02+00:00
2026-09-25T07:00:00+00:00,welcome_island,24,1.62,40,-1.041,0.00,2.30,345,0.595,0.00,26.46,59.07,0,0,WELCOME ISLAND (AUT),0.0,2018-2025,2026-10-08T21:12:02+00:00
2026-09-25T08:00:00+00:00,welcome_island,24,0.00,,0.000,0.00,0.80,320,0.514,0.00,26.46,59.07,0,0,WELCOME ISLAND (AUT),0.0,2018-2025,2026-10-08T21:12:02+00:00
2026-09-25T09:00:00+00:00,welcome_island,24,0.00,,0.000,0.00,1.40,259,1.374,0.70,25.11,59.07,0,0,WELCOME ISLAND (AUT),0.0,2018-2025,2026-10-08T21:12:02+00:00
2026-09-25T10:00:00+00:00,welcome_island,24,2.16,240,1.870,1.08,1.20,275,1.195,2.00,21.33,59.07,0,0,WELCOME ISLAND (AUT),0.0,2018-2025,2026-10-08T21:12:02+00:00
2026-09-25T11:00:00+00:00,welcome_island,24,4.86,190,0.844,2.16,2.40,289,2.269,3.80,15.93,59.07,0,0,WELCOME ISLAND (AUT),0.0,2018-2025,2026-10-08T21:12:02+00:00
2026-09-25T12:00:00+00:00,welcome_island,24,2.70,210,1.350,2.16,6.50,216,3.821,5.00,10.80,59.07,0,0,WELCOME ISLAND (AUT),0.0,2018-2025,2026-10-08T21:12:02+00:00
2026-09-25T13:00:00+00:00,welcome_island,24,4.32,220,2.777,2.16,4.60,207,2.088,5.00,6.75,59.07,0,0,WELCOME ISLAND (AUT),0.0,2018-2025,2026-10-08T21:12:02+00:00
2026-09-25T14:00:00+00:00,welcome_island,24,6.48,220,4.165,2.16,5.50,208,2.582,5.00,2.43,59.07,0,0,WELCOME ISLAND (AUT),0.0,2018-2025,2026-10-08T21:12:02+00:00
2026-09-25T15:00:00+00:00,welcome_island,24,4.86,220,3.124,2.16,6.50,212,3.444,5.00,0.00,59.07,0,0,WELCOME ISLAND (AUT),0.0,2018-2025,2026-10-08T21:12:02+00:00
2026-09-25T16:00:00+00:00,welcome_island,24,3.24,310,2.482,3.78,5.50,208,2.582,5.00,0.00,59.07,0,0,WELCOME ISLAND (AUT),0.0,2018-2025,2026-10-08T21:12:02+00:00
2026-09-25T17:00:00+00:00,welcome_island,24,0.00,,0.000,5.40,5.40,215,3.097,5.00,0.00,59.07,0,0,WELCOME ISLAND (AUT),0.0,2018-2025,2026-10-08T21:12:02+00:00
2026-09-25T18:00:00+00:00,welcome_island,24,7.02,210,3.510,5.40,2.40,304,1.990,6.20,0.00,59.07,0,0,WELCOME ISLAND (AUT),0.0,2018-2025,2026-10-08T21:12:02+00:00
2026-09-25T19:00:00+00:00,welcome_island,24,7.56,210,3.780,5.40,2.40,330,1.200,7.40,0.00,59.07,0,0,WELCOME ISLAND (AUT),0.0,2018-2025,2026-10-08T21:12:02+00:00
2026-09-25T20:00:00+00:00,welcome_island,24,5.94,210,2.970,5.40,2.50,147,-1.362,7.40,0.00,59.07,0,0,WELCOME ISLAND (AUT),0.0,2018-2025,2026-10-08T21:12:02+00:00
2026-09-25T21:00:00+00:00,welcome_island,24,5.40,200,1.847,5.40,3.40,172,-0.473,7.40,0.00,59.07,0,0,WELCOME ISLAND (AUT),0.0,2018-2025,2026-10-08T21:12:02+00:00
2026-09-25T22:00:00+00:00,welcome_island,24,3.24,150,-1.620,5.40,4.50,175,-0.392,7.40,0.00,59.07,0,0,WELCOME ISLAND (AUT),0.0,2018-2025,2026-10-08T21:12:02+00:00
2026-09-25T23:00:00+00:00,welcome_island,24,1.62,140,-1.041,5.40,5.10,187,0.622,7.40,0.00,59.07,0,0,WELCOME ISLAND (AUT),0.0,2018-2025,2026-10-08T21:12:02+00:00
2026-09-26T00:00:00+00:00,welcome_island,24,3.78,200,1.293,5.40,3.20,58,-2.714,7.40,0.00,56.37,0,0,WELCOME ISLAND (AUT),0.0,2018-2025,2026-10-08T21:12:02+00:00
2026-09-26T01:00:00+00:00,welcome_island,24,1.62,220,1.041,5.40,3.50,86,-3.491,7.40,0.00,56.37,0,0,WELCOME ISLAND (AUT),0.0,2018-2025,2026-10-08T21:12:02+00:00
2026-09-26T02:00:00+00:00,welcome_island,24,5.40,70,-5.074,5.40,4.10,64,-3.685,7.40,0.00,56.37,0,0,WELCOME ISLAND (AUT),0.0,2018-2025,2026-10-08T21:12:02+00:00
2026-09-26T03:00:00+00:00,welcome_island,24,7.02,170,-1.219,5.40,4.90,79,-4.810,7.40,0.00,56.37,0,0,WELCOME ISLAND (AUT),0.0,2018-2025,2026-10-08T21:12:02+00:00
2026-09-26T04:00:00+00:00,welcome_island,24,7.02,140,-4.512,5.40,3.70,142,-2.278,7.40,0.00,56.37,0,0,WELCOME ISLAND (AUT),0.0,2018-2025,2026-10-08T21:12:02+00:00
2026-09-26T05:00:00+00:00,welcome_island,24,7.02,160,-2.401,5.40,4.40,133,-3.218,7.40,0.00,56.37,0,0,WELCOME ISLAND (AUT),0.0,2018-2025,2026-10-08T21:12:02+00:00
2026-09-26T06:00:00+00:00,welcome_island,24,3.24,10,-0.563,5.40,4.80,117,-4.277,7.40,0.00,56.37,0,0,WELCOME ISLAND (AUT),0.0,2018-2025,2026-10-08T21:12:02+00:00
2026-09-26T07:00:00+00:00,welcome_island,24,4.86,30,-2.430,5.40,5.20,95,-5.180,7.40,0.00,56.37,0,0,WELCOME ISLAND (AUT),0.0,2018-2025,2026-10-08T21:12:02+00:00
2026-09-26T08:00:00+00:00,welcome_island,24,7.56,70,-7.104,5.40,6.80,80,-6.697,7.40,0.00,56.37,0,0,WELCOME ISLAND (AUT),0.0,2018-2025,2026-10-08T21:12:02+00:00
2026-09-26T09:00:00+00:00,welcome_island,24,6.48,70,-6.089,5.40,5.00,82,-4.951,6.70,0.00,56.37,0,0,WELCOME ISLAND (AUT),0.0,2018-2025,2026-10-08T21:12:02+00:00
2026-09-26T10:00:00+00:00,welcome_island,24,5.40,70,-5.074,4.32,4.90,79,-4.810,5.40,1.08,56.37,0,0,WELCOME ISLAND (AUT),0.0,2018-2025,2026-10-08T21:12:02+00:00
2026-09-26T11:00:00+00:00,welcome_island,24,3.24,60,-2.806,3.24,5.10,86,-5.088,3.60,2.16,56.37,0,0,WELCOME ISLAND (AUT),0.0,2018-2025,2026-10-08T21:12:02+00:00
2026-09-26T12:00:00+00:00,welcome_island,24,7.02,60,-6.079,3.24,6.90,79,-6.773,2.40,2.16,56.37,0,0,WELCOME ISLAND (AUT),0.0,2018-2025,2026-10-08T21:12:02+00:00
2026-09-26T13:00:00+00:00,welcome_island,24,4.32,70,-4.059,3.24,7.90,105,-7.631,2.40,2.16,56.37,0,0,WELCOME ISLAND (AUT),0.0,2018-2025,2026-10-08T21:12:02+00:00
2026-09-26T14:00:00+00:00,welcome_island,24,10.80,70,-10.148,3.24,8.20,113,-7.548,2.40,2.16,56.37,0,0,WELCOME ISLAND (AUT),0.0,2018-2025,2026-10-08T21:12:02+00:00
2026-09-26T15:00:00+00:00,welcome_island,24,7.02,70,-6.596,3.24,6.90,112,-6.398,2.40,2.16,56.37,0,0,WELCOME ISLAND (AUT),0.0,2018-2025,2026-10-08T21:12:02+00:00
2026-09-26T16:00:00+00:00,welcome_island,24,6.48,120,-5.611,1.62,6.30,102,-6.162,2.40,3.78,56.37,0,0,WELCOME ISLAND (AUT),0.0,2018-2025,2026-10-08T21:12:02+00:00
2026-09-26T17:00:00+00:00,welcome_island,24,8.10,140,-5.206,0.00,7.00,102,-6.847,2.40,5.40,56.37,0,0,WELCOME ISLAND (AUT),0.0,2018-2025,2026-10-08T21:12:02+00:00
2026-09-26T18:00:00+00:00,welcome_island,24,7.56,120,-6.547,0.00,7.90,107,-7.555,1.20,5.40,56.37,0,0,WELCOME ISLAND (AUT),0.0,2018-2025,2026-10-08T21:12:02+00:00
2026-09-26T19:00:00+00:00,welcome_island,24,11.34,140,-7.289,0.00,6.20,99,-6.124,0.00,5.40,56.37,0,0,WELCOME ISLAND (AUT),0.0,2018-2025,2026-10-08T21:12:02+00:00
2026-09-26T20:00:00+00:00,welcome_island,24,4.86,100,-4.786,0.00,4.70,93,-4.694,0.00,5.40,56.37,0,0,WELCOME ISLAND (AUT),0.0,2018-2025,2026-10-08T21:12:02+00:00
2026-09-26T21:00:00+00:00,welcome_island,24,6.48,130,-4.964,0.00,4.00,109,-3.782,0.00,5.40,56.37,0,0,WELCOME ISLAND (AUT),0.0,2018-2025,2026-10-08T21:12:02+00:00
2026-09-26T22:00:00+00:00,welcome_island,24,7.56,130,-5.791,0.00,5.50,118,-4.856,0.00,5.40,56.37,0,0,WELCOME ISLAND (AUT),0.0,2018-2025,2026-10-08T21:12:02+00:00
2026-09-26T23:00:00+00:00,welcome_island,24,7.56,120,-6.547,0.00,7.10,105,-6.858,0.00,5.40,56.37,0,0,WELCOME ISLAND (AUT),0.0,2018-2025,2026-10-08T21:12:02+00:00
2026-09-27T00:00:00+00:00,welcome_island,24,6.48,80,-6.381,0.00,10.20,82,-10.101,0.00,5.40,58.11,0,0,WELCOME ISLAND (AUT),0.0,2018-2025,2026-10-08T21:12:02+00:00
2026-09-27T01:00:00+00:00,welcome_island,24,9.18,80,-9.040,0.00,8.30,84,-8.255,0.00,5.40,58.11,0,0,WELCOME ISLAND (AUT),0.0,2018-2025,2026-10-08T21:12:02+00:00
2026-09-27T02:00:00+00:00,welcome_island,24,8.10,80,-7.976,0.00,8.00,81,-7.902,0.00,5.40,58.11,0,0,WELCOME ISLAND (AUT),0.0,2018-2025,2026-10-08T21:12:02+00:00
2026-09-27T03:00:00+00:00,welcome_island,24,10.26,100,-10.103,0.00,7.50,85,-7.471,0.00,5.40,58.11,0,0,WELCOME ISLAND (AUT),0.0,2018-2025,2026-10-08T21:12:02+00:00
2026-09-27T04:00:00+00:00,welcome_island,24,2.70,120,-2.338,0.00,8.30,105,-8.017,0.00,5.40,58.11,0,0,WELCOME ISLAND (AUT),0.0,2018-2025,2026-10-08T21:12:02+00:00
2026-09-27T05:00:00+00:00,welcome_island,24,6.48,140,-4.165,0.00,8.80,102,-8.608,0.00,5.40,58.11,0,0,WELCOME ISLAND (AUT),0.0,2018-2025,2026-10-08T21:12:02+00:00
2026-09-27T06:00:00+00:00,welcome_island,24,4.86,150,-2.430,0.00,6.80,102,-6.651,0.00,5.40,58.11,0,0,WELCOME ISLAND (AUT),0.0,2018-2025,2026-10-08T21:12:02+00:00
2026-09-27T07:00:00+00:00,welcome_island,24,4.86,200,1.662,0.00,6.70,144,-3.938,0.00,5.40,58.11,0,0,WELCOME ISLAND (AUT),0.0,2018-2025,2026-10-08T21:12:02+00:00
2026-09-27T08:00:00+00:00,welcome_island,24,5.40,190,0.938,0.00,5.00,216,2.939,0.00,5.40,58.11,0,0,WELCOME ISLAND (AUT),0.0,2018-2025,2026-10-08T21:12:02+00:00
2026-09-27T09:00:00+00:00,welcome_island,24,5.40,190,0.938,0.00,5.40,263,5.360,2.70,5.40,58.11,0,0,WELCOME ISLAND (AUT),0.0,2018-2025,2026-10-08T21:12:02+00:00
2026-09-27T10:00:00+00:00,welcome_island,24,2.70,210,1.350,0.00,3.60,253,3.443,7.20,4.32,58.11,0,0,WELCOME ISLAND (AUT),0.0,2018-2025,2026-10-08T21:12:02+00:00
2026-09-27T11:00:00+00:00,welcome_island,24,3.24,210,1.620,0.00,4.10,250,3.853,11.05,3.24,58.11,0,0,WELCOME ISLAND (AUT),0.0,2018-2025,2026-10-08T21:12:02+00:00
2026-09-27T12:00:00+00:00,welcome_island,24,5.94,210,2.970,0.00,12.50,203,4.884,13.10,3.24,58.11,0,0,WELCOME ISLAND (AUT),0.0,2018-2025,2026-10-08T21:12:02+00:00
2026-09-27T13:00:00+00:00,welcome_island,24,5.40,210,2.700,0.00,10.90,202,4.083,13.10,3.24,58.11,0,0,WELCOME ISLAND (AUT),0.0,2018-2025,2026-10-08T21:12:02+00:00
2026-09-27T14:00:00+00:00,welcome_island,24,9.18,210,4.590,0.00,10.70,204,4.352,13.10,3.24,58.11,0,0,WELCOME ISLAND (AUT),0.0,2018-2025,2026-10-08T21:12:02+00:00
2026-09-27T15:00:00+00:00,welcome_island,24,5.94,210,2.970,0.00,10.60,207,4.812,13.10,3.24,58.11,0,0,WELCOME ISLAND (AUT),0.0,2018-2025,2026-10-08T21:12:02+00:00
2026-09-27T16:00:00+00:00,welcome_island,24,4.86,210,2.430,0.00,12.70,204,5.166,13.10,1.62,58.11,0,0,WELCOME ISLAND (AUT),0.0,2018-2025,2026-10-08T21:12:02+00:00
2026-09-27T17:00:00+00:00,welcome_island,24,6.48,210,3.240,0.00,12.90,206,5.655,13.10,0.00,58.11,0,0,WELCOME ISLAND (AUT),0.0,2018-2025,2026-10-08T21:12:02+00:00
2026-09-27T18:00:00+00:00,welcome_island,24,7.56,200,2.585,0.00,7.30,201,2.616,13.10,0.00,58.11,0,0,WELCOME ISLAND (AUT),0.0,2018-2025,2026-10-08T21:12:02+00:00
2026-09-27T19:00:00+00:00,welcome_island,24,7.02,210,3.510,0.00,6.70,194,1.621,13.10,0.00,58.11,0,0,WELCOME ISLAND (AUT),0.0,2018-2025,2026-10-08T21:12:02+00:00
2026-09-27T20:00:00+00:00,welcome_island,24,8.64,210,4.320,0.00,9.20,210,4.600,13.10,0.00,58.11,0,0,WELCOME ISLAND (AUT),0.0,2018-2025,2026-10-08T21:12:02+00:00
2026-09-27T21:00:00+00:00,welcome_island,24,8.64,210,4.320,0.00,9.00,213,4.902,13.10,0.00,58.11,0,0,WELCOME ISLAND (AUT),0.0,2018-2025,2026-10-08T21:12:02+00:00
2026-09-27T22:00:00+00:00,welcome_island,24,8.64,220,5.553,0.00,6.90,210,3.450,13.10,0.00,58.11,0,0,WELCOME ISLAND (AUT),0.0,2018-2025,2026-10-08T21:12:02+00:00
2026-09-27T23:00:00+00:00,welcome_island,24,9.18,220,5.900,0.00,6.70,207,3.042,13.10,0.00,58.11,0,0,WELCOME ISLAND (AUT),0.0,2018-2025,2026-10-08T21:12:02+00:00
2026-09-28T00:00:00+00:00,welcome_island,24,10.26,220,6.594,0.00,7.90,213,4.303,13.10,0.00,62.75,0,0,WELCOME ISLAND (AUT),0.0,2018-2025,2026-10-08T21:12:02+00:00
2026-09-28T01:00:00+00:00,welcome_island,24,6.48,240,5.611,3.24,6.50,208,3.052,13.10,0.00,62.75,0,0,WELCOME ISLAND (AUT),0.0,2018-2025,2026-10-08T21:12:02+00:00
2026-09-28T02:00:00+00:00,welcome_island,24,4.32,320,2.777,6.48,7.10,211,3.657,13.10,0.00,62.75,0,0,WELCOME ISLAND (AUT),0.0,2018-2025,2026-10-08T21:12:02+00:00
2026-09-28T03:00:00+00:00,welcome_island,24,4.86,300,4.209,8.91,5.80,236,4.808,16.00,0.00,62.75,0,0,WELCOME ISLAND (AUT),0.0,2018-2025,2026-10-08T21:12:02+00:00
2026-09-28T04:00:00+00:00,welcome_island,24,6.48,300,5.611,14.58,4.30,322,2.647,18.90,0.00,62.75,0,0,WELCOME ISLAND (AUT),0.0,2018-2025,2026-10-08T21:12:02+00:00
2026-09-28T05:00:00+00:00,welcome_island,24,5.94,300,5.144,20.79,4.80,287,4.590,21.30,0.00,62.75,0,0,WELCOME ISLAND (AUT),0.0,2018-2025,2026-10-08T21:12:02+00:00
2026-09-28T06:00:00+00:00,welcome_island,24,7.02,300,6.079,27.27,10.50,291,9.803,28.95,0.00,62.75,0,0,WELCOME ISLAND (AUT),0.0,2018-2025,2026-10-08T21:12:02+00:00
2026-09-28T07:00:00+00:00,welcome_island,24,8.64,310,6.618,35.10,8.70,308,6.856,38.55,0.00,62.75,0,0,WELCOME ISLAND (AUT),0.0,2018-2025,2026-10-08T21:12:02+00:00
2026-09-28T08:00:00+00:00,welcome_island,24,9.72,300,8.417,44.28,9.10,320,5.849,42.90,0.00,62.75,0,0,WELCOME ISLAND (AUT),0.0,2018-2025,2026-10-08T21:12:02+00:00
2026-09-28T09:00:00+00:00,welcome_island,24,8.64,300,7.482,53.46,8.30,336,3.376,40.20,0.00,62.75,0,0,WELCOME ISLAND (AUT),0.0,2018-2025,2026-10-08T21:12:02+00:00
2026-09-28T10:00:00+00:00,welcome_island,24,9.18,310,7.032,62.37,8.20,358,0.286,35.70,0.00,62.75,0,0,WELCOME ISLAND (AUT),0.0,2018-2025,2026-10-08T21:12:02+00:00
2026-09-28T11:00:00+00:00,welcome_island,24,6.48,280,6.381,70.19,7.80,360,0.000,31.85,0.00,62.75,0,0,WELCOME ISLAND (AUT),0.0,2018-2025,2026-10-08T21:12:02+00:00
2026-09-28T12:00:00+00:00,welcome_island,24,7.56,290,7.104,77.21,4.70,10,-0.816,29.80,0.00,62.75,0,0,WELCOME ISLAND (AUT),0.0,2018-2025,2026-10-08T21:12:02+00:00
2026-09-28T13:00:00+00:00,welcome_island,24,4.86,290,4.567,83.42,4.40,317,3.001,29.80,0.00,62.75,0,0,WELCOME ISLAND (AUT),0.0,2018-2025,2026-10-08T21:12:02+00:00
2026-09-28T14:00:00+00:00,welcome_island,24,3.78,300,3.273,87.74,4.50,306,3.641,32.05,0.00,62.75,0,0,WELCOME ISLAND (AUT),0.0,2018-2025,2026-10-08T21:12:02+00:00
2026-09-28T15:00:00+00:00,welcome_island,24,4.32,280,4.254,91.79,4.10,307,3.274,36.35,0.00,62.75,0,0,WELCOME ISLAND (AUT),0.0,2018-2025,2026-10-08T21:12:02+00:00
2026-09-28T16:00:00+00:00,welcome_island,24,1.62,340,0.554,93.95,2.50,294,2.284,39.65,0.00,62.75,0,0,WELCOME ISLAND (AUT),0.0,2018-2025,2026-10-08T21:12:02+00:00
2026-09-28T17:00:00+00:00,welcome_island,24,3.24,140,-2.082,93.95,1.00,275,0.996,41.40,0.00,62.75,0,0,WELCOME ISLAND (AUT),0.0,2018-2025,2026-10-08T21:12:02+00:00
2026-09-28T18:00:00+00:00,welcome_island,24,0.00,,0.000,93.95,1.50,252,1.427,42.65,0.00,62.75,0,0,WELCOME ISLAND (AUT),0.0,2018-2025,2026-10-08T21:12:02+00:00
2026-09-28T19:00:00+00:00,welcome_island,24,5.40,150,-2.700,93.95,2.90,143,-1.745,43.40,0.00,62.75,0,0,WELCOME ISLAND (AUT),0.0,2018-2025,2026-10-08T21:12:02+00:00
2026-09-28T20:00:00+00:00,welcome_island,24,4.32,160,-1.477,93.95,5.60,149,-2.884,43.40,0.00,62.75,0,0,WELCOME ISLAND (AUT),0.0,2018-2025,2026-10-08T21:12:02+00:00
2026-09-28T21:00:00+00:00,welcome_island,24,7.02,160,-2.401,93.95,8.30,142,-5.110,43.40,0.00,62.75,0,0,WELCOME ISLAND (AUT),0.0,2018-2025,2026-10-08T21:12:02+00:00
2026-09-28T22:00:00+00:00,welcome_island,24,6.48,160,-2.216,93.95,9.30,146,-5.200,43.40,0.00,62.75,0,0,WELCOME ISLAND (AUT),0.0,2018-2025,2026-10-08T21:12:02+00:00
2026-09-28T23:00:00+00:00,welcome_island,24,7.02,170,-1.219,93.95,6.40,150,-3.200,43.40,0.00,62.75,0,0,WELCOME ISLAND (AUT),0.0,2018-2025,2026-10-08T21:12:02+00:00
2026-09-29T00:00:00+00:00,welcome_island,24,5.94,160,-2.031,93.95,9.20,141,-5.790,43.40,0.00,65.18,0,0,WELCOME ISLAND (AUT),0.0,2018-2025,2026-10-08T21:12:02+00:00
2026-09-29T01:00:00+00:00,welcome_island,24,2.70,100,-2.659,90.71,8.10,137,-5.524,43.40,3.24,65.18,0,0,WELCOME ISLAND (AUT),0.0,2018-2025,2026-10-08T21:12:02+00:00
2026-09-29T02:00:00+00:00,welcome_island,24,5.40,150,-2.700,87.47,7.10,130,-5.439,43.40,6.48,65.18,0,0,WELCOME ISLAND (AUT),0.0,2018-2025,2026-10-08T21:12:02+00:00
2026-09-29T03:00:00+00:00,welcome_island,24,4.86,100,-4.786,85.04,6.60,133,-4.827,40.50,8.91,65.18,0,0,WELCOME ISLAND (AUT),0.0,2018-2025,2026-10-08T21:12:02+00:00
2026-09-29T04:00:00+00:00,welcome_island,24,3.78,140,-2.430,79.37,9.50,139,-6.233,37.60,14.58,65.18,0,0,WELCOME ISLAND (AUT),0.0,2018-2025,2026-10-08T21:12:02+00:00
2026-09-29T05:00:00+00:00,welcome_island,24,0.00,,0.000,73.16,7.60,115,-6.888,35.20,20.79,65.18,0,0,WELCOME ISLAND (AUT),0.0,2018-2025,2026-10-08T21:12:02+00:00
2026-09-29T06:00:00+00:00,welcome_island,24,0.00,,0.000,66.68,5.30,91,-5.299,27.55,27.27,65.18,0,0,WELCOME ISLAND (AUT),0.0,2018-2025,2026-10-08T21:12:02+00:00
2026-09-29T07:00:00+00:00,welcome_island,24,0.00,,0.000,58.86,2.90,103,-2.826,17.95,35.10,65.18,0,0,WELCOME ISLAND (AUT),0.0,2018-2025,2026-10-08T21:12:02+00:00
2026-09-29T08:00:00+00:00,welcome_island,24,7.02,100,-6.913,49.68,3.50,122,-2.968,13.60,44.28,65.18,0,0,WELCOME ISLAND (AUT),0.0,2018-2025,2026-10-08T21:12:02+00:00
2026-09-29T09:00:00+00:00,welcome_island,24,4.86,110,-4.567,40.50,3.00,84,-2.984,13.60,53.46,65.18,0,0,WELCOME ISLAND (AUT),0.0,2018-2025,2026-10-08T21:12:02+00:00
2026-09-29T10:00:00+00:00,welcome_island,24,10.26,160,-3.509,31.59,2.00,84,-1.989,13.60,62.37,65.18,0,0,WELCOME ISLAND (AUT),0.0,2018-2025,2026-10-08T21:12:02+00:00
2026-09-29T11:00:00+00:00,welcome_island,24,3.24,190,0.563,23.76,4.30,106,-4.133,13.60,70.19,65.18,0,0,WELCOME ISLAND (AUT),0.0,2018-2025,2026-10-08T21:12:02+00:00
2026-09-29T12:00:00+00:00,welcome_island,24,4.86,190,0.844,16.74,4.80,135,-3.394,13.60,77.21,65.18,0,0,WELCOME ISLAND (AUT),0.0,2018-2025,2026-10-08T21:12:02+00:00
2026-09-29T13:00:00+00:00,welcome_island,24,3.78,200,1.293,10.53,2.50,134,-1.798,13.60,83.42,65.18,0,0,WELCOME ISLAND (AUT),0.0,2018-2025,2026-10-08T21:12:02+00:00
2026-09-29T14:00:00+00:00,welcome_island,24,3.78,210,1.890,6.21,3.40,209,1.648,11.35,87.74,65.18,0,0,WELCOME ISLAND (AUT),0.0,2018-2025,2026-10-08T21:12:02+00:00
2026-09-29T15:00:00+00:00,welcome_island,24,0.00,,0.000,2.16,6.80,184,0.474,7.05,91.79,65.18,0,0,WELCOME ISLAND (AUT),0.0,2018-2025,2026-10-08T21:12:02+00:00
2026-09-29T16:00:00+00:00,welcome_island,24,7.02,200,2.401,0.00,8.00,188,1.113,3.75,93.95,65.18,0,0,WELCOME ISLAND (AUT),0.0,2018-2025,2026-10-08T21:12:02+00:00
2026-09-29T17:00:00+00:00,welcome_island,24,8.10,190,1.406,0.00,8.80,179,-0.154,2.00,93.95,65.18,0,0,WELCOME ISLAND (AUT),0.0,2018-2025,2026-10-08T21:12:02+00:00
2026-09-29T18:00:00+00:00,welcome_island,24,10.26,200,3.509,0.00,13.90,200,4.754,0.75,93.95,65.18,0,0,WELCOME ISLAND (AUT),0.0,2018-2025,2026-10-08T21:12:02+00:00
2026-09-29T19:00:00+00:00,welcome_island,24,8.64,200,2.955,0.00,13.10,193,2.947,0.00,93.95,65.18,0,0,WELCOME ISLAND (AUT),0.0,2018-2025,2026-10-08T21:12:02+00:00
2026-09-29T20:00:00+00:00,welcome_island,24,7.02,210,3.510,0.00,12.50,197,3.655,0.00,93.95,65.18,0,0,WELCOME ISLAND (AUT),0.0,2018-2025,2026-10-08T21:12:02+00:00
2026-09-29T21:00:00+00:00,welcome_island,24,6.48,200,2.216,0.00,14.00,198,4.326,0.00,93.95,65.18,0,0,WELCOME ISLAND (AUT),0.0,2018-2025,2026-10-08T21:12:02+00:00
2026-09-29T22:00:00+00:00,welcome_island,24,6.48,200,2.216,0.00,12.90,206,5.655,0.00,93.95,65.18,0,0,WELCOME ISLAND (AUT),0.0,2018-2025,2026-10-08T21:12:02+00:00
2026-09-29T23:00:00+00:00,welcome_island,24,9.18,200,3.139,0.00,10.10,201,3.620,0.00,93.95,65.18,0,0,WELCOME ISLAND (AUT),0.0,2018-2025,2026-10-08T21:12:02+00:00
2026-09-30T00:00:00+00:00,welcome_island,24,5.94,200,2.031,0.00,8.00,204,3.254,0.00,93.95,67.33,0,0,WELCOME ISLAND (AUT),0.0,2018-2025,2026-10-08T21:12:02+00:00
2026-09-30T01:00:00+00:00,welcome_island,24,5.94,230,4.550,2.97,8.50,205,3.592,0.00,90.71,67.33,0,0,WELCOME ISLAND (AUT),0.0,2018-2025,2026-10-08T21:12:02+00:00
2026-09-30T02:00:00+00:00,welcome_island,24,8.10,210,4.050,5.94,11.30,200,3.865,0.00,87.47,67.33,0,0,WELCOME ISLAND (AUT),0.0,2018-2025,2026-10-08T21:12:02+00:00
2026-09-30T03:00:00+00:00,welcome_island,24,8.64,210,4.320,5.94,15.20,202,5.694,0.00,85.04,67.33,0,0,WELCOME ISLAND (AUT),0.0,2018-2025,2026-10-08T21:12:02+00:00
2026-09-30T04:00:00+00:00,welcome_island,24,8.64,210,4.320,5.94,14.30,205,6.043,0.00,79.37,67.33,0,0,WELCOME ISLAND (AUT),0.0,2018-2025,2026-10-08T21:12:02+00:00
2026-09-30T05:00:00+00:00,welcome_island,24,9.72,210,4.860,5.94,12.70,211,6.541,0.00,73.16,67.33,0,0,WELCOME ISLAND (AUT),0.0,2018-2025,2026-10-08T21:12:02+00:00
2026-09-30T06:00:00+00:00,welcome_island,24,10.80,210,5.400,5.94,15.00,206,6.576,0.00,66.68,67.33,0,0,WELCOME ISLAND (AUT),0.0,2018-2025,2026-10-08T21:12:02+00:00
2026-09-30T07:00:00+00:00,welcome_island,24,11.88,210,5.940,5.94,12.70,207,5.766,0.00,58.86,67.33,0,0,WELCOME ISLAND (AUT),0.0,2018-2025,2026-10-08T21:12:02+00:00
2026-09-30T08:00:00+00:00,welcome_island,24,11.34,210,5.670,5.94,11.90,206,5.217,0.00,49.68,67.33,0,0,WELCOME ISLAND (AUT),0.0,2018-2025,2026-10-08T21:12:02+00:00
2026-09-30T09:00:00+00:00,welcome_island,24,9.72,220,6.247,5.94,12.00,210,6.000,0.00,40.50,67.33,0,0,WELCOME ISLAND (AUT),0.0,2018-2025,2026-10-08T21:12:02+00:00
2026-09-30T10:00:00+00:00,welcome_island,24,8.10,220,5.206,5.94,11.00,211,5.665,0.00,31.59,67.33,0,0,WELCOME ISLAND (AUT),0.0,2018-2025,2026-10-08T21:12:02+00:00
2026-09-30T11:00:00+00:00,welcome_island,24,9.18,210,4.590,5.94,10.50,219,6.608,0.00,23.76,67.33,0,0,WELCOME ISLAND (AUT),0.0,2018-2025,2026-10-08T21:12:02+00:00
2026-09-30T12:00:00+00:00,welcome_island,24,8.64,220,5.553,5.94,11.80,208,5.540,0.00,16.74,67.33,0,0,WELCOME ISLAND (AUT),0.0,2018-2025,2026-10-08T21:12:02+00:00
2026-09-30T13:00:00+00:00,welcome_island,24,7.56,220,4.859,5.94,10.30,215,5.908,0.00,10.53,67.33,0,0,WELCOME ISLAND (AUT),0.0,2018-2025,2026-10-08T21:12:02+00:00
2026-09-30T14:00:00+00:00,welcome_island,24,4.86,230,3.723,8.37,9.50,220,6.106,0.00,6.21,67.33,0,0,WELCOME ISLAND (AUT),0.0,2018-2025,2026-10-08T21:12:02+00:00
2026-09-30T15:00:00+00:00,welcome_island,24,7.02,210,3.510,10.80,5.20,230,3.983,2.60,2.16,67.33,0,0,WELCOME ISLAND (AUT),0.0,2018-2025,2026-10-08T21:12:02+00:00
2026-09-30T16:00:00+00:00,welcome_island,24,8.64,210,4.320,10.80,5.70,221,3.740,5.20,0.00,67.33,0,0,WELCOME ISLAND (AUT),0.0,2018-2025,2026-10-08T21:12:02+00:00
2026-09-30T17:00:00+00:00,welcome_island,24,9.18,210,4.590,10.80,5.40,200,1.847,5.20,0.00,67.33,0,0,WELCOME ISLAND (AUT),0.0,2018-2025,2026-10-08T21:12:02+00:00
2026-09-30T18:00:00+00:00,welcome_island,24,10.26,210,5.130,10.80,10.80,202,4.046,5.20,0.00,67.33,0,0,WELCOME ISLAND (AUT),0.0,2018-2025,2026-10-08T21:12:02+00:00
2026-09-30T19:00:00+00:00,welcome_island,24,9.72,200,3.324,10.80,12.10,201,4.336,5.20,0.00,67.33,0,0,WELCOME ISLAND (AUT),0.0,2018-2025,2026-10-08T21:12:02+00:00
2026-09-30T20:00:00+00:00,welcome_island,24,11.34,210,5.670,10.80,12.80,199,4.167,5.20,0.00,67.33,0,0,WELCOME ISLAND (AUT),0.0,2018-2025,2026-10-08T21:12:02+00:00
2026-09-30T21:00:00+00:00,welcome_island,24,11.88,210,5.940,10.80,12.80,196,3.528,5.20,0.00,67.33,0,0,WELCOME ISLAND (AUT),0.0,2018-2025,2026-10-08T21:12:02+00:00
2026-09-30T22:00:00+00:00,welcome_island,24,12.96,200,4.432,10.80,14.20,195,3.675,5.20,0.00,67.33,0,0,WELCOME ISLAND (AUT),0.0,2018-2025,2026-10-08T21:12:02+00:00
2026-09-30T23:00:00+00:00,welcome_island,24,11.34,210,5.670,10.80,13.80,194,3.339,5.20,0.00,67.33,0,0,WELCOME ISLAND (AUT),0.0,2018-2025,2026-10-08T21:12:02+00:00
2026-10-01T00:00:00+00:00,welcome_island,24,10.80,210,5.400,10.80,16.20,208,7.605,5.20,0.00,71.50,0,0,WELCOME ISLAND (AUT),0.0,2018-2025,2026-10-08T21:12:02+00:00
2026-10-01T01:00:00+00:00,welcome_island,24,4.32,260,4.254,9.99,14.10,213,7.679,5.20,2.97,71.50,0,0,WELCOME ISLAND (AUT),0.0,2018-2025,2026-10-08T21:12:02+00:00
2026-10-01T02:00:00+00:00,welcome_island,24,2.70,50,-2.068,9.18,8.90,228,6.614,9.65,5.94,71.50,0,0,WELCOME ISLAND (AUT),0.0,2018-2025,2026-10-08T21:12:02+00:00
2026-10-01T03:00:00+00:00,welcome_island,24,3.24,290,3.044,10.80,5.10,305,4.178,16.65,5.94,71.50,0,0,WELCOME ISLAND (AUT),0.0,2018-2025,2026-10-08T21:12:02+00:00
2026-10-01T04:00:00+00:00,welcome_island,24,3.78,350,0.656,12.42,3.10,343,0.906,19.20,5.94,71.50,0,0,WELCOME ISLAND (AUT),0.0,2018-2025,2026-10-08T21:12:02+00:00
2026-10-01T05:00:00+00:00,welcome_island,24,4.32,220,2.777,12.42,3.30,41,-2.165,19.20,5.94,71.50,0,0,WELCOME ISLAND (AUT),0.0,2018-2025,2026-10-08T21:12:02+00:00
2026-10-01T06:00:00+00:00,welcome_island,24,8.10,210,4.050,12.42,7.60,289,7.186,23.00,5.94,71.50,0,0,WELCOME ISLAND (AUT),0.0,2018-2025,2026-10-08T21:12:02+00:00
2026-10-01T07:00:00+00:00,welcome_island,24,7.02,250,6.596,15.93,6.90,320,4.435,26.80,5.94,71.50,0,0,WELCOME ISLAND (AUT),0.0,2018-2025,2026-10-08T21:12:02+00:00
2026-10-01T08:00:00+00:00,welcome_island,24,15.66,360,0.000,19.44,4.00,342,1.236,26.80,5.94,71.50,0,0,WELCOME ISLAND (AUT),0.0,2018-2025,2026-10-08T21:12:02+00:00
2026-10-01T09:00:00+00:00,welcome_island,24,10.80,330,5.400,19.44,5.30,337,2.071,26.80,5.94,71.50,0,0,WELCOME ISLAND (AUT),0.0,2018-2025,2026-10-08T21:12:02+00:00
2026-10-01T10:00:00+00:00,welcome_island,24,11.34,290,10.655,25.11,7.00,326,3.914,26.80,5.94,71.50,0,0,WELCOME ISLAND (AUT),0.0,2018-2025,2026-10-08T21:12:02+00:00
2026-10-01T11:00:00+00:00,welcome_island,24,11.34,280,11.167,36.45,12.50,311,9.434,33.05,5.94,71.50,0,0,WELCOME ISLAND (AUT),0.0,2018-2025,2026-10-08T21:12:02+00:00
2026-10-01T12:00:00+00:00,welcome_island,24,10.26,280,10.103,47.25,13.70,310,10.495,46.15,5.94,71.50,0,0,WELCOME ISLAND (AUT),0.0,2018-2025,2026-10-08T21:12:02+00:00
2026-10-01T13:00:00+00:00,welcome_island,24,10.80,290,10.148,57.78,12.30,286,11.824,59.15,5.94,71.50,0,0,WELCOME ISLAND (AUT),0.0,2018-2025,2026-10-08T21:12:02+00:00
2026-10-01T14:00:00+00:00,welcome_island,24,11.88,280,11.699,66.68,15.60,294,14.251,73.10,8.37,71.50,0,0,WELCOME ISLAND (AUT),0.0,2018-2025,2026-10-08T21:12:02+00:00
2026-10-01T15:00:00+00:00,welcome_island,24,9.72,280,9.572,75.05,16.80,293,15.464,86.70,10.80,71.50,0,0,WELCOME ISLAND (AUT),0.0,2018-2025,2026-10-08T21:12:02+00:00
2026-10-01T16:00:00+00:00,welcome_island,24,6.48,260,6.381,83.15,17.20,288,16.358,101.10,10.80,71.50,0,0,WELCOME ISLAND (AUT),0.0,2018-2025,2026-10-08T21:12:02+00:00
2026-10-01T17:00:00+00:00,welcome_island,24,19.44,300,16.834,96.11,17.00,291,15.871,118.20,10.80,71.50,0,0,WELCOME ISLAND (AUT),0.0,2018-2025,2026-10-08T21:12:02+00:00
2026-10-01T18:00:00+00:00,welcome_island,24,14.58,280,14.357,113.12,20.50,290,19.264,136.95,10.80,71.50,0,0,WELCOME ISLAND (AUT),0.0,2018-2025,2026-10-08T21:12:02+00:00
2026-10-01T19:00:00+00:00,welcome_island,24,16.20,290,15.222,128.51,20.60,293,18.962,157.50,10.80,71.50,0,0,WELCOME ISLAND (AUT),0.0,2018-2025,2026-10-08T21:12:02+00:00
2026-10-01T20:00:00+00:00,welcome_island,24,21.60,300,18.705,147.41,22.50,305,18.431,179.05,10.80,71.50,0,0,WELCOME ISLAND (AUT),0.0,2018-2025,2026-10-08T21:12:02+00:00
2026-10-01T21:00:00+00:00,welcome_island,24,22.14,320,14.230,158.21,21.70,301,18.601,201.15,10.80,71.50,0,0,WELCOME ISLAND (AUT),0.0,2018-2025,2026-10-08T21:12:02+00:00
2026-10-01T22:00:00+00:00,welcome_island,24,19.44,320,12.495,158.21,22.30,307,17.810,223.15,10.80,71.50,0,0,WELCOME ISLAND (AUT),0.0,2018-2025,2026-10-08T21:12:02+00:00
2026-10-01T23:00:00+00:00,welcome_island,24,22.14,310,16.959,169.28,20.00,304,16.581,244.30,10.80,71.50,0,0,WELCOME ISLAND (AUT),0.0,2018-2025,2026-10-08T21:12:02+00:00
2026-10-02T00:00:00+00:00,welcome_island,24,22.14,320,14.230,180.35,16.40,305,13.434,262.50,10.80,73.65,0,0,WELCOME ISLAND (AUT),0.0,2018-2025,2026-10-08T21:12:02+00:00
2026-10-02T01:00:00+00:00,welcome_island,24,21.06,310,16.132,188.71,17.40,297,15.504,279.40,9.99,73.65,0,0,WELCOME ISLAND (AUT),0.0,2018-2025,2026-10-08T21:12:02+00:00
2026-10-02T02:00:00+00:00,welcome_island,24,17.82,310,13.650,205.99,16.40,300,14.203,291.85,9.18,73.65,0,0,WELCOME ISLAND (AUT),0.0,2018-2025,2026-10-08T21:12:02+00:00
2026-10-02T03:00:00+00:00,welcome_island,24,15.66,310,11.995,221.11,16.20,298,14.304,301.15,10.80,73.65,0,0,WELCOME ISLAND (AUT),0.0,2018-2025,2026-10-08T21:12:02+00:00
2026-10-02T04:00:00+00:00,welcome_island,24,12.96,300,11.223,233.80,15.70,293,14.452,314.55,12.42,73.65,0,1,WELCOME ISLAND (AUT),0.0,2018-2025,2026-10-08T21:12:02+00:00
2026-10-02T05:00:00+00:00,welcome_island,24,11.34,290,10.655,245.95,15.30,299,13.382,330.05,12.42,73.65,0,1,WELCOME ISLAND (AUT),0.0,2018-2025,2026-10-08T21:12:02+00:00
2026-10-02T06:00:00+00:00,welcome_island,24,12.96,290,12.177,258.10,13.10,324,7.700,333.90,12.42,73.65,0,1,WELCOME ISLAND (AUT),0.0,2018-2025,2026-10-08T21:12:02+00:00
2026-10-02T07:00:00+00:00,welcome_island,24,9.72,290,9.133,265.93,14.00,318,9.368,330.10,15.93,73.65,0,1,WELCOME ISLAND (AUT),0.0,2018-2025,2026-10-08T21:12:02+00:00
2026-10-02T08:00:00+00:00,welcome_island,24,12.42,280,12.230,273.49,12.30,305,10.076,336.25,19.44,73.65,0,1,WELCOME ISLAND (AUT),0.0,2018-2025,2026-10-08T21:12:02+00:00
2026-10-02T09:00:00+00:00,welcome_island,24,10.80,290,10.148,285.10,17.20,312,12.782,351.00,19.44,73.65,0,1,WELCOME ISLAND (AUT),0.0,2018-2025,2026-10-08T21:12:02+00:00
2026-10-02T10:00:00+00:00,welcome_island,24,11.34,280,11.167,290.50,15.90,319,10.431,359.60,25.11,73.65,0,1,WELCOME ISLAND (AUT),0.0,2018-2025,2026-10-08T21:12:02+00:00
2026-10-02T11:00:00+00:00,welcome_island,24,12.42,290,11.670,291.04,15.60,324,9.169,353.35,36.45,73.65,0,1,WELCOME ISLAND (AUT),0.0,2018-2025,2026-10-08T21:12:02+00:00
2026-10-02T12:00:00+00:00,welcome_island,24,14.58,310,11.168,293.74,13.70,302,11.618,347.10,47.25,73.65,0,1,WELCOME ISLAND (AUT),0.0,2018-2025,2026-10-08T21:12:02+00:00
2026-10-02T13:00:00+00:00,welcome_island,24,11.88,290,11.163,296.44,12.70,306,10.275,347.30,57.78,73.65,0,1,WELCOME ISLAND (AUT),0.0,2018-2025,2026-10-08T21:12:02+00:00
2026-10-02T14:00:00+00:00,welcome_island,24,9.72,280,9.572,295.90,13.30,318,8.899,339.70,66.68,73.65,0,1,WELCOME ISLAND (AUT),0.0,2018-2025,2026-10-08T21:12:02+00:00
2026-10-02T15:00:00+00:00,welcome_island,24,18.90,320,12.148,289.96,13.90,323,8.365,323.50,75.05,73.65,0,1,WELCOME ISLAND (AUT),0.0,2018-2025,2026-10-08T21:12:02+00:00
2026-10-02T16:00:00+00:00,welcome_island,24,23.76,310,18.200,293.74,14.50,313,10.605,313.75,83.15,73.65,0,1,WELCOME ISLAND (AUT),0.0,2018-2025,2026-10-08T21:12:02+00:00
2026-10-02T17:00:00+00:00,welcome_island,24,17.82,310,13.650,301.57,15.00,318,10.037,303.90,96.11,73.65,0,0,WELCOME ISLAND (AUT),0.0,2018-2025,2026-10-08T21:12:02+00:00
2026-10-02T18:00:00+00:00,welcome_island,24,15.12,290,14.207,301.03,14.90,295,13.504,292.60,113.12,73.65,0,0,WELCOME ISLAND (AUT),0.0,2018-2025,2026-10-08T21:12:02+00:00
2026-10-02T19:00:00+00:00,welcome_island,24,17.28,320,11.106,293.20,16.70,299,14.606,287.85,128.51,73.65,0,0,WELCOME ISLAND (AUT),0.0,2018-2025,2026-10-08T21:12:02+00:00
2026-10-02T20:00:00+00:00,welcome_island,24,11.88,320,7.636,274.30,17.20,311,12.981,283.25,147.41,73.65,0,0,WELCOME ISLAND (AUT),0.0,2018-2025,2026-10-08T21:12:02+00:00
2026-10-02T21:00:00+00:00,welcome_island,24,10.80,330,5.400,263.50,15.20,311,11.472,277.35,158.21,73.65,0,0,WELCOME ISLAND (AUT),0.0,2018-2025,2026-10-08T21:12:02+00:00
2026-10-02T22:00:00+00:00,welcome_island,24,10.80,320,6.942,263.50,12.30,305,10.076,269.10,158.21,73.65,0,0,WELCOME ISLAND (AUT),0.0,2018-2025,2026-10-08T21:12:02+00:00
2026-10-02T23:00:00+00:00,welcome_island,24,9.72,310,7.445,257.29,11.00,296,9.887,259.60,169.28,73.65,0,0,WELCOME ISLAND (AUT),0.0,2018-2025,2026-10-08T21:12:02+00:00
2026-10-03T00:00:00+00:00,welcome_island,24,9.18,310,7.032,255.67,11.20,305,9.175,252.50,180.35,72.45,0,0,WELCOME ISLAND (AUT),0.0,2018-2025,2026-10-08T21:12:02+00:00
2026-10-03T01:00:00+00:00,welcome_island,24,7.02,280,6.913,253.24,10.00,307,7.986,246.20,188.71,72.45,0,0,WELCOME ISLAND (AUT),0.0,2018-2025,2026-10-08T21:12:02+00:00
2026-10-03T02:00:00+00:00,welcome_island,24,4.32,270,4.320,239.47,7.60,293,6.996,238.10,205.99,72.45,0,0,WELCOME ISLAND (AUT),0.0,2018-2025,2026-10-08T21:12:02+00:00
2026-10-03T03:00:00+00:00,welcome_island,24,6.48,280,6.381,228.13,7.00,270,7.000,229.10,221.11,72.45,0,0,WELCOME ISLAND (AUT),0.0,2018-2025,2026-10-08T21:12:02+00:00
2026-10-03T04:00:00+00:00,welcome_island,24,6.48,290,6.089,220.30,8.60,269,8.599,220.95,233.80,72.45,0,0,WELCOME ISLAND (AUT),0.0,2018-2025,2026-10-08T21:12:02+00:00
2026-10-03T05:00:00+00:00,welcome_island,24,5.94,290,5.581,214.36,9.10,274,9.078,214.30,245.95,72.45,0,0,WELCOME ISLAND (AUT),0.0,2018-2025,2026-10-08T21:12:02+00:00
2026-10-03T06:00:00+00:00,welcome_island,24,7.56,290,7.104,208.96,7.20,280,7.091,214.80,258.10,72.45,0,0,WELCOME ISLAND (AUT),0.0,2018-2025,2026-10-08T21:12:02+00:00
2026-10-03T07:00:00+00:00,welcome_island,24,7.02,290,6.596,204.91,7.00,288,6.657,221.90,265.93,72.45,0,0,WELCOME ISLAND (AUT),0.0,2018-2025,2026-10-08T21:12:02+00:00
2026-10-03T08:00:00+00:00,welcome_island,24,7.56,300,6.547,201.13,4.90,275,4.881,221.70,273.49,72.45,0,0,WELCOME ISLAND (AUT),0.0,2018-2025,2026-10-08T21:12:02+00:00
2026-10-03T09:00:00+00:00,welcome_island,24,6.48,310,4.964,196.54,3.90,275,3.885,211.35,285.10,72.45,0,0,WELCOME ISLAND (AUT),0.0,2018-2025,2026-10-08T21:12:02+00:00
2026-10-03T10:00:00+00:00,welcome_island,24,4.86,300,4.209,191.14,3.00,244,2.696,206.20,290.50,72.45,0,0,WELCOME ISLAND (AUT),0.0,2018-2025,2026-10-08T21:12:02+00:00
2026-10-03T11:00:00+00:00,welcome_island,24,5.40,300,4.676,184.40,5.10,226,3.669,210.25,291.04,72.45,0,0,WELCOME ISLAND (AUT),0.0,2018-2025,2026-10-08T21:12:02+00:00
2026-10-03T12:00:00+00:00,welcome_island,24,4.86,290,4.567,176.03,3.00,235,2.457,207.45,293.74,72.45,0,0,WELCOME ISLAND (AUT),0.0,2018-2025,2026-10-08T21:12:02+00:00
2026-10-03T13:00:00+00:00,welcome_island,24,3.24,300,2.806,166.85,6.90,203,2.696,195.75,296.44,72.45,0,0,WELCOME ISLAND (AUT),0.0,2018-2025,2026-10-08T21:12:02+00:00
2026-10-03T14:00:00+00:00,welcome_island,24,2.16,60,-1.870,157.67,12.10,204,4.922,189.40,295.90,72.45,0,0,WELCOME ISLAND (AUT),0.0,2018-2025,2026-10-08T21:12:02+00:00
2026-10-03T15:00:00+00:00,welcome_island,24,0.00,,0.000,152.81,8.60,282,8.412,193.70,289.96,72.45,0,0,WELCOME ISLAND (AUT),0.0,2018-2025,2026-10-08T21:12:02+00:00
2026-10-03T16:00:00+00:00,welcome_island,24,0.00,,0.000,140.93,3.70,157,-1.446,190.75,293.74,72.45,0,0,WELCOME ISLAND (AUT),0.0,2018-2025,2026-10-08T21:12:02+00:00
2026-10-03T17:00:00+00:00,welcome_island,24,1.62,130,-1.241,120.14,7.20,147,-3.921,183.50,301.57,72.45,0,0,WELCOME ISLAND (AUT),0.0,2018-2025,2026-10-08T21:12:02+00:00
2026-10-03T18:00:00+00:00,welcome_island,24,7.56,150,-3.780,103.67,5.50,127,-4.392,176.05,301.03,72.45,0,0,WELCOME ISLAND (AUT),0.0,2018-2025,2026-10-08T21:12:02+00:00
2026-10-03T19:00:00+00:00,welcome_island,24,10.26,120,-8.885,96.11,10.60,127,-8.466,160.25,293.20,72.45,0,0,WELCOME ISLAND (AUT),0.0,2018-2025,2026-10-08T21:12:02+00:00
2026-10-03T20:00:00+00:00,welcome_island,24,13.50,120,-11.690,96.11,13.60,169,-2.595,143.30,274.30,72.45,0,0,WELCOME ISLAND (AUT),0.0,2018-2025,2026-10-08T21:12:02+00:00
2026-10-03T21:00:00+00:00,welcome_island,24,14.58,130,-11.168,96.11,15.70,187,1.913,127.10,263.50,72.45,0,0,WELCOME ISLAND (AUT),0.0,2018-2025,2026-10-08T21:12:02+00:00
2026-10-03T22:00:00+00:00,welcome_island,24,18.36,140,-11.801,96.11,14.60,154,-6.400,113.35,263.50,72.45,0,0,WELCOME ISLAND (AUT),0.0,2018-2025,2026-10-08T21:12:02+00:00
2026-10-03T23:00:00+00:00,welcome_island,24,16.20,140,-10.412,91.25,13.80,143,-8.305,101.70,257.29,72.45,0,0,WELCOME ISLAND (AUT),0.0,2018-2025,2026-10-08T21:12:02+00:00
2026-10-04T00:00:00+00:00,welcome_island,24,13.50,200,4.617,81.80,16.50,187,2.011,90.60,255.67,70.24,0,0,WELCOME ISLAND (AUT),0.0,2018-2025,2026-10-08T21:12:02+00:00
2026-10-04T01:00:00+00:00,welcome_island,24,14.58,200,4.986,73.70,14.60,182,0.510,80.00,253.24,70.24,0,0,WELCOME ISLAND (AUT),0.0,2018-2025,2026-10-08T21:12:02+00:00
2026-10-04T02:00:00+00:00,welcome_island,24,14.58,200,4.986,68.03,14.80,182,0.517,71.20,239.47,70.24,0,0,WELCOME ISLAND (AUT),0.0,2018-2025,2026-10-08T21:12:02+00:00
2026-10-04T03:00:00+00:00,welcome_island,24,9.72,210,4.860,62.63,12.10,190,2.101,63.90,228.13,70.24,0,0,WELCOME ISLAND (AUT),0.0,2018-2025,2026-10-08T21:12:02+00:00
2026-10-04T04:00:00+00:00,welcome_island,24,8.64,220,5.553,56.16,9.30,242,8.211,60.75,220.30,70.24,0,0,WELCOME ISLAND (AUT),0.0,2018-2025,2026-10-08T21:12:02+00:00
2026-10-04T05:00:00+00:00,welcome_island,24,5.94,230,4.550,52.92,7.20,281,7.068,60.15,214.36,70.24,0,0,WELCOME ISLAND (AUT),0.0,2018-2025,2026-10-08T21:12:02+00:00
2026-10-04T06:00:00+00:00,welcome_island,24,4.32,270,4.320,51.30,8.90,266,8.878,60.05,208.96,70.24,0,0,WELCOME ISLAND (AUT),0.0,2018-2025,2026-10-08T21:12:02+00:00
2026-10-04T07:00:00+00:00,welcome_island,24,7.02,270,7.019,49.68,13.90,297,12.385,64.35,204.91,70.24,0,0,WELCOME ISLAND (AUT),0.0,2018-2025,2026-10-08T21:12:02+00:00
2026-10-04T08:00:00+00:00,welcome_island,24,14.04,290,13.192,52.92,15.00,318,10.037,65.35,201.13,70.24,0,0,WELCOME ISLAND (AUT),0.0,2018-2025,2026-10-08T21:12:02+00:00
2026-10-04T09:00:00+00:00,welcome_island,24,14.58,300,12.626,60.21,16.90,327,9.204,60.95,196.54,70.24,0,0,WELCOME ISLAND (AUT),0.0,2018-2025,2026-10-08T21:12:02+00:00
2026-10-04T10:00:00+00:00,welcome_island,24,19.98,300,17.302,71.81,13.70,321,8.622,57.50,191.14,70.24,0,0,WELCOME ISLAND (AUT),0.0,2018-2025,2026-10-08T21:12:02+00:00
2026-10-04T11:00:00+00:00,welcome_island,24,23.22,310,17.786,88.28,20.10,319,13.187,53.45,184.40,70.24,0,0,WELCOME ISLAND (AUT),0.0,2018-2025,2026-10-08T21:12:02+00:00
2026-10-04T12:00:00+00:00,welcome_island,24,18.36,290,17.251,103.94,19.90,315,14.071,59.35,176.03,70.24,0,0,WELCOME ISLAND (AUT),0.0,2018-2025,2026-10-08T21:12:02+00:00
2026-10-04T13:00:00+00:00,welcome_island,24,18.36,300,15.899,118.25,19.80,313,14.481,77.70,166.85,70.24,0,0,WELCOME ISLAND (AUT),0.0,2018-2025,2026-10-08T21:12:02+00:00
2026-10-04T14:00:00+00:00,welcome_island,24,21.60,300,18.705,136.61,20.30,301,17.400,97.75,157.67,70.24,0,0,WELCOME ISLAND (AUT),0.0,2018-2025,2026-10-08T21:12:02+00:00
2026-10-04T15:00:00+00:00,welcome_island,24,18.90,310,14.477,156.86,20.00,302,16.961,113.60,152.81,70.24,0,0,WELCOME ISLAND (AUT),0.0,2018-2025,2026-10-08T21:12:02+00:00
2026-10-04T16:00:00+00:00,welcome_island,24,21.06,310,16.132,176.84,21.40,308,16.863,130.00,140.93,70.24,0,0,WELCOME ISLAND (AUT),0.0,2018-2025,2026-10-08T21:12:02+00:00
2026-10-04T17:00:00+00:00,welcome_island,24,21.06,300,18.237,197.89,20.90,309,16.242,151.15,120.14,70.24,0,0,WELCOME ISLAND (AUT),0.0,2018-2025,2026-10-08T21:12:02+00:00
2026-10-04T18:00:00+00:00,welcome_island,24,20.52,310,15.718,218.68,22.90,316,15.908,161.60,103.67,70.24,0,0,WELCOME ISLAND (AUT),0.0,2018-2025,2026-10-08T21:12:02+00:00
2026-10-04T19:00:00+00:00,welcome_island,24,25.92,300,22.446,241.90,21.80,310,16.700,172.50,96.11,70.24,0,0,WELCOME ISLAND (AUT),0.0,2018-2025,2026-10-08T21:12:02+00:00
2026-10-04T20:00:00+00:00,welcome_island,24,25.38,310,19.441,267.55,23.50,320,15.106,183.40,96.11,70.24,0,0,WELCOME ISLAND (AUT),0.0,2018-2025,2026-10-08T21:12:02+00:00
2026-10-04T21:00:00+00:00,welcome_island,24,25.92,310,19.854,293.20,22.70,313,16.602,194.75,96.11,70.24,0,0,WELCOME ISLAND (AUT),0.0,2018-2025,2026-10-08T21:12:02+00:00
2026-10-04T22:00:00+00:00,welcome_island,24,22.14,310,16.959,317.22,22.20,316,15.421,206.10,96.11,70.24,1,0,WELCOME ISLAND (AUT),0.0,2018-2025,2026-10-08T21:12:02+00:00
2026-10-04T23:00:00+00:00,welcome_island,24,21.60,290,20.296,339.09,20.20,321,12.712,206.10,91.25,70.24,1,0,WELCOME ISLAND (AUT),0.0,2018-2025,2026-10-08T21:12:02+00:00
2026-10-05T00:00:00+00:00,welcome_island,24,15.12,320,9.718,349.89,26.60,297,23.701,219.40,81.80,71.84,1,0,WELCOME ISLAND (AUT),0.0,2018-2025,2026-10-08T21:12:02+00:00
2026-10-05T01:00:00+00:00,welcome_island,24,22.68,300,19.640,361.23,14.80,313,10.824,240.10,73.70,71.84,1,0,WELCOME ISLAND (AUT),0.0,2018-2025,2026-10-08T21:12:02+00:00
2026-10-05T02:00:00+00:00,welcome_island,24,19.44,300,16.834,382.29,17.40,316,12.087,247.50,68.03,71.84,1,0,WELCOME ISLAND (AUT),0.0,2018-2025,2026-10-08T21:12:02+00:00
2026-10-05T03:00:00+00:00,welcome_island,24,19.44,310,14.891,401.73,16.80,307,13.417,255.90,62.63,71.84,1,0,WELCOME ISLAND (AUT),0.0,2018-2025,2026-10-08T21:12:02+00:00
2026-10-05T04:00:00+00:00,welcome_island,24,18.90,310,14.477,420.90,15.90,310,12.180,267.60,56.16,71.84,1,0,WELCOME ISLAND (AUT),0.0,2018-2025,2026-10-08T21:12:02+00:00
2026-10-05T05:00:00+00:00,welcome_island,24,15.12,320,9.718,427.38,15.40,347,3.464,267.30,52.92,71.84,1,0,WELCOME ISLAND (AUT),0.0,2018-2025,2026-10-08T21:12:02+00:00
2026-10-05T06:00:00+00:00,welcome_island,24,10.26,310,7.859,427.38,14.90,328,7.896,259.25,51.30,71.84,1,0,WELCOME ISLAND (AUT),0.0,2018-2025,2026-10-08T21:12:02+00:00
2026-10-05T07:00:00+00:00,welcome_island,24,9.18,290,8.626,431.43,17.00,334,7.452,247.85,49.68,71.84,1,0,WELCOME ISLAND (AUT),0.0,2018-2025,2026-10-08T21:12:02+00:00
2026-10-05T08:00:00+00:00,welcome_island,24,14.58,310,11.168,432.78,17.80,335,7.523,240.90,52.92,71.84,1,0,WELCOME ISLAND (AUT),0.0,2018-2025,2026-10-08T21:12:02+00:00
2026-10-05T09:00:00+00:00,welcome_island,24,10.26,310,7.859,430.89,16.90,335,7.142,240.90,60.21,71.84,1,0,WELCOME ISLAND (AUT),0.0,2018-2025,2026-10-08T21:12:02+00:00
2026-10-05T10:00:00+00:00,welcome_island,24,9.18,300,7.949,423.33,16.40,328,8.691,240.90,71.81,71.84,1,0,WELCOME ISLAND (AUT),0.0,2018-2025,2026-10-08T21:12:02+00:00
2026-10-05T11:00:00+00:00,welcome_island,24,13.50,300,11.690,413.07,15.90,325,9.120,240.90,88.28,71.84,1,0,WELCOME ISLAND (AUT),0.0,2018-2025,2026-10-08T21:12:02+00:00
2026-10-05T12:00:00+00:00,welcome_island,24,10.26,290,9.640,404.16,13.20,343,3.859,230.95,103.94,71.84,1,0,WELCOME ISLAND (AUT),0.0,2018-2025,2026-10-08T21:12:02+00:00
2026-10-05T13:00:00+00:00,welcome_island,24,7.56,290,7.104,394.71,13.30,342,4.110,211.10,118.25,71.84,1,0,WELCOME ISLAND (AUT),0.0,2018-2025,2026-10-08T21:12:02+00:00
2026-10-05T14:00:00+00:00,welcome_island,24,5.40,280,5.318,381.21,11.80,340,4.036,191.05,136.61,71.84,1,0,WELCOME ISLAND (AUT),0.0,2018-2025,2026-10-08T21:12:02+00:00
2026-10-05T15:00:00+00:00,welcome_island,24,3.78,280,3.722,365.55,12.80,328,6.783,170.90,156.86,71.84,1,0,WELCOME ISLAND (AUT),0.0,2018-2025,2026-10-08T21:12:02+00:00
2026-10-05T16:00:00+00:00,welcome_island,24,4.32,290,4.059,349.62,13.10,321,8.244,150.20,176.84,71.84,1,0,WELCOME ISLAND (AUT),0.0,2018-2025,2026-10-08T21:12:02+00:00
2026-10-05T17:00:00+00:00,welcome_island,24,2.16,270,2.160,331.80,10.90,322,6.711,129.05,197.89,71.84,1,0,WELCOME ISLAND (AUT),0.0,2018-2025,2026-10-08T21:12:02+00:00
2026-10-05T18:00:00+00:00,welcome_island,24,4.32,330,2.160,312.10,9.80,316,6.808,118.60,218.68,71.84,1,0,WELCOME ISLAND (AUT),0.0,2018-2025,2026-10-08T21:12:02+00:00
2026-10-05T19:00:00+00:00,welcome_island,24,5.94,160,-2.031,288.88,7.50,329,3.863,107.70,241.90,71.84,0,0,WELCOME ISLAND (AUT),0.0,2018-2025,2026-10-08T21:12:02+00:00
2026-10-05T20:00:00+00:00,welcome_island,24,7.02,180,0.000,263.23,5.30,359,0.092,96.80,267.55,71.84,0,0,WELCOME ISLAND (AUT),0.0,2018-2025,2026-10-08T21:12:02+00:00
2026-10-05T21:00:00+00:00,welcome_island,24,11.88,200,4.063,237.58,4.20,33,-2.287,85.45,293.20,71.84,0,0,WELCOME ISLAND (AUT),0.0,2018-2025,2026-10-08T21:12:02+00:00
2026-10-05T22:00:00+00:00,welcome_island,24,11.88,210,5.940,213.55,4.00,81,-3.951,74.10,317.22,71.84,0,0,WELCOME ISLAND (AUT),0.0,2018-2025,2026-10-08T21:12:02+00:00
2026-10-05T23:00:00+00:00,welcome_island,24,11.34,210,5.670,191.68,4.30,149,-2.215,74.10,339.09,71.84,0,0,WELCOME ISLAND (AUT),0.0,2018-2025,2026-10-08T21:12:02+00:00
2026-10-06T00:00:00+00:00,welcome_island,24,10.26,200,3.509,180.89,12.80,196,3.528,60.80,349.89,72.65,0,0,WELCOME ISLAND (AUT),0.0,2018-2025,2026-10-08T21:12:02+00:00
2026-10-06T01:00:00+00:00,welcome_island,24,8.10,190,1.406,169.55,12.90,190,2.240,40.10,361.23,72.65,0,0,WELCOME ISLAND (AUT),0.0,2018-2025,2026-10-08T21:12:02+00:00
2026-10-06T02:00:00+00:00,welcome_island,24,6.48,190,1.125,148.49,12.50,182,0.436,32.70,382.29,72.65,0,0,WELCOME ISLAND (AUT),0.0,2018-2025,2026-10-08T21:12:02+00:00
2026-10-06T03:00:00+00:00,welcome_island,24,5.40,180,0.000,129.05,12.30,179,-0.215,24.30,401.73,72.65,0,0,WELCOME ISLAND (AUT),0.0,2018-2025,2026-10-08T21:12:02+00:00
2026-10-06T04:00:00+00:00,welcome_island,24,7.02,180,0.000,109.88,12.30,181,0.215,7.95,420.90,72.65,0,0,WELCOME ISLAND (AUT),0.0,2018-2025,2026-10-08T21:12:02+00:00
2026-10-06T05:00:00+00:00,welcome_island,24,9.18,170,-1.594,100.43,12.70,178,-0.443,0.00,427.38,72.65,0,0,WELCOME ISLAND (AUT),0.0,2018-2025,2026-10-08T21:12:02+00:00
2026-10-06T06:00:00+00:00,welcome_island,24,5.94,180,0.000,95.30,13.90,171,-2.174,0.00,427.38,72.65,0,0,WELCOME ISLAND (AUT),0.0,2018-2025,2026-10-08T21:12:02+00:00
2026-10-06T07:00:00+00:00,welcome_island,24,9.18,170,-1.594,85.58,14.40,169,-2.748,0.00,431.43,72.65,0,0,WELCOME ISLAND (AUT),0.0,2018-2025,2026-10-08T21:12:02+00:00
2026-10-06T08:00:00+00:00,welcome_island,24,13.50,170,-2.344,73.70,14.00,169,-2.671,0.00,432.78,72.65,0,0,WELCOME ISLAND (AUT),0.0,2018-2025,2026-10-08T21:12:02+00:00
2026-10-06T09:00:00+00:00,welcome_island,24,10.80,170,-1.875,61.29,16.00,169,-3.053,0.00,430.89,72.65,0,0,WELCOME ISLAND (AUT),0.0,2018-2025,2026-10-08T21:12:02+00:00
2026-10-06T10:00:00+00:00,welcome_island,24,10.80,160,-3.694,51.57,13.60,177,-0.712,0.00,423.33,72.65,0,0,WELCOME ISLAND (AUT),0.0,2018-2025,2026-10-08T21:12:02+00:00
2026-10-06T11:00:00+00:00,welcome_island,24,12.42,150,-6.210,40.23,11.80,171,-1.846,0.00,413.07,72.65,0,0,WELCOME ISLAND (AUT),0.0,2018-2025,2026-10-08T21:12:02+00:00
2026-10-06T12:00:00+00:00,welcome_island,24,12.96,150,-6.479,28.35,12.20,161,-3.972,0.00,404.16,72.65,0,0,WELCOME ISLAND (AUT),0.0,2018-2025,2026-10-08T21:12:02+00:00
2026-10-06T13:00:00+00:00,welcome_island,24,9.72,160,-3.324,19.44,10.00,164,-2.756,0.00,394.71,72.65,0,0,WELCOME ISLAND (AUT),0.0,2018-2025,2026-10-08T21:12:02+00:00
2026-10-06T14:00:00+00:00,welcome_island,24,7.02,170,-1.219,12.96,11.00,162,-3.399,0.00,381.21,72.65,0,0,WELCOME ISLAND (AUT),0.0,2018-2025,2026-10-08T21:12:02+00:00
2026-10-06T15:00:00+00:00,welcome_island,24,4.32,200,1.477,8.37,10.60,171,-1.658,0.00,365.55,72.65,0,0,WELCOME ISLAND (AUT),0.0,2018-2025,2026-10-08T21:12:02+00:00
2026-10-06T16:00:00+00:00,welcome_island,24,4.86,210,2.430,4.32,10.30,195,2.666,0.00,349.62,72.65,0,0,WELCOME ISLAND (AUT),0.0,2018-2025,2026-10-08T21:12:02+00:00
2026-10-06T17:00:00+00:00,welcome_island,24,8.64,210,4.320,1.08,16.50,203,6.447,0.00,331.80,72.65,0,0,WELCOME ISLAND (AUT),0.0,2018-2025,2026-10-08T21:12:02+00:00
2026-10-06T18:00:00+00:00,welcome_island,24,10.26,200,3.509,0.00,17.90,202,6.705,0.00,312.10,72.65,0,0,WELCOME ISLAND (AUT),0.0,2018-2025,2026-10-08T21:12:02+00:00
2026-10-06T19:00:00+00:00,welcome_island,24,10.26,210,5.130,0.00,18.60,199,6.056,0.00,288.88,72.65,0,0,WELCOME ISLAND (AUT),0.0,2018-2025,2026-10-08T21:12:02+00:00
2026-10-06T20:00:00+00:00,welcome_island,24,11.88,210,5.940,0.00,17.50,200,5.985,0.00,263.23,72.65,0,0,WELCOME ISLAND (AUT),0.0,2018-2025,2026-10-08T21:12:02+00:00
2026-10-06T21:00:00+00:00,welcome_island,24,9.72,200,3.324,0.00,15.70,209,7.612,0.00,237.58,72.65,0,0,WELCOME ISLAND (AUT),0.0,2018-2025,2026-10-08T21:12:02+00:00
2026-10-06T22:00:00+00:00,welcome_island,24,10.26,210,5.130,0.00,7.40,245,6.707,3.70,213.55,72.65,0,0,WELCOME ISLAND (AUT),0.0,2018-2025,2026-10-08T21:12:02+00:00
2026-10-06T23:00:00+00:00,welcome_island,24,7.56,230,5.791,3.78,10.60,288,10.081,12.70,191.68,72.65,0,0,WELCOME ISLAND (AUT),0.0,2018-2025,2026-10-08T21:12:02+00:00
2026-10-07T00:00:00+00:00,welcome_island,24,8.10,280,7.976,11.61,6.50,265,6.475,21.25,180.89,74.33,0,0,WELCOME ISLAND (AUT),0.0,2018-2025,2026-10-08T21:12:02+00:00
2026-10-07T01:00:00+00:00,welcome_island,24,8.10,280,7.976,19.71,6.10,253,5.833,27.55,169.55,74.33,0,0,WELCOME ISLAND (AUT),0.0,2018-2025,2026-10-08T21:12:02+00:00
2026-10-07T02:00:00+00:00,welcome_island,24,5.94,300,5.144,26.73,7.50,224,5.210,30.60,148.49,74.33,0,0,WELCOME ISLAND (AUT),0.0,2018-2025,2026-10-08T21:12:02+00:00
2026-10-07T03:00:00+00:00,welcome_island,24,12.42,280,12.230,35.91,11.00,268,10.993,36.10,129.05,74.33,0,0,WELCOME ISLAND (AUT),0.0,2018-2025,2026-10-08T21:12:02+00:00
2026-10-07T04:00:00+00:00,welcome_island,24,10.26,270,10.259,47.25,10.90,278,10.794,47.05,109.88,74.33,0,0,WELCOME ISLAND (AUT),0.0,2018-2025,2026-10-08T21:12:02+00:00
2026-10-07T05:00:00+00:00,welcome_island,24,11.88,280,11.699,58.32,11.30,278,11.190,58.15,100.43,74.33,0,0,WELCOME ISLAND (AUT),0.0,2018-2025,2026-10-08T21:12:02+00:00
2026-10-07T06:00:00+00:00,welcome_island,24,11.88,290,11.163,70.19,12.60,283,12.277,70.10,95.30,74.33,0,0,WELCOME ISLAND (AUT),0.0,2018-2025,2026-10-08T21:12:02+00:00
2026-10-07T07:00:00+00:00,welcome_island,24,10.26,270,10.259,81.26,14.30,293,13.163,83.55,85.58,74.33,0,0,WELCOME ISLAND (AUT),0.0,2018-2025,2026-10-08T21:12:02+00:00
2026-10-07T08:00:00+00:00,welcome_island,24,14.04,290,13.192,93.41,15.70,297,13.989,98.55,73.70,74.33,0,0,WELCOME ISLAND (AUT),0.0,2018-2025,2026-10-08T21:12:02+00:00
2026-10-07T09:00:00+00:00,welcome_island,24,10.80,280,10.635,105.83,15.90,295,14.410,114.35,61.29,74.33,0,0,WELCOME ISLAND (AUT),0.0,2018-2025,2026-10-08T21:12:02+00:00
2026-10-07T10:00:00+00:00,welcome_island,24,12.42,290,11.670,117.44,14.50,293,13.347,129.55,51.57,74.33,0,0,WELCOME ISLAND (AUT),0.0,2018-2025,2026-10-08T21:12:02+00:00
2026-10-07T11:00:00+00:00,welcome_island,24,11.34,290,10.655,129.32,11.50,281,11.289,142.55,40.23,74.33,0,0,WELCOME ISLAND (AUT),0.0,2018-2025,2026-10-08T21:12:02+00:00
2026-10-07T12:00:00+00:00,welcome_island,24,9.72,290,9.133,139.85,9.20,272,9.194,152.90,28.35,74.33,0,0,WELCOME ISLAND (AUT),0.0,2018-2025,2026-10-08T21:12:02+00:00
2026-10-07T13:00:00+00:00,welcome_island,24,7.02,280,6.913,148.22,8.50,255,8.210,161.75,19.44,74.33,0,0,WELCOME ISLAND (AUT),0.0,2018-2025,2026-10-08T21:12:02+00:00
2026-10-07T14:00:00+00:00,welcome_island,24,7.56,270,7.559,155.51,18.00,288,17.119,175.00,12.96,74.33,0,0,WELCOME ISLAND (AUT),0.0,2018-2025,2026-10-08T21:12:02+00:00
2026-10-07T15:00:00+00:00,welcome_island,24,5.40,230,4.136,161.99,13.40,279,13.235,190.70,8.37,74.33,0,0,WELCOME ISLAND (AUT),0.0,2018-2025,2026-10-08T21:12:02+00:00
2026-10-07T16:00:00+00:00,welcome_island,24,9.72,300,8.417,169.55,9.90,276,9.846,202.35,4.32,74.33,0,0,WELCOME ISLAND (AUT),0.0,2018-2025,2026-10-08T21:12:02+00:00
2026-10-07T17:00:00+00:00,welcome_island,24,12.42,310,9.514,180.62,10.50,271,10.498,212.55,1.08,74.33,0,0,WELCOME ISLAND (AUT),0.0,2018-2025,2026-10-08T21:12:02+00:00
2026-10-07T18:00:00+00:00,welcome_island,24,8.64,280,8.508,191.14,9.20,297,8.197,222.40,0.00,74.33,0,0,WELCOME ISLAND (AUT),0.0,2018-2025,2026-10-08T21:12:02+00:00
2026-10-07T19:00:00+00:00,welcome_island,24,13.50,300,11.690,202.21,10.00,292,9.272,232.00,0.00,74.33,0,0,WELCOME ISLAND (AUT),0.0,2018-2025,2026-10-08T21:12:02+00:00
2026-10-07T20:00:00+00:00,welcome_island,24,24.30,310,18.613,221.11,12.00,292,11.126,243.00,0.00,74.33,0,0,WELCOME ISLAND (AUT),0.0,2018-2025,2026-10-08T21:12:02+00:00
2026-10-07T21:00:00+00:00,welcome_island,24,25.38,320,16.313,233.26,11.40,293,10.494,254.70,0.00,74.33,0,0,WELCOME ISLAND (AUT),0.0,2018-2025,2026-10-08T21:12:02+00:00
2026-10-07T22:00:00+00:00,welcome_island,24,16.74,310,12.823,241.63,11.90,291,11.110,262.65,0.00,74.33,0,0,WELCOME ISLAND (AUT),0.0,2018-2025,2026-10-08T21:12:02+00:00
2026-10-07T23:00:00+00:00,welcome_island,24,10.80,280,10.635,251.62,17.80,300,15.415,268.50,3.78,74.33,0,0,WELCOME ISLAND (AUT),0.0,2018-2025,2026-10-08T21:12:02+00:00
2026-10-08T00:00:00+00:00,welcome_island,24,11.34,280,11.167,254.86,14.70,299,12.857,276.20,11.61,78.50,0,0,WELCOME ISLAND (AUT),0.0,2018-2025,2026-10-08T21:12:02+00:00
2026-10-08T01:00:00+00:00,welcome_island,24,12.96,290,12.177,258.91,15.50,305,12.697,285.00,19.71,78.50,0,0,WELCOME ISLAND (AUT),0.0,2018-2025,2026-10-08T21:12:02+00:00
2026-10-08T02:00:00+00:00,welcome_island,24,11.34,320,7.289,258.37,12.10,329,6.232,289.70,26.73,78.50,0,0,WELCOME ISLAND (AUT),0.0,2018-2025,2026-10-08T21:12:02+00:00
2026-10-08T03:00:00+00:00,welcome_island,24,12.42,300,10.755,255.40,16.10,312,11.965,292.25,35.91,78.50,0,0,WELCOME ISLAND (AUT),0.0,2018-2025,2026-10-08T21:12:02+00:00
2026-10-08T04:00:00+00:00,welcome_island,24,9.72,280,9.572,255.13,15.00,298,13.244,296.85,47.25,78.50,0,0,WELCOME ISLAND (AUT),0.0,2018-2025,2026-10-08T21:12:02+00:00
2026-09-24T00:00:00+00:00,welcome_island,48,12.42,130,-9.514,26.46,11.50,114,-10.506,0.00,,58.64,0,0,WELCOME ISLAND (AUT),0.0,2018-2025,2026-10-08T21:12:02+00:00
2026-09-24T01:00:00+00:00,welcome_island,48,11.88,130,-9.100,26.46,10.60,118,-9.359,0.00,,58.64,0,0,WELCOME ISLAND (AUT),0.0,2018-2025,2026-10-08T21:12:02+00:00
2026-09-24T02:00:00+00:00,welcome_island,48,9.18,140,-5.900,26.46,8.70,117,-7.752,0.00,,58.64,0,0,WELCOME ISLAND (AUT),0.0,2018-2025,2026-10-08T21:12:02+00:00
2026-09-24T03:00:00+00:00,welcome_island,48,8.10,140,-5.206,26.46,8.70,117,-7.752,0.00,,58.64,0,0,WELCOME ISLAND (AUT),0.0,2018-2025,2026-10-08T21:12:02+00:00
2026-09-24T04:00:00+00:00,welcome_island,48,9.18,120,-7.949,26.46,6.60,135,-4.667,0.00,,58.64,0,0,WELCOME ISLAND (AUT),0.0,2018-2025,2026-10-08T21:12:02+00:00
2026-09-24T05:00:00+00:00,welcome_island,48,2.70,120,-2.338,26.46,5.90,157,-2.305,0.00,0.00,58.64,0,0,WELCOME ISLAND (AUT),0.0,2018-2025,2026-10-08T21:12:02+00:00
2026-09-24T06:00:00+00:00,welcome_island,48,4.86,120,-4.209,26.46,6.60,178,-0.230,0.00,5.40,58.64,0,0,WELCOME ISLAND (AUT),0.0,2018-2025,2026-10-08T21:12:02+00:00
2026-09-24T07:00:00+00:00,welcome_island,48,4.86,130,-3.723,26.46,7.60,184,0.530,0.00,12.15,58.64,0,0,WELCOME ISLAND (AUT),0.0,2018-2025,2026-10-08T21:12:02+00:00
2026-09-24T08:00:00+00:00,welcome_island,48,5.94,180,0.000,26.46,8.60,193,1.935,0.00,19.98,58.64,0,0,WELCOME ISLAND (AUT),0.0,2018-2025,2026-10-08T21:12:02+00:00
2026-09-24T09:00:00+00:00,welcome_island,48,5.40,160,-1.847,25.11,8.80,193,1.980,0.00,28.89,58.64,0,0,WELCOME ISLAND (AUT),0.0,2018-2025,2026-10-08T21:12:02+00:00
2026-09-24T10:00:00+00:00,welcome_island,48,4.32,190,0.750,21.33,8.70,196,2.398,0.00,37.53,58.64,0,0,WELCOME ISLAND (AUT),0.0,2018-2025,2026-10-08T21:12:02+00:00
2026-09-24T11:00:00+00:00,welcome_island,48,5.40,190,0.938,15.93,8.20,187,0.999,0.00,45.90,58.64,0,0,WELCOME ISLAND (AUT),0.0,2018-2025,2026-10-08T21:12:02+00:00
2026-09-24T12:00:00+00:00,welcome_island,48,4.32,170,-0.750,10.80,10.30,190,1.789,0.00,54.27,58.64,0,0,WELCOME ISLAND (AUT),0.0,2018-2025,2026-10-08T21:12:02+00:00
2026-09-24T13:00:00+00:00,welcome_island,48,4.86,160,-1.662,6.75,9.60,187,1.170,0.00,62.37,58.64,0,0,WELCOME ISLAND (AUT),0.0,2018-2025,2026-10-08T21:12:02+00:00
2026-09-24T14:00:00+00:00,welcome_island,48,3.78,170,-0.656,2.43,9.60,186,1.003,0.00,69.92,58.64,0,0,WELCOME ISLAND (AUT),0.0,2018-2025,2026-10-08T21:12:02+00:00
2026-09-24T15:00:00+00:00,welcome_island,48,5.94,150,-2.970,0.00,8.90,191,1.698,0.00,73.43,58.64,0,0,WELCOME ISLAND (AUT),0.0,2018-2025,2026-10-08T21:12:02+00:00
2026-09-24T16:00:00+00:00,welcome_island,48,6.48,210,3.240,0.00,8.80,183,0.461,0.00,73.43,58.64,0,0,WELCOME ISLAND (AUT),0.0,2018-2025,2026-10-08T21:12:02+00:00
2026-09-24T17:00:00+00:00,welcome_island,48,5.94,210,2.970,0.00,9.00,194,2.177,0.00,73.43,58.64,0,0,WELCOME ISLAND (AUT),0.0,2018-2025,2026-10-08T21:12:02+00:00
2026-09-24T18:00:00+00:00,welcome_island,48,5.40,210,2.700,0.00,6.60,175,-0.575,0.00,73.43,58.64,0,0,WELCOME ISLAND (AUT),0.0,2018-2025,2026-10-08T21:12:02+00:00
2026-09-24T19:00:00+00:00,welcome_island,48,7.02,200,2.401,0.00,7.60,179,-0.133,0.00,73.43,58.64,0,0,WELCOME ISLAND (AUT),0.0,2018-2025,2026-10-08T21:12:02+00:00
2026-09-24T20:00:00+00:00,welcome_island,48,4.86,200,1.662,0.00,4.90,178,-0.171,0.00,73.43,58.64,0,0,WELCOME ISLAND (AUT),0.0,2018-2025,2026-10-08T21:12:02+00:00
2026-09-24T21:00:00+00:00,welcome_island,48,4.32,220,2.777,0.00,2.80,196,0.772,0.00,73.43,58.64,0,0,WELCOME ISLAND (AUT),0.0,2018-2025,2026-10-08T21:12:02+00:00
2026-09-24T22:00:00+00:00,welcome_island,48,2.16,180,0.000,0.00,1.70,159,-0.609,0.00,73.43,58.64,0,0,WELCOME ISLAND (AUT),0.0,2018-2025,2026-10-08T21:12:02+00:00
2026-09-24T23:00:00+00:00,welcome_island,48,5.94,130,-4.550,0.00,2.50,141,-1.573,0.00,73.43,58.64,0,0,WELCOME ISLAND (AUT),0.0,2018-2025,2026-10-08T21:12:02+00:00
2026-09-25T00:00:00+00:00,welcome_island,48,0.00,,0.000,0.00,2.70,159,-0.968,0.00,73.43,59.07,0,0,WELCOME ISLAND (AUT),0.0,2018-2025,2026-10-08T21:12:02+00:00
2026-09-25T01:00:00+00:00,welcome_island,48,1.62,120,-1.403,0.00,0.80,135,-0.566,0.00,73.43,59.07,0,0,WELCOME ISLAND (AUT),0.0,2018-2025,2026-10-08T21:12:02+00:00
2026-09-25T02:00:00+00:00,welcome_island,48,2.70,110,-2.537,0.00,0.60,72,-0.571,0.00,73.43,59.07,0,0,WELCOME ISLAND (AUT),0.0,2018-2025,2026-10-08T21:12:02+00:00
2026-09-25T03:00:00+00:00,welcome_island,48,0.00,,0.000,0.00,3.50,93,-3.495,0.00,73.43,59.07,0,0,WELCOME ISLAND (AUT),0.0,2018-2025,2026-10-08T21:12:02+00:00
2026-09-25T04:00:00+00:00,welcome_island,48,2.16,180,0.000,0.00,1.20,360,0.000,0.00,73.43,59.07,0,0,WELCOME ISLAND (AUT),0.0,2018-2025,2026-10-08T21:12:02+00:00
2026-09-25T05:00:00+00:00,welcome_island,48,0.00,,0.000,0.00,1.80,328,0.954,0.00,73.43,59.07,0,0,WELCOME ISLAND (AUT),0.0,2018-2025,2026-10-08T21:12:02+00:00
2026-09-25T06:00:00+00:00,welcome_island,48,1.62,50,-1.241,0.00,1.50,40,-0.964,0.00,68.03,59.07,0,0,WELCOME ISLAND (AUT),0.0,2018-2025,2026-10-08T21:12:02+00:00
2026-09-25T07:00:00+00:00,welcome_island,48,1.62,40,-1.041,0.00,2.00,349,0.382,0.00,61.29,59.07,0,0,WELCOME ISLAND (AUT),0.0,2018-2025,2026-10-08T21:12:02+00:00
2026-09-25T08:00:00+00:00,welcome_island,48,0.00,,0.000,0.00,2.60,347,0.585,0.00,53.46,59.07,0,0,WELCOME ISLAND (AUT),0.0,2018-2025,2026-10-08T21:12:02+00:00
2026-09-25T09:00:00+00:00,welcome_island,48,0.00,,0.000,0.00,1.90,336,0.773,0.00,45.90,59.07,0,0,WELCOME ISLAND (AUT),0.0,2018-2025,2026-10-08T21:12:02+00:00
2026-09-25T10:00:00+00:00,welcome_island,48,2.16,240,1.870,1.08,1.10,239,0.943,0.55,41.04,59.07,0,0,WELCOME ISLAND (AUT),0.0,2018-2025,2026-10-08T21:12:02+00:00
2026-09-25T11:00:00+00:00,welcome_island,48,4.86,190,0.844,2.16,1.00,281,0.982,1.60,38.07,59.07,0,0,WELCOME ISLAND (AUT),0.0,2018-2025,2026-10-08T21:12:02+00:00
2026-09-25T12:00:00+00:00,welcome_island,48,2.70,210,1.350,2.16,3.70,189,0.579,2.10,34.83,59.07,0,0,WELCOME ISLAND (AUT),0.0,2018-2025,2026-10-08T21:12:02+00:00
2026-09-25T13:00:00+00:00,welcome_island,48,4.32,220,2.777,2.16,3.80,204,1.546,2.10,30.78,59.07,0,0,WELCOME ISLAND (AUT),0.0,2018-2025,2026-10-08T21:12:02+00:00
2026-09-25T14:00:00+00:00,welcome_island,48,6.48,220,4.165,2.16,3.20,227,2.340,3.70,27.54,59.07,0,0,WELCOME ISLAND (AUT),0.0,2018-2025,2026-10-08T21:12:02+00:00
2026-09-25T15:00:00+00:00,welcome_island,48,4.86,220,3.124,2.16,2.50,219,1.573,5.30,26.46,59.07,0,0,WELCOME ISLAND (AUT),0.0,2018-2025,2026-10-08T21:12:02+00:00
2026-09-25T16:00:00+00:00,welcome_island,48,3.24,310,2.482,3.78,3.40,204,1.383,5.30,26.46,59.07,0,0,WELCOME ISLAND (AUT),0.0,2018-2025,2026-10-08T21:12:02+00:00
2026-09-25T17:00:00+00:00,welcome_island,48,0.00,,0.000,5.40,4.90,185,0.427,5.30,26.46,59.07,0,0,WELCOME ISLAND (AUT),0.0,2018-2025,2026-10-08T21:12:02+00:00
2026-09-25T18:00:00+00:00,welcome_island,48,7.02,210,3.510,5.40,4.30,188,0.598,5.30,26.46,59.07,0,0,WELCOME ISLAND (AUT),0.0,2018-2025,2026-10-08T21:12:02+00:00
2026-09-25T19:00:00+00:00,welcome_island,48,7.56,210,3.780,5.40,5.70,174,-0.596,5.30,26.46,59.07,0,0,WELCOME ISLAND (AUT),0.0,2018-2025,2026-10-08T21:12:02+00:00
2026-09-25T20:00:00+00:00,welcome_island,48,5.94,210,2.970,5.40,5.90,172,-0.821,5.30,26.46,59.07,0,0,WELCOME ISLAND (AUT),0.0,2018-2025,2026-10-08T21:12:02+00:00
2026-09-25T21:00:00+00:00,welcome_island,48,5.40,200,1.847,5.40,6.20,185,0.540,5.30,26.46,59.07,0,0,WELCOME ISLAND (AUT),0.0,2018-2025,2026-10-08T21:12:02+00:00
2026-09-25T22:00:00+00:00,welcome_island,48,3.24,150,-1.620,5.40,5.70,196,1.571,5.30,26.46,59.07,0,0,WELCOME ISLAND (AUT),0.0,2018-2025,2026-10-08T21:12:02+00:00
2026-09-25T23:00:00+00:00,welcome_island,48,1.62,140,-1.041,5.40,5.00,191,0.954,5.30,26.46,59.07,0,0,WELCOME ISLAND (AUT),0.0,2018-2025,2026-10-08T21:12:02+00:00
2026-09-26T00:00:00+00:00,welcome_island,48,3.78,200,1.293,5.40,4.30,177,-0.225,5.30,26.46,56.37,0,0,WELCOME ISLAND (AUT),0.0,2018-2025,2026-10-08T21:12:02+00:00
2026-09-26T01:00:00+00:00,welcome_island,48,1.62,220,1.041,5.40,3.70,174,-0.387,5.30,26.46,56.37,0,0,WELCOME ISLAND (AUT),0.0,2018-2025,2026-10-08T21:12:02+00:00
2026-09-26T02:00:00+00:00,welcome_island,48,5.40,70,-5.074,5.40,3.50,146,-1.957,5.30,26.46,56.37,0,0,WELCOME ISLAND (AUT),0.0,2018-2025,2026-10-08T21:12:02+00:00
2026-09-26T03:00:00+00:00,welcome_island,48,7.02,170,-1.219,5.40,3.30,126,-2.670,5.30,26.46,56.37,0,0,WELCOME ISLAND (AUT),0.0,2018-2025,2026-10-08T21:12:02+00:00
2026-09-26T04:00:00+00:00,welcome_island,48,7.02,140,-4.512,5.40,3.60,126,-2.912,5.30,26.46,56.37,0,0,WELCOME ISLAND (AUT),0.0,2018-2025,2026-10-08T21:12:02+00:00
2026-09-26T05:00:00+00:00,welcome_island,48,7.02,160,-2.401,5.40,4.20,127,-3.354,5.30,26.46,56.37,0,0,WELCOME ISLAND (AUT),0.0,2018-2025,2026-10-08T21:12:02+00:00
2026-09-26T06:00:00+00:00,welcome_island,48,3.24,10,-0.563,5.40,3.50,161,-1.139,5.30,26.46,56.37,0,0,WELCOME ISLAND (AUT),0.0,2018-2025,2026-10-08T21:12:02+00:00
2026-09-26T07:00:00+00:00,welcome_island,48,4.86,30,-2.430,5.40,3.60,158,-1.349,5.30,26.46,56.37,0,0,WELCOME ISLAND (AUT),0.0,2018-2025,2026-10-08T21:12:02+00:00
2026-09-26T08:00:00+00:00,welcome_island,48,7.56,70,-7.104,5.40,3.10,145,-1.778,5.30,26.46,56.37,0,0,WELCOME ISLAND (AUT),0.0,2018-2025,2026-10-08T21:12:02+00:00
2026-09-26T09:00:00+00:00,welcome_island,48,6.48,70,-6.089,5.40,3.90,117,-3.475,5.30,25.11,56.37,0,0,WELCOME ISLAND (AUT),0.0,2018-2025,2026-10-08T21:12:02+00:00
2026-09-26T10:00:00+00:00,welcome_island,48,5.40,70,-5.074,4.32,4.30,117,-3.831,4.75,21.33,56.37,0,0,WELCOME ISLAND (AUT),0.0,2018-2025,2026-10-08T21:12:02+00:00
2026-09-26T11:00:00+00:00,welcome_island,48,3.24,60,-2.806,3.24,5.40,103,-5.262,3.70,15.93,56.37,0,0,WELCOME ISLAND (AUT),0.0,2018-2025,2026-10-08T21:12:02+00:00
2026-09-26T12:00:00+00:00,welcome_island,48,7.02,60,-6.079,3.24,5.80,94,-5.786,3.20,10.80,56.37,0,0,WELCOME ISLAND (AUT),0.0,2018-2025,2026-10-08T21:12:02+00:00
2026-09-26T13:00:00+00:00,welcome_island,48,4.32,70,-4.059,3.24,7.20,92,-7.196,3.20,6.75,56.37,0,0,WELCOME ISLAND (AUT),0.0,2018-2025,2026-10-08T21:12:02+00:00
2026-09-26T14:00:00+00:00,welcome_island,48,10.80,70,-10.148,3.24,8.00,97,-7.940,1.60,2.43,56.37,0,0,WELCOME ISLAND (AUT),0.0,2018-2025,2026-10-08T21:12:02+00:00
2026-09-26T15:00:00+00:00,welcome_island,48,7.02,70,-6.596,3.24,7.80,104,-7.568,0.00,0.00,56.37,0,0,WELCOME ISLAND (AUT),0.0,2018-2025,2026-10-08T21:12:02+00:00
2026-09-26T16:00:00+00:00,welcome_island,48,6.48,120,-5.611,1.62,7.50,121,-6.429,0.00,0.00,56.37,0,0,WELCOME ISLAND (AUT),0.0,2018-2025,2026-10-08T21:12:02+00:00
2026-09-26T17:00:00+00:00,welcome_island,48,8.10,140,-5.206,0.00,6.60,130,-5.056,0.00,0.00,56.37,0,0,WELCOME ISLAND (AUT),0.0,2018-2025,2026-10-08T21:12:02+00:00
2026-09-26T18:00:00+00:00,welcome_island,48,7.56,120,-6.547,0.00,7.00,120,-6.062,0.00,0.00,56.37,0,0,WELCOME ISLAND (AUT),0.0,2018-2025,2026-10-08T21:12:02+00:00
2026-09-26T19:00:00+00:00,welcome_island,48,11.34,140,-7.289,0.00,6.60,118,-5.827,0.00,0.00,56.37,0,0,WELCOME ISLAND (AUT),0.0,2018-2025,2026-10-08T21:12:02+00:00
2026-09-26T20:00:00+00:00,welcome_island,48,4.86,100,-4.786,0.00,7.90,107,-7.555,0.00,0.00,56.37,0,0,WELCOME ISLAND (AUT),0.0,2018-2025,2026-10-08T21:12:02+00:00
2026-09-26T21:00:00+00:00,welcome_island,48,6.48,130,-4.964,0.00,8.40,105,-8.114,0.00,0.00,56.37,0,0,WELCOME ISLAND (AUT),0.0,2018-2025,2026-10-08T21:12:02+00:00
2026-09-26T22:00:00+00:00,welcome_island,48,7.56,130,-5.791,0.00,8.40,97,-8.337,0.00,0.00,56.37,0,0,WELCOME ISLAND (AUT),0.0,2018-2025,2026-10-08T21:12:02+00:00
2026-09-26T23:00:00+00:00,welcome_island,48,7.56,120,-6.547,0.00,8.60,86,-8.579,0.00,0.00,56.37,0,0,WELCOME ISLAND (AUT),0.0,2018-2025,2026-10-08T21:12:02+00:00
2026-09-27T00:00:00+00:00,welcome_island,48,6.48,80,-6.381,0.00,8.60,85,-8.567,0.00,0.00,58.11,0,0,WELCOME ISLAND (AUT),0.0,2018-2025,2026-10-08T21:12:02+00:00
2026-09-27T01:00:00+00:00,welcome_island,48,9.18,80,-9.040,0.00,7.70,74,-7.402,0.00,0.00,58.11,0,0,WELCOME ISLAND (AUT),0.0,2018-2025,2026-10-08T21:12:02+00:00
2026-09-27T02:00:00+00:00,welcome_island,48,8.10,80,-7.976,0.00,7.90,73,-7.555,0.00,0.00,58.11,0,0,WELCOME ISLAND (AUT),0.0,2018-2025,2026-10-08T21:12:02+00:00
2026-09-27T03:00:00+00:00,welcome_island,48,10.26,100,-10.103,0.00,7.60,75,-7.341,0.00,0.00,58.11,0,0,WELCOME ISLAND (AUT),0.0,2018-2025,2026-10-08T21:12:02+00:00
2026-09-27T04:00:00+00:00,welcome_island,48,2.70,120,-2.338,0.00,6.30,81,-6.222,0.00,0.00,58.11,0,0,WELCOME ISLAND (AUT),0.0,2018-2025,2026-10-08T21:12:02+00:00
2026-09-27T05:00:00+00:00,welcome_island,48,6.48,140,-4.165,0.00,4.80,78,-4.695,0.00,0.00,58.11,0,0,WELCOME ISLAND (AUT),0.0,2018-2025,2026-10-08T21:12:02+00:00
2026-09-27T06:00:00+00:00,welcome_island,48,4.86,150,-2.430,0.00,5.10,72,-4.850,0.00,0.00,58.11,0,0,WELCOME ISLAND (AUT),0.0,2018-2025,2026-10-08T21:12:02+00:00
2026-09-27T07:00:00+00:00,welcome_island,48,4.86,200,1.662,0.00,3.00,117,-2.673,0.00,0.00,58.11,0,0,WELCOME ISLAND (AUT),0.0,2018-2025,2026-10-08T21:12:02+00:00
2026-09-27T08:00:00+00:00,welcome_island,48,5.40,190,0.938,0.00,4.30,183,0.225,0.00,0.00,58.11,0,0,WELCOME ISLAND (AUT),0.0,2018-2025,2026-10-08T21:12:02+00:00
2026-09-27T09:00:00+00:00,welcome_island,48,5.40,190,0.938,0.00,6.30,206,2.762,0.00,0.00,58.11,0,0,WELCOME ISLAND (AUT),0.0,2018-2025,2026-10-08T21:12:02+00:00
2026-09-27T10:00:00+00:00,welcome_island,48,2.70,210,1.350,0.00,6.20,224,4.307,0.00,1.08,58.11,0,0,WELCOME ISLAND (AUT),0.0,2018-2025,2026-10-08T21:12:02+00:00
2026-09-27T11:00:00+00:00,welcome_island,48,3.24,210,1.620,0.00,4.70,287,4.495,2.35,2.16,58.11,0,0,WELCOME ISLAND (AUT),0.0,2018-2025,2026-10-08T21:12:02+00:00
2026-09-27T12:00:00+00:00,welcome_island,48,5.94,210,2.970,0.00,6.40,185,0.558,4.70,2.16,58.11,0,0,WELCOME ISLAND (AUT),0.0,2018-2025,2026-10-08T21:12:02+00:00
2026-09-27T13:00:00+00:00,welcome_island,48,5.40,210,2.700,0.00,8.10,200,2.770,4.70,2.16,58.11,0,0,WELCOME ISLAND (AUT),0.0,2018-2025,2026-10-08T21:12:02+00:00
2026-09-27T14:00:00+00:00,welcome_island,48,9.18,210,4.590,0.00,7.80,210,3.900,4.70,2.16,58.11,0,0,WELCOME ISLAND (AUT),0.0,2018-2025,2026-10-08T21:12:02+00:00
2026-09-27T15:00:00+00:00,welcome_island,48,5.94,210,2.970,0.00,7.10,202,2.660,4.70,2.16,58.11,0,0,WELCOME ISLAND (AUT),0.0,2018-2025,2026-10-08T21:12:02+00:00
2026-09-27T16:00:00+00:00,welcome_island,48,4.86,210,2.430,0.00,7.40,203,2.891,4.70,3.78,58.11,0,0,WELCOME ISLAND (AUT),0.0,2018-2025,2026-10-08T21:12:02+00:00
2026-09-27T17:00:00+00:00,welcome_island,48,6.48,210,3.240,0.00,6.00,209,2.909,4.70,5.40,58.11,0,0,WELCOME ISLAND (AUT),0.0,2018-2025,2026-10-08T21:12:02+00:00
2026-09-27T18:00:00+00:00,welcome_island,48,7.56,200,2.585,0.00,8.10,210,4.050,4.70,5.40,58.11,0,0,WELCOME ISLAND (AUT),0.0,2018-2025,2026-10-08T21:12:02+00:00
2026-09-27T19:00:00+00:00,welcome_island,48,7.02,210,3.510,0.00,6.30,198,1.947,4.70,5.40,58.11,0,0,WELCOME ISLAND (AUT),0.0,2018-2025,2026-10-08T21:12:02+00:00
2026-09-27T20:00:00+00:00,welcome_island,48,8.64,210,4.320,0.00,5.50,197,1.608,4.70,5.40,58.11,0,0,WELCOME ISLAND (AUT),0.0,2018-2025,2026-10-08T21:12:02+00:00
2026-09-27T21:00:00+00:00,welcome_island,48,8.64,210,4.320,0.00,7.20,182,0.251,4.70,5.40,58.11,0,0,WELCOME ISLAND (AUT),0.0,2018-2025,2026-10-08T21:12:02+00:00
2026-09-27T22:00:00+00:00,welcome_island,48,8.64,220,5.553,0.00,6.80,183,0.356,4.70,5.40,58.11,0,0,WELCOME ISLAND (AUT),0.0,2018-2025,2026-10-08T21:12:02+00:00
2026-09-27T23:00:00+00:00,welcome_island,48,9.18,220,5.900,0.00,4.50,190,0.781,4.70,5.40,58.11,0,0,WELCOME ISLAND (AUT),0.0,2018-2025,2026-10-08T21:12:02+00:00
2026-09-28T00:00:00+00:00,welcome_island,48,10.26,220,6.594,0.00,6.20,200,2.121,4.70,5.40,62.75,0,0,WELCOME ISLAND (AUT),0.0,2018-2025,2026-10-08T21:12:02+00:00
2026-09-28T01:00:00+00:00,welcome_island,48,6.48,240,5.611,3.24,4.50,214,2.516,4.70,5.40,62.75,0,0,WELCOME ISLAND (AUT),0.0,2018-2025,2026-10-08T21:12:02+00:00
2026-09-28T02:00:00+00:00,welcome_island,48,4.32,320,2.777,6.48,2.50,225,1.768,5.95,5.40,62.75,0,0,WELCOME ISLAND (AUT),0.0,2018-2025,2026-10-08T21:12:02+00:00
2026-09-28T03:00:00+00:00,welcome_island,48,4.86,300,4.209,8.91,1.40,262,1.386,7.90,5.40,62.75,0,0,WELCOME ISLAND (AUT),0.0,2018-2025,2026-10-08T21:12:02+00:00
2026-09-28T04:00:00+00:00,welcome_island,48,6.48,300,5.611,14.58,1.60,315,1.131,9.40,5.40,62.75,0,0,WELCOME ISLAND (AUT),0.0,2018-2025,2026-10-08T21:12:02+00:00
2026-09-28T05:00:00+00:00,welcome_island,48,5.94,300,5.144,20.79,3.10,338,1.161,10.20,5.40,62.75,0,0,WELCOME ISLAND (AUT),0.0,2018-2025,2026-10-08T21:12:02+00:00
2026-09-28T06:00:00+00:00,welcome_island,48,7.02,300,6.079,27.27,2.80,326,1.566,10.20,5.40,62.75,0,0,WELCOME ISLAND (AUT),0.0,2018-2025,2026-10-08T21:12:02+00:00
2026-09-28T07:00:00+00:00,welcome_island,48,8.64,310,6.618,35.10,3.90,340,1.334,10.20,5.40,62.75,0,0,WELCOME ISLAND (AUT),0.0,2018-2025,2026-10-08T21:12:02+00:00
2026-09-28T08:00:00+00:00,welcome_island,48,9.72,300,8.417,44.28,4.20,338,1.573,10.20,5.40,62.75,0,0,WELCOME ISLAND (AUT),0.0,2018-2025,2026-10-08T21:12:02+00:00
2026-09-28T09:00:00+00:00,welcome_island,48,8.64,300,7.482,53.46,4.20,338,1.573,10.20,5.40,62.75,0,0,WELCOME ISLAND (AUT),0.0,2018-2025,2026-10-08T21:12:02+00:00
2026-09-28T10:00:00+00:00,welcome_island,48,9.18,310,7.032,62.37,4.90,342,1.514,10.20,4.32,62.75,0,0,WELCOME ISLAND (AUT),0.0,2018-2025,2026-10-08T21:12:02+00:00
2026-09-28T11:00:00+00:00,welcome_island,48,6.48,280,6.381,70.19,4.50,2,-0.157,7.85,3.24,62.75,0,0,WELCOME ISLAND (AUT),0.0,2018-2025,2026-10-08T21:12:02+00:00
2026-09-28T12:00:00+00:00,welcome_island,48,7.56,290,7.104,77.21,3.70,354,0.387,5.50,3.24,62.75,0,0,WELCOME ISLAND (AUT),0.0,2018-2025,2026-10-08T21:12:02+00:00
2026-09-28T13:00:00+00:00,welcome_island,48,4.86,290,4.567,83.42,2.80,16,-0.772,5.50,3.24,62.75,0,0,WELCOME ISLAND (AUT),0.0,2018-2025,2026-10-08T21:12:02+00:00
2026-09-28T14:00:00+00:00,welcome_island,48,3.78,300,3.273,87.74,2.80,78,-2.739,5.50,3.24,62.75,0,0,WELCOME ISLAND (AUT),0.0,2018-2025,2026-10-08T21:12:02+00:00
2026-09-28T15:00:00+00:00,welcome_island,48,4.32,280,4.254,91.79,3.70,129,-2.875,5.50,3.24,62.75,0,0,WELCOME ISLAND (AUT),0.0,2018-2025,2026-10-08T21:12:02+00:00
2026-09-28T16:00:00+00:00,welcome_island,48,1.62,340,0.554,93.95,5.10,137,-3.478,5.50,1.62,62.75,0,0,WELCOME ISLAND (AUT),0.0,2018-2025,2026-10-08T21:12:02+00:00
2026-09-28T17:00:00+00:00,welcome_island,48,3.24,140,-2.082,93.95,5.60,126,-4.530,5.50,0.00,62.75,0,0,WELCOME ISLAND (AUT),0.0,2018-2025,2026-10-08T21:12:02+00:00
2026-09-28T18:00:00+00:00,welcome_island,48,0.00,,0.000,93.95,6.50,134,-4.676,5.50,0.00,62.75,0,0,WELCOME ISLAND (AUT),0.0,2018-2025,2026-10-08T21:12:02+00:00
2026-09-28T19:00:00+00:00,welcome_island,48,5.40,150,-2.700,93.95,4.80,133,-3.510,5.50,0.00,62.75,0,0,WELCOME ISLAND (AUT),0.0,2018-2025,2026-10-08T21:12:02+00:00
2026-09-28T20:00:00+00:00,welcome_island,48,4.32,160,-1.477,93.95,3.20,115,-2.900,5.50,0.00,62.75,0,0,WELCOME ISLAND (AUT),0.0,2018-2025,2026-10-08T21:12:02+00:00
2026-09-28T21:00:00+00:00,welcome_island,48,7.02,160,-2.401,93.95,4.50,121,-3.857,5.50,0.00,62.75,0,0,WELCOME ISLAND (AUT),0.0,2018-2025,2026-10-08T21:12:02+00:00
2026-09-28T22:00:00+00:00,welcome_island,48,6.48,160,-2.216,93.95,4.30,120,-3.724,5.50,0.00,62.75,0,0,WELCOME ISLAND (AUT),0.0,2018-2025,2026-10-08T21:12:02+00:00
2026-09-28T23:00:00+00:00,welcome_island,48,7.02,170,-1.219,93.95,7.60,116,-6.831,5.50,0.00,62.75,0,0,WELCOME ISLAND (AUT),0.0,2018-2025,2026-10-08T21:12:02+00:00
2026-09-29T00:00:00+00:00,welcome_island,48,5.94,160,-2.031,93.95,7.70,118,-6.799,5.50,0.00,65.18,0,0,WELCOME ISLAND (AUT),0.0,2018-2025,2026-10-08T21:12:02+00:00
2026-09-29T01:00:00+00:00,welcome_island,48,2.70,100,-2.659,90.71,8.90,119,-7.784,5.50,0.00,65.18,0,0,WELCOME ISLAND (AUT),0.0,2018-2025,2026-10-08T21:12:02+00:00
2026-09-29T02:00:00+00:00,welcome_island,48,5.40,150,-2.700,87.47,7.70,129,-5.984,4.25,0.00,65.18,0,0,WELCOME ISLAND (AUT),0.0,2018-2025,2026-10-08T21:12:02+00:00
2026-09-29T03:00:00+00:00,welcome_island,48,4.86,100,-4.786,85.04,5.90,113,-5.431,2.30,0.00,65.18,0,0,WELCOME ISLAND (AUT),0.0,2018-2025,2026-10-08T21:12:02+00:00
2026-09-29T04:00:00+00:00,welcome_island,48,3.78,140,-2.430,79.37,6.60,104,-6.404,0.80,0.00,65.18,0,0,WELCOME ISLAND (AUT),0.0,2018-2025,2026-10-08T21:12:02+00:00
2026-09-29T05:00:00+00:00,welcome_island,48,0.00,,0.000,73.16,6.80,95,-6.774,0.00,0.00,65.18,0,0,WELCOME ISLAND (AUT),0.0,2018-2025,2026-10-08T21:12:02+00:00
2026-09-29T06:00:00+00:00,welcome_island,48,0.00,,0.000,66.68,7.60,84,-7.558,0.00,0.00,65.18,0,0,WELCOME ISLAND (AUT),0.0,2018-2025,2026-10-08T21:12:02+00:00
2026-09-29T07:00:00+00:00,welcome_island,48,0.00,,0.000,58.86,6.40,88,-6.396,0.00,0.00,65.18,0,0,WELCOME ISLAND (AUT),0.0,2018-2025,2026-10-08T21:12:02+00:00
2026-09-29T08:00:00+00:00,welcome_island,48,7.02,100,-6.913,49.68,6.10,96,-6.067,0.00,0.00,65.18,0,0,WELCOME ISLAND (AUT),0.0,2018-2025,2026-10-08T21:12:02+00:00
2026-09-29T09:00:00+00:00,welcome_island,48,4.86,110,-4.567,40.50,5.90,148,-3.127,0.00,0.00,65.18,0,0,WELCOME ISLAND (AUT),0.0,2018-2025,2026-10-08T21:12:02+00:00
2026-09-29T10:00:00+00:00,welcome_island,48,10.26,160,-3.509,31.59,7.60,181,0.133,0.00,0.00,65.18,0,0,WELCOME ISLAND (AUT),0.0,2018-2025,2026-10-08T21:12:02+00:00
2026-09-29T11:00:00+00:00,welcome_island,48,3.24,190,0.563,23.76,10.10,190,1.754,0.00,0.00,65.18,0,0,WELCOME ISLAND (AUT),0.0,2018-2025,2026-10-08T21:12:02+00:00
2026-09-29T12:00:00+00:00,welcome_island,48,4.86,190,0.844,16.74,9.00,186,0.941,0.00,0.00,65.18,0,0,WELCOME ISLAND (AUT),0.0,2018-2025,2026-10-08T21:12:02+00:00
2026-09-29T13:00:00+00:00,welcome_island,48,3.78,200,1.293,10.53,10.90,180,0.000,0.00,0.00,65.18,0,0,WELCOME ISLAND (AUT),0.0,2018-2025,2026-10-08T21:12:02+00:00
2026-09-29T14:00:00+00:00,welcome_island,48,3.78,210,1.890,6.21,10.90,177,-0.570,0.00,0.00,65.18,0,0,WELCOME ISLAND (AUT),0.0,2018-2025,2026-10-08T21:12:02+00:00
2026-09-29T15:00:00+00:00,welcome_island,48,0.00,,0.000,2.16,11.90,184,0.830,0.00,0.00,65.18,0,0,WELCOME ISLAND (AUT),0.0,2018-2025,2026-10-08T21:12:02+00:00
2026-09-29T16:00:00+00:00,welcome_island,48,7.02,200,2.401,0.00,11.40,194,2.758,0.00,0.00,65.18,0,0,WELCOME ISLAND (AUT),0.0,2018-2025,2026-10-08T21:12:02+00:00
2026-09-29T17:00:00+00:00,welcome_island,48,8.10,190,1.406,0.00,12.00,198,3.708,0.00,0.00,65.18,0,0,WELCOME ISLAND (AUT),0.0,2018-2025,2026-10-08T21:12:02+00:00
2026-09-29T18:00:00+00:00,welcome_island,48,10.26,200,3.509,0.00,11.70,187,1.426,0.00,0.00,65.18,0,0,WELCOME ISLAND (AUT),0.0,2018-2025,2026-10-08T21:12:02+00:00
2026-09-29T19:00:00+00:00,welcome_island,48,8.64,200,2.955,0.00,11.20,198,3.461,0.00,0.00,65.18,0,0,WELCOME ISLAND (AUT),0.0,2018-2025,2026-10-08T21:12:02+00:00
2026-09-29T20:00:00+00:00,welcome_island,48,7.02,210,3.510,0.00,13.00,206,5.699,0.00,0.00,65.18,0,0,WELCOME ISLAND (AUT),0.0,2018-2025,2026-10-08T21:12:02+00:00
2026-09-29T21:00:00+00:00,welcome_island,48,6.48,200,2.216,0.00,11.80,207,5.357,0.00,0.00,65.18,0,0,WELCOME ISLAND (AUT),0.0,2018-2025,2026-10-08T21:12:02+00:00
2026-09-29T22:00:00+00:00,welcome_island,48,6.48,200,2.216,0.00,13.80,208,6.479,0.00,0.00,65.18,0,0,WELCOME ISLAND (AUT),0.0,2018-2025,2026-10-08T21:12:02+00:00
2026-09-29T23:00:00+00:00,welcome_island,48,9.18,200,3.139,0.00,13.10,217,7.884,0.00,0.00,65.18,0,0,WELCOME ISLAND (AUT),0.0,2018-2025,2026-10-08T21:12:02+00:00
2026-09-30T00:00:00+00:00,welcome_island,48,5.94,200,2.031,0.00,12.50,201,4.480,0.00,0.00,67.33,0,0,WELCOME ISLAND (AUT),0.0,2018-2025,2026-10-08T21:12:02+00:00
2026-09-30T01:00:00+00:00,welcome_island,48,5.94,230,4.550,2.97,11.40,203,4.454,0.00,3.24,67.33,0,0,WELCOME ISLAND (AUT),0.0,2018-2025,2026-10-08T21:12:02+00:00
2026-09-30T02:00:00+00:00,welcome_island,48,8.10,210,4.050,5.94,14.20,201,5.089,0.00,6.48,67.33,0,0,WELCOME ISLAND (AUT),0.0,2018-2025,2026-10-08T21:12:02+00:00
2026-09-30T03:00:00+00:00,welcome_island,48,8.64,210,4.320,5.94,14.30,208,6.713,0.00,8.91,67.33,0,0,WELCOME ISLAND (AUT),0.0,2018-2025,2026-10-08T21:12:02+00:00
2026-09-30T04:00:00+00:00,welcome_island,48,8.64,210,4.320,5.94,16.30,205,6.889,0.00,14.58,67.33,0,0,WELCOME ISLAND (AUT),0.0,2018-2025,2026-10-08T21:12:02+00:00
2026-09-30T05:00:00+00:00,welcome_island,48,9.72,210,4.860,5.94,15.60,211,8.035,0.00,20.79,67.33,0,0,WELCOME ISLAND (AUT),0.0,2018-2025,2026-10-08T21:12:02+00:00
2026-09-30T06:00:00+00:00,welcome_island,48,10.80,210,5.400,5.94,11.20,198,3.461,0.00,27.27,67.33,0,0,WELCOME ISLAND (AUT),0.0,2018-2025,2026-10-08T21:12:02+00:00
2026-09-30T07:00:00+00:00,welcome_island,48,11.88,210,5.940,5.94,12.10,199,3.939,0.00,35.10,67.33,0,0,WELCOME ISLAND (AUT),0.0,2018-2025,2026-10-08T21:12:02+00:00
2026-09-30T08:00:00+00:00,welcome_island,48,11.34,210,5.670,5.94,11.60,203,4.532,0.00,44.28,67.33,0,0,WELCOME ISLAND (AUT),0.0,2018-2025,2026-10-08T21:12:02+00:00
2026-09-30T09:00:00+00:00,welcome_island,48,9.72,220,6.247,5.94,8.60,205,3.635,0.00,53.46,67.33,0,0,WELCOME ISLAND (AUT),0.0,2018-2025,2026-10-08T21:12:02+00:00
2026-09-30T10:00:00+00:00,welcome_island,48,8.10,220,5.206,5.94,8.30,201,2.974,0.00,62.37,67.33,0,0,WELCOME ISLAND (AUT),0.0,2018-2025,2026-10-08T21:12:02+00:00
2026-09-30T11:00:00+00:00,welcome_island,48,9.18,210,4.590,5.94,9.90,206,4.340,0.00,70.19,67.33,0,0,WELCOME ISLAND (AUT),0.0,2018-2025,2026-10-08T21:12:02+00:00
2026-09-30T12:00:00+00:00,welcome_island,48,8.64,220,5.553,5.94,13.00,207,5.902,0.00,77.21,67.33,0,0,WELCOME ISLAND (AUT),0.0,2018-2025,2026-10-08T21:12:02+00:00
2026-09-30T13:00:00+00:00,welcome_island,48,7.56,220,4.859,5.94,13.30,209,6.448,0.00,83.42,67.33,0,0,WELCOME ISLAND (AUT),0.0,2018-2025,2026-10-08T21:12:02+00:00
2026-09-30T14:00:00+00:00,welcome_island,48,4.86,230,3.723,8.37,12.90,213,7.026,0.00,87.74,67.33,0,0,WELCOME ISLAND (AUT),0.0,2018-2025,2026-10-08T21:12:02+00:00
2026-09-30T15:00:00+00:00,welcome_island,48,7.02,210,3.510,10.80,10.50,215,6.023,0.00,91.79,67.33,0,0,WELCOME ISLAND (AUT),0.0,2018-2025,2026-10-08T21:12:02+00:00
2026-09-30T16:00:00+00:00,welcome_island,48,8.64,210,4.320,10.80,9.60,209,4.654,0.00,93.95,67.33,0,0,WELCOME ISLAND (AUT),0.0,2018-2025,2026-10-08T21:12:02+00:00
2026-09-30T17:00:00+00:00,welcome_island,48,9.18,210,4.590,10.80,11.40,200,3.899,0.00,93.95,67.33,0,0,WELCOME ISLAND (AUT),0.0,2018-2025,2026-10-08T21:12:02+00:00
2026-09-30T18:00:00+00:00,welcome_island,48,10.26,210,5.130,10.80,17.70,197,5.175,0.00,93.95,67.33,0,0,WELCOME ISLAND (AUT),0.0,2018-2025,2026-10-08T21:12:02+00:00
2026-09-30T19:00:00+00:00,welcome_island,48,9.72,200,3.324,10.80,17.10,203,6.682,0.00,93.95,67.33,0,0,WELCOME ISLAND (AUT),0.0,2018-2025,2026-10-08T21:12:02+00:00
2026-09-30T20:00:00+00:00,welcome_island,48,11.34,210,5.670,10.80,14.60,205,6.170,0.00,93.95,67.33,0,0,WELCOME ISLAND (AUT),0.0,2018-2025,2026-10-08T21:12:02+00:00
2026-09-30T21:00:00+00:00,welcome_island,48,11.88,210,5.940,10.80,13.30,201,4.766,0.00,93.95,67.33,0,0,WELCOME ISLAND (AUT),0.0,2018-2025,2026-10-08T21:12:02+00:00
2026-09-30T22:00:00+00:00,welcome_island,48,12.96,200,4.432,10.80,11.20,203,4.376,0.00,93.95,67.33,0,0,WELCOME ISLAND (AUT),0.0,2018-2025,2026-10-08T21:12:02+00:00
2026-09-30T23:00:00+00:00,welcome_island,48,11.34,210,5.670,10.80,7.50,211,3.863,0.00,93.95,67.33,0,0,WELCOME ISLAND (AUT),0.0,2018-2025,2026-10-08T21:12:02+00:00
2026-10-01T00:00:00+00:00,welcome_island,48,10.80,210,5.400,10.80,4.70,270,4.700,2.35,93.95,71.50,0,0,WELCOME ISLAND (AUT),0.0,2018-2025,2026-10-08T21:12:02+00:00
2026-10-01T01:00:00+00:00,welcome_island,48,4.32,260,4.254,9.99,6.50,309,5.051,7.95,90.71,71.50,0,0,WELCOME ISLAND (AUT),0.0,2018-2025,2026-10-08T21:12:02+00:00
2026-10-01T02:00:00+00:00,welcome_island,48,2.70,50,-2.068,9.18,7.00,309,5.440,14.70,87.47,71.50,0,0,WELCOME ISLAND (AUT),0.0,2018-2025,2026-10-08T21:12:02+00:00
2026-10-01T03:00:00+00:00,welcome_island,48,3.24,290,3.044,10.80,6.40,308,5.043,21.40,85.04,71.50,0,0,WELCOME ISLAND (AUT),0.0,2018-2025,2026-10-08T21:12:02+00:00
2026-10-01T04:00:00+00:00,welcome_island,48,3.78,350,0.656,12.42,5.50,297,4.901,27.35,79.37,71.50,0,0,WELCOME ISLAND (AUT),0.0,2018-2025,2026-10-08T21:12:02+00:00
2026-10-01T05:00:00+00:00,welcome_island,48,4.32,220,2.777,12.42,5.70,292,5.285,32.95,73.16,71.50,0,0,WELCOME ISLAND (AUT),0.0,2018-2025,2026-10-08T21:12:02+00:00
2026-10-01T06:00:00+00:00,welcome_island,48,8.10,210,4.050,12.42,5.70,292,5.285,38.65,66.68,71.50,0,0,WELCOME ISLAND (AUT),0.0,2018-2025,2026-10-08T21:12:02+00:00
2026-10-01T07:00:00+00:00,welcome_island,48,7.02,250,6.596,15.93,5.20,285,5.023,44.10,58.86,71.50,0,0,WELCOME ISLAND (AUT),0.0,2018-2025,2026-10-08T21:12:02+00:00
2026-10-01T08:00:00+00:00,welcome_island,48,15.66,360,0.000,19.44,6.50,300,5.629,49.95,49.68,71.50,0,0,WELCOME ISLAND (AUT),0.0,2018-2025,2026-10-08T21:12:02+00:00
2026-10-01T09:00:00+00:00,welcome_island,48,10.80,330,5.400,19.44,5.90,316,4.098,53.20,40.50,71.50,0,0,WELCOME ISLAND (AUT),0.0,2018-2025,2026-10-08T21:12:02+00:00
2026-10-01T10:00:00+00:00,welcome_island,48,11.34,290,10.655,25.11,6.00,308,4.728,56.20,31.59,71.50,0,0,WELCOME ISLAND (AUT),0.0,2018-2025,2026-10-08T21:12:02+00:00
2026-10-01T11:00:00+00:00,welcome_island,48,11.34,280,11.167,36.45,6.20,311,4.679,62.30,23.76,71.50,0,0,WELCOME ISLAND (AUT),0.0,2018-2025,2026-10-08T21:12:02+00:00
2026-10-01T12:00:00+00:00,welcome_island,48,10.26,280,10.103,47.25,8.70,321,5.475,65.40,16.74,71.50,0,0,WELCOME ISLAND (AUT),0.0,2018-2025,2026-10-08T21:12:02+00:00
2026-10-01T13:00:00+00:00,welcome_island,48,10.80,290,10.148,57.78,9.40,313,6.875,70.10,10.53,71.50,0,0,WELCOME ISLAND (AUT),0.0,2018-2025,2026-10-08T21:12:02+00:00
2026-10-01T14:00:00+00:00,welcome_island,48,11.88,280,11.699,66.68,10.30,302,8.735,79.95,6.21,71.50,0,0,WELCOME ISLAND (AUT),0.0,2018-2025,2026-10-08T21:12:02+00:00
2026-10-01T15:00:00+00:00,welcome_island,48,9.72,280,9.572,75.05,8.30,291,7.749,89.25,2.16,71.50,0,0,WELCOME ISLAND (AUT),0.0,2018-2025,2026-10-08T21:12:02+00:00
2026-10-01T16:00:00+00:00,welcome_island,48,6.48,260,6.381,83.15,8.40,289,7.942,97.60,0.00,71.50,0,0,WELCOME ISLAND (AUT),0.0,2018-2025,2026-10-08T21:12:02+00:00
2026-10-01T17:00:00+00:00,welcome_island,48,19.44,300,16.834,96.11,9.00,289,8.510,106.30,0.00,71.50,0,0,WELCOME ISLAND (AUT),0.0,2018-2025,2026-10-08T21:12:02+00:00
2026-10-01T18:00:00+00:00,welcome_island,48,14.58,280,14.357,113.12,9.00,283,8.769,115.30,0.00,71.50,0,0,WELCOME ISLAND (AUT),0.0,2018-2025,2026-10-08T21:12:02+00:00
2026-10-01T19:00:00+00:00,welcome_island,48,16.20,290,15.222,128.51,11.30,292,10.477,125.45,0.00,71.50,0,0,WELCOME ISLAND (AUT),0.0,2018-2025,2026-10-08T21:12:02+00:00
2026-10-01T20:00:00+00:00,welcome_island,48,21.60,300,18.705,147.41,12.30,297,10.959,137.25,0.00,71.50,0,0,WELCOME ISLAND (AUT),0.0,2018-2025,2026-10-08T21:12:02+00:00
2026-10-01T21:00:00+00:00,welcome_island,48,22.14,320,14.230,158.21,11.70,299,10.233,149.25,0.00,71.50,0,0,WELCOME ISLAND (AUT),0.0,2018-2025,2026-10-08T21:12:02+00:00
2026-10-01T22:00:00+00:00,welcome_island,48,19.44,320,12.495,158.21,11.50,304,9.534,160.85,0.00,71.50,0,0,WELCOME ISLAND (AUT),0.0,2018-2025,2026-10-08T21:12:02+00:00
2026-10-01T23:00:00+00:00,welcome_island,48,22.14,310,16.959,169.28,10.00,303,8.387,171.60,0.00,71.50,0,0,WELCOME ISLAND (AUT),0.0,2018-2025,2026-10-08T21:12:02+00:00
2026-10-02T00:00:00+00:00,welcome_island,48,22.14,320,14.230,180.35,15.00,330,7.500,174.25,0.00,73.65,0,0,WELCOME ISLAND (AUT),0.0,2018-2025,2026-10-08T21:12:02+00:00
2026-10-02T01:00:00+00:00,welcome_island,48,21.06,310,16.132,188.71,13.90,320,8.935,168.65,2.97,73.65,0,0,WELCOME ISLAND (AUT),0.0,2018-2025,2026-10-08T21:12:02+00:00
2026-10-02T02:00:00+00:00,welcome_island,48,17.82,310,13.650,205.99,14.00,315,9.899,168.90,5.94,73.65,0,0,WELCOME ISLAND (AUT),0.0,2018-2025,2026-10-08T21:12:02+00:00
2026-10-02T03:00:00+00:00,welcome_island,48,15.66,310,11.995,221.11,11.40,302,9.668,174.90,5.94,73.65,0,0,WELCOME ISLAND (AUT),0.0,2018-2025,2026-10-08T21:12:02+00:00
2026-10-02T04:00:00+00:00,welcome_island,48,12.96,300,11.223,233.80,11.70,296,10.516,180.50,5.94,73.65,0,0,WELCOME ISLAND (AUT),0.0,2018-2025,2026-10-08T21:12:02+00:00
2026-10-02T05:00:00+00:00,welcome_island,48,11.34,290,10.655,245.95,14.50,305,11.878,188.00,5.94,73.65,0,0,WELCOME ISLAND (AUT),0.0,2018-2025,2026-10-08T21:12:02+00:00
2026-10-02T06:00:00+00:00,welcome_island,48,12.96,290,12.177,258.10,14.10,298,12.450,196.60,5.94,73.65,0,0,WELCOME ISLAND (AUT),0.0,2018-2025,2026-10-08T21:12:02+00:00
2026-10-02T07:00:00+00:00,welcome_island,48,9.72,290,9.133,265.93,13.90,298,12.273,205.15,5.94,73.65,0,0,WELCOME ISLAND (AUT),0.0,2018-2025,2026-10-08T21:12:02+00:00
2026-10-02T08:00:00+00:00,welcome_island,48,12.42,280,12.230,273.49,14.80,293,13.623,213.65,5.94,73.65,0,0,WELCOME ISLAND (AUT),0.0,2018-2025,2026-10-08T21:12:02+00:00
2026-10-02T09:00:00+00:00,welcome_island,48,10.80,290,10.148,285.10,18.30,303,15.348,226.95,5.94,73.65,0,0,WELCOME ISLAND (AUT),0.0,2018-2025,2026-10-08T21:12:02+00:00
2026-10-02T10:00:00+00:00,welcome_island,48,11.34,280,11.167,290.50,17.00,310,13.023,241.60,5.94,73.65,0,0,WELCOME ISLAND (AUT),0.0,2018-2025,2026-10-08T21:12:02+00:00
2026-10-02T11:00:00+00:00,welcome_island,48,12.42,290,11.670,291.04,17.60,318,11.777,244.00,5.94,73.65,0,0,WELCOME ISLAND (AUT),0.0,2018-2025,2026-10-08T21:12:02+00:00
2026-10-02T12:00:00+00:00,welcome_island,48,14.58,310,11.168,293.74,15.10,317,10.298,240.90,5.94,73.65,0,0,WELCOME ISLAND (AUT),0.0,2018-2025,2026-10-08T21:12:02+00:00
2026-10-02T13:00:00+00:00,welcome_island,48,11.88,290,11.163,296.44,16.70,324,9.816,236.20,5.94,73.65,0,0,WELCOME ISLAND (AUT),0.0,2018-2025,2026-10-08T21:12:02+00:00
2026-10-02T14:00:00+00:00,welcome_island,48,9.72,280,9.572,295.90,18.40,324,10.815,226.35,8.37,73.65,0,0,WELCOME ISLAND (AUT),0.0,2018-2025,2026-10-08T21:12:02+00:00
2026-10-02T15:00:00+00:00,welcome_island,48,18.90,320,12.148,289.96,16.40,324,9.640,217.05,10.80,73.65,0,0,WELCOME ISLAND (AUT),0.0,2018-2025,2026-10-08T21:12:02+00:00
2026-10-02T16:00:00+00:00,welcome_island,48,23.76,310,18.200,293.74,14.40,323,8.666,208.70,10.80,73.65,0,0,WELCOME ISLAND (AUT),0.0,2018-2025,2026-10-08T21:12:02+00:00
2026-10-02T17:00:00+00:00,welcome_island,48,17.82,310,13.650,301.57,14.30,323,8.606,200.00,10.80,73.65,0,0,WELCOME ISLAND (AUT),0.0,2018-2025,2026-10-08T21:12:02+00:00
2026-10-02T18:00:00+00:00,welcome_island,48,15.12,290,14.207,301.03,14.70,325,8.432,191.00,10.80,73.65,0,0,WELCOME ISLAND (AUT),0.0,2018-2025,2026-10-08T21:12:02+00:00
2026-10-02T19:00:00+00:00,welcome_island,48,17.28,320,11.106,293.20,13.50,332,6.338,180.85,10.80,73.65,0,0,WELCOME ISLAND (AUT),0.0,2018-2025,2026-10-08T21:12:02+00:00
2026-10-02T20:00:00+00:00,welcome_island,48,11.88,320,7.636,274.30,10.90,336,4.433,169.05,10.80,73.65,0,0,WELCOME ISLAND (AUT),0.0,2018-2025,2026-10-08T21:12:02+00:00
2026-10-02T21:00:00+00:00,welcome_island,48,10.80,330,5.400,263.50,7.30,338,2.735,157.05,10.80,73.65,0,0,WELCOME ISLAND (AUT),0.0,2018-2025,2026-10-08T21:12:02+00:00
2026-10-02T22:00:00+00:00,welcome_island,48,10.80,320,6.942,263.50,3.90,351,0.610,145.45,10.80,73.65,0,0,WELCOME ISLAND (AUT),0.0,2018-2025,2026-10-08T21:12:02+00:00
2026-10-02T23:00:00+00:00,welcome_island,48,9.72,310,7.445,257.29,2.90,172,-0.404,134.70,10.80,73.65,0,0,WELCOME ISLAND (AUT),0.0,2018-2025,2026-10-08T21:12:02+00:00
2026-10-03T00:00:00+00:00,welcome_island,48,9.18,310,7.032,255.67,8.60,283,8.380,134.00,10.80,72.45,0,0,WELCOME ISLAND (AUT),0.0,2018-2025,2026-10-08T21:12:02+00:00
2026-10-03T01:00:00+00:00,welcome_island,48,7.02,280,6.913,253.24,11.40,303,9.561,144.00,9.99,72.45,0,0,WELCOME ISLAND (AUT),0.0,2018-2025,2026-10-08T21:12:02+00:00
2026-10-03T02:00:00+00:00,welcome_island,48,4.32,270,4.320,239.47,10.00,323,6.018,142.70,9.18,72.45,0,0,WELCOME ISLAND (AUT),0.0,2018-2025,2026-10-08T21:12:02+00:00
2026-10-03T03:00:00+00:00,welcome_island,48,6.48,280,6.381,228.13,7.70,344,2.122,130.00,10.80,72.45,0,0,WELCOME ISLAND (AUT),0.0,2018-2025,2026-10-08T21:12:02+00:00
2026-10-03T04:00:00+00:00,welcome_island,48,6.48,290,6.089,220.30,3.90,354,0.408,118.45,12.42,72.45,0,0,WELCOME ISLAND (AUT),0.0,2018-2025,2026-10-08T21:12:02+00:00
2026-10-03T05:00:00+00:00,welcome_island,48,5.94,290,5.581,214.36,1.50,310,1.149,106.10,12.42,72.45,0,0,WELCOME ISLAND (AUT),0.0,2018-2025,2026-10-08T21:12:02+00:00
2026-10-03T06:00:00+00:00,welcome_island,48,7.56,290,7.104,208.96,3.70,298,3.267,94.40,12.42,72.45,0,0,WELCOME ISLAND (AUT),0.0,2018-2025,2026-10-08T21:12:02+00:00
2026-10-03T07:00:00+00:00,welcome_island,48,7.02,290,6.596,204.91,3.60,286,3.461,84.05,15.93,72.45,0,0,WELCOME ISLAND (AUT),0.0,2018-2025,2026-10-08T21:12:02+00:00
2026-10-03T08:00:00+00:00,welcome_island,48,7.56,300,6.547,201.13,4.20,281,4.123,73.60,19.44,72.45,0,0,WELCOME ISLAND (AUT),0.0,2018-2025,2026-10-08T21:12:02+00:00
2026-10-03T09:00:00+00:00,welcome_island,48,6.48,310,4.964,196.54,3.60,299,3.149,60.95,19.44,72.45,0,0,WELCOME ISLAND (AUT),0.0,2018-2025,2026-10-08T21:12:02+00:00
2026-10-03T10:00:00+00:00,welcome_island,48,4.86,300,4.209,191.14,3.30,277,3.275,46.75,25.11,72.45,0,0,WELCOME ISLAND (AUT),0.0,2018-2025,2026-10-08T21:12:02+00:00
2026-10-03T11:00:00+00:00,welcome_island,48,5.40,300,4.676,184.40,1.60,256,1.552,40.70,36.45,72.45,0,0,WELCOME ISLAND (AUT),0.0,2018-2025,2026-10-08T21:12:02+00:00
2026-10-03T12:00:00+00:00,welcome_island,48,4.86,290,4.567,176.03,2.70,270,2.700,42.85,47.25,72.45,0,0,WELCOME ISLAND (AUT),0.0,2018-2025,2026-10-08T21:12:02+00:00
2026-10-03T13:00:00+00:00,welcome_island,48,3.24,300,2.806,166.85,1.00,169,-0.191,44.20,57.78,72.45,0,0,WELCOME ISLAND (AUT),0.0,2018-2025,2026-10-08T21:12:02+00:00
2026-10-03T14:00:00+00:00,welcome_island,48,2.16,60,-1.870,157.67,6.10,132,-4.533,44.20,66.68,72.45,0,0,WELCOME ISLAND (AUT),0.0,2018-2025,2026-10-08T21:12:02+00:00
2026-10-03T15:00:00+00:00,welcome_island,48,0.00,,0.000,152.81,15.90,181,0.277,44.20,75.05,72.45,0,0,WELCOME ISLAND (AUT),0.0,2018-2025,2026-10-08T21:12:02+00:00
2026-10-03T16:00:00+00:00,welcome_island,48,0.00,,0.000,140.93,15.30,189,2.393,44.20,83.15,72.45,0,0,WELCOME ISLAND (AUT),0.0,2018-2025,2026-10-08T21:12:02+00:00
2026-10-03T17:00:00+00:00,welcome_island,48,1.62,130,-1.241,120.14,15.70,187,1.913,44.20,96.11,72.45,0,0,WELCOME ISLAND (AUT),0.0,2018-2025,2026-10-08T21:12:02+00:00
2026-10-03T18:00:00+00:00,welcome_island,48,7.56,150,-3.780,103.67,14.00,135,-9.899,44.20,113.12,72.45,0,0,WELCOME ISLAND (AUT),0.0,2018-2025,2026-10-08T21:12:02+00:00
2026-10-03T19:00:00+00:00,welcome_island,48,10.26,120,-8.885,96.11,15.30,129,-11.890,44.20,128.51,72.45,0,0,WELCOME ISLAND (AUT),0.0,2018-2025,2026-10-08T21:12:02+00:00
2026-10-03T20:00:00+00:00,welcome_island,48,13.50,120,-11.690,96.11,20.20,132,-15.012,44.20,147.41,72.45,0,0,WELCOME ISLAND (AUT),0.0,2018-2025,2026-10-08T21:12:02+00:00
2026-10-03T21:00:00+00:00,welcome_island,48,14.58,130,-11.168,96.11,22.10,134,-15.897,44.20,158.21,72.45,0,0,WELCOME ISLAND (AUT),0.0,2018-2025,2026-10-08T21:12:02+00:00
2026-10-03T22:00:00+00:00,welcome_island,48,18.36,140,-11.801,96.11,22.60,145,-12.963,44.20,158.21,72.45,0,0,WELCOME ISLAND (AUT),0.0,2018-2025,2026-10-08T21:12:02+00:00
2026-10-03T23:00:00+00:00,welcome_island,48,16.20,140,-10.412,91.25,21.70,153,-9.852,44.20,169.28,72.45,0,0,WELCOME ISLAND (AUT),0.0,2018-2025,2026-10-08T21:12:02+00:00
2026-10-04T00:00:00+00:00,welcome_island,48,13.50,200,4.617,81.80,15.50,133,-11.336,39.90,180.35,70.24,0,0,WELCOME ISLAND (AUT),0.0,2018-2025,2026-10-08T21:12:02+00:00
2026-10-04T01:00:00+00:00,welcome_island,48,14.58,200,4.986,73.70,14.40,179,-0.251,29.90,188.71,70.24,0,0,WELCOME ISLAND (AUT),0.0,2018-2025,2026-10-08T21:12:02+00:00
2026-10-04T02:00:00+00:00,welcome_island,48,14.58,200,4.986,68.03,15.60,170,-2.709,24.20,205.99,70.24,0,0,WELCOME ISLAND (AUT),0.0,2018-2025,2026-10-08T21:12:02+00:00
2026-10-04T03:00:00+00:00,welcome_island,48,9.72,210,4.860,62.63,15.50,155,-6.551,24.20,221.11,70.24,0,0,WELCOME ISLAND (AUT),0.0,2018-2025,2026-10-08T21:12:02+00:00
2026-10-04T04:00:00+00:00,welcome_island,48,8.64,220,5.553,56.16,14.60,175,-1.272,24.20,233.80,70.24,0,0,WELCOME ISLAND (AUT),0.0,2018-2025,2026-10-08T21:12:02+00:00
2026-10-04T05:00:00+00:00,welcome_island,48,5.94,230,4.550,52.92,12.30,209,5.963,23.45,245.95,70.24,0,0,WELCOME ISLAND (AUT),0.0,2018-2025,2026-10-08T21:12:02+00:00
2026-10-04T06:00:00+00:00,welcome_island,48,4.32,270,4.320,51.30,19.60,214,10.960,20.85,258.10,70.24,0,0,WELCOME ISLAND (AUT),0.0,2018-2025,2026-10-08T21:12:02+00:00
2026-10-04T07:00:00+00:00,welcome_island,48,7.02,270,7.019,49.68,19.20,224,13.337,17.20,265.93,70.24,0,0,WELCOME ISLAND (AUT),0.0,2018-2025,2026-10-08T21:12:02+00:00
2026-10-04T08:00:00+00:00,welcome_island,48,14.04,290,13.192,52.92,16.60,235,13.598,21.60,273.49,70.24,0,0,WELCOME ISLAND (AUT),0.0,2018-2025,2026-10-08T21:12:02+00:00
2026-10-04T09:00:00+00:00,welcome_island,48,14.58,300,12.626,60.21,12.70,277,12.605,32.35,285.10,70.24,0,0,WELCOME ISLAND (AUT),0.0,2018-2025,2026-10-08T21:12:02+00:00
2026-10-04T10:00:00+00:00,welcome_island,48,19.98,300,17.302,71.81,19.70,307,15.733,45.10,290.50,70.24,0,0,WELCOME ISLAND (AUT),0.0,2018-2025,2026-10-08T21:12:02+00:00
2026-10-04T11:00:00+00:00,welcome_island,48,23.22,310,17.786,88.28,21.10,318,14.119,52.50,291.04,70.24,0,0,WELCOME ISLAND (AUT),0.0,2018-2025,2026-10-08T21:12:02+00:00
2026-10-04T12:00:00+00:00,welcome_island,48,18.36,290,17.251,103.94,23.70,318,15.858,50.35,293.74,70.24,0,0,WELCOME ISLAND (AUT),0.0,2018-2025,2026-10-08T21:12:02+00:00
2026-10-04T13:00:00+00:00,welcome_island,48,18.36,300,15.899,118.25,22.90,322,14.099,49.00,296.44,70.24,0,0,WELCOME ISLAND (AUT),0.0,2018-2025,2026-10-08T21:12:02+00:00
2026-10-04T14:00:00+00:00,welcome_island,48,21.60,300,18.705,136.61,25.50,318,17.063,49.00,295.90,70.24,0,0,WELCOME ISLAND (AUT),0.0,2018-2025,2026-10-08T21:12:02+00:00
2026-10-04T15:00:00+00:00,welcome_island,48,18.90,310,14.477,156.86,24.00,307,19.167,61.00,289.96,70.24,0,0,WELCOME ISLAND (AUT),0.0,2018-2025,2026-10-08T21:12:02+00:00
2026-10-04T16:00:00+00:00,welcome_island,48,21.06,310,16.132,176.84,24.50,309,19.040,85.25,293.74,70.24,0,0,WELCOME ISLAND (AUT),0.0,2018-2025,2026-10-08T21:12:02+00:00
2026-10-04T17:00:00+00:00,welcome_island,48,21.06,300,18.237,197.89,23.40,317,15.959,97.50,301.57,70.24,0,0,WELCOME ISLAND (AUT),0.0,2018-2025,2026-10-08T21:12:02+00:00
2026-10-04T18:00:00+00:00,welcome_island,48,20.52,310,15.718,218.68,18.50,306,14.967,106.75,301.03,70.24,0,0,WELCOME ISLAND (AUT),0.0,2018-2025,2026-10-08T21:12:02+00:00
2026-10-04T19:00:00+00:00,welcome_island,48,25.92,300,22.446,241.90,18.60,314,13.380,125.30,293.20,70.24,0,0,WELCOME ISLAND (AUT),0.0,2018-2025,2026-10-08T21:12:02+00:00
2026-10-04T20:00:00+00:00,welcome_island,48,25.38,310,19.441,267.55,17.90,323,10.772,134.60,274.30,70.24,0,0,WELCOME ISLAND (AUT),0.0,2018-2025,2026-10-08T21:12:02+00:00
2026-10-04T21:00:00+00:00,welcome_island,48,25.92,310,19.854,293.20,17.50,326,9.786,134.60,263.50,70.24,0,0,WELCOME ISLAND (AUT),0.0,2018-2025,2026-10-08T21:12:02+00:00
2026-10-04T22:00:00+00:00,welcome_island,48,22.14,310,16.959,317.22,16.10,308,12.687,142.65,263.50,70.24,1,0,WELCOME ISLAND (AUT),0.0,2018-2025,2026-10-08T21:12:02+00:00
2026-10-04T23:00:00+00:00,welcome_island,48,21.60,290,20.296,339.09,17.50,309,13.600,159.45,257.29,70.24,1,0,WELCOME ISLAND (AUT),0.0,2018-2025,2026-10-08T21:12:02+00:00
2026-10-05T00:00:00+00:00,welcome_island,48,15.12,320,9.718,349.89,14.50,310,11.108,175.45,255.67,71.84,1,0,WELCOME ISLAND (AUT),0.0,2018-2025,2026-10-08T21:12:02+00:00
2026-10-05T01:00:00+00:00,welcome_island,48,22.68,300,19.640,361.23,13.80,310,10.571,189.60,253.24,71.84,1,0,WELCOME ISLAND (AUT),0.0,2018-2025,2026-10-08T21:12:02+00:00
2026-10-05T02:00:00+00:00,welcome_island,48,19.44,300,16.834,382.29,13.40,310,10.265,203.20,239.47,71.84,1,0,WELCOME ISLAND (AUT),0.0,2018-2025,2026-10-08T21:12:02+00:00
2026-10-05T03:00:00+00:00,welcome_island,48,19.44,310,14.891,401.73,13.00,308,10.244,216.40,228.13,71.84,1,0,WELCOME ISLAND (AUT),0.0,2018-2025,2026-10-08T21:12:02+00:00
2026-10-05T04:00:00+00:00,welcome_island,48,18.90,310,14.477,420.90,12.80,312,9.512,229.30,220.30,71.84,1,0,WELCOME ISLAND (AUT),0.0,2018-2025,2026-10-08T21:12:02+00:00
2026-10-05T05:00:00+00:00,welcome_island,48,15.12,320,9.718,427.38,13.10,322,8.065,235.70,214.36,71.84,1,0,WELCOME ISLAND (AUT),0.0,2018-2025,2026-10-08T21:12:02+00:00
2026-10-05T06:00:00+00:00,welcome_island,48,10.26,310,7.859,427.38,11.50,327,6.263,235.70,208.96,71.84,1,0,WELCOME ISLAND (AUT),0.0,2018-2025,2026-10-08T21:12:02+00:00
2026-10-05T07:00:00+00:00,welcome_island,48,9.18,290,8.626,431.43,11.00,318,7.360,235.70,204.91,71.84,1,0,WELCOME ISLAND (AUT),0.0,2018-2025,2026-10-08T21:12:02+00:00
2026-10-05T08:00:00+00:00,welcome_island,48,14.58,310,11.168,432.78,10.30,314,7.409,232.55,201.13,71.84,1,0,WELCOME ISLAND (AUT),0.0,2018-2025,2026-10-08T21:12:02+00:00
2026-10-05T09:00:00+00:00,welcome_island,48,10.26,310,7.859,430.89,10.30,314,7.409,228.20,196.54,71.84,1,0,WELCOME ISLAND (AUT),0.0,2018-2025,2026-10-08T21:12:02+00:00
2026-10-05T10:00:00+00:00,welcome_island,48,9.18,300,7.949,423.33,10.70,315,7.566,222.50,191.14,71.84,1,0,WELCOME ISLAND (AUT),0.0,2018-2025,2026-10-08T21:12:02+00:00
2026-10-05T11:00:00+00:00,welcome_island,48,13.50,300,11.690,413.07,10.70,314,7.697,223.35,184.40,71.84,1,0,WELCOME ISLAND (AUT),0.0,2018-2025,2026-10-08T21:12:02+00:00
2026-10-05T12:00:00+00:00,welcome_island,48,10.26,290,9.640,404.16,11.80,322,7.265,228.70,176.03,71.84,1,0,WELCOME ISLAND (AUT),0.0,2018-2025,2026-10-08T21:12:02+00:00
2026-10-05T13:00:00+00:00,welcome_island,48,7.56,290,7.104,394.71,12.30,329,6.335,228.70,166.85,71.84,1,0,WELCOME ISLAND (AUT),0.0,2018-2025,2026-10-08T21:12:02+00:00
2026-10-05T14:00:00+00:00,welcome_island,48,5.40,280,5.318,381.21,12.00,328,6.359,228.70,157.67,71.84,1,0,WELCOME ISLAND (AUT),0.0,2018-2025,2026-10-08T21:12:02+00:00
2026-10-05T15:00:00+00:00,welcome_island,48,3.78,280,3.722,365.55,11.20,330,5.600,216.70,152.81,71.84,1,0,WELCOME ISLAND (AUT),0.0,2018-2025,2026-10-08T21:12:02+00:00
2026-10-05T16:00:00+00:00,welcome_island,48,4.32,290,4.059,349.62,9.10,331,4.412,192.45,140.93,71.84,1,0,WELCOME ISLAND (AUT),0.0,2018-2025,2026-10-08T21:12:02+00:00
2026-10-05T17:00:00+00:00,welcome_island,48,2.16,270,2.160,331.80,5.50,328,2.915,180.20,120.14,71.84,1,0,WELCOME ISLAND (AUT),0.0,2018-2025,2026-10-08T21:12:02+00:00
2026-10-05T18:00:00+00:00,welcome_island,48,4.32,330,2.160,312.10,1.20,180,0.000,170.95,103.67,71.84,1,0,WELCOME ISLAND (AUT),0.0,2018-2025,2026-10-08T21:12:02+00:00
2026-10-05T19:00:00+00:00,welcome_island,48,5.94,160,-2.031,288.88,4.90,164,-1.351,152.40,96.11,71.84,0,0,WELCOME ISLAND (AUT),0.0,2018-2025,2026-10-08T21:12:02+00:00
2026-10-05T20:00:00+00:00,welcome_island,48,7.02,180,0.000,263.23,7.70,152,-3.615,143.10,96.11,71.84,0,0,WELCOME ISLAND (AUT),0.0,2018-2025,2026-10-08T21:12:02+00:00
2026-10-05T21:00:00+00:00,welcome_island,48,11.88,200,4.063,237.58,10.90,164,-3.004,143.10,96.11,71.84,0,0,WELCOME ISLAND (AUT),0.0,2018-2025,2026-10-08T21:12:02+00:00
2026-10-05T22:00:00+00:00,welcome_island,48,11.88,210,5.940,213.55,11.40,187,1.389,135.05,96.11,71.84,0,0,WELCOME ISLAND (AUT),0.0,2018-2025,2026-10-08T21:12:02+00:00
2026-10-05T23:00:00+00:00,welcome_island,48,11.34,210,5.670,191.68,9.60,188,1.336,118.25,91.25,71.84,0,0,WELCOME ISLAND (AUT),0.0,2018-2025,2026-10-08T21:12:02+00:00
2026-10-06T00:00:00+00:00,welcome_island,48,10.26,200,3.509,180.89,7.60,165,-1.967,102.25,81.80,72.65,0,0,WELCOME ISLAND (AUT),0.0,2018-2025,2026-10-08T21:12:02+00:00
2026-10-06T01:00:00+00:00,welcome_island,48,8.10,190,1.406,169.55,9.30,160,-3.181,88.10,73.70,72.65,0,0,WELCOME ISLAND (AUT),0.0,2018-2025,2026-10-08T21:12:02+00:00
2026-10-06T02:00:00+00:00,welcome_island,48,6.48,190,1.125,148.49,10.50,149,-5.408,74.50,68.03,72.65,0,0,WELCOME ISLAND (AUT),0.0,2018-2025,2026-10-08T21:12:02+00:00
2026-10-06T03:00:00+00:00,welcome_island,48,5.40,180,0.000,129.05,10.90,151,-5.284,61.30,62.63,72.65,0,0,WELCOME ISLAND (AUT),0.0,2018-2025,2026-10-08T21:12:02+00:00
2026-10-06T04:00:00+00:00,welcome_island,48,7.02,180,0.000,109.88,12.60,163,-3.684,48.40,56.16,72.65,0,0,WELCOME ISLAND (AUT),0.0,2018-2025,2026-10-08T21:12:02+00:00
2026-10-06T05:00:00+00:00,welcome_island,48,9.18,170,-1.594,100.43,14.90,163,-4.356,42.00,52.92,72.65,0,0,WELCOME ISLAND (AUT),0.0,2018-2025,2026-10-08T21:12:02+00:00
2026-10-06T06:00:00+00:00,welcome_island,48,5.94,180,0.000,95.30,15.40,161,-5.014,42.00,51.30,72.65,0,0,WELCOME ISLAND (AUT),0.0,2018-2025,2026-10-08T21:12:02+00:00
2026-10-06T07:00:00+00:00,welcome_island,48,9.18,170,-1.594,85.58,15.90,157,-6.213,42.00,49.68,72.65,0,0,WELCOME ISLAND (AUT),0.0,2018-2025,2026-10-08T21:12:02+00:00
2026-10-06T08:00:00+00:00,welcome_island,48,13.50,170,-2.344,73.70,15.60,144,-9.169,36.85,52.92,72.65,0,0,WELCOME ISLAND (AUT),0.0,2018-2025,2026-10-08T21:12:02+00:00
2026-10-06T09:00:00+00:00,welcome_island,48,10.80,170,-1.875,61.29,16.70,144,-9.816,26.55,60.21,72.65,0,0,WELCOME ISLAND (AUT),0.0,2018-2025,2026-10-08T21:12:02+00:00
2026-10-06T10:00:00+00:00,welcome_island,48,10.80,160,-3.694,51.57,17.20,143,-10.351,16.05,71.81,72.65,0,0,WELCOME ISLAND (AUT),0.0,2018-2025,2026-10-08T21:12:02+00:00
2026-10-06T11:00:00+00:00,welcome_island,48,12.42,150,-6.210,40.23,17.40,152,-8.169,5.35,88.28,72.65,0,0,WELCOME ISLAND (AUT),0.0,2018-2025,2026-10-08T21:12:02+00:00
2026-10-06T12:00:00+00:00,welcome_island,48,12.96,150,-6.479,28.35,16.40,156,-6.670,0.00,103.94,72.65,0,0,WELCOME ISLAND (AUT),0.0,2018-2025,2026-10-08T21:12:02+00:00
2026-10-06T13:00:00+00:00,welcome_island,48,9.72,160,-3.324,19.44,15.80,166,-3.822,0.00,118.25,72.65,0,0,WELCOME ISLAND (AUT),0.0,2018-2025,2026-10-08T21:12:02+00:00
2026-10-06T14:00:00+00:00,welcome_island,48,7.02,170,-1.219,12.96,15.60,169,-2.977,0.00,136.61,72.65,0,0,WELCOME ISLAND (AUT),0.0,2018-2025,2026-10-08T21:12:02+00:00
2026-10-06T15:00:00+00:00,welcome_island,48,4.32,200,1.477,8.37,15.20,169,-2.900,0.00,156.86,72.65,0,0,WELCOME ISLAND (AUT),0.0,2018-2025,2026-10-08T21:12:02+00:00
2026-10-06T16:00:00+00:00,welcome_island,48,4.86,210,2.430,4.32,15.70,179,-0.274,0.00,176.84,72.65,0,0,WELCOME ISLAND (AUT),0.0,2018-2025,2026-10-08T21:12:02+00:00
2026-10-06T17:00:00+00:00,welcome_island,48,8.64,210,4.320,1.08,15.50,195,4.012,0.00,197.89,72.65,0,0,WELCOME ISLAND (AUT),0.0,2018-2025,2026-10-08T21:12:02+00:00
2026-10-06T18:00:00+00:00,welcome_island,48,10.26,200,3.509,0.00,16.20,197,4.736,0.00,218.68,72.65,0,0,WELCOME ISLAND (AUT),0.0,2018-2025,2026-10-08T21:12:02+00:00
2026-10-06T19:00:00+00:00,welcome_island,48,10.26,210,5.130,0.00,15.60,199,5.079,0.00,241.90,72.65,0,0,WELCOME ISLAND (AUT),0.0,2018-2025,2026-10-08T21:12:02+00:00
2026-10-06T20:00:00+00:00,welcome_island,48,11.88,210,5.940,0.00,14.80,198,4.573,0.00,267.55,72.65,0,0,WELCOME ISLAND (AUT),0.0,2018-2025,2026-10-08T21:12:02+00:00
2026-10-06T21:00:00+00:00,welcome_island,48,9.72,200,3.324,0.00,14.60,194,3.532,0.00,293.20,72.65,0,0,WELCOME ISLAND (AUT),0.0,2018-2025,2026-10-08T21:12:02+00:00
2026-10-06T22:00:00+00:00,welcome_island,48,10.26,210,5.130,0.00,13.50,198,4.172,0.00,317.22,72.65,0,0,WELCOME ISLAND (AUT),0.0,2018-2025,2026-10-08T21:12:02+00:00
2026-10-06T23:00:00+00:00,welcome_island,48,7.56,230,5.791,3.78,10.10,216,5.937,0.00,339.09,72.65,0,0,WELCOME ISLAND (AUT),0.0,2018-2025,2026-10-08T21:12:02+00:00
2026-10-07T00:00:00+00:00,welcome_island,48,8.10,280,7.976,11.61,7.60,251,7.186,3.80,349.89,74.33,0,0,WELCOME ISLAND (AUT),0.0,2018-2025,2026-10-08T21:12:02+00:00
2026-10-07T01:00:00+00:00,welcome_island,48,8.10,280,7.976,19.71,7.20,294,6.578,11.20,361.23,74.33,0,0,WELCOME ISLAND (AUT),0.0,2018-2025,2026-10-08T21:12:02+00:00
2026-10-07T02:00:00+00:00,welcome_island,48,5.94,300,5.144,26.73,8.90,296,7.999,19.25,382.29,74.33,0,0,WELCOME ISLAND (AUT),0.0,2018-2025,2026-10-08T21:12:02+00:00
2026-10-07T03:00:00+00:00,welcome_island,48,12.42,280,12.230,35.91,11.70,300,10.132,29.55,401.73,74.33,0,0,WELCOME ISLAND (AUT),0.0,2018-2025,2026-10-08T21:12:02+00:00
2026-10-07T04:00:00+00:00,welcome_island,48,10.26,270,10.259,47.25,11.80,300,10.219,41.30,420.90,74.33,0,0,WELCOME ISLAND (AUT),0.0,2018-2025,2026-10-08T21:12:02+00:00
2026-10-07T05:00:00+00:00,welcome_island,48,11.88,280,11.699,58.32,13.20,294,12.059,53.80,427.38,74.33,0,0,WELCOME ISLAND (AUT),0.0,2018-2025,2026-10-08T21:12:02+00:00
2026-10-07T06:00:00+00:00,welcome_island,48,11.88,290,11.163,70.19,14.80,300,12.817,67.80,427.38,74.33,0,0,WELCOME ISLAND (AUT),0.0,2018-2025,2026-10-08T21:12:02+00:00
2026-10-07T07:00:00+00:00,welcome_island,48,10.26,270,10.259,81.26,13.60,301,11.657,82.00,431.43,74.33,0,0,WELCOME ISLAND (AUT),0.0,2018-2025,2026-10-08T21:12:02+00:00
2026-10-07T08:00:00+00:00,welcome_island,48,14.04,290,13.192,93.41,13.20,306,10.679,95.40,432.78,74.33,0,0,WELCOME ISLAND (AUT),0.0,2018-2025,2026-10-08T21:12:02+00:00
2026-10-07T09:00:00+00:00,welcome_island,48,10.80,280,10.635,105.83,13.60,306,11.003,108.80,430.89,74.33,0,0,WELCOME ISLAND (AUT),0.0,2018-2025,2026-10-08T21:12:02+00:00
2026-10-07T10:00:00+00:00,welcome_island,48,12.42,290,11.670,117.44,11.00,296,9.887,121.10,423.33,74.33,0,0,WELCOME ISLAND (AUT),0.0,2018-2025,2026-10-08T21:12:02+00:00
2026-10-07T11:00:00+00:00,welcome_island,48,11.34,290,10.655,129.32,11.00,295,9.969,132.10,413.07,74.33,0,0,WELCOME ISLAND (AUT),0.0,2018-2025,2026-10-08T21:12:02+00:00
2026-10-07T12:00:00+00:00,welcome_island,48,9.72,290,9.133,139.85,10.70,292,9.921,142.95,404.16,74.33,0,0,WELCOME ISLAND (AUT),0.0,2018-2025,2026-10-08T21:12:02+00:00
2026-10-07T13:00:00+00:00,welcome_island,48,7.02,280,6.913,148.22,9.40,278,9.309,153.00,394.71,74.33,0,0,WELCOME ISLAND (AUT),0.0,2018-2025,2026-10-08T21:12:02+00:00
2026-10-07T14:00:00+00:00,welcome_island,48,7.56,270,7.559,155.51,8.30,281,8.148,161.85,381.21,74.33,0,0,WELCOME ISLAND (AUT),0.0,2018-2025,2026-10-08T21:12:02+00:00
2026-10-07T15:00:00+00:00,welcome_island,48,5.40,230,4.136,161.99,8.40,255,8.114,170.20,365.55,74.33,0,0,WELCOME ISLAND (AUT),0.0,2018-2025,2026-10-08T21:12:02+00:00
2026-10-07T16:00:00+00:00,welcome_island,48,9.72,300,8.417,169.55,8.30,223,5.661,174.40,349.62,74.33,0,0,WELCOME ISLAND (AUT),0.0,2018-2025,2026-10-08T21:12:02+00:00
2026-10-07T17:00:00+00:00,welcome_island,48,12.42,310,9.514,180.62,11.00,210,5.500,174.40,331.80,74.33,0,0,WELCOME ISLAND (AUT),0.0,2018-2025,2026-10-08T21:12:02+00:00
2026-10-07T18:00:00+00:00,welcome_island,48,8.64,280,8.508,191.14,11.80,194,2.855,174.40,312.10,74.33,0,0,WELCOME ISLAND (AUT),0.0,2018-2025,2026-10-08T21:12:02+00:00
2026-10-07T19:00:00+00:00,welcome_island,48,13.50,300,11.690,202.21,8.60,175,-0.750,174.40,288.88,74.33,0,0,WELCOME ISLAND (AUT),0.0,2018-2025,2026-10-08T21:12:02+00:00
2026-10-07T20:00:00+00:00,welcome_island,48,24.30,310,18.613,221.11,2.80,141,-1.762,174.40,263.23,74.33,0,0,WELCOME ISLAND (AUT),0.0,2018-2025,2026-10-08T21:12:02+00:00
2026-10-07T21:00:00+00:00,welcome_island,48,25.38,320,16.313,233.26,1.60,256,1.552,175.20,237.58,74.33,0,0,WELCOME ISLAND (AUT),0.0,2018-2025,2026-10-08T21:12:02+00:00
2026-10-07T22:00:00+00:00,welcome_island,48,16.74,310,12.823,241.63,13.70,327,7.462,176.00,213.55,74.33,0,0,WELCOME ISLAND (AUT),0.0,2018-2025,2026-10-08T21:12:02+00:00
2026-10-07T23:00:00+00:00,welcome_island,48,10.80,280,10.635,251.62,16.40,304,13.596,184.20,191.68,74.33,0,0,WELCOME ISLAND (AUT),0.0,2018-2025,2026-10-08T21:12:02+00:00
2026-10-08T00:00:00+00:00,welcome_island,48,11.34,280,11.167,254.86,16.40,316,11.392,188.60,180.89,78.50,0,0,WELCOME ISLAND (AUT),0.0,2018-2025,2026-10-08T21:12:02+00:00
2026-10-08T01:00:00+00:00,welcome_island,48,12.96,290,12.177,258.91,15.30,314,11.006,188.85,169.55,78.50,0,0,WELCOME ISLAND (AUT),0.0,2018-2025,2026-10-08T21:12:02+00:00
2026-10-08T02:00:00+00:00,welcome_island,48,11.34,320,7.289,258.37,15.40,314,11.078,196.15,148.49,78.50,0,0,WELCOME ISLAND (AUT),0.0,2018-2025,2026-10-08T21:12:02+00:00
2026-10-08T03:00:00+00:00,welcome_island,48,12.42,300,10.755,255.40,15.10,315,10.677,201.10,129.05,78.50,0,0,WELCOME ISLAND (AUT),0.0,2018-2025,2026-10-08T21:12:02+00:00
2026-10-08T04:00:00+00:00,welcome_island,48,9.72,280,9.572,255.13,14.90,312,11.073,204.35,109.88,78.50,0,0,WELCOME ISLAND (AUT),0.0,2018-2025,2026-10-08T21:12:02+00:00
2026-09-24T00:00:00+00:00,welcome_island,72,12.42,130,-9.514,26.46,11.80,112,-10.941,0.00,,58.64,0,0,WELCOME ISLAND (AUT),0.0,2018-2025,2026-10-08T21:12:02+00:00
2026-09-24T01:00:00+00:00,welcome_island,72,11.88,130,-9.100,26.46,10.50,118,-9.271,0.00,,58.64,0,0,WELCOME ISLAND (AUT),0.0,2018-2025,2026-10-08T21:12:02+00:00
2026-09-24T02:00:00+00:00,welcome_island,72,9.18,140,-5.900,26.46,9.00,118,-7.947,0.00,,58.64,0,0,WELCOME ISLAND (AUT),0.0,2018-2025,2026-10-08T21:12:02+00:00
2026-09-24T03:00:00+00:00,welcome_island,72,8.10,140,-5.206,26.46,8.00,116,-7.190,0.00,,58.64,0,0,WELCOME ISLAND (AUT),0.0,2018-2025,2026-10-08T21:12:02+00:00
2026-09-24T04:00:00+00:00,welcome_island,72,9.18,120,-7.949,26.46,6.50,134,-4.676,0.00,,58.64,0,0,WELCOME ISLAND (AUT),0.0,2018-2025,2026-10-08T21:12:02+00:00
2026-09-24T05:00:00+00:00,welcome_island,72,2.70,120,-2.338,26.46,7.40,150,-3.700,0.00,,58.64,0,0,WELCOME ISLAND (AUT),0.0,2018-2025,2026-10-08T21:12:02+00:00
2026-09-24T06:00:00+00:00,welcome_island,72,4.86,120,-4.209,26.46,8.80,177,-0.461,0.00,,58.64,0,0,WELCOME ISLAND (AUT),0.0,2018-2025,2026-10-08T21:12:02+00:00
2026-09-24T07:00:00+00:00,welcome_island,72,4.86,130,-3.723,26.46,9.00,187,1.097,0.00,,58.64,0,0,WELCOME ISLAND (AUT),0.0,2018-2025,2026-10-08T21:12:02+00:00
2026-09-24T08:00:00+00:00,welcome_island,72,5.94,180,0.000,26.46,8.90,191,1.698,0.00,,58.64,0,0,WELCOME ISLAND (AUT),0.0,2018-2025,2026-10-08T21:12:02+00:00
2026-09-24T09:00:00+00:00,welcome_island,72,5.40,160,-1.847,25.11,8.90,191,1.698,0.00,,58.64,0,0,WELCOME ISLAND (AUT),0.0,2018-2025,2026-10-08T21:12:02+00:00
2026-09-24T10:00:00+00:00,welcome_island,72,4.32,190,0.750,21.33,9.30,192,1.934,0.00,,58.64,0,0,WELCOME ISLAND (AUT),0.0,2018-2025,2026-10-08T21:12:02+00:00
2026-09-24T11:00:00+00:00,welcome_island,72,5.40,190,0.938,15.93,9.50,192,1.975,0.00,,58.64,0,0,WELCOME ISLAND (AUT),0.0,2018-2025,2026-10-08T21:12:02+00:00
2026-09-24T12:00:00+00:00,welcome_island,72,4.32,170,-0.750,10.80,8.00,180,0.000,0.00,,58.64,0,0,WELCOME ISLAND (AUT),0.0,2018-2025,2026-10-08T21:12:02+00:00
2026-09-24T13:00:00+00:00,welcome_island,72,4.86,160,-1.662,6.75,8.90,179,-0.155,0.00,,58.64,0,0,WELCOME ISLAND (AUT),0.0,2018-2025,2026-10-08T21:12:02+00:00
2026-09-24T14:00:00+00:00,welcome_island,72,3.78,170,-0.656,2.43,9.20,184,0.642,0.00,,58.64,0,0,WELCOME ISLAND (AUT),0.0,2018-2025,2026-10-08T21:12:02+00:00
2026-09-24T15:00:00+00:00,welcome_island,72,5.94,150,-2.970,0.00,9.20,173,-1.121,0.00,,58.64,0,0,WELCOME ISLAND (AUT),0.0,2018-2025,2026-10-08T21:12:02+00:00
2026-09-24T16:00:00+00:00,welcome_island,72,6.48,210,3.240,0.00,10.50,182,0.366,0.00,,58.64,0,0,WELCOME ISLAND (AUT),0.0,2018-2025,2026-10-08T21:12:02+00:00
2026-09-24T17:00:00+00:00,welcome_island,72,5.94,210,2.970,0.00,11.10,178,-0.387,0.00,,58.64,0,0,WELCOME ISLAND (AUT),0.0,2018-2025,2026-10-08T21:12:02+00:00
2026-09-24T18:00:00+00:00,welcome_island,72,5.40,210,2.700,0.00,9.10,191,1.736,0.00,,58.64,0,0,WELCOME ISLAND (AUT),0.0,2018-2025,2026-10-08T21:12:02+00:00
2026-09-24T19:00:00+00:00,welcome_island,72,7.02,200,2.401,0.00,8.70,197,2.544,0.00,,58.64,0,0,WELCOME ISLAND (AUT),0.0,2018-2025,2026-10-08T21:12:02+00:00
2026-09-24T20:00:00+00:00,welcome_island,72,4.86,200,1.662,0.00,8.50,196,2.343,0.00,,58.64,0,0,WELCOME ISLAND (AUT),0.0,2018-2025,2026-10-08T21:12:02+00:00
2026-09-24T21:00:00+00:00,welcome_island,72,4.32,220,2.777,0.00,8.40,184,0.586,0.00,,58.64,0,0,WELCOME ISLAND (AUT),0.0,2018-2025,2026-10-08T21:12:02+00:00
2026-09-24T22:00:00+00:00,welcome_island,72,2.16,180,0.000,0.00,7.80,180,0.000,0.00,,58.64,0,0,WELCOME ISLAND (AUT),0.0,2018-2025,2026-10-08T21:12:02+00:00
2026-09-24T23:00:00+00:00,welcome_island,72,5.94,130,-4.550,0.00,7.20,182,0.251,0.00,,58.64,0,0,WELCOME ISLAND (AUT),0.0,2018-2025,2026-10-08T21:12:02+00:00
2026-09-25T00:00:00+00:00,welcome_island,72,0.00,,0.000,0.00,3.20,133,-2.340,0.00,,59.07,0,0,WELCOME ISLAND (AUT),0.0,2018-2025,2026-10-08T21:12:02+00:00
2026-09-25T01:00:00+00:00,welcome_island,72,1.62,120,-1.403,0.00,2.60,153,-1.180,0.00,,59.07,0,0,WELCOME ISLAND (AUT),0.0,2018-2025,2026-10-08T21:12:02+00:00
2026-09-25T02:00:00+00:00,welcome_island,72,2.70,110,-2.537,0.00,1.50,113,-1.381,0.00,,59.07,0,0,WELCOME ISLAND (AUT),0.0,2018-2025,2026-10-08T21:12:02+00:00
2026-09-25T03:00:00+00:00,welcome_island,72,0.00,,0.000,0.00,1.20,252,1.141,0.60,,59.07,0,0,WELCOME ISLAND (AUT),0.0,2018-2025,2026-10-08T21:12:02+00:00
2026-09-25T04:00:00+00:00,welcome_island,72,2.16,180,0.000,0.00,2.50,288,2.378,2.45,,59.07,0,0,WELCOME ISLAND (AUT),0.0,2018-2025,2026-10-08T21:12:02+00:00
2026-09-25T05:00:00+00:00,welcome_island,72,0.00,,0.000,0.00,0.20,270,0.200,3.80,0.00,59.07,0,0,WELCOME ISLAND (AUT),0.0,2018-2025,2026-10-08T21:12:02+00:00
2026-09-25T06:00:00+00:00,welcome_island,72,1.62,50,-1.241,0.00,1.60,300,1.386,4.70,5.40,59.07,0,0,WELCOME ISLAND (AUT),0.0,2018-2025,2026-10-08T21:12:02+00:00
2026-09-25T07:00:00+00:00,welcome_island,72,1.62,40,-1.041,0.00,1.40,304,1.161,6.20,12.15,59.07,0,0,WELCOME ISLAND (AUT),0.0,2018-2025,2026-10-08T21:12:02+00:00
2026-09-25T08:00:00+00:00,welcome_island,72,0.00,,0.000,0.00,1.80,319,1.181,6.90,19.98,59.07,0,0,WELCOME ISLAND (AUT),0.0,2018-2025,2026-10-08T21:12:02+00:00
2026-09-25T09:00:00+00:00,welcome_island,72,0.00,,0.000,0.00,0.80,14,-0.194,6.90,28.89,59.07,0,0,WELCOME ISLAND (AUT),0.0,2018-2025,2026-10-08T21:12:02+00:00
2026-09-25T10:00:00+00:00,welcome_island,72,2.16,240,1.870,1.08,1.20,162,-0.371,6.90,37.53,59.07,0,0,WELCOME ISLAND (AUT),0.0,2018-2025,2026-10-08T21:12:02+00:00
2026-09-25T11:00:00+00:00,welcome_island,72,4.86,190,0.844,2.16,2.90,188,0.404,6.90,45.90,59.07,0,0,WELCOME ISLAND (AUT),0.0,2018-2025,2026-10-08T21:12:02+00:00
2026-09-25T12:00:00+00:00,welcome_island,72,2.70,210,1.350,2.16,4.00,223,2.728,6.90,54.27,59.07,0,0,WELCOME ISLAND (AUT),0.0,2018-2025,2026-10-08T21:12:02+00:00
2026-09-25T13:00:00+00:00,welcome_island,72,4.32,220,2.777,2.16,3.40,227,2.487,8.60,62.37,59.07,0,0,WELCOME ISLAND (AUT),0.0,2018-2025,2026-10-08T21:12:02+00:00
2026-09-25T14:00:00+00:00,welcome_island,72,6.48,220,4.165,2.16,2.30,204,0.935,10.30,69.92,59.07,0,0,WELCOME ISLAND (AUT),0.0,2018-2025,2026-10-08T21:12:02+00:00
2026-09-25T15:00:00+00:00,welcome_island,72,4.86,220,3.124,2.16,4.50,190,0.781,10.30,73.43,59.07,0,0,WELCOME ISLAND (AUT),0.0,2018-2025,2026-10-08T21:12:02+00:00
2026-09-25T16:00:00+00:00,welcome_island,72,3.24,310,2.482,3.78,6.80,193,1.530,10.30,73.43,59.07,0,0,WELCOME ISLAND (AUT),0.0,2018-2025,2026-10-08T21:12:02+00:00
2026-09-25T17:00:00+00:00,welcome_island,72,0.00,,0.000,5.40,7.20,193,1.620,10.30,73.43,59.07,0,0,WELCOME ISLAND (AUT),0.0,2018-2025,2026-10-08T21:12:02+00:00
2026-09-25T18:00:00+00:00,welcome_island,72,7.02,210,3.510,5.40,7.20,178,-0.251,10.30,73.43,59.07,0,0,WELCOME ISLAND (AUT),0.0,2018-2025,2026-10-08T21:12:02+00:00
2026-09-25T19:00:00+00:00,welcome_island,72,7.56,210,3.780,5.40,8.70,180,0.000,10.30,73.43,59.07,0,0,WELCOME ISLAND (AUT),0.0,2018-2025,2026-10-08T21:12:02+00:00
2026-09-25T20:00:00+00:00,welcome_island,72,5.94,210,2.970,5.40,8.40,176,-0.586,10.30,73.43,59.07,0,0,WELCOME ISLAND (AUT),0.0,2018-2025,2026-10-08T21:12:02+00:00
2026-09-25T21:00:00+00:00,welcome_island,72,5.40,200,1.847,5.40,7.70,171,-1.205,10.30,73.43,59.07,0,0,WELCOME ISLAND (AUT),0.0,2018-2025,2026-10-08T21:12:02+00:00
2026-09-25T22:00:00+00:00,welcome_island,72,3.24,150,-1.620,5.40,6.80,173,-0.829,10.30,73.43,59.07,0,0,WELCOME ISLAND (AUT),0.0,2018-2025,2026-10-08T21:12:02+00:00
2026-09-25T23:00:00+00:00,welcome_island,72,1.62,140,-1.041,5.40,5.80,168,-1.206,10.30,73.43,59.07,0,0,WELCOME ISLAND (AUT),0.0,2018-2025,2026-10-08T21:12:02+00:00
2026-09-26T00:00:00+00:00,welcome_island,72,3.78,200,1.293,5.40,6.60,183,0.345,10.30,73.43,56.37,0,0,WELCOME ISLAND (AUT),0.0,2018-2025,2026-10-08T21:12:02+00:00
2026-09-26T01:00:00+00:00,welcome_island,72,1.62,220,1.041,5.40,5.40,182,0.188,10.30,73.43,56.37,0,0,WELCOME ISLAND (AUT),0.0,2018-2025,2026-10-08T21:12:02+00:00
2026-09-26T02:00:00+00:00,welcome_island,72,5.40,70,-5.074,5.40,4.50,180,0.000,10.30,73.43,56.37,0,0,WELCOME ISLAND (AUT),0.0,2018-2025,2026-10-08T21:12:02+00:00
2026-09-26T03:00:00+00:00,welcome_island,72,7.02,170,-1.219,5.40,3.50,171,-0.548,9.70,73.43,56.37,0,0,WELCOME ISLAND (AUT),0.0,2018-2025,2026-10-08T21:12:02+00:00
2026-09-26T04:00:00+00:00,welcome_island,72,7.02,140,-4.512,5.40,2.70,159,-0.968,7.85,73.43,56.37,0,0,WELCOME ISLAND (AUT),0.0,2018-2025,2026-10-08T21:12:02+00:00
2026-09-26T05:00:00+00:00,welcome_island,72,7.02,160,-2.401,5.40,2.00,169,-0.382,6.50,73.43,56.37,0,0,WELCOME ISLAND (AUT),0.0,2018-2025,2026-10-08T21:12:02+00:00
2026-09-26T06:00:00+00:00,welcome_island,72,3.24,10,-0.563,5.40,1.60,187,0.195,5.60,68.03,56.37,0,0,WELCOME ISLAND (AUT),0.0,2018-2025,2026-10-08T21:12:02+00:00
2026-09-26T07:00:00+00:00,welcome_island,72,4.86,30,-2.430,5.40,1.00,143,-0.602,4.10,61.29,56.37,0,0,WELCOME ISLAND (AUT),0.0,2018-2025,2026-10-08T21:12:02+00:00
2026-09-26T08:00:00+00:00,welcome_island,72,7.56,70,-7.104,5.40,1.40,56,-1.161,3.40,53.46,56.37,0,0,WELCOME ISLAND (AUT),0.0,2018-2025,2026-10-08T21:12:02+00:00
2026-09-26T09:00:00+00:00,welcome_island,72,6.48,70,-6.089,5.40,3.20,38,-1.970,3.40,45.90,56.37,0,0,WELCOME ISLAND (AUT),0.0,2018-2025,2026-10-08T21:12:02+00:00
2026-09-26T10:00:00+00:00,welcome_island,72,5.40,70,-5.074,4.32,4.70,48,-3.493,3.40,41.04,56.37,0,0,WELCOME ISLAND (AUT),0.0,2018-2025,2026-10-08T21:12:02+00:00
2026-09-26T11:00:00+00:00,welcome_island,72,3.24,60,-2.806,3.24,5.90,58,-5.003,3.40,38.07,56.37,0,0,WELCOME ISLAND (AUT),0.0,2018-2025,2026-10-08T21:12:02+00:00
2026-09-26T12:00:00+00:00,welcome_island,72,7.02,60,-6.079,3.24,5.50,67,-5.063,3.40,34.83,56.37,0,0,WELCOME ISLAND (AUT),0.0,2018-2025,2026-10-08T21:12:02+00:00
2026-09-26T13:00:00+00:00,welcome_island,72,4.32,70,-4.059,3.24,6.60,78,-6.456,1.70,30.78,56.37,0,0,WELCOME ISLAND (AUT),0.0,2018-2025,2026-10-08T21:12:02+00:00
2026-09-26T14:00:00+00:00,welcome_island,72,10.80,70,-10.148,3.24,6.20,85,-6.176,0.00,27.54,56.37,0,0,WELCOME ISLAND (AUT),0.0,2018-2025,2026-10-08T21:12:02+00:00
2026-09-26T15:00:00+00:00,welcome_island,72,7.02,70,-6.596,3.24,6.40,95,-6.376,0.00,26.46,56.37,0,0,WELCOME ISLAND (AUT),0.0,2018-2025,2026-10-08T21:12:02+00:00
2026-09-26T16:00:00+00:00,welcome_island,72,6.48,120,-5.611,1.62,6.10,107,-5.833,0.00,26.46,56.37,0,0,WELCOME ISLAND (AUT),0.0,2018-2025,2026-10-08T21:12:02+00:00
2026-09-26T17:00:00+00:00,welcome_island,72,8.10,140,-5.206,0.00,6.60,105,-6.375,0.00,26.46,56.37,0,0,WELCOME ISLAND (AUT),0.0,2018-2025,2026-10-08T21:12:02+00:00
2026-09-26T18:00:00+00:00,welcome_island,72,7.56,120,-6.547,0.00,7.60,119,-6.647,0.00,26.46,56.37,0,0,WELCOME ISLAND (AUT),0.0,2018-2025,2026-10-08T21:12:02+00:00
2026-09-26T19:00:00+00:00,welcome_island,72,11.34,140,-7.289,0.00,6.80,125,-5.570,0.00,26.46,56.37,0,0,WELCOME ISLAND (AUT),0.0,2018-2025,2026-10-08T21:12:02+00:00
2026-09-26T20:00:00+00:00,welcome_island,72,4.86,100,-4.786,0.00,6.00,123,-5.032,0.00,26.46,56.37,0,0,WELCOME ISLAND (AUT),0.0,2018-2025,2026-10-08T21:12:02+00:00
2026-09-26T21:00:00+00:00,welcome_island,72,6.48,130,-4.964,0.00,6.80,110,-6.390,0.00,26.46,56.37,0,0,WELCOME ISLAND (AUT),0.0,2018-2025,2026-10-08T21:12:02+00:00
2026-09-26T22:00:00+00:00,welcome_island,72,7.56,130,-5.791,0.00,8.10,98,-8.021,0.00,26.46,56.37,0,0,WELCOME ISLAND (AUT),0.0,2018-2025,2026-10-08T21:12:02+00:00
2026-09-26T23:00:00+00:00,welcome_island,72,7.56,120,-6.547,0.00,7.60,96,-7.558,0.00,26.46,56.37,0,0,WELCOME ISLAND (AUT),0.0,2018-2025,2026-10-08T21:12:02+00:00
2026-09-27T00:00:00+00:00,welcome_island,72,6.48,80,-6.381,0.00,7.80,91,-7.799,0.00,26.46,58.11,0,0,WELCOME ISLAND (AUT),0.0,2018-2025,2026-10-08T21:12:02+00:00
2026-09-27T01:00:00+00:00,welcome_island,72,9.18,80,-9.040,0.00,7.40,87,-7.390,0.00,26.46,58.11,0,0,WELCOME ISLAND (AUT),0.0,2018-2025,2026-10-08T21:12:02+00:00
2026-09-27T02:00:00+00:00,welcome_island,72,8.10,80,-7.976,0.00,7.20,84,-7.161,0.00,26.46,58.11,0,0,WELCOME ISLAND (AUT),0.0,2018-2025,2026-10-08T21:12:02+00:00
2026-09-27T03:00:00+00:00,welcome_island,72,10.26,100,-10.103,0.00,4.10,65,-3.716,0.00,26.46,58.11,0,0,WELCOME ISLAND (AUT),0.0,2018-2025,2026-10-08T21:12:02+00:00
2026-09-27T04:00:00+00:00,welcome_island,72,2.70,120,-2.338,0.00,5.40,41,-3.543,0.00,26.46,58.11,0,0,WELCOME ISLAND (AUT),0.0,2018-2025,2026-10-08T21:12:02+00:00
2026-09-27T05:00:00+00:00,welcome_island,72,6.48,140,-4.165,0.00,6.70,57,-5.619,0.00,26.46,58.11,0,0,WELCOME ISLAND (AUT),0.0,2018-2025,2026-10-08T21:12:02+00:00
2026-09-27T06:00:00+00:00,welcome_island,72,4.86,150,-2.430,0.00,6.20,85,-6.176,0.00,26.46,58.11,0,0,WELCOME ISLAND (AUT),0.0,2018-2025,2026-10-08T21:12:02+00:00
2026-09-27T07:00:00+00:00,welcome_island,72,4.86,200,1.662,0.00,4.30,85,-4.284,0.00,26.46,58.11,0,0,WELCOME ISLAND (AUT),0.0,2018-2025,2026-10-08T21:12:02+00:00
2026-09-27T08:00:00+00:00,welcome_island,72,5.40,190,0.938,0.00,2.90,53,-2.316,0.00,26.46,58.11,0,0,WELCOME ISLAND (AUT),0.0,2018-2025,2026-10-08T21:12:02+00:00
2026-09-27T09:00:00+00:00,welcome_island,72,5.40,190,0.938,0.00,2.70,21,-0.968,0.00,25.11,58.11,0,0,WELCOME ISLAND (AUT),0.0,2018-2025,2026-10-08T21:12:02+00:00
2026-09-27T10:00:00+00:00,welcome_island,72,2.70,210,1.350,0.00,2.90,48,-2.155,0.00,21.33,58.11,0,0,WELCOME ISLAND (AUT),0.0,2018-2025,2026-10-08T21:12:02+00:00
2026-09-27T11:00:00+00:00,welcome_island,72,3.24,210,1.620,0.00,1.60,90,-1.600,0.00,15.93,58.11,0,0,WELCOME ISLAND (AUT),0.0,2018-2025,2026-10-08T21:12:02+00:00
2026-09-27T12:00:00+00:00,welcome_island,72,5.94,210,2.970,0.00,3.90,189,0.610,0.00,10.80,58.11,0,0,WELCOME ISLAND (AUT),0.0,2018-2025,2026-10-08T21:12:02+00:00
2026-09-27T13:00:00+00:00,welcome_island,72,5.40,210,2.700,0.00,6.20,193,1.395,0.00,6.75,58.11,0,0,WELCOME ISLAND (AUT),0.0,2018-2025,2026-10-08T21:12:02+00:00
2026-09-27T14:00:00+00:00,welcome_island,72,9.18,210,4.590,0.00,6.50,197,1.900,0.00,2.43,58.11,0,0,WELCOME ISLAND (AUT),0.0,2018-2025,2026-10-08T21:12:02+00:00
2026-09-27T15:00:00+00:00,welcome_island,72,5.94,210,2.970,0.00,8.40,193,1.890,0.00,0.00,58.11,0,0,WELCOME ISLAND (AUT),0.0,2018-2025,2026-10-08T21:12:02+00:00
2026-09-27T16:00:00+00:00,welcome_island,72,4.86,210,2.430,0.00,9.20,192,1.913,0.00,0.00,58.11,0,0,WELCOME ISLAND (AUT),0.0,2018-2025,2026-10-08T21:12:02+00:00
2026-09-27T17:00:00+00:00,welcome_island,72,6.48,210,3.240,0.00,9.30,196,2.563,0.00,0.00,58.11,0,0,WELCOME ISLAND (AUT),0.0,2018-2025,2026-10-08T21:12:02+00:00
2026-09-27T18:00:00+00:00,welcome_island,72,7.56,200,2.585,0.00,10.80,201,3.870,0.00,0.00,58.11,0,0,WELCOME ISLAND (AUT),0.0,2018-2025,2026-10-08T21:12:02+00:00
2026-09-27T19:00:00+00:00,welcome_island,72,7.02,210,3.510,0.00,9.90,202,3.709,0.00,0.00,58.11,0,0,WELCOME ISLAND (AUT),0.0,2018-2025,2026-10-08T21:12:02+00:00
2026-09-27T20:00:00+00:00,welcome_island,72,8.64,210,4.320,0.00,9.00,202,3.371,0.00,0.00,58.11,0,0,WELCOME ISLAND (AUT),0.0,2018-2025,2026-10-08T21:12:02+00:00
2026-09-27T21:00:00+00:00,welcome_island,72,8.64,210,4.320,0.00,7.90,200,2.702,0.00,0.00,58.11,0,0,WELCOME ISLAND (AUT),0.0,2018-2025,2026-10-08T21:12:02+00:00
2026-09-27T22:00:00+00:00,welcome_island,72,8.64,220,5.553,0.00,7.30,189,1.142,0.00,0.00,58.11,0,0,WELCOME ISLAND (AUT),0.0,2018-2025,2026-10-08T21:12:02+00:00
2026-09-27T23:00:00+00:00,welcome_island,72,9.18,220,5.900,0.00,6.80,187,0.829,0.00,0.00,58.11,0,0,WELCOME ISLAND (AUT),0.0,2018-2025,2026-10-08T21:12:02+00:00
2026-09-28T00:00:00+00:00,welcome_island,72,10.26,220,6.594,0.00,4.30,210,2.150,0.00,0.00,62.75,0,0,WELCOME ISLAND (AUT),0.0,2018-2025,2026-10-08T21:12:02+00:00
2026-09-28T01:00:00+00:00,welcome_island,72,6.48,240,5.611,3.24,3.80,201,1.362,0.00,0.00,62.75,0,0,WELCOME ISLAND (AUT),0.0,2018-2025,2026-10-08T21:12:02+00:00
2026-09-28T02:00:00+00:00,welcome_island,72,4.32,320,2.777,6.48,5.40,193,1.215,0.00,0.00,62.75,0,0,WELCOME ISLAND (AUT),0.0,2018-2025,2026-10-08T21:12:02+00:00
2026-09-28T03:00:00+00:00,welcome_island,72,4.86,300,4.209,8.91,3.70,223,2.523,0.00,0.00,62.75,0,0,WELCOME ISLAND (AUT),0.0,2018-2025,2026-10-08T21:12:02+00:00
2026-09-28T04:00:00+00:00,welcome_island,72,6.48,300,5.611,14.58,1.60,263,1.588,0.80,0.00,62.75,0,0,WELCOME ISLAND (AUT),0.0,2018-2025,2026-10-08T21:12:02+00:00
2026-09-28T05:00:00+00:00,welcome_island,72,5.94,300,5.144,20.79,0.70,236,0.580,1.95,0.00,62.75,0,0,WELCOME ISLAND (AUT),0.0,2018-2025,2026-10-08T21:12:02+00:00
2026-09-28T06:00:00+00:00,welcome_island,72,7.02,300,6.079,27.27,2.70,352,0.376,2.30,0.00,62.75,0,0,WELCOME ISLAND (AUT),0.0,2018-2025,2026-10-08T21:12:02+00:00
2026-09-28T07:00:00+00:00,welcome_island,72,8.64,310,6.618,35.10,2.90,356,0.202,2.30,0.00,62.75,0,0,WELCOME ISLAND (AUT),0.0,2018-2025,2026-10-08T21:12:02+00:00
2026-09-28T08:00:00+00:00,welcome_island,72,9.72,300,8.417,44.28,1.90,360,0.000,2.30,0.00,62.75,0,0,WELCOME ISLAND (AUT),0.0,2018-2025,2026-10-08T21:12:02+00:00
2026-09-28T09:00:00+00:00,welcome_island,72,8.64,300,7.482,53.46,2.30,5,-0.200,2.30,0.00,62.75,0,0,WELCOME ISLAND (AUT),0.0,2018-2025,2026-10-08T21:12:02+00:00
2026-09-28T10:00:00+00:00,welcome_island,72,9.18,310,7.032,62.37,2.40,35,-1.377,2.30,1.08,62.75,0,0,WELCOME ISLAND (AUT),0.0,2018-2025,2026-10-08T21:12:02+00:00
2026-09-28T11:00:00+00:00,welcome_island,72,6.48,280,6.381,70.19,2.00,79,-1.963,2.30,2.16,62.75,0,0,WELCOME ISLAND (AUT),0.0,2018-2025,2026-10-08T21:12:02+00:00
2026-09-28T12:00:00+00:00,welcome_island,72,7.56,290,7.104,77.21,3.20,57,-2.684,2.30,2.16,62.75,0,0,WELCOME ISLAND (AUT),0.0,2018-2025,2026-10-08T21:12:02+00:00
2026-09-28T13:00:00+00:00,welcome_island,72,4.86,290,4.567,83.42,2.20,80,-2.167,2.30,2.16,62.75,0,0,WELCOME ISLAND (AUT),0.0,2018-2025,2026-10-08T21:12:02+00:00
2026-09-28T14:00:00+00:00,welcome_island,72,3.78,300,3.273,87.74,2.20,105,-2.125,2.30,2.16,62.75,0,0,WELCOME ISLAND (AUT),0.0,2018-2025,2026-10-08T21:12:02+00:00
2026-09-28T15:00:00+00:00,welcome_island,72,4.32,280,4.254,91.79,3.10,120,-2.685,2.30,2.16,62.75,0,0,WELCOME ISLAND (AUT),0.0,2018-2025,2026-10-08T21:12:02+00:00
2026-09-28T16:00:00+00:00,welcome_island,72,1.62,340,0.554,93.95,4.00,113,-3.682,2.30,3.78,62.75,0,0,WELCOME ISLAND (AUT),0.0,2018-2025,2026-10-08T21:12:02+00:00
2026-09-28T17:00:00+00:00,welcome_island,72,3.24,140,-2.082,93.95,4.20,112,-3.894,2.30,5.40,62.75,0,0,WELCOME ISLAND (AUT),0.0,2018-2025,2026-10-08T21:12:02+00:00
2026-09-28T18:00:00+00:00,welcome_island,72,0.00,,0.000,93.95,3.20,137,-2.182,2.30,5.40,62.75,0,0,WELCOME ISLAND (AUT),0.0,2018-2025,2026-10-08T21:12:02+00:00
2026-09-28T19:00:00+00:00,welcome_island,72,5.40,150,-2.700,93.95,5.10,130,-3.907,2.30,5.40,62.75,0,0,WELCOME ISLAND (AUT),0.0,2018-2025,2026-10-08T21:12:02+00:00
2026-09-28T20:00:00+00:00,welcome_island,72,4.32,160,-1.477,93.95,5.20,132,-3.864,2.30,5.40,62.75,0,0,WELCOME ISLAND (AUT),0.0,2018-2025,2026-10-08T21:12:02+00:00
2026-09-28T21:00:00+00:00,welcome_island,72,7.02,160,-2.401,93.95,5.90,124,-4.891,2.30,5.40,62.75,0,0,WELCOME ISLAND (AUT),0.0,2018-2025,2026-10-08T21:12:02+00:00
2026-09-28T22:00:00+00:00,welcome_island,72,6.48,160,-2.216,93.95,5.90,122,-5.003,2.30,5.40,62.75,0,0,WELCOME ISLAND (AUT),0.0,2018-2025,2026-10-08T21:12:02+00:00
2026-09-28T23:00:00+00:00,welcome_island,72,7.02,170,-1.219,93.95,7.50,121,-6.429,2.30,5.40,62.75,0,0,WELCOME ISLAND (AUT),0.0,2018-2025,2026-10-08T21:12:02+00:00
2026-09-29T00:00:00+00:00,welcome_island,72,5.94,160,-2.031,93.95,8.70,117,-7.752,2.30,5.40,65.18,0,0,WELCOME ISLAND (AUT),0.0,2018-2025,2026-10-08T21:12:02+00:00
2026-09-29T01:00:00+00:00,welcome_island,72,2.70,100,-2.659,90.71,8.80,125,-7.209,2.30,5.40,65.18,0,0,WELCOME ISLAND (AUT),0.0,2018-2025,2026-10-08T21:12:02+00:00
2026-09-29T02:00:00+00:00,welcome_island,72,5.40,150,-2.700,87.47,7.80,109,-7.375,2.30,5.40,65.18,0,0,WELCOME ISLAND (AUT),0.0,2018-2025,2026-10-08T21:12:02+00:00
2026-09-29T03:00:00+00:00,welcome_island,72,4.86,100,-4.786,85.04,5.60,104,-5.434,2.30,5.40,65.18,0,0,WELCOME ISLAND (AUT),0.0,2018-2025,2026-10-08T21:12:02+00:00
2026-09-29T04:00:00+00:00,welcome_island,72,3.78,140,-2.430,79.37,8.00,93,-7.989,1.50,5.40,65.18,0,0,WELCOME ISLAND (AUT),0.0,2018-2025,2026-10-08T21:12:02+00:00
2026-09-29T05:00:00+00:00,welcome_island,72,0.00,,0.000,73.16,5.10,101,-5.006,0.35,5.40,65.18,0,0,WELCOME ISLAND (AUT),0.0,2018-2025,2026-10-08T21:12:02+00:00
2026-09-29T06:00:00+00:00,welcome_island,72,0.00,,0.000,66.68,3.90,93,-3.895,0.00,5.40,65.18,0,0,WELCOME ISLAND (AUT),0.0,2018-2025,2026-10-08T21:12:02+00:00
2026-09-29T07:00:00+00:00,welcome_island,72,0.00,,0.000,58.86,2.30,114,-2.101,0.00,5.40,65.18,0,0,WELCOME ISLAND (AUT),0.0,2018-2025,2026-10-08T21:12:02+00:00
2026-09-29T08:00:00+00:00,welcome_island,72,7.02,100,-6.913,49.68,4.90,171,-0.767,0.00,5.40,65.18,0,0,WELCOME ISLAND (AUT),0.0,2018-2025,2026-10-08T21:12:02+00:00
2026-09-29T09:00:00+00:00,welcome_island,72,4.86,110,-4.567,40.50,8.20,185,0.715,0.00,5.40,65.18,0,0,WELCOME ISLAND (AUT),0.0,2018-2025,2026-10-08T21:12:02+00:00
2026-09-29T10:00:00+00:00,welcome_island,72,10.26,160,-3.509,31.59,10.90,197,3.187,0.00,4.32,65.18,0,0,WELCOME ISLAND (AUT),0.0,2018-2025,2026-10-08T21:12:02+00:00
2026-09-29T11:00:00+00:00,welcome_island,72,3.24,190,0.563,23.76,11.40,198,3.523,0.00,3.24,65.18,0,0,WELCOME ISLAND (AUT),0.0,2018-2025,2026-10-08T21:12:02+00:00
2026-09-29T12:00:00+00:00,welcome_island,72,4.86,190,0.844,16.74,11.60,203,4.532,0.00,3.24,65.18,0,0,WELCOME ISLAND (AUT),0.0,2018-2025,2026-10-08T21:12:02+00:00
2026-09-29T13:00:00+00:00,welcome_island,72,3.78,200,1.293,10.53,13.10,198,4.048,0.00,3.24,65.18,0,0,WELCOME ISLAND (AUT),0.0,2018-2025,2026-10-08T21:12:02+00:00
2026-09-29T14:00:00+00:00,welcome_island,72,3.78,210,1.890,6.21,12.20,200,4.173,0.00,3.24,65.18,0,0,WELCOME ISLAND (AUT),0.0,2018-2025,2026-10-08T21:12:02+00:00
2026-09-29T15:00:00+00:00,welcome_island,72,0.00,,0.000,2.16,13.40,199,4.363,0.00,3.24,65.18,0,0,WELCOME ISLAND (AUT),0.0,2018-2025,2026-10-08T21:12:02+00:00
2026-09-29T16:00:00+00:00,welcome_island,72,7.02,200,2.401,0.00,13.20,199,4.297,0.00,1.62,65.18,0,0,WELCOME ISLAND (AUT),0.0,2018-2025,2026-10-08T21:12:02+00:00
2026-09-29T17:00:00+00:00,welcome_island,72,8.10,190,1.406,0.00,12.60,200,4.309,0.00,0.00,65.18,0,0,WELCOME ISLAND (AUT),0.0,2018-2025,2026-10-08T21:12:02+00:00
2026-09-29T18:00:00+00:00,welcome_island,72,10.26,200,3.509,0.00,12.10,201,4.336,0.00,0.00,65.18,0,0,WELCOME ISLAND (AUT),0.0,2018-2025,2026-10-08T21:12:02+00:00
2026-09-29T19:00:00+00:00,welcome_island,72,8.64,200,2.955,0.00,12.20,200,4.173,0.00,0.00,65.18,0,0,WELCOME ISLAND (AUT),0.0,2018-2025,2026-10-08T21:12:02+00:00
2026-09-29T20:00:00+00:00,welcome_island,72,7.02,210,3.510,0.00,13.00,208,6.103,0.00,0.00,65.18,0,0,WELCOME ISLAND (AUT),0.0,2018-2025,2026-10-08T21:12:02+00:00
2026-09-29T21:00:00+00:00,welcome_island,72,6.48,200,2.216,0.00,12.40,202,4.645,0.00,0.00,65.18,0,0,WELCOME ISLAND (AUT),0.0,2018-2025,2026-10-08T21:12:02+00:00
2026-09-29T22:00:00+00:00,welcome_island,72,6.48,200,2.216,0.00,13.70,209,6.642,0.00,0.00,65.18,0,0,WELCOME ISLAND (AUT),0.0,2018-2025,2026-10-08T21:12:02+00:00
2026-09-29T23:00:00+00:00,welcome_island,72,9.18,200,3.139,0.00,12.10,204,4.922,0.00,0.00,65.18,0,0,WELCOME ISLAND (AUT),0.0,2018-2025,2026-10-08T21:12:02+00:00
2026-09-30T00:00:00+00:00,welcome_island,72,5.94,200,2.031,0.00,12.10,201,4.336,0.00,0.00,67.33,0,0,WELCOME ISLAND (AUT),0.0,2018-2025,2026-10-08T21:12:02+00:00
2026-09-30T01:00:00+00:00,welcome_island,72,5.94,230,4.550,2.97,13.80,203,5.392,0.00,0.00,67.33,0,0,WELCOME ISLAND (AUT),0.0,2018-2025,2026-10-08T21:12:02+00:00
2026-09-30T02:00:00+00:00,welcome_island,72,8.10,210,4.050,5.94,11.80,207,5.357,0.00,0.00,67.33,0,0,WELCOME ISLAND (AUT),0.0,2018-2025,2026-10-08T21:12:02+00:00
2026-09-30T03:00:00+00:00,welcome_island,72,8.64,210,4.320,5.94,13.40,214,7.493,0.00,0.00,67.33,0,0,WELCOME ISLAND (AUT),0.0,2018-2025,2026-10-08T21:12:02+00:00
2026-09-30T04:00:00+00:00,welcome_island,72,8.64,210,4.320,5.94,12.10,210,6.050,0.00,0.00,67.33,0,0,WELCOME ISLAND (AUT),0.0,2018-2025,2026-10-08T21:12:02+00:00
2026-09-30T05:00:00+00:00,welcome_island,72,9.72,210,4.860,5.94,10.80,208,5.070,0.00,0.00,67.33,0,0,WELCOME ISLAND (AUT),0.0,2018-2025,2026-10-08T21:12:02+00:00
2026-09-30T06:00:00+00:00,welcome_island,72,10.80,210,5.400,5.94,9.50,195,2.459,0.00,0.00,67.33,0,0,WELCOME ISLAND (AUT),0.0,2018-2025,2026-10-08T21:12:02+00:00
2026-09-30T07:00:00+00:00,welcome_island,72,11.88,210,5.940,5.94,10.50,185,0.915,0.00,0.00,67.33,0,0,WELCOME ISLAND (AUT),0.0,2018-2025,2026-10-08T21:12:02+00:00
2026-09-30T08:00:00+00:00,welcome_island,72,11.34,210,5.670,5.94,9.70,190,1.684,0.00,0.00,67.33,0,0,WELCOME ISLAND (AUT),0.0,2018-2025,2026-10-08T21:12:02+00:00
2026-09-30T09:00:00+00:00,welcome_island,72,9.72,220,6.247,5.94,9.50,189,1.486,0.00,0.00,67.33,0,0,WELCOME ISLAND (AUT),0.0,2018-2025,2026-10-08T21:12:02+00:00
2026-09-30T10:00:00+00:00,welcome_island,72,8.10,220,5.206,5.94,8.80,185,0.767,0.00,0.00,67.33,0,0,WELCOME ISLAND (AUT),0.0,2018-2025,2026-10-08T21:12:02+00:00
2026-09-30T11:00:00+00:00,welcome_island,72,9.18,210,4.590,5.94,8.20,172,-1.141,0.00,0.00,67.33,0,0,WELCOME ISLAND (AUT),0.0,2018-2025,2026-10-08T21:12:02+00:00
2026-09-30T12:00:00+00:00,welcome_island,72,8.64,220,5.553,5.94,7.30,188,1.016,0.00,0.00,67.33,0,0,WELCOME ISLAND (AUT),0.0,2018-2025,2026-10-08T21:12:02+00:00
2026-09-30T13:00:00+00:00,welcome_island,72,7.56,220,4.859,5.94,6.00,193,1.350,0.00,0.00,67.33,0,0,WELCOME ISLAND (AUT),0.0,2018-2025,2026-10-08T21:12:02+00:00
2026-09-30T14:00:00+00:00,welcome_island,72,4.86,230,3.723,8.37,5.10,209,2.473,0.00,0.00,67.33,0,0,WELCOME ISLAND (AUT),0.0,2018-2025,2026-10-08T21:12:02+00:00
2026-09-30T15:00:00+00:00,welcome_island,72,7.02,210,3.510,10.80,5.30,186,0.554,0.00,0.00,67.33,0,0,WELCOME ISLAND (AUT),0.0,2018-2025,2026-10-08T21:12:02+00:00
2026-09-30T16:00:00+00:00,welcome_island,72,8.64,210,4.320,10.80,5.10,182,0.178,0.00,0.00,67.33,0,0,WELCOME ISLAND (AUT),0.0,2018-2025,2026-10-08T21:12:02+00:00
2026-09-30T17:00:00+00:00,welcome_island,72,9.18,210,4.590,10.80,6.60,180,0.000,0.00,0.00,67.33,0,0,WELCOME ISLAND (AUT),0.0,2018-2025,2026-10-08T21:12:02+00:00
2026-09-30T18:00:00+00:00,welcome_island,72,10.26,210,5.130,10.80,9.80,189,1.533,0.00,0.00,67.33,0,0,WELCOME ISLAND (AUT),0.0,2018-2025,2026-10-08T21:12:02+00:00
2026-09-30T19:00:00+00:00,welcome_island,72,9.72,200,3.324,10.80,10.40,186,1.087,0.00,0.00,67.33,0,0,WELCOME ISLAND (AUT),0.0,2018-2025,2026-10-08T21:12:02+00:00
2026-09-30T20:00:00+00:00,welcome_island,72,11.34,210,5.670,10.80,12.30,184,0.858,0.00,0.00,67.33,0,0,WELCOME ISLAND (AUT),0.0,2018-2025,2026-10-08T21:12:02+00:00
2026-09-30T21:00:00+00:00,welcome_island,72,11.88,210,5.940,10.80,12.10,186,1.265,0.00,0.00,67.33,0,0,WELCOME ISLAND (AUT),0.0,2018-2025,2026-10-08T21:12:02+00:00
2026-09-30T22:00:00+00:00,welcome_island,72,12.96,200,4.432,10.80,12.20,197,3.567,0.00,0.00,67.33,0,0,WELCOME ISLAND (AUT),0.0,2018-2025,2026-10-08T21:12:02+00:00
2026-09-30T23:00:00+00:00,welcome_island,72,11.34,210,5.670,10.80,12.20,197,3.567,0.00,0.00,67.33,0,0,WELCOME ISLAND (AUT),0.0,2018-2025,2026-10-08T21:12:02+00:00
2026-10-01T00:00:00+00:00,welcome_island,72,10.80,210,5.400,10.80,3.80,235,3.113,1.90,0.00,71.50,0,0,WELCOME ISLAND (AUT),0.0,2018-2025,2026-10-08T21:12:02+00:00
2026-10-01T01:00:00+00:00,welcome_island,72,4.32,260,4.254,9.99,6.50,196,1.792,3.80,3.24,71.50,0,0,WELCOME ISLAND (AUT),0.0,2018-2025,2026-10-08T21:12:02+00:00
2026-10-01T02:00:00+00:00,welcome_island,72,2.70,50,-2.068,9.18,6.50,219,4.091,3.80,6.48,71.50,0,0,WELCOME ISLAND (AUT),0.0,2018-2025,2026-10-08T21:12:02+00:00
2026-10-01T03:00:00+00:00,welcome_island,72,3.24,290,3.044,10.80,6.10,233,4.872,6.85,8.91,71.50,0,0,WELCOME ISLAND (AUT),0.0,2018-2025,2026-10-08T21:12:02+00:00
2026-10-01T04:00:00+00:00,welcome_island,72,3.78,350,0.656,12.42,5.50,252,5.231,12.65,14.58,71.50,0,0,WELCOME ISLAND (AUT),0.0,2018-2025,2026-10-08T21:12:02+00:00
2026-10-01T05:00:00+00:00,welcome_island,72,4.32,220,2.777,12.42,6.90,288,6.562,18.85,20.79,71.50,0,0,WELCOME ISLAND (AUT),0.0,2018-2025,2026-10-08T21:12:02+00:00
2026-10-01T06:00:00+00:00,welcome_island,72,8.10,210,4.050,12.42,2.60,283,2.533,23.60,27.27,71.50,0,0,WELCOME ISLAND (AUT),0.0,2018-2025,2026-10-08T21:12:02+00:00
2026-10-01T07:00:00+00:00,welcome_island,72,7.02,250,6.596,15.93,7.10,302,6.021,28.45,35.10,71.50,0,0,WELCOME ISLAND (AUT),0.0,2018-2025,2026-10-08T21:12:02+00:00
2026-10-01T08:00:00+00:00,welcome_island,72,15.66,360,0.000,19.44,9.60,312,7.134,36.80,44.28,71.50,0,0,WELCOME ISLAND (AUT),0.0,2018-2025,2026-10-08T21:12:02+00:00
2026-10-01T09:00:00+00:00,welcome_island,72,10.80,330,5.400,19.44,11.60,322,7.142,41.60,53.46,71.50,0,0,WELCOME ISLAND (AUT),0.0,2018-2025,2026-10-08T21:12:02+00:00
2026-10-01T10:00:00+00:00,welcome_island,72,11.34,290,10.655,25.11,8.00,311,6.038,45.60,62.37,71.50,0,0,WELCOME ISLAND (AUT),0.0,2018-2025,2026-10-08T21:12:02+00:00
2026-10-01T11:00:00+00:00,welcome_island,72,11.34,280,11.167,36.45,10.10,300,8.747,54.65,70.19,71.50,0,0,WELCOME ISLAND (AUT),0.0,2018-2025,2026-10-08T21:12:02+00:00
2026-10-01T12:00:00+00:00,welcome_island,72,10.26,280,10.103,47.25,9.80,301,8.400,64.60,77.21,71.50,0,0,WELCOME ISLAND (AUT),0.0,2018-2025,2026-10-08T21:12:02+00:00
2026-10-01T13:00:00+00:00,welcome_island,72,10.80,290,10.148,57.78,11.10,299,9.708,75.05,83.42,71.50,0,0,WELCOME ISLAND (AUT),0.0,2018-2025,2026-10-08T21:12:02+00:00
2026-10-01T14:00:00+00:00,welcome_island,72,11.88,280,11.699,66.68,12.90,293,11.875,87.05,87.74,71.50,0,0,WELCOME ISLAND (AUT),0.0,2018-2025,2026-10-08T21:12:02+00:00
2026-10-01T15:00:00+00:00,welcome_island,72,9.72,280,9.572,75.05,12.60,304,10.446,99.80,91.79,71.50,0,0,WELCOME ISLAND (AUT),0.0,2018-2025,2026-10-08T21:12:02+00:00
2026-10-01T16:00:00+00:00,welcome_island,72,6.48,260,6.381,83.15,13.00,300,11.258,112.60,93.95,71.50,0,0,WELCOME ISLAND (AUT),0.0,2018-2025,2026-10-08T21:12:02+00:00
2026-10-01T17:00:00+00:00,welcome_island,72,19.44,300,16.834,96.11,12.90,299,11.283,125.55,93.95,71.50,0,0,WELCOME ISLAND (AUT),0.0,2018-2025,2026-10-08T21:12:02+00:00
2026-10-01T18:00:00+00:00,welcome_island,72,14.58,280,14.357,113.12,13.20,286,12.689,138.60,93.95,71.50,0,0,WELCOME ISLAND (AUT),0.0,2018-2025,2026-10-08T21:12:02+00:00
2026-10-01T19:00:00+00:00,welcome_island,72,16.20,290,15.222,128.51,13.60,287,13.006,152.00,93.95,71.50,0,0,WELCOME ISLAND (AUT),0.0,2018-2025,2026-10-08T21:12:02+00:00
2026-10-01T20:00:00+00:00,welcome_island,72,21.60,300,18.705,147.41,15.80,295,14.320,166.70,93.95,71.50,0,0,WELCOME ISLAND (AUT),0.0,2018-2025,2026-10-08T21:12:02+00:00
2026-10-01T21:00:00+00:00,welcome_island,72,22.14,320,14.230,158.21,13.80,294,12.607,181.50,93.95,71.50,0,0,WELCOME ISLAND (AUT),0.0,2018-2025,2026-10-08T21:12:02+00:00
2026-10-01T22:00:00+00:00,welcome_island,72,19.44,320,12.495,158.21,13.80,306,11.164,195.30,93.95,71.50,0,0,WELCOME ISLAND (AUT),0.0,2018-2025,2026-10-08T21:12:02+00:00
2026-10-01T23:00:00+00:00,welcome_island,72,22.14,310,16.959,169.28,18.70,325,10.726,202.20,93.95,71.50,0,0,WELCOME ISLAND (AUT),0.0,2018-2025,2026-10-08T21:12:02+00:00
2026-10-02T00:00:00+00:00,welcome_island,72,22.14,320,14.230,180.35,13.50,302,11.449,207.05,93.95,73.65,0,0,WELCOME ISLAND (AUT),0.0,2018-2025,2026-10-08T21:12:02+00:00
2026-10-02T01:00:00+00:00,welcome_island,72,21.06,310,16.132,188.71,15.00,317,10.230,211.90,90.71,73.65,0,0,WELCOME ISLAND (AUT),0.0,2018-2025,2026-10-08T21:12:02+00:00
2026-10-02T02:00:00+00:00,welcome_island,72,17.82,310,13.650,205.99,15.80,326,8.835,211.90,87.47,73.65,0,0,WELCOME ISLAND (AUT),0.0,2018-2025,2026-10-08T21:12:02+00:00
2026-10-02T03:00:00+00:00,welcome_island,72,15.66,310,11.995,221.11,15.10,314,10.862,216.40,85.04,73.65,0,0,WELCOME ISLAND (AUT),0.0,2018-2025,2026-10-08T21:12:02+00:00
2026-10-02T04:00:00+00:00,welcome_island,72,12.96,300,11.223,233.80,15.40,313,11.263,225.85,79.37,73.65,0,0,WELCOME ISLAND (AUT),0.0,2018-2025,2026-10-08T21:12:02+00:00
2026-10-02T05:00:00+00:00,welcome_island,72,11.34,290,10.655,245.95,13.70,309,10.647,234.20,73.16,73.65,0,0,WELCOME ISLAND (AUT),0.0,2018-2025,2026-10-08T21:12:02+00:00
2026-10-02T06:00:00+00:00,welcome_island,72,12.96,290,12.177,258.10,11.70,274,11.671,242.15,66.68,73.65,0,0,WELCOME ISLAND (AUT),0.0,2018-2025,2026-10-08T21:12:02+00:00
2026-10-02T07:00:00+00:00,welcome_island,72,9.72,290,9.133,265.93,12.50,273,12.483,249.40,58.86,73.65,0,0,WELCOME ISLAND (AUT),0.0,2018-2025,2026-10-08T21:12:02+00:00
2026-10-02T08:00:00+00:00,welcome_island,72,12.42,280,12.230,273.49,12.30,275,12.253,253.45,49.68,73.65,0,0,WELCOME ISLAND (AUT),0.0,2018-2025,2026-10-08T21:12:02+00:00
2026-10-02T09:00:00+00:00,welcome_island,72,10.80,290,10.148,285.10,13.00,287,12.432,261.30,40.50,73.65,0,0,WELCOME ISLAND (AUT),0.0,2018-2025,2026-10-08T21:12:02+00:00
2026-10-02T10:00:00+00:00,welcome_island,72,11.34,280,11.167,290.50,14.90,301,12.772,271.25,31.59,73.65,0,0,WELCOME ISLAND (AUT),0.0,2018-2025,2026-10-08T21:12:02+00:00
2026-10-02T11:00:00+00:00,welcome_island,72,12.42,290,11.670,291.04,16.20,300,14.030,277.75,23.76,73.65,0,0,WELCOME ISLAND (AUT),0.0,2018-2025,2026-10-08T21:12:02+00:00
2026-10-02T12:00:00+00:00,welcome_island,72,14.58,310,11.168,293.74,16.10,308,12.687,283.95,16.74,73.65,0,0,WELCOME ISLAND (AUT),0.0,2018-2025,2026-10-08T21:12:02+00:00
2026-10-02T13:00:00+00:00,welcome_island,72,11.88,290,11.163,296.44,14.80,305,12.123,288.95,10.53,73.65,0,0,WELCOME ISLAND (AUT),0.0,2018-2025,2026-10-08T21:12:02+00:00
2026-10-02T14:00:00+00:00,welcome_island,72,9.72,280,9.572,295.90,14.00,302,11.873,291.35,6.21,73.65,0,0,WELCOME ISLAND (AUT),0.0,2018-2025,2026-10-08T21:12:02+00:00
2026-10-02T15:00:00+00:00,welcome_island,72,18.90,320,12.148,289.96,13.50,311,10.189,292.35,2.16,73.65,0,0,WELCOME ISLAND (AUT),0.0,2018-2025,2026-10-08T21:12:02+00:00
2026-10-02T16:00:00+00:00,welcome_island,72,23.76,310,18.200,293.74,16.00,311,12.075,294.30,0.00,73.65,0,0,WELCOME ISLAND (AUT),0.0,2018-2025,2026-10-08T21:12:02+00:00
2026-10-02T17:00:00+00:00,welcome_island,72,17.82,310,13.650,301.57,14.80,309,11.502,296.75,0.00,73.65,0,0,WELCOME ISLAND (AUT),0.0,2018-2025,2026-10-08T21:12:02+00:00
2026-10-02T18:00:00+00:00,welcome_island,72,15.12,290,14.207,301.03,13.10,308,10.323,297.65,0.00,73.65,0,0,WELCOME ISLAND (AUT),0.0,2018-2025,2026-10-08T21:12:02+00:00
2026-10-02T19:00:00+00:00,welcome_island,72,17.28,320,11.106,293.20,11.00,307,8.785,296.30,0.00,73.65,0,0,WELCOME ISLAND (AUT),0.0,2018-2025,2026-10-08T21:12:02+00:00
2026-10-02T20:00:00+00:00,welcome_island,72,11.88,320,7.636,274.30,9.80,304,8.125,292.00,0.00,73.65,0,0,WELCOME ISLAND (AUT),0.0,2018-2025,2026-10-08T21:12:02+00:00
2026-10-02T21:00:00+00:00,welcome_island,72,10.80,330,5.400,263.50,9.90,293,9.113,287.05,0.00,73.65,0,0,WELCOME ISLAND (AUT),0.0,2018-2025,2026-10-08T21:12:02+00:00
2026-10-02T22:00:00+00:00,welcome_island,72,10.80,320,6.942,263.50,9.00,289,8.510,282.70,0.00,73.65,0,0,WELCOME ISLAND (AUT),0.0,2018-2025,2026-10-08T21:12:02+00:00
2026-10-02T23:00:00+00:00,welcome_island,72,9.72,310,7.445,257.29,5.20,283,5.067,282.90,0.00,73.65,0,0,WELCOME ISLAND (AUT),0.0,2018-2025,2026-10-08T21:12:02+00:00
2026-10-03T00:00:00+00:00,welcome_island,72,9.18,310,7.032,255.67,6.60,268,6.596,282.05,0.00,72.45,0,0,WELCOME ISLAND (AUT),0.0,2018-2025,2026-10-08T21:12:02+00:00
2026-10-03T01:00:00+00:00,welcome_island,72,7.02,280,6.913,253.24,8.20,288,7.799,282.70,2.97,72.45,0,0,WELCOME ISLAND (AUT),0.0,2018-2025,2026-10-08T21:12:02+00:00
2026-10-03T02:00:00+00:00,welcome_island,72,4.32,270,4.320,239.47,8.50,297,7.574,291.05,5.94,72.45,0,0,WELCOME ISLAND (AUT),0.0,2018-2025,2026-10-08T21:12:02+00:00
2026-10-03T03:00:00+00:00,welcome_island,72,6.48,280,6.381,228.13,7.60,296,6.831,291.55,5.94,72.45,0,0,WELCOME ISLAND (AUT),0.0,2018-2025,2026-10-08T21:12:02+00:00
2026-10-03T04:00:00+00:00,welcome_island,72,6.48,290,6.089,220.30,7.20,294,6.578,283.70,5.94,72.45,0,0,WELCOME ISLAND (AUT),0.0,2018-2025,2026-10-08T21:12:02+00:00
2026-10-03T05:00:00+00:00,welcome_island,72,5.94,290,5.581,214.36,7.10,291,6.628,276.30,5.94,72.45,0,0,WELCOME ISLAND (AUT),0.0,2018-2025,2026-10-08T21:12:02+00:00
2026-10-03T06:00:00+00:00,welcome_island,72,7.56,290,7.104,208.96,5.70,297,5.079,270.00,5.94,72.45,0,0,WELCOME ISLAND (AUT),0.0,2018-2025,2026-10-08T21:12:02+00:00
2026-10-03T07:00:00+00:00,welcome_island,72,7.02,290,6.596,204.91,3.70,295,3.353,262.60,5.94,72.45,0,0,WELCOME ISLAND (AUT),0.0,2018-2025,2026-10-08T21:12:02+00:00
2026-10-03T08:00:00+00:00,welcome_island,72,7.56,300,6.547,201.13,3.60,286,3.461,253.85,5.94,72.45,0,0,WELCOME ISLAND (AUT),0.0,2018-2025,2026-10-08T21:12:02+00:00
2026-10-03T09:00:00+00:00,welcome_island,72,6.48,310,4.964,196.54,3.20,281,3.141,244.60,5.94,72.45,0,0,WELCOME ISLAND (AUT),0.0,2018-2025,2026-10-08T21:12:02+00:00
2026-10-03T10:00:00+00:00,welcome_island,72,4.86,300,4.209,191.14,2.30,275,2.291,233.40,5.94,72.45,0,0,WELCOME ISLAND (AUT),0.0,2018-2025,2026-10-08T21:12:02+00:00
2026-10-03T11:00:00+00:00,welcome_island,72,5.40,300,4.676,184.40,2.30,222,1.539,219.00,5.94,72.45,0,0,WELCOME ISLAND (AUT),0.0,2018-2025,2026-10-08T21:12:02+00:00
2026-10-03T12:00:00+00:00,welcome_island,72,4.86,290,4.567,176.03,5.50,203,2.149,202.85,5.94,72.45,0,0,WELCOME ISLAND (AUT),0.0,2018-2025,2026-10-08T21:12:02+00:00
2026-10-03T13:00:00+00:00,welcome_island,72,3.24,300,2.806,166.85,9.70,183,0.508,187.40,5.94,72.45,0,0,WELCOME ISLAND (AUT),0.0,2018-2025,2026-10-08T21:12:02+00:00
2026-10-03T14:00:00+00:00,welcome_island,72,2.16,60,-1.870,157.67,13.30,169,-2.538,173.00,8.37,72.45,0,0,WELCOME ISLAND (AUT),0.0,2018-2025,2026-10-08T21:12:02+00:00
2026-10-03T15:00:00+00:00,welcome_island,72,0.00,,0.000,152.81,14.20,133,-10.385,159.25,10.80,72.45,0,0,WELCOME ISLAND (AUT),0.0,2018-2025,2026-10-08T21:12:02+00:00
2026-10-03T16:00:00+00:00,welcome_island,72,0.00,,0.000,140.93,17.20,132,-12.782,144.50,10.80,72.45,0,0,WELCOME ISLAND (AUT),0.0,2018-2025,2026-10-08T21:12:02+00:00
2026-10-03T17:00:00+00:00,welcome_island,72,1.62,130,-1.241,120.14,22.80,143,-13.721,129.10,10.80,72.45,0,0,WELCOME ISLAND (AUT),0.0,2018-2025,2026-10-08T21:12:02+00:00
2026-10-03T18:00:00+00:00,welcome_island,72,7.56,150,-3.780,103.67,20.10,147,-10.947,115.15,10.80,72.45,0,0,WELCOME ISLAND (AUT),0.0,2018-2025,2026-10-08T21:12:02+00:00
2026-10-03T19:00:00+00:00,welcome_island,72,10.26,120,-8.885,96.11,20.60,158,-7.717,103.10,10.80,72.45,0,0,WELCOME ISLAND (AUT),0.0,2018-2025,2026-10-08T21:12:02+00:00
2026-10-03T20:00:00+00:00,welcome_island,72,13.50,120,-11.690,96.11,17.40,166,-4.209,92.70,10.80,72.45,0,0,WELCOME ISLAND (AUT),0.0,2018-2025,2026-10-08T21:12:02+00:00
2026-10-03T21:00:00+00:00,welcome_island,72,14.58,130,-11.168,96.11,17.00,164,-4.686,82.85,10.80,72.45,0,0,WELCOME ISLAND (AUT),0.0,2018-2025,2026-10-08T21:12:02+00:00
2026-10-03T22:00:00+00:00,welcome_island,72,18.36,140,-11.801,96.11,18.70,153,-8.490,73.40,10.80,72.45,0,0,WELCOME ISLAND (AUT),0.0,2018-2025,2026-10-08T21:12:02+00:00
2026-10-03T23:00:00+00:00,welcome_island,72,16.20,140,-10.412,91.25,17.70,144,-10.404,66.30,10.80,72.45,0,0,WELCOME ISLAND (AUT),0.0,2018-2025,2026-10-08T21:12:02+00:00
2026-10-04T00:00:00+00:00,welcome_island,72,13.50,200,4.617,81.80,20.80,143,-12.518,60.40,10.80,70.24,0,0,WELCOME ISLAND (AUT),0.0,2018-2025,2026-10-08T21:12:02+00:00
2026-10-04T01:00:00+00:00,welcome_island,72,14.58,200,4.986,73.70,24.40,205,10.312,53.00,9.99,70.24,0,0,WELCOME ISLAND (AUT),0.0,2018-2025,2026-10-08T21:12:02+00:00
2026-10-04T02:00:00+00:00,welcome_island,72,14.58,200,4.986,68.03,21.00,206,9.206,44.65,9.18,70.24,0,0,WELCOME ISLAND (AUT),0.0,2018-2025,2026-10-08T21:12:02+00:00
2026-10-04T03:00:00+00:00,welcome_island,72,9.72,210,4.860,62.63,21.90,209,10.617,36.60,10.80,70.24,0,0,WELCOME ISLAND (AUT),0.0,2018-2025,2026-10-08T21:12:02+00:00
2026-10-04T04:00:00+00:00,welcome_island,72,8.64,220,5.553,56.16,21.80,214,12.190,29.20,12.42,70.24,0,0,WELCOME ISLAND (AUT),0.0,2018-2025,2026-10-08T21:12:02+00:00
2026-10-04T05:00:00+00:00,welcome_island,72,5.94,230,4.550,52.92,20.90,218,12.867,22.05,12.42,70.24,0,0,WELCOME ISLAND (AUT),0.0,2018-2025,2026-10-08T21:12:02+00:00
2026-10-04T06:00:00+00:00,welcome_island,72,4.32,270,4.320,51.30,13.90,252,13.220,22.60,12.42,70.24,0,0,WELCOME ISLAND (AUT),0.0,2018-2025,2026-10-08T21:12:02+00:00
2026-10-04T07:00:00+00:00,welcome_island,72,7.02,270,7.019,49.68,14.60,289,13.805,32.15,15.93,70.24,0,0,WELCOME ISLAND (AUT),0.0,2018-2025,2026-10-08T21:12:02+00:00
2026-10-04T08:00:00+00:00,welcome_island,72,14.04,290,13.192,52.92,19.50,300,16.887,45.55,19.44,70.24,0,0,WELCOME ISLAND (AUT),0.0,2018-2025,2026-10-08T21:12:02+00:00
2026-10-04T09:00:00+00:00,welcome_island,72,14.58,300,12.626,60.21,20.00,302,16.961,61.90,19.44,70.24,0,0,WELCOME ISLAND (AUT),0.0,2018-2025,2026-10-08T21:12:02+00:00
2026-10-04T10:00:00+00:00,welcome_island,72,19.98,300,17.302,71.81,20.90,303,17.528,79.60,25.11,70.24,0,0,WELCOME ISLAND (AUT),0.0,2018-2025,2026-10-08T21:12:02+00:00
2026-10-04T11:00:00+00:00,welcome_island,72,23.22,310,17.786,88.28,20.00,306,16.180,98.90,36.45,70.24,0,0,WELCOME ISLAND (AUT),0.0,2018-2025,2026-10-08T21:12:02+00:00
2026-10-04T12:00:00+00:00,welcome_island,72,18.36,290,17.251,103.94,22.50,310,17.236,120.15,47.25,70.24,0,0,WELCOME ISLAND (AUT),0.0,2018-2025,2026-10-08T21:12:02+00:00
2026-10-04T13:00:00+00:00,welcome_island,72,18.36,300,15.899,118.25,21.30,312,15.829,142.05,57.78,70.24,0,0,WELCOME ISLAND (AUT),0.0,2018-2025,2026-10-08T21:12:02+00:00
2026-10-04T14:00:00+00:00,welcome_island,72,21.60,300,18.705,136.61,19.40,299,16.968,162.40,66.68,70.24,0,0,WELCOME ISLAND (AUT),0.0,2018-2025,2026-10-08T21:12:02+00:00
2026-10-04T15:00:00+00:00,welcome_island,72,18.90,310,14.477,156.86,18.60,295,16.857,181.40,75.05,70.24,0,0,WELCOME ISLAND (AUT),0.0,2018-2025,2026-10-08T21:12:02+00:00
2026-10-04T16:00:00+00:00,welcome_island,72,21.06,310,16.132,176.84,17.50,294,15.987,199.45,83.15,70.24,0,0,WELCOME ISLAND (AUT),0.0,2018-2025,2026-10-08T21:12:02+00:00
2026-10-04T17:00:00+00:00,welcome_island,72,21.06,300,18.237,197.89,16.30,305,13.352,216.35,96.11,70.24,0,0,WELCOME ISLAND (AUT),0.0,2018-2025,2026-10-08T21:12:02+00:00
2026-10-04T18:00:00+00:00,welcome_island,72,20.52,310,15.718,218.68,19.10,309,14.843,234.05,113.12,70.24,0,0,WELCOME ISLAND (AUT),0.0,2018-2025,2026-10-08T21:12:02+00:00
2026-10-04T19:00:00+00:00,welcome_island,72,25.92,300,22.446,241.90,19.60,323,11.796,243.60,128.51,70.24,0,0,WELCOME ISLAND (AUT),0.0,2018-2025,2026-10-08T21:12:02+00:00
2026-10-04T20:00:00+00:00,welcome_island,72,25.38,310,19.441,267.55,20.30,338,7.605,243.60,147.41,70.24,0,0,WELCOME ISLAND (AUT),0.0,2018-2025,2026-10-08T21:12:02+00:00
2026-10-04T21:00:00+00:00,welcome_island,72,25.92,310,19.854,293.20,22.10,333,10.033,243.60,158.21,70.24,0,0,WELCOME ISLAND (AUT),0.0,2018-2025,2026-10-08T21:12:02+00:00
2026-10-04T22:00:00+00:00,welcome_island,72,22.14,310,16.959,317.22,20.60,329,10.610,243.60,158.21,70.24,1,0,WELCOME ISLAND (AUT),0.0,2018-2025,2026-10-08T21:12:02+00:00
2026-10-04T23:00:00+00:00,welcome_island,72,21.60,290,20.296,339.09,18.90,328,10.015,243.60,169.28,70.24,1,0,WELCOME ISLAND (AUT),0.0,2018-2025,2026-10-08T21:12:02+00:00
2026-10-05T00:00:00+00:00,welcome_island,72,15.12,320,9.718,349.89,20.40,313,14.920,253.80,180.35,71.84,1,0,WELCOME ISLAND (AUT),0.0,2018-2025,2026-10-08T21:12:02+00:00
2026-10-05T01:00:00+00:00,welcome_island,72,22.68,300,19.640,361.23,19.20,316,13.337,264.00,188.71,71.84,1,0,WELCOME ISLAND (AUT),0.0,2018-2025,2026-10-08T21:12:02+00:00
2026-10-05T02:00:00+00:00,welcome_island,72,19.44,300,16.834,382.29,18.30,323,11.013,264.00,205.99,71.84,1,0,WELCOME ISLAND (AUT),0.0,2018-2025,2026-10-08T21:12:02+00:00
2026-10-05T03:00:00+00:00,welcome_island,72,19.44,310,14.891,401.73,16.90,325,9.693,264.00,221.11,71.84,1,0,WELCOME ISLAND (AUT),0.0,2018-2025,2026-10-08T21:12:02+00:00
2026-10-05T04:00:00+00:00,welcome_island,72,18.90,310,14.477,420.90,15.30,326,8.556,264.00,233.80,71.84,1,0,WELCOME ISLAND (AUT),0.0,2018-2025,2026-10-08T21:12:02+00:00
2026-10-05T05:00:00+00:00,welcome_island,72,15.12,320,9.718,427.38,12.90,329,6.644,264.00,245.95,71.84,1,0,WELCOME ISLAND (AUT),0.0,2018-2025,2026-10-08T21:12:02+00:00
2026-10-05T06:00:00+00:00,welcome_island,72,10.26,310,7.859,427.38,14.40,337,5.627,257.05,258.10,71.84,1,0,WELCOME ISLAND (AUT),0.0,2018-2025,2026-10-08T21:12:02+00:00
2026-10-05T07:00:00+00:00,welcome_island,72,9.18,290,8.626,431.43,13.20,336,5.369,242.80,265.93,71.84,1,0,WELCOME ISLAND (AUT),0.0,2018-2025,2026-10-08T21:12:02+00:00
2026-10-05T08:00:00+00:00,welcome_island,72,14.58,310,11.168,432.78,13.10,331,6.351,225.75,273.49,71.84,1,0,WELCOME ISLAND (AUT),0.0,2018-2025,2026-10-08T21:12:02+00:00
2026-10-05T09:00:00+00:00,welcome_island,72,10.26,310,7.859,430.89,13.20,326,7.381,206.00,285.10,71.84,1,0,WELCOME ISLAND (AUT),0.0,2018-2025,2026-10-08T21:12:02+00:00
2026-10-05T10:00:00+00:00,welcome_island,72,9.18,300,7.949,423.33,13.60,323,8.185,185.55,290.50,71.84,1,0,WELCOME ISLAND (AUT),0.0,2018-2025,2026-10-08T21:12:02+00:00
2026-10-05T11:00:00+00:00,welcome_island,72,13.50,300,11.690,413.07,14.30,323,8.606,165.10,291.04,71.84,1,0,WELCOME ISLAND (AUT),0.0,2018-2025,2026-10-08T21:12:02+00:00
2026-10-05T12:00:00+00:00,welcome_island,72,10.26,290,9.640,404.16,14.20,317,9.684,143.85,293.74,71.84,1,0,WELCOME ISLAND (AUT),0.0,2018-2025,2026-10-08T21:12:02+00:00
2026-10-05T13:00:00+00:00,welcome_island,72,7.56,290,7.104,394.71,14.40,320,9.256,121.95,296.44,71.84,1,0,WELCOME ISLAND (AUT),0.0,2018-2025,2026-10-08T21:12:02+00:00
2026-10-05T14:00:00+00:00,welcome_island,72,5.40,280,5.318,381.21,14.10,326,7.885,101.60,295.90,71.84,1,0,WELCOME ISLAND (AUT),0.0,2018-2025,2026-10-08T21:12:02+00:00
2026-10-05T15:00:00+00:00,welcome_island,72,3.78,280,3.722,365.55,13.00,330,6.500,82.60,289.96,71.84,1,0,WELCOME ISLAND (AUT),0.0,2018-2025,2026-10-08T21:12:02+00:00
2026-10-05T16:00:00+00:00,welcome_island,72,4.32,290,4.059,349.62,11.30,331,5.478,64.55,293.74,71.84,1,0,WELCOME ISLAND (AUT),0.0,2018-2025,2026-10-08T21:12:02+00:00
2026-10-05T17:00:00+00:00,welcome_island,72,2.16,270,2.160,331.80,9.10,329,4.687,47.65,301.57,71.84,1,0,WELCOME ISLAND (AUT),0.0,2018-2025,2026-10-08T21:12:02+00:00
2026-10-05T18:00:00+00:00,welcome_island,72,4.32,330,2.160,312.10,7.20,322,4.433,29.95,301.03,71.84,1,0,WELCOME ISLAND (AUT),0.0,2018-2025,2026-10-08T21:12:02+00:00
2026-10-05T19:00:00+00:00,welcome_island,72,5.94,160,-2.031,288.88,5.90,316,4.098,20.40,293.20,71.84,0,0,WELCOME ISLAND (AUT),0.0,2018-2025,2026-10-08T21:12:02+00:00
2026-10-05T20:00:00+00:00,welcome_island,72,7.02,180,0.000,263.23,4.90,315,3.465,22.85,274.30,71.84,0,0,WELCOME ISLAND (AUT),0.0,2018-2025,2026-10-08T21:12:02+00:00
2026-10-05T21:00:00+00:00,welcome_island,72,11.88,200,4.063,237.58,4.00,309,3.109,27.30,263.50,71.84,0,0,WELCOME ISLAND (AUT),0.0,2018-2025,2026-10-08T21:12:02+00:00
2026-10-05T22:00:00+00:00,welcome_island,72,11.88,210,5.940,213.55,3.30,310,2.528,30.95,263.50,71.84,0,0,WELCOME ISLAND (AUT),0.0,2018-2025,2026-10-08T21:12:02+00:00
2026-10-05T23:00:00+00:00,welcome_island,72,11.34,210,5.670,191.68,3.70,231,2.875,34.45,257.29,71.84,0,0,WELCOME ISLAND (AUT),0.0,2018-2025,2026-10-08T21:12:02+00:00
2026-10-06T00:00:00+00:00,welcome_island,72,10.26,200,3.509,180.89,11.20,203,4.376,26.10,255.67,72.65,0,0,WELCOME ISLAND (AUT),0.0,2018-2025,2026-10-08T21:12:02+00:00
2026-10-06T01:00:00+00:00,welcome_island,72,8.10,190,1.406,169.55,10.50,191,2.003,15.90,253.24,72.65,0,0,WELCOME ISLAND (AUT),0.0,2018-2025,2026-10-08T21:12:02+00:00
2026-10-06T02:00:00+00:00,welcome_island,72,6.48,190,1.125,148.49,10.10,180,0.000,15.90,239.47,72.65,0,0,WELCOME ISLAND (AUT),0.0,2018-2025,2026-10-08T21:12:02+00:00
2026-10-06T03:00:00+00:00,welcome_island,72,5.40,180,0.000,129.05,11.10,170,-1.927,15.90,228.13,72.65,0,0,WELCOME ISLAND (AUT),0.0,2018-2025,2026-10-08T21:12:02+00:00
2026-10-06T04:00:00+00:00,welcome_island,72,7.02,180,0.000,109.88,11.70,164,-3.225,15.90,220.30,72.65,0,0,WELCOME ISLAND (AUT),0.0,2018-2025,2026-10-08T21:12:02+00:00
2026-10-06T05:00:00+00:00,welcome_island,72,9.18,170,-1.594,100.43,12.90,157,-5.040,15.90,214.36,72.65,0,0,WELCOME ISLAND (AUT),0.0,2018-2025,2026-10-08T21:12:02+00:00
2026-10-06T06:00:00+00:00,welcome_island,72,5.94,180,0.000,95.30,15.50,150,-7.750,15.90,208.96,72.65,0,0,WELCOME ISLAND (AUT),0.0,2018-2025,2026-10-08T21:12:02+00:00
2026-10-06T07:00:00+00:00,welcome_island,72,9.18,170,-1.594,85.58,16.40,147,-8.932,15.90,204.91,72.65,0,0,WELCOME ISLAND (AUT),0.0,2018-2025,2026-10-08T21:12:02+00:00
2026-10-06T08:00:00+00:00,welcome_island,72,13.50,170,-2.344,73.70,17.30,145,-9.923,15.90,201.13,72.65,0,0,WELCOME ISLAND (AUT),0.0,2018-2025,2026-10-08T21:12:02+00:00
2026-10-06T09:00:00+00:00,welcome_island,72,10.80,170,-1.875,61.29,17.70,144,-10.404,15.90,196.54,72.65,0,0,WELCOME ISLAND (AUT),0.0,2018-2025,2026-10-08T21:12:02+00:00
2026-10-06T10:00:00+00:00,welcome_island,72,10.80,160,-3.694,51.57,17.00,145,-9.751,15.90,191.14,72.65,0,0,WELCOME ISLAND (AUT),0.0,2018-2025,2026-10-08T21:12:02+00:00
2026-10-06T11:00:00+00:00,welcome_island,72,12.42,150,-6.210,40.23,15.80,151,-7.660,15.90,184.40,72.65,0,0,WELCOME ISLAND (AUT),0.0,2018-2025,2026-10-08T21:12:02+00:00
2026-10-06T12:00:00+00:00,welcome_island,72,12.96,150,-6.479,28.35,16.30,158,-6.106,15.90,176.03,72.65,0,0,WELCOME ISLAND (AUT),0.0,2018-2025,2026-10-08T21:12:02+00:00
2026-10-06T13:00:00+00:00,welcome_island,72,9.72,160,-3.324,19.44,14.90,162,-4.604,15.90,166.85,72.65,0,0,WELCOME ISLAND (AUT),0.0,2018-2025,2026-10-08T21:12:02+00:00
2026-10-06T14:00:00+00:00,welcome_island,72,7.02,170,-1.219,12.96,15.40,170,-2.674,15.90,157.67,72.65,0,0,WELCOME ISLAND (AUT),0.0,2018-2025,2026-10-08T21:12:02+00:00
2026-10-06T15:00:00+00:00,welcome_island,72,4.32,200,1.477,8.37,14.60,184,1.018,15.90,152.81,72.65,0,0,WELCOME ISLAND (AUT),0.0,2018-2025,2026-10-08T21:12:02+00:00
2026-10-06T16:00:00+00:00,welcome_island,72,4.86,210,2.430,4.32,15.70,192,3.264,15.90,140.93,72.65,0,0,WELCOME ISLAND (AUT),0.0,2018-2025,2026-10-08T21:12:02+00:00
2026-10-06T17:00:00+00:00,welcome_island,72,8.64,210,4.320,1.08,16.10,200,5.507,15.90,120.14,72.65,0,0,WELCOME ISLAND (AUT),0.0,2018-2025,2026-10-08T21:12:02+00:00
2026-10-06T18:00:00+00:00,welcome_island,72,10.26,200,3.509,0.00,18.10,197,5.292,15.90,103.67,72.65,0,0,WELCOME ISLAND (AUT),0.0,2018-2025,2026-10-08T21:12:02+00:00
2026-10-06T19:00:00+00:00,welcome_island,72,10.26,210,5.130,0.00,17.40,205,7.354,15.90,96.11,72.65,0,0,WELCOME ISLAND (AUT),0.0,2018-2025,2026-10-08T21:12:02+00:00
2026-10-06T20:00:00+00:00,welcome_island,72,11.88,210,5.940,0.00,13.40,210,6.700,13.45,96.11,72.65,0,0,WELCOME ISLAND (AUT),0.0,2018-2025,2026-10-08T21:12:02+00:00
2026-10-06T21:00:00+00:00,welcome_island,72,9.72,200,3.324,0.00,6.60,227,4.827,12.30,96.11,72.65,0,0,WELCOME ISLAND (AUT),0.0,2018-2025,2026-10-08T21:12:02+00:00
2026-10-06T22:00:00+00:00,welcome_island,72,10.26,210,5.130,0.00,7.10,287,6.790,15.50,96.11,72.65,0,0,WELCOME ISLAND (AUT),0.0,2018-2025,2026-10-08T21:12:02+00:00
2026-10-06T23:00:00+00:00,welcome_island,72,7.56,230,5.791,3.78,10.50,285,10.142,20.80,91.25,72.65,0,0,WELCOME ISLAND (AUT),0.0,2018-2025,2026-10-08T21:12:02+00:00
2026-10-07T00:00:00+00:00,welcome_island,72,8.10,280,7.976,11.61,4.40,283,4.287,26.40,81.80,74.33,0,0,WELCOME ISLAND (AUT),0.0,2018-2025,2026-10-08T21:12:02+00:00
2026-10-07T01:00:00+00:00,welcome_island,72,8.10,280,7.976,19.71,7.40,300,6.409,32.30,73.70,74.33,0,0,WELCOME ISLAND (AUT),0.0,2018-2025,2026-10-08T21:12:02+00:00
2026-10-07T02:00:00+00:00,welcome_island,72,5.94,300,5.144,26.73,8.10,291,7.562,40.05,68.03,74.33,0,0,WELCOME ISLAND (AUT),0.0,2018-2025,2026-10-08T21:12:02+00:00
2026-10-07T03:00:00+00:00,welcome_island,72,12.42,280,12.230,35.91,8.20,278,8.120,48.20,62.63,74.33,0,0,WELCOME ISLAND (AUT),0.0,2018-2025,2026-10-08T21:12:02+00:00
2026-10-07T04:00:00+00:00,welcome_island,72,10.26,270,10.259,47.25,9.10,272,9.094,56.85,56.16,74.33,0,0,WELCOME ISLAND (AUT),0.0,2018-2025,2026-10-08T21:12:02+00:00
2026-10-07T05:00:00+00:00,welcome_island,72,11.88,280,11.699,58.32,9.80,279,9.679,66.30,52.92,74.33,0,0,WELCOME ISLAND (AUT),0.0,2018-2025,2026-10-08T21:12:02+00:00
2026-10-07T06:00:00+00:00,welcome_island,72,11.88,290,11.163,70.19,8.40,285,8.114,75.40,51.30,74.33,0,0,WELCOME ISLAND (AUT),0.0,2018-2025,2026-10-08T21:12:02+00:00
2026-10-07T07:00:00+00:00,welcome_island,72,10.26,270,10.259,81.26,9.60,275,9.563,84.40,49.68,74.33,0,0,WELCOME ISLAND (AUT),0.0,2018-2025,2026-10-08T21:12:02+00:00
2026-10-07T08:00:00+00:00,welcome_island,72,14.04,290,13.192,93.41,11.70,281,11.485,95.05,52.92,74.33,0,0,WELCOME ISLAND (AUT),0.0,2018-2025,2026-10-08T21:12:02+00:00
2026-10-07T09:00:00+00:00,welcome_island,72,10.80,280,10.635,105.83,14.30,290,13.438,108.05,60.21,74.33,0,0,WELCOME ISLAND (AUT),0.0,2018-2025,2026-10-08T21:12:02+00:00
2026-10-07T10:00:00+00:00,welcome_island,72,12.42,290,11.670,117.44,15.60,297,13.900,123.00,71.81,74.33,0,0,WELCOME ISLAND (AUT),0.0,2018-2025,2026-10-08T21:12:02+00:00
2026-10-07T11:00:00+00:00,welcome_island,72,11.34,290,10.655,129.32,16.20,304,13.430,138.90,88.28,74.33,0,0,WELCOME ISLAND (AUT),0.0,2018-2025,2026-10-08T21:12:02+00:00
2026-10-07T12:00:00+00:00,welcome_island,72,9.72,290,9.133,139.85,10.30,290,9.679,152.15,103.94,74.33,0,0,WELCOME ISLAND (AUT),0.0,2018-2025,2026-10-08T21:12:02+00:00
2026-10-07T13:00:00+00:00,welcome_island,72,7.02,280,6.913,148.22,10.30,296,9.258,162.45,118.25,74.33,0,0,WELCOME ISLAND (AUT),0.0,2018-2025,2026-10-08T21:12:02+00:00
2026-10-07T14:00:00+00:00,welcome_island,72,7.56,270,7.559,155.51,8.80,298,7.770,172.00,136.61,74.33,0,0,WELCOME ISLAND (AUT),0.0,2018-2025,2026-10-08T21:12:02+00:00
2026-10-07T15:00:00+00:00,welcome_island,72,5.40,230,4.136,161.99,8.10,287,7.746,180.45,156.86,74.33,0,0,WELCOME ISLAND (AUT),0.0,2018-2025,2026-10-08T21:12:02+00:00
2026-10-07T16:00:00+00:00,welcome_island,72,9.72,300,8.417,169.55,6.20,272,6.196,187.60,176.84,74.33,0,0,WELCOME ISLAND (AUT),0.0,2018-2025,2026-10-08T21:12:02+00:00
2026-10-07T17:00:00+00:00,welcome_island,72,12.42,310,9.514,180.62,5.70,254,5.479,193.55,197.89,74.33,0,0,WELCOME ISLAND (AUT),0.0,2018-2025,2026-10-08T21:12:02+00:00
2026-10-07T18:00:00+00:00,welcome_island,72,8.64,280,8.508,191.14,6.90,260,6.795,199.85,218.68,74.33,0,0,WELCOME ISLAND (AUT),0.0,2018-2025,2026-10-08T21:12:02+00:00
2026-10-07T19:00:00+00:00,welcome_island,72,13.50,300,11.690,202.21,7.80,284,7.568,207.20,241.90,74.33,0,0,WELCOME ISLAND (AUT),0.0,2018-2025,2026-10-08T21:12:02+00:00
2026-10-07T20:00:00+00:00,welcome_island,72,24.30,310,18.613,221.11,10.50,298,9.271,216.35,267.55,74.33,0,0,WELCOME ISLAND (AUT),0.0,2018-2025,2026-10-08T21:12:02+00:00
2026-10-07T21:00:00+00:00,welcome_island,72,25.38,320,16.313,233.26,14.50,302,12.297,225.55,293.20,74.33,0,0,WELCOME ISLAND (AUT),0.0,2018-2025,2026-10-08T21:12:02+00:00
2026-10-07T22:00:00+00:00,welcome_island,72,16.74,310,12.823,241.63,13.70,300,11.865,232.80,317.22,74.33,0,0,WELCOME ISLAND (AUT),0.0,2018-2025,2026-10-08T21:12:02+00:00
2026-10-07T23:00:00+00:00,welcome_island,72,10.80,280,10.635,251.62,12.70,301,10.886,237.20,339.09,74.33,0,0,WELCOME ISLAND (AUT),0.0,2018-2025,2026-10-08T21:12:02+00:00
2026-10-08T00:00:00+00:00,welcome_island,72,11.34,280,11.167,254.86,14.80,305,12.123,243.50,349.89,78.50,0,0,WELCOME ISLAND (AUT),0.0,2018-2025,2026-10-08T21:12:02+00:00
2026-10-08T01:00:00+00:00,welcome_island,72,12.96,290,12.177,258.91,13.10,305,10.731,251.55,361.23,78.50,0,0,WELCOME ISLAND (AUT),0.0,2018-2025,2026-10-08T21:12:02+00:00
2026-10-08T02:00:00+00:00,welcome_island,72,11.34,320,7.289,258.37,14.70,316,10.211,250.35,382.29,78.50,0,0,WELCOME ISLAND (AUT),0.0,2018-2025,2026-10-08T21:12:02+00:00
2026-10-08T03:00:00+00:00,welcome_island,72,12.42,300,10.755,255.40,17.80,311,13.434,251.10,401.73,78.50,0,0,WELCOME ISLAND (AUT),0.0,2018-2025,2026-10-08T21:12:02+00:00
2026-10-08T04:00:00+00:00,welcome_island,72,9.72,280,9.572,255.13,15.50,316,10.767,251.35,420.90,78.50,0,0,WELCOME ISLAND (AUT),0.0,2018-2025,2026-10-08T21:12:02+00:00
2026-09-24T00:00:00+00:00,welcome_island,96,12.42,130,-9.514,26.46,8.20,128,-6.462,0.00,,58.64,0,0,WELCOME ISLAND (AUT),0.0,2018-2025,2026-10-08T21:12:02+00:00
2026-09-24T01:00:00+00:00,welcome_island,96,11.88,130,-9.100,26.46,10.00,134,-7.193,0.00,,58.64,0,0,WELCOME ISLAND (AUT),0.0,2018-2025,2026-10-08T21:12:02+00:00
2026-09-24T02:00:00+00:00,welcome_island,96,9.18,140,-5.900,26.46,9.90,130,-7.584,0.00,,58.64,0,0,WELCOME ISLAND (AUT),0.0,2018-2025,2026-10-08T21:12:02+00:00
2026-09-24T03:00:00+00:00,welcome_island,96,8.10,140,-5.206,26.46,8.90,128,-7.013,0.00,,58.64,0,0,WELCOME ISLAND (AUT),0.0,2018-2025,2026-10-08T21:12:02+00:00
2026-09-24T04:00:00+00:00,welcome_island,96,9.18,120,-7.949,26.46,6.70,134,-4.820,0.00,,58.64,0,0,WELCOME ISLAND (AUT),0.0,2018-2025,2026-10-08T21:12:02+00:00
2026-09-24T05:00:00+00:00,welcome_island,96,2.70,120,-2.338,26.46,4.70,145,-2.696,0.00,,58.64,0,0,WELCOME ISLAND (AUT),0.0,2018-2025,2026-10-08T21:12:02+00:00
2026-09-24T06:00:00+00:00,welcome_island,96,4.86,120,-4.209,26.46,6.40,166,-1.548,0.00,,58.64,0,0,WELCOME ISLAND (AUT),0.0,2018-2025,2026-10-08T21:12:02+00:00
2026-09-24T07:00:00+00:00,welcome_island,96,4.86,130,-3.723,26.46,7.60,179,-0.133,0.00,,58.64,0,0,WELCOME ISLAND (AUT),0.0,2018-2025,2026-10-08T21:12:02+00:00
2026-09-24T08:00:00+00:00,welcome_island,96,5.94,180,0.000,26.46,8.70,189,1.361,0.00,,58.64,0,0,WELCOME ISLAND (AUT),0.0,2018-2025,2026-10-08T21:12:02+00:00
2026-09-24T09:00:00+00:00,welcome_island,96,5.40,160,-1.847,25.11,9.00,193,2.025,0.00,,58.64,0,0,WELCOME ISLAND (AUT),0.0,2018-2025,2026-10-08T21:12:02+00:00
2026-09-24T10:00:00+00:00,welcome_island,96,4.32,190,0.750,21.33,9.40,202,3.521,0.00,,58.64,0,0,WELCOME ISLAND (AUT),0.0,2018-2025,2026-10-08T21:12:02+00:00
2026-09-24T11:00:00+00:00,welcome_island,96,5.40,190,0.938,15.93,8.60,198,2.658,0.00,,58.64,0,0,WELCOME ISLAND (AUT),0.0,2018-2025,2026-10-08T21:12:02+00:00
2026-09-24T12:00:00+00:00,welcome_island,96,4.32,170,-0.750,10.80,7.70,205,3.254,0.00,,58.64,0,0,WELCOME ISLAND (AUT),0.0,2018-2025,2026-10-08T21:12:02+00:00
2026-09-24T13:00:00+00:00,welcome_island,96,4.86,160,-1.662,6.75,8.50,189,1.330,0.00,,58.64,0,0,WELCOME ISLAND (AUT),0.0,2018-2025,2026-10-08T21:12:02+00:00
2026-09-24T14:00:00+00:00,welcome_island,96,3.78,170,-0.656,2.43,7.70,196,2.122,0.00,,58.64,0,0,WELCOME ISLAND (AUT),0.0,2018-2025,2026-10-08T21:12:02+00:00
2026-09-24T15:00:00+00:00,welcome_island,96,5.94,150,-2.970,0.00,9.90,183,0.518,0.00,,58.64,0,0,WELCOME ISLAND (AUT),0.0,2018-2025,2026-10-08T21:12:02+00:00
2026-09-24T16:00:00+00:00,welcome_island,96,6.48,210,3.240,0.00,8.80,193,1.980,0.00,,58.64,0,0,WELCOME ISLAND (AUT),0.0,2018-2025,2026-10-08T21:12:02+00:00
2026-09-24T17:00:00+00:00,welcome_island,96,5.94,210,2.970,0.00,8.60,188,1.197,0.00,,58.64,0,0,WELCOME ISLAND (AUT),0.0,2018-2025,2026-10-08T21:12:02+00:00
2026-09-24T18:00:00+00:00,welcome_island,96,5.40,210,2.700,0.00,9.70,195,2.511,0.00,,58.64,0,0,WELCOME ISLAND (AUT),0.0,2018-2025,2026-10-08T21:12:02+00:00
2026-09-24T19:00:00+00:00,welcome_island,96,7.02,200,2.401,0.00,8.30,205,3.508,0.00,,58.64,0,0,WELCOME ISLAND (AUT),0.0,2018-2025,2026-10-08T21:12:02+00:00
2026-09-24T20:00:00+00:00,welcome_island,96,4.86,200,1.662,0.00,9.50,191,1.813,0.00,,58.64,0,0,WELCOME ISLAND (AUT),0.0,2018-2025,2026-10-08T21:12:02+00:00
2026-09-24T21:00:00+00:00,welcome_island,96,4.32,220,2.777,0.00,9.70,181,0.169,0.00,,58.64,0,0,WELCOME ISLAND (AUT),0.0,2018-2025,2026-10-08T21:12:02+00:00
2026-09-24T22:00:00+00:00,welcome_island,96,2.16,180,0.000,0.00,10.50,185,0.915,0.00,,58.64,0,0,WELCOME ISLAND (AUT),0.0,2018-2025,2026-10-08T21:12:02+00:00
2026-09-24T23:00:00+00:00,welcome_island,96,5.94,130,-4.550,0.00,9.20,192,1.913,0.00,,58.64,0,0,WELCOME ISLAND (AUT),0.0,2018-2025,2026-10-08T21:12:02+00:00
2026-09-25T00:00:00+00:00,welcome_island,96,0.00,,0.000,0.00,5.80,184,0.405,0.00,,59.07,0,0,WELCOME ISLAND (AUT),0.0,2018-2025,2026-10-08T21:12:02+00:00
2026-09-25T01:00:00+00:00,welcome_island,96,1.62,120,-1.403,0.00,5.60,194,1.355,0.00,,59.07,0,0,WELCOME ISLAND (AUT),0.0,2018-2025,2026-10-08T21:12:02+00:00
2026-09-25T02:00:00+00:00,welcome_island,96,2.70,110,-2.537,0.00,5.30,204,2.156,0.00,,59.07,0,0,WELCOME ISLAND (AUT),0.0,2018-2025,2026-10-08T21:12:02+00:00
2026-09-25T03:00:00+00:00,welcome_island,96,0.00,,0.000,0.00,4.90,203,1.915,0.00,,59.07,0,0,WELCOME ISLAND (AUT),0.0,2018-2025,2026-10-08T21:12:02+00:00
2026-09-25T04:00:00+00:00,welcome_island,96,2.16,180,0.000,0.00,4.40,221,2.887,0.00,,59.07,0,0,WELCOME ISLAND (AUT),0.0,2018-2025,2026-10-08T21:12:02+00:00
2026-09-25T05:00:00+00:00,welcome_island,96,0.00,,0.000,0.00,4.40,229,3.321,2.20,,59.07,0,0,WELCOME ISLAND (AUT),0.0,2018-2025,2026-10-08T21:12:02+00:00
2026-09-25T06:00:00+00:00,welcome_island,96,1.62,50,-1.241,0.00,4.00,227,2.925,6.40,,59.07,0,0,WELCOME ISLAND (AUT),0.0,2018-2025,2026-10-08T21:12:02+00:00
2026-09-25T07:00:00+00:00,welcome_island,96,1.62,40,-1.041,0.00,3.70,227,2.706,10.25,,59.07,0,0,WELCOME ISLAND (AUT),0.0,2018-2025,2026-10-08T21:12:02+00:00
2026-09-25T08:00:00+00:00,welcome_island,96,0.00,,0.000,0.00,4.00,231,3.109,14.10,,59.07,0,0,WELCOME ISLAND (AUT),0.0,2018-2025,2026-10-08T21:12:02+00:00
2026-09-25T09:00:00+00:00,welcome_island,96,0.00,,0.000,0.00,1.80,264,1.790,17.00,,59.07,0,0,WELCOME ISLAND (AUT),0.0,2018-2025,2026-10-08T21:12:02+00:00
2026-09-25T10:00:00+00:00,welcome_island,96,2.16,240,1.870,1.08,1.00,349,0.191,17.90,,59.07,0,0,WELCOME ISLAND (AUT),0.0,2018-2025,2026-10-08T21:12:02+00:00
2026-09-25T11:00:00+00:00,welcome_island,96,4.86,190,0.844,2.16,0.40,153,-0.182,17.90,,59.07,0,0,WELCOME ISLAND (AUT),0.0,2018-2025,2026-10-08T21:12:02+00:00
2026-09-25T12:00:00+00:00,welcome_island,96,2.70,210,1.350,2.16,1.20,198,0.371,17.90,,59.07,0,0,WELCOME ISLAND (AUT),0.0,2018-2025,2026-10-08T21:12:02+00:00
2026-09-25T13:00:00+00:00,welcome_island,96,4.32,220,2.777,2.16,0.40,207,0.182,17.90,,59.07,0,0,WELCOME ISLAND (AUT),0.0,2018-2025,2026-10-08T21:12:02+00:00
2026-09-25T14:00:00+00:00,welcome_island,96,6.48,220,4.165,2.16,1.40,214,0.783,17.90,,59.07,0,0,WELCOME ISLAND (AUT),0.0,2018-2025,2026-10-08T21:12:02+00:00
2026-09-25T15:00:00+00:00,welcome_island,96,4.86,220,3.124,2.16,2.90,180,0.000,17.90,,59.07,0,0,WELCOME ISLAND (AUT),0.0,2018-2025,2026-10-08T21:12:02+00:00
2026-09-25T16:00:00+00:00,welcome_island,96,3.24,310,2.482,3.78,4.70,180,0.000,17.90,,59.07,0,0,WELCOME ISLAND (AUT),0.0,2018-2025,2026-10-08T21:12:02+00:00
2026-09-25T17:00:00+00:00,welcome_island,96,0.00,,0.000,5.40,5.40,180,0.000,17.90,,59.07,0,0,WELCOME ISLAND (AUT),0.0,2018-2025,2026-10-08T21:12:02+00:00
2026-09-25T18:00:00+00:00,welcome_island,96,7.02,210,3.510,5.40,8.00,181,0.140,17.90,,59.07,0,0,WELCOME ISLAND (AUT),0.0,2018-2025,2026-10-08T21:12:02+00:00
2026-09-25T19:00:00+00:00,welcome_island,96,7.56,210,3.780,5.40,8.70,179,-0.152,17.90,,59.07,0,0,WELCOME ISLAND (AUT),0.0,2018-2025,2026-10-08T21:12:02+00:00
2026-09-25T20:00:00+00:00,welcome_island,96,5.94,210,2.970,5.40,9.10,181,0.159,17.90,,59.07,0,0,WELCOME ISLAND (AUT),0.0,2018-2025,2026-10-08T21:12:02+00:00
2026-09-25T21:00:00+00:00,welcome_island,96,5.40,200,1.847,5.40,8.40,184,0.586,17.90,,59.07,0,0,WELCOME ISLAND (AUT),0.0,2018-2025,2026-10-08T21:12:02+00:00
2026-09-25T22:00:00+00:00,welcome_island,96,3.24,150,-1.620,5.40,6.70,173,-0.817,17.90,,59.07,0,0,WELCOME ISLAND (AUT),0.0,2018-2025,2026-10-08T21:12:02+00:00
2026-09-25T23:00:00+00:00,welcome_island,96,1.62,140,-1.041,5.40,5.80,166,-1.403,17.90,,59.07,0,0,WELCOME ISLAND (AUT),0.0,2018-2025,2026-10-08T21:12:02+00:00
2026-09-26T00:00:00+00:00,welcome_island,96,3.78,200,1.293,5.40,5.30,161,-1.726,17.90,,56.37,0,0,WELCOME ISLAND (AUT),0.0,2018-2025,2026-10-08T21:12:02+00:00
2026-09-26T01:00:00+00:00,welcome_island,96,1.62,220,1.041,5.40,5.00,144,-2.939,17.90,,56.37,0,0,WELCOME ISLAND (AUT),0.0,2018-2025,2026-10-08T21:12:02+00:00
2026-09-26T02:00:00+00:00,welcome_island,96,5.40,70,-5.074,5.40,5.90,122,-5.003,17.90,,56.37,0,0,WELCOME ISLAND (AUT),0.0,2018-2025,2026-10-08T21:12:02+00:00
2026-09-26T03:00:00+00:00,welcome_island,96,7.02,170,-1.219,5.40,5.20,117,-4.633,17.90,,56.37,0,0,WELCOME ISLAND (AUT),0.0,2018-2025,2026-10-08T21:12:02+00:00
2026-09-26T04:00:00+00:00,welcome_island,96,7.02,140,-4.512,5.40,5.40,116,-4.853,17.90,,56.37,0,0,WELCOME ISLAND (AUT),0.0,2018-2025,2026-10-08T21:12:02+00:00
2026-09-26T05:00:00+00:00,welcome_island,96,7.02,160,-2.401,5.40,4.70,99,-4.642,15.70,0.00,56.37,0,0,WELCOME ISLAND (AUT),0.0,2018-2025,2026-10-08T21:12:02+00:00
2026-09-26T06:00:00+00:00,welcome_island,96,3.24,10,-0.563,5.40,8.00,84,-7.956,11.50,5.40,56.37,0,0,WELCOME ISLAND (AUT),0.0,2018-2025,2026-10-08T21:12:02+00:00
2026-09-26T07:00:00+00:00,welcome_island,96,4.86,30,-2.430,5.40,8.40,89,-8.399,7.65,12.15,56.37,0,0,WELCOME ISLAND (AUT),0.0,2018-2025,2026-10-08T21:12:02+00:00
2026-09-26T08:00:00+00:00,welcome_island,96,7.56,70,-7.104,5.40,7.60,91,-7.599,3.80,19.98,56.37,0,0,WELCOME ISLAND (AUT),0.0,2018-2025,2026-10-08T21:12:02+00:00
2026-09-26T09:00:00+00:00,welcome_island,96,6.48,70,-6.089,5.40,6.60,104,-6.404,0.90,28.89,56.37,0,0,WELCOME ISLAND (AUT),0.0,2018-2025,2026-10-08T21:12:02+00:00
2026-09-26T10:00:00+00:00,welcome_island,96,5.40,70,-5.074,4.32,5.40,128,-4.255,0.00,37.53,56.37,0,0,WELCOME ISLAND (AUT),0.0,2018-2025,2026-10-08T21:12:02+00:00
2026-09-26T11:00:00+00:00,welcome_island,96,3.24,60,-2.806,3.24,5.90,148,-3.127,0.00,45.90,56.37,0,0,WELCOME ISLAND (AUT),0.0,2018-2025,2026-10-08T21:12:02+00:00
2026-09-26T12:00:00+00:00,welcome_island,96,7.02,60,-6.079,3.24,7.40,92,-7.395,0.00,54.27,56.37,0,0,WELCOME ISLAND (AUT),0.0,2018-2025,2026-10-08T21:12:02+00:00
2026-09-26T13:00:00+00:00,welcome_island,96,4.32,70,-4.059,3.24,5.90,99,-5.827,0.00,62.37,56.37,0,0,WELCOME ISLAND (AUT),0.0,2018-2025,2026-10-08T21:12:02+00:00
2026-09-26T14:00:00+00:00,welcome_island,96,10.80,70,-10.148,3.24,4.10,115,-3.716,0.00,69.92,56.37,0,0,WELCOME ISLAND (AUT),0.0,2018-2025,2026-10-08T21:12:02+00:00
2026-09-26T15:00:00+00:00,welcome_island,96,7.02,70,-6.596,3.24,3.90,127,-3.115,0.00,73.43,56.37,0,0,WELCOME ISLAND (AUT),0.0,2018-2025,2026-10-08T21:12:02+00:00
2026-09-26T16:00:00+00:00,welcome_island,96,6.48,120,-5.611,1.62,4.70,132,-3.493,0.00,73.43,56.37,0,0,WELCOME ISLAND (AUT),0.0,2018-2025,2026-10-08T21:12:02+00:00
2026-09-26T17:00:00+00:00,welcome_island,96,8.10,140,-5.206,0.00,4.10,135,-2.899,0.00,73.43,56.37,0,0,WELCOME ISLAND (AUT),0.0,2018-2025,2026-10-08T21:12:02+00:00
2026-09-26T18:00:00+00:00,welcome_island,96,7.56,120,-6.547,0.00,6.50,113,-5.983,0.00,73.43,56.37,0,0,WELCOME ISLAND (AUT),0.0,2018-2025,2026-10-08T21:12:02+00:00
2026-09-26T19:00:00+00:00,welcome_island,96,11.34,140,-7.289,0.00,7.60,108,-7.228,0.00,73.43,56.37,0,0,WELCOME ISLAND (AUT),0.0,2018-2025,2026-10-08T21:12:02+00:00
2026-09-26T20:00:00+00:00,welcome_island,96,4.86,100,-4.786,0.00,8.90,105,-8.597,0.00,73.43,56.37,0,0,WELCOME ISLAND (AUT),0.0,2018-2025,2026-10-08T21:12:02+00:00
2026-09-26T21:00:00+00:00,welcome_island,96,6.48,130,-4.964,0.00,9.30,106,-8.940,0.00,73.43,56.37,0,0,WELCOME ISLAND (AUT),0.0,2018-2025,2026-10-08T21:12:02+00:00
2026-09-26T22:00:00+00:00,welcome_island,96,7.56,130,-5.791,0.00,8.30,99,-8.198,0.00,73.43,56.37,0,0,WELCOME ISLAND (AUT),0.0,2018-2025,2026-10-08T21:12:02+00:00
2026-09-26T23:00:00+00:00,welcome_island,96,7.56,120,-6.547,0.00,7.80,91,-7.799,0.00,73.43,56.37,0,0,WELCOME ISLAND (AUT),0.0,2018-2025,2026-10-08T21:12:02+00:00
2026-09-27T00:00:00+00:00,welcome_island,96,6.48,80,-6.381,0.00,8.10,100,-7.977,0.00,73.43,58.11,0,0,WELCOME ISLAND (AUT),0.0,2018-2025,2026-10-08T21:12:02+00:00
2026-09-27T01:00:00+00:00,welcome_island,96,9.18,80,-9.040,0.00,7.60,97,-7.543,0.00,73.43,58.11,0,0,WELCOME ISLAND (AUT),0.0,2018-2025,2026-10-08T21:12:02+00:00
2026-09-27T02:00:00+00:00,welcome_island,96,8.10,80,-7.976,0.00,7.60,91,-7.599,0.00,73.43,58.11,0,0,WELCOME ISLAND (AUT),0.0,2018-2025,2026-10-08T21:12:02+00:00
2026-09-27T03:00:00+00:00,welcome_island,96,10.26,100,-10.103,0.00,5.30,80,-5.219,0.00,73.43,58.11,0,0,WELCOME ISLAND (AUT),0.0,2018-2025,2026-10-08T21:12:02+00:00
2026-09-27T04:00:00+00:00,welcome_island,96,2.70,120,-2.338,0.00,5.70,66,-5.207,0.00,73.43,58.11,0,0,WELCOME ISLAND (AUT),0.0,2018-2025,2026-10-08T21:12:02+00:00
2026-09-27T05:00:00+00:00,welcome_island,96,6.48,140,-4.165,0.00,6.30,64,-5.662,0.00,73.43,58.11,0,0,WELCOME ISLAND (AUT),0.0,2018-2025,2026-10-08T21:12:02+00:00
2026-09-27T06:00:00+00:00,welcome_island,96,4.86,150,-2.430,0.00,5.20,75,-5.023,0.00,68.03,58.11,0,0,WELCOME ISLAND (AUT),0.0,2018-2025,2026-10-08T21:12:02+00:00
2026-09-27T07:00:00+00:00,welcome_island,96,4.86,200,1.662,0.00,3.50,109,-3.309,0.00,61.29,58.11,0,0,WELCOME ISLAND (AUT),0.0,2018-2025,2026-10-08T21:12:02+00:00
2026-09-27T08:00:00+00:00,welcome_island,96,5.40,190,0.938,0.00,2.30,156,-0.935,0.00,53.46,58.11,0,0,WELCOME ISLAND (AUT),0.0,2018-2025,2026-10-08T21:12:02+00:00
2026-09-27T09:00:00+00:00,welcome_island,96,5.40,190,0.938,0.00,2.20,207,0.999,0.00,45.90,58.11,0,0,WELCOME ISLAND (AUT),0.0,2018-2025,2026-10-08T21:12:02+00:00
2026-09-27T10:00:00+00:00,welcome_island,96,2.70,210,1.350,0.00,2.60,228,1.932,1.30,41.04,58.11,0,0,WELCOME ISLAND (AUT),0.0,2018-2025,2026-10-08T21:12:02+00:00
2026-09-27T11:00:00+00:00,welcome_island,96,3.24,210,1.620,0.00,4.70,204,1.912,2.60,38.07,58.11,0,0,WELCOME ISLAND (AUT),0.0,2018-2025,2026-10-08T21:12:02+00:00
2026-09-27T12:00:00+00:00,welcome_island,96,5.94,210,2.970,0.00,6.00,195,1.553,2.60,34.83,58.11,0,0,WELCOME ISLAND (AUT),0.0,2018-2025,2026-10-08T21:12:02+00:00
2026-09-27T13:00:00+00:00,welcome_island,96,5.40,210,2.700,0.00,8.00,198,2.472,2.60,30.78,58.11,0,0,WELCOME ISLAND (AUT),0.0,2018-2025,2026-10-08T21:12:02+00:00
2026-09-27T14:00:00+00:00,welcome_island,96,9.18,210,4.590,0.00,8.50,200,2.907,2.60,27.54,58.11,0,0,WELCOME ISLAND (AUT),0.0,2018-2025,2026-10-08T21:12:02+00:00
2026-09-27T15:00:00+00:00,welcome_island,96,5.94,210,2.970,0.00,9.20,201,3.297,2.60,26.46,58.11,0,0,WELCOME ISLAND (AUT),0.0,2018-2025,2026-10-08T21:12:02+00:00
2026-09-27T16:00:00+00:00,welcome_island,96,4.86,210,2.430,0.00,9.50,195,2.459,2.60,26.46,58.11,0,0,WELCOME ISLAND (AUT),0.0,2018-2025,2026-10-08T21:12:02+00:00
2026-09-27T17:00:00+00:00,welcome_island,96,6.48,210,3.240,0.00,10.50,195,2.718,2.60,26.46,58.11,0,0,WELCOME ISLAND (AUT),0.0,2018-2025,2026-10-08T21:12:02+00:00
2026-09-27T18:00:00+00:00,welcome_island,96,7.56,200,2.585,0.00,9.50,191,1.813,2.60,26.46,58.11,0,0,WELCOME ISLAND (AUT),0.0,2018-2025,2026-10-08T21:12:02+00:00
2026-09-27T19:00:00+00:00,welcome_island,96,7.02,210,3.510,0.00,10.60,187,1.292,2.60,26.46,58.11,0,0,WELCOME ISLAND (AUT),0.0,2018-2025,2026-10-08T21:12:02+00:00
2026-09-27T20:00:00+00:00,welcome_island,96,8.64,210,4.320,0.00,9.80,194,2.371,2.60,26.46,58.11,0,0,WELCOME ISLAND (AUT),0.0,2018-2025,2026-10-08T21:12:02+00:00
2026-09-27T21:00:00+00:00,welcome_island,96,8.64,210,4.320,0.00,8.70,190,1.511,2.60,26.46,58.11,0,0,WELCOME ISLAND (AUT),0.0,2018-2025,2026-10-08T21:12:02+00:00
2026-09-27T22:00:00+00:00,welcome_island,96,8.64,220,5.553,0.00,9.50,182,0.332,2.60,26.46,58.11,0,0,WELCOME ISLAND (AUT),0.0,2018-2025,2026-10-08T21:12:02+00:00
2026-09-27T23:00:00+00:00,welcome_island,96,9.18,220,5.900,0.00,9.20,186,0.962,2.60,26.46,58.11,0,0,WELCOME ISLAND (AUT),0.0,2018-2025,2026-10-08T21:12:02+00:00
2026-09-28T00:00:00+00:00,welcome_island,96,10.26,220,6.594,0.00,6.30,187,0.768,2.60,26.46,62.75,0,0,WELCOME ISLAND (AUT),0.0,2018-2025,2026-10-08T21:12:02+00:00
2026-09-28T01:00:00+00:00,welcome_island,96,6.48,240,5.611,3.24,4.90,178,-0.171,2.60,26.46,62.75,0,0,WELCOME ISLAND (AUT),0.0,2018-2025,2026-10-08T21:12:02+00:00
2026-09-28T02:00:00+00:00,welcome_island,96,4.32,320,2.777,6.48,5.50,174,-0.575,2.60,26.46,62.75,0,0,WELCOME ISLAND (AUT),0.0,2018-2025,2026-10-08T21:12:02+00:00
2026-09-28T03:00:00+00:00,welcome_island,96,4.86,300,4.209,8.91,5.60,182,0.195,2.60,26.46,62.75,0,0,WELCOME ISLAND (AUT),0.0,2018-2025,2026-10-08T21:12:02+00:00
2026-09-28T04:00:00+00:00,welcome_island,96,6.48,300,5.611,14.58,3.90,213,2.124,2.60,26.46,62.75,0,0,WELCOME ISLAND (AUT),0.0,2018-2025,2026-10-08T21:12:02+00:00
2026-09-28T05:00:00+00:00,welcome_island,96,5.94,300,5.144,20.79,2.80,245,2.538,4.00,26.46,62.75,0,0,WELCOME ISLAND (AUT),0.0,2018-2025,2026-10-08T21:12:02+00:00
2026-09-28T06:00:00+00:00,welcome_island,96,7.02,300,6.079,27.27,5.00,206,2.192,5.40,26.46,62.75,0,0,WELCOME ISLAND (AUT),0.0,2018-2025,2026-10-08T21:12:02+00:00
2026-09-28T07:00:00+00:00,welcome_island,96,8.64,310,6.618,35.10,3.60,202,1.349,5.40,26.46,62.75,0,0,WELCOME ISLAND (AUT),0.0,2018-2025,2026-10-08T21:12:02+00:00
2026-09-28T08:00:00+00:00,welcome_island,96,9.72,300,8.417,44.28,2.80,196,0.772,5.40,26.46,62.75,0,0,WELCOME ISLAND (AUT),0.0,2018-2025,2026-10-08T21:12:02+00:00
2026-09-28T09:00:00+00:00,welcome_island,96,8.64,300,7.482,53.46,1.90,204,0.773,5.40,25.11,62.75,0,0,WELCOME ISLAND (AUT),0.0,2018-2025,2026-10-08T21:12:02+00:00
2026-09-28T10:00:00+00:00,welcome_island,96,9.18,310,7.032,62.37,1.30,153,-0.590,4.10,21.33,62.75,0,0,WELCOME ISLAND (AUT),0.0,2018-2025,2026-10-08T21:12:02+00:00
2026-09-28T11:00:00+00:00,welcome_island,96,6.48,280,6.381,70.19,1.00,127,-0.799,2.80,15.93,62.75,0,0,WELCOME ISLAND (AUT),0.0,2018-2025,2026-10-08T21:12:02+00:00
2026-09-28T12:00:00+00:00,welcome_island,96,7.56,290,7.104,77.21,3.20,128,-2.522,2.80,10.80,62.75,0,0,WELCOME ISLAND (AUT),0.0,2018-2025,2026-10-08T21:12:02+00:00
2026-09-28T13:00:00+00:00,welcome_island,96,4.86,290,4.567,83.42,0.40,333,0.182,2.80,6.75,62.75,0,0,WELCOME ISLAND (AUT),0.0,2018-2025,2026-10-08T21:12:02+00:00
2026-09-28T14:00:00+00:00,welcome_island,96,3.78,300,3.273,87.74,1.50,113,-1.381,2.80,2.43,62.75,0,0,WELCOME ISLAND (AUT),0.0,2018-2025,2026-10-08T21:12:02+00:00
2026-09-28T15:00:00+00:00,welcome_island,96,4.32,280,4.254,91.79,2.70,111,-2.521,2.80,0.00,62.75,0,0,WELCOME ISLAND (AUT),0.0,2018-2025,2026-10-08T21:12:02+00:00
2026-09-28T16:00:00+00:00,welcome_island,96,1.62,340,0.554,93.95,4.10,139,-2.690,2.80,0.00,62.75,0,0,WELCOME ISLAND (AUT),0.0,2018-2025,2026-10-08T21:12:02+00:00
2026-09-28T17:00:00+00:00,welcome_island,96,3.24,140,-2.082,93.95,3.80,165,-0.984,2.80,0.00,62.75,0,0,WELCOME ISLAND (AUT),0.0,2018-2025,2026-10-08T21:12:02+00:00
2026-09-28T18:00:00+00:00,welcome_island,96,0.00,,0.000,93.95,3.10,173,-0.378,2.80,0.00,62.75,0,0,WELCOME ISLAND (AUT),0.0,2018-2025,2026-10-08T21:12:02+00:00
2026-09-28T19:00:00+00:00,welcome_island,96,5.40,150,-2.700,93.95,4.30,150,-2.150,2.80,0.00,62.75,0,0,WELCOME ISLAND (AUT),0.0,2018-2025,2026-10-08T21:12:02+00:00
2026-09-28T20:00:00+00:00,welcome_island,96,4.32,160,-1.477,93.95,5.90,146,-3.299,2.80,0.00,62.75,0,0,WELCOME ISLAND (AUT),0.0,2018-2025,2026-10-08T21:12:02+00:00
2026-09-28T21:00:00+00:00,welcome_island,96,7.02,160,-2.401,93.95,4.60,160,-1.573,2.80,0.00,62.75,0,0,WELCOME ISLAND (AUT),0.0,2018-2025,2026-10-08T21:12:02+00:00
2026-09-28T22:00:00+00:00,welcome_island,96,6.48,160,-2.216,93.95,7.20,156,-2.929,2.80,0.00,62.75,0,0,WELCOME ISLAND (AUT),0.0,2018-2025,2026-10-08T21:12:02+00:00
2026-09-28T23:00:00+00:00,welcome_island,96,7.02,170,-1.219,93.95,7.00,144,-4.114,2.80,0.00,62.75,0,0,WELCOME ISLAND (AUT),0.0,2018-2025,2026-10-08T21:12:02+00:00
2026-09-29T00:00:00+00:00,welcome_island,96,5.94,160,-2.031,93.95,7.90,126,-6.391,2.80,0.00,65.18,0,0,WELCOME ISLAND (AUT),0.0,2018-2025,2026-10-08T21:12:02+00:00
2026-09-29T01:00:00+00:00,welcome_island,96,2.70,100,-2.659,90.71,5.40,105,-5.216,2.80,0.00,65.18,0,0,WELCOME ISLAND (AUT),0.0,2018-2025,2026-10-08T21:12:02+00:00
2026-09-29T02:00:00+00:00,welcome_island,96,5.40,150,-2.700,87.47,4.80,69,-4.481,2.80,0.00,65.18,0,0,WELCOME ISLAND (AUT),0.0,2018-2025,2026-10-08T21:12:02+00:00
2026-09-29T03:00:00+00:00,welcome_island,96,4.86,100,-4.786,85.04,6.30,50,-4.826,2.80,0.00,65.18,0,0,WELCOME ISLAND (AUT),0.0,2018-2025,2026-10-08T21:12:02+00:00
2026-09-29T04:00:00+00:00,welcome_island,96,3.78,140,-2.430,79.37,4.80,58,-4.071,2.80,0.00,65.18,0,0,WELCOME ISLAND (AUT),0.0,2018-2025,2026-10-08T21:12:02+00:00
2026-09-29T05:00:00+00:00,welcome_island,96,0.00,,0.000,73.16,3.70,108,-3.519,1.40,0.00,65.18,0,0,WELCOME ISLAND (AUT),0.0,2018-2025,2026-10-08T21:12:02+00:00
2026-09-29T06:00:00+00:00,welcome_island,96,0.00,,0.000,66.68,4.00,157,-1.563,0.00,0.00,65.18,0,0,WELCOME ISLAND (AUT),0.0,2018-2025,2026-10-08T21:12:02+00:00
2026-09-29T07:00:00+00:00,welcome_island,96,0.00,,0.000,58.86,7.60,179,-0.133,0.00,0.00,65.18,0,0,WELCOME ISLAND (AUT),0.0,2018-2025,2026-10-08T21:12:02+00:00
2026-09-29T08:00:00+00:00,welcome_island,96,7.02,100,-6.913,49.68,9.40,187,1.146,0.00,0.00,65.18,0,0,WELCOME ISLAND (AUT),0.0,2018-2025,2026-10-08T21:12:02+00:00
2026-09-29T09:00:00+00:00,welcome_island,96,4.86,110,-4.567,40.50,10.70,205,4.522,0.00,0.00,65.18,0,0,WELCOME ISLAND (AUT),0.0,2018-2025,2026-10-08T21:12:02+00:00
2026-09-29T10:00:00+00:00,welcome_island,96,10.26,160,-3.509,31.59,11.10,209,5.381,0.00,1.08,65.18,0,0,WELCOME ISLAND (AUT),0.0,2018-2025,2026-10-08T21:12:02+00:00
2026-09-29T11:00:00+00:00,welcome_island,96,3.24,190,0.563,23.76,9.80,198,3.028,0.00,2.16,65.18,0,0,WELCOME ISLAND (AUT),0.0,2018-2025,2026-10-08T21:12:02+00:00
2026-09-29T12:00:00+00:00,welcome_island,96,4.86,190,0.844,16.74,8.40,202,3.147,0.00,2.16,65.18,0,0,WELCOME ISLAND (AUT),0.0,2018-2025,2026-10-08T21:12:02+00:00
2026-09-29T13:00:00+00:00,welcome_island,96,3.78,200,1.293,10.53,9.30,203,3.634,0.00,2.16,65.18,0,0,WELCOME ISLAND (AUT),0.0,2018-2025,2026-10-08T21:12:02+00:00
2026-09-29T14:00:00+00:00,welcome_island,96,3.78,210,1.890,6.21,8.40,198,2.596,0.00,2.16,65.18,0,0,WELCOME ISLAND (AUT),0.0,2018-2025,2026-10-08T21:12:02+00:00
2026-09-29T15:00:00+00:00,welcome_island,96,0.00,,0.000,2.16,10.90,197,3.187,0.00,2.16,65.18,0,0,WELCOME ISLAND (AUT),0.0,2018-2025,2026-10-08T21:12:02+00:00
2026-09-29T16:00:00+00:00,welcome_island,96,7.02,200,2.401,0.00,9.60,193,2.160,0.00,3.78,65.18,0,0,WELCOME ISLAND (AUT),0.0,2018-2025,2026-10-08T21:12:02+00:00
2026-09-29T17:00:00+00:00,welcome_island,96,8.10,190,1.406,0.00,8.90,199,2.898,0.00,5.40,65.18,0,0,WELCOME ISLAND (AUT),0.0,2018-2025,2026-10-08T21:12:02+00:00
2026-09-29T18:00:00+00:00,welcome_island,96,10.26,200,3.509,0.00,9.70,209,4.703,0.00,5.40,65.18,0,0,WELCOME ISLAND (AUT),0.0,2018-2025,2026-10-08T21:12:02+00:00
2026-09-29T19:00:00+00:00,welcome_island,96,8.64,200,2.955,0.00,11.40,194,2.758,0.00,5.40,65.18,0,0,WELCOME ISLAND (AUT),0.0,2018-2025,2026-10-08T21:12:02+00:00
2026-09-29T20:00:00+00:00,welcome_island,96,7.02,210,3.510,0.00,12.30,195,3.183,0.00,5.40,65.18,0,0,WELCOME ISLAND (AUT),0.0,2018-2025,2026-10-08T21:12:02+00:00
2026-09-29T21:00:00+00:00,welcome_island,96,6.48,200,2.216,0.00,11.60,200,3.967,0.00,5.40,65.18,0,0,WELCOME ISLAND (AUT),0.0,2018-2025,2026-10-08T21:12:02+00:00
2026-09-29T22:00:00+00:00,welcome_island,96,6.48,200,2.216,0.00,12.80,200,4.378,0.00,5.40,65.18,0,0,WELCOME ISLAND (AUT),0.0,2018-2025,2026-10-08T21:12:02+00:00
2026-09-29T23:00:00+00:00,welcome_island,96,9.18,200,3.139,0.00,12.40,205,5.240,0.00,5.40,65.18,0,0,WELCOME ISLAND (AUT),0.0,2018-2025,2026-10-08T21:12:02+00:00
2026-09-30T00:00:00+00:00,welcome_island,96,5.94,200,2.031,0.00,13.60,214,7.605,0.00,5.40,67.33,0,0,WELCOME ISLAND (AUT),0.0,2018-2025,2026-10-08T21:12:02+00:00
2026-09-30T01:00:00+00:00,welcome_island,96,5.94,230,4.550,2.97,13.00,213,7.080,0.00,5.40,67.33,0,0,WELCOME ISLAND (AUT),0.0,2018-2025,2026-10-08T21:12:02+00:00
2026-09-30T02:00:00+00:00,welcome_island,96,8.10,210,4.050,5.94,10.20,223,6.956,0.00,5.40,67.33,0,0,WELCOME ISLAND (AUT),0.0,2018-2025,2026-10-08T21:12:02+00:00
2026-09-30T03:00:00+00:00,welcome_island,96,8.64,210,4.320,5.94,9.30,219,5.853,0.00,5.40,67.33,0,0,WELCOME ISLAND (AUT),0.0,2018-2025,2026-10-08T21:12:02+00:00
2026-09-30T04:00:00+00:00,welcome_island,96,8.64,210,4.320,5.94,9.30,216,5.466,0.00,5.40,67.33,0,0,WELCOME ISLAND (AUT),0.0,2018-2025,2026-10-08T21:12:02+00:00
2026-09-30T05:00:00+00:00,welcome_island,96,9.72,210,4.860,5.94,9.40,222,6.290,0.00,5.40,67.33,0,0,WELCOME ISLAND (AUT),0.0,2018-2025,2026-10-08T21:12:02+00:00
2026-09-30T06:00:00+00:00,welcome_island,96,10.80,210,5.400,5.94,9.70,205,4.099,0.00,5.40,67.33,0,0,WELCOME ISLAND (AUT),0.0,2018-2025,2026-10-08T21:12:02+00:00
2026-09-30T07:00:00+00:00,welcome_island,96,11.88,210,5.940,5.94,7.20,213,3.921,0.00,5.40,67.33,0,0,WELCOME ISLAND (AUT),0.0,2018-2025,2026-10-08T21:12:02+00:00
2026-09-30T08:00:00+00:00,welcome_island,96,11.34,210,5.670,5.94,5.70,229,4.302,2.85,5.40,67.33,0,0,WELCOME ISLAND (AUT),0.0,2018-2025,2026-10-08T21:12:02+00:00
2026-09-30T09:00:00+00:00,welcome_island,96,9.72,220,6.247,5.94,5.70,221,3.740,5.70,5.40,67.33,0,0,WELCOME ISLAND (AUT),0.0,2018-2025,2026-10-08T21:12:02+00:00
2026-09-30T10:00:00+00:00,welcome_island,96,8.10,220,5.206,5.94,7.20,216,4.232,5.70,4.32,67.33,0,0,WELCOME ISLAND (AUT),0.0,2018-2025,2026-10-08T21:12:02+00:00
2026-09-30T11:00:00+00:00,welcome_island,96,9.18,210,4.590,5.94,4.30,231,3.342,7.85,3.24,67.33,0,0,WELCOME ISLAND (AUT),0.0,2018-2025,2026-10-08T21:12:02+00:00
2026-09-30T12:00:00+00:00,welcome_island,96,8.64,220,5.553,5.94,7.10,202,2.660,10.00,3.24,67.33,0,0,WELCOME ISLAND (AUT),0.0,2018-2025,2026-10-08T21:12:02+00:00
2026-09-30T13:00:00+00:00,welcome_island,96,7.56,220,4.859,5.94,8.80,202,3.297,10.00,3.24,67.33,0,0,WELCOME ISLAND (AUT),0.0,2018-2025,2026-10-08T21:12:02+00:00
2026-09-30T14:00:00+00:00,welcome_island,96,4.86,230,3.723,8.37,10.00,195,2.588,10.00,3.24,67.33,0,0,WELCOME ISLAND (AUT),0.0,2018-2025,2026-10-08T21:12:02+00:00
2026-09-30T15:00:00+00:00,welcome_island,96,7.02,210,3.510,10.80,12.40,194,3.000,10.00,3.24,67.33,0,0,WELCOME ISLAND (AUT),0.0,2018-2025,2026-10-08T21:12:02+00:00
2026-09-30T16:00:00+00:00,welcome_island,96,8.64,210,4.320,10.80,12.90,195,3.339,10.00,1.62,67.33,0,0,WELCOME ISLAND (AUT),0.0,2018-2025,2026-10-08T21:12:02+00:00
2026-09-30T17:00:00+00:00,welcome_island,96,9.18,210,4.590,10.80,14.10,192,2.932,10.00,0.00,67.33,0,0,WELCOME ISLAND (AUT),0.0,2018-2025,2026-10-08T21:12:02+00:00
2026-09-30T18:00:00+00:00,welcome_island,96,10.26,210,5.130,10.80,13.60,197,3.976,10.00,0.00,67.33,0,0,WELCOME ISLAND (AUT),0.0,2018-2025,2026-10-08T21:12:02+00:00
2026-09-30T19:00:00+00:00,welcome_island,96,9.72,200,3.324,10.80,14.90,195,3.856,10.00,0.00,67.33,0,0,WELCOME ISLAND (AUT),0.0,2018-2025,2026-10-08T21:12:02+00:00
2026-09-30T20:00:00+00:00,welcome_island,96,11.34,210,5.670,10.80,15.70,197,4.590,10.00,0.00,67.33,0,0,WELCOME ISLAND (AUT),0.0,2018-2025,2026-10-08T21:12:02+00:00
2026-09-30T21:00:00+00:00,welcome_island,96,11.88,210,5.940,10.80,15.70,203,6.134,10.00,0.00,67.33,0,0,WELCOME ISLAND (AUT),0.0,2018-2025,2026-10-08T21:12:02+00:00
2026-09-30T22:00:00+00:00,welcome_island,96,12.96,200,4.432,10.80,13.10,210,6.550,10.00,0.00,67.33,0,0,WELCOME ISLAND (AUT),0.0,2018-2025,2026-10-08T21:12:02+00:00
2026-09-30T23:00:00+00:00,welcome_island,96,11.34,210,5.670,10.80,10.30,200,3.523,10.00,0.00,67.33,0,0,WELCOME ISLAND (AUT),0.0,2018-2025,2026-10-08T21:12:02+00:00
2026-10-01T00:00:00+00:00,welcome_island,96,10.80,210,5.400,10.80,11.60,201,4.157,10.00,0.00,71.50,0,0,WELCOME ISLAND (AUT),0.0,2018-2025,2026-10-08T21:12:02+00:00
2026-10-01T01:00:00+00:00,welcome_island,96,4.32,260,4.254,9.99,12.00,197,3.508,10.00,0.00,71.50,0,0,WELCOME ISLAND (AUT),0.0,2018-2025,2026-10-08T21:12:02+00:00
2026-10-01T02:00:00+00:00,welcome_island,96,2.70,50,-2.068,9.18,11.10,214,6.207,10.00,0.00,71.50,0,0,WELCOME ISLAND (AUT),0.0,2018-2025,2026-10-08T21:12:02+00:00
2026-10-01T03:00:00+00:00,welcome_island,96,3.24,290,3.044,10.80,9.10,214,5.089,10.00,0.00,71.50,0,0,WELCOME ISLAND (AUT),0.0,2018-2025,2026-10-08T21:12:02+00:00
2026-10-01T04:00:00+00:00,welcome_island,96,3.78,350,0.656,12.42,9.40,214,5.256,10.00,0.00,71.50,0,0,WELCOME ISLAND (AUT),0.0,2018-2025,2026-10-08T21:12:02+00:00
2026-10-01T05:00:00+00:00,welcome_island,96,4.32,220,2.777,12.42,8.80,220,5.657,10.00,0.00,71.50,0,0,WELCOME ISLAND (AUT),0.0,2018-2025,2026-10-08T21:12:02+00:00
2026-10-01T06:00:00+00:00,welcome_island,96,8.10,210,4.050,12.42,5.60,205,2.367,10.00,0.00,71.50,0,0,WELCOME ISLAND (AUT),0.0,2018-2025,2026-10-08T21:12:02+00:00
2026-10-01T07:00:00+00:00,welcome_island,96,7.02,250,6.596,15.93,6.70,221,4.396,10.00,0.00,71.50,0,0,WELCOME ISLAND (AUT),0.0,2018-2025,2026-10-08T21:12:02+00:00
2026-10-01T08:00:00+00:00,welcome_island,96,15.66,360,0.000,19.44,5.30,213,2.887,7.15,0.00,71.50,0,0,WELCOME ISLAND (AUT),0.0,2018-2025,2026-10-08T21:12:02+00:00
2026-10-01T09:00:00+00:00,welcome_island,96,10.80,330,5.400,19.44,9.40,227,6.875,9.00,0.00,71.50,0,0,WELCOME ISLAND (AUT),0.0,2018-2025,2026-10-08T21:12:02+00:00
2026-10-01T10:00:00+00:00,welcome_island,96,11.34,290,10.655,25.11,7.10,244,6.381,17.25,0.00,71.50,0,0,WELCOME ISLAND (AUT),0.0,2018-2025,2026-10-08T21:12:02+00:00
2026-10-01T11:00:00+00:00,welcome_island,96,11.34,280,11.167,36.45,16.20,299,14.169,26.75,0.00,71.50,0,0,WELCOME ISLAND (AUT),0.0,2018-2025,2026-10-08T21:12:02+00:00
2026-10-01T12:00:00+00:00,welcome_island,96,10.26,280,10.103,47.25,21.40,304,17.741,43.40,0.00,71.50,0,0,WELCOME ISLAND (AUT),0.0,2018-2025,2026-10-08T21:12:02+00:00
2026-10-01T13:00:00+00:00,welcome_island,96,10.80,290,10.148,57.78,21.90,302,18.572,65.05,0.00,71.50,0,0,WELCOME ISLAND (AUT),0.0,2018-2025,2026-10-08T21:12:02+00:00
2026-10-01T14:00:00+00:00,welcome_island,96,11.88,280,11.699,66.68,22.80,300,19.745,87.40,0.00,71.50,0,0,WELCOME ISLAND (AUT),0.0,2018-2025,2026-10-08T21:12:02+00:00
2026-10-01T15:00:00+00:00,welcome_island,96,9.72,280,9.572,75.05,18.60,299,16.268,108.10,0.00,71.50,0,0,WELCOME ISLAND (AUT),0.0,2018-2025,2026-10-08T21:12:02+00:00
2026-10-01T16:00:00+00:00,welcome_island,96,6.48,260,6.381,83.15,17.10,298,15.098,125.95,0.00,71.50,0,0,WELCOME ISLAND (AUT),0.0,2018-2025,2026-10-08T21:12:02+00:00
2026-10-01T17:00:00+00:00,welcome_island,96,19.44,300,16.834,96.11,18.20,295,16.495,143.60,0.00,71.50,0,0,WELCOME ISLAND (AUT),0.0,2018-2025,2026-10-08T21:12:02+00:00
2026-10-01T18:00:00+00:00,welcome_island,96,14.58,280,14.357,113.12,20.10,292,18.636,162.75,0.00,71.50,0,0,WELCOME ISLAND (AUT),0.0,2018-2025,2026-10-08T21:12:02+00:00
2026-10-01T19:00:00+00:00,welcome_island,96,16.20,290,15.222,128.51,20.60,294,18.819,183.10,0.00,71.50,0,0,WELCOME ISLAND (AUT),0.0,2018-2025,2026-10-08T21:12:02+00:00
2026-10-01T20:00:00+00:00,welcome_island,96,21.60,300,18.705,147.41,19.90,285,19.222,203.35,0.00,71.50,0,0,WELCOME ISLAND (AUT),0.0,2018-2025,2026-10-08T21:12:02+00:00
2026-10-01T21:00:00+00:00,welcome_island,96,22.14,320,14.230,158.21,21.60,292,20.027,224.10,0.00,71.50,0,0,WELCOME ISLAND (AUT),0.0,2018-2025,2026-10-08T21:12:02+00:00
2026-10-01T22:00:00+00:00,welcome_island,96,19.44,320,12.495,158.21,23.70,295,21.479,246.75,0.00,71.50,0,0,WELCOME ISLAND (AUT),0.0,2018-2025,2026-10-08T21:12:02+00:00
2026-10-01T23:00:00+00:00,welcome_island,96,22.14,310,16.959,169.28,23.80,295,21.570,270.50,0.00,71.50,0,0,WELCOME ISLAND (AUT),0.0,2018-2025,2026-10-08T21:12:02+00:00
2026-10-02T00:00:00+00:00,welcome_island,96,22.14,320,14.230,180.35,21.00,327,11.437,282.40,0.00,73.65,0,0,WELCOME ISLAND (AUT),0.0,2018-2025,2026-10-08T21:12:02+00:00
2026-10-02T01:00:00+00:00,welcome_island,96,21.06,310,16.132,188.71,21.60,315,15.274,293.20,3.24,73.65,0,0,WELCOME ISLAND (AUT),0.0,2018-2025,2026-10-08T21:12:02+00:00
2026-10-02T02:00:00+00:00,welcome_island,96,17.82,310,13.650,205.99,21.50,308,16.942,314.75,6.48,73.65,0,1,WELCOME ISLAND (AUT),0.0,2018-2025,2026-10-08T21:12:02+00:00
2026-10-02T03:00:00+00:00,welcome_island,96,15.66,310,11.995,221.11,19.80,306,16.019,335.40,8.91,73.65,0,1,WELCOME ISLAND (AUT),0.0,2018-2025,2026-10-08T21:12:02+00:00
2026-10-02T04:00:00+00:00,welcome_island,96,12.96,300,11.223,233.80,18.90,307,15.094,354.75,14.58,73.65,0,1,WELCOME ISLAND (AUT),0.0,2018-2025,2026-10-08T21:12:02+00:00
2026-10-02T05:00:00+00:00,welcome_island,96,11.34,290,10.655,245.95,18.30,308,14.421,373.35,20.79,73.65,0,1,WELCOME ISLAND (AUT),0.0,2018-2025,2026-10-08T21:12:02+00:00
2026-10-02T06:00:00+00:00,welcome_island,96,12.96,290,12.177,258.10,14.60,315,10.324,389.80,27.27,73.65,0,1,WELCOME ISLAND (AUT),0.0,2018-2025,2026-10-08T21:12:02+00:00
2026-10-02T07:00:00+00:00,welcome_island,96,9.72,290,9.133,265.93,13.20,317,9.002,397.10,35.10,73.65,0,1,WELCOME ISLAND (AUT),0.0,2018-2025,2026-10-08T21:12:02+00:00
2026-10-02T08:00:00+00:00,welcome_island,96,12.42,280,12.230,273.49,9.80,288,9.320,402.00,44.28,73.65,0,1,WELCOME ISLAND (AUT),0.0,2018-2025,2026-10-08T21:12:02+00:00
2026-10-02T09:00:00+00:00,welcome_island,96,10.80,290,10.148,285.10,8.90,293,8.192,406.65,53.46,73.65,0,1,WELCOME ISLAND (AUT),0.0,2018-2025,2026-10-08T21:12:02+00:00
2026-10-02T10:00:00+00:00,welcome_island,96,11.34,280,11.167,290.50,7.70,297,6.861,406.70,62.37,73.65,0,1,WELCOME ISLAND (AUT),0.0,2018-2025,2026-10-08T21:12:02+00:00
2026-10-02T11:00:00+00:00,welcome_island,96,12.42,290,11.670,291.04,7.00,298,6.181,402.40,70.19,73.65,0,1,WELCOME ISLAND (AUT),0.0,2018-2025,2026-10-08T21:12:02+00:00
2026-10-02T12:00:00+00:00,welcome_island,96,14.58,310,11.168,293.74,13.30,282,13.009,393.75,77.21,73.65,0,1,WELCOME ISLAND (AUT),0.0,2018-2025,2026-10-08T21:12:02+00:00
2026-10-02T13:00:00+00:00,welcome_island,96,11.88,290,11.163,296.44,11.80,278,11.685,384.65,83.42,73.65,0,1,WELCOME ISLAND (AUT),0.0,2018-2025,2026-10-08T21:12:02+00:00
2026-10-02T14:00:00+00:00,welcome_island,96,9.72,280,9.572,295.90,10.70,289,10.117,373.55,87.74,73.65,0,1,WELCOME ISLAND (AUT),0.0,2018-2025,2026-10-08T21:12:02+00:00
2026-10-02T15:00:00+00:00,welcome_island,96,18.90,320,12.148,289.96,11.60,312,8.620,364.00,91.79,73.65,0,1,WELCOME ISLAND (AUT),0.0,2018-2025,2026-10-08T21:12:02+00:00
2026-10-02T16:00:00+00:00,welcome_island,96,23.76,310,18.200,293.74,14.60,315,10.324,359.25,93.95,73.65,0,1,WELCOME ISLAND (AUT),0.0,2018-2025,2026-10-08T21:12:02+00:00
2026-10-02T17:00:00+00:00,welcome_island,96,17.82,310,13.650,301.57,12.20,309,9.481,355.00,93.95,73.65,0,1,WELCOME ISLAND (AUT),0.0,2018-2025,2026-10-08T21:12:02+00:00
2026-10-02T18:00:00+00:00,welcome_island,96,15.12,290,14.207,301.03,10.30,298,9.094,347.10,93.95,73.65,0,1,WELCOME ISLAND (AUT),0.0,2018-2025,2026-10-08T21:12:02+00:00
2026-10-02T19:00:00+00:00,welcome_island,96,17.28,320,11.106,293.20,9.30,293,8.561,336.55,93.95,73.65,0,1,WELCOME ISLAND (AUT),0.0,2018-2025,2026-10-08T21:12:02+00:00
2026-10-02T20:00:00+00:00,welcome_island,96,11.88,320,7.636,274.30,8.90,293,8.192,325.40,93.95,73.65,0,1,WELCOME ISLAND (AUT),0.0,2018-2025,2026-10-08T21:12:02+00:00
2026-10-02T21:00:00+00:00,welcome_island,96,10.80,330,5.400,263.50,7.80,292,7.232,313.00,93.95,73.65,0,1,WELCOME ISLAND (AUT),0.0,2018-2025,2026-10-08T21:12:02+00:00
2026-10-02T22:00:00+00:00,welcome_island,96,10.80,320,6.942,263.50,6.20,290,5.826,297.35,93.95,73.65,0,0,WELCOME ISLAND (AUT),0.0,2018-2025,2026-10-08T21:12:02+00:00
2026-10-02T23:00:00+00:00,welcome_island,96,9.72,310,7.445,257.29,5.40,296,4.853,279.40,93.95,73.65,0,0,WELCOME ISLAND (AUT),0.0,2018-2025,2026-10-08T21:12:02+00:00
2026-10-03T00:00:00+00:00,welcome_island,96,9.18,310,7.032,255.67,5.70,286,5.479,273.05,93.95,72.45,0,0,WELCOME ISLAND (AUT),0.0,2018-2025,2026-10-08T21:12:02+00:00
2026-10-03T01:00:00+00:00,welcome_island,96,7.02,280,6.913,253.24,6.90,302,5.852,268.55,90.71,72.45,0,0,WELCOME ISLAND (AUT),0.0,2018-2025,2026-10-08T21:12:02+00:00
2026-10-03T02:00:00+00:00,welcome_island,96,4.32,270,4.320,239.47,5.90,314,4.244,253.40,87.47,72.45,0,0,WELCOME ISLAND (AUT),0.0,2018-2025,2026-10-08T21:12:02+00:00
2026-10-03T03:00:00+00:00,welcome_island,96,6.48,280,6.381,228.13,5.00,312,3.716,238.20,85.04,72.45,0,0,WELCOME ISLAND (AUT),0.0,2018-2025,2026-10-08T21:12:02+00:00
2026-10-03T04:00:00+00:00,welcome_island,96,6.48,290,6.089,220.30,6.20,298,5.474,224.45,79.37,72.45,0,0,WELCOME ISLAND (AUT),0.0,2018-2025,2026-10-08T21:12:02+00:00
2026-10-03T05:00:00+00:00,welcome_island,96,5.94,290,5.581,214.36,7.10,296,6.381,212.50,73.16,72.45,0,0,WELCOME ISLAND (AUT),0.0,2018-2025,2026-10-08T21:12:02+00:00
2026-10-03T06:00:00+00:00,welcome_island,96,7.56,290,7.104,208.96,5.30,294,4.842,202.25,66.68,72.45,0,0,WELCOME ISLAND (AUT),0.0,2018-2025,2026-10-08T21:12:02+00:00
2026-10-03T07:00:00+00:00,welcome_island,96,7.02,290,6.596,204.91,5.00,306,4.045,200.10,58.86,72.45,0,0,WELCOME ISLAND (AUT),0.0,2018-2025,2026-10-08T21:12:02+00:00
2026-10-03T08:00:00+00:00,welcome_island,96,7.56,300,6.547,201.13,4.30,297,3.831,199.85,49.68,72.45,0,0,WELCOME ISLAND (AUT),0.0,2018-2025,2026-10-08T21:12:02+00:00
2026-10-03T09:00:00+00:00,welcome_island,96,6.48,310,4.964,196.54,4.10,289,3.877,194.70,40.50,72.45,0,0,WELCOME ISLAND (AUT),0.0,2018-2025,2026-10-08T21:12:02+00:00
2026-10-03T10:00:00+00:00,welcome_island,96,4.86,300,4.209,191.14,3.30,291,3.081,190.10,31.59,72.45,0,0,WELCOME ISLAND (AUT),0.0,2018-2025,2026-10-08T21:12:02+00:00
2026-10-03T11:00:00+00:00,welcome_island,96,5.40,300,4.676,184.40,2.50,293,2.301,185.65,23.76,72.45,0,0,WELCOME ISLAND (AUT),0.0,2018-2025,2026-10-08T21:12:02+00:00
2026-10-03T12:00:00+00:00,welcome_island,96,4.86,290,4.567,176.03,2.00,276,1.989,177.75,16.74,72.45,0,0,WELCOME ISLAND (AUT),0.0,2018-2025,2026-10-08T21:12:02+00:00
2026-10-03T13:00:00+00:00,welcome_island,96,3.24,300,2.806,166.85,3.40,239,2.914,167.90,10.53,72.45,0,0,WELCOME ISLAND (AUT),0.0,2018-2025,2026-10-08T21:12:02+00:00
2026-10-03T14:00:00+00:00,welcome_island,96,2.16,60,-1.870,157.67,3.50,207,1.589,158.35,6.21,72.45,0,0,WELCOME ISLAND (AUT),0.0,2018-2025,2026-10-08T21:12:02+00:00
2026-10-03T15:00:00+00:00,welcome_island,96,0.00,,0.000,152.81,7.60,212,4.027,147.20,2.16,72.45,0,0,WELCOME ISLAND (AUT),0.0,2018-2025,2026-10-08T21:12:02+00:00
2026-10-03T16:00:00+00:00,welcome_island,96,0.00,,0.000,140.93,11.20,210,5.600,134.10,0.00,72.45,0,0,WELCOME ISLAND (AUT),0.0,2018-2025,2026-10-08T21:12:02+00:00
2026-10-03T17:00:00+00:00,welcome_island,96,1.62,130,-1.241,120.14,15.60,211,8.035,120.70,0.00,72.45,0,0,WELCOME ISLAND (AUT),0.0,2018-2025,2026-10-08T21:12:02+00:00
2026-10-03T18:00:00+00:00,welcome_island,96,7.56,150,-3.780,103.67,17.90,218,11.020,109.45,0.00,72.45,0,0,WELCOME ISLAND (AUT),0.0,2018-2025,2026-10-08T21:12:02+00:00
2026-10-03T19:00:00+00:00,welcome_island,96,10.26,120,-8.885,96.11,18.40,213,10.021,99.65,0.00,72.45,0,0,WELCOME ISLAND (AUT),0.0,2018-2025,2026-10-08T21:12:02+00:00
2026-10-03T20:00:00+00:00,welcome_island,96,13.50,120,-11.690,96.11,16.20,243,14.434,98.65,0.00,72.45,0,0,WELCOME ISLAND (AUT),0.0,2018-2025,2026-10-08T21:12:02+00:00
2026-10-03T21:00:00+00:00,welcome_island,96,14.58,130,-11.168,96.11,13.00,237,10.903,104.90,0.00,72.45,0,0,WELCOME ISLAND (AUT),0.0,2018-2025,2026-10-08T21:12:02+00:00
2026-10-03T22:00:00+00:00,welcome_island,96,18.36,140,-11.801,96.11,15.80,232,12.451,112.30,0.00,72.45,0,0,WELCOME ISLAND (AUT),0.0,2018-2025,2026-10-08T21:12:02+00:00
2026-10-03T23:00:00+00:00,welcome_island,96,16.20,140,-10.412,91.25,16.80,233,13.417,122.80,0.00,72.45,0,0,WELCOME ISLAND (AUT),0.0,2018-2025,2026-10-08T21:12:02+00:00
2026-10-04T00:00:00+00:00,welcome_island,96,13.50,200,4.617,81.80,13.20,239,11.315,132.25,0.00,70.24,0,0,WELCOME ISLAND (AUT),0.0,2018-2025,2026-10-08T21:12:02+00:00
2026-10-04T01:00:00+00:00,welcome_island,96,14.58,200,4.986,73.70,11.90,272,11.893,138.50,2.97,70.24,0,0,WELCOME ISLAND (AUT),0.0,2018-2025,2026-10-08T21:12:02+00:00
2026-10-04T02:00:00+00:00,welcome_island,96,14.58,200,4.986,68.03,10.80,291,10.083,143.45,5.94,70.24,0,0,WELCOME ISLAND (AUT),0.0,2018-2025,2026-10-08T21:12:02+00:00
2026-10-04T03:00:00+00:00,welcome_island,96,9.72,210,4.860,62.63,10.80,291,10.083,148.80,5.94,70.24,0,0,WELCOME ISLAND (AUT),0.0,2018-2025,2026-10-08T21:12:02+00:00
2026-10-04T04:00:00+00:00,welcome_island,96,8.64,220,5.553,56.16,13.00,289,12.292,155.10,5.94,70.24,0,0,WELCOME ISLAND (AUT),0.0,2018-2025,2026-10-08T21:12:02+00:00
2026-10-04T05:00:00+00:00,welcome_island,96,5.94,230,4.550,52.92,15.10,292,14.000,162.50,5.94,70.24,0,0,WELCOME ISLAND (AUT),0.0,2018-2025,2026-10-08T21:12:02+00:00
2026-10-04T06:00:00+00:00,welcome_island,96,4.32,270,4.320,51.30,12.80,317,8.730,163.85,5.94,70.24,0,0,WELCOME ISLAND (AUT),0.0,2018-2025,2026-10-08T21:12:02+00:00
2026-10-04T07:00:00+00:00,welcome_island,96,7.02,270,7.019,49.68,12.70,309,9.870,165.05,5.94,70.24,0,0,WELCOME ISLAND (AUT),0.0,2018-2025,2026-10-08T21:12:02+00:00
2026-10-04T08:00:00+00:00,welcome_island,96,14.04,290,13.192,52.92,12.00,302,10.177,172.75,5.94,70.24,0,0,WELCOME ISLAND (AUT),0.0,2018-2025,2026-10-08T21:12:02+00:00
2026-10-04T09:00:00+00:00,welcome_island,96,14.58,300,12.626,60.21,14.80,298,13.068,181.95,5.94,70.24,0,0,WELCOME ISLAND (AUT),0.0,2018-2025,2026-10-08T21:12:02+00:00
2026-10-04T10:00:00+00:00,welcome_island,96,19.98,300,17.302,71.81,14.60,295,13.232,192.95,5.94,70.24,0,0,WELCOME ISLAND (AUT),0.0,2018-2025,2026-10-08T21:12:02+00:00
2026-10-04T11:00:00+00:00,welcome_island,96,23.22,310,17.786,88.28,16.00,291,14.937,205.35,5.94,70.24,0,0,WELCOME ISLAND (AUT),0.0,2018-2025,2026-10-08T21:12:02+00:00
2026-10-04T12:00:00+00:00,welcome_island,96,18.36,290,17.251,103.94,19.20,300,16.628,220.70,5.94,70.24,0,0,WELCOME ISLAND (AUT),0.0,2018-2025,2026-10-08T21:12:02+00:00
2026-10-04T13:00:00+00:00,welcome_island,96,18.36,300,15.899,118.25,20.00,289,18.910,237.60,5.94,70.24,0,0,WELCOME ISLAND (AUT),0.0,2018-2025,2026-10-08T21:12:02+00:00
2026-10-04T14:00:00+00:00,welcome_island,96,21.60,300,18.705,136.61,19.80,291,18.485,255.80,8.37,70.24,0,0,WELCOME ISLAND (AUT),0.0,2018-2025,2026-10-08T21:12:02+00:00
2026-10-04T15:00:00+00:00,welcome_island,96,18.90,310,14.477,156.86,21.20,296,19.054,276.30,10.80,70.24,0,0,WELCOME ISLAND (AUT),0.0,2018-2025,2026-10-08T21:12:02+00:00
2026-10-04T16:00:00+00:00,welcome_island,96,21.06,310,16.132,176.84,23.80,299,20.816,298.80,10.80,70.24,0,0,WELCOME ISLAND (AUT),0.0,2018-2025,2026-10-08T21:12:02+00:00
2026-10-04T17:00:00+00:00,welcome_island,96,21.06,300,18.237,197.89,24.30,306,19.659,322.85,10.80,70.24,0,1,WELCOME ISLAND (AUT),0.0,2018-2025,2026-10-08T21:12:02+00:00
2026-10-04T18:00:00+00:00,welcome_island,96,20.52,310,15.718,218.68,19.20,315,13.576,344.60,10.80,70.24,0,1,WELCOME ISLAND (AUT),0.0,2018-2025,2026-10-08T21:12:02+00:00
2026-10-04T19:00:00+00:00,welcome_island,96,25.92,300,22.446,241.90,18.20,319,11.940,354.20,10.80,70.24,0,1,WELCOME ISLAND (AUT),0.0,2018-2025,2026-10-08T21:12:02+00:00
2026-10-04T20:00:00+00:00,welcome_island,96,25.38,310,19.441,267.55,19.80,319,12.990,346.10,10.80,70.24,0,1,WELCOME ISLAND (AUT),0.0,2018-2025,2026-10-08T21:12:02+00:00
2026-10-04T21:00:00+00:00,welcome_island,96,25.92,310,19.854,293.20,19.70,319,12.924,331.50,10.80,70.24,0,1,WELCOME ISLAND (AUT),0.0,2018-2025,2026-10-08T21:12:02+00:00
2026-10-04T22:00:00+00:00,welcome_island,96,22.14,310,16.959,317.22,19.60,326,10.960,317.10,10.80,70.24,1,1,WELCOME ISLAND (AUT),0.0,2018-2025,2026-10-08T21:12:02+00:00
2026-10-04T23:00:00+00:00,welcome_island,96,21.60,290,20.296,339.09,19.10,329,9.837,300.80,10.80,70.24,1,0,WELCOME ISLAND (AUT),0.0,2018-2025,2026-10-08T21:12:02+00:00
2026-10-05T00:00:00+00:00,welcome_island,96,15.12,320,9.718,349.89,16.60,322,10.220,285.80,10.80,71.84,1,0,WELCOME ISLAND (AUT),0.0,2018-2025,2026-10-08T21:12:02+00:00
2026-10-05T01:00:00+00:00,welcome_island,96,22.68,300,19.640,361.23,13.00,328,6.889,273.25,9.99,71.84,1,0,WELCOME ISLAND (AUT),0.0,2018-2025,2026-10-08T21:12:02+00:00
2026-10-05T02:00:00+00:00,welcome_island,96,19.44,300,16.834,382.29,10.00,338,3.746,261.90,9.18,71.84,1,0,WELCOME ISLAND (AUT),0.0,2018-2025,2026-10-08T21:12:02+00:00
2026-10-05T03:00:00+00:00,welcome_island,96,19.44,310,14.891,401.73,9.50,329,4.893,251.10,10.80,71.84,1,0,WELCOME ISLAND (AUT),0.0,2018-2025,2026-10-08T21:12:02+00:00
2026-10-05T04:00:00+00:00,welcome_island,96,18.90,310,14.477,420.90,10.50,312,7.803,244.45,12.42,71.84,1,0,WELCOME ISLAND (AUT),0.0,2018-2025,2026-10-08T21:12:02+00:00
2026-10-05T05:00:00+00:00,welcome_island,96,15.12,320,9.718,427.38,12.60,316,8.753,235.65,12.42,71.84,1,0,WELCOME ISLAND (AUT),0.0,2018-2025,2026-10-08T21:12:02+00:00
2026-10-05T06:00:00+00:00,welcome_island,96,10.26,310,7.859,427.38,13.60,324,7.994,228.10,12.42,71.84,1,0,WELCOME ISLAND (AUT),0.0,2018-2025,2026-10-08T21:12:02+00:00
2026-10-05T07:00:00+00:00,welcome_island,96,9.18,290,8.626,431.43,12.90,324,7.582,221.75,15.93,71.84,1,0,WELCOME ISLAND (AUT),0.0,2018-2025,2026-10-08T21:12:02+00:00
2026-10-05T08:00:00+00:00,welcome_island,96,14.58,310,11.168,432.78,12.00,324,7.053,209.40,19.44,71.84,1,0,WELCOME ISLAND (AUT),0.0,2018-2025,2026-10-08T21:12:02+00:00
2026-10-05T09:00:00+00:00,welcome_island,96,10.26,310,7.859,430.89,12.20,326,6.822,196.00,19.44,71.84,1,0,WELCOME ISLAND (AUT),0.0,2018-2025,2026-10-08T21:12:02+00:00
2026-10-05T10:00:00+00:00,welcome_island,96,9.18,300,7.949,423.33,12.80,327,6.971,181.30,25.11,71.84,1,0,WELCOME ISLAND (AUT),0.0,2018-2025,2026-10-08T21:12:02+00:00
2026-10-05T11:00:00+00:00,welcome_island,96,13.50,300,11.690,413.07,12.80,327,6.971,166.00,36.45,71.84,1,0,WELCOME ISLAND (AUT),0.0,2018-2025,2026-10-08T21:12:02+00:00
2026-10-05T12:00:00+00:00,welcome_island,96,10.26,290,9.640,404.16,10.60,329,5.459,148.40,47.25,71.84,1,0,WELCOME ISLAND (AUT),0.0,2018-2025,2026-10-08T21:12:02+00:00
2026-10-05T13:00:00+00:00,welcome_island,96,7.56,290,7.104,394.71,9.40,328,4.981,128.80,57.78,71.84,1,0,WELCOME ISLAND (AUT),0.0,2018-2025,2026-10-08T21:12:02+00:00
2026-10-05T14:00:00+00:00,welcome_island,96,5.40,280,5.318,381.21,8.30,327,4.521,108.90,66.68,71.84,1,0,WELCOME ISLAND (AUT),0.0,2018-2025,2026-10-08T21:12:02+00:00
2026-10-05T15:00:00+00:00,welcome_island,96,3.78,280,3.722,365.55,6.60,328,3.497,88.40,75.05,71.84,1,0,WELCOME ISLAND (AUT),0.0,2018-2025,2026-10-08T21:12:02+00:00
2026-10-05T16:00:00+00:00,welcome_island,96,4.32,290,4.059,349.62,4.00,331,1.939,65.90,83.15,71.84,1,0,WELCOME ISLAND (AUT),0.0,2018-2025,2026-10-08T21:12:02+00:00
2026-10-05T17:00:00+00:00,welcome_island,96,2.16,270,2.160,331.80,1.50,247,1.381,42.60,96.11,71.84,1,0,WELCOME ISLAND (AUT),0.0,2018-2025,2026-10-08T21:12:02+00:00
2026-10-05T18:00:00+00:00,welcome_island,96,4.32,330,2.160,312.10,6.50,333,2.951,21.60,113.12,71.84,1,0,WELCOME ISLAND (AUT),0.0,2018-2025,2026-10-08T21:12:02+00:00
2026-10-05T19:00:00+00:00,welcome_island,96,5.94,160,-2.031,288.88,4.60,332,2.160,12.00,128.51,71.84,0,0,WELCOME ISLAND (AUT),0.0,2018-2025,2026-10-08T21:12:02+00:00
2026-10-05T20:00:00+00:00,welcome_island,96,7.02,180,0.000,263.23,1.60,284,1.552,12.80,147.41,71.84,0,0,WELCOME ISLAND (AUT),0.0,2018-2025,2026-10-08T21:12:02+00:00
2026-10-05T21:00:00+00:00,welcome_island,96,11.88,200,4.063,237.58,4.60,192,0.956,13.60,158.21,71.84,0,0,WELCOME ISLAND (AUT),0.0,2018-2025,2026-10-08T21:12:02+00:00
2026-10-05T22:00:00+00:00,welcome_island,96,11.88,210,5.940,213.55,11.60,194,2.806,13.60,158.21,71.84,0,0,WELCOME ISLAND (AUT),0.0,2018-2025,2026-10-08T21:12:02+00:00
2026-10-05T23:00:00+00:00,welcome_island,96,11.34,210,5.670,191.68,14.90,211,7.674,13.60,169.28,71.84,0,0,WELCOME ISLAND (AUT),0.0,2018-2025,2026-10-08T21:12:02+00:00
2026-10-06T00:00:00+00:00,welcome_island,96,10.26,200,3.509,180.89,15.40,221,10.103,13.60,180.35,72.65,0,0,WELCOME ISLAND (AUT),0.0,2018-2025,2026-10-08T21:12:02+00:00
2026-10-06T01:00:00+00:00,welcome_island,96,8.10,190,1.406,169.55,13.30,232,10.481,20.25,188.71,72.65,0,0,WELCOME ISLAND (AUT),0.0,2018-2025,2026-10-08T21:12:02+00:00
2026-10-06T02:00:00+00:00,welcome_island,96,6.48,190,1.125,148.49,10.80,237,9.058,32.30,205.99,72.65,0,0,WELCOME ISLAND (AUT),0.0,2018-2025,2026-10-08T21:12:02+00:00
2026-10-06T03:00:00+00:00,welcome_island,96,5.40,180,0.000,129.05,9.10,243,8.108,42.25,221.11,72.65,0,0,WELCOME ISLAND (AUT),0.0,2018-2025,2026-10-08T21:12:02+00:00
2026-10-06T04:00:00+00:00,welcome_island,96,7.02,180,0.000,109.88,8.60,245,7.794,45.85,233.80,72.65,0,0,WELCOME ISLAND (AUT),0.0,2018-2025,2026-10-08T21:12:02+00:00
2026-10-06T05:00:00+00:00,welcome_island,96,9.18,170,-1.594,100.43,8.70,243,7.752,49.25,245.95,72.65,0,0,WELCOME ISLAND (AUT),0.0,2018-2025,2026-10-08T21:12:02+00:00
2026-10-06T06:00:00+00:00,welcome_island,96,5.94,180,0.000,95.30,5.50,260,5.416,56.35,258.10,72.65,0,0,WELCOME ISLAND (AUT),0.0,2018-2025,2026-10-08T21:12:02+00:00
2026-10-06T07:00:00+00:00,welcome_island,96,9.18,170,-1.594,85.58,5.90,253,5.642,62.05,265.93,72.65,0,0,WELCOME ISLAND (AUT),0.0,2018-2025,2026-10-08T21:12:02+00:00
2026-10-06T08:00:00+00:00,welcome_island,96,13.50,170,-2.344,73.70,6.80,243,6.059,68.40,273.49,72.65,0,0,WELCOME ISLAND (AUT),0.0,2018-2025,2026-10-08T21:12:02+00:00
2026-10-06T09:00:00+00:00,welcome_island,96,10.80,170,-1.875,61.29,7.30,236,6.052,75.45,285.10,72.65,0,0,WELCOME ISLAND (AUT),0.0,2018-2025,2026-10-08T21:12:02+00:00
2026-10-06T10:00:00+00:00,welcome_island,96,10.80,160,-3.694,51.57,8.10,215,4.646,79.10,290.50,72.65,0,0,WELCOME ISLAND (AUT),0.0,2018-2025,2026-10-08T21:12:02+00:00
2026-10-06T11:00:00+00:00,welcome_island,96,12.42,150,-6.210,40.23,11.00,197,3.216,79.10,291.04,72.65,0,0,WELCOME ISLAND (AUT),0.0,2018-2025,2026-10-08T21:12:02+00:00
2026-10-06T12:00:00+00:00,welcome_island,96,12.96,150,-6.479,28.35,14.90,172,-2.074,79.10,293.74,72.65,0,0,WELCOME ISLAND (AUT),0.0,2018-2025,2026-10-08T21:12:02+00:00
2026-10-06T13:00:00+00:00,welcome_island,96,9.72,160,-3.324,19.44,15.00,170,-2.605,79.10,296.44,72.65,0,0,WELCOME ISLAND (AUT),0.0,2018-2025,2026-10-08T21:12:02+00:00
2026-10-06T14:00:00+00:00,welcome_island,96,7.02,170,-1.219,12.96,15.90,173,-1.938,79.10,295.90,72.65,0,0,WELCOME ISLAND (AUT),0.0,2018-2025,2026-10-08T21:12:02+00:00
2026-10-06T15:00:00+00:00,welcome_island,96,4.32,200,1.477,8.37,15.40,178,-0.537,79.10,289.96,72.65,0,0,WELCOME ISLAND (AUT),0.0,2018-2025,2026-10-08T21:12:02+00:00
2026-10-06T16:00:00+00:00,welcome_island,96,4.86,210,2.430,4.32,15.40,181,0.269,79.10,293.74,72.65,0,0,WELCOME ISLAND (AUT),0.0,2018-2025,2026-10-08T21:12:02+00:00
2026-10-06T17:00:00+00:00,welcome_island,96,8.64,210,4.320,1.08,15.90,179,-0.277,78.35,301.57,72.65,0,0,WELCOME ISLAND (AUT),0.0,2018-2025,2026-10-08T21:12:02+00:00
2026-10-06T18:00:00+00:00,welcome_island,96,10.26,200,3.509,0.00,14.00,176,-0.977,77.60,301.03,72.65,0,0,WELCOME ISLAND (AUT),0.0,2018-2025,2026-10-08T21:12:02+00:00
2026-10-06T19:00:00+00:00,welcome_island,96,10.26,210,5.130,0.00,13.00,167,-2.924,77.60,293.20,72.65,0,0,WELCOME ISLAND (AUT),0.0,2018-2025,2026-10-08T21:12:02+00:00
2026-10-06T20:00:00+00:00,welcome_island,96,11.88,210,5.940,0.00,10.60,174,-1.108,76.80,274.30,72.65,0,0,WELCOME ISLAND (AUT),0.0,2018-2025,2026-10-08T21:12:02+00:00
2026-10-06T21:00:00+00:00,welcome_island,96,9.72,200,3.324,0.00,8.40,187,1.024,76.00,263.50,72.65,0,0,WELCOME ISLAND (AUT),0.0,2018-2025,2026-10-08T21:12:02+00:00
2026-10-06T22:00:00+00:00,welcome_island,96,10.26,210,5.130,0.00,7.10,197,2.076,76.00,263.50,72.65,0,0,WELCOME ISLAND (AUT),0.0,2018-2025,2026-10-08T21:12:02+00:00
2026-10-06T23:00:00+00:00,welcome_island,96,7.56,230,5.791,3.78,6.30,198,1.947,76.00,257.29,72.65,0,0,WELCOME ISLAND (AUT),0.0,2018-2025,2026-10-08T21:12:02+00:00
2026-10-07T00:00:00+00:00,welcome_island,96,8.10,280,7.976,11.61,5.10,245,4.622,78.55,255.67,74.33,0,0,WELCOME ISLAND (AUT),0.0,2018-2025,2026-10-08T21:12:02+00:00
2026-10-07T01:00:00+00:00,welcome_island,96,8.10,280,7.976,19.71,4.40,319,2.887,74.45,253.24,74.33,0,0,WELCOME ISLAND (AUT),0.0,2018-2025,2026-10-08T21:12:02+00:00
2026-10-07T02:00:00+00:00,welcome_island,96,5.94,300,5.144,26.73,4.30,324,2.527,62.40,239.47,74.33,0,0,WELCOME ISLAND (AUT),0.0,2018-2025,2026-10-08T21:12:02+00:00
2026-10-07T03:00:00+00:00,welcome_island,96,12.42,280,12.230,35.91,4.70,289,4.444,54.80,228.13,74.33,0,0,WELCOME ISLAND (AUT),0.0,2018-2025,2026-10-08T21:12:02+00:00
2026-10-07T04:00:00+00:00,welcome_island,96,10.26,270,10.259,47.25,5.70,280,5.613,51.15,220.30,74.33,0,0,WELCOME ISLAND (AUT),0.0,2018-2025,2026-10-08T21:12:02+00:00
2026-10-07T05:00:00+00:00,welcome_island,96,11.88,280,11.699,58.32,6.70,287,6.407,48.70,214.36,74.33,0,0,WELCOME ISLAND (AUT),0.0,2018-2025,2026-10-08T21:12:02+00:00
2026-10-07T06:00:00+00:00,welcome_island,96,11.88,290,11.163,70.19,11.40,305,9.338,50.65,208.96,74.33,0,0,WELCOME ISLAND (AUT),0.0,2018-2025,2026-10-08T21:12:02+00:00
2026-10-07T07:00:00+00:00,welcome_island,96,10.26,270,10.259,81.26,11.50,298,10.154,56.40,204.91,74.33,0,0,WELCOME ISLAND (AUT),0.0,2018-2025,2026-10-08T21:12:02+00:00
2026-10-07T08:00:00+00:00,welcome_island,96,14.04,290,13.192,93.41,11.70,297,10.425,61.65,201.13,74.33,0,0,WELCOME ISLAND (AUT),0.0,2018-2025,2026-10-08T21:12:02+00:00
2026-10-07T09:00:00+00:00,welcome_island,96,10.80,280,10.635,105.83,12.30,296,11.055,66.60,196.54,74.33,0,0,WELCOME ISLAND (AUT),0.0,2018-2025,2026-10-08T21:12:02+00:00
2026-10-07T10:00:00+00:00,welcome_island,96,12.42,290,11.670,117.44,11.20,298,9.889,74.70,191.14,74.33,0,0,WELCOME ISLAND (AUT),0.0,2018-2025,2026-10-08T21:12:02+00:00
2026-10-07T11:00:00+00:00,welcome_island,96,11.34,290,10.655,129.32,11.10,292,10.292,85.85,184.40,74.33,0,0,WELCOME ISLAND (AUT),0.0,2018-2025,2026-10-08T21:12:02+00:00
2026-10-07T12:00:00+00:00,welcome_island,96,9.72,290,9.133,139.85,10.70,280,10.537,96.75,176.03,74.33,0,0,WELCOME ISLAND (AUT),0.0,2018-2025,2026-10-08T21:12:02+00:00
2026-10-07T13:00:00+00:00,welcome_island,96,7.02,280,6.913,148.22,10.40,278,10.299,107.30,166.85,74.33,0,0,WELCOME ISLAND (AUT),0.0,2018-2025,2026-10-08T21:12:02+00:00
2026-10-07T14:00:00+00:00,welcome_island,96,7.56,270,7.559,155.51,9.50,279,9.383,117.25,157.67,74.33,0,0,WELCOME ISLAND (AUT),0.0,2018-2025,2026-10-08T21:12:02+00:00
2026-10-07T15:00:00+00:00,welcome_island,96,5.40,230,4.136,161.99,8.20,274,8.180,126.10,152.81,74.33,0,0,WELCOME ISLAND (AUT),0.0,2018-2025,2026-10-08T21:12:02+00:00
2026-10-07T16:00:00+00:00,welcome_island,96,9.72,300,8.417,169.55,6.60,258,6.456,133.50,140.93,74.33,0,0,WELCOME ISLAND (AUT),0.0,2018-2025,2026-10-08T21:12:02+00:00
2026-10-07T17:00:00+00:00,welcome_island,96,12.42,310,9.514,180.62,11.20,229,8.453,142.40,120.14,74.33,0,0,WELCOME ISLAND (AUT),0.0,2018-2025,2026-10-08T21:12:02+00:00
2026-10-07T18:00:00+00:00,welcome_island,96,8.64,280,8.508,191.14,7.80,247,7.180,151.90,103.67,74.33,0,0,WELCOME ISLAND (AUT),0.0,2018-2025,2026-10-08T21:12:02+00:00
2026-10-07T19:00:00+00:00,welcome_island,96,13.50,300,11.690,202.21,7.60,271,7.599,159.60,96.11,74.33,0,0,WELCOME ISLAND (AUT),0.0,2018-2025,2026-10-08T21:12:02+00:00
2026-10-07T20:00:00+00:00,welcome_island,96,24.30,310,18.613,221.11,10.90,294,9.958,168.85,96.11,74.33,0,0,WELCOME ISLAND (AUT),0.0,2018-2025,2026-10-08T21:12:02+00:00
2026-10-07T21:00:00+00:00,welcome_island,96,25.38,320,16.313,233.26,16.00,311,12.075,182.30,96.11,74.33,0,0,WELCOME ISLAND (AUT),0.0,2018-2025,2026-10-08T21:12:02+00:00
2026-10-07T22:00:00+00:00,welcome_island,96,16.74,310,12.823,241.63,13.20,296,11.864,196.90,96.11,74.33,0,0,WELCOME ISLAND (AUT),0.0,2018-2025,2026-10-08T21:12:02+00:00
2026-10-07T23:00:00+00:00,welcome_island,96,10.80,280,10.635,251.62,13.00,296,11.684,210.00,91.25,74.33,0,0,WELCOME ISLAND (AUT),0.0,2018-2025,2026-10-08T21:12:02+00:00
2026-10-08T00:00:00+00:00,welcome_island,96,11.34,280,11.167,254.86,10.70,331,5.187,213.95,81.80,78.50,0,0,WELCOME ISLAND (AUT),0.0,2018-2025,2026-10-08T21:12:02+00:00
2026-10-08T01:00:00+00:00,welcome_island,96,12.96,290,12.177,258.91,9.60,315,6.788,216.20,73.70,78.50,0,0,WELCOME ISLAND (AUT),0.0,2018-2025,2026-10-08T21:12:02+00:00
2026-10-08T02:00:00+00:00,welcome_island,96,11.34,320,7.289,258.37,9.00,307,7.188,225.50,68.03,78.50,0,0,WELCOME ISLAND (AUT),0.0,2018-2025,2026-10-08T21:12:02+00:00
2026-10-08T03:00:00+00:00,welcome_island,96,12.42,300,10.755,255.40,10.20,301,8.743,232.75,62.63,78.50,0,0,WELCOME ISLAND (AUT),0.0,2018-2025,2026-10-08T21:12:02+00:00
2026-10-08T04:00:00+00:00,welcome_island,96,9.72,280,9.572,255.13,12.60,308,9.929,238.95,56.16,78.50,0,0,WELCOME ISLAND (AUT),0.0,2018-2025,2026-10-08T21:12:02+00:00
2026-09-24T00:00:00+00:00,welcome_island,120,12.42,130,-9.514,26.46,10.00,107,-9.563,0.00,,58.64,0,0,WELCOME ISLAND (AUT),0.0,2018-2025,2026-10-08T21:12:02+00:00
2026-09-24T01:00:00+00:00,welcome_island,120,11.88,130,-9.100,26.46,9.10,106,-8.747,0.00,,58.64,0,0,WELCOME ISLAND (AUT),0.0,2018-2025,2026-10-08T21:12:02+00:00
2026-09-24T02:00:00+00:00,welcome_island,120,9.18,140,-5.900,26.46,8.10,105,-7.824,0.00,,58.64,0,0,WELCOME ISLAND (AUT),0.0,2018-2025,2026-10-08T21:12:02+00:00
2026-09-24T03:00:00+00:00,welcome_island,120,8.10,140,-5.206,26.46,7.20,104,-6.986,0.00,,58.64,0,0,WELCOME ISLAND (AUT),0.0,2018-2025,2026-10-08T21:12:02+00:00
2026-09-24T04:00:00+00:00,welcome_island,120,9.18,120,-7.949,26.46,6.70,100,-6.598,0.00,,58.64,0,0,WELCOME ISLAND (AUT),0.0,2018-2025,2026-10-08T21:12:02+00:00
2026-09-24T05:00:00+00:00,welcome_island,120,2.70,120,-2.338,26.46,6.20,95,-6.176,0.00,,58.64,0,0,WELCOME ISLAND (AUT),0.0,2018-2025,2026-10-08T21:12:02+00:00
2026-09-24T06:00:00+00:00,welcome_island,120,4.86,120,-4.209,26.46,5.70,62,-5.033,0.00,,58.64,0,0,WELCOME ISLAND (AUT),0.0,2018-2025,2026-10-08T21:12:02+00:00
2026-09-24T07:00:00+00:00,welcome_island,120,4.86,130,-3.723,26.46,5.60,70,-5.262,0.00,,58.64,0,0,WELCOME ISLAND (AUT),0.0,2018-2025,2026-10-08T21:12:02+00:00
2026-09-24T08:00:00+00:00,welcome_island,120,5.94,180,0.000,26.46,5.90,82,-5.843,0.00,,58.64,0,0,WELCOME ISLAND (AUT),0.0,2018-2025,2026-10-08T21:12:02+00:00
2026-09-24T09:00:00+00:00,welcome_island,120,5.40,160,-1.847,25.11,5.80,92,-5.796,0.00,,58.64,0,0,WELCOME ISLAND (AUT),0.0,2018-2025,2026-10-08T21:12:02+00:00
2026-09-24T10:00:00+00:00,welcome_island,120,4.32,190,0.750,21.33,4.90,92,-4.897,0.00,,58.64,0,0,WELCOME ISLAND (AUT),0.0,2018-2025,2026-10-08T21:12:02+00:00
2026-09-24T11:00:00+00:00,welcome_island,120,5.40,190,0.938,15.93,3.50,90,-3.500,0.00,,58.64,0,0,WELCOME ISLAND (AUT),0.0,2018-2025,2026-10-08T21:12:02+00:00
2026-09-24T12:00:00+00:00,welcome_island,120,4.32,170,-0.750,10.80,2.60,138,-1.740,0.00,,58.64,0,0,WELCOME ISLAND (AUT),0.0,2018-2025,2026-10-08T21:12:02+00:00
2026-09-24T13:00:00+00:00,welcome_island,120,4.86,160,-1.662,6.75,3.80,145,-2.180,0.00,,58.64,0,0,WELCOME ISLAND (AUT),0.0,2018-2025,2026-10-08T21:12:02+00:00
2026-09-24T14:00:00+00:00,welcome_island,120,3.78,170,-0.656,2.43,5.40,150,-2.700,0.00,,58.64,0,0,WELCOME ISLAND (AUT),0.0,2018-2025,2026-10-08T21:12:02+00:00
2026-09-24T15:00:00+00:00,welcome_island,120,5.94,150,-2.970,0.00,6.20,156,-2.522,0.00,,58.64,0,0,WELCOME ISLAND (AUT),0.0,2018-2025,2026-10-08T21:12:02+00:00
2026-09-24T16:00:00+00:00,welcome_island,120,6.48,210,3.240,0.00,5.60,168,-1.164,0.00,,58.64,0,0,WELCOME ISLAND (AUT),0.0,2018-2025,2026-10-08T21:12:02+00:00
2026-09-24T17:00:00+00:00,welcome_island,120,5.94,210,2.970,0.00,4.70,189,0.735,0.00,,58.64,0,0,WELCOME ISLAND (AUT),0.0,2018-2025,2026-10-08T21:12:02+00:00
2026-09-24T18:00:00+00:00,welcome_island,120,5.40,210,2.700,0.00,5.60,182,0.195,0.00,,58.64,0,0,WELCOME ISLAND (AUT),0.0,2018-2025,2026-10-08T21:12:02+00:00
2026-09-24T19:00:00+00:00,welcome_island,120,7.02,200,2.401,0.00,5.80,184,0.405,0.00,,58.64,0,0,WELCOME ISLAND (AUT),0.0,2018-2025,2026-10-08T21:12:02+00:00
2026-09-24T20:00:00+00:00,welcome_island,120,4.86,200,1.662,0.00,6.20,185,0.540,0.00,,58.64,0,0,WELCOME ISLAND (AUT),0.0,2018-2025,2026-10-08T21:12:02+00:00
2026-09-24T21:00:00+00:00,welcome_island,120,4.32,220,2.777,0.00,6.20,182,0.216,0.00,,58.64,0,0,WELCOME ISLAND (AUT),0.0,2018-2025,2026-10-08T21:12:02+00:00
2026-09-24T22:00:00+00:00,welcome_island,120,2.16,180,0.000,0.00,5.50,170,-0.955,0.00,,58.64,0,0,WELCOME ISLAND (AUT),0.0,2018-2025,2026-10-08T21:12:02+00:00
2026-09-24T23:00:00+00:00,welcome_island,120,5.94,130,-4.550,0.00,4.90,146,-2.740,0.00,,58.64,0,0,WELCOME ISLAND (AUT),0.0,2018-2025,2026-10-08T21:12:02+00:00
2026-09-25T00:00:00+00:00,welcome_island,120,0.00,,0.000,0.00,6.10,187,0.743,0.00,,59.07,0,0,WELCOME ISLAND (AUT),0.0,2018-2025,2026-10-08T21:12:02+00:00
2026-09-25T01:00:00+00:00,welcome_island,120,1.62,120,-1.403,0.00,6.20,194,1.500,0.00,,59.07,0,0,WELCOME ISLAND (AUT),0.0,2018-2025,2026-10-08T21:12:02+00:00
2026-09-25T02:00:00+00:00,welcome_island,120,2.70,110,-2.537,0.00,6.70,202,2.510,0.00,,59.07,0,0,WELCOME ISLAND (AUT),0.0,2018-2025,2026-10-08T21:12:02+00:00
2026-09-25T03:00:00+00:00,welcome_island,120,0.00,,0.000,0.00,6.70,210,3.350,0.00,,59.07,0,0,WELCOME ISLAND (AUT),0.0,2018-2025,2026-10-08T21:12:02+00:00
2026-09-25T04:00:00+00:00,welcome_island,120,2.16,180,0.000,0.00,5.50,219,3.461,0.00,,59.07,0,0,WELCOME ISLAND (AUT),0.0,2018-2025,2026-10-08T21:12:02+00:00
2026-09-25T05:00:00+00:00,welcome_island,120,0.00,,0.000,0.00,4.00,241,3.498,2.00,,59.07,0,0,WELCOME ISLAND (AUT),0.0,2018-2025,2026-10-08T21:12:02+00:00
2026-09-25T06:00:00+00:00,welcome_island,120,1.62,50,-1.241,0.00,2.30,31,-1.185,4.00,,59.07,0,0,WELCOME ISLAND (AUT),0.0,2018-2025,2026-10-08T21:12:02+00:00
2026-09-25T07:00:00+00:00,welcome_island,120,1.62,40,-1.041,0.00,1.80,41,-1.181,4.00,,59.07,0,0,WELCOME ISLAND (AUT),0.0,2018-2025,2026-10-08T21:12:02+00:00
2026-09-25T08:00:00+00:00,welcome_island,120,0.00,,0.000,0.00,1.00,79,-0.982,4.00,,59.07,0,0,WELCOME ISLAND (AUT),0.0,2018-2025,2026-10-08T21:12:02+00:00
2026-09-25T09:00:00+00:00,welcome_island,120,0.00,,0.000,0.00,1.00,158,-0.375,4.00,,59.07,0,0,WELCOME ISLAND (AUT),0.0,2018-2025,2026-10-08T21:12:02+00:00
2026-09-25T10:00:00+00:00,welcome_island,120,2.16,240,1.870,1.08,2.30,200,0.787,4.00,,59.07,0,0,WELCOME ISLAND (AUT),0.0,2018-2025,2026-10-08T21:12:02+00:00
2026-09-25T11:00:00+00:00,welcome_island,120,4.86,190,0.844,2.16,3.90,213,2.124,4.00,,59.07,0,0,WELCOME ISLAND (AUT),0.0,2018-2025,2026-10-08T21:12:02+00:00
2026-09-25T12:00:00+00:00,welcome_island,120,2.70,210,1.350,2.16,3.80,249,3.548,5.90,,59.07,0,0,WELCOME ISLAND (AUT),0.0,2018-2025,2026-10-08T21:12:02+00:00
2026-09-25T13:00:00+00:00,welcome_island,120,4.32,220,2.777,2.16,3.70,245,3.353,9.65,,59.07,0,0,WELCOME ISLAND (AUT),0.0,2018-2025,2026-10-08T21:12:02+00:00
2026-09-25T14:00:00+00:00,welcome_island,120,6.48,220,4.165,2.16,3.20,232,2.522,13.10,,59.07,0,0,WELCOME ISLAND (AUT),0.0,2018-2025,2026-10-08T21:12:02+00:00
2026-09-25T15:00:00+00:00,welcome_island,120,4.86,220,3.124,2.16,2.70,225,1.909,16.05,,59.07,0,0,WELCOME ISLAND (AUT),0.0,2018-2025,2026-10-08T21:12:02+00:00
2026-09-25T16:00:00+00:00,welcome_island,120,3.24,310,2.482,3.78,2.50,231,1.943,18.65,,59.07,0,0,WELCOME ISLAND (AUT),0.0,2018-2025,2026-10-08T21:12:02+00:00
2026-09-25T17:00:00+00:00,welcome_island,120,0.00,,0.000,5.40,2.30,239,1.971,21.05,,59.07,0,0,WELCOME ISLAND (AUT),0.0,2018-2025,2026-10-08T21:12:02+00:00
2026-09-25T18:00:00+00:00,welcome_island,120,7.02,210,3.510,5.40,4.50,185,0.392,22.20,,59.07,0,0,WELCOME ISLAND (AUT),0.0,2018-2025,2026-10-08T21:12:02+00:00
2026-09-25T19:00:00+00:00,welcome_island,120,7.56,210,3.780,5.40,4.70,178,-0.164,22.20,,59.07,0,0,WELCOME ISLAND (AUT),0.0,2018-2025,2026-10-08T21:12:02+00:00
2026-09-25T20:00:00+00:00,welcome_island,120,5.94,210,2.970,5.40,4.60,168,-0.956,22.20,,59.07,0,0,WELCOME ISLAND (AUT),0.0,2018-2025,2026-10-08T21:12:02+00:00
2026-09-25T21:00:00+00:00,welcome_island,120,5.40,200,1.847,5.40,4.40,151,-2.133,22.20,,59.07,0,0,WELCOME ISLAND (AUT),0.0,2018-2025,2026-10-08T21:12:02+00:00
2026-09-25T22:00:00+00:00,welcome_island,120,3.24,150,-1.620,5.40,4.70,128,-3.704,22.20,,59.07,0,0,WELCOME ISLAND (AUT),0.0,2018-2025,2026-10-08T21:12:02+00:00
2026-09-25T23:00:00+00:00,welcome_island,120,1.62,140,-1.041,5.40,5.80,104,-5.628,22.20,,59.07,0,0,WELCOME ISLAND (AUT),0.0,2018-2025,2026-10-08T21:12:02+00:00
2026-09-26T00:00:00+00:00,welcome_island,120,3.78,200,1.293,5.40,4.70,95,-4.682,22.20,,56.37,0,0,WELCOME ISLAND (AUT),0.0,2018-2025,2026-10-08T21:12:02+00:00
2026-09-26T01:00:00+00:00,welcome_island,120,1.62,220,1.041,5.40,5.70,94,-5.686,22.20,,56.37,0,0,WELCOME ISLAND (AUT),0.0,2018-2025,2026-10-08T21:12:02+00:00
2026-09-26T02:00:00+00:00,welcome_island,120,5.40,70,-5.074,5.40,6.50,99,-6.420,22.20,,56.37,0,0,WELCOME ISLAND (AUT),0.0,2018-2025,2026-10-08T21:12:02+00:00
2026-09-26T03:00:00+00:00,welcome_island,120,7.02,170,-1.219,5.40,6.90,100,-6.795,22.20,,56.37,0,0,WELCOME ISLAND (AUT),0.0,2018-2025,2026-10-08T21:12:02+00:00
2026-09-26T04:00:00+00:00,welcome_island,120,7.02,140,-4.512,5.40,6.20,92,-6.196,22.20,,56.37,0,0,WELCOME ISLAND (AUT),0.0,2018-2025,2026-10-08T21:12:02+00:00
2026-09-26T05:00:00+00:00,welcome_island,120,7.02,160,-2.401,5.40,5.40,77,-5.262,20.20,,56.37,0,0,WELCOME ISLAND (AUT),0.0,2018-2025,2026-10-08T21:12:02+00:00
2026-09-26T06:00:00+00:00,welcome_island,120,3.24,10,-0.563,5.40,8.80,72,-8.369,18.20,,56.37,0,0,WELCOME ISLAND (AUT),0.0,2018-2025,2026-10-08T21:12:02+00:00
2026-09-26T07:00:00+00:00,welcome_island,120,4.86,30,-2.430,5.40,8.20,72,-7.799,18.20,,56.37,0,0,WELCOME ISLAND (AUT),0.0,2018-2025,2026-10-08T21:12:02+00:00
2026-09-26T08:00:00+00:00,welcome_island,120,7.56,70,-7.104,5.40,6.90,74,-6.633,18.20,,56.37,0,0,WELCOME ISLAND (AUT),0.0,2018-2025,2026-10-08T21:12:02+00:00
2026-09-26T09:00:00+00:00,welcome_island,120,6.48,70,-6.089,5.40,5.30,82,-5.248,18.20,,56.37,0,0,WELCOME ISLAND (AUT),0.0,2018-2025,2026-10-08T21:12:02+00:00
2026-09-26T10:00:00+00:00,welcome_island,120,5.40,70,-5.074,4.32,4.20,103,-4.092,18.20,,56.37,0,0,WELCOME ISLAND (AUT),0.0,2018-2025,2026-10-08T21:12:02+00:00
2026-09-26T11:00:00+00:00,welcome_island,120,3.24,60,-2.806,3.24,4.30,141,-2.706,18.20,,56.37,0,0,WELCOME ISLAND (AUT),0.0,2018-2025,2026-10-08T21:12:02+00:00
2026-09-26T12:00:00+00:00,welcome_island,120,7.02,60,-6.079,3.24,6.50,139,-4.264,16.30,,56.37,0,0,WELCOME ISLAND (AUT),0.0,2018-2025,2026-10-08T21:12:02+00:00
2026-09-26T13:00:00+00:00,welcome_island,120,4.32,70,-4.059,3.24,7.50,145,-4.302,12.55,,56.37,0,0,WELCOME ISLAND (AUT),0.0,2018-2025,2026-10-08T21:12:02+00:00
2026-09-26T14:00:00+00:00,welcome_island,120,10.80,70,-10.148,3.24,8.60,147,-4.684,9.10,,56.37,0,0,WELCOME ISLAND (AUT),0.0,2018-2025,2026-10-08T21:12:02+00:00
2026-09-26T15:00:00+00:00,welcome_island,120,7.02,70,-6.596,3.24,9.50,149,-4.893,6.15,,56.37,0,0,WELCOME ISLAND (AUT),0.0,2018-2025,2026-10-08T21:12:02+00:00
2026-09-26T16:00:00+00:00,welcome_island,120,6.48,120,-5.611,1.62,9.90,152,-4.648,3.55,,56.37,0,0,WELCOME ISLAND (AUT),0.0,2018-2025,2026-10-08T21:12:02+00:00
2026-09-26T17:00:00+00:00,welcome_island,120,8.10,140,-5.206,0.00,10.00,156,-4.067,1.15,,56.37,0,0,WELCOME ISLAND (AUT),0.0,2018-2025,2026-10-08T21:12:02+00:00
2026-09-26T18:00:00+00:00,welcome_island,120,7.56,120,-6.547,0.00,12.70,184,0.886,0.00,,56.37,0,0,WELCOME ISLAND (AUT),0.0,2018-2025,2026-10-08T21:12:02+00:00
2026-09-26T19:00:00+00:00,welcome_island,120,11.34,140,-7.289,0.00,11.70,184,0.816,0.00,,56.37,0,0,WELCOME ISLAND (AUT),0.0,2018-2025,2026-10-08T21:12:02+00:00
2026-09-26T20:00:00+00:00,welcome_island,120,4.86,100,-4.786,0.00,10.10,182,0.352,0.00,,56.37,0,0,WELCOME ISLAND (AUT),0.0,2018-2025,2026-10-08T21:12:02+00:00
2026-09-26T21:00:00+00:00,welcome_island,120,6.48,130,-4.964,0.00,8.90,181,0.155,0.00,,56.37,0,0,WELCOME ISLAND (AUT),0.0,2018-2025,2026-10-08T21:12:02+00:00
2026-09-26T22:00:00+00:00,welcome_island,120,7.56,130,-5.791,0.00,8.60,180,0.000,0.00,,56.37,0,0,WELCOME ISLAND (AUT),0.0,2018-2025,2026-10-08T21:12:02+00:00
2026-09-26T23:00:00+00:00,welcome_island,120,7.56,120,-6.547,0.00,8.60,180,0.000,0.00,,56.37,0,0,WELCOME ISLAND (AUT),0.0,2018-2025,2026-10-08T21:12:02+00:00
2026-09-27T00:00:00+00:00,welcome_island,120,6.48,80,-6.381,0.00,8.30,99,-8.198,0.00,,58.11,0,0,WELCOME ISLAND (AUT),0.0,2018-2025,2026-10-08T21:12:02+00:00
2026-09-27T01:00:00+00:00,welcome_island,120,9.18,80,-9.040,0.00,6.80,87,-6.791,0.00,,58.11,0,0,WELCOME ISLAND (AUT),0.0,2018-2025,2026-10-08T21:12:02+00:00
2026-09-27T02:00:00+00:00,welcome_island,120,8.10,80,-7.976,0.00,4.80,58,-4.071,0.00,,58.11,0,0,WELCOME ISLAND (AUT),0.0,2018-2025,2026-10-08T21:12:02+00:00
2026-09-27T03:00:00+00:00,welcome_island,120,10.26,100,-10.103,0.00,4.30,30,-2.150,0.00,,58.11,0,0,WELCOME ISLAND (AUT),0.0,2018-2025,2026-10-08T21:12:02+00:00
2026-09-27T04:00:00+00:00,welcome_island,120,2.70,120,-2.338,0.00,3.30,28,-1.549,0.00,,58.11,0,0,WELCOME ISLAND (AUT),0.0,2018-2025,2026-10-08T21:12:02+00:00
2026-09-27T05:00:00+00:00,welcome_island,120,6.48,140,-4.165,0.00,2.10,49,-1.585,0.00,0.00,58.11,0,0,WELCOME ISLAND (AUT),0.0,2018-2025,2026-10-08T21:12:02+00:00
2026-09-27T06:00:00+00:00,welcome_island,120,4.86,150,-2.430,0.00,12.90,196,3.556,0.00,5.40,58.11,0,0,WELCOME ISLAND (AUT),0.0,2018-2025,2026-10-08T21:12:02+00:00
2026-09-27T07:00:00+00:00,welcome_island,120,4.86,200,1.662,0.00,13.40,196,3.694,0.00,12.15,58.11,0,0,WELCOME ISLAND (AUT),0.0,2018-2025,2026-10-08T21:12:02+00:00
2026-09-27T08:00:00+00:00,welcome_island,120,5.40,190,0.938,0.00,13.00,197,3.801,0.00,19.98,58.11,0,0,WELCOME ISLAND (AUT),0.0,2018-2025,2026-10-08T21:12:02+00:00
2026-09-27T09:00:00+00:00,welcome_island,120,5.40,190,0.938,0.00,12.40,197,3.625,0.00,28.89,58.11,0,0,WELCOME ISLAND (AUT),0.0,2018-2025,2026-10-08T21:12:02+00:00
2026-09-27T10:00:00+00:00,welcome_island,120,2.70,210,1.350,0.00,11.70,195,3.028,0.00,37.53,58.11,0,0,WELCOME ISLAND (AUT),0.0,2018-2025,2026-10-08T21:12:02+00:00
2026-09-27T11:00:00+00:00,welcome_island,120,3.24,210,1.620,0.00,10.90,191,2.080,0.00,45.90,58.11,0,0,WELCOME ISLAND (AUT),0.0,2018-2025,2026-10-08T21:12:02+00:00
2026-09-27T12:00:00+00:00,welcome_island,120,5.94,210,2.970,0.00,14.00,197,4.093,0.00,54.27,58.11,0,0,WELCOME ISLAND (AUT),0.0,2018-2025,2026-10-08T21:12:02+00:00
2026-09-27T13:00:00+00:00,welcome_island,120,5.40,210,2.700,0.00,15.00,199,4.884,0.00,62.37,58.11,0,0,WELCOME ISLAND (AUT),0.0,2018-2025,2026-10-08T21:12:02+00:00
2026-09-27T14:00:00+00:00,welcome_island,120,9.18,210,4.590,0.00,14.10,203,5.509,0.00,69.92,58.11,0,0,WELCOME ISLAND (AUT),0.0,2018-2025,2026-10-08T21:12:02+00:00
2026-09-27T15:00:00+00:00,welcome_island,120,5.94,210,2.970,0.00,13.20,206,5.786,0.00,73.43,58.11,0,0,WELCOME ISLAND (AUT),0.0,2018-2025,2026-10-08T21:12:02+00:00
2026-09-27T16:00:00+00:00,welcome_island,120,4.86,210,2.430,0.00,12.50,210,6.250,0.00,73.43,58.11,0,0,WELCOME ISLAND (AUT),0.0,2018-2025,2026-10-08T21:12:02+00:00
2026-09-27T17:00:00+00:00,welcome_island,120,6.48,210,3.240,0.00,11.90,214,6.654,0.00,73.43,58.11,0,0,WELCOME ISLAND (AUT),0.0,2018-2025,2026-10-08T21:12:02+00:00
2026-09-27T18:00:00+00:00,welcome_island,120,7.56,200,2.585,0.00,11.20,208,5.258,0.00,73.43,58.11,0,0,WELCOME ISLAND (AUT),0.0,2018-2025,2026-10-08T21:12:02+00:00
2026-09-27T19:00:00+00:00,welcome_island,120,7.02,210,3.510,0.00,10.40,210,5.200,0.00,73.43,58.11,0,0,WELCOME ISLAND (AUT),0.0,2018-2025,2026-10-08T21:12:02+00:00
2026-09-27T20:00:00+00:00,welcome_island,120,8.64,210,4.320,0.00,9.10,214,5.089,0.00,73.43,58.11,0,0,WELCOME ISLAND (AUT),0.0,2018-2025,2026-10-08T21:12:02+00:00
2026-09-27T21:00:00+00:00,welcome_island,120,8.64,210,4.320,0.00,8.40,214,4.697,0.00,73.43,58.11,0,0,WELCOME ISLAND (AUT),0.0,2018-2025,2026-10-08T21:12:02+00:00
2026-09-27T22:00:00+00:00,welcome_island,120,8.64,220,5.553,0.00,8.80,205,3.719,0.00,73.43,58.11,0,0,WELCOME ISLAND (AUT),0.0,2018-2025,2026-10-08T21:12:02+00:00
2026-09-27T23:00:00+00:00,welcome_island,120,9.18,220,5.900,0.00,10.00,195,2.588,0.00,73.43,58.11,0,0,WELCOME ISLAND (AUT),0.0,2018-2025,2026-10-08T21:12:02+00:00
2026-09-28T00:00:00+00:00,welcome_island,120,10.26,220,6.594,0.00,7.50,211,3.863,0.00,73.43,62.75,0,0,WELCOME ISLAND (AUT),0.0,2018-2025,2026-10-08T21:12:02+00:00
2026-09-28T01:00:00+00:00,welcome_island,120,6.48,240,5.611,3.24,5.50,219,3.461,0.00,73.43,62.75,0,0,WELCOME ISLAND (AUT),0.0,2018-2025,2026-10-08T21:12:02+00:00
2026-09-28T02:00:00+00:00,welcome_island,120,4.32,320,2.777,6.48,3.60,234,2.912,1.80,73.43,62.75,0,0,WELCOME ISLAND (AUT),0.0,2018-2025,2026-10-08T21:12:02+00:00
2026-09-28T03:00:00+00:00,welcome_island,120,4.86,300,4.209,8.91,2.40,261,2.370,4.80,73.43,62.75,0,0,WELCOME ISLAND (AUT),0.0,2018-2025,2026-10-08T21:12:02+00:00
2026-09-28T04:00:00+00:00,welcome_island,120,6.48,300,5.611,14.58,1.80,288,1.712,6.90,73.43,62.75,0,0,WELCOME ISLAND (AUT),0.0,2018-2025,2026-10-08T21:12:02+00:00
2026-09-28T05:00:00+00:00,welcome_island,120,5.94,300,5.144,20.79,1.50,310,1.149,8.55,73.43,62.75,0,0,WELCOME ISLAND (AUT),0.0,2018-2025,2026-10-08T21:12:02+00:00
2026-09-28T06:00:00+00:00,welcome_island,120,7.02,300,6.079,27.27,1.20,219,0.755,9.30,68.03,62.75,0,0,WELCOME ISLAND (AUT),0.0,2018-2025,2026-10-08T21:12:02+00:00
2026-09-28T07:00:00+00:00,welcome_island,120,8.64,310,6.618,35.10,2.20,207,0.999,9.30,61.29,62.75,0,0,WELCOME ISLAND (AUT),0.0,2018-2025,2026-10-08T21:12:02+00:00
2026-09-28T08:00:00+00:00,welcome_island,120,9.72,300,8.417,44.28,2.60,197,0.760,9.30,53.46,62.75,0,0,WELCOME ISLAND (AUT),0.0,2018-2025,2026-10-08T21:12:02+00:00
2026-09-28T09:00:00+00:00,welcome_island,120,8.64,300,7.482,53.46,3.20,194,0.774,9.30,45.90,62.75,0,0,WELCOME ISLAND (AUT),0.0,2018-2025,2026-10-08T21:12:02+00:00
2026-09-28T10:00:00+00:00,welcome_island,120,9.18,310,7.032,62.37,3.30,197,0.965,9.30,41.04,62.75,0,0,WELCOME ISLAND (AUT),0.0,2018-2025,2026-10-08T21:12:02+00:00
2026-09-28T11:00:00+00:00,welcome_island,120,6.48,280,6.381,70.19,3.10,202,1.161,9.30,38.07,62.75,0,0,WELCOME ISLAND (AUT),0.0,2018-2025,2026-10-08T21:12:02+00:00
2026-09-28T12:00:00+00:00,welcome_island,120,7.56,290,7.104,77.21,7.70,207,3.496,9.30,34.83,62.75,0,0,WELCOME ISLAND (AUT),0.0,2018-2025,2026-10-08T21:12:02+00:00
2026-09-28T13:00:00+00:00,welcome_island,120,4.86,290,4.567,83.42,8.70,201,3.118,9.30,30.78,62.75,0,0,WELCOME ISLAND (AUT),0.0,2018-2025,2026-10-08T21:12:02+00:00
2026-09-28T14:00:00+00:00,welcome_island,120,3.78,300,3.273,87.74,10.00,195,2.588,9.30,27.54,62.75,0,0,WELCOME ISLAND (AUT),0.0,2018-2025,2026-10-08T21:12:02+00:00
2026-09-28T15:00:00+00:00,welcome_island,120,4.32,280,4.254,91.79,11.30,191,2.156,9.30,26.46,62.75,0,0,WELCOME ISLAND (AUT),0.0,2018-2025,2026-10-08T21:12:02+00:00
2026-09-28T16:00:00+00:00,welcome_island,120,1.62,340,0.554,93.95,12.20,190,2.119,9.30,26.46,62.75,0,0,WELCOME ISLAND (AUT),0.0,2018-2025,2026-10-08T21:12:02+00:00
2026-09-28T17:00:00+00:00,welcome_island,120,3.24,140,-2.082,93.95,13.10,191,2.500,9.30,26.46,62.75,0,0,WELCOME ISLAND (AUT),0.0,2018-2025,2026-10-08T21:12:02+00:00
2026-09-28T18:00:00+00:00,welcome_island,120,0.00,,0.000,93.95,12.90,184,0.900,9.30,26.46,62.75,0,0,WELCOME ISLAND (AUT),0.0,2018-2025,2026-10-08T21:12:02+00:00
2026-09-28T19:00:00+00:00,welcome_island,120,5.40,150,-2.700,93.95,13.10,187,1.596,9.30,26.46,62.75,0,0,WELCOME ISLAND (AUT),0.0,2018-2025,2026-10-08T21:12:02+00:00
2026-09-28T20:00:00+00:00,welcome_island,120,4.32,160,-1.477,93.95,12.40,190,2.153,9.30,26.46,62.75,0,0,WELCOME ISLAND (AUT),0.0,2018-2025,2026-10-08T21:12:02+00:00
2026-09-28T21:00:00+00:00,welcome_island,120,7.02,160,-2.401,93.95,11.40,190,1.980,9.30,26.46,62.75,0,0,WELCOME ISLAND (AUT),0.0,2018-2025,2026-10-08T21:12:02+00:00
2026-09-28T22:00:00+00:00,welcome_island,120,6.48,160,-2.216,93.95,10.10,180,0.000,9.30,26.46,62.75,0,0,WELCOME ISLAND (AUT),0.0,2018-2025,2026-10-08T21:12:02+00:00
2026-09-28T23:00:00+00:00,welcome_island,120,7.02,170,-1.219,93.95,9.00,161,-2.930,9.30,26.46,62.75,0,0,WELCOME ISLAND (AUT),0.0,2018-2025,2026-10-08T21:12:02+00:00
2026-09-29T00:00:00+00:00,welcome_island,120,5.94,160,-2.031,93.95,5.70,108,-5.421,9.30,26.46,65.18,0,0,WELCOME ISLAND (AUT),0.0,2018-2025,2026-10-08T21:12:02+00:00
2026-09-29T01:00:00+00:00,welcome_island,120,2.70,100,-2.659,90.71,6.40,85,-6.376,9.30,26.46,65.18,0,0,WELCOME ISLAND (AUT),0.0,2018-2025,2026-10-08T21:12:02+00:00
2026-09-29T02:00:00+00:00,welcome_island,120,5.40,150,-2.700,87.47,7.20,66,-6.578,7.50,26.46,65.18,0,0,WELCOME ISLAND (AUT),0.0,2018-2025,2026-10-08T21:12:02+00:00
2026-09-29T03:00:00+00:00,welcome_island,120,4.86,100,-4.786,85.04,7.20,59,-6.172,4.50,26.46,65.18,0,0,WELCOME ISLAND (AUT),0.0,2018-2025,2026-10-08T21:12:02+00:00
2026-09-29T04:00:00+00:00,welcome_island,120,3.78,140,-2.430,79.37,5.00,64,-4.494,2.40,26.46,65.18,0,0,WELCOME ISLAND (AUT),0.0,2018-2025,2026-10-08T21:12:02+00:00
2026-09-29T05:00:00+00:00,welcome_island,120,0.00,,0.000,73.16,1.90,114,-1.736,0.75,26.46,65.18,0,0,WELCOME ISLAND (AUT),0.0,2018-2025,2026-10-08T21:12:02+00:00
2026-09-29T06:00:00+00:00,welcome_island,120,0.00,,0.000,66.68,5.80,165,-1.501,0.00,26.46,65.18,0,0,WELCOME ISLAND (AUT),0.0,2018-2025,2026-10-08T21:12:02+00:00
2026-09-29T07:00:00+00:00,welcome_island,120,0.00,,0.000,58.86,6.90,170,-1.198,0.00,26.46,65.18,0,0,WELCOME ISLAND (AUT),0.0,2018-2025,2026-10-08T21:12:02+00:00
2026-09-29T08:00:00+00:00,welcome_island,120,7.02,100,-6.913,49.68,7.30,172,-1.016,0.00,26.46,65.18,0,0,WELCOME ISLAND (AUT),0.0,2018-2025,2026-10-08T21:12:02+00:00
2026-09-29T09:00:00+00:00,welcome_island,120,4.86,110,-4.567,40.50,7.60,173,-0.926,0.00,25.11,65.18,0,0,WELCOME ISLAND (AUT),0.0,2018-2025,2026-10-08T21:12:02+00:00
2026-09-29T10:00:00+00:00,welcome_island,120,10.26,160,-3.509,31.59,8.20,172,-1.141,0.00,21.33,65.18,0,0,WELCOME ISLAND (AUT),0.0,2018-2025,2026-10-08T21:12:02+00:00
2026-09-29T11:00:00+00:00,welcome_island,120,3.24,190,0.563,23.76,8.90,171,-1.392,0.00,15.93,65.18,0,0,WELCOME ISLAND (AUT),0.0,2018-2025,2026-10-08T21:12:02+00:00
2026-09-29T12:00:00+00:00,welcome_island,120,4.86,190,0.844,16.74,11.60,151,-5.624,0.00,10.80,65.18,0,0,WELCOME ISLAND (AUT),0.0,2018-2025,2026-10-08T21:12:02+00:00
2026-09-29T13:00:00+00:00,welcome_island,120,3.78,200,1.293,10.53,13.00,154,-5.699,0.00,6.75,65.18,0,0,WELCOME ISLAND (AUT),0.0,2018-2025,2026-10-08T21:12:02+00:00
2026-09-29T14:00:00+00:00,welcome_island,120,3.78,210,1.890,6.21,14.20,159,-5.089,0.00,2.43,65.18,0,0,WELCOME ISLAND (AUT),0.0,2018-2025,2026-10-08T21:12:02+00:00
2026-09-29T15:00:00+00:00,welcome_island,120,0.00,,0.000,2.16,14.70,162,-4.543,0.00,0.00,65.18,0,0,WELCOME ISLAND (AUT),0.0,2018-2025,2026-10-08T21:12:02+00:00
2026-09-29T16:00:00+00:00,welcome_island,120,7.02,200,2.401,0.00,14.10,162,-4.357,0.00,0.00,65.18,0,0,WELCOME ISLAND (AUT),0.0,2018-2025,2026-10-08T21:12:02+00:00
2026-09-29T17:00:00+00:00,welcome_island,120,8.10,190,1.406,0.00,12.90,160,-4.412,0.00,0.00,65.18,0,0,WELCOME ISLAND (AUT),0.0,2018-2025,2026-10-08T21:12:02+00:00
2026-09-29T18:00:00+00:00,welcome_island,120,10.26,200,3.509,0.00,11.80,210,5.900,0.00,0.00,65.18,0,0,WELCOME ISLAND (AUT),0.0,2018-2025,2026-10-08T21:12:02+00:00
2026-09-29T19:00:00+00:00,welcome_island,120,8.64,200,2.955,0.00,11.70,210,5.850,0.00,0.00,65.18,0,0,WELCOME ISLAND (AUT),0.0,2018-2025,2026-10-08T21:12:02+00:00
2026-09-29T20:00:00+00:00,welcome_island,120,7.02,210,3.510,0.00,11.70,209,5.672,0.00,0.00,65.18,0,0,WELCOME ISLAND (AUT),0.0,2018-2025,2026-10-08T21:12:02+00:00
2026-09-29T21:00:00+00:00,welcome_island,120,6.48,200,2.216,0.00,10.90,209,5.284,0.00,0.00,65.18,0,0,WELCOME ISLAND (AUT),0.0,2018-2025,2026-10-08T21:12:02+00:00
2026-09-29T22:00:00+00:00,welcome_island,120,6.48,200,2.216,0.00,9.00,213,4.902,0.00,0.00,65.18,0,0,WELCOME ISLAND (AUT),0.0,2018-2025,2026-10-08T21:12:02+00:00
2026-09-29T23:00:00+00:00,welcome_island,120,9.18,200,3.139,0.00,6.60,223,4.501,0.00,0.00,65.18,0,0,WELCOME ISLAND (AUT),0.0,2018-2025,2026-10-08T21:12:02+00:00
2026-09-30T00:00:00+00:00,welcome_island,120,5.94,200,2.031,0.00,10.70,209,5.187,0.00,0.00,67.33,0,0,WELCOME ISLAND (AUT),0.0,2018-2025,2026-10-08T21:12:02+00:00
2026-09-30T01:00:00+00:00,welcome_island,120,5.94,230,4.550,2.97,8.80,215,5.047,0.00,0.00,67.33,0,0,WELCOME ISLAND (AUT),0.0,2018-2025,2026-10-08T21:12:02+00:00
2026-09-30T02:00:00+00:00,welcome_island,120,8.10,210,4.050,5.94,6.70,224,4.654,0.00,0.00,67.33,0,0,WELCOME ISLAND (AUT),0.0,2018-2025,2026-10-08T21:12:02+00:00
2026-09-30T03:00:00+00:00,welcome_island,120,8.64,210,4.320,5.94,5.00,231,3.886,2.50,0.00,67.33,0,0,WELCOME ISLAND (AUT),0.0,2018-2025,2026-10-08T21:12:02+00:00
2026-09-30T04:00:00+00:00,welcome_island,120,8.64,210,4.320,5.94,4.10,225,2.899,7.05,0.00,67.33,0,0,WELCOME ISLAND (AUT),0.0,2018-2025,2026-10-08T21:12:02+00:00
2026-09-30T05:00:00+00:00,welcome_island,120,9.72,210,4.860,5.94,3.90,207,1.771,9.10,0.00,67.33,0,0,WELCOME ISLAND (AUT),0.0,2018-2025,2026-10-08T21:12:02+00:00
2026-09-30T06:00:00+00:00,welcome_island,120,10.80,210,5.400,5.94,6.00,199,1.953,9.10,0.00,67.33,0,0,WELCOME ISLAND (AUT),0.0,2018-2025,2026-10-08T21:12:02+00:00
2026-09-30T07:00:00+00:00,welcome_island,120,11.88,210,5.940,5.94,6.30,196,1.737,9.10,0.00,67.33,0,0,WELCOME ISLAND (AUT),0.0,2018-2025,2026-10-08T21:12:02+00:00
2026-09-30T08:00:00+00:00,welcome_island,120,11.34,210,5.670,5.94,7.00,194,1.693,9.10,0.00,67.33,0,0,WELCOME ISLAND (AUT),0.0,2018-2025,2026-10-08T21:12:02+00:00
2026-09-30T09:00:00+00:00,welcome_island,120,9.72,220,6.247,5.94,7.40,194,1.790,9.10,0.00,67.33,0,0,WELCOME ISLAND (AUT),0.0,2018-2025,2026-10-08T21:12:02+00:00
2026-09-30T10:00:00+00:00,welcome_island,120,8.10,220,5.206,5.94,7.20,194,1.742,9.10,1.08,67.33,0,0,WELCOME ISLAND (AUT),0.0,2018-2025,2026-10-08T21:12:02+00:00
2026-09-30T11:00:00+00:00,welcome_island,120,9.18,210,4.590,5.94,7.10,196,1.957,9.10,2.16,67.33,0,0,WELCOME ISLAND (AUT),0.0,2018-2025,2026-10-08T21:12:02+00:00
2026-09-30T12:00:00+00:00,welcome_island,120,8.64,220,5.553,5.94,17.60,338,6.593,9.10,2.16,67.33,0,0,WELCOME ISLAND (AUT),0.0,2018-2025,2026-10-08T21:12:02+00:00
2026-09-30T13:00:00+00:00,welcome_island,120,7.56,220,4.859,5.94,16.60,337,6.486,9.10,2.16,67.33,0,0,WELCOME ISLAND (AUT),0.0,2018-2025,2026-10-08T21:12:02+00:00
2026-09-30T14:00:00+00:00,welcome_island,120,4.86,230,3.723,8.37,15.70,337,6.134,9.10,2.16,67.33,0,0,WELCOME ISLAND (AUT),0.0,2018-2025,2026-10-08T21:12:02+00:00
2026-09-30T15:00:00+00:00,welcome_island,120,7.02,210,3.510,10.80,14.30,336,5.816,9.10,2.16,67.33,0,0,WELCOME ISLAND (AUT),0.0,2018-2025,2026-10-08T21:12:02+00:00
2026-09-30T16:00:00+00:00,welcome_island,120,8.64,210,4.320,10.80,12.90,337,5.040,9.10,3.78,67.33,0,0,WELCOME ISLAND (AUT),0.0,2018-2025,2026-10-08T21:12:02+00:00
2026-09-30T17:00:00+00:00,welcome_island,120,9.18,210,4.590,10.80,11.50,338,4.308,9.10,5.40,67.33,0,0,WELCOME ISLAND (AUT),0.0,2018-2025,2026-10-08T21:12:02+00:00
2026-09-30T18:00:00+00:00,welcome_island,120,10.26,210,5.130,10.80,6.10,191,1.164,9.10,5.40,67.33,0,0,WELCOME ISLAND (AUT),0.0,2018-2025,2026-10-08T21:12:02+00:00
2026-09-30T19:00:00+00:00,welcome_island,120,9.72,200,3.324,10.80,7.30,191,1.393,9.10,5.40,67.33,0,0,WELCOME ISLAND (AUT),0.0,2018-2025,2026-10-08T21:12:02+00:00
2026-09-30T20:00:00+00:00,welcome_island,120,11.34,210,5.670,10.80,8.00,187,0.975,9.10,5.40,67.33,0,0,WELCOME ISLAND (AUT),0.0,2018-2025,2026-10-08T21:12:02+00:00
2026-09-30T21:00:00+00:00,welcome_island,120,11.88,210,5.940,10.80,8.60,186,0.899,9.10,5.40,67.33,0,0,WELCOME ISLAND (AUT),0.0,2018-2025,2026-10-08T21:12:02+00:00
2026-09-30T22:00:00+00:00,welcome_island,120,12.96,200,4.432,10.80,9.20,187,1.121,9.10,5.40,67.33,0,0,WELCOME ISLAND (AUT),0.0,2018-2025,2026-10-08T21:12:02+00:00
2026-09-30T23:00:00+00:00,welcome_island,120,11.34,210,5.670,10.80,9.70,190,1.684,9.10,5.40,67.33,0,0,WELCOME ISLAND (AUT),0.0,2018-2025,2026-10-08T21:12:02+00:00
2026-10-01T00:00:00+00:00,welcome_island,120,10.80,210,5.400,10.80,14.80,203,5.783,9.10,5.40,71.50,0,0,WELCOME ISLAND (AUT),0.0,2018-2025,2026-10-08T21:12:02+00:00
2026-10-01T01:00:00+00:00,welcome_island,120,4.32,260,4.254,9.99,13.70,204,5.572,9.10,5.40,71.50,0,0,WELCOME ISLAND (AUT),0.0,2018-2025,2026-10-08T21:12:02+00:00
2026-10-01T02:00:00+00:00,welcome_island,120,2.70,50,-2.068,9.18,12.00,205,5.071,9.10,5.40,71.50,0,0,WELCOME ISLAND (AUT),0.0,2018-2025,2026-10-08T21:12:02+00:00
2026-10-01T03:00:00+00:00,welcome_island,120,3.24,290,3.044,10.80,10.80,206,4.734,6.60,5.40,71.50,0,0,WELCOME ISLAND (AUT),0.0,2018-2025,2026-10-08T21:12:02+00:00
2026-10-01T04:00:00+00:00,welcome_island,120,3.78,350,0.656,12.42,10.00,207,4.540,2.05,5.40,71.50,0,0,WELCOME ISLAND (AUT),0.0,2018-2025,2026-10-08T21:12:02+00:00
2026-10-01T05:00:00+00:00,welcome_island,120,4.32,220,2.777,12.42,9.70,208,4.554,0.00,5.40,71.50,0,0,WELCOME ISLAND (AUT),0.0,2018-2025,2026-10-08T21:12:02+00:00
2026-10-01T06:00:00+00:00,welcome_island,120,8.10,210,4.050,12.42,7.10,217,4.273,0.00,5.40,71.50,0,0,WELCOME ISLAND (AUT),0.0,2018-2025,2026-10-08T21:12:02+00:00
2026-10-01T07:00:00+00:00,welcome_island,120,7.02,250,6.596,15.93,5.80,225,4.101,2.90,5.40,71.50,0,0,WELCOME ISLAND (AUT),0.0,2018-2025,2026-10-08T21:12:02+00:00
2026-10-01T08:00:00+00:00,welcome_island,120,15.66,360,0.000,19.44,4.30,240,3.724,7.95,5.40,71.50,0,0,WELCOME ISLAND (AUT),0.0,2018-2025,2026-10-08T21:12:02+00:00
2026-10-01T09:00:00+00:00,welcome_island,120,10.80,330,5.400,19.44,3.90,261,3.852,12.05,5.40,71.50,0,0,WELCOME ISLAND (AUT),0.0,2018-2025,2026-10-08T21:12:02+00:00
2026-10-01T10:00:00+00:00,welcome_island,120,11.34,290,10.655,25.11,4.90,275,4.881,16.45,4.32,71.50,0,0,WELCOME ISLAND (AUT),0.0,2018-2025,2026-10-08T21:12:02+00:00
2026-10-01T11:00:00+00:00,welcome_island,120,11.34,280,11.167,36.45,6.30,279,6.222,22.05,3.24,71.50,0,0,WELCOME ISLAND (AUT),0.0,2018-2025,2026-10-08T21:12:02+00:00
2026-10-01T12:00:00+00:00,welcome_island,120,10.26,280,10.103,47.25,12.40,314,8.920,31.40,3.24,71.50,0,0,WELCOME ISLAND (AUT),0.0,2018-2025,2026-10-08T21:12:02+00:00
2026-10-01T13:00:00+00:00,welcome_island,120,10.80,290,10.148,57.78,11.70,312,8.695,43.45,3.24,71.50,0,0,WELCOME ISLAND (AUT),0.0,2018-2025,2026-10-08T21:12:02+00:00
2026-10-01T14:00:00+00:00,welcome_island,120,11.88,280,11.699,66.68,10.40,310,7.967,54.50,3.24,71.50,0,0,WELCOME ISLAND (AUT),0.0,2018-2025,2026-10-08T21:12:02+00:00
2026-10-01T15:00:00+00:00,welcome_island,120,9.72,280,9.572,75.05,9.30,306,7.524,64.35,3.24,71.50,0,0,WELCOME ISLAND (AUT),0.0,2018-2025,2026-10-08T21:12:02+00:00
2026-10-01T16:00:00+00:00,welcome_island,120,6.48,260,6.381,83.15,8.90,299,7.784,73.45,1.62,71.50,0,0,WELCOME ISLAND (AUT),0.0,2018-2025,2026-10-08T21:12:02+00:00
2026-10-01T17:00:00+00:00,welcome_island,120,19.44,300,16.834,96.11,8.80,292,8.159,82.30,0.00,71.50,0,0,WELCOME ISLAND (AUT),0.0,2018-2025,2026-10-08T21:12:02+00:00
2026-10-01T18:00:00+00:00,welcome_island,120,14.58,280,14.357,113.12,15.70,306,12.702,94.55,0.00,71.50,0,0,WELCOME ISLAND (AUT),0.0,2018-2025,2026-10-08T21:12:02+00:00
2026-10-01T19:00:00+00:00,welcome_island,120,16.20,290,15.222,128.51,15.60,311,11.773,110.20,0.00,71.50,0,0,WELCOME ISLAND (AUT),0.0,2018-2025,2026-10-08T21:12:02+00:00
2026-10-01T20:00:00+00:00,welcome_island,120,21.60,300,18.705,147.41,14.90,317,10.162,118.00,0.00,71.50,0,0,WELCOME ISLAND (AUT),0.0,2018-2025,2026-10-08T21:12:02+00:00
2026-10-01T21:00:00+00:00,welcome_island,120,22.14,320,14.230,158.21,14.10,319,9.250,118.00,0.00,71.50,0,0,WELCOME ISLAND (AUT),0.0,2018-2025,2026-10-08T21:12:02+00:00
2026-10-01T22:00:00+00:00,welcome_island,120,19.44,320,12.495,158.21,12.60,316,8.753,118.00,0.00,71.50,0,0,WELCOME ISLAND (AUT),0.0,2018-2025,2026-10-08T21:12:02+00:00
2026-10-01T23:00:00+00:00,welcome_island,120,22.14,310,16.959,169.28,11.10,309,8.626,123.55,0.00,71.50,0,0,WELCOME ISLAND (AUT),0.0,2018-2025,2026-10-08T21:12:02+00:00
2026-10-02T00:00:00+00:00,welcome_island,120,22.14,320,14.230,180.35,18.70,295,16.948,138.45,0.00,73.65,0,0,WELCOME ISLAND (AUT),0.0,2018-2025,2026-10-08T21:12:02+00:00
2026-10-02T01:00:00+00:00,welcome_island,120,21.06,310,16.132,188.71,18.00,295,16.314,156.80,0.00,73.65,0,0,WELCOME ISLAND (AUT),0.0,2018-2025,2026-10-08T21:12:02+00:00
2026-10-02T02:00:00+00:00,welcome_island,120,17.82,310,13.650,205.99,17.40,294,15.896,174.50,0.00,73.65,0,0,WELCOME ISLAND (AUT),0.0,2018-2025,2026-10-08T21:12:02+00:00
2026-10-02T03:00:00+00:00,welcome_island,120,15.66,310,11.995,221.11,17.10,293,15.741,191.75,0.00,73.65,0,0,WELCOME ISLAND (AUT),0.0,2018-2025,2026-10-08T21:12:02+00:00
2026-10-02T04:00:00+00:00,welcome_island,120,12.96,300,11.223,233.80,17.20,290,16.163,208.90,0.00,73.65,0,0,WELCOME ISLAND (AUT),0.0,2018-2025,2026-10-08T21:12:02+00:00
2026-10-02T05:00:00+00:00,welcome_island,120,11.34,290,10.655,245.95,17.50,289,16.547,226.25,0.00,73.65,0,0,WELCOME ISLAND (AUT),0.0,2018-2025,2026-10-08T21:12:02+00:00
2026-10-02T06:00:00+00:00,welcome_island,120,12.96,290,12.177,258.10,21.70,285,20.961,245.85,0.00,73.65,0,0,WELCOME ISLAND (AUT),0.0,2018-2025,2026-10-08T21:12:02+00:00
2026-10-02T07:00:00+00:00,welcome_island,120,9.72,290,9.133,265.93,21.50,287,20.561,264.55,0.00,73.65,0,0,WELCOME ISLAND (AUT),0.0,2018-2025,2026-10-08T21:12:02+00:00
2026-10-02T08:00:00+00:00,welcome_island,120,12.42,280,12.230,273.49,20.80,287,19.891,280.65,0.00,73.65,0,0,WELCOME ISLAND (AUT),0.0,2018-2025,2026-10-08T21:12:02+00:00
2026-10-02T09:00:00+00:00,welcome_island,120,10.80,290,10.148,285.10,20.30,288,19.306,297.10,0.00,73.65,0,0,WELCOME ISLAND (AUT),0.0,2018-2025,2026-10-08T21:12:02+00:00
2026-10-02T10:00:00+00:00,welcome_island,120,11.34,280,11.167,290.50,20.50,290,19.264,313.10,0.00,73.65,0,1,WELCOME ISLAND (AUT),0.0,2018-2025,2026-10-08T21:12:02+00:00
2026-10-02T11:00:00+00:00,welcome_island,120,12.42,290,11.670,291.04,21.00,292,19.471,328.25,0.00,73.65,0,1,WELCOME ISLAND (AUT),0.0,2018-2025,2026-10-08T21:12:02+00:00
2026-10-02T12:00:00+00:00,welcome_island,120,14.58,310,11.168,293.74,17.60,289,16.641,338.20,0.00,73.65,0,1,WELCOME ISLAND (AUT),0.0,2018-2025,2026-10-08T21:12:02+00:00
2026-10-02T13:00:00+00:00,welcome_island,120,11.88,290,11.163,296.44,18.00,290,16.914,343.95,0.00,73.65,0,1,WELCOME ISLAND (AUT),0.0,2018-2025,2026-10-08T21:12:02+00:00
2026-10-02T14:00:00+00:00,welcome_island,120,9.72,280,9.572,295.90,18.50,292,17.153,351.15,0.00,73.65,0,1,WELCOME ISLAND (AUT),0.0,2018-2025,2026-10-08T21:12:02+00:00
2026-10-02T15:00:00+00:00,welcome_island,120,18.90,320,12.148,289.96,19.20,296,17.257,360.15,0.00,73.65,0,1,WELCOME ISLAND (AUT),0.0,2018-2025,2026-10-08T21:12:02+00:00
2026-10-02T16:00:00+00:00,welcome_island,120,23.76,310,18.200,293.74,20.10,301,17.229,370.70,0.00,73.65,0,1,WELCOME ISLAND (AUT),0.0,2018-2025,2026-10-08T21:12:02+00:00
2026-10-02T17:00:00+00:00,welcome_island,120,17.82,310,13.650,301.57,21.20,306,17.151,382.50,0.00,73.65,0,1,WELCOME ISLAND (AUT),0.0,2018-2025,2026-10-08T21:12:02+00:00
2026-10-02T18:00:00+00:00,welcome_island,120,15.12,290,14.207,301.03,16.90,297,15.058,389.30,0.00,73.65,0,1,WELCOME ISLAND (AUT),0.0,2018-2025,2026-10-08T21:12:02+00:00
2026-10-02T19:00:00+00:00,welcome_island,120,17.28,320,11.106,293.20,16.40,304,13.596,390.30,0.00,73.65,0,1,WELCOME ISLAND (AUT),0.0,2018-2025,2026-10-08T21:12:02+00:00
2026-10-02T20:00:00+00:00,welcome_island,120,11.88,320,7.636,274.30,15.80,315,11.172,398.60,0.00,73.65,0,1,WELCOME ISLAND (AUT),0.0,2018-2025,2026-10-08T21:12:02+00:00
2026-10-02T21:00:00+00:00,welcome_island,120,10.80,330,5.400,263.50,15.60,324,9.169,406.50,0.00,73.65,0,1,WELCOME ISLAND (AUT),0.0,2018-2025,2026-10-08T21:12:02+00:00
2026-10-02T22:00:00+00:00,welcome_island,120,10.80,320,6.942,263.50,15.20,332,7.136,406.50,0.00,73.65,0,1,WELCOME ISLAND (AUT),0.0,2018-2025,2026-10-08T21:12:02+00:00
2026-10-02T23:00:00+00:00,welcome_island,120,9.72,310,7.445,257.29,14.80,339,5.304,400.95,0.00,73.65,0,1,WELCOME ISLAND (AUT),0.0,2018-2025,2026-10-08T21:12:02+00:00
2026-10-03T00:00:00+00:00,welcome_island,120,9.18,310,7.032,255.67,14.50,215,8.317,386.05,0.00,72.45,0,1,WELCOME ISLAND (AUT),0.0,2018-2025,2026-10-08T21:12:02+00:00
2026-10-03T01:00:00+00:00,welcome_island,120,7.02,280,6.913,253.24,12.40,220,7.971,367.70,3.24,72.45,0,1,WELCOME ISLAND (AUT),0.0,2018-2025,2026-10-08T21:12:02+00:00
2026-10-03T02:00:00+00:00,welcome_island,120,4.32,270,4.320,239.47,9.50,227,6.948,354.75,6.48,72.45,0,1,WELCOME ISLAND (AUT),0.0,2018-2025,2026-10-08T21:12:02+00:00
2026-10-03T03:00:00+00:00,welcome_island,120,6.48,280,6.381,228.13,7.10,238,6.021,345.80,8.91,72.45,0,1,WELCOME ISLAND (AUT),0.0,2018-2025,2026-10-08T21:12:02+00:00
2026-10-03T04:00:00+00:00,welcome_island,120,6.48,290,6.089,220.30,4.90,247,4.510,334.65,14.58,72.45,0,1,WELCOME ISLAND (AUT),0.0,2018-2025,2026-10-08T21:12:02+00:00
2026-10-03T05:00:00+00:00,welcome_island,120,5.94,290,5.581,214.36,2.80,254,2.692,321.15,20.79,72.45,0,1,WELCOME ISLAND (AUT),0.0,2018-2025,2026-10-08T21:12:02+00:00
2026-10-03T06:00:00+00:00,welcome_island,120,7.56,290,7.104,208.96,2.10,319,1.378,302.95,27.27,72.45,0,0,WELCOME ISLAND (AUT),0.0,2018-2025,2026-10-08T21:12:02+00:00
2026-10-03T07:00:00+00:00,welcome_island,120,7.02,290,6.596,204.91,1.40,278,1.386,282.05,35.10,72.45,0,0,WELCOME ISLAND (AUT),0.0,2018-2025,2026-10-08T21:12:02+00:00
2026-10-03T08:00:00+00:00,welcome_island,120,7.56,300,6.547,201.13,2.90,217,1.745,261.60,44.28,72.45,0,0,WELCOME ISLAND (AUT),0.0,2018-2025,2026-10-08T21:12:02+00:00
2026-10-03T09:00:00+00:00,welcome_island,120,6.48,310,4.964,196.54,4.70,204,1.912,241.05,53.46,72.45,0,0,WELCOME ISLAND (AUT),0.0,2018-2025,2026-10-08T21:12:02+00:00
2026-10-03T10:00:00+00:00,welcome_island,120,4.86,300,4.209,191.14,4.70,199,1.530,220.65,62.37,72.45,0,0,WELCOME ISLAND (AUT),0.0,2018-2025,2026-10-08T21:12:02+00:00
2026-10-03T11:00:00+00:00,welcome_island,120,5.40,300,4.676,184.40,4.20,191,0.801,199.90,70.19,72.45,0,0,WELCOME ISLAND (AUT),0.0,2018-2025,2026-10-08T21:12:02+00:00
2026-10-03T12:00:00+00:00,welcome_island,120,4.86,290,4.567,176.03,2.40,99,-2.370,180.60,77.21,72.45,0,0,WELCOME ISLAND (AUT),0.0,2018-2025,2026-10-08T21:12:02+00:00
2026-10-03T13:00:00+00:00,welcome_island,120,3.24,300,2.806,166.85,2.80,124,-2.321,162.80,83.42,72.45,0,0,WELCOME ISLAND (AUT),0.0,2018-2025,2026-10-08T21:12:02+00:00
2026-10-03T14:00:00+00:00,welcome_island,120,2.16,60,-1.870,157.67,3.70,148,-1.961,144.55,87.74,72.45,0,0,WELCOME ISLAND (AUT),0.0,2018-2025,2026-10-08T21:12:02+00:00
2026-10-03T15:00:00+00:00,welcome_island,120,0.00,,0.000,152.81,4.80,159,-1.720,125.70,91.79,72.45,0,0,WELCOME ISLAND (AUT),0.0,2018-2025,2026-10-08T21:12:02+00:00
2026-10-03T16:00:00+00:00,welcome_island,120,0.00,,0.000,140.93,5.80,160,-1.984,106.05,93.95,72.45,0,0,WELCOME ISLAND (AUT),0.0,2018-2025,2026-10-08T21:12:02+00:00
2026-10-03T17:00:00+00:00,welcome_island,120,1.62,130,-1.241,120.14,6.80,160,-2.326,85.40,93.95,72.45,0,0,WELCOME ISLAND (AUT),0.0,2018-2025,2026-10-08T21:12:02+00:00
2026-10-03T18:00:00+00:00,welcome_island,120,7.56,150,-3.780,103.67,11.70,174,-1.223,66.35,93.95,72.45,0,0,WELCOME ISLAND (AUT),0.0,2018-2025,2026-10-08T21:12:02+00:00
2026-10-03T19:00:00+00:00,welcome_island,120,10.26,120,-8.885,96.11,6.60,137,-4.501,49.70,93.95,72.45,0,0,WELCOME ISLAND (AUT),0.0,2018-2025,2026-10-08T21:12:02+00:00
2026-10-03T20:00:00+00:00,welcome_island,120,13.50,120,-11.690,96.11,9.90,64,-8.898,33.60,93.95,72.45,0,0,WELCOME ISLAND (AUT),0.0,2018-2025,2026-10-08T21:12:02+00:00
2026-10-03T21:00:00+00:00,welcome_island,120,14.58,130,-11.168,96.11,15.40,55,-12.615,25.70,93.95,72.45,0,0,WELCOME ISLAND (AUT),0.0,2018-2025,2026-10-08T21:12:02+00:00
2026-10-03T22:00:00+00:00,welcome_island,120,18.36,140,-11.801,96.11,15.70,78,-15.357,25.70,93.95,72.45,0,0,WELCOME ISLAND (AUT),0.0,2018-2025,2026-10-08T21:12:02+00:00
2026-10-03T23:00:00+00:00,welcome_island,120,16.20,140,-10.412,91.25,18.80,111,-17.551,25.70,93.95,72.45,0,0,WELCOME ISLAND (AUT),0.0,2018-2025,2026-10-08T21:12:02+00:00
2026-10-04T00:00:00+00:00,welcome_island,120,13.50,200,4.617,81.80,10.20,225,7.212,30.80,93.95,70.24,0,0,WELCOME ISLAND (AUT),0.0,2018-2025,2026-10-08T21:12:02+00:00
2026-10-04T01:00:00+00:00,welcome_island,120,14.58,200,4.986,73.70,11.60,237,9.729,41.70,90.71,70.24,0,0,WELCOME ISLAND (AUT),0.0,2018-2025,2026-10-08T21:12:02+00:00
2026-10-04T02:00:00+00:00,welcome_island,120,14.58,200,4.986,68.03,14.50,245,13.141,50.00,87.47,70.24,0,0,WELCOME ISLAND (AUT),0.0,2018-2025,2026-10-08T21:12:02+00:00
2026-10-04T03:00:00+00:00,welcome_island,120,9.72,210,4.860,62.63,16.40,251,15.507,57.15,85.04,70.24,0,0,WELCOME ISLAND (AUT),0.0,2018-2025,2026-10-08T21:12:02+00:00
2026-10-04T04:00:00+00:00,welcome_island,120,8.64,220,5.553,56.16,16.20,257,15.785,67.45,79.37,70.24,0,0,WELCOME ISLAND (AUT),0.0,2018-2025,2026-10-08T21:12:02+00:00
2026-10-04T05:00:00+00:00,welcome_island,120,5.94,230,4.550,52.92,15.10,263,14.987,79.25,73.16,70.24,0,0,WELCOME ISLAND (AUT),0.0,2018-2025,2026-10-08T21:12:02+00:00
2026-10-04T06:00:00+00:00,welcome_island,120,4.32,270,4.320,51.30,9.80,263,9.727,90.30,66.68,70.24,0,0,WELCOME ISLAND (AUT),0.0,2018-2025,2026-10-08T21:12:02+00:00
2026-10-04T07:00:00+00:00,welcome_island,120,7.02,270,7.019,49.68,10.40,264,10.343,99.70,58.86,70.24,0,0,WELCOME ISLAND (AUT),0.0,2018-2025,2026-10-08T21:12:02+00:00
2026-10-04T08:00:00+00:00,welcome_island,120,14.04,290,13.192,52.92,11.00,262,10.893,109.70,49.68,70.24,0,0,WELCOME ISLAND (AUT),0.0,2018-2025,2026-10-08T21:12:02+00:00
2026-10-04T09:00:00+00:00,welcome_island,120,14.58,300,12.626,60.21,12.30,267,12.283,121.35,40.50,70.24,0,0,WELCOME ISLAND (AUT),0.0,2018-2025,2026-10-08T21:12:02+00:00
2026-10-04T10:00:00+00:00,welcome_island,120,19.98,300,17.302,71.81,15.00,280,14.772,135.00,31.59,70.24,0,0,WELCOME ISLAND (AUT),0.0,2018-2025,2026-10-08T21:12:02+00:00
2026-10-04T11:00:00+00:00,welcome_island,120,23.22,310,17.786,88.28,19.10,291,17.831,152.05,23.76,70.24,0,0,WELCOME ISLAND (AUT),0.0,2018-2025,2026-10-08T21:12:02+00:00
2026-10-04T12:00:00+00:00,welcome_island,120,18.36,290,17.251,103.94,22.40,329,11.537,161.60,16.74,70.24,0,0,WELCOME ISLAND (AUT),0.0,2018-2025,2026-10-08T21:12:02+00:00
2026-10-04T13:00:00+00:00,welcome_island,120,18.36,300,15.899,118.25,22.30,331,10.811,161.60,10.53,70.24,0,0,WELCOME ISLAND (AUT),0.0,2018-2025,2026-10-08T21:12:02+00:00
2026-10-04T14:00:00+00:00,welcome_island,120,21.60,300,18.705,136.61,20.50,330,10.250,161.60,6.21,70.24,0,0,WELCOME ISLAND (AUT),0.0,2018-2025,2026-10-08T21:12:02+00:00
2026-10-04T15:00:00+00:00,welcome_island,120,18.90,310,14.477,156.86,18.90,328,10.015,161.60,2.16,70.24,0,0,WELCOME ISLAND (AUT),0.0,2018-2025,2026-10-08T21:12:02+00:00
2026-10-04T16:00:00+00:00,welcome_island,120,21.06,310,16.132,176.84,18.20,329,9.374,161.60,0.00,70.24,0,0,WELCOME ISLAND (AUT),0.0,2018-2025,2026-10-08T21:12:02+00:00
2026-10-04T17:00:00+00:00,welcome_island,120,21.06,300,18.237,197.89,18.00,329,9.271,161.60,0.00,70.24,0,0,WELCOME ISLAND (AUT),0.0,2018-2025,2026-10-08T21:12:02+00:00
2026-10-04T18:00:00+00:00,welcome_island,120,20.52,310,15.718,218.68,19.40,324,11.403,161.60,0.00,70.24,0,0,WELCOME ISLAND (AUT),0.0,2018-2025,2026-10-08T21:12:02+00:00
2026-10-04T19:00:00+00:00,welcome_island,120,25.92,300,22.446,241.90,18.80,324,11.050,161.60,0.00,70.24,0,0,WELCOME ISLAND (AUT),0.0,2018-2025,2026-10-08T21:12:02+00:00
2026-10-04T20:00:00+00:00,welcome_island,120,25.38,310,19.441,267.55,17.80,324,10.463,161.60,0.00,70.24,0,0,WELCOME ISLAND (AUT),0.0,2018-2025,2026-10-08T21:12:02+00:00
2026-10-04T21:00:00+00:00,welcome_island,120,25.92,310,19.854,293.20,16.70,324,9.816,161.60,0.00,70.24,0,0,WELCOME ISLAND (AUT),0.0,2018-2025,2026-10-08T21:12:02+00:00
2026-10-04T22:00:00+00:00,welcome_island,120,22.14,310,16.959,317.22,15.30,321,9.629,161.60,0.00,70.24,1,0,WELCOME ISLAND (AUT),0.0,2018-2025,2026-10-08T21:12:02+00:00
2026-10-04T23:00:00+00:00,welcome_island,120,21.60,290,20.296,339.09,13.90,316,9.656,161.60,0.00,70.24,1,0,WELCOME ISLAND (AUT),0.0,2018-2025,2026-10-08T21:12:02+00:00
2026-10-05T00:00:00+00:00,welcome_island,120,15.12,320,9.718,349.89,14.30,326,7.996,156.50,0.00,71.84,1,0,WELCOME ISLAND (AUT),0.0,2018-2025,2026-10-08T21:12:02+00:00
2026-10-05T01:00:00+00:00,welcome_island,120,22.68,300,19.640,361.23,12.80,322,7.880,145.60,2.97,71.84,1,0,WELCOME ISLAND (AUT),0.0,2018-2025,2026-10-08T21:12:02+00:00
2026-10-05T02:00:00+00:00,welcome_island,120,19.44,300,16.834,382.29,11.10,316,7.711,132.55,5.94,71.84,1,0,WELCOME ISLAND (AUT),0.0,2018-2025,2026-10-08T21:12:02+00:00
2026-10-05T03:00:00+00:00,welcome_island,120,19.44,310,14.891,401.73,10.40,310,7.967,122.30,5.94,71.84,1,0,WELCOME ISLAND (AUT),0.0,2018-2025,2026-10-08T21:12:02+00:00
2026-10-05T04:00:00+00:00,welcome_island,120,18.90,310,14.477,420.90,11.20,310,8.580,116.80,5.94,71.84,1,0,WELCOME ISLAND (AUT),0.0,2018-2025,2026-10-08T21:12:02+00:00
2026-10-05T05:00:00+00:00,welcome_island,120,15.12,320,9.718,427.38,12.90,314,9.279,113.20,5.94,71.84,1,0,WELCOME ISLAND (AUT),0.0,2018-2025,2026-10-08T21:12:02+00:00
2026-10-05T06:00:00+00:00,welcome_island,120,10.26,310,7.859,427.38,11.70,318,7.829,107.20,5.94,71.84,1,0,WELCOME ISLAND (AUT),0.0,2018-2025,2026-10-08T21:12:02+00:00
2026-10-05T07:00:00+00:00,welcome_island,120,9.18,290,8.626,431.43,12.10,318,8.096,97.10,5.94,71.84,1,0,WELCOME ISLAND (AUT),0.0,2018-2025,2026-10-08T21:12:02+00:00
2026-10-05T08:00:00+00:00,welcome_island,120,14.58,310,11.168,432.78,12.80,317,8.730,86.40,5.94,71.84,1,0,WELCOME ISLAND (AUT),0.0,2018-2025,2026-10-08T21:12:02+00:00
2026-10-05T09:00:00+00:00,welcome_island,120,10.26,310,7.859,430.89,13.30,317,9.071,74.75,5.94,71.84,1,0,WELCOME ISLAND (AUT),0.0,2018-2025,2026-10-08T21:12:02+00:00
2026-10-05T10:00:00+00:00,welcome_island,120,9.18,300,7.949,423.33,13.30,317,9.071,61.10,5.94,71.84,1,0,WELCOME ISLAND (AUT),0.0,2018-2025,2026-10-08T21:12:02+00:00
2026-10-05T11:00:00+00:00,welcome_island,120,13.50,300,11.690,413.07,13.20,317,9.002,44.05,5.94,71.84,1,0,WELCOME ISLAND (AUT),0.0,2018-2025,2026-10-08T21:12:02+00:00
2026-10-05T12:00:00+00:00,welcome_island,120,10.26,290,9.640,404.16,15.50,328,8.214,34.50,5.94,71.84,1,0,WELCOME ISLAND (AUT),0.0,2018-2025,2026-10-08T21:12:02+00:00
2026-10-05T13:00:00+00:00,welcome_island,120,7.56,290,7.104,394.71,14.90,333,6.764,34.50,5.94,71.84,1,0,WELCOME ISLAND (AUT),0.0,2018-2025,2026-10-08T21:12:02+00:00
2026-10-05T14:00:00+00:00,welcome_island,120,5.40,280,5.318,381.21,13.80,337,5.392,34.50,8.37,71.84,1,0,WELCOME ISLAND (AUT),0.0,2018-2025,2026-10-08T21:12:02+00:00
2026-10-05T15:00:00+00:00,welcome_island,120,3.78,280,3.722,365.55,12.40,340,4.241,34.50,10.80,71.84,1,0,WELCOME ISLAND (AUT),0.0,2018-2025,2026-10-08T21:12:02+00:00
2026-10-05T16:00:00+00:00,welcome_island,120,4.32,290,4.059,349.62,10.70,338,4.008,34.50,10.80,71.84,1,0,WELCOME ISLAND (AUT),0.0,2018-2025,2026-10-08T21:12:02+00:00
2026-10-05T17:00:00+00:00,welcome_island,120,2.16,270,2.160,331.80,8.60,332,4.037,34.50,10.80,71.84,1,0,WELCOME ISLAND (AUT),0.0,2018-2025,2026-10-08T21:12:02+00:00
2026-10-05T18:00:00+00:00,welcome_island,120,4.32,330,2.160,312.10,6.60,328,3.497,34.50,10.80,71.84,1,0,WELCOME ISLAND (AUT),0.0,2018-2025,2026-10-08T21:12:02+00:00
2026-10-05T19:00:00+00:00,welcome_island,120,5.94,160,-2.031,288.88,5.80,323,3.491,34.50,10.80,71.84,0,0,WELCOME ISLAND (AUT),0.0,2018-2025,2026-10-08T21:12:02+00:00
2026-10-05T20:00:00+00:00,welcome_island,120,7.02,180,0.000,263.23,5.10,320,3.278,34.50,10.80,71.84,0,0,WELCOME ISLAND (AUT),0.0,2018-2025,2026-10-08T21:12:02+00:00
2026-10-05T21:00:00+00:00,welcome_island,120,11.88,200,4.063,237.58,4.20,304,3.482,36.60,10.80,71.84,0,0,WELCOME ISLAND (AUT),0.0,2018-2025,2026-10-08T21:12:02+00:00
2026-10-05T22:00:00+00:00,welcome_island,120,11.88,210,5.940,213.55,4.10,253,3.921,40.75,10.80,71.84,0,0,WELCOME ISLAND (AUT),0.0,2018-2025,2026-10-08T21:12:02+00:00
2026-10-05T23:00:00+00:00,welcome_island,120,11.34,210,5.670,191.68,7.30,220,4.692,42.80,10.80,71.84,0,0,WELCOME ISLAND (AUT),0.0,2018-2025,2026-10-08T21:12:02+00:00
2026-10-06T00:00:00+00:00,welcome_island,120,10.26,200,3.509,180.89,15.10,218,9.296,42.80,10.80,72.65,0,0,WELCOME ISLAND (AUT),0.0,2018-2025,2026-10-08T21:12:02+00:00
2026-10-06T01:00:00+00:00,welcome_island,120,8.10,190,1.406,169.55,15.10,223,10.298,42.80,9.99,72.65,0,0,WELCOME ISLAND (AUT),0.0,2018-2025,2026-10-08T21:12:02+00:00
2026-10-06T02:00:00+00:00,welcome_island,120,6.48,190,1.125,148.49,14.00,231,10.880,49.80,9.18,72.65,0,0,WELCOME ISLAND (AUT),0.0,2018-2025,2026-10-08T21:12:02+00:00
2026-10-06T03:00:00+00:00,welcome_island,120,5.40,180,0.000,129.05,12.80,238,10.855,58.00,10.80,72.65,0,0,WELCOME ISLAND (AUT),0.0,2018-2025,2026-10-08T21:12:02+00:00
2026-10-06T04:00:00+00:00,welcome_island,120,7.02,180,0.000,109.88,12.20,239,10.457,59.70,12.42,72.65,0,0,WELCOME ISLAND (AUT),0.0,2018-2025,2026-10-08T21:12:02+00:00
2026-10-06T05:00:00+00:00,welcome_island,120,9.18,170,-1.594,100.43,11.60,237,9.729,59.55,12.42,72.65,0,0,WELCOME ISLAND (AUT),0.0,2018-2025,2026-10-08T21:12:02+00:00
2026-10-06T06:00:00+00:00,welcome_island,120,5.94,180,0.000,95.30,10.30,209,4.994,58.90,12.42,72.65,0,0,WELCOME ISLAND (AUT),0.0,2018-2025,2026-10-08T21:12:02+00:00
2026-10-06T07:00:00+00:00,welcome_island,120,9.18,170,-1.594,85.58,10.50,202,3.933,58.90,15.93,72.65,0,0,WELCOME ISLAND (AUT),0.0,2018-2025,2026-10-08T21:12:02+00:00
2026-10-06T08:00:00+00:00,welcome_island,120,13.50,170,-2.344,73.70,11.00,193,2.474,58.90,19.44,72.65,0,0,WELCOME ISLAND (AUT),0.0,2018-2025,2026-10-08T21:12:02+00:00
2026-10-06T09:00:00+00:00,welcome_island,120,10.80,170,-1.875,61.29,11.80,188,1.642,58.90,19.44,72.65,0,0,WELCOME ISLAND (AUT),0.0,2018-2025,2026-10-08T21:12:02+00:00
2026-10-06T10:00:00+00:00,welcome_island,120,10.80,160,-3.694,51.57,12.30,184,0.858,58.90,25.11,72.65,0,0,WELCOME ISLAND (AUT),0.0,2018-2025,2026-10-08T21:12:02+00:00
2026-10-06T11:00:00+00:00,welcome_island,120,12.42,150,-6.210,40.23,12.60,182,0.440,58.90,36.45,72.65,0,0,WELCOME ISLAND (AUT),0.0,2018-2025,2026-10-08T21:12:02+00:00
2026-10-06T12:00:00+00:00,welcome_island,120,12.96,150,-6.479,28.35,16.10,200,5.507,58.90,47.25,72.65,0,0,WELCOME ISLAND (AUT),0.0,2018-2025,2026-10-08T21:12:02+00:00
2026-10-06T13:00:00+00:00,welcome_island,120,9.72,160,-3.324,19.44,17.00,196,4.686,58.90,57.78,72.65,0,0,WELCOME ISLAND (AUT),0.0,2018-2025,2026-10-08T21:12:02+00:00
2026-10-06T14:00:00+00:00,welcome_island,120,7.02,170,-1.219,12.96,17.70,189,2.769,58.90,66.68,72.65,0,0,WELCOME ISLAND (AUT),0.0,2018-2025,2026-10-08T21:12:02+00:00
2026-10-06T15:00:00+00:00,welcome_island,120,4.32,200,1.477,8.37,18.30,184,1.277,58.90,75.05,72.65,0,0,WELCOME ISLAND (AUT),0.0,2018-2025,2026-10-08T21:12:02+00:00
2026-10-06T16:00:00+00:00,welcome_island,120,4.86,210,2.430,4.32,18.30,184,1.277,58.90,83.15,72.65,0,0,WELCOME ISLAND (AUT),0.0,2018-2025,2026-10-08T21:12:02+00:00
2026-10-06T17:00:00+00:00,welcome_island,120,8.64,210,4.320,1.08,18.00,186,1.882,58.90,96.11,72.65,0,0,WELCOME ISLAND (AUT),0.0,2018-2025,2026-10-08T21:12:02+00:00
2026-10-06T18:00:00+00:00,welcome_island,120,10.26,200,3.509,0.00,17.70,184,1.235,58.90,113.12,72.65,0,0,WELCOME ISLAND (AUT),0.0,2018-2025,2026-10-08T21:12:02+00:00
2026-10-06T19:00:00+00:00,welcome_island,120,10.26,210,5.130,0.00,16.10,182,0.562,58.90,128.51,72.65,0,0,WELCOME ISLAND (AUT),0.0,2018-2025,2026-10-08T21:12:02+00:00
2026-10-06T20:00:00+00:00,welcome_island,120,11.88,210,5.940,0.00,14.00,178,-0.489,58.90,147.41,72.65,0,0,WELCOME ISLAND (AUT),0.0,2018-2025,2026-10-08T21:12:02+00:00
2026-10-06T21:00:00+00:00,welcome_island,120,9.72,200,3.324,0.00,12.60,177,-0.659,56.80,158.21,72.65,0,0,WELCOME ISLAND (AUT),0.0,2018-2025,2026-10-08T21:12:02+00:00
2026-10-06T22:00:00+00:00,welcome_island,120,10.26,210,5.130,0.00,12.60,180,0.000,52.65,158.21,72.65,0,0,WELCOME ISLAND (AUT),0.0,2018-2025,2026-10-08T21:12:02+00:00
2026-10-06T23:00:00+00:00,welcome_island,120,7.56,230,5.791,3.78,13.50,185,1.177,50.60,169.28,72.65,0,0,WELCOME ISLAND (AUT),0.0,2018-2025,2026-10-08T21:12:02+00:00
2026-10-07T00:00:00+00:00,welcome_island,120,8.10,280,7.976,11.61,8.50,191,1.622,50.60,180.35,74.33,0,0,WELCOME ISLAND (AUT),0.0,2018-2025,2026-10-08T21:12:02+00:00
2026-10-07T01:00:00+00:00,welcome_island,120,8.10,280,7.976,19.71,8.70,196,2.398,50.60,188.71,74.33,0,0,WELCOME ISLAND (AUT),0.0,2018-2025,2026-10-08T21:12:02+00:00
2026-10-07T02:00:00+00:00,welcome_island,120,5.94,300,5.144,26.73,9.30,197,2.719,43.60,205.99,74.33,0,0,WELCOME ISLAND (AUT),0.0,2018-2025,2026-10-08T21:12:02+00:00
2026-10-07T03:00:00+00:00,welcome_island,120,12.42,280,12.230,35.91,10.00,201,3.584,30.20,221.11,74.33,0,0,WELCOME ISLAND (AUT),0.0,2018-2025,2026-10-08T21:12:02+00:00
2026-10-07T04:00:00+00:00,welcome_island,120,10.26,270,10.259,47.25,11.30,207,5.130,17.70,233.80,74.33,0,0,WELCOME ISLAND (AUT),0.0,2018-2025,2026-10-08T21:12:02+00:00
2026-10-07T05:00:00+00:00,welcome_island,120,11.88,280,11.699,58.32,12.90,213,7.026,5.80,245.95,74.33,0,0,WELCOME ISLAND (AUT),0.0,2018-2025,2026-10-08T21:12:02+00:00
2026-10-07T06:00:00+00:00,welcome_island,120,11.88,290,11.163,70.19,16.00,212,8.479,0.00,258.10,74.33,0,0,WELCOME ISLAND (AUT),0.0,2018-2025,2026-10-08T21:12:02+00:00
2026-10-07T07:00:00+00:00,welcome_island,120,10.26,270,10.259,81.26,16.00,214,8.947,0.00,265.93,74.33,0,0,WELCOME ISLAND (AUT),0.0,2018-2025,2026-10-08T21:12:02+00:00
2026-10-07T08:00:00+00:00,welcome_island,120,14.04,290,13.192,93.41,15.70,216,9.228,0.00,273.49,74.33,0,0,WELCOME ISLAND (AUT),0.0,2018-2025,2026-10-08T21:12:02+00:00
2026-10-07T09:00:00+00:00,welcome_island,120,10.80,280,10.635,105.83,14.50,219,9.125,0.00,285.10,74.33,0,0,WELCOME ISLAND (AUT),0.0,2018-2025,2026-10-08T21:12:02+00:00
2026-10-07T10:00:00+00:00,welcome_island,120,12.42,290,11.670,117.44,11.80,225,8.344,5.90,290.50,74.33,0,0,WELCOME ISLAND (AUT),0.0,2018-2025,2026-10-08T21:12:02+00:00
2026-10-07T11:00:00+00:00,welcome_island,120,11.34,290,10.655,129.32,8.30,237,6.961,15.95,291.04,74.33,0,0,WELCOME ISLAND (AUT),0.0,2018-2025,2026-10-08T21:12:02+00:00
2026-10-07T12:00:00+00:00,welcome_island,120,9.72,290,9.133,139.85,8.70,309,6.761,24.45,293.74,74.33,0,0,WELCOME ISLAND (AUT),0.0,2018-2025,2026-10-08T21:12:02+00:00
2026-10-07T13:00:00+00:00,welcome_island,120,7.02,280,6.913,148.22,8.70,309,6.761,33.15,296.44,74.33,0,0,WELCOME ISLAND (AUT),0.0,2018-2025,2026-10-08T21:12:02+00:00
2026-10-07T14:00:00+00:00,welcome_island,120,7.56,270,7.559,155.51,8.40,306,6.796,41.70,295.90,74.33,0,0,WELCOME ISLAND (AUT),0.0,2018-2025,2026-10-08T21:12:02+00:00
2026-10-07T15:00:00+00:00,welcome_island,120,5.40,230,4.136,161.99,7.90,303,6.625,49.85,289.96,74.33,0,0,WELCOME ISLAND (AUT),0.0,2018-2025,2026-10-08T21:12:02+00:00
2026-10-07T16:00:00+00:00,welcome_island,120,9.72,300,8.417,169.55,7.00,300,6.062,57.30,293.74,74.33,0,0,WELCOME ISLAND (AUT),0.0,2018-2025,2026-10-08T21:12:02+00:00
2026-10-07T17:00:00+00:00,welcome_island,120,12.42,310,9.514,180.62,6.00,299,5.248,63.80,301.57,74.33,0,0,WELCOME ISLAND (AUT),0.0,2018-2025,2026-10-08T21:12:02+00:00
2026-10-07T18:00:00+00:00,welcome_island,120,8.64,280,8.508,191.14,7.70,294,7.034,70.65,301.03,74.33,0,0,WELCOME ISLAND (AUT),0.0,2018-2025,2026-10-08T21:12:02+00:00
2026-10-07T19:00:00+00:00,welcome_island,120,13.50,300,11.690,202.21,7.10,296,6.381,78.05,293.20,74.33,0,0,WELCOME ISLAND (AUT),0.0,2018-2025,2026-10-08T21:12:02+00:00
2026-10-07T20:00:00+00:00,welcome_island,120,24.30,310,18.613,221.11,6.90,299,6.035,85.05,274.30,74.33,0,0,WELCOME ISLAND (AUT),0.0,2018-2025,2026-10-08T21:12:02+00:00
2026-10-07T21:00:00+00:00,welcome_island,120,25.38,320,16.313,233.26,6.40,299,5.598,91.70,263.50,74.33,0,0,WELCOME ISLAND (AUT),0.0,2018-2025,2026-10-08T21:12:02+00:00
2026-10-07T22:00:00+00:00,welcome_island,120,16.74,310,12.823,241.63,5.60,290,5.262,97.70,263.50,74.33,0,0,WELCOME ISLAND (AUT),0.0,2018-2025,2026-10-08T21:12:02+00:00
2026-10-07T23:00:00+00:00,welcome_island,120,10.80,280,10.635,251.62,4.70,272,4.697,102.85,257.29,74.33,0,0,WELCOME ISLAND (AUT),0.0,2018-2025,2026-10-08T21:12:02+00:00
2026-10-08T00:00:00+00:00,welcome_island,120,11.34,280,11.167,254.86,9.00,304,7.461,109.70,255.67,78.50,0,0,WELCOME ISLAND (AUT),0.0,2018-2025,2026-10-08T21:12:02+00:00
2026-10-08T01:00:00+00:00,welcome_island,120,12.96,290,12.177,258.91,9.40,304,7.793,118.90,253.24,78.50,0,0,WELCOME ISLAND (AUT),0.0,2018-2025,2026-10-08T21:12:02+00:00
2026-10-08T02:00:00+00:00,welcome_island,120,11.34,320,7.289,258.37,8.80,295,7.976,128.00,239.47,78.50,0,0,WELCOME ISLAND (AUT),0.0,2018-2025,2026-10-08T21:12:02+00:00
2026-10-08T03:00:00+00:00,welcome_island,120,12.42,300,10.755,255.40,9.00,288,8.560,136.90,228.13,78.50,0,0,WELCOME ISLAND (AUT),0.0,2018-2025,2026-10-08T21:12:02+00:00
2026-10-08T04:00:00+00:00,welcome_island,120,9.72,280,9.572,255.13,10.40,291,9.709,146.60,220.30,78.50,0,0,WELCOME ISLAND (AUT),0.0,2018-2025,2026-10-08T21:12:02+00:00
2026-09-24T00:00:00+00:00,welcome_island,144,12.42,130,-9.514,26.46,9.10,138,-6.089,0.00,,58.64,0,0,WELCOME ISLAND (AUT),0.0,2018-2025,2026-10-08T21:12:02+00:00
2026-09-24T01:00:00+00:00,welcome_island,144,11.88,130,-9.100,26.46,8.40,138,-5.621,0.00,,58.64,0,0,WELCOME ISLAND (AUT),0.0,2018-2025,2026-10-08T21:12:02+00:00
2026-09-24T02:00:00+00:00,welcome_island,144,9.18,140,-5.900,26.46,6.70,136,-4.654,0.00,,58.64,0,0,WELCOME ISLAND (AUT),0.0,2018-2025,2026-10-08T21:12:02+00:00
2026-09-24T03:00:00+00:00,welcome_island,144,8.10,140,-5.206,26.46,5.10,133,-3.730,0.00,,58.64,0,0,WELCOME ISLAND (AUT),0.0,2018-2025,2026-10-08T21:12:02+00:00
2026-09-24T04:00:00+00:00,welcome_island,144,9.18,120,-7.949,26.46,3.60,135,-2.546,0.00,,58.64,0,0,WELCOME ISLAND (AUT),0.0,2018-2025,2026-10-08T21:12:02+00:00
2026-09-24T05:00:00+00:00,welcome_island,144,2.70,120,-2.338,26.46,1.90,135,-1.344,0.00,,58.64,0,0,WELCOME ISLAND (AUT),0.0,2018-2025,2026-10-08T21:12:02+00:00
2026-09-24T06:00:00+00:00,welcome_island,144,4.86,120,-4.209,26.46,3.50,52,-2.758,0.00,,58.64,0,0,WELCOME ISLAND (AUT),0.0,2018-2025,2026-10-08T21:12:02+00:00
2026-09-24T07:00:00+00:00,welcome_island,144,4.86,130,-3.723,26.46,3.70,28,-1.737,0.00,,58.64,0,0,WELCOME ISLAND (AUT),0.0,2018-2025,2026-10-08T21:12:02+00:00
2026-09-24T08:00:00+00:00,welcome_island,144,5.94,180,0.000,26.46,4.70,7,-0.573,0.00,,58.64,0,0,WELCOME ISLAND (AUT),0.0,2018-2025,2026-10-08T21:12:02+00:00
2026-09-24T09:00:00+00:00,welcome_island,144,5.40,160,-1.847,25.11,5.40,358,0.188,0.00,,58.64,0,0,WELCOME ISLAND (AUT),0.0,2018-2025,2026-10-08T21:12:02+00:00
2026-09-24T10:00:00+00:00,welcome_island,144,4.32,190,0.750,21.33,5.50,352,0.765,0.00,,58.64,0,0,WELCOME ISLAND (AUT),0.0,2018-2025,2026-10-08T21:12:02+00:00
2026-09-24T11:00:00+00:00,welcome_island,144,5.40,190,0.938,15.93,5.40,345,1.398,0.00,,58.64,0,0,WELCOME ISLAND (AUT),0.0,2018-2025,2026-10-08T21:12:02+00:00
2026-09-24T12:00:00+00:00,welcome_island,144,4.32,170,-0.750,10.80,4.30,360,0.000,0.00,,58.64,0,0,WELCOME ISLAND (AUT),0.0,2018-2025,2026-10-08T21:12:02+00:00
2026-09-24T13:00:00+00:00,welcome_island,144,4.86,160,-1.662,6.75,3.30,3,-0.173,0.00,,58.64,0,0,WELCOME ISLAND (AUT),0.0,2018-2025,2026-10-08T21:12:02+00:00
2026-09-24T14:00:00+00:00,welcome_island,144,3.78,170,-0.656,2.43,2.10,22,-0.787,0.00,,58.64,0,0,WELCOME ISLAND (AUT),0.0,2018-2025,2026-10-08T21:12:02+00:00
2026-09-24T15:00:00+00:00,welcome_island,144,5.94,150,-2.970,0.00,1.40,56,-1.161,0.00,,58.64,0,0,WELCOME ISLAND (AUT),0.0,2018-2025,2026-10-08T21:12:02+00:00
2026-09-24T16:00:00+00:00,welcome_island,144,6.48,210,3.240,0.00,1.00,101,-0.982,0.00,,58.64,0,0,WELCOME ISLAND (AUT),0.0,2018-2025,2026-10-08T21:12:02+00:00
2026-09-24T17:00:00+00:00,welcome_island,144,5.94,210,2.970,0.00,1.30,153,-0.590,0.00,,58.64,0,0,WELCOME ISLAND (AUT),0.0,2018-2025,2026-10-08T21:12:02+00:00
2026-09-24T18:00:00+00:00,welcome_island,144,5.40,210,2.700,0.00,3.50,142,-2.155,0.00,,58.64,0,0,WELCOME ISLAND (AUT),0.0,2018-2025,2026-10-08T21:12:02+00:00
2026-09-24T19:00:00+00:00,welcome_island,144,7.02,200,2.401,0.00,4.30,133,-3.145,0.00,,58.64,0,0,WELCOME ISLAND (AUT),0.0,2018-2025,2026-10-08T21:12:02+00:00
2026-09-24T20:00:00+00:00,welcome_island,144,4.86,200,1.662,0.00,5.10,119,-4.461,0.00,,58.64,0,0,WELCOME ISLAND (AUT),0.0,2018-2025,2026-10-08T21:12:02+00:00
2026-09-24T21:00:00+00:00,welcome_island,144,4.32,220,2.777,0.00,6.30,112,-5.841,0.00,,58.64,0,0,WELCOME ISLAND (AUT),0.0,2018-2025,2026-10-08T21:12:02+00:00
2026-09-24T22:00:00+00:00,welcome_island,144,2.16,180,0.000,0.00,7.40,113,-6.812,0.00,,58.64,0,0,WELCOME ISLAND (AUT),0.0,2018-2025,2026-10-08T21:12:02+00:00
2026-09-24T23:00:00+00:00,welcome_island,144,5.94,130,-4.550,0.00,8.30,115,-7.522,0.00,,58.64,0,0,WELCOME ISLAND (AUT),0.0,2018-2025,2026-10-08T21:12:02+00:00
2026-09-25T00:00:00+00:00,welcome_island,144,0.00,,0.000,0.00,7.90,121,-6.772,0.00,,59.07,0,0,WELCOME ISLAND (AUT),0.0,2018-2025,2026-10-08T21:12:02+00:00
2026-09-25T01:00:00+00:00,welcome_island,144,1.62,120,-1.403,0.00,7.10,119,-6.210,0.00,,59.07,0,0,WELCOME ISLAND (AUT),0.0,2018-2025,2026-10-08T21:12:02+00:00
2026-09-25T02:00:00+00:00,welcome_island,144,2.70,110,-2.537,0.00,6.10,117,-5.435,0.00,,59.07,0,0,WELCOME ISLAND (AUT),0.0,2018-2025,2026-10-08T21:12:02+00:00
2026-09-25T03:00:00+00:00,welcome_island,144,0.00,,0.000,0.00,4.80,111,-4.481,0.00,,59.07,0,0,WELCOME ISLAND (AUT),0.0,2018-2025,2026-10-08T21:12:02+00:00
2026-09-25T04:00:00+00:00,welcome_island,144,2.16,180,0.000,0.00,3.60,103,-3.508,0.00,,59.07,0,0,WELCOME ISLAND (AUT),0.0,2018-2025,2026-10-08T21:12:02+00:00
2026-09-25T05:00:00+00:00,welcome_island,144,0.00,,0.000,0.00,2.70,86,-2.693,0.00,,59.07,0,0,WELCOME ISLAND (AUT),0.0,2018-2025,2026-10-08T21:12:02+00:00
2026-09-25T06:00:00+00:00,welcome_island,144,1.62,50,-1.241,0.00,4.90,34,-2.740,0.00,,59.07,0,0,WELCOME ISLAND (AUT),0.0,2018-2025,2026-10-08T21:12:02+00:00
2026-09-25T07:00:00+00:00,welcome_island,144,1.62,40,-1.041,0.00,5.30,17,-1.550,0.00,,59.07,0,0,WELCOME ISLAND (AUT),0.0,2018-2025,2026-10-08T21:12:02+00:00
2026-09-25T08:00:00+00:00,welcome_island,144,0.00,,0.000,0.00,5.50,6,-0.575,0.00,,59.07,0,0,WELCOME ISLAND (AUT),0.0,2018-2025,2026-10-08T21:12:02+00:00
2026-09-25T09:00:00+00:00,welcome_island,144,0.00,,0.000,0.00,5.40,358,0.188,0.00,,59.07,0,0,WELCOME ISLAND (AUT),0.0,2018-2025,2026-10-08T21:12:02+00:00
2026-09-25T10:00:00+00:00,welcome_island,144,2.16,240,1.870,1.08,4.90,353,0.597,0.00,,59.07,0,0,WELCOME ISLAND (AUT),0.0,2018-2025,2026-10-08T21:12:02+00:00
2026-09-25T11:00:00+00:00,welcome_island,144,4.86,190,0.844,2.16,4.10,352,0.571,0.00,,59.07,0,0,WELCOME ISLAND (AUT),0.0,2018-2025,2026-10-08T21:12:02+00:00
2026-09-25T12:00:00+00:00,welcome_island,144,2.70,210,1.350,2.16,6.80,200,2.326,0.00,,59.07,0,0,WELCOME ISLAND (AUT),0.0,2018-2025,2026-10-08T21:12:02+00:00
2026-09-25T13:00:00+00:00,welcome_island,144,4.32,220,2.777,2.16,7.50,201,2.688,0.00,,59.07,0,0,WELCOME ISLAND (AUT),0.0,2018-2025,2026-10-08T21:12:02+00:00
2026-09-25T14:00:00+00:00,welcome_island,144,6.48,220,4.165,2.16,7.60,198,2.349,0.00,,59.07,0,0,WELCOME ISLAND (AUT),0.0,2018-2025,2026-10-08T21:12:02+00:00
2026-09-25T15:00:00+00:00,welcome_island,144,4.86,220,3.124,2.16,7.80,194,1.887,0.00,,59.07,0,0,WELCOME ISLAND (AUT),0.0,2018-2025,2026-10-08T21:12:02+00:00
2026-09-25T16:00:00+00:00,welcome_island,144,3.24,310,2.482,3.78,8.00,187,0.975,0.00,,59.07,0,0,WELCOME ISLAND (AUT),0.0,2018-2025,2026-10-08T21:12:02+00:00
2026-09-25T17:00:00+00:00,welcome_island,144,0.00,,0.000,5.40,8.40,180,0.000,0.00,,59.07,0,0,WELCOME ISLAND (AUT),0.0,2018-2025,2026-10-08T21:12:02+00:00
2026-09-25T18:00:00+00:00,welcome_island,144,7.02,210,3.510,5.40,12.30,192,2.557,0.00,,59.07,0,0,WELCOME ISLAND (AUT),0.0,2018-2025,2026-10-08T21:12:02+00:00
2026-09-25T19:00:00+00:00,welcome_island,144,7.56,210,3.780,5.40,13.00,190,2.257,0.00,,59.07,0,0,WELCOME ISLAND (AUT),0.0,2018-2025,2026-10-08T21:12:02+00:00
2026-09-25T20:00:00+00:00,welcome_island,144,5.94,210,2.970,5.40,13.10,188,1.823,0.00,,59.07,0,0,WELCOME ISLAND (AUT),0.0,2018-2025,2026-10-08T21:12:02+00:00
2026-09-25T21:00:00+00:00,welcome_island,144,5.40,200,1.847,5.40,12.90,187,1.572,0.00,,59.07,0,0,WELCOME ISLAND (AUT),0.0,2018-2025,2026-10-08T21:12:02+00:00
2026-09-25T22:00:00+00:00,welcome_island,144,3.24,150,-1.620,5.40,12.00,187,1.462,0.00,,59.07,0,0,WELCOME ISLAND (AUT),0.0,2018-2025,2026-10-08T21:12:02+00:00
2026-09-25T23:00:00+00:00,welcome_island,144,1.62,140,-1.041,5.40,10.40,189,1.627,0.00,,59.07,0,0,WELCOME ISLAND (AUT),0.0,2018-2025,2026-10-08T21:12:02+00:00
2026-09-26T00:00:00+00:00,welcome_island,144,3.78,200,1.293,5.40,0.40,63,-0.356,0.00,,56.37,0,0,WELCOME ISLAND (AUT),0.0,2018-2025,2026-10-08T21:12:02+00:00
2026-09-26T01:00:00+00:00,welcome_island,144,1.62,220,1.041,5.40,0.90,27,-0.409,0.00,,56.37,0,0,WELCOME ISLAND (AUT),0.0,2018-2025,2026-10-08T21:12:02+00:00
2026-09-26T02:00:00+00:00,welcome_island,144,5.40,70,-5.074,5.40,1.20,18,-0.371,0.00,,56.37,0,0,WELCOME ISLAND (AUT),0.0,2018-2025,2026-10-08T21:12:02+00:00
2026-09-26T03:00:00+00:00,welcome_island,144,7.02,170,-1.219,5.40,1.60,30,-0.800,0.00,,56.37,0,0,WELCOME ISLAND (AUT),0.0,2018-2025,2026-10-08T21:12:02+00:00
2026-09-26T04:00:00+00:00,welcome_island,144,7.02,140,-4.512,5.40,2.10,49,-1.585,0.00,,56.37,0,0,WELCOME ISLAND (AUT),0.0,2018-2025,2026-10-08T21:12:02+00:00
2026-09-26T05:00:00+00:00,welcome_island,144,7.02,160,-2.401,5.40,2.70,69,-2.521,0.00,,56.37,0,0,WELCOME ISLAND (AUT),0.0,2018-2025,2026-10-08T21:12:02+00:00
2026-09-26T06:00:00+00:00,welcome_island,144,3.24,10,-0.563,5.40,8.00,76,-7.762,0.00,,56.37,0,0,WELCOME ISLAND (AUT),0.0,2018-2025,2026-10-08T21:12:02+00:00
2026-09-26T07:00:00+00:00,welcome_island,144,4.86,30,-2.430,5.40,8.20,76,-7.956,0.00,,56.37,0,0,WELCOME ISLAND (AUT),0.0,2018-2025,2026-10-08T21:12:02+00:00
2026-09-26T08:00:00+00:00,welcome_island,144,7.56,70,-7.104,5.40,8.20,78,-8.021,0.00,,56.37,0,0,WELCOME ISLAND (AUT),0.0,2018-2025,2026-10-08T21:12:02+00:00
2026-09-26T09:00:00+00:00,welcome_island,144,6.48,70,-6.089,5.40,8.30,81,-8.198,0.00,,56.37,0,0,WELCOME ISLAND (AUT),0.0,2018-2025,2026-10-08T21:12:02+00:00
2026-09-26T10:00:00+00:00,welcome_island,144,5.40,70,-5.074,4.32,8.50,81,-8.395,0.00,,56.37,0,0,WELCOME ISLAND (AUT),0.0,2018-2025,2026-10-08T21:12:02+00:00
2026-09-26T11:00:00+00:00,welcome_island,144,3.24,60,-2.806,3.24,8.70,81,-8.593,0.00,,56.37,0,0,WELCOME ISLAND (AUT),0.0,2018-2025,2026-10-08T21:12:02+00:00
2026-09-26T12:00:00+00:00,welcome_island,144,7.02,60,-6.079,3.24,7.30,124,-6.052,0.00,,56.37,0,0,WELCOME ISLAND (AUT),0.0,2018-2025,2026-10-08T21:12:02+00:00
2026-09-26T13:00:00+00:00,welcome_island,144,4.32,70,-4.059,3.24,7.70,137,-5.251,0.00,,56.37,0,0,WELCOME ISLAND (AUT),0.0,2018-2025,2026-10-08T21:12:02+00:00
2026-09-26T14:00:00+00:00,welcome_island,144,10.80,70,-10.148,3.24,8.30,147,-4.521,0.00,,56.37,0,0,WELCOME ISLAND (AUT),0.0,2018-2025,2026-10-08T21:12:02+00:00
2026-09-26T15:00:00+00:00,welcome_island,144,7.02,70,-6.596,3.24,9.00,158,-3.371,0.00,,56.37,0,0,WELCOME ISLAND (AUT),0.0,2018-2025,2026-10-08T21:12:02+00:00
2026-09-26T16:00:00+00:00,welcome_island,144,6.48,120,-5.611,1.62,9.50,171,-1.486,0.00,,56.37,0,0,WELCOME ISLAND (AUT),0.0,2018-2025,2026-10-08T21:12:02+00:00
2026-09-26T17:00:00+00:00,welcome_island,144,8.10,140,-5.206,0.00,10.30,184,0.718,0.00,,56.37,0,0,WELCOME ISLAND (AUT),0.0,2018-2025,2026-10-08T21:12:02+00:00
2026-09-26T18:00:00+00:00,welcome_island,144,7.56,120,-6.547,0.00,5.40,159,-1.935,0.00,,56.37,0,0,WELCOME ISLAND (AUT),0.0,2018-2025,2026-10-08T21:12:02+00:00
2026-09-26T19:00:00+00:00,welcome_island,144,11.34,140,-7.289,0.00,6.30,171,-0.986,0.00,,56.37,0,0,WELCOME ISLAND (AUT),0.0,2018-2025,2026-10-08T21:12:02+00:00
2026-09-26T20:00:00+00:00,welcome_island,144,4.86,100,-4.786,0.00,7.20,182,0.251,0.00,,56.37,0,0,WELCOME ISLAND (AUT),0.0,2018-2025,2026-10-08T21:12:02+00:00
2026-09-26T21:00:00+00:00,welcome_island,144,6.48,130,-4.964,0.00,8.10,190,1.407,0.00,,56.37,0,0,WELCOME ISLAND (AUT),0.0,2018-2025,2026-10-08T21:12:02+00:00
2026-09-26T22:00:00+00:00,welcome_island,144,7.56,130,-5.791,0.00,8.40,193,1.890,0.00,,56.37,0,0,WELCOME ISLAND (AUT),0.0,2018-2025,2026-10-08T21:12:02+00:00
2026-09-26T23:00:00+00:00,welcome_island,144,7.56,120,-6.547,0.00,8.10,195,2.096,0.00,,56.37,0,0,WELCOME ISLAND (AUT),0.0,2018-2025,2026-10-08T21:12:02+00:00
2026-09-27T00:00:00+00:00,welcome_island,144,6.48,80,-6.381,0.00,9.70,183,0.508,0.00,,58.11,0,0,WELCOME ISLAND (AUT),0.0,2018-2025,2026-10-08T21:12:02+00:00
2026-09-27T01:00:00+00:00,welcome_island,144,9.18,80,-9.040,0.00,8.90,191,1.698,0.00,,58.11,0,0,WELCOME ISLAND (AUT),0.0,2018-2025,2026-10-08T21:12:02+00:00
2026-09-27T02:00:00+00:00,welcome_island,144,8.10,80,-7.976,0.00,7.90,205,3.339,0.00,,58.11,0,0,WELCOME ISLAND (AUT),0.0,2018-2025,2026-10-08T21:12:02+00:00
2026-09-27T03:00:00+00:00,welcome_island,144,10.26,100,-10.103,0.00,7.70,214,4.306,0.00,,58.11,0,0,WELCOME ISLAND (AUT),0.0,2018-2025,2026-10-08T21:12:02+00:00
2026-09-27T04:00:00+00:00,welcome_island,144,2.70,120,-2.338,0.00,7.90,211,4.069,0.00,,58.11,0,0,WELCOME ISLAND (AUT),0.0,2018-2025,2026-10-08T21:12:02+00:00
2026-09-27T05:00:00+00:00,welcome_island,144,6.48,140,-4.165,0.00,8.30,205,3.508,0.00,,58.11,0,0,WELCOME ISLAND (AUT),0.0,2018-2025,2026-10-08T21:12:02+00:00
2026-09-27T06:00:00+00:00,welcome_island,144,4.86,150,-2.430,0.00,9.60,209,4.654,0.00,,58.11,0,0,WELCOME ISLAND (AUT),0.0,2018-2025,2026-10-08T21:12:02+00:00
2026-09-27T07:00:00+00:00,welcome_island,144,4.86,200,1.662,0.00,9.70,205,4.099,0.00,,58.11,0,0,WELCOME ISLAND (AUT),0.0,2018-2025,2026-10-08T21:12:02+00:00
2026-09-27T08:00:00+00:00,welcome_island,144,5.40,190,0.938,0.00,10.00,198,3.090,0.00,,58.11,0,0,WELCOME ISLAND (AUT),0.0,2018-2025,2026-10-08T21:12:02+00:00
2026-09-27T09:00:00+00:00,welcome_island,144,5.40,190,0.938,0.00,10.50,195,2.718,0.00,,58.11,0,0,WELCOME ISLAND (AUT),0.0,2018-2025,2026-10-08T21:12:02+00:00
2026-09-27T10:00:00+00:00,welcome_island,144,2.70,210,1.350,0.00,10.60,198,3.276,0.00,,58.11,0,0,WELCOME ISLAND (AUT),0.0,2018-2025,2026-10-08T21:12:02+00:00
2026-09-27T11:00:00+00:00,welcome_island,144,3.24,210,1.620,0.00,10.90,204,4.433,0.00,,58.11,0,0,WELCOME ISLAND (AUT),0.0,2018-2025,2026-10-08T21:12:02+00:00
2026-09-27T12:00:00+00:00,welcome_island,144,5.94,210,2.970,0.00,9.30,211,4.790,0.00,,58.11,0,0,WELCOME ISLAND (AUT),0.0,2018-2025,2026-10-08T21:12:02+00:00
2026-09-27T13:00:00+00:00,welcome_island,144,5.40,210,2.700,0.00,8.50,217,5.115,0.00,,58.11,0,0,WELCOME ISLAND (AUT),0.0,2018-2025,2026-10-08T21:12:02+00:00
2026-09-27T14:00:00+00:00,welcome_island,144,9.18,210,4.590,0.00,7.20,227,5.266,3.60,,58.11,0,0,WELCOME ISLAND (AUT),0.0,2018-2025,2026-10-08T21:12:02+00:00
2026-09-27T15:00:00+00:00,welcome_island,144,5.94,210,2.970,0.00,6.40,241,5.598,10.40,,58.11,0,0,WELCOME ISLAND (AUT),0.0,2018-2025,2026-10-08T21:12:02+00:00
2026-09-27T16:00:00+00:00,welcome_island,144,4.86,210,2.430,0.00,6.50,253,6.216,16.85,,58.11,0,0,WELCOME ISLAND (AUT),0.0,2018-2025,2026-10-08T21:12:02+00:00
2026-09-27T17:00:00+00:00,welcome_island,144,6.48,210,3.240,0.00,7.10,262,7.031,23.65,,58.11,0,0,WELCOME ISLAND (AUT),0.0,2018-2025,2026-10-08T21:12:02+00:00
2026-09-27T18:00:00+00:00,welcome_island,144,7.56,200,2.585,0.00,7.50,305,6.144,30.95,,58.11,0,0,WELCOME ISLAND (AUT),0.0,2018-2025,2026-10-08T21:12:02+00:00
2026-09-27T19:00:00+00:00,welcome_island,144,7.02,210,3.510,0.00,7.90,308,6.225,38.65,,58.11,0,0,WELCOME ISLAND (AUT),0.0,2018-2025,2026-10-08T21:12:02+00:00
2026-09-27T20:00:00+00:00,welcome_island,144,8.64,210,4.320,0.00,7.50,307,5.990,46.35,,58.11,0,0,WELCOME ISLAND (AUT),0.0,2018-2025,2026-10-08T21:12:02+00:00
2026-09-27T21:00:00+00:00,welcome_island,144,8.64,210,4.320,0.00,7.10,307,5.670,53.65,,58.11,0,0,WELCOME ISLAND (AUT),0.0,2018-2025,2026-10-08T21:12:02+00:00
2026-09-27T22:00:00+00:00,welcome_island,144,8.64,220,5.553,0.00,6.90,313,5.046,60.65,,58.11,0,0,WELCOME ISLAND (AUT),0.0,2018-2025,2026-10-08T21:12:02+00:00
2026-09-27T23:00:00+00:00,welcome_island,144,9.18,220,5.900,0.00,6.70,319,4.396,64.10,,58.11,0,0,WELCOME ISLAND (AUT),0.0,2018-2025,2026-10-08T21:12:02+00:00
2026-09-28T00:00:00+00:00,welcome_island,144,10.26,220,6.594,0.00,1.80,174,-0.188,64.10,,62.75,0,0,WELCOME ISLAND (AUT),0.0,2018-2025,2026-10-08T21:12:02+00:00
2026-09-28T01:00:00+00:00,welcome_island,144,6.48,240,5.611,3.24,1.60,187,0.195,64.10,,62.75,0,0,WELCOME ISLAND (AUT),0.0,2018-2025,2026-10-08T21:12:02+00:00
2026-09-28T02:00:00+00:00,welcome_island,144,4.32,320,2.777,6.48,1.80,212,0.954,64.10,,62.75,0,0,WELCOME ISLAND (AUT),0.0,2018-2025,2026-10-08T21:12:02+00:00
2026-09-28T03:00:00+00:00,welcome_island,144,4.86,300,4.209,8.91,2.20,225,1.556,65.20,,62.75,0,0,WELCOME ISLAND (AUT),0.0,2018-2025,2026-10-08T21:12:02+00:00
2026-09-28T04:00:00+00:00,welcome_island,144,6.48,300,5.611,14.58,2.10,221,1.378,66.30,,62.75,0,0,WELCOME ISLAND (AUT),0.0,2018-2025,2026-10-08T21:12:02+00:00
2026-09-28T05:00:00+00:00,welcome_island,144,5.94,300,5.144,20.79,1.60,210,0.800,66.30,0.00,62.75,0,0,WELCOME ISLAND (AUT),0.0,2018-2025,2026-10-08T21:12:02+00:00
2026-09-28T06:00:00+00:00,welcome_island,144,7.02,300,6.079,27.27,2.60,189,0.407,66.30,5.40,62.75,0,0,WELCOME ISLAND (AUT),0.0,2018-2025,2026-10-08T21:12:02+00:00
2026-09-28T07:00:00+00:00,welcome_island,144,8.64,310,6.618,35.10,1.80,174,-0.188,66.30,12.15,62.75,0,0,WELCOME ISLAND (AUT),0.0,2018-2025,2026-10-08T21:12:02+00:00
2026-09-28T08:00:00+00:00,welcome_island,144,9.72,300,8.417,44.28,1.00,143,-0.602,66.30,19.98,62.75,0,0,WELCOME ISLAND (AUT),0.0,2018-2025,2026-10-08T21:12:02+00:00
2026-09-28T09:00:00+00:00,welcome_island,144,8.64,300,7.482,53.46,0.90,117,-0.802,66.30,28.89,62.75,0,0,WELCOME ISLAND (AUT),0.0,2018-2025,2026-10-08T21:12:02+00:00
2026-09-28T10:00:00+00:00,welcome_island,144,9.18,310,7.032,62.37,0.90,153,-0.409,66.30,37.53,62.75,0,0,WELCOME ISLAND (AUT),0.0,2018-2025,2026-10-08T21:12:02+00:00
2026-09-28T11:00:00+00:00,welcome_island,144,6.48,280,6.381,70.19,1.60,187,0.195,66.30,45.90,62.75,0,0,WELCOME ISLAND (AUT),0.0,2018-2025,2026-10-08T21:12:02+00:00
2026-09-28T12:00:00+00:00,welcome_island,144,7.56,290,7.104,77.21,6.90,317,4.706,66.30,54.27,62.75,0,0,WELCOME ISLAND (AUT),0.0,2018-2025,2026-10-08T21:12:02+00:00
2026-09-28T13:00:00+00:00,welcome_island,144,4.86,290,4.567,83.42,6.20,314,4.460,69.40,62.37,62.75,0,0,WELCOME ISLAND (AUT),0.0,2018-2025,2026-10-08T21:12:02+00:00
2026-09-28T14:00:00+00:00,welcome_island,144,3.78,300,3.273,87.74,5.00,306,4.045,71.40,69.92,62.75,0,0,WELCOME ISLAND (AUT),0.0,2018-2025,2026-10-08T21:12:02+00:00
2026-09-28T15:00:00+00:00,welcome_island,144,4.32,280,4.254,91.79,3.60,292,3.338,68.90,73.43,62.75,0,0,WELCOME ISLAND (AUT),0.0,2018-2025,2026-10-08T21:12:02+00:00
2026-09-28T16:00:00+00:00,welcome_island,144,1.62,340,0.554,93.95,2.30,239,1.971,65.40,73.43,62.75,0,0,WELCOME ISLAND (AUT),0.0,2018-2025,2026-10-08T21:12:02+00:00
2026-09-28T17:00:00+00:00,welcome_island,144,3.24,140,-2.082,93.95,4.10,180,0.000,59.75,73.43,62.75,0,0,WELCOME ISLAND (AUT),0.0,2018-2025,2026-10-08T21:12:02+00:00
2026-09-28T18:00:00+00:00,welcome_island,144,0.00,,0.000,93.95,4.10,155,-1.733,52.45,73.43,62.75,0,0,WELCOME ISLAND (AUT),0.0,2018-2025,2026-10-08T21:12:02+00:00
2026-09-28T19:00:00+00:00,welcome_island,144,5.40,150,-2.700,93.95,4.70,142,-2.894,44.75,73.43,62.75,0,0,WELCOME ISLAND (AUT),0.0,2018-2025,2026-10-08T21:12:02+00:00
2026-09-28T20:00:00+00:00,welcome_island,144,4.32,160,-1.477,93.95,5.40,125,-4.423,37.05,73.43,62.75,0,0,WELCOME ISLAND (AUT),0.0,2018-2025,2026-10-08T21:12:02+00:00
2026-09-28T21:00:00+00:00,welcome_island,144,7.02,160,-2.401,93.95,6.40,115,-5.800,29.75,73.43,62.75,0,0,WELCOME ISLAND (AUT),0.0,2018-2025,2026-10-08T21:12:02+00:00
2026-09-28T22:00:00+00:00,welcome_island,144,6.48,160,-2.216,93.95,7.60,113,-6.996,22.75,73.43,62.75,0,0,WELCOME ISLAND (AUT),0.0,2018-2025,2026-10-08T21:12:02+00:00
2026-09-28T23:00:00+00:00,welcome_island,144,7.02,170,-1.219,93.95,8.80,112,-8.159,19.30,73.43,62.75,0,0,WELCOME ISLAND (AUT),0.0,2018-2025,2026-10-08T21:12:02+00:00
2026-09-29T00:00:00+00:00,welcome_island,144,5.94,160,-2.031,93.95,9.50,141,-5.979,19.30,73.43,65.18,0,0,WELCOME ISLAND (AUT),0.0,2018-2025,2026-10-08T21:12:02+00:00
2026-09-29T01:00:00+00:00,welcome_island,144,2.70,100,-2.659,90.71,9.40,153,-4.268,19.30,73.43,65.18,0,0,WELCOME ISLAND (AUT),0.0,2018-2025,2026-10-08T21:12:02+00:00
2026-09-29T02:00:00+00:00,welcome_island,144,5.40,150,-2.700,87.47,9.60,173,-1.170,19.30,73.43,65.18,0,0,WELCOME ISLAND (AUT),0.0,2018-2025,2026-10-08T21:12:02+00:00
2026-09-29T03:00:00+00:00,welcome_island,144,4.86,100,-4.786,85.04,10.00,189,1.564,18.20,73.43,65.18,0,0,WELCOME ISLAND (AUT),0.0,2018-2025,2026-10-08T21:12:02+00:00
2026-09-29T04:00:00+00:00,welcome_island,144,3.78,140,-2.430,79.37,9.20,208,4.319,17.10,73.43,65.18,0,0,WELCOME ISLAND (AUT),0.0,2018-2025,2026-10-08T21:12:02+00:00
2026-09-29T05:00:00+00:00,welcome_island,144,0.00,,0.000,73.16,8.70,233,6.948,21.45,73.43,65.18,0,0,WELCOME ISLAND (AUT),0.0,2018-2025,2026-10-08T21:12:02+00:00
2026-09-29T06:00:00+00:00,welcome_island,144,0.00,,0.000,66.68,2.30,211,1.185,25.80,68.03,65.18,0,0,WELCOME ISLAND (AUT),0.0,2018-2025,2026-10-08T21:12:02+00:00
2026-09-29T07:00:00+00:00,welcome_island,144,0.00,,0.000,58.86,1.20,180,0.000,25.80,61.29,65.18,0,0,WELCOME ISLAND (AUT),0.0,2018-2025,2026-10-08T21:12:02+00:00
2026-09-29T08:00:00+00:00,welcome_island,144,7.02,100,-6.913,49.68,2.20,105,-2.125,25.80,53.46,65.18,0,0,WELCOME ISLAND (AUT),0.0,2018-2025,2026-10-08T21:12:02+00:00
2026-09-29T09:00:00+00:00,welcome_island,144,4.86,110,-4.567,40.50,3.90,96,-3.879,25.80,45.90,65.18,0,0,WELCOME ISLAND (AUT),0.0,2018-2025,2026-10-08T21:12:02+00:00
2026-09-29T10:00:00+00:00,welcome_island,144,10.26,160,-3.509,31.59,5.30,100,-5.219,25.80,41.04,65.18,0,0,WELCOME ISLAND (AUT),0.0,2018-2025,2026-10-08T21:12:02+00:00
2026-09-29T11:00:00+00:00,welcome_island,144,3.24,190,0.563,23.76,6.90,106,-6.633,25.80,38.07,65.18,0,0,WELCOME ISLAND (AUT),0.0,2018-2025,2026-10-08T21:12:02+00:00
2026-09-29T12:00:00+00:00,welcome_island,144,4.86,190,0.844,16.74,12.70,201,4.551,25.80,34.83,65.18,0,0,WELCOME ISLAND (AUT),0.0,2018-2025,2026-10-08T21:12:02+00:00
2026-09-29T13:00:00+00:00,welcome_island,144,3.78,200,1.293,10.53,13.00,202,4.870,22.70,30.78,65.18,0,0,WELCOME ISLAND (AUT),0.0,2018-2025,2026-10-08T21:12:02+00:00
2026-09-29T14:00:00+00:00,welcome_island,144,3.78,210,1.890,6.21,13.40,202,5.020,17.10,27.54,65.18,0,0,WELCOME ISLAND (AUT),0.0,2018-2025,2026-10-08T21:12:02+00:00
2026-09-29T15:00:00+00:00,welcome_island,144,0.00,,0.000,2.16,13.50,201,4.838,12.80,26.46,65.18,0,0,WELCOME ISLAND (AUT),0.0,2018-2025,2026-10-08T21:12:02+00:00
2026-09-29T16:00:00+00:00,welcome_island,144,7.02,200,2.401,0.00,13.00,197,3.801,9.85,26.46,65.18,0,0,WELCOME ISLAND (AUT),0.0,2018-2025,2026-10-08T21:12:02+00:00
2026-09-29T17:00:00+00:00,welcome_island,144,8.10,190,1.406,0.00,12.20,188,1.698,8.70,26.46,65.18,0,0,WELCOME ISLAND (AUT),0.0,2018-2025,2026-10-08T21:12:02+00:00
2026-09-29T18:00:00+00:00,welcome_island,144,10.26,200,3.509,0.00,12.00,188,1.670,8.70,26.46,65.18,0,0,WELCOME ISLAND (AUT),0.0,2018-2025,2026-10-08T21:12:02+00:00
2026-09-29T19:00:00+00:00,welcome_island,144,8.64,200,2.955,0.00,13.30,186,1.390,8.70,26.46,65.18,0,0,WELCOME ISLAND (AUT),0.0,2018-2025,2026-10-08T21:12:02+00:00
2026-09-29T20:00:00+00:00,welcome_island,144,7.02,210,3.510,0.00,14.60,182,0.510,8.70,26.46,65.18,0,0,WELCOME ISLAND (AUT),0.0,2018-2025,2026-10-08T21:12:02+00:00
2026-09-29T21:00:00+00:00,welcome_island,144,6.48,200,2.216,0.00,15.20,180,0.000,8.70,26.46,65.18,0,0,WELCOME ISLAND (AUT),0.0,2018-2025,2026-10-08T21:12:02+00:00
2026-09-29T22:00:00+00:00,welcome_island,144,6.48,200,2.216,0.00,14.80,183,0.775,8.70,26.46,65.18,0,0,WELCOME ISLAND (AUT),0.0,2018-2025,2026-10-08T21:12:02+00:00
2026-09-29T23:00:00+00:00,welcome_island,144,9.18,200,3.139,0.00,13.80,189,2.159,8.70,26.46,65.18,0,0,WELCOME ISLAND (AUT),0.0,2018-2025,2026-10-08T21:12:02+00:00
2026-09-30T00:00:00+00:00,welcome_island,144,5.94,200,2.031,0.00,9.60,162,-2.967,8.70,26.46,67.33,0,0,WELCOME ISLAND (AUT),0.0,2018-2025,2026-10-08T21:12:02+00:00
2026-09-30T01:00:00+00:00,welcome_island,144,5.94,230,4.550,2.97,9.00,175,-0.784,8.70,26.46,67.33,0,0,WELCOME ISLAND (AUT),0.0,2018-2025,2026-10-08T21:12:02+00:00
2026-09-30T02:00:00+00:00,welcome_island,144,8.10,210,4.050,5.94,8.80,193,1.980,8.70,26.46,67.33,0,0,WELCOME ISLAND (AUT),0.0,2018-2025,2026-10-08T21:12:02+00:00
2026-09-30T03:00:00+00:00,welcome_island,144,8.64,210,4.320,5.94,9.00,204,3.661,8.70,26.46,67.33,0,0,WELCOME ISLAND (AUT),0.0,2018-2025,2026-10-08T21:12:02+00:00
2026-09-30T04:00:00+00:00,welcome_island,144,8.64,210,4.320,5.94,8.40,206,3.682,8.70,26.46,67.33,0,0,WELCOME ISLAND (AUT),0.0,2018-2025,2026-10-08T21:12:02+00:00
2026-09-30T05:00:00+00:00,welcome_island,144,9.72,210,4.860,5.94,7.60,203,2.970,4.35,26.46,67.33,0,0,WELCOME ISLAND (AUT),0.0,2018-2025,2026-10-08T21:12:02+00:00
2026-09-30T06:00:00+00:00,welcome_island,144,10.80,210,5.400,5.94,5.90,214,3.299,0.00,26.46,67.33,0,0,WELCOME ISLAND (AUT),0.0,2018-2025,2026-10-08T21:12:02+00:00
2026-09-30T07:00:00+00:00,welcome_island,144,11.88,210,5.940,5.94,5.00,242,4.415,2.50,26.46,67.33,0,0,WELCOME ISLAND (AUT),0.0,2018-2025,2026-10-08T21:12:02+00:00
2026-09-30T08:00:00+00:00,welcome_island,144,11.34,210,5.670,5.94,4.50,270,4.500,7.25,26.46,67.33,0,0,WELCOME ISLAND (AUT),0.0,2018-2025,2026-10-08T21:12:02+00:00
2026-09-30T09:00:00+00:00,welcome_island,144,9.72,220,6.247,5.94,5.00,283,4.872,12.00,25.11,67.33,0,0,WELCOME ISLAND (AUT),0.0,2018-2025,2026-10-08T21:12:02+00:00
2026-09-30T10:00:00+00:00,welcome_island,144,8.10,220,5.206,5.94,6.10,276,6.067,17.55,21.33,67.33,0,0,WELCOME ISLAND (AUT),0.0,2018-2025,2026-10-08T21:12:02+00:00
2026-09-30T11:00:00+00:00,welcome_island,144,9.18,210,4.590,5.94,7.40,264,7.359,24.30,15.93,67.33,0,0,WELCOME ISLAND (AUT),0.0,2018-2025,2026-10-08T21:12:02+00:00
2026-09-30T12:00:00+00:00,welcome_island,144,8.64,220,5.553,5.94,10.60,314,7.625,33.30,10.80,67.33,0,0,WELCOME ISLAND (AUT),0.0,2018-2025,2026-10-08T21:12:02+00:00
2026-09-30T13:00:00+00:00,welcome_island,144,7.56,220,4.859,5.94,10.90,316,7.572,38.60,6.75,67.33,0,0,WELCOME ISLAND (AUT),0.0,2018-2025,2026-10-08T21:12:02+00:00
2026-09-30T14:00:00+00:00,welcome_island,144,4.86,230,3.723,8.37,11.40,316,7.919,38.60,2.43,67.33,0,0,WELCOME ISLAND (AUT),0.0,2018-2025,2026-10-08T21:12:02+00:00
2026-09-30T15:00:00+00:00,welcome_island,144,7.02,210,3.510,10.80,10.90,314,7.841,44.05,0.00,67.33,0,0,WELCOME ISLAND (AUT),0.0,2018-2025,2026-10-08T21:12:02+00:00
2026-09-30T16:00:00+00:00,welcome_island,144,8.64,210,4.320,10.80,8.30,309,6.450,53.65,0.00,67.33,0,0,WELCOME ISLAND (AUT),0.0,2018-2025,2026-10-08T21:12:02+00:00
2026-09-30T17:00:00+00:00,welcome_island,144,9.18,210,4.590,10.80,4.70,289,4.444,60.15,0.00,67.33,0,0,WELCOME ISLAND (AUT),0.0,2018-2025,2026-10-08T21:12:02+00:00
2026-09-30T18:00:00+00:00,welcome_island,144,10.26,210,5.130,10.80,4.30,133,-3.145,62.50,0.00,67.33,0,0,WELCOME ISLAND (AUT),0.0,2018-2025,2026-10-08T21:12:02+00:00
2026-09-30T19:00:00+00:00,welcome_island,144,9.72,200,3.324,10.80,4.40,139,-2.887,62.50,0.00,67.33,0,0,WELCOME ISLAND (AUT),0.0,2018-2025,2026-10-08T21:12:02+00:00
2026-09-30T20:00:00+00:00,welcome_island,144,11.34,210,5.670,10.80,4.40,142,-2.709,62.50,0.00,67.33,0,0,WELCOME ISLAND (AUT),0.0,2018-2025,2026-10-08T21:12:02+00:00
2026-09-30T21:00:00+00:00,welcome_island,144,11.88,210,5.940,10.80,4.60,144,-2.704,62.50,0.00,67.33,0,0,WELCOME ISLAND (AUT),0.0,2018-2025,2026-10-08T21:12:02+00:00
2026-09-30T22:00:00+00:00,welcome_island,144,12.96,200,4.432,10.80,5.20,138,-3.479,62.50,0.00,67.33,0,0,WELCOME ISLAND (AUT),0.0,2018-2025,2026-10-08T21:12:02+00:00
2026-09-30T23:00:00+00:00,welcome_island,144,11.34,210,5.670,10.80,6.20,131,-4.679,62.50,0.00,67.33,0,0,WELCOME ISLAND (AUT),0.0,2018-2025,2026-10-08T21:12:02+00:00
2026-10-01T00:00:00+00:00,welcome_island,144,10.80,210,5.400,10.80,7.80,166,-1.887,62.50,0.00,71.50,0,0,WELCOME ISLAND (AUT),0.0,2018-2025,2026-10-08T21:12:02+00:00
2026-10-01T01:00:00+00:00,welcome_island,144,4.32,260,4.254,9.99,5.10,162,-1.576,62.50,0.00,71.50,0,0,WELCOME ISLAND (AUT),0.0,2018-2025,2026-10-08T21:12:02+00:00
2026-10-01T02:00:00+00:00,welcome_island,144,2.70,50,-2.068,9.18,2.00,151,-0.970,62.50,0.00,71.50,0,0,WELCOME ISLAND (AUT),0.0,2018-2025,2026-10-08T21:12:02+00:00
2026-10-01T03:00:00+00:00,welcome_island,144,3.24,290,3.044,10.80,0.70,56,-0.580,62.50,0.00,71.50,0,0,WELCOME ISLAND (AUT),0.0,2018-2025,2026-10-08T21:12:02+00:00
2026-10-01T04:00:00+00:00,welcome_island,144,3.78,350,0.656,12.42,1.40,56,-1.161,62.50,0.00,71.50,0,0,WELCOME ISLAND (AUT),0.0,2018-2025,2026-10-08T21:12:02+00:00
2026-10-01T05:00:00+00:00,welcome_island,144,4.32,220,2.777,12.42,2.30,85,-2.291,62.50,0.00,71.50,0,0,WELCOME ISLAND (AUT),0.0,2018-2025,2026-10-08T21:12:02+00:00
2026-10-01T06:00:00+00:00,welcome_island,144,8.10,210,4.050,12.42,4.40,229,3.321,64.70,0.00,71.50,0,0,WELCOME ISLAND (AUT),0.0,2018-2025,2026-10-08T21:12:02+00:00
2026-10-01T07:00:00+00:00,welcome_island,144,7.02,250,6.596,15.93,3.90,229,2.943,66.35,0.00,71.50,0,0,WELCOME ISLAND (AUT),0.0,2018-2025,2026-10-08T21:12:02+00:00
2026-10-01T08:00:00+00:00,welcome_island,144,15.66,360,0.000,19.44,3.20,227,2.340,65.15,0.00,71.50,0,0,WELCOME ISLAND (AUT),0.0,2018-2025,2026-10-08T21:12:02+00:00
2026-10-01T09:00:00+00:00,welcome_island,144,10.80,330,5.400,19.44,2.50,231,1.943,63.25,0.00,71.50,0,0,WELCOME ISLAND (AUT),0.0,2018-2025,2026-10-08T21:12:02+00:00
2026-10-01T10:00:00+00:00,welcome_island,144,11.34,290,10.655,25.11,2.30,265,2.291,60.10,1.08,71.50,0,0,WELCOME ISLAND (AUT),0.0,2018-2025,2026-10-08T21:12:02+00:00
2026-10-01T11:00:00+00:00,welcome_island,144,11.34,280,11.167,36.45,3.30,298,2.914,56.15,2.16,71.50,0,0,WELCOME ISLAND (AUT),0.0,2018-2025,2026-10-08T21:12:02+00:00
2026-10-01T12:00:00+00:00,welcome_island,144,10.26,280,10.103,47.25,8.50,207,3.859,48.80,2.16,71.50,0,0,WELCOME ISLAND (AUT),0.0,2018-2025,2026-10-08T21:12:02+00:00
2026-10-01T13:00:00+00:00,welcome_island,144,10.80,290,10.148,57.78,7.20,207,3.269,43.50,2.16,71.50,0,0,WELCOME ISLAND (AUT),0.0,2018-2025,2026-10-08T21:12:02+00:00
2026-10-01T14:00:00+00:00,welcome_island,144,11.88,280,11.699,66.68,5.60,205,2.367,43.50,2.16,71.50,0,0,WELCOME ISLAND (AUT),0.0,2018-2025,2026-10-08T21:12:02+00:00
2026-10-01T15:00:00+00:00,welcome_island,144,9.72,280,9.572,75.05,3.80,201,1.362,38.05,2.16,71.50,0,0,WELCOME ISLAND (AUT),0.0,2018-2025,2026-10-08T21:12:02+00:00
2026-10-01T16:00:00+00:00,welcome_island,144,6.48,260,6.381,83.15,1.80,174,-0.188,28.45,3.78,71.50,0,0,WELCOME ISLAND (AUT),0.0,2018-2025,2026-10-08T21:12:02+00:00
2026-10-01T17:00:00+00:00,welcome_island,144,19.44,300,16.834,96.11,2.00,96,-1.989,21.95,5.40,71.50,0,0,WELCOME ISLAND (AUT),0.0,2018-2025,2026-10-08T21:12:02+00:00
2026-10-01T18:00:00+00:00,welcome_island,144,14.58,280,14.357,113.12,4.20,167,-0.945,19.60,5.40,71.50,0,0,WELCOME ISLAND (AUT),0.0,2018-2025,2026-10-08T21:12:02+00:00
2026-10-01T19:00:00+00:00,welcome_island,144,16.20,290,15.222,128.51,5.00,154,-2.192,19.60,5.40,71.50,0,0,WELCOME ISLAND (AUT),0.0,2018-2025,2026-10-08T21:12:02+00:00
2026-10-01T20:00:00+00:00,welcome_island,144,21.60,300,18.705,147.41,5.80,140,-3.728,19.60,5.40,71.50,0,0,WELCOME ISLAND (AUT),0.0,2018-2025,2026-10-08T21:12:02+00:00
2026-10-01T21:00:00+00:00,welcome_island,144,22.14,320,14.230,158.21,6.20,131,-4.679,19.60,5.40,71.50,0,0,WELCOME ISLAND (AUT),0.0,2018-2025,2026-10-08T21:12:02+00:00
2026-10-01T22:00:00+00:00,welcome_island,144,19.44,320,12.495,158.21,5.70,118,-5.033,19.60,5.40,71.50,0,0,WELCOME ISLAND (AUT),0.0,2018-2025,2026-10-08T21:12:02+00:00
2026-10-01T23:00:00+00:00,welcome_island,144,22.14,310,16.959,169.28,5.10,99,-5.037,19.60,5.40,71.50,0,0,WELCOME ISLAND (AUT),0.0,2018-2025,2026-10-08T21:12:02+00:00
2026-10-02T00:00:00+00:00,welcome_island,144,22.14,320,14.230,180.35,9.60,336,3.905,19.60,5.40,73.65,0,0,WELCOME ISLAND (AUT),0.0,2018-2025,2026-10-08T21:12:02+00:00
2026-10-02T01:00:00+00:00,welcome_island,144,21.06,310,16.132,188.71,8.90,334,3.902,19.60,5.40,73.65,0,0,WELCOME ISLAND (AUT),0.0,2018-2025,2026-10-08T21:12:02+00:00
2026-10-02T02:00:00+00:00,welcome_island,144,17.82,310,13.650,205.99,8.20,329,4.223,19.60,5.40,73.65,0,0,WELCOME ISLAND (AUT),0.0,2018-2025,2026-10-08T21:12:02+00:00
2026-10-02T03:00:00+00:00,welcome_island,144,15.66,310,11.995,221.11,7.80,323,4.694,19.60,5.40,73.65,0,0,WELCOME ISLAND (AUT),0.0,2018-2025,2026-10-08T21:12:02+00:00
2026-10-02T04:00:00+00:00,welcome_island,144,12.96,300,11.223,233.80,8.00,319,5.248,19.60,5.40,73.65,0,0,WELCOME ISLAND (AUT),0.0,2018-2025,2026-10-08T21:12:02+00:00
2026-10-02T05:00:00+00:00,welcome_island,144,11.34,290,10.655,245.95,8.50,315,6.010,23.85,5.40,73.65,0,0,WELCOME ISLAND (AUT),0.0,2018-2025,2026-10-08T21:12:02+00:00
2026-10-02T06:00:00+00:00,welcome_island,144,12.96,290,12.177,258.10,10.40,342,3.214,25.90,5.40,73.65,0,0,WELCOME ISLAND (AUT),0.0,2018-2025,2026-10-08T21:12:02+00:00
2026-10-02T07:00:00+00:00,welcome_island,144,9.72,290,9.133,265.93,10.20,346,2.468,21.75,5.40,73.65,0,0,WELCOME ISLAND (AUT),0.0,2018-2025,2026-10-08T21:12:02+00:00
2026-10-02T08:00:00+00:00,welcome_island,144,12.42,280,12.230,273.49,9.70,350,1.684,18.20,5.40,73.65,0,0,WELCOME ISLAND (AUT),0.0,2018-2025,2026-10-08T21:12:02+00:00
2026-10-02T09:00:00+00:00,welcome_island,144,10.80,290,10.148,285.10,9.20,354,0.962,15.35,5.40,73.65,0,0,WELCOME ISLAND (AUT),0.0,2018-2025,2026-10-08T21:12:02+00:00
2026-10-02T10:00:00+00:00,welcome_island,144,11.34,280,11.167,290.50,8.60,357,0.450,12.95,4.32,73.65,0,0,WELCOME ISLAND (AUT),0.0,2018-2025,2026-10-08T21:12:02+00:00
2026-10-02T11:00:00+00:00,welcome_island,144,12.42,290,11.670,291.04,8.00,1,-0.140,10.15,3.24,73.65,0,0,WELCOME ISLAND (AUT),0.0,2018-2025,2026-10-08T21:12:02+00:00
2026-10-02T12:00:00+00:00,welcome_island,144,14.58,310,11.168,293.74,4.90,18,-1.514,8.50,3.24,73.65,0,0,WELCOME ISLAND (AUT),0.0,2018-2025,2026-10-08T21:12:02+00:00
2026-10-02T13:00:00+00:00,welcome_island,144,11.88,290,11.163,296.44,4.00,43,-2.728,8.50,3.24,73.65,0,0,WELCOME ISLAND (AUT),0.0,2018-2025,2026-10-08T21:12:02+00:00
2026-10-02T14:00:00+00:00,welcome_island,144,9.72,280,9.572,295.90,3.70,84,-3.680,8.50,3.24,73.65,0,0,WELCOME ISLAND (AUT),0.0,2018-2025,2026-10-08T21:12:02+00:00
2026-10-02T15:00:00+00:00,welcome_island,144,18.90,320,12.148,289.96,4.90,108,-4.660,8.50,3.24,73.65,0,0,WELCOME ISLAND (AUT),0.0,2018-2025,2026-10-08T21:12:02+00:00
2026-10-02T16:00:00+00:00,welcome_island,144,23.76,310,18.200,293.74,6.00,119,-5.248,8.50,1.62,73.65,0,0,WELCOME ISLAND (AUT),0.0,2018-2025,2026-10-08T21:12:02+00:00
2026-10-02T17:00:00+00:00,welcome_island,144,17.82,310,13.650,301.57,6.90,122,-5.852,8.50,0.00,73.65,0,0,WELCOME ISLAND (AUT),0.0,2018-2025,2026-10-08T21:12:02+00:00
2026-10-02T18:00:00+00:00,welcome_island,144,15.12,290,14.207,301.03,5.60,160,-1.915,8.50,0.00,73.65,0,0,WELCOME ISLAND (AUT),0.0,2018-2025,2026-10-08T21:12:02+00:00
2026-10-02T19:00:00+00:00,welcome_island,144,17.28,320,11.106,293.20,7.00,167,-1.575,8.50,0.00,73.65,0,0,WELCOME ISLAND (AUT),0.0,2018-2025,2026-10-08T21:12:02+00:00
2026-10-02T20:00:00+00:00,welcome_island,144,11.88,320,7.636,274.30,7.40,175,-0.645,8.50,0.00,73.65,0,0,WELCOME ISLAND (AUT),0.0,2018-2025,2026-10-08T21:12:02+00:00
2026-10-02T21:00:00+00:00,welcome_island,144,10.80,330,5.400,263.50,7.60,180,0.000,8.50,0.00,73.65,0,0,WELCOME ISLAND (AUT),0.0,2018-2025,2026-10-08T21:12:02+00:00
2026-10-02T22:00:00+00:00,welcome_island,144,10.80,320,6.942,263.50,7.60,180,0.000,8.50,0.00,73.65,0,0,WELCOME ISLAND (AUT),0.0,2018-2025,2026-10-08T21:12:02+00:00
2026-10-02T23:00:00+00:00,welcome_island,144,9.72,310,7.445,257.29,7.20,177,-0.377,8.50,0.00,73.65,0,0,WELCOME ISLAND (AUT),0.0,2018-2025,2026-10-08T21:12:02+00:00
2026-10-03T00:00:00+00:00,welcome_island,144,9.18,310,7.032,255.67,8.60,284,8.345,12.80,0.00,72.45,0,0,WELCOME ISLAND (AUT),0.0,2018-2025,2026-10-08T21:12:02+00:00
2026-10-03T01:00:00+00:00,welcome_island,144,7.02,280,6.913,253.24,7.90,287,7.555,21.05,0.00,72.45,0,0,WELCOME ISLAND (AUT),0.0,2018-2025,2026-10-08T21:12:02+00:00
2026-10-03T02:00:00+00:00,welcome_island,144,4.32,270,4.320,239.47,7.50,291,7.002,28.75,0.00,72.45,0,0,WELCOME ISLAND (AUT),0.0,2018-2025,2026-10-08T21:12:02+00:00
2026-10-03T03:00:00+00:00,welcome_island,144,6.48,280,6.381,228.13,7.30,295,6.616,36.15,0.00,72.45,0,0,WELCOME ISLAND (AUT),0.0,2018-2025,2026-10-08T21:12:02+00:00
2026-10-03T04:00:00+00:00,welcome_island,144,6.48,290,6.089,220.30,7.00,298,6.181,43.30,0.00,72.45,0,0,WELCOME ISLAND (AUT),0.0,2018-2025,2026-10-08T21:12:02+00:00
2026-10-03T05:00:00+00:00,welcome_island,144,5.94,290,5.581,214.36,6.70,300,5.802,45.90,0.00,72.45,0,0,WELCOME ISLAND (AUT),0.0,2018-2025,2026-10-08T21:12:02+00:00
2026-10-03T06:00:00+00:00,welcome_island,144,7.56,290,7.104,208.96,12.00,299,10.495,51.00,0.00,72.45,0,0,WELCOME ISLAND (AUT),0.0,2018-2025,2026-10-08T21:12:02+00:00
2026-10-03T07:00:00+00:00,welcome_island,144,7.02,290,6.596,204.91,11.80,297,10.514,62.90,0.00,72.45,0,0,WELCOME ISLAND (AUT),0.0,2018-2025,2026-10-08T21:12:02+00:00
2026-10-03T08:00:00+00:00,welcome_island,144,7.56,300,6.547,201.13,11.50,298,10.154,74.55,0.00,72.45,0,0,WELCOME ISLAND (AUT),0.0,2018-2025,2026-10-08T21:12:02+00:00
2026-10-03T09:00:00+00:00,welcome_island,144,6.48,310,4.964,196.54,11.30,299,9.883,85.95,0.00,72.45,0,0,WELCOME ISLAND (AUT),0.0,2018-2025,2026-10-08T21:12:02+00:00
2026-10-03T10:00:00+00:00,welcome_island,144,4.86,300,4.209,191.14,11.20,301,9.600,97.20,0.00,72.45,0,0,WELCOME ISLAND (AUT),0.0,2018-2025,2026-10-08T21:12:02+00:00
2026-10-03T11:00:00+00:00,welcome_island,144,5.40,300,4.676,184.40,11.20,305,9.175,108.40,0.00,72.45,0,0,WELCOME ISLAND (AUT),0.0,2018-2025,2026-10-08T21:12:02+00:00
2026-10-03T12:00:00+00:00,welcome_island,144,4.86,290,4.567,176.03,9.30,293,8.561,118.65,0.00,72.45,0,0,WELCOME ISLAND (AUT),0.0,2018-2025,2026-10-08T21:12:02+00:00
2026-10-03T13:00:00+00:00,welcome_island,144,3.24,300,2.806,166.85,8.20,292,7.603,127.40,0.00,72.45,0,0,WELCOME ISLAND (AUT),0.0,2018-2025,2026-10-08T21:12:02+00:00
2026-10-03T14:00:00+00:00,welcome_island,144,2.16,60,-1.870,157.67,7.00,293,6.444,135.00,0.00,72.45,0,0,WELCOME ISLAND (AUT),0.0,2018-2025,2026-10-08T21:12:02+00:00
2026-10-03T15:00:00+00:00,welcome_island,144,0.00,,0.000,152.81,5.30,289,5.011,141.15,0.00,72.45,0,0,WELCOME ISLAND (AUT),0.0,2018-2025,2026-10-08T21:12:02+00:00
2026-10-03T16:00:00+00:00,welcome_island,144,0.00,,0.000,140.93,3.20,259,3.141,145.40,0.00,72.45,0,0,WELCOME ISLAND (AUT),0.0,2018-2025,2026-10-08T21:12:02+00:00
2026-10-03T17:00:00+00:00,welcome_island,144,1.62,130,-1.241,120.14,3.60,196,0.992,147.00,0.00,72.45,0,0,WELCOME ISLAND (AUT),0.0,2018-2025,2026-10-08T21:12:02+00:00
2026-10-03T18:00:00+00:00,welcome_island,144,7.56,150,-3.780,103.67,8.20,176,-0.572,147.00,0.00,72.45,0,0,WELCOME ISLAND (AUT),0.0,2018-2025,2026-10-08T21:12:02+00:00
2026-10-03T19:00:00+00:00,welcome_island,144,10.26,120,-8.885,96.11,9.90,180,0.000,147.00,0.00,72.45,0,0,WELCOME ISLAND (AUT),0.0,2018-2025,2026-10-08T21:12:02+00:00
2026-10-03T20:00:00+00:00,welcome_island,144,13.50,120,-11.690,96.11,11.20,187,1.365,147.00,0.00,72.45,0,0,WELCOME ISLAND (AUT),0.0,2018-2025,2026-10-08T21:12:02+00:00
2026-10-03T21:00:00+00:00,welcome_island,144,14.58,130,-11.168,96.11,11.40,190,1.980,147.00,0.00,72.45,0,0,WELCOME ISLAND (AUT),0.0,2018-2025,2026-10-08T21:12:02+00:00
2026-10-03T22:00:00+00:00,welcome_island,144,18.36,140,-11.801,96.11,10.20,187,1.243,147.00,0.00,72.45,0,0,WELCOME ISLAND (AUT),0.0,2018-2025,2026-10-08T21:12:02+00:00
2026-10-03T23:00:00+00:00,welcome_island,144,16.20,140,-10.412,91.25,8.00,179,-0.140,147.00,0.00,72.45,0,0,WELCOME ISLAND (AUT),0.0,2018-2025,2026-10-08T21:12:02+00:00
2026-10-04T00:00:00+00:00,welcome_island,144,13.50,200,4.617,81.80,18.70,133,-13.676,142.70,0.00,70.24,0,0,WELCOME ISLAND (AUT),0.0,2018-2025,2026-10-08T21:12:02+00:00
2026-10-04T01:00:00+00:00,welcome_island,144,14.58,200,4.986,73.70,18.60,145,-10.669,134.45,3.24,70.24,0,0,WELCOME ISLAND (AUT),0.0,2018-2025,2026-10-08T21:12:02+00:00
2026-10-04T02:00:00+00:00,welcome_island,144,14.58,200,4.986,68.03,19.20,162,-5.933,126.75,6.48,70.24,0,0,WELCOME ISLAND (AUT),0.0,2018-2025,2026-10-08T21:12:02+00:00
2026-10-04T03:00:00+00:00,welcome_island,144,9.72,210,4.860,62.63,20.30,174,-2.122,119.35,8.91,70.24,0,0,WELCOME ISLAND (AUT),0.0,2018-2025,2026-10-08T21:12:02+00:00
2026-10-04T04:00:00+00:00,welcome_island,144,8.64,220,5.553,56.16,20.20,181,0.353,112.20,14.58,70.24,0,0,WELCOME ISLAND (AUT),0.0,2018-2025,2026-10-08T21:12:02+00:00
2026-10-04T05:00:00+00:00,welcome_island,144,5.94,230,4.550,52.92,19.30,186,2.017,105.35,20.79,70.24,0,0,WELCOME ISLAND (AUT),0.0,2018-2025,2026-10-08T21:12:02+00:00
2026-10-04T06:00:00+00:00,welcome_island,144,4.32,270,4.320,51.30,18.90,188,2.630,96.00,27.27,70.24,0,0,WELCOME ISLAND (AUT),0.0,2018-2025,2026-10-08T21:12:02+00:00
2026-10-04T07:00:00+00:00,welcome_island,144,7.02,270,7.019,49.68,13.10,212,6.942,84.10,35.10,70.24,0,0,WELCOME ISLAND (AUT),0.0,2018-2025,2026-10-08T21:12:02+00:00
2026-10-04T08:00:00+00:00,welcome_island,144,14.04,290,13.192,52.92,12.50,266,12.470,78.70,44.28,70.24,0,0,WELCOME ISLAND (AUT),0.0,2018-2025,2026-10-08T21:12:02+00:00
2026-10-04T09:00:00+00:00,welcome_island,144,14.58,300,12.626,60.21,17.90,291,16.711,82.50,53.46,70.24,0,0,WELCOME ISLAND (AUT),0.0,2018-2025,2026-10-08T21:12:02+00:00
2026-10-04T10:00:00+00:00,welcome_island,144,19.98,300,17.302,71.81,20.40,295,18.489,90.40,62.37,70.24,0,0,WELCOME ISLAND (AUT),0.0,2018-2025,2026-10-08T21:12:02+00:00
2026-10-04T11:00:00+00:00,welcome_island,144,23.22,310,17.786,88.28,20.50,293,18.870,99.65,70.19,70.24,0,0,WELCOME ISLAND (AUT),0.0,2018-2025,2026-10-08T21:12:02+00:00
2026-10-04T12:00:00+00:00,welcome_island,144,18.36,290,17.251,103.94,17.70,295,16.042,108.50,77.21,70.24,0,0,WELCOME ISLAND (AUT),0.0,2018-2025,2026-10-08T21:12:02+00:00
2026-10-04T13:00:00+00:00,welcome_island,144,18.36,300,15.899,118.25,18.10,287,17.309,117.65,83.42,70.24,0,0,WELCOME ISLAND (AUT),0.0,2018-2025,2026-10-08T21:12:02+00:00
2026-10-04T14:00:00+00:00,welcome_island,144,21.60,300,18.705,136.61,19.00,281,18.651,128.60,87.74,70.24,0,0,WELCOME ISLAND (AUT),0.0,2018-2025,2026-10-08T21:12:02+00:00
2026-10-04T15:00:00+00:00,welcome_island,144,18.90,310,14.477,156.86,19.40,280,19.105,141.65,91.79,70.24,0,0,WELCOME ISLAND (AUT),0.0,2018-2025,2026-10-08T21:12:02+00:00
2026-10-04T16:00:00+00:00,welcome_island,144,21.06,310,16.132,176.84,18.40,290,17.290,156.30,93.95,70.24,0,0,WELCOME ISLAND (AUT),0.0,2018-2025,2026-10-08T21:12:02+00:00
2026-10-04T17:00:00+00:00,welcome_island,144,21.06,300,18.237,197.89,17.80,306,14.401,172.80,93.95,70.24,0,0,WELCOME ISLAND (AUT),0.0,2018-2025,2026-10-08T21:12:02+00:00
2026-10-04T18:00:00+00:00,welcome_island,144,20.52,310,15.718,218.68,21.20,300,18.360,192.30,93.95,70.24,0,0,WELCOME ISLAND (AUT),0.0,2018-2025,2026-10-08T21:12:02+00:00
2026-10-04T19:00:00+00:00,welcome_island,144,25.92,300,22.446,241.90,22.50,307,17.969,214.15,93.95,70.24,0,0,WELCOME ISLAND (AUT),0.0,2018-2025,2026-10-08T21:12:02+00:00
2026-10-04T20:00:00+00:00,welcome_island,144,25.38,310,19.441,267.55,24.10,317,16.436,225.40,93.95,70.24,0,0,WELCOME ISLAND (AUT),0.0,2018-2025,2026-10-08T21:12:02+00:00
2026-10-04T21:00:00+00:00,welcome_island,144,25.92,310,19.854,293.20,25.00,323,15.045,225.40,93.95,70.24,0,0,WELCOME ISLAND (AUT),0.0,2018-2025,2026-10-08T21:12:02+00:00
2026-10-04T22:00:00+00:00,welcome_island,144,22.14,310,16.959,317.22,23.70,326,13.253,225.40,93.95,70.24,1,0,WELCOME ISLAND (AUT),0.0,2018-2025,2026-10-08T21:12:02+00:00
2026-10-04T23:00:00+00:00,welcome_island,144,21.60,290,20.296,339.09,21.00,327,11.437,225.40,93.95,70.24,1,0,WELCOME ISLAND (AUT),0.0,2018-2025,2026-10-08T21:12:02+00:00
2026-10-05T00:00:00+00:00,welcome_island,144,15.12,320,9.718,349.89,10.50,332,4.929,225.40,93.95,71.84,1,0,WELCOME ISLAND (AUT),0.0,2018-2025,2026-10-08T21:12:02+00:00
2026-10-05T01:00:00+00:00,welcome_island,144,22.68,300,19.640,361.23,10.30,334,4.515,225.40,90.71,71.84,1,0,WELCOME ISLAND (AUT),0.0,2018-2025,2026-10-08T21:12:02+00:00
2026-10-05T02:00:00+00:00,welcome_island,144,19.44,300,16.834,382.29,11.30,339,4.050,225.40,87.47,71.84,1,0,WELCOME ISLAND (AUT),0.0,2018-2025,2026-10-08T21:12:02+00:00
2026-10-05T03:00:00+00:00,welcome_island,144,19.44,310,14.891,401.73,11.70,341,3.809,225.40,85.04,71.84,1,0,WELCOME ISLAND (AUT),0.0,2018-2025,2026-10-08T21:12:02+00:00
2026-10-05T04:00:00+00:00,welcome_island,144,18.90,310,14.477,420.90,11.10,338,4.158,225.40,79.37,71.84,1,0,WELCOME ISLAND (AUT),0.0,2018-2025,2026-10-08T21:12:02+00:00
2026-10-05T05:00:00+00:00,welcome_island,144,15.12,320,9.718,427.38,10.10,332,4.742,225.40,73.16,71.84,1,0,WELCOME ISLAND (AUT),0.0,2018-2025,2026-10-08T21:12:02+00:00
2026-10-05T06:00:00+00:00,welcome_island,144,10.26,310,7.859,427.38,10.90,316,7.572,225.40,66.68,71.84,1,0,WELCOME ISLAND (AUT),0.0,2018-2025,2026-10-08T21:12:02+00:00
2026-10-05T07:00:00+00:00,welcome_island,144,9.18,290,8.626,431.43,11.60,312,8.620,231.20,58.86,71.84,1,0,WELCOME ISLAND (AUT),0.0,2018-2025,2026-10-08T21:12:02+00:00
2026-10-05T08:00:00+00:00,welcome_island,144,14.58,310,11.168,432.78,12.10,311,9.132,236.80,49.68,71.84,1,0,WELCOME ISLAND (AUT),0.0,2018-2025,2026-10-08T21:12:02+00:00
2026-10-05T09:00:00+00:00,welcome_island,144,10.26,310,7.859,430.89,12.50,312,9.289,233.90,40.50,71.84,1,0,WELCOME ISLAND (AUT),0.0,2018-2025,2026-10-08T21:12:02+00:00
2026-10-05T10:00:00+00:00,welcome_island,144,9.18,300,7.949,423.33,12.90,314,9.279,227.45,31.59,71.84,1,0,WELCOME ISLAND (AUT),0.0,2018-2025,2026-10-08T21:12:02+00:00
2026-10-05T11:00:00+00:00,welcome_island,144,13.50,300,11.690,413.07,13.30,317,9.071,213.45,23.76,71.84,1,0,WELCOME ISLAND (AUT),0.0,2018-2025,2026-10-08T21:12:02+00:00
2026-10-05T12:00:00+00:00,welcome_island,144,10.26,290,9.640,404.16,11.60,303,9.729,200.15,16.74,71.84,1,0,WELCOME ISLAND (AUT),0.0,2018-2025,2026-10-08T21:12:02+00:00
2026-10-05T13:00:00+00:00,welcome_island,144,7.56,290,7.104,394.71,11.60,301,9.943,193.85,10.53,71.84,1,0,WELCOME ISLAND (AUT),0.0,2018-2025,2026-10-08T21:12:02+00:00
2026-10-05T14:00:00+00:00,welcome_island,144,5.40,280,5.318,381.21,11.70,299,10.233,186.95,6.21,71.84,1,0,WELCOME ISLAND (AUT),0.0,2018-2025,2026-10-08T21:12:02+00:00
2026-10-05T15:00:00+00:00,welcome_island,144,3.78,280,3.722,365.55,11.10,297,9.890,179.15,2.16,71.84,1,0,WELCOME ISLAND (AUT),0.0,2018-2025,2026-10-08T21:12:02+00:00
2026-10-05T16:00:00+00:00,welcome_island,144,4.32,290,4.059,349.62,9.60,297,8.554,170.60,0.00,71.84,1,0,WELCOME ISLAND (AUT),0.0,2018-2025,2026-10-08T21:12:02+00:00
2026-10-05T17:00:00+00:00,welcome_island,144,2.16,270,2.160,331.80,7.20,297,6.415,160.90,0.00,71.84,1,0,WELCOME ISLAND (AUT),0.0,2018-2025,2026-10-08T21:12:02+00:00
2026-10-05T18:00:00+00:00,welcome_island,144,4.32,330,2.160,312.10,3.70,183,0.194,145.00,0.00,71.84,1,0,WELCOME ISLAND (AUT),0.0,2018-2025,2026-10-08T21:12:02+00:00
2026-10-05T19:00:00+00:00,welcome_island,144,5.94,160,-2.031,288.88,8.10,190,1.407,123.15,0.00,71.84,0,0,WELCOME ISLAND (AUT),0.0,2018-2025,2026-10-08T21:12:02+00:00
2026-10-05T20:00:00+00:00,welcome_island,144,7.02,180,0.000,263.23,13.20,197,3.859,111.90,0.00,71.84,0,0,WELCOME ISLAND (AUT),0.0,2018-2025,2026-10-08T21:12:02+00:00
2026-10-05T21:00:00+00:00,welcome_island,144,11.88,200,4.063,237.58,16.60,201,5.949,111.90,0.00,71.84,0,0,WELCOME ISLAND (AUT),0.0,2018-2025,2026-10-08T21:12:02+00:00
2026-10-05T22:00:00+00:00,welcome_island,144,11.88,210,5.940,213.55,17.10,203,6.682,111.90,0.00,71.84,0,0,WELCOME ISLAND (AUT),0.0,2018-2025,2026-10-08T21:12:02+00:00
2026-10-05T23:00:00+00:00,welcome_island,144,11.34,210,5.670,191.68,15.70,206,6.882,111.90,0.00,71.84,0,0,WELCOME ISLAND (AUT),0.0,2018-2025,2026-10-08T21:12:02+00:00
2026-10-06T00:00:00+00:00,welcome_island,144,10.26,200,3.509,180.89,13.80,219,8.685,111.90,0.00,72.65,0,0,WELCOME ISLAND (AUT),0.0,2018-2025,2026-10-08T21:12:02+00:00
2026-10-06T01:00:00+00:00,welcome_island,144,8.10,190,1.406,169.55,14.40,218,8.866,111.90,2.97,72.65,0,0,WELCOME ISLAND (AUT),0.0,2018-2025,2026-10-08T21:12:02+00:00
2026-10-06T02:00:00+00:00,welcome_island,144,6.48,190,1.125,148.49,13.40,220,8.613,111.90,5.94,72.65,0,0,WELCOME ISLAND (AUT),0.0,2018-2025,2026-10-08T21:12:02+00:00
2026-10-06T03:00:00+00:00,welcome_island,144,5.40,180,0.000,129.05,12.70,220,8.163,111.90,5.94,72.65,0,0,WELCOME ISLAND (AUT),0.0,2018-2025,2026-10-08T21:12:02+00:00
2026-10-06T04:00:00+00:00,welcome_island,144,7.02,180,0.000,109.88,12.70,221,8.332,111.90,5.94,72.65,0,0,WELCOME ISLAND (AUT),0.0,2018-2025,2026-10-08T21:12:02+00:00
2026-10-06T05:00:00+00:00,welcome_island,144,9.18,170,-1.594,100.43,12.70,223,8.661,111.90,5.94,72.65,0,0,WELCOME ISLAND (AUT),0.0,2018-2025,2026-10-08T21:12:02+00:00
2026-10-06T06:00:00+00:00,welcome_island,144,5.94,180,0.000,95.30,3.10,300,2.685,113.45,5.94,72.65,0,0,WELCOME ISLAND (AUT),0.0,2018-2025,2026-10-08T21:12:02+00:00
2026-10-06T07:00:00+00:00,welcome_island,144,9.18,170,-1.594,85.58,3.90,261,3.852,111.15,5.94,72.65,0,0,WELCOME ISLAND (AUT),0.0,2018-2025,2026-10-08T21:12:02+00:00
2026-10-06T08:00:00+00:00,welcome_island,144,13.50,170,-2.344,73.70,6.50,237,5.451,104.50,5.94,72.65,0,0,WELCOME ISLAND (AUT),0.0,2018-2025,2026-10-08T21:12:02+00:00
2026-10-06T09:00:00+00:00,welcome_island,144,10.80,170,-1.875,61.29,9.40,223,6.411,95.45,5.94,72.65,0,0,WELCOME ISLAND (AUT),0.0,2018-2025,2026-10-08T21:12:02+00:00
2026-10-06T10:00:00+00:00,welcome_island,144,10.80,160,-3.694,51.57,12.20,209,5.915,82.75,5.94,72.65,0,0,WELCOME ISLAND (AUT),0.0,2018-2025,2026-10-08T21:12:02+00:00
2026-10-06T11:00:00+00:00,welcome_island,144,12.42,150,-6.210,40.23,15.40,197,4.503,76.30,5.94,72.65,0,0,WELCOME ISLAND (AUT),0.0,2018-2025,2026-10-08T21:12:02+00:00
2026-10-06T12:00:00+00:00,welcome_island,144,12.96,150,-6.479,28.35,18.30,183,0.958,70.50,5.94,72.65,0,0,WELCOME ISLAND (AUT),0.0,2018-2025,2026-10-08T21:12:02+00:00
2026-10-06T13:00:00+00:00,welcome_island,144,9.72,160,-3.324,19.44,19.00,188,2.644,58.90,5.94,72.65,0,0,WELCOME ISLAND (AUT),0.0,2018-2025,2026-10-08T21:12:02+00:00
2026-10-06T14:00:00+00:00,welcome_island,144,7.02,170,-1.219,12.96,19.40,196,5.347,47.25,8.37,72.65,0,0,WELCOME ISLAND (AUT),0.0,2018-2025,2026-10-08T21:12:02+00:00
2026-10-06T15:00:00+00:00,welcome_island,144,4.32,200,1.477,8.37,20.00,200,6.840,35.85,10.80,72.65,0,0,WELCOME ISLAND (AUT),0.0,2018-2025,2026-10-08T21:12:02+00:00
2026-10-06T16:00:00+00:00,welcome_island,144,4.86,210,2.430,4.32,20.50,195,5.306,25.50,10.80,72.65,0,0,WELCOME ISLAND (AUT),0.0,2018-2025,2026-10-08T21:12:02+00:00
2026-10-06T17:00:00+00:00,welcome_island,144,8.64,210,4.320,1.08,21.10,187,2.571,17.10,10.80,72.65,0,0,WELCOME ISLAND (AUT),0.0,2018-2025,2026-10-08T21:12:02+00:00
2026-10-06T18:00:00+00:00,welcome_island,144,10.26,200,3.509,0.00,19.90,185,1.734,13.50,10.80,72.65,0,0,WELCOME ISLAND (AUT),0.0,2018-2025,2026-10-08T21:12:02+00:00
2026-10-06T19:00:00+00:00,welcome_island,144,10.26,210,5.130,0.00,19.70,185,1.717,13.50,10.80,72.65,0,0,WELCOME ISLAND (AUT),0.0,2018-2025,2026-10-08T21:12:02+00:00
2026-10-06T20:00:00+00:00,welcome_island,144,11.88,210,5.940,0.00,19.10,184,1.332,13.50,10.80,72.65,0,0,WELCOME ISLAND (AUT),0.0,2018-2025,2026-10-08T21:12:02+00:00
2026-10-06T21:00:00+00:00,welcome_island,144,9.72,200,3.324,0.00,18.60,187,2.267,13.50,10.80,72.65,0,0,WELCOME ISLAND (AUT),0.0,2018-2025,2026-10-08T21:12:02+00:00
2026-10-06T22:00:00+00:00,welcome_island,144,10.26,210,5.130,0.00,18.60,196,5.127,13.50,10.80,72.65,0,0,WELCOME ISLAND (AUT),0.0,2018-2025,2026-10-08T21:12:02+00:00
2026-10-06T23:00:00+00:00,welcome_island,144,7.56,230,5.791,3.78,19.30,208,9.061,13.50,10.80,72.65,0,0,WELCOME ISLAND (AUT),0.0,2018-2025,2026-10-08T21:12:02+00:00
2026-10-07T00:00:00+00:00,welcome_island,144,8.10,280,7.976,11.61,15.00,218,9.235,13.50,10.80,74.33,0,0,WELCOME ISLAND (AUT),0.0,2018-2025,2026-10-08T21:12:02+00:00
2026-10-07T01:00:00+00:00,welcome_island,144,8.10,280,7.976,19.71,14.50,221,9.513,13.50,9.99,74.33,0,0,WELCOME ISLAND (AUT),0.0,2018-2025,2026-10-08T21:12:02+00:00
2026-10-07T02:00:00+00:00,welcome_island,144,5.94,300,5.144,26.73,14.70,224,10.211,13.50,9.18,74.33,0,0,WELCOME ISLAND (AUT),0.0,2018-2025,2026-10-08T21:12:02+00:00
2026-10-07T03:00:00+00:00,welcome_island,144,12.42,280,12.230,35.91,14.00,227,10.239,20.50,10.80,74.33,0,0,WELCOME ISLAND (AUT),0.0,2018-2025,2026-10-08T21:12:02+00:00
2026-10-07T04:00:00+00:00,welcome_island,144,10.26,270,10.259,47.25,11.40,232,8.983,33.20,12.42,74.33,0,0,WELCOME ISLAND (AUT),0.0,2018-2025,2026-10-08T21:12:02+00:00
2026-10-07T05:00:00+00:00,welcome_island,144,11.88,280,11.699,58.32,7.80,240,6.755,42.80,12.42,74.33,0,0,WELCOME ISLAND (AUT),0.0,2018-2025,2026-10-08T21:12:02+00:00
2026-10-07T06:00:00+00:00,welcome_island,144,11.88,290,11.163,70.19,14.90,213,8.115,45.15,12.42,74.33,0,0,WELCOME ISLAND (AUT),0.0,2018-2025,2026-10-08T21:12:02+00:00
2026-10-07T07:00:00+00:00,welcome_island,144,10.26,270,10.259,81.26,14.70,215,8.432,41.65,15.93,74.33,0,0,WELCOME ISLAND (AUT),0.0,2018-2025,2026-10-08T21:12:02+00:00
2026-10-07T08:00:00+00:00,welcome_island,144,14.04,290,13.192,93.41,14.20,216,8.347,36.45,19.44,74.33,0,0,WELCOME ISLAND (AUT),0.0,2018-2025,2026-10-08T21:12:02+00:00
2026-10-07T09:00:00+00:00,welcome_island,144,10.80,280,10.635,105.83,13.30,219,8.370,33.20,19.44,74.33,0,0,WELCOME ISLAND (AUT),0.0,2018-2025,2026-10-08T21:12:02+00:00
2026-10-07T10:00:00+00:00,welcome_island,144,12.42,290,11.670,117.44,11.40,222,7.628,33.20,25.11,74.33,0,0,WELCOME ISLAND (AUT),0.0,2018-2025,2026-10-08T21:12:02+00:00
2026-10-07T11:00:00+00:00,welcome_island,144,11.34,290,10.655,129.32,9.10,227,6.655,37.75,36.45,74.33,0,0,WELCOME ISLAND (AUT),0.0,2018-2025,2026-10-08T21:12:02+00:00
2026-10-07T12:00:00+00:00,welcome_island,144,9.72,290,9.133,139.85,20.30,212,10.757,42.30,47.25,74.33,0,0,WELCOME ISLAND (AUT),0.0,2018-2025,2026-10-08T21:12:02+00:00
2026-10-07T13:00:00+00:00,welcome_island,144,7.02,280,6.913,148.22,17.30,224,12.018,42.30,57.78,74.33,0,0,WELCOME ISLAND (AUT),0.0,2018-2025,2026-10-08T21:12:02+00:00
2026-10-07T14:00:00+00:00,welcome_island,144,7.56,270,7.559,155.51,14.80,247,13.623,49.70,66.68,74.33,0,0,WELCOME ISLAND (AUT),0.0,2018-2025,2026-10-08T21:12:02+00:00
2026-10-07T15:00:00+00:00,welcome_island,144,5.40,230,4.136,161.99,15.40,266,15.362,64.80,75.05,74.33,0,0,WELCOME ISLAND (AUT),0.0,2018-2025,2026-10-08T21:12:02+00:00
2026-10-07T16:00:00+00:00,welcome_island,144,9.72,300,8.417,169.55,17.90,271,17.897,81.45,83.15,74.33,0,0,WELCOME ISLAND (AUT),0.0,2018-2025,2026-10-08T21:12:02+00:00
2026-10-07T17:00:00+00:00,welcome_island,144,12.42,310,9.514,180.62,20.80,270,20.800,100.80,96.11,74.33,0,0,WELCOME ISLAND (AUT),0.0,2018-2025,2026-10-08T21:12:02+00:00
2026-10-07T18:00:00+00:00,welcome_island,144,8.64,280,8.508,191.14,11.40,278,11.289,116.90,113.12,74.33,0,0,WELCOME ISLAND (AUT),0.0,2018-2025,2026-10-08T21:12:02+00:00
2026-10-07T19:00:00+00:00,welcome_island,144,13.50,300,11.690,202.21,11.10,274,11.073,128.15,128.51,74.33,0,0,WELCOME ISLAND (AUT),0.0,2018-2025,2026-10-08T21:12:02+00:00
2026-10-07T20:00:00+00:00,welcome_island,144,24.30,310,18.613,221.11,10.70,270,10.700,139.05,147.41,74.33,0,0,WELCOME ISLAND (AUT),0.0,2018-2025,2026-10-08T21:12:02+00:00
2026-10-07T21:00:00+00:00,welcome_island,144,25.38,320,16.313,233.26,10.50,268,10.494,149.65,158.21,74.33,0,0,WELCOME ISLAND (AUT),0.0,2018-2025,2026-10-08T21:12:02+00:00
2026-10-07T22:00:00+00:00,welcome_island,144,16.74,310,12.823,241.63,10.70,273,10.685,160.25,158.21,74.33,0,0,WELCOME ISLAND (AUT),0.0,2018-2025,2026-10-08T21:12:02+00:00
2026-10-07T23:00:00+00:00,welcome_island,144,10.80,280,10.635,251.62,11.50,282,11.249,171.35,169.28,74.33,0,0,WELCOME ISLAND (AUT),0.0,2018-2025,2026-10-08T21:12:02+00:00
2026-10-08T00:00:00+00:00,welcome_island,144,11.34,280,11.167,254.86,7.20,297,6.415,180.70,180.35,78.50,0,0,WELCOME ISLAND (AUT),0.0,2018-2025,2026-10-08T21:12:02+00:00
2026-10-08T01:00:00+00:00,welcome_island,144,12.96,290,12.177,258.91,6.90,292,6.398,187.75,188.71,78.50,0,0,WELCOME ISLAND (AUT),0.0,2018-2025,2026-10-08T21:12:02+00:00
2026-10-08T02:00:00+00:00,welcome_island,144,11.34,320,7.289,258.37,6.60,285,6.375,194.50,205.99,78.50,0,0,WELCOME ISLAND (AUT),0.0,2018-2025,2026-10-08T21:12:02+00:00
2026-10-08T03:00:00+00:00,welcome_island,144,12.42,300,10.755,255.40,6.90,281,6.773,194.25,221.11,78.50,0,0,WELCOME ISLAND (AUT),0.0,2018-2025,2026-10-08T21:12:02+00:00
2026-10-08T04:00:00+00:00,welcome_island,144,9.72,280,9.572,255.13,7.90,280,7.780,188.95,233.80,78.50,0,0,WELCOME ISLAND (AUT),0.0,2018-2025,2026-10-08T21:12:02+00:00
2026-09-24T00:00:00+00:00,welcome_island,168,12.42,130,-9.514,26.46,6.30,196,1.737,0.00,,58.64,0,0,WELCOME ISLAND (AUT),0.0,2018-2025,2026-10-08T21:12:02+00:00
2026-09-24T01:00:00+00:00,welcome_island,168,11.88,130,-9.100,26.46,6.40,203,2.501,0.00,,58.64,0,0,WELCOME ISLAND (AUT),0.0,2018-2025,2026-10-08T21:12:02+00:00
2026-09-24T02:00:00+00:00,welcome_island,168,9.18,140,-5.900,26.46,6.20,208,2.911,0.00,,58.64,0,0,WELCOME ISLAND (AUT),0.0,2018-2025,2026-10-08T21:12:02+00:00
2026-09-24T03:00:00+00:00,welcome_island,168,8.10,140,-5.206,26.46,6.00,213,3.268,0.00,,58.64,0,0,WELCOME ISLAND (AUT),0.0,2018-2025,2026-10-08T21:12:02+00:00
2026-09-24T04:00:00+00:00,welcome_island,168,9.18,120,-7.949,26.46,5.90,221,3.871,0.00,,58.64,0,0,WELCOME ISLAND (AUT),0.0,2018-2025,2026-10-08T21:12:02+00:00
2026-09-24T05:00:00+00:00,welcome_island,168,2.70,120,-2.338,26.46,5.90,229,4.453,2.95,,58.64,0,0,WELCOME ISLAND (AUT),0.0,2018-2025,2026-10-08T21:12:02+00:00
2026-09-24T06:00:00+00:00,welcome_island,168,4.86,120,-4.209,26.46,2.50,113,-2.301,5.90,,58.64,0,0,WELCOME ISLAND (AUT),0.0,2018-2025,2026-10-08T21:12:02+00:00
2026-09-24T07:00:00+00:00,welcome_island,168,4.86,130,-3.723,26.46,3.70,171,-0.579,5.90,,58.64,0,0,WELCOME ISLAND (AUT),0.0,2018-2025,2026-10-08T21:12:02+00:00
2026-09-24T08:00:00+00:00,welcome_island,168,5.94,180,0.000,26.46,7.30,191,1.393,5.90,,58.64,0,0,WELCOME ISLAND (AUT),0.0,2018-2025,2026-10-08T21:12:02+00:00
2026-09-24T09:00:00+00:00,welcome_island,168,5.40,160,-1.847,25.11,9.90,195,2.562,5.90,,58.64,0,0,WELCOME ISLAND (AUT),0.0,2018-2025,2026-10-08T21:12:02+00:00
2026-09-24T10:00:00+00:00,welcome_island,168,4.32,190,0.750,21.33,10.40,193,2.339,5.90,,58.64,0,0,WELCOME ISLAND (AUT),0.0,2018-2025,2026-10-08T21:12:02+00:00
2026-09-24T11:00:00+00:00,welcome_island,168,5.40,190,0.938,15.93,10.00,189,1.564,5.90,,58.64,0,0,WELCOME ISLAND (AUT),0.0,2018-2025,2026-10-08T21:12:02+00:00
2026-09-24T12:00:00+00:00,welcome_island,168,4.32,170,-0.750,10.80,7.20,313,5.266,9.50,,58.64,0,0,WELCOME ISLAND (AUT),0.0,2018-2025,2026-10-08T21:12:02+00:00
2026-09-24T13:00:00+00:00,welcome_island,168,4.86,160,-1.662,6.75,6.50,309,5.051,16.35,,58.64,0,0,WELCOME ISLAND (AUT),0.0,2018-2025,2026-10-08T21:12:02+00:00
2026-09-24T14:00:00+00:00,welcome_island,168,3.78,170,-0.656,2.43,5.40,305,4.423,22.30,,58.64,0,0,WELCOME ISLAND (AUT),0.0,2018-2025,2026-10-08T21:12:02+00:00
2026-09-24T15:00:00+00:00,welcome_island,168,5.94,150,-2.970,0.00,3.80,285,3.671,26.90,,58.64,0,0,WELCOME ISLAND (AUT),0.0,2018-2025,2026-10-08T21:12:02+00:00
2026-09-24T16:00:00+00:00,welcome_island,168,6.48,210,3.240,0.00,3.60,221,2.362,28.80,,58.64,0,0,WELCOME ISLAND (AUT),0.0,2018-2025,2026-10-08T21:12:02+00:00
2026-09-24T17:00:00+00:00,welcome_island,168,5.94,210,2.970,0.00,7.40,185,0.645,28.80,,58.64,0,0,WELCOME ISLAND (AUT),0.0,2018-2025,2026-10-08T21:12:02+00:00
2026-09-24T18:00:00+00:00,welcome_island,168,5.40,210,2.700,0.00,6.70,187,0.817,28.80,,58.64,0,0,WELCOME ISLAND (AUT),0.0,2018-2025,2026-10-08T21:12:02+00:00
2026-09-24T19:00:00+00:00,welcome_island,168,7.02,200,2.401,0.00,8.80,185,0.767,28.80,,58.64,0,0,WELCOME ISLAND (AUT),0.0,2018-2025,2026-10-08T21:12:02+00:00
2026-09-24T20:00:00+00:00,welcome_island,168,4.86,200,1.662,0.00,10.40,188,1.447,28.80,,58.64,0,0,WELCOME ISLAND (AUT),0.0,2018-2025,2026-10-08T21:12:02+00:00
2026-09-24T21:00:00+00:00,welcome_island,168,4.32,220,2.777,0.00,11.40,190,1.980,28.80,,58.64,0,0,WELCOME ISLAND (AUT),0.0,2018-2025,2026-10-08T21:12:02+00:00
2026-09-24T22:00:00+00:00,welcome_island,168,2.16,180,0.000,0.00,11.40,194,2.758,28.80,,58.64,0,0,WELCOME ISLAND (AUT),0.0,2018-2025,2026-10-08T21:12:02+00:00
2026-09-24T23:00:00+00:00,welcome_island,168,5.94,130,-4.550,0.00,10.90,199,3.549,28.80,,58.64,0,0,WELCOME ISLAND (AUT),0.0,2018-2025,2026-10-08T21:12:02+00:00
2026-09-25T00:00:00+00:00,welcome_island,168,0.00,,0.000,0.00,7.30,197,2.134,28.80,,59.07,0,0,WELCOME ISLAND (AUT),0.0,2018-2025,2026-10-08T21:12:02+00:00
2026-09-25T01:00:00+00:00,welcome_island,168,1.62,120,-1.403,0.00,6.50,203,2.540,28.80,,59.07,0,0,WELCOME ISLAND (AUT),0.0,2018-2025,2026-10-08T21:12:02+00:00
2026-09-25T02:00:00+00:00,welcome_island,168,2.70,110,-2.537,0.00,5.20,211,2.678,28.80,,59.07,0,0,WELCOME ISLAND (AUT),0.0,2018-2025,2026-10-08T21:12:02+00:00
2026-09-25T03:00:00+00:00,welcome_island,168,0.00,,0.000,0.00,4.30,219,2.706,28.80,,59.07,0,0,WELCOME ISLAND (AUT),0.0,2018-2025,2026-10-08T21:12:02+00:00
2026-09-25T04:00:00+00:00,welcome_island,168,2.16,180,0.000,0.00,3.70,227,2.706,30.65,,59.07,0,0,WELCOME ISLAND (AUT),0.0,2018-2025,2026-10-08T21:12:02+00:00
2026-09-25T05:00:00+00:00,welcome_island,168,0.00,,0.000,0.00,3.30,234,2.670,31.20,,59.07,0,0,WELCOME ISLAND (AUT),0.0,2018-2025,2026-10-08T21:12:02+00:00
2026-09-25T06:00:00+00:00,welcome_island,168,1.62,50,-1.241,0.00,1.50,293,1.381,30.65,,59.07,0,0,WELCOME ISLAND (AUT),0.0,2018-2025,2026-10-08T21:12:02+00:00
2026-09-25T07:00:00+00:00,welcome_island,168,1.62,40,-1.041,0.00,1.70,306,1.375,32.25,,59.07,0,0,WELCOME ISLAND (AUT),0.0,2018-2025,2026-10-08T21:12:02+00:00
2026-09-25T08:00:00+00:00,welcome_island,168,0.00,,0.000,0.00,1.80,311,1.358,34.00,,59.07,0,0,WELCOME ISLAND (AUT),0.0,2018-2025,2026-10-08T21:12:02+00:00
2026-09-25T09:00:00+00:00,welcome_island,168,0.00,,0.000,0.00,2.10,319,1.378,34.90,,59.07,0,0,WELCOME ISLAND (AUT),0.0,2018-2025,2026-10-08T21:12:02+00:00
2026-09-25T10:00:00+00:00,welcome_island,168,2.16,240,1.870,1.08,2.60,324,1.528,34.90,,59.07,0,0,WELCOME ISLAND (AUT),0.0,2018-2025,2026-10-08T21:12:02+00:00
2026-09-25T11:00:00+00:00,welcome_island,168,4.86,190,0.844,2.16,3.20,327,1.743,34.90,,59.07,0,0,WELCOME ISLAND (AUT),0.0,2018-2025,2026-10-08T21:12:02+00:00
2026-09-25T12:00:00+00:00,welcome_island,168,2.70,210,1.350,2.16,2.70,315,1.909,32.65,,59.07,0,0,WELCOME ISLAND (AUT),0.0,2018-2025,2026-10-08T21:12:02+00:00
2026-09-25T13:00:00+00:00,welcome_island,168,4.32,220,2.777,2.16,1.90,315,1.344,28.10,,59.07,0,0,WELCOME ISLAND (AUT),0.0,2018-2025,2026-10-08T21:12:02+00:00
2026-09-25T14:00:00+00:00,welcome_island,168,6.48,220,4.165,2.16,1.00,307,0.799,23.60,,59.07,0,0,WELCOME ISLAND (AUT),0.0,2018-2025,2026-10-08T21:12:02+00:00
2026-09-25T15:00:00+00:00,welcome_island,168,4.86,220,3.124,2.16,0.80,194,0.194,19.50,,59.07,0,0,WELCOME ISLAND (AUT),0.0,2018-2025,2026-10-08T21:12:02+00:00
2026-09-25T16:00:00+00:00,welcome_island,168,3.24,310,2.482,3.78,2.70,180,0.000,17.60,,59.07,0,0,WELCOME ISLAND (AUT),0.0,2018-2025,2026-10-08T21:12:02+00:00
2026-09-25T17:00:00+00:00,welcome_island,168,0.00,,0.000,5.40,5.10,178,-0.178,17.60,,59.07,0,0,WELCOME ISLAND (AUT),0.0,2018-2025,2026-10-08T21:12:02+00:00
2026-09-25T18:00:00+00:00,welcome_island,168,7.02,210,3.510,5.40,4.80,159,-1.720,17.60,,59.07,0,0,WELCOME ISLAND (AUT),0.0,2018-2025,2026-10-08T21:12:02+00:00
2026-09-25T19:00:00+00:00,welcome_island,168,7.56,210,3.780,5.40,4.30,153,-1.952,17.60,,59.07,0,0,WELCOME ISLAND (AUT),0.0,2018-2025,2026-10-08T21:12:02+00:00
2026-09-25T20:00:00+00:00,welcome_island,168,5.94,210,2.970,5.40,3.60,144,-2.116,17.60,,59.07,0,0,WELCOME ISLAND (AUT),0.0,2018-2025,2026-10-08T21:12:02+00:00
2026-09-25T21:00:00+00:00,welcome_island,168,5.40,200,1.847,5.40,3.60,131,-2.717,17.60,,59.07,0,0,WELCOME ISLAND (AUT),0.0,2018-2025,2026-10-08T21:12:02+00:00
2026-09-25T22:00:00+00:00,welcome_island,168,3.24,150,-1.620,5.40,5.00,126,-4.045,17.60,,59.07,0,0,WELCOME ISLAND (AUT),0.0,2018-2025,2026-10-08T21:12:02+00:00
2026-09-25T23:00:00+00:00,welcome_island,168,1.62,140,-1.041,5.40,7.00,126,-5.663,17.60,,59.07,0,0,WELCOME ISLAND (AUT),0.0,2018-2025,2026-10-08T21:12:02+00:00
2026-09-26T00:00:00+00:00,welcome_island,168,3.78,200,1.293,5.40,9.60,194,2.322,17.60,,56.37,0,0,WELCOME ISLAND (AUT),0.0,2018-2025,2026-10-08T21:12:02+00:00
2026-09-26T01:00:00+00:00,welcome_island,168,1.62,220,1.041,5.40,7.40,203,2.891,17.60,,56.37,0,0,WELCOME ISLAND (AUT),0.0,2018-2025,2026-10-08T21:12:02+00:00
2026-09-26T02:00:00+00:00,welcome_island,168,5.40,70,-5.074,5.40,5.20,222,3.479,17.60,,56.37,0,0,WELCOME ISLAND (AUT),0.0,2018-2025,2026-10-08T21:12:02+00:00
2026-09-26T03:00:00+00:00,welcome_island,168,7.02,170,-1.219,5.40,4.10,251,3.877,19.65,,56.37,0,0,WELCOME ISLAND (AUT),0.0,2018-2025,2026-10-08T21:12:02+00:00
2026-09-26T04:00:00+00:00,welcome_island,168,7.02,140,-4.512,5.40,3.70,273,3.695,21.70,,56.37,0,0,WELCOME ISLAND (AUT),0.0,2018-2025,2026-10-08T21:12:02+00:00
2026-09-26T05:00:00+00:00,welcome_island,168,7.02,160,-2.401,5.40,3.50,289,3.309,21.80,,56.37,0,0,WELCOME ISLAND (AUT),0.0,2018-2025,2026-10-08T21:12:02+00:00
2026-09-26T06:00:00+00:00,welcome_island,168,3.24,10,-0.563,5.40,2.00,331,0.970,21.15,,56.37,0,0,WELCOME ISLAND (AUT),0.0,2018-2025,2026-10-08T21:12:02+00:00
2026-09-26T07:00:00+00:00,welcome_island,168,4.86,30,-2.430,5.40,2.70,330,1.350,19.55,,56.37,0,0,WELCOME ISLAND (AUT),0.0,2018-2025,2026-10-08T21:12:02+00:00
2026-09-26T08:00:00+00:00,welcome_island,168,7.56,70,-7.104,5.40,3.20,327,1.743,17.80,,56.37,0,0,WELCOME ISLAND (AUT),0.0,2018-2025,2026-10-08T21:12:02+00:00
2026-09-26T09:00:00+00:00,welcome_island,168,6.48,70,-6.089,5.40,3.60,324,2.116,16.90,,56.37,0,0,WELCOME ISLAND (AUT),0.0,2018-2025,2026-10-08T21:12:02+00:00
2026-09-26T10:00:00+00:00,welcome_island,168,5.40,70,-5.074,4.32,3.80,330,1.900,16.90,,56.37,0,0,WELCOME ISLAND (AUT),0.0,2018-2025,2026-10-08T21:12:02+00:00
2026-09-26T11:00:00+00:00,welcome_island,168,3.24,60,-2.806,3.24,4.10,335,1.733,16.90,,56.37,0,0,WELCOME ISLAND (AUT),0.0,2018-2025,2026-10-08T21:12:02+00:00
2026-09-26T12:00:00+00:00,welcome_island,168,7.02,60,-6.079,3.24,4.90,355,0.427,15.55,,56.37,0,0,WELCOME ISLAND (AUT),0.0,2018-2025,2026-10-08T21:12:02+00:00
2026-09-26T13:00:00+00:00,welcome_island,168,4.32,70,-4.059,3.24,3.50,3,-0.183,13.25,,56.37,0,0,WELCOME ISLAND (AUT),0.0,2018-2025,2026-10-08T21:12:02+00:00
2026-09-26T14:00:00+00:00,welcome_island,168,10.80,70,-10.148,3.24,1.80,32,-0.954,11.80,,56.37,0,0,WELCOME ISLAND (AUT),0.0,2018-2025,2026-10-08T21:12:02+00:00
2026-09-26T15:00:00+00:00,welcome_island,168,7.02,70,-6.596,3.24,1.70,90,-1.700,11.30,,56.37,0,0,WELCOME ISLAND (AUT),0.0,2018-2025,2026-10-08T21:12:02+00:00
2026-09-26T16:00:00+00:00,welcome_island,168,6.48,120,-5.611,1.62,2.50,113,-2.301,11.30,,56.37,0,0,WELCOME ISLAND (AUT),0.0,2018-2025,2026-10-08T21:12:02+00:00
2026-09-26T17:00:00+00:00,welcome_island,168,8.10,140,-5.206,0.00,3.20,123,-2.684,11.30,,56.37,0,0,WELCOME ISLAND (AUT),0.0,2018-2025,2026-10-08T21:12:02+00:00
2026-09-26T18:00:00+00:00,welcome_island,168,7.56,120,-6.547,0.00,4.70,135,-3.323,11.30,,56.37,0,0,WELCOME ISLAND (AUT),0.0,2018-2025,2026-10-08T21:12:02+00:00
2026-09-26T19:00:00+00:00,welcome_island,168,11.34,140,-7.289,0.00,5.20,132,-3.864,11.30,,56.37,0,0,WELCOME ISLAND (AUT),0.0,2018-2025,2026-10-08T21:12:02+00:00
2026-09-26T20:00:00+00:00,welcome_island,168,4.86,100,-4.786,0.00,5.40,125,-4.423,11.30,,56.37,0,0,WELCOME ISLAND (AUT),0.0,2018-2025,2026-10-08T21:12:02+00:00
2026-09-26T21:00:00+00:00,welcome_island,168,6.48,130,-4.964,0.00,5.90,117,-5.257,11.30,,56.37,0,0,WELCOME ISLAND (AUT),0.0,2018-2025,2026-10-08T21:12:02+00:00
2026-09-26T22:00:00+00:00,welcome_island,168,7.56,130,-5.791,0.00,6.60,111,-6.162,11.30,,56.37,0,0,WELCOME ISLAND (AUT),0.0,2018-2025,2026-10-08T21:12:02+00:00
2026-09-26T23:00:00+00:00,welcome_island,168,7.56,120,-6.547,0.00,7.60,103,-7.405,11.30,,56.37,0,0,WELCOME ISLAND (AUT),0.0,2018-2025,2026-10-08T21:12:02+00:00
2026-09-27T00:00:00+00:00,welcome_island,168,6.48,80,-6.381,0.00,8.70,81,-8.593,11.30,,58.11,0,0,WELCOME ISLAND (AUT),0.0,2018-2025,2026-10-08T21:12:02+00:00
2026-09-27T01:00:00+00:00,welcome_island,168,9.18,80,-9.040,0.00,7.80,77,-7.600,11.30,,58.11,0,0,WELCOME ISLAND (AUT),0.0,2018-2025,2026-10-08T21:12:02+00:00
2026-09-27T02:00:00+00:00,welcome_island,168,8.10,80,-7.976,0.00,7.00,76,-6.792,11.30,,58.11,0,0,WELCOME ISLAND (AUT),0.0,2018-2025,2026-10-08T21:12:02+00:00
2026-09-27T03:00:00+00:00,welcome_island,168,10.26,100,-10.103,0.00,6.10,72,-5.801,9.25,,58.11,0,0,WELCOME ISLAND (AUT),0.0,2018-2025,2026-10-08T21:12:02+00:00
2026-09-27T04:00:00+00:00,welcome_island,168,2.70,120,-2.338,0.00,5.60,65,-5.075,5.35,,58.11,0,0,WELCOME ISLAND (AUT),0.0,2018-2025,2026-10-08T21:12:02+00:00
2026-09-27T05:00:00+00:00,welcome_island,168,6.48,140,-4.165,0.00,5.30,57,-4.445,1.75,,58.11,0,0,WELCOME ISLAND (AUT),0.0,2018-2025,2026-10-08T21:12:02+00:00
2026-09-27T06:00:00+00:00,welcome_island,168,4.86,150,-2.430,0.00,9.80,172,-1.364,0.00,,58.11,0,0,WELCOME ISLAND (AUT),0.0,2018-2025,2026-10-08T21:12:02+00:00
2026-09-27T07:00:00+00:00,welcome_island,168,4.86,200,1.662,0.00,10.00,174,-1.045,0.00,,58.11,0,0,WELCOME ISLAND (AUT),0.0,2018-2025,2026-10-08T21:12:02+00:00
2026-09-27T08:00:00+00:00,welcome_island,168,5.40,190,0.938,0.00,9.90,176,-0.691,0.00,,58.11,0,0,WELCOME ISLAND (AUT),0.0,2018-2025,2026-10-08T21:12:02+00:00
2026-09-27T09:00:00+00:00,welcome_island,168,5.40,190,0.938,0.00,10.10,176,-0.705,0.00,,58.11,0,0,WELCOME ISLAND (AUT),0.0,2018-2025,2026-10-08T21:12:02+00:00
2026-09-27T10:00:00+00:00,welcome_island,168,2.70,210,1.350,0.00,11.10,178,-0.387,0.00,,58.11,0,0,WELCOME ISLAND (AUT),0.0,2018-2025,2026-10-08T21:12:02+00:00
2026-09-27T11:00:00+00:00,welcome_island,168,3.24,210,1.620,0.00,12.40,180,0.000,0.00,,58.11,0,0,WELCOME ISLAND (AUT),0.0,2018-2025,2026-10-08T21:12:02+00:00
2026-09-27T12:00:00+00:00,welcome_island,168,5.94,210,2.970,0.00,11.80,205,4.987,0.00,,58.11,0,0,WELCOME ISLAND (AUT),0.0,2018-2025,2026-10-08T21:12:02+00:00
2026-09-27T13:00:00+00:00,welcome_island,168,5.40,210,2.700,0.00,12.00,207,5.448,0.00,,58.11,0,0,WELCOME ISLAND (AUT),0.0,2018-2025,2026-10-08T21:12:02+00:00
2026-09-27T14:00:00+00:00,welcome_island,168,9.18,210,4.590,0.00,12.50,208,5.868,0.00,,58.11,0,0,WELCOME ISLAND (AUT),0.0,2018-2025,2026-10-08T21:12:02+00:00
2026-09-27T15:00:00+00:00,welcome_island,168,5.94,210,2.970,0.00,12.90,209,6.254,0.00,,58.11,0,0,WELCOME ISLAND (AUT),0.0,2018-2025,2026-10-08T21:12:02+00:00
2026-09-27T16:00:00+00:00,welcome_island,168,4.86,210,2.430,0.00,12.50,211,6.438,0.00,,58.11,0,0,WELCOME ISLAND (AUT),0.0,2018-2025,2026-10-08T21:12:02+00:00
2026-09-27T17:00:00+00:00,welcome_island,168,6.48,210,3.240,0.00,11.90,214,6.654,0.00,,58.11,0,0,WELCOME ISLAND (AUT),0.0,2018-2025,2026-10-08T21:12:02+00:00
2026-09-27T18:00:00+00:00,welcome_island,168,7.56,200,2.585,0.00,4.90,178,-0.171,0.00,,58.11,0,0,WELCOME ISLAND (AUT),0.0,2018-2025,2026-10-08T21:12:02+00:00
2026-09-27T19:00:00+00:00,welcome_island,168,7.02,210,3.510,0.00,6.00,176,-0.419,0.00,,58.11,0,0,WELCOME ISLAND (AUT),0.0,2018-2025,2026-10-08T21:12:02+00:00
2026-09-27T20:00:00+00:00,welcome_island,168,8.64,210,4.320,0.00,7.00,177,-0.366,0.00,,58.11,0,0,WELCOME ISLAND (AUT),0.0,2018-2025,2026-10-08T21:12:02+00:00
2026-09-27T21:00:00+00:00,welcome_island,168,8.64,210,4.320,0.00,7.40,177,-0.387,0.00,,58.11,0,0,WELCOME ISLAND (AUT),0.0,2018-2025,2026-10-08T21:12:02+00:00
2026-09-27T22:00:00+00:00,welcome_island,168,8.64,220,5.553,0.00,7.00,180,0.000,0.00,,58.11,0,0,WELCOME ISLAND (AUT),0.0,2018-2025,2026-10-08T21:12:02+00:00
2026-09-27T23:00:00+00:00,welcome_island,168,9.18,220,5.900,0.00,6.20,185,0.540,0.00,,58.11,0,0,WELCOME ISLAND (AUT),0.0,2018-2025,2026-10-08T21:12:02+00:00
2026-09-28T00:00:00+00:00,welcome_island,168,10.26,220,6.594,0.00,8.10,188,1.127,0.00,,62.75,0,0,WELCOME ISLAND (AUT),0.0,2018-2025,2026-10-08T21:12:02+00:00
2026-09-28T01:00:00+00:00,welcome_island,168,6.48,240,5.611,3.24,5.10,189,0.798,0.00,,62.75,0,0,WELCOME ISLAND (AUT),0.0,2018-2025,2026-10-08T21:12:02+00:00
2026-09-28T02:00:00+00:00,welcome_island,168,4.32,320,2.777,6.48,1.50,203,0.586,0.00,,62.75,0,0,WELCOME ISLAND (AUT),0.0,2018-2025,2026-10-08T21:12:02+00:00
2026-09-28T03:00:00+00:00,welcome_island,168,4.86,300,4.209,8.91,1.20,351,0.188,0.00,,62.75,0,0,WELCOME ISLAND (AUT),0.0,2018-2025,2026-10-08T21:12:02+00:00
2026-09-28T04:00:00+00:00,welcome_island,168,6.48,300,5.611,14.58,1.90,360,0.000,0.00,,62.75,0,0,WELCOME ISLAND (AUT),0.0,2018-2025,2026-10-08T21:12:02+00:00
2026-09-28T05:00:00+00:00,welcome_island,168,5.94,300,5.144,20.79,1.60,7,-0.195,0.00,,62.75,0,0,WELCOME ISLAND (AUT),0.0,2018-2025,2026-10-08T21:12:02+00:00
2026-09-28T06:00:00+00:00,welcome_island,168,7.02,300,6.079,27.27,7.20,324,4.232,0.00,,62.75,0,0,WELCOME ISLAND (AUT),0.0,2018-2025,2026-10-08T21:12:02+00:00
2026-09-28T07:00:00+00:00,welcome_island,168,8.64,310,6.618,35.10,6.80,329,3.502,0.00,,62.75,0,0,WELCOME ISLAND (AUT),0.0,2018-2025,2026-10-08T21:12:02+00:00
2026-09-28T08:00:00+00:00,welcome_island,168,9.72,300,8.417,44.28,6.00,335,2.536,0.00,,62.75,0,0,WELCOME ISLAND (AUT),0.0,2018-2025,2026-10-08T21:12:02+00:00
2026-09-28T09:00:00+00:00,welcome_island,168,8.64,300,7.482,53.46,4.80,346,1.161,0.00,,62.75,0,0,WELCOME ISLAND (AUT),0.0,2018-2025,2026-10-08T21:12:02+00:00
2026-09-28T10:00:00+00:00,welcome_island,168,9.18,310,7.032,62.37,3.00,11,-0.572,0.00,,62.75,0,0,WELCOME ISLAND (AUT),0.0,2018-2025,2026-10-08T21:12:02+00:00
2026-09-28T11:00:00+00:00,welcome_island,168,6.48,280,6.381,70.19,2.50,67,-2.301,0.00,,62.75,0,0,WELCOME ISLAND (AUT),0.0,2018-2025,2026-10-08T21:12:02+00:00
2026-09-28T12:00:00+00:00,welcome_island,168,7.56,290,7.104,77.21,1.20,72,-1.141,0.00,,62.75,0,0,WELCOME ISLAND (AUT),0.0,2018-2025,2026-10-08T21:12:02+00:00
2026-09-28T13:00:00+00:00,welcome_island,168,4.86,290,4.567,83.42,2.50,108,-2.378,0.00,,62.75,0,0,WELCOME ISLAND (AUT),0.0,2018-2025,2026-10-08T21:12:02+00:00
2026-09-28T14:00:00+00:00,welcome_island,168,3.78,300,3.273,87.74,3.70,115,-3.353,0.00,,62.75,0,0,WELCOME ISLAND (AUT),0.0,2018-2025,2026-10-08T21:12:02+00:00
2026-09-28T15:00:00+00:00,welcome_island,168,4.32,280,4.254,91.79,4.60,123,-3.858,0.00,,62.75,0,0,WELCOME ISLAND (AUT),0.0,2018-2025,2026-10-08T21:12:02+00:00
2026-09-28T16:00:00+00:00,welcome_island,168,1.62,340,0.554,93.95,4.90,135,-3.465,0.00,,62.75,0,0,WELCOME ISLAND (AUT),0.0,2018-2025,2026-10-08T21:12:02+00:00
2026-09-28T17:00:00+00:00,welcome_island,168,3.24,140,-2.082,93.95,5.30,152,-2.488,0.00,,62.75,0,0,WELCOME ISLAND (AUT),0.0,2018-2025,2026-10-08T21:12:02+00:00
2026-09-28T18:00:00+00:00,welcome_island,168,0.00,,0.000,93.95,5.40,120,-4.677,0.00,,62.75,0,0,WELCOME ISLAND (AUT),0.0,2018-2025,2026-10-08T21:12:02+00:00
2026-09-28T19:00:00+00:00,welcome_island,168,5.40,150,-2.700,93.95,7.60,109,-7.186,0.00,,62.75,0,0,WELCOME ISLAND (AUT),0.0,2018-2025,2026-10-08T21:12:02+00:00
2026-09-28T20:00:00+00:00,welcome_island,168,4.32,160,-1.477,93.95,11.10,101,-10.896,0.00,,62.75,0,0,WELCOME ISLAND (AUT),0.0,2018-2025,2026-10-08T21:12:02+00:00
2026-09-28T21:00:00+00:00,welcome_island,168,7.02,160,-2.401,93.95,13.30,96,-13.227,0.00,,62.75,0,0,WELCOME ISLAND (AUT),0.0,2018-2025,2026-10-08T21:12:02+00:00
2026-09-28T22:00:00+00:00,welcome_island,168,6.48,160,-2.216,93.95,12.40,88,-12.392,0.00,,62.75,0,0,WELCOME ISLAND (AUT),0.0,2018-2025,2026-10-08T21:12:02+00:00
2026-09-28T23:00:00+00:00,welcome_island,168,7.02,170,-1.219,93.95,10.40,76,-10.091,0.00,,62.75,0,0,WELCOME ISLAND (AUT),0.0,2018-2025,2026-10-08T21:12:02+00:00
2026-09-29T00:00:00+00:00,welcome_island,168,5.94,160,-2.031,93.95,8.10,132,-6.019,0.00,,65.18,0,0,WELCOME ISLAND (AUT),0.0,2018-2025,2026-10-08T21:12:02+00:00
2026-09-29T01:00:00+00:00,welcome_island,168,2.70,100,-2.659,90.71,8.00,127,-6.389,0.00,,65.18,0,0,WELCOME ISLAND (AUT),0.0,2018-2025,2026-10-08T21:12:02+00:00
2026-09-29T02:00:00+00:00,welcome_island,168,5.40,150,-2.700,87.47,7.60,119,-6.647,0.00,,65.18,0,0,WELCOME ISLAND (AUT),0.0,2018-2025,2026-10-08T21:12:02+00:00
2026-09-29T03:00:00+00:00,welcome_island,168,4.86,100,-4.786,85.04,6.80,110,-6.390,0.00,,65.18,0,0,WELCOME ISLAND (AUT),0.0,2018-2025,2026-10-08T21:12:02+00:00
2026-09-29T04:00:00+00:00,welcome_island,168,3.78,140,-2.430,79.37,6.10,97,-6.055,0.00,,65.18,0,0,WELCOME ISLAND (AUT),0.0,2018-2025,2026-10-08T21:12:02+00:00
2026-09-29T05:00:00+00:00,welcome_island,168,0.00,,0.000,73.16,5.50,82,-5.446,0.00,0.00,65.18,0,0,WELCOME ISLAND (AUT),0.0,2018-2025,2026-10-08T21:12:02+00:00
2026-09-29T06:00:00+00:00,welcome_island,168,0.00,,0.000,66.68,2.80,115,-2.538,0.00,5.40,65.18,0,0,WELCOME ISLAND (AUT),0.0,2018-2025,2026-10-08T21:12:02+00:00
2026-09-29T07:00:00+00:00,welcome_island,168,0.00,,0.000,58.86,3.10,158,-1.161,0.00,12.15,65.18,0,0,WELCOME ISLAND (AUT),0.0,2018-2025,2026-10-08T21:12:02+00:00
2026-09-29T08:00:00+00:00,welcome_island,168,7.02,100,-6.913,49.68,5.30,190,0.920,0.00,19.98,65.18,0,0,WELCOME ISLAND (AUT),0.0,2018-2025,2026-10-08T21:12:02+00:00
2026-09-29T09:00:00+00:00,welcome_island,168,4.86,110,-4.567,40.50,7.20,199,2.344,0.00,28.89,65.18,0,0,WELCOME ISLAND (AUT),0.0,2018-2025,2026-10-08T21:12:02+00:00
2026-09-29T10:00:00+00:00,welcome_island,168,10.26,160,-3.509,31.59,7.30,200,2.497,0.00,37.53,65.18,0,0,WELCOME ISLAND (AUT),0.0,2018-2025,2026-10-08T21:12:02+00:00
2026-09-29T11:00:00+00:00,welcome_island,168,3.24,190,0.563,23.76,6.30,198,1.947,0.00,45.90,65.18,0,0,WELCOME ISLAND (AUT),0.0,2018-2025,2026-10-08T21:12:02+00:00
2026-09-29T12:00:00+00:00,welcome_island,168,4.86,190,0.844,16.74,14.70,209,7.127,0.00,54.27,65.18,0,0,WELCOME ISLAND (AUT),0.0,2018-2025,2026-10-08T21:12:02+00:00
2026-09-29T13:00:00+00:00,welcome_island,168,3.78,200,1.293,10.53,15.20,208,7.136,0.00,62.37,65.18,0,0,WELCOME ISLAND (AUT),0.0,2018-2025,2026-10-08T21:12:02+00:00
2026-09-29T14:00:00+00:00,welcome_island,168,3.78,210,1.890,6.21,15.80,206,6.926,0.00,69.92,65.18,0,0,WELCOME ISLAND (AUT),0.0,2018-2025,2026-10-08T21:12:02+00:00
2026-09-29T15:00:00+00:00,welcome_island,168,0.00,,0.000,2.16,16.30,206,7.145,0.00,73.43,65.18,0,0,WELCOME ISLAND (AUT),0.0,2018-2025,2026-10-08T21:12:02+00:00
2026-09-29T16:00:00+00:00,welcome_island,168,7.02,200,2.401,0.00,16.20,209,7.854,0.00,73.43,65.18,0,0,WELCOME ISLAND (AUT),0.0,2018-2025,2026-10-08T21:12:02+00:00
2026-09-29T17:00:00+00:00,welcome_island,168,8.10,190,1.406,0.00,15.60,212,8.267,0.00,73.43,65.18,0,0,WELCOME ISLAND (AUT),0.0,2018-2025,2026-10-08T21:12:02+00:00
2026-09-29T18:00:00+00:00,welcome_island,168,10.26,200,3.509,0.00,12.70,191,2.423,0.00,73.43,65.18,0,0,WELCOME ISLAND (AUT),0.0,2018-2025,2026-10-08T21:12:02+00:00
2026-09-29T19:00:00+00:00,welcome_island,168,8.64,200,2.955,0.00,10.70,190,1.858,0.00,73.43,65.18,0,0,WELCOME ISLAND (AUT),0.0,2018-2025,2026-10-08T21:12:02+00:00
2026-09-29T20:00:00+00:00,welcome_island,168,7.02,210,3.510,0.00,8.10,188,1.127,0.00,73.43,65.18,0,0,WELCOME ISLAND (AUT),0.0,2018-2025,2026-10-08T21:12:02+00:00
2026-09-29T21:00:00+00:00,welcome_island,168,6.48,200,2.216,0.00,5.60,180,0.000,0.00,73.43,65.18,0,0,WELCOME ISLAND (AUT),0.0,2018-2025,2026-10-08T21:12:02+00:00
2026-09-29T22:00:00+00:00,welcome_island,168,6.48,200,2.216,0.00,4.30,150,-2.150,0.00,73.43,65.18,0,0,WELCOME ISLAND (AUT),0.0,2018-2025,2026-10-08T21:12:02+00:00
2026-09-29T23:00:00+00:00,welcome_island,168,9.18,200,3.139,0.00,5.20,112,-4.821,0.00,73.43,65.18,0,0,WELCOME ISLAND (AUT),0.0,2018-2025,2026-10-08T21:12:02+00:00
2026-09-30T00:00:00+00:00,welcome_island,168,5.94,200,2.031,0.00,11.60,65,-10.513,0.00,73.43,67.33,0,0,WELCOME ISLAND (AUT),0.0,2018-2025,2026-10-08T21:12:02+00:00
2026-09-30T01:00:00+00:00,welcome_island,168,5.94,230,4.550,2.97,10.30,94,-10.275,0.00,73.43,67.33,0,0,WELCOME ISLAND (AUT),0.0,2018-2025,2026-10-08T21:12:02+00:00
2026-09-30T02:00:00+00:00,welcome_island,168,8.10,210,4.050,5.94,13.20,131,-9.962,0.00,73.43,67.33,0,0,WELCOME ISLAND (AUT),0.0,2018-2025,2026-10-08T21:12:02+00:00
2026-09-30T03:00:00+00:00,welcome_island,168,8.64,210,4.320,5.94,17.00,147,-9.259,0.00,73.43,67.33,0,0,WELCOME ISLAND (AUT),0.0,2018-2025,2026-10-08T21:12:02+00:00
2026-09-30T04:00:00+00:00,welcome_island,168,8.64,210,4.320,5.94,17.40,149,-8.962,0.00,73.43,67.33,0,0,WELCOME ISLAND (AUT),0.0,2018-2025,2026-10-08T21:12:02+00:00
2026-09-30T05:00:00+00:00,welcome_island,168,9.72,210,4.860,5.94,15.90,147,-8.660,0.00,73.43,67.33,0,0,WELCOME ISLAND (AUT),0.0,2018-2025,2026-10-08T21:12:02+00:00
2026-09-30T06:00:00+00:00,welcome_island,168,10.80,210,5.400,5.94,10.30,165,-2.666,0.00,68.03,67.33,0,0,WELCOME ISLAND (AUT),0.0,2018-2025,2026-10-08T21:12:02+00:00
2026-09-30T07:00:00+00:00,welcome_island,168,11.88,210,5.940,5.94,9.90,165,-2.562,0.00,61.29,67.33,0,0,WELCOME ISLAND (AUT),0.0,2018-2025,2026-10-08T21:12:02+00:00
2026-09-30T08:00:00+00:00,welcome_island,168,11.34,210,5.670,5.94,9.20,168,-1.913,0.00,53.46,67.33,0,0,WELCOME ISLAND (AUT),0.0,2018-2025,2026-10-08T21:12:02+00:00
2026-09-30T09:00:00+00:00,welcome_island,168,9.72,220,6.247,5.94,5.80,166,-1.403,0.00,45.90,67.33,0,0,WELCOME ISLAND (AUT),0.0,2018-2025,2026-10-08T21:12:02+00:00
2026-09-30T10:00:00+00:00,welcome_island,168,8.10,220,5.206,5.94,2.70,21,-0.968,0.00,41.04,67.33,0,0,WELCOME ISLAND (AUT),0.0,2018-2025,2026-10-08T21:12:02+00:00
2026-09-30T11:00:00+00:00,welcome_island,168,9.18,210,4.590,5.94,13.00,2,-0.454,0.00,38.07,67.33,0,0,WELCOME ISLAND (AUT),0.0,2018-2025,2026-10-08T21:12:02+00:00
2026-09-30T12:00:00+00:00,welcome_island,168,8.64,220,5.553,5.94,28.60,327,15.577,0.00,34.83,67.33,0,0,WELCOME ISLAND (AUT),0.0,2018-2025,2026-10-08T21:12:02+00:00
2026-09-30T13:00:00+00:00,welcome_island,168,7.56,220,4.859,5.94,26.10,329,13.442,0.00,30.78,67.33,0,0,WELCOME ISLAND (AUT),0.0,2018-2025,2026-10-08T21:12:02+00:00
2026-09-30T14:00:00+00:00,welcome_island,168,4.86,230,3.723,8.37,23.00,333,10.442,0.00,27.54,67.33,0,0,WELCOME ISLAND (AUT),0.0,2018-2025,2026-10-08T21:12:02+00:00
2026-09-30T15:00:00+00:00,welcome_island,168,7.02,210,3.510,10.80,19.90,337,7.776,0.00,26.46,67.33,0,0,WELCOME ISLAND (AUT),0.0,2018-2025,2026-10-08T21:12:02+00:00
2026-09-30T16:00:00+00:00,welcome_island,168,8.64,210,4.320,10.80,16.40,336,6.670,0.00,26.46,67.33,0,0,WELCOME ISLAND (AUT),0.0,2018-2025,2026-10-08T21:12:02+00:00
2026-09-30T17:00:00+00:00,welcome_island,168,9.18,210,4.590,10.80,12.70,329,6.541,0.00,26.46,67.33,0,0,WELCOME ISLAND (AUT),0.0,2018-2025,2026-10-08T21:12:02+00:00
2026-09-30T18:00:00+00:00,welcome_island,168,10.26,210,5.130,10.80,25.20,354,2.634,0.00,26.46,67.33,0,0,WELCOME ISLAND (AUT),0.0,2018-2025,2026-10-08T21:12:02+00:00
2026-09-30T19:00:00+00:00,welcome_island,168,9.72,200,3.324,10.80,25.70,353,3.132,0.00,26.46,67.33,0,0,WELCOME ISLAND (AUT),0.0,2018-2025,2026-10-08T21:12:02+00:00
2026-09-30T20:00:00+00:00,welcome_island,168,11.34,210,5.670,10.80,26.20,351,4.099,0.00,26.46,67.33,0,0,WELCOME ISLAND (AUT),0.0,2018-2025,2026-10-08T21:12:02+00:00
2026-09-30T21:00:00+00:00,welcome_island,168,11.88,210,5.940,10.80,26.70,350,4.636,0.00,26.46,67.33,0,0,WELCOME ISLAND (AUT),0.0,2018-2025,2026-10-08T21:12:02+00:00
2026-09-30T22:00:00+00:00,welcome_island,168,12.96,200,4.432,10.80,27.10,349,5.171,0.00,26.46,67.33,0,0,WELCOME ISLAND (AUT),0.0,2018-2025,2026-10-08T21:12:02+00:00
2026-09-30T23:00:00+00:00,welcome_island,168,11.34,210,5.670,10.80,27.30,350,4.741,0.00,26.46,67.33,0,0,WELCOME ISLAND (AUT),0.0,2018-2025,2026-10-08T21:12:02+00:00
2026-10-01T00:00:00+00:00,welcome_island,168,10.80,210,5.400,10.80,17.60,318,11.777,0.00,26.46,71.50,0,0,WELCOME ISLAND (AUT),0.0,2018-2025,2026-10-08T21:12:02+00:00
2026-10-01T01:00:00+00:00,welcome_island,168,4.32,260,4.254,9.99,19.10,312,14.194,9.55,26.46,71.50,0,0,WELCOME ISLAND (AUT),0.0,2018-2025,2026-10-08T21:12:02+00:00
2026-10-01T02:00:00+00:00,welcome_island,168,2.70,50,-2.068,9.18,20.40,307,16.292,29.30,26.46,71.50,0,0,WELCOME ISLAND (AUT),0.0,2018-2025,2026-10-08T21:12:02+00:00
2026-10-01T03:00:00+00:00,welcome_island,168,3.24,290,3.044,10.80,21.70,304,17.990,50.35,26.46,71.50,0,0,WELCOME ISLAND (AUT),0.0,2018-2025,2026-10-08T21:12:02+00:00
2026-10-01T04:00:00+00:00,welcome_island,168,3.78,350,0.656,12.42,23.00,305,18.840,72.70,26.46,71.50,0,0,WELCOME ISLAND (AUT),0.0,2018-2025,2026-10-08T21:12:02+00:00
2026-10-01T05:00:00+00:00,welcome_island,168,4.32,220,2.777,12.42,24.30,308,19.149,96.35,26.46,71.50,0,0,WELCOME ISLAND (AUT),0.0,2018-2025,2026-10-08T21:12:02+00:00
2026-10-01T06:00:00+00:00,welcome_island,168,8.10,210,4.050,12.42,1.00,79,-0.982,108.50,26.46,71.50,0,0,WELCOME ISLAND (AUT),0.0,2018-2025,2026-10-08T21:12:02+00:00
2026-10-01T07:00:00+00:00,welcome_island,168,7.02,250,6.596,15.93,4.10,139,-2.690,108.50,26.46,71.50,0,0,WELCOME ISLAND (AUT),0.0,2018-2025,2026-10-08T21:12:02+00:00
2026-10-01T08:00:00+00:00,welcome_island,168,15.66,360,0.000,19.44,8.50,148,-4.504,108.50,26.46,71.50,0,0,WELCOME ISLAND (AUT),0.0,2018-2025,2026-10-08T21:12:02+00:00
2026-10-01T09:00:00+00:00,welcome_island,168,10.80,330,5.400,19.44,11.40,153,-5.175,108.50,25.11,71.50,0,0,WELCOME ISLAND (AUT),0.0,2018-2025,2026-10-08T21:12:02+00:00
2026-10-01T10:00:00+00:00,welcome_island,168,11.34,290,10.655,25.11,12.50,157,-4.884,108.50,21.33,71.50,0,0,WELCOME ISLAND (AUT),0.0,2018-2025,2026-10-08T21:12:02+00:00
2026-10-01T11:00:00+00:00,welcome_island,168,11.34,280,11.167,36.45,12.20,163,-3.567,108.50,15.93,71.50,0,0,WELCOME ISLAND (AUT),0.0,2018-2025,2026-10-08T21:12:02+00:00
2026-10-01T12:00:00+00:00,welcome_island,168,10.26,280,10.103,47.25,6.40,305,5.243,111.70,10.80,71.50,0,0,WELCOME ISLAND (AUT),0.0,2018-2025,2026-10-08T21:12:02+00:00
2026-10-01T13:00:00+00:00,welcome_island,168,10.80,290,10.148,57.78,6.70,306,5.420,118.25,6.75,71.50,0,0,WELCOME ISLAND (AUT),0.0,2018-2025,2026-10-08T21:12:02+00:00
2026-10-01T14:00:00+00:00,welcome_island,168,11.88,280,11.699,66.68,6.30,306,5.097,124.75,2.43,71.50,0,0,WELCOME ISLAND (AUT),0.0,2018-2025,2026-10-08T21:12:02+00:00
2026-10-01T15:00:00+00:00,welcome_island,168,9.72,280,9.572,75.05,5.30,306,4.288,130.55,0.00,71.50,0,0,WELCOME ISLAND (AUT),0.0,2018-2025,2026-10-08T21:12:02+00:00
2026-10-01T16:00:00+00:00,welcome_island,168,6.48,260,6.381,83.15,3.20,303,2.684,134.80,0.00,71.50,0,0,WELCOME ISLAND (AUT),0.0,2018-2025,2026-10-08T21:12:02+00:00
2026-10-01T17:00:00+00:00,welcome_island,168,19.44,300,16.834,96.11,0.80,256,0.776,136.80,0.00,71.50,0,0,WELCOME ISLAND (AUT),0.0,2018-2025,2026-10-08T21:12:02+00:00
2026-10-01T18:00:00+00:00,welcome_island,168,14.58,280,14.357,113.12,4.70,351,0.735,137.20,0.00,71.50,0,0,WELCOME ISLAND (AUT),0.0,2018-2025,2026-10-08T21:12:02+00:00
2026-10-01T19:00:00+00:00,welcome_island,168,16.20,290,15.222,128.51,4.80,339,1.720,137.20,0.00,71.50,0,0,WELCOME ISLAND (AUT),0.0,2018-2025,2026-10-08T21:12:02+00:00
2026-10-01T20:00:00+00:00,welcome_island,168,21.60,300,18.705,147.41,4.90,323,2.949,137.20,0.00,71.50,0,0,WELCOME ISLAND (AUT),0.0,2018-2025,2026-10-08T21:12:02+00:00
2026-10-01T21:00:00+00:00,welcome_island,168,22.14,320,14.230,158.21,5.80,318,3.881,137.20,0.00,71.50,0,0,WELCOME ISLAND (AUT),0.0,2018-2025,2026-10-08T21:12:02+00:00
2026-10-01T22:00:00+00:00,welcome_island,168,19.44,320,12.495,158.21,8.70,323,5.236,137.20,0.00,71.50,0,0,WELCOME ISLAND (AUT),0.0,2018-2025,2026-10-08T21:12:02+00:00
2026-10-01T23:00:00+00:00,welcome_island,168,22.14,310,16.959,169.28,12.70,329,6.541,137.20,0.00,71.50,0,0,WELCOME ISLAND (AUT),0.0,2018-2025,2026-10-08T21:12:02+00:00
2026-10-02T00:00:00+00:00,welcome_island,168,22.14,320,14.230,180.35,13.10,316,9.100,137.20,0.00,73.65,0,0,WELCOME ISLAND (AUT),0.0,2018-2025,2026-10-08T21:12:02+00:00
2026-10-02T01:00:00+00:00,welcome_island,168,21.06,310,16.132,188.71,14.10,319,9.250,127.65,0.00,73.65,0,0,WELCOME ISLAND (AUT),0.0,2018-2025,2026-10-08T21:12:02+00:00
2026-10-02T02:00:00+00:00,welcome_island,168,17.82,310,13.650,205.99,13.80,321,8.685,107.90,0.00,73.65,0,0,WELCOME ISLAND (AUT),0.0,2018-2025,2026-10-08T21:12:02+00:00
2026-10-02T03:00:00+00:00,welcome_island,168,15.66,310,11.995,221.11,13.30,322,8.188,86.85,0.00,73.65,0,0,WELCOME ISLAND (AUT),0.0,2018-2025,2026-10-08T21:12:02+00:00
2026-10-02T04:00:00+00:00,welcome_island,168,12.96,300,11.223,233.80,13.10,323,7.884,64.50,0.00,73.65,0,0,WELCOME ISLAND (AUT),0.0,2018-2025,2026-10-08T21:12:02+00:00
2026-10-02T05:00:00+00:00,welcome_island,168,11.34,290,10.655,245.95,12.80,325,7.342,40.85,0.00,73.65,0,0,WELCOME ISLAND (AUT),0.0,2018-2025,2026-10-08T21:12:02+00:00
2026-10-02T06:00:00+00:00,welcome_island,168,12.96,290,12.177,258.10,3.70,39,-2.328,28.70,0.00,73.65,0,0,WELCOME ISLAND (AUT),0.0,2018-2025,2026-10-08T21:12:02+00:00
2026-10-02T07:00:00+00:00,welcome_island,168,9.72,290,9.133,265.93,3.30,54,-2.670,28.70,0.00,73.65,0,0,WELCOME ISLAND (AUT),0.0,2018-2025,2026-10-08T21:12:02+00:00
2026-10-02T08:00:00+00:00,welcome_island,168,12.42,280,12.230,273.49,2.90,86,-2.893,28.70,0.00,73.65,0,0,WELCOME ISLAND (AUT),0.0,2018-2025,2026-10-08T21:12:02+00:00
2026-10-02T09:00:00+00:00,welcome_island,168,10.80,290,10.148,285.10,2.80,106,-2.692,28.70,0.00,73.65,0,0,WELCOME ISLAND (AUT),0.0,2018-2025,2026-10-08T21:12:02+00:00
2026-10-02T10:00:00+00:00,welcome_island,168,11.34,280,11.167,290.50,2.30,90,-2.300,28.70,1.08,73.65,0,0,WELCOME ISLAND (AUT),0.0,2018-2025,2026-10-08T21:12:02+00:00
2026-10-02T11:00:00+00:00,welcome_island,168,12.42,290,11.670,291.04,2.30,48,-1.709,28.70,2.16,73.65,0,0,WELCOME ISLAND (AUT),0.0,2018-2025,2026-10-08T21:12:02+00:00
2026-10-02T12:00:00+00:00,welcome_island,168,14.58,310,11.168,293.74,6.70,352,0.932,25.50,2.16,73.65,0,0,WELCOME ISLAND (AUT),0.0,2018-2025,2026-10-08T21:12:02+00:00
2026-10-02T13:00:00+00:00,welcome_island,168,11.88,290,11.163,296.44,6.70,350,1.163,18.95,2.16,73.65,0,0,WELCOME ISLAND (AUT),0.0,2018-2025,2026-10-08T21:12:02+00:00
2026-10-02T14:00:00+00:00,welcome_island,168,9.72,280,9.572,295.90,6.70,348,1.393,12.45,2.16,73.65,0,0,WELCOME ISLAND (AUT),0.0,2018-2025,2026-10-08T21:12:02+00:00
2026-10-02T15:00:00+00:00,welcome_island,168,18.90,320,12.148,289.96,5.50,350,0.955,6.65,2.16,73.65,0,0,WELCOME ISLAND (AUT),0.0,2018-2025,2026-10-08T21:12:02+00:00
2026-10-02T16:00:00+00:00,welcome_island,168,23.76,310,18.200,293.74,2.10,360,0.000,2.40,3.78,73.65,0,0,WELCOME ISLAND (AUT),0.0,2018-2025,2026-10-08T21:12:02+00:00
2026-10-02T17:00:00+00:00,welcome_island,168,17.82,310,13.650,301.57,2.40,151,-1.164,0.40,5.40,73.65,0,0,WELCOME ISLAND (AUT),0.0,2018-2025,2026-10-08T21:12:02+00:00
2026-10-02T18:00:00+00:00,welcome_island,168,15.12,290,14.207,301.03,12.00,59,-10.286,0.00,5.40,73.65,0,0,WELCOME ISLAND (AUT),0.0,2018-2025,2026-10-08T21:12:02+00:00
2026-10-02T19:00:00+00:00,welcome_island,168,17.28,320,11.106,293.20,12.70,63,-11.316,0.00,5.40,73.65,0,0,WELCOME ISLAND (AUT),0.0,2018-2025,2026-10-08T21:12:02+00:00
2026-10-02T20:00:00+00:00,welcome_island,168,11.88,320,7.636,274.30,13.60,66,-12.424,0.00,5.40,73.65,0,0,WELCOME ISLAND (AUT),0.0,2018-2025,2026-10-08T21:12:02+00:00
2026-10-02T21:00:00+00:00,welcome_island,168,10.80,330,5.400,263.50,14.00,68,-12.981,0.00,5.40,73.65,0,0,WELCOME ISLAND (AUT),0.0,2018-2025,2026-10-08T21:12:02+00:00
2026-10-02T22:00:00+00:00,welcome_island,168,10.80,320,6.942,263.50,13.10,66,-11.967,0.00,5.40,73.65,0,0,WELCOME ISLAND (AUT),0.0,2018-2025,2026-10-08T21:12:02+00:00
2026-10-02T23:00:00+00:00,welcome_island,168,9.72,310,7.445,257.29,11.70,62,-10.330,0.00,5.40,73.65,0,0,WELCOME ISLAND (AUT),0.0,2018-2025,2026-10-08T21:12:02+00:00
2026-10-03T00:00:00+00:00,welcome_island,168,9.18,310,7.032,255.67,11.10,214,6.207,0.00,5.40,72.45,0,0,WELCOME ISLAND (AUT),0.0,2018-2025,2026-10-08T21:12:02+00:00
2026-10-03T01:00:00+00:00,welcome_island,168,7.02,280,6.913,253.24,9.10,222,6.089,0.00,5.40,72.45,0,0,WELCOME ISLAND (AUT),0.0,2018-2025,2026-10-08T21:12:02+00:00
2026-10-03T02:00:00+00:00,welcome_island,168,4.32,270,4.320,239.47,6.50,237,5.451,3.25,5.40,72.45,0,0,WELCOME ISLAND (AUT),0.0,2018-2025,2026-10-08T21:12:02+00:00
2026-10-03T03:00:00+00:00,welcome_island,168,6.48,280,6.381,228.13,4.90,261,4.840,8.95,5.40,72.45,0,0,WELCOME ISLAND (AUT),0.0,2018-2025,2026-10-08T21:12:02+00:00
2026-10-03T04:00:00+00:00,welcome_island,168,6.48,290,6.089,220.30,4.60,285,4.443,13.70,5.40,72.45,0,0,WELCOME ISLAND (AUT),0.0,2018-2025,2026-10-08T21:12:02+00:00
2026-10-03T05:00:00+00:00,welcome_island,168,5.94,290,5.581,214.36,5.10,302,4.325,18.55,5.40,72.45,0,0,WELCOME ISLAND (AUT),0.0,2018-2025,2026-10-08T21:12:02+00:00
2026-10-03T06:00:00+00:00,welcome_island,168,7.56,290,7.104,208.96,13.00,87,-12.982,21.10,5.40,72.45,0,0,WELCOME ISLAND (AUT),0.0,2018-2025,2026-10-08T21:12:02+00:00
2026-10-03T07:00:00+00:00,welcome_island,168,7.02,290,6.596,204.91,14.40,92,-14.391,21.10,5.40,72.45,0,0,WELCOME ISLAND (AUT),0.0,2018-2025,2026-10-08T21:12:02+00:00
2026-10-03T08:00:00+00:00,welcome_island,168,7.56,300,6.547,201.13,15.90,98,-15.745,21.10,5.40,72.45,0,0,WELCOME ISLAND (AUT),0.0,2018-2025,2026-10-08T21:12:02+00:00
2026-10-03T09:00:00+00:00,welcome_island,168,6.48,310,4.964,196.54,17.30,102,-16.922,21.10,5.40,72.45,0,0,WELCOME ISLAND (AUT),0.0,2018-2025,2026-10-08T21:12:02+00:00
2026-10-03T10:00:00+00:00,welcome_island,168,4.86,300,4.209,191.14,17.80,104,-17.271,21.10,4.32,72.45,0,0,WELCOME ISLAND (AUT),0.0,2018-2025,2026-10-08T21:12:02+00:00
2026-10-03T11:00:00+00:00,welcome_island,168,5.40,300,4.676,184.40,18.00,104,-17.465,21.10,3.24,72.45,0,0,WELCOME ISLAND (AUT),0.0,2018-2025,2026-10-08T21:12:02+00:00
2026-10-03T12:00:00+00:00,welcome_island,168,4.86,290,4.567,176.03,10.30,191,1.965,21.10,3.24,72.45,0,0,WELCOME ISLAND (AUT),0.0,2018-2025,2026-10-08T21:12:02+00:00
2026-10-03T13:00:00+00:00,welcome_island,168,3.24,300,2.806,166.85,9.80,189,1.533,21.10,3.24,72.45,0,0,WELCOME ISLAND (AUT),0.0,2018-2025,2026-10-08T21:12:02+00:00
2026-10-03T14:00:00+00:00,welcome_island,168,2.16,60,-1.870,157.67,9.00,182,0.314,21.10,3.24,72.45,0,0,WELCOME ISLAND (AUT),0.0,2018-2025,2026-10-08T21:12:02+00:00
2026-10-03T15:00:00+00:00,welcome_island,168,0.00,,0.000,152.81,8.00,177,-0.419,21.10,3.24,72.45,0,0,WELCOME ISLAND (AUT),0.0,2018-2025,2026-10-08T21:12:02+00:00
2026-10-03T16:00:00+00:00,welcome_island,168,0.00,,0.000,140.93,6.90,172,-0.960,21.10,1.62,72.45,0,0,WELCOME ISLAND (AUT),0.0,2018-2025,2026-10-08T21:12:02+00:00
2026-10-03T17:00:00+00:00,welcome_island,168,1.62,130,-1.241,120.14,5.60,166,-1.355,21.10,0.00,72.45,0,0,WELCOME ISLAND (AUT),0.0,2018-2025,2026-10-08T21:12:02+00:00
2026-10-03T18:00:00+00:00,welcome_island,168,7.56,150,-3.780,103.67,11.50,187,1.401,21.10,0.00,72.45,0,0,WELCOME ISLAND (AUT),0.0,2018-2025,2026-10-08T21:12:02+00:00
2026-10-03T19:00:00+00:00,welcome_island,168,10.26,120,-8.885,96.11,12.00,190,2.084,21.10,0.00,72.45,0,0,WELCOME ISLAND (AUT),0.0,2018-2025,2026-10-08T21:12:02+00:00
2026-10-03T20:00:00+00:00,welcome_island,168,13.50,120,-11.690,96.11,12.60,193,2.834,21.10,0.00,72.45,0,0,WELCOME ISLAND (AUT),0.0,2018-2025,2026-10-08T21:12:02+00:00
2026-10-03T21:00:00+00:00,welcome_island,168,14.58,130,-11.168,96.11,12.90,195,3.339,21.10,0.00,72.45,0,0,WELCOME ISLAND (AUT),0.0,2018-2025,2026-10-08T21:12:02+00:00
2026-10-03T22:00:00+00:00,welcome_island,168,18.36,140,-11.801,96.11,12.10,192,2.516,21.10,0.00,72.45,0,0,WELCOME ISLAND (AUT),0.0,2018-2025,2026-10-08T21:12:02+00:00
2026-10-03T23:00:00+00:00,welcome_island,168,16.20,140,-10.412,91.25,11.10,186,1.160,21.10,0.00,72.45,0,0,WELCOME ISLAND (AUT),0.0,2018-2025,2026-10-08T21:12:02+00:00
2026-10-04T00:00:00+00:00,welcome_island,168,13.50,200,4.617,81.80,11.80,144,-6.936,21.10,0.00,70.24,0,0,WELCOME ISLAND (AUT),0.0,2018-2025,2026-10-08T21:12:02+00:00
2026-10-04T01:00:00+00:00,welcome_island,168,14.58,200,4.986,73.70,12.50,161,-4.070,21.10,0.00,70.24,0,0,WELCOME ISLAND (AUT),0.0,2018-2025,2026-10-08T21:12:02+00:00
2026-10-04T02:00:00+00:00,welcome_island,168,14.58,200,4.986,68.03,15.00,183,0.785,17.85,0.00,70.24,0,0,WELCOME ISLAND (AUT),0.0,2018-2025,2026-10-08T21:12:02+00:00
2026-10-04T03:00:00+00:00,welcome_island,168,9.72,210,4.860,62.63,17.90,194,4.330,12.15,0.00,70.24,0,0,WELCOME ISLAND (AUT),0.0,2018-2025,2026-10-08T21:12:02+00:00
2026-10-04T04:00:00+00:00,welcome_island,168,8.64,220,5.553,56.16,18.60,198,5.748,7.40,0.00,70.24,0,0,WELCOME ISLAND (AUT),0.0,2018-2025,2026-10-08T21:12:02+00:00
2026-10-04T05:00:00+00:00,welcome_island,168,5.94,230,4.550,52.92,18.10,197,5.292,2.55,0.00,70.24,0,0,WELCOME ISLAND (AUT),0.0,2018-2025,2026-10-08T21:12:02+00:00
2026-10-04T06:00:00+00:00,welcome_island,168,4.32,270,4.320,51.30,6.50,164,-1.792,0.00,0.00,70.24,0,0,WELCOME ISLAND (AUT),0.0,2018-2025,2026-10-08T21:12:02+00:00
2026-10-04T07:00:00+00:00,welcome_island,168,7.02,270,7.019,49.68,3.60,196,0.992,0.00,0.00,70.24,0,0,WELCOME ISLAND (AUT),0.0,2018-2025,2026-10-08T21:12:02+00:00
2026-10-04T08:00:00+00:00,welcome_island,168,14.04,290,13.192,52.92,5.10,268,5.097,2.55,0.00,70.24,0,0,WELCOME ISLAND (AUT),0.0,2018-2025,2026-10-08T21:12:02+00:00
2026-10-04T09:00:00+00:00,welcome_island,168,14.58,300,12.626,60.21,6.50,280,6.401,8.35,0.00,70.24,0,0,WELCOME ISLAND (AUT),0.0,2018-2025,2026-10-08T21:12:02+00:00
2026-10-04T10:00:00+00:00,welcome_island,168,19.98,300,17.302,71.81,2.90,233,2.316,13.05,0.00,70.24,0,0,WELCOME ISLAND (AUT),0.0,2018-2025,2026-10-08T21:12:02+00:00
2026-10-04T11:00:00+00:00,welcome_island,168,23.22,310,17.786,88.28,8.00,148,-4.239,14.50,0.00,70.24,0,0,WELCOME ISLAND (AUT),0.0,2018-2025,2026-10-08T21:12:02+00:00
2026-10-04T12:00:00+00:00,welcome_island,168,18.36,290,17.251,103.94,20.00,159,-7.167,14.50,0.00,70.24,0,0,WELCOME ISLAND (AUT),0.0,2018-2025,2026-10-08T21:12:02+00:00
2026-10-04T13:00:00+00:00,welcome_island,168,18.36,300,15.899,118.25,19.90,164,-5.485,14.50,0.00,70.24,0,0,WELCOME ISLAND (AUT),0.0,2018-2025,2026-10-08T21:12:02+00:00
2026-10-04T14:00:00+00:00,welcome_island,168,21.60,300,18.705,136.61,20.40,170,-3.542,14.50,0.00,70.24,0,0,WELCOME ISLAND (AUT),0.0,2018-2025,2026-10-08T21:12:02+00:00
2026-10-04T15:00:00+00:00,welcome_island,168,18.90,310,14.477,156.86,21.10,174,-2.206,14.50,0.00,70.24,0,0,WELCOME ISLAND (AUT),0.0,2018-2025,2026-10-08T21:12:02+00:00
2026-10-04T16:00:00+00:00,welcome_island,168,21.06,310,16.132,176.84,21.80,175,-1.900,14.50,0.00,70.24,0,0,WELCOME ISLAND (AUT),0.0,2018-2025,2026-10-08T21:12:02+00:00
2026-10-04T17:00:00+00:00,welcome_island,168,21.06,300,18.237,197.89,22.60,176,-1.576,14.50,0.00,70.24,0,0,WELCOME ISLAND (AUT),0.0,2018-2025,2026-10-08T21:12:02+00:00
2026-10-04T18:00:00+00:00,welcome_island,168,20.52,310,15.718,218.68,20.40,204,8.297,14.50,0.00,70.24,0,0,WELCOME ISLAND (AUT),0.0,2018-2025,2026-10-08T21:12:02+00:00
2026-10-04T19:00:00+00:00,welcome_island,168,25.92,300,22.446,241.90,18.60,203,7.268,14.50,0.00,70.24,0,0,WELCOME ISLAND (AUT),0.0,2018-2025,2026-10-08T21:12:02+00:00
2026-10-04T20:00:00+00:00,welcome_island,168,25.38,310,19.441,267.55,16.50,198,5.099,14.50,0.00,70.24,0,0,WELCOME ISLAND (AUT),0.0,2018-2025,2026-10-08T21:12:02+00:00
2026-10-04T21:00:00+00:00,welcome_island,168,25.92,310,19.854,293.20,14.60,194,3.532,14.50,0.00,70.24,0,0,WELCOME ISLAND (AUT),0.0,2018-2025,2026-10-08T21:12:02+00:00
2026-10-04T22:00:00+00:00,welcome_island,168,22.14,310,16.959,317.22,13.40,194,3.242,14.50,0.00,70.24,1,0,WELCOME ISLAND (AUT),0.0,2018-2025,2026-10-08T21:12:02+00:00
2026-10-04T23:00:00+00:00,welcome_island,168,21.60,290,20.296,339.09,12.70,198,3.925,14.50,0.00,70.24,1,0,WELCOME ISLAND (AUT),0.0,2018-2025,2026-10-08T21:12:02+00:00
2026-10-05T00:00:00+00:00,welcome_island,168,15.12,320,9.718,349.89,22.10,301,18.943,25.55,0.00,71.84,1,0,WELCOME ISLAND (AUT),0.0,2018-2025,2026-10-08T21:12:02+00:00
2026-10-05T01:00:00+00:00,welcome_island,168,22.68,300,19.640,361.23,22.50,300,19.486,47.85,3.24,71.84,1,0,WELCOME ISLAND (AUT),0.0,2018-2025,2026-10-08T21:12:02+00:00
2026-10-05T02:00:00+00:00,welcome_island,168,19.44,300,16.834,382.29,22.90,298,20.219,70.55,6.48,71.84,1,0,WELCOME ISLAND (AUT),0.0,2018-2025,2026-10-08T21:12:02+00:00
2026-10-05T03:00:00+00:00,welcome_island,168,19.44,310,14.891,401.73,23.30,297,20.760,93.65,8.91,71.84,1,0,WELCOME ISLAND (AUT),0.0,2018-2025,2026-10-08T21:12:02+00:00
2026-10-05T04:00:00+00:00,welcome_island,168,18.90,310,14.477,420.90,23.50,299,20.554,117.05,14.58,71.84,1,0,WELCOME ISLAND (AUT),0.0,2018-2025,2026-10-08T21:12:02+00:00
2026-10-05T05:00:00+00:00,welcome_island,168,15.12,320,9.718,427.38,23.40,302,19.844,140.50,20.79,71.84,1,0,WELCOME ISLAND (AUT),0.0,2018-2025,2026-10-08T21:12:02+00:00
2026-10-05T06:00:00+00:00,welcome_island,168,10.26,310,7.859,427.38,31.50,295,28.549,167.95,27.27,71.84,1,0,WELCOME ISLAND (AUT),0.0,2018-2025,2026-10-08T21:12:02+00:00
2026-10-05T07:00:00+00:00,welcome_island,168,9.18,290,8.626,431.43,30.30,296,27.233,198.85,35.10,71.84,1,0,WELCOME ISLAND (AUT),0.0,2018-2025,2026-10-08T21:12:02+00:00
2026-10-05T08:00:00+00:00,welcome_island,168,14.58,310,11.168,432.78,28.40,297,25.305,225.65,44.28,71.84,1,0,WELCOME ISLAND (AUT),0.0,2018-2025,2026-10-08T21:12:02+00:00
2026-10-05T09:00:00+00:00,welcome_island,168,10.26,310,7.859,430.89,27.00,299,23.615,247.55,53.46,71.84,1,0,WELCOME ISLAND (AUT),0.0,2018-2025,2026-10-08T21:12:02+00:00
2026-10-05T10:00:00+00:00,welcome_island,168,9.18,300,7.949,423.33,26.70,303,22.393,269.70,62.37,71.84,1,0,WELCOME ISLAND (AUT),0.0,2018-2025,2026-10-08T21:12:02+00:00
2026-10-05T11:00:00+00:00,welcome_island,168,13.50,300,11.690,413.07,27.20,307,21.723,295.20,70.19,71.84,1,0,WELCOME ISLAND (AUT),0.0,2018-2025,2026-10-08T21:12:02+00:00
2026-10-05T12:00:00+00:00,welcome_island,168,10.26,290,9.640,404.16,14.60,329,7.520,308.80,77.21,71.84,1,0,WELCOME ISLAND (AUT),0.0,2018-2025,2026-10-08T21:12:02+00:00
2026-10-05T13:00:00+00:00,welcome_island,168,7.56,290,7.104,394.71,14.00,326,7.829,308.80,83.42,71.84,1,0,WELCOME ISLAND (AUT),0.0,2018-2025,2026-10-08T21:12:02+00:00
2026-10-05T14:00:00+00:00,welcome_island,168,5.40,280,5.318,381.21,13.20,323,7.944,308.80,87.74,71.84,1,0,WELCOME ISLAND (AUT),0.0,2018-2025,2026-10-08T21:12:02+00:00
2026-10-05T15:00:00+00:00,welcome_island,168,3.78,280,3.722,365.55,12.40,319,8.135,308.80,91.79,71.84,1,0,WELCOME ISLAND (AUT),0.0,2018-2025,2026-10-08T21:12:02+00:00
2026-10-05T16:00:00+00:00,welcome_island,168,4.32,290,4.059,349.62,11.60,312,8.620,314.60,93.95,71.84,1,1,WELCOME ISLAND (AUT),0.0,2018-2025,2026-10-08T21:12:02+00:00
2026-10-05T17:00:00+00:00,welcome_island,168,2.16,270,2.160,331.80,11.20,304,9.285,326.00,93.95,71.84,1,1,WELCOME ISLAND (AUT),0.0,2018-2025,2026-10-08T21:12:02+00:00
2026-10-05T18:00:00+00:00,welcome_island,168,4.32,330,2.160,312.10,9.40,186,0.983,331.60,93.95,71.84,1,1,WELCOME ISLAND (AUT),0.0,2018-2025,2026-10-08T21:12:02+00:00
2026-10-05T19:00:00+00:00,welcome_island,168,5.94,160,-2.031,288.88,12.70,191,2.423,331.60,93.95,71.84,0,1,WELCOME ISLAND (AUT),0.0,2018-2025,2026-10-08T21:12:02+00:00
2026-10-05T20:00:00+00:00,welcome_island,168,7.02,180,0.000,263.23,16.10,198,4.975,331.60,93.95,71.84,0,1,WELCOME ISLAND (AUT),0.0,2018-2025,2026-10-08T21:12:02+00:00
2026-10-05T21:00:00+00:00,welcome_island,168,11.88,200,4.063,237.58,18.30,202,6.855,331.60,93.95,71.84,0,1,WELCOME ISLAND (AUT),0.0,2018-2025,2026-10-08T21:12:02+00:00
2026-10-05T22:00:00+00:00,welcome_island,168,11.88,210,5.940,213.55,18.80,206,8.241,331.60,93.95,71.84,0,1,WELCOME ISLAND (AUT),0.0,2018-2025,2026-10-08T21:12:02+00:00
2026-10-05T23:00:00+00:00,welcome_island,168,11.34,210,5.670,191.68,17.80,210,8.900,331.60,93.95,71.84,0,1,WELCOME ISLAND (AUT),0.0,2018-2025,2026-10-08T21:12:02+00:00
2026-10-06T00:00:00+00:00,welcome_island,168,10.26,200,3.509,180.89,15.10,212,8.002,320.55,93.95,72.65,0,1,WELCOME ISLAND (AUT),0.0,2018-2025,2026-10-08T21:12:02+00:00
2026-10-06T01:00:00+00:00,welcome_island,168,8.10,190,1.406,169.55,13.30,219,8.370,298.25,90.71,72.65,0,0,WELCOME ISLAND (AUT),0.0,2018-2025,2026-10-08T21:12:02+00:00
2026-10-06T02:00:00+00:00,welcome_island,168,6.48,190,1.125,148.49,11.10,231,8.626,281.10,87.47,72.65,0,0,WELCOME ISLAND (AUT),0.0,2018-2025,2026-10-08T21:12:02+00:00
2026-10-06T03:00:00+00:00,welcome_island,168,5.40,180,0.000,129.05,9.20,242,8.123,268.15,85.04,72.65,0,0,WELCOME ISLAND (AUT),0.0,2018-2025,2026-10-08T21:12:02+00:00
2026-10-06T04:00:00+00:00,welcome_island,168,7.02,180,0.000,109.88,7.70,249,7.189,253.20,79.37,72.65,0,0,WELCOME ISLAND (AUT),0.0,2018-2025,2026-10-08T21:12:02+00:00
2026-10-06T05:00:00+00:00,welcome_island,168,9.18,170,-1.594,100.43,5.90,253,5.642,236.55,73.16,72.65,0,0,WELCOME ISLAND (AUT),0.0,2018-2025,2026-10-08T21:12:02+00:00
2026-10-06T06:00:00+00:00,welcome_island,168,5.94,180,0.000,95.30,4.30,342,1.329,212.05,66.68,72.65,0,0,WELCOME ISLAND (AUT),0.0,2018-2025,2026-10-08T21:12:02+00:00
2026-10-06T07:00:00+00:00,welcome_island,168,9.18,170,-1.594,85.58,4.30,330,2.150,181.15,58.86,72.65,0,0,WELCOME ISLAND (AUT),0.0,2018-2025,2026-10-08T21:12:02+00:00
2026-10-06T08:00:00+00:00,welcome_island,168,13.50,170,-2.344,73.70,4.40,319,2.887,151.80,49.68,72.65,0,0,WELCOME ISLAND (AUT),0.0,2018-2025,2026-10-08T21:12:02+00:00
2026-10-06T09:00:00+00:00,welcome_island,168,10.80,170,-1.875,61.29,4.60,310,3.524,126.40,40.50,72.65,0,0,WELCOME ISLAND (AUT),0.0,2018-2025,2026-10-08T21:12:02+00:00
2026-10-06T10:00:00+00:00,welcome_island,168,10.80,160,-3.694,51.57,4.30,306,3.479,104.00,31.59,72.65,0,0,WELCOME ISLAND (AUT),0.0,2018-2025,2026-10-08T21:12:02+00:00
2026-10-06T11:00:00+00:00,welcome_island,168,12.42,150,-6.210,40.23,3.70,302,3.138,81.05,23.76,72.65,0,0,WELCOME ISLAND (AUT),0.0,2018-2025,2026-10-08T21:12:02+00:00
2026-10-06T12:00:00+00:00,welcome_island,168,12.96,150,-6.479,28.35,16.70,201,5.985,69.30,16.74,72.65,0,0,WELCOME ISLAND (AUT),0.0,2018-2025,2026-10-08T21:12:02+00:00
2026-10-06T13:00:00+00:00,welcome_island,168,9.72,160,-3.324,19.44,17.80,200,6.088,69.30,10.53,72.65,0,0,WELCOME ISLAND (AUT),0.0,2018-2025,2026-10-08T21:12:02+00:00
2026-10-06T14:00:00+00:00,welcome_island,168,7.02,170,-1.219,12.96,19.10,197,5.584,69.30,6.21,72.65,0,0,WELCOME ISLAND (AUT),0.0,2018-2025,2026-10-08T21:12:02+00:00
2026-10-06T15:00:00+00:00,welcome_island,168,4.32,200,1.477,8.37,20.20,196,5.568,69.30,2.16,72.65,0,0,WELCOME ISLAND (AUT),0.0,2018-2025,2026-10-08T21:12:02+00:00
2026-10-06T16:00:00+00:00,welcome_island,168,4.86,210,2.430,4.32,20.70,195,5.358,63.50,0.00,72.65,0,0,WELCOME ISLAND (AUT),0.0,2018-2025,2026-10-08T21:12:02+00:00
2026-10-06T17:00:00+00:00,welcome_island,168,8.64,210,4.320,1.08,20.80,194,5.032,52.10,0.00,72.65,0,0,WELCOME ISLAND (AUT),0.0,2018-2025,2026-10-08T21:12:02+00:00
2026-10-06T18:00:00+00:00,welcome_island,168,10.26,200,3.509,0.00,25.10,205,10.608,46.50,0.00,72.65,0,0,WELCOME ISLAND (AUT),0.0,2018-2025,2026-10-08T21:12:02+00:00
2026-10-06T19:00:00+00:00,welcome_island,168,10.26,210,5.130,0.00,24.70,207,11.214,46.50,0.00,72.65,0,0,WELCOME ISLAND (AUT),0.0,2018-2025,2026-10-08T21:12:02+00:00
2026-10-06T20:00:00+00:00,welcome_island,168,11.88,210,5.940,0.00,24.10,209,11.684,46.50,0.00,72.65,0,0,WELCOME ISLAND (AUT),0.0,2018-2025,2026-10-08T21:12:02+00:00
2026-10-06T21:00:00+00:00,welcome_island,168,9.72,200,3.324,0.00,23.60,211,12.155,46.50,0.00,72.65,0,0,WELCOME ISLAND (AUT),0.0,2018-2025,2026-10-08T21:12:02+00:00
2026-10-06T22:00:00+00:00,welcome_island,168,10.26,210,5.130,0.00,23.20,212,12.294,46.50,0.00,72.65,0,0,WELCOME ISLAND (AUT),0.0,2018-2025,2026-10-08T21:12:02+00:00
2026-10-06T23:00:00+00:00,welcome_island,168,7.56,230,5.791,3.78,22.80,213,12.418,46.50,0.00,72.65,0,0,WELCOME ISLAND (AUT),0.0,2018-2025,2026-10-08T21:12:02+00:00
2026-10-07T00:00:00+00:00,welcome_island,168,8.10,280,7.976,11.61,21.60,215,12.389,46.50,0.00,74.33,0,0,WELCOME ISLAND (AUT),0.0,2018-2025,2026-10-08T21:12:02+00:00
2026-10-07T01:00:00+00:00,welcome_island,168,8.10,280,7.976,19.71,21.30,218,13.114,46.50,2.97,74.33,0,0,WELCOME ISLAND (AUT),0.0,2018-2025,2026-10-08T21:12:02+00:00
2026-10-07T02:00:00+00:00,welcome_island,168,5.94,300,5.144,26.73,20.90,219,13.153,40.95,5.94,74.33,0,0,WELCOME ISLAND (AUT),0.0,2018-2025,2026-10-08T21:12:02+00:00
2026-10-07T03:00:00+00:00,welcome_island,168,12.42,280,12.230,35.91,20.80,220,13.370,30.80,5.94,74.33,0,0,WELCOME ISLAND (AUT),0.0,2018-2025,2026-10-08T21:12:02+00:00
2026-10-07T04:00:00+00:00,welcome_island,168,10.26,270,10.259,47.25,21.90,222,14.654,22.35,5.94,74.33,0,0,WELCOME ISLAND (AUT),0.0,2018-2025,2026-10-08T21:12:02+00:00
2026-10-07T05:00:00+00:00,welcome_island,168,11.88,280,11.699,58.32,23.10,223,15.754,15.55,5.94,74.33,0,0,WELCOME ISLAND (AUT),0.0,2018-2025,2026-10-08T21:12:02+00:00
2026-10-07T06:00:00+00:00,welcome_island,168,11.88,290,11.163,70.19,22.10,212,11.711,12.60,5.94,74.33,0,0,WELCOME ISLAND (AUT),0.0,2018-2025,2026-10-08T21:12:02+00:00
2026-10-07T07:00:00+00:00,welcome_island,168,10.26,270,10.259,81.26,21.20,215,12.160,12.60,5.94,74.33,0,0,WELCOME ISLAND (AUT),0.0,2018-2025,2026-10-08T21:12:02+00:00
2026-10-07T08:00:00+00:00,welcome_island,168,14.04,290,13.192,93.41,20.40,220,13.113,12.60,5.94,74.33,0,0,WELCOME ISLAND (AUT),0.0,2018-2025,2026-10-08T21:12:02+00:00
2026-10-07T09:00:00+00:00,welcome_island,168,10.80,280,10.635,105.83,19.00,226,13.667,19.80,5.94,74.33,0,0,WELCOME ISLAND (AUT),0.0,2018-2025,2026-10-08T21:12:02+00:00
2026-10-07T10:00:00+00:00,welcome_island,168,12.42,290,11.670,117.44,16.20,232,12.766,32.95,5.94,74.33,0,0,WELCOME ISLAND (AUT),0.0,2018-2025,2026-10-08T21:12:02+00:00
2026-10-07T11:00:00+00:00,welcome_island,168,11.34,290,10.655,129.32,13.20,244,11.864,43.65,5.94,74.33,0,0,WELCOME ISLAND (AUT),0.0,2018-2025,2026-10-08T21:12:02+00:00
2026-10-07T12:00:00+00:00,welcome_island,168,9.72,290,9.133,139.85,16.70,324,9.816,48.40,5.94,74.33,0,0,WELCOME ISLAND (AUT),0.0,2018-2025,2026-10-08T21:12:02+00:00
2026-10-07T13:00:00+00:00,welcome_island,168,7.02,280,6.913,148.22,18.10,327,9.858,48.40,5.94,74.33,0,0,WELCOME ISLAND (AUT),0.0,2018-2025,2026-10-08T21:12:02+00:00
2026-10-07T14:00:00+00:00,welcome_island,168,7.56,270,7.559,155.51,17.90,325,10.267,48.40,8.37,74.33,0,0,WELCOME ISLAND (AUT),0.0,2018-2025,2026-10-08T21:12:02+00:00
2026-10-07T15:00:00+00:00,welcome_island,168,5.40,230,4.136,161.99,16.90,322,10.405,48.40,10.80,74.33,0,0,WELCOME ISLAND (AUT),0.0,2018-2025,2026-10-08T21:12:02+00:00
2026-10-07T16:00:00+00:00,welcome_island,168,9.72,300,8.417,169.55,15.80,321,9.943,48.40,10.80,74.33,0,0,WELCOME ISLAND (AUT),0.0,2018-2025,2026-10-08T21:12:02+00:00
2026-10-07T17:00:00+00:00,welcome_island,168,12.42,310,9.514,180.62,14.10,319,9.250,48.40,10.80,74.33,0,0,WELCOME ISLAND (AUT),0.0,2018-2025,2026-10-08T21:12:02+00:00
2026-10-07T18:00:00+00:00,welcome_island,168,8.64,280,8.508,191.14,11.50,306,9.304,54.15,10.80,74.33,0,0,WELCOME ISLAND (AUT),0.0,2018-2025,2026-10-08T21:12:02+00:00
2026-10-07T19:00:00+00:00,welcome_island,168,13.50,300,11.690,202.21,13.10,299,11.458,66.45,10.80,74.33,0,0,WELCOME ISLAND (AUT),0.0,2018-2025,2026-10-08T21:12:02+00:00
2026-10-07T20:00:00+00:00,welcome_island,168,24.30,310,18.613,221.11,16.20,294,14.799,81.10,10.80,74.33,0,0,WELCOME ISLAND (AUT),0.0,2018-2025,2026-10-08T21:12:02+00:00
2026-10-07T21:00:00+00:00,welcome_island,168,25.38,320,16.313,233.26,17.70,293,16.293,98.05,10.80,74.33,0,0,WELCOME ISLAND (AUT),0.0,2018-2025,2026-10-08T21:12:02+00:00
2026-10-07T22:00:00+00:00,welcome_island,168,16.74,310,12.823,241.63,15.80,295,14.320,114.80,10.80,74.33,0,0,WELCOME ISLAND (AUT),0.0,2018-2025,2026-10-08T21:12:02+00:00
2026-10-07T23:00:00+00:00,welcome_island,168,10.80,280,10.635,251.62,12.50,300,10.825,128.95,10.80,74.33,0,0,WELCOME ISLAND (AUT),0.0,2018-2025,2026-10-08T21:12:02+00:00
2026-10-08T00:00:00+00:00,welcome_island,168,11.34,280,11.167,254.86,19.40,322,11.944,135.20,10.80,78.50,0,0,WELCOME ISLAND (AUT),0.0,2018-2025,2026-10-08T21:12:02+00:00
2026-10-08T01:00:00+00:00,welcome_island,168,12.96,290,12.177,258.91,18.20,318,12.178,135.20,9.99,78.50,0,0,WELCOME ISLAND (AUT),0.0,2018-2025,2026-10-08T21:12:02+00:00
2026-10-08T02:00:00+00:00,welcome_island,168,11.34,320,7.289,258.37,15.90,309,12.357,143.15,9.18,78.50,0,0,WELCOME ISLAND (AUT),0.0,2018-2025,2026-10-08T21:12:02+00:00
2026-10-08T03:00:00+00:00,welcome_island,168,12.42,300,10.755,255.40,14.40,300,12.471,158.30,10.80,78.50,0,0,WELCOME ISLAND (AUT),0.0,2018-2025,2026-10-08T21:12:02+00:00
2026-10-08T04:00:00+00:00,welcome_island,168,9.72,280,9.572,255.13,13.50,295,12.235,172.25,12.42,78.50,0,0,WELCOME ISLAND (AUT),0.0,2018-2025,2026-10-08T21:12:02+00:00
